rec-time,UTC,Acceleration,Lateral acceleration,Gas pedal position,Brake pedal force,Gear,Steering wheel position,Velocity,Lateral velocity,Vertical velocity,X axis position,Y axis position,Z axis position
00:00:00.532,1572935794949,0.0,0.0,0.983,109.676,3.0,-0.08,0.0,0.0,0.0,0.0,0.0,-0.527
00:00:00.581,1572935794998,0.0,0.0,0.983,109.676,3.0,-0.08,0.0,0.0,0.0,0.0,0.0,-0.527
00:00:00.582,1572935794999,0.0,0.0,0.983,109.676,3.0,-0.08,0.0,0.0,0.0,0.0,0.0,-0.527
00:00:00.583,1572935795000,0.0,0.0,0.983,109.676,3.0,-0.08,0.0,0.0,0.0,0.0,0.0,-0.527
00:00:00.632,1572935795049,0.0,0.0,0.983,109.676,3.0,-0.08,0.0,0.0,0.0,0.0,0.0,-0.527
00:00:00.633,1572935795050,0.0,0.0,0.983,109.676,3.0,-0.08,0.0,0.0,0.0,0.0,0.0,-0.527
00:00:00.634,1572935795051,0.0,0.0,0.983,116.635,3.0,-0.08,0.0,0.0,0.0,0.0,0.0,-0.527
00:00:00.682,1572935795099,0.0,0.0,0.983,116.635,3.0,-0.08,0.0,0.0,0.0,0.0,0.0,-0.527
00:00:00.683,1572935795100,0.0,0.0,0.983,116.635,3.0,-0.08,0.0,0.0,0.0,0.0,0.0,-0.527
00:00:00.684,1572935795101,0.0,0.0,0.983,116.635,3.0,-0.08,0.0,0.0,0.0,0.0,0.0,-0.527
00:00:00.733,1572935795150,0.0,0.0,0.983,116.635,3.0,-0.08,0.0,0.0,0.0,0.0,0.0,-0.527
00:00:00.734,1572935795151,0.0,0.0,0.983,116.635,3.0,-0.08,0.0,0.0,0.0,0.0,0.0,-0.527
00:00:00.735,1572935795152,0.0,0.0,0.983,119.186,3.0,-0.08,0.0,0.0,0.0,0.0,0.0,-0.527
00:00:00.782,1572935795199,0.0,0.0,0.983,119.186,3.0,-0.08,0.0,0.0,0.0,0.0,0.0,-0.527
00:00:00.783,1572935795200,0.0,0.0,0.983,119.186,3.0,-0.08,0.0,0.0,0.0,0.0,0.0,-0.527
00:00:00.784,1572935795201,0.0,0.0,0.983,119.186,3.0,-0.08,0.0,0.0,0.0,0.0,0.0,-0.527
00:00:00.832,1572935795249,0.0,0.0,0.983,119.186,3.0,-0.08,0.0,0.0,0.0,0.0,0.0,-0.527
00:00:00.833,1572935795250,0.0,0.0,0.983,119.186,3.0,-0.08,0.0,0.0,0.0,0.0,0.0,-0.527
00:00:00.834,1572935795251,0.0,0.0,0.983,107.589,3.0,-0.08,0.0,0.0,0.0,0.0,0.0,-0.527
00:00:00.884,1572935795301,0.0,0.0,0.983,107.589,3.0,-0.08,0.0,0.0,0.0,0.0,0.0,-0.527
00:00:00.885,1572935795302,0.0,0.0,0.983,107.589,3.0,-0.08,0.0,0.0,0.0,0.0,0.0,-0.527
00:00:00.886,1572935795303,0.0,0.0,0.983,107.589,3.0,-0.08,0.0,0.0,0.0,0.0,0.0,-0.527
00:00:00.934,1572935795351,0.0,0.0,0.983,107.589,3.0,-0.08,0.0,0.0,0.0,0.0,0.0,-0.527
00:00:00.935,1572935795352,0.0,0.0,0.983,107.589,3.0,-0.08,0.0,0.0,0.0,0.0,0.0,-0.527
00:00:00.936,1572935795353,0.0,0.0,0.983,101.79,3.0,-0.08,0.0,0.0,0.0,0.0,0.0,-0.527
00:00:00.984,1572935795401,0.0,0.0,0.983,101.79,3.0,-0.08,0.0,0.0,0.0,0.0,0.0,-0.527
00:00:00.985,1572935795402,0.0,0.0,0.983,101.79,3.0,-0.08,0.0,0.0,0.0,0.0,0.0,-0.527
00:00:00.986,1572935795403,0.0,0.0,0.983,101.79,3.0,-0.08,0.0,0.0,0.0,0.0,0.0,-0.527
00:00:01.035,1572935795452,0.0,0.0,0.983,101.79,3.0,-0.08,0.0,0.0,0.0,0.0,0.0,-0.527
00:00:01.036,1572935795453,0.0,0.0,0.983,101.79,3.0,-0.08,0.0,0.0,0.0,0.0,0.0,-0.527
00:00:01.037,1572935795454,0.0,0.0,0.983,66.535,3.0,-0.08,0.0,0.0,0.0,0.0,0.0,-0.527
00:00:01.085,1572935795502,0.0,0.0,0.983,66.535,3.0,-0.08,0.0,0.0,0.0,0.0,0.0,-0.527
00:00:01.086,1572935795503,0.0,0.0,0.983,66.535,3.0,-0.08,0.0,0.0,0.0,0.0,0.0,-0.527
00:00:01.087,1572935795504,0.0,0.0,0.983,66.535,3.0,-0.08,0.0,0.0,0.0,0.0,0.0,-0.527
00:00:01.135,1572935795552,0.0,0.0,0.983,66.535,3.0,-0.08,0.0,0.0,0.0,0.0,0.0,-0.527
00:00:01.136,1572935795553,0.0,0.0,0.983,66.535,3.0,-0.08,0.0,0.0,0.0,0.0,0.0,-0.527
00:00:01.137,1572935795554,0.0,0.0,0.983,42.414,3.0,-0.08,0.0,0.0,0.0,0.0,0.0,-0.527
00:00:01.185,1572935795602,0.0,0.0,0.983,42.414,3.0,-0.08,0.0,0.0,0.0,0.0,0.0,-0.527
00:00:01.186,1572935795603,0.0,0.0,0.983,42.414,3.0,-0.08,0.0,0.0,0.0,0.0,0.0,-0.527
00:00:01.187,1572935795604,0.0,0.0,0.983,42.414,3.0,-0.08,0.0,0.0,0.0,0.0,0.0,-0.527
00:00:01.238,1572935795655,0.0,0.0,0.983,42.414,3.0,-0.08,0.0,0.0,0.0,0.0,0.0,-0.527
00:00:01.239,1572935795656,0.0,0.0,0.983,42.414,3.0,-0.08,0.0,0.0,0.0,0.0,0.0,-0.527
00:00:01.240,1572935795657,0.0,0.0,0.983,18.06,3.0,-0.08,0.0,0.0,0.0,0.0,0.0,-0.527
00:00:01.288,1572935795705,0.0,0.0,0.983,18.06,3.0,-0.08,0.0,0.0,0.0,0.0,0.0,-0.527
00:00:01.289,1572935795706,0.0,0.0,0.983,18.06,3.0,-0.08,0.0,0.0,0.0,0.0,0.0,-0.527
00:00:01.290,1572935795707,0.0,0.0,0.983,18.06,3.0,-0.08,0.0,0.0,0.0,0.0,0.0,-0.527
00:00:01.338,1572935795755,0.0,0.0,0.983,18.06,3.0,-0.08,0.0,0.0,0.0,0.0,0.0,-0.527
00:00:01.339,1572935795756,0.0,0.0,0.983,18.06,3.0,-0.08,0.0,0.0,0.0,0.0,0.0,-0.527
00:00:01.340,1572935795757,-0.003,-0.001,0.983,4.839,3.0,-0.08,0.0,0.0,-0.001,0.0,0.0,-0.527
00:00:01.388,1572935795805,0.15,-0.004,0.983,4.839,3.0,-0.08,0.006,0.0,-0.004,0.0,0.0,-0.527
00:00:01.389,1572935795806,0.268,-0.001,0.983,4.839,3.0,-0.08,0.011,0.0,-0.006999999999999999,0.0,0.0,-0.527
00:00:01.390,1572935795807,0.304,0.0,0.983,4.839,3.0,-0.08,0.016,0.0,-0.01,0.0,0.0,-0.527
00:00:01.438,1572935795855,0.304,-0.001,0.983,4.839,3.0,-0.08,0.021,0.0,-0.013,0.0,0.0,-0.527
00:00:01.439,1572935795856,0.271,-0.001,0.983,4.839,3.0,-0.08,0.026,0.0,-0.015,0.001,0.0,-0.527
00:00:01.440,1572935795857,0.058,-0.001,0.983,1.128,3.0,-0.08,0.023,0.0,-0.015,0.001,0.0,-0.528
00:00:01.488,1572935795905,0.14,0.0,0.983,1.128,3.0,-0.08,0.028,0.0,-0.016,0.002,0.0,-0.528
00:00:01.489,1572935795906,0.278,-0.001,0.983,1.128,3.0,-0.08,0.034,0.0,-0.017,0.002,0.0,-0.528
00:00:01.490,1572935795907,0.341,-0.001,0.983,1.128,3.0,-0.08,0.04,0.0,-0.017,0.003,0.0,-0.528
00:00:01.538,1572935795955,0.374,-0.001,0.983,1.128,3.0,-0.08,0.047,0.0,-0.017,0.003,0.0,-0.529
00:00:01.539,1572935795956,0.393,-0.001,0.983,1.128,3.0,-0.08,0.054000000000000006,0.0,-0.017,0.004,0.0,-0.529
00:00:01.540,1572935795957,0.408,-0.001,0.983,0.664,3.0,-0.08,0.061,0.0,-0.016,0.005,0.0,-0.529
00:00:01.589,1572935796006,0.423,-0.001,0.983,0.664,3.0,-0.08,0.068,0.0,-0.016,0.006,0.0,-0.53
00:00:01.590,1572935796007,0.436,-0.001,0.983,0.664,3.0,-0.08,0.075,0.0,-0.015,0.006999999999999999,0.0,-0.53
00:00:01.591,1572935796008,0.447,-0.001,0.983,0.664,3.0,-0.08,0.083,0.0,-0.014,0.009000000000000001,0.0,-0.53
00:00:01.640,1572935796057,0.458,-0.002,0.983,0.664,3.0,-0.08,0.091,0.0,-0.013,0.01,0.0,-0.53
00:00:01.641,1572935796058,0.467,-0.002,0.983,0.664,3.0,-0.08,0.099,0.0,-0.012,0.012,0.0,-0.53
00:00:01.642,1572935796059,0.477,-0.002,0.983,0.664,3.0,-0.08,0.107,0.0,-0.011,0.014,0.0,-0.531
00:00:01.643,1572935796060,0.485,-0.002,0.983,0.664,3.0,-0.08,0.115,0.0,-0.01,0.015,0.0,-0.531
00:00:01.692,1572935796109,0.493,-0.002,0.983,0.664,3.0,-0.08,0.123,0.0,-0.009000000000000001,0.017,0.0,-0.531
00:00:01.693,1572935796110,0.5,-0.002,0.983,0.664,3.0,-0.08,0.132,0.0,-0.006999999999999999,0.019,0.0,-0.531
00:00:01.694,1572935796111,0.507,-0.002,0.983,0.664,3.0,-0.08,0.14,-0.001,-0.006,0.022,0.0,-0.531
00:00:01.742,1572935796159,0.514,-0.002,0.983,0.664,3.0,-0.08,0.149,-0.001,-0.005,0.024,0.0,-0.531
00:00:01.743,1572935796160,0.52,-0.002,0.983,0.664,3.0,-0.08,0.158,-0.001,-0.005,0.027000000000000003,0.0,-0.531
00:00:01.744,1572935796161,0.525,-0.002,0.983,0.664,3.0,-0.08,0.166,-0.001,-0.004,0.029,0.0,-0.532
00:00:01.792,1572935796209,0.53,-0.002,0.983,0.664,3.0,-0.08,0.17600000000000002,-0.001,-0.003,0.032,0.0,-0.532
00:00:01.793,1572935796210,0.535,-0.002,0.983,0.664,3.0,-0.08,0.184,-0.001,-0.002,0.035,0.0,-0.532
00:00:01.794,1572935796211,0.539,-0.002,0.983,0.664,3.0,-0.08,0.193,-0.001,-0.002,0.038,0.0,-0.532
00:00:01.842,1572935796259,0.5429999999999999,-0.002,0.983,0.664,3.0,-0.08,0.203,-0.001,-0.001,0.042,0.0,-0.532
00:00:01.843,1572935796260,0.546,-0.002,0.983,0.664,3.0,-0.08,0.212,-0.001,-0.001,0.045,0.0,-0.532
00:00:01.844,1572935796261,0.5489999999999999,-0.002,0.983,0.664,3.0,-0.08,0.221,-0.001,0.0,0.049,0.0,-0.532
00:00:01.892,1572935796309,0.551,-0.002,0.983,0.664,3.0,-0.08,0.23,-0.001,0.0,0.052000000000000005,0.0,-0.532
00:00:01.893,1572935796310,0.5539999999999999,-0.002,0.983,0.664,3.0,-0.08,0.239,-0.001,0.0,0.056,0.0,-0.532
00:00:01.894,1572935796311,0.556,-0.002,0.983,0.664,3.0,-0.08,0.249,-0.001,0.001,0.06,0.0,-0.532
00:00:01.942,1572935796359,0.557,-0.002,0.983,0.664,3.0,-0.08,0.258,-0.001,0.001,0.065,0.0,-0.532
00:00:01.943,1572935796360,0.5589999999999999,-0.002,2.9610000000000003,0.664,3.0,-0.08,0.267,-0.001,0.001,0.069,0.0,-0.532
00:00:01.944,1572935796361,0.569,-0.002,2.9610000000000003,0.664,3.0,-0.08,0.277,-0.001,0.001,0.07400000000000001,0.0,-0.532
00:00:01.992,1572935796409,0.596,-0.002,2.9610000000000003,0.664,3.0,-0.08,0.287,-0.001,0.001,0.078,0.0,-0.532
00:00:01.993,1572935796410,0.639,-0.001,2.9610000000000003,0.664,3.0,-0.08,0.299,-0.001,0.002,0.083,0.0,-0.532
00:00:01.994,1572935796411,0.693,-0.001,2.9610000000000003,0.664,3.0,-0.079,0.311,-0.001,0.002,0.08800000000000001,0.0,-0.532
00:00:02.043,1572935796460,0.7490000000000001,-0.001,2.9610000000000003,0.664,3.0,-0.078,0.324,-0.001,0.002,0.094,0.0,-0.532
00:00:02.044,1572935796461,0.8029999999999999,-0.002,2.595,0.664,3.0,-0.078,0.338,-0.001,0.003,0.099,0.0,-0.532
00:00:02.045,1572935796462,0.848,-0.002,2.595,0.664,3.0,-0.077,0.353,-0.001,0.003,0.105,0.0,-0.532
00:00:02.093,1572935796510,0.883,-0.002,2.595,0.664,3.0,-0.077,0.369,-0.001,0.003,0.111,0.0,-0.532
00:00:02.094,1572935796511,0.903,-0.003,2.595,0.664,3.0,-0.077,0.383,-0.001,0.004,0.117,0.0,-0.531
00:00:02.095,1572935796512,0.916,-0.003,2.595,0.664,3.0,-0.077,0.399,-0.001,0.004,0.124,0.0,-0.531
00:00:02.143,1572935796560,0.922,-0.003,2.595,0.664,3.0,-0.076,0.415,-0.001,0.004,0.131,0.0,-0.531
00:00:02.144,1572935796561,0.923,-0.003,4.133,0.664,3.0,-0.076,0.43,-0.001,0.004,0.13699999999999998,-0.001,-0.531
00:00:02.145,1572935796562,0.931,-0.003,4.133,0.664,3.0,-0.076,0.445,-0.001,0.004,0.145,-0.001,-0.531
00:00:02.193,1572935796610,0.954,-0.003,4.133,0.664,3.0,-0.076,0.462,-0.001,0.004,0.152,-0.001,-0.531
00:00:02.194,1572935796611,0.989,-0.002,4.133,0.664,3.0,-0.076,0.479,-0.001,0.005,0.16,-0.001,-0.531
00:00:02.195,1572935796612,1.029,-0.002,4.133,0.664,3.0,-0.075,0.496,-0.001,0.005,0.168,-0.001,-0.531
00:00:02.243,1572935796660,1.067,-0.003,4.133,0.664,3.0,-0.07400000000000001,0.515,-0.001,0.005,0.177,-0.001,-0.531
00:00:02.244,1572935796661,1.104,-0.003,7.795,0.664,3.0,-0.07400000000000001,0.534,-0.002,0.005,0.185,-0.001,-0.531
00:00:02.245,1572935796662,1.164,-0.004,7.795,0.664,3.0,-0.07400000000000001,0.5539999999999999,-0.002,0.005,0.194,-0.001,-0.531
00:00:02.293,1572935796710,1.28,-0.004,7.795,0.664,3.0,-0.07400000000000001,0.579,-0.002,0.006,0.204,-0.001,-0.531
00:00:02.294,1572935796711,1.418,-0.003,7.795,0.664,3.0,-0.073,0.603,-0.002,0.006,0.214,-0.001,-0.531
00:00:02.295,1572935796712,1.579,-0.002,7.795,0.664,3.0,-0.07200000000000001,0.631,-0.002,0.006999999999999999,0.224,-0.001,-0.531
00:00:02.344,1572935796761,1.74,-0.002,7.795,0.664,3.0,-0.071,0.664,-0.002,0.008,0.235,-0.001,-0.531
00:00:02.345,1572935796762,1.862,-0.002,8.967,0.664,3.0,-0.07,0.695,-0.002,0.008,0.246,-0.001,-0.531
00:00:02.346,1572935796763,1.975,-0.003,8.967,0.664,3.0,-0.07,0.7290000000000001,-0.002,0.009000000000000001,0.258,-0.001,-0.531
00:00:02.395,1572935796812,2.086,-0.004,8.967,0.664,3.0,-0.069,0.768,-0.002,0.011,0.271,-0.001,-0.53
00:00:02.396,1572935796813,2.173,-0.004,8.967,0.664,3.0,-0.068,0.8029999999999999,-0.002,0.011,0.28300000000000003,-0.001,-0.53
00:00:02.397,1572935796814,2.253,-0.005,8.967,0.664,3.0,-0.068,0.8440000000000001,-0.002,0.013,0.298,-0.001,-0.53
00:00:02.446,1572935796863,2.309,-0.005,8.967,0.664,3.0,-0.067,0.883,-0.002,0.013,0.312,-0.001,-0.53
00:00:02.447,1572935796864,2.343,-0.006,8.967,0.664,3.0,-0.067,0.92,-0.002,0.014,0.327,-0.001,-0.53
00:00:02.448,1572935796865,2.363,-0.006,8.967,0.664,3.0,-0.066,0.959,-0.002,0.015,0.342,-0.001,-0.53
00:00:02.496,1572935796913,2.371,-0.006,8.967,0.664,3.0,-0.066,1.001,-0.002,0.016,0.36,-0.001,-0.53
00:00:02.497,1572935796914,2.369,-0.005,8.967,0.664,3.0,-0.066,1.038,-0.002,0.016,0.375,-0.001,-0.53
00:00:02.498,1572935796915,2.362,-0.005,8.967,0.664,3.0,-0.065,1.078,-0.002,0.016,0.393,-0.001,-0.53
00:00:02.546,1572935796963,2.352,-0.005,8.967,0.664,3.0,-0.064,1.117,-0.002,0.017,0.411,-0.001,-0.53
00:00:02.547,1572935796964,2.341,-0.004,9.48,0.664,3.0,-0.063,1.156,-0.002,0.017,0.43,-0.001,-0.529
00:00:02.548,1572935796965,2.335,-0.003,9.48,0.664,3.0,-0.062,1.197,-0.002,0.017,0.451,-0.001,-0.529
00:00:02.596,1572935797013,2.338,-0.002,9.48,0.664,3.0,-0.06,1.233,-0.002,0.016,0.47,-0.001,-0.529
00:00:02.597,1572935797014,2.3480000000000003,-0.001,9.48,0.664,3.0,-0.058,1.275,-0.002,0.016,0.4920000000000001,-0.002,-0.529
00:00:02.598,1572935797015,2.357,0.001,9.48,0.664,3.0,-0.056,1.3119999999999998,-0.002,0.016,0.513,-0.002,-0.529
00:00:02.646,1572935797063,2.366,0.003,9.48,0.664,3.0,-0.054000000000000006,1.354,-0.002,0.015,0.536,-0.002,-0.529
00:00:02.647,1572935797064,2.37,0.005,10.139,0.664,3.0,-0.052000000000000005,1.391,-0.002,0.015,0.5579999999999999,-0.002,-0.529
00:00:02.648,1572935797065,2.377,0.006999999999999999,10.139,0.664,3.0,-0.05,1.431,-0.002,0.014,0.581,-0.002,-0.529
00:00:02.696,1572935797113,2.392,0.009000000000000001,10.139,0.664,3.0,-0.047,1.474,-0.002,0.014,0.607,-0.002,-0.53
00:00:02.697,1572935797114,2.4090000000000003,0.011,10.139,0.664,3.0,-0.045,1.514,-0.001,0.014,0.632,-0.002,-0.53
00:00:02.698,1572935797115,2.422,0.013,10.139,0.664,3.0,-0.043,1.5519999999999998,-0.001,0.014,0.6559999999999999,-0.002,-0.53
00:00:02.752,1572935797169,2.431,0.015,10.139,0.664,3.0,-0.041,1.595,-0.001,0.014,0.684,-0.002,-0.53
00:00:02.753,1572935797170,2.4330000000000003,0.016,12.117,0.664,3.0,-0.04,1.636,-0.001,0.015,0.711,-0.002,-0.53
00:00:02.754,1572935797171,2.442,0.017,12.117,0.664,3.0,-0.038,1.6769999999999998,0.0,0.015,0.738,-0.002,-0.53
00:00:02.801,1572935797218,2.469,0.017,12.117,0.664,3.0,-0.037000000000000005,1.7180000000000002,0.0,0.016,0.7659999999999999,-0.002,-0.53
00:00:02.802,1572935797219,2.503,0.016,12.117,0.664,3.0,-0.036000000000000004,1.758,0.0,0.017,0.794,-0.002,-0.53
00:00:02.803,1572935797220,2.539,0.015,12.117,0.664,3.0,-0.035,1.801,0.0,0.018000000000000002,0.823,-0.002,-0.53
00:00:02.847,1572935797264,2.569,0.013,12.117,0.664,3.0,-0.034,1.846,0.001,0.019,0.855,-0.002,-0.53
00:00:02.848,1572935797265,2.588,0.012,16.951,0.664,3.0,-0.033,1.887,0.001,0.02,0.885,-0.002,-0.53
00:00:02.849,1572935797266,2.636,0.01,16.951,0.664,3.0,-0.032,1.932,0.001,0.021,0.916,-0.002,-0.53
00:00:02.897,1572935797314,2.749,0.006999999999999999,16.951,0.664,3.0,-0.031,1.983,0.001,0.023,0.951,-0.002,-0.531
00:00:02.898,1572935797315,2.8960000000000004,0.004,16.951,0.664,3.0,-0.03,2.033,0.001,0.024,0.985,-0.002,-0.531
00:00:02.899,1572935797316,3.042,0.002,16.951,0.664,3.0,-0.029,2.083,0.001,0.026,1.017,-0.002,-0.531
00:00:02.947,1572935797364,3.182,0.0,16.951,0.664,3.0,-0.028,2.137,0.001,0.028,1.052,-0.002,-0.531
00:00:02.948,1572935797365,3.292,-0.003,19.295,0.664,3.0,-0.027000000000000003,2.194,0.001,0.03,1.088,-0.002,-0.53
00:00:02.949,1572935797366,3.401,-0.005,19.295,0.664,3.0,-0.027000000000000003,2.255,0.001,0.033,1.127,-0.002,-0.53
00:00:02.997,1572935797414,3.515,-0.006999999999999999,19.295,0.664,3.0,-0.026,2.316,0.0,0.036000000000000004,1.166,-0.002,-0.53
00:00:02.998,1572935797415,3.62,-0.009000000000000001,19.295,0.664,3.0,-0.025,2.374,0.0,0.039,1.202,-0.002,-0.53
00:00:02.999,1572935797416,3.711,-0.011,19.295,0.664,3.0,-0.024,2.437,0.0,0.042,1.242,-0.002,-0.53
00:00:03.047,1572935797464,3.772,-0.013,19.295,0.664,3.0,-0.024,2.504,0.0,0.046,1.286,-0.002,-0.53
00:00:03.048,1572935797465,3.795,-0.015,20.32,0.664,3.0,-0.023,2.563,0.0,0.049,1.3259999999999998,-0.002,-0.53
00:00:03.049,1572935797466,3.8,-0.016,20.32,0.664,3.0,-0.023,2.627,-0.001,0.052000000000000005,1.369,-0.002,-0.53
00:00:03.098,1572935797515,3.801,-0.017,20.32,0.664,3.0,-0.022,2.694,-0.001,0.056,1.416,-0.002,-0.529
00:00:03.099,1572935797516,3.798,-0.018000000000000002,20.32,0.664,3.0,-0.021,2.757,-0.001,0.059,1.461,-0.003,-0.529
00:00:03.100,1572935797517,3.789,-0.017,20.32,0.664,3.0,-0.02,2.82,-0.001,0.062,1.508,-0.003,-0.529
00:00:03.153,1572935797570,3.773,-0.017,20.32,0.664,3.0,-0.02,2.883,-0.002,0.064,1.555,-0.003,-0.529
00:00:03.154,1572935797571,3.752,-0.016,21.638,0.664,3.0,-0.019,2.9410000000000003,-0.002,0.067,1.601,-0.003,-0.529
00:00:03.155,1572935797572,3.728,-0.015,21.638,0.664,3.0,-0.018000000000000002,3.003,-0.002,0.069,1.65,-0.003,-0.529
00:00:03.199,1572935797616,3.705,-0.014,21.638,0.664,3.0,-0.018000000000000002,3.068,-0.002,0.071,1.704,-0.003,-0.528
00:00:03.200,1572935797617,3.684,-0.013,21.638,0.664,3.0,-0.018000000000000002,3.125,-0.002,0.07200000000000001,1.753,-0.003,-0.528
00:00:03.201,1572935797618,3.66,-0.012,21.638,0.664,3.0,-0.018000000000000002,3.1860000000000004,-0.002,0.073,1.805,-0.003,-0.528
00:00:03.249,1572935797666,3.631,-0.012,21.638,0.664,3.0,-0.018000000000000002,3.25,-0.003,0.07400000000000001,1.862,-0.003,-0.528
00:00:03.250,1572935797667,3.6010000000000004,-0.011,22.151,0.664,3.0,-0.018000000000000002,3.309,-0.003,0.075,1.917,-0.003,-0.528
00:00:03.254,1572935797671,3.574,-0.01,22.151,0.664,3.0,-0.018000000000000002,3.365,-0.003,0.075,1.969,-0.003,-0.528
00:00:03.301,1572935797718,3.547,-0.01,22.151,0.664,3.0,-0.018000000000000002,3.423,-0.003,0.075,2.026,-0.003,-0.528
00:00:03.302,1572935797719,3.52,-0.009000000000000001,22.151,0.664,3.0,-0.018000000000000002,3.485,-0.003,0.075,2.087,-0.004,-0.528
00:00:03.303,1572935797720,3.4960000000000004,-0.008,22.151,0.664,3.0,-0.018000000000000002,3.543,-0.003,0.07400000000000001,2.145,-0.004,-0.528
00:00:03.351,1572935797768,3.474,-0.006999999999999999,22.151,0.664,3.0,-0.018000000000000002,3.597,-0.003,0.07400000000000001,2.201,-0.004,-0.528
00:00:03.352,1572935797769,3.451,-0.006999999999999999,22.44400000000001,0.664,3.0,-0.018000000000000002,3.654,-0.003,0.07400000000000001,2.262,-0.004,-0.528
00:00:03.353,1572935797770,3.426,-0.006,22.44400000000001,0.664,3.0,-0.018000000000000002,3.715,-0.003,0.07400000000000001,2.327,-0.004,-0.528
00:00:03.405,1572935797822,3.404,-0.005,22.44400000000001,0.664,3.0,-0.018000000000000002,3.771,-0.003,0.07400000000000001,2.389,-0.004,-0.528
00:00:03.406,1572935797823,3.383,-0.005,22.44400000000001,0.664,3.0,-0.018000000000000002,3.824,-0.003,0.075,2.449,-0.004,-0.529
00:00:03.407,1572935797824,3.361,-0.005,22.44400000000001,0.664,3.0,-0.018000000000000002,3.88,-0.003,0.076,2.513,-0.004,-0.529
00:00:03.452,1572935797869,3.337,-0.005,22.44400000000001,0.664,3.0,-0.018000000000000002,3.938,-0.003,0.077,2.582,-0.005,-0.529
00:00:03.453,1572935797870,3.313,-0.005,22.664,0.664,3.0,-0.018000000000000002,3.993,-0.003,0.078,2.648,-0.005,-0.529
00:00:03.454,1572935797871,3.29,-0.004,22.664,0.664,3.0,-0.018000000000000002,4.048,-0.003,0.079,2.715,-0.005,-0.529
00:00:03.503,1572935797920,3.267,-0.004,22.664,0.664,3.0,-0.018000000000000002,4.102,-0.003,0.08,2.783,-0.005,-0.529
00:00:03.504,1572935797921,3.247,-0.004,22.664,0.664,3.0,-0.018000000000000002,4.152,-0.003,0.081,2.8480000000000003,-0.005,-0.529
00:00:03.505,1572935797922,3.2230000000000003,-0.004,22.664,0.664,3.0,-0.018000000000000002,4.209,-0.003,0.08199999999999999,2.922,-0.005,-0.529
00:00:03.554,1572935797971,3.202,-0.004,22.664,0.664,3.0,-0.017,4.262,-0.002,0.083,2.992,-0.005,-0.529
00:00:03.555,1572935797972,3.18,-0.004,23.103,0.664,3.0,-0.017,4.315,-0.002,0.083,3.064,-0.006,-0.529
00:00:03.556,1572935797973,3.161,-0.004,23.103,0.664,3.0,-0.017,4.367,-0.002,0.084,3.136,-0.006,-0.529
00:00:03.604,1572935798021,3.143,-0.004,23.103,0.664,3.0,-0.017,4.42,-0.002,0.084,3.209,-0.006,-0.529
00:00:03.605,1572935798022,3.1260000000000003,-0.004,23.103,0.664,3.0,-0.017,4.472,-0.002,0.085,3.283,-0.006,-0.529
00:00:03.606,1572935798023,3.11,-0.005,23.103,0.664,3.0,-0.017,4.523,-0.002,0.085,3.358,-0.006,-0.529
00:00:03.654,1572935798071,3.093,-0.005,23.103,0.664,3.0,-0.017,4.574,-0.002,0.085,3.434,-0.006,-0.529
00:00:03.655,1572935798072,3.074,-0.006,23.103,0.664,3.0,-0.017,4.625,-0.002,0.085,3.511,-0.006999999999999999,-0.529
00:00:03.656,1572935798073,3.056,-0.006999999999999999,23.103,0.664,3.0,-0.017,4.673,-0.002,0.085,3.584,-0.006999999999999999,-0.529
00:00:03.704,1572935798121,3.034,-0.009000000000000001,23.103,0.664,3.0,-0.017,4.73,-0.002,0.084,3.672,-0.006999999999999999,-0.529
00:00:03.705,1572935798122,3.015,-0.01,23.103,0.664,3.0,-0.017,4.776,-0.002,0.084,3.746,-0.006999999999999999,-0.529
00:00:03.706,1572935798123,2.995,-0.011,23.103,0.664,3.0,-0.017,4.8260000000000005,-0.003,0.083,3.826,-0.006999999999999999,-0.528
00:00:03.754,1572935798171,2.9730000000000003,-0.013,23.103,0.664,3.0,-0.017,4.878,-0.003,0.08199999999999999,3.912,-0.006999999999999999,-0.528
00:00:03.755,1572935798172,2.951,-0.013,23.982,0.664,3.0,-0.017,4.924,-0.003,0.08199999999999999,3.989,-0.008,-0.528
00:00:03.756,1572935798173,2.931,-0.014,23.982,0.664,3.0,-0.017,4.973,-0.003,0.081,4.0710000000000015,-0.008,-0.528
00:00:03.804,1572935798221,2.915,-0.014,23.982,0.664,3.0,-0.016,5.024,-0.003,0.08,4.16,-0.008,-0.528
00:00:03.805,1572935798222,2.904,-0.014,23.982,0.664,3.0,-0.016,5.07,-0.003,0.079,4.239,-0.008,-0.528
00:00:03.806,1572935798223,2.893,-0.014,23.982,0.664,3.0,-0.016,5.118,-0.003,0.079,4.323,-0.008,-0.528
00:00:03.855,1572935798272,2.882,-0.014,23.982,0.664,3.0,-0.016,5.166,-0.003,0.078,4.409,-0.009000000000000001,-0.528
00:00:03.856,1572935798273,2.869,-0.014,24.275,0.664,3.0,-0.015,5.212999999999999,-0.003,0.077,4.496,-0.009000000000000001,-0.528
00:00:03.857,1572935798274,2.855,-0.013,24.275,0.664,3.0,-0.015,5.261,-0.003,0.077,4.583,-0.009000000000000001,-0.528
00:00:03.907,1572935798324,2.842,-0.013,24.275,0.664,3.0,-0.015,5.308,-0.003,0.076,4.671,-0.009000000000000001,-0.528
00:00:03.908,1572935798325,2.829,-0.013,24.275,0.664,3.0,-0.015,5.355,-0.003,0.076,4.76,-0.01,-0.528
00:00:03.909,1572935798326,2.815,-0.013,24.275,0.664,3.0,-0.015,5.401,-0.003,0.075,4.849,-0.01,-0.528
00:00:03.957,1572935798374,2.801,-0.013,24.275,0.664,3.0,-0.015,5.448,-0.003,0.075,4.94,-0.01,-0.529
00:00:03.958,1572935798375,2.786,-0.013,24.788,0.664,3.0,-0.015,5.4910000000000005,-0.003,0.075,5.025,-0.01,-0.529
00:00:03.959,1572935798376,2.773,-0.013,24.788,0.664,3.0,-0.014,5.537000000000001,-0.003,0.075,5.117,-0.011,-0.529
00:00:04.007,1572935798424,2.762,-0.014,24.788,0.664,3.0,-0.014,5.5829999999999975,-0.003,0.075,5.21,-0.011,-0.529
00:00:04.008,1572935798425,2.753,-0.014,24.788,0.664,3.0,-0.014,5.629,-0.003,0.075,5.303,-0.011,-0.529
00:00:04.009,1572935798426,2.744,-0.014,24.788,0.664,3.0,-0.014,5.675,-0.003,0.075,5.398,-0.011,-0.529
00:00:04.057,1572935798474,2.732,-0.014,24.788,0.664,3.0,-0.014,5.723,-0.003,0.076,5.499,-0.012,-0.529
00:00:04.058,1572935798475,2.721,-0.014,24.788,0.664,3.0,-0.014,5.765,-0.003,0.076,5.587999999999999,-0.012,-0.529
00:00:04.059,1572935798476,2.707,-0.014,24.788,0.664,3.0,-0.014,5.81,-0.003,0.077,5.685,-0.012,-0.529
00:00:04.107,1572935798524,2.692,-0.014,24.788,0.664,3.0,-0.014,5.858,-0.003,0.078,5.7879999999999985,-0.013,-0.529
00:00:04.108,1572935798525,2.677,-0.014,24.788,0.664,3.0,-0.014,5.899,-0.003,0.078,5.88,-0.013,-0.53
00:00:04.109,1572935798526,2.662,-0.014,24.788,0.664,3.0,-0.014,5.943,-0.003,0.079,5.979,-0.013,-0.53
00:00:04.158,1572935798575,2.6460000000000004,-0.014,24.788,0.664,3.0,-0.014,5.987,-0.003,0.08,6.0779999999999985,-0.014,-0.53
00:00:04.159,1572935798576,2.632,-0.014,24.788,0.664,3.0,-0.014,6.028,-0.003,0.081,6.1720000000000015,-0.014,-0.53
00:00:04.160,1572935798577,2.617,-0.014,24.788,0.664,3.0,-0.014,6.072,-0.003,0.081,6.273,-0.014,-0.53
00:00:04.161,1572935798578,2.603,-0.014,24.788,0.664,3.0,-0.014,6.115,-0.003,0.08199999999999999,6.374,-0.015,-0.53
00:00:04.207,1572935798624,2.588,-0.014,24.788,0.664,3.0,-0.013,6.158,-0.003,0.083,6.477,-0.015,-0.53
00:00:04.208,1572935798625,2.574,-0.014,24.788,0.664,3.0,-0.013,6.2,-0.003,0.083,6.58,-0.015,-0.53
00:00:04.209,1572935798626,2.56,-0.014,24.788,0.664,3.0,-0.013,6.2429999999999986,-0.003,0.084,6.683,-0.016,-0.53
00:00:04.257,1572935798674,2.546,-0.015,24.934,0.664,3.0,-0.013,6.285,-0.003,0.085,6.7879999999999985,-0.016,-0.53
00:00:04.258,1572935798675,2.5340000000000003,-0.015,24.934,0.664,3.0,-0.013,6.327000000000001,-0.003,0.085,6.893,-0.016,-0.53
00:00:04.259,1572935798676,2.523,-0.015,24.934,0.664,3.0,-0.013,6.369,-0.003,0.086,6.999,-0.017,-0.53
00:00:04.308,1572935798725,2.514,-0.015,24.934,0.664,3.0,-0.013,6.4110000000000005,-0.003,0.086,7.105,-0.017,-0.53
00:00:04.309,1572935798726,2.505,-0.015,24.934,0.664,3.0,-0.013,6.4529999999999985,-0.003,0.087,7.2120000000000015,-0.017,-0.53
00:00:04.310,1572935798727,2.496,-0.016,24.934,0.664,3.0,-0.013,6.497000000000001,-0.003,0.087,7.327000000000001,-0.018000000000000002,-0.53
00:00:04.362,1572935798779,2.485,-0.016,25.154,1.128,3.0,-0.012,6.535,-0.003,0.087,7.4289999999999985,-0.018000000000000002,-0.53
00:00:04.363,1572935798780,2.47,-0.016,25.154,1.128,3.0,-0.012,6.5760000000000005,-0.003,0.08800000000000001,7.5379999999999985,-0.019,-0.53
00:00:04.364,1572935798781,2.459,-0.016,25.154,1.128,3.0,-0.012,6.62,-0.003,0.08800000000000001,7.655,-0.019,-0.53
00:00:04.409,1572935798826,2.451,-0.016,25.154,1.128,3.0,-0.012,6.658,-0.003,0.08800000000000001,7.758999999999999,-0.02,-0.53
00:00:04.410,1572935798827,2.444,-0.016,25.154,1.128,3.0,-0.012,6.698,-0.003,0.08800000000000001,7.87,-0.02,-0.53
00:00:04.411,1572935798828,2.436,-0.017,25.154,1.128,3.0,-0.012,6.742000000000001,-0.003,0.08900000000000001,7.989,-0.02,-0.53
00:00:04.461,1572935798878,2.4290000000000003,-0.017,25.301,0.664,3.0,-0.012,6.779,-0.003,0.08900000000000001,8.095,-0.021,-0.53
00:00:04.462,1572935798879,2.426,-0.017,25.301,0.664,3.0,-0.012,6.82,-0.003,0.08900000000000001,8.208,-0.021,-0.53
00:00:04.463,1572935798880,2.419,-0.017,25.301,0.664,3.0,-0.012,6.86,-0.003,0.08900000000000001,8.322000000000001,-0.022,-0.53
00:00:04.509,1572935798926,2.406,-0.017,25.301,0.664,3.0,-0.012,6.9,-0.003,0.08800000000000001,8.437000000000001,-0.022,-0.53
00:00:04.510,1572935798927,2.391,-0.017,25.301,0.664,3.0,-0.011,6.94,-0.003,0.08800000000000001,8.552,-0.023,-0.53
00:00:04.511,1572935798928,2.379,-0.017,25.301,0.664,3.0,-0.011,6.979,-0.003,0.08800000000000001,8.668,-0.023,-0.53
00:00:04.559,1572935798976,2.37,-0.017,25.447,0.664,3.0,-0.011,7.018,-0.003,0.08800000000000001,8.785,-0.024,-0.53
00:00:04.560,1572935798977,2.365,-0.017,25.447,0.664,3.0,-0.011,7.058,-0.003,0.087,8.902000000000003,-0.024,-0.53
00:00:04.561,1572935798978,2.363,-0.018000000000000002,25.447,0.664,3.0,-0.011,7.097,-0.003,0.087,9.02,-0.025,-0.53
00:00:04.610,1572935799027,2.363,-0.018000000000000002,25.447,0.664,3.0,-0.011,7.1370000000000005,-0.003,0.087,9.139,-0.025,-0.53
00:00:04.611,1572935799028,2.363,-0.018000000000000002,25.447,0.664,3.0,-0.011,7.176,-0.003,0.087,9.258,-0.026,-0.53
00:00:04.612,1572935799029,2.362,-0.018000000000000002,25.447,0.664,3.0,-0.011,7.215,-0.003,0.086,9.378,-0.026,-0.53
00:00:04.660,1572935799077,2.36,-0.018000000000000002,25.301,0.664,3.0,-0.011,7.255,-0.003,0.086,9.498,-0.027000000000000003,-0.53
00:00:04.661,1572935799078,2.355,-0.018000000000000002,25.301,0.664,3.0,-0.01,7.294,-0.003,0.086,9.62,-0.027000000000000003,-0.53
00:00:04.662,1572935799079,2.349,-0.018000000000000002,25.301,0.664,3.0,-0.01,7.335,-0.003,0.086,9.749,-0.028,-0.53
00:00:04.710,1572935799127,2.342,-0.018000000000000002,25.301,0.664,3.0,-0.01,7.372000000000001,-0.003,0.086,9.864,-0.028,-0.53
00:00:04.711,1572935799128,2.336,-0.018000000000000002,25.301,0.664,3.0,-0.01,7.411,-0.003,0.085,9.987,-0.029,-0.53
00:00:04.712,1572935799129,2.33,-0.018000000000000002,25.301,0.664,3.0,-0.01,7.452000000000001,-0.003,0.085,10.119,-0.029,-0.53
00:00:04.760,1572935799177,2.326,-0.018000000000000002,25.301,0.664,3.0,-0.01,7.487999999999999,-0.003,0.085,10.236,-0.03,-0.53
00:00:04.761,1572935799178,2.323,-0.019,25.301,0.664,3.0,-0.01,7.527,-0.003,0.085,10.361,-0.031,-0.53
00:00:04.762,1572935799179,2.319,-0.019,25.301,0.664,3.0,-0.01,7.568,-0.003,0.085,10.494000000000002,-0.031,-0.53
00:00:04.810,1572935799227,2.316,-0.019,25.301,0.664,3.0,-0.01,7.604,-0.003,0.085,10.613,-0.032,-0.53
00:00:04.811,1572935799228,2.313,-0.019,25.301,0.664,3.0,-0.009000000000000001,7.643,-0.003,0.085,10.74,-0.032,-0.53
00:00:04.812,1572935799229,2.31,-0.019,25.301,0.664,3.0,-0.009000000000000001,7.681,-0.003,0.086,10.868,-0.033,-0.53
00:00:04.860,1572935799277,2.307,-0.019,25.447,0.664,3.0,-0.009000000000000001,7.7189999999999985,-0.003,0.086,10.996,-0.034,-0.53
00:00:04.861,1572935799278,2.3040000000000003,-0.019,25.447,0.664,3.0,-0.009000000000000001,7.757999999999999,-0.003,0.086,11.125,-0.034,-0.53
00:00:04.862,1572935799279,2.302,-0.019,25.447,0.664,3.0,-0.009000000000000001,7.796,-0.003,0.087,11.255,-0.035,-0.53
00:00:04.911,1572935799328,2.302,-0.02,25.447,0.664,3.0,-0.009000000000000001,7.835,-0.003,0.087,11.385,-0.036000000000000004,-0.53
00:00:04.912,1572935799329,2.301,-0.02,25.447,0.664,3.0,-0.009000000000000001,7.872999999999997,-0.003,0.08800000000000001,11.515999999999998,-0.036000000000000004,-0.53
00:00:04.913,1572935799330,2.3,-0.02,25.447,0.664,3.0,-0.009000000000000001,7.911,-0.003,0.08800000000000001,11.647,-0.037000000000000005,-0.53
00:00:04.961,1572935799378,2.299,-0.02,25.301,0.664,3.0,-0.009000000000000001,7.947,-0.003,0.08900000000000001,11.771,-0.037000000000000005,-0.53
00:00:04.962,1572935799379,2.296,-0.02,25.301,0.664,3.0,-0.008,7.985,-0.003,0.08900000000000001,11.904000000000002,-0.038,-0.53
00:00:04.963,1572935799380,2.292,-0.02,25.301,0.664,3.0,-0.008,8.026,-0.003,0.09,12.046,-0.039,-0.53
00:00:05.012,1572935799429,2.287,-0.02,25.301,0.664,3.0,-0.008,8.061,-0.003,0.09,12.171,-0.04,-0.53
00:00:05.013,1572935799430,2.282,-0.02,25.301,0.664,3.0,-0.008,8.099,-0.003,0.091,12.306,-0.04,-0.53
00:00:05.014,1572935799431,2.276,-0.02,25.301,0.664,3.0,-0.008,8.14,-0.003,0.091,12.45,-0.041,-0.53
00:00:05.063,1572935799480,2.268,-0.02,25.301,0.664,3.0,-0.008,8.175,-0.003,0.092,12.577,-0.042,-0.53
00:00:05.064,1572935799481,2.258,-0.02,25.301,0.664,3.0,-0.008,8.212,-0.003,0.092,12.714,-0.042,-0.53
00:00:05.065,1572935799482,2.249,-0.02,25.301,0.664,3.0,-0.008,8.252,-0.003,0.093,12.86,-0.043,-0.53
00:00:05.113,1572935799530,2.244,-0.02,25.301,0.664,3.0,-0.006999999999999999,8.287,-0.003,0.093,12.989,-0.044,-0.531
00:00:05.114,1572935799531,2.242,-0.019,25.301,0.664,3.0,-0.006999999999999999,8.325,-0.003,0.094,13.127,-0.045,-0.531
00:00:05.115,1572935799532,2.24,-0.017,25.301,0.664,3.0,-0.006999999999999999,8.362,-0.003,0.094,13.265999999999998,-0.045,-0.531
00:00:05.163,1572935799580,2.238,-0.016,25.447,0.664,3.0,-0.006,8.399,-0.003,0.094,13.406,-0.046,-0.531
00:00:05.164,1572935799581,2.237,-0.014,25.447,0.664,3.0,-0.006,8.436,-0.003,0.095,13.546,-0.047,-0.531
00:00:05.165,1572935799582,2.237,-0.013,25.447,0.664,3.0,-0.006,8.474,-0.003,0.095,13.687,-0.048,-0.531
00:00:05.213,1572935799630,2.238,-0.011,25.447,0.664,3.0,-0.006,8.511000000000001,-0.003,0.096,13.829,-0.049,-0.531
00:00:05.214,1572935799631,2.238,-0.01,25.447,0.664,3.0,-0.006,8.548,-0.002,0.096,13.970999999999998,-0.049,-0.531
00:00:05.215,1572935799632,2.236,-0.01,25.447,0.664,3.0,-0.006,8.585,-0.002,0.096,14.114,-0.05,-0.531
00:00:05.263,1572935799680,2.231,-0.01,25.447,1.128,3.0,-0.006,8.623,-0.002,0.097,14.257,-0.051,-0.531
00:00:05.264,1572935799681,2.222,-0.01,25.447,1.128,3.0,-0.006,8.658999999999999,-0.002,0.097,14.401,-0.052000000000000005,-0.531
00:00:05.265,1572935799682,2.219,-0.01,25.447,1.128,3.0,-0.006,8.697000000000001,-0.002,0.097,14.546,-0.053,-0.531
00:00:05.313,1572935799730,2.264,-0.011,25.447,1.128,3.0,-0.006,8.735,-0.002,0.098,14.691,-0.053,-0.531
00:00:05.314,1572935799731,2.364,-0.011,25.447,1.128,3.0,-0.006,8.776,-0.002,0.098,14.837,-0.054000000000000006,-0.531
00:00:05.315,1572935799732,2.463,-0.012,25.447,1.128,3.0,-0.006,8.821,-0.002,0.099,14.993,-0.055,-0.531
00:00:05.364,1572935799781,2.502,-0.012,25.301,0.664,3.0,-0.006,8.86,-0.002,0.1,15.130999999999998,-0.056,-0.531
00:00:05.365,1572935799782,2.488,-0.012,25.301,0.664,3.0,-0.005,8.901,-0.002,0.101,15.279000000000002,-0.057,-0.53
00:00:05.366,1572935799783,2.419,-0.012,25.301,0.664,3.0,-0.005,8.943,-0.002,0.102,15.437,-0.058,-0.53
00:00:05.417,1572935799834,2.336,-0.012,25.301,0.664,3.0,-0.005,8.978,-0.002,0.103,15.577,-0.059,-0.53
00:00:05.418,1572935799835,2.249,-0.012,25.301,0.664,3.0,-0.005,9.014,-0.002,0.104,15.727,-0.06,-0.53
00:00:05.419,1572935799836,2.172,-0.011,25.301,0.664,3.0,-0.005,9.052,-0.002,0.104,15.887,-0.06,-0.53
00:00:05.465,1572935799882,2.119,-0.01,25.447,0.664,3.0,-0.005,9.084,-0.002,0.104,16.029,-0.061,-0.53
00:00:05.466,1572935799883,2.07,-0.008,25.447,0.664,3.0,-0.004,9.118,-0.002,0.104,16.18,-0.062,-0.53
00:00:05.467,1572935799884,2.025,-0.005,25.447,0.664,3.0,-0.003,9.151,-0.001,0.104,16.333,-0.063,-0.53
00:00:05.516,1572935799933,1.984,-0.002,25.447,0.664,3.0,-0.003,9.184,-0.001,0.103,16.485,-0.064,-0.53
00:00:05.517,1572935799934,1.949,0.002,25.447,0.664,3.0,-0.002,9.216,-0.001,0.103,16.639,-0.065,-0.53
00:00:05.518,1572935799935,1.918,0.006,25.447,0.664,3.0,-0.002,9.248,-0.001,0.102,16.793,-0.066,-0.53
00:00:05.566,1572935799983,1.893,0.01,25.447,0.664,3.0,-0.001,9.279,0.0,0.101,16.947,-0.067,-0.53
00:00:05.567,1572935799984,1.87,0.014,25.447,0.664,3.0,-0.001,9.31,0.0,0.101,17.102,-0.068,-0.53
00:00:05.568,1572935799985,1.849,0.018000000000000002,25.447,0.664,3.0,-0.001,9.34,0.0,0.1,17.257,-0.069,-0.53
00:00:05.617,1572935800034,1.83,0.021,25.447,0.664,3.0,-0.001,9.371,0.001,0.099,17.413,-0.069,-0.53
00:00:05.618,1572935800035,1.812,0.023,25.447,0.664,3.0,-0.001,9.4,0.001,0.098,17.57,-0.07,-0.53
00:00:05.619,1572935800036,1.794,0.025,25.447,0.664,3.0,-0.001,9.432,0.002,0.097,17.737000000000005,-0.071,-0.53
00:00:05.667,1572935800084,1.778,0.026,25.447,0.664,3.0,-0.002,9.46,0.002,0.096,17.884,-0.07200000000000001,-0.53
00:00:05.668,1572935800085,1.761,0.026,25.447,0.664,3.0,-0.002,9.489,0.002,0.094,18.042,-0.073,-0.53
00:00:05.669,1572935800086,1.744,0.026,25.447,0.664,3.0,-0.002,9.519,0.002,0.093,18.21,-0.07400000000000001,-0.53
00:00:05.718,1572935800135,1.73,0.025,25.447,0.664,3.0,-0.002,9.546,0.002,0.092,18.359,-0.075,-0.53
00:00:05.719,1572935800136,1.716,0.024,25.447,0.664,3.0,-0.003,9.575,0.002,0.09,18.519,-0.076,-0.53
00:00:05.720,1572935800137,1.703,0.023,25.447,0.664,3.0,-0.003,9.605,0.002,0.08800000000000001,18.688,-0.077,-0.53
00:00:05.768,1572935800185,1.6909999999999998,0.022,25.447,1.128,3.0,-0.003,9.631,0.002,0.087,18.839,-0.077,-0.53
00:00:05.769,1572935800186,1.6740000000000002,0.022,25.447,1.128,3.0,-0.003,9.659,0.002,0.085,18.999,-0.078,-0.53
00:00:05.770,1572935800187,1.66,0.021,25.447,1.128,3.0,-0.003,9.686,0.002,0.084,19.161,-0.079,-0.53
00:00:05.818,1572935800235,1.649,0.021,25.447,1.128,3.0,-0.003,9.713,0.002,0.08199999999999999,19.322,-0.08,-0.53
00:00:05.819,1572935800236,1.639,0.022,25.447,1.128,3.0,-0.003,9.741,0.002,0.08,19.484,-0.081,-0.53
00:00:05.820,1572935800237,1.629,0.022,25.447,1.128,3.0,-0.003,9.768,0.002,0.079,19.647,-0.08199999999999999,-0.53
00:00:05.868,1572935800285,1.621,0.023,25.447,0.664,3.0,-0.003,9.795,0.002,0.077,19.81,-0.083,-0.53
00:00:05.869,1572935800286,1.619,0.023,25.447,0.664,3.0,-0.003,9.822,0.002,0.076,19.974,-0.083,-0.53
00:00:05.870,1572935800287,1.614,0.024,25.447,0.664,3.0,-0.002,9.848,0.002,0.07400000000000001,20.137,-0.084,-0.53
00:00:05.918,1572935800335,1.607,0.024,25.447,0.664,3.0,-0.002,9.875,0.002,0.073,20.302,-0.085,-0.53
00:00:05.919,1572935800336,1.6,0.025,25.447,0.664,3.0,-0.002,9.902,0.002,0.071,20.467,-0.086,-0.53
00:00:05.920,1572935800337,1.5930000000000002,0.025,25.447,0.664,3.0,-0.002,9.928,0.002,0.07,20.632,-0.087,-0.53
00:00:05.968,1572935800385,1.586,0.025,25.447,0.664,3.0,-0.002,9.955,0.002,0.069,20.798,-0.08800000000000001,-0.53
00:00:05.969,1572935800386,1.579,0.025,25.447,0.664,3.0,-0.002,9.981,0.002,0.068,20.964,-0.08800000000000001,-0.53
00:00:05.970,1572935800387,1.5719999999999998,0.025,25.447,0.664,3.0,-0.002,10.009,0.002,0.067,21.141,-0.08900000000000001,-0.53
00:00:06.018,1572935800435,1.5659999999999998,0.024,25.447,0.664,3.0,-0.002,10.033,0.002,0.066,21.297,-0.09,-0.53
00:00:06.019,1572935800436,1.56,0.024,25.447,0.664,3.0,-0.002,10.059,0.002,0.065,21.465,-0.091,-0.53
00:00:06.020,1572935800437,1.554,0.024,25.447,0.664,3.0,-0.002,10.086,0.002,0.064,21.643,-0.092,-0.53
00:00:06.069,1572935800486,1.548,0.025,25.447,0.664,3.0,-0.002,10.11,0.003,0.064,21.801,-0.092,-0.53
00:00:06.070,1572935800487,1.543,0.026,25.447,0.664,3.0,-0.001,10.136,0.003,0.064,21.97,-0.093,-0.53
00:00:06.071,1572935800488,1.537,0.027000000000000003,25.447,0.664,3.0,-0.001,10.163,0.003,0.064,22.149,-0.094,-0.53
00:00:06.119,1572935800536,1.533,0.028,25.447,0.664,3.0,-0.001,10.187,0.003,0.064,22.308000000000003,-0.095,-0.53
00:00:06.120,1572935800537,1.528,0.03,25.447,0.664,3.0,-0.001,10.212,0.003,0.064,22.478,-0.095,-0.531
00:00:06.121,1572935800538,1.525,0.031,25.447,0.664,3.0,-0.001,10.225,0.003,0.064,22.563,-0.096,-0.531
00:00:06.170,1572935800587,1.521,0.033,25.447,0.664,3.0,0.0,10.25,0.003,0.064,22.734,-0.097,-0.531
00:00:06.171,1572935800588,1.516,0.035,25.447,0.664,3.0,0.0,10.276,0.003,0.065,22.905,-0.097,-0.531
00:00:06.172,1572935800589,1.511,0.038,25.447,0.664,3.0,0.0,10.300999999999998,0.003,0.065,23.077,-0.098,-0.531
00:00:06.221,1572935800638,1.507,0.039,25.447,0.664,3.0,0.0,10.326,0.003,0.065,23.248,-0.099,-0.531
00:00:06.222,1572935800639,1.503,0.041,25.447,0.664,3.0,-0.001,10.351,0.004,0.066,23.421,-0.1,-0.531
00:00:06.223,1572935800640,1.499,0.042,25.447,0.664,3.0,-0.001,10.376,0.004,0.066,23.594,-0.1,-0.531
00:00:06.271,1572935800688,1.495,0.042,25.667,0.664,3.0,-0.001,10.401,0.004,0.067,23.767,-0.101,-0.531
00:00:06.272,1572935800689,1.491,0.042,25.667,0.664,3.0,-0.001,10.425,0.004,0.067,23.94,-0.102,-0.531
00:00:06.273,1572935800690,1.4880000000000002,0.042,25.667,0.664,3.0,-0.001,10.452,0.004,0.067,24.125,-0.102,-0.531
00:00:06.321,1572935800738,1.486,0.041,25.667,0.664,3.0,-0.001,10.475,0.004,0.068,24.289,-0.103,-0.531
00:00:06.322,1572935800739,1.485,0.04,25.667,0.664,3.0,-0.002,10.5,0.004,0.068,24.463,-0.104,-0.531
00:00:06.323,1572935800740,1.483,0.039,25.667,0.664,3.0,-0.002,10.526,0.004,0.069,24.649,-0.104,-0.531
00:00:06.371,1572935800788,1.481,0.038,25.667,0.664,3.0,-0.002,10.549,0.004,0.069,24.814,-0.105,-0.531
00:00:06.372,1572935800789,1.4780000000000002,0.038,25.667,0.664,3.0,-0.002,10.574000000000002,0.004,0.069,24.99,-0.106,-0.531
00:00:06.373,1572935800790,1.475,0.037000000000000005,25.667,0.664,3.0,-0.002,10.6,0.003,0.07,25.178,-0.106,-0.531
00:00:06.421,1572935800838,1.472,0.036000000000000004,25.667,0.664,3.0,-0.002,10.623,0.003,0.07,25.343000000000004,-0.107,-0.531
00:00:06.422,1572935800839,1.469,0.036000000000000004,25.667,0.664,3.0,-0.002,10.647,0.003,0.07,25.521,-0.107,-0.531
00:00:06.423,1572935800840,1.465,0.036000000000000004,25.667,0.664,3.0,-0.002,10.671,0.003,0.07,25.698,-0.108,-0.531
00:00:06.472,1572935800889,1.462,0.036000000000000004,25.813,0.664,3.0,-0.002,10.696,0.003,0.07,25.876,-0.109,-0.531
00:00:06.473,1572935800890,1.4580000000000002,0.036000000000000004,25.813,0.664,3.0,-0.002,10.72,0.003,0.071,26.055,-0.109,-0.531
00:00:06.474,1572935800891,1.456,0.036000000000000004,25.813,0.664,3.0,-0.002,10.744000000000002,0.003,0.071,26.234,-0.11,-0.531
00:00:06.522,1572935800939,1.454,0.036000000000000004,25.813,0.664,3.0,-0.002,10.768,0.003,0.071,26.413,-0.11,-0.531
00:00:06.523,1572935800940,1.452,0.036000000000000004,25.813,0.664,3.0,-0.002,10.793,0.003,0.071,26.593000000000004,-0.111,-0.531
00:00:06.524,1572935800941,1.45,0.036000000000000004,25.813,0.664,3.0,-0.002,10.817,0.003,0.071,26.773000000000003,-0.112,-0.531
00:00:06.574,1572935800991,1.4480000000000002,0.036000000000000004,25.813,0.664,3.0,-0.002,10.841,0.003,0.071,26.95300000000001,-0.112,-0.531
00:00:06.575,1572935800992,1.446,0.036000000000000004,25.813,0.664,3.0,-0.002,10.865,0.003,0.071,27.134,-0.113,-0.531
00:00:06.576,1572935800993,1.443,0.035,25.813,0.664,3.0,-0.002,10.889,0.003,0.071,27.315,-0.113,-0.531
00:00:06.577,1572935800994,1.44,0.035,25.813,0.664,3.0,-0.002,10.913,0.003,0.071,27.497,-0.114,-0.531
00:00:06.624,1572935801041,1.4380000000000002,0.034,25.813,0.664,3.0,-0.002,10.937,0.003,0.071,27.679,-0.114,-0.531
00:00:06.625,1572935801042,1.4340000000000002,0.033,25.813,0.664,3.0,-0.002,10.962,0.003,0.07,27.873,-0.115,-0.531
00:00:06.626,1572935801043,1.432,0.032,25.813,0.664,3.0,-0.002,10.984000000000002,0.003,0.07,28.045,-0.115,-0.531
00:00:06.674,1572935801091,1.429,0.031,25.813,0.664,3.0,-0.002,11.008,0.003,0.07,28.228,-0.116,-0.531
00:00:06.675,1572935801092,1.426,0.031,25.813,0.664,3.0,-0.002,11.033,0.003,0.07,28.423,-0.116,-0.531
00:00:06.676,1572935801093,1.423,0.03,25.813,0.664,3.0,-0.002,11.057,0.003,0.07,28.607,-0.117,-0.531
00:00:06.724,1572935801141,1.42,0.03,25.813,0.664,3.0,-0.002,11.079,0.003,0.069,28.78,-0.117,-0.531
00:00:06.725,1572935801142,1.4169999999999998,0.03,25.813,0.664,3.0,-0.002,11.104,0.002,0.069,28.976,-0.118,-0.531
00:00:06.726,1572935801143,1.415,0.029,25.96,0.664,3.0,-0.002,11.126,0.002,0.069,29.15,-0.118,-0.531
00:00:06.774,1572935801191,1.41,0.028,25.96,0.664,3.0,-0.002,11.175,0.002,0.069,29.533,-0.119,-0.531
00:00:06.775,1572935801192,1.409,0.028,25.96,0.664,3.0,-0.002,11.197,0.002,0.068,29.708,-0.119,-0.531
00:00:06.824,1572935801241,1.4069999999999998,0.027000000000000003,25.96,0.664,3.0,-0.002,11.22,0.002,0.068,29.895,-0.12,-0.531
00:00:06.825,1572935801242,1.406,0.027000000000000003,25.96,0.664,3.0,-0.002,11.244000000000002,0.002,0.068,30.082,-0.12,-0.531
00:00:06.826,1572935801243,1.404,0.027000000000000003,26.472,0.664,3.0,-0.002,11.268,0.002,0.068,30.282,-0.121,-0.531
00:00:06.876,1572935801293,1.403,0.026,26.472,0.664,3.0,-0.003,11.29,0.002,0.068,30.458,-0.121,-0.531
00:00:06.877,1572935801294,1.403,0.025,26.472,0.664,3.0,-0.003,11.314,0.002,0.068,30.646,-0.121,-0.531
00:00:06.878,1572935801295,1.405,0.025,26.472,0.664,3.0,-0.003,11.337,0.002,0.067,30.835,-0.122,-0.531
00:00:06.926,1572935801343,1.4069999999999998,0.024,26.472,0.664,3.0,-0.003,11.362,0.002,0.067,31.036,-0.122,-0.531
00:00:06.927,1572935801344,1.41,0.024,26.472,0.664,3.0,-0.003,11.386,0.002,0.067,31.225,-0.123,-0.531
00:00:06.928,1572935801345,1.411,0.023,26.472,1.128,3.0,-0.003,11.408,0.002,0.067,31.404,-0.123,-0.531
00:00:06.977,1572935801394,1.4069999999999998,0.023,26.472,1.128,3.0,-0.003,11.431,0.002,0.067,31.594,-0.123,-0.531
00:00:06.978,1572935801395,1.4,0.022,26.472,1.128,3.0,-0.003,11.456,0.002,0.067,31.796,-0.124,-0.531
00:00:06.979,1572935801396,1.396,0.022,26.472,1.128,3.0,-0.003,11.478,0.002,0.068,31.976,-0.124,-0.531
00:00:07.027,1572935801444,1.394,0.023,26.472,1.128,3.0,-0.003,11.494000000000002,0.002,0.068,32.107,-0.124,-0.531
00:00:07.028,1572935801445,1.391,0.024,26.472,1.128,3.0,-0.002,11.518,0.002,0.068,32.311,-0.125,-0.531
00:00:07.029,1572935801446,1.388,0.026,26.472,1.128,3.0,-0.002,11.541,0.002,0.068,32.503,-0.125,-0.531
00:00:07.077,1572935801494,1.3869999999999998,0.028,26.985,0.664,3.0,-0.002,11.563,0.002,0.068,32.684,-0.125,-0.531
00:00:07.078,1572935801495,1.392,0.031,26.985,0.664,3.0,-0.001,11.586,0.002,0.068,32.876999999999995,-0.126,-0.531
00:00:07.079,1572935801496,1.3969999999999998,0.033,26.985,0.664,3.0,-0.001,11.61,0.002,0.068,33.07,-0.126,-0.531
00:00:07.127,1572935801544,1.401,0.036000000000000004,26.985,0.664,3.0,-0.001,11.633,0.002,0.068,33.264,-0.126,-0.531
00:00:07.128,1572935801545,1.405,0.038,26.985,0.664,3.0,-0.001,11.656,0.002,0.069,33.458,-0.126,-0.531
00:00:07.129,1572935801546,1.4069999999999998,0.04,26.985,0.664,3.0,-0.001,11.68,0.003,0.069,33.652,-0.127,-0.531
00:00:07.177,1572935801594,1.4069999999999998,0.041,27.278,0.664,3.0,-0.002,11.703,0.003,0.069,33.847,-0.127,-0.531
00:00:07.178,1572935801595,1.408,0.041,27.278,0.664,3.0,-0.002,11.728,0.003,0.069,34.054,-0.127,-0.531
00:00:07.179,1572935801596,1.408,0.041,27.278,0.664,3.0,-0.002,11.75,0.003,0.07,34.238,-0.128,-0.531
00:00:07.228,1572935801645,1.409,0.041,27.278,0.664,3.0,-0.002,11.774,0.003,0.07,34.434,-0.128,-0.531
00:00:07.229,1572935801646,1.409,0.04,27.278,0.664,3.0,-0.003,11.797,0.003,0.07,34.63,-0.128,-0.531
00:00:07.230,1572935801647,1.409,0.04,27.278,0.664,3.0,-0.003,11.822,0.003,0.07,34.839,-0.128,-0.531
00:00:07.279,1572935801696,1.408,0.039,27.644,0.664,3.0,-0.003,11.845999999999998,0.003,0.071,35.037,-0.129,-0.531
00:00:07.280,1572935801697,1.408,0.038,27.644,0.664,3.0,-0.003,11.869000000000002,0.003,0.071,35.234,-0.129,-0.531
00:00:07.281,1572935801698,1.408,0.038,27.644,0.664,3.0,-0.004,11.890999999999998,0.003,0.071,35.42,-0.129,-0.531
00:00:07.330,1572935801747,1.41,0.037000000000000005,27.644,0.664,3.0,-0.004,11.916,0.003,0.07200000000000001,35.631,-0.129,-0.532
00:00:07.331,1572935801748,1.411,0.036000000000000004,27.644,0.664,3.0,-0.004,11.94,0.002,0.07200000000000001,35.83,-0.129,-0.532
00:00:07.332,1572935801749,1.412,0.035,27.644,0.664,3.0,-0.004,11.962,0.002,0.07200000000000001,36.016,-0.129,-0.532
00:00:07.380,1572935801797,1.412,0.034,27.791,0.664,3.0,-0.004,11.985,0.002,0.07200000000000001,36.216,-0.13,-0.532
00:00:07.381,1572935801798,1.411,0.033,27.791,0.664,3.0,-0.004,12.01,0.002,0.073,36.428,-0.13,-0.532
00:00:07.382,1572935801799,1.41,0.032,27.791,0.664,3.0,-0.005,12.034,0.002,0.073,36.629,-0.13,-0.532
00:00:07.430,1572935801847,1.41,0.031,27.791,0.664,3.0,-0.005,12.056,0.002,0.073,36.817,-0.13,-0.532
00:00:07.431,1572935801848,1.409,0.031,27.791,0.664,3.0,-0.005,12.079,0.002,0.073,37.018,-0.13,-0.532
00:00:07.432,1572935801849,1.4069999999999998,0.03,27.791,0.664,3.0,-0.005,12.104,0.001,0.073,37.232,-0.13,-0.532
00:00:07.480,1572935801897,1.406,0.03,29.109,0.664,3.0,-0.004,12.127,0.001,0.07400000000000001,37.434,-0.13,-0.532
00:00:07.481,1572935801898,1.409,0.029,29.109,0.664,3.0,-0.004,12.15,0.001,0.07400000000000001,37.624,-0.13,-0.532
00:00:07.482,1572935801899,1.4169999999999998,0.029,29.109,0.664,3.0,-0.004,12.173,0.001,0.07400000000000001,37.826,-0.131,-0.532
00:00:07.535,1572935801952,1.429,0.029,29.109,0.664,3.0,-0.004,12.197,0.001,0.07400000000000001,38.03,-0.131,-0.532
00:00:07.536,1572935801953,1.4409999999999998,0.029,29.109,0.664,3.0,-0.004,12.223,0.001,0.07400000000000001,38.246,-0.131,-0.532
00:00:07.537,1572935801954,1.449,0.028,29.109,0.664,3.0,-0.004,12.246,0.001,0.075,38.437,-0.131,-0.532
00:00:07.584,1572935802001,1.455,0.028,29.988000000000003,0.664,3.0,-0.004,12.27,0.001,0.075,38.641,-0.131,-0.532
00:00:07.585,1572935802002,1.459,0.028,29.988000000000003,0.664,3.0,-0.004,12.296,0.001,0.075,38.859,-0.131,-0.532
00:00:07.586,1572935802003,1.466,0.028,29.988000000000003,0.664,3.0,-0.004,12.32,0.001,0.076,39.064,-0.131,-0.532
00:00:07.631,1572935802048,1.472,0.027000000000000003,29.988000000000003,0.664,3.0,-0.004,12.345,0.001,0.076,39.269,-0.131,-0.532
00:00:07.632,1572935802049,1.4780000000000002,0.027000000000000003,29.988000000000003,0.664,3.0,-0.004,12.37,0.001,0.077,39.475,-0.131,-0.531
00:00:07.633,1572935802050,1.482,0.027000000000000003,29.988000000000003,0.664,3.0,-0.004,12.393,0.001,0.077,39.669,-0.131,-0.531
00:00:07.682,1572935802099,1.483,0.026,29.988000000000003,0.664,3.0,-0.004,12.419,0.001,0.078,39.889,-0.131,-0.531
00:00:07.683,1572935802100,1.483,0.026,29.988000000000003,0.664,3.0,-0.004,12.444,0.001,0.079,40.096,-0.131,-0.531
00:00:07.684,1572935802101,1.481,0.025,29.988000000000003,0.664,3.0,-0.004,12.467,0.001,0.079,40.29,-0.131,-0.531
00:00:07.732,1572935802149,1.4780000000000002,0.024,29.988000000000003,0.664,3.0,-0.004,12.492,0.001,0.08,40.49800000000001,-0.131,-0.531
00:00:07.733,1572935802150,1.475,0.024,29.988000000000003,0.664,3.0,-0.004,12.518,0.001,0.08,40.72,-0.131,-0.531
00:00:07.734,1572935802151,1.472,0.024,29.988000000000003,0.664,3.0,-0.004,12.542,0.001,0.081,40.929,-0.131,-0.531
00:00:07.782,1572935802199,1.469,0.023,30.135,0.664,3.0,-0.004,12.565,0.001,0.081,41.125,-0.131,-0.531
00:00:07.783,1572935802200,1.467,0.023,30.135,0.664,3.0,-0.004,12.591,0.001,0.08199999999999999,41.348,-0.131,-0.531
00:00:07.784,1572935802201,1.465,0.022,30.135,0.664,3.0,-0.004,12.615,0.001,0.08199999999999999,41.558,-0.131,-0.531
00:00:07.832,1572935802249,1.463,0.021,30.135,0.664,3.0,-0.004,12.64,0.001,0.08199999999999999,41.768,-0.131,-0.531
00:00:07.833,1572935802250,1.462,0.021,30.135,0.664,3.0,-0.004,12.663,0.001,0.083,41.966,-0.131,-0.531
00:00:07.834,1572935802251,1.461,0.02,30.135,0.664,3.0,-0.004,12.687,0.001,0.083,42.177,-0.131,-0.531
00:00:07.882,1572935802299,1.459,0.019,30.281,0.664,3.0,-0.004,12.713,0.001,0.083,42.402,-0.131,-0.531
00:00:07.883,1572935802300,1.457,0.019,30.281,0.664,3.0,-0.004,12.737,0.001,0.083,42.614,-0.131,-0.531
00:00:07.884,1572935802301,1.456,0.018000000000000002,30.281,0.664,3.0,-0.004,12.761,0.001,0.083,42.826,-0.131,-0.531
00:00:07.932,1572935802349,1.454,0.017,30.281,0.664,3.0,-0.004,12.785,0.001,0.083,43.039,-0.13,-0.531
00:00:07.933,1572935802350,1.453,0.016,30.281,0.664,3.0,-0.004,12.81,0.001,0.083,43.253,-0.13,-0.531
00:00:07.934,1572935802351,1.4509999999999998,0.015,30.281,0.664,3.0,-0.004,12.834,0.001,0.083,43.466,-0.13,-0.531
00:00:07.983,1572935802400,1.449,0.014,30.281,0.664,3.0,-0.004,12.858,0.0,0.083,43.68,-0.13,-0.531
00:00:07.984,1572935802401,1.4469999999999998,0.014,30.281,0.664,3.0,-0.004,12.882,0.0,0.083,43.895,-0.13,-0.531
00:00:07.985,1572935802402,1.445,0.013,30.281,0.664,3.0,-0.004,12.906,0.0,0.083,44.11,-0.13,-0.531
00:00:08.036,1572935802453,1.444,0.013,30.281,0.664,3.0,-0.004,12.93,0.0,0.083,44.325,-0.13,-0.531
00:00:08.037,1572935802454,1.442,0.013,30.281,0.664,3.0,-0.004,12.954,0.0,0.083,44.541,-0.13,-0.531
00:00:08.038,1572935802455,1.44,0.013,30.281,0.664,3.0,-0.004,12.978,0.0,0.083,44.757,-0.13,-0.532
00:00:08.085,1572935802502,1.4380000000000002,0.013,30.501,0.664,3.0,-0.004,13.002,0.0,0.083,44.973,-0.13,-0.532
00:00:08.086,1572935802503,1.436,0.013,30.501,0.664,3.0,-0.004,13.026,0.0,0.083,45.19,-0.13,-0.532
00:00:08.087,1572935802504,1.435,0.013,30.501,0.664,3.0,-0.004,13.05,0.0,0.083,45.408,-0.129,-0.532
00:00:08.135,1572935802552,1.433,0.013,30.501,0.664,3.0,-0.004,13.074000000000002,0.0,0.083,45.625,-0.129,-0.532
00:00:08.136,1572935802553,1.432,0.013,30.501,0.664,3.0,-0.004,13.098,0.0,0.083,45.843,-0.129,-0.532
00:00:08.137,1572935802554,1.43,0.013,30.501,0.664,3.0,-0.003,13.121,0.0,0.083,46.062,-0.129,-0.532
00:00:08.185,1572935802602,1.429,0.012,30.647,0.664,3.0,-0.003,13.145,0.0,0.083,46.28100000000001,-0.129,-0.532
00:00:08.186,1572935802603,1.4269999999999998,0.012,30.647,0.664,3.0,-0.003,13.169,0.0,0.083,46.5,-0.129,-0.532
00:00:08.187,1572935802604,1.4240000000000002,0.012,30.647,0.664,3.0,-0.003,13.193,0.0,0.083,46.72,-0.129,-0.532
00:00:08.235,1572935802652,1.421,0.012,30.647,0.664,3.0,-0.003,13.216,0.0,0.08199999999999999,46.94,-0.128,-0.532
00:00:08.236,1572935802653,1.419,0.012,30.647,0.664,3.0,-0.003,13.24,0.0,0.08199999999999999,47.16,-0.128,-0.532
00:00:08.237,1572935802654,1.4169999999999998,0.012,30.647,0.664,3.0,-0.003,13.263,0.0,0.08199999999999999,47.381,-0.128,-0.532
00:00:08.285,1572935802702,1.415,0.011,30.647,0.664,3.0,-0.003,13.287,0.0,0.08199999999999999,47.602,-0.128,-0.532
00:00:08.286,1572935802703,1.414,0.011,30.647,0.664,3.0,-0.003,13.311,0.0,0.08199999999999999,47.824,-0.128,-0.532
00:00:08.287,1572935802704,1.414,0.011,30.647,0.664,3.0,-0.003,13.334,0.0,0.08199999999999999,48.04600000000001,-0.128,-0.532
00:00:08.335,1572935802752,1.413,0.011,30.647,0.664,3.0,-0.003,13.358,0.0,0.08199999999999999,48.269,-0.128,-0.532
00:00:08.336,1572935802753,1.411,0.011,30.647,0.664,3.0,-0.003,13.383,0.0,0.08199999999999999,48.505,-0.127,-0.532
00:00:08.337,1572935802754,1.41,0.012,30.647,0.664,3.0,-0.003,13.405,0.0,0.08199999999999999,48.715,-0.127,-0.532
00:00:08.385,1572935802802,1.409,0.012,30.647,0.664,3.0,-0.003,13.428,0.0,0.08199999999999999,48.938,-0.127,-0.532
00:00:08.386,1572935802803,1.408,0.012,30.647,0.664,3.0,-0.003,13.452,0.0,0.08199999999999999,49.162,-0.127,-0.532
00:00:08.387,1572935802804,1.406,0.012,30.647,0.664,3.0,-0.003,13.475,0.0,0.08199999999999999,49.387,-0.127,-0.532
00:00:08.437,1572935802854,1.405,0.012,30.647,0.664,3.0,-0.003,13.498,0.0,0.08199999999999999,49.611,-0.126,-0.532
00:00:08.438,1572935802855,1.404,0.012,30.647,0.664,3.0,-0.003,13.522,0.0,0.08199999999999999,49.837,-0.126,-0.532
00:00:08.439,1572935802856,1.404,0.012,30.647,0.664,3.0,-0.003,13.545,0.0,0.08199999999999999,50.062,-0.126,-0.532
00:00:08.487,1572935802904,1.403,0.012,30.647,0.664,3.0,-0.003,13.569,0.0,0.08199999999999999,50.288,-0.126,-0.532
00:00:08.488,1572935802905,1.402,0.012,30.647,0.664,3.0,-0.003,13.592,0.0,0.08199999999999999,50.514,-0.126,-0.532
00:00:08.489,1572935802906,1.402,0.012,30.647,0.664,3.0,-0.003,13.615,0.0,0.08199999999999999,50.74100000000001,-0.125,-0.532
00:00:08.537,1572935802954,1.401,0.012,30.647,0.664,3.0,-0.003,13.639,0.0,0.08199999999999999,50.968,-0.125,-0.532
00:00:08.538,1572935802955,1.401,0.012,30.647,0.664,3.0,-0.003,13.662,0.0,0.08199999999999999,51.19600000000001,-0.125,-0.532
00:00:08.539,1572935802956,1.4,0.012,30.647,0.664,3.0,-0.003,13.685,0.0,0.08199999999999999,51.424,-0.125,-0.532
00:00:08.587,1572935803004,1.4,0.012,30.794,0.664,3.0,-0.003,13.709,0.0,0.08199999999999999,51.652,-0.125,-0.532
00:00:08.588,1572935803005,1.399,0.012,30.794,0.664,3.0,-0.003,13.732,0.0,0.08199999999999999,51.881,-0.124,-0.532
00:00:08.589,1572935803006,1.399,0.011,30.794,0.664,3.0,-0.003,13.755,0.0,0.08199999999999999,52.11,-0.124,-0.532
00:00:08.637,1572935803054,1.399,0.011,30.794,0.664,3.0,-0.003,13.779000000000002,0.0,0.08199999999999999,52.339,-0.124,-0.532
00:00:08.638,1572935803055,1.399,0.01,30.794,0.664,3.0,-0.003,13.803,0.0,0.08199999999999999,52.583,-0.124,-0.532
00:00:08.639,1572935803056,1.398,0.01,30.794,0.664,3.0,-0.003,13.825,0.0,0.08199999999999999,52.799,-0.124,-0.532
00:00:08.687,1572935803104,1.398,0.009000000000000001,30.647,0.664,3.0,-0.003,13.848,0.0,0.08199999999999999,53.03,-0.123,-0.532
00:00:08.688,1572935803105,1.3969999999999998,0.008,30.647,0.664,3.0,-0.003,13.873,0.0,0.083,53.275,-0.123,-0.532
00:00:08.689,1572935803106,1.396,0.006,30.647,0.664,3.0,-0.003,13.895,0.0,0.083,53.492,-0.123,-0.532
00:00:08.740,1572935803157,1.395,0.004,30.647,0.664,3.0,-0.003,13.918,0.0,0.083,53.724,-0.123,-0.532
00:00:08.741,1572935803158,1.394,0.001,30.647,0.664,3.0,-0.004,13.941,0.0,0.083,53.956,-0.122,-0.532
00:00:08.742,1572935803159,1.393,-0.002,30.647,0.664,3.0,-0.004,13.965,-0.001,0.083,54.18899999999999,-0.122,-0.532
00:00:08.789,1572935803206,1.393,-0.006,30.647,0.664,3.0,-0.004,13.988,-0.001,0.083,54.422,-0.122,-0.532
00:00:08.790,1572935803207,1.392,-0.01,30.647,0.664,3.0,-0.004,14.011,-0.001,0.083,54.655,-0.122,-0.532
00:00:08.791,1572935803208,1.392,-0.015,30.647,0.664,3.0,-0.004,14.034,-0.001,0.084,54.889,-0.121,-0.532
00:00:08.840,1572935803257,1.391,-0.02,30.647,0.664,3.0,-0.004,14.057,-0.002,0.084,55.12300000000001,-0.121,-0.532
00:00:08.841,1572935803258,1.391,-0.025,30.647,0.664,3.0,-0.004,14.081,-0.002,0.084,55.357,-0.121,-0.532
00:00:08.842,1572935803259,1.39,-0.029,30.647,0.664,3.0,-0.004,14.104,-0.002,0.084,55.592,-0.121,-0.532
00:00:08.890,1572935803307,1.39,-0.033,30.794,0.664,3.0,-0.004,14.127,-0.002,0.084,55.827,-0.12,-0.532
00:00:08.891,1572935803308,1.389,-0.037000000000000005,30.794,0.664,3.0,-0.003,14.15,-0.003,0.084,56.063,-0.12,-0.532
00:00:08.892,1572935803309,1.389,-0.041,30.794,0.664,3.0,-0.003,14.175,-0.003,0.085,56.31399999999999,-0.12,-0.532
00:00:08.940,1572935803357,1.389,-0.043,30.794,0.664,3.0,-0.002,14.196,-0.003,0.085,56.536,-0.12,-0.532
00:00:08.941,1572935803358,1.389,-0.044,30.794,0.664,3.0,-0.001,14.219,-0.003,0.085,56.772,-0.12,-0.532
00:00:08.942,1572935803359,1.388,-0.045,30.794,0.664,3.0,-0.001,14.243,-0.003,0.085,57.01,-0.12,-0.532
00:00:08.990,1572935803407,1.388,-0.046,30.794,0.664,3.0,0.0,14.265999999999998,-0.003,0.085,57.247,-0.119,-0.532
00:00:08.991,1572935803408,1.3869999999999998,-0.046,30.794,0.664,3.0,0.001,14.289,-0.003,0.085,57.485,-0.119,-0.532
00:00:08.992,1572935803409,1.386,-0.046,30.794,0.664,3.0,0.001,14.312,-0.003,0.085,57.723,-0.119,-0.532
00:00:08.993,1572935803410,1.386,-0.046,30.794,0.664,3.0,0.002,14.335,-0.002,0.085,57.962,-0.119,-0.532
00:00:09.041,1572935803458,1.385,-0.046,30.794,0.664,3.0,0.002,14.358,-0.002,0.085,58.201,-0.119,-0.532
00:00:09.042,1572935803459,1.385,-0.047,30.794,0.664,3.0,0.003,14.380999999999998,-0.002,0.085,58.441,-0.119,-0.532
00:00:09.043,1572935803460,1.384,-0.048,30.794,0.664,3.0,0.003,14.404000000000002,-0.002,0.086,58.681,-0.119,-0.532
00:00:09.092,1572935803509,1.383,-0.049,30.794,0.664,3.0,0.004,14.427,-0.001,0.086,58.92100000000001,-0.119,-0.532
00:00:09.093,1572935803510,1.383,-0.051,30.794,0.664,3.0,0.004,14.45,-0.001,0.086,59.162,-0.119,-0.532
00:00:09.094,1572935803511,1.382,-0.052000000000000005,30.794,0.664,3.0,0.004,14.473,-0.001,0.086,59.403,-0.119,-0.532
00:00:09.143,1572935803560,1.382,-0.054000000000000006,30.794,0.664,3.0,0.005,14.496,-0.001,0.086,59.644,-0.119,-0.532
00:00:09.144,1572935803561,1.381,-0.055,30.794,0.664,3.0,0.005,14.519,-0.001,0.086,59.886,-0.119,-0.532
00:00:09.145,1572935803562,1.381,-0.056,30.794,0.664,3.0,0.005,14.542,-0.001,0.086,60.128,-0.119,-0.532
00:00:09.194,1572935803611,1.38,-0.056,30.794,0.664,3.0,0.006,14.565,-0.001,0.086,60.371,-0.119,-0.532
00:00:09.195,1572935803612,1.38,-0.057,30.794,0.664,3.0,0.006,14.588,-0.001,0.086,60.614,-0.119,-0.532
00:00:09.196,1572935803613,1.379,-0.057,30.794,0.664,3.0,0.006,14.611,-0.001,0.086,60.857,-0.119,-0.532
00:00:09.244,1572935803661,1.379,-0.057,30.794,0.664,3.0,0.006999999999999999,14.636,-0.001,0.086,61.11600000000001,-0.119,-0.532
00:00:09.245,1572935803662,1.378,-0.057,30.794,0.664,3.0,0.006999999999999999,14.657,-0.001,0.086,61.345,-0.119,-0.532
00:00:09.246,1572935803663,1.378,-0.056,30.794,0.664,3.0,0.006999999999999999,14.68,-0.001,0.086,61.589,-0.119,-0.532
00:00:09.294,1572935803711,1.3769999999999998,-0.056,30.794,0.664,3.0,0.006999999999999999,14.705,-0.001,0.086,61.849,-0.12,-0.532
00:00:09.295,1572935803712,1.3769999999999998,-0.055,30.794,0.664,3.0,0.008,14.726,0.0,0.086,62.07899999999999,-0.12,-0.532
00:00:09.296,1572935803713,1.376,-0.055,30.794,0.664,3.0,0.008,14.749,0.0,0.086,62.325,-0.12,-0.532
00:00:09.344,1572935803761,1.375,-0.054000000000000006,30.794,0.664,3.0,0.008,14.773,0.0,0.087,62.58600000000001,-0.12,-0.532
00:00:09.345,1572935803762,1.375,-0.054000000000000006,30.794,0.664,3.0,0.008,14.795,0.0,0.087,62.817,-0.12,-0.532
00:00:09.346,1572935803763,1.374,-0.054000000000000006,30.794,0.664,3.0,0.009000000000000001,14.818,0.0,0.087,63.06399999999999,-0.12,-0.532
00:00:09.394,1572935803811,1.374,-0.053,30.794,0.664,3.0,0.009000000000000001,14.841,0.0,0.087,63.31100000000001,-0.121,-0.532
00:00:09.395,1572935803812,1.3730000000000002,-0.053,30.794,0.664,3.0,0.009000000000000001,14.863,0.0,0.087,63.559,-0.121,-0.532
00:00:09.396,1572935803813,1.3730000000000002,-0.053,30.794,0.664,3.0,0.009000000000000001,14.886,0.0,0.087,63.807,-0.121,-0.532
00:00:09.444,1572935803861,1.372,-0.052000000000000005,30.794,0.664,3.0,0.009000000000000001,14.909,0.0,0.087,64.055,-0.122,-0.532
00:00:09.445,1572935803862,1.372,-0.052000000000000005,30.794,0.664,3.0,0.009000000000000001,14.932,0.0,0.087,64.304,-0.122,-0.532
00:00:09.446,1572935803863,1.371,-0.051,30.794,0.664,3.0,0.01,14.955,0.0,0.087,64.553,-0.122,-0.532
00:00:09.495,1572935803912,1.371,-0.051,30.794,0.664,3.0,0.01,14.978,0.0,0.08800000000000001,64.80199999999999,-0.122,-0.532
00:00:09.496,1572935803913,1.37,-0.05,30.794,0.664,3.0,0.01,15.001,0.0,0.08800000000000001,65.05199999999999,-0.123,-0.532
00:00:09.497,1572935803914,1.369,-0.05,30.794,0.664,3.0,0.01,15.023,0.0,0.08800000000000001,65.30199999999999,-0.123,-0.532
00:00:09.547,1572935803964,1.369,-0.05,30.794,0.664,3.0,0.01,15.046,0.0,0.08800000000000001,65.553,-0.124,-0.532
00:00:09.548,1572935803965,1.368,-0.05,30.794,0.664,3.0,0.01,15.069,0.0,0.08800000000000001,65.804,-0.124,-0.532
00:00:09.549,1572935803966,1.368,-0.05,30.794,0.664,3.0,0.01,15.092,0.0,0.08800000000000001,66.055,-0.124,-0.532
00:00:09.598,1572935804015,1.367,-0.049,30.794,0.664,3.0,0.01,15.116,0.0,0.08800000000000001,66.32300000000001,-0.125,-0.532
00:00:09.599,1572935804016,1.367,-0.049,30.794,0.664,3.0,0.01,15.137,0.0,0.08800000000000001,66.559,-0.125,-0.532
00:00:09.600,1572935804017,1.366,-0.049,30.794,0.664,3.0,0.011,15.16,0.0,0.08800000000000001,66.811,-0.126,-0.532
00:00:09.648,1572935804065,1.366,-0.049,30.794,0.664,3.0,0.011,15.184,0.0,0.08800000000000001,67.08,-0.126,-0.532
00:00:09.649,1572935804066,1.365,-0.049,30.794,0.664,3.0,0.011,15.206,0.0,0.08800000000000001,67.317,-0.126,-0.532
00:00:09.650,1572935804067,1.365,-0.049,30.794,0.664,3.0,0.011,15.228,0.0,0.08900000000000001,67.571,-0.127,-0.532
00:00:09.698,1572935804115,1.364,-0.049,30.794,0.664,3.0,0.011,15.251,0.0,0.08900000000000001,67.825,-0.127,-0.532
00:00:09.699,1572935804116,1.364,-0.049,30.794,0.664,3.0,0.011,15.274,0.0,0.08900000000000001,68.079,-0.128,-0.532
00:00:09.700,1572935804117,1.3630000000000002,-0.049,30.794,0.664,3.0,0.011,15.296,0.0,0.08900000000000001,68.334,-0.128,-0.532
00:00:09.749,1572935804166,1.3630000000000002,-0.048,30.794,0.664,3.0,0.011,15.319,0.0,0.08900000000000001,68.589,-0.129,-0.532
00:00:09.750,1572935804167,1.362,-0.048,30.794,0.664,3.0,0.011,15.342,0.0,0.08900000000000001,68.845,-0.13,-0.532
00:00:09.751,1572935804168,1.362,-0.048,30.794,0.664,3.0,0.011,15.365,0.0,0.08900000000000001,69.101,-0.13,-0.532
00:00:09.800,1572935804217,1.361,-0.048,30.794,0.664,3.0,0.011,15.387,0.0,0.08900000000000001,69.357,-0.131,-0.532
00:00:09.801,1572935804218,1.361,-0.048,30.794,0.664,3.0,0.011,15.41,0.0,0.08900000000000001,69.61399999999999,-0.131,-0.532
00:00:09.802,1572935804219,1.361,-0.048,30.794,0.664,3.0,0.011,15.433,0.0,0.08900000000000001,69.87100000000001,-0.132,-0.532
00:00:09.850,1572935804267,1.36,-0.048,30.794,0.664,3.0,0.011,15.455,0.0,0.08900000000000001,70.128,-0.133,-0.532
00:00:09.851,1572935804268,1.36,-0.048,30.794,0.664,3.0,0.012,15.478,0.0,0.08900000000000001,70.38600000000002,-0.133,-0.532
00:00:09.852,1572935804269,1.36,-0.048,30.794,0.664,3.0,0.012,15.501,0.0,0.09,70.64399999999998,-0.134,-0.532
00:00:09.901,1572935804318,1.359,-0.048,30.794,0.664,3.0,0.012,15.525,0.0,0.09,70.919,-0.135,-0.532
00:00:09.902,1572935804319,1.359,-0.048,30.794,0.664,3.0,0.012,15.546,0.0,0.09,71.161,-0.135,-0.532
00:00:09.903,1572935804320,1.359,-0.048,30.794,0.664,3.0,0.012,15.569,0.0,0.09,71.421,-0.136,-0.532
00:00:09.953,1572935804370,1.358,-0.048,30.794,0.664,3.0,0.012,15.593,0.0,0.09,71.697,-0.13699999999999998,-0.532
00:00:09.954,1572935804371,1.358,-0.048,30.794,0.664,3.0,0.012,15.614,0.0,0.09,71.94,-0.13699999999999998,-0.532
00:00:09.955,1572935804372,1.358,-0.048,30.94,0.664,3.0,0.012,15.636,0.0,0.09,72.20100000000002,-0.138,-0.532
00:00:10.003,1572935804420,1.357,-0.048,30.94,0.664,3.0,0.012,15.66,0.0,0.09,72.47800000000002,-0.139,-0.532
00:00:10.004,1572935804421,1.357,-0.048,30.94,0.664,3.0,0.012,15.682,0.0,0.09,72.723,-0.14,-0.532
00:00:10.005,1572935804422,1.357,-0.048,30.94,0.664,3.0,0.012,15.704,0.0,0.09,72.984,-0.14,-0.532
00:00:10.054,1572935804471,1.357,-0.048,30.94,0.664,3.0,0.012,15.727,0.0,0.09,73.24600000000002,-0.141,-0.532
00:00:10.055,1572935804472,1.357,-0.048,30.94,0.664,3.0,0.012,15.75,0.0,0.091,73.509,-0.142,-0.532
00:00:10.056,1572935804473,1.357,-0.048,31.16,0.664,3.0,0.012,15.772,0.0,0.091,73.771,-0.14300000000000002,-0.532
00:00:10.104,1572935804521,1.357,-0.048,31.16,0.664,3.0,0.012,15.795,0.0,0.091,74.03399999999998,-0.14400000000000002,-0.532
00:00:10.105,1572935804522,1.357,-0.048,31.16,0.664,3.0,0.012,15.817,0.0,0.091,74.298,-0.14400000000000002,-0.532
00:00:10.106,1572935804523,1.357,-0.048,31.16,0.664,3.0,0.012,15.84,0.0,0.091,74.562,-0.145,-0.532
00:00:10.154,1572935804571,1.357,-0.048,31.16,0.664,3.0,0.012,15.861,0.0,0.091,74.809,-0.146,-0.532
00:00:10.155,1572935804572,1.357,-0.048,31.16,0.664,3.0,0.012,15.884,0.0,0.091,75.074,-0.147,-0.532
00:00:10.156,1572935804573,1.356,-0.048,31.16,0.664,3.0,0.012,15.906,0.0,0.091,75.339,-0.14800000000000002,-0.532
00:00:10.205,1572935804622,1.354,-0.049,31.16,0.664,3.0,0.012,15.929,0.0,0.091,75.604,-0.149,-0.532
00:00:10.206,1572935804623,1.352,-0.048,31.16,0.664,3.0,0.012,15.951,0.0,0.092,75.87,-0.15,-0.532
00:00:10.207,1572935804624,1.352,-0.048,31.16,0.664,3.0,0.012,15.974,0.0,0.092,76.13600000000002,-0.151,-0.532
00:00:10.259,1572935804676,1.351,-0.048,31.16,0.664,3.0,0.013,15.999,0.0,0.092,76.436,-0.152,-0.532
00:00:10.260,1572935804677,1.351,-0.048,31.16,0.664,3.0,0.013,16.02,0.0,0.092,76.686,-0.153,-0.532
00:00:10.261,1572935804678,1.351,-0.047,31.16,0.664,3.0,0.013,16.042,0.0,0.092,76.936,-0.154,-0.532
00:00:10.309,1572935804726,1.351,-0.046,31.16,0.664,3.0,0.013,16.065,0.0,0.092,77.22,-0.155,-0.532
00:00:10.310,1572935804727,1.35,-0.045,31.16,0.664,3.0,0.013,16.087,0.001,0.092,77.472,-0.156,-0.532
00:00:10.311,1572935804728,1.35,-0.043,31.16,0.664,3.0,0.013,16.109,0.001,0.092,77.74,-0.157,-0.532
00:00:10.312,1572935804729,1.349,-0.04,31.16,0.664,3.0,0.013,16.131,0.001,0.092,78.009,-0.158,-0.532
00:00:10.358,1572935804775,1.349,-0.038,31.16,0.664,3.0,0.013,16.154,0.001,0.092,78.278,-0.159,-0.532
00:00:10.359,1572935804776,1.349,-0.035,31.307,0.664,3.0,0.013,16.176,0.001,0.093,78.547,-0.16,-0.532
00:00:10.360,1572935804777,1.348,-0.033,31.307,0.664,3.0,0.013,16.199,0.001,0.093,78.817,-0.161,-0.532
00:00:10.409,1572935804826,1.348,-0.03,31.307,0.664,3.0,0.013,16.221,0.001,0.093,79.087,-0.162,-0.532
00:00:10.410,1572935804827,1.349,-0.028,31.307,0.664,3.0,0.013,16.244,0.002,0.093,79.358,-0.163,-0.532
00:00:10.411,1572935804828,1.349,-0.026,31.307,0.664,3.0,0.013,16.266,0.002,0.093,79.62899999999998,-0.16399999999999998,-0.532
00:00:10.459,1572935804876,1.348,-0.024,31.307,0.664,3.0,0.013,16.289,0.002,0.093,79.9,-0.166,-0.532
00:00:10.460,1572935804877,1.348,-0.022,31.307,0.664,3.0,0.013,16.311,0.002,0.093,80.172,-0.16699999999999998,-0.532
00:00:10.461,1572935804878,1.347,-0.021,31.307,0.664,3.0,0.012,16.334,0.002,0.093,80.444,-0.168,-0.532
00:00:10.509,1572935804926,1.347,-0.02,31.307,0.664,3.0,0.012,16.355999999999998,0.002,0.093,80.71600000000002,-0.16899999999999998,-0.532
00:00:10.510,1572935804927,1.347,-0.02,31.307,0.664,3.0,0.012,16.379,0.002,0.094,80.98899999999998,-0.17,-0.532
00:00:10.511,1572935804928,1.346,-0.02,31.307,0.664,3.0,0.011,16.402,0.002,0.094,81.279,-0.171,-0.532
00:00:10.559,1572935804976,1.346,-0.02,31.307,0.664,3.0,0.011,16.423,0.002,0.094,81.535,-0.172,-0.532
00:00:10.560,1572935804977,1.345,-0.02,31.45300000000001,0.664,3.0,0.011,16.445999999999998,0.001,0.094,81.809,-0.174,-0.532
00:00:10.561,1572935804978,1.345,-0.02,31.45300000000001,0.664,3.0,0.011,16.47,0.001,0.094,82.101,-0.175,-0.532
00:00:10.610,1572935805027,1.345,-0.021,31.45300000000001,0.664,3.0,0.01,16.491,0.001,0.094,82.35799999999998,-0.17600000000000002,-0.532
00:00:10.611,1572935805028,1.345,-0.021,31.45300000000001,0.664,3.0,0.01,16.512999999999998,0.001,0.094,82.633,-0.177,-0.532
00:00:10.612,1572935805029,1.344,-0.021,31.45300000000001,0.664,3.0,0.01,16.537,0.001,0.094,82.926,-0.17800000000000002,-0.532
00:00:10.662,1572935805079,1.344,-0.021,31.45300000000001,0.664,3.0,0.009000000000000001,16.558,0.001,0.094,83.185,-0.18,-0.532
00:00:10.663,1572935805080,1.3430000000000002,-0.02,31.6,0.664,3.0,0.009000000000000001,16.58,0.0,0.094,83.461,-0.181,-0.532
00:00:10.664,1572935805081,1.342,-0.019,31.6,0.664,3.0,0.009000000000000001,16.602999999999998,0.0,0.094,83.73700000000002,-0.182,-0.532
00:00:10.712,1572935805129,1.342,-0.019,31.6,0.664,3.0,0.009000000000000001,16.625,0.0,0.094,84.014,-0.183,-0.532
00:00:10.713,1572935805130,1.341,-0.018000000000000002,31.6,0.664,3.0,0.009000000000000001,16.647000000000002,0.0,0.094,84.291,-0.185,-0.532
00:00:10.714,1572935805131,1.341,-0.018000000000000002,31.6,0.664,3.0,0.009000000000000001,16.67,0.0,0.094,84.569,-0.18600000000000005,-0.532
00:00:10.762,1572935805179,1.34,-0.017,31.6,0.664,3.0,0.009000000000000001,16.692,0.0,0.095,84.84700000000002,-0.187,-0.532
00:00:10.763,1572935805180,1.34,-0.017,32.479,0.664,3.0,0.008,16.714000000000002,0.0,0.095,85.125,-0.188,-0.532
00:00:10.764,1572935805181,1.34,-0.017,32.479,0.664,3.0,0.008,16.737000000000002,0.0,0.095,85.404,-0.19,-0.532
00:00:10.812,1572935805229,1.342,-0.017,32.479,0.664,3.0,0.008,16.759,0.0,0.095,85.68299999999998,-0.191,-0.532
00:00:10.813,1572935805230,1.344,-0.017,32.479,0.664,3.0,0.008,16.781,0.0,0.095,85.963,-0.192,-0.532
00:00:10.814,1572935805231,1.346,-0.017,32.479,0.664,3.0,0.008,16.804000000000002,0.0,0.095,86.243,-0.193,-0.532
00:00:10.862,1572935805279,1.346,-0.018000000000000002,32.479,0.664,3.0,0.008,16.826,0.0,0.095,86.523,-0.195,-0.532
00:00:10.863,1572935805280,1.345,-0.018000000000000002,33.138000000000005,0.664,3.0,0.008,16.849,0.0,0.095,86.804,-0.196,-0.532
00:00:10.864,1572935805281,1.344,-0.018000000000000002,33.138000000000005,0.664,3.0,0.008,16.873,0.0,0.096,87.102,-0.197,-0.532
00:00:10.912,1572935805329,1.345,-0.019,33.138000000000005,0.664,3.0,0.006999999999999999,16.894000000000002,0.0,0.096,87.366,-0.199,-0.532
00:00:10.913,1572935805330,1.347,-0.019,33.138000000000005,0.664,3.0,0.006999999999999999,16.916,0.0,0.096,87.648,-0.2,-0.532
00:00:10.914,1572935805331,1.348,-0.02,33.138000000000005,0.664,3.0,0.006999999999999999,16.94,0.0,0.096,87.947,-0.201,-0.532
00:00:10.962,1572935805379,1.348,-0.02,33.138000000000005,0.664,3.0,0.006999999999999999,16.961,0.0,0.096,88.212,-0.203,-0.532
00:00:10.963,1572935805380,1.347,-0.02,33.284,0.664,3.0,0.006999999999999999,16.983,0.0,0.096,88.495,-0.204,-0.532
00:00:10.964,1572935805381,1.346,-0.021,33.284,0.664,3.0,0.006999999999999999,17.007,0.0,0.096,88.796,-0.205,-0.532
00:00:11.013,1572935805430,1.345,-0.021,33.284,0.664,3.0,0.006999999999999999,17.028,0.0,0.097,89.06200000000004,-0.207,-0.532
00:00:11.014,1572935805431,1.345,-0.021,33.284,0.664,3.0,0.006999999999999999,17.051,0.0,0.097,89.346,-0.208,-0.532
00:00:11.015,1572935805432,1.345,-0.022,33.284,0.664,3.0,0.006999999999999999,17.073,0.0,0.097,89.63,-0.209,-0.532
00:00:11.064,1572935805481,1.345,-0.022,33.284,0.664,3.0,0.006999999999999999,17.095,0.0,0.097,89.915,-0.211,-0.532
00:00:11.065,1572935805482,1.344,-0.022,33.943000000000005,0.664,3.0,0.006999999999999999,17.118,0.0,0.097,90.2,-0.212,-0.532
00:00:11.066,1572935805483,1.344,-0.022,33.943000000000005,0.664,3.0,0.006999999999999999,17.14,0.0,0.097,90.486,-0.213,-0.532
00:00:11.115,1572935805532,1.345,-0.022,33.943000000000005,0.664,3.0,0.006999999999999999,17.163,0.001,0.098,90.772,-0.215,-0.532
00:00:11.116,1572935805533,1.347,-0.022,33.943000000000005,0.664,3.0,0.006999999999999999,17.185,0.001,0.098,91.058,-0.21600000000000005,-0.532
00:00:11.117,1572935805534,1.348,-0.022,33.943000000000005,0.664,3.0,0.006999999999999999,17.208,0.001,0.098,91.344,-0.218,-0.532
00:00:11.165,1572935805582,1.348,-0.022,33.943000000000005,0.664,3.0,0.006999999999999999,17.23,0.001,0.098,91.631,-0.219,-0.532
00:00:11.166,1572935805583,1.347,-0.023,38.778,0.664,3.0,0.006999999999999999,17.253,0.001,0.098,91.919,-0.221,-0.532
00:00:11.167,1572935805584,1.352,-0.023,38.778,0.664,3.0,0.006999999999999999,17.277,0.001,0.098,92.224,-0.222,-0.532
00:00:11.217,1572935805634,1.367,-0.023,38.778,0.664,3.0,0.006999999999999999,17.298,0.001,0.099,92.495,-0.223,-0.532
00:00:11.218,1572935805635,1.388,-0.023,38.778,0.664,3.0,0.006999999999999999,17.322,0.001,0.099,92.783,-0.225,-0.532
00:00:11.219,1572935805636,1.402,-0.023,38.778,0.664,3.0,0.006999999999999999,17.347,0.001,0.099,93.09,-0.226,-0.532
00:00:11.266,1572935805683,1.405,-0.023,38.778,0.664,3.0,0.006999999999999999,17.369,0.001,0.1,93.361,-0.228,-0.532
00:00:11.267,1572935805684,1.401,-0.023,42.806,0.664,3.0,0.006999999999999999,17.392,0.001,0.1,93.651,-0.229,-0.532
00:00:11.268,1572935805685,1.399,-0.023,42.806,0.664,3.0,0.006999999999999999,17.417,0.001,0.101,93.959,-0.231,-0.532
00:00:11.316,1572935805733,1.405,-0.023,42.806,0.664,3.0,0.006999999999999999,17.439,0.001,0.102,94.231,-0.232,-0.532
00:00:11.317,1572935805734,1.4169999999999998,-0.023,42.806,0.664,3.0,0.006999999999999999,17.463,0.001,0.102,94.522,-0.234,-0.532
00:00:11.318,1572935805735,1.426,-0.023,42.806,0.664,3.0,0.006999999999999999,17.486,0.001,0.103,94.814,-0.235,-0.532
00:00:11.369,1572935805786,1.429,-0.023,42.806,0.664,3.0,0.006999999999999999,17.51,0.001,0.104,95.105,-0.237,-0.532
00:00:11.370,1572935805787,1.426,-0.023,45.15,0.664,3.0,0.006999999999999999,17.534000000000002,0.001,0.105,95.397,-0.238,-0.532
00:00:11.371,1572935805788,1.4240000000000002,-0.023,45.15,0.664,3.0,0.006999999999999999,17.559,0.001,0.106,95.708,-0.24,-0.532
00:00:11.422,1572935805839,1.4269999999999998,-0.022,45.15,0.664,3.0,0.006999999999999999,17.581,0.001,0.107,95.982,-0.242,-0.532
00:00:11.423,1572935805840,1.432,-0.022,45.15,0.664,3.0,0.006999999999999999,17.605,0.001,0.107,96.276,-0.243,-0.532
00:00:11.424,1572935805841,1.436,-0.021,45.15,0.664,3.0,0.006999999999999999,17.631,0.001,0.108,96.588,-0.245,-0.532
00:00:11.469,1572935805886,1.4369999999999998,-0.02,45.15,0.664,3.0,0.006999999999999999,17.655,0.001,0.109,96.882,-0.246,-0.532
00:00:11.470,1572935805887,1.4340000000000002,-0.019,46.322,1.128,3.0,0.006999999999999999,17.677,0.001,0.11,97.158,-0.248,-0.532
00:00:11.471,1572935805888,1.4280000000000002,-0.017,46.322,1.128,3.0,0.006999999999999999,17.701,0.001,0.111,97.453,-0.249,-0.532
00:00:11.520,1572935805937,1.426,-0.015,46.322,1.128,3.0,0.006999999999999999,17.726,0.001,0.111,97.766,-0.251,-0.532
00:00:11.521,1572935805938,1.4269999999999998,-0.012,46.322,1.128,3.0,0.006999999999999999,17.75,0.001,0.112,98.062,-0.253,-0.532
00:00:11.522,1572935805939,1.4280000000000002,-0.01,46.322,1.128,3.0,0.006999999999999999,17.774,0.001,0.112,98.358,-0.254,-0.532
00:00:11.570,1572935805987,1.4280000000000002,-0.006999999999999999,46.322,1.128,3.0,0.006999999999999999,17.796,0.001,0.113,98.636,-0.256,-0.532
00:00:11.571,1572935805988,1.4280000000000002,-0.005,46.981,0.664,3.0,0.006999999999999999,17.82,0.002,0.113,98.933,-0.257,-0.532
00:00:11.572,1572935805989,1.433,-0.003,46.981,0.664,3.0,0.006999999999999999,17.845,0.002,0.114,99.248,-0.259,-0.532
00:00:11.620,1572935806037,1.436,-0.002,46.981,0.664,3.0,0.006999999999999999,17.868,0.002,0.114,99.527,-0.261,-0.532
00:00:11.621,1572935806038,1.439,-0.001,46.981,0.664,3.0,0.006999999999999999,17.892,0.002,0.114,99.825,-0.262,-0.532
00:00:11.622,1572935806039,1.44,0.0,46.981,0.664,3.0,0.006,17.917,0.002,0.114,100.142,-0.264,-0.532
00:00:11.671,1572935806088,1.4409999999999998,0.001,46.981,0.664,3.0,0.006,17.941,0.002,0.114,100.441,-0.266,-0.532
00:00:11.672,1572935806089,1.44,0.002,47.347,0.664,3.0,0.006,17.964000000000006,0.002,0.115,100.722,-0.267,-0.532
00:00:11.673,1572935806090,1.44,0.003,47.347,0.664,3.0,0.005,17.988,0.002,0.115,101.021,-0.269,-0.532
00:00:11.722,1572935806139,1.44,0.005,47.347,0.664,3.0,0.005,18.012999999999995,0.001,0.115,101.34,-0.271,-0.532
00:00:11.723,1572935806140,1.44,0.006,47.347,0.664,3.0,0.005,18.037,0.001,0.115,101.641,-0.272,-0.532
00:00:11.724,1572935806141,1.4409999999999998,0.008,47.347,0.664,3.0,0.005,18.06,0.001,0.115,101.923,-0.274,-0.532
00:00:11.774,1572935806191,1.44,0.011,47.347,0.664,3.0,0.005,18.085,0.001,0.115,102.243,-0.275,-0.532
00:00:11.775,1572935806192,1.44,0.014,47.64,0.664,3.0,0.004,18.108,0.001,0.115,102.525,-0.277,-0.532
00:00:11.776,1572935806193,1.439,0.017,47.64,0.664,3.0,0.004,18.132,0.001,0.115,102.827,-0.279,-0.532
00:00:11.777,1572935806194,1.439,0.02,47.64,0.664,3.0,0.004,18.156,0.001,0.115,103.13,-0.28,-0.532
00:00:11.824,1572935806241,1.44,0.023,47.64,0.664,3.0,0.004,18.18,0.001,0.115,103.433,-0.282,-0.532
00:00:11.825,1572935806242,1.44,0.026,47.64,0.664,3.0,0.003,18.205,0.001,0.115,103.755,-0.284,-0.532
00:00:11.826,1572935806243,1.44,0.029,47.64,0.664,3.0,0.003,18.229,0.001,0.115,104.058,-0.285,-0.532
00:00:11.878,1572935806295,1.439,0.031,48.006,0.664,3.0,0.002,18.253,0.001,0.115,104.362,-0.287,-0.532
00:00:11.879,1572935806296,1.439,0.034,48.006,0.664,3.0,0.002,18.277,0.001,0.115,104.667,-0.28800000000000003,-0.532
00:00:11.880,1572935806297,1.439,0.035,48.006,0.664,3.0,0.001,18.3,0.001,0.115,104.953,-0.29,-0.532
00:00:11.925,1572935806342,1.439,0.037000000000000005,48.006,0.664,3.0,0.001,18.325,0.0,0.116,105.277,-0.29100000000000004,-0.532
00:00:11.926,1572935806343,1.44,0.038,48.006,0.664,3.0,0.0,18.349,0.0,0.116,105.582,-0.293,-0.532
00:00:11.927,1572935806344,1.439,0.039,48.006,0.664,3.0,0.0,18.372,0.0,0.116,105.869,-0.294,-0.532
00:00:11.976,1572935806393,1.439,0.041,48.299,0.664,3.0,-0.001,18.396,0.0,0.116,106.176,-0.29600000000000004,-0.532
00:00:11.977,1572935806394,1.4380000000000002,0.041,48.299,0.664,3.0,-0.001,18.421,0.0,0.116,106.502,-0.298,-0.532
00:00:11.978,1572935806395,1.4380000000000002,0.042,48.299,0.664,3.0,-0.002,18.445,-0.001,0.116,106.809,-0.299,-0.532
00:00:12.026,1572935806443,1.439,0.043,48.299,0.664,3.0,-0.002,18.467,-0.001,0.116,107.097,-0.301,-0.532
00:00:12.027,1572935806444,1.439,0.044,48.299,0.664,3.0,-0.003,18.491,-0.001,0.116,107.405,-0.302,-0.532
00:00:12.028,1572935806445,1.439,0.045,48.299,0.664,3.0,-0.003,18.517,-0.001,0.116,107.733,-0.304,-0.532
00:00:12.076,1572935806493,1.4380000000000002,0.046,48.44600000000001,0.664,3.0,-0.004,18.539,-0.001,0.116,108.022,-0.305,-0.532
00:00:12.077,1572935806494,1.4380000000000002,0.047,48.44600000000001,0.664,3.0,-0.004,18.563,-0.001,0.116,108.332,-0.307,-0.532
00:00:12.078,1572935806495,1.4369999999999998,0.048,48.44600000000001,0.664,3.0,-0.005,18.589,-0.002,0.116,108.661,-0.308,-0.532
00:00:12.128,1572935806545,1.4369999999999998,0.049,48.44600000000001,0.664,3.0,-0.005,18.611,-0.002,0.116,108.951,-0.309,-0.532
00:00:12.129,1572935806546,1.4369999999999998,0.051,48.44600000000001,0.664,3.0,-0.006,18.635,-0.002,0.116,109.262,-0.311,-0.532
00:00:12.130,1572935806547,1.4369999999999998,0.052000000000000005,48.44600000000001,0.664,3.0,-0.006,18.658,-0.002,0.116,109.553,-0.312,-0.532
00:00:12.177,1572935806594,1.436,0.053,48.812,0.664,3.0,-0.006,18.682,-0.002,0.117,109.864,-0.314,-0.532
00:00:12.178,1572935806595,1.436,0.055,48.812,0.664,3.0,-0.006999999999999999,18.707,-0.002,0.117,110.195,-0.315,-0.532
00:00:12.179,1572935806596,1.436,0.057,48.812,0.664,3.0,-0.006999999999999999,18.731,-0.002,0.117,110.507,-0.317,-0.532
00:00:12.228,1572935806645,1.4369999999999998,0.059,48.812,0.664,3.0,-0.006999999999999999,18.755,-0.002,0.117,110.82,-0.318,-0.532
00:00:12.229,1572935806646,1.4369999999999998,0.061,48.812,0.664,3.0,-0.008,18.779,-0.002,0.117,111.132,-0.319,-0.532
00:00:12.230,1572935806647,1.4369999999999998,0.064,48.812,0.664,3.0,-0.008,18.803,-0.002,0.117,111.446,-0.321,-0.532
00:00:12.279,1572935806696,1.436,0.066,49.178,0.664,3.0,-0.008,18.827,-0.002,0.117,111.759,-0.322,-0.532
00:00:12.280,1572935806697,1.436,0.069,49.178,0.664,3.0,-0.009000000000000001,18.851,-0.002,0.118,112.073,-0.32299999999999995,-0.532
00:00:12.281,1572935806698,1.436,0.071,49.178,0.664,3.0,-0.009000000000000001,18.875,-0.002,0.118,112.387,-0.324,-0.532
00:00:12.329,1572935806746,1.4369999999999998,0.073,49.178,0.664,3.0,-0.01,18.899,-0.002,0.118,112.702,-0.326,-0.532
00:00:12.330,1572935806747,1.4369999999999998,0.07400000000000001,49.178,0.664,3.0,-0.01,18.922,-0.002,0.118,113.017,-0.327,-0.532
00:00:12.331,1572935806748,1.4369999999999998,0.07400000000000001,49.178,0.664,3.0,-0.011,18.946,-0.002,0.118,113.333,-0.328,-0.532
00:00:12.379,1572935806796,1.436,0.07400000000000001,49.325,0.664,3.0,-0.011,18.97,-0.002,0.118,113.649,-0.329,-0.532
00:00:12.380,1572935806797,1.436,0.07400000000000001,49.325,0.664,3.0,-0.012,18.994,-0.002,0.119,113.965,-0.331,-0.532
00:00:12.381,1572935806798,1.435,0.073,49.325,0.664,3.0,-0.013,19.018,-0.002,0.119,114.282,-0.332,-0.532
00:00:12.429,1572935806846,1.435,0.073,49.325,0.664,3.0,-0.013,19.042,-0.002,0.119,114.599,-0.333,-0.532
00:00:12.430,1572935806847,1.435,0.07200000000000001,49.325,0.664,3.0,-0.014,19.065,-0.002,0.119,114.897,-0.334,-0.532
00:00:12.431,1572935806848,1.435,0.07200000000000001,49.325,0.664,3.0,-0.014,19.09,-0.003,0.119,115.235,-0.335,-0.532
00:00:12.479,1572935806896,1.4340000000000002,0.07200000000000001,49.325,0.664,3.0,-0.014,19.114,-0.003,0.119,115.553,-0.336,-0.532
00:00:12.480,1572935806897,1.4340000000000002,0.07200000000000001,49.325,0.664,3.0,-0.015,19.139,-0.003,0.12,115.892,-0.337,-0.532
00:00:12.481,1572935806898,1.433,0.07200000000000001,49.325,0.664,3.0,-0.015,19.162,-0.003,0.12,116.191,-0.338,-0.532
00:00:12.529,1572935806946,1.433,0.07200000000000001,49.325,0.664,3.0,-0.016,19.185,-0.003,0.12,116.511,-0.339,-0.532
00:00:12.530,1572935806947,1.433,0.073,49.325,0.664,3.0,-0.016,19.209,-0.003,0.12,116.831,-0.34,-0.532
00:00:12.531,1572935806948,1.432,0.073,49.325,0.664,3.0,-0.016,19.233,-0.004,0.12,117.151,-0.341,-0.532
00:00:12.579,1572935806996,1.432,0.073,49.325,0.664,3.0,-0.017,19.257,-0.004,0.12,117.472,-0.342,-0.532
00:00:12.580,1572935806997,1.431,0.073,49.325,0.664,3.0,-0.017,19.282,-0.004,0.12,117.813,-0.343,-0.532
00:00:12.581,1572935806998,1.431,0.07200000000000001,49.325,0.664,3.0,-0.017,19.305,-0.004,0.121,118.114,-0.344,-0.532
00:00:12.630,1572935807047,1.431,0.07200000000000001,49.325,0.664,3.0,-0.018000000000000002,19.329,-0.004,0.121,118.436,-0.345,-0.532
00:00:12.631,1572935807048,1.43,0.071,49.325,0.664,3.0,-0.018000000000000002,19.352,-0.004,0.121,118.759,-0.34600000000000003,-0.532
00:00:12.632,1572935807049,1.43,0.07,49.325,0.664,3.0,-0.018000000000000002,19.376,-0.004,0.121,119.082,-0.34700000000000003,-0.532
00:00:12.682,1572935807099,1.429,0.069,49.471,0.664,3.0,-0.018000000000000002,19.4,-0.004,0.121,119.405,-0.348,-0.532
00:00:12.683,1572935807100,1.429,0.068,49.471,0.664,3.0,-0.019,19.424,-0.004,0.121,119.728,-0.349,-0.532
00:00:12.684,1572935807101,1.429,0.067,49.471,0.664,3.0,-0.019,19.448,-0.004,0.121,120.052,-0.35,-0.532
00:00:12.732,1572935807149,1.429,0.066,49.471,0.664,3.0,-0.019,19.472,-0.004,0.121,120.376,-0.35,-0.532
00:00:12.733,1572935807150,1.429,0.064,49.471,0.664,3.0,-0.019,19.495,-0.004,0.121,120.701,-0.35100000000000003,-0.532
00:00:12.734,1572935807151,1.429,0.064,49.471,0.664,3.0,-0.019,19.519,-0.004,0.122,121.026,-0.35200000000000004,-0.532
00:00:12.782,1572935807199,1.4280000000000002,0.063,49.618,0.664,3.0,-0.019,19.543,-0.004,0.122,121.352,-0.353,-0.532
00:00:12.783,1572935807200,1.4280000000000002,0.062,49.618,0.664,3.0,-0.019,19.567,-0.004,0.122,121.678,-0.354,-0.532
00:00:12.784,1572935807201,1.4269999999999998,0.062,49.618,0.664,3.0,-0.019,19.591,-0.004,0.122,122.004,-0.354,-0.532
00:00:12.832,1572935807249,1.4269999999999998,0.061,49.618,0.664,3.0,-0.019,19.614,-0.004,0.122,122.331,-0.355,-0.532
00:00:12.833,1572935807250,1.4269999999999998,0.061,49.618,0.664,3.0,-0.019,19.638,-0.004,0.122,122.658,-0.35600000000000004,-0.532
00:00:12.834,1572935807251,1.4269999999999998,0.06,49.618,0.664,3.0,-0.02,19.662,-0.004,0.122,122.985,-0.35600000000000004,-0.532
00:00:12.882,1572935807299,1.4269999999999998,0.059,49.837,0.664,3.0,-0.02,19.686,-0.004,0.122,123.313,-0.35700000000000004,-0.532
00:00:12.883,1572935807300,1.426,0.059,49.837,0.664,3.0,-0.02,19.711,-0.003,0.122,123.662,-0.358,-0.532
00:00:12.884,1572935807301,1.426,0.058,49.837,0.664,3.0,-0.02,19.733,-0.003,0.123,123.97,-0.358,-0.532
00:00:12.932,1572935807349,1.426,0.058,49.837,0.664,3.0,-0.02,19.757,-0.003,0.123,124.299,-0.359,-0.532
00:00:12.933,1572935807350,1.426,0.057,49.837,0.664,3.0,-0.02,19.781,-0.003,0.123,124.629,-0.36,-0.532
00:00:12.934,1572935807351,1.426,0.056,49.837,0.664,3.0,-0.02,19.804,-0.003,0.123,124.959,-0.36,-0.532
00:00:12.982,1572935807399,1.426,0.056,49.837,0.664,3.0,-0.02,19.828,-0.003,0.123,125.289,-0.361,-0.532
00:00:12.983,1572935807400,1.425,0.055,49.837,0.664,3.0,-0.019,19.852,-0.003,0.123,125.62,-0.361,-0.532
00:00:12.984,1572935807401,1.425,0.054000000000000006,49.837,0.664,3.0,-0.019,19.876,-0.003,0.123,125.951,-0.362,-0.532
00:00:13.033,1572935807450,1.4240000000000002,0.054000000000000006,49.837,0.664,3.0,-0.019,19.899,-0.003,0.123,126.282,-0.362,-0.532
00:00:13.034,1572935807451,1.4240000000000002,0.053,49.837,0.664,3.0,-0.019,19.923,-0.003,0.123,126.614,-0.363,-0.532
00:00:13.035,1572935807452,1.423,0.053,49.837,0.664,3.0,-0.019,19.947,-0.003,0.124,126.946,-0.363,-0.532
00:00:13.084,1572935807501,1.423,0.052000000000000005,49.837,0.664,3.0,-0.019,19.971,-0.003,0.124,127.279,-0.364,-0.532
00:00:13.085,1572935807502,1.423,0.052000000000000005,49.837,0.664,3.0,-0.019,19.994,-0.003,0.124,127.612,-0.364,-0.532
00:00:13.086,1572935807503,1.422,0.051,49.837,0.664,3.0,-0.019,20.018,-0.003,0.124,127.945,-0.365,-0.532
00:00:13.135,1572935807552,1.422,0.051,49.837,0.664,3.0,-0.019,20.042,-0.003,0.124,128.279,-0.365,-0.532
00:00:13.136,1572935807553,1.421,0.05,49.837,0.664,3.0,-0.019,20.065,-0.003,0.124,128.614,-0.366,-0.532
00:00:13.137,1572935807554,1.421,0.05,49.837,0.664,3.0,-0.019,20.088,-0.003,0.124,128.92700000000002,-0.366,-0.5329999999999999
00:00:13.185,1572935807602,1.42,0.05,49.984,0.664,3.0,-0.019,20.111,-0.003,0.124,129.262,-0.3670000000000001,-0.5329999999999999
00:00:13.186,1572935807603,1.42,0.049,49.984,0.664,3.0,-0.019,20.136,-0.003,0.124,129.619,-0.3670000000000001,-0.5329999999999999
00:00:13.187,1572935807604,1.42,0.049,49.984,0.664,3.0,-0.019,20.159,-0.003,0.125,129.933,-0.3670000000000001,-0.5329999999999999
00:00:13.238,1572935807655,1.42,0.049,49.984,0.664,3.0,-0.019,20.182,-0.003,0.125,130.27,-0.368,-0.5329999999999999
00:00:13.239,1572935807656,1.42,0.049,49.984,0.664,3.0,-0.019,20.206,-0.003,0.125,130.606,-0.368,-0.5329999999999999
00:00:13.240,1572935807657,1.42,0.049,49.984,0.664,3.0,-0.019,20.23,-0.003,0.125,130.94299999999998,-0.368,-0.5329999999999999
00:00:13.285,1572935807702,1.419,0.049,49.984,0.664,3.0,-0.018000000000000002,20.253,-0.003,0.125,131.281,-0.369,-0.5329999999999999
00:00:13.286,1572935807703,1.419,0.049,49.984,0.664,3.0,-0.018000000000000002,20.277,-0.003,0.125,131.618,-0.369,-0.5329999999999999
00:00:13.287,1572935807704,1.418,0.049,49.984,0.664,3.0,-0.018000000000000002,20.3,-0.003,0.125,131.95600000000002,-0.369,-0.5329999999999999
00:00:13.335,1572935807752,1.418,0.049,49.984,0.664,3.0,-0.018000000000000002,20.324,-0.003,0.125,132.295,-0.37,-0.5329999999999999
00:00:13.336,1572935807753,1.4169999999999998,0.049,49.984,0.664,3.0,-0.018000000000000002,20.348,-0.003,0.125,132.634,-0.37,-0.5329999999999999
00:00:13.337,1572935807754,1.4169999999999998,0.049,49.984,0.664,3.0,-0.018000000000000002,20.371,-0.003,0.126,132.97299999999998,-0.37,-0.5329999999999999
00:00:13.385,1572935807802,1.4169999999999998,0.049,49.984,0.664,3.0,-0.018000000000000002,20.395,-0.003,0.126,133.313,-0.37,-0.5329999999999999
00:00:13.386,1572935807803,1.416,0.049,49.984,0.664,3.0,-0.018000000000000002,20.419,-0.003,0.126,133.653,-0.371,-0.5329999999999999
00:00:13.387,1572935807804,1.416,0.048,49.984,0.664,3.0,-0.018000000000000002,20.442,-0.003,0.126,133.994,-0.371,-0.5329999999999999
00:00:13.437,1572935807854,1.415,0.048,49.984,0.664,3.0,-0.018000000000000002,20.466,-0.003,0.126,134.334,-0.371,-0.5329999999999999
00:00:13.438,1572935807855,1.415,0.048,49.984,0.664,3.0,-0.018000000000000002,20.489,-0.003,0.126,134.67600000000002,-0.371,-0.5329999999999999
00:00:13.439,1572935807856,1.414,0.048,49.984,0.664,3.0,-0.018000000000000002,20.513,-0.003,0.126,135.017,-0.3720000000000001,-0.5329999999999999
00:00:13.487,1572935807904,1.414,0.047,50.13,0.664,3.0,-0.018000000000000002,20.536,-0.003,0.126,135.36,-0.3720000000000001,-0.5329999999999999
00:00:13.488,1572935807905,1.413,0.047,50.13,0.664,3.0,-0.018000000000000002,20.56,-0.003,0.126,135.702,-0.3720000000000001,-0.5329999999999999
00:00:13.489,1572935807906,1.413,0.047,50.13,0.664,3.0,-0.018000000000000002,20.583,-0.003,0.127,136.045,-0.3720000000000001,-0.5329999999999999
00:00:13.537,1572935807954,1.413,0.047,50.13,0.664,3.0,-0.018000000000000002,20.607,-0.003,0.127,136.388,-0.3720000000000001,-0.5329999999999999
00:00:13.538,1572935807955,1.413,0.047,50.13,0.664,3.0,-0.018000000000000002,20.632,-0.003,0.127,136.753,-0.3720000000000001,-0.5329999999999999
00:00:13.539,1572935807956,1.413,0.047,50.13,0.664,3.0,-0.018000000000000002,20.654,-0.003,0.127,137.076,-0.3720000000000001,-0.5329999999999999
00:00:13.587,1572935808004,1.411,0.047,50.13,1.128,3.0,-0.017,20.678,-0.003,0.127,137.42,-0.3720000000000001,-0.5329999999999999
00:00:13.588,1572935808005,1.405,0.047,50.13,1.128,3.0,-0.017,20.702,-0.003,0.127,137.787,-0.373,-0.5329999999999999
00:00:13.589,1572935808006,1.402,0.047,50.13,1.128,3.0,-0.017,20.724,-0.003,0.127,138.11,-0.373,-0.5329999999999999
00:00:13.638,1572935808055,1.399,0.047,50.13,1.128,3.0,-0.017,20.748,-0.003,0.127,138.45600000000002,-0.373,-0.5329999999999999
00:00:13.639,1572935808056,1.398,0.047,50.13,1.128,3.0,-0.017,20.771,-0.003,0.127,138.80200000000002,-0.373,-0.5329999999999999
00:00:13.640,1572935808057,1.3969999999999998,0.047,50.13,1.128,3.0,-0.017,20.794,-0.003,0.127,139.148,-0.373,-0.5329999999999999
00:00:13.688,1572935808105,1.398,0.048,50.13,0.664,3.0,-0.017,20.817,-0.003,0.127,139.495,-0.373,-0.5329999999999999
00:00:13.689,1572935808106,1.402,0.048,50.13,0.664,3.0,-0.017,20.841,-0.003,0.127,139.842,-0.373,-0.5329999999999999
00:00:13.690,1572935808107,1.405,0.048,50.13,0.664,3.0,-0.017,20.864,-0.003,0.127,140.19,-0.373,-0.5329999999999999
00:00:13.738,1572935808155,1.406,0.048,50.13,0.664,3.0,-0.017,20.888,-0.003,0.127,140.53799999999998,-0.373,-0.5329999999999999
00:00:13.739,1572935808156,1.406,0.048,50.13,0.664,3.0,-0.017,20.911,-0.003,0.128,140.886,-0.373,-0.5329999999999999
00:00:13.740,1572935808157,1.406,0.048,50.13,0.664,3.0,-0.017,20.935,-0.003,0.128,141.235,-0.373,-0.5329999999999999
00:00:13.790,1572935808207,1.405,0.048,50.13,1.128,3.0,-0.017,20.958,-0.003,0.128,141.584,-0.373,-0.5329999999999999
00:00:13.791,1572935808208,1.399,0.048,50.13,1.128,3.0,-0.017,20.983,-0.003,0.128,141.955,-0.373,-0.5329999999999999
00:00:13.792,1572935808209,1.395,0.048,50.13,1.128,3.0,-0.017,21.004,-0.003,0.128,142.283,-0.3720000000000001,-0.5329999999999999
00:00:13.840,1572935808257,1.393,0.048,50.13,1.128,3.0,-0.017,21.028,-0.003,0.128,142.634,-0.3720000000000001,-0.5329999999999999
00:00:13.841,1572935808258,1.392,0.048,50.13,1.128,3.0,-0.017,21.052,-0.003,0.128,143.006,-0.3720000000000001,-0.5329999999999999
00:00:13.842,1572935808259,1.391,0.048,50.13,1.128,3.0,-0.017,21.074,-0.003,0.128,143.335,-0.3720000000000001,-0.5329999999999999
00:00:13.890,1572935808307,1.391,0.048,50.13,0.664,3.0,-0.017,21.097,-0.003,0.128,143.687,-0.3720000000000001,-0.5329999999999999
00:00:13.891,1572935808308,1.395,0.048,50.13,0.664,3.0,-0.017,21.121,-0.003,0.128,144.03799999999995,-0.3720000000000001,-0.5329999999999999
00:00:13.892,1572935808309,1.399,0.048,50.13,0.664,3.0,-0.017,21.144,-0.003,0.128,144.391,-0.3720000000000001,-0.5329999999999999
00:00:13.941,1572935808358,1.4,0.048,50.13,0.664,3.0,-0.017,21.167,-0.003,0.128,144.743,-0.371,-0.5329999999999999
00:00:13.942,1572935808359,1.4,0.047,50.13,0.664,3.0,-0.017,21.191,-0.003,0.128,145.096,-0.371,-0.5329999999999999
00:00:13.943,1572935808360,1.4,0.047,50.13,0.664,3.0,-0.017,21.214,-0.003,0.128,145.45,-0.371,-0.5329999999999999
00:00:13.944,1572935808361,1.4,0.046,49.984,0.664,3.0,-0.017,21.237,-0.003,0.128,145.803,-0.371,-0.5329999999999999
00:00:13.993,1572935808410,1.399,0.046,49.984,0.664,3.0,-0.017,21.26,-0.003,0.128,146.158,-0.371,-0.5329999999999999
00:00:13.994,1572935808411,1.398,0.045,49.984,0.664,3.0,-0.017,21.284,-0.004,0.129,146.512,-0.37,-0.5329999999999999
00:00:13.995,1572935808412,1.3969999999999998,0.045,49.984,0.664,3.0,-0.017,21.307,-0.004,0.129,146.86700000000005,-0.37,-0.5329999999999999
00:00:14.042,1572935808459,1.3969999999999998,0.044,49.984,0.664,3.0,-0.017,21.33,-0.004,0.129,147.222,-0.37,-0.5329999999999999
00:00:14.043,1572935808460,1.396,0.044,49.984,0.664,3.0,-0.017,21.354,-0.004,0.129,147.578,-0.369,-0.5329999999999999
00:00:14.044,1572935808461,1.395,0.043,39.29,0.664,3.0,-0.017,21.377,-0.004,0.129,147.934,-0.369,-0.5329999999999999
00:00:14.093,1572935808510,1.39,0.043,39.29,0.664,3.0,-0.017,21.4,-0.004,0.129,148.291,-0.369,-0.5329999999999999
00:00:14.094,1572935808511,1.37,0.043,39.29,0.664,3.0,-0.017,21.422,-0.004,0.129,148.64700000000005,-0.369,-0.5329999999999999
00:00:14.095,1572935808512,1.341,0.043,39.29,0.664,3.0,-0.017,21.444000000000006,-0.004,0.129,149.005,-0.368,-0.5329999999999999
00:00:14.143,1572935808560,1.3130000000000002,0.043,39.29,0.664,3.0,-0.017,21.467,-0.004,0.129,149.385,-0.368,-0.5329999999999999
00:00:14.144,1572935808561,1.2990000000000002,0.043,39.29,0.664,3.0,-0.017,21.487,-0.004,0.128,149.72,-0.3670000000000001,-0.5329999999999999
00:00:14.145,1572935808562,1.294,0.043,19.807,0.664,3.0,-0.017,21.509,-0.004,0.128,150.079,-0.3670000000000001,-0.5329999999999999
00:00:14.195,1572935808612,1.27,0.043,19.807,0.664,3.0,-0.017,21.529,-0.003,0.127,150.437,-0.3670000000000001,-0.5329999999999999
00:00:14.196,1572935808613,1.1909999999999998,0.042,19.807,0.664,3.0,-0.017,21.548,-0.003,0.126,150.796,-0.366,-0.5329999999999999
00:00:14.197,1572935808614,1.075,0.042,19.807,0.664,3.0,-0.016,21.564,-0.003,0.124,151.155,-0.366,-0.5329999999999999
00:00:14.249,1572935808666,0.953,0.042,19.807,0.664,3.0,-0.016,21.579,-0.003,0.122,151.537,-0.365,-0.5329999999999999
00:00:14.250,1572935808667,0.872,0.042,19.807,0.664,3.0,-0.016,21.592,-0.003,0.119,151.875,-0.365,-0.5329999999999999
00:00:14.251,1572935808668,0.818,0.042,9.919,0.664,3.0,-0.016,21.605,-0.003,0.115,152.235,-0.365,-0.5329999999999999
00:00:14.297,1572935808714,0.763,0.041,9.919,0.664,3.0,-0.016,21.617,-0.003,0.111,152.595,-0.364,-0.5329999999999999
00:00:14.298,1572935808715,0.648,0.041,9.919,0.664,3.0,-0.016,21.626,-0.003,0.107,152.955,-0.364,-0.5329999999999999
00:00:14.299,1572935808716,0.461,0.041,9.919,0.664,3.0,-0.016,21.63,-0.003,0.101,153.316,-0.363,-0.5329999999999999
00:00:14.345,1572935808762,0.278,0.041,9.919,0.664,3.0,-0.016,21.63300000000001,-0.003,0.094,153.67600000000004,-0.363,-0.5329999999999999
00:00:14.346,1572935808763,0.17800000000000002,0.041,9.919,0.664,3.0,-0.016,21.635,-0.003,0.086,154.037,-0.362,-0.5329999999999999
00:00:14.347,1572935808764,0.136,0.041,6.477,0.664,3.0,-0.016,21.637,-0.003,0.077,154.39700000000005,-0.362,-0.5329999999999999
00:00:14.395,1572935808812,0.117,0.041,6.477,0.664,3.0,-0.016,21.639,-0.003,0.069,154.75799999999995,-0.361,-0.5329999999999999
00:00:14.396,1572935808813,0.098,0.04,6.477,0.664,3.0,-0.016,21.64,-0.003,0.059,155.119,-0.361,-0.5329999999999999
00:00:14.397,1572935808814,0.07400000000000001,0.04,6.477,0.664,3.0,-0.016,21.641,-0.003,0.05,155.47899999999996,-0.36,-0.5329999999999999
00:00:14.445,1572935808862,0.047,0.04,6.477,0.664,3.0,-0.016,21.642,-0.002,0.039,155.863,-0.359,-0.532
00:00:14.446,1572935808863,0.024,0.039,6.477,0.664,3.0,-0.016,21.642,-0.002,0.03,156.201,-0.359,-0.532
00:00:14.447,1572935808864,0.004,0.039,12.776,0.664,3.0,-0.016,21.642,-0.002,0.02,156.562,-0.358,-0.532
00:00:14.495,1572935808912,-0.002,0.038,12.776,0.664,3.0,-0.016,21.642,-0.002,0.01,156.945,-0.358,-0.532
00:00:14.496,1572935808913,0.021,0.038,12.776,0.664,3.0,-0.015,21.642,-0.002,0.001,157.283,-0.35700000000000004,-0.532
00:00:14.497,1572935808914,0.081,0.038,12.776,0.664,3.0,-0.015,21.645,-0.002,-0.008,157.644,-0.35700000000000004,-0.532
00:00:14.546,1572935808963,0.163,0.038,12.776,0.664,3.0,-0.015,21.649,-0.002,-0.017,158.02700000000004,-0.35600000000000004,-0.532
00:00:14.547,1572935808964,0.22,0.038,12.776,0.664,3.0,-0.015,21.653,-0.002,-0.024,158.365,-0.355,-0.532
00:00:14.548,1572935808965,0.247,0.038,20.1,0.664,3.0,-0.015,21.657,-0.002,-0.031,158.726,-0.355,-0.532
00:00:14.597,1572935809014,0.259,0.037000000000000005,20.1,0.664,3.0,-0.015,21.662,-0.002,-0.037000000000000005,159.08700000000005,-0.354,-0.531
00:00:14.598,1572935809015,0.299,0.037000000000000005,20.1,0.664,3.0,-0.015,21.667,-0.002,-0.042,159.44799999999995,-0.353,-0.531
00:00:14.599,1572935809016,0.369,0.037000000000000005,20.1,0.664,3.0,-0.015,21.675,-0.002,-0.046,159.809,-0.353,-0.531
00:00:14.648,1572935809065,0.439,0.036000000000000004,20.1,0.664,3.0,-0.015,21.683000000000003,-0.002,-0.049,160.171,-0.35200000000000004,-0.531
00:00:14.649,1572935809066,0.49,0.036000000000000004,20.1,0.664,3.0,-0.015,21.692,-0.002,-0.051,160.532,-0.35100000000000003,-0.531
00:00:14.650,1572935809067,0.516,0.036000000000000004,17.61,0.664,3.0,-0.015,21.7,-0.002,-0.052000000000000005,160.894,-0.35100000000000003,-0.531
00:00:14.699,1572935809116,0.515,0.036000000000000004,17.61,0.664,3.0,-0.015,21.709,-0.002,-0.052000000000000005,161.256,-0.35,-0.531
00:00:14.700,1572935809117,0.489,0.036000000000000004,17.61,0.664,3.0,-0.015,21.716,-0.002,-0.051,161.61700000000005,-0.349,-0.531
00:00:14.701,1572935809118,0.449,0.036000000000000004,17.61,0.664,3.0,-0.015,21.72300000000001,-0.002,-0.05,161.97899999999996,-0.348,-0.532
00:00:14.748,1572935809165,0.408,0.036000000000000004,17.61,0.664,3.0,-0.015,21.73,-0.003,-0.047,162.342,-0.348,-0.532
00:00:14.749,1572935809166,0.374,0.037000000000000005,17.61,0.664,3.0,-0.014,21.735,-0.003,-0.045,162.704,-0.34700000000000003,-0.532
00:00:14.750,1572935809167,0.349,0.037000000000000005,9.919,0.664,3.0,-0.014,21.741,-0.003,-0.042,163.066,-0.34600000000000003,-0.532
00:00:14.798,1572935809215,0.315,0.038,9.919,0.664,3.0,-0.014,21.746,-0.003,-0.038,163.451,-0.345,-0.532
00:00:14.799,1572935809216,0.262,0.038,9.919,0.664,3.0,-0.014,21.749,-0.003,-0.035,163.791,-0.344,-0.532
00:00:14.800,1572935809217,0.182,0.038,9.919,0.664,3.0,-0.014,21.751,-0.003,-0.033,164.153,-0.344,-0.5329999999999999
00:00:14.847,1572935809264,0.096,0.038,9.919,0.664,3.0,-0.014,21.752,-0.003,-0.03,164.53900000000004,-0.343,-0.5329999999999999
00:00:14.848,1572935809265,0.037000000000000005,0.038,9.919,0.664,3.0,-0.014,21.751,-0.003,-0.029,164.878,-0.342,-0.5329999999999999
00:00:14.849,1572935809266,0.002,0.038,5.4510000000000005,0.664,3.0,-0.014,21.751,-0.003,-0.028,165.241,-0.341,-0.5329999999999999
00:00:14.898,1572935809315,-0.016,0.038,5.4510000000000005,0.664,3.0,-0.014,21.751,-0.003,-0.027000000000000003,165.62599999999995,-0.34,-0.5329999999999999
00:00:14.899,1572935809316,-0.034,0.037000000000000005,5.4510000000000005,0.664,3.0,-0.014,21.75,-0.003,-0.027000000000000003,165.96599999999995,-0.34,-0.5329999999999999
00:00:14.900,1572935809317,-0.059,0.037000000000000005,5.4510000000000005,0.664,3.0,-0.014,21.748,-0.002,-0.027000000000000003,166.328,-0.339,-0.534
00:00:14.949,1572935809366,-0.086,0.037000000000000005,5.4510000000000005,0.664,3.0,-0.014,21.747,-0.002,-0.027000000000000003,166.69099999999997,-0.338,-0.534
00:00:14.950,1572935809367,-0.109,0.037000000000000005,5.4510000000000005,0.664,3.0,-0.014,21.745,-0.002,-0.028,167.053,-0.337,-0.534
00:00:14.951,1572935809368,-0.125,0.037000000000000005,3.767,0.664,3.0,-0.014,21.742,-0.002,-0.029,167.416,-0.336,-0.534
00:00:15.004,1572935809421,-0.135,0.036000000000000004,3.767,0.664,3.0,-0.014,21.74,-0.002,-0.03,167.778,-0.335,-0.534
00:00:15.005,1572935809422,-0.145,0.036000000000000004,3.767,0.664,3.0,-0.014,21.737,-0.002,-0.032,168.14,-0.334,-0.534
00:00:15.006,1572935809423,-0.155,0.036000000000000004,3.767,0.664,3.0,-0.014,21.735,-0.002,-0.034,168.503,-0.333,-0.534
00:00:15.050,1572935809467,-0.165,0.036000000000000004,3.767,0.664,3.0,-0.014,21.732,-0.002,-0.035,168.865,-0.332,-0.534
00:00:15.051,1572935809468,-0.173,0.036000000000000004,3.767,0.664,3.0,-0.014,21.729,-0.002,-0.037000000000000005,169.227,-0.331,-0.534
00:00:15.052,1572935809469,-0.179,0.036000000000000004,4.792,0.664,3.0,-0.014,21.726,-0.002,-0.039,169.58900000000003,-0.33,-0.534
00:00:15.100,1572935809517,-0.183,0.036000000000000004,4.792,0.664,3.0,-0.014,21.72300000000001,-0.002,-0.042,169.951,-0.329,-0.534
00:00:15.101,1572935809518,-0.183,0.036000000000000004,4.792,0.664,3.0,-0.014,21.72,-0.002,-0.044,170.313,-0.328,-0.534
00:00:15.102,1572935809519,-0.179,0.036000000000000004,4.792,0.664,3.0,-0.014,21.717,-0.002,-0.046,170.675,-0.328,-0.534
00:00:15.150,1572935809567,-0.174,0.035,4.792,0.664,3.0,-0.014,21.714,-0.002,-0.049,171.037,-0.327,-0.534
00:00:15.151,1572935809568,-0.168,0.035,4.792,0.664,3.0,-0.014,21.711,-0.002,-0.051,171.37599999999995,-0.326,-0.534
00:00:15.152,1572935809569,-0.163,0.034,12.776,0.664,3.0,-0.014,21.709,-0.002,-0.053,171.738,-0.325,-0.534
00:00:15.200,1572935809617,-0.14800000000000002,0.034,12.776,0.664,3.0,-0.014,21.706,-0.002,-0.056,172.123,-0.32299999999999995,-0.534
00:00:15.201,1572935809618,-0.109,0.034,12.776,0.664,3.0,-0.014,21.705,-0.002,-0.058,172.46200000000005,-0.32299999999999995,-0.534
00:00:15.202,1572935809619,-0.041,0.033,12.776,0.664,3.0,-0.014,21.706,-0.002,-0.059,172.824,-0.321,-0.534
00:00:15.250,1572935809667,0.031,0.033,12.776,0.664,3.0,-0.014,21.707,-0.002,-0.061,173.185,-0.32,-0.534
00:00:15.251,1572935809668,0.08800000000000001,0.032,12.776,0.664,3.0,-0.014,21.709,-0.002,-0.061,173.547,-0.319,-0.534
00:00:15.252,1572935809669,0.124,0.031,16.951,0.664,3.0,-0.013,21.712,-0.002,-0.062,173.90900000000005,-0.318,-0.534
00:00:15.302,1572935809719,0.14800000000000002,0.03,16.951,0.664,3.0,-0.013,21.715,-0.002,-0.062,174.271,-0.317,-0.534
00:00:15.303,1572935809720,0.173,0.029,16.951,0.664,3.0,-0.013,21.718000000000004,-0.002,-0.061,174.63299999999995,-0.316,-0.534
00:00:15.304,1572935809721,0.203,0.028,16.951,0.664,3.0,-0.013,21.722,-0.002,-0.06,174.995,-0.315,-0.534
00:00:15.351,1572935809768,0.233,0.027000000000000003,16.951,0.664,3.0,-0.013,21.726,-0.002,-0.058,175.357,-0.314,-0.534
00:00:15.352,1572935809769,0.259,0.026,16.951,0.664,3.0,-0.013,21.731,-0.002,-0.055,175.71900000000005,-0.313,-0.534
00:00:15.353,1572935809770,0.277,0.026,21.126,0.664,3.0,-0.013,21.735,-0.002,-0.052000000000000005,176.081,-0.312,-0.534
00:00:15.402,1572935809819,0.29600000000000004,0.026,21.126,0.664,3.0,-0.013,21.741,-0.002,-0.048,176.46599999999995,-0.311,-0.5329999999999999
00:00:15.403,1572935809820,0.32,0.026,21.126,0.664,3.0,-0.013,21.746,-0.002,-0.044,176.80599999999995,-0.309,-0.5329999999999999
00:00:15.404,1572935809821,0.353,0.026,21.126,0.664,3.0,-0.012,21.753,-0.002,-0.04,177.168,-0.308,-0.5329999999999999
00:00:15.452,1572935809869,0.388,0.026,21.126,0.664,3.0,-0.012,21.76,-0.002,-0.034,177.554,-0.307,-0.5329999999999999
00:00:15.453,1572935809870,0.414,0.025,21.126,0.664,3.0,-0.012,21.767,-0.002,-0.029,177.894,-0.306,-0.5329999999999999
00:00:15.454,1572935809871,0.434,0.025,22.957,0.664,3.0,-0.012,21.774,-0.002,-0.024,178.257,-0.305,-0.5329999999999999
00:00:15.502,1572935809919,0.448,0.025,22.957,0.664,3.0,-0.012,21.783,-0.002,-0.018000000000000002,178.642,-0.304,-0.5329999999999999
00:00:15.503,1572935809920,0.455,0.025,22.957,0.664,3.0,-0.012,21.79,-0.002,-0.012,178.983,-0.303,-0.5329999999999999
00:00:15.504,1572935809921,0.461,0.024,22.957,0.664,3.0,-0.012,21.797,-0.002,-0.006,179.34599999999998,-0.301,-0.5329999999999999
00:00:15.557,1572935809974,0.465,0.024,22.957,0.664,3.0,-0.012,21.806,-0.002,0.0,179.732,-0.3,-0.5329999999999999
00:00:15.558,1572935809975,0.467,0.024,22.957,0.664,3.0,-0.011,21.813,-0.002,0.005,180.07299999999995,-0.299,-0.5329999999999999
00:00:15.559,1572935809976,0.467,0.024,23.616,0.664,3.0,-0.011,21.821,-0.002,0.01,180.436,-0.298,-0.5329999999999999
00:00:15.604,1572935810021,0.467,0.023,23.616,0.664,3.0,-0.011,21.829,-0.002,0.015,180.8,-0.297,-0.5329999999999999
00:00:15.605,1572935810022,0.467,0.023,23.616,0.664,3.0,-0.011,21.837,-0.001,0.02,181.187,-0.295,-0.5329999999999999
00:00:15.606,1572935810023,0.468,0.023,23.616,0.664,3.0,-0.011,21.844,-0.001,0.023,181.528,-0.294,-0.5329999999999999
00:00:15.654,1572935810071,0.47,0.022,23.616,0.664,3.0,-0.011,21.852,-0.001,0.027000000000000003,181.892,-0.293,-0.5329999999999999
00:00:15.655,1572935810072,0.471,0.022,23.616,0.664,3.0,-0.011,21.86,-0.001,0.03,182.256,-0.292,-0.5329999999999999
00:00:15.656,1572935810073,0.472,0.022,25.301,0.664,3.0,-0.011,21.868,-0.001,0.032,182.621,-0.29,-0.5329999999999999
00:00:15.705,1572935810122,0.473,0.022,25.301,0.664,3.0,-0.011,21.876,-0.001,0.034,182.985,-0.289,-0.5329999999999999
00:00:15.706,1572935810123,0.477,0.022,25.301,0.664,3.0,-0.01,21.884,-0.001,0.035,183.35,-0.28800000000000003,-0.5329999999999999
00:00:15.707,1572935810124,0.483,0.022,25.301,0.664,3.0,-0.01,21.892,-0.001,0.036000000000000004,183.715,-0.287,-0.5329999999999999
00:00:15.755,1572935810172,0.49,0.022,25.301,0.664,3.0,-0.01,21.901,-0.001,0.037000000000000005,184.102,-0.285,-0.5329999999999999
00:00:15.756,1572935810173,0.495,0.022,25.301,0.664,3.0,-0.01,21.908,-0.001,0.037000000000000005,184.445,-0.284,-0.5329999999999999
00:00:15.757,1572935810174,0.498,0.022,26.765,1.128,3.0,-0.01,21.917,-0.001,0.037000000000000005,184.81,-0.28300000000000003,-0.5329999999999999
00:00:15.805,1572935810222,0.4970000000000001,0.023,26.765,1.128,3.0,-0.01,21.926,-0.001,0.036000000000000004,185.198,-0.282,-0.5329999999999999
00:00:15.806,1572935810223,0.498,0.023,26.765,1.128,3.0,-0.01,21.934,-0.001,0.035,185.564,-0.28,-0.5329999999999999
00:00:15.807,1572935810224,0.501,0.023,26.765,1.128,3.0,-0.01,21.942,-0.002,0.035,185.906,-0.279,-0.5329999999999999
00:00:15.855,1572935810272,0.506,0.024,26.765,1.128,3.0,-0.01,21.951,-0.002,0.034,186.295,-0.278,-0.5329999999999999
00:00:15.856,1572935810273,0.51,0.024,26.765,1.128,3.0,-0.01,21.959,-0.002,0.033,186.638,-0.276,-0.5329999999999999
00:00:15.857,1572935810274,0.514,0.025,26.985,0.664,3.0,-0.01,21.967,-0.002,0.032,187.004,-0.275,-0.5329999999999999
00:00:15.905,1572935810322,0.52,0.025,26.985,0.664,3.0,-0.01,21.977,-0.002,0.031,187.393,-0.274,-0.534
00:00:15.906,1572935810323,0.525,0.025,26.985,0.664,3.0,-0.01,21.985,-0.002,0.03,187.737,-0.272,-0.534
00:00:15.907,1572935810324,0.527,0.026,26.985,0.664,3.0,-0.01,21.994,-0.002,0.029,188.103,-0.271,-0.534
00:00:15.955,1572935810372,0.528,0.026,26.985,0.664,3.0,-0.01,22.003,-0.002,0.028,188.47,-0.27,-0.534
00:00:15.956,1572935810373,0.529,0.026,26.985,0.664,3.0,-0.01,22.012,-0.002,0.028,188.859,-0.268,-0.534
00:00:15.957,1572935810374,0.528,0.026,26.985,0.664,3.0,-0.01,22.02,-0.002,0.027000000000000003,189.203,-0.267,-0.534
00:00:16.005,1572935810422,0.528,0.027000000000000003,26.985,0.664,3.0,-0.01,22.029,-0.002,0.026,189.57,-0.266,-0.534
00:00:16.006,1572935810423,0.528,0.027000000000000003,26.985,0.664,3.0,-0.01,22.038,-0.002,0.025,189.961,-0.264,-0.534
00:00:16.007,1572935810424,0.527,0.027000000000000003,26.985,0.664,3.0,-0.01,22.047,-0.002,0.024,190.328,-0.263,-0.534
00:00:16.056,1572935810473,0.527,0.027000000000000003,26.985,0.664,3.0,-0.01,22.055,-0.002,0.024,190.673,-0.261,-0.534
00:00:16.057,1572935810474,0.526,0.026,26.985,0.664,3.0,-0.01,22.064,-0.002,0.023,191.04,-0.26,-0.534
00:00:16.058,1572935810475,0.526,0.026,27.132,0.664,3.0,-0.01,22.073,-0.002,0.022,191.408,-0.259,-0.534
00:00:16.106,1572935810523,0.526,0.024,27.132,0.664,3.0,-0.01,22.083,-0.002,0.021,191.822,-0.257,-0.534
00:00:16.107,1572935810524,0.526,0.023,27.132,0.664,3.0,-0.01,22.09,-0.002,0.021,192.144,-0.256,-0.534
00:00:16.108,1572935810525,0.526,0.021,27.132,0.664,3.0,-0.01,22.099,-0.003,0.02,192.512,-0.254,-0.534
00:00:16.156,1572935810573,0.526,0.019,27.132,0.664,3.0,-0.01,22.108,-0.003,0.019,192.881,-0.253,-0.534
00:00:16.157,1572935810574,0.527,0.017,27.132,0.664,3.0,-0.01,22.117,-0.003,0.019,193.249,-0.251,-0.534
00:00:16.158,1572935810575,0.527,0.015,27.132,0.664,3.0,-0.01,22.125,-0.003,0.018000000000000002,193.595,-0.25,-0.534
00:00:16.207,1572935810624,0.527,0.012,27.132,0.664,3.0,-0.01,22.134,-0.003,0.018000000000000002,193.987,-0.248,-0.534
00:00:16.208,1572935810625,0.526,0.01,27.132,0.664,3.0,-0.01,22.142,-0.003,0.017,194.333,-0.247,-0.534
00:00:16.209,1572935810626,0.526,0.008,27.132,0.664,3.0,-0.01,22.152,-0.003,0.017,194.725,-0.246,-0.534
00:00:16.210,1572935810627,0.526,0.006,27.132,0.664,3.0,-0.01,22.16,-0.003,0.017,195.071,-0.244,-0.534
00:00:16.257,1572935810674,0.525,0.005,27.132,0.664,3.0,-0.009000000000000001,22.169,-0.003,0.017,195.44,-0.243,-0.534
00:00:16.258,1572935810675,0.525,0.004,27.132,0.664,3.0,-0.009000000000000001,22.177,-0.003,0.016,195.81,-0.241,-0.534
00:00:16.259,1572935810676,0.525,0.003,27.132,0.664,3.0,-0.009000000000000001,22.187,-0.003,0.016,196.203,-0.24,-0.534
00:00:16.309,1572935810726,0.524,0.003,27.132,0.664,3.0,-0.008,22.195,-0.003,0.016,196.549,-0.238,-0.534
00:00:16.310,1572935810727,0.524,0.002,27.132,0.664,3.0,-0.008,22.204,-0.002,0.016,196.919,-0.237,-0.534
00:00:16.311,1572935810728,0.524,0.002,27.132,0.664,3.0,-0.008,22.213,-0.002,0.016,197.313,-0.235,-0.534
00:00:16.359,1572935810776,0.523,0.001,27.132,0.664,3.0,-0.006999999999999999,22.222,-0.002,0.016,197.683,-0.234,-0.534
00:00:16.360,1572935810777,0.523,0.001,27.132,0.664,3.0,-0.006999999999999999,22.23,-0.002,0.016,198.03,-0.232,-0.534
00:00:16.361,1572935810778,0.523,0.0,27.132,0.664,3.0,-0.006999999999999999,22.239,-0.001,0.016,198.401,-0.231,-0.534
00:00:16.410,1572935810827,0.522,-0.001,27.132,0.664,3.0,-0.006,22.247,-0.001,0.017,198.772,-0.229,-0.534
00:00:16.411,1572935810828,0.522,-0.002,27.132,0.664,3.0,-0.006,22.256,-0.001,0.017,199.142,-0.228,-0.534
00:00:16.412,1572935810829,0.522,-0.003,27.132,0.664,3.0,-0.006,22.265,0.0,0.017,199.537,-0.226,-0.534
00:00:16.460,1572935810877,0.522,-0.004,27.132,0.664,3.0,-0.006,22.273000000000003,0.0,0.017,199.885,-0.225,-0.534
00:00:16.461,1572935810878,0.521,-0.005,24.495,0.664,3.0,-0.005,22.283,0.0,0.017,200.279,-0.223,-0.534
00:00:16.462,1572935810879,0.519,-0.006,24.495,0.664,3.0,-0.005,22.291,0.0,0.017,200.651,-0.222,-0.534
00:00:16.510,1572935810927,0.512,-0.006999999999999999,24.495,0.664,3.0,-0.005,22.3,0.001,0.018000000000000002,201.022,-0.221,-0.534
00:00:16.511,1572935810928,0.502,-0.006999999999999999,24.495,0.664,3.0,-0.004,22.307,0.001,0.018000000000000002,201.371,-0.219,-0.534
00:00:16.512,1572935810929,0.491,-0.008,24.495,0.664,3.0,-0.004,22.315,0.001,0.018000000000000002,201.742,-0.218,-0.534
00:00:16.560,1572935810977,0.481,-0.008,24.495,0.664,3.0,-0.004,22.324,0.001,0.018000000000000002,202.138,-0.21600000000000005,-0.534
00:00:16.561,1572935810978,0.473,-0.009000000000000001,13.800999999999998,0.664,3.0,-0.003,22.331,0.001,0.018000000000000002,202.51,-0.215,-0.534
00:00:16.562,1572935810979,0.454,-0.009000000000000001,13.800999999999998,0.664,3.0,-0.003,22.338,0.001,0.017,202.859,-0.213,-0.534
00:00:16.610,1572935811027,0.401,-0.009000000000000001,13.800999999999998,0.664,3.0,-0.003,22.344,0.001,0.017,203.254,-0.212,-0.534
00:00:16.611,1572935811028,0.333,-0.009000000000000001,13.800999999999998,0.664,3.0,-0.003,22.34800000000001,0.001,0.016,203.604,-0.21,-0.534
00:00:16.612,1572935811029,0.255,-0.009000000000000001,13.800999999999998,0.664,3.0,-0.002,22.352,0.002,0.014,203.999,-0.209,-0.534
00:00:16.665,1572935811082,0.192,-0.009000000000000001,13.800999999999998,0.664,3.0,-0.002,22.354,0.002,0.013,204.372,-0.207,-0.534
00:00:16.666,1572935811083,0.149,-0.009000000000000001,12.629,0.664,3.0,-0.002,22.356,0.002,0.01,204.721,-0.206,-0.534
00:00:16.667,1572935811084,0.117,-0.009000000000000001,12.629,0.664,3.0,-0.002,22.358,0.002,0.008,205.117,-0.204,-0.534
00:00:16.710,1572935811127,0.099,-0.009000000000000001,12.629,0.664,3.0,-0.002,22.359,0.002,0.005,205.49,-0.203,-0.534
00:00:16.711,1572935811128,0.08900000000000001,-0.009000000000000001,12.629,0.664,3.0,-0.001,22.361,0.001,0.002,205.83900000000003,-0.202,-0.534
00:00:16.712,1572935811129,0.08199999999999999,-0.008,12.629,0.664,3.0,-0.001,22.362,0.001,-0.001,206.235,-0.2,-0.534
00:00:16.761,1572935811178,0.08,-0.008,12.629,0.664,3.0,-0.001,22.363000000000003,0.001,-0.005,206.608,-0.199,-0.534
00:00:16.762,1572935811179,0.08,-0.006999999999999999,13.288,0.664,3.0,-0.001,22.365,0.001,-0.008,206.981,-0.197,-0.534
00:00:16.763,1572935811180,0.08199999999999999,-0.006999999999999999,13.288,0.664,3.0,-0.001,22.366,0.001,-0.011,207.353,-0.196,-0.534
00:00:16.812,1572935811229,0.08800000000000001,-0.006,13.288,0.664,3.0,-0.001,22.368,0.001,-0.015,207.726,-0.194,-0.534
00:00:16.813,1572935811230,0.095,-0.006,13.288,0.664,3.0,-0.001,22.369,0.001,-0.018000000000000002,208.076,-0.193,-0.534
00:00:16.814,1572935811231,0.103,-0.005,13.288,0.664,3.0,-0.001,22.371,0.001,-0.021,208.472,-0.192,-0.534
00:00:16.863,1572935811280,0.108,-0.005,13.288,0.664,3.0,0.0,22.373,0.001,-0.024,208.845,-0.19,-0.534
00:00:16.864,1572935811281,0.112,-0.004,18.123,0.664,3.0,0.0,22.375,0.001,-0.027000000000000003,209.217,-0.189,-0.534
00:00:16.865,1572935811282,0.121,-0.004,18.123,0.664,3.0,0.0,22.377,0.001,-0.03,209.59,-0.187,-0.5329999999999999
00:00:16.913,1572935811330,0.146,-0.003,18.123,0.664,3.0,0.0,22.38,0.001,-0.033,209.963,-0.18600000000000005,-0.5329999999999999
00:00:16.914,1572935811331,0.18600000000000005,-0.002,18.123,0.664,3.0,0.0,22.384,0.0,-0.035,210.336,-0.184,-0.5329999999999999
00:00:16.915,1572935811332,0.23,-0.002,18.123,0.664,3.0,0.0,22.388,0.0,-0.036000000000000004,210.709,-0.183,-0.5329999999999999
00:00:16.963,1572935811380,0.269,-0.001,18.123,0.664,3.0,0.0,22.393,0.0,-0.038,211.083,-0.182,-0.5329999999999999
00:00:16.964,1572935811381,0.298,-0.001,18.269,0.664,3.0,0.0,22.398000000000003,0.0,-0.038,211.456,-0.18,-0.5329999999999999
00:00:16.965,1572935811382,0.316,-0.001,18.269,0.664,3.0,0.0,22.404,0.0,-0.039,211.829,-0.179,-0.5329999999999999
00:00:17.013,1572935811430,0.326,0.0,18.269,0.664,3.0,0.0,22.409,0.0,-0.038,212.203,-0.177,-0.5329999999999999
00:00:17.014,1572935811431,0.329,-0.001,18.269,0.664,3.0,0.0,22.415,0.0,-0.038,212.576,-0.17600000000000002,-0.5329999999999999
00:00:17.015,1572935811432,0.328,-0.001,18.269,0.664,3.0,0.0,22.42,0.0,-0.037000000000000005,212.95,-0.174,-0.5329999999999999
00:00:17.063,1572935811480,0.326,-0.002,18.269,0.664,3.0,0.0,22.426,0.0,-0.035,213.324,-0.173,-0.5329999999999999
00:00:17.064,1572935811481,0.32299999999999995,-0.003,18.489,0.664,3.0,0.0,22.431,0.0,-0.034,213.674,-0.172,-0.5329999999999999
00:00:17.065,1572935811482,0.32,-0.006,18.489,0.664,3.0,0.0,22.436,0.0,-0.031,214.071,-0.17,-0.5329999999999999
00:00:17.113,1572935811530,0.319,-0.01,18.489,0.664,3.0,-0.001,22.442,-0.001,-0.029,214.445,-0.16899999999999998,-0.5329999999999999
00:00:17.114,1572935811531,0.32,-0.015,18.489,0.664,3.0,-0.001,22.447,-0.001,-0.027000000000000003,214.819,-0.16699999999999998,-0.5329999999999999
00:00:17.115,1572935811532,0.321,-0.021,18.489,0.664,3.0,-0.001,22.45300000000001,-0.001,-0.024,215.217,-0.166,-0.5329999999999999
00:00:17.164,1572935811581,0.322,-0.027000000000000003,18.489,0.664,3.0,-0.001,22.458,-0.001,-0.021,215.568,-0.165,-0.534
00:00:17.165,1572935811582,0.324,-0.032,18.489,0.664,3.0,-0.001,22.463,-0.002,-0.019,215.942,-0.163,-0.534
00:00:17.166,1572935811583,0.325,-0.037000000000000005,18.489,0.664,3.0,-0.001,22.469,-0.002,-0.016,216.317,-0.162,-0.534
00:00:17.215,1572935811632,0.325,-0.041,18.489,0.664,3.0,0.0,22.474,-0.002,-0.014,216.691,-0.16,-0.534
00:00:17.216,1572935811633,0.325,-0.044,18.489,0.664,3.0,0.001,22.479,-0.002,-0.011,217.066,-0.159,-0.534
00:00:17.217,1572935811634,0.325,-0.045,18.489,0.664,3.0,0.001,22.485,-0.002,-0.009000000000000001,217.44,-0.158,-0.534
00:00:17.265,1572935811682,0.324,-0.046,18.489,0.664,3.0,0.002,22.49,-0.001,-0.006999999999999999,217.815,-0.156,-0.534
00:00:17.266,1572935811683,0.324,-0.047,18.635,0.664,3.0,0.003,22.496,-0.001,-0.005,218.19,-0.155,-0.534
00:00:17.267,1572935811684,0.324,-0.047,18.635,0.664,3.0,0.004,22.501,-0.001,-0.003,218.565,-0.154,-0.534
00:00:17.316,1572935811733,0.324,-0.047,18.635,0.664,3.0,0.004,22.506,0.0,-0.002,218.94,-0.152,-0.534
00:00:17.317,1572935811734,0.325,-0.048,18.635,0.664,3.0,0.005,22.512,0.001,0.0,219.315,-0.151,-0.534
00:00:17.318,1572935811735,0.327,-0.049,18.635,0.664,3.0,0.006,22.517,0.001,0.001,219.69,-0.15,-0.534
00:00:17.367,1572935811784,0.328,-0.051,18.635,0.664,3.0,0.006,22.523000000000003,0.002,0.002,220.066,-0.149,-0.534
00:00:17.368,1572935811785,0.329,-0.053,18.635,0.664,3.0,0.006999999999999999,22.528,0.002,0.002,220.441,-0.147,-0.534
00:00:17.369,1572935811786,0.329,-0.056,18.635,0.664,3.0,0.008,22.534,0.003,0.003,220.84,-0.146,-0.534
00:00:17.417,1572935811834,0.329,-0.058,18.635,0.664,3.0,0.008,22.539,0.003,0.003,221.192,-0.145,-0.534
00:00:17.418,1572935811835,0.329,-0.061,18.635,0.664,3.0,0.009000000000000001,22.545,0.004,0.003,221.568,-0.14400000000000002,-0.534
00:00:17.419,1572935811836,0.329,-0.063,18.635,0.664,3.0,0.009000000000000001,22.551,0.004,0.003,221.967,-0.142,-0.534
00:00:17.467,1572935811884,0.329,-0.064,18.635,0.664,3.0,0.01,22.556,0.005,0.003,222.32,-0.141,-0.534
00:00:17.468,1572935811885,0.329,-0.066,18.635,0.664,3.0,0.01,22.561,0.005,0.003,222.696,-0.14,-0.534
00:00:17.469,1572935811886,0.329,-0.067,18.635,0.664,3.0,0.011,22.567,0.005,0.002,223.095,-0.139,-0.534
00:00:17.518,1572935811935,0.328,-0.068,18.635,0.664,3.0,0.012,22.572,0.005,0.002,223.448,-0.138,-0.534
00:00:17.519,1572935811936,0.328,-0.068,18.635,0.664,3.0,0.012,22.57800000000001,0.006,0.001,223.824,-0.13699999999999998,-0.534
00:00:17.520,1572935811937,0.328,-0.069,18.635,0.664,3.0,0.013,22.583,0.006,0.001,224.2,-0.136,-0.534
00:00:17.570,1572935811987,0.328,-0.069,18.635,0.664,3.0,0.013,22.589,0.006,0.001,224.577,-0.135,-0.534
00:00:17.571,1572935811988,0.328,-0.068,18.635,0.664,3.0,0.014,22.594,0.006,0.0,224.953,-0.134,-0.534
00:00:17.572,1572935811989,0.328,-0.068,18.635,0.664,3.0,0.014,22.6,0.006,-0.001,225.33,-0.133,-0.534
00:00:17.620,1572935812037,0.327,-0.067,18.635,0.664,3.0,0.014,22.605,0.006,-0.001,225.707,-0.132,-0.534
00:00:17.621,1572935812038,0.327,-0.066,18.635,0.664,3.0,0.015,22.61,0.006,-0.002,226.084,-0.131,-0.534
00:00:17.622,1572935812039,0.327,-0.065,18.635,0.664,3.0,0.015,22.616,0.006,-0.002,226.46,-0.13,-0.534
00:00:17.670,1572935812087,0.327,-0.065,18.635,0.664,3.0,0.016,22.621,0.006,-0.003,226.837,-0.129,-0.534
00:00:17.671,1572935812088,0.327,-0.064,18.635,0.664,3.0,0.016,22.627,0.006,-0.004,227.21400000000003,-0.128,-0.534
00:00:17.672,1572935812089,0.327,-0.063,18.635,0.664,3.0,0.016,22.632,0.006,-0.004,227.592,-0.127,-0.534
00:00:17.720,1572935812137,0.326,-0.062,18.635,0.664,3.0,0.016,22.638,0.006,-0.005,227.969,-0.126,-0.534
00:00:17.721,1572935812138,0.326,-0.061,18.635,0.664,3.0,0.017,22.643,0.005,-0.005,228.346,-0.125,-0.534
00:00:17.722,1572935812139,0.326,-0.06,18.635,0.664,3.0,0.017,22.648000000000003,0.005,-0.006,228.724,-0.124,-0.534
00:00:17.770,1572935812187,0.326,-0.059,18.635,0.664,3.0,0.017,22.654,0.005,-0.006,229.101,-0.124,-0.534
00:00:17.771,1572935812188,0.325,-0.058,18.635,0.664,3.0,0.017,22.659,0.005,-0.006999999999999999,229.479,-0.123,-0.534
00:00:17.772,1572935812189,0.325,-0.058,18.635,0.664,3.0,0.017,22.662,0.005,-0.006999999999999999,229.668,-0.122,-0.534
00:00:17.820,1572935812237,0.325,-0.057,18.635,0.664,3.0,0.018000000000000002,22.667,0.005,-0.008,230.045,-0.122,-0.534
00:00:17.821,1572935812238,0.325,-0.056,18.635,0.664,3.0,0.018000000000000002,22.673,0.005,-0.008,230.423,-0.121,-0.534
00:00:17.822,1572935812239,0.325,-0.055,18.635,0.664,3.0,0.018000000000000002,22.679,0.005,-0.009000000000000001,230.825,-0.12,-0.534
00:00:17.871,1572935812288,0.325,-0.053,18.635,0.664,3.0,0.018000000000000002,22.684,0.004,-0.009000000000000001,231.179,-0.119,-0.534
00:00:17.872,1572935812289,0.324,-0.052000000000000005,18.489,0.664,3.0,0.018000000000000002,22.689,0.004,-0.009000000000000001,231.557,-0.119,-0.534
00:00:17.873,1572935812290,0.324,-0.051,18.489,0.664,3.0,0.018000000000000002,22.69400000000001,0.004,-0.009000000000000001,231.935,-0.118,-0.534
00:00:17.923,1572935812340,0.32299999999999995,-0.05,18.489,0.664,3.0,0.018000000000000002,22.7,0.004,-0.01,232.314,-0.117,-0.534
00:00:17.924,1572935812341,0.322,-0.05,18.489,0.664,3.0,0.018000000000000002,22.705,0.004,-0.01,232.692,-0.116,-0.534
00:00:17.925,1572935812342,0.32,-0.049,18.489,0.664,3.0,0.018000000000000002,22.711,0.004,-0.01,233.07,-0.116,-0.534
00:00:17.972,1572935812389,0.319,-0.048,18.489,0.664,3.0,0.018000000000000002,22.716,0.004,-0.01,233.449,-0.115,-0.534
00:00:17.973,1572935812390,0.317,-0.047,17.61,0.664,3.0,0.018000000000000002,22.721,0.004,-0.01,233.828,-0.114,-0.534
00:00:17.974,1572935812391,0.316,-0.046,17.61,0.664,3.0,0.018000000000000002,22.726,0.004,-0.01,234.206,-0.114,-0.534
00:00:18.024,1572935812441,0.312,-0.046,17.61,0.664,3.0,0.018000000000000002,22.731,0.004,-0.01,234.585,-0.113,-0.534
00:00:18.025,1572935812442,0.305,-0.045,17.61,0.664,3.0,0.018000000000000002,22.736,0.003,-0.01,234.96400000000003,-0.112,-0.534
00:00:18.026,1572935812443,0.29600000000000004,-0.045,17.61,0.664,3.0,0.018000000000000002,22.742,0.003,-0.01,235.367,-0.112,-0.534
00:00:18.027,1572935812444,0.28800000000000003,-0.044,17.61,0.664,3.0,0.018000000000000002,22.746,0.003,-0.01,235.722,-0.111,-0.534
00:00:18.075,1572935812492,0.281,-0.044,10.432,0.664,3.0,0.018000000000000002,22.75,0.003,-0.01,236.101,-0.111,-0.534
00:00:18.076,1572935812493,0.272,-0.044,10.432,0.664,3.0,0.018000000000000002,22.755,0.003,-0.011,236.504,-0.11,-0.534
00:00:18.077,1572935812494,0.245,-0.044,10.432,0.664,3.0,0.018000000000000002,22.75800000000001,0.003,-0.011,236.86,-0.11,-0.534
00:00:18.125,1572935812542,0.194,-0.044,10.432,0.664,3.0,0.018000000000000002,22.761,0.003,-0.011,237.239,-0.109,-0.534
00:00:18.126,1572935812543,0.126,-0.044,10.432,0.664,3.0,0.017,22.762,0.003,-0.012,237.642,-0.108,-0.534
00:00:18.127,1572935812544,0.066,-0.044,10.432,0.664,3.0,0.017,22.762,0.003,-0.014,237.998,-0.108,-0.534
00:00:18.175,1572935812592,0.015,-0.044,10.432,0.664,3.0,0.017,22.762,0.003,-0.015,238.377,-0.107,-0.534
00:00:18.176,1572935812593,-0.015,-0.044,10.432,0.664,3.0,0.017,22.761,0.003,-0.017,238.757,-0.107,-0.534
00:00:18.177,1572935812594,-0.024,-0.043,10.432,0.664,3.0,0.017,22.761,0.003,-0.02,239.136,-0.106,-0.534
00:00:18.225,1572935812642,-0.02,-0.043,10.432,0.664,3.0,0.017,22.761,0.003,-0.022,239.515,-0.106,-0.534
00:00:18.226,1572935812643,-0.012,-0.042,10.432,0.664,3.0,0.017,22.761,0.003,-0.024,239.895,-0.106,-0.534
00:00:18.227,1572935812644,-0.005,-0.042,10.432,0.664,3.0,0.017,22.761,0.003,-0.027000000000000003,240.274,-0.105,-0.534
00:00:18.276,1572935812693,0.001,-0.041,10.652,0.664,3.0,0.017,22.761,0.003,-0.029,240.653,-0.105,-0.534
00:00:18.277,1572935812694,0.004,-0.041,10.652,0.664,3.0,0.017,22.761,0.003,-0.031,241.033,-0.104,-0.534
00:00:18.278,1572935812695,0.005,-0.041,10.652,0.664,3.0,0.017,22.761,0.003,-0.034,241.412,-0.104,-0.534
00:00:18.327,1572935812744,0.006,-0.041,10.652,0.664,3.0,0.017,22.761,0.003,-0.036000000000000004,241.791,-0.103,-0.534
00:00:18.328,1572935812745,0.006999999999999999,-0.041,10.652,0.664,3.0,0.017,22.761,0.003,-0.038,242.171,-0.103,-0.534
00:00:18.329,1572935812746,0.008,-0.041,10.652,0.664,3.0,0.017,22.761,0.003,-0.041,242.55,-0.103,-0.534
00:00:18.378,1572935812795,0.008,-0.041,11.091,0.664,3.0,0.017,22.761,0.003,-0.043,242.929,-0.102,-0.534
00:00:18.379,1572935812796,0.008,-0.041,11.091,0.664,3.0,0.017,22.762,0.003,-0.045,243.332,-0.102,-0.534
00:00:18.380,1572935812797,0.01,-0.041,11.091,0.664,3.0,0.017,22.762,0.003,-0.047,243.688,-0.102,-0.534
00:00:18.428,1572935812845,0.012,-0.041,11.091,0.664,3.0,0.016,22.762,0.003,-0.048,244.067,-0.101,-0.534
00:00:18.429,1572935812846,0.016,-0.041,11.091,0.664,3.0,0.016,22.762,0.003,-0.05,244.471,-0.101,-0.534
00:00:18.430,1572935812847,0.019,-0.041,11.091,0.664,3.0,0.016,22.763,0.003,-0.052000000000000005,244.826,-0.101,-0.534
00:00:18.478,1572935812895,0.021,-0.041,11.824000000000002,0.664,3.0,0.016,22.763,0.003,-0.053,245.206,-0.1,-0.534
00:00:18.479,1572935812896,0.023,-0.041,11.824000000000002,0.664,3.0,0.016,22.763,0.003,-0.054000000000000006,245.609,-0.1,-0.534
00:00:18.480,1572935812897,0.026,-0.041,11.824000000000002,0.664,3.0,0.016,22.764,0.003,-0.055,245.96400000000003,-0.1,-0.534
00:00:18.528,1572935812945,0.031,-0.041,11.824000000000002,0.664,3.0,0.016,22.765,0.003,-0.056,246.344,-0.099,-0.534
00:00:18.529,1572935812946,0.036000000000000004,-0.041,11.824000000000002,0.664,3.0,0.016,22.765,0.003,-0.056,246.723,-0.099,-0.534
00:00:18.530,1572935812947,0.042,-0.041,11.824000000000002,0.664,3.0,0.016,22.766,0.003,-0.057,247.103,-0.099,-0.534
00:00:18.578,1572935812995,0.046,-0.041,12.117,0.664,3.0,0.016,22.767,0.003,-0.057,247.482,-0.099,-0.534
00:00:18.579,1572935812996,0.049,-0.041,12.117,0.664,3.0,0.016,22.768,0.003,-0.057,247.862,-0.098,-0.534
00:00:18.580,1572935812997,0.051,-0.041,12.117,0.664,3.0,0.016,22.769,0.003,-0.056,248.241,-0.098,-0.534
00:00:18.628,1572935813045,0.052000000000000005,-0.041,12.117,0.664,3.0,0.016,22.769,0.003,-0.056,248.62,-0.098,-0.534
00:00:18.629,1572935813046,0.054000000000000006,-0.042,12.117,0.664,3.0,0.016,22.77,0.003,-0.055,249.0,-0.098,-0.534
00:00:18.630,1572935813047,0.056,-0.042,12.117,0.664,3.0,0.016,22.771,0.003,-0.055,249.38,-0.098,-0.534
00:00:18.679,1572935813096,0.057,-0.042,12.629,0.664,3.0,0.016,22.772,0.003,-0.054000000000000006,249.759,-0.097,-0.534
00:00:18.680,1572935813097,0.058,-0.042,12.629,0.664,3.0,0.016,22.773000000000003,0.003,-0.053,250.162,-0.097,-0.534
00:00:18.681,1572935813098,0.06,-0.042,12.629,0.664,3.0,0.016,22.774,0.003,-0.052000000000000005,250.518,-0.097,-0.534
00:00:18.730,1572935813147,0.063,-0.042,12.629,0.664,3.0,0.016,22.775,0.003,-0.051,250.898,-0.097,-0.534
00:00:18.731,1572935813148,0.068,-0.042,12.629,0.664,3.0,0.016,22.777,0.003,-0.05,251.277,-0.097,-0.534
00:00:18.732,1572935813149,0.07200000000000001,-0.042,12.629,0.664,3.0,0.016,22.778,0.003,-0.048,251.657,-0.097,-0.534
00:00:18.780,1572935813197,0.075,-0.042,12.922,1.128,3.0,0.016,22.779,0.003,-0.047,252.037,-0.097,-0.534
00:00:18.781,1572935813198,0.073,-0.042,12.922,1.128,3.0,0.016,22.78,0.003,-0.046,252.44,-0.097,-0.534
00:00:18.782,1572935813199,0.07,-0.042,12.922,1.128,3.0,0.016,22.781,0.003,-0.045,252.796,-0.097,-0.534
00:00:18.830,1572935813247,0.069,-0.042,12.922,1.128,3.0,0.016,22.783,0.003,-0.044,253.176,-0.096,-0.534
00:00:18.831,1572935813248,0.07,-0.042,12.922,1.128,3.0,0.016,22.784,0.003,-0.042,253.555,-0.096,-0.534
00:00:18.832,1572935813249,0.07200000000000001,-0.042,12.922,1.128,3.0,0.016,22.785,0.003,-0.041,253.935,-0.096,-0.534
00:00:18.880,1572935813297,0.073,-0.042,13.435,0.664,3.0,0.016,22.786,0.003,-0.041,254.315,-0.096,-0.534
00:00:18.881,1572935813298,0.077,-0.042,13.435,0.664,3.0,0.016,22.788,0.003,-0.04,254.695,-0.096,-0.534
00:00:18.882,1572935813299,0.083,-0.043,13.435,0.664,3.0,0.016,22.789,0.003,-0.039,255.074,-0.096,-0.534
00:00:18.930,1572935813347,0.08900000000000001,-0.043,13.435,0.664,3.0,0.016,22.791,0.003,-0.038,255.454,-0.096,-0.534
00:00:18.931,1572935813348,0.095,-0.043,13.435,0.664,3.0,0.016,22.792,0.003,-0.037000000000000005,255.834,-0.096,-0.534
00:00:18.932,1572935813349,0.1,-0.043,13.435,0.664,3.0,0.016,22.794,0.003,-0.037000000000000005,256.214,-0.096,-0.534
00:00:18.981,1572935813398,0.103,-0.043,13.800999999999998,0.664,3.0,0.016,22.796,0.003,-0.036000000000000004,256.594,-0.096,-0.534
00:00:18.982,1572935813399,0.105,-0.042,13.800999999999998,0.664,3.0,0.016,22.798,0.003,-0.035,256.974,-0.096,-0.534
00:00:18.983,1572935813400,0.106,-0.042,13.800999999999998,0.664,3.0,0.016,22.799,0.003,-0.035,257.35400000000004,-0.097,-0.534
00:00:19.033,1572935813450,0.109,-0.041,13.800999999999998,0.664,3.0,0.016,22.801,0.003,-0.034,257.73400000000004,-0.097,-0.534
00:00:19.034,1572935813451,0.112,-0.041,13.800999999999998,0.664,3.0,0.016,22.803,0.003,-0.034,258.138,-0.097,-0.534
00:00:19.035,1572935813452,0.115,-0.04,13.800999999999998,0.664,3.0,0.016,22.805,0.003,-0.034,258.494,-0.097,-0.534
00:00:19.083,1572935813500,0.117,-0.039,13.800999999999998,0.664,3.0,0.016,22.807,0.003,-0.033,258.874,-0.097,-0.534
00:00:19.084,1572935813501,0.117,-0.038,13.800999999999998,0.664,3.0,0.016,22.809,0.003,-0.033,259.278,-0.097,-0.534
00:00:19.085,1572935813502,0.117,-0.037000000000000005,13.800999999999998,0.664,3.0,0.016,22.811,0.003,-0.033,259.634,-0.097,-0.534
00:00:19.133,1572935813550,0.117,-0.036000000000000004,13.800999999999998,0.664,3.0,0.016,22.813,0.003,-0.033,260.015,-0.097,-0.534
00:00:19.134,1572935813551,0.117,-0.035,13.800999999999998,0.664,3.0,0.016,22.815,0.003,-0.032,260.395,-0.097,-0.534
00:00:19.135,1572935813552,0.116,-0.034,13.800999999999998,0.664,3.0,0.015,22.817,0.003,-0.032,260.751,-0.098,-0.534
00:00:19.183,1572935813600,0.116,-0.034,13.800999999999998,0.664,3.0,0.015,22.81900000000001,0.003,-0.032,261.132,-0.098,-0.534
00:00:19.184,1572935813601,0.116,-0.034,13.800999999999998,0.664,3.0,0.015,22.82,0.003,-0.032,261.512,-0.098,-0.534
00:00:19.185,1572935813602,0.116,-0.034,13.800999999999998,0.664,3.0,0.015,22.822,0.003,-0.032,261.892,-0.098,-0.534
00:00:19.233,1572935813650,0.116,-0.034,13.800999999999998,0.664,3.0,0.015,22.824,0.003,-0.032,262.273,-0.098,-0.534
00:00:19.234,1572935813651,0.116,-0.034,13.800999999999998,0.664,3.0,0.015,22.826,0.003,-0.033,262.653,-0.099,-0.534
00:00:19.235,1572935813652,0.116,-0.033,13.800999999999998,0.664,3.0,0.015,22.82800000000001,0.003,-0.033,263.033,-0.099,-0.534
00:00:19.291,1572935813708,0.116,-0.033,13.800999999999998,0.664,3.0,0.015,22.83,0.003,-0.033,263.414,-0.099,-0.534
00:00:19.292,1572935813709,0.116,-0.033,13.800999999999998,0.664,3.0,0.014,22.832,0.003,-0.033,263.795,-0.099,-0.534
00:00:19.293,1572935813710,0.116,-0.032,13.800999999999998,0.664,3.0,0.014,22.834,0.003,-0.033,264.175,-0.1,-0.534
00:00:19.336,1572935813753,0.116,-0.032,13.800999999999998,0.664,3.0,0.014,22.836,0.002,-0.033,264.556,-0.1,-0.534
00:00:19.337,1572935813754,0.115,-0.031,13.800999999999998,0.664,3.0,0.014,22.838,0.002,-0.034,264.96,-0.1,-0.534
00:00:19.338,1572935813755,0.115,-0.031,13.800999999999998,0.664,3.0,0.014,22.84,0.002,-0.034,265.317,-0.1,-0.534
00:00:19.385,1572935813802,0.115,-0.03,13.800999999999998,0.664,3.0,0.014,22.842,0.002,-0.034,265.698,-0.101,-0.534
00:00:19.386,1572935813803,0.115,-0.03,13.800999999999998,0.664,3.0,0.014,22.844,0.002,-0.034,266.10200000000003,-0.101,-0.534
00:00:19.387,1572935813804,0.115,-0.03,13.800999999999998,0.664,3.0,0.014,22.845,0.002,-0.035,266.459,-0.101,-0.534
00:00:19.436,1572935813853,0.115,-0.029,13.800999999999998,0.664,3.0,0.014,22.847,0.002,-0.035,266.84,-0.101,-0.534
00:00:19.437,1572935813854,0.115,-0.029,13.800999999999998,0.664,3.0,0.013,22.849,0.002,-0.035,267.244,-0.102,-0.534
00:00:19.438,1572935813855,0.115,-0.029,13.800999999999998,0.664,3.0,0.013,22.851,0.002,-0.035,267.601,-0.102,-0.534
00:00:19.485,1572935813902,0.115,-0.029,13.800999999999998,0.664,3.0,0.013,22.853,0.002,-0.035,267.982,-0.102,-0.534
00:00:19.486,1572935813903,0.115,-0.029,13.800999999999998,0.664,3.0,0.013,22.855,0.002,-0.035,268.363,-0.103,-0.534
00:00:19.487,1572935813904,0.115,-0.029,13.800999999999998,0.664,3.0,0.013,22.857,0.002,-0.035,268.744,-0.103,-0.534
00:00:19.537,1572935813954,0.115,-0.029,13.800999999999998,0.664,3.0,0.013,22.859,0.002,-0.036000000000000004,269.125,-0.103,-0.534
00:00:19.538,1572935813955,0.115,-0.029,13.800999999999998,0.664,3.0,0.013,22.861,0.002,-0.036000000000000004,269.506,-0.104,-0.534
00:00:19.539,1572935813956,0.115,-0.029,13.800999999999998,0.664,3.0,0.013,22.863000000000003,0.002,-0.036000000000000004,269.887,-0.104,-0.534
00:00:19.587,1572935814004,0.115,-0.029,13.948,0.664,3.0,0.013,22.865,0.002,-0.036000000000000004,270.268,-0.105,-0.534
00:00:19.588,1572935814005,0.115,-0.03,13.948,0.664,3.0,0.013,22.867,0.002,-0.036000000000000004,270.649,-0.105,-0.534
00:00:19.589,1572935814006,0.115,-0.03,13.948,0.664,3.0,0.013,22.868,0.002,-0.036000000000000004,271.03,-0.105,-0.534
00:00:19.637,1572935814054,0.117,-0.029,13.948,0.664,3.0,0.012,22.87,0.002,-0.036000000000000004,271.41200000000003,-0.106,-0.534
00:00:19.638,1572935814055,0.118,-0.029,13.948,0.664,3.0,0.012,22.873,0.002,-0.036000000000000004,271.817,-0.106,-0.534
00:00:19.639,1572935814056,0.119,-0.029,13.948,0.664,3.0,0.012,22.874,0.002,-0.036000000000000004,272.17400000000004,-0.107,-0.534
00:00:19.687,1572935814104,0.12,-0.029,13.948,0.664,3.0,0.012,22.876,0.002,-0.036000000000000004,272.555,-0.107,-0.534
00:00:19.688,1572935814105,0.121,-0.03,13.948,0.664,3.0,0.012,22.879,0.002,-0.036000000000000004,272.96,-0.107,-0.534
00:00:19.689,1572935814106,0.121,-0.03,13.948,0.664,3.0,0.012,22.88,0.002,-0.036000000000000004,273.318,-0.108,-0.534
00:00:19.737,1572935814154,0.121,-0.03,13.948,0.664,3.0,0.012,22.882,0.002,-0.036000000000000004,273.675,-0.108,-0.534
00:00:19.738,1572935814155,0.12,-0.031,13.948,0.664,3.0,0.012,22.884,0.002,-0.035,274.081,-0.109,-0.534
00:00:19.739,1572935814156,0.12,-0.031,13.948,0.664,3.0,0.012,22.886,0.002,-0.035,274.438,-0.109,-0.534
00:00:19.788,1572935814205,0.12,-0.032,13.948,0.664,3.0,0.012,22.888,0.002,-0.035,274.82,-0.11,-0.534
00:00:19.789,1572935814206,0.12,-0.032,14.314,0.664,3.0,0.012,22.89,0.002,-0.035,275.225,-0.11,-0.534
00:00:19.790,1572935814207,0.121,-0.033,14.314,0.664,3.0,0.012,22.892,0.002,-0.035,275.583,-0.111,-0.534
00:00:19.841,1572935814258,0.124,-0.033,14.314,0.664,3.0,0.012,22.895,0.002,-0.035,275.964,-0.111,-0.534
00:00:19.842,1572935814259,0.129,-0.033,14.314,0.664,3.0,0.012,22.897,0.002,-0.035,276.37,-0.112,-0.534
00:00:19.843,1572935814260,0.132,-0.033,14.314,0.664,3.0,0.012,22.899,0.002,-0.035,276.72700000000003,-0.112,-0.534
00:00:19.844,1572935814261,0.134,-0.033,14.314,0.664,3.0,0.012,22.901,0.002,-0.035,277.10900000000004,-0.113,-0.534
00:00:19.891,1572935814308,0.136,-0.033,14.314,0.664,3.0,0.012,22.904,0.002,-0.034,277.515,-0.113,-0.534
00:00:19.892,1572935814309,0.136,-0.033,14.314,0.664,3.0,0.012,22.906,0.002,-0.034,277.896,-0.114,-0.534
00:00:19.893,1572935814310,0.135,-0.034,14.314,0.664,3.0,0.012,22.908,0.002,-0.034,278.278,-0.114,-0.534
00:00:19.942,1572935814359,0.135,-0.034,14.314,0.664,3.0,0.012,22.91,0.002,-0.034,278.636,-0.115,-0.534
00:00:19.943,1572935814360,0.134,-0.034,14.314,0.664,3.0,0.012,22.912,0.002,-0.033,279.018,-0.116,-0.534
00:00:19.944,1572935814361,0.134,-0.035,14.314,0.664,3.0,0.012,22.915,0.002,-0.033,279.4,-0.116,-0.534
00:00:19.992,1572935814409,0.133,-0.035,14.46,0.664,3.0,0.012,22.917,0.002,-0.033,279.806,-0.117,-0.534
00:00:19.993,1572935814410,0.134,-0.036000000000000004,14.46,0.664,3.0,0.012,22.919,0.002,-0.033,280.164,-0.117,-0.534
00:00:19.994,1572935814411,0.135,-0.037000000000000005,14.46,0.664,3.0,0.012,22.921,0.002,-0.033,280.546,-0.118,-0.534
00:00:20.042,1572935814459,0.13699999999999998,-0.037000000000000005,14.46,0.664,3.0,0.012,22.924,0.002,-0.032,280.952,-0.119,-0.534
00:00:20.043,1572935814460,0.138,-0.038,14.46,0.664,3.0,0.012,22.926,0.002,-0.032,281.334,-0.119,-0.534
00:00:20.044,1572935814461,0.139,-0.039,14.46,0.664,3.0,0.012,22.928,0.002,-0.032,281.692,-0.12,-0.534
00:00:20.092,1572935814509,0.14,-0.04,14.46,0.664,3.0,0.012,22.931,0.002,-0.032,282.098,-0.121,-0.534
00:00:20.093,1572935814510,0.14,-0.041,14.46,0.664,3.0,0.012,22.933000000000003,0.002,-0.032,282.456,-0.121,-0.534
00:00:20.094,1572935814511,0.139,-0.042,14.46,0.664,3.0,0.012,22.935,0.002,-0.032,282.863,-0.122,-0.534
00:00:20.142,1572935814559,0.139,-0.043,14.46,0.664,3.0,0.012,22.938,0.002,-0.032,283.245,-0.123,-0.534
00:00:20.143,1572935814560,0.139,-0.043,14.46,0.664,3.0,0.013,22.94,0.002,-0.032,283.627,-0.123,-0.534
00:00:20.144,1572935814561,0.139,-0.043,14.46,0.664,3.0,0.013,22.942,0.002,-0.031,283.986,-0.124,-0.534
00:00:20.193,1572935814610,0.138,-0.044,14.46,0.664,3.0,0.013,22.945,0.002,-0.031,284.392,-0.125,-0.534
00:00:20.194,1572935814611,0.138,-0.044,14.46,0.664,3.0,0.013,22.947,0.003,-0.031,284.75,-0.126,-0.534
00:00:20.195,1572935814612,0.138,-0.044,14.46,0.664,3.0,0.013,22.949,0.003,-0.031,285.133,-0.126,-0.534
00:00:20.244,1572935814661,0.138,-0.044,14.46,0.664,3.0,0.013,22.951,0.003,-0.031,285.515,-0.127,-0.534
00:00:20.245,1572935814662,0.138,-0.044,14.46,0.664,3.0,0.013,22.954,0.003,-0.031,285.922,-0.128,-0.534
00:00:20.246,1572935814663,0.138,-0.045,14.46,0.664,3.0,0.013,22.956,0.003,-0.031,286.3040000000001,-0.129,-0.534
00:00:20.294,1572935814711,0.138,-0.045,14.46,0.664,3.0,0.014,22.958,0.003,-0.031,286.663,-0.129,-0.534
00:00:20.295,1572935814712,0.138,-0.045,14.46,0.664,3.0,0.014,22.961,0.003,-0.032,287.07,-0.13,-0.534
00:00:20.296,1572935814713,0.138,-0.046,14.46,0.664,3.0,0.014,22.963,0.003,-0.032,287.452,-0.131,-0.534
00:00:20.344,1572935814761,0.138,-0.046,14.46,0.664,3.0,0.014,22.965,0.003,-0.032,287.835,-0.132,-0.534
00:00:20.345,1572935814762,0.138,-0.046,14.46,0.664,3.0,0.014,22.968000000000004,0.003,-0.032,288.194,-0.133,-0.534
00:00:20.346,1572935814763,0.138,-0.046,14.46,0.664,3.0,0.014,22.97,0.003,-0.032,288.577,-0.134,-0.534
00:00:20.395,1572935814812,0.138,-0.047,14.46,0.664,3.0,0.014,22.972,0.003,-0.032,288.9840000000001,-0.135,-0.534
00:00:20.396,1572935814813,0.138,-0.047,14.46,0.664,3.0,0.014,22.974,0.003,-0.032,289.342,-0.135,-0.534
00:00:20.397,1572935814814,0.138,-0.046,14.46,0.664,3.0,0.014,22.977,0.004,-0.032,289.725,-0.136,-0.534
00:00:20.445,1572935814862,0.138,-0.046,14.46,0.664,3.0,0.015,22.979,0.004,-0.032,290.132,-0.13699999999999998,-0.534
00:00:20.446,1572935814863,0.138,-0.046,14.46,0.664,3.0,0.015,22.981,0.004,-0.032,290.491,-0.138,-0.534
00:00:20.447,1572935814864,0.138,-0.046,14.46,1.128,3.0,0.015,22.984,0.004,-0.032,290.898,-0.139,-0.534
00:00:20.496,1572935814913,0.135,-0.046,14.46,1.128,3.0,0.015,22.986,0.004,-0.032,291.257,-0.14,-0.534
00:00:20.497,1572935814914,0.13,-0.045,14.46,1.128,3.0,0.015,22.988000000000003,0.004,-0.032,291.641,-0.141,-0.534
00:00:20.498,1572935814915,0.127,-0.045,14.46,1.128,3.0,0.015,22.99,0.004,-0.032,292.024,-0.142,-0.534
00:00:20.553,1572935814970,0.126,-0.044,14.46,1.128,3.0,0.015,22.992,0.004,-0.032,292.431,-0.14300000000000002,-0.534
00:00:20.554,1572935814971,0.125,-0.044,14.46,1.128,3.0,0.015,22.994,0.004,-0.033,292.79,-0.14400000000000002,-0.534
00:00:20.555,1572935814972,0.125,-0.043,14.46,0.664,3.0,0.015,22.996,0.004,-0.033,293.173,-0.145,-0.534
00:00:20.597,1572935815014,0.127,-0.043,14.46,0.664,3.0,0.015,22.999,0.004,-0.033,293.581,-0.146,-0.534
00:00:20.598,1572935815015,0.132,-0.043,14.46,0.664,3.0,0.015,23.001,0.004,-0.033,293.964,-0.147,-0.534
00:00:20.599,1572935815016,0.135,-0.042,14.46,0.664,3.0,0.015,23.003,0.004,-0.033,294.323,-0.14800000000000002,-0.534
00:00:20.647,1572935815064,0.136,-0.041,14.46,0.664,3.0,0.015,23.005,0.004,-0.033,294.731,-0.149,-0.534
00:00:20.648,1572935815065,0.13699999999999998,-0.04,14.46,0.664,3.0,0.015,23.00800000000001,0.004,-0.033,295.09,-0.15,-0.534
00:00:20.649,1572935815066,0.13699999999999998,-0.038,14.46,0.664,3.0,0.015,23.01,0.004,-0.033,295.498,-0.152,-0.534
00:00:20.697,1572935815114,0.13699999999999998,-0.036000000000000004,14.46,0.664,3.0,0.015,23.012,0.004,-0.033,295.881,-0.153,-0.534
00:00:20.698,1572935815115,0.13699999999999998,-0.034,14.46,0.664,3.0,0.015,23.015,0.004,-0.033,296.265,-0.154,-0.534
00:00:20.699,1572935815116,0.13699999999999998,-0.031,14.46,0.664,3.0,0.015,23.017,0.004,-0.033,296.624,-0.155,-0.534
00:00:20.747,1572935815164,0.13699999999999998,-0.027000000000000003,14.46,0.664,3.0,0.016,23.019,0.004,-0.033,297.032,-0.156,-0.534
00:00:20.748,1572935815165,0.13699999999999998,-0.023,14.46,0.664,3.0,0.016,23.021,0.004,-0.033,297.416,-0.157,-0.534
00:00:20.749,1572935815166,0.136,-0.018000000000000002,14.46,0.664,3.0,0.016,23.023000000000003,0.004,-0.033,297.775,-0.158,-0.534
00:00:20.797,1572935815214,0.136,-0.013,14.46,0.664,3.0,0.016,23.026,0.004,-0.033,298.183,-0.159,-0.534
00:00:20.798,1572935815215,0.136,-0.006999999999999999,14.46,0.664,3.0,0.015,23.028,0.004,-0.033,298.567,-0.161,-0.534
00:00:20.799,1572935815216,0.136,-0.002,14.46,0.664,3.0,0.015,23.03,0.004,-0.033,298.951,-0.162,-0.534
00:00:20.848,1572935815265,0.136,0.004,14.46,0.664,3.0,0.015,23.033,0.004,-0.033,299.335,-0.163,-0.534
00:00:20.849,1572935815266,0.136,0.009000000000000001,14.46,0.664,3.0,0.014,23.035,0.004,-0.033,299.718,-0.16399999999999998,-0.534
00:00:20.850,1572935815267,0.136,0.014,14.46,0.664,3.0,0.014,23.037,0.004,-0.033,300.1020000000001,-0.165,-0.534
00:00:20.899,1572935815316,0.136,0.018000000000000002,14.46,0.664,3.0,0.013,23.04,0.004,-0.033,300.486,-0.166,-0.534
00:00:20.900,1572935815317,0.136,0.022,14.46,0.664,3.0,0.012,23.042,0.004,-0.032,300.87,-0.16699999999999998,-0.534
00:00:20.901,1572935815318,0.136,0.026,14.46,0.664,3.0,0.011,23.044,0.003,-0.032,301.254,-0.16899999999999998,-0.534
00:00:20.950,1572935815367,0.136,0.029,14.46,0.664,3.0,0.01,23.046,0.003,-0.032,301.638,-0.17,-0.534
00:00:20.951,1572935815368,0.136,0.032,14.46,0.664,3.0,0.009000000000000001,23.048,0.002,-0.032,301.999,-0.171,-0.534
00:00:20.952,1572935815369,0.136,0.033,14.46,0.664,3.0,0.008,23.051,0.002,-0.032,302.3590000000001,-0.172,-0.534
00:00:21.001,1572935815418,0.136,0.035,14.46,0.664,3.0,0.006999999999999999,23.053,0.001,-0.032,302.767,-0.173,-0.534
00:00:21.002,1572935815419,0.135,0.037000000000000005,14.46,0.664,3.0,0.006,23.055,0.001,-0.032,303.151,-0.174,-0.534
00:00:21.003,1572935815420,0.135,0.039,14.46,0.664,3.0,0.005,23.057,0.0,-0.032,303.511,-0.175,-0.534
00:00:21.051,1572935815468,0.135,0.041,14.46,0.664,3.0,0.004,23.06,-0.001,-0.032,303.92,-0.17600000000000002,-0.534
00:00:21.052,1572935815469,0.135,0.043,14.46,0.664,3.0,0.004,23.062,-0.002,-0.032,304.28,-0.177,-0.534
00:00:21.053,1572935815470,0.135,0.046,14.46,0.664,3.0,0.003,23.064,-0.002,-0.032,304.664,-0.17800000000000002,-0.534
00:00:21.101,1572935815518,0.135,0.048,14.46,0.664,3.0,0.002,23.066,-0.003,-0.032,305.073,-0.179,-0.534
00:00:21.107,1572935815524,0.135,0.05,14.46,0.664,3.0,0.001,23.06900000000001,-0.003,-0.032,305.457,-0.18,-0.534
00:00:21.108,1572935815525,0.135,0.052000000000000005,14.46,0.664,3.0,0.0,23.071,-0.004,-0.032,305.842,-0.181,-0.534
00:00:21.151,1572935815568,0.135,0.054000000000000006,14.46,0.664,3.0,-0.001,23.073,-0.004,-0.033,306.226,-0.182,-0.534
00:00:21.152,1572935815569,0.135,0.056,14.46,0.664,3.0,-0.002,23.075,-0.005,-0.033,306.611,-0.183,-0.534
00:00:21.153,1572935815570,0.135,0.057,14.46,0.664,3.0,-0.002,23.07800000000001,-0.005,-0.033,306.972,-0.184,-0.534
00:00:21.205,1572935815622,0.135,0.058,14.46,0.664,3.0,-0.003,23.08,-0.005,-0.033,307.38,-0.185,-0.534
00:00:21.206,1572935815623,0.135,0.058,14.46,0.664,3.0,-0.004,23.082,-0.006,-0.033,307.741,-0.18600000000000005,-0.534
00:00:21.207,1572935815624,0.135,0.059,14.46,0.664,3.0,-0.004,23.084,-0.006,-0.033,308.126,-0.187,-0.534
00:00:21.253,1572935815670,0.135,0.058,14.46,0.664,3.0,-0.005,23.087,-0.006,-0.033,308.534,-0.188,-0.534
00:00:21.254,1572935815671,0.135,0.058,14.46,0.664,3.0,-0.006,23.089,-0.006,-0.033,308.9190000000001,-0.188,-0.534
00:00:21.255,1572935815672,0.135,0.057,14.46,0.664,3.0,-0.006,23.091,-0.006,-0.033,309.3040000000001,-0.189,-0.534
00:00:21.306,1572935815723,0.135,0.056,14.46,0.664,3.0,-0.006999999999999999,23.093000000000004,-0.006,-0.033,309.689,-0.19,-0.534
00:00:21.307,1572935815724,0.134,0.055,14.46,0.664,3.0,-0.008,23.096,-0.006,-0.033,310.05,-0.191,-0.534
00:00:21.308,1572935815725,0.134,0.053,14.46,0.664,3.0,-0.008,23.09800000000001,-0.006,-0.033,310.459,-0.192,-0.534
00:00:21.355,1572935815772,0.134,0.051,14.46,0.664,3.0,-0.009000000000000001,23.1,-0.006,-0.033,310.844,-0.192,-0.534
00:00:21.356,1572935815773,0.134,0.05,14.46,0.664,3.0,-0.009000000000000001,23.102,-0.006,-0.033,311.2290000000001,-0.193,-0.534
00:00:21.357,1572935815774,0.134,0.048,14.46,0.664,3.0,-0.009000000000000001,23.105,-0.006,-0.033,311.6140000000001,-0.194,-0.534
00:00:21.405,1572935815822,0.134,0.046,14.46,0.664,3.0,-0.01,23.107,-0.005,-0.033,312.023,-0.195,-0.534
00:00:21.406,1572935815823,0.134,0.044,14.46,0.664,3.0,-0.01,23.109,-0.005,-0.033,312.384,-0.195,-0.534
00:00:21.407,1572935815824,0.134,0.042,14.46,0.664,3.0,-0.01,23.111,-0.005,-0.033,312.769,-0.196,-0.534
00:00:21.455,1572935815872,0.134,0.041,14.46,0.664,3.0,-0.011,23.114,-0.005,-0.033,313.154,-0.197,-0.534
00:00:21.456,1572935815873,0.134,0.039,14.46,0.664,3.0,-0.011,23.116,-0.005,-0.033,313.54,-0.198,-0.534
00:00:21.457,1572935815874,0.134,0.038,14.46,0.664,3.0,-0.011,23.118,-0.004,-0.033,313.901,-0.198,-0.534
00:00:21.505,1572935815922,0.134,0.036000000000000004,14.46,0.664,3.0,-0.011,23.12,-0.004,-0.033,314.31,-0.199,-0.534
00:00:21.506,1572935815923,0.134,0.034,14.46,0.664,3.0,-0.011,23.122,-0.004,-0.033,314.696,-0.2,-0.534
00:00:21.507,1572935815924,0.134,0.032,14.46,0.664,3.0,-0.011,23.125,-0.004,-0.033,315.081,-0.2,-0.534
00:00:21.555,1572935815972,0.134,0.03,14.46,0.664,3.0,-0.011,23.127,-0.003,-0.033,315.466,-0.201,-0.534
00:00:21.556,1572935815973,0.134,0.028,14.46,0.664,3.0,-0.011,23.129,-0.003,-0.033,315.8520000000001,-0.202,-0.534
00:00:21.557,1572935815974,0.134,0.026,14.46,0.664,3.0,-0.011,23.131,-0.003,-0.033,316.237,-0.202,-0.534
00:00:21.605,1572935816022,0.133,0.023,14.46,0.664,3.0,-0.011,23.134,-0.003,-0.033,316.623,-0.203,-0.534
00:00:21.606,1572935816023,0.133,0.021,14.46,0.664,3.0,-0.011,23.136,-0.003,-0.033,317.009,-0.203,-0.534
00:00:21.607,1572935816024,0.133,0.019,14.46,0.664,3.0,-0.011,23.138,-0.003,-0.033,317.394,-0.204,-0.534
00:00:21.657,1572935816074,0.133,0.018000000000000002,14.46,0.664,3.0,-0.011,23.14,-0.002,-0.033,317.78,-0.205,-0.534
00:00:21.658,1572935816075,0.133,0.017,14.46,0.664,3.0,-0.011,23.142,-0.002,-0.033,318.165,-0.205,-0.534
00:00:21.659,1572935816076,0.133,0.016,14.46,0.664,3.0,-0.011,23.145,-0.002,-0.033,318.551,-0.206,-0.534
00:00:21.711,1572935816128,0.133,0.015,14.46,0.664,3.0,-0.01,23.147,-0.002,-0.033,318.961,-0.207,-0.534
00:00:21.712,1572935816129,0.133,0.014,14.46,0.664,3.0,-0.01,23.149,-0.002,-0.033,319.323,-0.207,-0.534
00:00:21.713,1572935816130,0.133,0.014,14.46,0.664,3.0,-0.01,23.151,-0.001,-0.033,319.709,-0.208,-0.534
00:00:21.758,1572935816175,0.133,0.013,14.46,0.664,3.0,-0.01,23.154,-0.001,-0.033,320.119,-0.208,-0.534
00:00:21.759,1572935816176,0.133,0.012,14.46,0.664,3.0,-0.01,23.156,-0.001,-0.033,320.48,-0.209,-0.534
00:00:21.760,1572935816177,0.133,0.012,14.46,0.664,3.0,-0.009000000000000001,23.158,-0.001,-0.033,320.866,-0.209,-0.534
00:00:21.761,1572935816178,0.133,0.011,14.827,0.664,3.0,-0.009000000000000001,23.16,-0.001,-0.033,321.252,-0.21,-0.534
00:00:21.808,1572935816225,0.134,0.011,14.827,0.664,3.0,-0.009000000000000001,23.162,-0.001,-0.033,321.638,-0.211,-0.534
00:00:21.809,1572935816226,0.13699999999999998,0.01,14.827,0.664,3.0,-0.009000000000000001,23.165,-0.001,-0.033,322.024,-0.211,-0.534
00:00:21.810,1572935816227,0.141,0.01,14.827,0.664,3.0,-0.009000000000000001,23.167,-0.001,-0.033,322.41,-0.212,-0.534
00:00:21.859,1572935816276,0.145,0.01,14.827,0.664,3.0,-0.008,23.17,-0.001,-0.033,322.797,-0.212,-0.534
00:00:21.860,1572935816277,0.147,0.01,14.827,0.664,3.0,-0.008,23.172,0.0,-0.033,323.183,-0.213,-0.534
00:00:21.861,1572935816278,0.14800000000000002,0.011,14.827,0.664,3.0,-0.008,23.175,0.0,-0.033,323.569,-0.213,-0.534
00:00:21.909,1572935816326,0.149,0.011,14.827,0.664,3.0,-0.008,23.177,0.0,-0.033,323.955,-0.214,-0.534
00:00:21.910,1572935816327,0.14800000000000002,0.012,14.827,0.664,3.0,-0.008,23.18,0.0,-0.033,324.342,-0.215,-0.534
00:00:21.911,1572935816328,0.147,0.012,14.827,0.664,3.0,-0.008,23.182,0.0,-0.033,324.752,-0.215,-0.534
00:00:21.959,1572935816376,0.147,0.013,14.827,0.664,3.0,-0.006999999999999999,23.184,0.0,-0.033,325.1140000000001,-0.21600000000000005,-0.534
00:00:21.960,1572935816377,0.146,0.013,14.827,0.664,3.0,-0.006999999999999999,23.187,0.0,-0.032,325.501,-0.21600000000000005,-0.534
00:00:21.961,1572935816378,0.146,0.013,14.827,0.664,3.0,-0.006999999999999999,23.189,0.0,-0.032,325.911,-0.217,-0.534
00:00:22.010,1572935816427,0.146,0.013,14.827,0.664,3.0,-0.006999999999999999,23.192,0.0,-0.032,326.274,-0.217,-0.534
00:00:22.011,1572935816428,0.146,0.014,14.827,0.664,3.0,-0.006999999999999999,23.19400000000001,0.0,-0.032,326.66,-0.218,-0.534
00:00:22.012,1572935816429,0.146,0.014,14.827,0.664,3.0,-0.006999999999999999,23.197,-0.001,-0.032,327.071,-0.218,-0.534
00:00:22.063,1572935816480,0.146,0.015,14.827,0.664,3.0,-0.006999999999999999,23.199,-0.001,-0.032,327.433,-0.219,-0.534
00:00:22.064,1572935816481,0.146,0.015,14.827,0.664,3.0,-0.006999999999999999,23.201,-0.001,-0.032,327.82,-0.219,-0.534
00:00:22.065,1572935816482,0.146,0.015,14.973,0.664,3.0,-0.006999999999999999,23.204,-0.001,-0.031,328.207,-0.22,-0.534
00:00:22.111,1572935816528,0.147,0.015,14.973,0.664,3.0,-0.006999999999999999,23.206,-0.001,-0.031,328.594,-0.22,-0.534
00:00:22.112,1572935816529,0.14800000000000002,0.016,14.973,0.664,3.0,-0.006999999999999999,23.209,-0.001,-0.031,328.98,-0.221,-0.534
00:00:22.113,1572935816530,0.149,0.016,14.973,0.664,3.0,-0.006999999999999999,23.211,-0.001,-0.031,329.367,-0.221,-0.534
00:00:22.161,1572935816578,0.151,0.017,14.973,0.664,3.0,-0.006999999999999999,23.214,-0.001,-0.031,329.754,-0.222,-0.534
00:00:22.162,1572935816579,0.151,0.017,14.973,0.664,3.0,-0.006999999999999999,23.216,-0.001,-0.031,330.141,-0.222,-0.534
00:00:22.163,1572935816580,0.152,0.018000000000000002,14.827,0.664,3.0,-0.006999999999999999,23.219,-0.001,-0.031,330.528,-0.223,-0.534
00:00:22.211,1572935816628,0.151,0.018000000000000002,14.827,0.664,3.0,-0.006999999999999999,23.221,-0.001,-0.031,330.915,-0.223,-0.534
00:00:22.212,1572935816629,0.15,0.019,14.827,0.664,3.0,-0.006999999999999999,23.224,-0.001,-0.031,331.302,-0.224,-0.534
00:00:22.213,1572935816630,0.14800000000000002,0.019,14.827,0.664,3.0,-0.006999999999999999,23.226,-0.002,-0.031,331.665,-0.224,-0.534
00:00:22.261,1572935816678,0.146,0.019,14.827,0.664,3.0,-0.006999999999999999,23.229,-0.002,-0.031,332.052,-0.225,-0.534
00:00:22.262,1572935816679,0.145,0.02,14.827,0.664,3.0,-0.006999999999999999,23.231,-0.002,-0.031,332.439,-0.225,-0.534
00:00:22.263,1572935816680,0.14400000000000002,0.02,14.827,0.664,3.0,-0.006999999999999999,23.234,-0.002,-0.031,332.851,-0.226,-0.534
00:00:22.311,1572935816728,0.14400000000000002,0.02,14.827,0.664,3.0,-0.006999999999999999,23.236,-0.002,-0.031,333.214,-0.226,-0.534
00:00:22.312,1572935816729,0.14400000000000002,0.02,14.827,0.664,3.0,-0.006999999999999999,23.238000000000003,-0.002,-0.031,333.601,-0.227,-0.534
00:00:22.313,1572935816730,0.145,0.02,14.827,0.664,3.0,-0.006999999999999999,23.241,-0.002,-0.031,334.01199999999994,-0.227,-0.534
00:00:22.362,1572935816779,0.145,0.02,14.827,0.664,3.0,-0.006999999999999999,23.243,-0.002,-0.031,334.376,-0.228,-0.534
00:00:22.363,1572935816780,0.145,0.02,14.827,0.664,3.0,-0.006999999999999999,23.245,-0.002,-0.031,334.7630000000001,-0.228,-0.534
00:00:22.364,1572935816781,0.145,0.021,14.827,0.664,3.0,-0.006999999999999999,23.248,-0.002,-0.031,335.175,-0.228,-0.534
00:00:22.412,1572935816829,0.145,0.021,14.827,0.664,3.0,-0.006999999999999999,23.25,-0.002,-0.031,335.538,-0.229,-0.534
00:00:22.413,1572935816830,0.145,0.021,14.827,0.664,3.0,-0.006999999999999999,23.253,-0.002,-0.031,335.925,-0.229,-0.534
00:00:22.414,1572935816831,0.145,0.021,14.827,0.664,3.0,-0.006999999999999999,23.255,-0.002,-0.031,336.3130000000001,-0.23,-0.534
00:00:22.463,1572935816880,0.145,0.021,14.827,0.664,3.0,-0.006999999999999999,23.25800000000001,-0.002,-0.031,336.701,-0.23,-0.534
00:00:22.464,1572935816881,0.14400000000000002,0.02,14.827,0.664,3.0,-0.006999999999999999,23.26,-0.002,-0.031,337.088,-0.23,-0.534
00:00:22.465,1572935816882,0.14400000000000002,0.02,14.827,0.664,3.0,-0.006999999999999999,23.262,-0.002,-0.031,337.476,-0.231,-0.534
00:00:22.513,1572935816930,0.14400000000000002,0.02,14.827,0.664,3.0,-0.006999999999999999,23.265,-0.002,-0.031,337.8640000000001,-0.231,-0.534
00:00:22.514,1572935816931,0.14400000000000002,0.02,14.827,0.664,3.0,-0.006999999999999999,23.267,-0.002,-0.032,338.251,-0.232,-0.534
00:00:22.515,1572935816932,0.14400000000000002,0.02,14.827,0.664,3.0,-0.006999999999999999,23.27,-0.002,-0.032,338.639,-0.232,-0.534
00:00:22.563,1572935816980,0.14400000000000002,0.02,14.827,0.664,3.0,-0.006999999999999999,23.272,-0.002,-0.032,339.027,-0.232,-0.534
00:00:22.564,1572935816981,0.14400000000000002,0.02,14.827,0.664,3.0,-0.006999999999999999,23.274,-0.002,-0.032,339.415,-0.233,-0.534
00:00:22.565,1572935816982,0.14400000000000002,0.02,14.827,0.664,3.0,-0.006999999999999999,23.277,-0.002,-0.032,339.80300000000005,-0.233,-0.534
00:00:22.613,1572935817030,0.14400000000000002,0.02,14.827,0.664,3.0,-0.006999999999999999,23.279,-0.002,-0.032,340.191,-0.233,-0.534
00:00:22.614,1572935817031,0.14400000000000002,0.02,14.827,0.664,3.0,-0.006999999999999999,23.281,-0.002,-0.032,340.555,-0.234,-0.534
00:00:22.615,1572935817032,0.14400000000000002,0.02,14.827,0.664,3.0,-0.006999999999999999,23.284,-0.002,-0.032,340.967,-0.234,-0.534
00:00:22.663,1572935817080,0.14400000000000002,0.02,14.827,0.664,3.0,-0.006999999999999999,23.286,-0.002,-0.032,341.331,-0.234,-0.534
00:00:22.664,1572935817081,0.14400000000000002,0.019,14.827,0.664,3.0,-0.006999999999999999,23.289,-0.002,-0.032,341.719,-0.235,-0.534
00:00:22.665,1572935817082,0.14400000000000002,0.019,14.827,0.664,3.0,-0.006999999999999999,23.291,-0.002,-0.032,342.131,-0.235,-0.534
00:00:22.713,1572935817130,0.14400000000000002,0.019,14.827,0.664,3.0,-0.006999999999999999,23.29300000000001,-0.002,-0.032,342.495,-0.235,-0.534
00:00:22.714,1572935817131,0.14300000000000002,0.018000000000000002,14.827,0.664,3.0,-0.006999999999999999,23.296,-0.002,-0.032,342.884,-0.236,-0.534
00:00:22.715,1572935817132,0.14300000000000002,0.018000000000000002,14.827,0.664,3.0,-0.006999999999999999,23.298,-0.002,-0.032,343.272,-0.236,-0.534
00:00:22.763,1572935817180,0.14300000000000002,0.018000000000000002,14.827,0.664,3.0,-0.006999999999999999,23.301,-0.002,-0.032,343.66,-0.236,-0.534
00:00:22.764,1572935817181,0.14300000000000002,0.018000000000000002,14.827,0.664,3.0,-0.006999999999999999,23.303,-0.002,-0.032,344.048,-0.237,-0.534
00:00:22.765,1572935817182,0.14300000000000002,0.018000000000000002,14.827,0.664,3.0,-0.006999999999999999,23.305,-0.002,-0.032,344.43699999999984,-0.237,-0.534
00:00:22.814,1572935817231,0.14300000000000002,0.018000000000000002,14.827,0.664,3.0,-0.006999999999999999,23.308000000000003,-0.002,-0.032,344.825,-0.237,-0.534
00:00:22.815,1572935817232,0.14300000000000002,0.018000000000000002,14.827,0.664,3.0,-0.006999999999999999,23.31,-0.002,-0.032,345.214,-0.238,-0.534
00:00:22.816,1572935817233,0.14300000000000002,0.018000000000000002,14.827,0.664,3.0,-0.006999999999999999,23.312,-0.002,-0.032,345.602,-0.238,-0.534
00:00:22.868,1572935817285,0.14300000000000002,0.018000000000000002,14.827,0.664,3.0,-0.006999999999999999,23.315,-0.002,-0.032,345.991,-0.238,-0.534
00:00:22.869,1572935817286,0.14300000000000002,0.018000000000000002,14.827,0.664,3.0,-0.006999999999999999,23.317,-0.002,-0.032,346.307,-0.238,-0.534
00:00:22.870,1572935817287,0.14300000000000002,0.018000000000000002,14.827,0.664,3.0,-0.006999999999999999,23.317,-0.002,-0.032,346.307,-0.238,-0.534
00:00:22.916,1572935817333,0.14300000000000002,0.018000000000000002,14.607,0.664,3.0,-0.006999999999999999,23.31900000000001,-0.002,-0.032,346.598,-0.239,-0.534
00:00:22.917,1572935817334,0.142,0.018000000000000002,14.607,0.664,3.0,-0.006999999999999999,23.321,-0.002,-0.032,346.987,-0.239,-0.534
00:00:22.918,1572935817335,0.141,0.018000000000000002,14.607,0.664,3.0,-0.006999999999999999,23.323,-0.002,-0.032,347.375,-0.239,-0.534
00:00:22.966,1572935817383,0.139,0.018000000000000002,14.607,0.664,3.0,-0.006999999999999999,23.325,-0.002,-0.032,347.764,-0.239,-0.534
00:00:22.967,1572935817384,0.136,0.018000000000000002,14.607,0.664,3.0,-0.006999999999999999,23.32800000000001,-0.001,-0.032,348.153,-0.24,-0.534
00:00:22.968,1572935817385,0.134,0.018000000000000002,14.607,0.664,3.0,-0.006999999999999999,23.33,-0.001,-0.032,348.566,-0.24,-0.534
00:00:23.016,1572935817433,0.133,0.018000000000000002,13.435,0.664,3.0,-0.006999999999999999,23.332,-0.001,-0.032,348.931,-0.24,-0.534
00:00:23.017,1572935817434,0.131,0.018000000000000002,13.435,0.664,3.0,-0.006999999999999999,23.334,-0.001,-0.032,349.32,-0.24,-0.534
00:00:23.018,1572935817435,0.125,0.018000000000000002,13.435,0.664,3.0,-0.006999999999999999,23.336,-0.001,-0.033,349.733,-0.241,-0.534
00:00:23.066,1572935817483,0.116,0.018000000000000002,13.435,0.664,3.0,-0.006999999999999999,23.338,-0.001,-0.033,350.097,-0.241,-0.534
00:00:23.067,1572935817484,0.106,0.018000000000000002,13.435,0.664,3.0,-0.006999999999999999,23.34,-0.001,-0.033,350.486,-0.241,-0.534
00:00:23.068,1572935817485,0.096,0.018000000000000002,13.435,0.664,3.0,-0.006999999999999999,23.341,-0.001,-0.033,350.875,-0.241,-0.534
00:00:23.117,1572935817534,0.09,0.017,13.142,0.664,3.0,-0.006999999999999999,23.343000000000004,-0.001,-0.034,351.264,-0.241,-0.534
00:00:23.118,1572935817535,0.087,0.017,13.142,0.664,3.0,-0.006999999999999999,23.344,-0.001,-0.034,351.653,-0.242,-0.534
00:00:23.119,1572935817536,0.085,0.017,13.142,0.664,3.0,-0.006999999999999999,23.345,-0.001,-0.034,352.043,-0.242,-0.534
00:00:23.168,1572935817585,0.084,0.017,13.142,0.664,3.0,-0.006999999999999999,23.347,-0.001,-0.035,352.432,-0.242,-0.534
00:00:23.169,1572935817586,0.083,0.017,13.142,0.664,3.0,-0.006999999999999999,23.34800000000001,-0.001,-0.035,352.821,-0.242,-0.534
00:00:23.170,1572935817587,0.08199999999999999,0.017,13.142,0.664,3.0,-0.006999999999999999,23.35,-0.001,-0.036000000000000004,353.21,-0.242,-0.534
00:00:23.219,1572935817636,0.081,0.017,13.142,0.664,3.0,-0.006999999999999999,23.351,-0.001,-0.036000000000000004,353.599,-0.243,-0.534
00:00:23.220,1572935817637,0.08,0.017,13.142,0.664,3.0,-0.006999999999999999,23.352,-0.001,-0.037000000000000005,353.98800000000006,-0.243,-0.534
00:00:23.221,1572935817638,0.08,0.017,13.142,0.664,3.0,-0.006999999999999999,23.354,-0.001,-0.037000000000000005,354.37699999999984,-0.243,-0.534
00:00:23.269,1572935817686,0.08,0.018000000000000002,13.142,0.664,3.0,-0.006999999999999999,23.355,-0.001,-0.038,354.767,-0.243,-0.534
00:00:23.270,1572935817687,0.08,0.018000000000000002,13.142,0.664,3.0,-0.006999999999999999,23.356,-0.001,-0.038,355.156,-0.243,-0.534
00:00:23.271,1572935817688,0.081,0.019,13.142,0.664,3.0,-0.006999999999999999,23.358,-0.001,-0.039,355.57,-0.243,-0.534
00:00:23.319,1572935817736,0.081,0.019,9.26,0.664,3.0,-0.006999999999999999,23.359,-0.001,-0.039,355.935,-0.244,-0.534
00:00:23.320,1572935817737,0.078,0.019,9.26,0.664,3.0,-0.006999999999999999,23.36,-0.001,-0.04,356.324,-0.244,-0.534
00:00:23.321,1572935817738,0.062,0.02,9.26,0.664,3.0,-0.006999999999999999,23.361,-0.001,-0.04,356.73800000000006,-0.244,-0.534
00:00:23.369,1572935817786,0.033,0.02,9.26,0.664,3.0,-0.006999999999999999,23.361,-0.001,-0.041,357.103,-0.244,-0.534
00:00:23.370,1572935817787,-0.005,0.02,9.26,0.664,3.0,-0.006999999999999999,23.36,-0.001,-0.042,357.492,-0.244,-0.534
00:00:23.371,1572935817788,-0.038,0.02,9.26,0.664,3.0,-0.006999999999999999,23.359,-0.001,-0.042,357.881,-0.244,-0.534
00:00:23.419,1572935817836,-0.059,0.02,7.136,0.664,3.0,-0.006999999999999999,23.358,-0.001,-0.044,358.271,-0.244,-0.534
00:00:23.420,1572935817837,-0.069,0.02,7.136,0.664,3.0,-0.006999999999999999,23.357,-0.001,-0.045,358.66,-0.245,-0.534
00:00:23.421,1572935817838,-0.076,0.02,7.136,0.664,3.0,-0.006999999999999999,23.355,-0.001,-0.046,359.04900000000015,-0.245,-0.534
00:00:23.469,1572935817886,-0.086,0.02,7.136,0.664,3.0,-0.006999999999999999,23.354,-0.001,-0.048,359.43800000000016,-0.245,-0.534
00:00:23.470,1572935817887,-0.098,0.02,7.136,0.664,3.0,-0.006999999999999999,23.352,-0.001,-0.049,359.82800000000015,-0.245,-0.534
00:00:23.471,1572935817888,-0.108,0.021,7.136,0.664,3.0,-0.006999999999999999,23.35,-0.001,-0.051,360.217,-0.245,-0.534
00:00:23.520,1572935817937,-0.116,0.021,6.477,0.664,3.0,-0.006999999999999999,23.34800000000001,-0.001,-0.052000000000000005,360.606,-0.245,-0.534
00:00:23.521,1572935817938,-0.12,0.021,6.477,0.664,3.0,-0.006999999999999999,23.346,-0.001,-0.054000000000000006,360.995,-0.245,-0.534
00:00:23.522,1572935817939,-0.123,0.021,6.477,0.664,3.0,-0.006999999999999999,23.344,-0.002,-0.056,361.384,-0.245,-0.534
00:00:23.571,1572935817988,-0.126,0.021,6.477,0.664,3.0,-0.006999999999999999,23.342,-0.002,-0.057,361.773,-0.245,-0.534
00:00:23.572,1572935817989,-0.129,0.022,6.477,0.664,3.0,-0.006999999999999999,23.34,-0.002,-0.059,362.162,-0.245,-0.534
00:00:23.573,1572935817990,-0.133,0.022,6.477,0.664,3.0,-0.006999999999999999,23.337,-0.002,-0.061,362.575,-0.245,-0.534
00:00:23.622,1572935818039,-0.135,0.022,6.477,0.664,3.0,-0.006999999999999999,23.335,-0.002,-0.062,362.94,-0.245,-0.534
00:00:23.623,1572935818040,-0.136,0.022,6.477,0.664,3.0,-0.006999999999999999,23.333,-0.002,-0.064,363.329,-0.246,-0.534
00:00:23.624,1572935818041,-0.136,0.022,6.477,0.664,3.0,-0.006999999999999999,23.33,-0.002,-0.065,363.742,-0.246,-0.534
00:00:23.674,1572935818091,-0.136,0.023,6.477,0.664,3.0,-0.006999999999999999,23.32800000000001,-0.002,-0.066,364.107,-0.246,-0.534
00:00:23.675,1572935818092,-0.136,0.023,6.477,0.664,3.0,-0.006999999999999999,23.326,-0.002,-0.068,364.495,-0.246,-0.534
00:00:23.676,1572935818093,-0.135,0.023,6.477,0.664,3.0,-0.006999999999999999,23.324,-0.002,-0.069,364.909,-0.246,-0.534
00:00:23.722,1572935818139,-0.135,0.023,6.6229999999999976,1.128,3.0,-0.006999999999999999,23.322,-0.002,-0.07,365.273,-0.246,-0.534
00:00:23.723,1572935818140,-0.139,0.023,6.6229999999999976,1.128,3.0,-0.006999999999999999,23.31900000000001,-0.002,-0.071,365.662,-0.246,-0.534
00:00:23.724,1572935818141,-0.14300000000000002,0.023,6.6229999999999976,1.128,3.0,-0.006999999999999999,23.317,-0.002,-0.07200000000000001,366.05,-0.246,-0.534
00:00:23.772,1572935818189,-0.14400000000000002,0.023,6.6229999999999976,1.128,3.0,-0.006999999999999999,23.314,-0.002,-0.073,366.439,-0.246,-0.534
00:00:23.773,1572935818190,-0.14400000000000002,0.023,6.6229999999999976,1.128,3.0,-0.008,23.312,-0.002,-0.073,366.827,-0.246,-0.534
00:00:23.774,1572935818191,-0.14300000000000002,0.022,6.6229999999999976,1.128,3.0,-0.008,23.31,-0.002,-0.07400000000000001,367.216,-0.246,-0.534
00:00:23.822,1572935818239,-0.142,0.022,6.477,0.664,3.0,-0.008,23.307,-0.002,-0.07400000000000001,367.604,-0.246,-0.534
00:00:23.823,1572935818240,-0.138,0.021,6.477,0.664,3.0,-0.008,23.305,-0.002,-0.075,367.99300000000005,-0.246,-0.534
00:00:23.824,1572935818241,-0.134,0.02,6.477,0.664,3.0,-0.008,23.303,-0.002,-0.075,368.381,-0.246,-0.534
00:00:23.874,1572935818291,-0.132,0.02,6.477,0.664,3.0,-0.008,23.301,-0.002,-0.075,368.77,-0.245,-0.534
00:00:23.875,1572935818292,-0.133,0.019,6.477,0.664,3.0,-0.008,23.298,-0.002,-0.075,369.231,-0.245,-0.534
00:00:23.876,1572935818293,-0.133,0.018000000000000002,6.477,0.664,3.0,-0.008,23.296,-0.002,-0.075,369.546,-0.245,-0.534
00:00:23.877,1572935818294,-0.134,0.018000000000000002,6.477,0.664,3.0,-0.008,23.294,-0.002,-0.075,369.934,-0.245,-0.534
00:00:23.923,1572935818340,-0.135,0.017,6.477,0.664,3.0,-0.008,23.292,-0.002,-0.075,370.323,-0.245,-0.534
00:00:23.924,1572935818341,-0.135,0.017,6.477,0.664,3.0,-0.008,23.289,-0.002,-0.07400000000000001,370.735,-0.245,-0.534
00:00:23.925,1572935818342,-0.135,0.016,6.477,0.664,3.0,-0.008,23.287,-0.002,-0.07400000000000001,371.099,-0.245,-0.535
00:00:23.975,1572935818392,-0.135,0.016,6.477,0.664,3.0,-0.006999999999999999,23.285,-0.002,-0.07400000000000001,371.487,-0.245,-0.535
00:00:23.976,1572935818393,-0.134,0.016,6.477,0.664,3.0,-0.006999999999999999,23.283,-0.002,-0.073,371.899,-0.245,-0.535
00:00:23.977,1572935818394,-0.134,0.015,5.305,0.664,3.0,-0.006999999999999999,23.28,-0.002,-0.073,372.263,-0.245,-0.535
00:00:24.025,1572935818442,-0.135,0.014,5.305,0.664,3.0,-0.006999999999999999,23.278,-0.002,-0.073,372.651,-0.245,-0.535
00:00:24.026,1572935818443,-0.138,0.014,5.305,0.664,3.0,-0.006999999999999999,23.276,-0.002,-0.07200000000000001,373.039,-0.245,-0.535
00:00:24.027,1572935818444,-0.14400000000000002,0.013,5.305,0.664,3.0,-0.006999999999999999,23.273000000000003,-0.002,-0.07200000000000001,373.427,-0.245,-0.535
00:00:24.075,1572935818492,-0.152,0.012,5.305,0.664,3.0,-0.006999999999999999,23.271,-0.002,-0.07200000000000001,373.815,-0.245,-0.535
00:00:24.076,1572935818493,-0.16,0.012,5.305,0.664,3.0,-0.006999999999999999,23.268,-0.002,-0.071,374.203,-0.244,-0.535
00:00:24.077,1572935818494,-0.166,0.011,3.108,0.664,3.0,-0.006999999999999999,23.265,-0.002,-0.071,374.591,-0.244,-0.535
00:00:24.125,1572935818542,-0.171,0.01,3.108,0.664,3.0,-0.006999999999999999,23.262,-0.002,-0.071,374.978,-0.244,-0.535
00:00:24.126,1572935818543,-0.17800000000000002,0.009000000000000001,3.108,0.664,3.0,-0.006999999999999999,23.259,-0.001,-0.071,375.366,-0.244,-0.535
00:00:24.127,1572935818544,-0.189,0.009000000000000001,3.108,0.664,3.0,-0.006999999999999999,23.256,-0.001,-0.071,375.754,-0.244,-0.535
00:00:24.175,1572935818592,-0.213,0.009000000000000001,3.108,0.664,3.0,-0.006,23.252,-0.001,-0.07200000000000001,376.141,-0.244,-0.535
00:00:24.176,1572935818593,-0.236,0.008,3.108,0.664,3.0,-0.006,23.248,-0.001,-0.07200000000000001,376.529,-0.244,-0.535
00:00:24.177,1572935818594,-0.242,0.008,2.815,1.128,3.0,-0.006,23.244,-0.001,-0.07200000000000001,376.916,-0.244,-0.535
00:00:24.225,1572935818642,-0.244,0.008,2.815,1.128,3.0,-0.006,23.239,-0.001,-0.073,377.30300000000005,-0.244,-0.535
00:00:24.226,1572935818643,-0.255,0.008,2.815,1.128,3.0,-0.006,23.235,-0.001,-0.07400000000000001,377.715,-0.243,-0.535
00:00:24.227,1572935818644,-0.26,0.008,2.815,1.128,3.0,-0.006,23.231,-0.001,-0.075,378.078,-0.243,-0.535
00:00:24.275,1572935818692,-0.262,0.008,2.815,1.128,3.0,-0.006,23.226,-0.001,-0.075,378.465,-0.243,-0.535
00:00:24.276,1572935818693,-0.262,0.008,2.815,1.128,3.0,-0.006,23.222,-0.001,-0.076,378.876,-0.243,-0.535
00:00:24.277,1572935818694,-0.262,0.006999999999999999,2.9610000000000003,0.664,3.0,-0.006,23.218000000000004,-0.001,-0.077,379.239,-0.243,-0.535
00:00:24.326,1572935818743,-0.257,0.006999999999999999,2.9610000000000003,0.664,3.0,-0.005,23.213,-0.001,-0.078,379.626,-0.243,-0.535
00:00:24.327,1572935818744,-0.25,0.006999999999999999,2.9610000000000003,0.664,3.0,-0.005,23.209,-0.001,-0.079,380.037,-0.243,-0.535
00:00:24.328,1572935818745,-0.247,0.006999999999999999,2.9610000000000003,0.664,3.0,-0.005,23.205,-0.001,-0.08,380.4,-0.243,-0.535
00:00:24.380,1572935818797,-0.246,0.006999999999999999,2.9610000000000003,0.664,3.0,-0.005,23.201,-0.001,-0.081,380.786,-0.242,-0.535
00:00:24.381,1572935818798,-0.246,0.006999999999999999,2.9610000000000003,0.664,3.0,-0.005,23.197,-0.001,-0.08199999999999999,381.197,-0.242,-0.535
00:00:24.382,1572935818799,-0.245,0.006999999999999999,4.792,0.664,3.0,-0.005,23.193,0.0,-0.08199999999999999,381.56,-0.242,-0.535
00:00:24.430,1572935818847,-0.243,0.006999999999999999,4.792,0.664,3.0,-0.005,23.189,0.0,-0.083,381.946,-0.242,-0.535
00:00:24.431,1572935818848,-0.237,0.006999999999999999,4.792,0.664,3.0,-0.005,23.185,0.0,-0.084,382.30800000000005,-0.242,-0.535
00:00:24.432,1572935818849,-0.227,0.006999999999999999,4.792,0.664,3.0,-0.005,23.182,0.0,-0.084,382.647,-0.242,-0.535
00:00:24.478,1572935818895,-0.21600000000000005,0.008,4.792,0.664,3.0,-0.005,23.179,0.0,-0.085,383.033,-0.242,-0.535
00:00:24.479,1572935818896,-0.205,0.008,4.792,0.664,3.0,-0.005,23.175,0.0,-0.085,383.419,-0.241,-0.535
00:00:24.480,1572935818897,-0.196,0.009000000000000001,6.477,0.664,3.0,-0.005,23.172,0.0,-0.086,383.805,-0.241,-0.535
00:00:24.528,1572935818945,-0.189,0.01,6.477,0.664,3.0,-0.004,23.169,0.0,-0.086,384.192,-0.241,-0.535
00:00:24.529,1572935818946,-0.181,0.012,6.477,0.664,3.0,-0.004,23.166,0.0,-0.086,384.578,-0.241,-0.535
00:00:24.530,1572935818947,-0.171,0.013,6.477,0.664,3.0,-0.004,23.164,0.0,-0.085,384.964,-0.241,-0.535
00:00:24.578,1572935818995,-0.158,0.014,6.477,0.664,3.0,-0.004,23.161,0.0,-0.085,385.35,-0.241,-0.535
00:00:24.579,1572935818996,-0.145,0.015,6.477,0.664,3.0,-0.004,23.159,0.0,-0.084,385.76,-0.24,-0.535
00:00:24.580,1572935818997,-0.136,0.015,7.649,0.664,3.0,-0.004,23.157,0.0,-0.083,386.122,-0.24,-0.535
00:00:24.628,1572935819045,-0.129,0.016,7.649,0.664,3.0,-0.004,23.155,0.0,-0.08199999999999999,386.508,-0.24,-0.535
00:00:24.629,1572935819046,-0.123,0.016,7.649,0.664,3.0,-0.004,23.153,0.0,-0.081,386.918,-0.24,-0.535
00:00:24.630,1572935819047,-0.115,0.016,7.649,0.664,3.0,-0.004,23.151,-0.001,-0.079,387.279,-0.24,-0.535
00:00:24.679,1572935819096,-0.106,0.017,7.649,0.664,3.0,-0.005,23.149,-0.001,-0.078,387.665,-0.24,-0.535
00:00:24.680,1572935819097,-0.099,0.017,7.649,0.664,3.0,-0.005,23.148000000000003,-0.001,-0.076,388.051,-0.239,-0.535
00:00:24.681,1572935819098,-0.094,0.018000000000000002,7.795,0.664,3.0,-0.005,23.146,-0.001,-0.07400000000000001,388.437,-0.239,-0.535
00:00:24.733,1572935819150,-0.091,0.018000000000000002,7.795,0.664,3.0,-0.005,23.145,-0.001,-0.073,388.823,-0.239,-0.534
00:00:24.734,1572935819151,-0.091,0.019,7.795,0.664,3.0,-0.005,23.143,-0.001,-0.071,389.233,-0.239,-0.534
00:00:24.735,1572935819152,-0.091,0.019,7.795,0.664,3.0,-0.005,23.142,-0.001,-0.069,389.61800000000005,-0.238,-0.534
00:00:24.780,1572935819197,-0.091,0.02,7.795,0.664,3.0,-0.005,23.14,-0.001,-0.067,389.98,-0.238,-0.534
00:00:24.781,1572935819198,-0.091,0.02,7.795,0.664,3.0,-0.005,23.139,-0.001,-0.065,390.365,-0.238,-0.534
00:00:24.782,1572935819199,-0.091,0.021,8.088,0.664,3.0,-0.005,23.137,-0.001,-0.064,390.751,-0.238,-0.534
00:00:24.830,1572935819247,-0.091,0.021,8.088,0.664,3.0,-0.005,23.136,-0.002,-0.062,391.137,-0.238,-0.534
00:00:24.831,1572935819248,-0.09,0.021,8.088,0.664,3.0,-0.005,23.134,-0.002,-0.061,391.522,-0.237,-0.534
00:00:24.832,1572935819249,-0.08800000000000001,0.022,8.088,0.664,3.0,-0.006,23.13300000000001,-0.002,-0.06,391.908,-0.237,-0.534
00:00:24.880,1572935819297,-0.085,0.022,8.088,0.664,3.0,-0.006,23.131,-0.002,-0.059,392.293,-0.237,-0.534
00:00:24.881,1572935819298,-0.083,0.022,8.088,0.664,3.0,-0.006,23.13,-0.002,-0.058,392.703,-0.237,-0.534
00:00:24.882,1572935819299,-0.081,0.022,8.454,0.664,3.0,-0.006,23.129,-0.002,-0.057,393.064,-0.236,-0.534
00:00:24.931,1572935819348,-0.08,0.022,8.454,0.664,3.0,-0.006,23.127,-0.002,-0.056,393.45,-0.236,-0.534
00:00:24.932,1572935819349,-0.079,0.022,8.454,0.664,3.0,-0.006,23.126,-0.002,-0.056,393.859,-0.236,-0.534
00:00:24.933,1572935819350,-0.077,0.022,8.454,0.664,3.0,-0.006,23.125,-0.002,-0.055,394.221,-0.235,-0.534
00:00:24.981,1572935819398,-0.07400000000000001,0.022,8.454,0.664,3.0,-0.006,23.124,-0.002,-0.055,394.606,-0.235,-0.534
00:00:24.982,1572935819399,-0.071,0.021,8.454,0.664,3.0,-0.006,23.123,-0.002,-0.055,395.016,-0.235,-0.534
00:00:24.983,1572935819400,-0.07,0.021,8.454,1.128,3.0,-0.006,23.121,-0.002,-0.055,395.377,-0.235,-0.534
00:00:25.033,1572935819450,-0.07200000000000001,0.021,8.454,1.128,3.0,-0.006,23.12,-0.002,-0.055,395.762,-0.234,-0.534
00:00:25.034,1572935819451,-0.077,0.02,8.454,1.128,3.0,-0.006,23.119,-0.002,-0.055,396.148,-0.234,-0.534
00:00:25.035,1572935819452,-0.08,0.02,8.454,1.128,3.0,-0.006,23.117,-0.002,-0.055,396.533,-0.234,-0.534
00:00:25.083,1572935819500,-0.08199999999999999,0.02,8.454,1.128,3.0,-0.006,23.116,-0.002,-0.055,396.918,-0.233,-0.534
00:00:25.084,1572935819501,-0.08199999999999999,0.019,8.454,1.128,3.0,-0.006,23.115,-0.002,-0.056,397.30300000000005,-0.233,-0.534
00:00:25.085,1572935819502,-0.08199999999999999,0.019,8.454,0.664,3.0,-0.006,23.113000000000003,-0.002,-0.056,397.689,-0.233,-0.534
00:00:25.136,1572935819553,-0.079,0.019,8.454,0.664,3.0,-0.006,23.112,-0.002,-0.057,398.074,-0.232,-0.535
00:00:25.137,1572935819554,-0.07400000000000001,0.018000000000000002,8.454,0.664,3.0,-0.006999999999999999,23.111,-0.002,-0.057,398.459,-0.232,-0.535
00:00:25.138,1572935819555,-0.071,0.018000000000000002,8.454,0.664,3.0,-0.006999999999999999,23.11,-0.002,-0.057,398.844,-0.232,-0.535
00:00:25.184,1572935819601,-0.07,0.018000000000000002,8.454,0.664,3.0,-0.006999999999999999,23.109,-0.002,-0.058,399.229,-0.231,-0.535
00:00:25.185,1572935819602,-0.07,0.018000000000000002,8.454,0.664,3.0,-0.006999999999999999,23.107,-0.002,-0.058,399.614,-0.231,-0.535
00:00:25.186,1572935819603,-0.069,0.018000000000000002,8.454,0.664,3.0,-0.006999999999999999,23.106,-0.002,-0.058,400.0,-0.23,-0.535
00:00:25.234,1572935819651,-0.069,0.018000000000000002,8.454,0.664,3.0,-0.006999999999999999,23.105,-0.001,-0.059,400.385,-0.23,-0.535
00:00:25.235,1572935819652,-0.069,0.018000000000000002,8.454,0.664,3.0,-0.006999999999999999,23.104,-0.001,-0.059,400.794,-0.23,-0.535
00:00:25.236,1572935819653,-0.069,0.018000000000000002,8.454,0.664,3.0,-0.006999999999999999,23.103,-0.001,-0.059,401.155,-0.229,-0.535
00:00:25.284,1572935819701,-0.069,0.019,8.454,0.664,3.0,-0.006999999999999999,23.102,-0.001,-0.059,401.54,-0.229,-0.535
00:00:25.285,1572935819702,-0.069,0.018000000000000002,8.454,0.664,3.0,-0.006999999999999999,23.1,-0.001,-0.06,401.949,-0.228,-0.534
00:00:25.286,1572935819703,-0.069,0.018000000000000002,8.454,0.664,3.0,-0.006999999999999999,23.099,-0.001,-0.06,402.31,-0.228,-0.534
00:00:25.334,1572935819751,-0.069,0.018000000000000002,8.454,0.664,3.0,-0.006999999999999999,23.09800000000001,-0.001,-0.06,402.695,-0.228,-0.534
00:00:25.335,1572935819752,-0.069,0.018000000000000002,8.454,0.664,3.0,-0.006999999999999999,23.097,-0.001,-0.061,403.128,-0.227,-0.534
00:00:25.336,1572935819753,-0.069,0.018000000000000002,8.454,0.664,3.0,-0.006999999999999999,23.096,-0.001,-0.061,403.465,-0.227,-0.534
00:00:25.384,1572935819801,-0.069,0.017,8.454,0.664,3.0,-0.006999999999999999,23.095,-0.001,-0.061,403.85,-0.226,-0.534
00:00:25.385,1572935819802,-0.069,0.017,8.454,0.664,3.0,-0.006999999999999999,23.094,-0.001,-0.061,404.259,-0.226,-0.534
00:00:25.386,1572935819803,-0.069,0.017,8.454,0.664,3.0,-0.006999999999999999,23.092,-0.001,-0.061,404.619,-0.226,-0.534
00:00:25.435,1572935819852,-0.069,0.017,8.454,0.664,3.0,-0.006,23.091,-0.001,-0.061,405.004,-0.225,-0.534
00:00:25.436,1572935819853,-0.069,0.017,8.454,0.664,3.0,-0.006,23.09,-0.001,-0.062,405.413,-0.225,-0.534
00:00:25.437,1572935819854,-0.069,0.017,8.454,0.664,3.0,-0.006,23.089,-0.001,-0.062,405.798,-0.224,-0.534
00:00:25.489,1572935819906,-0.069,0.017,8.454,0.664,3.0,-0.006,23.088,-0.001,-0.062,406.18300000000005,-0.224,-0.534
00:00:25.490,1572935819907,-0.069,0.017,8.454,0.664,3.0,-0.006,23.087,-0.001,-0.062,406.568,-0.223,-0.534
00:00:25.491,1572935819908,-0.069,0.017,8.454,0.664,3.0,-0.006,23.085,-0.001,-0.062,406.952,-0.223,-0.534
00:00:25.536,1572935819953,-0.069,0.017,8.454,0.664,3.0,-0.006,23.084,-0.001,-0.062,407.337,-0.222,-0.534
00:00:25.537,1572935819954,-0.069,0.016,8.454,0.664,3.0,-0.006,23.083,-0.001,-0.062,407.722,-0.222,-0.534
00:00:25.538,1572935819955,-0.069,0.016,8.454,0.664,3.0,-0.006,23.082,-0.001,-0.062,408.107,-0.221,-0.535
00:00:25.586,1572935820003,-0.069,0.015,8.454,0.664,3.0,-0.006,23.081,-0.001,-0.062,408.491,-0.221,-0.535
00:00:25.587,1572935820004,-0.069,0.015,8.454,0.664,3.0,-0.006,23.08,-0.001,-0.062,408.876,-0.221,-0.535
00:00:25.588,1572935820005,-0.069,0.014,8.454,0.664,3.0,-0.006,23.079,-0.001,-0.061,409.261,-0.22,-0.535
00:00:25.636,1572935820053,-0.069,0.014,8.454,0.664,3.0,-0.006,23.07800000000001,-0.002,-0.061,409.621,-0.22,-0.535
00:00:25.637,1572935820054,-0.069,0.013,8.454,0.664,3.0,-0.006,23.076,-0.002,-0.061,410.054,-0.219,-0.535
00:00:25.638,1572935820055,-0.069,0.012,8.454,0.664,3.0,-0.006,23.075,-0.002,-0.061,410.414,-0.219,-0.535
00:00:25.686,1572935820103,-0.069,0.012,8.454,0.664,3.0,-0.006,23.074,-0.002,-0.061,410.799,-0.218,-0.535
00:00:25.687,1572935820104,-0.069,0.011,8.454,0.664,3.0,-0.006,23.073,-0.002,-0.061,411.184,-0.218,-0.535
00:00:25.688,1572935820105,-0.069,0.011,8.454,0.664,3.0,-0.006,23.072,-0.002,-0.061,411.544,-0.217,-0.535
00:00:25.736,1572935820153,-0.069,0.01,8.454,0.664,3.0,-0.006,23.071,-0.002,-0.061,411.929,-0.217,-0.535
00:00:25.737,1572935820154,-0.069,0.01,8.454,0.664,3.0,-0.006,23.07,-0.001,-0.061,412.31300000000016,-0.21600000000000005,-0.535
00:00:25.738,1572935820155,-0.069,0.009000000000000001,8.454,0.664,3.0,-0.006,23.068,-0.001,-0.061,412.722,-0.21600000000000005,-0.535
00:00:25.786,1572935820203,-0.069,0.009000000000000001,8.454,0.664,3.0,-0.006,23.067,-0.001,-0.06,413.106,-0.215,-0.535
00:00:25.787,1572935820204,-0.069,0.008,8.454,0.664,3.0,-0.006,23.066,-0.001,-0.06,413.491,-0.215,-0.535
00:00:25.788,1572935820205,-0.069,0.006999999999999999,8.454,0.664,3.0,-0.006,23.065,-0.001,-0.06,413.875,-0.214,-0.535
00:00:25.837,1572935820254,-0.069,0.006,8.454,0.664,3.0,-0.005,23.064,-0.001,-0.06,414.235,-0.214,-0.535
00:00:25.838,1572935820255,-0.069,0.005,8.454,0.664,3.0,-0.005,23.063,-0.001,-0.06,414.644,-0.213,-0.535
00:00:25.839,1572935820256,-0.069,0.005,8.454,0.664,3.0,-0.005,23.061,-0.001,-0.06,415.028,-0.212,-0.535
00:00:25.889,1572935820306,-0.069,0.004,8.454,0.664,3.0,-0.005,23.06,-0.001,-0.06,415.412,-0.212,-0.535
00:00:25.890,1572935820307,-0.068,0.003,8.454,0.664,3.0,-0.005,23.059,-0.001,-0.06,415.797,-0.211,-0.535
00:00:25.891,1572935820308,-0.068,0.002,8.454,0.664,3.0,-0.005,23.058000000000003,-0.001,-0.06,416.181,-0.211,-0.535
00:00:25.939,1572935820356,-0.068,0.002,8.454,0.664,3.0,-0.005,23.057,-0.001,-0.06,416.565,-0.21,-0.535
00:00:25.940,1572935820357,-0.068,0.001,8.454,0.664,3.0,-0.004,23.056,-0.001,-0.06,416.95,-0.21,-0.535
00:00:25.941,1572935820358,-0.068,0.001,8.454,0.664,3.0,-0.004,23.055,-0.001,-0.06,417.334,-0.209,-0.535
00:00:25.989,1572935820406,-0.068,0.0,8.454,0.664,3.0,-0.004,23.053,-0.001,-0.06,417.718,-0.209,-0.535
00:00:25.990,1572935820407,-0.068,0.0,8.454,0.664,3.0,-0.004,23.052,0.0,-0.06,418.102,-0.208,-0.535
00:00:25.991,1572935820408,-0.068,-0.001,8.454,0.664,3.0,-0.004,23.051,0.0,-0.06,418.487,-0.208,-0.535
00:00:26.039,1572935820456,-0.068,-0.001,8.454,0.664,3.0,-0.004,23.05,0.0,-0.06,418.871,-0.207,-0.535
00:00:26.040,1572935820457,-0.068,-0.001,8.454,0.664,3.0,-0.004,23.049,0.0,-0.06,419.255,-0.207,-0.535
00:00:26.041,1572935820458,-0.068,-0.001,8.454,0.664,3.0,-0.003,23.048,0.0,-0.06,419.639,-0.206,-0.535
00:00:26.090,1572935820507,-0.068,-0.001,8.454,0.664,3.0,-0.003,23.047,0.0,-0.06,420.023,-0.206,-0.535
00:00:26.091,1572935820508,-0.068,-0.002,8.454,0.664,3.0,-0.003,23.046,0.0,-0.06,420.407,-0.205,-0.535
00:00:26.092,1572935820509,-0.068,-0.003,8.454,0.664,3.0,-0.003,23.044,0.0,-0.06,420.791,-0.205,-0.535
00:00:26.093,1572935820510,-0.068,-0.003,8.454,0.664,3.0,-0.003,23.04300000000001,0.0,-0.06,421.175,-0.204,-0.535
00:00:26.141,1572935820558,-0.068,-0.003,8.454,0.664,3.0,-0.003,23.042,0.0,-0.06,421.535,-0.204,-0.535
00:00:26.142,1572935820559,-0.068,-0.004,8.454,0.664,3.0,-0.002,23.041,0.0,-0.06,421.92,-0.203,-0.535
00:00:26.143,1572935820560,-0.068,-0.004,8.454,0.664,3.0,-0.002,23.04,0.0,-0.06,422.304,-0.203,-0.535
00:00:26.192,1572935820609,-0.068,-0.005,8.454,0.664,3.0,-0.002,23.039,0.0,-0.06,422.68800000000016,-0.202,-0.535
00:00:26.193,1572935820610,-0.068,-0.005,8.454,0.664,3.0,-0.002,23.038,0.0,-0.06,423.071,-0.202,-0.535
00:00:26.194,1572935820611,-0.068,-0.005,8.454,0.664,3.0,-0.002,23.037,0.0,-0.06,423.455,-0.201,-0.535
00:00:26.243,1572935820660,-0.068,-0.005,8.454,0.664,3.0,-0.002,23.035,0.001,-0.06,423.839,-0.201,-0.535
00:00:26.244,1572935820661,-0.068,-0.006,8.454,0.664,3.0,-0.002,23.034,0.001,-0.06,424.223,-0.2,-0.535
00:00:26.245,1572935820662,-0.068,-0.006,8.454,0.664,3.0,-0.002,23.033,0.001,-0.06,424.607,-0.2,-0.535
00:00:26.293,1572935820710,-0.068,-0.006,8.454,0.664,3.0,-0.001,23.032,0.001,-0.06,424.991,-0.199,-0.535
00:00:26.294,1572935820711,-0.068,-0.006,8.454,0.664,3.0,-0.001,23.031,0.001,-0.06,425.375,-0.199,-0.535
00:00:26.295,1572935820712,-0.068,-0.005,8.454,0.664,3.0,-0.001,23.03,0.001,-0.06,425.759,-0.198,-0.535
00:00:26.343,1572935820760,-0.068,-0.005,8.454,0.664,3.0,-0.001,23.029,0.001,-0.06,426.143,-0.198,-0.535
00:00:26.344,1572935820761,-0.068,-0.005,8.454,0.664,3.0,-0.001,23.027,0.001,-0.06,426.526,-0.197,-0.535
00:00:26.345,1572935820762,-0.068,-0.005,8.454,0.664,3.0,-0.001,23.026,0.001,-0.06,426.91,-0.197,-0.535
00:00:26.394,1572935820811,-0.068,-0.005,8.454,0.664,3.0,-0.001,23.025,0.001,-0.06,427.294,-0.196,-0.535
00:00:26.395,1572935820812,-0.068,-0.005,8.454,0.664,3.0,-0.001,23.024,0.001,-0.06,427.67800000000005,-0.196,-0.535
00:00:26.396,1572935820813,-0.068,-0.005,8.454,0.664,3.0,-0.001,23.023000000000003,0.001,-0.06,428.061,-0.195,-0.535
00:00:26.444,1572935820861,-0.068,-0.005,8.454,0.664,3.0,0.0,23.022,0.001,-0.06,428.445,-0.195,-0.535
00:00:26.445,1572935820862,-0.068,-0.005,8.454,0.664,3.0,0.0,23.021,0.001,-0.06,428.829,-0.194,-0.535
00:00:26.446,1572935820863,-0.068,-0.005,8.454,0.664,3.0,0.0,23.02,0.001,-0.06,429.212,-0.194,-0.535
00:00:26.495,1572935820912,-0.068,-0.004,8.454,0.664,3.0,0.0,23.018,0.001,-0.06,429.596,-0.193,-0.535
00:00:26.496,1572935820913,-0.068,-0.004,8.454,0.664,3.0,0.0,23.017,0.001,-0.06,429.98,-0.193,-0.535
00:00:26.497,1572935820914,-0.068,-0.004,8.454,0.664,3.0,0.0,23.016,0.001,-0.06,430.36300000000006,-0.192,-0.535
00:00:26.545,1572935820962,-0.068,-0.004,8.454,0.664,3.0,0.0,23.015,0.001,-0.06,430.747,-0.192,-0.535
00:00:26.546,1572935820963,-0.068,-0.004,8.454,0.664,3.0,0.0,23.014,0.001,-0.06,431.131,-0.191,-0.535
00:00:26.547,1572935820964,-0.068,-0.004,8.454,0.664,3.0,0.0,23.013,0.001,-0.06,431.514,-0.191,-0.535
00:00:26.596,1572935821013,-0.067,-0.004,8.454,0.664,3.0,0.0,23.012,0.001,-0.06,431.922,-0.19,-0.535
00:00:26.597,1572935821014,-0.067,-0.003,8.454,0.664,3.0,0.0,23.011,0.001,-0.06,432.281,-0.19,-0.535
00:00:26.598,1572935821015,-0.067,-0.003,8.454,0.664,3.0,0.0,23.009,0.001,-0.06,432.665,-0.189,-0.535
00:00:26.647,1572935821064,-0.067,-0.003,8.454,0.664,3.0,0.001,23.00800000000001,0.0,-0.06,433.048,-0.189,-0.535
00:00:26.648,1572935821065,-0.067,-0.003,8.454,0.664,3.0,0.001,23.007,0.0,-0.06,433.432,-0.188,-0.535
00:00:26.649,1572935821066,-0.067,-0.003,8.454,0.664,3.0,0.001,23.006,0.0,-0.06,433.815,-0.188,-0.535
00:00:26.698,1572935821115,-0.067,-0.003,8.454,0.664,3.0,0.001,23.005,0.0,-0.06,434.198,-0.187,-0.535
00:00:26.699,1572935821116,-0.067,-0.002,8.454,0.664,3.0,0.001,23.004,0.0,-0.06,434.582,-0.187,-0.535
00:00:26.700,1572935821117,-0.067,-0.002,8.454,0.664,3.0,0.001,23.003,0.0,-0.06,434.965,-0.18600000000000005,-0.535
00:00:26.747,1572935821164,-0.067,-0.002,8.454,0.664,3.0,0.001,23.002,0.0,-0.06,435.349,-0.18600000000000005,-0.535
00:00:26.748,1572935821165,-0.067,-0.002,8.454,0.664,3.0,0.001,23.0,0.0,-0.06,435.732,-0.185,-0.535
00:00:26.749,1572935821166,-0.067,-0.002,8.454,0.664,3.0,0.001,22.999,0.0,-0.06,436.115,-0.185,-0.535
00:00:26.797,1572935821214,-0.067,-0.002,8.454,0.664,3.0,0.001,22.998,0.0,-0.06,436.499,-0.184,-0.535
00:00:26.798,1572935821215,-0.067,-0.002,8.454,0.664,3.0,0.001,22.997,0.0,-0.06,436.882,-0.184,-0.535
00:00:26.799,1572935821216,-0.067,-0.001,8.454,0.664,3.0,0.001,22.996,0.0,-0.06,437.265,-0.183,-0.535
00:00:26.847,1572935821264,-0.067,-0.001,8.454,0.664,3.0,0.001,22.995,0.0,-0.06,437.672,-0.183,-0.535
00:00:26.848,1572935821265,-0.067,-0.001,8.454,0.664,3.0,0.001,22.994,0.0,-0.06,438.032,-0.183,-0.535
00:00:26.849,1572935821266,-0.067,-0.001,8.454,0.664,3.0,0.001,22.993,0.0,-0.06,438.415,-0.182,-0.535
00:00:26.897,1572935821314,-0.067,-0.001,8.454,0.664,3.0,0.001,22.991,0.0,-0.06,438.822,-0.182,-0.535
00:00:26.898,1572935821315,-0.067,-0.001,8.454,0.664,3.0,0.001,22.99,0.0,-0.06,439.181,-0.181,-0.535
00:00:26.899,1572935821316,-0.067,-0.001,8.454,0.664,3.0,0.001,22.989,0.0,-0.06,439.564,-0.181,-0.535
00:00:26.948,1572935821365,-0.067,-0.001,8.454,0.664,3.0,0.001,22.988000000000003,0.0,-0.06,439.948,-0.18,-0.535
00:00:26.949,1572935821366,-0.067,-0.001,8.454,0.664,3.0,0.001,22.987,0.0,-0.06,440.331,-0.18,-0.535
00:00:26.950,1572935821367,-0.067,-0.001,8.454,0.664,3.0,0.001,22.986,0.0,-0.06,440.714,-0.179,-0.535
00:00:27.003,1572935821420,-0.067,-0.001,8.454,0.664,3.0,0.001,22.985,0.0,-0.06,441.097,-0.179,-0.535
00:00:27.004,1572935821421,-0.067,0.0,8.454,0.664,3.0,0.001,22.984,0.0,-0.06,441.48,-0.17800000000000002,-0.535
00:00:27.005,1572935821422,-0.067,0.0,8.454,0.664,3.0,0.001,22.983,0.0,-0.06,441.86300000000006,-0.17800000000000002,-0.535
00:00:27.050,1572935821467,-0.067,0.0,8.454,0.664,3.0,0.001,22.982,0.0,-0.06,442.246,-0.177,-0.535
00:00:27.051,1572935821468,-0.067,0.0,8.454,0.664,3.0,0.001,22.98,0.0,-0.06,442.629,-0.177,-0.535
00:00:27.052,1572935821469,-0.067,0.0,8.454,0.664,3.0,0.001,22.979,0.0,-0.06,443.012,-0.17600000000000002,-0.535
00:00:27.100,1572935821517,-0.067,0.0,8.454,0.664,3.0,0.001,22.978,0.0,-0.06,443.395,-0.17600000000000002,-0.535
00:00:27.101,1572935821518,-0.067,0.0,8.454,0.664,3.0,0.001,22.977,0.0,-0.06,443.778,-0.175,-0.535
00:00:27.102,1572935821519,-0.067,0.0,8.454,0.664,3.0,0.001,22.976,0.0,-0.06,444.161,-0.175,-0.535
00:00:27.150,1572935821567,-0.067,0.0,8.454,0.664,3.0,0.001,22.975,0.0,-0.06,444.544,-0.175,-0.535
00:00:27.151,1572935821568,-0.067,0.0,8.454,0.664,3.0,0.001,22.974,0.0,-0.06,444.927,-0.174,-0.535
00:00:27.152,1572935821569,-0.067,0.0,8.454,0.664,3.0,0.001,22.97300000000001,0.0,-0.06,445.31,-0.174,-0.535
00:00:27.200,1572935821617,-0.067,0.0,8.454,0.664,3.0,0.001,22.971,0.0,-0.06,445.716,-0.173,-0.535
00:00:27.201,1572935821618,-0.067,0.0,8.454,0.664,3.0,0.001,22.97,0.0,-0.06,446.075,-0.173,-0.535
00:00:27.202,1572935821619,-0.067,0.0,8.454,0.664,3.0,0.001,22.969,0.0,-0.06,446.458,-0.172,-0.535
00:00:27.250,1572935821667,-0.067,0.0,8.454,0.664,3.0,0.001,22.968000000000004,0.0,-0.06,446.841,-0.172,-0.535
00:00:27.251,1572935821668,-0.067,0.0,8.454,0.664,3.0,0.001,22.967,0.0,-0.06,447.2,-0.171,-0.535
00:00:27.252,1572935821669,-0.067,0.0,8.454,0.664,3.0,0.001,22.966,0.0,-0.06,447.583,-0.171,-0.535
00:00:27.300,1572935821717,-0.067,-0.001,8.454,0.664,3.0,0.001,22.965,0.0,-0.06,447.989,-0.17,-0.535
00:00:27.301,1572935821718,-0.066,-0.001,8.454,0.664,3.0,0.001,22.964,0.0,-0.06,448.348,-0.17,-0.535
00:00:27.302,1572935821719,-0.066,-0.001,8.454,0.664,3.0,0.001,22.963,0.0,-0.06,448.731,-0.16899999999999998,-0.535
00:00:27.351,1572935821768,-0.066,-0.002,8.454,0.664,3.0,0.001,22.962,0.0,-0.06,449.114,-0.16899999999999998,-0.535
00:00:27.352,1572935821769,-0.066,-0.002,8.454,0.664,3.0,0.001,22.96,0.0,-0.06,449.496,-0.168,-0.535
00:00:27.353,1572935821770,-0.066,-0.003,8.454,0.664,3.0,0.001,22.959,0.0,-0.06,449.879,-0.168,-0.535
00:00:27.402,1572935821819,-0.066,-0.003,8.454,0.664,3.0,0.001,22.958,0.0,-0.06,450.262,-0.168,-0.535
00:00:27.403,1572935821820,-0.066,-0.004,8.308,0.664,3.0,0.001,22.957,0.0,-0.06,450.644,-0.16699999999999998,-0.535
00:00:27.404,1572935821821,-0.066,-0.004,8.308,0.664,3.0,0.001,22.956,0.0,-0.06,451.027,-0.16699999999999998,-0.535
00:00:27.452,1572935821869,-0.067,-0.004,8.308,0.664,3.0,0.001,22.955,0.0,-0.06,451.409,-0.166,-0.535
00:00:27.453,1572935821870,-0.068,-0.005,8.308,0.664,3.0,0.001,22.954,0.0,-0.06,451.792,-0.166,-0.535
00:00:27.454,1572935821871,-0.069,-0.005,8.308,0.664,3.0,0.001,22.95300000000001,0.0,-0.06,452.175,-0.165,-0.535
00:00:27.504,1572935821921,-0.071,-0.005,8.308,0.664,3.0,0.001,22.951,0.0,-0.06,452.581,-0.165,-0.535
00:00:27.505,1572935821922,-0.071,-0.005,8.308,1.128,3.0,0.001,22.95,0.0,-0.06,452.94,-0.16399999999999998,-0.535
00:00:27.506,1572935821923,-0.07400000000000001,-0.006,8.308,1.128,3.0,0.001,22.949,0.0,-0.06,453.322,-0.16399999999999998,-0.535
00:00:27.553,1572935821970,-0.079,-0.006,8.308,1.128,3.0,0.001,22.947,0.0,-0.06,453.728,-0.163,-0.535
00:00:27.554,1572935821971,-0.08199999999999999,-0.006,8.308,1.128,3.0,0.001,22.946,0.0,-0.06,454.087,-0.163,-0.535
00:00:27.555,1572935821972,-0.083,-0.006,8.308,1.128,3.0,0.001,22.945,0.0,-0.06,454.469,-0.162,-0.535
00:00:27.603,1572935822020,-0.083,-0.006,8.308,1.128,3.0,0.001,22.943,0.0,-0.06,454.876,-0.162,-0.535
00:00:27.604,1572935822021,-0.083,-0.006999999999999999,8.454,0.664,3.0,0.001,22.942,0.0,-0.06,455.234,-0.162,-0.535
00:00:27.605,1572935822022,-0.08,-0.006999999999999999,8.454,0.664,3.0,0.001,22.941,0.0,-0.06,455.617,-0.161,-0.535
00:00:27.653,1572935822070,-0.07400000000000001,-0.006999999999999999,8.454,0.664,3.0,0.001,22.94,0.0,-0.061,455.999,-0.161,-0.535
00:00:27.654,1572935822071,-0.071,-0.008,8.454,0.664,3.0,0.001,22.938,0.001,-0.061,456.381,-0.16,-0.535
00:00:27.655,1572935822072,-0.068,-0.008,8.454,0.664,3.0,0.001,22.937,0.001,-0.061,456.764,-0.16,-0.535
00:00:27.705,1572935822122,-0.066,-0.008,8.454,0.664,3.0,0.001,22.936,0.001,-0.061,457.146,-0.159,-0.535
00:00:27.706,1572935822123,-0.066,-0.008,8.308,0.664,3.0,0.002,22.935,0.001,-0.061,457.528,-0.159,-0.535
00:00:27.707,1572935822124,-0.065,-0.009000000000000001,8.308,0.664,3.0,0.002,22.934,0.001,-0.061,457.91,-0.159,-0.535
00:00:27.754,1572935822171,-0.066,-0.009000000000000001,8.308,0.664,3.0,0.002,22.933000000000003,0.001,-0.061,458.293,-0.158,-0.535
00:00:27.755,1572935822172,-0.067,-0.009000000000000001,8.308,0.664,3.0,0.002,22.932,0.001,-0.061,458.675,-0.158,-0.535
00:00:27.756,1572935822173,-0.069,-0.009000000000000001,8.308,0.664,3.0,0.002,22.931,0.001,-0.061,459.057,-0.157,-0.535
00:00:27.805,1572935822222,-0.07,-0.009000000000000001,8.308,0.664,3.0,0.002,22.93,0.001,-0.061,459.439,-0.157,-0.535
00:00:27.806,1572935822223,-0.071,-0.009000000000000001,8.454,0.664,3.0,0.002,22.928,0.001,-0.061,459.821,-0.156,-0.535
00:00:27.807,1572935822224,-0.071,-0.008,8.454,0.664,3.0,0.002,22.927,0.001,-0.061,460.203,-0.156,-0.535
00:00:27.855,1572935822272,-0.07,-0.008,8.454,0.664,3.0,0.002,22.926,0.001,-0.061,460.609,-0.156,-0.535
00:00:27.856,1572935822273,-0.069,-0.008,8.454,0.664,3.0,0.002,22.925,0.001,-0.061,460.968,-0.155,-0.535
00:00:27.857,1572935822274,-0.067,-0.008,8.454,0.664,3.0,0.002,22.924,0.001,-0.061,461.35,-0.155,-0.535
00:00:27.905,1572935822322,-0.066,-0.008,8.454,0.664,3.0,0.002,22.923,0.001,-0.06,461.756,-0.154,-0.535
00:00:27.906,1572935822323,-0.065,-0.008,8.454,0.664,3.0,0.002,22.922,0.001,-0.06,462.114,-0.154,-0.535
00:00:27.907,1572935822324,-0.065,-0.008,8.454,0.664,3.0,0.002,22.921,0.001,-0.06,462.496,-0.154,-0.535
00:00:27.959,1572935822376,-0.065,-0.008,8.454,0.664,3.0,0.002,22.919,0.001,-0.06,462.902,-0.153,-0.535
00:00:27.960,1572935822377,-0.065,-0.008,8.454,0.664,3.0,0.002,22.91800000000001,0.001,-0.06,463.26,-0.153,-0.535
00:00:27.961,1572935822378,-0.065,-0.008,8.454,0.664,3.0,0.002,22.917,0.001,-0.06,463.642,-0.152,-0.535
00:00:28.007,1572935822424,-0.066,-0.008,8.454,0.664,3.0,0.002,22.916,0.001,-0.06,464.024,-0.152,-0.535
00:00:28.008,1572935822425,-0.066,-0.006999999999999999,8.454,0.664,3.0,0.002,22.915,0.001,-0.06,464.406,-0.152,-0.535
00:00:28.009,1572935822426,-0.066,-0.006999999999999999,8.454,0.664,3.0,0.002,22.914,0.001,-0.06,464.787,-0.151,-0.535
00:00:28.010,1572935822427,-0.066,-0.006999999999999999,8.454,0.664,3.0,0.002,22.913,0.001,-0.06,465.169,-0.151,-0.535
00:00:28.057,1572935822474,-0.065,-0.006999999999999999,8.454,0.664,3.0,0.002,22.912,0.001,-0.06,465.551,-0.15,-0.535
00:00:28.058,1572935822475,-0.065,-0.006999999999999999,8.454,0.664,3.0,0.002,22.911,0.001,-0.06,465.93300000000005,-0.15,-0.535
00:00:28.059,1572935822476,-0.065,-0.006999999999999999,8.454,0.664,3.0,0.002,22.91,0.001,-0.059,466.315,-0.15,-0.535
00:00:28.108,1572935822525,-0.065,-0.006,8.454,0.664,3.0,0.002,22.909,0.001,-0.059,466.697,-0.149,-0.535
00:00:28.109,1572935822526,-0.065,-0.006,8.454,0.664,3.0,0.002,22.907,0.001,-0.059,467.079,-0.149,-0.535
00:00:28.110,1572935822527,-0.065,-0.006,8.454,0.664,3.0,0.002,22.906,0.001,-0.059,467.484,-0.14800000000000002,-0.535
00:00:28.159,1572935822576,-0.065,-0.006,8.454,0.664,3.0,0.002,22.905,0.001,-0.059,467.842,-0.14800000000000002,-0.535
00:00:28.160,1572935822577,-0.065,-0.006,8.454,0.664,3.0,0.002,22.904,0.001,-0.059,468.224,-0.14800000000000002,-0.535
00:00:28.161,1572935822578,-0.065,-0.006,8.454,0.664,3.0,0.002,22.903,0.001,-0.059,468.606,-0.147,-0.535
00:00:28.209,1572935822626,-0.065,-0.006,8.454,0.664,3.0,0.002,22.902,0.001,-0.059,468.987,-0.147,-0.535
00:00:28.210,1572935822627,-0.065,-0.006,8.454,0.664,3.0,0.002,22.901,0.001,-0.059,469.369,-0.147,-0.535
00:00:28.211,1572935822628,-0.065,-0.006,8.454,0.664,3.0,0.002,22.9,0.001,-0.059,469.775,-0.146,-0.535
00:00:28.259,1572935822676,-0.065,-0.005,8.454,0.664,3.0,0.002,22.899,0.001,-0.059,470.132,-0.146,-0.535
00:00:28.260,1572935822677,-0.065,-0.005,8.454,0.664,3.0,0.002,22.898000000000003,0.0,-0.059,470.514,-0.146,-0.535
00:00:28.261,1572935822678,-0.065,-0.005,8.454,0.664,3.0,0.002,22.897,0.0,-0.059,470.896,-0.145,-0.535
00:00:28.309,1572935822726,-0.065,-0.005,8.454,0.664,3.0,0.002,22.896,0.0,-0.059,471.277,-0.145,-0.535
00:00:28.310,1572935822727,-0.065,-0.005,8.454,0.664,3.0,0.002,22.894,0.0,-0.059,471.659,-0.14400000000000002,-0.535
00:00:28.311,1572935822728,-0.065,-0.005,8.454,0.664,3.0,0.002,22.893,0.0,-0.059,472.04,-0.14400000000000002,-0.535
00:00:28.360,1572935822777,-0.065,-0.005,8.454,0.664,3.0,0.002,22.892,0.0,-0.059,472.422,-0.14400000000000002,-0.535
00:00:28.361,1572935822778,-0.065,-0.005,8.454,0.664,3.0,0.002,22.891,0.0,-0.059,472.80300000000005,-0.14300000000000002,-0.535
00:00:28.362,1572935822779,-0.065,-0.005,8.454,0.664,3.0,0.002,22.89,0.0,-0.059,473.185,-0.14300000000000002,-0.535
00:00:28.410,1572935822827,-0.065,-0.006,8.454,0.664,3.0,0.002,22.889,0.0,-0.059,473.566,-0.14300000000000002,-0.535
00:00:28.411,1572935822828,-0.065,-0.006,8.454,0.664,3.0,0.002,22.888,0.0,-0.059,473.948,-0.142,-0.535
00:00:28.412,1572935822829,-0.065,-0.006,8.454,0.664,3.0,0.002,22.887,0.0,-0.059,474.329,-0.142,-0.535
00:00:28.460,1572935822877,-0.065,-0.006,8.454,0.664,3.0,0.002,22.886,0.0,-0.059,474.711,-0.142,-0.535
00:00:28.461,1572935822878,-0.065,-0.006,8.454,0.664,3.0,0.002,22.885,0.0,-0.059,475.092,-0.141,-0.535
00:00:28.462,1572935822879,-0.065,-0.006,8.454,0.664,3.0,0.002,22.884,0.0,-0.059,475.497,-0.141,-0.535
00:00:28.511,1572935822928,-0.065,-0.006,8.454,0.664,3.0,0.002,22.88300000000001,0.0,-0.059,475.855,-0.141,-0.535
00:00:28.512,1572935822929,-0.065,-0.006,8.454,0.664,3.0,0.002,22.881,0.0,-0.059,476.236,-0.14,-0.535
00:00:28.513,1572935822930,-0.065,-0.006,8.454,0.664,3.0,0.002,22.88,0.0,-0.059,476.642,-0.14,-0.535
00:00:28.561,1572935822978,-0.065,-0.006,8.454,0.664,3.0,0.002,22.879,0.0,-0.059,476.999,-0.14,-0.535
00:00:28.562,1572935822979,-0.065,-0.006,8.454,0.664,3.0,0.002,22.878,0.0,-0.059,477.38,-0.139,-0.535
00:00:28.563,1572935822980,-0.065,-0.006,8.454,0.664,3.0,0.002,22.877,0.001,-0.059,477.785,-0.139,-0.535
00:00:28.611,1572935823028,-0.065,-0.006999999999999999,8.454,1.128,3.0,0.002,22.876,0.001,-0.059,478.143,-0.139,-0.535
00:00:28.612,1572935823029,-0.068,-0.006999999999999999,8.454,1.128,3.0,0.002,22.875,0.001,-0.059,478.524,-0.138,-0.535
00:00:28.613,1572935823030,-0.07200000000000001,-0.006999999999999999,8.454,1.128,3.0,0.002,22.874,0.001,-0.06,478.882,-0.138,-0.535
00:00:28.661,1572935823078,-0.075,-0.006999999999999999,8.454,1.128,3.0,0.002,22.872,0.001,-0.06,479.263,-0.138,-0.535
00:00:28.662,1572935823079,-0.076,-0.006999999999999999,8.454,1.128,3.0,0.002,22.871,0.001,-0.06,479.644,-0.13699999999999998,-0.535
00:00:28.663,1572935823080,-0.077,-0.006999999999999999,8.454,1.128,3.0,0.002,22.87,0.001,-0.06,480.025,-0.13699999999999998,-0.535
00:00:28.711,1572935823128,-0.077,-0.006999999999999999,8.454,0.664,3.0,0.002,22.869,0.001,-0.06,480.406,-0.13699999999999998,-0.535
00:00:28.712,1572935823129,-0.07400000000000001,-0.006999999999999999,8.454,0.664,3.0,0.002,22.867,0.001,-0.06,480.787,-0.136,-0.535
00:00:28.713,1572935823130,-0.069,-0.006999999999999999,8.454,0.664,3.0,0.002,22.866,0.001,-0.06,481.169,-0.136,-0.535
00:00:28.761,1572935823178,-0.066,-0.006999999999999999,8.454,0.664,3.0,0.002,22.865,0.001,-0.06,481.55,-0.136,-0.534
00:00:28.762,1572935823179,-0.065,-0.006999999999999999,8.454,0.664,3.0,0.002,22.864,0.001,-0.06,481.931,-0.135,-0.534
00:00:28.763,1572935823180,-0.065,-0.006999999999999999,8.454,0.664,3.0,0.002,22.863000000000003,0.001,-0.06,482.336,-0.135,-0.534
00:00:28.812,1572935823229,-0.064,-0.006999999999999999,8.454,0.664,3.0,0.002,22.862,0.001,-0.06,482.693,-0.135,-0.534
00:00:28.813,1572935823230,-0.064,-0.006999999999999999,8.454,0.664,3.0,0.002,22.861,0.001,-0.06,483.074,-0.134,-0.534
00:00:28.814,1572935823231,-0.064,-0.006999999999999999,8.454,0.664,3.0,0.002,22.86,0.001,-0.06,483.479,-0.134,-0.534
00:00:28.862,1572935823279,-0.064,-0.006999999999999999,8.454,0.664,3.0,0.002,22.859,0.001,-0.06,483.836,-0.134,-0.534
00:00:28.863,1572935823280,-0.064,-0.006999999999999999,8.454,0.664,3.0,0.002,22.858,0.001,-0.06,484.217,-0.134,-0.534
00:00:28.864,1572935823281,-0.064,-0.006999999999999999,8.454,0.664,3.0,0.002,22.857,0.001,-0.06,484.622,-0.133,-0.534
00:00:28.914,1572935823331,-0.064,-0.006999999999999999,8.308,0.664,3.0,0.002,22.856,0.001,-0.06,484.979,-0.133,-0.534
00:00:28.915,1572935823332,-0.064,-0.006999999999999999,8.308,0.664,3.0,0.002,22.855,0.001,-0.06,485.36,-0.133,-0.534
00:00:28.916,1572935823333,-0.065,-0.006999999999999999,8.308,0.664,3.0,0.002,22.853,0.001,-0.06,485.741,-0.132,-0.534
00:00:28.964,1572935823381,-0.066,-0.006,8.308,0.664,3.0,0.002,22.852,0.001,-0.06,486.121,-0.132,-0.534
00:00:28.965,1572935823382,-0.067,-0.006,8.308,0.664,3.0,0.002,22.851,0.001,-0.06,486.502,-0.132,-0.534
00:00:28.966,1572935823383,-0.068,-0.006,8.308,0.664,3.0,0.002,22.85,0.001,-0.06,486.883,-0.131,-0.534
00:00:29.014,1572935823431,-0.069,-0.006,8.454,0.664,3.0,0.002,22.849,0.001,-0.06,487.264,-0.131,-0.534
00:00:29.015,1572935823432,-0.069,-0.006,8.454,0.664,3.0,0.002,22.84800000000001,0.001,-0.06,487.645,-0.131,-0.534
00:00:29.016,1572935823433,-0.069,-0.006,8.454,0.664,3.0,0.002,22.847,0.001,-0.06,488.026,-0.131,-0.534
00:00:29.064,1572935823481,-0.067,-0.006,8.454,0.664,3.0,0.002,22.845,0.001,-0.06,488.406,-0.13,-0.534
00:00:29.065,1572935823482,-0.066,-0.006,8.454,0.664,3.0,0.002,22.844,0.001,-0.06,488.787,-0.13,-0.535
00:00:29.066,1572935823483,-0.064,-0.006,8.454,0.664,3.0,0.002,22.843000000000004,0.001,-0.06,489.168,-0.13,-0.535
00:00:29.114,1572935823531,-0.063,-0.006,8.454,0.664,3.0,0.002,22.842,0.001,-0.06,489.549,-0.13,-0.535
00:00:29.115,1572935823532,-0.063,-0.006,8.454,0.664,3.0,0.002,22.841,0.001,-0.059,489.929,-0.129,-0.535
00:00:29.116,1572935823533,-0.063,-0.006,8.454,0.664,3.0,0.002,22.84,0.001,-0.059,490.334,-0.129,-0.535
00:00:29.165,1572935823582,-0.064,-0.006,8.454,0.664,3.0,0.002,22.839,0.001,-0.059,490.691,-0.129,-0.535
00:00:29.166,1572935823583,-0.064,-0.006,8.454,0.664,3.0,0.002,22.838,0.001,-0.059,491.071,-0.128,-0.535
00:00:29.167,1572935823584,-0.064,-0.006,8.454,0.664,3.0,0.002,22.837,0.001,-0.059,491.476,-0.128,-0.535
00:00:29.216,1572935823633,-0.064,-0.006,8.454,0.664,3.0,0.002,22.836,0.001,-0.059,491.832,-0.128,-0.535
00:00:29.217,1572935823634,-0.064,-0.006,8.454,0.664,3.0,0.002,22.835,0.001,-0.059,492.213,-0.128,-0.535
00:00:29.218,1572935823635,-0.064,-0.005,8.454,0.664,3.0,0.002,22.834,0.001,-0.059,492.617,-0.127,-0.535
00:00:29.267,1572935823684,-0.064,-0.005,8.454,0.664,3.0,0.002,22.833,0.001,-0.059,492.974,-0.127,-0.535
00:00:29.268,1572935823685,-0.064,-0.005,8.454,0.664,3.0,0.002,22.832,0.001,-0.059,493.355,-0.127,-0.535
00:00:29.269,1572935823686,-0.064,-0.004,8.454,0.664,3.0,0.002,22.831,0.001,-0.059,493.735,-0.127,-0.535
00:00:29.317,1572935823734,-0.064,-0.004,8.454,1.128,3.0,0.002,22.83,0.001,-0.059,494.116,-0.126,-0.535
00:00:29.318,1572935823735,-0.067,-0.004,8.454,1.128,3.0,0.002,22.82800000000001,0.001,-0.059,494.496,-0.126,-0.535
00:00:29.319,1572935823736,-0.071,-0.004,8.454,1.128,3.0,0.002,22.827,0.001,-0.059,494.877,-0.126,-0.535
00:00:29.367,1572935823784,-0.07400000000000001,-0.004,8.454,1.128,3.0,0.002,22.826,0.001,-0.059,495.257,-0.126,-0.535
00:00:29.368,1572935823785,-0.075,-0.004,8.454,1.128,3.0,0.002,22.825,0.0,-0.059,495.638,-0.125,-0.535
00:00:29.369,1572935823786,-0.076,-0.004,8.454,1.128,3.0,0.002,22.823,0.0,-0.059,496.018,-0.125,-0.535
00:00:29.417,1572935823834,-0.076,-0.004,8.308,0.664,3.0,0.002,22.822,0.0,-0.059,496.398,-0.125,-0.535
00:00:29.418,1572935823835,-0.073,-0.004,8.308,0.664,3.0,0.002,22.821,0.0,-0.059,496.779,-0.125,-0.535
00:00:29.419,1572935823836,-0.069,-0.004,8.308,0.664,3.0,0.002,22.82,0.0,-0.059,497.159,-0.124,-0.534
00:00:29.467,1572935823884,-0.067,-0.004,8.308,0.664,3.0,0.002,22.81900000000001,0.0,-0.059,497.539,-0.124,-0.534
00:00:29.468,1572935823885,-0.067,-0.004,8.308,0.664,3.0,0.002,22.818,0.0,-0.06,497.92,-0.124,-0.534
00:00:29.469,1572935823886,-0.068,-0.004,8.308,0.664,3.0,0.002,22.816,0.0,-0.06,498.324,-0.124,-0.534
00:00:29.517,1572935823934,-0.069,-0.004,8.454,0.664,3.0,0.002,22.815,0.0,-0.06,498.704,-0.123,-0.534
00:00:29.518,1572935823935,-0.069,-0.003,8.454,0.664,3.0,0.002,22.814,0.0,-0.06,499.06,-0.123,-0.534
00:00:29.519,1572935823936,-0.068,-0.002,8.454,0.664,3.0,0.002,22.813,0.0,-0.06,499.464,-0.123,-0.534
00:00:29.568,1572935823985,-0.067,-0.001,8.454,0.664,3.0,0.002,22.812,0.0,-0.06,499.821,-0.123,-0.534
00:00:29.569,1572935823986,-0.065,0.0,8.454,0.664,3.0,0.002,22.811,0.001,-0.06,500.201,-0.122,-0.534
00:00:29.570,1572935823987,-0.064,0.001,8.454,0.664,3.0,0.002,22.81,0.001,-0.06,500.581,-0.122,-0.534
00:00:29.620,1572935824037,-0.063,0.002,8.454,0.664,3.0,0.002,22.809,0.001,-0.06,500.961,-0.122,-0.534
00:00:29.621,1572935824038,-0.062,0.002,8.454,0.664,3.0,0.002,22.808000000000003,0.001,-0.06,501.342,-0.122,-0.534
00:00:29.622,1572935824039,-0.063,0.002,8.454,0.664,3.0,0.002,22.807,0.001,-0.06,501.722,-0.121,-0.534
00:00:29.670,1572935824087,-0.063,0.002,8.454,0.664,3.0,0.002,22.806,0.001,-0.06,502.126,-0.121,-0.534
00:00:29.671,1572935824088,-0.063,0.002,8.454,0.664,3.0,0.002,22.805,0.001,-0.06,502.482,-0.121,-0.534
00:00:29.672,1572935824089,-0.063,0.002,8.454,0.664,3.0,0.002,22.804,0.0,-0.06,502.862,-0.121,-0.534
00:00:29.720,1572935824137,-0.063,0.001,8.454,0.664,3.0,0.002,22.802,0.0,-0.06,503.266,-0.12,-0.534
00:00:29.721,1572935824138,-0.063,0.0,8.454,0.664,3.0,0.002,22.801,0.0,-0.06,503.622,-0.12,-0.534
00:00:29.722,1572935824139,-0.063,-0.001,8.454,0.664,3.0,0.001,22.8,0.0,-0.059,504.002,-0.12,-0.534
00:00:29.770,1572935824187,-0.063,-0.001,8.454,0.664,3.0,0.001,22.799,0.0,-0.059,504.382,-0.12,-0.534
00:00:29.771,1572935824188,-0.063,-0.002,8.454,0.664,3.0,0.001,22.798,0.0,-0.059,504.762,-0.119,-0.534
00:00:29.772,1572935824189,-0.063,-0.003,8.454,0.664,3.0,0.001,22.797,0.0,-0.059,505.166,-0.119,-0.534
00:00:29.820,1572935824237,-0.063,-0.004,8.454,0.664,3.0,0.001,22.796,0.0,-0.059,505.546,-0.119,-0.534
00:00:29.821,1572935824238,-0.063,-0.005,8.454,0.664,3.0,0.001,22.795,-0.001,-0.059,505.902,-0.119,-0.534
00:00:29.822,1572935824239,-0.063,-0.005,8.454,0.664,3.0,0.001,22.794,-0.001,-0.059,506.305,-0.118,-0.534
00:00:29.870,1572935824287,-0.063,-0.006,8.454,0.664,3.0,0.001,22.79300000000001,-0.001,-0.059,506.662,-0.118,-0.534
00:00:29.871,1572935824288,-0.063,-0.006,8.454,0.664,3.0,0.001,22.792,-0.001,-0.059,507.041,-0.118,-0.534
00:00:29.872,1572935824289,-0.063,-0.006,8.454,0.664,3.0,0.001,22.791,-0.001,-0.059,507.445,-0.118,-0.534
00:00:29.928,1572935824345,-0.063,-0.006,8.454,0.664,3.0,0.001,22.79,-0.001,-0.059,507.801,-0.117,-0.534
00:00:29.929,1572935824346,-0.063,-0.006,8.454,0.664,3.0,0.001,22.789,-0.001,-0.059,508.205,-0.117,-0.534
00:00:29.930,1572935824347,-0.063,-0.006,8.454,0.664,3.0,0.001,22.788,-0.001,-0.059,508.585,-0.117,-0.534
00:00:29.973,1572935824390,-0.063,-0.006999999999999999,8.454,0.664,3.0,0.001,22.787,0.0,-0.059,508.964,-0.117,-0.534
00:00:29.974,1572935824391,-0.063,-0.006999999999999999,8.454,0.664,3.0,0.001,22.786,0.0,-0.059,509.32,-0.117,-0.534
00:00:29.975,1572935824392,-0.063,-0.008,8.454,0.664,3.0,0.001,22.785,0.0,-0.059,509.724,-0.116,-0.534
00:00:30.024,1572935824441,-0.063,-0.009000000000000001,8.454,0.664,3.0,0.001,22.784,0.0,-0.059,510.104,-0.116,-0.534
00:00:30.025,1572935824442,-0.063,-0.01,8.454,0.664,3.0,0.002,22.783,0.0,-0.059,510.46,-0.116,-0.534
00:00:30.026,1572935824443,-0.063,-0.012,8.454,0.664,3.0,0.002,22.782,0.0,-0.059,510.86300000000006,-0.116,-0.534
00:00:30.027,1572935824444,-0.063,-0.013,8.454,0.664,3.0,0.002,22.78,0.0,-0.059,511.24300000000005,-0.115,-0.534
00:00:30.075,1572935824492,-0.063,-0.015,8.454,0.664,3.0,0.002,22.779,0.0,-0.059,511.622,-0.115,-0.534
00:00:30.076,1572935824493,-0.063,-0.018000000000000002,8.454,0.664,3.0,0.002,22.778,0.0,-0.059,511.978,-0.115,-0.534
00:00:30.077,1572935824494,-0.063,-0.02,8.454,0.664,3.0,0.002,22.777,0.0,-0.059,512.382,-0.115,-0.534
00:00:30.125,1572935824542,-0.063,-0.022,8.454,0.664,3.0,0.002,22.776,0.0,-0.059,512.761,-0.115,-0.534
00:00:30.126,1572935824543,-0.062,-0.025,8.454,0.664,3.0,0.002,22.775,0.0,-0.059,513.117,-0.115,-0.534
00:00:30.127,1572935824544,-0.062,-0.027000000000000003,8.454,0.664,3.0,0.002,22.774,0.0,-0.059,513.497,-0.114,-0.534
00:00:30.175,1572935824592,-0.062,-0.029,8.454,0.664,3.0,0.003,22.773000000000003,0.0,-0.059,513.876,-0.114,-0.534
00:00:30.176,1572935824593,-0.062,-0.031,8.454,0.664,3.0,0.003,22.772,0.001,-0.059,514.256,-0.114,-0.534
00:00:30.177,1572935824594,-0.062,-0.032,8.308,0.664,3.0,0.003,22.771,0.001,-0.059,514.635,-0.114,-0.534
00:00:30.225,1572935824642,-0.062,-0.034,8.308,0.664,3.0,0.004,22.77,0.001,-0.059,515.015,-0.114,-0.534
00:00:30.226,1572935824643,-0.063,-0.035,8.308,0.664,3.0,0.004,22.769,0.001,-0.059,515.371,-0.114,-0.534
00:00:30.227,1572935824644,-0.064,-0.035,8.308,0.664,3.0,0.004,22.768,0.001,-0.059,515.774,-0.113,-0.534
00:00:30.276,1572935824693,-0.065,-0.036000000000000004,8.308,0.664,3.0,0.005,22.767,0.001,-0.059,516.153,-0.113,-0.534
00:00:30.277,1572935824694,-0.067,-0.036000000000000004,8.308,0.664,3.0,0.005,22.766,0.001,-0.059,516.509,-0.113,-0.534
00:00:30.278,1572935824695,-0.067,-0.037000000000000005,8.454,0.664,3.0,0.005,22.765,0.002,-0.059,516.9119999999998,-0.113,-0.534
00:00:30.326,1572935824743,-0.068,-0.038,8.454,0.664,3.0,0.006,22.763,0.002,-0.059,517.2919999999998,-0.113,-0.534
00:00:30.327,1572935824744,-0.067,-0.038,8.454,0.664,3.0,0.006,22.762,0.002,-0.059,517.6709999999998,-0.113,-0.534
00:00:30.328,1572935824745,-0.066,-0.039,8.454,0.664,3.0,0.006999999999999999,22.761,0.002,-0.059,518.05,-0.113,-0.534
00:00:30.376,1572935824793,-0.064,-0.04,8.454,0.664,3.0,0.006999999999999999,22.76,0.003,-0.059,518.43,-0.113,-0.534
00:00:30.377,1572935824794,-0.063,-0.041,8.454,0.664,3.0,0.006999999999999999,22.759,0.003,-0.059,518.809,-0.113,-0.534
00:00:30.378,1572935824795,-0.062,-0.041,8.308,0.664,3.0,0.008,22.75800000000001,0.003,-0.059,519.188,-0.113,-0.534
00:00:30.426,1572935824843,-0.062,-0.042,8.308,0.664,3.0,0.008,22.757,0.003,-0.059,519.568,-0.113,-0.534
00:00:30.427,1572935824844,-0.062,-0.042,8.308,0.664,3.0,0.008,22.756,0.003,-0.059,519.947,-0.113,-0.534
00:00:30.428,1572935824845,-0.063,-0.043,8.308,0.664,3.0,0.008,22.755,0.003,-0.059,520.326,-0.113,-0.534
00:00:30.476,1572935824893,-0.065,-0.043,8.308,0.664,3.0,0.009000000000000001,22.754,0.003,-0.059,520.705,-0.113,-0.534
00:00:30.477,1572935824894,-0.066,-0.043,8.308,0.664,3.0,0.009000000000000001,22.753,0.003,-0.059,521.085,-0.113,-0.534
00:00:30.478,1572935824895,-0.067,-0.043,8.308,0.664,3.0,0.009000000000000001,22.752,0.004,-0.059,521.464,-0.113,-0.534
00:00:30.527,1572935824944,-0.067,-0.043,8.308,0.664,3.0,0.01,22.751,0.004,-0.059,521.8430000000002,-0.113,-0.534
00:00:30.528,1572935824945,-0.067,-0.043,8.308,0.664,3.0,0.01,22.749,0.004,-0.059,522.222,-0.113,-0.534
00:00:30.529,1572935824946,-0.067,-0.043,8.308,0.664,3.0,0.01,22.748,0.004,-0.059,522.601,-0.113,-0.534
