rec-time,UTC,Acceleration,Lateral acceleration,Gas pedal position,Brake pedal force,Gear,Steering wheel position,Velocity,Lateral velocity,Vertical velocity,X axis position,Y axis position,Z axis position
00:00:00.055,1572936682700,4.217,-0.001,18.928,0.664,3.0,-0.045,1.0590000000000002,-0.001,0.03,0.25,-0.001,-0.529
00:00:00.056,1572936682701,4.289,0.0,18.928,0.664,3.0,-0.043,1.131,-0.001,0.032,0.269,-0.001,-0.529
00:00:00.057,1572936682702,4.3260000000000005,0.001,18.928,0.664,3.0,-0.042,1.203,-0.001,0.035,0.28800000000000003,-0.001,-0.528
00:00:00.105,1572936682750,4.337,0.002,18.928,0.664,3.0,-0.04,1.275,-0.001,0.037000000000000005,0.309,-0.001,-0.528
00:00:00.106,1572936682751,4.329,0.004,24.129,0.664,3.0,-0.038,1.347,-0.001,0.038,0.331,-0.001,-0.528
00:00:00.107,1572936682752,4.323,0.006,24.129,0.664,3.0,-0.036000000000000004,1.419,-0.001,0.04,0.354,-0.001,-0.528
00:00:00.162,1572936682807,4.342,0.006999999999999999,24.129,0.664,3.0,-0.033,1.492,-0.001,0.041,0.378,-0.001,-0.527
00:00:00.163,1572936682808,4.38,0.009000000000000001,24.129,0.664,3.0,-0.031,1.5659999999999998,-0.001,0.042,0.403,-0.001,-0.527
00:00:00.164,1572936682809,4.422,0.01,24.129,0.664,3.0,-0.029,1.64,0.0,0.043,0.43,-0.001,-0.527
00:00:00.208,1572936682853,4.452,0.012,24.129,0.664,3.0,-0.027000000000000003,1.714,0.0,0.044,0.458,-0.001,-0.527
00:00:00.209,1572936682854,4.468,0.013,27.644,0.664,3.0,-0.025,1.789,0.0,0.044,0.487,-0.001,-0.527
00:00:00.210,1572936682855,4.471,0.014,27.644,0.664,3.0,-0.024,1.863,0.0,0.045,0.518,-0.001,-0.527
00:00:00.264,1572936682909,4.472,0.014,27.644,0.664,3.0,-0.022,1.938,0.001,0.045,0.5489999999999999,-0.001,-0.527
00:00:00.265,1572936682910,4.471,0.015,27.644,0.664,3.0,-0.021,2.012,0.001,0.046,0.5820000000000001,-0.001,-0.527
00:00:00.266,1572936682911,4.466,0.015,27.644,0.664,3.0,-0.019,2.087,0.001,0.046,0.616,-0.001,-0.527
00:00:00.316,1572936682961,4.455,0.015,27.644,0.664,3.0,-0.018000000000000002,2.161,0.001,0.047,0.652,-0.001,-0.528
00:00:00.317,1572936682962,4.436,0.014,28.67,0.664,3.0,-0.017,2.234,0.002,0.047,0.6890000000000001,-0.001,-0.528
00:00:00.318,1572936682963,4.414,0.014,28.67,0.664,3.0,-0.016,2.3080000000000003,0.002,0.048,0.726,-0.001,-0.528
00:00:00.364,1572936683009,4.3889999999999985,0.013,28.67,0.664,3.0,-0.015,2.38,0.002,0.049,0.765,-0.001,-0.528
00:00:00.365,1572936683010,4.363,0.013,28.67,0.664,3.0,-0.013,2.4530000000000003,0.002,0.05,0.8059999999999999,-0.001,-0.529
00:00:00.366,1572936683011,4.335,0.012,28.67,0.664,3.0,-0.012,2.525,0.002,0.052000000000000005,0.847,-0.001,-0.529
00:00:00.414,1572936683059,4.301,0.012,28.67,0.664,3.0,-0.011,2.596,0.002,0.054000000000000006,0.89,-0.001,-0.529
00:00:00.415,1572936683060,4.2639999999999985,0.011,31.45300000000001,0.664,3.0,-0.01,2.6660000000000004,0.002,0.057,0.934,-0.001,-0.529
00:00:00.416,1572936683061,4.229,0.011,31.45300000000001,0.664,3.0,-0.008,2.736,0.003,0.059,0.979,-0.001,-0.53
00:00:00.464,1572936683109,4.202,0.01,31.45300000000001,0.664,3.0,-0.006999999999999999,2.806,0.003,0.062,1.025,-0.001,-0.53
00:00:00.465,1572936683110,4.182,0.009000000000000001,31.45300000000001,0.664,3.0,-0.006,2.8760000000000003,0.003,0.065,1.072,-0.001,-0.53
00:00:00.466,1572936683111,4.166,0.009000000000000001,31.45300000000001,0.664,3.0,-0.004,2.954,0.003,0.068,1.127,0.0,-0.53
00:00:00.514,1572936683159,4.1530000000000005,0.009000000000000001,31.45300000000001,0.664,3.0,-0.003,3.014,0.003,0.071,1.171,0.0,-0.53
00:00:00.515,1572936683160,4.136,0.009000000000000001,34.969,0.664,3.0,-0.002,3.083,0.003,0.07400000000000001,1.221,0.0,-0.53
00:00:00.516,1572936683161,4.119,0.01,34.969,0.664,3.0,0.0,3.151,0.003,0.077,1.273,0.0,-0.53
00:00:00.566,1572936683211,4.105,0.01,34.969,0.664,3.0,0.001,3.219,0.003,0.08,1.3259999999999998,0.0,-0.53
00:00:00.567,1572936683212,4.091,0.012,34.969,0.664,3.0,0.003,3.287,0.003,0.08199999999999999,1.381,0.0,-0.53
00:00:00.568,1572936683213,4.075,0.013,34.969,0.664,3.0,0.004,3.355,0.003,0.085,1.436,0.0,-0.53
00:00:00.619,1572936683264,4.0539999999999985,0.014,34.969,0.664,3.0,0.006,3.422,0.003,0.087,1.493,0.0,-0.53
00:00:00.620,1572936683265,4.03,0.015,35.994,0.664,3.0,0.006999999999999999,3.489,0.004,0.08800000000000001,1.55,0.0,-0.53
00:00:00.621,1572936683266,4.004,0.016,35.994,0.664,3.0,0.008,3.556,0.004,0.09,1.609,0.0,-0.53
00:00:00.622,1572936683267,3.979,0.017,35.994,0.664,3.0,0.009000000000000001,3.622,0.004,0.091,1.669,0.0,-0.529
00:00:00.670,1572936683315,3.956,0.018000000000000002,35.994,0.664,3.0,0.01,3.687,0.004,0.092,1.73,0.0,-0.529
00:00:00.671,1572936683316,3.933,0.019,35.994,0.664,3.0,0.01,3.752,0.004,0.093,1.7919999999999998,0.0,-0.529
00:00:00.672,1572936683317,3.91,0.019,35.994,0.664,3.0,0.011,3.817,0.004,0.093,1.855,0.0,-0.529
00:00:00.724,1572936683369,3.888,0.019,36.653,0.664,3.0,0.011,3.882,0.005,0.093,1.919,0.001,-0.529
00:00:00.725,1572936683370,3.865,0.019,36.653,0.664,3.0,0.012,3.946,0.005,0.093,1.984,0.001,-0.529
00:00:00.726,1572936683371,3.844,0.018000000000000002,36.653,0.664,3.0,0.012,4.01,0.005,0.093,2.05,0.001,-0.528
00:00:00.778,1572936683423,3.823,0.018000000000000002,36.653,0.664,3.0,0.013,4.073,0.005,0.093,2.1180000000000003,0.001,-0.528
00:00:00.779,1572936683424,3.803,0.018000000000000002,36.653,0.664,3.0,0.013,4.136,0.005,0.092,2.186,0.001,-0.528
00:00:00.780,1572936683425,3.782,0.018000000000000002,36.653,0.664,3.0,0.014,4.199,0.005,0.092,2.256,0.001,-0.528
00:00:00.828,1572936683473,3.759,0.018000000000000002,36.507,0.664,3.0,0.015,4.261,0.005,0.092,2.326,0.001,-0.528
00:00:00.829,1572936683474,3.736,0.019,36.507,0.664,3.0,0.015,4.323,0.005,0.091,2.398,0.001,-0.528
00:00:00.830,1572936683475,3.712,0.019,36.507,0.664,3.0,0.016,4.385,0.005,0.09,2.47,0.002,-0.528
00:00:00.879,1572936683524,3.689,0.02,36.507,0.664,3.0,0.016,4.4460000000000015,0.005,0.09,2.544,0.002,-0.528
00:00:00.880,1572936683525,3.665,0.02,36.507,0.664,3.0,0.017,4.507,0.005,0.08900000000000001,2.619,0.002,-0.528
00:00:00.881,1572936683526,3.642,0.02,36.507,0.664,3.0,0.018000000000000002,4.567,0.005,0.08900000000000001,2.694,0.002,-0.528
00:00:00.930,1572936683575,3.62,0.021,36.507,0.664,3.0,0.018000000000000002,4.627,0.006,0.08900000000000001,2.7710000000000004,0.002,-0.528
00:00:00.931,1572936683576,3.599,0.021,36.507,0.664,3.0,0.018000000000000002,4.687,0.006,0.08800000000000001,2.849,0.002,-0.528
00:00:00.932,1572936683577,3.5780000000000003,0.021,36.507,0.664,3.0,0.019,4.746,0.006,0.08800000000000001,2.927,0.003,-0.528
00:00:00.981,1572936683626,3.5580000000000003,0.021,36.507,0.664,3.0,0.019,4.805,0.006,0.08800000000000001,3.007,0.003,-0.528
00:00:00.982,1572936683627,3.537,0.021,36.507,0.664,3.0,0.019,4.864,0.006,0.08800000000000001,3.087,0.003,-0.528
00:00:00.983,1572936683628,3.517,0.021,36.507,0.664,3.0,0.02,4.922,0.006,0.08800000000000001,3.169,0.003,-0.528
00:00:01.035,1572936683680,3.498,0.021,36.8,0.664,3.0,0.02,4.98,0.006,0.08900000000000001,3.2510000000000003,0.003,-0.528
00:00:01.036,1572936683681,3.478,0.021,36.8,0.664,3.0,0.02,5.038,0.006,0.08900000000000001,3.335,0.004,-0.528
00:00:01.037,1572936683682,3.46,0.022,36.8,0.664,3.0,0.021,5.096,0.006,0.09,3.419,0.004,-0.528
00:00:01.038,1572936683683,3.442,0.022,36.8,0.664,3.0,0.021,5.153,0.006,0.091,3.505,0.004,-0.529
00:00:01.087,1572936683732,3.422,0.023,36.8,0.664,3.0,0.021,5.209,0.006,0.092,3.591,0.004,-0.529
00:00:01.088,1572936683733,3.4,0.023,36.8,0.664,3.0,0.021,5.266,0.006,0.093,3.679,0.005,-0.529
00:00:01.089,1572936683734,3.377,0.024,40.609,0.664,3.0,0.022,5.322,0.006,0.094,3.767,0.005,-0.529
00:00:01.137,1572936683782,3.357,0.024,40.609,0.664,3.0,0.022,5.377000000000002,0.006,0.095,3.856,0.005,-0.529
00:00:01.138,1572936683783,3.347,0.025,40.609,0.664,3.0,0.022,5.433,0.006,0.096,3.946,0.005,-0.529
00:00:01.139,1572936683784,3.344,0.025,40.609,0.664,3.0,0.022,5.489,0.006,0.097,4.037,0.006,-0.529
00:00:01.187,1572936683832,3.343,0.026,40.609,0.664,3.0,0.022,5.545,0.006,0.098,4.129,0.006,-0.529
00:00:01.188,1572936683833,3.342,0.026,40.609,0.664,3.0,0.022,5.6,0.006,0.099,4.222,0.006,-0.529
00:00:01.189,1572936683834,3.337,0.027000000000000003,42.51300000000001,0.664,3.0,0.022,5.6560000000000015,0.006,0.101,4.316,0.006999999999999999,-0.529
00:00:01.237,1572936683882,3.329,0.028,42.51300000000001,0.664,3.0,0.023,5.711,0.006999999999999999,0.102,4.41,0.006999999999999999,-0.53
00:00:01.238,1572936683883,3.321,0.028,42.51300000000001,0.664,3.0,0.023,5.766,0.006999999999999999,0.103,4.506,0.006999999999999999,-0.53
00:00:01.239,1572936683884,3.312,0.028,42.51300000000001,0.664,3.0,0.023,5.822,0.006999999999999999,0.104,4.603,0.008,-0.53
00:00:01.288,1572936683933,3.302,0.028,42.51300000000001,0.664,3.0,0.023,5.876,0.006999999999999999,0.105,4.7,0.008,-0.53
00:00:01.289,1572936683934,3.29,0.028,42.51300000000001,0.664,3.0,0.022,5.931,0.006999999999999999,0.106,4.799,0.008,-0.53
00:00:01.290,1572936683935,3.277,0.027000000000000003,43.978,0.664,3.0,0.022,5.985,0.006999999999999999,0.107,4.898,0.009000000000000001,-0.53
00:00:01.339,1572936683984,3.262,0.026,43.978,0.664,3.0,0.022,6.04,0.006999999999999999,0.108,4.998,0.009000000000000001,-0.53
00:00:01.340,1572936683985,3.249,0.026,43.978,0.664,3.0,0.022,6.0939999999999985,0.006999999999999999,0.109,5.099,0.01,-0.53
00:00:01.341,1572936683986,3.236,0.025,43.978,0.664,3.0,0.022,6.147,0.006999999999999999,0.11,5.2010000000000005,0.01,-0.53
00:00:01.389,1572936684034,3.2230000000000003,0.025,43.978,0.664,3.0,0.022,6.2010000000000005,0.006,0.111,5.3039999999999985,0.01,-0.53
00:00:01.390,1572936684035,3.21,0.024,43.978,0.664,3.0,0.022,6.254,0.006,0.111,5.408,0.011,-0.53
00:00:01.391,1572936684036,3.195,0.024,48.153,0.664,3.0,0.022,6.307,0.006,0.112,5.513,0.011,-0.53
00:00:01.445,1572936684090,3.182,0.024,48.153,0.664,3.0,0.022,6.36,0.006,0.113,5.6179999999999986,0.012,-0.53
00:00:01.446,1572936684091,3.175,0.025,48.153,0.664,3.0,0.022,6.4129999999999985,0.006,0.113,5.725,0.012,-0.53
00:00:01.447,1572936684092,3.1710000000000003,0.025,48.153,0.664,3.0,0.022,6.466,0.006,0.114,5.8320000000000025,0.013,-0.53
00:00:01.495,1572936684140,3.167,0.025,48.153,0.664,3.0,0.022,6.519,0.006,0.115,5.94,0.013,-0.53
00:00:01.496,1572936684141,3.162,0.026,48.153,0.664,3.0,0.022,6.5710000000000015,0.006,0.115,6.049,0.014,-0.53
00:00:01.497,1572936684142,3.153,0.027000000000000003,51.669,0.664,3.0,0.022,6.624,0.006,0.115,6.159,0.014,-0.53
00:00:01.545,1572936684190,3.143,0.027000000000000003,51.669,0.664,3.0,0.021,6.676,0.006,0.116,6.27,0.015,-0.53
00:00:01.546,1572936684191,3.135,0.028,51.669,0.664,3.0,0.021,6.728,0.006,0.116,6.3820000000000014,0.015,-0.53
00:00:01.547,1572936684192,3.128,0.028,51.669,0.664,3.0,0.021,6.78,0.006,0.116,6.495,0.016,-0.53
00:00:01.598,1572936684243,3.1210000000000004,0.028,51.669,0.664,3.0,0.021,6.8320000000000025,0.006,0.117,6.608,0.016,-0.53
00:00:01.599,1572936684244,3.114,0.029,51.669,0.664,3.0,0.021,6.884,0.006,0.117,6.722,0.017,-0.529
00:00:01.600,1572936684245,3.104,0.029,52.987,1.128,3.0,0.021,6.935,0.006,0.117,6.8370000000000015,0.017,-0.529
00:00:01.647,1572936684292,3.088,0.029,52.987,1.128,3.0,0.021,6.987,0.006,0.117,6.954,0.018000000000000002,-0.529
00:00:01.648,1572936684293,3.075,0.03,52.987,1.128,3.0,0.02,7.0379999999999985,0.006,0.117,7.07,0.018000000000000002,-0.529
00:00:01.649,1572936684294,3.065,0.03,52.987,1.128,3.0,0.02,7.089,0.006,0.117,7.188,0.019,-0.529
00:00:01.697,1572936684342,3.055,0.03,52.987,1.128,3.0,0.02,7.14,0.006,0.118,7.307,0.02,-0.529
00:00:01.698,1572936684343,3.0460000000000003,0.031,52.987,1.128,3.0,0.02,7.19,0.006,0.118,7.426,0.02,-0.529
00:00:01.699,1572936684344,3.036,0.031,53.5,0.664,3.0,0.019,7.241,0.006,0.118,7.546,0.021,-0.529
00:00:01.749,1572936684394,3.031,0.032,53.5,0.664,3.0,0.019,7.291,0.006,0.118,7.667999999999997,0.022,-0.529
00:00:01.750,1572936684395,3.024,0.032,53.5,0.664,3.0,0.019,7.341,0.006,0.118,7.789,0.022,-0.529
00:00:01.751,1572936684396,3.015,0.033,53.5,0.664,3.0,0.019,7.391,0.006,0.118,7.912000000000001,0.023,-0.529
00:00:01.799,1572936684444,3.005,0.034,53.5,0.664,3.0,0.019,7.441,0.006,0.118,8.036,0.024,-0.529
00:00:01.800,1572936684445,2.9930000000000003,0.035,53.5,0.664,3.0,0.019,7.491,0.006,0.118,8.16,0.024,-0.529
00:00:01.801,1572936684446,2.977,0.036000000000000004,55.99,0.664,3.0,0.018000000000000002,7.541,0.006,0.119,8.286,0.025,-0.529
00:00:01.849,1572936684494,2.959,0.036000000000000004,55.99,0.664,3.0,0.018000000000000002,7.59,0.006,0.119,8.412,0.026,-0.529
00:00:01.850,1572936684495,2.946,0.038,55.99,0.664,3.0,0.018000000000000002,7.642,0.006,0.119,8.547,0.027000000000000003,-0.529
00:00:01.851,1572936684496,2.942,0.039,55.99,0.664,3.0,0.018000000000000002,7.688,0.006,0.119,8.666,0.027000000000000003,-0.529
00:00:01.900,1572936684545,2.942,0.04,55.99,0.664,3.0,0.018000000000000002,7.737,0.006,0.119,8.795,0.028,-0.53
00:00:01.901,1572936684546,2.945,0.041,55.99,0.664,3.0,0.018000000000000002,7.786,0.006,0.12,8.924,0.029,-0.53
00:00:01.902,1572936684547,2.946,0.042,57.675,0.664,3.0,0.018000000000000002,7.835,0.006,0.12,9.054,0.03,-0.53
00:00:01.903,1572936684548,2.947,0.043,57.675,0.664,3.0,0.017,7.883999999999999,0.006999999999999999,0.121,9.185,0.03,-0.53
00:00:01.951,1572936684596,2.949,0.043,57.675,0.664,3.0,0.017,7.933,0.006999999999999999,0.121,9.317,0.031,-0.53
00:00:01.952,1572936684597,2.952,0.043,57.675,0.664,3.0,0.017,7.982,0.006999999999999999,0.122,9.45,0.032,-0.53
00:00:01.953,1572936684598,2.955,0.043,57.675,0.664,3.0,0.017,8.032,0.006999999999999999,0.122,9.583,0.033,-0.53
00:00:02.001,1572936684646,2.9560000000000004,0.043,57.675,0.664,3.0,0.016,8.081,0.006999999999999999,0.123,9.718,0.034,-0.53
00:00:02.002,1572936684647,2.9560000000000004,0.042,60.018,0.664,3.0,0.016,8.13,0.006999999999999999,0.123,9.853,0.035,-0.53
00:00:02.003,1572936684648,2.955,0.042,60.018,0.664,3.0,0.016,8.18,0.006999999999999999,0.124,9.989,0.036000000000000004,-0.53
00:00:02.053,1572936684698,2.958,0.042,60.018,0.664,3.0,0.015,8.229,0.006999999999999999,0.125,10.125,0.037000000000000005,-0.53
00:00:02.054,1572936684699,2.964,0.042,60.018,0.664,3.0,0.015,8.277999999999999,0.006999999999999999,0.126,10.263,0.038,-0.53
00:00:02.055,1572936684700,2.969,0.042,60.018,0.664,3.0,0.015,8.328,0.006999999999999999,0.126,10.401,0.039,-0.53
00:00:02.104,1572936684749,2.9730000000000003,0.042,60.018,0.664,3.0,0.015,8.378,0.006999999999999999,0.127,10.541,0.04,-0.53
00:00:02.105,1572936684750,2.974,0.042,66.317,0.664,3.0,0.015,8.427,0.006,0.128,10.681,0.041,-0.53
00:00:02.106,1572936684751,2.9760000000000004,0.042,66.317,0.664,3.0,0.014,8.477,0.006,0.129,10.822,0.042,-0.53
00:00:02.154,1572936684799,2.984,0.042,66.317,0.664,3.0,0.014,8.527000000000001,0.006,0.13,10.963,0.043,-0.53
00:00:02.155,1572936684800,2.998,0.042,66.317,0.664,3.0,0.014,8.577,0.006,0.131,11.106,0.044,-0.53
00:00:02.156,1572936684801,3.012,0.041,66.317,0.664,3.0,0.014,8.627,0.006,0.132,11.249,0.045,-0.53
00:00:02.204,1572936684849,3.022,0.04,66.317,0.664,3.0,0.013,8.677999999999999,0.006,0.133,11.393,0.046,-0.53
00:00:02.205,1572936684850,3.027,0.038,68.149,0.664,3.0,0.012,8.728,0.006,0.134,11.538,0.047,-0.53
00:00:02.206,1572936684851,3.028,0.035,68.149,0.664,3.0,0.012,8.779,0.006,0.136,11.684,0.048,-0.53
00:00:02.254,1572936684899,3.029,0.032,68.149,0.664,3.0,0.011,8.829,0.006,0.13699999999999998,11.831,0.049,-0.53
00:00:02.255,1572936684900,3.031,0.027000000000000003,68.149,0.664,3.0,0.01,8.88,0.005,0.138,11.979,0.05,-0.53
00:00:02.256,1572936684901,3.034,0.022,68.149,0.664,3.0,0.009000000000000001,8.93,0.005,0.139,12.127,0.052000000000000005,-0.53
00:00:02.304,1572936684949,3.037,0.017,68.149,0.664,3.0,0.009000000000000001,8.981,0.005,0.141,12.276,0.053,-0.53
00:00:02.305,1572936684950,3.0380000000000003,0.012,68.149,0.664,3.0,0.008,9.032,0.004,0.142,12.427,0.054000000000000006,-0.53
00:00:02.306,1572936684951,3.0380000000000003,0.006999999999999999,68.149,0.664,3.0,0.008,9.082,0.004,0.14300000000000002,12.577,0.055,-0.53
00:00:02.354,1572936684999,3.037,0.003,68.149,0.664,3.0,0.008,9.133,0.003,0.14400000000000002,12.729,0.056,-0.53
00:00:02.355,1572936685000,3.036,-0.001,68.149,0.664,3.0,0.008,9.183,0.003,0.146,12.882,0.058,-0.53
00:00:02.356,1572936685001,3.033,-0.003,68.149,0.664,3.0,0.008,9.234,0.002,0.147,13.035,0.059,-0.53
00:00:02.405,1572936685050,3.026,-0.005,68.149,0.664,3.0,0.008,9.284,0.002,0.14800000000000002,13.19,0.06,-0.53
00:00:02.406,1572936685051,3.014,-0.005,68.149,1.128,3.0,0.008,9.334,0.001,0.149,13.345,0.061,-0.53
00:00:02.407,1572936685052,3.0010000000000003,-0.005,68.149,1.128,3.0,0.008,9.384,0.001,0.15,13.501,0.062,-0.53
00:00:02.457,1572936685102,2.994,-0.004,68.149,1.128,3.0,0.009000000000000001,9.434,0.001,0.151,13.658,0.064,-0.53
00:00:02.458,1572936685103,2.9930000000000003,-0.003,68.149,1.128,3.0,0.009000000000000001,9.484,0.001,0.152,13.815,0.065,-0.53
00:00:02.459,1572936685104,2.9930000000000003,-0.002,68.149,1.128,3.0,0.009000000000000001,9.534,0.001,0.152,13.974,0.066,-0.53
00:00:02.511,1572936685156,2.9930000000000003,-0.001,68.149,1.128,3.0,0.009000000000000001,9.583,0.001,0.153,14.133,0.067,-0.53
00:00:02.512,1572936685157,2.992,0.0,68.149,1.128,3.0,0.009000000000000001,9.633,0.001,0.154,14.293,0.069,-0.53
00:00:02.513,1572936685158,2.991,0.0,68.149,1.128,3.0,0.009000000000000001,9.683,0.001,0.154,14.454,0.07,-0.53
00:00:02.558,1572936685203,2.99,0.0,68.149,1.128,3.0,0.009000000000000001,9.733,0.001,0.155,14.616,0.071,-0.53
00:00:02.559,1572936685204,2.989,0.0,68.149,1.128,3.0,0.008,9.783,0.001,0.156,14.779000000000002,0.073,-0.53
00:00:02.560,1572936685205,2.988,-0.001,68.149,1.128,3.0,0.008,9.833,0.001,0.156,14.942,0.07400000000000001,-0.53
00:00:02.608,1572936685253,2.988,-0.002,68.149,1.128,3.0,0.008,9.886,0.001,0.157,15.117,0.075,-0.53
00:00:02.609,1572936685254,2.987,-0.002,68.149,0.664,3.0,0.008,9.932,0.0,0.157,15.272,0.076,-0.53
00:00:02.610,1572936685255,2.992,-0.003,68.149,0.664,3.0,0.006999999999999999,9.982,0.0,0.158,15.438,0.078,-0.53
00:00:02.658,1572936685303,2.995,-0.003,68.149,0.664,3.0,0.006999999999999999,10.032,0.0,0.159,15.605,0.079,-0.53
00:00:02.659,1572936685304,2.995,-0.003,68.149,0.664,3.0,0.006999999999999999,10.082,0.0,0.159,15.772,0.08,-0.53
00:00:02.660,1572936685305,2.995,-0.003,68.149,0.664,3.0,0.006,10.129,0.0,0.16,15.93,0.08199999999999999,-0.53
00:00:02.708,1572936685353,2.995,-0.003,68.149,0.664,3.0,0.006,10.172,0.0,0.16,16.078,0.083,-0.53
00:00:02.709,1572936685354,2.995,-0.002,68.149,0.664,3.0,0.006,10.222,0.0,0.161,16.248,0.084,-0.53
00:00:02.710,1572936685355,2.994,-0.002,68.149,0.664,3.0,0.006,10.272,0.0,0.162,16.419,0.085,-0.53
00:00:02.759,1572936685404,2.9930000000000003,-0.001,68.149,0.664,3.0,0.006,10.322,0.0,0.162,16.590999999999998,0.087,-0.53
00:00:02.760,1572936685405,2.992,0.0,68.149,0.664,3.0,0.005,10.372,0.0,0.163,16.762999999999998,0.08800000000000001,-0.53
00:00:02.761,1572936685406,2.992,0.001,68.149,0.664,3.0,0.005,10.422,0.0,0.163,16.936,0.08900000000000001,-0.53
00:00:02.810,1572936685455,2.991,0.002,68.149,0.664,3.0,0.005,10.475,0.0,0.16399999999999998,17.121,0.091,-0.53
00:00:02.811,1572936685456,2.99,0.003,68.149,0.664,3.0,0.005,10.522,0.0,0.165,17.285,0.092,-0.53
00:00:02.812,1572936685457,2.989,0.004,68.149,0.664,3.0,0.005,10.574000000000002,0.0,0.165,17.472,0.094,-0.53
00:00:02.860,1572936685505,2.988,0.004,68.149,0.664,3.0,0.005,10.621,0.0,0.166,17.637999999999995,0.095,-0.53
00:00:02.861,1572936685506,2.988,0.005,68.149,0.664,3.0,0.004,10.671,0.0,0.166,17.815,0.096,-0.53
00:00:02.862,1572936685507,2.987,0.005,68.149,0.664,3.0,0.004,10.720999999999998,0.0,0.16699999999999998,17.993,0.098,-0.53
00:00:02.910,1572936685555,2.986,0.005,68.149,0.664,3.0,0.004,10.77,0.0,0.168,18.173,0.099,-0.53
00:00:02.911,1572936685556,2.985,0.005,68.149,0.664,3.0,0.004,10.82,0.0,0.168,18.353,0.1,-0.53
00:00:02.912,1572936685557,2.984,0.005,68.149,0.664,3.0,0.004,10.87,0.0,0.16899999999999998,18.533,0.102,-0.53
00:00:02.961,1572936685606,2.983,0.004,68.149,0.664,3.0,0.003,10.92,0.0,0.17,18.715,0.103,-0.53
00:00:02.962,1572936685607,2.983,0.004,68.149,0.664,3.0,0.003,10.969,0.0,0.17,18.897,0.105,-0.53
00:00:02.963,1572936685608,2.982,0.004,68.149,0.664,3.0,0.003,11.019,0.0,0.171,19.081,0.106,-0.53
00:00:03.014,1572936685659,2.9810000000000003,0.004,68.149,0.664,3.0,0.003,11.069,0.0,0.172,19.265,0.108,-0.53
00:00:03.015,1572936685660,2.98,0.003,69.027,0.664,3.0,0.003,11.118,0.0,0.173,19.45,0.109,-0.53
00:00:03.016,1572936685661,2.98,0.003,69.027,0.664,3.0,0.003,11.171,0.0,0.173,19.647,0.111,-0.53
00:00:03.064,1572936685709,2.9810000000000003,0.002,69.027,0.664,3.0,0.003,11.218,0.0,0.174,19.822,0.112,-0.53
00:00:03.065,1572936685710,2.984,0.002,69.027,0.664,3.0,0.002,11.267,0.0,0.175,20.009,0.114,-0.53
00:00:03.066,1572936685711,2.986,0.001,69.027,0.664,3.0,0.002,11.317,0.0,0.17600000000000002,20.197,0.115,-0.53
00:00:03.114,1572936685759,2.986,0.001,69.027,0.664,3.0,0.002,11.37,0.0,0.177,20.398,0.117,-0.53
00:00:03.115,1572936685760,2.985,0.0,70.199,1.128,3.0,0.002,11.417,0.0,0.177,20.576,0.118,-0.53
00:00:03.116,1572936685761,2.979,0.0,70.199,1.128,3.0,0.002,11.466,0.0,0.17800000000000002,20.767,0.12,-0.53
00:00:03.166,1572936685811,2.975,0.0,70.199,1.128,3.0,0.002,11.515999999999998,0.0,0.179,20.959,0.121,-0.53
00:00:03.167,1572936685812,2.9760000000000004,-0.001,70.199,1.128,3.0,0.002,11.569,0.0,0.18,21.163,0.123,-0.53
00:00:03.168,1572936685813,2.978,-0.001,70.199,1.128,3.0,0.002,11.615,0.0,0.181,21.344,0.124,-0.53
00:00:03.222,1572936685867,2.978,-0.002,70.199,1.128,3.0,0.002,11.665,0.0,0.181,21.538,0.126,-0.53
00:00:03.223,1572936685868,2.977,-0.004,70.639,1.128,3.0,0.001,11.714,0.0,0.182,21.733,0.127,-0.53
00:00:03.224,1572936685869,2.975,-0.005,70.639,1.128,3.0,0.001,11.764,0.0,0.183,21.929,0.129,-0.53
00:00:03.225,1572936685870,2.972,-0.006999999999999999,70.639,1.128,3.0,0.001,11.817,0.0,0.184,22.138,0.13,-0.53
00:00:03.267,1572936685912,2.971,-0.009000000000000001,70.639,1.128,3.0,0.001,11.863,-0.001,0.185,22.323,0.132,-0.53
00:00:03.268,1572936685913,2.969,-0.011,70.639,1.128,3.0,0.001,11.912,-0.001,0.185,22.521,0.133,-0.53
00:00:03.269,1572936685914,2.967,-0.013,70.639,1.128,3.0,0.001,11.965,-0.001,0.18600000000000005,22.732,0.135,-0.53
00:00:03.317,1572936685962,2.966,-0.015,71.005,0.664,3.0,0.001,12.014,-0.001,0.187,22.932,0.13699999999999998,-0.53
00:00:03.318,1572936685963,2.969,-0.016,71.005,0.664,3.0,0.001,12.061,-0.001,0.188,23.12,0.138,-0.53
00:00:03.319,1572936685964,2.971,-0.018000000000000002,71.005,0.664,3.0,0.001,12.11,-0.001,0.188,23.322,0.14,-0.53
00:00:03.368,1572936686013,2.972,-0.019,71.005,0.664,3.0,0.001,12.16,-0.001,0.189,23.524,0.141,-0.53
00:00:03.369,1572936686014,2.971,-0.021,71.005,0.664,3.0,0.001,12.212,-0.001,0.19,23.74,0.14300000000000002,-0.53
00:00:03.370,1572936686015,2.969,-0.023,71.005,0.664,3.0,0.001,12.259,-0.002,0.191,23.931,0.14400000000000002,-0.53
00:00:03.418,1572936686063,2.968,-0.024,71.298,1.128,3.0,0.001,12.308,-0.002,0.191,24.136,0.146,-0.53
00:00:03.419,1572936686064,2.962,-0.026,71.298,1.128,3.0,0.001,12.357,-0.002,0.192,24.341,0.147,-0.53
00:00:03.420,1572936686065,2.9560000000000004,-0.028,71.298,1.128,3.0,0.001,12.41,-0.002,0.193,24.56,0.149,-0.53
00:00:03.468,1572936686113,2.9530000000000003,-0.03,71.298,1.128,3.0,0.001,12.456,-0.002,0.193,24.755,0.151,-0.53
00:00:03.469,1572936686114,2.951,-0.032,71.298,1.128,3.0,0.001,12.505,-0.002,0.194,24.963,0.152,-0.53
00:00:03.470,1572936686115,2.949,-0.034,71.298,1.128,3.0,0.001,12.554,-0.002,0.195,25.172,0.154,-0.53
00:00:03.518,1572936686163,2.947,-0.037000000000000005,71.518,0.664,3.0,0.001,12.606,-0.002,0.195,25.394,0.155,-0.53
00:00:03.519,1572936686164,2.95,-0.04,71.518,0.664,3.0,0.001,12.653,-0.002,0.196,25.592,0.157,-0.53
00:00:03.520,1572936686165,2.952,-0.043,71.518,0.664,3.0,0.001,12.702,-0.003,0.197,25.803,0.158,-0.53
00:00:03.573,1572936686218,2.9530000000000003,-0.046,71.518,0.664,3.0,0.001,12.751,-0.003,0.197,26.015,0.16,-0.53
00:00:03.574,1572936686219,2.952,-0.049,71.518,0.664,3.0,0.001,12.803,-0.003,0.198,26.241,0.161,-0.53
00:00:03.575,1572936686220,2.95,-0.051,71.518,0.664,3.0,0.001,12.849,-0.003,0.199,26.442,0.163,-0.53
00:00:03.621,1572936686266,2.949,-0.053,71.518,0.664,3.0,0.002,12.898,-0.003,0.199,26.656,0.16399999999999998,-0.53
00:00:03.622,1572936686267,2.949,-0.054000000000000006,71.518,0.664,3.0,0.002,12.948,-0.003,0.2,26.872,0.166,-0.53
00:00:03.623,1572936686268,3.03,-0.055,71.518,0.664,3.0,0.002,13.003,-0.003,0.201,27.102,0.16699999999999998,-0.53
00:00:03.671,1572936686316,3.236,-0.056,71.518,0.664,3.0,0.003,13.06,-0.003,0.203,27.31900000000001,0.16899999999999998,-0.53
00:00:03.672,1572936686317,3.422,-0.056,71.518,0.664,3.0,0.003,13.116,-0.003,0.205,27.523000000000003,0.17,-0.53
00:00:03.673,1572936686318,3.487,-0.056,71.518,0.664,3.0,0.003,13.178,-0.003,0.209,27.756,0.172,-0.53
00:00:03.721,1572936686366,3.408,-0.056,71.518,0.664,3.0,0.003,13.233,-0.003,0.212,27.976,0.173,-0.53
00:00:03.722,1572936686367,3.27,-0.056,71.518,0.664,3.0,0.004,13.285,-0.003,0.215,28.197,0.175,-0.53
00:00:03.723,1572936686368,3.143,-0.057,71.518,0.664,3.0,0.004,13.333,-0.003,0.218,28.405,0.17600000000000002,-0.53
00:00:03.772,1572936686417,3.032,-0.057,71.518,0.664,3.0,0.004,13.382,-0.003,0.22,28.628,0.177,-0.53
00:00:03.773,1572936686418,2.9360000000000004,-0.058,71.518,0.664,3.0,0.005,13.432,-0.003,0.222,28.865,0.179,-0.53
00:00:03.774,1572936686419,2.853,-0.058,71.518,0.664,3.0,0.005,13.479,-0.002,0.223,29.09,0.18,-0.53
00:00:03.822,1572936686467,2.776,-0.059,71.518,0.664,3.0,0.005,13.521,-0.002,0.224,29.301,0.182,-0.53
00:00:03.823,1572936686468,2.697,-0.06,71.518,0.664,3.0,0.005,13.565,-0.002,0.224,29.526,0.183,-0.53
00:00:03.824,1572936686469,2.6180000000000003,-0.06,71.518,0.664,3.0,0.005,13.61,-0.002,0.223,29.767,0.184,-0.53
00:00:03.872,1572936686517,2.549,-0.061,71.518,0.664,3.0,0.006,13.652,-0.002,0.221,29.994,0.18600000000000005,-0.53
00:00:03.873,1572936686518,2.49,-0.061,71.518,0.664,3.0,0.006,13.69,-0.002,0.22,30.208,0.187,-0.53
00:00:03.874,1572936686519,2.424,-0.062,71.518,0.664,3.0,0.006,13.732,-0.002,0.218,30.451,0.188,-0.53
00:00:03.924,1572936686569,2.362,-0.062,71.518,0.664,3.0,0.006,13.771,-0.002,0.215,30.68,0.19,-0.53
00:00:03.925,1572936686570,2.303,-0.063,71.518,0.664,3.0,0.006999999999999999,13.808,-0.002,0.213,30.91,0.191,-0.53
00:00:03.926,1572936686571,2.25,-0.064,71.518,0.664,3.0,0.006999999999999999,13.845,-0.002,0.21,31.14,0.192,-0.53
00:00:03.975,1572936686620,2.207,-0.065,71.518,0.664,3.0,0.006999999999999999,13.879,-0.002,0.206,31.357,0.194,-0.53
00:00:03.976,1572936686621,2.168,-0.066,71.518,0.664,3.0,0.006999999999999999,13.915,-0.002,0.203,31.588,0.195,-0.53
00:00:03.977,1572936686622,2.133,-0.068,71.518,0.664,3.0,0.006999999999999999,13.952,-0.002,0.199,31.835,0.196,-0.53
00:00:04.025,1572936686670,2.104,-0.069,71.518,0.664,3.0,0.006999999999999999,13.987,-0.002,0.195,32.068000000000005,0.197,-0.53
00:00:04.026,1572936686671,2.0780000000000003,-0.069,71.518,0.664,3.0,0.008,14.019,-0.002,0.191,32.287,0.198,-0.53
00:00:04.027,1572936686672,2.05,-0.07,71.518,0.664,3.0,0.008,14.055,-0.002,0.18600000000000005,32.535,0.2,-0.53
00:00:04.077,1572936686722,2.024,-0.07,71.518,0.664,3.0,0.008,14.089,-0.002,0.181,32.77,0.201,-0.53
00:00:04.078,1572936686723,2.0,-0.069,71.518,0.664,3.0,0.009000000000000001,14.122,-0.002,0.17600000000000002,33.005,0.202,-0.53
00:00:04.079,1572936686724,1.978,-0.069,71.518,0.664,3.0,0.009000000000000001,14.152,-0.002,0.172,33.226,0.203,-0.53
00:00:04.128,1572936686773,1.956,-0.068,71.518,0.664,3.0,0.009000000000000001,14.187,-0.002,0.16699999999999998,33.477,0.204,-0.53
00:00:04.129,1572936686774,1.935,-0.068,71.518,0.664,3.0,0.009000000000000001,14.219,-0.002,0.162,33.714,0.205,-0.529
00:00:04.130,1572936686775,1.916,-0.067,71.518,0.664,3.0,0.01,14.251,-0.002,0.157,33.951,0.206,-0.529
00:00:04.186,1572936686831,1.898,-0.066,71.518,0.664,3.0,0.01,14.282,-0.002,0.152,34.189,0.208,-0.529
00:00:04.187,1572936686832,1.881,-0.066,71.518,0.664,3.0,0.01,14.313,-0.002,0.147,34.427,0.209,-0.529
00:00:04.188,1572936686833,1.865,-0.065,71.518,0.664,3.0,0.01,14.344,-0.002,0.142,34.666,0.21,-0.529
00:00:04.189,1572936686834,1.85,-0.064,71.518,0.664,3.0,0.011,14.375,-0.002,0.13699999999999998,34.905,0.211,-0.529
00:00:04.236,1572936686881,1.835,-0.063,71.518,0.664,3.0,0.011,14.405,-0.001,0.133,35.145,0.212,-0.529
00:00:04.237,1572936686882,1.822,-0.061,71.518,0.664,3.0,0.011,14.435,-0.001,0.129,35.385,0.213,-0.529
00:00:04.238,1572936686883,1.809,-0.06,71.518,0.664,3.0,0.012,14.465,-0.001,0.124,35.626,0.214,-0.529
00:00:04.287,1572936686932,1.798,-0.058,71.518,0.664,3.0,0.012,14.495,-0.001,0.121,35.868,0.215,-0.529
00:00:04.288,1572936686933,1.787,-0.057,71.518,0.664,3.0,0.012,14.525,-0.001,0.117,36.109,0.21600000000000005,-0.529
00:00:04.289,1572936686934,1.776,-0.055,71.518,0.664,3.0,0.012,14.554,-0.001,0.114,36.352,0.217,-0.529
00:00:04.339,1572936686984,1.768,-0.054000000000000006,71.518,0.664,3.0,0.012,14.58,-0.001,0.112,36.564,0.217,-0.529
00:00:04.340,1572936686985,1.759,-0.053,71.518,0.664,3.0,0.012,14.609000000000002,0.0,0.109,36.807,0.218,-0.529
00:00:04.341,1572936686986,1.75,-0.052000000000000005,71.518,0.664,3.0,0.012,14.638,0.0,0.107,37.051,0.219,-0.529
00:00:04.391,1572936687036,1.742,-0.051,71.518,0.664,3.0,0.012,14.667,0.0,0.105,37.295,0.22,-0.529
00:00:04.392,1572936687037,1.734,-0.05,71.518,0.664,3.0,0.012,14.696,0.0,0.104,37.54,0.221,-0.529
00:00:04.393,1572936687038,1.727,-0.049,71.518,0.664,3.0,0.012,14.725,0.0,0.103,37.785,0.222,-0.53
00:00:04.440,1572936687085,1.72,-0.047,71.518,0.664,3.0,0.012,14.753,0.0,0.102,38.031,0.223,-0.53
00:00:04.441,1572936687086,1.714,-0.045,71.518,0.664,3.0,0.012,14.782,0.0,0.102,38.277,0.223,-0.53
00:00:04.442,1572936687087,1.709,-0.043,71.518,0.664,3.0,0.012,14.81,0.0,0.102,38.524,0.224,-0.53
00:00:04.490,1572936687135,1.703,-0.04,71.518,0.664,3.0,0.012,14.839,0.0,0.102,38.771,0.225,-0.53
00:00:04.491,1572936687136,1.699,-0.038,71.518,0.664,3.0,0.012,14.867,0.0,0.103,39.018,0.226,-0.53
00:00:04.492,1572936687137,1.694,-0.037000000000000005,71.518,0.664,3.0,0.012,14.895,0.0,0.104,39.266,0.227,-0.53
00:00:04.540,1572936687185,1.69,-0.035,71.518,0.664,3.0,0.012,14.923,0.001,0.105,39.515,0.228,-0.531
00:00:04.541,1572936687186,1.686,-0.034,71.518,0.664,3.0,0.012,14.951,0.001,0.106,39.764,0.228,-0.531
00:00:04.542,1572936687187,1.682,-0.033,71.518,0.664,3.0,0.012,14.979,0.001,0.107,40.01300000000001,0.229,-0.531
00:00:04.590,1572936687235,1.679,-0.033,71.518,0.664,3.0,0.011,15.007,0.001,0.108,40.26300000000001,0.23,-0.531
00:00:04.591,1572936687236,1.675,-0.033,71.518,0.664,3.0,0.011,15.035,0.001,0.109,40.51300000000001,0.231,-0.531
00:00:04.592,1572936687237,1.672,-0.033,71.518,0.664,3.0,0.011,15.063,0.0,0.11,40.764,0.231,-0.531
00:00:04.640,1572936687285,1.669,-0.033,71.518,0.664,3.0,0.011,15.09,0.0,0.111,41.01600000000001,0.232,-0.531
00:00:04.641,1572936687286,1.6669999999999998,-0.033,71.518,0.664,3.0,0.011,15.118,0.0,0.112,41.267,0.233,-0.531
00:00:04.642,1572936687287,1.664,-0.033,71.518,0.664,3.0,0.011,15.146,0.0,0.114,41.519,0.234,-0.532
00:00:04.691,1572936687336,1.662,-0.033,71.518,0.664,3.0,0.01,15.174,0.0,0.115,41.772,0.234,-0.532
00:00:04.692,1572936687337,1.659,-0.033,71.518,0.664,3.0,0.01,15.201,0.0,0.116,42.025,0.235,-0.532
00:00:04.693,1572936687338,1.6569999999999998,-0.033,71.518,0.664,3.0,0.01,15.229,0.0,0.116,42.279,0.236,-0.532
00:00:04.743,1572936687388,1.655,-0.033,71.518,0.664,3.0,0.01,15.255999999999998,0.0,0.117,42.533,0.237,-0.532
00:00:04.744,1572936687389,1.653,-0.034,71.518,0.664,3.0,0.01,15.284,0.0,0.118,42.787,0.237,-0.532
00:00:04.745,1572936687390,1.652,-0.033,71.518,0.664,3.0,0.01,15.311,0.0,0.119,43.042,0.238,-0.532
00:00:04.793,1572936687438,1.65,-0.033,71.518,0.664,3.0,0.01,15.339,0.0,0.119,43.298,0.239,-0.532
00:00:04.794,1572936687439,1.648,-0.033,71.518,0.664,3.0,0.01,15.366,0.0,0.12,43.554,0.239,-0.532
00:00:04.795,1572936687440,1.6469999999999998,-0.033,72.983,1.128,3.0,0.01,15.394,0.0,0.12,43.81,0.24,-0.532
00:00:04.843,1572936687488,1.641,-0.033,72.983,1.128,3.0,0.01,15.421,0.0,0.12,44.067,0.241,-0.532
00:00:04.844,1572936687489,1.635,-0.033,72.983,1.128,3.0,0.01,15.448,0.0,0.12,44.324,0.241,-0.532
00:00:04.845,1572936687490,1.631,-0.033,72.983,1.128,3.0,0.01,15.475,0.0,0.121,44.582,0.242,-0.532
00:00:04.893,1572936687538,1.629,-0.034,72.983,1.128,3.0,0.01,15.502,0.0,0.121,44.84,0.243,-0.532
00:00:04.894,1572936687539,1.628,-0.034,72.983,1.128,3.0,0.01,15.53,0.0,0.121,45.099,0.243,-0.532
00:00:04.895,1572936687540,1.6269999999999998,-0.035,81.699,0.664,3.0,0.01,15.557,0.0,0.121,45.358,0.244,-0.532
00:00:04.944,1572936687589,1.629,-0.035,81.699,0.664,3.0,0.01,15.584,0.0,0.121,45.617,0.244,-0.532
00:00:04.945,1572936687590,1.633,-0.037000000000000005,81.699,0.664,3.0,0.009000000000000001,15.611,0.0,0.12,45.877,0.245,-0.532
00:00:04.946,1572936687591,1.634,-0.038,81.699,0.664,3.0,0.009000000000000001,15.638,0.0,0.12,46.137,0.246,-0.532
00:00:04.995,1572936687640,1.634,-0.039,81.699,0.664,3.0,0.009000000000000001,15.666,0.0,0.12,46.398,0.246,-0.532
00:00:04.996,1572936687641,1.634,-0.041,81.699,0.664,3.0,0.009000000000000001,15.693,0.0,0.12,46.66,0.247,-0.532
00:00:04.997,1572936687642,1.633,-0.043,83.01700000000002,0.664,3.0,0.009000000000000001,15.72,-0.001,0.119,46.92100000000001,0.247,-0.532
00:00:05.046,1572936687691,1.632,-0.045,83.01700000000002,0.664,3.0,0.009000000000000001,15.747,-0.001,0.119,47.184,0.248,-0.532
00:00:05.047,1572936687692,1.632,-0.046,83.01700000000002,0.664,3.0,0.009000000000000001,15.774,-0.001,0.119,47.44600000000001,0.248,-0.532
00:00:05.048,1572936687693,1.631,-0.048,83.01700000000002,0.664,3.0,0.009000000000000001,15.802,-0.001,0.118,47.71,0.249,-0.532
00:00:05.098,1572936687743,1.63,-0.05,83.01700000000002,0.664,3.0,0.009000000000000001,15.829,-0.001,0.118,47.973,0.249,-0.532
00:00:05.099,1572936687744,1.63,-0.051,83.01700000000002,0.664,3.0,0.009000000000000001,15.856,-0.001,0.118,48.237,0.25,-0.532
00:00:05.100,1572936687745,1.629,-0.052000000000000005,83.823,0.664,3.0,0.01,15.883,-0.001,0.117,48.502,0.25,-0.532
00:00:05.149,1572936687794,1.628,-0.053,83.823,0.664,3.0,0.01,15.91,-0.001,0.117,48.767,0.251,-0.532
00:00:05.150,1572936687795,1.628,-0.053,83.823,0.664,3.0,0.01,15.937,-0.001,0.117,49.032,0.251,-0.531
00:00:05.151,1572936687796,1.6269999999999998,-0.054000000000000006,83.823,0.664,3.0,0.01,15.964,-0.001,0.117,49.298,0.252,-0.531
00:00:05.199,1572936687844,1.626,-0.054000000000000006,83.823,0.664,3.0,0.01,15.992,-0.001,0.116,49.56399999999999,0.252,-0.531
00:00:05.200,1572936687845,1.626,-0.054000000000000006,83.823,0.664,3.0,0.011,16.019000000000002,0.0,0.116,49.831,0.253,-0.531
00:00:05.201,1572936687846,1.625,-0.055,88.36399999999998,0.664,3.0,0.011,16.046,0.0,0.116,50.098,0.253,-0.531
00:00:05.202,1572936687847,1.624,-0.055,88.36399999999998,0.664,3.0,0.011,16.073,0.0,0.116,50.36600000000001,0.253,-0.531
00:00:05.250,1572936687895,1.624,-0.056,88.36399999999998,0.664,3.0,0.011,16.1,0.0,0.116,50.63399999999999,0.254,-0.531
00:00:05.251,1572936687896,1.6230000000000002,-0.056,88.36399999999998,0.664,3.0,0.011,16.127,0.0,0.116,50.902,0.254,-0.532
00:00:05.252,1572936687897,1.6230000000000002,-0.057,88.36399999999998,0.664,3.0,0.012,16.154,0.0,0.116,51.17100000000001,0.254,-0.532
00:00:05.304,1572936687949,1.622,-0.058,88.36399999999998,0.664,3.0,0.012,16.180999999999994,0.0,0.116,51.441,0.255,-0.532
00:00:05.305,1572936687950,1.622,-0.058,90.0,0.664,3.0,0.012,16.208,0.0,0.116,51.71100000000001,0.255,-0.532
00:00:05.306,1572936687951,1.621,-0.058,90.0,0.664,3.0,0.012,16.235,0.0,0.116,51.981,0.255,-0.532
00:00:05.350,1572936687995,1.621,-0.058,90.0,0.664,3.0,0.012,16.262,0.0,0.117,52.252,0.256,-0.532
00:00:05.351,1572936687996,1.62,-0.059,90.0,0.664,3.0,0.012,16.289,0.001,0.117,52.523,0.256,-0.532
00:00:05.352,1572936687997,1.62,-0.059,90.0,0.664,3.0,0.012,16.316,0.001,0.117,52.795,0.256,-0.532
00:00:05.401,1572936688046,1.62,-0.059,90.0,0.664,3.0,0.013,16.343,0.001,0.118,53.067,0.256,-0.532
00:00:05.402,1572936688047,1.619,-0.059,90.0,0.664,3.0,0.013,16.37,0.001,0.118,53.34,0.256,-0.532
00:00:05.403,1572936688048,1.619,-0.059,90.0,0.664,3.0,0.013,16.397000000000002,0.001,0.118,53.613,0.257,-0.532
00:00:05.453,1572936688098,1.618,-0.059,90.0,0.664,3.0,0.013,16.424,0.001,0.119,53.886,0.257,-0.532
00:00:05.454,1572936688099,1.618,-0.059,90.0,0.664,3.0,0.013,16.451,0.001,0.119,54.16,0.257,-0.532
00:00:05.455,1572936688100,1.618,-0.059,90.0,0.664,3.0,0.013,16.477999999999998,0.001,0.119,54.435,0.257,-0.532
00:00:05.504,1572936688149,1.618,-0.059,90.0,0.664,3.0,0.013,16.505,0.001,0.12,54.71,0.257,-0.532
00:00:05.505,1572936688150,1.617,-0.059,90.0,0.664,3.0,0.014,16.532,0.001,0.12,54.985,0.257,-0.532
00:00:05.506,1572936688151,1.617,-0.059,90.0,0.664,3.0,0.014,16.559,0.001,0.121,55.261,0.257,-0.532
00:00:05.554,1572936688199,1.617,-0.059,90.0,0.664,3.0,0.014,16.586,0.001,0.121,55.537,0.258,-0.532
00:00:05.555,1572936688200,1.617,-0.059,90.0,0.664,3.0,0.014,16.613,0.001,0.121,55.81399999999999,0.258,-0.532
00:00:05.556,1572936688201,1.617,-0.059,90.0,0.664,3.0,0.014,16.639,0.001,0.122,56.091,0.258,-0.532
00:00:05.604,1572936688249,1.617,-0.059,90.0,0.664,3.0,0.014,16.666,0.001,0.122,56.368,0.258,-0.532
00:00:05.605,1572936688250,1.617,-0.058,90.0,0.664,3.0,0.014,16.692999999999998,0.001,0.122,56.646,0.258,-0.532
00:00:05.606,1572936688251,1.616,-0.058,90.0,0.664,3.0,0.014,16.72,0.001,0.123,56.925,0.258,-0.532
00:00:05.654,1572936688299,1.616,-0.058,90.0,0.664,3.0,0.014,16.747,0.001,0.123,57.20399999999999,0.258,-0.532
00:00:05.655,1572936688300,1.616,-0.058,90.0,0.664,3.0,0.015,16.774,0.001,0.123,57.483,0.258,-0.532
00:00:05.656,1572936688301,1.616,-0.058,90.0,0.664,3.0,0.015,16.801,0.001,0.123,57.76300000000001,0.258,-0.532
00:00:05.704,1572936688349,1.616,-0.058,90.0,0.664,3.0,0.015,16.828,0.001,0.124,58.043,0.258,-0.532
00:00:05.705,1572936688350,1.616,-0.058,90.0,0.664,3.0,0.015,16.855,0.001,0.124,58.324,0.257,-0.532
00:00:05.706,1572936688351,1.616,-0.057,90.0,0.664,3.0,0.015,16.882,0.001,0.124,58.605,0.257,-0.532
00:00:05.756,1572936688401,1.616,-0.057,90.0,0.664,3.0,0.015,16.909000000000002,0.001,0.124,58.886,0.257,-0.532
00:00:05.757,1572936688402,1.616,-0.057,90.0,0.664,3.0,0.015,16.936,0.001,0.124,59.168,0.257,-0.532
00:00:05.758,1572936688403,1.615,-0.056,90.0,0.664,3.0,0.015,16.963,0.001,0.125,59.451,0.257,-0.532
00:00:05.805,1572936688450,1.615,-0.056,90.0,0.664,3.0,0.015,16.99,0.001,0.125,59.734,0.257,-0.532
00:00:05.806,1572936688451,1.615,-0.056,90.0,0.664,3.0,0.015,17.016,0.001,0.125,60.017,0.257,-0.532
00:00:05.807,1572936688452,1.615,-0.056,90.0,0.664,3.0,0.015,17.043,0.001,0.125,60.301,0.256,-0.532
00:00:05.857,1572936688502,1.615,-0.055,90.0,0.664,3.0,0.015,17.07,0.001,0.125,60.585,0.256,-0.532
00:00:05.858,1572936688503,1.615,-0.055,90.0,0.664,3.0,0.015,17.097,0.001,0.125,60.87,0.256,-0.532
00:00:05.859,1572936688504,1.614,-0.054000000000000006,90.0,0.664,3.0,0.015,17.124000000000002,0.001,0.126,61.155,0.256,-0.532
00:00:05.917,1572936688562,1.612,-0.053,90.0,0.664,3.0,0.015,17.151,0.001,0.126,61.441,0.255,-0.532
00:00:05.918,1572936688563,1.61,-0.053,90.0,0.664,3.0,0.015,17.178,0.001,0.126,61.727,0.255,-0.532
00:00:05.919,1572936688564,1.61,-0.052000000000000005,90.0,0.664,3.0,0.016,17.205,0.001,0.126,62.014,0.255,-0.532
00:00:05.920,1572936688565,1.61,-0.052000000000000005,90.0,0.664,3.0,0.016,17.230999999999998,0.001,0.126,62.3,0.255,-0.532
00:00:05.967,1572936688612,1.61,-0.051,90.0,0.664,3.0,0.016,17.258,0.001,0.126,62.588,0.254,-0.532
00:00:05.968,1572936688613,1.61,-0.051,90.0,0.664,3.0,0.016,17.285,0.001,0.126,62.87600000000001,0.254,-0.532
00:00:05.969,1572936688614,1.61,-0.051,90.0,0.664,3.0,0.016,17.312,0.001,0.126,63.164,0.254,-0.532
00:00:06.018,1572936688663,1.61,-0.051,90.0,0.664,3.0,0.016,17.339000000000002,0.001,0.126,63.453,0.253,-0.532
00:00:06.019,1572936688664,1.61,-0.051,90.0,0.664,3.0,0.016,17.366,0.001,0.127,63.742,0.253,-0.532
00:00:06.020,1572936688665,1.61,-0.051,90.0,0.664,3.0,0.016,17.392,0.001,0.127,64.032,0.252,-0.532
00:00:06.068,1572936688713,1.61,-0.051,90.0,0.664,3.0,0.016,17.419,0.001,0.127,64.322,0.252,-0.532
00:00:06.069,1572936688714,1.61,-0.051,90.0,0.664,3.0,0.015,17.445999999999998,0.001,0.127,64.612,0.252,-0.532
00:00:06.070,1572936688715,1.61,-0.051,90.0,0.664,3.0,0.015,17.473,0.001,0.127,64.903,0.251,-0.532
00:00:06.118,1572936688763,1.609,-0.05,90.0,0.664,3.0,0.015,17.5,0.001,0.127,65.195,0.251,-0.532
00:00:06.119,1572936688764,1.609,-0.05,90.0,0.664,3.0,0.015,17.527,0.001,0.127,65.487,0.25,-0.532
00:00:06.120,1572936688765,1.609,-0.05,90.0,0.664,3.0,0.015,17.553,0.001,0.128,65.779,0.25,-0.532
00:00:06.169,1572936688814,1.609,-0.05,90.0,0.664,3.0,0.015,17.58,0.001,0.128,66.072,0.249,-0.532
00:00:06.170,1572936688815,1.609,-0.05,90.0,0.664,3.0,0.015,17.607,0.001,0.128,66.365,0.249,-0.532
00:00:06.171,1572936688816,1.609,-0.05,90.0,0.664,3.0,0.015,17.634,0.001,0.128,66.65899999999999,0.248,-0.532
00:00:06.224,1572936688869,1.609,-0.05,90.0,0.664,3.0,0.015,17.660999999999994,0.001,0.128,66.953,0.248,-0.532
00:00:06.225,1572936688870,1.609,-0.05,90.0,0.664,3.0,0.015,17.687,0.001,0.128,67.247,0.247,-0.532
00:00:06.226,1572936688871,1.609,-0.05,90.0,0.664,3.0,0.015,17.714000000000006,0.001,0.129,67.542,0.247,-0.532
00:00:06.272,1572936688917,1.609,-0.05,90.0,0.664,3.0,0.015,17.741,0.001,0.129,67.83800000000001,0.246,-0.532
00:00:06.273,1572936688918,1.609,-0.05,90.0,0.664,3.0,0.015,17.768,0.001,0.129,68.134,0.245,-0.532
00:00:06.274,1572936688919,1.609,-0.05,90.0,0.664,3.0,0.015,17.795,0.001,0.129,68.43,0.245,-0.532
00:00:06.322,1572936688967,1.608,-0.05,90.0,0.664,3.0,0.015,17.820999999999994,0.001,0.129,68.727,0.244,-0.532
00:00:06.323,1572936688968,1.608,-0.05,90.0,0.664,3.0,0.015,17.848,0.001,0.13,69.024,0.244,-0.532
00:00:06.324,1572936688969,1.608,-0.05,90.0,0.664,3.0,0.015,17.875,0.001,0.13,69.322,0.243,-0.532
00:00:06.372,1572936689017,1.608,-0.05,90.0,0.664,3.0,0.015,17.902,0.001,0.13,69.62,0.242,-0.532
00:00:06.373,1572936689018,1.608,-0.05,90.0,0.664,3.0,0.015,17.929000000000006,0.001,0.13,69.919,0.242,-0.532
00:00:06.374,1572936689019,1.608,-0.05,90.0,0.664,3.0,0.015,17.955,0.001,0.13,70.218,0.241,-0.532
00:00:06.423,1572936689068,1.608,-0.05,90.0,0.664,3.0,0.015,17.982,0.001,0.131,70.517,0.24,-0.532
00:00:06.424,1572936689069,1.608,-0.05,90.0,0.664,3.0,0.015,18.009,0.002,0.131,70.817,0.239,-0.532
00:00:06.425,1572936689070,1.608,-0.05,90.0,0.664,3.0,0.015,18.036,0.002,0.131,71.118,0.239,-0.532
00:00:06.476,1572936689121,1.608,-0.05,90.0,0.664,3.0,0.015,18.063,0.002,0.131,71.418,0.238,-0.532
00:00:06.477,1572936689122,1.608,-0.05,90.0,0.664,3.0,0.015,18.089,0.002,0.131,71.72,0.237,-0.532
00:00:06.478,1572936689123,1.608,-0.05,90.0,0.664,3.0,0.015,18.116,0.002,0.132,72.021,0.236,-0.532
00:00:06.525,1572936689170,1.608,-0.05,90.0,0.664,3.0,0.015,18.143,0.002,0.132,72.324,0.236,-0.532
00:00:06.526,1572936689171,1.607,-0.05,90.0,0.664,3.0,0.015,18.17,0.002,0.132,72.626,0.235,-0.532
00:00:06.527,1572936689172,1.607,-0.051,90.0,0.664,3.0,0.015,18.197,0.002,0.132,72.929,0.234,-0.532
00:00:06.575,1572936689220,1.607,-0.051,90.0,0.664,3.0,0.015,18.223,0.002,0.133,73.233,0.233,-0.532
00:00:06.576,1572936689221,1.607,-0.051,90.0,0.664,3.0,0.015,18.25,0.002,0.133,73.53699999999998,0.232,-0.532
00:00:06.577,1572936689222,1.607,-0.051,90.0,0.664,3.0,0.016,18.277,0.002,0.133,73.84100000000002,0.231,-0.532
00:00:06.626,1572936689271,1.607,-0.051,90.0,0.664,3.0,0.016,18.304,0.002,0.133,74.146,0.23,-0.532
00:00:06.627,1572936689272,1.607,-0.051,90.0,0.664,3.0,0.016,18.331,0.002,0.133,74.45100000000002,0.229,-0.532
00:00:06.628,1572936689273,1.607,-0.051,90.0,0.664,3.0,0.016,18.357,0.002,0.133,74.757,0.229,-0.532
00:00:06.676,1572936689321,1.607,-0.051,90.0,0.664,3.0,0.016,18.384,0.002,0.134,75.063,0.228,-0.532
00:00:06.677,1572936689322,1.607,-0.051,90.0,0.664,3.0,0.016,18.411,0.002,0.134,75.37,0.227,-0.532
00:00:06.678,1572936689323,1.607,-0.051,90.0,0.664,3.0,0.016,18.438,0.002,0.134,75.67699999999998,0.226,-0.532
00:00:06.727,1572936689372,1.607,-0.051,90.0,1.128,3.0,0.016,18.464,0.002,0.134,75.984,0.225,-0.532
00:00:06.728,1572936689373,1.6030000000000002,-0.051,90.0,1.128,3.0,0.016,18.491,0.002,0.134,76.292,0.224,-0.532
00:00:06.729,1572936689374,1.598,-0.051,90.0,1.128,3.0,0.016,18.518,0.002,0.135,76.601,0.223,-0.532
00:00:06.778,1572936689423,1.596,-0.051,90.0,1.128,3.0,0.016,18.544,0.002,0.135,76.91,0.222,-0.532
00:00:06.779,1572936689424,1.595,-0.051,90.0,1.128,3.0,0.016,18.571,0.002,0.135,77.219,0.221,-0.532
00:00:06.780,1572936689425,1.594,-0.051,90.0,1.128,3.0,0.016,18.597,0.002,0.135,77.529,0.219,-0.532
00:00:06.828,1572936689473,1.594,-0.051,90.0,1.128,3.0,0.016,18.624,0.002,0.135,77.839,0.218,-0.532
00:00:06.829,1572936689474,1.594,-0.05,90.0,1.128,3.0,0.016,18.65,0.002,0.135,78.149,0.217,-0.532
00:00:06.830,1572936689475,1.594,-0.05,90.0,1.128,3.0,0.016,18.677,0.002,0.135,78.46,0.21600000000000005,-0.532
00:00:06.878,1572936689523,1.5930000000000002,-0.05,90.0,1.128,3.0,0.016,18.704,0.002,0.136,78.77199999999998,0.215,-0.532
00:00:06.879,1572936689524,1.5930000000000002,-0.049,90.0,1.128,3.0,0.016,18.73,0.002,0.136,79.084,0.214,-0.532
00:00:06.880,1572936689525,1.5930000000000002,-0.049,90.0,1.128,3.0,0.016,18.757,0.002,0.136,79.396,0.213,-0.532
00:00:06.936,1572936689581,1.5930000000000002,-0.048,90.0,0.664,3.0,0.016,18.783,0.002,0.136,79.709,0.212,-0.532
00:00:06.937,1572936689582,1.596,-0.047,90.0,0.664,3.0,0.016,18.81,0.002,0.136,80.02199999999998,0.21,-0.532
00:00:06.938,1572936689583,1.601,-0.045,90.0,0.664,3.0,0.016,18.837,0.002,0.136,80.336,0.209,-0.532
00:00:06.939,1572936689584,1.6030000000000002,-0.043,90.0,0.664,3.0,0.016,18.863,0.003,0.136,80.65,0.208,-0.532
00:00:06.992,1572936689637,1.604,-0.041,90.0,0.664,3.0,0.016,18.89,0.003,0.136,80.965,0.207,-0.532
00:00:06.993,1572936689638,1.605,-0.038,90.0,0.664,3.0,0.016,18.917,0.003,0.13699999999999998,81.28,0.205,-0.532
00:00:06.994,1572936689639,1.605,-0.036000000000000004,90.0,0.664,3.0,0.016,18.944000000000006,0.003,0.13699999999999998,81.596,0.204,-0.532
00:00:07.042,1572936689687,1.605,-0.033,90.0,0.664,3.0,0.016,18.97,0.003,0.13699999999999998,81.91199999999998,0.203,-0.532
00:00:07.043,1572936689688,1.605,-0.03,90.0,0.664,3.0,0.016,18.997,0.003,0.13699999999999998,82.228,0.202,-0.532
00:00:07.044,1572936689689,1.605,-0.027000000000000003,90.0,0.664,3.0,0.016,19.024,0.003,0.13699999999999998,82.545,0.2,-0.532
00:00:07.093,1572936689738,1.605,-0.025,90.0,0.664,3.0,0.016,19.051,0.003,0.138,82.86200000000002,0.199,-0.532
00:00:07.094,1572936689739,1.605,-0.022,90.0,0.664,3.0,0.016,19.079,0.003,0.138,83.2,0.198,-0.532
00:00:07.095,1572936689740,1.605,-0.02,90.0,0.664,3.0,0.015,19.104,0.003,0.138,83.49799999999998,0.196,-0.532
00:00:07.143,1572936689788,1.604,-0.019,90.0,0.664,3.0,0.015,19.131,0.003,0.139,83.81700000000002,0.195,-0.532
00:00:07.144,1572936689789,1.604,-0.018000000000000002,90.0,0.664,3.0,0.015,19.158,0.003,0.139,84.13600000000002,0.194,-0.532
00:00:07.145,1572936689790,1.604,-0.017,90.0,0.664,3.0,0.014,19.184,0.003,0.139,84.455,0.192,-0.532
00:00:07.193,1572936689838,1.604,-0.016,90.0,0.664,3.0,0.014,19.213,0.003,0.139,84.795,0.191,-0.532
00:00:07.194,1572936689839,1.604,-0.016,90.0,0.664,3.0,0.013,19.238,0.003,0.14,85.096,0.19,-0.532
00:00:07.195,1572936689840,1.604,-0.015,90.0,0.664,3.0,0.013,19.264,0.002,0.14,85.416,0.188,-0.532
00:00:07.243,1572936689888,1.604,-0.015,90.0,0.664,3.0,0.013,19.291,0.002,0.14,85.738,0.187,-0.532
00:00:07.244,1572936689889,1.604,-0.014,90.0,0.664,3.0,0.012,19.318,0.002,0.14,86.059,0.18600000000000005,-0.532
00:00:07.245,1572936689890,1.604,-0.014,90.0,0.664,3.0,0.012,19.345,0.002,0.14,86.382,0.184,-0.532
00:00:07.294,1572936689939,1.604,-0.014,90.0,0.664,3.0,0.012,19.371,0.001,0.141,86.704,0.183,-0.532
00:00:07.295,1572936689940,1.6030000000000002,-0.013,90.0,0.664,3.0,0.011,19.4,0.001,0.141,87.04799999999999,0.181,-0.532
00:00:07.296,1572936689941,1.6030000000000002,-0.012,90.0,0.664,3.0,0.011,19.425,0.001,0.141,87.351,0.18,-0.532
00:00:07.345,1572936689990,1.6030000000000002,-0.011,90.0,0.664,3.0,0.011,19.452,0.001,0.141,87.675,0.179,-0.532
00:00:07.346,1572936689991,1.6030000000000002,-0.01,90.0,0.664,3.0,0.01,19.478,0.001,0.141,87.999,0.177,-0.532
00:00:07.347,1572936689992,1.6030000000000002,-0.009000000000000001,90.0,0.664,3.0,0.01,19.505,0.0,0.142,88.324,0.17600000000000002,-0.532
00:00:07.396,1572936690041,1.6030000000000002,-0.009000000000000001,90.0,0.664,3.0,0.01,19.532,0.0,0.142,88.649,0.175,-0.532
00:00:07.397,1572936690042,1.6030000000000002,-0.008,90.0,0.664,3.0,0.009000000000000001,19.558,0.0,0.142,88.975,0.173,-0.532
00:00:07.398,1572936690043,1.6030000000000002,-0.008,90.0,0.664,3.0,0.009000000000000001,19.587,0.0,0.142,89.322,0.172,-0.532
00:00:07.449,1572936690094,1.6030000000000002,-0.006999999999999999,90.0,0.664,3.0,0.009000000000000001,19.612,0.0,0.142,89.62799999999999,0.17,-0.532
00:00:07.450,1572936690095,1.6030000000000002,-0.006999999999999999,90.0,0.664,3.0,0.009000000000000001,19.639,0.0,0.14300000000000002,89.955,0.16899999999999998,-0.532
00:00:07.451,1572936690096,1.602,-0.006999999999999999,90.0,0.664,3.0,0.008,19.665,0.0,0.14300000000000002,90.283,0.168,-0.532
00:00:07.496,1572936690141,1.602,-0.006999999999999999,90.0,0.664,3.0,0.008,19.692,0.0,0.14300000000000002,90.611,0.166,-0.532
00:00:07.499,1572936690144,1.602,-0.008,90.0,0.664,3.0,0.008,19.719,0.0,0.14300000000000002,90.939,0.165,-0.532
00:00:07.500,1572936690145,1.602,-0.008,90.0,0.664,3.0,0.008,19.745,0.0,0.14300000000000002,91.268,0.163,-0.532
00:00:07.553,1572936690198,1.602,-0.008,90.0,0.664,3.0,0.006999999999999999,19.772,0.0,0.14400000000000002,91.597,0.162,-0.532
00:00:07.554,1572936690199,1.602,-0.008,90.0,0.664,3.0,0.006999999999999999,19.799,0.0,0.14400000000000002,91.927,0.16,-0.532
00:00:07.555,1572936690200,1.602,-0.009000000000000001,90.0,0.664,3.0,0.006999999999999999,19.827,0.0,0.14400000000000002,92.278,0.159,-0.532
00:00:07.556,1572936690201,1.602,-0.009000000000000001,90.0,0.664,3.0,0.006999999999999999,19.852,0.0,0.14400000000000002,92.588,0.157,-0.532
00:00:07.603,1572936690248,1.602,-0.01,90.0,0.664,3.0,0.006999999999999999,19.879,0.0,0.14400000000000002,92.919,0.156,-0.532
00:00:07.604,1572936690249,1.602,-0.01,90.0,0.664,3.0,0.006,19.906,0.0,0.145,93.251,0.155,-0.532
00:00:07.605,1572936690250,1.601,-0.011,90.0,0.664,3.0,0.006,19.934,0.0,0.145,93.603,0.153,-0.532
00:00:07.660,1572936690305,1.601,-0.011,90.0,0.664,3.0,0.006,19.959,0.0,0.145,93.915,0.152,-0.532
00:00:07.661,1572936690306,1.601,-0.011,90.0,0.664,3.0,0.006,19.986,0.0,0.145,94.248,0.15,-0.532
00:00:07.662,1572936690307,1.601,-0.012,90.0,0.664,3.0,0.006,20.012,0.0,0.145,94.581,0.149,-0.532
00:00:07.707,1572936690352,1.601,-0.012,90.0,0.664,3.0,0.006,20.041,0.0,0.145,94.936,0.147,-0.532
00:00:07.708,1572936690353,1.601,-0.013,90.0,0.664,3.0,0.006,20.066,0.0,0.146,95.249,0.146,-0.532
00:00:07.709,1572936690354,1.601,-0.013,90.0,0.664,3.0,0.006,20.092,0.0,0.146,95.584,0.14400000000000002,-0.532
00:00:07.758,1572936690403,1.601,-0.014,90.0,0.664,3.0,0.006,20.119,0.0,0.146,95.919,0.14300000000000002,-0.532
00:00:07.759,1572936690404,1.601,-0.014,90.0,0.664,3.0,0.006,20.147,0.001,0.146,96.275,0.141,-0.532
00:00:07.760,1572936690405,1.601,-0.015,90.0,0.664,3.0,0.006,20.174,0.001,0.146,96.611,0.14,-0.532
00:00:07.808,1572936690453,1.6,-0.015,90.0,0.664,3.0,0.006,20.199,0.001,0.147,96.927,0.138,-0.532
00:00:07.809,1572936690454,1.6,-0.016,90.0,0.664,3.0,0.006,20.226,0.001,0.147,97.264,0.13699999999999998,-0.532
00:00:07.810,1572936690455,1.6,-0.016,90.0,0.664,3.0,0.006,20.252,0.001,0.147,97.601,0.135,-0.532
00:00:07.861,1572936690506,1.6,-0.016,90.0,0.664,3.0,0.006,20.281,0.001,0.147,97.96,0.133,-0.532
00:00:07.862,1572936690507,1.6,-0.016,90.0,0.664,3.0,0.006,20.306,0.001,0.147,98.277,0.132,-0.532
00:00:07.863,1572936690508,1.599,-0.016,90.0,0.664,3.0,0.005,20.332,0.001,0.147,98.616,0.13,-0.532
00:00:07.908,1572936690553,1.599,-0.015,90.0,0.664,3.0,0.005,20.359,0.001,0.14800000000000002,98.955,0.129,-0.532
00:00:07.909,1572936690554,1.598,-0.015,90.0,0.664,3.0,0.006,20.386,0.001,0.14800000000000002,99.294,0.127,-0.532
00:00:07.910,1572936690555,1.597,-0.014,90.0,0.664,3.0,0.006,20.412,0.001,0.14800000000000002,99.634,0.126,-0.532
00:00:07.958,1572936690603,1.597,-0.014,90.0,0.664,3.0,0.006,20.439,0.001,0.14800000000000002,99.975,0.124,-0.532
00:00:07.959,1572936690604,1.596,-0.013,90.0,0.664,3.0,0.006,20.465,0.001,0.14800000000000002,100.316,0.123,-0.532
00:00:07.960,1572936690605,1.596,-0.013,90.0,0.664,3.0,0.006,20.494,0.001,0.14800000000000002,100.678,0.121,-0.532
00:00:08.008,1572936690653,1.595,-0.013,90.0,0.664,3.0,0.006,20.519,0.001,0.149,100.999,0.119,-0.532
00:00:08.009,1572936690654,1.595,-0.012,90.0,0.664,3.0,0.006,20.545,0.001,0.149,101.341,0.118,-0.532
00:00:08.010,1572936690655,1.594,-0.012,90.0,0.664,3.0,0.005,20.572,0.001,0.149,101.684,0.116,-0.532
00:00:08.059,1572936690704,1.594,-0.012,90.0,0.664,3.0,0.005,20.6,0.001,0.149,102.048,0.114,-0.532
00:00:08.060,1572936690705,1.5930000000000002,-0.012,90.0,0.664,3.0,0.005,20.626,0.001,0.149,102.392,0.113,-0.532
00:00:08.061,1572936690706,1.5930000000000002,-0.012,90.0,0.664,3.0,0.005,20.651,0.001,0.149,102.714,0.111,-0.532
00:00:08.111,1572936690756,1.592,-0.012,90.0,0.664,3.0,0.005,20.678,0.001,0.15,103.059,0.11,-0.532
00:00:08.112,1572936690757,1.592,-0.011,90.0,0.664,3.0,0.005,20.704,0.001,0.15,103.403,0.108,-0.532
00:00:08.113,1572936690758,1.591,-0.011,90.0,0.664,3.0,0.005,20.733,0.001,0.15,103.77,0.106,-0.532
00:00:08.161,1572936690806,1.591,-0.011,90.0,0.664,3.0,0.005,20.759,0.001,0.15,104.116,0.105,-0.532
00:00:08.162,1572936690807,1.59,-0.011,90.0,0.664,3.0,0.005,20.784,0.001,0.15,104.441,0.103,-0.532
00:00:08.163,1572936690808,1.59,-0.01,90.0,0.664,3.0,0.005,20.81,0.001,0.15,104.787,0.101,-0.532
00:00:08.211,1572936690856,1.589,-0.01,90.0,0.664,3.0,0.005,20.839,0.001,0.15,105.156,0.1,-0.532
00:00:08.212,1572936690857,1.588,-0.01,90.0,0.664,3.0,0.005,20.863000000000003,0.001,0.15,105.482,0.098,-0.532
00:00:08.213,1572936690858,1.588,-0.01,90.0,0.664,3.0,0.005,20.89,0.001,0.151,105.83,0.096,-0.532
00:00:08.261,1572936690906,1.587,-0.009000000000000001,90.0,0.664,3.0,0.005,20.916,0.001,0.151,106.178,0.095,-0.532
00:00:08.262,1572936690907,1.587,-0.009000000000000001,90.0,0.664,3.0,0.005,20.944000000000006,0.001,0.151,106.549,0.093,-0.5329999999999999
00:00:08.263,1572936690908,1.586,-0.009000000000000001,90.0,0.664,3.0,0.005,20.971,0.001,0.151,106.898,0.091,-0.5329999999999999
00:00:08.311,1572936690956,1.586,-0.009000000000000001,90.0,0.664,3.0,0.005,20.997,0.001,0.151,107.248,0.09,-0.5329999999999999
00:00:08.312,1572936690957,1.585,-0.008,90.0,0.664,3.0,0.005,21.024,0.001,0.151,107.598,0.08800000000000001,-0.5329999999999999
00:00:08.313,1572936690958,1.585,-0.008,90.0,0.664,3.0,0.005,21.05,0.001,0.151,107.949,0.086,-0.5329999999999999
00:00:08.361,1572936691006,1.584,-0.008,90.0,0.664,3.0,0.004,21.076,0.001,0.152,108.3,0.085,-0.5329999999999999
00:00:08.362,1572936691007,1.584,-0.008,90.0,0.664,3.0,0.004,21.101,0.001,0.152,108.629,0.083,-0.5329999999999999
00:00:08.363,1572936691008,1.5830000000000002,-0.008,90.0,0.664,3.0,0.004,21.127,0.001,0.152,108.981,0.081,-0.5329999999999999
00:00:08.411,1572936691056,1.5830000000000002,-0.008,90.0,0.664,3.0,0.004,21.156,0.001,0.152,109.355,0.079,-0.5329999999999999
00:00:08.412,1572936691057,1.582,-0.008,90.0,0.664,3.0,0.004,21.182,0.0,0.152,109.708,0.078,-0.5329999999999999
00:00:08.413,1572936691058,1.582,-0.008,90.0,0.664,3.0,0.004,21.207,0.0,0.152,110.039,0.076,-0.5329999999999999
00:00:08.467,1572936691112,1.581,-0.009000000000000001,90.0,0.664,3.0,0.004,21.235,0.0,0.152,110.415,0.07400000000000001,-0.5329999999999999
00:00:08.468,1572936691113,1.58,-0.009000000000000001,90.0,0.664,3.0,0.004,21.261,0.0,0.152,110.769,0.073,-0.5329999999999999
00:00:08.469,1572936691114,1.58,-0.009000000000000001,90.0,0.664,3.0,0.004,21.287,0.0,0.153,111.124,0.071,-0.5329999999999999
00:00:08.470,1572936691115,1.579,-0.009000000000000001,90.0,0.664,3.0,0.004,21.314,0.0,0.153,111.479,0.069,-0.5329999999999999
00:00:08.517,1572936691162,1.579,-0.01,90.0,0.664,3.0,0.004,21.338,0.0,0.153,111.812,0.067,-0.5329999999999999
00:00:08.518,1572936691163,1.578,-0.01,90.0,0.664,3.0,0.004,21.366,0.0,0.153,112.19,0.066,-0.5329999999999999
00:00:08.519,1572936691164,1.578,-0.01,90.0,0.664,3.0,0.004,21.392,0.0,0.153,112.547,0.064,-0.5329999999999999
00:00:08.568,1572936691213,1.577,-0.01,90.0,0.664,3.0,0.004,21.419,0.0,0.153,112.903,0.062,-0.5329999999999999
00:00:08.569,1572936691214,1.577,-0.011,90.0,0.664,3.0,0.004,21.443,0.0,0.153,113.238,0.06,-0.5329999999999999
00:00:08.570,1572936691215,1.5759999999999998,-0.011,90.0,0.664,3.0,0.004,21.471,0.0,0.153,113.618,0.058,-0.5329999999999999
00:00:08.618,1572936691263,1.5759999999999998,-0.011,90.0,0.664,3.0,0.004,21.497,0.0,0.154,113.976,0.057,-0.5329999999999999
00:00:08.619,1572936691264,1.575,-0.011,90.0,0.664,3.0,0.004,21.524,0.001,0.154,114.335,0.055,-0.5329999999999999
00:00:08.620,1572936691265,1.574,-0.012,90.0,0.664,3.0,0.004,21.55,0.001,0.154,114.694,0.053,-0.5329999999999999
00:00:08.668,1572936691313,1.574,-0.012,90.0,0.664,3.0,0.004,21.576,0.001,0.154,115.053,0.051,-0.5329999999999999
00:00:08.669,1572936691314,1.5730000000000002,-0.012,90.0,0.664,3.0,0.004,21.602,0.001,0.154,115.413,0.05,-0.5329999999999999
00:00:08.670,1572936691315,1.5730000000000002,-0.012,90.0,0.664,3.0,0.004,21.629,0.001,0.154,115.773,0.048,-0.5329999999999999
00:00:08.729,1572936691374,1.5719999999999998,-0.012,69.98,0.664,3.0,0.004,21.655,0.001,0.154,116.134,0.046,-0.5329999999999999
00:00:08.730,1572936691375,1.571,-0.013,69.98,0.664,3.0,0.004,21.681,0.001,0.154,116.495,0.044,-0.5329999999999999
00:00:08.731,1572936691376,1.5659999999999998,-0.013,69.98,0.664,3.0,0.004,21.707,0.001,0.154,116.857,0.042,-0.5329999999999999
00:00:08.779,1572936691424,1.555,-0.013,69.98,0.664,3.0,0.004,21.733,0.001,0.155,117.219,0.04,-0.5329999999999999
00:00:08.780,1572936691425,1.547,-0.013,69.98,0.664,3.0,0.004,21.749,0.001,0.154,117.445,0.039,-0.5329999999999999
00:00:08.781,1572936691426,1.538,-0.013,69.98,0.664,3.0,0.004,21.773000000000003,0.001,0.154,117.785,0.038,-0.5329999999999999
00:00:08.831,1572936691476,1.533,-0.014,69.98,0.664,3.0,0.004,21.798,0.001,0.154,118.148,0.036000000000000004,-0.5329999999999999
00:00:08.832,1572936691477,1.5319999999999998,-0.014,50.13,0.664,3.0,0.004,21.824,0.001,0.154,118.512,0.034,-0.5329999999999999
00:00:08.833,1572936691478,1.5219999999999998,-0.014,50.13,0.664,3.0,0.004,21.849,0.001,0.154,118.876,0.032,-0.5329999999999999
00:00:08.882,1572936691527,1.487,-0.014,50.13,0.664,3.0,0.004,21.873,0.001,0.154,119.24,0.03,-0.5329999999999999
00:00:08.883,1572936691528,1.4369999999999998,-0.014,50.13,0.664,3.0,0.004,21.896,0.001,0.153,119.605,0.028,-0.5329999999999999
00:00:08.884,1572936691529,1.393,-0.015,50.13,0.664,3.0,0.004,21.919,0.001,0.152,119.97,0.026,-0.5329999999999999
00:00:08.933,1572936691578,1.369,-0.015,50.13,0.664,3.0,0.004,21.941,0.001,0.151,120.335,0.025,-0.5329999999999999
00:00:08.934,1572936691579,1.364,-0.015,49.837,0.664,3.0,0.004,21.964,0.001,0.15,120.701,0.023,-0.5329999999999999
00:00:08.935,1572936691580,1.37,-0.015,49.837,0.664,3.0,0.004,21.987,0.001,0.149,121.068,0.021,-0.5329999999999999
00:00:08.983,1572936691628,1.379,-0.015,49.837,0.664,3.0,0.004,22.01,0.001,0.147,121.434,0.019,-0.5329999999999999
00:00:08.984,1572936691629,1.384,-0.015,49.837,0.664,3.0,0.004,22.033,0.001,0.146,121.801,0.017,-0.5329999999999999
00:00:08.985,1572936691630,1.385,-0.016,49.837,0.664,3.0,0.004,22.056,0.001,0.145,122.169,0.015,-0.5329999999999999
00:00:08.986,1572936691631,1.383,-0.016,49.837,0.664,3.0,0.005,22.079,0.001,0.14300000000000002,122.536,0.013,-0.5329999999999999
00:00:09.038,1572936691683,1.38,-0.016,38.118,0.664,3.0,0.005,22.102,0.001,0.142,122.905,0.011,-0.5329999999999999
00:00:09.039,1572936691684,1.37,-0.016,38.118,0.664,3.0,0.005,22.125,0.001,0.141,123.273,0.009000000000000001,-0.5329999999999999
00:00:09.040,1572936691685,1.344,-0.017,38.118,0.664,3.0,0.005,22.147,0.001,0.139,123.642,0.006999999999999999,-0.5329999999999999
00:00:09.086,1572936691731,1.3090000000000002,-0.017,38.118,0.664,3.0,0.005,22.16800000000001,0.001,0.13699999999999998,124.011,0.005,-0.5329999999999999
00:00:09.087,1572936691732,1.277,-0.017,38.118,0.664,3.0,0.005,22.189,0.001,0.136,124.381,0.003,-0.5329999999999999
00:00:09.088,1572936691733,1.258,-0.017,38.118,0.664,3.0,0.005,22.21,0.001,0.134,124.751,0.002,-0.5329999999999999
00:00:09.137,1572936691782,1.254,-0.017,19.661,0.664,3.0,0.005,22.231,0.001,0.132,125.121,-0.001,-0.5329999999999999
00:00:09.138,1572936691783,1.246,-0.017,19.661,0.664,3.0,0.005,22.251,0.001,0.13,125.492,-0.003,-0.5329999999999999
00:00:09.139,1572936691784,1.183,-0.017,19.661,0.664,3.0,0.005,22.27,0.001,0.128,125.863,-0.004,-0.5329999999999999
00:00:09.188,1572936691833,1.068,-0.017,19.661,0.664,3.0,0.005,22.286,0.001,0.125,126.234,-0.006,-0.5329999999999999
00:00:09.189,1572936691834,0.942,-0.017,19.661,0.664,3.0,0.005,22.3,0.001,0.121,126.606,-0.008,-0.5329999999999999
00:00:09.190,1572936691835,0.841,-0.017,19.661,0.664,3.0,0.005,22.313,0.001,0.117,126.978,-0.01,-0.5329999999999999
00:00:09.243,1572936691888,0.772,-0.017,2.302,0.664,3.0,0.005,22.325,0.001,0.113,127.35,-0.012,-0.5329999999999999
00:00:09.244,1572936691889,0.685,-0.017,2.302,0.664,3.0,0.005,22.335,0.001,0.108,127.722,-0.014,-0.5329999999999999
00:00:09.245,1572936691890,0.444,-0.017,2.302,0.664,3.0,0.005,22.338,0.001,0.101,128.094,-0.016,-0.5329999999999999
00:00:09.293,1572936691938,0.107,-0.018000000000000002,2.302,0.664,3.0,0.005,22.335,0.001,0.093,128.466,-0.018000000000000002,-0.5329999999999999
00:00:09.294,1572936691939,-0.076,-0.018000000000000002,2.302,0.664,3.0,0.005,22.332,0.001,0.083,128.839,-0.02,-0.5329999999999999
00:00:09.295,1572936691940,-0.087,-0.018000000000000002,2.302,0.664,3.0,0.005,22.332,0.001,0.073,129.211,-0.023,-0.5329999999999999
00:00:09.343,1572936691988,-0.05,-0.018000000000000002,1.643,0.664,3.0,0.005,22.331,0.001,0.063,129.583,-0.025,-0.5329999999999999
00:00:09.344,1572936691989,-0.08800000000000001,-0.018000000000000002,1.643,0.664,3.0,0.005,22.329,0.001,0.052000000000000005,129.955,-0.027000000000000003,-0.532
00:00:09.345,1572936691990,-0.129,-0.018000000000000002,1.643,0.664,3.0,0.005,22.326,0.001,0.041,130.327,-0.029,-0.532
00:00:09.393,1572936692038,-0.136,-0.017,1.643,0.664,3.0,0.005,22.324,0.001,0.029,130.69899999999998,-0.031,-0.532
00:00:09.394,1572936692039,-0.153,-0.017,1.643,0.664,3.0,0.006,22.321,0.001,0.018000000000000002,131.071,-0.033,-0.532
00:00:09.395,1572936692040,-0.165,-0.017,1.643,0.664,3.0,0.006,22.318,0.001,0.006999999999999999,131.44299999999998,-0.035,-0.532
00:00:09.450,1572936692095,-0.175,-0.017,1.423,0.664,3.0,0.006,22.315,0.001,-0.005,131.815,-0.037000000000000005,-0.532
00:00:09.451,1572936692096,-0.187,-0.017,1.423,0.664,3.0,0.006,22.312,0.001,-0.016,132.187,-0.039,-0.532
00:00:09.452,1572936692097,-0.198,-0.017,1.423,0.664,3.0,0.006,22.309,0.001,-0.026,132.559,-0.041,-0.532
00:00:09.453,1572936692098,-0.206,-0.016,1.423,0.664,3.0,0.006,22.305,0.001,-0.037000000000000005,132.931,-0.043,-0.532
00:00:09.500,1572936692145,-0.213,-0.016,1.423,0.664,3.0,0.006,22.301,0.001,-0.047,133.303,-0.045,-0.532
00:00:09.501,1572936692146,-0.218,-0.016,1.423,0.664,3.0,0.006,22.298,0.001,-0.056,133.674,-0.047,-0.532
00:00:09.502,1572936692147,-0.222,-0.016,2.448,0.664,3.0,0.006,22.294,0.001,-0.065,134.046,-0.049,-0.532
00:00:09.554,1572936692199,-0.212,-0.016,2.448,0.664,3.0,0.006,22.291,0.001,-0.073,134.417,-0.051,-0.531
00:00:09.555,1572936692200,-0.201,-0.016,2.448,0.664,3.0,0.006,22.287,0.001,-0.081,134.789,-0.053,-0.531
00:00:09.556,1572936692201,-0.2,-0.016,2.448,0.664,3.0,0.006,22.284,0.001,-0.08800000000000001,135.16,-0.056,-0.531
00:00:09.605,1572936692250,-0.202,-0.016,2.448,0.664,3.0,0.006,22.28,0.001,-0.094,135.532,-0.058,-0.531
00:00:09.606,1572936692251,-0.205,-0.015,2.448,0.664,3.0,0.006,22.277,0.001,-0.099,135.903,-0.06,-0.531
00:00:09.607,1572936692252,-0.208,-0.015,3.108,0.664,3.0,0.006,22.273000000000003,0.001,-0.104,136.274,-0.062,-0.532
00:00:09.656,1572936692301,-0.206,-0.015,3.108,0.664,3.0,0.006,22.27,0.001,-0.107,136.645,-0.064,-0.532
00:00:09.657,1572936692302,-0.198,-0.014,3.108,0.664,3.0,0.006,22.267,0.001,-0.11,137.017,-0.066,-0.532
00:00:09.658,1572936692303,-0.191,-0.014,3.108,0.664,3.0,0.006,22.264,0.001,-0.112,137.388,-0.068,-0.532
00:00:09.706,1572936692351,-0.193,-0.013,3.108,0.664,3.0,0.006,22.261,0.001,-0.113,137.759,-0.07,-0.532
00:00:09.707,1572936692352,-0.196,-0.013,3.108,0.664,3.0,0.005,22.257,0.001,-0.114,138.13,-0.07200000000000001,-0.532
00:00:09.708,1572936692353,-0.198,-0.012,3.108,0.664,3.0,0.005,22.254,0.001,-0.113,138.501,-0.075,-0.532
00:00:09.756,1572936692401,-0.2,-0.012,3.108,0.664,3.0,0.005,22.251,0.001,-0.112,138.871,-0.077,-0.5329999999999999
00:00:09.761,1572936692406,-0.202,-0.012,3.108,0.664,3.0,0.005,22.247,0.001,-0.111,139.24200000000002,-0.079,-0.5329999999999999
00:00:09.762,1572936692407,-0.203,-0.012,3.108,0.664,3.0,0.005,22.244,0.001,-0.109,139.59,-0.081,-0.5329999999999999
00:00:09.807,1572936692452,-0.204,-0.012,3.108,0.664,3.0,0.005,22.241,0.001,-0.107,139.961,-0.083,-0.5329999999999999
00:00:09.808,1572936692453,-0.206,-0.012,3.108,0.664,3.0,0.005,22.237,0.001,-0.105,140.33100000000002,-0.085,-0.5329999999999999
00:00:09.809,1572936692454,-0.207,-0.012,4.646,0.664,3.0,0.005,22.234,0.001,-0.102,140.702,-0.087,-0.534
00:00:09.861,1572936692506,-0.206,-0.012,4.646,0.664,3.0,0.005,22.23,0.001,-0.099,141.072,-0.08900000000000001,-0.534
00:00:09.862,1572936692507,-0.201,-0.012,4.646,0.664,3.0,0.005,22.227,0.001,-0.097,141.44299999999996,-0.092,-0.534
00:00:09.863,1572936692508,-0.194,-0.012,4.646,0.664,3.0,0.005,22.224,0.001,-0.094,141.813,-0.094,-0.534
00:00:09.906,1572936692551,-0.185,-0.012,4.646,0.664,3.0,0.005,22.221,0.001,-0.091,142.184,-0.096,-0.534
00:00:09.907,1572936692552,-0.17800000000000002,-0.012,4.646,0.664,3.0,0.005,22.218000000000004,0.001,-0.08800000000000001,142.554,-0.098,-0.534
00:00:09.908,1572936692553,-0.172,-0.013,24.641,1.128,3.0,0.005,22.215,0.001,-0.085,142.924,-0.1,-0.535
00:00:09.957,1572936692602,-0.14800000000000002,-0.013,24.641,1.128,3.0,0.005,22.214,0.001,-0.08199999999999999,143.29399999999995,-0.102,-0.535
00:00:09.958,1572936692603,-0.055,-0.013,24.641,1.128,3.0,0.005,22.214,0.001,-0.079,143.665,-0.104,-0.535
00:00:09.959,1572936692604,0.096,-0.013,24.641,1.128,3.0,0.005,22.218000000000004,0.001,-0.07400000000000001,144.035,-0.107,-0.535
00:00:10.009,1572936692654,0.262,-0.013,24.641,1.128,3.0,0.005,22.225,0.001,-0.069,144.405,-0.109,-0.535
00:00:10.010,1572936692655,0.403,-0.012,24.641,1.128,3.0,0.005,22.233,0.001,-0.063,144.776,-0.111,-0.535
00:00:10.011,1572936692656,0.501,-0.012,36.507,0.664,3.0,0.005,22.243,0.001,-0.055,145.14600000000004,-0.113,-0.535
00:00:10.059,1572936692704,0.562,-0.012,36.507,0.664,3.0,0.005,22.253,0.001,-0.047,145.517,-0.115,-0.535
00:00:10.060,1572936692705,0.596,-0.012,36.507,0.664,3.0,0.005,22.263,0.001,-0.038,145.888,-0.118,-0.535
00:00:10.061,1572936692706,0.611,-0.013,36.507,0.664,3.0,0.005,22.274,0.001,-0.028,146.259,-0.12,-0.535
00:00:10.109,1572936692754,0.615,-0.013,36.507,0.664,3.0,0.005,22.284,0.001,-0.018000000000000002,146.631,-0.122,-0.535
00:00:10.110,1572936692755,0.615,-0.013,36.507,0.664,3.0,0.005,22.294,0.001,-0.008,147.002,-0.124,-0.534
00:00:10.111,1572936692756,0.615,-0.013,36.287,0.664,3.0,0.005,22.304,0.001,0.002,147.374,-0.126,-0.534
00:00:10.163,1572936692808,0.616,-0.013,36.287,0.664,3.0,0.005,22.315,0.001,0.012,147.745,-0.129,-0.534
00:00:10.164,1572936692809,0.619,-0.013,36.287,0.664,3.0,0.005,22.325,0.001,0.021,148.11700000000005,-0.131,-0.534
00:00:10.165,1572936692810,0.623,-0.013,36.287,0.664,3.0,0.005,22.335,0.001,0.03,148.49,-0.133,-0.534
00:00:10.218,1572936692863,0.629,-0.013,36.287,0.664,3.0,0.005,22.346,0.001,0.039,148.862,-0.135,-0.534
00:00:10.219,1572936692864,0.636,-0.013,36.287,0.664,3.0,0.005,22.357,0.001,0.047,149.234,-0.138,-0.5329999999999999
00:00:10.220,1572936692865,0.644,-0.013,35.628,0.664,3.0,0.005,22.367,0.001,0.054000000000000006,149.607,-0.14,-0.5329999999999999
00:00:10.221,1572936692866,0.6509999999999999,-0.013,35.628,0.664,3.0,0.005,22.378,0.001,0.06,149.98,-0.142,-0.5329999999999999
00:00:10.269,1572936692914,0.6579999999999999,-0.013,35.628,0.664,3.0,0.005,22.389,0.001,0.066,150.35299999999995,-0.14400000000000002,-0.5329999999999999
00:00:10.270,1572936692915,0.6629999999999999,-0.013,35.628,0.664,3.0,0.005,22.401,0.001,0.071,150.726,-0.147,-0.5329999999999999
00:00:10.271,1572936692916,0.669,-0.013,35.628,0.664,3.0,0.005,22.412,0.001,0.075,151.1,-0.149,-0.5329999999999999
00:00:10.319,1572936692964,0.6729999999999999,-0.012,35.628,0.664,3.0,0.005,22.423,0.001,0.078,151.47299999999996,-0.151,-0.5329999999999999
00:00:10.320,1572936692965,0.677,-0.012,35.335,0.664,3.0,0.005,22.434,0.001,0.08,151.847,-0.153,-0.5329999999999999
00:00:10.321,1572936692966,0.68,-0.012,35.335,0.664,3.0,0.005,22.446,0.001,0.08199999999999999,152.221,-0.156,-0.5329999999999999
00:00:10.372,1572936693017,0.6809999999999999,-0.012,35.335,0.664,3.0,0.005,22.457,0.001,0.083,152.595,-0.158,-0.532
00:00:10.373,1572936693018,0.682,-0.012,35.335,0.664,3.0,0.005,22.468000000000004,0.001,0.083,152.97,-0.16,-0.532
00:00:10.374,1572936693019,0.6829999999999999,-0.012,35.335,0.664,3.0,0.005,22.48,0.001,0.08199999999999999,153.344,-0.162,-0.532
00:00:10.430,1572936693075,0.687,-0.012,35.335,0.664,3.0,0.005,22.491,0.001,0.081,153.719,-0.165,-0.532
00:00:10.431,1572936693076,0.693,-0.012,35.482,0.664,3.0,0.005,22.503,0.001,0.08,154.094,-0.16699999999999998,-0.5329999999999999
00:00:10.432,1572936693077,0.6990000000000001,-0.012,35.482,0.664,3.0,0.005,22.515,0.001,0.078,154.469,-0.16899999999999998,-0.5329999999999999
00:00:10.481,1572936693126,0.705,-0.013,35.482,0.664,3.0,0.005,22.527,0.001,0.076,154.844,-0.172,-0.5329999999999999
00:00:10.482,1572936693127,0.711,-0.013,35.482,0.664,3.0,0.005,22.538,0.001,0.07400000000000001,155.22,-0.174,-0.5329999999999999
00:00:10.483,1572936693128,0.716,-0.013,35.482,0.664,3.0,0.005,22.55,0.001,0.07200000000000001,155.596,-0.17600000000000002,-0.5329999999999999
00:00:10.533,1572936693178,0.721,-0.013,35.482,0.664,3.0,0.005,22.563,0.001,0.069,155.972,-0.179,-0.5329999999999999
00:00:10.534,1572936693179,0.725,-0.013,35.482,0.664,3.0,0.005,22.575,0.001,0.067,156.34799999999996,-0.181,-0.5329999999999999
00:00:10.535,1572936693180,0.728,-0.013,35.482,0.664,3.0,0.005,22.587,0.001,0.065,156.724,-0.183,-0.5329999999999999
00:00:10.536,1572936693181,0.731,-0.013,35.482,0.664,3.0,0.005,22.599,0.001,0.064,157.101,-0.18600000000000005,-0.5329999999999999
00:00:10.584,1572936693229,0.7340000000000001,-0.013,35.482,0.664,3.0,0.005,22.611,0.001,0.062,157.477,-0.188,-0.5329999999999999
00:00:10.585,1572936693230,0.737,-0.014,35.482,0.664,3.0,0.005,22.624,0.001,0.06,157.85399999999996,-0.19,-0.5329999999999999
00:00:10.586,1572936693231,0.74,-0.014,35.482,0.664,3.0,0.005,22.636,0.001,0.059,158.232,-0.193,-0.5329999999999999
00:00:10.635,1572936693280,0.742,-0.014,35.482,0.664,3.0,0.005,22.648000000000003,0.001,0.057,158.609,-0.195,-0.5329999999999999
00:00:10.636,1572936693281,0.745,-0.014,35.482,0.664,3.0,0.005,22.661,0.001,0.056,158.987,-0.197,-0.5329999999999999
00:00:10.637,1572936693282,0.747,-0.014,35.482,0.664,3.0,0.005,22.673,0.001,0.055,159.364,-0.2,-0.5329999999999999
00:00:10.687,1572936693332,0.7490000000000001,-0.014,35.482,0.664,3.0,0.005,22.686,0.001,0.054000000000000006,159.74200000000005,-0.202,-0.5329999999999999
00:00:10.688,1572936693333,0.75,-0.014,35.482,0.664,3.0,0.005,22.698,0.001,0.053,160.12,-0.204,-0.5329999999999999
00:00:10.689,1572936693334,0.752,-0.014,35.482,0.664,3.0,0.005,22.711,0.001,0.052000000000000005,160.499,-0.207,-0.5329999999999999
00:00:10.738,1572936693383,0.753,-0.014,35.482,0.664,3.0,0.005,22.724,0.001,0.051,160.877,-0.209,-0.5329999999999999
00:00:10.739,1572936693384,0.755,-0.014,35.482,0.664,3.0,0.005,22.736,0.001,0.05,161.256,-0.212,-0.5329999999999999
00:00:10.740,1572936693385,0.7559999999999999,-0.014,35.482,0.664,3.0,0.005,22.749,0.001,0.05,161.635,-0.214,-0.5329999999999999
00:00:10.788,1572936693433,0.757,-0.014,35.482,0.664,3.0,0.005,22.761,0.001,0.049,162.015,-0.21600000000000005,-0.5329999999999999
00:00:10.789,1572936693434,0.758,-0.014,35.482,0.664,3.0,0.005,22.774,0.001,0.049,162.394,-0.219,-0.5329999999999999
00:00:10.790,1572936693435,0.759,-0.014,35.482,0.664,3.0,0.005,22.787,0.001,0.048,162.774,-0.221,-0.5329999999999999
00:00:10.838,1572936693483,0.76,-0.014,35.482,0.664,3.0,0.005,22.799,0.001,0.048,163.154,-0.224,-0.5329999999999999
00:00:10.839,1572936693484,0.7609999999999999,-0.014,35.482,0.664,3.0,0.005,22.812,0.001,0.048,163.534,-0.226,-0.5329999999999999
00:00:10.840,1572936693485,0.762,-0.014,35.482,0.664,3.0,0.005,22.825,0.001,0.048,163.91400000000004,-0.228,-0.5329999999999999
00:00:10.890,1572936693535,0.762,-0.014,35.482,0.664,3.0,0.005,22.838,0.001,0.048,164.294,-0.231,-0.5329999999999999
00:00:10.891,1572936693536,0.763,-0.014,35.482,0.664,3.0,0.005,22.85,0.001,0.048,164.675,-0.233,-0.5329999999999999
00:00:10.892,1572936693537,0.764,-0.014,35.482,0.664,3.0,0.005,22.863000000000003,0.001,0.048,165.05599999999995,-0.236,-0.5329999999999999
00:00:10.940,1572936693585,0.764,-0.014,35.482,0.664,3.0,0.005,22.876,0.001,0.048,165.437,-0.238,-0.5329999999999999
00:00:10.941,1572936693586,0.765,-0.014,35.482,0.664,3.0,0.005,22.888,0.001,0.048,165.81900000000005,-0.241,-0.534
00:00:10.942,1572936693587,0.765,-0.014,35.482,0.664,3.0,0.005,22.901,0.001,0.049,166.2,-0.243,-0.534
00:00:10.990,1572936693635,0.7659999999999999,-0.014,35.482,0.664,3.0,0.005,22.914,0.001,0.049,166.582,-0.246,-0.534
00:00:10.991,1572936693636,0.7659999999999999,-0.014,35.482,0.664,3.0,0.005,22.927,0.001,0.049,166.96400000000003,-0.248,-0.534
00:00:10.992,1572936693637,0.7659999999999999,-0.012,35.482,0.664,3.0,0.005,22.94,0.002,0.05,167.34599999999998,-0.251,-0.534
00:00:11.041,1572936693686,0.767,-0.01,35.482,0.664,3.0,0.005,22.952,0.002,0.05,167.729,-0.253,-0.534
00:00:11.042,1572936693687,0.767,-0.008,35.482,0.664,3.0,0.006,22.965,0.002,0.05,168.111,-0.256,-0.534
00:00:11.043,1572936693688,0.767,-0.004,35.482,0.664,3.0,0.006,22.978,0.002,0.051,168.49400000000003,-0.258,-0.534
00:00:11.093,1572936693738,0.767,0.0,35.482,0.664,3.0,0.006,22.991,0.002,0.051,168.877,-0.26,-0.534
00:00:11.094,1572936693739,0.767,0.004,35.482,0.664,3.0,0.006,23.003,0.002,0.052000000000000005,169.26,-0.263,-0.534
00:00:11.095,1572936693740,0.768,0.01,35.482,0.664,3.0,0.006,23.016,0.002,0.052000000000000005,169.644,-0.265,-0.534
00:00:11.144,1572936693789,0.768,0.015,35.482,0.664,3.0,0.006,23.029,0.003,0.052000000000000005,170.028,-0.268,-0.534
00:00:11.145,1572936693790,0.768,0.022,35.482,0.664,3.0,0.006,23.042,0.003,0.053,170.412,-0.27,-0.534
00:00:11.146,1572936693791,0.768,0.028,35.482,0.664,3.0,0.006,23.055,0.003,0.053,170.796,-0.273,-0.534
00:00:11.194,1572936693839,0.768,0.034,35.482,0.664,3.0,0.005,23.067,0.003,0.053,171.18,-0.275,-0.534
00:00:11.195,1572936693840,0.768,0.039,35.482,0.664,3.0,0.005,23.08,0.003,0.054000000000000006,171.565,-0.278,-0.534
00:00:11.196,1572936693841,0.768,0.044,35.482,0.664,3.0,0.004,23.093000000000004,0.003,0.054000000000000006,171.949,-0.28,-0.534
00:00:11.244,1572936693889,0.768,0.049,35.482,0.664,3.0,0.003,23.106,0.003,0.054000000000000006,172.334,-0.28300000000000003,-0.534
00:00:11.245,1572936693890,0.768,0.052000000000000005,35.482,0.664,3.0,0.002,23.119,0.002,0.055,172.72,-0.285,-0.534
00:00:11.246,1572936693891,0.768,0.055,35.482,0.664,3.0,0.001,23.131,0.002,0.055,173.105,-0.287,-0.534
00:00:11.294,1572936693939,0.768,0.057,35.482,0.664,3.0,0.0,23.144,0.001,0.055,173.491,-0.29,-0.534
00:00:11.295,1572936693940,0.768,0.059,35.482,0.664,3.0,-0.001,23.157,0.001,0.055,173.87599999999995,-0.292,-0.534
00:00:11.296,1572936693941,0.768,0.061,35.482,0.664,3.0,-0.002,23.17,0.0,0.055,174.262,-0.295,-0.534
00:00:11.344,1572936693989,0.768,0.063,35.482,0.664,3.0,-0.003,23.183000000000003,-0.001,0.055,174.649,-0.297,-0.534
00:00:11.345,1572936693990,0.767,0.065,35.482,0.664,3.0,-0.004,23.195,-0.002,0.056,175.011,-0.299,-0.534
00:00:11.346,1572936693991,0.767,0.068,35.482,0.664,3.0,-0.005,23.207,-0.002,0.056,175.398,-0.301,-0.534
00:00:11.394,1572936694039,0.767,0.071,35.482,0.664,3.0,-0.006,23.22,-0.003,0.055,175.785,-0.304,-0.534
00:00:11.395,1572936694040,0.767,0.07400000000000001,35.482,0.664,3.0,-0.006999999999999999,23.233,-0.004,0.055,176.172,-0.306,-0.534
00:00:11.396,1572936694041,0.767,0.078,35.482,0.664,3.0,-0.008,23.246,-0.005,0.055,176.55900000000003,-0.308,-0.534
00:00:11.446,1572936694091,0.767,0.081,34.456,0.664,3.0,-0.009000000000000001,23.259,-0.006,0.055,176.947,-0.31,-0.534
00:00:11.447,1572936694092,0.767,0.084,34.456,0.664,3.0,-0.009000000000000001,23.271,-0.006,0.055,177.334,-0.313,-0.534
00:00:11.448,1572936694093,0.765,0.087,34.456,0.664,3.0,-0.01,23.284,-0.006999999999999999,0.055,177.722,-0.315,-0.534
00:00:11.497,1572936694142,0.764,0.09,34.456,0.664,3.0,-0.011,23.297,-0.006999999999999999,0.055,178.11,-0.317,-0.534
00:00:11.498,1572936694143,0.762,0.092,34.456,0.664,3.0,-0.012,23.309,-0.008,0.055,178.49900000000005,-0.319,-0.534
00:00:11.499,1572936694144,0.76,0.094,34.456,0.664,3.0,-0.013,23.322,-0.008,0.054000000000000006,178.887,-0.321,-0.534
00:00:11.547,1572936694192,0.759,0.095,23.469,0.664,3.0,-0.014,23.335,-0.008,0.054000000000000006,179.27599999999995,-0.32299999999999995,-0.534
00:00:11.548,1572936694193,0.75,0.096,23.469,0.664,3.0,-0.015,23.347,-0.009000000000000001,0.054000000000000006,179.665,-0.325,-0.534
00:00:11.549,1572936694194,0.7120000000000001,0.096,23.469,0.664,3.0,-0.015,23.358,-0.009000000000000001,0.054000000000000006,180.054,-0.327,-0.534
00:00:11.598,1572936694243,0.64,0.096,23.469,0.664,3.0,-0.016,23.368,-0.009000000000000001,0.053,180.468,-0.329,-0.534
00:00:11.599,1572936694244,0.5760000000000001,0.095,23.469,0.664,3.0,-0.017,23.377,-0.009000000000000001,0.052000000000000005,180.833,-0.331,-0.534
00:00:11.600,1572936694245,0.534,0.094,23.469,0.664,3.0,-0.018000000000000002,23.385,-0.009000000000000001,0.05,181.223,-0.333,-0.534
00:00:11.648,1572936694293,0.524,0.093,13.142,0.664,3.0,-0.018000000000000002,23.394,-0.009000000000000001,0.049,181.613,-0.335,-0.534
00:00:11.649,1572936694294,0.512,0.092,13.142,0.664,3.0,-0.019,23.402,-0.009000000000000001,0.047,182.003,-0.337,-0.534
00:00:11.650,1572936694295,0.443,0.09,13.142,0.664,3.0,-0.02,23.409,-0.009000000000000001,0.044,182.417,-0.339,-0.534
00:00:11.698,1572936694343,0.349,0.08900000000000001,13.142,0.664,3.0,-0.02,23.413,-0.009000000000000001,0.042,182.783,-0.341,-0.534
00:00:11.699,1572936694344,0.253,0.087,13.142,0.664,3.0,-0.021,23.416,-0.009000000000000001,0.038,183.173,-0.343,-0.534
00:00:11.700,1572936694345,0.185,0.086,13.142,0.664,3.0,-0.021,23.41800000000001,-0.009000000000000001,0.034,183.564,-0.344,-0.534
00:00:11.748,1572936694393,0.149,0.084,5.4510000000000005,0.664,3.0,-0.022,23.42,-0.009000000000000001,0.029,183.978,-0.34600000000000003,-0.534
00:00:11.749,1572936694394,0.13,0.083,5.4510000000000005,0.664,3.0,-0.022,23.422,-0.008,0.025,184.344,-0.348,-0.534
00:00:11.750,1572936694395,0.093,0.081,5.4510000000000005,0.664,3.0,-0.022,23.423,-0.008,0.02,184.735,-0.35,-0.534
00:00:11.799,1572936694444,0.032,0.079,5.4510000000000005,0.664,3.0,-0.023,23.423,-0.008,0.014,185.149,-0.35100000000000003,-0.534
00:00:11.800,1572936694445,-0.028,0.078,5.4510000000000005,0.664,3.0,-0.023,23.421,-0.006999999999999999,0.008,185.54,-0.353,-0.534
00:00:11.801,1572936694446,-0.079,0.077,5.4510000000000005,0.664,3.0,-0.023,23.419,-0.006999999999999999,0.002,185.906,-0.355,-0.534
00:00:11.850,1572936694495,-0.118,0.076,2.595,1.128,3.0,-0.024,23.417,-0.006999999999999999,-0.005,186.296,-0.35600000000000004,-0.534
00:00:11.851,1572936694496,-0.16,0.075,2.595,1.128,3.0,-0.024,23.414,-0.006999999999999999,-0.012,186.686,-0.358,-0.5329999999999999
00:00:11.852,1572936694497,-0.21600000000000005,0.075,2.595,1.128,3.0,-0.024,23.409,-0.006,-0.019,187.076,-0.36,-0.5329999999999999
00:00:11.853,1572936694498,-0.237,0.07400000000000001,2.595,1.128,3.0,-0.024,23.405,-0.006,-0.026,187.467,-0.361,-0.5329999999999999
00:00:11.901,1572936694546,-0.235,0.07200000000000001,2.595,1.128,3.0,-0.024,23.402,-0.006,-0.033,187.832,-0.363,-0.5329999999999999
00:00:11.902,1572936694547,-0.241,0.071,2.595,1.128,3.0,-0.025,23.398000000000003,-0.005,-0.04,188.198,-0.364,-0.5329999999999999
00:00:11.903,1572936694548,-0.243,0.069,2.595,0.664,3.0,-0.025,23.394,-0.005,-0.047,188.588,-0.366,-0.5329999999999999
00:00:11.951,1572936694596,-0.241,0.068,2.595,0.664,3.0,-0.025,23.389,-0.005,-0.054000000000000006,189.002,-0.3670000000000001,-0.5329999999999999
00:00:11.952,1572936694597,-0.24,0.066,2.595,0.664,3.0,-0.025,23.386,-0.005,-0.06,189.367,-0.369,-0.5329999999999999
00:00:11.953,1572936694598,-0.24,0.065,2.595,0.664,3.0,-0.025,23.382,-0.005,-0.066,189.757,-0.37,-0.5329999999999999
00:00:12.001,1572936694646,-0.241,0.065,2.595,0.664,3.0,-0.025,23.378,-0.005,-0.07200000000000001,190.147,-0.3720000000000001,-0.5329999999999999
00:00:12.002,1572936694647,-0.242,0.064,2.595,0.664,3.0,-0.025,23.373,-0.005,-0.078,190.536,-0.373,-0.5329999999999999
00:00:12.003,1572936694648,-0.243,0.064,3.254,0.664,3.0,-0.025,23.369,-0.005,-0.083,190.926,-0.374,-0.5329999999999999
00:00:12.054,1572936694699,-0.238,0.063,3.254,0.664,3.0,-0.025,23.365,-0.005,-0.08800000000000001,191.34,-0.376,-0.5329999999999999
00:00:12.055,1572936694700,-0.23,0.062,3.254,0.664,3.0,-0.025,23.362,-0.005,-0.092,191.705,-0.377,-0.5329999999999999
00:00:12.056,1572936694701,-0.224,0.062,3.254,0.664,3.0,-0.025,23.358,-0.005,-0.096,192.118,-0.379,-0.5329999999999999
00:00:12.101,1572936694746,-0.224,0.062,3.254,0.664,3.0,-0.025,23.354,-0.005,-0.099,192.483,-0.38,-0.5329999999999999
00:00:12.102,1572936694747,-0.225,0.063,3.254,0.664,3.0,-0.025,23.351,-0.005,-0.101,192.873,-0.381,-0.5329999999999999
00:00:12.103,1572936694748,-0.226,0.063,6.1110000000000015,0.664,3.0,-0.025,23.347,-0.005,-0.104,193.262,-0.383,-0.5329999999999999
00:00:12.151,1572936694796,-0.225,0.064,6.1110000000000015,0.664,3.0,-0.025,23.343000000000004,-0.005,-0.105,193.675,-0.384,-0.5329999999999999
00:00:12.152,1572936694797,-0.21600000000000005,0.064,6.1110000000000015,0.664,3.0,-0.025,23.34,-0.005,-0.106,194.04,-0.385,-0.5329999999999999
00:00:12.153,1572936694798,-0.201,0.064,6.1110000000000015,0.664,3.0,-0.025,23.337,-0.005,-0.106,194.429,-0.386,-0.5329999999999999
00:00:12.203,1572936694848,-0.182,0.064,6.1110000000000015,0.664,3.0,-0.025,23.334,-0.005,-0.106,194.818,-0.388,-0.5329999999999999
00:00:12.204,1572936694849,-0.16399999999999998,0.065,6.1110000000000015,0.664,3.0,-0.024,23.331,-0.005,-0.106,195.231,-0.389,-0.5329999999999999
00:00:12.205,1572936694850,-0.15,0.065,6.2570000000000014,0.664,3.0,-0.024,23.329,-0.005,-0.104,195.595,-0.39,-0.534
00:00:12.265,1572936694910,-0.14,0.066,6.2570000000000014,0.664,3.0,-0.024,23.327,-0.005,-0.103,195.984,-0.391,-0.534
00:00:12.266,1572936694911,-0.133,0.066,6.2570000000000014,0.664,3.0,-0.024,23.325,-0.005,-0.101,196.373,-0.392,-0.534
00:00:12.267,1572936694912,-0.131,0.067,6.2570000000000014,0.664,3.0,-0.024,23.322,-0.005,-0.098,196.786,-0.394,-0.534
00:00:12.318,1572936694963,-0.13,0.067,6.2570000000000014,0.664,3.0,-0.024,23.32,-0.005,-0.096,197.15,-0.395,-0.534
00:00:12.319,1572936694964,-0.131,0.068,6.2570000000000014,0.664,3.0,-0.024,23.318,-0.005,-0.093,197.539,-0.396,-0.534
00:00:12.320,1572936694965,-0.132,0.069,6.2570000000000014,0.664,3.0,-0.024,23.316,-0.005,-0.091,197.928,-0.397,-0.534
00:00:12.368,1572936695013,-0.134,0.069,6.2570000000000014,0.664,3.0,-0.024,23.314,-0.005,-0.08800000000000001,198.341,-0.398,-0.534
00:00:12.369,1572936695014,-0.135,0.069,6.2570000000000014,0.664,3.0,-0.025,23.311,-0.005,-0.085,198.705,-0.399,-0.534
00:00:12.370,1572936695015,-0.136,0.07,6.2570000000000014,0.664,3.0,-0.025,23.309,-0.005,-0.08199999999999999,199.093,-0.4,-0.535
00:00:12.371,1572936695016,-0.13699999999999998,0.071,6.2570000000000014,0.664,3.0,-0.025,23.307,-0.005,-0.079,199.482,-0.401,-0.535
00:00:12.418,1572936695063,-0.13699999999999998,0.071,6.2570000000000014,0.664,3.0,-0.025,23.304,-0.005,-0.077,199.894,-0.402,-0.535
00:00:12.419,1572936695064,-0.13699999999999998,0.07200000000000001,6.2570000000000014,0.664,3.0,-0.025,23.302,-0.005,-0.07400000000000001,200.259,-0.403,-0.535
00:00:12.420,1572936695065,-0.138,0.073,6.2570000000000014,0.664,3.0,-0.025,23.3,-0.005,-0.07200000000000001,200.647,-0.404,-0.535
00:00:12.468,1572936695113,-0.138,0.073,6.2570000000000014,0.664,3.0,-0.025,23.298,-0.005,-0.07,201.035,-0.405,-0.535
00:00:12.469,1572936695114,-0.138,0.07400000000000001,6.2570000000000014,0.664,3.0,-0.025,23.295,-0.005,-0.068,201.448,-0.406,-0.535
00:00:12.470,1572936695115,-0.138,0.07400000000000001,6.2570000000000014,0.664,3.0,-0.025,23.29300000000001,-0.005,-0.066,201.836,-0.407,-0.535
00:00:12.518,1572936695163,-0.138,0.07400000000000001,6.2570000000000014,0.664,3.0,-0.025,23.291,-0.005,-0.065,202.2,-0.408,-0.535
00:00:12.519,1572936695164,-0.139,0.075,6.477,1.128,3.0,-0.025,23.288,-0.005,-0.063,202.588,-0.409,-0.535
00:00:12.520,1572936695165,-0.14400000000000002,0.075,6.477,1.128,3.0,-0.025,23.286,-0.005,-0.062,203.0,-0.409,-0.535
00:00:12.568,1572936695213,-0.147,0.075,6.477,1.128,3.0,-0.026,23.283,-0.005,-0.061,203.389,-0.41,-0.535
00:00:12.569,1572936695214,-0.14800000000000002,0.075,6.477,1.128,3.0,-0.026,23.281,-0.005,-0.061,203.752,-0.411,-0.535
00:00:12.570,1572936695215,-0.147,0.076,6.477,1.128,3.0,-0.026,23.278,-0.005,-0.06,204.165,-0.412,-0.535
00:00:12.620,1572936695265,-0.146,0.076,6.477,1.128,3.0,-0.026,23.276,-0.006,-0.06,204.553,-0.412,-0.535
00:00:12.621,1572936695266,-0.14400000000000002,0.076,6.2570000000000014,0.664,3.0,-0.026,23.274,-0.006,-0.06,204.94,-0.413,-0.535
00:00:12.622,1572936695267,-0.14,0.076,6.2570000000000014,0.664,3.0,-0.026,23.272,-0.006,-0.06,205.304,-0.414,-0.535
00:00:12.679,1572936695324,-0.136,0.076,6.2570000000000014,0.664,3.0,-0.026,23.269,-0.006,-0.061,205.692,-0.415,-0.535
00:00:12.680,1572936695325,-0.135,0.076,6.2570000000000014,0.664,3.0,-0.026,23.267,-0.006,-0.061,206.104,-0.415,-0.535
00:00:12.681,1572936695326,-0.13699999999999998,0.076,6.2570000000000014,0.664,3.0,-0.026,23.265,-0.006,-0.061,206.492,-0.416,-0.535
00:00:12.729,1572936695374,-0.138,0.077,6.2570000000000014,0.664,3.0,-0.026,23.262,-0.006,-0.062,206.855,-0.416,-0.535
00:00:12.730,1572936695375,-0.139,0.077,6.2570000000000014,0.664,3.0,-0.026,23.26,-0.006,-0.063,207.243,-0.417,-0.535
00:00:12.731,1572936695376,-0.14,0.077,6.2570000000000014,0.664,3.0,-0.027000000000000003,23.25800000000001,-0.006,-0.063,207.631,-0.418,-0.535
00:00:12.784,1572936695429,-0.14,0.077,6.2570000000000014,0.664,3.0,-0.027000000000000003,23.255,-0.006,-0.064,208.042,-0.418,-0.535
00:00:12.785,1572936695430,-0.14,0.077,6.2570000000000014,0.664,3.0,-0.027000000000000003,23.253,-0.006,-0.065,208.406,-0.419,-0.535
00:00:12.786,1572936695431,-0.14,0.077,6.2570000000000014,0.664,3.0,-0.027000000000000003,23.251,-0.006,-0.066,208.793,-0.419,-0.535
00:00:12.830,1572936695475,-0.14,0.077,6.2570000000000014,0.664,3.0,-0.027000000000000003,23.248,-0.006,-0.066,209.205,-0.42,-0.535
00:00:12.831,1572936695476,-0.14,0.077,6.2570000000000014,0.664,3.0,-0.027000000000000003,23.246,-0.006,-0.067,209.592,-0.42,-0.535
00:00:12.832,1572936695477,-0.139,0.076,6.2570000000000014,0.664,3.0,-0.027000000000000003,23.244,-0.006,-0.068,209.956,-0.421,-0.535
00:00:12.880,1572936695525,-0.139,0.076,6.2570000000000014,0.664,3.0,-0.027000000000000003,23.241,-0.006,-0.069,210.343,-0.421,-0.534
00:00:12.881,1572936695526,-0.139,0.076,6.2570000000000014,0.664,3.0,-0.027000000000000003,23.239,-0.006,-0.07,210.73,-0.421,-0.534
00:00:12.882,1572936695527,-0.139,0.076,6.2570000000000014,0.664,3.0,-0.027000000000000003,23.237,-0.006,-0.07,211.142,-0.422,-0.534
00:00:12.931,1572936695576,-0.139,0.076,6.2570000000000014,0.664,3.0,-0.027000000000000003,23.235,-0.006,-0.071,211.505,-0.422,-0.534
00:00:12.932,1572936695577,-0.139,0.076,6.2570000000000014,0.664,3.0,-0.027000000000000003,23.232,-0.006,-0.07200000000000001,211.892,-0.423,-0.534
00:00:12.933,1572936695578,-0.14,0.076,6.2570000000000014,0.664,3.0,-0.027000000000000003,23.23,-0.006,-0.07200000000000001,212.279,-0.423,-0.534
00:00:12.983,1572936695628,-0.14,0.076,6.2570000000000014,0.664,3.0,-0.027000000000000003,23.227,-0.006,-0.073,212.691,-0.423,-0.534
00:00:12.984,1572936695629,-0.14,0.075,6.2570000000000014,0.664,3.0,-0.027000000000000003,23.225,-0.006,-0.073,213.078,-0.423,-0.534
00:00:12.985,1572936695630,-0.14,0.075,6.2570000000000014,0.664,3.0,-0.027000000000000003,23.22300000000001,-0.006,-0.07400000000000001,213.441,-0.424,-0.534
00:00:12.986,1572936695631,-0.14,0.075,6.2570000000000014,0.664,3.0,-0.027000000000000003,23.221,-0.006,-0.07400000000000001,213.828,-0.424,-0.534
00:00:13.039,1572936695684,-0.14,0.075,6.2570000000000014,0.664,3.0,-0.027000000000000003,23.218000000000004,-0.006,-0.07400000000000001,214.239,-0.424,-0.534
00:00:13.040,1572936695685,-0.14,0.07400000000000001,6.2570000000000014,0.664,3.0,-0.027000000000000003,23.216,-0.006,-0.07400000000000001,214.626,-0.424,-0.534
00:00:13.041,1572936695686,-0.139,0.07400000000000001,6.2570000000000014,0.664,3.0,-0.027000000000000003,23.213,-0.006,-0.07400000000000001,215.013,-0.425,-0.534
00:00:13.093,1572936695738,-0.139,0.073,6.2570000000000014,0.664,3.0,-0.027000000000000003,23.211,-0.006,-0.07400000000000001,215.4,-0.425,-0.534
00:00:13.094,1572936695739,-0.139,0.073,6.2570000000000014,0.664,3.0,-0.027000000000000003,23.209,-0.006,-0.07400000000000001,215.786,-0.425,-0.534
00:00:13.095,1572936695740,-0.139,0.073,6.2570000000000014,0.664,3.0,-0.027000000000000003,23.206,-0.006,-0.07400000000000001,216.173,-0.425,-0.534
00:00:13.143,1572936695788,-0.139,0.07200000000000001,6.2570000000000014,0.664,3.0,-0.027000000000000003,23.204,-0.006,-0.07400000000000001,216.56,-0.425,-0.534
00:00:13.144,1572936695789,-0.139,0.07200000000000001,6.2570000000000014,0.664,3.0,-0.027000000000000003,23.202,-0.006,-0.07400000000000001,216.947,-0.425,-0.534
00:00:13.145,1572936695790,-0.139,0.071,6.2570000000000014,0.664,3.0,-0.027000000000000003,23.2,-0.006,-0.07400000000000001,217.333,-0.425,-0.535
00:00:13.193,1572936695838,-0.139,0.071,6.2570000000000014,0.664,3.0,-0.027000000000000003,23.197,-0.006,-0.073,217.72,-0.425,-0.535
00:00:13.194,1572936695839,-0.139,0.071,6.2570000000000014,0.664,3.0,-0.027000000000000003,23.195,-0.006,-0.073,218.107,-0.425,-0.535
00:00:13.195,1572936695840,-0.139,0.071,6.2570000000000014,0.664,3.0,-0.027000000000000003,23.193,-0.006,-0.073,218.493,-0.425,-0.535
00:00:13.243,1572936695888,-0.139,0.07,6.2570000000000014,0.664,3.0,-0.027000000000000003,23.19,-0.006,-0.07200000000000001,218.88,-0.425,-0.535
00:00:13.244,1572936695889,-0.139,0.07,6.2570000000000014,0.664,3.0,-0.027000000000000003,23.188,-0.005,-0.07200000000000001,219.242,-0.425,-0.535
00:00:13.245,1572936695890,-0.139,0.07,6.2570000000000014,0.664,3.0,-0.027000000000000003,23.186,-0.005,-0.07200000000000001,219.653,-0.425,-0.535
00:00:13.293,1572936695938,-0.139,0.07,6.2570000000000014,0.664,3.0,-0.027000000000000003,23.183000000000003,-0.005,-0.07200000000000001,220.039,-0.425,-0.535
00:00:13.294,1572936695939,-0.139,0.07,6.2570000000000014,0.664,3.0,-0.027000000000000003,23.181,-0.005,-0.071,220.425,-0.425,-0.535
00:00:13.295,1572936695940,-0.139,0.07,6.2570000000000014,0.664,3.0,-0.027000000000000003,23.179,-0.005,-0.071,220.812,-0.425,-0.535
00:00:13.344,1572936695989,-0.139,0.07,6.2570000000000014,0.664,3.0,-0.027000000000000003,23.176,-0.005,-0.071,221.198,-0.425,-0.535
00:00:13.345,1572936695990,-0.139,0.069,6.2570000000000014,0.664,3.0,-0.027000000000000003,23.174,-0.005,-0.07,221.584,-0.425,-0.535
00:00:13.346,1572936695991,-0.139,0.069,6.2570000000000014,0.664,3.0,-0.027000000000000003,23.172,-0.005,-0.07,221.971,-0.424,-0.535
00:00:13.396,1572936696041,-0.139,0.069,6.2570000000000014,0.664,3.0,-0.027000000000000003,23.169,-0.005,-0.07,222.357,-0.424,-0.535
00:00:13.397,1572936696042,-0.139,0.069,6.2570000000000014,0.664,3.0,-0.027000000000000003,23.167,-0.005,-0.07,222.743,-0.424,-0.535
00:00:13.398,1572936696043,-0.139,0.069,6.2570000000000014,0.664,3.0,-0.027000000000000003,23.165,-0.005,-0.07,223.129,-0.424,-0.535
00:00:13.450,1572936696095,-0.139,0.069,6.2570000000000014,0.664,3.0,-0.027000000000000003,23.162,-0.005,-0.069,223.515,-0.423,-0.535
00:00:13.451,1572936696096,-0.139,0.069,6.2570000000000014,0.664,3.0,-0.027000000000000003,23.16,-0.005,-0.069,223.901,-0.423,-0.535
00:00:13.452,1572936696097,-0.139,0.068,6.2570000000000014,0.664,3.0,-0.027000000000000003,23.158,-0.005,-0.069,224.287,-0.423,-0.535
00:00:13.497,1572936696142,-0.139,0.068,6.2570000000000014,0.664,3.0,-0.027000000000000003,23.156,-0.005,-0.069,224.673,-0.423,-0.535
00:00:13.498,1572936696143,-0.139,0.067,6.2570000000000014,0.664,3.0,-0.026,23.153,-0.005,-0.069,225.05900000000003,-0.422,-0.535
00:00:13.499,1572936696144,-0.138,0.067,6.2570000000000014,0.664,3.0,-0.026,23.151,-0.005,-0.069,225.445,-0.422,-0.535
00:00:13.547,1572936696192,-0.138,0.067,6.2570000000000014,0.664,3.0,-0.026,23.149,-0.005,-0.069,225.831,-0.422,-0.535
00:00:13.548,1572936696193,-0.138,0.067,6.2570000000000014,0.664,3.0,-0.026,23.146,-0.005,-0.069,226.216,-0.421,-0.535
00:00:13.549,1572936696194,-0.138,0.067,6.2570000000000014,0.664,3.0,-0.026,23.144,-0.005,-0.069,226.602,-0.421,-0.535
00:00:13.598,1572936696243,-0.138,0.068,6.2570000000000014,0.664,3.0,-0.026,23.142,-0.005,-0.069,226.988,-0.42,-0.535
00:00:13.599,1572936696244,-0.138,0.068,6.2570000000000014,0.664,3.0,-0.026,23.139,-0.005,-0.069,227.373,-0.42,-0.535
00:00:13.600,1572936696245,-0.138,0.068,6.2570000000000014,0.664,3.0,-0.026,23.137,-0.005,-0.069,227.759,-0.419,-0.535
00:00:13.649,1572936696294,-0.138,0.068,6.2570000000000014,0.664,3.0,-0.026,23.135,-0.005,-0.069,228.145,-0.419,-0.535
00:00:13.650,1572936696295,-0.138,0.068,6.2570000000000014,0.664,3.0,-0.026,23.13300000000001,-0.005,-0.069,228.53,-0.418,-0.535
00:00:13.651,1572936696296,-0.138,0.068,6.2570000000000014,0.664,3.0,-0.026,23.13,-0.005,-0.069,228.916,-0.418,-0.535
00:00:13.652,1572936696297,-0.138,0.067,6.2570000000000014,0.664,3.0,-0.026,23.128,-0.005,-0.069,229.301,-0.417,-0.535
00:00:13.701,1572936696346,-0.138,0.067,6.2570000000000014,0.664,3.0,-0.026,23.126,-0.005,-0.069,229.687,-0.417,-0.535
00:00:13.702,1572936696347,-0.138,0.067,6.2570000000000014,0.664,3.0,-0.026,23.123,-0.005,-0.07,230.072,-0.416,-0.535
00:00:13.703,1572936696348,-0.138,0.067,6.2570000000000014,0.664,3.0,-0.026,23.121,-0.005,-0.07,230.458,-0.416,-0.535
00:00:13.755,1572936696400,-0.138,0.067,6.2570000000000014,0.664,3.0,-0.026,23.119,-0.005,-0.07,230.843,-0.415,-0.535
00:00:13.756,1572936696401,-0.138,0.067,6.2570000000000014,0.664,3.0,-0.026,23.116,-0.005,-0.07,231.228,-0.414,-0.535
00:00:13.757,1572936696402,-0.138,0.067,6.2570000000000014,0.664,3.0,-0.026,23.114,-0.005,-0.07,231.613,-0.414,-0.535
00:00:13.806,1572936696451,-0.138,0.067,6.2570000000000014,0.664,3.0,-0.026,23.112,-0.005,-0.07,231.999,-0.413,-0.535
00:00:13.807,1572936696452,-0.138,0.067,6.2570000000000014,0.664,3.0,-0.026,23.11,-0.005,-0.07,232.384,-0.412,-0.535
00:00:13.808,1572936696453,-0.138,0.067,6.2570000000000014,0.664,3.0,-0.026,23.107,-0.005,-0.07,232.769,-0.412,-0.535
00:00:13.858,1572936696503,-0.138,0.067,6.2570000000000014,0.664,3.0,-0.026,23.105,-0.005,-0.07,233.154,-0.411,-0.535
00:00:13.859,1572936696504,-0.138,0.067,6.2570000000000014,0.664,3.0,-0.026,23.103,-0.005,-0.07,233.539,-0.41,-0.535
00:00:13.860,1572936696505,-0.138,0.067,6.2570000000000014,0.664,3.0,-0.026,23.1,-0.005,-0.07,233.924,-0.409,-0.535
00:00:13.903,1572936696548,-0.138,0.067,6.2570000000000014,0.664,3.0,-0.026,23.09800000000001,-0.005,-0.07,234.30900000000003,-0.409,-0.535
00:00:13.904,1572936696549,-0.138,0.067,6.2570000000000014,0.664,3.0,-0.026,23.096,-0.005,-0.07,234.694,-0.408,-0.535
00:00:13.905,1572936696550,-0.13699999999999998,0.067,6.2570000000000014,0.664,3.0,-0.025,23.093000000000004,-0.005,-0.07,235.079,-0.407,-0.535
00:00:13.953,1572936696598,-0.13699999999999998,0.067,6.2570000000000014,0.664,3.0,-0.025,23.091,-0.005,-0.07,235.46400000000003,-0.406,-0.535
00:00:13.954,1572936696599,-0.13699999999999998,0.067,6.2570000000000014,0.664,3.0,-0.025,23.089,-0.005,-0.07,235.849,-0.405,-0.535
00:00:13.955,1572936696600,-0.13699999999999998,0.067,6.2570000000000014,0.664,3.0,-0.025,23.087,-0.005,-0.07,236.233,-0.405,-0.535
00:00:14.003,1572936696648,-0.13699999999999998,0.067,6.2570000000000014,0.664,3.0,-0.025,23.084,-0.005,-0.07,236.618,-0.404,-0.535
00:00:14.004,1572936696649,-0.13699999999999998,0.067,6.2570000000000014,0.664,3.0,-0.025,23.082,-0.005,-0.07,237.003,-0.403,-0.535
00:00:14.005,1572936696650,-0.13699999999999998,0.067,6.2570000000000014,0.664,3.0,-0.025,23.08,-0.005,-0.07,237.388,-0.402,-0.535
00:00:14.054,1572936696699,-0.13699999999999998,0.067,6.2570000000000014,0.664,3.0,-0.025,23.077,-0.005,-0.07,237.772,-0.401,-0.535
00:00:14.055,1572936696700,-0.13699999999999998,0.066,6.2570000000000014,0.664,3.0,-0.025,23.075,-0.005,-0.07,238.157,-0.4,-0.535
00:00:14.056,1572936696701,-0.13699999999999998,0.065,6.2570000000000014,0.664,3.0,-0.025,23.073,-0.005,-0.07,238.541,-0.399,-0.535
00:00:14.106,1572936696751,-0.13699999999999998,0.064,6.2570000000000014,0.664,3.0,-0.025,23.071,-0.005,-0.07,238.926,-0.398,-0.535
00:00:14.107,1572936696752,-0.13699999999999998,0.063,6.2570000000000014,0.664,3.0,-0.025,23.06900000000001,-0.005,-0.07,239.262,-0.397,-0.535
00:00:14.108,1572936696753,-0.13699999999999998,0.062,6.2570000000000014,0.664,3.0,-0.025,23.067,-0.005,-0.07,239.599,-0.396,-0.535
00:00:14.157,1572936696802,-0.13699999999999998,0.061,6.2570000000000014,0.664,3.0,-0.025,23.064,-0.005,-0.07,239.959,-0.395,-0.535
00:00:14.158,1572936696803,-0.13699999999999998,0.06,6.2570000000000014,0.664,3.0,-0.025,23.062,-0.005,-0.07,240.344,-0.394,-0.535
00:00:14.159,1572936696804,-0.13699999999999998,0.058,6.2570000000000014,0.664,3.0,-0.025,23.06,-0.005,-0.07,240.728,-0.393,-0.535
00:00:14.214,1572936696859,-0.13699999999999998,0.058,6.2570000000000014,0.664,3.0,-0.025,23.058000000000003,-0.005,-0.07,241.112,-0.392,-0.535
00:00:14.215,1572936696860,-0.13699999999999998,0.057,6.2570000000000014,0.664,3.0,-0.025,23.055,-0.005,-0.07,241.497,-0.391,-0.535
00:00:14.216,1572936696861,-0.13699999999999998,0.057,6.2570000000000014,0.664,3.0,-0.025,23.053,-0.005,-0.07,241.881,-0.39,-0.535
00:00:14.264,1572936696909,-0.13699999999999998,0.056,6.2570000000000014,0.664,3.0,-0.025,23.051,-0.005,-0.069,242.265,-0.389,-0.535
00:00:14.265,1572936696910,-0.13699999999999998,0.056,6.2570000000000014,0.664,3.0,-0.024,23.049,-0.005,-0.069,242.649,-0.387,-0.535
00:00:14.266,1572936696911,-0.13699999999999998,0.056,6.2570000000000014,0.664,3.0,-0.024,23.046,-0.005,-0.069,243.033,-0.386,-0.535
00:00:14.314,1572936696959,-0.13699999999999998,0.055,6.2570000000000014,0.664,3.0,-0.024,23.044,-0.005,-0.069,243.417,-0.385,-0.535
00:00:14.315,1572936696960,-0.13699999999999998,0.055,6.2570000000000014,0.664,3.0,-0.024,23.042,-0.005,-0.069,243.801,-0.384,-0.535
00:00:14.316,1572936696961,-0.13699999999999998,0.054000000000000006,6.2570000000000014,0.664,3.0,-0.024,23.039,-0.005,-0.069,244.185,-0.383,-0.535
00:00:14.364,1572936697009,-0.136,0.053,6.2570000000000014,0.664,3.0,-0.024,23.037,-0.005,-0.069,244.569,-0.381,-0.535
00:00:14.365,1572936697010,-0.136,0.053,6.2570000000000014,0.664,3.0,-0.023,23.035,-0.004,-0.069,244.953,-0.38,-0.535
00:00:14.366,1572936697011,-0.136,0.052000000000000005,6.2570000000000014,0.664,3.0,-0.023,23.033,-0.004,-0.069,245.337,-0.379,-0.535
00:00:14.414,1572936697059,-0.136,0.051,6.2570000000000014,0.664,3.0,-0.023,23.03,-0.004,-0.069,245.721,-0.378,-0.535
00:00:14.415,1572936697060,-0.136,0.05,6.2570000000000014,0.664,3.0,-0.023,23.028,-0.004,-0.069,246.105,-0.376,-0.535
00:00:14.416,1572936697061,-0.136,0.049,6.2570000000000014,0.664,3.0,-0.023,23.026,-0.004,-0.069,246.489,-0.375,-0.535
00:00:14.467,1572936697112,-0.136,0.048,6.2570000000000014,0.664,3.0,-0.023,23.024,-0.004,-0.069,246.872,-0.374,-0.535
00:00:14.468,1572936697113,-0.136,0.048,6.2570000000000014,0.664,3.0,-0.022,23.021,-0.004,-0.069,247.256,-0.373,-0.535
00:00:14.469,1572936697114,-0.136,0.047,6.2570000000000014,0.664,3.0,-0.022,23.019,-0.004,-0.069,247.64,-0.371,-0.535
00:00:14.470,1572936697115,-0.136,0.047,6.2570000000000014,0.664,3.0,-0.022,23.017,-0.004,-0.069,248.023,-0.37,-0.535
00:00:14.518,1572936697163,-0.136,0.047,6.2570000000000014,0.664,3.0,-0.022,23.014,-0.004,-0.069,248.407,-0.368,-0.535
00:00:14.519,1572936697164,-0.136,0.046,6.2570000000000014,0.664,3.0,-0.022,23.012,-0.004,-0.069,248.791,-0.3670000000000001,-0.535
00:00:14.520,1572936697165,-0.136,0.046,6.2570000000000014,0.664,3.0,-0.021,23.01,-0.003,-0.069,249.174,-0.366,-0.535
00:00:14.574,1572936697219,-0.136,0.046,6.2570000000000014,0.664,3.0,-0.021,23.00800000000001,-0.003,-0.069,249.558,-0.364,-0.535
00:00:14.575,1572936697220,-0.136,0.046,6.2570000000000014,0.664,3.0,-0.021,23.005,-0.003,-0.069,249.941,-0.363,-0.535
00:00:14.576,1572936697221,-0.136,0.046,6.2570000000000014,0.664,3.0,-0.021,23.003,-0.003,-0.069,250.324,-0.361,-0.535
00:00:14.622,1572936697267,-0.136,0.045,6.2570000000000014,0.664,3.0,-0.021,23.001,-0.003,-0.069,250.708,-0.36,-0.535
00:00:14.623,1572936697268,-0.136,0.045,6.2570000000000014,1.128,3.0,-0.021,22.999,-0.003,-0.069,251.091,-0.359,-0.535
00:00:14.624,1572936697269,-0.14,0.044,6.2570000000000014,1.128,3.0,-0.02,22.996,-0.003,-0.069,251.474,-0.35700000000000004,-0.535
00:00:14.672,1572936697317,-0.14400000000000002,0.044,6.2570000000000014,1.128,3.0,-0.02,22.994,-0.003,-0.069,251.858,-0.35600000000000004,-0.535
00:00:14.673,1572936697318,-0.147,0.043,6.2570000000000014,1.128,3.0,-0.02,22.991,-0.003,-0.069,252.241,-0.354,-0.535
00:00:14.674,1572936697319,-0.14800000000000002,0.043,6.2570000000000014,1.128,3.0,-0.02,22.989,-0.003,-0.069,252.624,-0.353,-0.535
00:00:14.726,1572936697371,-0.14800000000000002,0.042,6.2570000000000014,1.128,3.0,-0.02,22.986,-0.003,-0.069,253.007,-0.35100000000000003,-0.535
00:00:14.727,1572936697372,-0.14800000000000002,0.042,6.477,1.128,3.0,-0.02,22.984,-0.003,-0.07,253.39,-0.35,-0.535
00:00:14.728,1572936697373,-0.14800000000000002,0.041,6.477,1.128,3.0,-0.02,22.981,-0.003,-0.07,253.773,-0.348,-0.535
00:00:14.776,1572936697421,-0.147,0.041,6.477,1.128,3.0,-0.019,22.979,-0.003,-0.07,254.156,-0.34700000000000003,-0.535
00:00:14.777,1572936697422,-0.146,0.041,6.477,1.128,3.0,-0.019,22.977,-0.003,-0.07,254.515,-0.345,-0.535
00:00:14.778,1572936697423,-0.14400000000000002,0.041,6.477,1.128,3.0,-0.019,22.974,-0.003,-0.07,254.874,-0.344,-0.535
00:00:14.831,1572936697476,-0.14300000000000002,0.042,6.477,1.128,3.0,-0.019,22.972,-0.003,-0.07,255.257,-0.342,-0.535
00:00:14.832,1572936697477,-0.141,0.042,6.2570000000000014,0.664,3.0,-0.019,22.97,-0.003,-0.07,255.64,-0.341,-0.535
00:00:14.833,1572936697478,-0.13699999999999998,0.042,6.2570000000000014,0.664,3.0,-0.019,22.968000000000004,-0.003,-0.07,256.023,-0.339,-0.535
00:00:14.879,1572936697524,-0.133,0.042,6.2570000000000014,0.664,3.0,-0.018000000000000002,22.965,-0.003,-0.07,256.406,-0.337,-0.535
00:00:14.880,1572936697525,-0.131,0.042,6.2570000000000014,0.664,3.0,-0.018000000000000002,22.963,-0.003,-0.07,256.788,-0.336,-0.535
00:00:14.881,1572936697526,-0.132,0.042,6.2570000000000014,0.664,3.0,-0.018000000000000002,22.961,-0.003,-0.07,257.171,-0.334,-0.535
00:00:14.928,1572936697573,-0.133,0.043,6.2570000000000014,0.664,3.0,-0.018000000000000002,22.959,-0.003,-0.07,257.55400000000003,-0.332,-0.535
00:00:14.929,1572936697574,-0.134,0.045,6.2570000000000014,0.664,3.0,-0.018000000000000002,22.957,-0.003,-0.07,257.936,-0.331,-0.535
00:00:14.930,1572936697575,-0.135,0.047,6.2570000000000014,0.664,3.0,-0.018000000000000002,22.954,-0.003,-0.07,258.319,-0.329,-0.535
00:00:14.978,1572936697623,-0.136,0.049,6.2570000000000014,0.664,3.0,-0.018000000000000002,22.952,-0.003,-0.07,258.701,-0.327,-0.535
00:00:14.979,1572936697624,-0.136,0.051,6.2570000000000014,0.664,3.0,-0.018000000000000002,22.95,-0.003,-0.07,259.084,-0.326,-0.535
00:00:14.980,1572936697625,-0.135,0.052000000000000005,6.2570000000000014,0.664,3.0,-0.017,22.948,-0.003,-0.07,259.466,-0.324,-0.535
00:00:15.028,1572936697673,-0.135,0.053,6.2570000000000014,0.664,3.0,-0.018000000000000002,22.945,-0.002,-0.07,259.849,-0.322,-0.535
00:00:15.029,1572936697674,-0.135,0.053,6.2570000000000014,0.664,3.0,-0.018000000000000002,22.943,-0.002,-0.069,260.231,-0.321,-0.535
00:00:15.030,1572936697675,-0.135,0.053,6.2570000000000014,0.664,3.0,-0.018000000000000002,22.941,-0.003,-0.069,260.61400000000003,-0.319,-0.535
00:00:15.078,1572936697723,-0.135,0.054000000000000006,6.2570000000000014,0.664,3.0,-0.018000000000000002,22.939,-0.003,-0.069,260.996,-0.317,-0.535
00:00:15.079,1572936697724,-0.135,0.054000000000000006,6.2570000000000014,0.664,3.0,-0.018000000000000002,22.936,-0.003,-0.069,261.378,-0.315,-0.535
00:00:15.080,1572936697725,-0.135,0.053,6.2570000000000014,0.664,3.0,-0.018000000000000002,22.934,-0.003,-0.069,261.76,-0.313,-0.535
00:00:15.129,1572936697774,-0.135,0.053,6.2570000000000014,0.664,3.0,-0.018000000000000002,22.932,-0.003,-0.069,262.143,-0.312,-0.535
00:00:15.130,1572936697775,-0.135,0.053,6.2570000000000014,0.664,3.0,-0.018000000000000002,22.93,-0.003,-0.069,262.525,-0.31,-0.535
00:00:15.131,1572936697776,-0.135,0.052000000000000005,6.2570000000000014,0.664,3.0,-0.018000000000000002,22.927,-0.003,-0.069,262.907,-0.308,-0.535
00:00:15.179,1572936697824,-0.135,0.052000000000000005,6.2570000000000014,0.664,3.0,-0.019,22.925,-0.004,-0.069,263.289,-0.306,-0.535
00:00:15.180,1572936697825,-0.134,0.051,6.2570000000000014,0.664,3.0,-0.019,22.923,-0.004,-0.069,263.671,-0.304,-0.535
00:00:15.181,1572936697826,-0.134,0.051,6.2570000000000014,0.664,3.0,-0.019,22.921,-0.004,-0.069,264.053,-0.302,-0.535
00:00:15.231,1572936697876,-0.134,0.05,6.2570000000000014,0.664,3.0,-0.019,22.91800000000001,-0.004,-0.069,264.435,-0.3,-0.535
00:00:15.232,1572936697877,-0.134,0.05,6.2570000000000014,0.664,3.0,-0.019,22.916,-0.004,-0.069,264.817,-0.299,-0.535
00:00:15.233,1572936697878,-0.134,0.049,6.2570000000000014,0.664,3.0,-0.019,22.914,-0.005,-0.069,265.199,-0.297,-0.535
00:00:15.282,1572936697927,-0.134,0.048,6.2570000000000014,0.664,3.0,-0.019,22.912,-0.005,-0.068,265.581,-0.295,-0.535
00:00:15.283,1572936697928,-0.134,0.046,6.2570000000000014,0.664,3.0,-0.019,22.909,-0.005,-0.068,265.963,-0.293,-0.535
00:00:15.284,1572936697929,-0.134,0.044,6.2570000000000014,0.664,3.0,-0.019,22.907,-0.005,-0.068,266.345,-0.29100000000000004,-0.535
00:00:15.332,1572936697977,-0.134,0.042,6.2570000000000014,0.664,3.0,-0.019,22.905,-0.005,-0.068,266.726,-0.289,-0.535
00:00:15.333,1572936697978,-0.134,0.039,6.477,1.128,3.0,-0.019,22.903,-0.005,-0.068,267.108,-0.287,-0.535
00:00:15.334,1572936697979,-0.13699999999999998,0.036000000000000004,6.477,1.128,3.0,-0.019,22.9,-0.005,-0.068,267.49,-0.285,-0.535
00:00:15.390,1572936698035,-0.142,0.033,6.477,1.128,3.0,-0.019,22.898000000000003,-0.005,-0.068,267.871,-0.28300000000000003,-0.535
00:00:15.391,1572936698036,-0.14300000000000002,0.031,6.477,1.128,3.0,-0.019,22.896,-0.005,-0.068,268.253,-0.281,-0.535
00:00:15.392,1572936698037,-0.142,0.028,6.477,1.128,3.0,-0.018000000000000002,22.893,-0.005,-0.068,268.635,-0.279,-0.535
00:00:15.393,1572936698038,-0.141,0.025,6.477,1.128,3.0,-0.018000000000000002,22.891,-0.005,-0.068,269.016,-0.277,-0.535
00:00:15.443,1572936698088,-0.14,0.023,6.2570000000000014,1.128,3.0,-0.018000000000000002,22.889,-0.005,-0.068,269.398,-0.275,-0.535
00:00:15.444,1572936698089,-0.139,0.021,6.2570000000000014,1.128,3.0,-0.017,22.886,-0.005,-0.068,269.779,-0.273,-0.535
00:00:15.445,1572936698090,-0.139,0.02,6.2570000000000014,1.128,3.0,-0.017,22.884,-0.004,-0.068,270.16,-0.271,-0.535
00:00:15.493,1572936698138,-0.14,0.018000000000000002,6.2570000000000014,1.128,3.0,-0.016,22.882,-0.004,-0.068,270.54200000000003,-0.269,-0.535
00:00:15.494,1572936698139,-0.142,0.017,6.2570000000000014,1.128,3.0,-0.016,22.879,-0.004,-0.069,270.923,-0.267,-0.535
00:00:15.495,1572936698140,-0.14400000000000002,0.016,6.2570000000000014,1.128,3.0,-0.015,22.877,-0.003,-0.069,271.30400000000003,-0.265,-0.535
00:00:15.545,1572936698190,-0.145,0.015,6.2570000000000014,0.664,3.0,-0.015,22.874,-0.003,-0.069,271.686,-0.262,-0.535
00:00:15.546,1572936698191,-0.14300000000000002,0.013,6.2570000000000014,0.664,3.0,-0.015,22.872,-0.003,-0.069,272.067,-0.26,-0.535
00:00:15.547,1572936698192,-0.139,0.012,6.2570000000000014,0.664,3.0,-0.014,22.87,-0.002,-0.069,272.448,-0.258,-0.535
00:00:15.599,1572936698244,-0.136,0.01,6.2570000000000014,0.664,3.0,-0.014,22.868,-0.002,-0.069,272.829,-0.256,-0.535
00:00:15.600,1572936698245,-0.135,0.009000000000000001,6.2570000000000014,0.664,3.0,-0.013,22.865,-0.001,-0.069,273.21,-0.254,-0.535
00:00:15.601,1572936698246,-0.134,0.006999999999999999,6.2570000000000014,0.664,3.0,-0.013,22.863000000000003,-0.001,-0.069,273.591,-0.252,-0.535
00:00:15.650,1572936698295,-0.134,0.006,6.477,0.664,3.0,-0.012,22.861,-0.001,-0.069,273.972,-0.25,-0.535
00:00:15.651,1572936698296,-0.133,0.005,6.477,0.664,3.0,-0.012,22.859,-0.001,-0.069,274.353,-0.248,-0.535
00:00:15.652,1572936698297,-0.133,0.003,6.477,0.664,3.0,-0.011,22.856,0.0,-0.069,274.73400000000004,-0.246,-0.535
00:00:15.653,1572936698298,-0.131,0.002,6.477,0.664,3.0,-0.011,22.854,0.0,-0.069,275.115,-0.244,-0.535
00:00:15.702,1572936698347,-0.129,0.0,6.477,0.664,3.0,-0.011,22.852,0.0,-0.069,275.496,-0.242,-0.535
00:00:15.703,1572936698348,-0.128,-0.002,6.477,0.664,3.0,-0.01,22.85,0.0,-0.069,275.877,-0.24,-0.535
00:00:15.704,1572936698349,-0.126,-0.003,6.2570000000000014,0.664,3.0,-0.01,22.84800000000001,0.0,-0.069,276.258,-0.238,-0.535
00:00:15.752,1572936698397,-0.126,-0.004,6.2570000000000014,0.664,3.0,-0.01,22.846,0.001,-0.069,276.639,-0.236,-0.535
00:00:15.753,1572936698398,-0.126,-0.004,6.2570000000000014,0.664,3.0,-0.009000000000000001,22.844,0.001,-0.069,277.019,-0.234,-0.535
00:00:15.754,1572936698399,-0.127,-0.005,6.2570000000000014,0.664,3.0,-0.009000000000000001,22.842,0.001,-0.069,277.4,-0.231,-0.535
00:00:15.806,1572936698451,-0.129,-0.004,6.2570000000000014,0.664,3.0,-0.008,22.839,0.001,-0.069,277.781,-0.229,-0.535
00:00:15.807,1572936698452,-0.131,-0.003,6.2570000000000014,0.664,3.0,-0.008,22.837,0.001,-0.069,278.161,-0.227,-0.535
00:00:15.808,1572936698453,-0.132,-0.003,6.2570000000000014,0.664,3.0,-0.008,22.835,0.001,-0.068,278.54200000000003,-0.225,-0.535
00:00:15.855,1572936698500,-0.133,-0.002,6.2570000000000014,0.664,3.0,-0.006999999999999999,22.833,0.001,-0.068,278.923,-0.223,-0.535
00:00:15.856,1572936698501,-0.133,-0.002,6.2570000000000014,0.664,3.0,-0.006999999999999999,22.831,0.001,-0.068,279.303,-0.221,-0.535
00:00:15.857,1572936698502,-0.133,-0.001,6.2570000000000014,0.664,3.0,-0.006,22.82800000000001,0.001,-0.068,279.684,-0.219,-0.535
00:00:15.902,1572936698547,-0.133,-0.001,6.2570000000000014,0.664,3.0,-0.006,22.826,0.001,-0.068,280.064,-0.217,-0.535
00:00:15.903,1572936698548,-0.133,-0.001,6.2570000000000014,0.664,3.0,-0.006,22.824,0.001,-0.068,280.444,-0.215,-0.535
00:00:15.904,1572936698549,-0.133,-0.001,6.2570000000000014,0.664,3.0,-0.006,22.822,0.001,-0.068,280.825,-0.213,-0.535
00:00:15.953,1572936698598,-0.132,-0.001,6.2570000000000014,0.664,3.0,-0.005,22.82,0.001,-0.068,281.205,-0.211,-0.535
00:00:15.954,1572936698599,-0.132,-0.001,6.2570000000000014,0.664,3.0,-0.005,22.817,0.001,-0.068,281.585,-0.209,-0.535
00:00:15.955,1572936698600,-0.132,0.0,6.2570000000000014,0.664,3.0,-0.005,22.815,0.001,-0.068,281.966,-0.207,-0.535
00:00:16.007,1572936698652,-0.132,0.0,6.2570000000000014,0.664,3.0,-0.005,22.813,0.001,-0.068,282.346,-0.205,-0.535
00:00:16.008,1572936698653,-0.132,0.001,6.2570000000000014,0.664,3.0,-0.004,22.811,0.001,-0.068,282.726,-0.203,-0.535
00:00:16.009,1572936698654,-0.132,0.001,6.2570000000000014,1.128,3.0,-0.004,22.809,0.001,-0.068,283.106,-0.201,-0.535
00:00:16.055,1572936698700,-0.135,0.002,6.2570000000000014,1.128,3.0,-0.004,22.806,0.001,-0.068,283.486,-0.198,-0.535
00:00:16.056,1572936698701,-0.14,0.003,6.2570000000000014,1.128,3.0,-0.004,22.804,0.001,-0.068,283.866,-0.196,-0.535
00:00:16.057,1572936698702,-0.14300000000000002,0.003,6.2570000000000014,1.128,3.0,-0.004,22.801,0.0,-0.068,284.247,-0.194,-0.535
00:00:16.105,1572936698750,-0.14400000000000002,0.004,6.2570000000000014,1.128,3.0,-0.004,22.799,0.0,-0.068,284.627,-0.192,-0.535
00:00:16.106,1572936698751,-0.14400000000000002,0.005,6.2570000000000014,1.128,3.0,-0.004,22.797,0.0,-0.068,285.006,-0.19,-0.535
00:00:16.107,1572936698752,-0.14400000000000002,0.006,6.2570000000000014,0.664,3.0,-0.004,22.794,0.0,-0.068,285.386,-0.188,-0.535
00:00:16.160,1572936698805,-0.141,0.006999999999999999,6.2570000000000014,0.664,3.0,-0.003,22.792,0.0,-0.068,285.766,-0.18600000000000005,-0.535
00:00:16.161,1572936698806,-0.13699999999999998,0.008,6.2570000000000014,0.664,3.0,-0.003,22.79,0.0,-0.068,286.146,-0.184,-0.535
00:00:16.162,1572936698807,-0.134,0.008,6.2570000000000014,0.664,3.0,-0.003,22.787,0.0,-0.068,286.55,-0.182,-0.535
00:00:16.210,1572936698855,-0.132,0.009000000000000001,6.2570000000000014,0.664,3.0,-0.003,22.785,0.0,-0.068,286.906,-0.18,-0.535
00:00:16.211,1572936698856,-0.132,0.009000000000000001,6.2570000000000014,0.664,3.0,-0.003,22.783,0.0,-0.068,287.285,-0.17800000000000002,-0.535
00:00:16.212,1572936698857,-0.132,0.01,6.2570000000000014,0.664,3.0,-0.003,22.781,0.0,-0.068,287.665,-0.17600000000000002,-0.535
00:00:16.268,1572936698913,-0.132,0.01,6.2570000000000014,0.664,3.0,-0.003,22.779,-0.001,-0.068,288.045,-0.174,-0.535
00:00:16.269,1572936698914,-0.132,0.011,6.2570000000000014,0.664,3.0,-0.003,22.776,-0.001,-0.069,288.448,-0.171,-0.535
00:00:16.270,1572936698915,-0.132,0.011,6.2570000000000014,0.664,3.0,-0.003,22.774,-0.001,-0.069,288.8040000000001,-0.17,-0.535
00:00:16.326,1572936698971,-0.132,0.012,6.2570000000000014,0.664,3.0,-0.004,22.772,-0.001,-0.069,289.184,-0.16699999999999998,-0.535
00:00:16.327,1572936698972,-0.131,0.012,6.2570000000000014,0.664,3.0,-0.004,22.77,-0.001,-0.069,289.563,-0.165,-0.535
00:00:16.328,1572936698973,-0.131,0.012,6.2570000000000014,0.664,3.0,-0.004,22.768,-0.001,-0.069,289.966,-0.163,-0.535
00:00:16.329,1572936698974,-0.131,0.013,6.2570000000000014,0.664,3.0,-0.004,22.766,-0.001,-0.069,290.322,-0.161,-0.535
00:00:16.378,1572936699023,-0.131,0.013,6.2570000000000014,0.664,3.0,-0.004,22.763,-0.001,-0.068,290.701,-0.159,-0.535
00:00:16.379,1572936699024,-0.131,0.013,6.2570000000000014,0.664,3.0,-0.004,22.761,-0.001,-0.068,291.1040000000001,-0.157,-0.535
00:00:16.380,1572936699025,-0.131,0.014,6.2570000000000014,0.664,3.0,-0.004,22.759,-0.001,-0.068,291.46,-0.155,-0.535
00:00:16.428,1572936699073,-0.131,0.014,6.2570000000000014,0.664,3.0,-0.004,22.757,-0.001,-0.068,291.839,-0.153,-0.535
00:00:16.429,1572936699074,-0.131,0.014,6.2570000000000014,0.664,3.0,-0.004,22.755,-0.001,-0.068,292.219,-0.151,-0.535
00:00:16.430,1572936699075,-0.131,0.014,6.2570000000000014,0.664,3.0,-0.004,22.752,-0.001,-0.068,292.598,-0.14800000000000002,-0.535
00:00:16.478,1572936699123,-0.131,0.014,6.2570000000000014,0.664,3.0,-0.004,22.75,-0.001,-0.068,292.9770000000001,-0.146,-0.535
00:00:16.479,1572936699124,-0.131,0.015,6.2570000000000014,0.664,3.0,-0.004,22.748,-0.001,-0.068,293.356,-0.14400000000000002,-0.535
00:00:16.480,1572936699125,-0.131,0.015,6.2570000000000014,0.664,3.0,-0.004,22.746,-0.001,-0.068,293.735,-0.142,-0.535
00:00:16.530,1572936699175,-0.131,0.015,6.2570000000000014,0.664,3.0,-0.004,22.744,-0.001,-0.068,294.1140000000001,-0.14,-0.535
00:00:16.531,1572936699176,-0.131,0.015,6.2570000000000014,0.664,3.0,-0.004,22.742,-0.001,-0.068,294.493,-0.138,-0.535
00:00:16.532,1572936699177,-0.131,0.015,6.2570000000000014,0.664,3.0,-0.004,22.739,-0.001,-0.068,294.872,-0.136,-0.535
00:00:16.580,1572936699225,-0.131,0.015,6.2570000000000014,0.664,3.0,-0.004,22.737,-0.001,-0.068,295.251,-0.134,-0.535
00:00:16.581,1572936699226,-0.131,0.015,6.2570000000000014,0.664,3.0,-0.004,22.735,-0.001,-0.068,295.63,-0.131,-0.535
00:00:16.582,1572936699227,-0.131,0.015,6.2570000000000014,0.664,3.0,-0.004,22.733,-0.001,-0.068,296.009,-0.129,-0.535
00:00:16.630,1572936699275,-0.131,0.014,6.2570000000000014,0.664,3.0,-0.004,22.73,-0.001,-0.068,296.4120000000001,-0.127,-0.535
00:00:16.631,1572936699276,-0.131,0.014,6.2570000000000014,0.664,3.0,-0.004,22.728,-0.001,-0.068,296.767,-0.125,-0.535
00:00:16.632,1572936699277,-0.131,0.014,6.2570000000000014,0.664,3.0,-0.004,22.726,-0.001,-0.068,297.146,-0.123,-0.535
00:00:16.680,1572936699325,-0.131,0.014,6.2570000000000014,0.664,3.0,-0.004,22.724,-0.001,-0.068,297.524,-0.121,-0.535
00:00:16.681,1572936699326,-0.131,0.014,6.2570000000000014,0.664,3.0,-0.005,22.722,-0.001,-0.068,297.927,-0.118,-0.535
00:00:16.682,1572936699327,-0.131,0.014,6.2570000000000014,0.664,3.0,-0.005,22.72,-0.001,-0.068,298.282,-0.116,-0.535
00:00:16.731,1572936699376,-0.131,0.014,6.2570000000000014,0.664,3.0,-0.005,22.718000000000004,-0.001,-0.068,298.66,-0.114,-0.535
00:00:16.732,1572936699377,-0.131,0.014,6.2570000000000014,0.664,3.0,-0.005,22.715,-0.001,-0.068,299.039,-0.112,-0.535
00:00:16.733,1572936699378,-0.131,0.014,6.2570000000000014,0.664,3.0,-0.005,22.713,-0.001,-0.068,299.441,-0.11,-0.535
00:00:16.783,1572936699428,-0.13,0.014,6.2570000000000014,0.664,3.0,-0.005,22.711,-0.001,-0.068,299.796,-0.107,-0.535
00:00:16.784,1572936699429,-0.13,0.014,6.2570000000000014,0.664,3.0,-0.005,22.709,-0.001,-0.068,300.175,-0.105,-0.535
00:00:16.785,1572936699430,-0.13,0.014,6.2570000000000014,0.664,3.0,-0.005,22.707,-0.001,-0.068,300.553,-0.103,-0.535
00:00:16.833,1572936699478,-0.13,0.014,6.2570000000000014,0.664,3.0,-0.005,22.704,-0.001,-0.068,300.955,-0.101,-0.535
00:00:16.834,1572936699479,-0.13,0.014,6.2570000000000014,0.664,3.0,-0.005,22.702,-0.001,-0.068,301.31,-0.099,-0.535
00:00:16.835,1572936699480,-0.13,0.014,6.2570000000000014,0.664,3.0,-0.005,22.7,-0.001,-0.068,301.688,-0.096,-0.535
00:00:16.836,1572936699481,-0.13,0.014,6.2570000000000014,0.664,3.0,-0.005,22.698,-0.001,-0.068,302.066,-0.094,-0.535
00:00:16.885,1572936699530,-0.13,0.014,6.2570000000000014,0.664,3.0,-0.005,22.696,-0.001,-0.068,302.468,-0.092,-0.535
00:00:16.886,1572936699531,-0.13,0.013,6.2570000000000014,0.664,3.0,-0.005,22.69400000000001,-0.001,-0.068,302.823,-0.09,-0.535
00:00:16.887,1572936699532,-0.13,0.013,6.2570000000000014,0.664,3.0,-0.005,22.691,-0.001,-0.068,303.201,-0.08800000000000001,-0.535
00:00:16.934,1572936699579,-0.13,0.013,6.2570000000000014,0.664,3.0,-0.005,22.689,-0.001,-0.068,303.579,-0.085,-0.535
00:00:16.935,1572936699580,-0.13,0.012,6.2570000000000014,0.664,3.0,-0.005,22.687,-0.001,-0.068,303.981,-0.083,-0.535
00:00:16.936,1572936699581,-0.13,0.012,6.2570000000000014,0.664,3.0,-0.005,22.685,-0.001,-0.068,304.3590000000001,-0.081,-0.535
00:00:16.985,1572936699630,-0.13,0.012,6.2570000000000014,0.664,3.0,-0.005,22.683000000000003,-0.001,-0.068,304.714,-0.079,-0.535
00:00:16.986,1572936699631,-0.13,0.012,6.2570000000000014,0.664,3.0,-0.005,22.681,-0.001,-0.068,305.092,-0.076,-0.535
00:00:16.987,1572936699632,-0.13,0.012,6.2570000000000014,0.664,3.0,-0.005,22.678,-0.001,-0.068,305.493,-0.07400000000000001,-0.535
00:00:17.035,1572936699680,-0.13,0.012,6.2570000000000014,0.664,3.0,-0.005,22.676,-0.001,-0.068,305.848,-0.07200000000000001,-0.535
00:00:17.036,1572936699681,-0.13,0.012,6.2570000000000014,0.664,3.0,-0.005,22.674,-0.001,-0.068,306.226,-0.07,-0.535
00:00:17.037,1572936699682,-0.13,0.012,6.2570000000000014,0.664,3.0,-0.005,22.672,-0.001,-0.068,306.603,-0.067,-0.535
00:00:17.086,1572936699731,-0.13,0.012,6.2570000000000014,0.664,3.0,-0.005,22.67,-0.001,-0.068,306.981,-0.065,-0.535
00:00:17.087,1572936699732,-0.13,0.012,6.2570000000000014,0.664,3.0,-0.005,22.66800000000001,-0.001,-0.068,307.3590000000001,-0.063,-0.535
00:00:17.088,1572936699733,-0.13,0.012,6.2570000000000014,0.664,3.0,-0.005,22.666,-0.001,-0.068,307.737,-0.061,-0.535
00:00:17.137,1572936699782,-0.13,0.011,6.2570000000000014,0.664,3.0,-0.005,22.663,-0.001,-0.067,308.115,-0.058,-0.535
00:00:17.138,1572936699783,-0.13,0.011,6.2570000000000014,0.664,3.0,-0.005,22.661,-0.001,-0.067,308.516,-0.056,-0.535
00:00:17.139,1572936699784,-0.13,0.011,6.2570000000000014,0.664,3.0,-0.005,22.659,-0.001,-0.067,308.894,-0.054000000000000006,-0.535
00:00:17.189,1572936699834,-0.129,0.011,6.2570000000000014,0.664,3.0,-0.005,22.657,-0.001,-0.067,309.248,-0.052000000000000005,-0.535
00:00:17.190,1572936699835,-0.129,0.011,6.2570000000000014,0.664,3.0,-0.005,22.655,-0.001,-0.067,309.625,-0.049,-0.535
00:00:17.191,1572936699836,-0.129,0.011,6.2570000000000014,0.664,3.0,-0.005,22.652,-0.001,-0.067,310.026,-0.047,-0.535
00:00:17.239,1572936699884,-0.129,0.011,6.2570000000000014,0.664,3.0,-0.005,22.65,-0.001,-0.067,310.404,-0.045,-0.535
00:00:17.240,1572936699885,-0.129,0.011,6.2570000000000014,0.664,3.0,-0.005,22.648000000000003,-0.001,-0.067,310.781,-0.042,-0.535
00:00:17.241,1572936699886,-0.129,0.011,6.2570000000000014,0.664,3.0,-0.005,22.646,-0.001,-0.067,311.135,-0.04,-0.535
00:00:17.289,1572936699934,-0.129,0.01,6.2570000000000014,0.664,3.0,-0.005,22.644,-0.001,-0.067,311.536,-0.038,-0.535
00:00:17.290,1572936699935,-0.129,0.009000000000000001,6.2570000000000014,0.664,3.0,-0.004,22.642,-0.001,-0.067,311.914,-0.035,-0.535
00:00:17.291,1572936699936,-0.129,0.009000000000000001,6.2570000000000014,0.664,3.0,-0.004,22.64,-0.001,-0.067,312.267,-0.033,-0.535
00:00:17.342,1572936699987,-0.129,0.008,6.2570000000000014,0.664,3.0,-0.005,22.638,-0.001,-0.067,312.645,-0.031,-0.535
00:00:17.343,1572936699988,-0.129,0.006,6.2570000000000014,0.664,3.0,-0.005,22.635,-0.001,-0.067,313.022,-0.029,-0.535
00:00:17.344,1572936699989,-0.129,0.005,6.2570000000000014,0.664,3.0,-0.005,22.63300000000001,-0.001,-0.067,313.423,-0.026,-0.535
00:00:17.392,1572936700037,-0.129,0.004,6.2570000000000014,0.664,3.0,-0.005,22.631,-0.001,-0.067,313.8,-0.024,-0.535
00:00:17.393,1572936700038,-0.129,0.002,6.2570000000000014,0.664,3.0,-0.004,22.629,-0.001,-0.067,314.153,-0.022,-0.535
00:00:17.394,1572936700039,-0.129,0.0,6.2570000000000014,0.664,3.0,-0.004,22.627,-0.001,-0.067,314.5540000000001,-0.019,-0.535
00:00:17.442,1572936700087,-0.129,-0.002,6.2570000000000014,0.664,3.0,-0.004,22.625,-0.001,-0.067,314.931,-0.017,-0.535
00:00:17.443,1572936700088,-0.129,-0.004,6.2570000000000014,0.664,3.0,-0.004,22.622,-0.001,-0.067,315.308,-0.015,-0.535
00:00:17.444,1572936700089,-0.129,-0.006,6.2570000000000014,0.664,3.0,-0.004,22.62,-0.001,-0.067,315.685,-0.013,-0.535
00:00:17.493,1572936700138,-0.129,-0.009000000000000001,6.2570000000000014,0.664,3.0,-0.004,22.618,-0.001,-0.067,316.062,-0.01,-0.535
00:00:17.494,1572936700139,-0.129,-0.012,6.2570000000000014,0.664,3.0,-0.004,22.616,-0.001,-0.067,316.439,-0.008,-0.535
00:00:17.495,1572936700140,-0.129,-0.014,6.2570000000000014,0.664,3.0,-0.004,22.614,-0.001,-0.067,316.816,-0.006,-0.535
00:00:17.545,1572936700190,-0.129,-0.017,6.2570000000000014,0.664,3.0,-0.003,22.612,-0.001,-0.067,317.193,-0.003,-0.535
00:00:17.546,1572936700191,-0.129,-0.019,6.2570000000000014,0.664,3.0,-0.003,22.609,-0.001,-0.067,317.57,-0.001,-0.535
00:00:17.547,1572936700192,-0.129,-0.022,6.2570000000000014,0.664,3.0,-0.003,22.607,-0.001,-0.067,317.947,0.001,-0.535
00:00:17.595,1572936700240,-0.128,-0.024,6.2570000000000014,0.664,3.0,-0.002,22.605,-0.001,-0.067,318.323,0.003,-0.535
00:00:17.596,1572936700241,-0.128,-0.025,6.2570000000000014,0.664,3.0,-0.002,22.603,-0.001,-0.067,318.677,0.006,-0.535
00:00:17.597,1572936700242,-0.128,-0.027000000000000003,6.2570000000000014,0.664,3.0,-0.001,22.601,-0.001,-0.067,319.077,0.008,-0.535
00:00:17.645,1572936700290,-0.128,-0.028,6.2570000000000014,0.664,3.0,-0.001,22.599,0.0,-0.067,319.453,0.01,-0.535
00:00:17.646,1572936700291,-0.128,-0.03,6.2570000000000014,0.664,3.0,0.0,22.597,0.0,-0.067,319.83,0.012,-0.535
00:00:17.647,1572936700292,-0.128,-0.031,6.2570000000000014,0.664,3.0,0.0,22.595,0.0,-0.067,320.207,0.015,-0.534
00:00:17.696,1572936700341,-0.128,-0.032,6.2570000000000014,0.664,3.0,0.001,22.592,0.001,-0.067,320.583,0.017,-0.534
00:00:17.697,1572936700342,-0.128,-0.033,6.2570000000000014,0.664,3.0,0.001,22.59,0.001,-0.067,320.96,0.019,-0.534
00:00:17.698,1572936700343,-0.128,-0.034,6.2570000000000014,0.664,3.0,0.002,22.588,0.001,-0.067,321.336,0.021,-0.534
00:00:17.746,1572936700391,-0.128,-0.036000000000000004,6.2570000000000014,0.664,3.0,0.002,22.586,0.002,-0.067,321.713,0.023,-0.534
00:00:17.747,1572936700392,-0.128,-0.037000000000000005,6.2570000000000014,0.664,3.0,0.003,22.584,0.002,-0.067,322.066,0.025,-0.534
00:00:17.748,1572936700393,-0.128,-0.038,6.2570000000000014,0.664,3.0,0.003,22.582,0.002,-0.067,322.465,0.028,-0.534
00:00:17.796,1572936700441,-0.128,-0.039,6.2570000000000014,0.664,3.0,0.004,22.58,0.003,-0.067,322.842,0.03,-0.534
00:00:17.797,1572936700442,-0.128,-0.04,6.2570000000000014,0.664,3.0,0.004,22.577,0.003,-0.067,323.218,0.032,-0.534
00:00:17.798,1572936700443,-0.128,-0.04,6.2570000000000014,0.664,3.0,0.005,22.575,0.003,-0.067,323.594,0.034,-0.534
00:00:17.851,1572936700496,-0.128,-0.041,6.2570000000000014,0.664,3.0,0.005,22.573,0.003,-0.067,323.971,0.036000000000000004,-0.534
00:00:17.852,1572936700497,-0.128,-0.042,6.2570000000000014,0.664,3.0,0.005,22.571,0.003,-0.067,324.347,0.038,-0.534
00:00:17.853,1572936700498,-0.128,-0.042,6.2570000000000014,0.664,3.0,0.006,22.56900000000001,0.004,-0.067,324.723,0.04,-0.534
00:00:17.854,1572936700499,-0.128,-0.042,6.2570000000000014,0.664,3.0,0.006,22.567,0.004,-0.067,325.099,0.043,-0.534
00:00:17.902,1572936700547,-0.128,-0.042,6.2570000000000014,0.664,3.0,0.006999999999999999,22.565,0.004,-0.067,325.475,0.045,-0.534
00:00:17.903,1572936700548,-0.128,-0.041,6.2570000000000014,0.664,3.0,0.006999999999999999,22.563,0.004,-0.067,325.851,0.047,-0.534
00:00:17.904,1572936700549,-0.128,-0.041,6.2570000000000014,0.664,3.0,0.006999999999999999,22.56,0.004,-0.067,326.2270000000001,0.049,-0.535
00:00:17.958,1572936700603,-0.128,-0.04,6.2570000000000014,0.664,3.0,0.008,22.558000000000003,0.004,-0.067,326.603,0.051,-0.535
00:00:17.959,1572936700604,-0.128,-0.039,6.2570000000000014,0.664,3.0,0.008,22.557,0.004,-0.067,326.909,0.052000000000000005,-0.535
00:00:17.960,1572936700605,-0.128,-0.038,6.2570000000000014,0.664,3.0,0.008,22.554,0.004,-0.067,327.308,0.054000000000000006,-0.535
00:00:18.008,1572936700653,-0.128,-0.037000000000000005,6.2570000000000014,0.664,3.0,0.008,22.552,0.004,-0.067,327.684,0.056,-0.535
00:00:18.009,1572936700654,-0.128,-0.036000000000000004,6.2570000000000014,0.664,3.0,0.009000000000000001,22.55,0.004,-0.067,328.06,0.058,-0.535
00:00:18.010,1572936700655,-0.128,-0.036000000000000004,6.2570000000000014,1.128,3.0,0.009000000000000001,22.548,0.004,-0.067,328.436,0.06,-0.535
00:00:18.061,1572936700706,-0.13,-0.035,6.2570000000000014,1.128,3.0,0.009000000000000001,22.546,0.004,-0.067,328.811,0.062,-0.535
00:00:18.062,1572936700707,-0.135,-0.034,6.2570000000000014,1.128,3.0,0.009000000000000001,22.54300000000001,0.004,-0.067,329.1869999999999,0.064,-0.535
00:00:18.063,1572936700708,-0.138,-0.033,6.2570000000000014,1.128,3.0,0.009000000000000001,22.541,0.003,-0.067,329.5630000000001,0.066,-0.535
00:00:18.108,1572936700753,-0.139,-0.033,6.2570000000000014,1.128,3.0,0.009000000000000001,22.539,0.003,-0.067,329.939,0.068,-0.535
00:00:18.109,1572936700754,-0.14,-0.032,6.2570000000000014,1.128,3.0,0.01,22.536,0.003,-0.067,330.314,0.07,-0.535
00:00:18.110,1572936700755,-0.14,-0.031,6.2570000000000014,0.664,3.0,0.01,22.534,0.003,-0.067,330.69,0.07200000000000001,-0.535
00:00:18.158,1572936700803,-0.13699999999999998,-0.03,6.2570000000000014,0.664,3.0,0.01,22.532,0.003,-0.067,331.065,0.07400000000000001,-0.535
00:00:18.159,1572936700804,-0.132,-0.029,6.2570000000000014,0.664,3.0,0.01,22.53,0.003,-0.067,331.441,0.076,-0.535
00:00:18.160,1572936700805,-0.129,-0.028,6.2570000000000014,0.664,3.0,0.01,22.528,0.003,-0.067,331.816,0.078,-0.535
00:00:18.209,1572936700854,-0.128,-0.027000000000000003,6.2570000000000014,0.664,3.0,0.01,22.525,0.002,-0.067,332.19199999999995,0.08,-0.535
00:00:18.210,1572936700855,-0.127,-0.025,6.2570000000000014,0.664,3.0,0.01,22.523000000000003,0.002,-0.067,332.56699999999995,0.08199999999999999,-0.535
00:00:18.211,1572936700856,-0.127,-0.024,6.2570000000000014,0.664,3.0,0.01,22.521,0.002,-0.067,332.94199999999995,0.084,-0.535
00:00:18.261,1572936700906,-0.127,-0.023,6.2570000000000014,0.664,3.0,0.01,22.519,0.002,-0.067,333.3180000000001,0.085,-0.535
00:00:18.262,1572936700907,-0.127,-0.022,6.2570000000000014,0.664,3.0,0.01,22.517,0.002,-0.067,333.6930000000001,0.087,-0.535
00:00:18.263,1572936700908,-0.127,-0.021,6.2570000000000014,0.664,3.0,0.01,22.515,0.002,-0.067,334.0680000000001,0.08900000000000001,-0.535
00:00:18.312,1572936700957,-0.127,-0.02,6.2570000000000014,0.664,3.0,0.01,22.513,0.002,-0.067,334.444,0.091,-0.535
00:00:18.313,1572936700958,-0.127,-0.019,6.2570000000000014,0.664,3.0,0.01,22.511,0.002,-0.067,334.819,0.093,-0.535
00:00:18.314,1572936700959,-0.127,-0.018000000000000002,6.2570000000000014,0.664,3.0,0.009000000000000001,22.509,0.002,-0.067,335.194,0.095,-0.534
00:00:18.362,1572936701007,-0.127,-0.018000000000000002,6.2570000000000014,0.664,3.0,0.009000000000000001,22.506,0.002,-0.067,335.569,0.096,-0.534
00:00:18.363,1572936701008,-0.127,-0.017,6.2570000000000014,0.664,3.0,0.009000000000000001,22.504,0.002,-0.067,335.944,0.098,-0.534
00:00:18.364,1572936701009,-0.127,-0.017,6.2570000000000014,0.664,3.0,0.009000000000000001,22.502,0.002,-0.067,336.319,0.1,-0.534
00:00:18.413,1572936701058,-0.127,-0.017,6.2570000000000014,0.664,3.0,0.009000000000000001,22.5,0.001,-0.067,336.694,0.102,-0.534
00:00:18.414,1572936701059,-0.127,-0.016,6.2570000000000014,0.664,3.0,0.009000000000000001,22.498,0.001,-0.067,337.069,0.104,-0.534
00:00:18.415,1572936701060,-0.127,-0.016,6.2570000000000014,1.128,3.0,0.009000000000000001,22.496,0.001,-0.067,337.444,0.106,-0.534
00:00:18.462,1572936701107,-0.129,-0.016,6.2570000000000014,1.128,3.0,0.009000000000000001,22.494,0.001,-0.067,337.819,0.107,-0.534
00:00:18.463,1572936701108,-0.134,-0.016,6.2570000000000014,1.128,3.0,0.009000000000000001,22.491,0.001,-0.067,338.194,0.109,-0.534
00:00:18.464,1572936701109,-0.13699999999999998,-0.016,6.2570000000000014,1.128,3.0,0.009000000000000001,22.489,0.001,-0.067,338.569,0.111,-0.534
00:00:18.513,1572936701158,-0.138,-0.016,6.2570000000000014,1.128,3.0,0.008,22.487,0.001,-0.067,338.944,0.113,-0.534
00:00:18.514,1572936701159,-0.139,-0.015,6.2570000000000014,1.128,3.0,0.008,22.484,0.001,-0.067,339.3180000000001,0.115,-0.534
00:00:18.515,1572936701160,-0.139,-0.015,6.2570000000000014,0.664,3.0,0.008,22.482,0.001,-0.067,339.6930000000001,0.116,-0.534
00:00:18.562,1572936701207,-0.136,-0.015,6.2570000000000014,0.664,3.0,0.008,22.48,0.001,-0.067,340.0680000000001,0.118,-0.534
00:00:18.563,1572936701208,-0.131,-0.015,6.2570000000000014,0.664,3.0,0.008,22.478,0.001,-0.067,340.44199999999995,0.12,-0.534
00:00:18.564,1572936701209,-0.128,-0.015,6.2570000000000014,0.664,3.0,0.008,22.476,0.001,-0.067,340.81699999999995,0.122,-0.534
00:00:18.614,1572936701259,-0.127,-0.015,6.2570000000000014,0.664,3.0,0.008,22.474,0.001,-0.067,341.19199999999995,0.123,-0.534
00:00:18.615,1572936701260,-0.126,-0.015,6.2570000000000014,0.664,3.0,0.008,22.472,0.001,-0.067,341.566,0.125,-0.534
00:00:18.616,1572936701261,-0.126,-0.015,6.2570000000000014,0.664,3.0,0.008,22.469,0.001,-0.067,341.941,0.127,-0.534
00:00:18.668,1572936701313,-0.126,-0.015,6.2570000000000014,0.664,3.0,0.008,22.467,0.001,-0.067,342.315,0.129,-0.534
00:00:18.669,1572936701314,-0.126,-0.015,6.2570000000000014,0.664,3.0,0.006999999999999999,22.465,0.001,-0.067,342.69,0.131,-0.534
00:00:18.670,1572936701315,-0.126,-0.015,6.2570000000000014,0.664,3.0,0.006999999999999999,22.463,0.001,-0.067,343.064,0.132,-0.534
00:00:18.671,1572936701316,-0.126,-0.016,6.2570000000000014,0.664,3.0,0.006999999999999999,22.461,0.001,-0.067,343.4380000000001,0.134,-0.534
00:00:18.718,1572936701363,-0.126,-0.016,6.2570000000000014,0.664,3.0,0.006999999999999999,22.459,0.001,-0.067,343.81300000000016,0.136,-0.535
00:00:18.719,1572936701364,-0.126,-0.016,6.2570000000000014,0.664,3.0,0.006999999999999999,22.457,0.001,-0.067,344.18699999999984,0.13699999999999998,-0.535
00:00:18.720,1572936701365,-0.126,-0.016,6.2570000000000014,0.664,3.0,0.006999999999999999,22.455,0.001,-0.067,344.561,0.139,-0.535
00:00:18.776,1572936701421,-0.126,-0.016,6.2570000000000014,0.664,3.0,0.006999999999999999,22.45300000000001,0.001,-0.067,344.935,0.141,-0.535
00:00:18.777,1572936701422,-0.126,-0.017,6.2570000000000014,0.664,3.0,0.006999999999999999,22.451,0.001,-0.067,345.31,0.14300000000000002,-0.535
00:00:18.778,1572936701423,-0.126,-0.017,6.2570000000000014,0.664,3.0,0.006999999999999999,22.448,0.001,-0.067,345.684,0.14400000000000002,-0.535
00:00:18.827,1572936701472,-0.126,-0.017,6.2570000000000014,0.664,3.0,0.006999999999999999,22.446,0.001,-0.067,346.05800000000005,0.146,-0.535
00:00:18.828,1572936701473,-0.126,-0.017,6.2570000000000014,0.664,3.0,0.006999999999999999,22.44400000000001,0.001,-0.067,346.432,0.14800000000000002,-0.535
00:00:18.829,1572936701474,-0.126,-0.018000000000000002,6.2570000000000014,0.664,3.0,0.006999999999999999,22.442,0.001,-0.066,346.806,0.15,-0.535
00:00:18.882,1572936701527,-0.126,-0.018000000000000002,6.2570000000000014,0.664,3.0,0.006999999999999999,22.44,0.001,-0.066,347.18,0.151,-0.535
00:00:18.883,1572936701528,-0.125,-0.019,6.2570000000000014,0.664,3.0,0.006999999999999999,22.438,0.001,-0.066,347.55400000000014,0.153,-0.535
00:00:18.884,1572936701529,-0.125,-0.021,6.2570000000000014,0.664,3.0,0.006999999999999999,22.436,0.001,-0.066,347.92800000000005,0.155,-0.535
00:00:18.927,1572936701572,-0.125,-0.022,6.2570000000000014,0.664,3.0,0.006999999999999999,22.434,0.001,-0.066,348.302,0.156,-0.535
00:00:18.928,1572936701573,-0.125,-0.024,6.2570000000000014,1.128,3.0,0.006999999999999999,22.432,0.001,-0.066,348.676,0.158,-0.535
00:00:18.929,1572936701574,-0.128,-0.027000000000000003,6.2570000000000014,1.128,3.0,0.006999999999999999,22.43,0.001,-0.066,349.05,0.16,-0.535
00:00:18.978,1572936701623,-0.133,-0.03,6.2570000000000014,1.128,3.0,0.006999999999999999,22.427,0.001,-0.066,349.423,0.161,-0.535
00:00:18.979,1572936701624,-0.136,-0.032,6.2570000000000014,1.128,3.0,0.006999999999999999,22.425,0.001,-0.066,349.797,0.163,-0.535
00:00:18.980,1572936701625,-0.13699999999999998,-0.035,6.2570000000000014,1.128,3.0,0.006999999999999999,22.423,0.001,-0.066,350.171,0.165,-0.534
00:00:19.030,1572936701675,-0.13699999999999998,-0.037000000000000005,6.2570000000000014,1.128,3.0,0.006999999999999999,22.42,0.001,-0.066,350.545,0.166,-0.534
00:00:19.031,1572936701676,-0.13699999999999998,-0.038,6.2570000000000014,0.664,3.0,0.006999999999999999,22.41800000000001,0.001,-0.066,350.918,0.168,-0.534
00:00:19.032,1572936701677,-0.135,-0.039,6.2570000000000014,0.664,3.0,0.006999999999999999,22.416,0.001,-0.066,351.292,0.16899999999999998,-0.534
00:00:19.080,1572936701725,-0.13,-0.04,6.2570000000000014,0.664,3.0,0.008,22.414,0.001,-0.066,351.665,0.171,-0.534
00:00:19.081,1572936701726,-0.127,-0.041,6.2570000000000014,0.664,3.0,0.008,22.412,0.001,-0.066,352.039,0.173,-0.534
00:00:19.082,1572936701727,-0.126,-0.041,6.2570000000000014,0.664,3.0,0.008,22.41,0.001,-0.066,352.412,0.174,-0.534
00:00:19.130,1572936701775,-0.125,-0.042,6.2570000000000014,0.664,3.0,0.009000000000000001,22.408,0.001,-0.066,352.786,0.17600000000000002,-0.534
00:00:19.131,1572936701776,-0.125,-0.042,6.2570000000000014,0.664,3.0,0.009000000000000001,22.405,0.001,-0.066,353.159,0.177,-0.534
00:00:19.132,1572936701777,-0.125,-0.043,6.2570000000000014,0.664,3.0,0.009000000000000001,22.403,0.002,-0.066,353.533,0.179,-0.534
00:00:19.184,1572936701829,-0.125,-0.044,6.2570000000000014,0.664,3.0,0.01,22.401,0.002,-0.066,353.906,0.18,-0.534
00:00:19.185,1572936701830,-0.125,-0.045,6.2570000000000014,0.664,3.0,0.01,22.399,0.002,-0.066,354.279,0.182,-0.534
00:00:19.186,1572936701831,-0.125,-0.046,6.2570000000000014,0.664,3.0,0.01,22.397,0.002,-0.066,354.653,0.183,-0.534
00:00:19.230,1572936701875,-0.125,-0.046,6.2570000000000014,0.664,3.0,0.011,22.395,0.003,-0.066,355.026,0.185,-0.534
00:00:19.231,1572936701876,-0.125,-0.047,6.2570000000000014,0.664,3.0,0.011,22.393,0.003,-0.066,355.399,0.18600000000000005,-0.534
00:00:19.232,1572936701877,-0.125,-0.048,6.2570000000000014,0.664,3.0,0.011,22.391,0.003,-0.066,355.772,0.188,-0.534
00:00:19.281,1572936701926,-0.125,-0.048,6.2570000000000014,0.664,3.0,0.011,22.389,0.003,-0.066,356.146,0.189,-0.534
00:00:19.282,1572936701927,-0.125,-0.049,6.2570000000000014,0.664,3.0,0.012,22.387,0.003,-0.066,356.519,0.191,-0.534
00:00:19.283,1572936701928,-0.125,-0.049,6.2570000000000014,0.664,3.0,0.012,22.385,0.004,-0.066,356.892,0.192,-0.534
00:00:19.333,1572936701978,-0.125,-0.049,6.2570000000000014,0.664,3.0,0.012,22.38300000000001,0.004,-0.066,357.265,0.193,-0.534
00:00:19.334,1572936701979,-0.125,-0.049,6.2570000000000014,0.664,3.0,0.012,22.381,0.004,-0.066,357.63800000000015,0.195,-0.534
00:00:19.335,1572936701980,-0.124,-0.049,6.2570000000000014,0.664,3.0,0.013,22.378,0.004,-0.066,358.011,0.196,-0.534
00:00:19.336,1572936701981,-0.124,-0.049,6.2570000000000014,0.664,3.0,0.013,22.376,0.004,-0.066,358.384,0.197,-0.534
00:00:19.387,1572936702032,-0.124,-0.049,6.2570000000000014,0.664,3.0,0.013,22.374,0.004,-0.066,358.75699999999995,0.199,-0.534
00:00:19.388,1572936702033,-0.124,-0.049,6.2570000000000014,0.664,3.0,0.013,22.372,0.004,-0.066,359.13,0.2,-0.534
00:00:19.389,1572936702034,-0.124,-0.049,6.2570000000000014,0.664,3.0,0.013,22.37,0.004,-0.066,359.50300000000016,0.201,-0.534
00:00:19.438,1572936702083,-0.124,-0.049,6.2570000000000014,0.664,3.0,0.014,22.368,0.004,-0.066,359.875,0.203,-0.534
00:00:19.439,1572936702084,-0.124,-0.05,6.2570000000000014,0.664,3.0,0.014,22.366,0.004,-0.066,360.24800000000016,0.204,-0.534
00:00:19.440,1572936702085,-0.124,-0.05,6.2570000000000014,0.664,3.0,0.014,22.364,0.004,-0.066,360.621,0.205,-0.534
00:00:19.488,1572936702133,-0.124,-0.05,6.2570000000000014,0.664,3.0,0.014,22.362,0.004,-0.066,360.994,0.207,-0.534
00:00:19.489,1572936702134,-0.124,-0.051,6.2570000000000014,0.664,3.0,0.014,22.36,0.004,-0.066,361.366,0.208,-0.534
00:00:19.490,1572936702135,-0.124,-0.051,6.2570000000000014,0.664,3.0,0.014,22.358,0.004,-0.066,361.739,0.209,-0.534
00:00:19.538,1572936702183,-0.124,-0.052000000000000005,6.2570000000000014,0.664,3.0,0.014,22.356,0.003,-0.066,362.112,0.21,-0.534
00:00:19.539,1572936702184,-0.124,-0.052000000000000005,6.2570000000000014,0.664,3.0,0.015,22.354,0.003,-0.066,362.484,0.211,-0.534
00:00:19.540,1572936702185,-0.124,-0.053,6.2570000000000014,0.664,3.0,0.015,22.351,0.003,-0.066,362.903,0.213,-0.534
00:00:19.588,1572936702233,-0.124,-0.053,6.2570000000000014,0.664,3.0,0.015,22.35,0.003,-0.066,363.229,0.214,-0.534
00:00:19.589,1572936702234,-0.124,-0.054000000000000006,6.2570000000000014,0.664,3.0,0.015,22.347,0.003,-0.066,363.602,0.215,-0.534
00:00:19.590,1572936702235,-0.124,-0.054000000000000006,6.2570000000000014,0.664,3.0,0.015,22.345,0.003,-0.066,363.974,0.21600000000000005,-0.534
00:00:19.638,1572936702283,-0.124,-0.054000000000000006,6.2570000000000014,0.664,3.0,0.015,22.343000000000004,0.003,-0.066,364.346,0.217,-0.534
00:00:19.639,1572936702284,-0.124,-0.054000000000000006,6.2570000000000014,0.664,3.0,0.016,22.341,0.003,-0.066,364.719,0.218,-0.534
00:00:19.640,1572936702285,-0.124,-0.054000000000000006,6.2570000000000014,0.664,3.0,0.016,22.339,0.003,-0.066,365.091,0.219,-0.534
00:00:19.688,1572936702333,-0.124,-0.054000000000000006,6.2570000000000014,0.664,3.0,0.016,22.337,0.003,-0.066,365.463,0.221,-0.534
00:00:19.689,1572936702334,-0.124,-0.054000000000000006,6.2570000000000014,0.664,3.0,0.016,22.335,0.003,-0.066,365.836,0.222,-0.534
00:00:19.690,1572936702335,-0.124,-0.054000000000000006,6.2570000000000014,0.664,3.0,0.016,22.333,0.003,-0.066,366.208,0.223,-0.534
00:00:19.740,1572936702385,-0.124,-0.054000000000000006,6.2570000000000014,0.664,3.0,0.016,22.331,0.003,-0.066,366.58,0.224,-0.534
00:00:19.741,1572936702386,-0.124,-0.054000000000000006,6.2570000000000014,0.664,3.0,0.017,22.329,0.003,-0.066,366.952,0.225,-0.534
00:00:19.742,1572936702387,-0.123,-0.054000000000000006,6.2570000000000014,0.664,3.0,0.017,22.327,0.003,-0.066,367.325,0.226,-0.534
00:00:19.791,1572936702436,-0.123,-0.055,6.2570000000000014,0.664,3.0,0.017,22.325,0.003,-0.066,367.697,0.227,-0.534
00:00:19.792,1572936702437,-0.123,-0.055,6.2570000000000014,0.664,3.0,0.017,22.323,0.003,-0.066,368.069,0.228,-0.534
00:00:19.793,1572936702438,-0.123,-0.055,6.2570000000000014,0.664,3.0,0.017,22.321,0.003,-0.066,368.441,0.229,-0.534
00:00:19.841,1572936702486,-0.123,-0.055,6.2570000000000014,0.664,3.0,0.017,22.31900000000001,0.004,-0.066,368.81300000000016,0.23,-0.534
00:00:19.842,1572936702487,-0.123,-0.055,6.2570000000000014,0.664,3.0,0.017,22.317,0.004,-0.066,369.185,0.231,-0.534
00:00:19.843,1572936702488,-0.123,-0.055,6.2570000000000014,0.664,3.0,0.017,22.315,0.004,-0.066,369.557,0.231,-0.534
00:00:19.894,1572936702539,-0.123,-0.055,6.2570000000000014,0.664,3.0,0.017,22.313,0.004,-0.066,369.92800000000005,0.232,-0.534
00:00:19.895,1572936702540,-0.123,-0.055,6.2570000000000014,0.664,3.0,0.018000000000000002,22.31,0.004,-0.066,370.3,0.233,-0.534
00:00:19.896,1572936702541,-0.123,-0.054000000000000006,6.2570000000000014,0.664,3.0,0.018000000000000002,22.308000000000003,0.004,-0.066,370.672,0.234,-0.534
00:00:19.944,1572936702589,-0.123,-0.054000000000000006,6.2570000000000014,0.664,3.0,0.018000000000000002,22.306,0.004,-0.066,371.044,0.235,-0.534
00:00:19.945,1572936702590,-0.123,-0.054000000000000006,6.2570000000000014,0.664,3.0,0.018000000000000002,22.304,0.004,-0.066,371.416,0.236,-0.534
00:00:19.946,1572936702591,-0.123,-0.053,6.2570000000000014,0.664,3.0,0.018000000000000002,22.302,0.004,-0.066,371.787,0.237,-0.534
00:00:19.994,1572936702639,-0.123,-0.052000000000000005,6.2570000000000014,0.664,3.0,0.018000000000000002,22.3,0.004,-0.066,372.159,0.237,-0.534
00:00:19.995,1572936702640,-0.123,-0.051,6.2570000000000014,0.664,3.0,0.018000000000000002,22.298,0.004,-0.066,372.531,0.238,-0.534
00:00:19.996,1572936702641,-0.123,-0.05,6.2570000000000014,0.664,3.0,0.018000000000000002,22.296,0.004,-0.066,372.902,0.239,-0.534
00:00:20.044,1572936702689,-0.123,-0.048,6.2570000000000014,0.664,3.0,0.018000000000000002,22.294,0.004,-0.066,373.274,0.24,-0.534
00:00:20.045,1572936702690,-0.123,-0.046,6.2570000000000014,0.664,3.0,0.018000000000000002,22.292,0.004,-0.066,373.645,0.241,-0.534
00:00:20.046,1572936702691,-0.123,-0.044,6.2570000000000014,0.664,3.0,0.018000000000000002,22.29,0.004,-0.066,374.017,0.241,-0.534
00:00:20.095,1572936702740,-0.123,-0.041,6.2570000000000014,0.664,3.0,0.018000000000000002,22.288,0.004,-0.066,374.389,0.242,-0.534
00:00:20.096,1572936702741,-0.123,-0.039,6.2570000000000014,0.664,3.0,0.018000000000000002,22.286,0.004,-0.066,374.76,0.243,-0.534
00:00:20.097,1572936702742,-0.123,-0.036000000000000004,6.2570000000000014,0.664,3.0,0.018000000000000002,22.284,0.004,-0.065,375.131,0.243,-0.534
00:00:20.147,1572936702792,-0.123,-0.033,6.2570000000000014,1.128,3.0,0.018000000000000002,22.282,0.004,-0.065,375.503,0.244,-0.534
00:00:20.148,1572936702793,-0.126,-0.03,6.2570000000000014,1.128,3.0,0.018000000000000002,22.28,0.004,-0.065,375.874,0.245,-0.534
00:00:20.149,1572936702794,-0.131,-0.027000000000000003,6.2570000000000014,1.128,3.0,0.018000000000000002,22.277,0.004,-0.065,376.269,0.246,-0.534
00:00:20.198,1572936702843,-0.133,-0.024,6.2570000000000014,1.128,3.0,0.018000000000000002,22.275,0.004,-0.065,376.64,0.246,-0.534
00:00:20.199,1572936702844,-0.134,-0.021,6.2570000000000014,1.128,3.0,0.017,22.273000000000003,0.004,-0.065,376.98800000000006,0.247,-0.534
00:00:20.200,1572936702845,-0.135,-0.019,6.2570000000000014,1.128,3.0,0.017,22.271,0.004,-0.065,377.359,0.248,-0.534
00:00:20.248,1572936702893,-0.135,-0.018000000000000002,6.2570000000000014,0.664,3.0,0.016,22.268,0.004,-0.065,377.73,0.248,-0.534
00:00:20.249,1572936702894,-0.132,-0.016,6.2570000000000014,0.664,3.0,0.016,22.266,0.004,-0.066,378.125,0.249,-0.534
00:00:20.250,1572936702895,-0.127,-0.015,6.2570000000000014,0.664,3.0,0.015,22.264,0.003,-0.066,378.472,0.25,-0.534
00:00:20.302,1572936702947,-0.124,-0.015,6.2570000000000014,0.664,3.0,0.015,22.262,0.003,-0.066,378.844,0.25,-0.534
00:00:20.303,1572936702948,-0.123,-0.016,6.2570000000000014,0.664,3.0,0.014,22.26,0.003,-0.066,379.215,0.251,-0.534
00:00:20.304,1572936702949,-0.122,-0.017,6.2570000000000014,0.664,3.0,0.014,22.25800000000001,0.002,-0.066,379.586,0.251,-0.534
00:00:20.355,1572936703000,-0.122,-0.018000000000000002,6.2570000000000014,0.664,3.0,0.013,22.256,0.002,-0.066,379.98,0.252,-0.534
00:00:20.356,1572936703001,-0.122,-0.019,6.2570000000000014,0.664,3.0,0.013,22.254,0.001,-0.066,380.327,0.253,-0.534
00:00:20.357,1572936703002,-0.122,-0.02,6.2570000000000014,0.664,3.0,0.012,22.252,0.001,-0.066,380.698,0.253,-0.534
00:00:20.358,1572936703003,-0.122,-0.021,6.2570000000000014,0.664,3.0,0.012,22.25,0.0,-0.066,381.092,0.254,-0.534
00:00:20.406,1572936703051,-0.122,-0.021,6.2570000000000014,0.664,3.0,0.012,22.248,0.0,-0.066,381.463,0.255,-0.534
00:00:20.407,1572936703052,-0.122,-0.021,6.2570000000000014,0.664,3.0,0.012,22.246,0.0,-0.066,381.811,0.255,-0.534
00:00:20.408,1572936703053,-0.122,-0.02,6.2570000000000014,0.664,3.0,0.011,22.244,0.0,-0.066,382.181,0.256,-0.534
00:00:20.458,1572936703103,-0.122,-0.019,6.2570000000000014,0.664,3.0,0.011,22.242,-0.001,-0.066,382.552,0.256,-0.534
00:00:20.459,1572936703104,-0.122,-0.018000000000000002,6.2570000000000014,0.664,3.0,0.011,22.24,-0.001,-0.066,382.923,0.257,-0.534
00:00:20.460,1572936703105,-0.122,-0.017,6.2570000000000014,0.664,3.0,0.011,22.238000000000003,-0.001,-0.066,383.317,0.258,-0.534
00:00:20.513,1572936703158,-0.122,-0.016,6.2570000000000014,0.664,3.0,0.011,22.236,0.0,-0.066,383.664,0.258,-0.534
00:00:20.514,1572936703159,-0.122,-0.016,6.2570000000000014,0.664,3.0,0.011,22.234,0.0,-0.066,384.035,0.259,-0.534
00:00:20.515,1572936703160,-0.122,-0.016,6.2570000000000014,0.664,3.0,0.011,22.232,0.0,-0.066,384.405,0.259,-0.534
00:00:20.577,1572936703222,-0.122,-0.017,6.2570000000000014,0.664,3.0,0.01,22.23,0.0,-0.066,384.799,0.26,-0.534
00:00:20.578,1572936703223,-0.122,-0.018000000000000002,6.2570000000000014,0.664,3.0,0.01,22.228,0.0,-0.066,385.146,0.26,-0.534
00:00:20.579,1572936703224,-0.122,-0.019,6.2570000000000014,0.664,3.0,0.01,22.226,0.0,-0.065,385.517,0.261,-0.534
00:00:20.580,1572936703225,-0.122,-0.02,6.2570000000000014,0.664,3.0,0.01,22.224,0.0,-0.065,385.887,0.262,-0.534
00:00:20.629,1572936703274,-0.122,-0.021,6.2570000000000014,0.664,3.0,0.01,22.221,0.001,-0.065,386.281,0.262,-0.534
00:00:20.630,1572936703275,-0.121,-0.022,6.2570000000000014,0.664,3.0,0.01,22.22,0.001,-0.065,386.628,0.263,-0.534
00:00:20.631,1572936703276,-0.121,-0.023,6.2570000000000014,0.664,3.0,0.01,22.218000000000004,0.001,-0.065,386.99800000000016,0.263,-0.534
00:00:20.681,1572936703326,-0.121,-0.024,6.2570000000000014,0.664,3.0,0.01,22.216,0.001,-0.065,387.36800000000005,0.264,-0.534
00:00:20.682,1572936703327,-0.121,-0.025,6.2570000000000014,0.664,3.0,0.01,22.213,0.001,-0.065,387.762,0.264,-0.534
00:00:20.683,1572936703328,-0.121,-0.025,6.2570000000000014,0.664,3.0,0.01,22.211,0.001,-0.065,388.109,0.265,-0.534
00:00:20.727,1572936703372,-0.121,-0.026,6.2570000000000014,0.664,3.0,0.01,22.209,0.002,-0.065,388.479,0.265,-0.534
00:00:20.728,1572936703373,-0.121,-0.027000000000000003,6.2570000000000014,0.664,3.0,0.01,22.207,0.002,-0.065,388.849,0.266,-0.534
00:00:20.729,1572936703374,-0.121,-0.027000000000000003,6.2570000000000014,0.664,3.0,0.01,22.205,0.002,-0.065,389.242,0.266,-0.534
00:00:20.777,1572936703422,-0.121,-0.027000000000000003,6.2570000000000014,0.664,3.0,0.01,22.20300000000001,0.002,-0.065,389.589,0.267,-0.534
00:00:20.778,1572936703423,-0.121,-0.027000000000000003,6.2570000000000014,0.664,3.0,0.01,22.202,0.002,-0.065,389.913,0.267,-0.534
00:00:20.779,1572936703424,-0.121,-0.027000000000000003,6.2570000000000014,0.664,3.0,0.01,22.2,0.002,-0.065,390.237,0.268,-0.534
00:00:20.828,1572936703473,-0.121,-0.027000000000000003,6.2570000000000014,0.664,3.0,0.01,22.198,0.002,-0.065,390.63,0.268,-0.534
00:00:20.829,1572936703474,-0.121,-0.027000000000000003,6.2570000000000014,0.664,3.0,0.01,22.196,0.002,-0.065,390.977,0.269,-0.534
00:00:20.830,1572936703475,-0.121,-0.027000000000000003,6.2570000000000014,0.664,3.0,0.01,22.19400000000001,0.002,-0.065,391.347,0.269,-0.534
00:00:20.880,1572936703525,-0.121,-0.027000000000000003,6.2570000000000014,0.664,3.0,0.01,22.192,0.002,-0.065,391.717,0.269,-0.534
00:00:20.881,1572936703526,-0.121,-0.027000000000000003,6.2570000000000014,0.664,3.0,0.01,22.19,0.002,-0.065,392.086,0.27,-0.534
00:00:20.882,1572936703527,-0.121,-0.027000000000000003,6.2570000000000014,0.664,3.0,0.01,22.188,0.002,-0.065,392.456,0.27,-0.534
00:00:20.931,1572936703576,-0.121,-0.027000000000000003,6.2570000000000014,0.664,3.0,0.01,22.186,0.002,-0.065,392.826,0.271,-0.534
00:00:20.932,1572936703577,-0.121,-0.027000000000000003,6.2570000000000014,0.664,3.0,0.01,22.184,0.002,-0.065,393.219,0.271,-0.534
00:00:20.933,1572936703578,-0.121,-0.028,6.2570000000000014,0.664,3.0,0.01,22.182,0.002,-0.065,393.566,0.272,-0.534
00:00:20.981,1572936703626,-0.121,-0.028,6.2570000000000014,0.664,3.0,0.01,22.18,0.002,-0.065,393.958,0.272,-0.534
00:00:20.982,1572936703627,-0.121,-0.029,6.2570000000000014,0.664,3.0,0.01,22.178,0.002,-0.065,394.305,0.272,-0.534
00:00:20.983,1572936703628,-0.121,-0.03,6.2570000000000014,0.664,3.0,0.01,22.176,0.002,-0.065,394.674,0.273,-0.534
00:00:21.031,1572936703676,-0.121,-0.031,6.2570000000000014,0.664,3.0,0.01,22.174,0.002,-0.065,395.044,0.273,-0.534
00:00:21.032,1572936703677,-0.121,-0.033,6.2570000000000014,0.664,3.0,0.01,22.172,0.002,-0.065,395.437,0.273,-0.534
00:00:21.033,1572936703678,-0.121,-0.034,6.2570000000000014,0.664,3.0,0.01,22.17,0.002,-0.065,395.783,0.274,-0.534
00:00:21.093,1572936703738,-0.12,-0.036000000000000004,6.2570000000000014,0.664,3.0,0.01,22.16800000000001,0.002,-0.065,396.153,0.274,-0.534
00:00:21.094,1572936703739,-0.12,-0.038,6.2570000000000014,0.664,3.0,0.01,22.166,0.002,-0.065,396.522,0.274,-0.534
00:00:21.095,1572936703740,-0.12,-0.039,6.2570000000000014,0.664,3.0,0.01,22.164,0.001,-0.065,396.915,0.275,-0.534
00:00:21.096,1572936703741,-0.12,-0.041,6.2570000000000014,0.664,3.0,0.01,22.162,0.001,-0.065,397.261,0.275,-0.534
00:00:21.143,1572936703788,-0.12,-0.042,6.2570000000000014,0.664,3.0,0.01,22.16,0.001,-0.065,397.63,0.275,-0.534
00:00:21.144,1572936703789,-0.12,-0.043,6.2570000000000014,0.664,3.0,0.01,22.157,0.001,-0.065,398.023,0.276,-0.534
00:00:21.145,1572936703790,-0.12,-0.043,6.2570000000000014,0.664,3.0,0.011,22.155,0.001,-0.065,398.392,0.276,-0.534
00:00:21.193,1572936703838,-0.12,-0.044,6.2570000000000014,0.664,3.0,0.011,22.154,0.001,-0.065,398.73800000000006,0.276,-0.534
00:00:21.194,1572936703839,-0.12,-0.045,6.2570000000000014,0.664,3.0,0.011,22.152,0.001,-0.065,399.107,0.276,-0.534
00:00:21.195,1572936703840,-0.12,-0.046,6.2570000000000014,0.664,3.0,0.011,22.149,0.001,-0.065,399.499,0.277,-0.534
00:00:21.245,1572936703890,-0.12,-0.048,6.2570000000000014,0.664,3.0,0.012,22.147,0.002,-0.065,399.869,0.277,-0.534
00:00:21.246,1572936703891,-0.12,-0.049,6.2570000000000014,0.664,3.0,0.012,22.145,0.002,-0.065,400.23800000000006,0.277,-0.534
00:00:21.247,1572936703892,-0.12,-0.052000000000000005,6.2570000000000014,0.664,3.0,0.012,22.144,0.002,-0.065,400.584,0.277,-0.534
00:00:21.296,1572936703941,-0.12,-0.054000000000000006,6.2570000000000014,0.664,3.0,0.012,22.142,0.002,-0.065,400.953,0.277,-0.534
00:00:21.297,1572936703942,-0.12,-0.058,6.2570000000000014,0.664,3.0,0.012,22.139,0.002,-0.065,401.345,0.278,-0.534
00:00:21.298,1572936703943,-0.12,-0.061,6.2570000000000014,0.664,3.0,0.013,22.138,0.002,-0.065,401.691,0.278,-0.534
00:00:21.346,1572936703991,-0.12,-0.064,6.2570000000000014,0.664,3.0,0.013,22.136,0.002,-0.065,402.06,0.278,-0.534
00:00:21.347,1572936703992,-0.12,-0.066,6.2570000000000014,0.664,3.0,0.013,22.134,0.002,-0.065,402.429,0.278,-0.534
00:00:21.348,1572936703993,-0.12,-0.069,6.2570000000000014,0.664,3.0,0.014,22.132,0.002,-0.065,402.821,0.278,-0.534
00:00:21.396,1572936704041,-0.12,-0.071,6.2570000000000014,0.664,3.0,0.014,22.13,0.003,-0.065,403.189,0.278,-0.534
00:00:21.397,1572936704042,-0.12,-0.07200000000000001,6.2570000000000014,0.664,3.0,0.015,22.128,0.003,-0.065,403.535,0.278,-0.534
00:00:21.398,1572936704043,-0.12,-0.073,6.2570000000000014,0.664,3.0,0.015,22.126,0.003,-0.065,403.904,0.278,-0.534
00:00:21.452,1572936704097,-0.12,-0.07400000000000001,6.2570000000000014,0.664,3.0,0.016,22.124,0.003,-0.065,404.296,0.278,-0.534
00:00:21.453,1572936704098,-0.12,-0.075,6.2570000000000014,0.664,3.0,0.016,22.122,0.003,-0.065,404.664,0.278,-0.534
00:00:21.454,1572936704099,-0.12,-0.075,6.2570000000000014,0.664,3.0,0.017,22.12,0.004,-0.064,405.01,0.278,-0.534
00:00:21.455,1572936704100,-0.12,-0.076,6.2570000000000014,0.664,3.0,0.017,22.118,0.004,-0.064,405.379,0.278,-0.534
00:00:21.502,1572936704147,-0.12,-0.077,6.2570000000000014,0.664,3.0,0.018000000000000002,22.116,0.004,-0.064,405.77,0.278,-0.534
00:00:21.503,1572936704148,-0.12,-0.077,6.2570000000000014,0.664,3.0,0.018000000000000002,22.114,0.004,-0.065,406.139,0.278,-0.534
00:00:21.504,1572936704149,-0.12,-0.078,6.2570000000000014,0.664,3.0,0.019,22.112,0.005,-0.065,406.484,0.278,-0.534
00:00:21.552,1572936704197,-0.12,-0.078,6.2570000000000014,0.664,3.0,0.019,22.11,0.005,-0.065,406.876,0.278,-0.534
00:00:21.553,1572936704198,-0.12,-0.078,6.2570000000000014,0.664,3.0,0.019,22.108,0.005,-0.065,407.221,0.278,-0.534
00:00:21.554,1572936704199,-0.12,-0.077,6.2570000000000014,0.664,3.0,0.02,22.106,0.005,-0.065,407.61300000000006,0.277,-0.534
00:00:21.603,1572936704248,-0.12,-0.077,6.2570000000000014,0.664,3.0,0.02,22.104,0.006,-0.065,407.981,0.277,-0.534
00:00:21.604,1572936704249,-0.12,-0.076,6.2570000000000014,0.664,3.0,0.021,22.102,0.006,-0.065,408.35,0.277,-0.534
00:00:21.605,1572936704250,-0.119,-0.075,6.2570000000000014,0.664,3.0,0.021,22.1,0.006,-0.065,408.718,0.277,-0.534
00:00:21.655,1572936704300,-0.119,-0.07400000000000001,6.2570000000000014,0.664,3.0,0.021,22.09800000000001,0.006,-0.065,409.086,0.276,-0.534
00:00:21.656,1572936704301,-0.119,-0.073,6.2570000000000014,0.664,3.0,0.022,22.096,0.006,-0.065,409.432,0.276,-0.534
00:00:21.657,1572936704302,-0.119,-0.071,6.2570000000000014,0.664,3.0,0.022,22.094,0.006,-0.065,409.8,0.276,-0.534
00:00:21.705,1572936704350,-0.119,-0.07,6.2570000000000014,0.664,3.0,0.022,22.092,0.006,-0.065,410.191,0.275,-0.534
00:00:21.706,1572936704351,-0.119,-0.069,6.2570000000000014,0.664,3.0,0.022,22.09,0.006,-0.065,410.559,0.275,-0.534
00:00:21.707,1572936704352,-0.119,-0.068,6.2570000000000014,0.664,3.0,0.022,22.088,0.006,-0.065,410.904,0.275,-0.534
00:00:21.755,1572936704400,-0.119,-0.066,6.2570000000000014,0.664,3.0,0.022,22.086,0.006,-0.064,411.295,0.274,-0.534
00:00:21.756,1572936704401,-0.119,-0.065,6.2570000000000014,0.664,3.0,0.022,22.084,0.006,-0.064,411.641,0.274,-0.534
00:00:21.757,1572936704402,-0.119,-0.063,6.2570000000000014,0.664,3.0,0.022,22.082,0.006,-0.064,412.032,0.274,-0.534
00:00:21.805,1572936704450,-0.119,-0.061,6.2570000000000014,0.664,3.0,0.023,22.08,0.006,-0.064,412.4,0.273,-0.534
00:00:21.806,1572936704451,-0.119,-0.058,6.2570000000000014,0.664,3.0,0.023,22.07800000000001,0.006,-0.064,412.768,0.273,-0.534
00:00:21.807,1572936704452,-0.119,-0.056,6.2570000000000014,0.664,3.0,0.023,22.076,0.006,-0.064,413.136,0.272,-0.534
00:00:21.856,1572936704501,-0.119,-0.052000000000000005,6.2570000000000014,0.664,3.0,0.023,22.074,0.005,-0.064,413.503,0.272,-0.534
00:00:21.857,1572936704502,-0.119,-0.048,6.2570000000000014,0.664,3.0,0.023,22.072,0.005,-0.064,413.871,0.271,-0.534
00:00:21.858,1572936704503,-0.119,-0.044,6.2570000000000014,0.664,3.0,0.023,22.07,0.005,-0.064,414.239,0.271,-0.534
00:00:21.906,1572936704551,-0.119,-0.039,6.2570000000000014,0.664,3.0,0.023,22.068,0.005,-0.064,414.607,0.27,-0.534
00:00:21.907,1572936704552,-0.119,-0.034,6.2570000000000014,0.664,3.0,0.022,22.066,0.005,-0.064,414.975,0.27,-0.534
00:00:21.908,1572936704553,-0.119,-0.029,6.2570000000000014,0.664,3.0,0.022,22.064,0.005,-0.064,415.343,0.269,-0.534
00:00:21.958,1572936704603,-0.119,-0.023,6.2570000000000014,0.664,3.0,0.022,22.062,0.005,-0.064,415.71,0.269,-0.534
00:00:21.959,1572936704604,-0.119,-0.018000000000000002,6.2570000000000014,0.664,3.0,0.022,22.06,0.005,-0.064,416.055,0.268,-0.534
00:00:21.960,1572936704605,-0.119,-0.013,6.2570000000000014,0.664,3.0,0.021,22.058000000000003,0.005,-0.064,416.446,0.268,-0.534
00:00:22.009,1572936704654,-0.118,-0.008,6.2570000000000014,0.664,3.0,0.021,22.056,0.005,-0.064,416.81300000000016,0.267,-0.534
00:00:22.010,1572936704655,-0.118,-0.004,6.2570000000000014,0.664,3.0,0.02,22.054,0.004,-0.064,417.181,0.266,-0.534
00:00:22.011,1572936704656,-0.118,0.0,6.2570000000000014,0.664,3.0,0.019,22.052,0.004,-0.064,417.548,0.266,-0.534
00:00:22.060,1572936704705,-0.118,0.003,6.2570000000000014,0.664,3.0,0.018000000000000002,22.05,0.004,-0.064,417.916,0.265,-0.534
00:00:22.061,1572936704706,-0.118,0.006,6.2570000000000014,0.664,3.0,0.017,22.048,0.003,-0.064,418.283,0.265,-0.534
00:00:22.062,1572936704707,-0.118,0.008,6.2570000000000014,0.664,3.0,0.016,22.046,0.003,-0.064,418.651,0.264,-0.534
00:00:22.117,1572936704762,-0.118,0.01,6.2570000000000014,0.664,3.0,0.015,22.044,0.003,-0.064,419.018,0.264,-0.534
00:00:22.118,1572936704763,-0.119,0.011,6.2570000000000014,0.664,3.0,0.015,22.042,0.002,-0.064,419.386,0.263,-0.534
00:00:22.119,1572936704764,-0.119,0.012,6.2570000000000014,0.664,3.0,0.014,22.04,0.001,-0.064,419.753,0.263,-0.534
00:00:22.120,1572936704765,-0.118,0.013,6.2570000000000014,0.664,3.0,0.013,22.038,0.001,-0.064,420.12,0.262,-0.534
00:00:22.167,1572936704812,-0.118,0.014,6.2570000000000014,0.664,3.0,0.012,22.036,0.0,-0.064,420.48800000000006,0.262,-0.534
00:00:22.168,1572936704813,-0.118,0.016,6.2570000000000014,0.664,3.0,0.011,22.034,0.0,-0.064,420.855,0.261,-0.534
00:00:22.169,1572936704814,-0.118,0.017,6.2570000000000014,0.664,3.0,0.011,22.032,-0.001,-0.064,421.222,0.261,-0.534
00:00:22.217,1572936704862,-0.118,0.019,6.2570000000000014,0.664,3.0,0.01,22.03,-0.001,-0.064,421.589,0.26,-0.534
00:00:22.218,1572936704863,-0.118,0.021,6.2570000000000014,0.664,3.0,0.009000000000000001,22.028,-0.002,-0.064,421.956,0.26,-0.534
00:00:22.219,1572936704864,-0.118,0.022,6.2570000000000014,0.664,3.0,0.008,22.026,-0.002,-0.064,422.324,0.259,-0.534
00:00:22.268,1572936704913,-0.118,0.024,6.2570000000000014,0.664,3.0,0.008,22.024,-0.002,-0.064,422.691,0.259,-0.534
00:00:22.269,1572936704914,-0.118,0.025,6.2570000000000014,0.664,3.0,0.006999999999999999,22.023000000000003,-0.003,-0.064,423.05800000000005,0.258,-0.534
00:00:22.270,1572936704915,-0.118,0.026,6.2570000000000014,0.664,3.0,0.006,22.021,-0.003,-0.064,423.425,0.258,-0.534
00:00:22.318,1572936704963,-0.118,0.026,6.2570000000000014,0.664,3.0,0.006,22.019,-0.003,-0.064,423.792,0.257,-0.534
00:00:22.319,1572936704964,-0.118,0.026,6.2570000000000014,0.664,3.0,0.005,22.017,-0.003,-0.064,424.159,0.257,-0.534
00:00:22.320,1572936704965,-0.118,0.026,6.2570000000000014,0.664,3.0,0.004,22.015,-0.003,-0.064,424.526,0.256,-0.534
00:00:22.370,1572936705015,-0.118,0.026,6.2570000000000014,0.664,3.0,0.004,22.013,-0.003,-0.064,424.892,0.256,-0.534
00:00:22.371,1572936705016,-0.118,0.025,6.2570000000000014,0.664,3.0,0.003,22.011,-0.003,-0.064,425.259,0.255,-0.534
00:00:22.372,1572936705017,-0.118,0.024,6.2570000000000014,0.664,3.0,0.003,22.009,-0.003,-0.064,425.626,0.255,-0.534
00:00:22.421,1572936705066,-0.118,0.024,6.2570000000000014,0.664,3.0,0.002,22.007,-0.003,-0.064,425.99300000000005,0.254,-0.534
00:00:22.422,1572936705067,-0.118,0.023,6.2570000000000014,0.664,3.0,0.002,22.005,-0.003,-0.064,426.36,0.254,-0.534
00:00:22.423,1572936705068,-0.118,0.022,6.77,0.664,3.0,0.002,22.003,-0.003,-0.064,426.726,0.254,-0.534
00:00:22.471,1572936705116,-0.117,0.021,6.77,0.664,3.0,0.001,22.001,-0.003,-0.064,427.093,0.253,-0.534
00:00:22.472,1572936705117,-0.114,0.02,6.77,0.664,3.0,0.001,21.999,-0.003,-0.064,427.46,0.253,-0.534
00:00:22.473,1572936705118,-0.109,0.019,6.77,0.664,3.0,0.0,21.997,-0.003,-0.064,427.826,0.252,-0.534
00:00:22.521,1572936705166,-0.105,0.017,6.77,0.664,3.0,0.0,21.996,-0.002,-0.064,428.193,0.252,-0.534
00:00:22.522,1572936705167,-0.101,0.016,6.77,0.664,3.0,0.0,21.994,-0.002,-0.064,428.56,0.252,-0.534
00:00:22.523,1572936705168,-0.099,0.015,7.649,0.664,3.0,0.0,21.992,-0.002,-0.064,428.926,0.251,-0.534
00:00:22.571,1572936705216,-0.097,0.013,7.649,0.664,3.0,-0.001,21.991,-0.002,-0.063,429.293,0.251,-0.534
00:00:22.572,1572936705217,-0.091,0.012,7.649,0.664,3.0,-0.001,21.989,-0.002,-0.063,429.659,0.25,-0.534
00:00:22.573,1572936705218,-0.084,0.011,7.649,0.664,3.0,-0.001,21.988000000000003,-0.002,-0.063,430.026,0.25,-0.534
00:00:22.621,1572936705266,-0.076,0.009000000000000001,7.649,0.664,3.0,-0.001,21.987,-0.002,-0.062,430.392,0.25,-0.534
00:00:22.622,1572936705267,-0.071,0.008,7.649,0.664,3.0,-0.001,21.986,-0.001,-0.062,430.759,0.249,-0.534
00:00:22.623,1572936705268,-0.071,0.006999999999999999,7.795,1.128,3.0,-0.001,21.985,-0.001,-0.062,431.125,0.249,-0.534
00:00:22.671,1572936705316,-0.075,0.005,7.795,1.128,3.0,-0.002,21.983,-0.001,-0.061,431.491,0.249,-0.534
00:00:22.672,1572936705317,-0.079,0.003,7.795,1.128,3.0,-0.002,21.982,-0.001,-0.061,431.858,0.248,-0.534
00:00:22.673,1572936705318,-0.08,0.001,7.795,1.128,3.0,-0.002,21.981,-0.001,-0.06,432.224,0.248,-0.534
00:00:22.727,1572936705372,-0.08,-0.001,7.795,1.128,3.0,-0.002,21.979,-0.001,-0.06,432.591,0.247,-0.534
00:00:22.728,1572936705373,-0.08,-0.003,7.795,1.128,3.0,-0.002,21.978,-0.001,-0.059,432.957,0.247,-0.534
00:00:22.729,1572936705374,-0.078,-0.004,8.454,0.664,3.0,-0.002,21.977,-0.001,-0.059,433.323,0.247,-0.534
00:00:22.778,1572936705423,-0.071,-0.006,8.454,0.664,3.0,-0.001,21.976,-0.001,-0.058,433.689,0.246,-0.534
00:00:22.779,1572936705424,-0.063,-0.006999999999999999,8.454,0.664,3.0,-0.001,21.975,-0.001,-0.058,434.056,0.246,-0.534
00:00:22.780,1572936705425,-0.055,-0.008,8.454,0.664,3.0,-0.001,21.974,-0.001,-0.057,434.422,0.246,-0.534
00:00:22.824,1572936705469,-0.048,-0.009000000000000001,8.454,0.664,3.0,-0.001,21.97300000000001,0.0,-0.057,434.788,0.245,-0.534
00:00:22.825,1572936705470,-0.044,-0.01,8.454,0.664,3.0,-0.001,21.97300000000001,0.0,-0.056,435.154,0.245,-0.534
00:00:22.826,1572936705471,-0.043,-0.01,9.114,0.664,3.0,-0.001,21.972,0.0,-0.056,435.52,0.244,-0.534
00:00:22.874,1572936705519,-0.042,-0.011,9.114,0.664,3.0,0.0,21.971,0.0,-0.055,435.887,0.244,-0.534
00:00:22.875,1572936705520,-0.038,-0.011,9.114,0.664,3.0,0.0,21.971,0.0,-0.055,436.253,0.244,-0.534
00:00:22.876,1572936705521,-0.032,-0.012,9.114,0.664,3.0,0.0,21.97,0.0,-0.054000000000000006,436.619,0.243,-0.534
00:00:22.924,1572936705569,-0.027000000000000003,-0.013,9.114,0.664,3.0,0.0,21.97,0.001,-0.054000000000000006,436.985,0.243,-0.534
00:00:22.925,1572936705570,-0.024,-0.013,9.114,0.664,3.0,0.0,21.969,0.001,-0.053,437.351,0.243,-0.534
00:00:22.926,1572936705571,-0.022,-0.013,9.26,0.664,3.0,0.001,21.969,0.001,-0.053,437.718,0.242,-0.534
00:00:22.974,1572936705619,-0.022,-0.013,9.26,0.664,3.0,0.001,21.969,0.001,-0.052000000000000005,438.084,0.242,-0.534
00:00:22.975,1572936705620,-0.021,-0.013,9.26,0.664,3.0,0.001,21.968000000000004,0.001,-0.052000000000000005,438.45,0.241,-0.534
00:00:22.976,1572936705621,-0.021,-0.013,9.26,0.664,3.0,0.001,21.968000000000004,0.001,-0.051,438.816,0.241,-0.534
00:00:23.026,1572936705671,-0.021,-0.014,9.26,0.664,3.0,0.001,21.968000000000004,0.001,-0.051,439.182,0.24,-0.534
00:00:23.027,1572936705672,-0.021,-0.014,9.26,0.664,3.0,0.001,21.967,0.001,-0.051,439.548,0.24,-0.534
00:00:23.028,1572936705673,-0.02,-0.014,9.26,0.664,3.0,0.001,21.967,0.001,-0.05,439.914,0.24,-0.534
00:00:23.075,1572936705720,-0.02,-0.013,9.26,0.664,3.0,0.002,21.967,0.001,-0.05,440.28,0.239,-0.534
00:00:23.076,1572936705721,-0.02,-0.013,9.26,0.664,3.0,0.002,21.966,0.001,-0.05,440.647,0.239,-0.534
00:00:23.077,1572936705722,-0.02,-0.013,9.26,0.664,3.0,0.002,21.966,0.001,-0.049,441.013,0.238,-0.534
00:00:23.126,1572936705771,-0.02,-0.013,9.26,0.664,3.0,0.002,21.966,0.001,-0.049,441.379,0.238,-0.534
00:00:23.127,1572936705772,-0.02,-0.012,9.26,0.664,3.0,0.002,21.965,0.001,-0.049,441.745,0.237,-0.534
00:00:23.128,1572936705773,-0.02,-0.012,9.26,0.664,3.0,0.002,21.965,0.001,-0.049,442.111,0.237,-0.534
00:00:23.177,1572936705822,-0.02,-0.011,9.26,0.664,3.0,0.002,21.965,0.001,-0.049,442.477,0.236,-0.534
00:00:23.178,1572936705823,-0.02,-0.011,9.26,0.664,3.0,0.002,21.964,0.001,-0.049,442.843,0.236,-0.534
00:00:23.179,1572936705824,-0.02,-0.011,9.26,0.664,3.0,0.002,21.964,0.001,-0.049,443.209,0.236,-0.534
00:00:23.227,1572936705872,-0.02,-0.01,9.26,0.664,3.0,0.003,21.964,0.001,-0.049,443.575,0.235,-0.534
00:00:23.228,1572936705873,-0.02,-0.009000000000000001,9.26,0.664,3.0,0.003,21.963,0.001,-0.049,443.941,0.235,-0.534
00:00:23.229,1572936705874,-0.02,-0.009000000000000001,9.26,0.664,3.0,0.003,21.963,0.001,-0.049,444.307,0.234,-0.534
00:00:23.280,1572936705925,-0.02,-0.008,9.26,0.664,3.0,0.003,21.963,0.001,-0.05,444.673,0.234,-0.534
00:00:23.281,1572936705926,-0.02,-0.008,9.26,0.664,3.0,0.003,21.962,0.001,-0.05,445.039,0.233,-0.534
00:00:23.282,1572936705927,-0.02,-0.006999999999999999,9.26,0.664,3.0,0.003,21.962,0.001,-0.05,445.405,0.233,-0.534
00:00:23.330,1572936705975,-0.02,-0.006,9.26,0.664,3.0,0.003,21.962,0.001,-0.05,445.771,0.232,-0.534
00:00:23.331,1572936705976,-0.02,-0.005,9.26,0.664,3.0,0.003,21.961,0.001,-0.05,446.138,0.232,-0.534
00:00:23.332,1572936705977,-0.02,-0.005,9.26,0.664,3.0,0.003,21.961,0.001,-0.05,446.504,0.231,-0.534
00:00:23.380,1572936706025,-0.02,-0.005,9.26,0.664,3.0,0.003,21.961,0.001,-0.05,446.87,0.231,-0.534
00:00:23.381,1572936706026,-0.02,-0.004,9.26,0.664,3.0,0.003,21.96,0.001,-0.05,447.236,0.23,-0.534
00:00:23.382,1572936706027,-0.02,-0.004,9.26,0.664,3.0,0.003,21.96,0.001,-0.051,447.602,0.23,-0.534
00:00:23.430,1572936706075,-0.02,-0.004,9.26,0.664,3.0,0.003,21.96,0.001,-0.051,447.968,0.229,-0.534
00:00:23.431,1572936706076,-0.02,-0.003,9.26,0.664,3.0,0.002,21.959,0.0,-0.051,448.334,0.229,-0.534
00:00:23.432,1572936706077,-0.02,-0.003,9.26,0.664,3.0,0.002,21.959,0.0,-0.051,448.7,0.228,-0.534
00:00:23.480,1572936706125,-0.02,-0.003,9.26,0.664,3.0,0.002,21.959,0.0,-0.051,449.065,0.228,-0.534
00:00:23.481,1572936706126,-0.02,-0.002,9.26,0.664,3.0,0.002,21.958,0.0,-0.051,449.431,0.227,-0.534
00:00:23.482,1572936706127,-0.02,-0.002,9.26,0.664,3.0,0.002,21.958,0.0,-0.051,449.797,0.227,-0.534
00:00:23.532,1572936706177,-0.02,-0.002,9.26,0.664,3.0,0.002,21.958,0.0,-0.051,450.163,0.227,-0.534
00:00:23.533,1572936706178,-0.02,-0.002,9.26,0.664,3.0,0.002,21.957,0.0,-0.051,450.529,0.226,-0.534
00:00:23.534,1572936706179,-0.02,-0.002,9.26,0.664,3.0,0.002,21.957,0.0,-0.051,450.895,0.226,-0.534
00:00:23.584,1572936706229,-0.02,-0.001,9.26,0.664,3.0,0.002,21.957,0.0,-0.051,451.261,0.225,-0.534
00:00:23.585,1572936706230,-0.02,-0.001,9.26,0.664,3.0,0.002,21.956,0.0,-0.052000000000000005,451.627,0.225,-0.534
00:00:23.586,1572936706231,-0.02,-0.001,9.26,0.664,3.0,0.002,21.956,0.0,-0.052000000000000005,451.99300000000005,0.224,-0.534
00:00:23.640,1572936706285,-0.02,-0.001,9.26,0.664,3.0,0.002,21.956,0.0,-0.052000000000000005,452.382,0.224,-0.534
00:00:23.641,1572936706286,-0.02,-0.002,9.26,0.664,3.0,0.002,21.955,0.0,-0.052000000000000005,452.725,0.223,-0.534
00:00:23.642,1572936706287,-0.02,-0.002,9.26,0.664,3.0,0.002,21.955,0.0,-0.052000000000000005,453.091,0.223,-0.534
00:00:23.643,1572936706288,-0.02,-0.002,9.26,0.664,3.0,0.002,21.955,0.0,-0.052000000000000005,453.457,0.222,-0.534
00:00:23.690,1572936706335,-0.02,-0.002,9.26,0.664,3.0,0.002,21.954,0.0,-0.052000000000000005,453.823,0.222,-0.534
00:00:23.691,1572936706336,-0.02,-0.002,9.26,0.664,3.0,0.002,21.954,0.0,-0.052000000000000005,454.189,0.221,-0.534
00:00:23.692,1572936706337,-0.02,-0.002,9.26,0.664,3.0,0.002,21.954,0.0,-0.052000000000000005,454.555,0.221,-0.534
00:00:23.740,1572936706385,-0.02,-0.002,9.26,0.664,3.0,0.002,21.95300000000001,0.0,-0.052000000000000005,454.92,0.22,-0.534
00:00:23.741,1572936706386,-0.02,-0.002,9.26,0.664,3.0,0.002,21.95300000000001,0.0,-0.052000000000000005,455.286,0.22,-0.534
00:00:23.742,1572936706387,-0.02,-0.002,9.26,0.664,3.0,0.002,21.95300000000001,0.0,-0.052000000000000005,455.652,0.219,-0.534
00:00:23.790,1572936706435,-0.02,-0.002,9.26,0.664,3.0,0.002,21.952,0.0,-0.052000000000000005,456.018,0.219,-0.534
00:00:23.791,1572936706436,-0.02,-0.003,9.26,0.664,3.0,0.002,21.952,0.0,-0.052000000000000005,456.384,0.218,-0.534
00:00:23.792,1572936706437,-0.02,-0.003,9.26,0.664,3.0,0.002,21.952,0.0,-0.052000000000000005,456.75,0.218,-0.534
00:00:23.841,1572936706486,-0.02,-0.003,9.26,0.664,3.0,0.002,21.951,0.0,-0.052000000000000005,457.116,0.217,-0.534
00:00:23.842,1572936706487,-0.02,-0.003,9.26,0.664,3.0,0.002,21.951,0.0,-0.052000000000000005,457.482,0.217,-0.534
00:00:23.843,1572936706488,-0.02,-0.003,9.26,0.664,3.0,0.002,21.951,0.0,-0.052000000000000005,457.847,0.21600000000000005,-0.534
00:00:23.893,1572936706538,-0.02,-0.003,9.26,0.664,3.0,0.002,21.95,0.0,-0.052000000000000005,458.213,0.21600000000000005,-0.534
00:00:23.894,1572936706539,-0.02,-0.004,9.26,0.664,3.0,0.002,21.95,0.0,-0.052000000000000005,458.579,0.215,-0.534
00:00:23.895,1572936706540,-0.02,-0.004,9.26,0.664,3.0,0.001,21.95,0.0,-0.052000000000000005,458.945,0.215,-0.534
00:00:23.944,1572936706589,-0.02,-0.004,9.26,0.664,3.0,0.001,21.949,0.0,-0.052000000000000005,459.311,0.214,-0.534
00:00:23.945,1572936706590,-0.02,-0.003,9.26,0.664,3.0,0.001,21.949,0.0,-0.051,459.677,0.214,-0.534
00:00:23.946,1572936706591,-0.02,-0.003,9.26,0.664,3.0,0.001,21.949,0.0,-0.051,460.042,0.213,-0.534
00:00:23.994,1572936706639,-0.02,-0.003,9.26,0.664,3.0,0.001,21.948,0.0,-0.051,460.408,0.213,-0.534
00:00:23.995,1572936706640,-0.02,-0.002,9.26,0.664,3.0,0.001,21.948,0.0,-0.051,460.774,0.212,-0.534
00:00:23.996,1572936706641,-0.02,-0.002,9.26,0.664,3.0,0.001,21.948,0.0,-0.051,461.14,0.212,-0.534
00:00:24.050,1572936706695,-0.02,-0.001,9.26,0.664,3.0,0.001,21.947,0.0,-0.051,461.506,0.211,-0.534
00:00:24.051,1572936706696,-0.02,-0.001,9.26,0.664,3.0,0.001,21.947,0.0,-0.051,461.871,0.211,-0.534
00:00:24.052,1572936706697,-0.02,0.0,9.26,0.664,3.0,0.001,21.947,0.001,-0.051,462.237,0.21,-0.534
00:00:24.096,1572936706741,-0.02,0.0,9.26,0.664,3.0,0.001,21.947,0.001,-0.051,462.603,0.21,-0.534
00:00:24.097,1572936706742,-0.02,0.001,9.26,0.664,3.0,0.001,21.946,0.001,-0.051,462.969,0.209,-0.534
00:00:24.098,1572936706743,-0.02,0.002,9.26,0.664,3.0,0.001,21.946,0.001,-0.051,463.334,0.209,-0.534
00:00:24.146,1572936706791,-0.02,0.002,9.26,0.664,3.0,0.001,21.946,0.001,-0.051,463.7,0.208,-0.534
00:00:24.147,1572936706792,-0.02,0.002,9.26,0.664,3.0,0.001,21.945,0.001,-0.051,464.066,0.208,-0.534
00:00:24.148,1572936706793,-0.02,0.003,9.26,0.664,3.0,0.001,21.945,0.001,-0.051,464.432,0.207,-0.534
00:00:24.196,1572936706841,-0.02,0.003,9.26,0.664,3.0,0.001,21.945,0.0,-0.051,464.797,0.207,-0.534
00:00:24.197,1572936706842,-0.02,0.003,9.26,0.664,3.0,0.001,21.94400000000001,0.0,-0.051,465.163,0.206,-0.534
00:00:24.198,1572936706843,-0.02,0.003,9.26,0.664,3.0,0.001,21.94400000000001,0.0,-0.051,465.529,0.206,-0.534
00:00:24.248,1572936706893,-0.02,0.003,9.26,0.664,3.0,0.001,21.94400000000001,0.0,-0.051,465.895,0.205,-0.534
00:00:24.249,1572936706894,-0.02,0.003,9.26,0.664,3.0,0.001,21.943,0.0,-0.051,466.26,0.205,-0.534
00:00:24.250,1572936706895,-0.02,0.003,9.26,0.664,3.0,0.0,21.943,0.0,-0.051,466.626,0.204,-0.534
00:00:24.299,1572936706944,-0.02,0.004,9.26,0.664,3.0,0.0,21.943,0.0,-0.051,466.992,0.204,-0.534
00:00:24.300,1572936706945,-0.02,0.004,9.26,0.664,3.0,0.0,21.942,0.0,-0.051,467.358,0.203,-0.534
00:00:24.301,1572936706946,-0.02,0.004,9.26,0.664,3.0,0.0,21.942,0.0,-0.051,467.723,0.203,-0.534
00:00:24.349,1572936706994,-0.02,0.004,9.26,0.664,3.0,0.0,21.942,0.0,-0.051,468.089,0.202,-0.534
00:00:24.350,1572936706995,-0.02,0.004,9.26,0.664,3.0,0.0,21.941,0.0,-0.051,468.455,0.202,-0.534
00:00:24.351,1572936706996,-0.02,0.004,9.26,0.664,3.0,0.0,21.941,0.0,-0.051,468.82,0.201,-0.534
00:00:24.400,1572936707045,-0.02,0.004,9.26,0.664,3.0,0.0,21.941,0.0,-0.051,469.186,0.201,-0.534
00:00:24.401,1572936707046,-0.02,0.004,9.26,0.664,3.0,0.0,21.94,-0.001,-0.051,469.552,0.2,-0.534
00:00:24.402,1572936707047,-0.02,0.004,9.26,0.664,3.0,0.0,21.94,-0.001,-0.051,469.917,0.2,-0.534
00:00:24.403,1572936707048,-0.02,0.004,9.26,0.664,3.0,0.0,21.94,-0.001,-0.051,470.283,0.199,-0.534
00:00:24.453,1572936707098,-0.02,0.004,9.26,0.664,3.0,0.0,21.939,-0.001,-0.051,470.649,0.199,-0.534
00:00:24.454,1572936707099,-0.02,0.004,9.26,0.664,3.0,0.0,21.939,-0.001,-0.051,471.014,0.198,-0.534
00:00:24.455,1572936707100,-0.019,0.004,9.26,0.664,3.0,-0.001,21.939,-0.001,-0.051,471.38,0.198,-0.534
00:00:24.504,1572936707149,-0.019,0.004,9.26,0.664,3.0,-0.001,21.938,-0.001,-0.051,471.746,0.197,-0.534
00:00:24.505,1572936707150,-0.019,0.004,9.26,0.664,3.0,-0.001,21.938,-0.001,-0.051,472.111,0.197,-0.534
00:00:24.506,1572936707151,-0.019,0.004,9.26,0.664,3.0,-0.001,21.938,-0.001,-0.051,472.477,0.196,-0.534
00:00:24.554,1572936707199,-0.019,0.003,9.26,0.664,3.0,-0.001,21.937,-0.001,-0.051,472.842,0.196,-0.534
00:00:24.555,1572936707200,-0.019,0.003,9.26,0.664,3.0,-0.001,21.937,-0.001,-0.051,473.208,0.195,-0.534
00:00:24.556,1572936707201,-0.019,0.003,9.26,0.664,3.0,-0.001,21.937,0.0,-0.051,473.574,0.195,-0.534
00:00:24.605,1572936707250,-0.019,0.003,9.26,0.664,3.0,-0.001,21.936,0.0,-0.051,473.939,0.195,-0.534
00:00:24.606,1572936707251,-0.019,0.002,9.26,0.664,3.0,-0.001,21.936,0.0,-0.051,474.305,0.194,-0.534
00:00:24.607,1572936707252,-0.019,0.002,9.26,0.664,3.0,-0.001,21.936,0.0,-0.051,474.671,0.194,-0.534
00:00:24.657,1572936707302,-0.019,0.002,9.26,0.664,3.0,-0.001,21.935,0.0,-0.051,475.036,0.193,-0.534
00:00:24.658,1572936707303,-0.019,0.002,9.26,0.664,3.0,-0.001,21.935,0.0,-0.051,475.402,0.193,-0.534
00:00:24.659,1572936707304,-0.019,0.002,9.26,0.664,3.0,-0.001,21.935,0.0,-0.051,475.767,0.192,-0.534
00:00:24.708,1572936707353,-0.019,0.001,9.26,0.664,3.0,-0.001,21.935,0.0,-0.051,476.133,0.192,-0.534
00:00:24.709,1572936707354,-0.019,0.001,9.26,0.664,3.0,-0.001,21.934,0.0,-0.051,476.49800000000016,0.191,-0.534
00:00:24.710,1572936707355,-0.019,0.0,9.26,0.664,3.0,-0.001,21.934,0.0,-0.051,476.864,0.191,-0.534
00:00:24.758,1572936707403,-0.019,0.0,9.26,0.664,3.0,-0.001,21.934,0.0,-0.051,477.23,0.19,-0.534
00:00:24.759,1572936707404,-0.019,0.0,9.26,0.664,3.0,-0.001,21.933000000000003,0.0,-0.051,477.595,0.19,-0.534
00:00:24.760,1572936707405,-0.019,0.0,9.26,0.664,3.0,-0.001,21.933000000000003,0.0,-0.051,477.93800000000016,0.189,-0.534
00:00:24.811,1572936707456,-0.019,0.0,9.26,0.664,3.0,-0.001,21.933000000000003,0.0,-0.051,478.281,0.189,-0.534
00:00:24.812,1572936707457,-0.019,0.0,9.26,0.664,3.0,-0.001,21.932,0.0,-0.051,478.646,0.188,-0.534
00:00:24.813,1572936707458,-0.019,-0.001,9.26,0.664,3.0,-0.001,21.932,0.0,-0.051,479.012,0.188,-0.534
00:00:24.861,1572936707506,-0.019,-0.001,9.26,0.664,3.0,-0.001,21.932,0.0,-0.051,479.377,0.187,-0.534
00:00:24.862,1572936707507,-0.019,-0.001,9.26,0.664,3.0,-0.001,21.931,0.0,-0.051,479.74300000000005,0.187,-0.534
00:00:24.863,1572936707508,-0.019,-0.001,9.26,0.664,3.0,-0.001,21.931,0.0,-0.051,480.108,0.187,-0.534
00:00:24.911,1572936707556,-0.019,-0.001,9.26,0.664,3.0,-0.001,21.931,0.0,-0.051,480.474,0.18600000000000005,-0.534
00:00:24.912,1572936707557,-0.019,-0.001,9.26,0.664,3.0,-0.001,21.93,0.0,-0.051,480.839,0.18600000000000005,-0.534
00:00:24.913,1572936707558,-0.019,-0.001,9.26,0.664,3.0,-0.001,21.93,0.0,-0.051,481.205,0.185,-0.534
00:00:24.961,1572936707606,-0.021,-0.001,9.26,1.128,3.0,-0.001,21.93,0.0,-0.051,481.57,0.185,-0.534
00:00:24.962,1572936707607,-0.026,-0.001,9.26,1.128,3.0,-0.001,21.929,0.0,-0.051,481.936,0.184,-0.534
00:00:24.963,1572936707608,-0.029,-0.001,9.26,1.128,3.0,-0.001,21.929,0.0,-0.051,482.301,0.184,-0.534
00:00:25.013,1572936707658,-0.031,-0.001,9.26,1.128,3.0,-0.001,21.928,0.0,-0.051,482.667,0.183,-0.534
00:00:25.014,1572936707659,-0.031,-0.001,9.26,1.128,3.0,-0.001,21.928,0.0,-0.051,483.032,0.183,-0.534
00:00:25.015,1572936707660,-0.032,-0.001,9.26,1.128,3.0,-0.001,21.927,0.0,-0.052000000000000005,483.398,0.182,-0.534
00:00:25.064,1572936707709,-0.03,-0.002,9.26,0.664,3.0,-0.001,21.927,0.0,-0.052000000000000005,483.763,0.182,-0.534
00:00:25.065,1572936707710,-0.025,-0.002,9.26,0.664,3.0,-0.001,21.926,0.0,-0.052000000000000005,484.128,0.181,-0.534
00:00:25.066,1572936707711,-0.022,-0.002,9.26,0.664,3.0,-0.001,21.926,0.0,-0.052000000000000005,484.494,0.181,-0.534
00:00:25.114,1572936707759,-0.02,-0.002,9.26,0.664,3.0,-0.001,21.926,0.0,-0.052000000000000005,484.859,0.18,-0.534
00:00:25.115,1572936707760,-0.02,-0.002,9.26,0.664,3.0,0.0,21.925,0.0,-0.052000000000000005,485.225,0.18,-0.534
00:00:25.116,1572936707761,-0.019,-0.002,9.26,0.664,3.0,0.0,21.925,0.0,-0.052000000000000005,485.59,0.179,-0.534
00:00:25.169,1572936707814,-0.019,-0.002,9.26,0.664,3.0,0.0,21.925,0.0,-0.052000000000000005,485.956,0.179,-0.534
00:00:25.170,1572936707815,-0.019,-0.002,9.26,0.664,3.0,0.0,21.924,0.0,-0.052000000000000005,486.321,0.17800000000000002,-0.534
00:00:25.171,1572936707816,-0.019,-0.001,9.26,0.664,3.0,0.0,21.924,0.0,-0.052000000000000005,486.709,0.17800000000000002,-0.534
00:00:25.172,1572936707817,-0.019,-0.001,9.26,0.664,3.0,0.0,21.924,0.0,-0.052000000000000005,487.052,0.177,-0.534
00:00:25.219,1572936707864,-0.019,-0.001,9.26,0.664,3.0,0.0,21.923,0.0,-0.052000000000000005,487.417,0.177,-0.534
00:00:25.220,1572936707865,-0.019,-0.001,9.26,0.664,3.0,0.0,21.923,0.0,-0.052000000000000005,487.783,0.17600000000000002,-0.534
00:00:25.221,1572936707866,-0.019,-0.001,9.26,0.664,3.0,0.0,21.923,0.0,-0.052000000000000005,488.171,0.17600000000000002,-0.534
00:00:25.269,1572936707914,-0.019,-0.001,9.26,0.664,3.0,0.0,21.922,0.0,-0.052000000000000005,488.513,0.17600000000000002,-0.534
00:00:25.270,1572936707915,-0.019,-0.001,9.26,0.664,3.0,0.0,21.922,0.0,-0.052000000000000005,488.879,0.175,-0.534
00:00:25.271,1572936707916,-0.019,-0.001,9.26,0.664,3.0,0.0,21.922,0.0,-0.052000000000000005,489.244,0.175,-0.534
00:00:25.321,1572936707966,-0.019,-0.002,9.26,0.664,3.0,0.0,21.921,0.0,-0.052000000000000005,489.632,0.174,-0.534
00:00:25.322,1572936707967,-0.019,-0.002,9.26,0.664,3.0,0.0,21.921,0.0,-0.052000000000000005,489.975,0.174,-0.534
00:00:25.323,1572936707968,-0.021,-0.002,9.26,1.128,3.0,0.0,21.921,0.0,-0.052000000000000005,490.34,0.173,-0.534
00:00:25.374,1572936708019,-0.025,-0.002,9.26,1.128,3.0,0.0,21.92,0.0,-0.052000000000000005,490.705,0.173,-0.534
00:00:25.375,1572936708020,-0.029,-0.003,9.26,1.128,3.0,0.0,21.92,0.0,-0.052000000000000005,491.094,0.172,-0.534
00:00:25.376,1572936708021,-0.031,-0.003,9.26,1.128,3.0,0.0,21.919,0.0,-0.052000000000000005,491.436,0.172,-0.534
00:00:25.427,1572936708072,-0.031,-0.003,9.26,1.128,3.0,0.0,21.919,0.0,-0.052000000000000005,491.801,0.171,-0.534
00:00:25.428,1572936708073,-0.032,-0.003,9.26,1.128,3.0,0.0,21.91800000000001,0.0,-0.052000000000000005,492.167,0.171,-0.534
00:00:25.429,1572936708074,-0.03,-0.003,9.26,0.664,3.0,0.0,21.91800000000001,0.0,-0.052000000000000005,492.532,0.17,-0.534
00:00:25.478,1572936708123,-0.025,-0.003,9.26,0.664,3.0,0.0,21.917,0.0,-0.052000000000000005,492.897,0.17,-0.534
00:00:25.479,1572936708124,-0.022,-0.003,9.26,0.664,3.0,0.0,21.917,0.0,-0.052000000000000005,493.263,0.16899999999999998,-0.534
00:00:25.480,1572936708125,-0.02,-0.003,9.26,0.664,3.0,0.0,21.917,0.0,-0.052000000000000005,493.651,0.16899999999999998,-0.534
00:00:25.530,1572936708175,-0.019,-0.003,9.26,0.664,3.0,0.0,21.916,0.0,-0.052000000000000005,494.016,0.168,-0.534
00:00:25.531,1572936708176,-0.019,-0.003,9.26,0.664,3.0,0.0,21.916,0.0,-0.052000000000000005,494.358,0.168,-0.534
00:00:25.532,1572936708177,-0.019,-0.004,9.26,0.664,3.0,0.0,21.916,0.0,-0.052000000000000005,494.724,0.16699999999999998,-0.534
00:00:25.575,1572936708220,-0.019,-0.004,9.26,0.664,3.0,0.0,21.915,0.0,-0.052000000000000005,495.089,0.16699999999999998,-0.534
00:00:25.576,1572936708221,-0.019,-0.004,9.26,0.664,3.0,0.0,21.915,0.0,-0.052000000000000005,495.477,0.166,-0.534
00:00:25.577,1572936708222,-0.019,-0.004,9.26,0.664,3.0,0.001,21.915,0.0,-0.052000000000000005,495.819,0.166,-0.534
00:00:25.625,1572936708270,-0.019,-0.004,9.26,0.664,3.0,0.001,21.914,0.0,-0.052000000000000005,496.185,0.165,-0.534
00:00:25.626,1572936708271,-0.019,-0.004,9.26,0.664,3.0,0.001,21.914,0.0,-0.052000000000000005,496.55,0.165,-0.534
00:00:25.627,1572936708272,-0.019,-0.004,9.26,0.664,3.0,0.001,21.914,0.0,-0.052000000000000005,496.93800000000016,0.16399999999999998,-0.534
00:00:25.679,1572936708324,-0.019,-0.004,9.26,0.664,3.0,0.001,21.914,0.0,-0.052000000000000005,497.30300000000005,0.16399999999999998,-0.534
00:00:25.680,1572936708325,-0.019,-0.004,9.26,0.664,3.0,0.001,21.913,0.0,-0.051,497.646,0.163,-0.534
00:00:25.681,1572936708326,-0.019,-0.004,9.26,0.664,3.0,0.001,21.913,0.0,-0.051,498.011,0.163,-0.534
00:00:25.725,1572936708370,-0.019,-0.004,9.26,0.664,3.0,0.001,21.913,0.0,-0.051,498.376,0.162,-0.534
00:00:25.726,1572936708371,-0.019,-0.004,9.26,0.664,3.0,0.001,21.912,0.0,-0.051,498.764,0.162,-0.534
00:00:25.727,1572936708372,-0.019,-0.005,9.26,0.664,3.0,0.001,21.912,0.0,-0.051,499.106,0.161,-0.534
00:00:25.777,1572936708422,-0.019,-0.005,9.26,0.664,3.0,0.001,21.912,0.0,-0.051,499.472,0.161,-0.534
00:00:25.778,1572936708423,-0.019,-0.005,9.26,0.664,3.0,0.001,21.911,0.0,-0.051,499.86,0.16,-0.534
00:00:25.779,1572936708424,-0.019,-0.005,9.26,0.664,3.0,0.001,21.911,0.0,-0.051,500.202,0.16,-0.534
00:00:25.828,1572936708473,-0.019,-0.005,9.26,0.664,3.0,0.001,21.911,0.0,-0.051,500.544,0.159,-0.534
00:00:25.829,1572936708474,-0.019,-0.004,9.26,0.664,3.0,0.001,21.91,0.0,-0.051,500.91,0.159,-0.534
00:00:25.830,1572936708475,-0.019,-0.004,9.26,0.664,3.0,0.001,21.91,0.0,-0.051,501.275,0.158,-0.534
00:00:25.878,1572936708523,-0.019,-0.004,9.26,0.664,3.0,0.001,21.91,0.0,-0.051,501.663,0.158,-0.534
00:00:25.879,1572936708524,-0.019,-0.004,9.26,0.664,3.0,0.001,21.909,0.0,-0.051,502.005,0.157,-0.534
00:00:25.880,1572936708525,-0.019,-0.004,9.26,0.664,3.0,0.001,21.909,0.0,-0.051,502.37,0.157,-0.534
00:00:25.928,1572936708573,-0.019,-0.004,9.26,0.664,3.0,0.001,21.909,0.0,-0.051,502.758,0.156,-0.534
00:00:25.929,1572936708574,-0.019,-0.004,9.26,0.664,3.0,0.001,21.908,0.0,-0.051,503.12300000000016,0.156,-0.534
00:00:25.930,1572936708575,-0.02,-0.004,9.26,1.128,3.0,0.001,21.908,0.0,-0.051,503.48800000000006,0.155,-0.534
00:00:25.978,1572936708623,-0.025,-0.004,9.26,1.128,3.0,0.001,21.908,0.0,-0.051,503.854,0.154,-0.534
00:00:25.979,1572936708624,-0.029,-0.004,9.26,1.128,3.0,0.001,21.907,0.0,-0.051,504.196,0.154,-0.534
00:00:25.980,1572936708625,-0.03,-0.004,9.26,1.128,3.0,0.001,21.907,0.0,-0.051,504.584,0.153,-0.534
00:00:26.028,1572936708673,-0.031,-0.004,9.26,1.128,3.0,0.001,21.906,0.0,-0.051,504.949,0.153,-0.534
00:00:26.029,1572936708674,-0.031,-0.004,9.26,1.128,3.0,0.001,21.906,0.0,-0.051,505.291,0.152,-0.534
00:00:26.030,1572936708675,-0.03,-0.004,9.26,0.664,3.0,0.001,21.905,0.0,-0.051,505.656,0.152,-0.534
00:00:26.078,1572936708723,-0.025,-0.004,9.26,0.664,3.0,0.001,21.905,0.0,-0.051,506.044,0.151,-0.534
00:00:26.079,1572936708724,-0.021,-0.004,9.26,0.664,3.0,0.001,21.904,0.0,-0.051,506.409,0.151,-0.534
00:00:26.080,1572936708725,-0.02,-0.004,9.26,0.664,3.0,0.001,21.904,0.0,-0.052000000000000005,506.752,0.15,-0.534
00:00:26.129,1572936708774,-0.019,-0.004,9.26,0.664,3.0,0.001,21.904,0.0,-0.052000000000000005,507.117,0.15,-0.534
00:00:26.130,1572936708775,-0.019,-0.004,9.26,0.664,3.0,0.001,21.903,0.0,-0.052000000000000005,507.504,0.149,-0.534
00:00:26.131,1572936708776,-0.019,-0.004,9.26,0.664,3.0,0.001,21.903,0.0,-0.052000000000000005,507.87,0.149,-0.534
00:00:26.181,1572936708826,-0.019,-0.004,9.26,0.664,3.0,0.001,21.903,0.0,-0.052000000000000005,508.212,0.14800000000000002,-0.534
00:00:26.182,1572936708827,-0.019,-0.004,9.26,0.664,3.0,0.001,21.903,0.0,-0.052000000000000005,508.577,0.14800000000000002,-0.534
00:00:26.183,1572936708828,-0.019,-0.004,9.26,0.664,3.0,0.001,21.902,0.0,-0.052000000000000005,508.965,0.147,-0.534
00:00:26.231,1572936708876,-0.019,-0.003,9.26,0.664,3.0,0.001,21.902,0.0,-0.052000000000000005,509.33,0.146,-0.534
00:00:26.232,1572936708877,-0.019,-0.003,9.26,0.664,3.0,0.001,21.902,0.0,-0.052000000000000005,509.695,0.146,-0.534
00:00:26.233,1572936708878,-0.019,-0.003,9.26,0.664,3.0,0.001,21.901,0.0,-0.052000000000000005,510.06,0.145,-0.534
00:00:26.281,1572936708926,-0.019,-0.003,9.26,0.664,3.0,0.001,21.901,0.0,-0.052000000000000005,510.425,0.145,-0.534
00:00:26.282,1572936708927,-0.019,-0.003,9.26,0.664,3.0,0.001,21.901,0.0,-0.052000000000000005,510.79,0.14400000000000002,-0.534
00:00:26.283,1572936708928,-0.019,-0.003,9.26,0.664,3.0,0.001,21.9,0.0,-0.052000000000000005,511.155,0.14400000000000002,-0.534
00:00:26.331,1572936708976,-0.019,-0.003,9.26,0.664,3.0,0.001,21.9,0.0,-0.052000000000000005,511.52,0.14300000000000002,-0.534
00:00:26.332,1572936708977,-0.019,-0.003,9.26,0.664,3.0,0.001,21.9,0.0,-0.052000000000000005,511.885,0.14300000000000002,-0.534
00:00:26.333,1572936708978,-0.019,-0.003,9.26,0.664,3.0,0.001,21.899,0.0,-0.051,512.25,0.142,-0.534
00:00:26.381,1572936709026,-0.019,-0.002,9.26,0.664,3.0,0.001,21.899,0.0,-0.051,512.615,0.142,-0.534
00:00:26.382,1572936709027,-0.019,-0.002,9.26,0.664,3.0,0.001,21.899,0.0,-0.051,512.98,0.141,-0.534
00:00:26.383,1572936709028,-0.019,-0.002,9.26,0.664,3.0,0.001,21.898000000000003,0.0,-0.051,513.345,0.141,-0.534
00:00:26.431,1572936709076,-0.019,-0.002,9.26,0.664,3.0,0.001,21.898000000000003,0.0,-0.051,513.71,0.14,-0.534
00:00:26.432,1572936709077,-0.019,-0.002,9.26,0.664,3.0,0.001,21.898000000000003,0.0,-0.051,514.075,0.139,-0.534
00:00:26.433,1572936709078,-0.019,-0.002,9.26,0.664,3.0,0.001,21.898000000000003,0.0,-0.051,514.44,0.139,-0.534
00:00:26.483,1572936709128,-0.019,-0.002,9.26,0.664,3.0,0.001,21.897,0.0,-0.051,514.805,0.138,-0.534
00:00:26.484,1572936709129,-0.019,-0.002,9.26,0.664,3.0,0.001,21.897,0.0,-0.051,515.17,0.138,-0.534
00:00:26.485,1572936709130,-0.019,-0.002,9.26,0.664,3.0,0.001,21.897,0.0,-0.051,515.534,0.13699999999999998,-0.534
00:00:26.544,1572936709189,-0.019,-0.002,9.26,0.664,3.0,0.001,21.896,0.0,-0.051,515.899,0.13699999999999998,-0.534
00:00:26.545,1572936709190,-0.019,-0.002,9.26,0.664,3.0,0.001,21.896,0.0,-0.051,516.264,0.136,-0.534
00:00:26.546,1572936709191,-0.019,-0.002,9.26,0.664,3.0,0.001,21.896,0.0,-0.051,516.629,0.136,-0.534
00:00:26.547,1572936709192,-0.019,-0.002,9.26,0.664,3.0,0.001,21.895,0.0,-0.051,516.994,0.135,-0.534
00:00:26.595,1572936709240,-0.019,-0.002,9.26,0.664,3.0,0.001,21.895,0.0,-0.051,517.359,0.134,-0.534
00:00:26.596,1572936709241,-0.019,-0.002,9.26,0.664,3.0,0.001,21.895,0.0,-0.051,517.724,0.134,-0.534
00:00:26.597,1572936709242,-0.019,-0.002,9.26,0.664,3.0,0.001,21.894,0.0,-0.051,518.089,0.133,-0.534
00:00:26.649,1572936709294,-0.019,-0.002,9.26,0.664,3.0,0.001,21.894,0.0,-0.051,518.4540000000002,0.133,-0.534
00:00:26.650,1572936709295,-0.019,-0.002,9.26,0.664,3.0,0.001,21.894,0.0,-0.051,518.819,0.132,-0.534
00:00:26.651,1572936709296,-0.019,-0.002,9.26,0.664,3.0,0.001,21.893,0.0,-0.051,519.184,0.132,-0.534
00:00:26.696,1572936709341,-0.019,-0.001,9.26,0.664,3.0,0.001,21.893,0.0,-0.051,519.549,0.131,-0.534
00:00:26.697,1572936709342,-0.019,-0.001,9.26,0.664,3.0,0.001,21.893,0.0,-0.051,519.913,0.131,-0.534
00:00:26.698,1572936709343,-0.019,-0.001,9.26,0.664,3.0,0.001,21.893,0.0,-0.051,520.278,0.13,-0.534
00:00:26.746,1572936709391,-0.019,-0.001,9.26,0.664,3.0,0.001,21.892,0.0,-0.051,520.643,0.129,-0.534
00:00:26.747,1572936709392,-0.019,-0.001,9.26,0.664,3.0,0.001,21.892,0.0,-0.051,521.008,0.129,-0.534
00:00:26.748,1572936709393,-0.019,-0.001,9.26,0.664,3.0,0.001,21.892,0.0,-0.051,521.373,0.128,-0.534
00:00:26.796,1572936709441,-0.019,-0.001,9.26,0.664,3.0,0.001,21.891,0.0,-0.051,521.738,0.128,-0.534
00:00:26.797,1572936709442,-0.019,-0.001,9.26,0.664,3.0,0.001,21.891,0.0,-0.051,522.1030000000002,0.127,-0.534
00:00:26.798,1572936709443,-0.019,-0.001,9.26,0.664,3.0,0.001,21.891,0.0,-0.051,522.467,0.127,-0.534
00:00:26.851,1572936709496,-0.019,-0.001,9.26,0.664,3.0,0.001,21.89,0.0,-0.051,522.832,0.126,-0.534
00:00:26.852,1572936709497,-0.02,-0.001,9.26,1.128,3.0,0.001,21.89,0.0,-0.051,523.197,0.126,-0.534
00:00:26.853,1572936709498,-0.025,-0.001,9.26,1.128,3.0,0.001,21.89,0.0,-0.051,523.562,0.125,-0.534
00:00:26.907,1572936709552,-0.028,-0.001,9.26,1.128,3.0,0.001,21.889,0.0,-0.051,523.927,0.124,-0.534
00:00:26.908,1572936709553,-0.03,-0.001,9.26,1.128,3.0,0.001,21.889,0.0,-0.051,524.2919999999998,0.124,-0.534
00:00:26.909,1572936709554,-0.031,-0.001,9.26,1.128,3.0,0.001,21.888,0.0,-0.051,524.656,0.123,-0.534
00:00:26.910,1572936709555,-0.031,-0.001,9.26,1.128,3.0,0.001,21.887,0.0,-0.051,525.021,0.123,-0.534
00:00:26.957,1572936709602,-0.03,-0.001,9.26,0.664,3.0,0.001,21.887,0.0,-0.051,525.386,0.122,-0.534
00:00:26.958,1572936709603,-0.025,0.0,9.26,0.664,3.0,0.001,21.887,0.0,-0.051,525.751,0.122,-0.534
00:00:26.959,1572936709604,-0.021,0.0,9.26,0.664,3.0,0.001,21.886,0.0,-0.052000000000000005,526.116,0.121,-0.534
00:00:27.007,1572936709652,-0.019,0.0,9.26,0.664,3.0,0.001,21.886,0.0,-0.052000000000000005,526.48,0.121,-0.534
00:00:27.008,1572936709653,-0.019,0.0,9.26,0.664,3.0,0.001,21.886,0.0,-0.052000000000000005,526.845,0.12,-0.534
00:00:27.009,1572936709654,-0.019,0.0,9.26,0.664,3.0,0.001,21.885,0.0,-0.052000000000000005,527.21,0.119,-0.534
00:00:27.058,1572936709703,-0.019,0.0,9.26,0.664,3.0,0.001,21.885,0.0,-0.052000000000000005,527.575,0.119,-0.534
00:00:27.059,1572936709704,-0.018000000000000002,0.0,9.26,0.664,3.0,0.001,21.885,0.0,-0.052000000000000005,527.939,0.118,-0.534
00:00:27.060,1572936709705,-0.018000000000000002,0.0,9.26,0.664,3.0,0.001,21.885,0.0,-0.052000000000000005,528.304,0.118,-0.534
00:00:27.108,1572936709753,-0.018000000000000002,0.0,9.26,0.664,3.0,0.001,21.884,0.0,-0.052000000000000005,528.669,0.117,-0.534
00:00:27.109,1572936709754,-0.018000000000000002,0.0,9.26,0.664,3.0,0.001,21.884,0.0,-0.052000000000000005,529.034,0.117,-0.534
00:00:27.110,1572936709755,-0.018000000000000002,0.0,9.26,0.664,3.0,0.001,21.884,0.0,-0.052000000000000005,529.398,0.116,-0.534
00:00:27.158,1572936709803,-0.018000000000000002,0.0,9.26,0.664,3.0,0.001,21.88300000000001,0.0,-0.052000000000000005,529.763,0.115,-0.534
00:00:27.159,1572936709804,-0.018000000000000002,0.0,9.26,0.664,3.0,0.001,21.88300000000001,0.0,-0.052000000000000005,530.128,0.115,-0.534
00:00:27.160,1572936709805,-0.018000000000000002,0.0,9.26,0.664,3.0,0.001,21.88300000000001,0.0,-0.052000000000000005,530.492,0.114,-0.534
00:00:27.209,1572936709854,-0.018000000000000002,0.0,9.26,0.664,3.0,0.001,21.882,0.0,-0.052000000000000005,530.857,0.114,-0.534
00:00:27.210,1572936709855,-0.018000000000000002,0.0,9.26,0.664,3.0,0.001,21.882,0.0,-0.051,531.222,0.113,-0.534
00:00:27.211,1572936709856,-0.018000000000000002,0.0,9.26,0.664,3.0,0.001,21.882,0.0,-0.051,531.587,0.113,-0.534
00:00:27.259,1572936709904,-0.018000000000000002,0.0,9.26,0.664,3.0,0.001,21.881,0.0,-0.051,531.951,0.112,-0.534
00:00:27.260,1572936709905,-0.018000000000000002,0.0,9.26,0.664,3.0,0.001,21.881,0.0,-0.051,532.316,0.112,-0.534
00:00:27.261,1572936709906,-0.018000000000000002,0.0,9.26,0.664,3.0,0.001,21.881,0.0,-0.051,532.681,0.111,-0.534
00:00:27.311,1572936709956,-0.018000000000000002,0.0,9.26,0.664,3.0,0.001,21.881,0.0,-0.051,533.045,0.11,-0.534
00:00:27.312,1572936709957,-0.018000000000000002,0.0,9.26,0.664,3.0,0.001,21.88,0.0,-0.051,533.41,0.11,-0.534
00:00:27.313,1572936709958,-0.018000000000000002,0.0,9.26,0.664,3.0,0.001,21.88,0.0,-0.051,533.775,0.109,-0.534
00:00:27.361,1572936710006,-0.018000000000000002,0.001,9.26,0.664,3.0,0.001,21.88,0.0,-0.051,534.139,0.109,-0.534
00:00:27.362,1572936710007,-0.018000000000000002,0.001,9.26,0.664,3.0,0.001,21.879,0.0,-0.051,534.504,0.108,-0.534
00:00:27.363,1572936710008,-0.018000000000000002,0.001,9.26,0.664,3.0,0.001,21.879,0.0,-0.051,534.869,0.108,-0.534
00:00:27.411,1572936710056,-0.018000000000000002,0.002,9.26,0.664,3.0,0.001,21.879,0.0,-0.051,535.2330000000002,0.107,-0.534
00:00:27.412,1572936710057,-0.018000000000000002,0.002,9.26,0.664,3.0,0.001,21.878,0.0,-0.051,535.5980000000002,0.107,-0.534
00:00:27.413,1572936710058,-0.018000000000000002,0.002,9.26,0.664,3.0,0.001,21.878,0.0,-0.051,535.9630000000002,0.106,-0.534
00:00:27.461,1572936710106,-0.018000000000000002,0.003,9.26,0.664,3.0,0.001,21.878,0.0,-0.051,536.327,0.105,-0.534
00:00:27.462,1572936710107,-0.018000000000000002,0.003,9.26,0.664,3.0,0.001,21.877,0.0,-0.051,536.692,0.105,-0.534
00:00:27.463,1572936710108,-0.018000000000000002,0.003,9.26,0.664,3.0,0.001,21.877,0.0,-0.051,537.056,0.104,-0.534
00:00:27.511,1572936710156,-0.018000000000000002,0.003,9.26,0.664,3.0,0.001,21.877,0.0,-0.051,537.4209999999998,0.104,-0.534
00:00:27.512,1572936710157,-0.018000000000000002,0.003,9.26,0.664,3.0,0.0,21.877,0.0,-0.051,537.786,0.103,-0.534
00:00:27.513,1572936710158,-0.018000000000000002,0.003,9.26,0.664,3.0,0.0,21.876,0.0,-0.051,538.15,0.103,-0.534
00:00:27.561,1572936710206,-0.018000000000000002,0.003,9.26,0.664,3.0,0.0,21.876,0.0,-0.051,538.515,0.102,-0.534
00:00:27.562,1572936710207,-0.018000000000000002,0.004,9.26,0.664,3.0,0.0,21.876,0.0,-0.051,538.88,0.102,-0.534
00:00:27.563,1572936710208,-0.018000000000000002,0.004,9.26,0.664,3.0,0.0,21.875,0.0,-0.051,539.244,0.101,-0.534
00:00:27.613,1572936710258,-0.018000000000000002,0.005,9.26,0.664,3.0,0.0,21.875,0.0,-0.051,539.609,0.1,-0.534
00:00:27.614,1572936710259,-0.018000000000000002,0.005,9.26,0.664,3.0,0.0,21.875,0.0,-0.051,539.9730000000002,0.1,-0.534
00:00:27.615,1572936710260,-0.018000000000000002,0.006,9.26,0.664,3.0,0.0,21.874,0.0,-0.051,540.3380000000002,0.099,-0.534
00:00:27.664,1572936710309,-0.018000000000000002,0.006,9.26,0.664,3.0,0.0,21.874,0.0,-0.051,540.702,0.099,-0.534
00:00:27.665,1572936710310,-0.018000000000000002,0.006,9.26,0.664,3.0,0.0,21.874,0.0,-0.051,541.067,0.098,-0.534
00:00:27.666,1572936710311,-0.018000000000000002,0.006,9.26,0.664,3.0,0.0,21.874,0.0,-0.051,541.432,0.098,-0.534
00:00:27.715,1572936710360,-0.018000000000000002,0.006,9.26,0.664,3.0,0.0,21.873,0.0,-0.051,541.7959999999998,0.097,-0.534
00:00:27.716,1572936710361,-0.018000000000000002,0.006999999999999999,9.26,0.664,3.0,0.0,21.873,0.0,-0.051,542.161,0.097,-0.534
00:00:27.717,1572936710362,-0.018000000000000002,0.006999999999999999,9.26,0.664,3.0,-0.001,21.873,0.0,-0.051,542.525,0.096,-0.534
00:00:27.765,1572936710410,-0.018000000000000002,0.006999999999999999,9.26,0.664,3.0,-0.001,21.872,0.0,-0.051,542.89,0.096,-0.534
00:00:27.766,1572936710411,-0.018000000000000002,0.006999999999999999,9.26,0.664,3.0,-0.001,21.872,0.0,-0.051,543.254,0.095,-0.534
00:00:27.767,1572936710412,-0.018000000000000002,0.006999999999999999,9.26,0.664,3.0,-0.001,21.872,0.0,-0.051,543.619,0.095,-0.534
00:00:27.815,1572936710460,-0.018000000000000002,0.006999999999999999,9.26,0.664,3.0,-0.001,21.871,0.0,-0.051,543.9830000000002,0.094,-0.534
00:00:27.816,1572936710461,-0.018000000000000002,0.008,9.26,0.664,3.0,-0.001,21.871,0.0,-0.051,544.3480000000002,0.094,-0.534
00:00:27.817,1572936710462,-0.018000000000000002,0.008,9.26,0.664,3.0,-0.001,21.871,0.0,-0.051,544.712,0.093,-0.534
00:00:27.866,1572936710511,-0.018000000000000002,0.008,9.26,0.664,3.0,-0.001,21.871,-0.001,-0.051,545.077,0.092,-0.534
00:00:27.867,1572936710512,-0.018000000000000002,0.009000000000000001,9.26,0.664,3.0,-0.001,21.87,-0.001,-0.051,545.441,0.092,-0.534
00:00:27.868,1572936710513,-0.018000000000000002,0.009000000000000001,9.26,0.664,3.0,-0.001,21.87,-0.001,-0.051,545.806,0.091,-0.534
00:00:27.916,1572936710561,-0.018000000000000002,0.01,9.26,0.664,3.0,-0.001,21.87,-0.001,-0.051,546.17,0.091,-0.534
00:00:27.917,1572936710562,-0.018000000000000002,0.01,9.26,0.664,3.0,-0.001,21.869,-0.001,-0.051,546.535,0.09,-0.534
00:00:27.918,1572936710563,-0.018000000000000002,0.01,9.26,0.664,3.0,-0.001,21.869,-0.001,-0.051,546.899,0.09,-0.534
00:00:27.919,1572936710564,-0.018000000000000002,0.011,9.26,0.664,3.0,-0.002,21.869,-0.001,-0.051,547.264,0.08900000000000001,-0.534
00:00:27.968,1572936710613,-0.018000000000000002,0.011,9.26,0.664,3.0,-0.002,21.868,0.0,-0.051,547.628,0.08900000000000001,-0.534
00:00:27.969,1572936710614,-0.018000000000000002,0.012,9.26,0.664,3.0,-0.002,21.868,0.0,-0.051,547.993,0.08800000000000001,-0.534
00:00:27.970,1572936710615,-0.018000000000000002,0.012,9.26,0.664,3.0,-0.002,21.868,0.0,-0.051,548.357,0.08800000000000001,-0.534
00:00:28.019,1572936710664,-0.018000000000000002,0.012,9.26,0.664,3.0,-0.002,21.867,0.0,-0.051,548.722,0.087,-0.534
00:00:28.020,1572936710665,-0.018000000000000002,0.012,9.26,0.664,3.0,-0.002,21.867,-0.001,-0.051,549.086,0.087,-0.534
00:00:28.021,1572936710666,-0.018000000000000002,0.012,9.26,0.664,3.0,-0.002,21.867,-0.001,-0.051,549.451,0.086,-0.534
00:00:28.074,1572936710719,-0.018000000000000002,0.012,9.26,0.664,3.0,-0.002,21.867,-0.001,-0.051,549.815,0.086,-0.534
00:00:28.075,1572936710720,-0.018000000000000002,0.012,9.26,0.664,3.0,-0.002,21.866,-0.001,-0.051,550.179,0.086,-0.534
00:00:28.076,1572936710721,-0.018000000000000002,0.012,9.26,0.664,3.0,-0.002,21.866,-0.001,-0.051,550.544,0.085,-0.534
00:00:28.140,1572936710785,-0.018000000000000002,0.013,9.26,0.664,3.0,-0.002,21.866,-0.001,-0.051,550.908,0.085,-0.534
00:00:28.141,1572936710786,-0.018000000000000002,0.013,9.26,0.664,3.0,-0.003,21.865,-0.001,-0.051,551.273,0.084,-0.534
00:00:28.142,1572936710787,-0.018000000000000002,0.013,9.26,0.664,3.0,-0.003,21.865,-0.001,-0.051,551.637,0.084,-0.534
00:00:28.143,1572936710788,-0.018000000000000002,0.013,9.26,0.664,3.0,-0.003,21.865,-0.001,-0.051,552.002,0.083,-0.534
00:00:28.190,1572936710835,-0.018000000000000002,0.013,9.26,0.664,3.0,-0.003,21.864,-0.001,-0.051,552.366,0.083,-0.534
00:00:28.191,1572936710836,-0.018000000000000002,0.013,9.26,0.664,3.0,-0.003,21.864,-0.001,-0.051,552.73,0.08199999999999999,-0.534
00:00:28.192,1572936710837,-0.018000000000000002,0.013,9.26,0.664,3.0,-0.003,21.864,-0.001,-0.051,553.095,0.08199999999999999,-0.534
00:00:28.240,1572936710885,-0.018000000000000002,0.013,9.26,0.664,3.0,-0.003,21.864,-0.001,-0.051,553.4590000000002,0.081,-0.534
00:00:28.241,1572936710886,-0.018000000000000002,0.013,9.26,0.664,3.0,-0.003,21.863000000000003,-0.001,-0.051,553.8240000000002,0.081,-0.534
00:00:28.242,1572936710887,-0.018000000000000002,0.013,9.26,0.664,3.0,-0.003,21.863000000000003,-0.001,-0.051,554.188,0.081,-0.534
00:00:28.290,1572936710935,-0.018000000000000002,0.013,9.26,0.664,3.0,-0.003,21.863000000000003,-0.001,-0.051,554.552,0.08,-0.534
00:00:28.291,1572936710936,-0.018000000000000002,0.013,9.26,0.664,3.0,-0.003,21.862,-0.001,-0.051,554.9169999999998,0.08,-0.534
00:00:28.292,1572936710937,-0.018000000000000002,0.013,9.26,0.664,3.0,-0.003,21.862,-0.001,-0.051,555.281,0.079,-0.534
00:00:28.340,1572936710985,-0.018000000000000002,0.013,9.26,0.664,3.0,-0.003,21.862,-0.001,-0.051,555.645,0.079,-0.534
00:00:28.341,1572936710986,-0.018000000000000002,0.013,9.26,0.664,3.0,-0.003,21.861,-0.001,-0.051,556.01,0.078,-0.534
00:00:28.342,1572936710987,-0.018000000000000002,0.013,9.26,0.664,3.0,-0.003,21.861,-0.001,-0.051,556.374,0.078,-0.534
00:00:28.392,1572936711037,-0.018000000000000002,0.013,9.26,0.664,3.0,-0.003,21.861,-0.001,-0.051,556.739,0.078,-0.534
00:00:28.393,1572936711038,-0.018000000000000002,0.013,9.26,0.664,3.0,-0.004,21.861,-0.001,-0.051,557.1030000000002,0.077,-0.534
00:00:28.394,1572936711039,-0.018000000000000002,0.013,9.26,0.664,3.0,-0.004,21.86,-0.001,-0.051,557.467,0.077,-0.534
00:00:28.443,1572936711088,-0.018000000000000002,0.013,9.26,0.664,3.0,-0.004,21.86,-0.001,-0.051,557.832,0.076,-0.534
00:00:28.444,1572936711089,-0.018000000000000002,0.013,9.26,0.664,3.0,-0.004,21.86,-0.001,-0.051,558.196,0.076,-0.534
00:00:28.445,1572936711090,-0.018000000000000002,0.013,9.26,0.664,3.0,-0.004,21.859,-0.001,-0.051,558.56,0.076,-0.534
00:00:28.493,1572936711138,-0.018000000000000002,0.012,9.26,0.664,3.0,-0.004,21.859,-0.001,-0.051,558.925,0.075,-0.534
00:00:28.494,1572936711139,-0.018000000000000002,0.012,9.26,0.664,3.0,-0.004,21.859,-0.001,-0.051,559.289,0.075,-0.534
00:00:28.495,1572936711140,-0.018000000000000002,0.012,9.26,0.664,3.0,-0.004,21.858,-0.001,-0.051,559.653,0.07400000000000001,-0.534
00:00:28.543,1572936711188,-0.018000000000000002,0.012,9.26,0.664,3.0,-0.004,21.858,-0.001,-0.051,560.0169999999998,0.07400000000000001,-0.534
00:00:28.544,1572936711189,-0.018000000000000002,0.011,9.26,0.664,3.0,-0.004,21.858,-0.001,-0.051,560.382,0.07400000000000001,-0.534
00:00:28.545,1572936711190,-0.018000000000000002,0.011,9.26,0.664,3.0,-0.004,21.858,-0.001,-0.051,560.746,0.073,-0.534
00:00:28.593,1572936711238,-0.018000000000000002,0.011,9.26,0.664,3.0,-0.004,21.857,-0.001,-0.051,561.11,0.073,-0.534
00:00:28.594,1572936711239,-0.018000000000000002,0.011,9.26,0.664,3.0,-0.004,21.857,-0.001,-0.051,561.475,0.073,-0.534
00:00:28.595,1572936711240,-0.018000000000000002,0.011,9.26,0.664,3.0,-0.004,21.857,-0.001,-0.051,561.839,0.07200000000000001,-0.534
00:00:28.643,1572936711288,-0.018000000000000002,0.011,9.26,0.664,3.0,-0.004,21.856,-0.001,-0.051,562.203,0.07200000000000001,-0.534
00:00:28.644,1572936711289,-0.018000000000000002,0.011,9.26,0.664,3.0,-0.004,21.856,-0.001,-0.051,562.567,0.071,-0.534
00:00:28.645,1572936711290,-0.018000000000000002,0.011,9.26,0.664,3.0,-0.004,21.856,-0.001,-0.051,562.932,0.071,-0.534
00:00:28.694,1572936711339,-0.018000000000000002,0.011,9.26,0.664,3.0,-0.004,21.855,-0.001,-0.051,563.2959999999998,0.071,-0.534
00:00:28.695,1572936711340,-0.018000000000000002,0.01,9.26,0.664,3.0,-0.004,21.855,-0.001,-0.051,563.66,0.07,-0.534
00:00:28.696,1572936711341,-0.018000000000000002,0.01,9.26,0.664,3.0,-0.004,21.855,-0.001,-0.051,564.024,0.07,-0.534
00:00:28.745,1572936711390,-0.018000000000000002,0.01,9.26,0.664,3.0,-0.004,21.855,-0.001,-0.051,564.389,0.07,-0.534
00:00:28.746,1572936711391,-0.018000000000000002,0.01,9.26,0.664,3.0,-0.004,21.854,-0.001,-0.051,564.753,0.069,-0.534
00:00:28.747,1572936711392,-0.018000000000000002,0.01,9.26,0.664,3.0,-0.004,21.854,-0.001,-0.051,565.117,0.069,-0.534
00:00:28.795,1572936711440,-0.018000000000000002,0.01,9.26,0.664,3.0,-0.004,21.854,-0.001,-0.051,565.481,0.069,-0.534
00:00:28.796,1572936711441,-0.018000000000000002,0.01,9.26,0.664,3.0,-0.004,21.853,-0.001,-0.051,565.846,0.068,-0.534
00:00:28.797,1572936711442,-0.018000000000000002,0.01,9.26,0.664,3.0,-0.004,21.853,-0.001,-0.051,566.21,0.068,-0.534
00:00:28.847,1572936711492,-0.018000000000000002,0.01,9.26,0.664,3.0,-0.004,21.853,-0.001,-0.051,566.5740000000002,0.068,-0.534
00:00:28.848,1572936711493,-0.018000000000000002,0.01,9.26,0.664,3.0,-0.004,21.852,-0.001,-0.051,566.938,0.067,-0.534
00:00:28.849,1572936711494,-0.018000000000000002,0.01,9.26,0.664,3.0,-0.004,21.852,-0.001,-0.051,567.303,0.067,-0.534
00:00:28.897,1572936711542,-0.018000000000000002,0.01,9.26,0.664,3.0,-0.004,21.852,-0.001,-0.051,567.6669999999998,0.067,-0.534
00:00:28.898,1572936711543,-0.018000000000000002,0.009000000000000001,9.26,0.664,3.0,-0.004,21.852,-0.001,-0.051,568.031,0.066,-0.534
00:00:28.899,1572936711544,-0.018000000000000002,0.009000000000000001,9.26,0.664,3.0,-0.004,21.851,-0.001,-0.051,568.395,0.066,-0.534
00:00:28.950,1572936711595,-0.018000000000000002,0.009000000000000001,9.26,0.664,3.0,-0.004,21.851,-0.001,-0.051,568.759,0.066,-0.534
00:00:28.951,1572936711596,-0.018000000000000002,0.009000000000000001,9.26,0.664,3.0,-0.004,21.851,-0.001,-0.051,569.123,0.066,-0.534
00:00:28.952,1572936711597,-0.018000000000000002,0.009000000000000001,9.26,0.664,3.0,-0.004,21.85,-0.001,-0.051,569.488,0.065,-0.534
00:00:28.999,1572936711644,-0.018000000000000002,0.008,9.26,0.664,3.0,-0.004,21.85,-0.001,-0.051,569.852,0.065,-0.534
00:00:29.000,1572936711645,-0.018000000000000002,0.008,9.26,0.664,3.0,-0.004,21.85,-0.001,-0.051,570.216,0.065,-0.534
00:00:29.001,1572936711646,-0.018000000000000002,0.009000000000000001,9.26,0.664,3.0,-0.003,21.85,-0.001,-0.051,570.58,0.064,-0.534
00:00:29.050,1572936711695,-0.018000000000000002,0.009000000000000001,9.26,0.664,3.0,-0.003,21.849,-0.001,-0.051,570.944,0.064,-0.534
00:00:29.051,1572936711696,-0.018000000000000002,0.009000000000000001,9.26,0.664,3.0,-0.003,21.849,-0.001,-0.051,571.308,0.064,-0.534
00:00:29.052,1572936711697,-0.018000000000000002,0.009000000000000001,9.26,0.664,3.0,-0.003,21.849,-0.001,-0.051,571.673,0.063,-0.534
00:00:29.053,1572936711698,-0.018000000000000002,0.009000000000000001,9.26,0.664,3.0,-0.003,21.84800000000001,-0.001,-0.051,572.0369999999998,0.063,-0.534
00:00:29.108,1572936711753,-0.018000000000000002,0.009000000000000001,9.26,0.664,3.0,-0.003,21.84800000000001,-0.001,-0.051,572.401,0.063,-0.534
00:00:29.109,1572936711754,-0.018000000000000002,0.009000000000000001,9.26,0.664,3.0,-0.003,21.84800000000001,-0.001,-0.051,572.765,0.063,-0.534
00:00:29.110,1572936711755,-0.018000000000000002,0.009000000000000001,9.26,0.664,3.0,-0.003,21.847,-0.001,-0.051,573.129,0.062,-0.534
00:00:29.158,1572936711803,-0.018000000000000002,0.009000000000000001,9.26,0.664,3.0,-0.003,21.847,-0.001,-0.051,573.493,0.062,-0.534
00:00:29.159,1572936711804,-0.018000000000000002,0.008,9.26,0.664,3.0,-0.003,21.847,-0.001,-0.051,573.857,0.062,-0.534
00:00:29.160,1572936711805,-0.018000000000000002,0.008,9.26,0.664,3.0,-0.003,21.847,-0.001,-0.051,574.221,0.061,-0.534
00:00:29.210,1572936711855,-0.018000000000000002,0.008,9.26,0.664,3.0,-0.003,21.846,-0.001,-0.051,574.586,0.061,-0.534
00:00:29.211,1572936711856,-0.018000000000000002,0.008,9.26,0.664,3.0,-0.003,21.846,-0.001,-0.051,574.95,0.061,-0.534
00:00:29.212,1572936711857,-0.018000000000000002,0.008,9.26,0.664,3.0,-0.003,21.846,-0.001,-0.051,575.314,0.061,-0.534
00:00:29.260,1572936711905,-0.018000000000000002,0.008,9.26,0.664,3.0,-0.003,21.845,-0.001,-0.051,575.678,0.06,-0.534
00:00:29.261,1572936711906,-0.018000000000000002,0.006999999999999999,9.26,0.664,3.0,-0.003,21.845,-0.001,-0.051,576.0419999999998,0.06,-0.534
00:00:29.262,1572936711907,-0.018000000000000002,0.006999999999999999,9.26,0.664,3.0,-0.003,21.845,-0.001,-0.051,576.406,0.06,-0.534
00:00:29.311,1572936711956,-0.018000000000000002,0.006999999999999999,9.26,0.664,3.0,-0.003,21.844,-0.001,-0.051,576.77,0.06,-0.534
00:00:29.312,1572936711957,-0.018000000000000002,0.006999999999999999,9.26,0.664,3.0,-0.003,21.844,-0.001,-0.051,577.134,0.059,-0.534
00:00:29.313,1572936711958,-0.018000000000000002,0.006999999999999999,9.26,0.664,3.0,-0.003,21.844,-0.001,-0.051,577.521,0.059,-0.534
00:00:29.361,1572936712006,-0.018000000000000002,0.006999999999999999,9.26,0.664,3.0,-0.003,21.844,-0.001,-0.051,577.862,0.059,-0.534
00:00:29.362,1572936712007,-0.018000000000000002,0.006999999999999999,9.26,0.664,3.0,-0.003,21.843000000000004,-0.001,-0.051,578.226,0.059,-0.534
00:00:29.363,1572936712008,-0.018000000000000002,0.006999999999999999,9.26,0.664,3.0,-0.003,21.843000000000004,-0.001,-0.051,578.59,0.058,-0.534
00:00:29.411,1572936712056,-0.018000000000000002,0.006999999999999999,9.26,0.664,3.0,-0.003,21.843000000000004,-0.001,-0.051,578.955,0.058,-0.534
00:00:29.412,1572936712057,-0.018000000000000002,0.006999999999999999,9.26,0.664,3.0,-0.003,21.842,-0.001,-0.051,579.319,0.058,-0.534
00:00:29.413,1572936712058,-0.018000000000000002,0.006,9.26,0.664,3.0,-0.003,21.842,-0.001,-0.051,579.683,0.058,-0.534
00:00:29.461,1572936712106,-0.018000000000000002,0.006,9.26,0.664,3.0,-0.003,21.842,-0.001,-0.051,580.047,0.057,-0.534
00:00:29.462,1572936712107,-0.018000000000000002,0.006,9.26,0.664,3.0,-0.003,21.842,-0.001,-0.051,580.433,0.057,-0.534
00:00:29.463,1572936712108,-0.018000000000000002,0.006,9.26,0.664,3.0,-0.003,21.841,-0.001,-0.051,580.775,0.057,-0.534
00:00:29.511,1572936712156,-0.018000000000000002,0.005,9.26,0.664,3.0,-0.003,21.841,-0.001,-0.051,581.139,0.057,-0.534
00:00:29.512,1572936712157,-0.018000000000000002,0.004,9.26,0.664,3.0,-0.003,21.841,-0.001,-0.051,581.503,0.056,-0.534
00:00:29.513,1572936712158,-0.018000000000000002,0.004,9.26,0.664,3.0,-0.003,21.84,-0.001,-0.051,581.867,0.056,-0.534
00:00:29.563,1572936712208,-0.018000000000000002,0.003,9.26,0.664,3.0,-0.003,21.84,-0.001,-0.051,582.231,0.056,-0.534
00:00:29.564,1572936712209,-0.018000000000000002,0.002,9.26,0.664,3.0,-0.003,21.84,-0.001,-0.051,582.595,0.056,-0.534
00:00:29.565,1572936712210,-0.018000000000000002,0.001,9.26,0.664,3.0,-0.003,21.839,-0.001,-0.051,582.9590000000002,0.055,-0.534
00:00:29.614,1572936712259,-0.018000000000000002,0.0,9.26,0.664,3.0,-0.003,21.839,-0.001,-0.051,583.345,0.055,-0.534
00:00:29.615,1572936712260,-0.018000000000000002,0.0,9.26,0.664,3.0,-0.003,21.839,-0.001,-0.051,583.687,0.055,-0.534
00:00:29.616,1572936712261,-0.018000000000000002,-0.001,9.26,0.664,3.0,-0.003,21.839,-0.001,-0.051,584.0509999999998,0.055,-0.534
00:00:29.664,1572936712309,-0.018000000000000002,-0.001,9.26,0.664,3.0,-0.002,21.838,-0.001,-0.051,584.415,0.054000000000000006,-0.534
00:00:29.665,1572936712310,-0.018000000000000002,-0.002,9.26,0.664,3.0,-0.002,21.838,-0.001,-0.051,584.8009999999998,0.054000000000000006,-0.534
00:00:29.666,1572936712311,-0.018000000000000002,-0.002,9.26,0.664,3.0,-0.002,21.838,-0.001,-0.051,585.143,0.054000000000000006,-0.534
00:00:29.714,1572936712359,-0.018000000000000002,-0.002,9.26,0.664,3.0,-0.002,21.837,0.0,-0.051,585.507,0.054000000000000006,-0.534
00:00:29.715,1572936712360,-0.018000000000000002,-0.003,9.26,0.664,3.0,-0.002,21.837,0.0,-0.051,585.893,0.053,-0.534
00:00:29.716,1572936712361,-0.018000000000000002,-0.003,9.26,0.664,3.0,-0.002,21.837,0.0,-0.051,586.234,0.053,-0.534
00:00:29.764,1572936712409,-0.019,-0.003,9.26,1.128,3.0,-0.002,21.836,0.0,-0.051,586.5980000000002,0.053,-0.534
00:00:29.765,1572936712410,-0.024,-0.003,9.26,1.128,3.0,-0.002,21.836,0.0,-0.051,586.962,0.053,-0.534
00:00:29.766,1572936712411,-0.027000000000000003,-0.004,9.26,1.128,3.0,-0.002,21.836,0.0,-0.051,587.304,0.053,-0.534
00:00:29.814,1572936712459,-0.029,-0.004,9.26,1.128,3.0,-0.002,21.835,0.0,-0.051,587.6669999999998,0.052000000000000005,-0.534
00:00:29.815,1572936712460,-0.03,-0.004,9.26,1.128,3.0,-0.001,21.835,0.0,-0.051,588.031,0.052000000000000005,-0.534
00:00:29.816,1572936712461,-0.03,-0.004,9.26,1.128,3.0,-0.001,21.834,0.0,-0.051,588.395,0.052000000000000005,-0.534
00:00:29.864,1572936712509,-0.029,-0.005,9.26,0.664,3.0,-0.001,21.834,0.0,-0.051,588.759,0.052000000000000005,-0.534
00:00:29.865,1572936712510,-0.024,-0.006,9.26,0.664,3.0,-0.001,21.833,0.0,-0.051,589.123,0.051,-0.534
00:00:29.866,1572936712511,-0.02,-0.006,9.26,0.664,3.0,-0.001,21.833,0.0,-0.051,589.51,0.051,-0.534
00:00:29.916,1572936712561,-0.018000000000000002,-0.006999999999999999,9.26,0.664,3.0,-0.001,21.833,0.0,-0.051,589.851,0.051,-0.534
00:00:29.917,1572936712562,-0.018000000000000002,-0.006999999999999999,9.26,0.664,3.0,-0.001,21.832,0.0,-0.051,590.215,0.051,-0.534
00:00:29.918,1572936712563,-0.018000000000000002,-0.008,9.26,0.664,3.0,0.0,21.832,0.0,-0.051,590.5790000000002,0.05,-0.534
00:00:29.967,1572936712612,-0.018000000000000002,-0.008,9.26,0.664,3.0,0.0,21.832,0.001,-0.051,590.942,0.05,-0.534
00:00:29.968,1572936712613,-0.018000000000000002,-0.008,9.26,0.664,3.0,0.0,21.832,0.001,-0.051,591.306,0.05,-0.534
00:00:29.969,1572936712614,-0.018000000000000002,-0.008,9.26,0.664,3.0,0.0,21.831,0.001,-0.051,591.67,0.05,-0.534
00:00:29.970,1572936712615,-0.017,-0.008,9.26,0.664,3.0,0.0,21.831,0.001,-0.051,592.034,0.049,-0.534
00:00:30.018,1572936712663,-0.017,-0.008,9.26,0.664,3.0,0.0,21.831,0.001,-0.051,592.4209999999998,0.049,-0.534
00:00:30.019,1572936712664,-0.017,-0.008,9.26,0.664,3.0,0.0,21.83,0.001,-0.051,592.762,0.049,-0.534
00:00:30.020,1572936712665,-0.017,-0.008,9.48,0.664,3.0,0.0,21.83,0.001,-0.051,593.125,0.048,-0.534
