rec-time,UTC,Acceleration,Lateral acceleration,Gas pedal position,Brake pedal force,Gear,Steering wheel position,Velocity,Lateral velocity,Vertical velocity,X axis position,Y axis position,Z axis position
00:00:01.347,1572936065239,0.0,0.0,0.983,116.171,3.0,-0.065,0.0,0.0,0.0,0.0,0.0,-0.527
00:00:01.400,1572936065292,0.0,0.0,0.983,116.171,3.0,-0.065,0.0,0.0,0.0,0.0,0.0,-0.527
00:00:01.401,1572936065293,0.0,0.0,0.983,116.171,3.0,-0.065,0.0,0.0,0.0,0.0,0.0,-0.527
00:00:01.402,1572936065294,0.0,0.0,0.983,116.171,3.0,-0.065,0.0,0.0,0.0,0.0,0.0,-0.527
00:00:01.445,1572936065337,0.0,0.0,0.983,116.171,3.0,-0.065,0.0,0.0,0.0,0.0,0.0,-0.527
00:00:01.446,1572936065338,0.0,0.0,0.983,116.171,3.0,-0.065,0.0,0.0,0.0,0.0,0.0,-0.527
00:00:01.447,1572936065339,0.0,0.0,0.983,114.547,3.0,-0.065,0.0,0.0,0.0,0.0,0.0,-0.527
00:00:01.495,1572936065387,0.0,0.0,0.983,114.547,3.0,-0.065,0.0,0.0,0.0,0.0,0.0,-0.527
00:00:01.496,1572936065388,0.0,0.0,0.983,114.547,3.0,-0.065,0.0,0.0,0.0,0.0,0.0,-0.527
00:00:01.497,1572936065389,0.0,0.0,0.983,114.547,3.0,-0.065,0.0,0.0,0.0,0.0,0.0,-0.527
00:00:01.545,1572936065437,0.0,0.0,0.983,114.547,3.0,-0.065,0.0,0.0,0.0,0.0,0.0,-0.527
00:00:01.546,1572936065438,0.0,0.0,0.983,114.547,3.0,-0.065,0.0,0.0,0.0,0.0,0.0,-0.527
00:00:01.547,1572936065439,0.0,0.0,0.983,90.889,3.0,-0.065,0.0,0.0,0.0,0.0,0.0,-0.527
00:00:01.595,1572936065487,0.0,0.0,0.983,90.889,3.0,-0.065,0.0,0.0,0.0,0.0,0.0,-0.527
00:00:01.596,1572936065488,0.0,0.0,0.983,90.889,3.0,-0.065,0.0,0.0,0.0,0.0,0.0,-0.527
00:00:01.597,1572936065489,0.0,0.0,0.983,90.889,3.0,-0.065,0.0,0.0,0.0,0.0,0.0,-0.527
00:00:01.645,1572936065537,0.0,0.0,0.983,90.889,3.0,-0.065,0.0,0.0,0.0,0.0,0.0,-0.527
00:00:01.646,1572936065538,0.0,0.0,0.983,90.889,3.0,-0.065,0.0,0.0,0.0,0.0,0.0,-0.527
00:00:01.647,1572936065539,0.0,0.0,0.983,64.91199999999999,3.0,-0.065,0.0,0.0,0.0,0.0,0.0,-0.527
00:00:01.696,1572936065588,0.0,0.0,0.983,64.91199999999999,3.0,-0.065,0.0,0.0,0.0,0.0,0.0,-0.527
00:00:01.697,1572936065589,0.0,0.0,0.983,64.91199999999999,3.0,-0.065,0.0,0.0,0.0,0.0,0.0,-0.527
00:00:01.698,1572936065590,0.0,0.0,0.983,64.91199999999999,3.0,-0.065,0.0,0.0,0.0,0.0,0.0,-0.527
00:00:01.747,1572936065639,0.0,0.0,0.983,64.91199999999999,3.0,-0.065,0.0,0.0,0.0,0.0,0.0,-0.527
00:00:01.748,1572936065640,0.0,0.0,0.983,64.91199999999999,3.0,-0.065,0.0,0.0,0.0,0.0,0.0,-0.527
00:00:01.749,1572936065641,0.0,0.0,0.983,21.307,3.0,-0.065,0.0,0.0,0.0,0.0,0.0,-0.527
00:00:01.797,1572936065689,0.0,0.0,0.983,21.307,3.0,-0.065,0.0,0.0,0.0,0.0,0.0,-0.527
00:00:01.798,1572936065690,0.0,0.0,0.983,21.307,3.0,-0.065,0.0,0.0,0.0,0.0,0.0,-0.527
00:00:01.799,1572936065691,0.0,0.0,0.983,21.307,3.0,-0.065,0.0,0.0,0.0,0.0,0.0,-0.527
00:00:01.847,1572936065739,0.0,0.0,0.983,21.307,3.0,-0.065,0.0,0.0,0.0,0.0,0.0,-0.527
00:00:01.848,1572936065740,0.0,0.0,0.983,21.307,3.0,-0.065,0.0,0.0,0.0,0.0,0.0,-0.527
00:00:01.849,1572936065741,0.018000000000000002,0.0,0.983,1.824,3.0,-0.065,0.002,0.0,-0.002,0.0,0.0,-0.527
00:00:01.897,1572936065789,0.174,-0.001,0.983,1.824,3.0,-0.065,0.006,0.0,-0.004,0.0,0.0,-0.527
00:00:01.898,1572936065790,0.188,-0.001,0.983,1.824,3.0,-0.065,0.009000000000000001,0.0,-0.006999999999999999,0.0,0.0,-0.527
00:00:01.899,1572936065791,0.229,-0.001,0.983,1.824,3.0,-0.065,0.014,0.0,-0.009000000000000001,0.0,0.0,-0.527
00:00:01.947,1572936065839,0.258,-0.001,0.983,1.824,3.0,-0.065,0.018000000000000002,0.0,-0.012,0.0,0.0,-0.527
00:00:01.948,1572936065840,0.278,-0.001,0.983,1.824,3.0,-0.065,0.023,0.0,-0.014,0.001,0.0,-0.527
00:00:01.949,1572936065841,0.295,-0.001,0.983,0.664,3.0,-0.065,0.028,0.0,-0.016,0.001,0.0,-0.528
00:00:01.997,1572936065889,0.324,-0.001,0.983,0.664,3.0,-0.065,0.035,0.0,-0.017,0.002,0.0,-0.528
00:00:01.998,1572936065890,0.345,-0.001,0.983,0.664,3.0,-0.065,0.04,0.0,-0.018000000000000002,0.002,0.0,-0.528
00:00:01.999,1572936065891,0.362,-0.001,0.983,0.664,3.0,-0.065,0.046,0.0,-0.018000000000000002,0.003,0.0,-0.528
00:00:02.048,1572936065940,0.377,-0.001,0.983,0.664,3.0,-0.065,0.053,0.0,-0.018000000000000002,0.004,0.0,-0.529
00:00:02.049,1572936065941,0.39,-0.001,0.983,0.664,3.0,-0.065,0.06,0.0,-0.018000000000000002,0.005,0.0,-0.529
00:00:02.050,1572936065942,0.403,-0.001,0.983,0.664,3.0,-0.065,0.067,0.0,-0.017,0.006,0.0,-0.529
00:00:02.098,1572936065990,0.415,-0.001,0.983,0.664,3.0,-0.065,0.07400000000000001,0.0,-0.016,0.006999999999999999,0.0,-0.53
00:00:02.099,1572936065991,0.426,-0.001,0.983,0.664,3.0,-0.065,0.081,0.0,-0.015,0.008,0.0,-0.53
00:00:02.100,1572936065992,0.4370000000000001,-0.001,0.983,0.664,3.0,-0.065,0.08800000000000001,0.0,-0.014,0.01,0.0,-0.53
00:00:02.149,1572936066041,0.447,-0.001,0.983,0.664,3.0,-0.065,0.096,0.0,-0.013,0.011,0.0,-0.53
00:00:02.150,1572936066042,0.457,-0.001,0.983,0.664,3.0,-0.065,0.104,0.0,-0.012,0.013,0.0,-0.531
00:00:02.151,1572936066043,0.467,-0.001,0.983,0.664,3.0,-0.065,0.111,0.0,-0.011,0.015,0.0,-0.531
00:00:02.200,1572936066092,0.476,-0.001,0.983,0.664,3.0,-0.065,0.12,0.0,-0.01,0.017,0.0,-0.531
00:00:02.201,1572936066093,0.483,-0.001,0.983,0.664,3.0,-0.065,0.128,0.0,-0.008,0.019,0.0,-0.531
00:00:02.202,1572936066094,0.491,-0.001,0.983,0.664,3.0,-0.065,0.136,0.0,-0.006999999999999999,0.021,0.0,-0.531
00:00:02.203,1572936066095,0.498,-0.001,0.983,0.664,3.0,-0.065,0.14400000000000002,0.0,-0.006,0.023,0.0,-0.531
00:00:02.251,1572936066143,0.505,-0.001,0.983,0.664,3.0,-0.065,0.153,0.0,-0.005,0.026,0.0,-0.531
00:00:02.252,1572936066144,0.511,-0.001,1.643,0.664,3.0,-0.065,0.161,0.0,-0.004,0.028,0.0,-0.532
00:00:02.253,1572936066145,0.519,-0.001,1.643,0.664,3.0,-0.065,0.171,-0.001,-0.003,0.031,0.0,-0.532
00:00:02.301,1572936066193,0.53,-0.001,1.643,0.664,3.0,-0.065,0.18,-0.001,-0.003,0.034,0.0,-0.532
00:00:02.302,1572936066194,0.545,-0.002,1.643,0.664,3.0,-0.065,0.189,-0.001,-0.002,0.037000000000000005,0.0,-0.532
00:00:02.303,1572936066195,0.565,-0.002,1.643,0.664,3.0,-0.065,0.199,-0.001,-0.001,0.04,0.0,-0.532
00:00:02.352,1572936066244,0.584,-0.002,1.643,0.664,3.0,-0.065,0.208,-0.001,-0.001,0.044,0.0,-0.532
00:00:02.353,1572936066245,0.604,-0.002,6.1110000000000015,0.664,3.0,-0.065,0.219,-0.001,0.0,0.047,0.0,-0.532
00:00:02.354,1572936066246,0.639,-0.002,6.1110000000000015,0.664,3.0,-0.065,0.231,-0.001,0.001,0.051,0.0,-0.532
00:00:02.403,1572936066295,0.705,-0.002,6.1110000000000015,0.664,3.0,-0.065,0.243,-0.001,0.001,0.055,0.0,-0.532
00:00:02.404,1572936066296,0.813,-0.002,6.1110000000000015,0.664,3.0,-0.065,0.258,-0.001,0.002,0.059,0.0,-0.532
00:00:02.405,1572936066297,0.948,-0.003,6.1110000000000015,0.664,3.0,-0.065,0.276,-0.001,0.003,0.063,0.0,-0.532
00:00:02.454,1572936066346,1.091,-0.003,6.1110000000000015,0.664,3.0,-0.065,0.29600000000000004,-0.001,0.004,0.068,0.0,-0.532
00:00:02.455,1572936066347,1.245,-0.003,8.821,0.664,3.0,-0.065,0.321,-0.001,0.005,0.07400000000000001,0.0,-0.532
00:00:02.456,1572936066348,1.364,-0.004,8.821,0.664,3.0,-0.065,0.343,-0.001,0.006,0.079,0.0,-0.532
00:00:02.505,1572936066397,1.52,-0.004,8.821,0.664,3.0,-0.065,0.371,-0.001,0.008,0.085,0.0,-0.531
00:00:02.506,1572936066398,1.6909999999999998,-0.005,8.821,0.664,3.0,-0.065,0.401,-0.001,0.009000000000000001,0.091,0.0,-0.531
00:00:02.507,1572936066399,1.869,-0.005,8.821,0.664,3.0,-0.065,0.4370000000000001,-0.001,0.011,0.099,0.0,-0.531
00:00:02.556,1572936066448,2.007,-0.006,8.821,0.664,3.0,-0.065,0.47,-0.001,0.012,0.106,0.0,-0.531
00:00:02.557,1572936066449,2.131,-0.006,13.288,0.664,3.0,-0.065,0.509,-0.001,0.013,0.114,0.0,-0.531
00:00:02.558,1572936066450,2.227,-0.006,13.288,0.664,3.0,-0.065,0.545,-0.002,0.014,0.122,0.0,-0.531
00:00:02.606,1572936066498,2.356,-0.006999999999999999,13.288,0.664,3.0,-0.066,0.586,-0.002,0.015,0.132,0.0,-0.53
00:00:02.607,1572936066499,2.518,-0.006999999999999999,13.288,0.664,3.0,-0.066,0.633,-0.002,0.017,0.14300000000000002,0.0,-0.53
00:00:02.608,1572936066500,2.673,-0.006,13.288,0.664,3.0,-0.065,0.68,-0.002,0.018000000000000002,0.154,0.0,-0.53
00:00:02.656,1572936066548,2.803,-0.005,13.288,0.664,3.0,-0.065,0.725,-0.002,0.019,0.165,-0.001,-0.53
00:00:02.657,1572936066549,2.922,-0.004,20.979,0.664,3.0,-0.064,0.779,-0.002,0.02,0.17800000000000002,-0.001,-0.53
00:00:02.658,1572936066550,3.04,-0.004,20.979,0.664,3.0,-0.063,0.831,-0.002,0.021,0.191,-0.001,-0.529
00:00:02.706,1572936066598,3.215,-0.004,20.979,0.664,3.0,-0.062,0.884,-0.002,0.022,0.205,-0.001,-0.529
00:00:02.707,1572936066599,3.4730000000000003,-0.006,20.979,0.664,3.0,-0.062,0.946,-0.002,0.023,0.22,-0.001,-0.529
00:00:02.708,1572936066600,3.785,-0.006999999999999999,20.979,0.664,3.0,-0.062,1.017,-0.002,0.025,0.237,-0.001,-0.529
00:00:02.756,1572936066648,4.069,-0.008,20.979,0.664,3.0,-0.061,1.089,-0.002,0.027000000000000003,0.255,-0.001,-0.529
00:00:02.757,1572936066649,4.295,-0.009000000000000001,23.323,0.664,3.0,-0.06,1.159,-0.002,0.029,0.273,-0.001,-0.528
00:00:02.758,1572936066650,4.474,-0.008,23.323,0.664,3.0,-0.059,1.236,-0.003,0.031,0.292,-0.001,-0.528
00:00:02.807,1572936066699,4.597,-0.008,23.323,0.664,3.0,-0.058,1.318,-0.003,0.034,0.315,-0.001,-0.528
00:00:02.808,1572936066700,4.658,-0.006999999999999999,23.323,0.664,3.0,-0.057,1.396,-0.003,0.036000000000000004,0.338,-0.001,-0.528
00:00:02.809,1572936066701,4.676,-0.006,23.323,0.664,3.0,-0.056,1.469,-0.003,0.038,0.36,-0.001,-0.528
00:00:02.857,1572936066749,4.664,-0.005,23.323,0.664,3.0,-0.056,1.547,-0.003,0.04,0.385,-0.001,-0.528
00:00:02.858,1572936066750,4.628,-0.005,27.791,0.664,3.0,-0.055,1.6230000000000002,-0.003,0.042,0.412,-0.001,-0.527
00:00:02.859,1572936066751,4.582,-0.004,27.791,0.664,3.0,-0.054000000000000006,1.704,-0.003,0.044,0.441,-0.001,-0.527
00:00:02.908,1572936066800,4.55,-0.004,27.791,0.664,3.0,-0.054000000000000006,1.774,-0.003,0.045,0.468,-0.001,-0.527
00:00:02.909,1572936066801,4.53,-0.004,27.791,0.664,3.0,-0.053,1.85,-0.003,0.047,0.499,-0.001,-0.527
00:00:02.910,1572936066802,4.516,-0.004,27.791,0.664,3.0,-0.053,1.929,-0.003,0.048,0.532,-0.001,-0.527
00:00:02.958,1572936066850,4.505,-0.005,27.791,0.664,3.0,-0.052000000000000005,2.004,-0.003,0.049,0.565,-0.001,-0.527
00:00:02.959,1572936066851,4.4910000000000005,-0.005,34.969,0.664,3.0,-0.052000000000000005,2.074,-0.003,0.05,0.597,-0.002,-0.527
00:00:02.960,1572936066852,4.478,-0.005,34.969,0.664,3.0,-0.051,2.153,-0.003,0.051,0.634,-0.002,-0.527
00:00:03.008,1572936066900,4.477,-0.006,34.969,0.664,3.0,-0.051,2.228,-0.003,0.051,0.6709999999999999,-0.002,-0.528
00:00:03.009,1572936066901,4.484,-0.006,34.969,0.664,3.0,-0.05,2.298,-0.003,0.052000000000000005,0.706,-0.002,-0.528
00:00:03.010,1572936066902,4.493,-0.006999999999999999,34.969,0.664,3.0,-0.049,2.383,-0.003,0.053,0.75,-0.002,-0.528
00:00:03.063,1572936066955,4.495,-0.006999999999999999,34.969,0.664,3.0,-0.049,2.448,-0.003,0.054000000000000006,0.785,-0.002,-0.528
00:00:03.064,1572936066956,4.489,-0.006999999999999999,35.335,0.664,3.0,-0.048,2.523,-0.003,0.055,0.8270000000000001,-0.002,-0.528
00:00:03.065,1572936066957,4.468,-0.006999999999999999,35.335,0.664,3.0,-0.048,2.602,-0.003,0.057,0.872,-0.002,-0.529
00:00:03.108,1572936067000,4.44,-0.006999999999999999,35.335,0.664,3.0,-0.047,2.6710000000000003,-0.003,0.059,0.913,-0.002,-0.529
00:00:03.109,1572936067001,4.4030000000000005,-0.006999999999999999,35.335,0.664,3.0,-0.046,2.7430000000000003,-0.003,0.061,0.958,-0.002,-0.529
00:00:03.110,1572936067002,4.363,-0.006999999999999999,35.335,0.664,3.0,-0.045,2.8160000000000003,-0.003,0.064,1.005,-0.002,-0.529
00:00:03.158,1572936067050,4.3210000000000015,-0.006999999999999999,35.335,0.664,3.0,-0.045,2.892,-0.003,0.067,1.055,-0.003,-0.53
00:00:03.159,1572936067051,4.283,-0.006999999999999999,35.335,0.664,3.0,-0.044,2.962,-0.003,0.069,1.104,-0.003,-0.53
00:00:03.160,1572936067052,4.249,-0.006999999999999999,35.335,0.664,3.0,-0.043,3.028,-0.003,0.07200000000000001,1.151,-0.003,-0.53
00:00:03.209,1572936067101,4.213,-0.006,35.335,0.664,3.0,-0.042,3.103,-0.003,0.075,1.205,-0.003,-0.53
00:00:03.210,1572936067102,4.182,-0.006,35.335,0.664,3.0,-0.041,3.172,-0.003,0.078,1.257,-0.003,-0.53
00:00:03.211,1572936067103,4.1530000000000005,-0.006,35.335,0.664,3.0,-0.041,3.241,-0.003,0.081,1.311,-0.003,-0.53
00:00:03.261,1572936067153,4.125,-0.006,35.335,0.664,3.0,-0.04,3.305,-0.003,0.084,1.362,-0.003,-0.53
00:00:03.262,1572936067154,4.093,-0.006999999999999999,35.994,0.664,3.0,-0.039,3.373,-0.003,0.086,1.418,-0.003,-0.53
00:00:03.263,1572936067155,4.06,-0.006999999999999999,35.994,0.664,3.0,-0.039,3.444,-0.003,0.08800000000000001,1.4780000000000002,-0.004,-0.53
00:00:03.310,1572936067202,4.029,-0.006999999999999999,35.994,0.664,3.0,-0.038,3.511,-0.003,0.09,1.536,-0.004,-0.53
00:00:03.311,1572936067203,4.003,-0.006999999999999999,35.994,0.664,3.0,-0.038,3.573,-0.003,0.092,1.591,-0.004,-0.53
00:00:03.312,1572936067204,3.975,-0.006999999999999999,35.994,0.664,3.0,-0.037000000000000005,3.643,-0.003,0.094,1.655,-0.004,-0.53
00:00:03.360,1572936067252,3.95,-0.006999999999999999,35.994,0.664,3.0,-0.036000000000000004,3.709,-0.003,0.095,1.717,-0.004,-0.529
00:00:03.361,1572936067253,3.926,-0.006999999999999999,36.507,0.664,3.0,-0.036000000000000004,3.774,-0.003,0.096,1.779,-0.004,-0.529
00:00:03.362,1572936067254,3.902,-0.006999999999999999,36.507,0.664,3.0,-0.035,3.842,-0.003,0.097,1.846,-0.004,-0.529
00:00:03.410,1572936067302,3.882,-0.006,36.507,0.664,3.0,-0.034,3.903,-0.003,0.097,1.907,-0.005,-0.529
00:00:03.411,1572936067303,3.862,-0.006,36.507,0.664,3.0,-0.034,3.963,-0.003,0.097,1.968,-0.005,-0.529
00:00:03.412,1572936067304,3.84,-0.005,36.507,0.664,3.0,-0.033,4.0310000000000015,-0.003,0.097,2.039,-0.005,-0.529
00:00:03.460,1572936067352,3.819,-0.004,36.507,0.664,3.0,-0.032,4.0939999999999985,-0.003,0.097,2.107,-0.005,-0.528
00:00:03.461,1572936067353,3.797,-0.003,36.653,1.128,3.0,-0.031,4.1530000000000005,-0.003,0.097,2.171,-0.005,-0.528
00:00:03.462,1572936067354,3.767,-0.002,36.653,1.128,3.0,-0.03,4.2189999999999985,-0.003,0.096,2.245,-0.005,-0.528
00:00:03.510,1572936067402,3.741,-0.001,36.653,1.128,3.0,-0.029,4.2810000000000015,-0.003,0.096,2.316,-0.006,-0.528
00:00:03.511,1572936067403,3.718,0.001,36.653,1.128,3.0,-0.028,4.339,-0.003,0.095,2.384,-0.006,-0.528
00:00:03.512,1572936067404,3.693,0.003,36.653,1.128,3.0,-0.027000000000000003,4.404,-0.002,0.094,2.461,-0.006,-0.528
00:00:03.561,1572936067453,3.67,0.004,36.653,1.128,3.0,-0.026,4.465,-0.002,0.093,2.535,-0.006,-0.528
00:00:03.562,1572936067454,3.649,0.006,36.8,0.664,3.0,-0.025,4.526,-0.002,0.093,2.61,-0.006,-0.528
00:00:03.563,1572936067455,3.633,0.008,36.8,0.664,3.0,-0.024,4.59,-0.002,0.092,2.6910000000000003,-0.006,-0.527
00:00:03.612,1572936067504,3.616,0.01,36.8,0.664,3.0,-0.023,4.646,-0.002,0.091,2.763,-0.006999999999999999,-0.527
00:00:03.613,1572936067505,3.597,0.011,36.8,0.664,3.0,-0.022,4.706,-0.001,0.09,2.841,-0.006999999999999999,-0.527
00:00:03.614,1572936067506,3.577,0.012,36.8,0.664,3.0,-0.022,4.769,-0.001,0.09,2.925,-0.006999999999999999,-0.527
00:00:03.663,1572936067555,3.5580000000000003,0.013,36.8,0.664,3.0,-0.021,4.824,-0.001,0.08900000000000001,3.0,-0.006999999999999999,-0.528
00:00:03.664,1572936067556,3.5380000000000003,0.014,41.121,0.664,3.0,-0.02,4.883,0.0,0.08900000000000001,3.0810000000000004,-0.006999999999999999,-0.528
00:00:03.665,1572936067557,3.522,0.015,41.121,0.664,3.0,-0.019,4.945,0.0,0.08800000000000001,3.168,-0.006999999999999999,-0.528
00:00:03.713,1572936067605,3.514,0.015,41.121,0.664,3.0,-0.019,5.0,0.0,0.08800000000000001,3.245,-0.008,-0.528
00:00:03.714,1572936067606,3.51,0.015,41.121,0.664,3.0,-0.018000000000000002,5.058,0.0,0.08800000000000001,3.329,-0.008,-0.528
00:00:03.715,1572936067607,3.508,0.016,41.121,0.664,3.0,-0.017,5.117,0.001,0.08900000000000001,3.414,-0.008,-0.528
00:00:03.763,1572936067655,3.503,0.016,41.121,0.664,3.0,-0.016,5.175,0.001,0.08900000000000001,3.5,-0.008,-0.528
00:00:03.764,1572936067656,3.495,0.017,45.003,0.664,3.0,-0.015,5.23,0.001,0.09,3.5810000000000004,-0.008,-0.528
00:00:03.765,1572936067657,3.482,0.018000000000000002,45.003,0.664,3.0,-0.014,5.291,0.001,0.091,3.674,-0.008,-0.528
00:00:03.813,1572936067705,3.469,0.02,45.003,0.664,3.0,-0.013,5.349,0.002,0.092,3.763,-0.009000000000000001,-0.529
00:00:03.814,1572936067706,3.457,0.022,45.003,0.664,3.0,-0.012,5.4060000000000015,0.002,0.093,3.853,-0.009000000000000001,-0.529
00:00:03.815,1572936067707,3.445,0.023,45.003,0.664,3.0,-0.011,5.462999999999999,0.002,0.094,3.943,-0.009000000000000001,-0.529
00:00:03.863,1572936067755,3.4330000000000003,0.026,45.003,0.664,3.0,-0.01,5.521,0.002,0.096,4.035,-0.009000000000000001,-0.529
00:00:03.864,1572936067756,3.42,0.028,45.956,0.664,3.0,-0.009000000000000001,5.577000000000001,0.003,0.097,4.127,-0.009000000000000001,-0.529
00:00:03.865,1572936067757,3.407,0.029,45.956,0.664,3.0,-0.008,5.634,0.003,0.098,4.221,-0.009000000000000001,-0.529
00:00:03.913,1572936067805,3.394,0.031,45.956,0.664,3.0,-0.006999999999999999,5.69,0.003,0.1,4.315,-0.009000000000000001,-0.529
00:00:03.914,1572936067806,3.383,0.032,45.956,0.664,3.0,-0.006,5.747000000000001,0.004,0.101,4.41,-0.009000000000000001,-0.529
00:00:03.915,1572936067807,3.37,0.033,45.956,0.664,3.0,-0.005,5.806,0.004,0.103,4.513,-0.01,-0.529
00:00:03.964,1572936067856,3.358,0.033,45.956,0.664,3.0,-0.005,5.858,0.004,0.104,4.604,-0.01,-0.53
00:00:03.965,1572936067857,3.345,0.033,46.468,0.664,3.0,-0.004,5.91,0.005,0.105,4.6960000000000015,-0.01,-0.53
00:00:03.966,1572936067858,3.3280000000000003,0.032,46.468,0.664,3.0,-0.004,5.973,0.005,0.107,4.807,-0.01,-0.53
00:00:04.015,1572936067907,3.313,0.031,46.468,0.664,3.0,-0.003,6.024,0.005,0.108,4.901,-0.01,-0.53
00:00:04.016,1572936067908,3.298,0.03,46.468,0.664,3.0,-0.003,6.079,0.005,0.109,5.002,-0.01,-0.53
00:00:04.017,1572936067909,3.281,0.028,46.468,0.664,3.0,-0.002,6.1370000000000005,0.005,0.11,5.11,-0.01,-0.53
00:00:04.068,1572936067960,3.266,0.027000000000000003,46.468,0.664,3.0,-0.002,6.188,0.005,0.111,5.206,-0.01,-0.53
00:00:04.069,1572936067961,3.249,0.025,48.006,0.664,3.0,-0.001,6.242000000000001,0.005,0.112,5.31,-0.01,-0.53
00:00:04.070,1572936067962,3.233,0.024,48.006,0.664,3.0,-0.001,6.295,0.005,0.113,5.414,-0.01,-0.53
00:00:04.071,1572936067963,3.22,0.023,48.006,0.664,3.0,0.0,6.349,0.005,0.114,5.52,-0.01,-0.53
00:00:04.119,1572936068011,3.208,0.022,48.006,0.664,3.0,0.0,6.402,0.005,0.115,5.626,-0.01,-0.53
00:00:04.120,1572936068012,3.196,0.021,48.006,0.664,3.0,0.001,6.455,0.005,0.116,5.733,-0.01,-0.53
00:00:04.121,1572936068013,3.184,0.021,48.006,0.664,3.0,0.002,6.507999999999999,0.005,0.117,5.841,-0.01,-0.53
00:00:04.169,1572936068061,3.17,0.021,49.325,0.664,3.0,0.002,6.561,0.005,0.118,5.95,-0.01,-0.53
00:00:04.170,1572936068062,3.156,0.022,49.325,0.664,3.0,0.003,6.613,0.005,0.118,6.06,-0.01,-0.53
00:00:04.171,1572936068063,3.144,0.022,49.325,0.664,3.0,0.004,6.665,0.005,0.119,6.171,-0.01,-0.53
00:00:04.219,1572936068111,3.132,0.022,49.325,0.664,3.0,0.004,6.7170000000000005,0.005,0.119,6.282,-0.01,-0.53
00:00:04.220,1572936068112,3.1180000000000003,0.022,49.325,0.664,3.0,0.005,6.772,0.005,0.119,6.402,-0.01,-0.53
00:00:04.221,1572936068113,3.1060000000000003,0.022,49.325,0.664,3.0,0.005,6.8210000000000015,0.005,0.12,6.507999999999999,-0.01,-0.53
00:00:04.270,1572936068162,3.094,0.022,51.15600000000001,0.664,3.0,0.005,6.872000000000001,0.005,0.12,6.622000000000001,-0.01,-0.53
00:00:04.271,1572936068163,3.0810000000000004,0.021,51.15600000000001,0.664,3.0,0.005,6.9270000000000005,0.005,0.12,6.744,-0.01,-0.53
00:00:04.272,1572936068164,3.073,0.02,51.15600000000001,0.664,3.0,0.006,6.975,0.005,0.12,6.853,-0.01,-0.53
00:00:04.320,1572936068212,3.0660000000000003,0.019,51.15600000000001,0.664,3.0,0.006,7.026,0.005,0.12,6.9689999999999985,-0.01,-0.529
00:00:04.321,1572936068213,3.0580000000000003,0.018000000000000002,51.15600000000001,0.664,3.0,0.006,7.08,0.005,0.12,7.0939999999999985,-0.01,-0.529
00:00:04.322,1572936068214,3.051,0.016,51.15600000000001,0.664,3.0,0.006,7.127000000000002,0.004,0.12,7.205,-0.01,-0.529
00:00:04.382,1572936068274,3.0410000000000004,0.014,52.84,0.664,3.0,0.006,7.178,0.004,0.12,7.325,-0.01,-0.529
00:00:04.383,1572936068275,3.032,0.012,52.84,0.664,3.0,0.006,7.228,0.004,0.12,7.445,-0.01,-0.529
00:00:04.384,1572936068276,3.024,0.01,52.84,0.664,3.0,0.005,7.278,0.004,0.12,7.566,-0.01,-0.529
00:00:04.422,1572936068314,3.017,0.008,52.84,0.664,3.0,0.005,7.329,0.004,0.119,7.687,-0.01,-0.529
00:00:04.423,1572936068315,3.009,0.006,52.84,0.664,3.0,0.005,7.379,0.003,0.119,7.81,-0.01,-0.529
00:00:04.424,1572936068316,3.0010000000000003,0.005,52.84,0.664,3.0,0.005,7.4289999999999985,0.003,0.119,7.933,-0.01,-0.529
00:00:04.472,1572936068364,2.991,0.003,54.452,0.664,3.0,0.005,7.478,0.003,0.119,8.057,-0.01,-0.529
00:00:04.473,1572936068365,2.977,0.001,54.452,0.664,3.0,0.005,7.528,0.003,0.119,8.183,-0.01,-0.529
00:00:04.474,1572936068366,2.9610000000000003,0.0,54.452,0.664,3.0,0.005,7.577000000000001,0.002,0.118,8.308,-0.009000000000000001,-0.529
00:00:04.522,1572936068414,2.947,-0.001,54.452,0.664,3.0,0.005,7.626,0.002,0.118,8.435,-0.009000000000000001,-0.529
00:00:04.523,1572936068415,2.938,-0.002,54.452,0.664,3.0,0.006,7.675,0.002,0.118,8.562999999999999,-0.009000000000000001,-0.529
00:00:04.524,1572936068416,2.9330000000000003,-0.003,54.452,0.664,3.0,0.006,7.724,0.002,0.118,8.691,-0.009000000000000001,-0.529
00:00:04.572,1572936068464,2.93,-0.003,59.799,0.664,3.0,0.006,7.772,0.001,0.118,8.82,-0.009000000000000001,-0.529
00:00:04.573,1572936068465,2.9330000000000003,-0.003,59.799,0.664,3.0,0.006,7.824,0.001,0.118,8.958,-0.009000000000000001,-0.529
00:00:04.574,1572936068466,2.943,-0.003,59.799,0.664,3.0,0.006,7.871,0.001,0.118,9.081,-0.009000000000000001,-0.529
00:00:04.622,1572936068514,2.959,-0.003,59.799,0.664,3.0,0.006,7.92,0.001,0.119,9.212,-0.009000000000000001,-0.529
00:00:04.623,1572936068515,2.975,-0.003,59.799,0.664,3.0,0.006,7.973,0.001,0.119,9.353,-0.009000000000000001,-0.529
00:00:04.624,1572936068516,2.983,-0.003,59.799,0.664,3.0,0.006,8.02,0.001,0.12,9.478,-0.009000000000000001,-0.529
00:00:04.673,1572936068565,2.986,-0.003,61.996,0.664,3.0,0.006,8.068999999999999,0.001,0.12,9.612,-0.009000000000000001,-0.53
00:00:04.674,1572936068566,2.985,-0.003,61.996,0.664,3.0,0.006,8.122,0.001,0.121,9.756,-0.009000000000000001,-0.53
00:00:04.675,1572936068567,2.985,-0.002,61.996,0.664,3.0,0.006,8.169,0.001,0.122,9.883,-0.009000000000000001,-0.53
00:00:04.724,1572936068616,2.986,-0.002,61.996,0.664,3.0,0.006,8.219,0.0,0.123,10.02,-0.009000000000000001,-0.53
00:00:04.725,1572936068617,2.988,-0.002,61.996,0.664,3.0,0.006,8.269,0.0,0.124,10.157,-0.009000000000000001,-0.53
00:00:04.726,1572936068618,2.99,-0.003,61.996,0.664,3.0,0.005,8.318,0.0,0.125,10.295,-0.009000000000000001,-0.53
00:00:04.775,1572936068667,2.99,-0.003,62.143,0.664,3.0,0.005,8.368,0.0,0.126,10.434,-0.009000000000000001,-0.53
00:00:04.776,1572936068668,2.99,-0.004,62.143,0.664,3.0,0.005,8.418,0.0,0.127,10.574000000000002,-0.009000000000000001,-0.53
00:00:04.777,1572936068669,2.989,-0.004,62.143,0.664,3.0,0.004,8.468,0.0,0.128,10.715,-0.008,-0.53
00:00:04.825,1572936068717,2.987,-0.005,62.143,0.664,3.0,0.004,8.517999999999999,0.0,0.129,10.856,-0.008,-0.53
00:00:04.826,1572936068718,2.986,-0.006,62.143,0.664,3.0,0.004,8.567,0.0,0.13,10.999,-0.008,-0.53
00:00:04.827,1572936068719,2.985,-0.008,62.143,0.664,3.0,0.004,8.617,0.0,0.131,11.142,-0.008,-0.53
00:00:04.875,1572936068767,2.984,-0.009000000000000001,62.143,1.128,3.0,0.003,8.667,0.0,0.132,11.286,-0.008,-0.53
00:00:04.876,1572936068768,2.977,-0.01,62.143,1.128,3.0,0.003,8.719,-0.001,0.134,11.44,-0.008,-0.53
00:00:04.877,1572936068769,2.972,-0.011,62.143,1.128,3.0,0.003,8.766,-0.001,0.135,11.577,-0.008,-0.53
00:00:04.925,1572936068817,2.97,-0.013,62.143,1.128,3.0,0.002,8.815,-0.001,0.136,11.723,-0.008,-0.53
00:00:04.926,1572936068818,2.969,-0.014,62.143,1.128,3.0,0.002,8.868,-0.001,0.13699999999999998,11.88,-0.008,-0.53
00:00:04.927,1572936068819,2.969,-0.015,62.143,1.128,3.0,0.002,8.914,-0.001,0.138,12.019,-0.008,-0.53
00:00:04.975,1572936068867,2.97,-0.016,63.021,0.664,3.0,0.002,8.964,-0.001,0.139,12.168,-0.008,-0.53
00:00:04.976,1572936068868,2.975,-0.017,63.021,0.664,3.0,0.002,9.017,-0.002,0.14,12.327,-0.008,-0.53
00:00:04.977,1572936068869,2.979,-0.018000000000000002,63.021,0.664,3.0,0.002,9.063,-0.002,0.141,12.468,-0.008,-0.53
00:00:05.025,1572936068917,2.982,-0.019,63.021,0.664,3.0,0.002,9.113,-0.002,0.142,12.62,-0.008,-0.53
00:00:05.026,1572936068918,2.983,-0.019,63.021,0.664,3.0,0.002,9.163,-0.002,0.14300000000000002,12.772,-0.008,-0.53
00:00:05.027,1572936068919,2.979,-0.019,63.021,0.664,3.0,0.002,9.212,-0.002,0.14400000000000002,12.925,-0.008,-0.53
00:00:05.076,1572936068968,2.968,-0.02,63.46100000000001,0.664,3.0,0.002,9.261,-0.002,0.145,13.079,-0.008,-0.53
00:00:05.077,1572936068969,2.959,-0.02,63.46100000000001,0.664,3.0,0.002,9.311,-0.002,0.145,13.234000000000002,-0.008,-0.53
00:00:05.078,1572936068970,2.9560000000000004,-0.02,63.46100000000001,0.664,3.0,0.002,9.36,-0.002,0.146,13.389,-0.008,-0.53
00:00:05.127,1572936069019,2.957,-0.021,63.46100000000001,0.664,3.0,0.001,9.409,-0.002,0.147,13.546,-0.008,-0.53
00:00:05.128,1572936069020,2.958,-0.021,63.46100000000001,0.664,3.0,0.001,9.459,-0.002,0.14800000000000002,13.703,-0.008,-0.53
00:00:05.129,1572936069021,2.958,-0.021,63.46100000000001,0.664,3.0,0.001,9.508,-0.002,0.14800000000000002,13.861,-0.008,-0.53
00:00:05.178,1572936069070,2.957,-0.022,63.46100000000001,0.664,3.0,0.001,9.557,-0.002,0.149,14.02,-0.008,-0.53
00:00:05.179,1572936069071,2.955,-0.022,63.46100000000001,0.664,3.0,0.001,9.606,-0.002,0.15,14.18,-0.008,-0.53
00:00:05.180,1572936069072,2.954,-0.022,63.46100000000001,0.664,3.0,0.001,9.659,-0.002,0.151,14.35,-0.008,-0.53
00:00:05.228,1572936069120,2.9530000000000003,-0.022,63.46100000000001,0.664,3.0,0.001,9.705,-0.002,0.151,14.502,-0.008,-0.53
00:00:05.229,1572936069121,2.952,-0.023,63.46100000000001,0.664,3.0,0.001,9.757,-0.002,0.152,14.674,-0.008,-0.53
00:00:05.230,1572936069122,2.951,-0.023,63.46100000000001,0.664,3.0,0.001,9.803,-0.002,0.152,14.827,-0.009000000000000001,-0.53
00:00:05.278,1572936069170,2.949,-0.023,63.46100000000001,1.128,3.0,0.001,9.852,-0.002,0.153,14.991,-0.009000000000000001,-0.53
00:00:05.279,1572936069171,2.942,-0.023,63.46100000000001,1.128,3.0,0.001,9.904,-0.002,0.154,15.166,-0.009000000000000001,-0.53
00:00:05.280,1572936069172,2.938,-0.023,63.46100000000001,1.128,3.0,0.001,9.95,-0.002,0.154,15.321,-0.009000000000000001,-0.53
00:00:05.328,1572936069220,2.9360000000000004,-0.024,63.46100000000001,1.128,3.0,0.001,9.999,-0.002,0.155,15.487,-0.009000000000000001,-0.53
00:00:05.329,1572936069221,2.934,-0.024,63.46100000000001,1.128,3.0,0.001,10.051,-0.002,0.155,15.665,-0.009000000000000001,-0.53
00:00:05.330,1572936069222,2.932,-0.024,63.46100000000001,1.128,3.0,0.0,10.097,-0.002,0.156,15.822,-0.009000000000000001,-0.53
00:00:05.379,1572936069271,2.932,-0.024,63.46100000000001,0.664,3.0,0.0,10.146,-0.002,0.156,15.991,-0.009000000000000001,-0.53
00:00:05.380,1572936069272,2.9360000000000004,-0.024,63.46100000000001,0.664,3.0,0.0,10.195,-0.002,0.157,16.16,-0.009000000000000001,-0.53
00:00:05.381,1572936069273,2.938,-0.024,63.46100000000001,0.664,3.0,0.0,10.244000000000002,-0.002,0.157,16.331,-0.009000000000000001,-0.53
00:00:05.430,1572936069322,2.938,-0.024,63.46100000000001,0.664,3.0,0.0,10.292,-0.002,0.158,16.502,-0.01,-0.53
00:00:05.431,1572936069323,2.938,-0.024,63.46100000000001,0.664,3.0,0.0,10.341,-0.002,0.159,16.674,-0.01,-0.53
00:00:05.432,1572936069324,2.937,-0.024,63.46100000000001,0.664,3.0,0.0,10.39,-0.002,0.159,16.846,-0.01,-0.53
00:00:05.481,1572936069373,2.9360000000000004,-0.024,63.46100000000001,0.664,3.0,0.0,10.439,-0.002,0.16,17.02,-0.01,-0.53
00:00:05.482,1572936069374,2.935,-0.024,63.46100000000001,0.664,3.0,0.0,10.488,-0.002,0.16,17.194000000000006,-0.01,-0.53
00:00:05.483,1572936069375,2.934,-0.024,63.46100000000001,0.664,3.0,0.0,10.537,-0.002,0.161,17.37,-0.01,-0.53
00:00:05.532,1572936069424,2.932,-0.024,63.46100000000001,0.664,3.0,0.0,10.586,-0.002,0.161,17.546,-0.011,-0.53
00:00:05.533,1572936069425,2.931,-0.023,63.46100000000001,0.664,3.0,0.0,10.638,-0.002,0.162,17.734,-0.011,-0.53
00:00:05.534,1572936069426,2.93,-0.022,63.46100000000001,0.664,3.0,0.0,10.684,-0.002,0.162,17.9,-0.011,-0.53
00:00:05.582,1572936069474,2.929,-0.022,63.46100000000001,0.664,3.0,0.001,10.732,-0.002,0.163,18.079,-0.011,-0.53
00:00:05.583,1572936069475,2.928,-0.021,63.46100000000001,0.664,3.0,0.001,10.778,-0.002,0.16399999999999998,18.247,-0.011,-0.53
00:00:05.584,1572936069476,2.927,-0.02,63.46100000000001,0.664,3.0,0.001,10.824000000000002,-0.002,0.16399999999999998,18.416,-0.012,-0.53
00:00:05.632,1572936069524,2.925,-0.019,63.46100000000001,0.664,3.0,0.001,10.873,-0.002,0.165,18.596,-0.012,-0.53
00:00:05.633,1572936069525,2.924,-0.018000000000000002,63.46100000000001,0.664,3.0,0.001,10.924,-0.002,0.166,18.789,-0.012,-0.53
00:00:05.634,1572936069526,2.923,-0.018000000000000002,63.46100000000001,0.664,3.0,0.001,10.97,-0.002,0.166,18.961,-0.012,-0.53
00:00:05.682,1572936069574,2.922,-0.017,63.46100000000001,0.664,3.0,0.001,11.019,-0.002,0.16699999999999998,19.144,-0.013,-0.53
00:00:05.683,1572936069575,2.9210000000000003,-0.017,63.46100000000001,0.664,3.0,0.001,11.067,-0.002,0.168,19.328,-0.013,-0.53
00:00:05.684,1572936069576,2.92,-0.017,63.46100000000001,0.664,3.0,0.001,11.116,-0.002,0.168,19.513,-0.013,-0.53
00:00:05.732,1572936069624,2.919,-0.018000000000000002,63.46100000000001,0.664,3.0,0.001,11.165,-0.001,0.16899999999999998,19.698,-0.013,-0.53
00:00:05.733,1572936069625,2.917,-0.018000000000000002,63.46100000000001,0.664,3.0,0.001,11.213,-0.001,0.17,19.885,-0.014,-0.53
00:00:05.734,1572936069626,2.9160000000000004,-0.018000000000000002,63.46100000000001,0.664,3.0,0.001,11.262,-0.001,0.171,20.072,-0.014,-0.53
00:00:05.783,1572936069675,2.915,-0.018000000000000002,63.46100000000001,0.664,3.0,0.001,11.31,-0.001,0.171,20.26,-0.014,-0.53
00:00:05.784,1572936069676,2.9130000000000003,-0.018000000000000002,63.46100000000001,0.664,3.0,0.001,11.359000000000002,-0.001,0.172,20.449,-0.014,-0.53
00:00:05.785,1572936069677,2.911,-0.018000000000000002,63.46100000000001,0.664,3.0,0.001,11.407,-0.001,0.173,20.639,-0.015,-0.53
00:00:05.834,1572936069726,2.909,-0.018000000000000002,63.46100000000001,0.664,3.0,0.001,11.456,-0.001,0.174,20.83,-0.015,-0.53
00:00:05.835,1572936069727,2.907,-0.018000000000000002,63.46100000000001,0.664,3.0,0.001,11.504,-0.001,0.174,21.021,-0.015,-0.53
00:00:05.836,1572936069728,2.905,-0.018000000000000002,63.46100000000001,0.664,3.0,0.001,11.553,-0.001,0.175,21.213,-0.016,-0.53
00:00:05.837,1572936069729,2.903,-0.018000000000000002,63.46100000000001,0.664,3.0,0.001,11.601,-0.001,0.17600000000000002,21.406,-0.016,-0.53
00:00:05.886,1572936069778,2.902,-0.017,63.46100000000001,0.664,3.0,0.001,11.652,-0.001,0.177,21.612,-0.016,-0.53
00:00:05.887,1572936069779,2.9,-0.016,63.46100000000001,0.664,3.0,0.001,11.698,-0.001,0.177,21.794,-0.017,-0.53
00:00:05.888,1572936069780,2.898,-0.015,63.46100000000001,0.664,3.0,0.001,11.746,-0.001,0.17800000000000002,21.99,-0.017,-0.53
00:00:05.935,1572936069827,2.8960000000000004,-0.014,63.46100000000001,0.664,3.0,0.001,11.797,-0.001,0.179,22.198,-0.017,-0.53
00:00:05.936,1572936069828,2.894,-0.013,63.46100000000001,0.664,3.0,0.001,11.842,-0.001,0.179,22.38300000000001,-0.018000000000000002,-0.53
00:00:05.937,1572936069829,2.892,-0.013,63.46100000000001,0.664,3.0,0.001,11.890999999999998,-0.001,0.18,22.581,-0.018000000000000002,-0.53
00:00:05.986,1572936069878,2.89,-0.012,63.46100000000001,0.664,3.0,0.001,11.942,-0.001,0.181,22.792,-0.018000000000000002,-0.53
00:00:05.987,1572936069879,2.889,-0.012,63.46100000000001,0.664,3.0,0.001,11.987,-0.001,0.181,22.979,-0.019,-0.53
00:00:05.988,1572936069880,2.887,-0.012,63.46100000000001,0.664,3.0,0.001,12.035,-0.001,0.182,23.179,-0.019,-0.53
00:00:06.036,1572936069928,2.885,-0.012,63.46100000000001,0.664,3.0,0.001,12.083,-0.001,0.182,23.38,-0.019,-0.53
00:00:06.037,1572936069929,2.883,-0.012,63.46100000000001,0.664,3.0,0.001,12.130999999999998,-0.001,0.183,23.582,-0.02,-0.53
00:00:06.038,1572936069930,2.881,-0.012,63.46100000000001,0.664,3.0,0.001,12.179,-0.001,0.184,23.784,-0.02,-0.53
00:00:06.086,1572936069978,2.879,-0.012,63.46100000000001,0.664,3.0,0.001,12.227,-0.001,0.184,23.988000000000003,-0.021,-0.53
00:00:06.087,1572936069979,2.878,-0.012,63.46100000000001,0.664,3.0,0.001,12.275,-0.001,0.185,24.192,-0.021,-0.53
00:00:06.088,1572936069980,2.8760000000000003,-0.012,63.46100000000001,0.664,3.0,0.001,12.323,-0.001,0.185,24.397,-0.021,-0.53
00:00:06.137,1572936070029,2.874,-0.012,63.46100000000001,0.664,3.0,0.001,12.371,-0.001,0.18600000000000005,24.603,-0.022,-0.53
00:00:06.138,1572936070030,2.872,-0.012,63.46100000000001,0.664,3.0,0.001,12.419,-0.001,0.187,24.809,-0.022,-0.53
00:00:06.139,1572936070031,2.87,-0.012,63.46100000000001,0.664,3.0,0.001,12.466,-0.001,0.187,25.017,-0.023,-0.53
00:00:06.188,1572936070080,2.8680000000000003,-0.012,63.46100000000001,0.664,3.0,0.001,12.514,-0.001,0.188,25.225,-0.023,-0.53
00:00:06.189,1572936070081,2.867,-0.012,63.46100000000001,0.664,3.0,0.001,12.562,-0.001,0.188,25.434,-0.023,-0.53
00:00:06.190,1572936070082,2.865,-0.013,63.46100000000001,0.664,3.0,0.001,12.61,-0.001,0.189,25.644,-0.024,-0.53
00:00:06.239,1572936070131,2.863,-0.014,63.46100000000001,0.664,3.0,0.001,12.66,-0.001,0.189,25.868,-0.024,-0.53
00:00:06.240,1572936070132,2.861,-0.015,63.46100000000001,0.664,3.0,0.001,12.705,-0.001,0.19,26.066,-0.025,-0.53
00:00:06.241,1572936070133,2.859,-0.016,63.46100000000001,0.664,3.0,0.001,12.753,-0.001,0.19,26.278,-0.025,-0.53
00:00:06.290,1572936070182,2.857,-0.018000000000000002,63.46100000000001,0.664,3.0,0.001,12.803,-0.001,0.191,26.504,-0.026,-0.53
00:00:06.291,1572936070183,2.8560000000000003,-0.019,63.46100000000001,0.664,3.0,0.001,12.848,-0.001,0.191,26.705,-0.026,-0.53
00:00:06.292,1572936070184,2.854,-0.02,63.46100000000001,0.664,3.0,0.001,12.895,-0.001,0.192,26.919,-0.026,-0.53
00:00:06.340,1572936070232,2.852,-0.021,63.46100000000001,0.664,3.0,0.001,12.943,-0.001,0.192,27.135,-0.027000000000000003,-0.53
00:00:06.341,1572936070233,2.873,-0.021,63.46100000000001,0.664,3.0,0.001,12.991,-0.001,0.193,27.351,-0.027000000000000003,-0.53
00:00:06.342,1572936070234,3.016,-0.022,64.34,0.664,3.0,0.001,13.044,-0.001,0.194,27.568,-0.028,-0.53
00:00:06.390,1572936070282,3.239,-0.022,64.34,0.664,3.0,0.001,13.102,-0.001,0.196,27.786,-0.028,-0.53
00:00:06.391,1572936070283,3.383,-0.022,64.34,0.664,3.0,0.001,13.159,-0.001,0.199,28.004,-0.029,-0.53
00:00:06.392,1572936070284,3.38,-0.023,64.34,0.664,3.0,0.001,13.215,-0.001,0.203,28.224,-0.029,-0.53
00:00:06.440,1572936070332,3.264,-0.023,64.34,0.664,3.0,0.002,13.27,-0.001,0.206,28.459,-0.03,-0.53
00:00:06.441,1572936070333,3.135,-0.024,64.34,0.664,3.0,0.002,13.317,-0.001,0.209,28.666,-0.03,-0.53
00:00:06.442,1572936070334,3.012,-0.025,68.149,0.664,3.0,0.002,13.366,-0.001,0.212,28.889,-0.031,-0.53
00:00:06.490,1572936070382,2.9160000000000004,-0.025,68.149,0.664,3.0,0.002,13.413,-0.001,0.214,29.112,-0.031,-0.53
00:00:06.491,1572936070383,2.843,-0.026,68.149,0.664,3.0,0.002,13.46,-0.001,0.21600000000000005,29.336,-0.032,-0.53
00:00:06.492,1572936070384,2.78,-0.027000000000000003,68.149,0.664,3.0,0.002,13.505,-0.001,0.217,29.561,-0.033,-0.53
00:00:06.541,1572936070433,2.709,-0.027000000000000003,68.149,0.664,3.0,0.002,13.552,-0.001,0.217,29.8,-0.033,-0.53
00:00:06.542,1572936070434,2.641,-0.028,68.149,0.664,3.0,0.002,13.593,-0.001,0.217,30.012,-0.034,-0.53
00:00:06.543,1572936070435,2.535,-0.029,68.808,0.664,3.0,0.002,13.655,-0.001,0.215,30.353,-0.035,-0.53
00:00:06.592,1572936070484,2.498,-0.029,68.808,0.664,3.0,0.002,13.678,-0.001,0.215,30.481,-0.035,-0.53
00:00:06.593,1572936070485,2.442,-0.029,68.808,0.664,3.0,0.003,13.715,-0.001,0.213,30.695,-0.036000000000000004,-0.53
00:00:06.594,1572936070486,2.383,-0.029,68.808,0.664,3.0,0.003,13.754,-0.001,0.211,30.924,-0.036000000000000004,-0.53
00:00:06.643,1572936070535,2.321,-0.029,68.808,0.664,3.0,0.003,13.794,-0.001,0.209,31.16800000000001,-0.037000000000000005,-0.53
00:00:06.644,1572936070536,2.27,-0.03,68.808,0.664,3.0,0.003,13.829,-0.001,0.207,31.384,-0.037000000000000005,-0.53
00:00:06.645,1572936070537,2.22,-0.03,68.808,0.664,3.0,0.003,13.866,-0.001,0.204,31.615,-0.038,-0.53
00:00:06.693,1572936070585,2.177,-0.03,68.808,0.664,3.0,0.003,13.901,-0.001,0.201,31.846,-0.039,-0.53
00:00:06.694,1572936070586,2.141,-0.03,68.808,0.664,3.0,0.003,13.937,-0.001,0.197,32.078,-0.039,-0.53
00:00:06.695,1572936070587,2.11,-0.03,68.808,0.664,3.0,0.003,13.972,-0.001,0.194,32.311,-0.04,-0.53
00:00:06.744,1572936070636,2.081,-0.03,68.808,0.664,3.0,0.004,14.005999999999998,-0.001,0.19,32.544000000000004,-0.041,-0.53
00:00:06.745,1572936070637,2.0540000000000003,-0.031,68.808,0.664,3.0,0.004,14.04,-0.001,0.18600000000000005,32.778,-0.041,-0.53
00:00:06.746,1572936070638,2.029,-0.031,68.661,0.664,3.0,0.004,14.073,-0.001,0.182,33.012,-0.042,-0.53
00:00:06.794,1572936070686,2.004,-0.031,68.661,0.664,3.0,0.004,14.107,-0.001,0.177,33.247,-0.043,-0.53
00:00:06.795,1572936070687,1.981,-0.031,68.661,0.664,3.0,0.004,14.139,-0.001,0.173,33.482,-0.044,-0.53
00:00:06.796,1572936070688,1.958,-0.031,68.661,0.664,3.0,0.004,14.172,-0.001,0.168,33.718,-0.044,-0.53
00:00:06.844,1572936070736,1.937,-0.031,68.661,0.664,3.0,0.004,14.204,-0.001,0.16399999999999998,33.955,-0.045,-0.53
00:00:06.845,1572936070737,1.918,-0.03,68.661,0.664,3.0,0.004,14.236,-0.001,0.159,34.192,-0.046,-0.53
00:00:06.846,1572936070738,1.898,-0.03,68.661,0.664,3.0,0.004,14.269,-0.001,0.154,34.444,-0.047,-0.53
00:00:06.894,1572936070786,1.881,-0.03,68.661,0.664,3.0,0.004,14.3,-0.001,0.149,34.681999999999995,-0.047,-0.529
00:00:06.895,1572936070787,1.865,-0.03,68.661,0.664,3.0,0.005,14.329,-0.001,0.145,34.906,-0.048,-0.529
00:00:06.896,1572936070788,1.85,-0.03,68.661,0.664,3.0,0.005,14.36,-0.001,0.14,35.145,-0.049,-0.529
00:00:06.945,1572936070837,1.834,-0.03,68.661,0.664,3.0,0.005,14.392,-0.001,0.136,35.4,-0.05,-0.529
00:00:06.946,1572936070838,1.821,-0.03,68.661,0.664,3.0,0.005,14.42,-0.001,0.132,35.625,-0.051,-0.529
00:00:06.947,1572936070839,1.808,-0.03,68.661,0.664,3.0,0.005,14.45,-0.001,0.128,35.865,-0.051,-0.529
00:00:06.996,1572936070888,1.795,-0.03,68.661,0.664,3.0,0.005,14.482,-0.001,0.124,36.121,-0.052000000000000005,-0.529
00:00:06.997,1572936070889,1.785,-0.03,68.661,0.664,3.0,0.005,14.51,-0.001,0.12,36.348,-0.053,-0.529
00:00:06.998,1572936070890,1.774,-0.03,68.661,0.664,3.0,0.005,14.539,-0.001,0.117,36.59,-0.054000000000000006,-0.529
00:00:07.047,1572936070939,1.764,-0.03,68.661,0.664,3.0,0.005,14.568,-0.001,0.114,36.833,-0.055,-0.529
00:00:07.048,1572936070940,1.755,-0.03,68.661,0.664,3.0,0.005,14.598,-0.001,0.111,37.076,-0.056,-0.529
00:00:07.049,1572936070941,1.746,-0.03,68.661,0.664,3.0,0.005,14.627,-0.001,0.109,37.319,-0.057,-0.529
00:00:07.097,1572936070989,1.7380000000000002,-0.029,68.661,0.664,3.0,0.005,14.655,-0.001,0.107,37.563,-0.058,-0.529
00:00:07.098,1572936070990,1.73,-0.029,68.661,0.664,3.0,0.005,14.684,0.0,0.105,37.808,-0.058,-0.529
00:00:07.099,1572936070991,1.723,-0.029,68.661,0.664,3.0,0.005,14.713,0.0,0.104,38.053,-0.059,-0.53
00:00:07.147,1572936071039,1.716,-0.028,68.661,0.664,3.0,0.006,14.741,0.0,0.103,38.298,-0.06,-0.53
00:00:07.148,1572936071040,1.71,-0.027000000000000003,68.661,0.664,3.0,0.006,14.77,0.0,0.102,38.544,-0.061,-0.53
00:00:07.149,1572936071041,1.704,-0.025,68.661,0.664,3.0,0.006,14.798,0.0,0.102,38.79,-0.062,-0.53
00:00:07.198,1572936071090,1.6980000000000002,-0.023,68.661,0.664,3.0,0.006,14.828,0.0,0.102,39.053,-0.063,-0.53
00:00:07.199,1572936071091,1.693,-0.02,68.661,0.664,3.0,0.006,14.854,0.0,0.102,39.285,-0.064,-0.53
00:00:07.200,1572936071092,1.689,-0.017,68.661,0.664,3.0,0.006999999999999999,14.883,0.0,0.103,39.532,-0.065,-0.53
00:00:07.247,1572936071139,1.6840000000000002,-0.013,68.661,0.664,3.0,0.006999999999999999,14.912,0.001,0.104,39.796,-0.066,-0.531
00:00:07.248,1572936071140,1.68,-0.009000000000000001,68.661,0.664,3.0,0.006999999999999999,14.938,0.001,0.105,40.03,-0.067,-0.531
00:00:07.249,1572936071141,1.676,-0.006,68.661,0.664,3.0,0.006999999999999999,14.966,0.001,0.105,40.279,-0.068,-0.531
00:00:07.297,1572936071189,1.673,-0.002,68.661,0.664,3.0,0.006999999999999999,14.996,0.001,0.107,40.544,-0.069,-0.531
00:00:07.298,1572936071190,1.67,0.002,68.661,0.664,3.0,0.006999999999999999,15.022,0.001,0.108,40.779,-0.07,-0.531
00:00:07.299,1572936071191,1.666,0.005,68.661,0.664,3.0,0.006999999999999999,15.05,0.002,0.109,41.029,-0.071,-0.531
00:00:07.348,1572936071240,1.663,0.008,68.661,0.664,3.0,0.006,15.077,0.002,0.11,41.28,-0.07200000000000001,-0.531
00:00:07.349,1572936071241,1.661,0.01,68.661,0.664,3.0,0.006,15.105,0.002,0.111,41.532,-0.073,-0.531
00:00:07.350,1572936071242,1.658,0.012,68.515,0.664,3.0,0.006,15.133,0.002,0.112,41.784,-0.07400000000000001,-0.532
00:00:07.399,1572936071291,1.656,0.013,68.515,0.664,3.0,0.005,15.16,0.002,0.113,42.036,-0.075,-0.532
00:00:07.400,1572936071292,1.653,0.015,68.515,0.664,3.0,0.005,15.188,0.002,0.114,42.289,-0.076,-0.532
00:00:07.401,1572936071293,1.651,0.016,68.515,0.664,3.0,0.004,15.215,0.002,0.115,42.542,-0.077,-0.532
00:00:07.449,1572936071341,1.648,0.016,68.515,0.664,3.0,0.004,15.243,0.002,0.116,42.79600000000001,-0.078,-0.532
00:00:07.450,1572936071342,1.646,0.017,68.515,0.664,3.0,0.003,15.27,0.002,0.116,43.051,-0.079,-0.532
00:00:07.451,1572936071343,1.644,0.018000000000000002,68.515,0.664,3.0,0.003,15.297,0.002,0.117,43.305,-0.08,-0.532
00:00:07.500,1572936071392,1.642,0.019,68.515,0.664,3.0,0.003,15.325,0.002,0.118,43.56,-0.081,-0.532
00:00:07.501,1572936071393,1.641,0.02,68.515,0.664,3.0,0.002,15.352,0.001,0.118,43.816,-0.08199999999999999,-0.532
00:00:07.502,1572936071394,1.639,0.021,68.515,0.664,3.0,0.002,15.379,0.001,0.119,44.072,-0.083,-0.532
00:00:07.551,1572936071443,1.638,0.022,68.515,0.664,3.0,0.002,15.41,0.001,0.119,44.361,-0.084,-0.532
00:00:07.552,1572936071444,1.636,0.023,68.515,0.664,3.0,0.001,15.434,0.001,0.119,44.58600000000001,-0.085,-0.532
00:00:07.553,1572936071445,1.634,0.024,68.515,1.128,3.0,0.001,15.463,0.001,0.119,44.859,-0.086,-0.532
00:00:07.554,1572936071446,1.628,0.025,68.515,1.128,3.0,0.001,15.49,0.0,0.12,45.117,-0.086,-0.532
00:00:07.605,1572936071497,1.6230000000000002,0.026,68.515,1.128,3.0,0.001,15.515,0.0,0.12,45.359,-0.087,-0.532
00:00:07.606,1572936071498,1.62,0.026,68.515,1.128,3.0,0.0,15.542,0.0,0.12,45.618,-0.08800000000000001,-0.532
00:00:07.607,1572936071499,1.618,0.027000000000000003,68.515,1.128,3.0,0.0,15.571,0.0,0.12,45.894,-0.08900000000000001,-0.532
00:00:07.652,1572936071544,1.617,0.027000000000000003,68.515,1.128,3.0,0.0,15.595999999999998,0.0,0.12,46.137,-0.09,-0.532
00:00:07.653,1572936071545,1.616,0.028,67.343,0.664,3.0,-0.001,15.623,0.0,0.119,46.397,-0.091,-0.532
00:00:07.654,1572936071546,1.619,0.028,67.343,0.664,3.0,-0.001,15.65,0.0,0.119,46.658,-0.092,-0.532
00:00:07.703,1572936071595,1.622,0.028,67.343,0.664,3.0,-0.001,15.679,0.0,0.119,46.935,-0.093,-0.532
00:00:07.704,1572936071596,1.621,0.028,67.343,0.664,3.0,-0.001,15.706,0.0,0.119,47.197,-0.094,-0.532
00:00:07.705,1572936071597,1.619,0.028,67.343,0.664,3.0,-0.002,15.731,-0.001,0.119,47.44300000000001,-0.095,-0.532
00:00:07.753,1572936071645,1.617,0.028,67.343,0.664,3.0,-0.002,15.76,-0.001,0.118,47.721,-0.095,-0.532
00:00:07.754,1572936071646,1.616,0.027000000000000003,66.024,0.664,3.0,-0.002,15.785,-0.001,0.118,47.968,-0.096,-0.532
00:00:07.755,1572936071647,1.615,0.027000000000000003,66.024,0.664,3.0,-0.002,15.813,-0.001,0.117,48.24800000000001,-0.097,-0.532
00:00:07.808,1572936071700,1.6130000000000002,0.027000000000000003,66.024,0.664,3.0,-0.003,15.839,-0.001,0.117,48.495,-0.098,-0.532
00:00:07.809,1572936071701,1.611,0.027000000000000003,66.024,0.664,3.0,-0.003,15.865,-0.001,0.117,48.75899999999999,-0.099,-0.532
00:00:07.810,1572936071702,1.608,0.027000000000000003,66.024,0.664,3.0,-0.003,15.894,-0.001,0.116,49.04,-0.1,-0.532
00:00:07.854,1572936071746,1.606,0.026,66.024,0.664,3.0,-0.003,15.921,-0.001,0.116,49.305,-0.101,-0.532
00:00:07.855,1572936071747,1.604,0.026,66.171,0.664,3.0,-0.003,15.947,-0.001,0.116,49.57100000000001,-0.101,-0.532
00:00:07.856,1572936071748,1.6030000000000002,0.027000000000000003,66.171,0.664,3.0,-0.004,15.974,-0.001,0.115,49.837,-0.102,-0.532
00:00:07.906,1572936071798,1.6030000000000002,0.027000000000000003,66.171,0.664,3.0,-0.004,16.000999999999998,0.0,0.115,50.104,-0.103,-0.531
00:00:07.907,1572936071799,1.6030000000000002,0.028,66.171,0.664,3.0,-0.004,16.034000000000002,0.0,0.115,50.437,-0.104,-0.531
00:00:07.908,1572936071800,1.6030000000000002,0.029,66.171,0.664,3.0,-0.004,16.055999999999994,0.0,0.115,50.654,-0.105,-0.531
00:00:07.954,1572936071846,1.6030000000000002,0.03,66.171,0.664,3.0,-0.004,16.081,0.0,0.114,50.90600000000001,-0.105,-0.531
00:00:07.955,1572936071847,1.602,0.032,66.171,0.664,3.0,-0.004,16.105999999999998,0.0,0.114,51.157,-0.106,-0.532
00:00:07.956,1572936071848,1.601,0.033,66.171,0.664,3.0,-0.004,16.134,0.0,0.114,51.442,-0.107,-0.532
00:00:08.004,1572936071896,1.6,0.033,66.171,0.664,3.0,-0.004,16.160999999999998,0.0,0.114,51.712,-0.108,-0.532
00:00:08.005,1572936071897,1.599,0.034,66.171,0.664,3.0,-0.004,16.186,0.0,0.114,51.964,-0.109,-0.532
00:00:08.006,1572936071898,1.599,0.034,66.171,0.664,3.0,-0.005,16.214000000000002,0.0,0.114,52.25100000000001,-0.109,-0.532
00:00:08.055,1572936071947,1.598,0.034,66.171,0.664,3.0,-0.005,16.241,0.0,0.114,52.522,-0.11,-0.532
00:00:08.056,1572936071948,1.597,0.034,66.171,0.664,3.0,-0.005,16.254,0.0,0.115,52.657,-0.11,-0.532
00:00:08.057,1572936071949,1.597,0.033,66.317,0.664,3.0,-0.005,16.281,0.0,0.115,52.928,-0.111,-0.532
00:00:08.106,1572936071998,1.596,0.031,66.317,0.664,3.0,-0.005,16.307000000000002,0.0,0.115,53.2,-0.112,-0.532
00:00:08.107,1572936071999,1.596,0.03,66.317,0.664,3.0,-0.006,16.334,0.0,0.115,53.472,-0.113,-0.532
00:00:08.108,1572936072000,1.595,0.029,66.317,0.664,3.0,-0.006,16.36,0.0,0.116,53.744,-0.113,-0.532
00:00:08.156,1572936072048,1.595,0.028,66.317,0.664,3.0,-0.006,16.387,0.0,0.116,54.017,-0.114,-0.532
00:00:08.157,1572936072049,1.595,0.027000000000000003,66.317,0.664,3.0,-0.006,16.414,0.0,0.116,54.29,-0.115,-0.532
00:00:08.158,1572936072050,1.595,0.026,66.171,0.664,3.0,-0.006,16.44,0.0,0.117,54.56399999999999,-0.115,-0.532
00:00:08.206,1572936072098,1.594,0.026,66.171,0.664,3.0,-0.006999999999999999,16.467,-0.001,0.117,54.839,-0.116,-0.532
00:00:08.207,1572936072099,1.594,0.026,66.171,0.664,3.0,-0.006999999999999999,16.493,-0.001,0.117,55.113,-0.117,-0.532
00:00:08.208,1572936072100,1.5930000000000002,0.026,66.171,0.664,3.0,-0.006999999999999999,16.52,-0.001,0.118,55.38800000000001,-0.118,-0.532
00:00:08.256,1572936072148,1.592,0.025,66.171,0.664,3.0,-0.006999999999999999,16.546,-0.001,0.118,55.664,-0.118,-0.532
00:00:08.257,1572936072149,1.592,0.025,66.171,0.664,3.0,-0.006999999999999999,16.573,-0.001,0.118,55.94,-0.119,-0.532
00:00:08.258,1572936072150,1.591,0.025,66.317,0.664,3.0,-0.006999999999999999,16.599,-0.001,0.119,56.216,-0.12,-0.532
00:00:08.306,1572936072198,1.591,0.025,66.317,0.664,3.0,-0.006999999999999999,16.625999999999998,-0.001,0.119,56.493,-0.12,-0.532
00:00:08.307,1572936072199,1.591,0.025,66.317,0.664,3.0,-0.006999999999999999,16.652,-0.001,0.119,56.771,-0.121,-0.532
00:00:08.308,1572936072200,1.591,0.024,66.317,0.664,3.0,-0.006999999999999999,16.679000000000002,-0.001,0.12,57.048,-0.121,-0.532
00:00:08.356,1572936072248,1.591,0.024,66.317,0.664,3.0,-0.006999999999999999,16.705,-0.001,0.12,57.326,-0.122,-0.532
00:00:08.357,1572936072249,1.591,0.023,66.317,0.664,3.0,-0.006999999999999999,16.732,-0.001,0.12,57.605,-0.123,-0.532
00:00:08.358,1572936072250,1.59,0.023,66.171,0.664,3.0,-0.006999999999999999,16.758,-0.001,0.12,57.88399999999999,-0.123,-0.532
00:00:08.406,1572936072298,1.59,0.022,66.171,0.664,3.0,-0.006999999999999999,16.785,-0.001,0.121,58.164,-0.124,-0.532
00:00:08.407,1572936072299,1.589,0.021,66.171,0.664,3.0,-0.006999999999999999,16.811,-0.001,0.121,58.444,-0.125,-0.532
00:00:08.408,1572936072300,1.589,0.02,66.171,0.664,3.0,-0.006999999999999999,16.838,-0.001,0.121,58.724,-0.125,-0.532
00:00:08.457,1572936072349,1.588,0.019,66.171,0.664,3.0,-0.006999999999999999,16.864,-0.001,0.121,59.005,-0.126,-0.532
00:00:08.458,1572936072350,1.588,0.018000000000000002,66.171,0.664,3.0,-0.006999999999999999,16.891,-0.001,0.121,59.286,-0.126,-0.532
00:00:08.459,1572936072351,1.587,0.017,66.171,0.664,3.0,-0.006999999999999999,16.917,-0.001,0.122,59.56800000000001,-0.127,-0.532
00:00:08.508,1572936072400,1.587,0.016,66.171,0.664,3.0,-0.006999999999999999,16.944000000000006,-0.001,0.122,59.85,-0.128,-0.532
00:00:08.509,1572936072401,1.586,0.015,66.171,0.664,3.0,-0.006999999999999999,16.97,-0.001,0.122,60.133,-0.128,-0.532
00:00:08.510,1572936072402,1.585,0.015,66.171,0.664,3.0,-0.006999999999999999,16.997,-0.001,0.122,60.416,-0.129,-0.532
00:00:08.558,1572936072450,1.5830000000000002,0.014,66.171,0.664,3.0,-0.006,17.023,-0.001,0.122,60.699,-0.129,-0.532
00:00:08.559,1572936072451,1.581,0.014,66.171,0.664,3.0,-0.006,17.049,-0.001,0.122,60.983,-0.13,-0.532
00:00:08.560,1572936072452,1.58,0.013,66.317,0.664,3.0,-0.006,17.076,-0.001,0.122,61.268,-0.131,-0.532
00:00:08.608,1572936072500,1.58,0.013,66.317,0.664,3.0,-0.006,17.102,-0.001,0.123,61.553,-0.131,-0.532
00:00:08.609,1572936072501,1.581,0.013,66.317,0.664,3.0,-0.006,17.128,-0.001,0.123,61.838,-0.132,-0.532
00:00:08.610,1572936072502,1.581,0.012,66.317,0.664,3.0,-0.006,17.155,-0.001,0.123,62.12300000000001,-0.132,-0.532
00:00:08.658,1572936072550,1.581,0.012,66.317,0.664,3.0,-0.006,17.180999999999994,-0.001,0.123,62.41,-0.133,-0.532
00:00:08.659,1572936072551,1.58,0.012,66.317,0.664,3.0,-0.006,17.207,-0.001,0.123,62.69600000000001,-0.133,-0.532
00:00:08.660,1572936072552,1.58,0.011,66.317,0.664,3.0,-0.006,17.234,-0.001,0.123,62.983,-0.134,-0.532
00:00:08.708,1572936072600,1.579,0.011,66.317,0.664,3.0,-0.006,17.26,0.0,0.123,63.271,-0.135,-0.532
00:00:08.709,1572936072601,1.579,0.011,66.317,0.664,3.0,-0.006,17.285999999999998,0.0,0.123,63.559,-0.135,-0.532
00:00:08.710,1572936072602,1.579,0.011,66.317,0.664,3.0,-0.006,17.312,0.0,0.123,63.847,-0.136,-0.532
00:00:08.758,1572936072650,1.578,0.01,66.317,0.664,3.0,-0.005,17.339000000000002,0.0,0.123,64.13600000000001,-0.136,-0.532
00:00:08.759,1572936072651,1.578,0.01,66.317,0.664,3.0,-0.005,17.365,0.0,0.123,64.425,-0.13699999999999998,-0.532
00:00:08.760,1572936072652,1.578,0.01,66.317,0.664,3.0,-0.005,17.391,0.0,0.123,64.715,-0.13699999999999998,-0.532
00:00:08.808,1572936072700,1.577,0.011,66.317,0.664,3.0,-0.005,17.418,0.0,0.123,65.005,-0.138,-0.532
00:00:08.809,1572936072701,1.577,0.011,66.317,0.664,3.0,-0.005,17.444000000000006,0.0,0.124,65.295,-0.139,-0.532
00:00:08.810,1572936072702,1.5759999999999998,0.013,66.317,0.664,3.0,-0.005,17.472,0.0,0.124,65.604,-0.139,-0.532
00:00:08.859,1572936072751,1.5759999999999998,0.014,66.317,0.664,3.0,-0.005,17.496,0.0,0.124,65.877,-0.14,-0.532
00:00:08.860,1572936072752,1.5759999999999998,0.016,66.317,0.664,3.0,-0.004,17.523,0.0,0.124,66.169,-0.14,-0.532
00:00:08.861,1572936072753,1.575,0.019,66.317,0.664,3.0,-0.004,17.549,0.0,0.124,66.462,-0.141,-0.532
00:00:08.909,1572936072801,1.575,0.021,66.317,0.664,3.0,-0.004,17.575,0.0,0.124,66.75399999999999,-0.141,-0.532
00:00:08.910,1572936072802,1.575,0.023,66.317,0.664,3.0,-0.004,17.601,0.001,0.124,67.047,-0.142,-0.532
00:00:08.911,1572936072803,1.574,0.024,66.317,0.664,3.0,-0.004,17.628,0.001,0.124,67.34100000000001,-0.142,-0.532
00:00:08.959,1572936072851,1.574,0.025,66.317,0.664,3.0,-0.004,17.654,0.001,0.125,67.635,-0.14300000000000002,-0.532
00:00:08.960,1572936072852,1.574,0.026,66.317,0.664,3.0,-0.005,17.68,0.001,0.125,67.929,-0.14300000000000002,-0.532
00:00:08.961,1572936072853,1.5730000000000002,0.026,66.317,0.664,3.0,-0.005,17.706,0.001,0.125,68.22399999999999,-0.14400000000000002,-0.532
00:00:09.009,1572936072901,1.5730000000000002,0.026,66.317,0.664,3.0,-0.005,17.733,0.001,0.125,68.52,-0.14400000000000002,-0.532
00:00:09.010,1572936072902,1.5730000000000002,0.027000000000000003,66.317,0.664,3.0,-0.005,17.759,0.001,0.125,68.815,-0.145,-0.532
00:00:09.011,1572936072903,1.5719999999999998,0.027000000000000003,66.317,0.664,3.0,-0.005,17.785,0.0,0.125,69.112,-0.145,-0.532
00:00:09.060,1572936072952,1.5719999999999998,0.027000000000000003,66.317,0.664,3.0,-0.005,17.811,0.0,0.126,69.408,-0.146,-0.532
00:00:09.061,1572936072953,1.571,0.028,66.317,0.664,3.0,-0.006,17.837,0.0,0.126,69.705,-0.146,-0.532
00:00:09.062,1572936072954,1.569,0.028,66.317,1.128,3.0,-0.006,17.863,0.0,0.126,70.003,-0.147,-0.532
00:00:09.111,1572936073003,1.564,0.029,66.317,1.128,3.0,-0.006,17.889,0.0,0.126,70.301,-0.147,-0.532
00:00:09.112,1572936073004,1.56,0.03,66.317,1.128,3.0,-0.006,17.915,0.0,0.126,70.59899999999998,-0.14800000000000002,-0.532
00:00:09.113,1572936073005,1.5590000000000002,0.031,66.317,1.128,3.0,-0.006,17.942999999999994,-0.001,0.126,70.917,-0.14800000000000002,-0.532
00:00:09.162,1572936073054,1.558,0.031,66.317,1.128,3.0,-0.006,17.967,-0.001,0.126,71.197,-0.14800000000000002,-0.532
00:00:09.163,1572936073055,1.557,0.032,66.317,1.128,3.0,-0.006,17.993,-0.001,0.127,71.497,-0.149,-0.532
00:00:09.164,1572936073056,1.5590000000000002,0.033,66.171,0.664,3.0,-0.006999999999999999,18.021,-0.001,0.127,71.816,-0.149,-0.532
00:00:09.213,1572936073105,1.5630000000000002,0.033,66.171,0.664,3.0,-0.006999999999999999,18.045,-0.001,0.127,72.098,-0.15,-0.532
00:00:09.214,1572936073106,1.5659999999999998,0.034,66.171,0.664,3.0,-0.006999999999999999,18.071,-0.001,0.127,72.399,-0.15,-0.532
00:00:09.215,1572936073107,1.5659999999999998,0.034,66.171,0.664,3.0,-0.006999999999999999,18.099,-0.001,0.127,72.719,-0.15,-0.532
00:00:09.264,1572936073156,1.5659999999999998,0.035,66.171,0.664,3.0,-0.006999999999999999,18.124,-0.001,0.127,73.002,-0.151,-0.532
00:00:09.265,1572936073157,1.5659999999999998,0.036000000000000004,66.171,0.664,3.0,-0.006999999999999999,18.15,-0.001,0.127,73.304,-0.151,-0.532
00:00:09.266,1572936073158,1.5659999999999998,0.036000000000000004,66.317,0.664,3.0,-0.006999999999999999,18.176,-0.001,0.128,73.607,-0.152,-0.532
00:00:09.315,1572936073207,1.5659999999999998,0.036000000000000004,66.317,0.664,3.0,-0.008,18.202,-0.001,0.128,73.91,-0.152,-0.532
00:00:09.316,1572936073208,1.5659999999999998,0.037000000000000005,66.317,0.664,3.0,-0.008,18.228,-0.001,0.128,74.214,-0.152,-0.532
00:00:09.317,1572936073209,1.5659999999999998,0.037000000000000005,66.317,0.664,3.0,-0.008,18.254,-0.001,0.128,74.518,-0.153,-0.532
00:00:09.365,1572936073257,1.5659999999999998,0.038,66.317,0.664,3.0,-0.008,18.28,-0.001,0.128,74.822,-0.153,-0.532
00:00:09.366,1572936073258,1.565,0.038,66.317,0.664,3.0,-0.008,18.306,-0.001,0.128,75.127,-0.153,-0.532
00:00:09.367,1572936073259,1.565,0.038,66.317,0.664,3.0,-0.008,18.332,-0.001,0.129,75.432,-0.153,-0.532
00:00:09.415,1572936073307,1.564,0.038,66.317,0.664,3.0,-0.008,18.358,-0.001,0.129,75.738,-0.154,-0.532
00:00:09.416,1572936073308,1.564,0.038,66.317,0.664,3.0,-0.009000000000000001,18.385,-0.001,0.129,76.044,-0.154,-0.532
00:00:09.417,1572936073309,1.564,0.038,66.317,0.664,3.0,-0.009000000000000001,18.411,-0.002,0.129,76.351,-0.154,-0.532
00:00:09.465,1572936073357,1.5630000000000002,0.038,66.317,0.664,3.0,-0.009000000000000001,18.437,-0.002,0.129,76.658,-0.155,-0.532
00:00:09.466,1572936073358,1.5630000000000002,0.038,66.317,0.664,3.0,-0.009000000000000001,18.463,-0.002,0.129,76.965,-0.155,-0.532
00:00:09.467,1572936073359,1.5630000000000002,0.038,66.317,0.664,3.0,-0.009000000000000001,18.49,-0.002,0.13,77.293,-0.155,-0.532
00:00:09.516,1572936073408,1.5619999999999998,0.037000000000000005,66.317,0.664,3.0,-0.009000000000000001,18.515,-0.002,0.13,77.582,-0.155,-0.532
00:00:09.517,1572936073409,1.5619999999999998,0.037000000000000005,66.317,0.664,3.0,-0.009000000000000001,18.541,-0.002,0.13,77.891,-0.155,-0.532
00:00:09.518,1572936073410,1.5619999999999998,0.037000000000000005,66.317,0.664,3.0,-0.009000000000000001,18.568,-0.002,0.13,78.219,-0.156,-0.532
00:00:09.566,1572936073458,1.561,0.036000000000000004,66.317,0.664,3.0,-0.009000000000000001,18.593,-0.002,0.13,78.509,-0.156,-0.532
00:00:09.567,1572936073459,1.561,0.036000000000000004,66.317,0.664,3.0,-0.01,18.619,-0.002,0.13,78.82,-0.156,-0.532
00:00:09.568,1572936073460,1.561,0.036000000000000004,66.317,0.664,3.0,-0.01,18.646,-0.002,0.131,79.15,-0.156,-0.532
00:00:09.617,1572936073509,1.56,0.036000000000000004,66.317,0.664,3.0,-0.01,18.671,-0.002,0.131,79.441,-0.156,-0.532
00:00:09.618,1572936073510,1.56,0.035,66.317,0.664,3.0,-0.01,18.697,-0.002,0.131,79.752,-0.157,-0.532
00:00:09.619,1572936073511,1.5590000000000002,0.035,66.317,0.664,3.0,-0.01,18.723,-0.002,0.131,80.064,-0.157,-0.532
00:00:09.620,1572936073512,1.5590000000000002,0.035,66.317,0.664,3.0,-0.01,18.749,-0.002,0.131,80.377,-0.157,-0.532
00:00:09.668,1572936073560,1.5590000000000002,0.035,66.317,0.664,3.0,-0.01,18.775,-0.002,0.131,80.689,-0.157,-0.532
00:00:09.669,1572936073561,1.558,0.035,66.171,0.664,3.0,-0.01,18.801,-0.002,0.132,81.002,-0.157,-0.532
00:00:09.670,1572936073562,1.558,0.035,66.171,0.664,3.0,-0.01,18.827,-0.002,0.132,81.316,-0.157,-0.532
00:00:09.718,1572936073610,1.557,0.035,66.171,0.664,3.0,-0.01,18.853,-0.002,0.132,81.63,-0.157,-0.532
00:00:09.719,1572936073611,1.557,0.035,66.171,0.664,3.0,-0.01,18.879,-0.002,0.132,81.944,-0.157,-0.532
00:00:09.720,1572936073612,1.556,0.034,66.171,0.664,3.0,-0.01,18.904,-0.002,0.132,82.259,-0.157,-0.532
00:00:09.768,1572936073660,1.556,0.034,66.171,0.664,3.0,-0.01,18.93,-0.002,0.132,82.575,-0.158,-0.532
00:00:09.769,1572936073661,1.555,0.034,66.317,0.664,3.0,-0.01,18.958,-0.002,0.132,82.91,-0.158,-0.532
00:00:09.770,1572936073662,1.555,0.034,66.317,0.664,3.0,-0.01,18.982,-0.002,0.133,83.20700000000002,-0.158,-0.532
00:00:09.818,1572936073710,1.555,0.033,66.317,0.664,3.0,-0.01,19.008,-0.002,0.133,83.523,-0.158,-0.532
00:00:09.819,1572936073711,1.555,0.033,66.317,0.664,3.0,-0.01,19.036,-0.002,0.133,83.86,-0.158,-0.532
00:00:09.820,1572936073712,1.555,0.033,66.317,0.664,3.0,-0.01,19.06,-0.002,0.133,84.15799999999999,-0.158,-0.532
00:00:09.868,1572936073760,1.555,0.032,66.317,0.664,3.0,-0.01,19.086,-0.002,0.133,84.475,-0.158,-0.532
00:00:09.869,1572936073761,1.554,0.032,66.317,0.664,3.0,-0.01,19.113,-0.002,0.133,84.814,-0.158,-0.532
00:00:09.870,1572936073762,1.554,0.032,66.317,0.664,3.0,-0.01,19.138,-0.002,0.133,85.113,-0.158,-0.532
00:00:09.918,1572936073810,1.5530000000000002,0.031,66.317,0.664,3.0,-0.01,19.164,-0.002,0.134,85.432,-0.158,-0.532
00:00:09.919,1572936073811,1.5530000000000002,0.031,66.317,0.664,3.0,-0.01,19.189,-0.002,0.134,85.751,-0.158,-0.532
00:00:09.920,1572936073812,1.5530000000000002,0.031,66.317,0.664,3.0,-0.01,19.215,-0.002,0.134,86.071,-0.158,-0.532
00:00:09.968,1572936073860,1.5519999999999998,0.031,66.317,0.664,3.0,-0.01,19.241,-0.002,0.134,86.39200000000002,-0.158,-0.532
00:00:09.969,1572936073861,1.5519999999999998,0.031,66.317,0.664,3.0,-0.011,19.267,-0.002,0.134,86.713,-0.158,-0.532
00:00:09.970,1572936073862,1.5519999999999998,0.031,66.317,0.664,3.0,-0.011,19.293,-0.002,0.134,87.03399999999998,-0.158,-0.532
00:00:10.019,1572936073911,1.551,0.031,66.317,0.664,3.0,-0.01,19.319000000000006,-0.002,0.134,87.35600000000002,-0.158,-0.532
00:00:10.020,1572936073912,1.551,0.031,66.317,0.664,3.0,-0.01,19.345,-0.002,0.135,87.678,-0.157,-0.532
00:00:10.021,1572936073913,1.551,0.031,66.317,0.664,3.0,-0.01,19.37,-0.002,0.135,88.001,-0.157,-0.532
00:00:10.069,1572936073961,1.55,0.031,66.317,0.664,3.0,-0.01,19.396,-0.002,0.135,88.324,-0.157,-0.532
00:00:10.070,1572936073962,1.55,0.03,66.171,0.664,3.0,-0.01,19.422,-0.002,0.135,88.647,-0.157,-0.532
00:00:10.071,1572936073963,1.5490000000000002,0.03,66.171,0.664,3.0,-0.01,19.441,-0.002,0.135,88.89,-0.157,-0.532
00:00:10.119,1572936074011,1.5490000000000002,0.03,66.171,0.664,3.0,-0.01,19.467,-0.002,0.135,89.214,-0.157,-0.532
00:00:10.120,1572936074012,1.548,0.03,66.171,0.664,3.0,-0.01,19.495,-0.002,0.135,89.559,-0.157,-0.532
00:00:10.121,1572936074013,1.547,0.03,66.171,0.664,3.0,-0.01,19.519,-0.002,0.136,89.86399999999998,-0.157,-0.532
00:00:10.170,1572936074062,1.547,0.03,66.171,0.664,3.0,-0.01,19.545,-0.002,0.136,90.19,-0.157,-0.532
00:00:10.171,1572936074063,1.547,0.03,66.317,0.664,3.0,-0.01,19.572,-0.002,0.136,90.536,-0.156,-0.532
00:00:10.172,1572936074064,1.546,0.03,66.317,0.664,3.0,-0.01,19.596,-0.002,0.136,90.842,-0.156,-0.532
00:00:10.220,1572936074112,1.546,0.03,66.317,0.664,3.0,-0.01,19.622,-0.002,0.136,91.169,-0.156,-0.532
00:00:10.221,1572936074113,1.546,0.03,66.317,0.664,3.0,-0.01,19.649,-0.002,0.136,91.517,-0.156,-0.532
00:00:10.222,1572936074114,1.546,0.03,66.317,0.664,3.0,-0.01,19.673,-0.002,0.136,91.824,-0.156,-0.532
00:00:10.270,1572936074162,1.546,0.03,66.317,0.664,3.0,-0.01,19.699,-0.002,0.13699999999999998,92.152,-0.156,-0.532
00:00:10.271,1572936074163,1.546,0.029,66.317,0.664,3.0,-0.01,19.725,-0.002,0.13699999999999998,92.481,-0.155,-0.532
00:00:10.272,1572936074164,1.545,0.029,66.317,0.664,3.0,-0.01,19.751,-0.002,0.13699999999999998,92.809,-0.155,-0.532
00:00:10.321,1572936074213,1.545,0.029,66.317,0.664,3.0,-0.01,19.776,-0.002,0.13699999999999998,93.139,-0.155,-0.532
00:00:10.322,1572936074214,1.544,0.029,66.317,0.664,3.0,-0.01,19.802,-0.002,0.13699999999999998,93.469,-0.155,-0.532
00:00:10.323,1572936074215,1.544,0.029,66.317,0.664,3.0,-0.01,19.828,-0.002,0.13699999999999998,93.799,-0.155,-0.532
00:00:10.371,1572936074263,1.544,0.029,66.317,0.664,3.0,-0.01,19.854,-0.002,0.13699999999999998,94.13,-0.154,-0.532
00:00:10.372,1572936074264,1.543,0.029,66.317,0.664,3.0,-0.01,19.879,-0.002,0.138,94.461,-0.154,-0.532
00:00:10.373,1572936074265,1.543,0.028,66.317,0.664,3.0,-0.01,19.905,-0.002,0.138,94.792,-0.154,-0.532
00:00:10.422,1572936074314,1.543,0.028,66.317,0.664,3.0,-0.01,19.931,-0.002,0.138,95.124,-0.154,-0.532
00:00:10.423,1572936074315,1.5419999999999998,0.028,66.317,0.664,3.0,-0.01,19.958,-0.002,0.138,95.477,-0.153,-0.532
00:00:10.424,1572936074316,1.5419999999999998,0.028,66.317,0.664,3.0,-0.01,19.982,-0.002,0.138,95.79,-0.153,-0.532
00:00:10.472,1572936074364,1.5419999999999998,0.028,66.317,0.664,3.0,-0.01,20.008,-0.002,0.138,96.123,-0.153,-0.532
00:00:10.473,1572936074365,1.541,0.028,66.317,0.664,3.0,-0.01,20.035,-0.002,0.138,96.477,-0.152,-0.532
00:00:10.474,1572936074366,1.541,0.028,66.317,0.664,3.0,-0.01,20.053,-0.002,0.138,96.707,-0.152,-0.532
00:00:10.522,1572936074414,1.541,0.028,66.317,0.664,3.0,-0.01,20.078,-0.002,0.139,97.041,-0.152,-0.532
00:00:10.523,1572936074415,1.54,0.028,66.317,0.664,3.0,-0.01,20.106,-0.002,0.139,97.397,-0.152,-0.532
00:00:10.524,1572936074416,1.54,0.028,66.317,0.664,3.0,-0.01,20.13,-0.002,0.139,97.712,-0.151,-0.532
00:00:10.572,1572936074464,1.539,0.027000000000000003,66.317,0.664,3.0,-0.01,20.155,-0.002,0.139,98.047,-0.151,-0.532
00:00:10.573,1572936074465,1.539,0.027000000000000003,66.317,1.128,3.0,-0.01,20.181,-0.002,0.139,98.383,-0.151,-0.532
00:00:10.574,1572936074466,1.534,0.027000000000000003,66.317,1.128,3.0,-0.01,20.207,-0.002,0.139,98.72,-0.15,-0.532
00:00:10.622,1572936074514,1.53,0.027000000000000003,66.317,1.128,3.0,-0.01,20.232,-0.002,0.139,99.057,-0.15,-0.532
00:00:10.623,1572936074515,1.527,0.026,66.317,1.128,3.0,-0.01,20.257,-0.002,0.14,99.394,-0.149,-0.532
00:00:10.624,1572936074516,1.526,0.026,66.317,1.128,3.0,-0.01,20.283,-0.002,0.14,99.732,-0.149,-0.532
00:00:10.672,1572936074564,1.525,0.026,66.317,1.128,3.0,-0.01,20.308,-0.002,0.14,100.071,-0.149,-0.532
00:00:10.673,1572936074565,1.525,0.025,66.317,0.664,3.0,-0.01,20.334,-0.002,0.14,100.409,-0.14800000000000002,-0.532
00:00:10.674,1572936074566,1.529,0.025,66.317,0.664,3.0,-0.01,20.359,-0.002,0.14,100.748,-0.14800000000000002,-0.532
00:00:10.727,1572936074619,1.5319999999999998,0.025,66.317,0.664,3.0,-0.01,20.385,-0.002,0.14,101.088,-0.147,-0.532
00:00:10.728,1572936074620,1.534,0.024,66.317,0.664,3.0,-0.01,20.41,-0.002,0.14,101.428,-0.147,-0.532
00:00:10.729,1572936074621,1.534,0.024,66.317,0.664,3.0,-0.01,20.436,-0.002,0.14,101.768,-0.147,-0.532
00:00:10.774,1572936074666,1.534,0.024,66.317,0.664,3.0,-0.01,20.462,-0.002,0.14,102.109,-0.146,-0.532
00:00:10.775,1572936074667,1.534,0.024,66.317,0.664,3.0,-0.01,20.489,-0.002,0.14,102.472,-0.146,-0.532
00:00:10.776,1572936074668,1.534,0.024,66.317,0.664,3.0,-0.01,20.513,-0.002,0.14,102.792,-0.145,-0.532
00:00:10.827,1572936074719,1.533,0.024,66.317,0.664,3.0,-0.01,20.538,-0.002,0.141,103.134,-0.145,-0.532
00:00:10.828,1572936074720,1.5319999999999998,0.024,66.317,0.664,3.0,-0.01,20.565,-0.002,0.141,103.498,-0.14400000000000002,-0.532
00:00:10.829,1572936074721,1.5319999999999998,0.024,66.317,0.664,3.0,-0.009000000000000001,20.589,-0.002,0.141,103.82,-0.14400000000000002,-0.532
00:00:10.875,1572936074767,1.531,0.024,66.317,0.664,3.0,-0.009000000000000001,20.615,-0.002,0.141,104.163,-0.14400000000000002,-0.532
00:00:10.876,1572936074768,1.531,0.024,66.317,0.664,3.0,-0.009000000000000001,20.642,-0.002,0.141,104.528,-0.14300000000000002,-0.532
00:00:10.877,1572936074769,1.53,0.023,66.317,0.664,3.0,-0.009000000000000001,20.666,-0.002,0.141,104.851,-0.14300000000000002,-0.532
00:00:10.930,1572936074822,1.53,0.023,66.317,0.664,3.0,-0.009000000000000001,20.691,-0.002,0.141,105.196,-0.142,-0.532
00:00:10.931,1572936074823,1.529,0.023,66.317,0.664,3.0,-0.009000000000000001,20.714,-0.002,0.142,105.498,-0.142,-0.5329999999999999
00:00:10.932,1572936074824,1.529,0.023,66.317,0.664,3.0,-0.009000000000000001,20.741,-0.002,0.142,105.865,-0.141,-0.5329999999999999
00:00:10.975,1572936074867,1.528,0.023,66.317,0.664,3.0,-0.009000000000000001,20.765,-0.002,0.142,106.189,-0.141,-0.5329999999999999
00:00:10.976,1572936074868,1.528,0.023,66.317,1.128,3.0,-0.009000000000000001,20.79,-0.002,0.142,106.535,-0.14,-0.5329999999999999
00:00:10.977,1572936074869,1.524,0.023,66.317,1.128,3.0,-0.009000000000000001,20.815,-0.002,0.142,106.882,-0.14,-0.5329999999999999
00:00:11.025,1572936074917,1.519,0.023,66.317,1.128,3.0,-0.009000000000000001,20.841,-0.002,0.142,107.229,-0.139,-0.5329999999999999
00:00:11.026,1572936074918,1.516,0.022,66.317,1.128,3.0,-0.009000000000000001,20.866,-0.002,0.142,107.577,-0.138,-0.5329999999999999
00:00:11.027,1572936074919,1.514,0.022,66.317,1.128,3.0,-0.009000000000000001,20.891,-0.002,0.142,107.925,-0.138,-0.5329999999999999
00:00:11.076,1572936074968,1.513,0.022,66.317,1.128,3.0,-0.009000000000000001,20.918000000000006,-0.002,0.14300000000000002,108.295,-0.13699999999999998,-0.5329999999999999
00:00:11.077,1572936074969,1.513,0.022,66.317,0.664,3.0,-0.009000000000000001,20.943,-0.002,0.14300000000000002,108.644,-0.13699999999999998,-0.5329999999999999
00:00:11.078,1572936074970,1.516,0.022,66.317,0.664,3.0,-0.009000000000000001,20.968000000000004,-0.002,0.14300000000000002,108.993,-0.136,-0.5329999999999999
00:00:11.127,1572936075019,1.52,0.022,66.317,0.664,3.0,-0.009000000000000001,20.992,-0.002,0.14300000000000002,109.321,-0.136,-0.5329999999999999
00:00:11.128,1572936075020,1.5219999999999998,0.022,66.317,0.664,3.0,-0.009000000000000001,21.019,-0.002,0.14300000000000002,109.693,-0.135,-0.5329999999999999
00:00:11.129,1572936075021,1.5219999999999998,0.022,66.317,0.664,3.0,-0.009000000000000001,21.043000000000006,-0.002,0.14300000000000002,110.021,-0.134,-0.5329999999999999
00:00:11.181,1572936075073,1.5219999999999998,0.022,66.317,0.664,3.0,-0.009000000000000001,21.068,-0.002,0.14300000000000002,110.372,-0.134,-0.5329999999999999
00:00:11.182,1572936075074,1.5219999999999998,0.022,66.317,0.664,3.0,-0.009000000000000001,21.095,-0.002,0.14300000000000002,110.746,-0.133,-0.5329999999999999
00:00:11.183,1572936075075,1.521,0.022,66.317,0.664,3.0,-0.009000000000000001,21.119,-0.002,0.14300000000000002,111.075,-0.133,-0.5329999999999999
00:00:11.230,1572936075122,1.521,0.022,66.317,0.664,3.0,-0.009000000000000001,21.144,-0.002,0.14300000000000002,111.428,-0.132,-0.5329999999999999
00:00:11.231,1572936075123,1.52,0.022,66.317,0.664,3.0,-0.009000000000000001,21.171,-0.002,0.14400000000000002,111.802,-0.131,-0.5329999999999999
00:00:11.232,1572936075124,1.52,0.022,66.317,0.664,3.0,-0.008,21.195,-0.002,0.14400000000000002,112.133,-0.131,-0.5329999999999999
00:00:11.281,1572936075173,1.519,0.023,66.317,0.664,3.0,-0.008,21.22,-0.002,0.14400000000000002,112.487,-0.13,-0.5329999999999999
00:00:11.282,1572936075174,1.519,0.023,66.317,0.664,3.0,-0.008,21.246,-0.002,0.14400000000000002,112.841,-0.13,-0.5329999999999999
00:00:11.283,1572936075175,1.518,0.022,66.317,0.664,3.0,-0.008,21.271,-0.002,0.14400000000000002,113.195,-0.129,-0.5329999999999999
00:00:11.331,1572936075223,1.518,0.022,66.317,0.664,3.0,-0.008,21.296,-0.002,0.14400000000000002,113.55,-0.128,-0.5329999999999999
00:00:11.332,1572936075224,1.517,0.022,66.317,0.664,3.0,-0.008,21.321,-0.002,0.14400000000000002,113.905,-0.128,-0.5329999999999999
00:00:11.333,1572936075225,1.517,0.021,66.317,0.664,3.0,-0.008,21.347,-0.002,0.145,114.26,-0.127,-0.5329999999999999
00:00:11.382,1572936075274,1.516,0.021,66.317,0.664,3.0,-0.008,21.372,-0.002,0.145,114.616,-0.126,-0.5329999999999999
00:00:11.383,1572936075275,1.516,0.02,66.317,0.664,3.0,-0.008,21.399,-0.002,0.145,114.995,-0.125,-0.5329999999999999
00:00:11.384,1572936075276,1.515,0.019,66.317,0.664,3.0,-0.008,21.422,-0.002,0.145,115.33,-0.125,-0.5329999999999999
00:00:11.432,1572936075324,1.515,0.018000000000000002,66.317,0.664,3.0,-0.008,21.448,-0.002,0.145,115.687,-0.124,-0.5329999999999999
00:00:11.433,1572936075325,1.514,0.017,66.317,0.664,3.0,-0.008,21.474,-0.002,0.145,116.067,-0.123,-0.5329999999999999
00:00:11.434,1572936075326,1.514,0.016,66.317,0.664,3.0,-0.008,21.5,-0.002,0.145,116.425,-0.123,-0.5329999999999999
00:00:11.483,1572936075375,1.513,0.015,66.317,0.664,3.0,-0.008,21.523000000000003,-0.002,0.146,116.761,-0.122,-0.5329999999999999
00:00:11.484,1572936075376,1.513,0.013,66.317,0.664,3.0,-0.008,21.55,-0.002,0.146,117.142,-0.121,-0.5329999999999999
00:00:11.485,1572936075377,1.5119999999999998,0.011,66.317,0.664,3.0,-0.008,21.574,-0.002,0.146,117.479,-0.121,-0.5329999999999999
00:00:11.533,1572936075425,1.5119999999999998,0.01,66.317,0.664,3.0,-0.008,21.601,-0.002,0.146,117.862,-0.12,-0.5329999999999999
00:00:11.534,1572936075426,1.511,0.008,66.317,0.664,3.0,-0.008,21.626,-0.002,0.146,118.222,-0.119,-0.5329999999999999
00:00:11.535,1572936075427,1.511,0.005,66.317,0.664,3.0,-0.008,21.649,-0.002,0.146,118.56,-0.118,-0.5329999999999999
00:00:11.588,1572936075480,1.51,0.003,66.317,0.664,3.0,-0.008,21.676,-0.002,0.146,118.944,-0.118,-0.5329999999999999
00:00:11.589,1572936075481,1.51,0.0,66.171,0.664,3.0,-0.008,21.701,-0.002,0.146,119.305,-0.117,-0.5329999999999999
00:00:11.590,1572936075482,1.509,-0.003,66.171,0.664,3.0,-0.008,21.725,-0.002,0.147,119.644,-0.116,-0.5329999999999999
00:00:11.591,1572936075483,1.508,-0.006,66.171,0.664,3.0,-0.006999999999999999,21.75,-0.002,0.147,120.007,-0.115,-0.5329999999999999
00:00:11.635,1572936075527,1.508,-0.009000000000000001,66.171,0.664,3.0,-0.006999999999999999,21.777,-0.002,0.147,120.392,-0.115,-0.5329999999999999
00:00:11.636,1572936075528,1.507,-0.012,66.171,0.664,3.0,-0.006999999999999999,21.802,-0.002,0.147,120.755,-0.114,-0.5329999999999999
00:00:11.637,1572936075529,1.506,-0.015,66.171,0.664,3.0,-0.006,21.825,-0.002,0.147,121.096,-0.113,-0.5329999999999999
00:00:11.684,1572936075576,1.505,-0.017,60.824,0.664,3.0,-0.006,21.85,-0.002,0.147,121.46,-0.113,-0.5329999999999999
00:00:11.685,1572936075577,1.504,-0.02,60.824,0.664,3.0,-0.006,21.877,-0.002,0.147,121.847,-0.112,-0.5329999999999999
00:00:11.686,1572936075578,1.496,-0.023,60.824,0.664,3.0,-0.005,21.902,-0.002,0.147,122.212,-0.111,-0.5329999999999999
00:00:11.735,1572936075627,1.482,-0.026,60.824,0.664,3.0,-0.005,21.926,-0.001,0.147,122.577,-0.11,-0.5329999999999999
00:00:11.736,1572936075628,1.4680000000000002,-0.028,60.824,0.664,3.0,-0.004,21.949,-0.001,0.147,122.92,-0.11,-0.5329999999999999
00:00:11.737,1572936075629,1.4580000000000002,-0.031,60.824,0.664,3.0,-0.004,21.97300000000001,-0.001,0.147,123.286,-0.109,-0.5329999999999999
00:00:11.786,1572936075678,1.454,-0.033,42.0,0.664,3.0,-0.003,21.999,-0.001,0.147,123.675,-0.108,-0.5329999999999999
00:00:11.787,1572936075679,1.4509999999999998,-0.035,42.0,0.664,3.0,-0.002,22.021,0.0,0.146,124.019,-0.108,-0.5329999999999999
00:00:11.788,1572936075680,1.433,-0.038,42.0,0.664,3.0,-0.002,22.045,0.0,0.146,124.387,-0.107,-0.5329999999999999
00:00:11.837,1572936075729,1.39,-0.04,42.0,0.664,3.0,-0.001,22.06900000000001,0.001,0.145,124.777,-0.106,-0.5329999999999999
00:00:11.838,1572936075730,1.345,-0.042,42.0,0.664,3.0,0.0,22.091,0.001,0.145,125.145,-0.106,-0.5329999999999999
00:00:11.839,1572936075731,1.3130000000000002,-0.044,42.0,0.664,3.0,0.0,22.112,0.001,0.14300000000000002,125.514,-0.105,-0.5329999999999999
00:00:11.888,1572936075780,1.3,-0.045,34.822,0.664,3.0,0.001,22.132,0.002,0.142,125.859,-0.105,-0.5329999999999999
00:00:11.889,1572936075781,1.301,-0.047,34.822,0.664,3.0,0.002,22.154,0.002,0.141,126.228,-0.104,-0.5329999999999999
00:00:11.890,1572936075782,1.331,-0.048,34.822,0.664,3.0,0.002,22.177,0.003,0.14,126.598,-0.103,-0.5329999999999999
00:00:11.938,1572936075830,1.398,-0.049,34.822,0.664,3.0,0.003,22.20300000000001,0.003,0.139,126.991,-0.103,-0.5329999999999999
00:00:11.939,1572936075831,1.45,-0.051,34.822,0.664,3.0,0.004,22.226,0.003,0.138,127.338,-0.102,-0.5329999999999999
00:00:11.940,1572936075832,1.463,-0.052000000000000005,34.822,0.664,3.0,0.004,22.25,0.004,0.138,127.708,-0.102,-0.5329999999999999
00:00:11.988,1572936075880,1.4280000000000002,-0.053,31.45300000000001,0.664,3.0,0.005,22.275,0.004,0.13699999999999998,128.079,-0.101,-0.5329999999999999
00:00:11.989,1572936075881,1.374,-0.054000000000000006,31.45300000000001,0.664,3.0,0.005,22.296,0.004,0.136,128.451,-0.101,-0.5329999999999999
00:00:11.990,1572936075882,1.3090000000000002,-0.055,31.45300000000001,0.664,3.0,0.006,22.316,0.005,0.135,128.82299999999998,-0.1,-0.5329999999999999
00:00:12.038,1572936075930,1.246,-0.057,31.45300000000001,0.664,3.0,0.006999999999999999,22.338,0.005,0.134,129.218,-0.1,-0.5329999999999999
00:00:12.039,1572936075931,1.2009999999999998,-0.058,31.45300000000001,0.664,3.0,0.006999999999999999,22.357,0.005,0.132,129.59,-0.099,-0.5329999999999999
00:00:12.040,1572936075932,1.168,-0.058,31.45300000000001,0.664,3.0,0.008,22.376,0.005,0.13,129.963,-0.099,-0.5329999999999999
00:00:12.088,1572936075980,1.145,-0.059,31.307,0.664,3.0,0.008,22.395,0.005,0.128,130.336,-0.098,-0.5329999999999999
00:00:12.089,1572936075981,1.125,-0.059,31.307,0.664,3.0,0.009000000000000001,22.412,0.006,0.126,130.686,-0.098,-0.5329999999999999
00:00:12.090,1572936075982,1.102,-0.06,31.307,0.664,3.0,0.009000000000000001,22.432,0.006,0.124,131.083,-0.097,-0.5329999999999999
00:00:12.139,1572936076031,1.079,-0.06,31.307,0.664,3.0,0.01,22.449,0.006,0.121,131.457,-0.097,-0.5329999999999999
00:00:12.140,1572936076032,1.057,-0.059,31.307,0.664,3.0,0.01,22.467,0.006,0.119,131.832,-0.097,-0.5329999999999999
00:00:12.141,1572936076033,1.038,-0.059,31.307,0.664,3.0,0.011,22.483,0.006,0.116,132.183,-0.096,-0.5329999999999999
00:00:12.192,1572936076084,1.019,-0.058,22.298,1.128,3.0,0.011,22.501,0.006,0.113,132.58100000000002,-0.096,-0.5329999999999999
00:00:12.193,1572936076085,0.99,-0.058,22.298,1.128,3.0,0.012,22.516,0.006,0.11,132.95600000000002,-0.096,-0.5329999999999999
00:00:12.194,1572936076086,0.916,-0.057,22.298,1.128,3.0,0.012,22.53,0.006,0.106,133.332,-0.095,-0.5329999999999999
00:00:12.239,1572936076131,0.8140000000000001,-0.056,22.298,1.128,3.0,0.012,22.542,0.006,0.103,133.684,-0.095,-0.5329999999999999
00:00:12.240,1572936076132,0.7090000000000001,-0.056,22.298,1.128,3.0,0.013,22.552,0.005,0.098,134.06,-0.095,-0.5329999999999999
00:00:12.241,1572936076133,0.638,-0.055,22.298,1.128,3.0,0.013,22.563,0.005,0.093,134.459,-0.095,-0.5329999999999999
00:00:12.290,1572936076182,0.617,-0.054000000000000006,15.779000000000002,0.664,3.0,0.013,22.573,0.005,0.08800000000000001,134.835,-0.094,-0.5329999999999999
00:00:12.291,1572936076183,0.62,-0.054000000000000006,15.779000000000002,0.664,3.0,0.014,22.583,0.005,0.083,135.188,-0.094,-0.5329999999999999
00:00:12.292,1572936076184,0.6,-0.053,15.779000000000002,0.664,3.0,0.014,22.592,0.005,0.078,135.565,-0.094,-0.5329999999999999
00:00:12.341,1572936076233,0.5379999999999999,-0.052000000000000005,15.779000000000002,0.664,3.0,0.014,22.601,0.005,0.07200000000000001,135.965,-0.094,-0.5329999999999999
00:00:12.342,1572936076234,0.467,-0.052000000000000005,15.779000000000002,0.664,3.0,0.014,22.608,0.005,0.066,136.341,-0.093,-0.5329999999999999
00:00:12.343,1572936076235,0.411,-0.051,15.779000000000002,0.664,3.0,0.014,22.614,0.005,0.06,136.718,-0.093,-0.5329999999999999
00:00:12.391,1572936076283,0.378,-0.05,13.655,0.664,3.0,0.015,22.62,0.004,0.053,137.095,-0.093,-0.5329999999999999
00:00:12.392,1572936076284,0.363,-0.049,13.655,0.664,3.0,0.015,22.626,0.004,0.047,137.472,-0.093,-0.532
00:00:12.393,1572936076285,0.342,-0.048,13.655,0.664,3.0,0.015,22.631,0.004,0.04,137.849,-0.093,-0.532
00:00:12.441,1572936076333,0.304,-0.048,13.655,0.664,3.0,0.015,22.636,0.004,0.033,138.25,-0.093,-0.532
00:00:12.442,1572936076334,0.268,-0.047,13.655,0.664,3.0,0.015,22.639,0.004,0.028,138.58,-0.093,-0.532
00:00:12.443,1572936076335,0.233,-0.047,13.655,0.664,3.0,0.015,22.643,0.004,0.021,138.981,-0.092,-0.532
00:00:12.491,1572936076383,0.214,-0.047,12.922,0.664,3.0,0.015,22.646,0.004,0.014,139.359,-0.092,-0.532
00:00:12.492,1572936076384,0.206,-0.047,12.922,0.664,3.0,0.015,22.65,0.003,0.008,139.736,-0.092,-0.532
00:00:12.493,1572936076385,0.2,-0.047,12.922,0.664,3.0,0.015,22.653,0.003,0.002,140.114,-0.092,-0.532
00:00:12.541,1572936076433,0.189,-0.047,12.922,0.664,3.0,0.015,22.656,0.003,-0.004,140.491,-0.092,-0.532
00:00:12.542,1572936076434,0.17600000000000002,-0.047,12.922,0.664,3.0,0.015,22.659,0.003,-0.009000000000000001,140.869,-0.092,-0.532
00:00:12.543,1572936076435,0.165,-0.047,12.922,0.664,3.0,0.015,22.661,0.003,-0.015,141.247,-0.092,-0.532
00:00:12.592,1572936076484,0.157,-0.047,14.094,0.664,3.0,0.015,22.664,0.003,-0.02,141.624,-0.092,-0.532
00:00:12.593,1572936076485,0.154,-0.048,14.094,0.664,3.0,0.015,22.666,0.003,-0.024,142.002,-0.092,-0.532
00:00:12.594,1572936076486,0.157,-0.048,14.094,0.664,3.0,0.016,22.669,0.003,-0.028,142.38,-0.092,-0.532
00:00:12.643,1572936076535,0.16399999999999998,-0.047,14.094,0.664,3.0,0.016,22.672,0.003,-0.032,142.75799999999995,-0.092,-0.532
00:00:12.644,1572936076536,0.171,-0.047,14.094,0.664,3.0,0.016,22.675,0.003,-0.035,143.112,-0.092,-0.532
00:00:12.645,1572936076537,0.177,-0.047,14.094,0.664,3.0,0.016,22.678,0.003,-0.038,143.513,-0.092,-0.532
00:00:12.694,1572936076586,0.179,-0.047,17.463,0.664,3.0,0.016,22.681,0.003,-0.04,143.891,-0.092,-0.5329999999999999
00:00:12.695,1572936076587,0.181,-0.047,17.463,0.664,3.0,0.016,22.684,0.003,-0.042,144.27,-0.092,-0.5329999999999999
00:00:12.696,1572936076588,0.194,-0.048,17.463,0.664,3.0,0.016,22.688,0.003,-0.043,144.648,-0.093,-0.5329999999999999
00:00:12.745,1572936076637,0.224,-0.048,17.463,0.664,3.0,0.016,22.692,0.003,-0.044,145.026,-0.093,-0.5329999999999999
00:00:12.746,1572936076638,0.257,-0.049,17.463,0.664,3.0,0.016,22.696,0.003,-0.044,145.404,-0.093,-0.5329999999999999
00:00:12.747,1572936076639,0.28300000000000003,-0.049,17.463,0.664,3.0,0.016,22.701,0.003,-0.043,145.782,-0.093,-0.5329999999999999
00:00:12.796,1572936076688,0.301,-0.049,17.756,0.664,3.0,0.016,22.707,0.003,-0.042,146.184,-0.093,-0.5329999999999999
00:00:12.797,1572936076689,0.307,-0.049,17.756,0.664,3.0,0.016,22.712,0.003,-0.041,146.539,-0.093,-0.5329999999999999
00:00:12.798,1572936076690,0.309,-0.05,17.756,0.664,3.0,0.016,22.717,0.003,-0.039,146.918,-0.093,-0.5329999999999999
00:00:12.846,1572936076738,0.307,-0.05,17.756,0.664,3.0,0.016,22.722,0.003,-0.037000000000000005,147.32,-0.094,-0.5329999999999999
00:00:12.847,1572936076739,0.305,-0.051,17.756,0.664,3.0,0.017,22.727,0.003,-0.035,147.675,-0.094,-0.534
00:00:12.848,1572936076740,0.303,-0.051,17.756,0.664,3.0,0.017,22.732,0.004,-0.033,148.054,-0.094,-0.534
00:00:12.896,1572936076788,0.3,-0.051,20.1,0.664,3.0,0.017,22.737,0.004,-0.03,148.433,-0.094,-0.534
00:00:12.897,1572936076789,0.301,-0.052000000000000005,20.1,0.664,3.0,0.017,22.742,0.004,-0.028,148.812,-0.095,-0.534
00:00:12.898,1572936076790,0.311,-0.052000000000000005,20.1,0.664,3.0,0.017,22.748,0.004,-0.025,149.191,-0.095,-0.534
00:00:12.947,1572936076839,0.33,-0.052000000000000005,20.1,0.664,3.0,0.017,22.753,0.004,-0.022,149.57,-0.095,-0.534
00:00:12.948,1572936076840,0.353,-0.052000000000000005,20.1,0.664,3.0,0.017,22.76,0.004,-0.019,149.94899999999996,-0.095,-0.534
00:00:12.949,1572936076841,0.373,-0.052000000000000005,20.1,0.664,3.0,0.017,22.766,0.004,-0.016,150.329,-0.096,-0.534
00:00:12.998,1572936076890,0.389,-0.052000000000000005,21.785,0.664,3.0,0.017,22.773000000000003,0.004,-0.013,150.708,-0.096,-0.534
00:00:12.999,1572936076891,0.399,-0.052000000000000005,21.785,0.664,3.0,0.017,22.779,0.004,-0.01,151.088,-0.096,-0.534
00:00:13.000,1572936076892,0.406,-0.053,21.785,0.664,3.0,0.017,22.786,0.004,-0.006999999999999999,151.468,-0.097,-0.534
00:00:13.049,1572936076941,0.412,-0.053,21.785,0.664,3.0,0.017,22.79300000000001,0.004,-0.004,151.847,-0.097,-0.534
00:00:13.050,1572936076942,0.416,-0.053,21.785,0.664,3.0,0.017,22.8,0.004,-0.001,152.227,-0.098,-0.534
00:00:13.051,1572936076943,0.418,-0.053,21.785,0.664,3.0,0.017,22.807,0.004,0.002,152.607,-0.098,-0.534
00:00:13.099,1572936076991,0.42,-0.053,21.785,0.664,3.0,0.018000000000000002,22.814,0.004,0.005,152.988,-0.098,-0.534
00:00:13.100,1572936076992,0.42,-0.053,21.785,0.664,3.0,0.018000000000000002,22.821,0.004,0.006999999999999999,153.368,-0.099,-0.534
00:00:13.101,1572936076993,0.419,-0.053,21.785,0.664,3.0,0.018000000000000002,22.82800000000001,0.004,0.01,153.748,-0.099,-0.534
00:00:13.149,1572936077041,0.418,-0.053,21.785,0.664,3.0,0.018000000000000002,22.836,0.004,0.012,154.153,-0.1,-0.534
00:00:13.150,1572936077042,0.417,-0.053,21.785,0.664,3.0,0.018000000000000002,22.842,0.004,0.013,154.509,-0.1,-0.534
00:00:13.151,1572936077043,0.415,-0.053,21.785,0.664,3.0,0.018000000000000002,22.849,0.004,0.015,154.89,-0.101,-0.534
00:00:13.200,1572936077092,0.414,-0.053,21.638,0.664,3.0,0.018000000000000002,22.856,0.004,0.016,155.27100000000004,-0.101,-0.534
00:00:13.201,1572936077093,0.413,-0.053,21.638,0.664,3.0,0.018000000000000002,22.863000000000003,0.004,0.017,155.65200000000004,-0.102,-0.534
00:00:13.202,1572936077094,0.412,-0.052000000000000005,21.638,0.664,3.0,0.018000000000000002,22.87,0.004,0.018000000000000002,156.033,-0.102,-0.534
00:00:13.251,1572936077143,0.411,-0.052000000000000005,21.638,0.664,3.0,0.018000000000000002,22.876,0.004,0.018000000000000002,156.414,-0.103,-0.534
00:00:13.252,1572936077144,0.41,-0.052000000000000005,21.638,0.664,3.0,0.018000000000000002,22.88300000000001,0.004,0.019,156.796,-0.103,-0.534
00:00:13.253,1572936077145,0.409,-0.052000000000000005,21.638,0.664,3.0,0.018000000000000002,22.89,0.004,0.018000000000000002,157.17700000000005,-0.104,-0.534
00:00:13.254,1572936077146,0.408,-0.052000000000000005,21.638,0.664,3.0,0.018000000000000002,22.897,0.004,0.018000000000000002,157.559,-0.104,-0.534
00:00:13.301,1572936077193,0.407,-0.052000000000000005,21.638,0.664,3.0,0.018000000000000002,22.904,0.004,0.018000000000000002,157.94,-0.105,-0.534
00:00:13.302,1572936077194,0.407,-0.052000000000000005,21.638,0.664,3.0,0.018000000000000002,22.91,0.004,0.017,158.322,-0.106,-0.534
00:00:13.303,1572936077195,0.407,-0.051,21.638,0.664,3.0,0.018000000000000002,22.917,0.004,0.016,158.704,-0.106,-0.534
00:00:13.352,1572936077244,0.406,-0.051,21.638,0.664,3.0,0.018000000000000002,22.924,0.004,0.016,159.086,-0.107,-0.534
00:00:13.353,1572936077245,0.406,-0.051,21.638,0.664,3.0,0.018000000000000002,22.931,0.004,0.015,159.468,-0.108,-0.534
00:00:13.354,1572936077246,0.406,-0.051,21.638,0.664,3.0,0.018000000000000002,22.938,0.004,0.014,159.874,-0.108,-0.534
00:00:13.402,1572936077294,0.406,-0.051,21.638,0.664,3.0,0.018000000000000002,22.94400000000001,0.004,0.013,160.233,-0.109,-0.534
00:00:13.403,1572936077295,0.405,-0.051,21.638,0.664,3.0,0.018000000000000002,22.951,0.004,0.012,160.615,-0.11,-0.534
00:00:13.404,1572936077296,0.405,-0.051,21.638,0.664,3.0,0.018000000000000002,22.958,0.004,0.011,160.998,-0.11,-0.534
00:00:13.454,1572936077346,0.405,-0.052000000000000005,21.638,0.664,3.0,0.018000000000000002,22.964,0.004,0.01,161.381,-0.111,-0.534
00:00:13.455,1572936077347,0.404,-0.053,21.638,0.664,3.0,0.018000000000000002,22.971,0.004,0.009000000000000001,161.763,-0.112,-0.534
00:00:13.456,1572936077348,0.404,-0.054000000000000006,21.638,0.664,3.0,0.018000000000000002,22.978,0.004,0.008,162.14600000000004,-0.113,-0.534
00:00:13.502,1572936077394,0.404,-0.055,21.638,0.664,3.0,0.018000000000000002,22.985,0.004,0.006999999999999999,162.529,-0.114,-0.534
00:00:13.503,1572936077395,0.403,-0.055,21.638,0.664,3.0,0.018000000000000002,22.991,0.004,0.006,162.912,-0.114,-0.534
00:00:13.504,1572936077396,0.403,-0.055,21.638,0.664,3.0,0.018000000000000002,22.998,0.004,0.006,163.296,-0.115,-0.534
00:00:13.553,1572936077445,0.403,-0.055,21.638,0.664,3.0,0.018000000000000002,23.005,0.004,0.005,163.679,-0.116,-0.534
00:00:13.554,1572936077446,0.402,-0.055,21.638,0.664,3.0,0.018000000000000002,23.011,0.004,0.004,164.062,-0.117,-0.534
00:00:13.555,1572936077447,0.402,-0.055,21.638,0.664,3.0,0.019,23.018,0.004,0.003,164.446,-0.118,-0.534
00:00:13.603,1572936077495,0.402,-0.054000000000000006,21.638,0.664,3.0,0.019,23.025,0.004,0.003,164.83,-0.119,-0.534
00:00:13.604,1572936077496,0.401,-0.053,21.638,0.664,3.0,0.019,23.031,0.004,0.002,165.213,-0.119,-0.534
00:00:13.605,1572936077497,0.401,-0.052000000000000005,21.638,0.664,3.0,0.019,23.038,0.004,0.002,165.597,-0.12,-0.534
00:00:13.654,1572936077546,0.401,-0.051,21.638,0.664,3.0,0.019,23.045,0.004,0.001,165.981,-0.121,-0.534
00:00:13.655,1572936077547,0.4,-0.05,21.638,0.664,3.0,0.019,23.051,0.004,0.001,166.366,-0.122,-0.534
00:00:13.656,1572936077548,0.4,-0.048,21.638,0.664,3.0,0.019,23.058000000000003,0.004,0.001,166.75,-0.123,-0.534
00:00:13.706,1572936077598,0.4,-0.047,21.638,0.664,3.0,0.019,23.065,0.005,0.001,167.134,-0.124,-0.534
00:00:13.707,1572936077599,0.399,-0.046,21.638,0.664,3.0,0.019,23.071,0.005,0.0,167.519,-0.125,-0.534
00:00:13.708,1572936077600,0.399,-0.045,21.638,0.664,3.0,0.019,23.079,0.005,0.0,167.92700000000005,-0.126,-0.534
00:00:13.758,1572936077650,0.399,-0.044,21.638,0.664,3.0,0.019,23.085,0.005,0.0,168.28799999999995,-0.127,-0.534
00:00:13.759,1572936077651,0.399,-0.044,21.638,0.664,3.0,0.019,23.091,0.005,0.0,168.673,-0.128,-0.534
00:00:13.760,1572936077652,0.398,-0.043,20.466,0.664,3.0,0.019,23.09800000000001,0.005,0.0,169.082,-0.129,-0.534
00:00:13.806,1572936077698,0.398,-0.043,20.466,0.664,3.0,0.019,23.105,0.005,0.001,169.44299999999996,-0.13,-0.534
00:00:13.807,1572936077699,0.395,-0.042,20.466,0.664,3.0,0.019,23.111,0.005,0.001,169.828,-0.131,-0.534
00:00:13.808,1572936077700,0.392,-0.042,20.466,0.664,3.0,0.018000000000000002,23.118,0.005,0.001,170.213,-0.132,-0.534
00:00:13.857,1572936077749,0.387,-0.041,20.466,0.664,3.0,0.018000000000000002,23.124,0.004,0.001,170.59799999999996,-0.133,-0.534
00:00:13.858,1572936077750,0.383,-0.041,20.466,0.664,3.0,0.018000000000000002,23.13,0.004,0.001,170.984,-0.134,-0.534
00:00:13.859,1572936077751,0.38,-0.04,19.441,0.664,3.0,0.018000000000000002,23.137,0.004,0.001,171.36900000000003,-0.135,-0.534
00:00:13.907,1572936077799,0.377,-0.04,19.441,0.664,3.0,0.018000000000000002,23.143,0.004,0.001,171.755,-0.13699999999999998,-0.534
00:00:13.908,1572936077800,0.3720000000000001,-0.039,19.441,0.664,3.0,0.018000000000000002,23.149,0.004,0.001,172.141,-0.138,-0.534
00:00:13.909,1572936077801,0.366,-0.039,19.441,0.664,3.0,0.018000000000000002,23.155,0.004,0.001,172.52700000000004,-0.139,-0.534
00:00:13.957,1572936077849,0.358,-0.038,19.441,0.664,3.0,0.017,23.161,0.004,0.001,172.91299999999995,-0.14,-0.534
00:00:13.958,1572936077850,0.35200000000000004,-0.037000000000000005,19.441,0.664,3.0,0.017,23.167,0.003,0.001,173.299,-0.141,-0.534
00:00:13.959,1572936077851,0.34700000000000003,-0.037000000000000005,18.489,1.128,3.0,0.017,23.172,0.003,0.001,173.685,-0.142,-0.534
00:00:14.009,1572936077901,0.339,-0.036000000000000004,18.489,1.128,3.0,0.017,23.178,0.003,0.0,174.071,-0.14300000000000002,-0.534
00:00:14.010,1572936077902,0.328,-0.035,18.489,1.128,3.0,0.017,23.183000000000003,0.003,0.0,174.457,-0.145,-0.534
00:00:14.011,1572936077903,0.316,-0.034,18.489,1.128,3.0,0.017,23.189,0.003,0.0,174.868,-0.146,-0.534
00:00:14.057,1572936077949,0.306,-0.033,18.489,1.128,3.0,0.017,23.193,0.003,-0.001,175.23,-0.147,-0.534
00:00:14.058,1572936077950,0.297,-0.032,18.489,1.128,3.0,0.016,23.198,0.003,-0.001,175.61700000000005,-0.14800000000000002,-0.534
00:00:14.059,1572936077951,0.29100000000000004,-0.032,17.756,0.664,3.0,0.016,23.20300000000001,0.003,-0.002,176.028,-0.149,-0.534
00:00:14.108,1572936078000,0.29,-0.032,17.756,0.664,3.0,0.016,23.208,0.003,-0.003,176.39,-0.151,-0.534
00:00:14.109,1572936078001,0.289,-0.031,17.756,0.664,3.0,0.016,23.213,0.003,-0.003,176.77700000000004,-0.152,-0.534
00:00:14.110,1572936078002,0.284,-0.031,17.756,0.664,3.0,0.016,23.217,0.003,-0.004,177.188,-0.153,-0.534
00:00:14.162,1572936078054,0.279,-0.031,17.756,0.664,3.0,0.016,23.222,0.003,-0.005,177.551,-0.154,-0.534
00:00:14.163,1572936078055,0.273,-0.03,17.756,0.664,3.0,0.015,23.226,0.003,-0.006,177.938,-0.156,-0.534
00:00:14.164,1572936078056,0.269,-0.03,17.976,0.664,3.0,0.015,23.231,0.003,-0.006999999999999999,178.325,-0.157,-0.534
00:00:14.209,1572936078101,0.267,-0.03,17.976,0.664,3.0,0.015,23.235,0.003,-0.008,178.713,-0.158,-0.534
00:00:14.210,1572936078102,0.267,-0.029,17.976,0.664,3.0,0.015,23.24,0.003,-0.009000000000000001,179.1,-0.159,-0.534
00:00:14.211,1572936078103,0.268,-0.029,17.976,0.664,3.0,0.015,23.244,0.003,-0.009000000000000001,179.487,-0.161,-0.534
00:00:14.259,1572936078151,0.271,-0.029,17.976,0.664,3.0,0.015,23.249,0.003,-0.01,179.875,-0.162,-0.534
00:00:14.260,1572936078152,0.273,-0.028,17.976,0.664,3.0,0.014,23.253,0.002,-0.011,180.262,-0.163,-0.534
00:00:14.261,1572936078153,0.275,-0.028,17.976,0.664,3.0,0.014,23.25800000000001,0.002,-0.012,180.65,-0.165,-0.534
00:00:14.310,1572936078202,0.276,-0.028,17.976,0.664,3.0,0.014,23.262,0.002,-0.013,181.037,-0.166,-0.534
00:00:14.311,1572936078203,0.277,-0.027000000000000003,17.976,0.664,3.0,0.014,23.267,0.002,-0.013,181.425,-0.16699999999999998,-0.534
00:00:14.312,1572936078204,0.277,-0.027000000000000003,17.976,0.664,3.0,0.014,23.272,0.002,-0.014,181.813,-0.16899999999999998,-0.534
00:00:14.360,1572936078252,0.277,-0.026,17.976,0.664,3.0,0.014,23.276,0.002,-0.015,182.201,-0.17,-0.534
00:00:14.361,1572936078253,0.276,-0.026,17.976,0.664,3.0,0.014,23.281,0.002,-0.015,182.58900000000003,-0.171,-0.534
00:00:14.362,1572936078254,0.276,-0.025,17.976,0.664,3.0,0.013,23.286,0.002,-0.016,183.001,-0.173,-0.534
00:00:14.410,1572936078302,0.276,-0.023,17.976,0.664,3.0,0.013,23.29,0.002,-0.016,183.365,-0.174,-0.534
00:00:14.411,1572936078303,0.275,-0.022,17.976,0.664,3.0,0.013,23.295,0.003,-0.017,183.753,-0.17600000000000002,-0.534
00:00:14.412,1572936078304,0.275,-0.02,17.976,0.664,3.0,0.013,23.299,0.003,-0.017,184.166,-0.177,-0.534
00:00:14.461,1572936078353,0.275,-0.018000000000000002,17.976,0.664,3.0,0.013,23.304,0.003,-0.017,184.53,-0.17800000000000002,-0.534
00:00:14.462,1572936078354,0.275,-0.015,17.976,0.664,3.0,0.013,23.308000000000003,0.003,-0.017,184.918,-0.18,-0.534
00:00:14.463,1572936078355,0.274,-0.012,18.123,0.664,3.0,0.013,23.313,0.003,-0.017,185.307,-0.181,-0.534
00:00:14.513,1572936078405,0.274,-0.009000000000000001,18.123,0.664,3.0,0.013,23.317,0.003,-0.017,185.695,-0.182,-0.534
00:00:14.514,1572936078406,0.275,-0.006,18.123,0.664,3.0,0.012,23.322,0.003,-0.017,186.084,-0.184,-0.534
00:00:14.515,1572936078407,0.276,-0.003,18.123,0.664,3.0,0.012,23.327,0.003,-0.017,186.473,-0.185,-0.534
00:00:14.566,1572936078458,0.278,0.0,18.123,0.664,3.0,0.012,23.331,0.003,-0.017,186.862,-0.187,-0.534
00:00:14.567,1572936078459,0.279,0.003,18.123,0.664,3.0,0.011,23.336,0.003,-0.017,187.25,-0.188,-0.534
00:00:14.568,1572936078460,0.28,0.005,17.976,0.664,3.0,0.011,23.341,0.003,-0.017,187.639,-0.189,-0.534
00:00:14.613,1572936078505,0.28,0.006999999999999999,17.976,0.664,3.0,0.01,23.345,0.003,-0.016,188.028,-0.191,-0.534
00:00:14.614,1572936078506,0.279,0.009000000000000001,17.976,0.664,3.0,0.01,23.35,0.003,-0.016,188.418,-0.192,-0.534
00:00:14.615,1572936078507,0.278,0.01,17.976,0.664,3.0,0.009000000000000001,23.355,0.002,-0.016,188.807,-0.194,-0.534
00:00:14.663,1572936078555,0.276,0.01,17.976,0.664,3.0,0.009000000000000001,23.359,0.002,-0.016,189.196,-0.195,-0.534
00:00:14.664,1572936078556,0.275,0.011,17.976,0.664,3.0,0.008,23.364,0.002,-0.015,189.585,-0.196,-0.534
00:00:14.665,1572936078557,0.274,0.011,18.123,0.664,3.0,0.006999999999999999,23.369,0.001,-0.015,189.999,-0.198,-0.534
00:00:14.713,1572936078605,0.273,0.011,18.123,0.664,3.0,0.006999999999999999,23.373,0.001,-0.015,190.364,-0.199,-0.534
00:00:14.714,1572936078606,0.273,0.012,18.123,0.664,3.0,0.006,23.377,0.0,-0.014,190.754,-0.201,-0.534
00:00:14.715,1572936078607,0.274,0.012,18.123,0.664,3.0,0.006,23.382,0.0,-0.014,191.168,-0.202,-0.534
00:00:14.763,1572936078655,0.275,0.013,18.123,0.664,3.0,0.005,23.387,0.0,-0.014,191.533,-0.203,-0.534
00:00:14.764,1572936078656,0.276,0.014,18.123,0.664,3.0,0.005,23.391,-0.001,-0.014,191.923,-0.205,-0.534
00:00:14.765,1572936078657,0.277,0.016,18.123,0.664,3.0,0.004,23.396,-0.001,-0.014,192.337,-0.206,-0.534
00:00:14.813,1572936078705,0.278,0.017,18.123,0.664,3.0,0.004,23.4,-0.002,-0.013,192.703,-0.207,-0.534
00:00:14.814,1572936078706,0.278,0.018000000000000002,18.123,0.664,3.0,0.004,23.405,-0.002,-0.013,193.093,-0.209,-0.534
00:00:14.815,1572936078707,0.278,0.019,18.123,0.664,3.0,0.003,23.41,-0.002,-0.013,193.483,-0.21,-0.534
00:00:14.864,1572936078756,0.278,0.02,18.123,0.664,3.0,0.003,23.414,-0.002,-0.013,193.873,-0.211,-0.534
00:00:14.865,1572936078757,0.278,0.021,18.123,0.664,3.0,0.002,23.419,-0.003,-0.013,194.264,-0.213,-0.534
00:00:14.866,1572936078758,0.278,0.021,17.976,0.664,3.0,0.002,23.424,-0.003,-0.013,194.654,-0.214,-0.534
00:00:14.915,1572936078807,0.277,0.022,17.976,0.664,3.0,0.001,23.428,-0.003,-0.013,195.044,-0.215,-0.534
00:00:14.916,1572936078808,0.276,0.022,17.976,0.664,3.0,0.001,23.433000000000003,-0.003,-0.013,195.435,-0.217,-0.534
00:00:14.917,1572936078809,0.275,0.022,17.976,0.664,3.0,0.001,23.437,-0.003,-0.013,195.825,-0.218,-0.534
00:00:14.966,1572936078858,0.273,0.021,17.976,0.664,3.0,0.0,23.442,-0.003,-0.013,196.216,-0.219,-0.534
00:00:14.967,1572936078859,0.272,0.021,17.976,0.664,3.0,0.0,23.446,-0.003,-0.013,196.607,-0.221,-0.534
00:00:14.968,1572936078860,0.271,0.02,16.145,0.664,3.0,-0.001,23.451,-0.003,-0.013,196.998,-0.222,-0.534
00:00:15.017,1572936078909,0.268,0.019,16.145,0.664,3.0,-0.001,23.455,-0.003,-0.013,197.389,-0.223,-0.534
00:00:15.018,1572936078910,0.259,0.019,16.145,0.664,3.0,-0.001,23.459,-0.003,-0.013,197.78,-0.225,-0.534
00:00:15.019,1572936078911,0.243,0.017,16.145,0.664,3.0,-0.001,23.464,-0.003,-0.014,198.195,-0.226,-0.534
00:00:15.070,1572936078962,0.227,0.016,16.145,0.664,3.0,-0.002,23.467,-0.003,-0.014,198.562,-0.227,-0.534
00:00:15.071,1572936078963,0.211,0.015,16.145,0.664,3.0,-0.002,23.47,-0.003,-0.014,198.953,-0.228,-0.534
00:00:15.072,1572936078964,0.199,0.014,8.821,0.664,3.0,-0.002,23.474,-0.003,-0.015,199.368,-0.23,-0.534
00:00:15.118,1572936079010,0.18600000000000005,0.013,8.821,0.664,3.0,-0.002,23.476,-0.003,-0.016,199.735,-0.231,-0.534
00:00:15.119,1572936079011,0.153,0.012,8.821,0.664,3.0,-0.002,23.478,-0.002,-0.017,200.126,-0.232,-0.534
00:00:15.120,1572936079012,0.095,0.011,8.821,0.664,3.0,-0.002,23.479,-0.002,-0.018000000000000002,200.518,-0.233,-0.534
00:00:15.121,1572936079013,0.026,0.01,8.821,0.664,3.0,-0.002,23.478,-0.002,-0.019,200.909,-0.235,-0.534
00:00:15.169,1572936079061,-0.034,0.009000000000000001,8.821,0.664,3.0,-0.003,23.477,-0.002,-0.021,201.3,-0.236,-0.534
00:00:15.170,1572936079062,-0.07400000000000001,0.008,6.477,0.664,3.0,-0.003,23.475,-0.002,-0.024,201.692,-0.237,-0.534
00:00:15.171,1572936079063,-0.095,0.006999999999999999,6.477,0.664,3.0,-0.003,23.47300000000001,-0.002,-0.027000000000000003,202.083,-0.238,-0.534
00:00:15.220,1572936079112,-0.105,0.006,6.477,0.664,3.0,-0.003,23.472,-0.001,-0.029,202.474,-0.24,-0.534
00:00:15.221,1572936079113,-0.114,0.005,6.477,0.664,3.0,-0.003,23.47,-0.001,-0.033,202.865,-0.241,-0.534
00:00:15.222,1572936079114,-0.122,0.005,6.477,0.664,3.0,-0.003,23.467,-0.001,-0.036000000000000004,203.256,-0.242,-0.534
00:00:15.271,1572936079163,-0.13,0.004,6.477,0.664,3.0,-0.003,23.465,-0.001,-0.039,203.648,-0.243,-0.534
00:00:15.272,1572936079164,-0.136,0.003,7.136,1.128,3.0,-0.003,23.463,-0.001,-0.042,204.039,-0.245,-0.534
00:00:15.273,1572936079165,-0.14300000000000002,0.002,7.136,1.128,3.0,-0.002,23.46,-0.001,-0.046,204.43,-0.246,-0.534
00:00:15.322,1572936079214,-0.147,0.001,7.136,1.128,3.0,-0.002,23.458,0.0,-0.049,204.821,-0.247,-0.534
00:00:15.323,1572936079215,-0.145,0.0,7.136,1.128,3.0,-0.002,23.455,0.0,-0.053,205.236,-0.248,-0.534
00:00:15.324,1572936079216,-0.14,-0.001,7.136,1.128,3.0,-0.002,23.45300000000001,0.0,-0.056,205.602,-0.25,-0.534
00:00:15.372,1572936079264,-0.134,-0.002,7.136,1.128,3.0,-0.002,23.451,0.0,-0.059,205.993,-0.251,-0.534
00:00:15.373,1572936079265,-0.129,-0.002,10.798,0.664,3.0,-0.002,23.449,0.0,-0.062,206.409,-0.252,-0.534
00:00:15.374,1572936079266,-0.121,-0.003,10.798,0.664,3.0,-0.002,23.447,0.0,-0.064,206.775,-0.253,-0.534
00:00:15.422,1572936079314,-0.101,-0.004,10.798,0.664,3.0,-0.002,23.446,0.0,-0.067,207.166,-0.255,-0.534
00:00:15.423,1572936079315,-0.067,-0.005,10.798,0.664,3.0,-0.002,23.445,0.0,-0.069,207.581,-0.256,-0.534
00:00:15.424,1572936079316,-0.037000000000000005,-0.006,10.798,0.664,3.0,-0.002,23.445,0.0,-0.071,207.947,-0.257,-0.534
00:00:15.472,1572936079364,-0.012,-0.006,10.798,0.664,3.0,-0.002,23.445,0.0,-0.07200000000000001,208.314,-0.258,-0.534
00:00:15.473,1572936079365,0.004,-0.006999999999999999,11.091,0.664,3.0,-0.001,23.445,0.0,-0.073,208.68,-0.259,-0.534
00:00:15.474,1572936079366,0.013,-0.008,11.091,0.664,3.0,-0.001,23.446,0.0,-0.073,209.071,-0.261,-0.534
00:00:15.522,1572936079414,0.015,-0.009000000000000001,11.091,0.664,3.0,-0.001,23.446,0.0,-0.07400000000000001,209.461,-0.262,-0.534
00:00:15.523,1572936079415,0.014,-0.01,11.091,0.664,3.0,-0.001,23.446,0.0,-0.07400000000000001,209.852,-0.263,-0.534
00:00:15.524,1572936079416,0.012,-0.011,11.091,0.664,3.0,-0.001,23.446,0.0,-0.073,210.243,-0.265,-0.534
00:00:15.572,1572936079464,0.01,-0.011,11.091,0.664,3.0,-0.001,23.446,0.0,-0.073,210.658,-0.266,-0.534
00:00:15.573,1572936079465,0.009000000000000001,-0.011,11.824000000000002,0.664,3.0,-0.001,23.446,0.0,-0.07200000000000001,211.024,-0.267,-0.534
00:00:15.574,1572936079466,0.009000000000000001,-0.011,11.824000000000002,0.664,3.0,0.0,23.447,0.0,-0.07,211.44,-0.268,-0.534
00:00:15.623,1572936079515,0.01,-0.011,11.824000000000002,0.664,3.0,0.0,23.447,0.001,-0.069,211.806,-0.27,-0.534
00:00:15.624,1572936079516,0.014,-0.011,11.824000000000002,0.664,3.0,0.0,23.447,0.001,-0.067,212.197,-0.271,-0.534
00:00:15.625,1572936079517,0.02,-0.011,11.824000000000002,0.664,3.0,0.0,23.448,0.001,-0.065,212.588,-0.272,-0.534
00:00:15.674,1572936079566,0.027000000000000003,-0.011,11.824000000000002,0.664,3.0,0.0,23.448,0.001,-0.063,213.003,-0.274,-0.534
00:00:15.675,1572936079567,0.031,-0.011,12.483,0.664,3.0,0.001,23.449,0.001,-0.061,213.394,-0.275,-0.534
00:00:15.676,1572936079568,0.034,-0.01,12.483,0.664,3.0,0.001,23.449,0.001,-0.059,213.76,-0.276,-0.534
00:00:15.728,1572936079620,0.037000000000000005,-0.01,12.483,0.664,3.0,0.001,23.45,0.001,-0.057,214.151,-0.277,-0.534
00:00:15.729,1572936079621,0.042,-0.01,12.483,0.664,3.0,0.001,23.451,0.001,-0.055,214.566,-0.279,-0.534
00:00:15.730,1572936079622,0.047,-0.01,12.483,0.664,3.0,0.001,23.452,0.001,-0.053,214.932,-0.28,-0.534
00:00:15.774,1572936079666,0.052000000000000005,-0.01,12.483,0.664,3.0,0.001,23.45300000000001,0.001,-0.051,215.323,-0.281,-0.534
00:00:15.775,1572936079667,0.055,-0.01,13.288,0.664,3.0,0.001,23.45300000000001,0.001,-0.049,215.71400000000003,-0.28300000000000003,-0.534
00:00:15.776,1572936079668,0.057,-0.01,13.288,0.664,3.0,0.001,23.455,0.001,-0.047,216.13,-0.284,-0.534
00:00:15.824,1572936079716,0.06,-0.01,13.288,0.664,3.0,0.002,23.456,0.001,-0.045,216.496,-0.285,-0.534
00:00:15.825,1572936079717,0.066,-0.01,13.288,0.664,3.0,0.002,23.457,0.001,-0.043,216.887,-0.28600000000000003,-0.534
00:00:15.826,1572936079718,0.07200000000000001,-0.01,13.288,0.664,3.0,0.002,23.458,0.001,-0.042,217.278,-0.28800000000000003,-0.534
00:00:15.874,1572936079766,0.079,-0.01,13.288,0.664,3.0,0.002,23.459,0.001,-0.04,217.693,-0.289,-0.534
00:00:15.875,1572936079767,0.083,-0.01,13.288,0.664,3.0,0.002,23.461,0.001,-0.039,218.06,-0.29,-0.534
00:00:15.876,1572936079768,0.085,-0.009000000000000001,13.288,0.664,3.0,0.002,23.462,0.001,-0.037000000000000005,218.451,-0.292,-0.534
00:00:15.924,1572936079816,0.086,-0.009000000000000001,13.288,0.664,3.0,0.002,23.464,0.001,-0.036000000000000004,218.842,-0.293,-0.534
00:00:15.925,1572936079817,0.085,-0.009000000000000001,13.288,0.664,3.0,0.002,23.465,0.001,-0.035,219.258,-0.295,-0.534
00:00:15.926,1572936079818,0.085,-0.009000000000000001,13.288,0.664,3.0,0.002,23.467,0.001,-0.035,219.649,-0.29600000000000004,-0.534
00:00:15.975,1572936079867,0.084,-0.008,13.288,0.664,3.0,0.002,23.468000000000004,0.001,-0.034,220.015,-0.297,-0.534
00:00:15.976,1572936079868,0.083,-0.008,13.288,0.664,3.0,0.002,23.469,0.001,-0.033,220.431,-0.299,-0.534
00:00:15.977,1572936079869,0.083,-0.008,13.288,0.664,3.0,0.002,23.471,0.001,-0.033,220.822,-0.3,-0.534
00:00:16.026,1572936079918,0.083,-0.008,13.288,0.664,3.0,0.002,23.472,0.001,-0.033,221.189,-0.301,-0.534
00:00:16.027,1572936079919,0.083,-0.006999999999999999,13.288,0.664,3.0,0.002,23.47300000000001,0.001,-0.033,221.604,-0.303,-0.534
00:00:16.028,1572936079920,0.083,-0.006999999999999999,13.288,0.664,3.0,0.002,23.475,0.001,-0.033,221.971,-0.304,-0.534
00:00:16.077,1572936079969,0.083,-0.006999999999999999,13.288,0.664,3.0,0.002,23.476,0.001,-0.033,222.362,-0.305,-0.534
00:00:16.078,1572936079970,0.083,-0.006999999999999999,13.288,0.664,3.0,0.002,23.478,0.001,-0.033,222.778,-0.307,-0.534
00:00:16.079,1572936079971,0.083,-0.006999999999999999,13.288,0.664,3.0,0.002,23.479,0.001,-0.034,223.145,-0.308,-0.534
00:00:16.127,1572936080019,0.083,-0.006,13.288,0.664,3.0,0.002,23.48,0.001,-0.034,223.536,-0.309,-0.534
00:00:16.128,1572936080020,0.083,-0.006,13.288,0.664,3.0,0.002,23.482,0.001,-0.035,223.952,-0.311,-0.534
00:00:16.129,1572936080021,0.083,-0.006,13.288,0.664,3.0,0.002,23.483,0.001,-0.035,224.344,-0.312,-0.534
00:00:16.177,1572936080069,0.083,-0.006,13.288,0.664,3.0,0.002,23.484,0.001,-0.035,224.71,-0.313,-0.534
00:00:16.178,1572936080070,0.083,-0.006,13.288,0.664,3.0,0.002,23.486,0.001,-0.036000000000000004,225.102,-0.315,-0.534
00:00:16.179,1572936080071,0.083,-0.006,13.288,0.664,3.0,0.002,23.487,0.001,-0.036000000000000004,225.518,-0.316,-0.534
00:00:16.227,1572936080119,0.083,-0.006,13.288,0.664,3.0,0.002,23.489,0.001,-0.037000000000000005,225.909,-0.317,-0.534
00:00:16.228,1572936080120,0.083,-0.006,13.288,0.664,3.0,0.002,23.49,0.001,-0.037000000000000005,226.301,-0.319,-0.534
00:00:16.229,1572936080121,0.083,-0.005,13.288,0.664,3.0,0.002,23.491,0.001,-0.038,226.668,-0.32,-0.534
00:00:16.277,1572936080169,0.083,-0.005,13.288,0.664,3.0,0.002,23.493,0.001,-0.038,227.05900000000003,-0.321,-0.534
00:00:16.278,1572936080170,0.083,-0.005,13.288,0.664,3.0,0.002,23.494,0.001,-0.039,227.475,-0.32299999999999995,-0.534
00:00:16.279,1572936080171,0.083,-0.005,13.288,0.664,3.0,0.002,23.495,0.001,-0.039,227.842,-0.324,-0.534
00:00:16.328,1572936080220,0.083,-0.005,13.288,0.664,3.0,0.002,23.497,0.0,-0.04,228.234,-0.326,-0.534
00:00:16.329,1572936080221,0.083,-0.005,13.288,0.664,3.0,0.002,23.498,0.0,-0.04,228.65,-0.327,-0.534
00:00:16.330,1572936080222,0.083,-0.005,13.288,0.664,3.0,0.002,23.5,0.0,-0.041,229.042,-0.328,-0.534
00:00:16.379,1572936080271,0.083,-0.005,13.288,0.664,3.0,0.002,23.501,0.0,-0.041,229.433,-0.33,-0.534
00:00:16.380,1572936080272,0.083,-0.005,13.288,0.664,3.0,0.002,23.502,0.0,-0.041,229.825,-0.331,-0.534
00:00:16.381,1572936080273,0.083,-0.005,13.288,0.664,3.0,0.002,23.504,0.0,-0.042,230.192,-0.332,-0.534
00:00:16.430,1572936080322,0.083,-0.005,13.288,0.664,3.0,0.002,23.505,0.0,-0.042,230.609,-0.334,-0.534
00:00:16.431,1572936080323,0.08199999999999999,-0.005,13.288,0.664,3.0,0.002,23.507,0.0,-0.042,231.0,-0.335,-0.534
00:00:16.432,1572936080324,0.08199999999999999,-0.005,13.288,0.664,3.0,0.002,23.50800000000001,0.0,-0.042,231.392,-0.337,-0.534
00:00:16.480,1572936080372,0.08199999999999999,-0.005,13.288,0.664,3.0,0.002,23.509,0.0,-0.043,231.759,-0.338,-0.534
00:00:16.481,1572936080373,0.08199999999999999,-0.005,13.288,0.664,3.0,0.002,23.511,0.0,-0.043,232.176,-0.339,-0.534
00:00:16.482,1572936080374,0.08199999999999999,-0.006,13.288,0.664,3.0,0.002,23.512,0.0,-0.043,232.568,-0.341,-0.534
00:00:16.530,1572936080422,0.08199999999999999,-0.006,13.288,0.664,3.0,0.002,23.513,0.0,-0.043,232.935,-0.342,-0.534
00:00:16.531,1572936080423,0.08199999999999999,-0.006,13.288,0.664,3.0,0.002,23.515,0.0,-0.043,233.351,-0.344,-0.534
00:00:16.532,1572936080424,0.08199999999999999,-0.006,13.288,0.664,3.0,0.002,23.516,0.0,-0.043,233.743,-0.345,-0.534
00:00:16.580,1572936080472,0.08199999999999999,-0.006,13.288,0.664,3.0,0.002,23.518,0.0,-0.043,234.135,-0.34600000000000003,-0.534
00:00:16.581,1572936080473,0.08199999999999999,-0.006,13.288,0.664,3.0,0.002,23.519,0.0,-0.043,234.503,-0.348,-0.534
00:00:16.582,1572936080474,0.08199999999999999,-0.006,13.288,0.664,3.0,0.002,23.52,0.0,-0.042,234.919,-0.349,-0.534
00:00:16.630,1572936080522,0.08199999999999999,-0.006,13.288,0.664,3.0,0.002,23.522,0.001,-0.042,235.311,-0.35100000000000003,-0.534
00:00:16.631,1572936080523,0.08199999999999999,-0.006,13.288,0.664,3.0,0.002,23.523000000000003,0.001,-0.042,235.703,-0.35200000000000004,-0.534
00:00:16.632,1572936080524,0.08199999999999999,-0.006,13.288,0.664,3.0,0.002,23.524,0.001,-0.042,236.071,-0.353,-0.534
00:00:16.683,1572936080575,0.08199999999999999,-0.006,13.288,0.664,3.0,0.002,23.526,0.001,-0.042,236.487,-0.355,-0.534
00:00:16.684,1572936080576,0.08199999999999999,-0.006999999999999999,9.919,0.664,3.0,0.002,23.527,0.001,-0.042,236.88,-0.35600000000000004,-0.534
00:00:16.685,1572936080577,0.08,-0.006999999999999999,9.919,0.664,3.0,0.002,23.528,0.001,-0.042,237.272,-0.358,-0.534
00:00:16.731,1572936080623,0.069,-0.006999999999999999,9.919,0.664,3.0,0.002,23.529,0.001,-0.042,237.664,-0.359,-0.534
00:00:16.732,1572936080624,0.044,-0.006999999999999999,9.919,0.664,3.0,0.002,23.53,0.001,-0.042,238.056,-0.361,-0.534
00:00:16.733,1572936080625,0.011,-0.006999999999999999,9.919,0.664,3.0,0.002,23.529,0.001,-0.042,238.448,-0.362,-0.534
00:00:16.781,1572936080673,-0.02,-0.006999999999999999,9.919,0.664,3.0,0.002,23.529,0.001,-0.042,238.84,-0.363,-0.534
00:00:16.782,1572936080674,-0.039,-0.006999999999999999,5.818,0.664,3.0,0.002,23.528,0.001,-0.043,239.208,-0.365,-0.534
00:00:16.783,1572936080675,-0.05,-0.006999999999999999,5.818,0.664,3.0,0.002,23.527,0.001,-0.044,239.625,-0.366,-0.534
00:00:16.833,1572936080725,-0.064,-0.006999999999999999,5.818,0.664,3.0,0.002,23.525,0.001,-0.045,240.017,-0.368,-0.535
00:00:16.834,1572936080726,-0.086,-0.006999999999999999,5.818,0.664,3.0,0.002,23.524,0.001,-0.046,240.409,-0.369,-0.535
00:00:16.835,1572936080727,-0.112,-0.006999999999999999,5.818,0.664,3.0,0.002,23.521,0.001,-0.047,240.801,-0.37,-0.535
00:00:16.887,1572936080779,-0.135,-0.006999999999999999,5.818,0.664,3.0,0.002,23.519,0.001,-0.049,241.193,-0.3720000000000001,-0.535
00:00:16.888,1572936080780,-0.153,-0.006999999999999999,1.789,1.128,3.0,0.003,23.516,0.001,-0.05,241.585,-0.373,-0.535
00:00:16.889,1572936080781,-0.168,-0.006999999999999999,1.789,1.128,3.0,0.003,23.513,0.001,-0.052000000000000005,241.977,-0.375,-0.535
00:00:16.890,1572936080782,-0.188,-0.006999999999999999,1.789,1.128,3.0,0.003,23.51,0.001,-0.054000000000000006,242.368,-0.376,-0.534
00:00:16.933,1572936080825,-0.229,-0.006999999999999999,1.789,1.128,3.0,0.003,23.505,0.001,-0.056,242.76,-0.378,-0.534
00:00:16.934,1572936080826,-0.282,-0.006999999999999999,1.789,1.128,3.0,0.003,23.5,0.001,-0.059,243.152,-0.379,-0.534
00:00:16.935,1572936080827,-0.318,-0.006999999999999999,1.789,1.128,3.0,0.003,23.494,0.001,-0.062,243.544,-0.381,-0.534
00:00:16.984,1572936080876,-0.316,-0.006999999999999999,1.423,1.128,3.0,0.003,23.489,0.001,-0.064,243.935,-0.382,-0.534
00:00:16.985,1572936080877,-0.3,-0.006999999999999999,1.423,1.128,3.0,0.003,23.484,0.001,-0.067,244.327,-0.383,-0.534
00:00:16.986,1572936080878,-0.307,-0.006999999999999999,1.423,1.128,3.0,0.003,23.479,0.001,-0.07,244.718,-0.385,-0.534
00:00:17.035,1572936080927,-0.316,-0.008,1.423,1.128,3.0,0.003,23.474,0.001,-0.073,245.109,-0.386,-0.534
00:00:17.036,1572936080928,-0.314,-0.006999999999999999,1.423,1.128,3.0,0.003,23.468000000000004,0.001,-0.076,245.5,-0.388,-0.534
00:00:17.037,1572936080929,-0.315,-0.006999999999999999,1.423,1.128,3.0,0.003,23.463,0.001,-0.079,245.891,-0.389,-0.534
00:00:17.085,1572936080977,-0.315,-0.006999999999999999,1.789,0.664,3.0,0.003,23.458,0.001,-0.08199999999999999,246.282,-0.391,-0.534
00:00:17.086,1572936080978,-0.307,-0.006999999999999999,1.789,0.664,3.0,0.003,23.45300000000001,0.001,-0.085,246.673,-0.392,-0.534
00:00:17.087,1572936080979,-0.298,-0.006999999999999999,1.789,0.664,3.0,0.003,23.448,0.001,-0.087,247.064,-0.394,-0.534
00:00:17.136,1572936081028,-0.293,-0.006999999999999999,1.789,0.664,3.0,0.003,23.443,0.001,-0.08900000000000001,247.455,-0.395,-0.534
00:00:17.137,1572936081029,-0.29100000000000004,-0.006999999999999999,1.789,0.664,3.0,0.003,23.438,0.001,-0.092,247.846,-0.397,-0.534
00:00:17.138,1572936081030,-0.29,-0.006999999999999999,1.789,0.664,3.0,0.003,23.433000000000003,0.001,-0.094,248.236,-0.398,-0.534
00:00:17.187,1572936081079,-0.29,-0.006999999999999999,1.643,0.664,3.0,0.003,23.429,0.001,-0.095,248.627,-0.399,-0.534
00:00:17.188,1572936081080,-0.29100000000000004,-0.006999999999999999,1.643,0.664,3.0,0.003,23.424,0.001,-0.097,248.993,-0.401,-0.534
00:00:17.189,1572936081081,-0.293,-0.006,1.643,0.664,3.0,0.003,23.419,0.001,-0.099,249.408,-0.402,-0.534
00:00:17.237,1572936081129,-0.294,-0.006,1.643,0.664,3.0,0.003,23.414,0.001,-0.1,249.798,-0.404,-0.534
00:00:17.238,1572936081130,-0.294,-0.005,1.643,0.664,3.0,0.003,23.409,0.001,-0.101,250.188,-0.405,-0.534
00:00:17.239,1572936081131,-0.295,-0.005,1.643,0.664,3.0,0.003,23.404,0.001,-0.102,250.578,-0.407,-0.534
00:00:17.289,1572936081181,-0.295,-0.004,1.276,0.664,3.0,0.003,23.399,0.001,-0.102,250.968,-0.408,-0.534
00:00:17.290,1572936081182,-0.298,-0.002,1.276,0.664,3.0,0.003,23.394,0.001,-0.102,251.358,-0.41,-0.534
00:00:17.291,1572936081183,-0.303,0.0,1.276,0.664,3.0,0.003,23.389,0.001,-0.103,251.748,-0.411,-0.534
00:00:17.337,1572936081229,-0.305,0.002,1.276,0.664,3.0,0.003,23.384,0.001,-0.103,252.162,-0.413,-0.534
00:00:17.338,1572936081230,-0.306,0.005,1.276,0.664,3.0,0.003,23.379,0.001,-0.103,252.527,-0.414,-0.534
00:00:17.339,1572936081231,-0.306,0.008,1.276,0.664,3.0,0.003,23.374,0.001,-0.102,252.917,-0.416,-0.534
00:00:17.387,1572936081279,-0.306,0.011,1.276,0.664,3.0,0.003,23.369,0.001,-0.102,253.307,-0.417,-0.534
00:00:17.388,1572936081280,-0.306,0.013,1.276,0.664,3.0,0.002,23.363000000000003,0.001,-0.101,253.696,-0.418,-0.534
00:00:17.389,1572936081281,-0.306,0.016,1.276,0.664,3.0,0.002,23.358,0.001,-0.101,254.085,-0.42,-0.535
00:00:17.437,1572936081329,-0.306,0.018000000000000002,1.276,0.664,3.0,0.002,23.353,0.001,-0.1,254.475,-0.421,-0.535
00:00:17.438,1572936081330,-0.306,0.021,1.276,0.664,3.0,0.001,23.34800000000001,0.001,-0.099,254.864,-0.423,-0.535
00:00:17.439,1572936081331,-0.306,0.023,1.276,0.664,3.0,0.001,23.343000000000004,0.001,-0.099,255.253,-0.424,-0.535
00:00:17.488,1572936081380,-0.306,0.025,1.936,0.664,3.0,0.0,23.338,0.001,-0.098,255.642,-0.426,-0.535
00:00:17.489,1572936081381,-0.299,0.027000000000000003,1.936,0.664,3.0,0.0,23.333,0.001,-0.097,256.031,-0.4270000000000001,-0.535
00:00:17.490,1572936081382,-0.29,0.028,1.936,0.664,3.0,0.0,23.32800000000001,0.001,-0.096,256.42,-0.429,-0.535
00:00:17.539,1572936081431,-0.285,0.03,1.936,0.664,3.0,-0.001,23.324,0.001,-0.095,256.808,-0.43,-0.535
00:00:17.540,1572936081432,-0.28300000000000003,0.032,1.936,0.664,3.0,-0.001,23.31900000000001,0.0,-0.095,257.197,-0.431,-0.535
00:00:17.541,1572936081433,-0.28300000000000003,0.035,1.936,0.664,3.0,-0.002,23.314,0.0,-0.094,257.586,-0.433,-0.535
00:00:17.590,1572936081482,-0.282,0.037000000000000005,3.254,0.664,3.0,-0.002,23.31,-0.001,-0.093,257.974,-0.434,-0.535
00:00:17.591,1572936081483,-0.278,0.039,3.254,0.664,3.0,-0.003,23.305,-0.001,-0.092,258.363,-0.435,-0.535
00:00:17.592,1572936081484,-0.266,0.041,3.254,0.664,3.0,-0.004,23.301,-0.001,-0.091,258.751,-0.4370000000000001,-0.535
00:00:17.642,1572936081534,-0.25,0.042,3.254,0.664,3.0,-0.004,23.297,-0.002,-0.09,259.164,-0.438,-0.535
00:00:17.643,1572936081535,-0.238,0.044,3.254,0.664,3.0,-0.005,23.29300000000001,-0.002,-0.08900000000000001,259.528,-0.439,-0.535
00:00:17.644,1572936081536,-0.23,0.046,3.254,0.664,3.0,-0.005,23.289,-0.003,-0.08800000000000001,259.916,-0.441,-0.535
00:00:17.690,1572936081582,-0.226,0.047,8.088,0.664,3.0,-0.006,23.285,-0.003,-0.087,260.328,-0.442,-0.535
00:00:17.691,1572936081583,-0.229,0.049,8.088,0.664,3.0,-0.006,23.282,-0.003,-0.086,260.692,-0.443,-0.535
00:00:17.692,1572936081584,-0.223,0.05,8.088,0.664,3.0,-0.006999999999999999,23.278,-0.004,-0.085,261.08,-0.445,-0.535
00:00:17.740,1572936081632,-0.201,0.051,8.088,0.664,3.0,-0.006999999999999999,23.275,-0.004,-0.084,261.468,-0.446,-0.535
00:00:17.741,1572936081633,-0.166,0.051,8.088,0.664,3.0,-0.008,23.273000000000003,-0.004,-0.083,261.856,-0.447,-0.535
00:00:17.742,1572936081634,-0.126,0.052000000000000005,8.088,0.664,3.0,-0.008,23.272,-0.005,-0.081,262.244,-0.448,-0.535
00:00:17.790,1572936081682,-0.093,0.052000000000000005,11.457,0.664,3.0,-0.008,23.27,-0.005,-0.079,262.632,-0.449,-0.535
00:00:17.791,1572936081683,-0.071,0.052000000000000005,11.457,0.664,3.0,-0.009000000000000001,23.269,-0.005,-0.077,263.019,-0.451,-0.535
00:00:17.792,1572936081684,-0.051,0.052000000000000005,11.457,0.664,3.0,-0.009000000000000001,23.269,-0.005,-0.075,263.407,-0.452,-0.535
00:00:17.840,1572936081732,-0.028,0.052000000000000005,11.457,0.664,3.0,-0.01,23.269,-0.005,-0.07200000000000001,263.795,-0.453,-0.535
00:00:17.841,1572936081733,-0.004,0.051,11.457,0.664,3.0,-0.01,23.269,-0.005,-0.069,264.183,-0.454,-0.535
00:00:17.842,1572936081734,0.015,0.05,11.457,0.664,3.0,-0.011,23.27,-0.005,-0.066,264.571,-0.455,-0.535
00:00:17.891,1572936081783,0.027000000000000003,0.049,11.97,0.664,3.0,-0.011,23.27,-0.005,-0.063,264.959,-0.456,-0.535
00:00:17.892,1572936081784,0.033,0.047,11.97,0.664,3.0,-0.011,23.271,-0.006,-0.06,265.346,-0.458,-0.535
00:00:17.893,1572936081785,0.036000000000000004,0.045,11.97,0.664,3.0,-0.012,23.271,-0.006,-0.057,265.73400000000004,-0.459,-0.534
00:00:17.942,1572936081834,0.037000000000000005,0.043,11.97,0.664,3.0,-0.012,23.272,-0.005,-0.053,266.146,-0.46,-0.534
00:00:17.943,1572936081835,0.039,0.041,11.97,0.664,3.0,-0.012,23.273000000000003,-0.005,-0.05,266.51,-0.461,-0.534
00:00:17.944,1572936081836,0.04,0.039,11.97,0.664,3.0,-0.012,23.273000000000003,-0.005,-0.048,266.898,-0.462,-0.534
00:00:17.993,1572936081885,0.041,0.036000000000000004,11.97,0.664,3.0,-0.012,23.274,-0.005,-0.045,267.31,-0.463,-0.534
00:00:17.994,1572936081886,0.041,0.034,11.97,0.664,3.0,-0.013,23.275,-0.005,-0.042,267.67400000000004,-0.464,-0.534
00:00:17.995,1572936081887,0.041,0.032,11.97,0.664,3.0,-0.013,23.275,-0.005,-0.04,268.062,-0.465,-0.534
00:00:18.043,1572936081935,0.041,0.03,11.97,0.664,3.0,-0.013,23.276,-0.005,-0.038,268.474,-0.466,-0.534
00:00:18.044,1572936081936,0.041,0.028,11.97,0.664,3.0,-0.012,23.277,-0.004,-0.036000000000000004,268.837,-0.467,-0.534
00:00:18.045,1572936081937,0.041,0.026,11.97,0.664,3.0,-0.012,23.277,-0.004,-0.034,269.225,-0.468,-0.534
00:00:18.093,1572936081985,0.04,0.024,12.629,0.664,3.0,-0.012,23.278,-0.004,-0.033,269.613,-0.469,-0.534
00:00:18.094,1572936081986,0.041,0.022,12.629,0.664,3.0,-0.012,23.279,-0.004,-0.032,270.001,-0.47,-0.534
00:00:18.095,1572936081987,0.043,0.02,12.629,0.664,3.0,-0.012,23.28,-0.003,-0.032,270.389,-0.471,-0.534
00:00:18.143,1572936082035,0.047,0.019,12.629,0.664,3.0,-0.012,23.28,-0.003,-0.031,270.777,-0.472,-0.534
00:00:18.144,1572936082036,0.053,0.017,12.629,0.664,3.0,-0.011,23.281,-0.003,-0.031,271.165,-0.473,-0.534
00:00:18.145,1572936082037,0.058,0.015,12.629,0.664,3.0,-0.011,23.282,-0.002,-0.031,271.553,-0.474,-0.534
00:00:18.193,1572936082085,0.063,0.014,12.922,0.664,3.0,-0.011,23.284,-0.002,-0.031,271.941,-0.475,-0.534
00:00:18.194,1572936082086,0.065,0.012,12.922,0.664,3.0,-0.011,23.285,-0.002,-0.032,272.329,-0.476,-0.534
00:00:18.195,1572936082087,0.067,0.01,12.922,0.664,3.0,-0.01,23.286,-0.001,-0.032,272.718,-0.477,-0.534
00:00:18.244,1572936082136,0.069,0.009000000000000001,12.922,0.664,3.0,-0.01,23.287,-0.001,-0.033,273.106,-0.478,-0.534
00:00:18.245,1572936082137,0.071,0.008,12.922,0.664,3.0,-0.01,23.288,-0.001,-0.033,273.494,-0.479,-0.534
00:00:18.246,1572936082138,0.073,0.006999999999999999,12.922,0.664,3.0,-0.01,23.289,-0.001,-0.034,273.882,-0.48,-0.534
00:00:18.295,1572936082187,0.07400000000000001,0.006,12.922,0.664,3.0,-0.009000000000000001,23.291,-0.001,-0.034,274.29400000000004,-0.481,-0.534
00:00:18.296,1572936082188,0.075,0.005,12.922,0.664,3.0,-0.009000000000000001,23.292,0.0,-0.035,274.658,-0.482,-0.534
00:00:18.297,1572936082189,0.075,0.005,12.922,0.664,3.0,-0.009000000000000001,23.29300000000001,0.0,-0.035,275.046,-0.483,-0.534
00:00:18.346,1572936082238,0.075,0.004,12.922,0.664,3.0,-0.008,23.295,0.0,-0.036000000000000004,275.459,-0.484,-0.534
00:00:18.347,1572936082239,0.075,0.004,12.922,0.664,3.0,-0.008,23.296,0.0,-0.036000000000000004,275.823,-0.485,-0.534
00:00:18.348,1572936082240,0.075,0.003,12.922,0.664,3.0,-0.008,23.297,0.0,-0.037000000000000005,276.211,-0.486,-0.534
00:00:18.396,1572936082288,0.07400000000000001,0.003,13.288,0.664,3.0,-0.008,23.298,0.0,-0.037000000000000005,276.624,-0.487,-0.534
00:00:18.397,1572936082289,0.075,0.003,13.288,0.664,3.0,-0.006999999999999999,23.299,0.0,-0.038,276.988,-0.488,-0.534
00:00:18.398,1572936082290,0.076,0.003,13.288,0.664,3.0,-0.006999999999999999,23.301,0.0,-0.038,277.376,-0.489,-0.534
00:00:18.446,1572936082338,0.079,0.003,13.288,0.664,3.0,-0.006999999999999999,23.302,0.001,-0.038,277.764,-0.49,-0.534
00:00:18.447,1572936082339,0.08199999999999999,0.004,13.288,0.664,3.0,-0.006999999999999999,23.303,0.001,-0.039,278.153,-0.49,-0.534
00:00:18.448,1572936082340,0.085,0.004,13.288,0.664,3.0,-0.006999999999999999,23.305,0.001,-0.039,278.541,-0.491,-0.534
00:00:18.496,1572936082388,0.087,0.005,13.435,0.664,3.0,-0.006,23.306,0.001,-0.039,278.93,-0.4920000000000001,-0.534
00:00:18.497,1572936082389,0.08800000000000001,0.005,13.435,0.664,3.0,-0.006,23.308000000000003,0.001,-0.04,279.318,-0.493,-0.534
00:00:18.498,1572936082390,0.08900000000000001,0.006,13.435,0.664,3.0,-0.006,23.309,0.001,-0.04,279.707,-0.494,-0.534
00:00:18.546,1572936082438,0.09,0.006999999999999999,13.435,0.664,3.0,-0.006,23.311,0.001,-0.04,280.095,-0.495,-0.534
00:00:18.547,1572936082439,0.091,0.009000000000000001,13.435,0.664,3.0,-0.006,23.312,0.0,-0.04,280.48400000000004,-0.496,-0.534
00:00:18.548,1572936082440,0.091,0.01,13.435,0.664,3.0,-0.005,23.314,0.0,-0.04,280.872,-0.4970000000000001,-0.534
00:00:18.596,1572936082488,0.092,0.012,13.800999999999998,0.664,3.0,-0.005,23.316,0.0,-0.04,281.285,-0.498,-0.534
00:00:18.597,1572936082489,0.092,0.015,13.800999999999998,0.664,3.0,-0.005,23.317,0.0,-0.04,281.649,-0.499,-0.534
00:00:18.598,1572936082490,0.094,0.017,13.800999999999998,0.664,3.0,-0.005,23.31900000000001,0.0,-0.04,282.038,-0.5,-0.534
00:00:18.646,1572936082538,0.097,0.02,13.800999999999998,0.664,3.0,-0.005,23.32,0.0,-0.04,282.451,-0.501,-0.534
00:00:18.647,1572936082539,0.1,0.022,13.800999999999998,0.664,3.0,-0.005,23.322,0.0,-0.04,282.815,-0.502,-0.534
00:00:18.648,1572936082540,0.103,0.024,13.800999999999998,0.664,3.0,-0.005,23.324,0.0,-0.04,283.204,-0.503,-0.534
00:00:18.697,1572936082589,0.105,0.026,13.800999999999998,0.664,3.0,-0.005,23.326,0.0,-0.04,283.617,-0.504,-0.534
00:00:18.698,1572936082590,0.106,0.028,13.800999999999998,0.664,3.0,-0.005,23.327,0.0,-0.04,283.982,-0.505,-0.534
00:00:18.699,1572936082591,0.106,0.03,13.800999999999998,0.664,3.0,-0.006,23.329,0.0,-0.04,284.37,-0.505,-0.534
00:00:18.748,1572936082640,0.106,0.031,13.800999999999998,0.664,3.0,-0.006,23.331,0.0,-0.039,284.759,-0.506,-0.534
00:00:18.749,1572936082641,0.105,0.031,13.800999999999998,0.664,3.0,-0.006,23.332,-0.001,-0.039,285.148,-0.507,-0.534
00:00:18.750,1572936082642,0.105,0.032,13.800999999999998,0.664,3.0,-0.006,23.334,-0.001,-0.039,285.5370000000001,-0.508,-0.534
00:00:18.801,1572936082693,0.104,0.033,13.948,0.664,3.0,-0.006999999999999999,23.336,-0.001,-0.039,285.926,-0.509,-0.534
00:00:18.802,1572936082694,0.104,0.034,13.948,0.664,3.0,-0.006999999999999999,23.338,-0.001,-0.038,286.315,-0.51,-0.534
00:00:18.803,1572936082695,0.105,0.034,13.948,0.664,3.0,-0.006999999999999999,23.339,-0.002,-0.038,286.704,-0.511,-0.534
00:00:18.848,1572936082740,0.106,0.035,13.948,0.664,3.0,-0.006999999999999999,23.341,-0.002,-0.038,287.093,-0.511,-0.534
00:00:18.849,1572936082741,0.107,0.035,13.948,0.664,3.0,-0.008,23.343000000000004,-0.002,-0.038,287.482,-0.512,-0.534
00:00:18.850,1572936082742,0.108,0.036000000000000004,13.948,0.664,3.0,-0.008,23.345,-0.003,-0.037000000000000005,287.871,-0.513,-0.534
00:00:18.898,1572936082790,0.109,0.036000000000000004,14.094,0.664,3.0,-0.008,23.347,-0.003,-0.037000000000000005,288.26,-0.514,-0.534
00:00:18.899,1572936082791,0.11,0.037000000000000005,14.094,0.664,3.0,-0.008,23.349,-0.003,-0.037000000000000005,288.649,-0.515,-0.534
00:00:18.900,1572936082792,0.11,0.037000000000000005,14.094,0.664,3.0,-0.009000000000000001,23.35,-0.003,-0.037000000000000005,289.038,-0.515,-0.534
00:00:18.948,1572936082840,0.111,0.038,14.094,0.664,3.0,-0.009000000000000001,23.352,-0.003,-0.037000000000000005,289.452,-0.516,-0.534
00:00:18.949,1572936082841,0.112,0.038,14.094,0.664,3.0,-0.009000000000000001,23.354,-0.004,-0.036000000000000004,289.817,-0.517,-0.534
00:00:18.950,1572936082842,0.113,0.037000000000000005,14.094,0.664,3.0,-0.009000000000000001,23.356,-0.004,-0.036000000000000004,290.206,-0.518,-0.534
00:00:18.999,1572936082891,0.114,0.037000000000000005,14.314,0.664,3.0,-0.01,23.358,-0.004,-0.036000000000000004,290.62,-0.518,-0.534
00:00:19.000,1572936082892,0.115,0.036000000000000004,14.314,0.664,3.0,-0.01,23.36,-0.004,-0.036000000000000004,290.985,-0.519,-0.534
00:00:19.001,1572936082893,0.115,0.035,14.314,0.664,3.0,-0.01,23.362,-0.004,-0.036000000000000004,291.374,-0.52,-0.534
00:00:19.050,1572936082942,0.117,0.034,14.314,0.664,3.0,-0.01,23.364,-0.004,-0.036000000000000004,291.788,-0.521,-0.534
00:00:19.051,1572936082943,0.119,0.032,14.314,0.664,3.0,-0.01,23.366,-0.004,-0.035,292.153,-0.521,-0.534
00:00:19.052,1572936082944,0.121,0.031,14.314,0.664,3.0,-0.01,23.368,-0.004,-0.035,292.5420000000001,-0.522,-0.534
00:00:19.053,1572936082945,0.122,0.029,14.827,0.664,3.0,-0.01,23.37,-0.004,-0.035,292.932,-0.523,-0.534
00:00:19.102,1572936082994,0.123,0.027000000000000003,14.827,0.664,3.0,-0.011,23.372,-0.004,-0.035,293.321,-0.523,-0.534
00:00:19.103,1572936082995,0.125,0.025,14.827,0.664,3.0,-0.011,23.374,-0.004,-0.035,293.711,-0.524,-0.534
00:00:19.104,1572936082996,0.13,0.024,14.827,0.664,3.0,-0.011,23.376,-0.004,-0.035,294.1,-0.525,-0.534
00:00:19.157,1572936083049,0.135,0.022,14.827,0.664,3.0,-0.01,23.379,-0.004,-0.035,294.49,-0.525,-0.534
00:00:19.158,1572936083050,0.139,0.021,14.827,0.664,3.0,-0.01,23.381,-0.004,-0.034,294.88,-0.526,-0.534
00:00:19.159,1572936083051,0.142,0.021,14.827,0.664,3.0,-0.01,23.38300000000001,-0.003,-0.034,295.269,-0.527,-0.534
00:00:19.203,1572936083095,0.14300000000000002,0.02,14.827,0.664,3.0,-0.01,23.386,-0.003,-0.034,295.659,-0.527,-0.534
00:00:19.204,1572936083096,0.14300000000000002,0.019,14.827,0.664,3.0,-0.01,23.388,-0.003,-0.034,296.0490000000001,-0.528,-0.534
00:00:19.205,1572936083097,0.142,0.018000000000000002,14.827,0.664,3.0,-0.01,23.391,-0.003,-0.033,296.463,-0.528,-0.534
00:00:19.253,1572936083145,0.141,0.017,14.827,0.664,3.0,-0.01,23.393,-0.002,-0.033,296.828,-0.529,-0.534
00:00:19.254,1572936083146,0.141,0.016,14.827,0.664,3.0,-0.01,23.395,-0.002,-0.033,297.218,-0.53,-0.534
00:00:19.255,1572936083147,0.14,0.015,14.827,0.664,3.0,-0.009000000000000001,23.398000000000003,-0.002,-0.033,297.633,-0.53,-0.534
00:00:19.304,1572936083196,0.14,0.014,14.827,0.664,3.0,-0.009000000000000001,23.4,-0.002,-0.032,297.998,-0.531,-0.534
00:00:19.305,1572936083197,0.14,0.013,14.827,0.664,3.0,-0.009000000000000001,23.402,-0.002,-0.032,298.388,-0.531,-0.534
00:00:19.306,1572936083198,0.14,0.012,14.827,0.664,3.0,-0.009000000000000001,23.405,-0.001,-0.032,298.803,-0.532,-0.534
00:00:19.355,1572936083247,0.14,0.011,14.827,0.664,3.0,-0.009000000000000001,23.407,-0.001,-0.032,299.168,-0.5329999999999999,-0.534
00:00:19.356,1572936083248,0.14,0.01,14.827,0.664,3.0,-0.008,23.409,-0.001,-0.032,299.559,-0.5329999999999999,-0.534
00:00:19.357,1572936083249,0.14,0.01,14.827,0.664,3.0,-0.008,23.412,-0.001,-0.032,299.949,-0.534,-0.534
00:00:19.406,1572936083298,0.14,0.009000000000000001,14.827,0.664,3.0,-0.008,23.414,-0.001,-0.032,300.339,-0.534,-0.534
00:00:19.407,1572936083299,0.14,0.009000000000000001,14.827,0.664,3.0,-0.008,23.416,-0.001,-0.032,300.7290000000001,-0.535,-0.534
00:00:19.408,1572936083300,0.14,0.008,14.827,0.664,3.0,-0.008,23.419,0.0,-0.032,301.144,-0.536,-0.534
00:00:19.457,1572936083349,0.14,0.008,14.827,0.664,3.0,-0.008,23.421,0.0,-0.032,301.51,-0.536,-0.534
00:00:19.458,1572936083350,0.14,0.008,14.827,0.664,3.0,-0.006999999999999999,23.423,0.0,-0.032,301.9,-0.537,-0.534
00:00:19.459,1572936083351,0.14,0.008,14.827,0.664,3.0,-0.006999999999999999,23.426,0.0,-0.032,302.291,-0.537,-0.534
00:00:19.507,1572936083399,0.14,0.008,14.827,0.664,3.0,-0.006999999999999999,23.428,0.0,-0.032,302.681,-0.5379999999999999,-0.534
00:00:19.508,1572936083400,0.14,0.008,14.827,0.664,3.0,-0.006999999999999999,23.43,0.0,-0.032,303.071,-0.539,-0.534
00:00:19.509,1572936083401,0.14,0.008,14.827,0.664,3.0,-0.006999999999999999,23.433000000000003,0.0,-0.032,303.462,-0.539,-0.534
00:00:19.558,1572936083450,0.14,0.008,14.827,0.664,3.0,-0.006999999999999999,23.435,0.0,-0.032,303.853,-0.54,-0.534
00:00:19.559,1572936083451,0.139,0.008,14.827,0.664,3.0,-0.006,23.437,0.0,-0.032,304.243,-0.54,-0.534
00:00:19.560,1572936083452,0.139,0.009000000000000001,14.827,0.664,3.0,-0.006,23.44,0.0,-0.032,304.658,-0.541,-0.534
00:00:19.608,1572936083500,0.139,0.009000000000000001,14.827,0.664,3.0,-0.006,23.442,0.0,-0.032,305.024,-0.541,-0.534
00:00:19.609,1572936083501,0.139,0.01,14.827,0.664,3.0,-0.006,23.44400000000001,0.0,-0.032,305.415,-0.542,-0.534
00:00:19.610,1572936083502,0.139,0.012,14.827,0.664,3.0,-0.006,23.447,0.0,-0.032,305.83,-0.5429999999999999,-0.534
00:00:19.663,1572936083555,0.139,0.013,14.827,0.664,3.0,-0.006,23.449,0.0,-0.032,306.197,-0.5429999999999999,-0.534
00:00:19.664,1572936083556,0.139,0.016,14.827,0.664,3.0,-0.006,23.451,0.0,-0.032,306.588,-0.544,-0.534
00:00:19.665,1572936083557,0.139,0.02,14.827,0.664,3.0,-0.005,23.454,0.0,-0.032,307.003,-0.544,-0.534
00:00:19.716,1572936083608,0.139,0.024,14.827,0.664,3.0,-0.005,23.456,0.0,-0.032,307.369,-0.545,-0.534
00:00:19.717,1572936083609,0.139,0.028,14.827,0.664,3.0,-0.005,23.458,0.0,-0.032,307.76,-0.545,-0.534
00:00:19.718,1572936083610,0.139,0.033,14.827,0.664,3.0,-0.005,23.46,0.0,-0.032,308.151,-0.546,-0.534
00:00:19.759,1572936083651,0.139,0.037000000000000005,14.827,0.664,3.0,-0.005,23.463,0.0,-0.032,308.5420000000001,-0.546,-0.534
00:00:19.760,1572936083652,0.139,0.042,14.827,0.664,3.0,-0.005,23.465,0.0,-0.032,308.933,-0.547,-0.534
00:00:19.761,1572936083653,0.139,0.045,14.827,0.664,3.0,-0.006,23.467,0.0,-0.032,309.324,-0.547,-0.534
00:00:19.810,1572936083702,0.139,0.048,14.827,0.664,3.0,-0.006,23.47,0.0,-0.032,309.716,-0.5479999999999999,-0.534
00:00:19.811,1572936083703,0.139,0.05,14.827,0.664,3.0,-0.006999999999999999,23.472,0.0,-0.032,310.107,-0.5479999999999999,-0.534
00:00:19.812,1572936083704,0.139,0.052000000000000005,14.827,0.664,3.0,-0.006999999999999999,23.474,0.0,-0.032,310.498,-0.5489999999999999,-0.534
00:00:19.860,1572936083752,0.138,0.052000000000000005,14.827,0.664,3.0,-0.008,23.476,-0.001,-0.032,310.889,-0.5489999999999999,-0.534
00:00:19.861,1572936083753,0.138,0.052000000000000005,14.827,0.664,3.0,-0.008,23.479,-0.001,-0.032,311.281,-0.55,-0.534
00:00:19.862,1572936083754,0.138,0.052000000000000005,14.827,0.664,3.0,-0.009000000000000001,23.481,-0.002,-0.032,311.696,-0.55,-0.534
00:00:19.910,1572936083802,0.138,0.051,14.827,0.664,3.0,-0.01,23.483,-0.002,-0.033,312.063,-0.55,-0.534
00:00:19.911,1572936083803,0.138,0.051,14.827,0.664,3.0,-0.01,23.486,-0.003,-0.033,312.455,-0.551,-0.534
00:00:19.912,1572936083804,0.138,0.05,14.827,0.664,3.0,-0.011,23.488000000000003,-0.003,-0.033,312.871,-0.551,-0.534
00:00:19.960,1572936083852,0.138,0.049,14.827,0.664,3.0,-0.012,23.49,-0.004,-0.033,313.238,-0.551,-0.534
00:00:19.961,1572936083853,0.138,0.048,14.827,0.664,3.0,-0.012,23.493,-0.004,-0.033,313.629,-0.552,-0.534
00:00:19.962,1572936083854,0.138,0.047,14.827,1.128,3.0,-0.012,23.495,-0.005,-0.033,314.045,-0.552,-0.534
00:00:20.010,1572936083902,0.134,0.046,14.827,1.128,3.0,-0.013,23.497,-0.005,-0.033,314.4120000000001,-0.552,-0.534
00:00:20.011,1572936083903,0.129,0.046,14.827,1.128,3.0,-0.013,23.499,-0.006,-0.033,314.8040000000001,-0.5529999999999999,-0.534
00:00:20.012,1572936083904,0.127,0.045,14.827,1.128,3.0,-0.013,23.501,-0.006,-0.033,315.196,-0.5529999999999999,-0.534
00:00:20.061,1572936083953,0.126,0.044,14.827,1.128,3.0,-0.013,23.503,-0.006,-0.033,315.612,-0.5529999999999999,-0.534
00:00:20.062,1572936083954,0.125,0.043,14.827,1.128,3.0,-0.014,23.505,-0.006,-0.033,315.9790000000001,-0.5529999999999999,-0.534
00:00:20.063,1572936083955,0.125,0.042,14.827,0.664,3.0,-0.014,23.507,-0.006999999999999999,-0.033,316.371,-0.5539999999999999,-0.534
00:00:20.111,1572936084003,0.129,0.04,14.827,0.664,3.0,-0.014,23.51,-0.006999999999999999,-0.034,316.763,-0.5539999999999999,-0.534
00:00:20.112,1572936084004,0.133,0.039,14.827,0.664,3.0,-0.014,23.512,-0.006,-0.034,317.154,-0.5539999999999999,-0.534
00:00:20.113,1572936084005,0.136,0.037000000000000005,14.827,0.664,3.0,-0.014,23.514,-0.006,-0.034,317.546,-0.5539999999999999,-0.534
00:00:20.162,1572936084054,0.13699999999999998,0.035,14.827,0.664,3.0,-0.014,23.517,-0.006,-0.034,317.963,-0.555,-0.534
00:00:20.163,1572936084055,0.13699999999999998,0.033,14.827,0.664,3.0,-0.014,23.519,-0.006,-0.034,318.33,-0.555,-0.534
00:00:20.164,1572936084056,0.13699999999999998,0.031,14.827,0.664,3.0,-0.014,23.521,-0.006,-0.034,318.722,-0.555,-0.534
00:00:20.213,1572936084105,0.13699999999999998,0.029,14.827,0.664,3.0,-0.013,23.523000000000003,-0.005,-0.034,319.1140000000001,-0.555,-0.534
00:00:20.214,1572936084106,0.13699999999999998,0.027000000000000003,14.827,0.664,3.0,-0.013,23.526,-0.005,-0.034,319.506,-0.555,-0.534
00:00:20.215,1572936084107,0.13699999999999998,0.025,14.827,0.664,3.0,-0.013,23.528,-0.005,-0.034,319.923,-0.556,-0.534
00:00:20.267,1572936084159,0.13699999999999998,0.023,14.827,0.664,3.0,-0.013,23.53,-0.004,-0.034,320.291,-0.556,-0.534
00:00:20.268,1572936084160,0.13699999999999998,0.021,14.827,0.664,3.0,-0.013,23.533,-0.004,-0.034,320.683,-0.556,-0.534
00:00:20.269,1572936084161,0.13699999999999998,0.019,14.827,0.664,3.0,-0.012,23.535,-0.003,-0.034,321.1,-0.556,-0.534
00:00:20.314,1572936084206,0.13699999999999998,0.017,14.827,0.664,3.0,-0.012,23.537,-0.003,-0.034,321.467,-0.556,-0.534
00:00:20.315,1572936084207,0.13699999999999998,0.015,14.827,0.664,3.0,-0.012,23.539,-0.003,-0.034,321.86,-0.556,-0.534
00:00:20.316,1572936084208,0.13699999999999998,0.013,14.827,0.664,3.0,-0.012,23.542,-0.002,-0.034,322.276,-0.556,-0.534
00:00:20.364,1572936084256,0.13699999999999998,0.011,14.827,0.664,3.0,-0.011,23.544,-0.002,-0.034,322.644,-0.557,-0.534
00:00:20.365,1572936084257,0.13699999999999998,0.009000000000000001,14.827,0.664,3.0,-0.011,23.546,-0.002,-0.033,323.061,-0.557,-0.534
00:00:20.366,1572936084258,0.13699999999999998,0.006999999999999999,14.827,0.664,3.0,-0.011,23.548,-0.001,-0.033,323.4290000000001,-0.557,-0.534
00:00:20.414,1572936084306,0.13699999999999998,0.004,14.827,0.664,3.0,-0.01,23.551,-0.001,-0.033,323.822,-0.557,-0.534
00:00:20.415,1572936084307,0.136,0.002,14.827,0.664,3.0,-0.01,23.553,-0.001,-0.033,324.214,-0.557,-0.534
00:00:20.416,1572936084308,0.136,0.0,14.827,0.664,3.0,-0.01,23.555,-0.001,-0.033,324.631,-0.557,-0.534
00:00:20.465,1572936084357,0.136,-0.002,14.827,0.664,3.0,-0.01,23.558000000000003,0.0,-0.033,324.999,-0.557,-0.534
00:00:20.466,1572936084358,0.136,-0.004,14.827,0.664,3.0,-0.009000000000000001,23.56,0.0,-0.033,325.392,-0.557,-0.534
00:00:20.467,1572936084359,0.136,-0.006,14.827,0.664,3.0,-0.009000000000000001,23.562,0.0,-0.033,325.809,-0.5579999999999999,-0.534
00:00:20.516,1572936084408,0.136,-0.006999999999999999,14.827,0.664,3.0,-0.008,23.564,0.0,-0.033,326.202,-0.5579999999999999,-0.534
00:00:20.517,1572936084409,0.136,-0.008,14.827,0.664,3.0,-0.008,23.567,0.0,-0.033,326.57,-0.5579999999999999,-0.534
00:00:20.518,1572936084410,0.136,-0.008,14.827,0.664,3.0,-0.008,23.56900000000001,0.0,-0.033,326.988,-0.5579999999999999,-0.534
00:00:20.567,1572936084459,0.136,-0.008,14.827,0.664,3.0,-0.006999999999999999,23.571,0.001,-0.033,327.356,-0.5579999999999999,-0.534
00:00:20.568,1572936084460,0.136,-0.006999999999999999,14.827,0.664,3.0,-0.006999999999999999,23.573,0.001,-0.033,327.749,-0.5579999999999999,-0.534
00:00:20.569,1572936084461,0.136,-0.006,14.827,0.664,3.0,-0.006,23.576,0.001,-0.033,328.166,-0.5579999999999999,-0.534
00:00:20.570,1572936084462,0.136,-0.005,14.827,0.664,3.0,-0.006,23.57800000000001,0.001,-0.033,328.535,-0.5589999999999999,-0.534
00:00:20.618,1572936084510,0.135,-0.003,14.827,0.664,3.0,-0.005,23.58,0.001,-0.033,328.92800000000005,-0.5589999999999999,-0.534
00:00:20.619,1572936084511,0.135,-0.002,14.827,0.664,3.0,-0.005,23.583,0.002,-0.033,329.345,-0.5589999999999999,-0.534
00:00:20.620,1572936084512,0.135,0.0,14.827,0.664,3.0,-0.004,23.585,0.002,-0.033,329.73800000000006,-0.5589999999999999,-0.534
00:00:20.668,1572936084560,0.135,0.001,14.827,0.664,3.0,-0.004,23.587,0.002,-0.033,330.107,-0.5589999999999999,-0.534
00:00:20.669,1572936084561,0.135,0.001,14.827,1.128,3.0,-0.004,23.589,0.002,-0.033,330.5,-0.5589999999999999,-0.534
00:00:20.670,1572936084562,0.132,0.002,14.827,1.128,3.0,-0.004,23.591,0.002,-0.033,330.89300000000014,-0.5589999999999999,-0.534
00:00:20.718,1572936084610,0.127,0.002,14.827,1.128,3.0,-0.004,23.593000000000004,0.002,-0.033,331.311,-0.56,-0.534
00:00:20.719,1572936084611,0.124,0.002,14.827,1.128,3.0,-0.004,23.595,0.002,-0.033,331.6790000000001,-0.56,-0.534
00:00:20.720,1572936084612,0.123,0.003,14.827,1.128,3.0,-0.004,23.597,0.002,-0.033,332.0730000000001,-0.56,-0.534
00:00:20.768,1572936084660,0.123,0.003,14.827,1.128,3.0,-0.003,23.599,0.002,-0.033,332.466,-0.56,-0.534
00:00:20.769,1572936084661,0.123,0.003,14.827,0.664,3.0,-0.003,23.602,0.001,-0.034,332.8590000000001,-0.56,-0.534
00:00:20.770,1572936084662,0.126,0.004,14.827,0.664,3.0,-0.003,23.604,0.001,-0.034,333.2530000000001,-0.56,-0.534
00:00:20.819,1572936084711,0.131,0.005,14.827,0.664,3.0,-0.003,23.606,0.001,-0.034,333.646,-0.56,-0.534
00:00:20.820,1572936084712,0.133,0.006,14.827,0.664,3.0,-0.003,23.608,0.001,-0.034,334.04,-0.561,-0.534
00:00:20.821,1572936084713,0.134,0.006999999999999999,14.827,0.664,3.0,-0.003,23.611,0.001,-0.034,334.458,-0.561,-0.534
00:00:20.869,1572936084761,0.134,0.009000000000000001,14.827,0.664,3.0,-0.003,23.613000000000003,0.0,-0.034,334.851,-0.561,-0.534
00:00:20.870,1572936084762,0.134,0.01,14.827,0.664,3.0,-0.003,23.615,0.0,-0.034,335.245,-0.561,-0.534
00:00:20.871,1572936084763,0.134,0.011,14.827,0.664,3.0,-0.003,23.617,0.0,-0.034,335.6380000000001,-0.561,-0.534
00:00:20.919,1572936084811,0.134,0.012,14.827,0.664,3.0,-0.003,23.62,0.0,-0.034,336.032,-0.561,-0.534
00:00:20.920,1572936084812,0.134,0.013,14.827,0.664,3.0,-0.003,23.622,0.0,-0.034,336.426,-0.561,-0.534
00:00:20.921,1572936084813,0.134,0.014,14.827,0.664,3.0,-0.003,23.624,-0.001,-0.034,336.795,-0.562,-0.534
00:00:20.970,1572936084862,0.134,0.015,14.827,0.664,3.0,-0.003,23.626,-0.001,-0.034,337.213,-0.562,-0.534
00:00:20.971,1572936084863,0.134,0.016,14.827,0.664,3.0,-0.004,23.628,-0.001,-0.034,337.607,-0.562,-0.534
00:00:20.972,1572936084864,0.134,0.017,14.827,0.664,3.0,-0.004,23.631,-0.001,-0.034,338.001,-0.562,-0.534
00:00:21.020,1572936084912,0.134,0.017,14.827,0.664,3.0,-0.004,23.63300000000001,-0.001,-0.034,338.37,-0.562,-0.534
00:00:21.021,1572936084913,0.134,0.017,14.827,0.664,3.0,-0.004,23.635,-0.001,-0.034,338.764,-0.562,-0.534
00:00:21.022,1572936084914,0.134,0.018000000000000002,14.827,0.664,3.0,-0.004,23.637,-0.002,-0.034,339.182,-0.562,-0.534
00:00:21.070,1572936084962,0.134,0.018000000000000002,14.827,0.664,3.0,-0.004,23.639,-0.002,-0.034,339.552,-0.562,-0.534
00:00:21.071,1572936084963,0.134,0.018000000000000002,14.827,0.664,3.0,-0.004,23.642,-0.002,-0.034,339.97,-0.562,-0.534
00:00:21.072,1572936084964,0.134,0.018000000000000002,14.827,0.664,3.0,-0.004,23.644,-0.002,-0.034,340.34,-0.562,-0.534
00:00:21.120,1572936085012,0.134,0.018000000000000002,14.827,0.664,3.0,-0.004,23.646,-0.002,-0.034,340.759,-0.562,-0.534
00:00:21.121,1572936085013,0.134,0.019,14.827,0.664,3.0,-0.004,23.649,-0.002,-0.034,341.153,-0.563,-0.534
00:00:21.122,1572936085014,0.134,0.019,14.827,0.664,3.0,-0.004,23.651,-0.002,-0.034,341.547,-0.563,-0.534
00:00:21.170,1572936085062,0.134,0.02,14.827,0.664,3.0,-0.005,23.653,-0.002,-0.034,341.941,-0.563,-0.534
00:00:21.171,1572936085063,0.134,0.02,14.827,0.664,3.0,-0.005,23.655,-0.002,-0.034,342.311,-0.563,-0.534
00:00:21.172,1572936085064,0.134,0.02,14.827,0.664,3.0,-0.005,23.657,-0.002,-0.034,342.73,-0.563,-0.534
00:00:21.220,1572936085112,0.133,0.02,14.827,0.664,3.0,-0.005,23.66,-0.002,-0.034,343.124,-0.563,-0.534
00:00:21.221,1572936085113,0.133,0.019,14.827,0.664,3.0,-0.005,23.662,-0.002,-0.034,343.51800000000014,-0.563,-0.534
00:00:21.222,1572936085114,0.133,0.019,14.827,0.664,3.0,-0.005,23.664,-0.002,-0.034,343.913,-0.563,-0.534
00:00:21.271,1572936085163,0.133,0.019,14.827,0.664,3.0,-0.005,23.666,-0.002,-0.034,344.307,-0.563,-0.534
00:00:21.272,1572936085164,0.133,0.019,14.827,0.664,3.0,-0.005,23.669,-0.002,-0.034,344.701,-0.563,-0.534
00:00:21.273,1572936085165,0.133,0.018000000000000002,14.827,0.664,3.0,-0.005,23.671,-0.002,-0.034,345.096,-0.563,-0.534
00:00:21.326,1572936085218,0.133,0.018000000000000002,14.827,0.664,3.0,-0.005,23.673,-0.002,-0.034,345.491,-0.563,-0.534
00:00:21.327,1572936085219,0.133,0.018000000000000002,14.827,0.664,3.0,-0.006,23.675,-0.002,-0.034,345.885,-0.563,-0.534
00:00:21.328,1572936085220,0.133,0.017,14.827,0.664,3.0,-0.006,23.677,-0.002,-0.034,346.28,-0.563,-0.534
00:00:21.372,1572936085264,0.133,0.016,14.827,0.664,3.0,-0.006,23.68,-0.002,-0.034,346.67400000000015,-0.563,-0.534
00:00:21.373,1572936085265,0.133,0.016,14.827,0.664,3.0,-0.006,23.682,-0.002,-0.034,347.069,-0.563,-0.534
00:00:21.374,1572936085266,0.133,0.016,14.827,0.664,3.0,-0.006,23.684,-0.002,-0.034,347.464,-0.563,-0.534
00:00:21.422,1572936085314,0.133,0.015,14.827,0.664,3.0,-0.006,23.686,-0.002,-0.034,347.858,-0.563,-0.534
00:00:21.423,1572936085315,0.133,0.015,14.827,0.664,3.0,-0.006,23.688,-0.002,-0.034,348.22900000000016,-0.563,-0.534
00:00:21.424,1572936085316,0.133,0.015,14.827,0.664,3.0,-0.006,23.691,-0.002,-0.034,348.648,-0.563,-0.534
00:00:21.473,1572936085365,0.133,0.015,14.827,0.664,3.0,-0.006,23.693,-0.002,-0.034,349.043,-0.563,-0.534
00:00:21.474,1572936085366,0.133,0.015,14.827,0.664,3.0,-0.006,23.695,-0.001,-0.034,349.43800000000016,-0.563,-0.534
00:00:21.475,1572936085367,0.133,0.014,14.827,0.664,3.0,-0.006,23.697,-0.001,-0.034,349.833,-0.563,-0.534
00:00:21.523,1572936085415,0.133,0.014,14.827,0.664,3.0,-0.006,23.7,-0.001,-0.034,350.228,-0.563,-0.534
00:00:21.524,1572936085416,0.133,0.014,14.827,0.664,3.0,-0.006,23.702,-0.001,-0.034,350.62300000000016,-0.563,-0.534
00:00:21.525,1572936085417,0.132,0.014,14.827,0.664,3.0,-0.006,23.704,-0.001,-0.034,351.01800000000014,-0.563,-0.534
00:00:21.573,1572936085465,0.132,0.013,14.827,0.664,3.0,-0.006,23.706,-0.001,-0.034,351.413,-0.562,-0.534
00:00:21.574,1572936085466,0.132,0.013,14.827,0.664,3.0,-0.006,23.709,-0.001,-0.034,351.833,-0.562,-0.534
00:00:21.575,1572936085467,0.132,0.013,14.827,0.664,3.0,-0.006,23.711,-0.001,-0.034,352.20300000000015,-0.562,-0.534
00:00:21.623,1572936085515,0.132,0.013,14.827,0.664,3.0,-0.006,23.713,-0.001,-0.034,352.598,-0.562,-0.534
00:00:21.624,1572936085516,0.132,0.013,14.827,0.664,3.0,-0.006,23.715,-0.001,-0.034,353.01800000000014,-0.562,-0.534
00:00:21.625,1572936085517,0.132,0.013,14.827,0.664,3.0,-0.006,23.717,-0.001,-0.034,353.389,-0.562,-0.534
00:00:21.674,1572936085566,0.132,0.013,14.827,0.664,3.0,-0.005,23.719,-0.001,-0.034,353.784,-0.562,-0.534
00:00:21.675,1572936085567,0.132,0.013,14.827,0.664,3.0,-0.005,23.722,-0.001,-0.034,354.18,-0.562,-0.534
00:00:21.676,1572936085568,0.132,0.013,14.827,0.664,3.0,-0.005,23.724,-0.001,-0.034,354.575,-0.562,-0.534
00:00:21.725,1572936085617,0.132,0.013,14.827,0.664,3.0,-0.005,23.726,-0.001,-0.034,354.97,-0.562,-0.534
00:00:21.726,1572936085618,0.132,0.014,14.827,0.664,3.0,-0.005,23.728,-0.001,-0.034,355.366,-0.562,-0.534
00:00:21.727,1572936085619,0.132,0.015,14.827,0.664,3.0,-0.005,23.73,-0.001,-0.034,355.761,-0.562,-0.534
00:00:21.777,1572936085669,0.132,0.016,14.827,0.664,3.0,-0.005,23.733,-0.001,-0.034,356.157,-0.561,-0.534
00:00:21.778,1572936085670,0.132,0.018000000000000002,14.827,0.664,3.0,-0.005,23.735,-0.001,-0.034,356.552,-0.561,-0.534
00:00:21.779,1572936085671,0.132,0.02,14.827,0.664,3.0,-0.005,23.737,-0.001,-0.034,356.94800000000015,-0.561,-0.534
00:00:21.826,1572936085718,0.132,0.023,14.827,0.664,3.0,-0.005,23.739,-0.001,-0.034,357.344,-0.561,-0.534
00:00:21.827,1572936085719,0.132,0.026,14.827,0.664,3.0,-0.005,23.741,-0.001,-0.034,357.73900000000015,-0.561,-0.534
00:00:21.828,1572936085720,0.132,0.029,14.827,0.664,3.0,-0.005,23.744,-0.001,-0.034,358.135,-0.561,-0.534
00:00:21.876,1572936085768,0.132,0.033,14.827,0.664,3.0,-0.005,23.746,0.0,-0.034,358.531,-0.561,-0.534
00:00:21.877,1572936085769,0.132,0.036000000000000004,14.827,0.664,3.0,-0.005,23.748,0.0,-0.034,358.951,-0.561,-0.534
00:00:21.878,1572936085770,0.132,0.039,14.827,0.664,3.0,-0.005,23.75,0.0,-0.034,359.32199999999995,-0.56,-0.534
00:00:21.926,1572936085818,0.131,0.041,14.827,0.664,3.0,-0.006,23.752,0.0,-0.034,359.718,-0.56,-0.534
00:00:21.927,1572936085819,0.131,0.043,14.827,0.664,3.0,-0.006,23.754,0.0,-0.034,360.11400000000015,-0.56,-0.534
00:00:21.928,1572936085820,0.131,0.044,14.827,0.664,3.0,-0.006999999999999999,23.757,-0.001,-0.034,360.51,-0.56,-0.534
00:00:21.982,1572936085874,0.131,0.045,14.827,0.664,3.0,-0.006999999999999999,23.759,-0.001,-0.034,360.906,-0.56,-0.534
00:00:21.983,1572936085875,0.131,0.045,14.827,0.664,3.0,-0.008,23.761,-0.001,-0.034,361.302,-0.5589999999999999,-0.534
00:00:21.984,1572936085876,0.131,0.045,14.827,0.664,3.0,-0.008,23.763,-0.001,-0.034,361.698,-0.5589999999999999,-0.534
00:00:22.027,1572936085919,0.131,0.046,14.827,0.664,3.0,-0.008,23.765,-0.002,-0.034,362.094,-0.5589999999999999,-0.534
00:00:22.028,1572936085920,0.131,0.046,14.827,0.664,3.0,-0.009000000000000001,23.768,-0.002,-0.034,362.49,-0.5589999999999999,-0.534
00:00:22.029,1572936085921,0.131,0.046,14.827,0.664,3.0,-0.009000000000000001,23.77,-0.003,-0.034,362.886,-0.5579999999999999,-0.534
00:00:22.079,1572936085971,0.131,0.047,14.827,0.664,3.0,-0.01,23.772,-0.003,-0.034,363.282,-0.5579999999999999,-0.534
00:00:22.080,1572936085972,0.131,0.048,14.827,0.664,3.0,-0.01,23.774,-0.003,-0.034,363.679,-0.5579999999999999,-0.534
00:00:22.081,1572936085973,0.131,0.049,14.827,0.664,3.0,-0.011,23.776,-0.004,-0.034,364.075,-0.557,-0.534
00:00:22.133,1572936086025,0.131,0.05,14.827,0.664,3.0,-0.011,23.778,-0.004,-0.034,364.471,-0.557,-0.534
00:00:22.134,1572936086026,0.131,0.05,14.827,0.664,3.0,-0.011,23.781,-0.004,-0.034,364.86800000000005,-0.557,-0.534
00:00:22.135,1572936086027,0.131,0.051,14.827,0.664,3.0,-0.012,23.783,-0.005,-0.034,365.264,-0.556,-0.534
00:00:22.182,1572936086074,0.131,0.052000000000000005,14.827,0.664,3.0,-0.012,23.785,-0.005,-0.034,365.66,-0.556,-0.534
00:00:22.183,1572936086075,0.131,0.052000000000000005,14.607,0.664,3.0,-0.012,23.787,-0.005,-0.034,366.057,-0.556,-0.534
00:00:22.184,1572936086076,0.13,0.052000000000000005,14.607,0.664,3.0,-0.013,23.789,-0.005,-0.034,366.453,-0.555,-0.534
00:00:22.231,1572936086123,0.129,0.051,14.607,0.664,3.0,-0.013,23.791,-0.005,-0.034,366.85,-0.555,-0.534
00:00:22.232,1572936086124,0.128,0.051,14.607,0.664,3.0,-0.013,23.794,-0.005,-0.034,367.246,-0.5539999999999999,-0.534
00:00:22.233,1572936086125,0.125,0.05,14.607,0.664,3.0,-0.013,23.796,-0.005,-0.035,367.643,-0.5539999999999999,-0.534
00:00:22.283,1572936086175,0.123,0.049,14.607,0.664,3.0,-0.014,23.798,-0.005,-0.035,368.039,-0.5539999999999999,-0.534
00:00:22.284,1572936086176,0.122,0.048,12.776,0.664,3.0,-0.014,23.8,-0.005,-0.035,368.436,-0.5529999999999999,-0.534
00:00:22.285,1572936086177,0.12,0.047,12.776,0.664,3.0,-0.014,23.802,-0.005,-0.035,368.833,-0.5529999999999999,-0.534
00:00:22.330,1572936086222,0.113,0.045,12.776,0.664,3.0,-0.014,23.803,-0.005,-0.035,369.229,-0.552,-0.534
00:00:22.331,1572936086223,0.099,0.044,12.776,0.664,3.0,-0.014,23.805,-0.005,-0.035,369.626,-0.552,-0.534
00:00:22.332,1572936086224,0.083,0.042,12.776,0.664,3.0,-0.014,23.806,-0.005,-0.035,370.023,-0.551,-0.534
00:00:22.381,1572936086273,0.069,0.041,12.776,0.664,3.0,-0.014,23.807,-0.005,-0.036000000000000004,370.42,-0.551,-0.534
00:00:22.382,1572936086274,0.058,0.039,6.477,0.664,3.0,-0.014,23.808000000000003,-0.005,-0.036000000000000004,370.817,-0.55,-0.534
00:00:22.383,1572936086275,0.05,0.038,6.477,0.664,3.0,-0.014,23.808000000000003,-0.005,-0.037000000000000005,371.213,-0.5489999999999999,-0.534
00:00:22.431,1572936086323,0.025,0.036000000000000004,6.477,0.664,3.0,-0.014,23.808000000000003,-0.005,-0.037000000000000005,371.61,-0.5489999999999999,-0.534
00:00:22.432,1572936086324,-0.02,0.035,6.477,0.664,3.0,-0.014,23.807,-0.004,-0.038,372.007,-0.5479999999999999,-0.534
00:00:22.433,1572936086325,-0.071,0.034,6.477,0.664,3.0,-0.014,23.805,-0.004,-0.04,372.404,-0.5479999999999999,-0.534
00:00:22.481,1572936086373,-0.114,0.033,6.477,0.664,3.0,-0.014,23.803,-0.004,-0.041,372.8,-0.547,-0.534
00:00:22.482,1572936086374,-0.14300000000000002,0.032,5.598,0.664,3.0,-0.014,23.8,-0.004,-0.043,373.197,-0.547,-0.534
00:00:22.483,1572936086375,-0.159,0.031,5.598,0.664,3.0,-0.014,23.798,-0.003,-0.045,373.594,-0.546,-0.534
00:00:22.531,1572936086423,-0.16699999999999998,0.03,5.598,0.664,3.0,-0.014,23.795,-0.003,-0.047,373.99,-0.545,-0.534
00:00:22.532,1572936086424,-0.171,0.028,5.598,0.664,3.0,-0.014,23.792,-0.003,-0.05,374.412,-0.545,-0.534
00:00:22.533,1572936086425,-0.172,0.028,5.598,0.664,3.0,-0.014,23.789,-0.003,-0.052000000000000005,374.783,-0.544,-0.534
00:00:22.581,1572936086473,-0.172,0.027000000000000003,5.598,0.664,3.0,-0.014,23.786,-0.003,-0.055,375.18,-0.5429999999999999,-0.534
00:00:22.582,1572936086474,-0.172,0.026,5.598,0.664,3.0,-0.013,23.783,-0.002,-0.057,375.576,-0.5429999999999999,-0.534
00:00:22.583,1572936086475,-0.171,0.025,5.598,0.664,3.0,-0.013,23.78,-0.002,-0.059,375.973,-0.542,-0.534
00:00:22.631,1572936086523,-0.171,0.024,5.598,0.664,3.0,-0.013,23.777,-0.002,-0.062,376.369,-0.541,-0.534
00:00:22.632,1572936086524,-0.17,0.024,5.598,0.664,3.0,-0.013,23.775,-0.002,-0.064,376.765,-0.541,-0.534
00:00:22.633,1572936086525,-0.17,0.023,5.598,0.664,3.0,-0.013,23.772,-0.002,-0.066,377.161,-0.54,-0.534
00:00:22.688,1572936086580,-0.16899999999999998,0.023,5.598,0.664,3.0,-0.013,23.769,-0.002,-0.069,377.55800000000005,-0.539,-0.534
00:00:22.689,1572936086581,-0.16899999999999998,0.022,4.792,0.664,3.0,-0.013,23.766,-0.002,-0.071,377.954,-0.539,-0.534
00:00:22.690,1572936086582,-0.16899999999999998,0.022,4.792,0.664,3.0,-0.012,23.763,-0.002,-0.073,378.35,-0.5379999999999999,-0.534
00:00:22.733,1572936086625,-0.171,0.022,4.792,0.664,3.0,-0.012,23.76,-0.002,-0.075,378.746,-0.537,-0.534
00:00:22.734,1572936086626,-0.175,0.022,4.792,0.664,3.0,-0.012,23.757,-0.002,-0.076,379.142,-0.537,-0.534
00:00:22.735,1572936086627,-0.18,0.022,4.792,0.664,3.0,-0.012,23.754,-0.001,-0.078,379.538,-0.536,-0.534
00:00:22.788,1572936086680,-0.185,0.022,4.792,0.664,3.0,-0.012,23.751,-0.001,-0.079,379.934,-0.535,-0.534
00:00:22.789,1572936086681,-0.189,0.022,4.792,0.664,3.0,-0.012,23.748,-0.001,-0.081,380.33,-0.535,-0.534
00:00:22.790,1572936086682,-0.192,0.022,4.792,0.664,3.0,-0.012,23.745,-0.001,-0.08199999999999999,380.725,-0.534,-0.534
00:00:22.791,1572936086683,-0.194,0.022,4.792,0.664,3.0,-0.011,23.742,-0.001,-0.083,381.121,-0.5329999999999999,-0.534
00:00:22.835,1572936086727,-0.196,0.022,4.792,0.664,3.0,-0.011,23.738000000000003,-0.002,-0.084,381.541,-0.532,-0.534
00:00:22.836,1572936086728,-0.196,0.022,4.792,0.664,3.0,-0.011,23.735,-0.002,-0.085,381.912,-0.532,-0.534
00:00:22.837,1572936086729,-0.196,0.023,4.792,0.664,3.0,-0.011,23.732,-0.002,-0.085,382.30800000000005,-0.531,-0.534
00:00:22.885,1572936086777,-0.196,0.023,4.939,0.664,3.0,-0.011,23.728,-0.002,-0.086,382.728,-0.53,-0.534
00:00:22.886,1572936086778,-0.196,0.023,4.939,0.664,3.0,-0.011,23.725,-0.002,-0.086,383.099,-0.529,-0.534
00:00:22.887,1572936086779,-0.195,0.024,4.939,0.664,3.0,-0.011,23.722,-0.002,-0.086,383.494,-0.529,-0.534
00:00:22.936,1572936086828,-0.194,0.024,4.939,0.664,3.0,-0.011,23.719,-0.002,-0.086,383.89,-0.528,-0.534
00:00:22.937,1572936086829,-0.193,0.025,4.939,0.664,3.0,-0.011,23.716,-0.002,-0.086,384.26,-0.527,-0.534
00:00:22.938,1572936086830,-0.192,0.025,4.939,0.664,3.0,-0.011,23.713,-0.002,-0.086,384.655,-0.526,-0.534
00:00:22.985,1572936086877,-0.191,0.026,5.305,0.664,3.0,-0.011,23.709,-0.002,-0.086,385.051,-0.525,-0.534
00:00:22.986,1572936086878,-0.19,0.026,5.305,0.664,3.0,-0.011,23.706,-0.002,-0.085,385.446,-0.525,-0.535
00:00:22.987,1572936086879,-0.189,0.027000000000000003,5.305,0.664,3.0,-0.011,23.70300000000001,-0.002,-0.085,385.841,-0.524,-0.535
00:00:23.035,1572936086927,-0.187,0.027000000000000003,5.305,0.664,3.0,-0.011,23.7,-0.002,-0.084,386.236,-0.523,-0.535
00:00:23.036,1572936086928,-0.184,0.028,5.305,0.664,3.0,-0.011,23.697,-0.002,-0.084,386.631,-0.522,-0.535
00:00:23.037,1572936086929,-0.182,0.029,5.305,0.664,3.0,-0.011,23.69400000000001,-0.002,-0.083,387.026,-0.521,-0.535
00:00:23.086,1572936086978,-0.18,0.029,5.305,0.664,3.0,-0.011,23.691,-0.002,-0.08199999999999999,387.421,-0.521,-0.535
00:00:23.087,1572936086979,-0.17800000000000002,0.029,5.305,0.664,3.0,-0.011,23.688,-0.002,-0.08199999999999999,387.815,-0.52,-0.535
00:00:23.088,1572936086980,-0.177,0.029,5.305,0.664,3.0,-0.011,23.685,-0.002,-0.081,388.21,-0.519,-0.535
00:00:23.137,1572936087029,-0.177,0.03,5.305,0.664,3.0,-0.011,23.682,-0.002,-0.08,388.605,-0.518,-0.535
00:00:23.138,1572936087030,-0.17600000000000002,0.03,5.305,0.664,3.0,-0.011,23.679,-0.002,-0.079,389.0,-0.517,-0.535
00:00:23.139,1572936087031,-0.17600000000000002,0.03,5.305,0.664,3.0,-0.011,23.676,-0.002,-0.079,389.394,-0.516,-0.535
00:00:23.188,1572936087080,-0.17600000000000002,0.029,5.305,0.664,3.0,-0.011,23.673,-0.003,-0.078,389.81300000000016,-0.515,-0.535
00:00:23.189,1572936087081,-0.17600000000000002,0.029,5.305,0.664,3.0,-0.011,23.67,-0.003,-0.078,390.18300000000005,-0.514,-0.535
00:00:23.190,1572936087082,-0.177,0.029,5.305,0.664,3.0,-0.011,23.66800000000001,-0.003,-0.077,390.578,-0.513,-0.535
00:00:23.238,1572936087130,-0.177,0.029,5.305,0.664,3.0,-0.011,23.664,-0.003,-0.077,390.997,-0.513,-0.535
00:00:23.239,1572936087131,-0.177,0.029,5.305,0.664,3.0,-0.011,23.662,-0.003,-0.076,391.367,-0.512,-0.535
00:00:23.240,1572936087132,-0.177,0.028,5.305,0.664,3.0,-0.011,23.659,-0.003,-0.076,391.761,-0.511,-0.535
00:00:23.288,1572936087180,-0.177,0.028,5.305,0.664,3.0,-0.011,23.656,-0.003,-0.075,392.155,-0.51,-0.535
00:00:23.289,1572936087181,-0.177,0.027000000000000003,5.305,0.664,3.0,-0.011,23.653,-0.003,-0.075,392.549,-0.509,-0.535
00:00:23.290,1572936087182,-0.177,0.026,5.305,0.664,3.0,-0.011,23.65,-0.003,-0.075,392.944,-0.508,-0.535
00:00:23.338,1572936087230,-0.177,0.025,5.305,0.664,3.0,-0.011,23.647,-0.003,-0.075,393.338,-0.507,-0.535
00:00:23.339,1572936087231,-0.177,0.024,5.305,0.664,3.0,-0.011,23.644,-0.003,-0.07400000000000001,393.732,-0.506,-0.535
00:00:23.340,1572936087232,-0.177,0.023,5.305,0.664,3.0,-0.011,23.641,-0.003,-0.07400000000000001,394.126,-0.505,-0.535
00:00:23.388,1572936087280,-0.177,0.021,5.4510000000000005,0.664,3.0,-0.011,23.638,-0.003,-0.07400000000000001,394.52,-0.504,-0.535
00:00:23.389,1572936087281,-0.17600000000000002,0.02,5.4510000000000005,0.664,3.0,-0.011,23.635,-0.003,-0.07400000000000001,394.914,-0.503,-0.535
00:00:23.390,1572936087282,-0.17600000000000002,0.019,5.4510000000000005,0.664,3.0,-0.011,23.632,-0.003,-0.07400000000000001,395.30800000000005,-0.502,-0.535
00:00:23.438,1572936087330,-0.175,0.018000000000000002,5.4510000000000005,0.664,3.0,-0.011,23.629,-0.003,-0.07400000000000001,395.702,-0.501,-0.535
00:00:23.439,1572936087331,-0.175,0.017,5.4510000000000005,0.664,3.0,-0.01,23.626,-0.003,-0.07400000000000001,396.095,-0.5,-0.535
00:00:23.440,1572936087332,-0.174,0.016,5.4510000000000005,0.664,3.0,-0.01,23.624,-0.003,-0.07400000000000001,396.489,-0.499,-0.535
00:00:23.488,1572936087380,-0.173,0.015,5.305,0.664,3.0,-0.01,23.621,-0.003,-0.07400000000000001,396.883,-0.498,-0.535
00:00:23.489,1572936087381,-0.172,0.014,5.305,0.664,3.0,-0.01,23.618,-0.003,-0.07400000000000001,397.252,-0.4970000000000001,-0.535
00:00:23.490,1572936087382,-0.172,0.013,5.305,0.664,3.0,-0.01,23.615,-0.002,-0.075,397.646,-0.496,-0.535
00:00:23.539,1572936087431,-0.172,0.012,5.305,0.664,3.0,-0.009000000000000001,23.612,-0.002,-0.075,398.064,-0.495,-0.535
00:00:23.540,1572936087432,-0.173,0.01,5.305,0.664,3.0,-0.009000000000000001,23.609,-0.002,-0.075,398.43300000000005,-0.494,-0.535
00:00:23.541,1572936087433,-0.174,0.009000000000000001,5.305,0.664,3.0,-0.009000000000000001,23.606,-0.002,-0.075,398.826,-0.493,-0.535
00:00:23.590,1572936087482,-0.175,0.006999999999999999,5.4510000000000005,0.664,3.0,-0.009000000000000001,23.603,-0.002,-0.075,399.244,-0.4920000000000001,-0.535
00:00:23.591,1572936087483,-0.175,0.006,5.4510000000000005,0.664,3.0,-0.009000000000000001,23.601,-0.002,-0.075,399.61300000000006,-0.491,-0.535
00:00:23.592,1572936087484,-0.175,0.004,5.4510000000000005,0.664,3.0,-0.008,23.59800000000001,-0.002,-0.076,400.006,-0.49,-0.535
00:00:23.640,1572936087532,-0.175,0.002,5.4510000000000005,0.664,3.0,-0.008,23.595,-0.001,-0.076,400.399,-0.489,-0.535
00:00:23.641,1572936087533,-0.174,0.001,5.4510000000000005,0.664,3.0,-0.008,23.592,-0.001,-0.076,400.793,-0.488,-0.535
00:00:23.642,1572936087534,-0.173,0.0,5.4510000000000005,0.664,3.0,-0.008,23.589,-0.001,-0.076,401.186,-0.487,-0.535
00:00:23.690,1572936087582,-0.172,-0.001,5.964,0.664,3.0,-0.006999999999999999,23.586,-0.001,-0.076,401.579,-0.486,-0.535
00:00:23.691,1572936087583,-0.172,-0.003,5.964,0.664,3.0,-0.006999999999999999,23.583,-0.001,-0.076,401.972,-0.485,-0.535
00:00:23.692,1572936087584,-0.17,-0.003,5.964,0.664,3.0,-0.006999999999999999,23.58,-0.001,-0.077,402.365,-0.484,-0.535
00:00:23.740,1572936087632,-0.168,-0.004,5.964,0.664,3.0,-0.006,23.57800000000001,-0.001,-0.077,402.758,-0.483,-0.535
00:00:23.741,1572936087633,-0.16399999999999998,-0.004,5.964,0.664,3.0,-0.006,23.575,0.0,-0.077,403.151,-0.482,-0.535
00:00:23.742,1572936087634,-0.161,-0.005,5.964,0.664,3.0,-0.006,23.572,0.0,-0.077,403.544,-0.481,-0.535
00:00:23.790,1572936087682,-0.158,-0.005,6.1110000000000015,0.664,3.0,-0.005,23.57,0.0,-0.077,403.937,-0.48,-0.535
00:00:23.791,1572936087683,-0.155,-0.005,6.1110000000000015,0.664,3.0,-0.005,23.567,0.0,-0.076,404.33,-0.479,-0.535
00:00:23.792,1572936087684,-0.154,-0.006,6.1110000000000015,0.664,3.0,-0.005,23.565,0.0,-0.076,404.722,-0.478,-0.535
00:00:23.840,1572936087732,-0.152,-0.006,6.1110000000000015,0.664,3.0,-0.004,23.562,0.001,-0.076,405.14,-0.477,-0.535
00:00:23.841,1572936087733,-0.152,-0.006999999999999999,6.1110000000000015,0.664,3.0,-0.004,23.56,0.001,-0.076,405.508,-0.476,-0.535
00:00:23.842,1572936087734,-0.151,-0.006999999999999999,6.1110000000000015,0.664,3.0,-0.004,23.557,0.001,-0.076,405.9,-0.475,-0.535
00:00:23.892,1572936087784,-0.15,-0.006999999999999999,6.2570000000000014,0.664,3.0,-0.004,23.555,0.001,-0.075,406.317,-0.474,-0.535
00:00:23.893,1572936087785,-0.15,-0.008,6.2570000000000014,0.664,3.0,-0.003,23.552,0.001,-0.075,406.686,-0.473,-0.535
00:00:23.894,1572936087786,-0.15,-0.008,6.2570000000000014,0.664,3.0,-0.003,23.55,0.001,-0.075,407.078,-0.472,-0.535
00:00:23.942,1572936087834,-0.149,-0.008,6.2570000000000014,0.664,3.0,-0.003,23.547,0.001,-0.07400000000000001,407.495,-0.471,-0.535
00:00:23.943,1572936087835,-0.14800000000000002,-0.008,6.2570000000000014,0.664,3.0,-0.003,23.545,0.001,-0.07400000000000001,407.86300000000006,-0.47,-0.535
00:00:23.944,1572936087836,-0.147,-0.008,6.2570000000000014,0.664,3.0,-0.002,23.542,0.001,-0.07400000000000001,408.255,-0.469,-0.535
00:00:23.992,1572936087884,-0.146,-0.006999999999999999,6.2570000000000014,0.664,3.0,-0.002,23.54,0.001,-0.073,408.648,-0.468,-0.535
00:00:23.993,1572936087885,-0.146,-0.006999999999999999,6.2570000000000014,0.664,3.0,-0.002,23.538,0.001,-0.073,409.04,-0.467,-0.535
00:00:23.994,1572936087886,-0.145,-0.006999999999999999,6.2570000000000014,0.664,3.0,-0.002,23.535,0.001,-0.073,409.432,-0.466,-0.535
00:00:24.042,1572936087934,-0.145,-0.006999999999999999,6.2570000000000014,0.664,3.0,-0.002,23.533,0.001,-0.07200000000000001,409.825,-0.465,-0.535
00:00:24.043,1572936087935,-0.145,-0.006,6.2570000000000014,0.664,3.0,-0.001,23.53,0.001,-0.07200000000000001,410.241,-0.464,-0.535
00:00:24.044,1572936087936,-0.145,-0.006,6.2570000000000014,0.664,3.0,-0.001,23.528,0.001,-0.07200000000000001,410.609,-0.463,-0.535
00:00:24.092,1572936087984,-0.145,-0.006,6.2570000000000014,0.664,3.0,-0.001,23.525,0.001,-0.071,411.001,-0.462,-0.535
00:00:24.093,1572936087985,-0.145,-0.005,6.2570000000000014,0.664,3.0,-0.001,23.523000000000003,0.001,-0.071,411.393,-0.461,-0.535
00:00:24.094,1572936087986,-0.145,-0.005,6.2570000000000014,0.664,3.0,-0.001,23.521,0.001,-0.071,411.785,-0.46,-0.535
00:00:24.142,1572936088034,-0.145,-0.005,6.2570000000000014,0.664,3.0,-0.001,23.518,0.001,-0.071,412.202,-0.459,-0.535
00:00:24.143,1572936088035,-0.145,-0.004,6.2570000000000014,0.664,3.0,-0.001,23.516,0.001,-0.071,412.569,-0.458,-0.535
00:00:24.144,1572936088036,-0.145,-0.004,6.2570000000000014,0.664,3.0,-0.001,23.513,0.001,-0.071,412.961,-0.457,-0.535
00:00:24.192,1572936088084,-0.145,-0.003,6.1110000000000015,0.664,3.0,-0.001,23.511,0.001,-0.071,413.377,-0.456,-0.535
00:00:24.193,1572936088085,-0.145,-0.003,6.1110000000000015,0.664,3.0,-0.001,23.50800000000001,0.001,-0.071,413.745,-0.455,-0.535
00:00:24.194,1572936088086,-0.146,-0.002,6.1110000000000015,0.664,3.0,0.0,23.506,0.001,-0.071,414.136,-0.454,-0.535
00:00:24.243,1572936088135,-0.146,-0.002,6.1110000000000015,0.664,3.0,0.0,23.503,0.001,-0.071,414.55300000000005,-0.453,-0.535
00:00:24.244,1572936088136,-0.147,-0.001,6.1110000000000015,0.664,3.0,0.0,23.501,0.001,-0.071,414.92,-0.452,-0.535
00:00:24.245,1572936088137,-0.14800000000000002,-0.001,6.1110000000000015,0.664,3.0,0.0,23.499,0.001,-0.071,415.312,-0.451,-0.535
00:00:24.294,1572936088186,-0.149,-0.001,5.4510000000000005,0.664,3.0,0.0,23.496,0.0,-0.071,415.703,-0.45,-0.535
00:00:24.295,1572936088187,-0.15,0.0,5.4510000000000005,0.664,3.0,0.0,23.494,0.0,-0.071,416.095,-0.449,-0.535
00:00:24.296,1572936088188,-0.151,0.0,5.4510000000000005,0.664,3.0,0.0,23.491,0.0,-0.071,416.486,-0.448,-0.535
00:00:24.345,1572936088237,-0.154,0.001,5.4510000000000005,0.664,3.0,0.0,23.488000000000003,0.0,-0.071,416.878,-0.447,-0.535
00:00:24.346,1572936088238,-0.159,0.001,5.4510000000000005,0.664,3.0,0.0,23.486,0.0,-0.071,417.269,-0.446,-0.535
00:00:24.347,1572936088239,-0.163,0.001,5.4510000000000005,0.664,3.0,0.0,23.483,0.0,-0.071,417.661,-0.445,-0.535
00:00:24.395,1572936088287,-0.166,0.001,2.595,0.664,3.0,0.0,23.48,0.0,-0.07200000000000001,418.052,-0.444,-0.535
00:00:24.396,1572936088288,-0.16899999999999998,0.002,2.595,0.664,3.0,0.0,23.477,0.0,-0.07200000000000001,418.468,-0.443,-0.535
00:00:24.397,1572936088289,-0.17600000000000002,0.002,2.595,0.664,3.0,0.0,23.474,0.0,-0.07200000000000001,418.835,-0.443,-0.535
00:00:24.445,1572936088337,-0.194,0.002,2.595,0.664,3.0,0.0,23.471,0.0,-0.073,419.226,-0.442,-0.535
00:00:24.446,1572936088338,-0.224,0.002,2.595,0.664,3.0,0.0,23.467,0.0,-0.073,419.519,-0.441,-0.535
00:00:24.447,1572936088339,-0.261,0.003,2.595,0.664,3.0,0.0,23.463,0.0,-0.07400000000000001,419.91,-0.44,-0.535
00:00:24.495,1572936088387,-0.268,0.003,2.815,0.664,3.0,-0.001,23.458,0.0,-0.075,420.326,-0.439,-0.535
00:00:24.496,1572936088388,-0.259,0.003,2.815,0.664,3.0,-0.001,23.454,0.0,-0.075,420.692,-0.438,-0.535
00:00:24.497,1572936088389,-0.252,0.003,2.815,0.664,3.0,-0.001,23.45,0.0,-0.076,421.083,-0.4370000000000001,-0.535
00:00:24.545,1572936088437,-0.254,0.003,2.815,0.664,3.0,-0.001,23.445,0.0,-0.077,421.49800000000016,-0.436,-0.535
00:00:24.546,1572936088438,-0.253,0.003,2.815,0.664,3.0,-0.001,23.441,0.0,-0.078,421.865,-0.435,-0.535
00:00:24.547,1572936088439,-0.254,0.004,2.815,0.664,3.0,-0.001,23.437,-0.001,-0.079,422.255,-0.434,-0.535
00:00:24.595,1572936088487,-0.254,0.004,2.9610000000000003,0.664,3.0,-0.001,23.433000000000003,-0.001,-0.08,422.67,-0.433,-0.535
00:00:24.596,1572936088488,-0.253,0.004,2.9610000000000003,0.664,3.0,-0.001,23.429,-0.001,-0.081,423.036,-0.4320000000000001,-0.535
00:00:24.597,1572936088489,-0.251,0.004,2.9610000000000003,0.664,3.0,-0.001,23.424,-0.001,-0.08199999999999999,423.451,-0.431,-0.535
00:00:24.646,1572936088538,-0.25,0.004,2.9610000000000003,0.664,3.0,-0.001,23.42,-0.001,-0.083,423.817,-0.43,-0.535
00:00:24.647,1572936088539,-0.25,0.004,2.9610000000000003,0.664,3.0,-0.001,23.416,-0.001,-0.084,424.207,-0.429,-0.535
00:00:24.648,1572936088540,-0.249,0.004,2.9610000000000003,0.664,3.0,-0.001,23.412,-0.001,-0.084,424.598,-0.428,-0.535
00:00:24.696,1572936088588,-0.249,0.004,2.9610000000000003,0.664,3.0,-0.001,23.408,-0.001,-0.085,424.98800000000006,-0.4270000000000001,-0.535
00:00:24.697,1572936088589,-0.248,0.004,4.133,0.664,3.0,-0.001,23.404,-0.001,-0.086,425.378,-0.426,-0.535
00:00:24.698,1572936088590,-0.243,0.004,4.133,0.664,3.0,-0.001,23.4,-0.001,-0.086,425.768,-0.425,-0.535
00:00:24.746,1572936088638,-0.235,0.004,4.133,0.664,3.0,-0.001,23.396,-0.001,-0.087,426.158,-0.424,-0.535
00:00:24.747,1572936088639,-0.227,0.003,4.133,0.664,3.0,-0.001,23.392,-0.001,-0.087,426.548,-0.423,-0.535
00:00:24.748,1572936088640,-0.22,0.003,4.133,0.664,3.0,-0.001,23.388,-0.001,-0.087,426.962,-0.422,-0.535
00:00:24.796,1572936088688,-0.215,0.003,4.792,1.128,3.0,-0.001,23.385,-0.001,-0.08800000000000001,427.352,-0.421,-0.535
00:00:24.797,1572936088689,-0.214,0.003,4.792,1.128,3.0,-0.001,23.382,-0.001,-0.08800000000000001,427.717,-0.42,-0.535
00:00:24.798,1572936088690,-0.215,0.003,4.792,1.128,3.0,-0.001,23.378,-0.001,-0.08800000000000001,428.107,-0.419,-0.535
00:00:24.846,1572936088738,-0.215,0.003,4.792,1.128,3.0,-0.001,23.374,0.0,-0.087,428.521,-0.418,-0.535
00:00:24.847,1572936088739,-0.213,0.003,4.792,1.128,3.0,-0.001,23.371,0.0,-0.087,428.886,-0.417,-0.535
00:00:24.848,1572936088740,-0.21,0.003,4.792,1.128,3.0,-0.001,23.367,0.0,-0.087,429.275,-0.416,-0.535
00:00:24.896,1572936088788,-0.206,0.003,5.085,1.128,3.0,-0.001,23.364,0.0,-0.086,429.689,-0.415,-0.535
00:00:24.897,1572936088789,-0.204,0.003,5.085,1.128,3.0,-0.001,23.361,0.0,-0.086,430.054,-0.414,-0.535
00:00:24.898,1572936088790,-0.201,0.003,5.085,1.128,3.0,-0.001,23.357,0.0,-0.085,430.444,-0.413,-0.535
00:00:24.946,1572936088838,-0.199,0.003,5.085,1.128,3.0,-0.001,23.354,0.0,-0.085,430.833,-0.412,-0.535
00:00:24.947,1572936088839,-0.196,0.003,5.085,1.128,3.0,-0.001,23.351,0.0,-0.084,431.246,-0.411,-0.535
00:00:24.948,1572936088840,-0.194,0.003,5.085,1.128,3.0,-0.001,23.34800000000001,0.0,-0.083,431.635,-0.41,-0.535
00:00:24.997,1572936088889,-0.192,0.003,5.085,0.664,3.0,-0.001,23.345,0.0,-0.08199999999999999,432.0,-0.409,-0.535
00:00:24.998,1572936088890,-0.189,0.003,5.305,0.664,3.0,-0.001,23.341,0.0,-0.081,432.389,-0.408,-0.535
00:00:24.999,1572936088891,-0.183,0.002,5.305,0.664,3.0,-0.001,23.338,0.0,-0.081,432.778,-0.407,-0.535
00:00:25.048,1572936088940,-0.17800000000000002,0.002,5.305,0.664,3.0,-0.001,23.335,0.0,-0.08,433.192,-0.406,-0.535
00:00:25.049,1572936088941,-0.17600000000000002,0.002,5.305,0.664,3.0,-0.001,23.333,0.0,-0.079,433.58,-0.405,-0.535
00:00:25.050,1572936088942,-0.174,0.002,5.305,0.664,3.0,-0.001,23.33,0.0,-0.078,433.945,-0.404,-0.535
00:00:25.098,1572936088990,-0.172,0.002,5.305,0.664,3.0,-0.001,23.327,0.0,-0.077,434.358,-0.403,-0.535
00:00:25.099,1572936088991,-0.172,0.002,5.305,0.664,3.0,-0.001,23.324,0.0,-0.076,434.723,-0.402,-0.535
00:00:25.100,1572936088992,-0.171,0.002,5.305,0.664,3.0,-0.001,23.321,0.0,-0.075,435.111,-0.401,-0.535
00:00:25.148,1572936089040,-0.171,0.002,5.305,0.664,3.0,-0.001,23.318,0.0,-0.075,435.524,-0.4,-0.535
00:00:25.149,1572936089041,-0.171,0.002,5.305,0.664,3.0,-0.001,23.315,0.0,-0.07400000000000001,435.913,-0.399,-0.535
00:00:25.150,1572936089042,-0.171,0.002,5.305,0.664,3.0,-0.001,23.313,0.0,-0.073,436.277,-0.398,-0.535
00:00:25.198,1572936089090,-0.171,0.002,5.305,0.664,3.0,-0.001,23.31,0.0,-0.073,436.69,-0.397,-0.535
00:00:25.199,1572936089091,-0.171,0.002,5.305,0.664,3.0,-0.001,23.307,0.0,-0.07200000000000001,437.054,-0.396,-0.535
00:00:25.200,1572936089092,-0.171,0.002,5.305,0.664,3.0,-0.001,23.304,0.0,-0.07200000000000001,437.467,-0.395,-0.535
00:00:25.248,1572936089140,-0.171,0.002,5.305,0.664,3.0,-0.001,23.301,0.0,-0.07200000000000001,437.855,-0.394,-0.535
00:00:25.249,1572936089141,-0.171,0.002,5.305,0.664,3.0,-0.001,23.298,0.0,-0.071,438.244,-0.393,-0.535
00:00:25.250,1572936089142,-0.171,0.002,5.305,0.664,3.0,-0.001,23.296,0.0,-0.071,438.632,-0.392,-0.535
00:00:25.298,1572936089190,-0.171,0.002,5.305,0.664,3.0,-0.001,23.29300000000001,0.0,-0.071,439.02,-0.391,-0.535
00:00:25.299,1572936089191,-0.171,0.002,5.305,0.664,3.0,-0.001,23.29,0.0,-0.071,439.384,-0.39,-0.535
00:00:25.300,1572936089192,-0.171,0.002,5.305,0.664,3.0,-0.001,23.287,0.0,-0.071,439.796,-0.389,-0.535
00:00:25.354,1572936089246,-0.171,0.002,5.305,0.664,3.0,-0.001,23.284,0.0,-0.071,440.184,-0.388,-0.535
00:00:25.355,1572936089247,-0.17,0.002,5.305,0.664,3.0,-0.001,23.281,0.0,-0.071,440.573,-0.387,-0.535
00:00:25.356,1572936089248,-0.17,0.002,5.305,0.664,3.0,-0.001,23.278,0.0,-0.071,440.961,-0.386,-0.535
00:00:25.399,1572936089291,-0.17,0.002,5.305,0.664,3.0,-0.001,23.276,0.0,-0.07200000000000001,441.348,-0.385,-0.535
00:00:25.400,1572936089292,-0.17,0.002,5.305,0.664,3.0,-0.001,23.273000000000003,0.0,-0.07200000000000001,441.736,-0.384,-0.535
00:00:25.401,1572936089293,-0.17,0.002,5.305,0.664,3.0,-0.001,23.27,0.0,-0.07200000000000001,442.124,-0.383,-0.535
00:00:25.450,1572936089342,-0.17,0.002,5.305,0.664,3.0,-0.001,23.267,0.0,-0.07200000000000001,442.512,-0.382,-0.535
00:00:25.451,1572936089343,-0.17,0.002,5.305,0.664,3.0,-0.001,23.264,0.0,-0.07200000000000001,442.9,-0.381,-0.535
00:00:25.452,1572936089344,-0.17,0.002,5.305,0.664,3.0,-0.001,23.261,0.0,-0.073,443.288,-0.38,-0.535
00:00:25.500,1572936089392,-0.17,0.002,5.305,1.128,3.0,-0.001,23.259,0.0,-0.073,443.675,-0.379,-0.535
00:00:25.501,1572936089393,-0.172,0.002,5.305,1.128,3.0,-0.001,23.256,0.0,-0.073,444.06300000000016,-0.378,-0.535
00:00:25.502,1572936089394,-0.177,0.002,5.305,1.128,3.0,-0.001,23.253,0.0,-0.073,444.45,-0.377,-0.535
00:00:25.550,1572936089442,-0.18,0.002,5.305,1.128,3.0,-0.001,23.249,0.0,-0.073,444.862,-0.376,-0.535
00:00:25.551,1572936089443,-0.181,0.003,5.305,1.128,3.0,-0.001,23.247,0.0,-0.07400000000000001,445.225,-0.375,-0.535
00:00:25.552,1572936089444,-0.182,0.003,5.305,1.128,3.0,-0.001,23.244,0.0,-0.07400000000000001,445.61300000000006,-0.374,-0.535
00:00:25.603,1572936089495,-0.182,0.003,5.305,0.664,3.0,-0.001,23.241,0.0,-0.07400000000000001,446.0,-0.373,-0.535
00:00:25.604,1572936089496,-0.179,0.003,5.305,0.664,3.0,-0.001,23.238000000000003,0.0,-0.07400000000000001,446.388,-0.3720000000000001,-0.535
00:00:25.605,1572936089497,-0.175,0.003,5.305,0.664,3.0,-0.001,23.235,0.0,-0.075,446.775,-0.371,-0.535
00:00:25.606,1572936089498,-0.172,0.003,5.305,0.664,3.0,-0.001,23.232,0.0,-0.075,447.162,-0.37,-0.535
00:00:25.651,1572936089543,-0.17,0.003,5.305,0.664,3.0,-0.001,23.229,0.0,-0.075,447.549,-0.369,-0.535
00:00:25.652,1572936089544,-0.17,0.003,5.305,0.664,3.0,-0.001,23.226,0.0,-0.075,447.936,-0.368,-0.535
00:00:25.653,1572936089545,-0.16899999999999998,0.003,5.305,0.664,3.0,-0.001,23.22300000000001,0.0,-0.075,448.323,-0.3670000000000001,-0.535
00:00:25.704,1572936089596,-0.16899999999999998,0.002,5.305,0.664,3.0,-0.001,23.221,0.0,-0.075,448.71,-0.366,-0.535
00:00:25.705,1572936089597,-0.16899999999999998,0.002,5.305,0.664,3.0,-0.001,23.218000000000004,0.0,-0.076,449.097,-0.365,-0.535
00:00:25.706,1572936089598,-0.16899999999999998,0.002,5.305,0.664,3.0,-0.001,23.215,0.0,-0.076,449.46,-0.364,-0.535
00:00:25.753,1572936089645,-0.16899999999999998,0.002,5.305,0.664,3.0,-0.001,23.212,0.0,-0.076,449.871,-0.363,-0.535
00:00:25.754,1572936089646,-0.16899999999999998,0.002,5.305,0.664,3.0,-0.001,23.209,0.0,-0.076,450.258,-0.362,-0.535
00:00:25.755,1572936089647,-0.16899999999999998,0.002,5.305,0.664,3.0,-0.001,23.207,0.0,-0.076,450.645,-0.361,-0.535
00:00:25.804,1572936089696,-0.16899999999999998,0.002,5.305,0.664,3.0,-0.001,23.204,0.0,-0.076,451.032,-0.36,-0.535
00:00:25.805,1572936089697,-0.16899999999999998,0.002,5.305,0.664,3.0,-0.001,23.201,0.0,-0.076,451.418,-0.359,-0.535
00:00:25.806,1572936089698,-0.16899999999999998,0.002,5.305,0.664,3.0,-0.001,23.198,0.0,-0.076,451.805,-0.358,-0.535
00:00:25.855,1572936089747,-0.16899999999999998,0.002,5.305,0.664,3.0,-0.001,23.195,0.0,-0.076,452.192,-0.35700000000000004,-0.535
00:00:25.856,1572936089748,-0.16899999999999998,0.002,5.305,0.664,3.0,-0.001,23.193,0.0,-0.075,452.578,-0.35600000000000004,-0.535
00:00:25.857,1572936089749,-0.16899999999999998,0.002,5.4510000000000005,0.664,3.0,-0.001,23.19,0.0,-0.075,452.965,-0.355,-0.535
00:00:25.905,1572936089797,-0.16899999999999998,0.002,5.4510000000000005,0.664,3.0,-0.001,23.187,0.0,-0.075,453.351,-0.354,-0.535
00:00:25.906,1572936089798,-0.168,0.002,5.4510000000000005,0.664,3.0,-0.001,23.184,0.0,-0.075,453.73800000000006,-0.353,-0.535
00:00:25.907,1572936089799,-0.168,0.002,5.4510000000000005,0.664,3.0,-0.001,23.181,0.0,-0.075,454.124,-0.35200000000000004,-0.535
00:00:25.955,1572936089847,-0.16699999999999998,0.001,5.4510000000000005,0.664,3.0,-0.001,23.179,0.0,-0.075,454.51,-0.35100000000000003,-0.535
00:00:25.956,1572936089848,-0.166,0.001,5.4510000000000005,0.664,3.0,-0.001,23.176,0.0,-0.075,454.897,-0.35,-0.535
00:00:25.957,1572936089849,-0.165,0.0,5.305,0.664,3.0,-0.001,23.173,0.0,-0.075,455.283,-0.349,-0.535
00:00:26.012,1572936089904,-0.16399999999999998,0.0,5.305,0.664,3.0,-0.001,23.17,0.0,-0.07400000000000001,455.669,-0.348,-0.535
00:00:26.013,1572936089905,-0.16399999999999998,0.0,5.305,0.664,3.0,-0.001,23.16800000000001,0.0,-0.07400000000000001,456.055,-0.34700000000000003,-0.535
00:00:26.014,1572936089906,-0.16399999999999998,-0.001,5.305,0.664,3.0,-0.001,23.165,0.0,-0.07400000000000001,456.441,-0.34600000000000003,-0.535
00:00:26.055,1572936089947,-0.165,-0.001,5.305,0.664,3.0,-0.001,23.162,0.0,-0.07400000000000001,456.827,-0.345,-0.535
00:00:26.056,1572936089948,-0.166,-0.001,5.305,0.664,3.0,-0.001,23.159,0.0,-0.07400000000000001,457.213,-0.344,-0.535
00:00:26.057,1572936089949,-0.16699999999999998,-0.001,5.305,0.664,3.0,-0.001,23.157,0.0,-0.07400000000000001,457.599,-0.343,-0.535
00:00:26.106,1572936089998,-0.16699999999999998,-0.001,5.305,0.664,3.0,-0.001,23.154,0.0,-0.07400000000000001,457.985,-0.342,-0.535
00:00:26.107,1572936089999,-0.168,-0.001,5.305,0.664,3.0,-0.001,23.151,0.0,-0.073,458.371,-0.341,-0.535
00:00:26.108,1572936090000,-0.168,-0.002,5.305,0.664,3.0,-0.001,23.148000000000003,0.0,-0.073,458.757,-0.34,-0.535
00:00:26.159,1572936090051,-0.168,-0.002,5.305,0.664,3.0,-0.001,23.145,0.0,-0.073,459.143,-0.339,-0.535
00:00:26.160,1572936090052,-0.168,-0.003,5.305,0.664,3.0,-0.001,23.143,0.0,-0.073,459.528,-0.338,-0.535
00:00:26.161,1572936090053,-0.168,-0.003,5.305,0.664,3.0,-0.001,23.14,0.0,-0.073,459.914,-0.337,-0.535
00:00:26.207,1572936090099,-0.168,-0.003,5.305,0.664,3.0,0.0,23.138,0.0,-0.073,460.203,-0.336,-0.535
00:00:26.208,1572936090100,-0.168,-0.003,5.305,0.664,3.0,0.0,23.135,0.0,-0.073,460.589,-0.335,-0.535
00:00:26.209,1572936090101,-0.168,-0.003,5.305,0.664,3.0,0.0,23.132,0.0,-0.073,460.975,-0.334,-0.535
00:00:26.258,1572936090150,-0.168,-0.004,5.305,0.664,3.0,0.0,23.129,0.0,-0.073,461.36,-0.333,-0.535
00:00:26.259,1572936090151,-0.168,-0.004,5.305,0.664,3.0,0.0,23.126,0.0,-0.073,461.745,-0.332,-0.535
00:00:26.260,1572936090152,-0.168,-0.005,5.305,0.664,3.0,0.0,23.124,0.0,-0.073,462.131,-0.331,-0.535
00:00:26.308,1572936090200,-0.16699999999999998,-0.005,5.305,0.664,3.0,0.0,23.121,0.0,-0.073,462.516,-0.33,-0.535
00:00:26.309,1572936090201,-0.16699999999999998,-0.006,5.305,0.664,3.0,0.0,23.118,0.0,-0.073,462.902,-0.329,-0.535
00:00:26.310,1572936090202,-0.16699999999999998,-0.006,5.305,0.664,3.0,0.0,23.115,0.0,-0.073,463.287,-0.328,-0.535
00:00:26.358,1572936090250,-0.16699999999999998,-0.006999999999999999,5.305,0.664,3.0,0.0,23.113000000000003,0.0,-0.073,463.672,-0.327,-0.535
00:00:26.359,1572936090251,-0.16699999999999998,-0.006999999999999999,5.305,0.664,3.0,0.0,23.11,0.0,-0.073,464.057,-0.326,-0.535
00:00:26.360,1572936090252,-0.16699999999999998,-0.008,5.305,0.664,3.0,0.0,23.107,0.0,-0.073,464.442,-0.325,-0.535
00:00:26.408,1572936090300,-0.16699999999999998,-0.008,5.305,0.664,3.0,0.001,23.104,0.0,-0.07400000000000001,464.828,-0.324,-0.535
00:00:26.409,1572936090301,-0.16699999999999998,-0.009000000000000001,5.305,0.664,3.0,0.001,23.101,0.0,-0.07400000000000001,465.213,-0.32299999999999995,-0.535
00:00:26.410,1572936090302,-0.16699999999999998,-0.009000000000000001,5.305,0.664,3.0,0.001,23.099,0.0,-0.07400000000000001,465.598,-0.322,-0.535
00:00:26.459,1572936090351,-0.16699999999999998,-0.01,5.305,0.664,3.0,0.001,23.096,0.0,-0.07400000000000001,465.983,-0.321,-0.535
00:00:26.460,1572936090352,-0.16699999999999998,-0.011,5.305,0.664,3.0,0.001,23.093000000000004,0.001,-0.07400000000000001,466.367,-0.32,-0.535
00:00:26.461,1572936090353,-0.16699999999999998,-0.011,5.305,0.664,3.0,0.001,23.09,0.001,-0.07400000000000001,466.752,-0.319,-0.535
00:00:26.508,1572936090400,-0.16699999999999998,-0.012,5.305,0.664,3.0,0.001,23.087,0.001,-0.07400000000000001,467.137,-0.318,-0.535
00:00:26.509,1572936090401,-0.16699999999999998,-0.013,5.305,0.664,3.0,0.001,23.085,0.001,-0.07400000000000001,467.522,-0.317,-0.535
00:00:26.510,1572936090402,-0.16699999999999998,-0.013,5.305,0.664,3.0,0.001,23.082,0.001,-0.07400000000000001,467.907,-0.316,-0.535
00:00:26.559,1572936090451,-0.16699999999999998,-0.014,5.305,0.664,3.0,0.002,23.079,0.001,-0.07400000000000001,468.291,-0.315,-0.535
00:00:26.560,1572936090452,-0.16699999999999998,-0.015,5.305,0.664,3.0,0.002,23.076,0.001,-0.07400000000000001,468.676,-0.314,-0.535
00:00:26.561,1572936090453,-0.16699999999999998,-0.016,5.305,0.664,3.0,0.002,23.074,0.001,-0.07400000000000001,469.06,-0.313,-0.535
00:00:26.610,1572936090502,-0.16699999999999998,-0.016,5.305,0.664,3.0,0.002,23.071,0.001,-0.07400000000000001,469.445,-0.312,-0.535
00:00:26.611,1572936090503,-0.16699999999999998,-0.017,5.305,0.664,3.0,0.002,23.068,0.001,-0.07400000000000001,469.83,-0.311,-0.535
00:00:26.612,1572936090504,-0.16699999999999998,-0.018000000000000002,5.305,0.664,3.0,0.002,23.065,0.001,-0.07400000000000001,470.214,-0.31,-0.535
00:00:26.661,1572936090553,-0.166,-0.018000000000000002,5.305,0.664,3.0,0.002,23.062,0.001,-0.07400000000000001,470.598,-0.31,-0.535
00:00:26.662,1572936090554,-0.166,-0.019,5.305,0.664,3.0,0.003,23.06,0.001,-0.07400000000000001,470.983,-0.309,-0.535
00:00:26.663,1572936090555,-0.166,-0.019,5.305,0.664,3.0,0.003,23.057,0.001,-0.07400000000000001,471.367,-0.308,-0.535
00:00:26.711,1572936090603,-0.166,-0.02,5.305,0.664,3.0,0.003,23.054,0.001,-0.07400000000000001,471.751,-0.307,-0.535
00:00:26.712,1572936090604,-0.166,-0.02,5.305,0.664,3.0,0.003,23.051,0.001,-0.07400000000000001,472.135,-0.306,-0.535
00:00:26.713,1572936090605,-0.166,-0.02,5.305,0.664,3.0,0.003,23.048,0.001,-0.07400000000000001,472.544,-0.305,-0.535
00:00:26.761,1572936090653,-0.166,-0.02,5.305,0.664,3.0,0.004,23.046,0.001,-0.07400000000000001,472.904,-0.304,-0.535
00:00:26.762,1572936090654,-0.166,-0.021,5.305,0.664,3.0,0.004,23.04300000000001,0.002,-0.07400000000000001,473.288,-0.303,-0.535
00:00:26.763,1572936090655,-0.166,-0.021,5.305,0.664,3.0,0.004,23.04,0.002,-0.07400000000000001,473.672,-0.302,-0.535
00:00:26.811,1572936090703,-0.166,-0.021,5.305,0.664,3.0,0.004,23.038,0.002,-0.07400000000000001,474.056,-0.301,-0.535
00:00:26.812,1572936090704,-0.166,-0.021,5.305,0.664,3.0,0.004,23.035,0.002,-0.07400000000000001,474.44,-0.3,-0.535
00:00:26.813,1572936090705,-0.166,-0.021,5.305,0.664,3.0,0.004,23.032,0.002,-0.07400000000000001,474.848,-0.3,-0.535
00:00:26.861,1572936090753,-0.166,-0.022,5.305,0.664,3.0,0.005,23.029,0.002,-0.073,475.208,-0.299,-0.535
00:00:26.862,1572936090754,-0.166,-0.022,5.305,0.664,3.0,0.005,23.026,0.002,-0.073,475.591,-0.298,-0.535
00:00:26.863,1572936090755,-0.166,-0.023,5.305,0.664,3.0,0.005,23.024,0.002,-0.073,475.975,-0.297,-0.535
00:00:26.912,1572936090804,-0.166,-0.023,5.305,0.664,3.0,0.005,23.021,0.002,-0.073,476.359,-0.29600000000000004,-0.535
00:00:26.913,1572936090805,-0.166,-0.023,5.305,0.664,3.0,0.005,23.018,0.002,-0.073,476.742,-0.295,-0.535
00:00:26.918,1572936090810,-0.166,-0.023,5.305,0.664,3.0,0.005,23.016,0.002,-0.073,477.078,-0.295,-0.535
00:00:26.963,1572936090855,-0.166,-0.023,5.305,0.664,3.0,0.005,23.013,0.002,-0.073,477.462,-0.294,-0.535
00:00:26.964,1572936090856,-0.166,-0.023,5.305,0.664,3.0,0.006,23.01,0.002,-0.073,477.845,-0.293,-0.535
00:00:26.965,1572936090857,-0.166,-0.023,5.305,0.664,3.0,0.006,23.00800000000001,0.002,-0.073,478.229,-0.292,-0.535
00:00:27.013,1572936090905,-0.166,-0.023,5.305,0.664,3.0,0.006,23.005,0.002,-0.073,478.612,-0.29100000000000004,-0.535
00:00:27.014,1572936090906,-0.165,-0.023,5.305,0.664,3.0,0.006,23.002,0.002,-0.073,478.996,-0.29100000000000004,-0.535
00:00:27.015,1572936090907,-0.165,-0.023,5.305,0.664,3.0,0.006,22.999,0.002,-0.073,479.379,-0.29,-0.535
00:00:27.063,1572936090955,-0.165,-0.023,5.305,0.664,3.0,0.006,22.996,0.002,-0.073,479.762,-0.289,-0.535
00:00:27.064,1572936090956,-0.165,-0.023,5.305,0.664,3.0,0.006,22.994,0.002,-0.073,480.145,-0.28800000000000003,-0.535
00:00:27.065,1572936090957,-0.165,-0.022,5.305,0.664,3.0,0.006,22.991,0.002,-0.073,480.55300000000005,-0.287,-0.535
00:00:27.113,1572936091005,-0.165,-0.022,5.305,0.664,3.0,0.006,22.988000000000003,0.002,-0.073,480.912,-0.287,-0.535
00:00:27.114,1572936091006,-0.165,-0.022,5.305,0.664,3.0,0.006,22.985,0.002,-0.073,481.295,-0.28600000000000003,-0.535
00:00:27.115,1572936091007,-0.165,-0.022,5.305,0.664,3.0,0.006,22.983,0.002,-0.073,481.702,-0.285,-0.535
00:00:27.163,1572936091055,-0.165,-0.022,5.305,0.664,3.0,0.006999999999999999,22.98,0.002,-0.073,482.061,-0.284,-0.535
00:00:27.164,1572936091056,-0.165,-0.022,5.305,0.664,3.0,0.006999999999999999,22.977,0.002,-0.073,482.444,-0.284,-0.535
00:00:27.165,1572936091057,-0.165,-0.022,5.305,0.664,3.0,0.006999999999999999,22.974,0.002,-0.073,482.827,-0.28300000000000003,-0.535
00:00:27.214,1572936091106,-0.166,-0.022,5.305,1.128,3.0,0.006999999999999999,22.972,0.002,-0.073,483.21,-0.282,-0.535
00:00:27.215,1572936091107,-0.171,-0.023,5.305,1.128,3.0,0.006999999999999999,22.969,0.002,-0.073,483.593,-0.281,-0.535
00:00:27.216,1572936091108,-0.175,-0.023,5.305,1.128,3.0,0.006999999999999999,22.966,0.002,-0.073,483.975,-0.281,-0.535
00:00:27.264,1572936091156,-0.17600000000000002,-0.023,5.305,1.128,3.0,0.006999999999999999,22.963,0.002,-0.073,484.358,-0.28,-0.535
00:00:27.265,1572936091157,-0.177,-0.024,5.305,1.128,3.0,0.006999999999999999,22.96,0.002,-0.073,484.741,-0.279,-0.535
00:00:27.266,1572936091158,-0.177,-0.024,5.305,1.128,3.0,0.006999999999999999,22.957,0.002,-0.073,485.12300000000016,-0.279,-0.535
00:00:27.314,1572936091206,-0.17600000000000002,-0.024,5.305,0.664,3.0,0.006999999999999999,22.954,0.002,-0.073,485.506,-0.278,-0.535
00:00:27.315,1572936091207,-0.171,-0.025,5.305,0.664,3.0,0.006999999999999999,22.951,0.002,-0.073,485.889,-0.277,-0.535
00:00:27.316,1572936091208,-0.16699999999999998,-0.025,5.305,0.664,3.0,0.006999999999999999,22.949,0.002,-0.073,486.271,-0.277,-0.535
00:00:27.366,1572936091258,-0.165,-0.026,5.305,0.664,3.0,0.006999999999999999,22.946,0.001,-0.073,486.654,-0.276,-0.535
00:00:27.367,1572936091259,-0.165,-0.026,5.305,0.664,3.0,0.006999999999999999,22.943,0.001,-0.073,487.036,-0.275,-0.535
00:00:27.368,1572936091260,-0.16399999999999998,-0.027000000000000003,5.305,0.664,3.0,0.006999999999999999,22.94,0.001,-0.073,487.442,-0.275,-0.535
00:00:27.415,1572936091307,-0.16399999999999998,-0.027000000000000003,5.305,0.664,3.0,0.006999999999999999,22.938,0.001,-0.073,487.801,-0.274,-0.535
00:00:27.416,1572936091308,-0.16399999999999998,-0.028,5.305,0.664,3.0,0.008,22.935,0.001,-0.073,488.18300000000005,-0.273,-0.535
00:00:27.417,1572936091309,-0.16399999999999998,-0.028,5.305,0.664,3.0,0.008,22.932,0.002,-0.073,488.589,-0.273,-0.535
00:00:27.465,1572936091357,-0.16399999999999998,-0.028,5.305,0.664,3.0,0.008,22.929,0.002,-0.073,488.947,-0.272,-0.535
00:00:27.466,1572936091358,-0.16399999999999998,-0.028,5.305,0.664,3.0,0.008,22.928,0.002,-0.073,489.162,-0.272,-0.535
00:00:27.467,1572936091359,-0.16399999999999998,-0.028,5.305,0.664,3.0,0.008,22.925,0.002,-0.073,489.568,-0.271,-0.535
00:00:27.515,1572936091407,-0.16399999999999998,-0.028,5.305,0.664,3.0,0.008,22.922,0.002,-0.073,489.926,-0.27,-0.535
00:00:27.516,1572936091408,-0.16399999999999998,-0.028,5.305,0.664,3.0,0.008,22.92,0.002,-0.073,490.30800000000005,-0.27,-0.535
00:00:27.517,1572936091409,-0.16399999999999998,-0.029,5.305,0.664,3.0,0.008,22.917,0.002,-0.073,490.69,-0.269,-0.535
00:00:27.565,1572936091457,-0.16399999999999998,-0.029,5.305,0.664,3.0,0.008,22.914,0.002,-0.073,491.072,-0.269,-0.535
00:00:27.566,1572936091458,-0.16399999999999998,-0.029,5.305,0.664,3.0,0.008,22.911,0.002,-0.073,491.454,-0.268,-0.535
00:00:27.567,1572936091459,-0.16399999999999998,-0.028,5.305,0.664,3.0,0.009000000000000001,22.909,0.002,-0.073,491.836,-0.268,-0.535
00:00:27.615,1572936091507,-0.16399999999999998,-0.028,5.305,1.128,3.0,0.009000000000000001,22.906,0.002,-0.073,492.218,-0.267,-0.535
00:00:27.616,1572936091508,-0.16699999999999998,-0.028,5.305,1.128,3.0,0.009000000000000001,22.903,0.002,-0.073,492.6,-0.266,-0.535
00:00:27.617,1572936091509,-0.172,-0.028,5.305,1.128,3.0,0.009000000000000001,22.9,0.002,-0.073,492.981,-0.266,-0.535
00:00:27.666,1572936091558,-0.175,-0.028,5.305,1.128,3.0,0.009000000000000001,22.897,0.003,-0.073,493.36300000000006,-0.265,-0.535
00:00:27.667,1572936091559,-0.17600000000000002,-0.027000000000000003,5.305,1.128,3.0,0.009000000000000001,22.894,0.003,-0.073,493.745,-0.265,-0.535
00:00:27.668,1572936091560,-0.17600000000000002,-0.026,5.305,1.128,3.0,0.009000000000000001,22.891,0.003,-0.073,494.126,-0.264,-0.535
00:00:27.717,1572936091609,-0.17600000000000002,-0.026,5.305,0.664,3.0,0.009000000000000001,22.888,0.003,-0.073,494.508,-0.264,-0.535
00:00:27.718,1572936091610,-0.172,-0.025,5.305,0.664,3.0,0.009000000000000001,22.886,0.003,-0.073,494.889,-0.263,-0.535
00:00:27.719,1572936091611,-0.16699999999999998,-0.023,5.305,0.664,3.0,0.009000000000000001,22.88300000000001,0.003,-0.073,495.294,-0.263,-0.535
00:00:27.720,1572936091612,-0.165,-0.023,5.305,0.664,3.0,0.009000000000000001,22.88,0.003,-0.073,495.652,-0.262,-0.535
00:00:27.768,1572936091660,-0.16399999999999998,-0.022,5.305,0.664,3.0,0.009000000000000001,22.877,0.003,-0.073,496.033,-0.262,-0.535
00:00:27.769,1572936091661,-0.163,-0.021,5.305,0.664,3.0,0.009000000000000001,22.875,0.003,-0.073,496.43800000000016,-0.261,-0.535
00:00:27.770,1572936091662,-0.163,-0.02,5.305,0.664,3.0,0.009000000000000001,22.872,0.003,-0.073,496.796,-0.261,-0.535
00:00:27.818,1572936091710,-0.163,-0.019,5.305,0.664,3.0,0.009000000000000001,22.869,0.003,-0.073,497.177,-0.26,-0.535
00:00:27.819,1572936091711,-0.163,-0.019,5.305,0.664,3.0,0.009000000000000001,22.866,0.003,-0.073,497.582,-0.26,-0.535
00:00:27.820,1572936091712,-0.163,-0.018000000000000002,5.305,0.664,3.0,0.009000000000000001,22.864,0.002,-0.073,497.939,-0.259,-0.535
00:00:27.868,1572936091760,-0.163,-0.018000000000000002,5.305,0.664,3.0,0.009000000000000001,22.861,0.002,-0.073,498.32,-0.259,-0.535
00:00:27.869,1572936091761,-0.163,-0.017,5.305,0.664,3.0,0.009000000000000001,22.858,0.002,-0.073,498.701,-0.259,-0.535
00:00:27.870,1572936091762,-0.163,-0.016,5.305,0.664,3.0,0.009000000000000001,22.856,0.002,-0.073,499.082,-0.258,-0.535
00:00:27.918,1572936091810,-0.163,-0.016,5.305,0.664,3.0,0.008,22.853,0.002,-0.073,499.463,-0.258,-0.535
00:00:27.919,1572936091811,-0.163,-0.015,5.305,0.664,3.0,0.008,22.85,0.002,-0.073,499.844,-0.257,-0.535
00:00:27.920,1572936091812,-0.163,-0.014,5.305,0.664,3.0,0.008,22.84800000000001,0.002,-0.073,500.225,-0.257,-0.535
00:00:27.968,1572936091860,-0.163,-0.014,5.305,0.664,3.0,0.008,22.845,0.002,-0.073,500.605,-0.256,-0.535
00:00:27.969,1572936091861,-0.163,-0.013,5.305,0.664,3.0,0.008,22.842,0.002,-0.07200000000000001,500.986,-0.256,-0.535
00:00:27.970,1572936091862,-0.163,-0.013,5.305,0.664,3.0,0.008,22.839,0.001,-0.07200000000000001,501.367,-0.256,-0.535
00:00:28.019,1572936091911,-0.163,-0.012,5.305,0.664,3.0,0.008,22.837,0.001,-0.07200000000000001,501.747,-0.255,-0.535
00:00:28.020,1572936091912,-0.163,-0.012,5.305,0.664,3.0,0.008,22.834,0.001,-0.07200000000000001,502.128,-0.255,-0.535
00:00:28.021,1572936091913,-0.163,-0.012,5.305,0.664,3.0,0.008,22.831,0.001,-0.07200000000000001,502.509,-0.254,-0.535
00:00:28.070,1572936091962,-0.163,-0.011,5.305,0.664,3.0,0.006999999999999999,22.829,0.001,-0.07200000000000001,502.889,-0.254,-0.535
00:00:28.071,1572936091963,-0.163,-0.011,5.305,0.664,3.0,0.006999999999999999,22.826,0.001,-0.07200000000000001,503.293,-0.253,-0.535
00:00:28.072,1572936091964,-0.162,-0.011,5.305,0.664,3.0,0.006999999999999999,22.823,0.001,-0.07200000000000001,503.65,-0.253,-0.535
00:00:28.121,1572936092013,-0.162,-0.01,5.305,0.664,3.0,0.006999999999999999,22.821,0.001,-0.07200000000000001,504.03,-0.253,-0.535
00:00:28.122,1572936092014,-0.162,-0.01,5.305,0.664,3.0,0.006999999999999999,22.818,0.001,-0.07200000000000001,504.434,-0.252,-0.535
00:00:28.123,1572936092015,-0.162,-0.01,5.305,0.664,3.0,0.006999999999999999,22.815,0.001,-0.07200000000000001,504.791,-0.252,-0.535
00:00:28.171,1572936092063,-0.162,-0.01,5.305,0.664,3.0,0.006999999999999999,22.812,0.001,-0.07200000000000001,505.171,-0.252,-0.535
00:00:28.172,1572936092064,-0.162,-0.01,5.305,0.664,3.0,0.006999999999999999,22.81,0.001,-0.07200000000000001,505.551,-0.251,-0.535
00:00:28.173,1572936092065,-0.162,-0.01,5.305,0.664,3.0,0.006,22.807,0.001,-0.07200000000000001,505.931,-0.251,-0.535
00:00:28.221,1572936092113,-0.162,-0.01,5.305,0.664,3.0,0.006,22.804,0.001,-0.07200000000000001,506.312,-0.25,-0.535
00:00:28.222,1572936092114,-0.162,-0.01,5.305,0.664,3.0,0.006,22.802,0.001,-0.07200000000000001,506.692,-0.25,-0.535
00:00:28.223,1572936092115,-0.162,-0.01,5.305,0.664,3.0,0.006,22.799,0.001,-0.07200000000000001,507.072,-0.25,-0.535
00:00:28.279,1572936092171,-0.162,-0.01,5.305,0.664,3.0,0.006,22.796,0.001,-0.07200000000000001,507.452,-0.249,-0.535
00:00:28.280,1572936092172,-0.162,-0.011,5.305,0.664,3.0,0.006,22.794,0.001,-0.07200000000000001,507.831,-0.249,-0.535
00:00:28.281,1572936092173,-0.162,-0.011,5.085,0.664,3.0,0.006,22.791,0.001,-0.07200000000000001,508.211,-0.249,-0.535
00:00:28.321,1572936092213,-0.162,-0.011,5.085,0.664,3.0,0.006,22.788,0.001,-0.07200000000000001,508.591,-0.248,-0.535
00:00:28.322,1572936092214,-0.162,-0.011,5.085,0.664,3.0,0.006,22.785,0.001,-0.07200000000000001,508.971,-0.248,-0.535
00:00:28.323,1572936092215,-0.163,-0.011,5.085,0.664,3.0,0.006,22.783,0.001,-0.07200000000000001,509.351,-0.247,-0.535
00:00:28.371,1572936092263,-0.16399999999999998,-0.012,5.085,0.664,3.0,0.006,22.78,0.001,-0.07200000000000001,509.73,-0.247,-0.535
00:00:28.372,1572936092264,-0.166,-0.013,5.085,0.664,3.0,0.006,22.777,0.001,-0.07200000000000001,510.134,-0.247,-0.535
00:00:28.373,1572936092265,-0.16699999999999998,-0.014,5.085,0.664,3.0,0.006,22.774,0.001,-0.07200000000000001,510.49,-0.246,-0.535
00:00:28.422,1572936092314,-0.168,-0.014,5.085,0.664,3.0,0.006,22.772,0.001,-0.07200000000000001,510.869,-0.246,-0.535
00:00:28.423,1572936092315,-0.168,-0.015,5.085,0.664,3.0,0.006,22.769,0.001,-0.07200000000000001,511.272,-0.246,-0.535
00:00:28.424,1572936092316,-0.16899999999999998,-0.016,5.085,0.664,3.0,0.006,22.766,0.001,-0.07200000000000001,511.628,-0.245,-0.535
00:00:28.473,1572936092365,-0.16899999999999998,-0.017,5.085,0.664,3.0,0.006,22.763,0.001,-0.07200000000000001,512.008,-0.245,-0.535
00:00:28.474,1572936092366,-0.16899999999999998,-0.017,5.085,0.664,3.0,0.006,22.76,0.001,-0.07200000000000001,512.411,-0.245,-0.535
00:00:28.475,1572936092367,-0.168,-0.018000000000000002,5.305,0.664,3.0,0.006,22.757,0.001,-0.07200000000000001,512.766,-0.244,-0.535
00:00:28.523,1572936092415,-0.168,-0.018000000000000002,5.305,0.664,3.0,0.006,22.755,0.001,-0.07200000000000001,513.145,-0.244,-0.535
00:00:28.524,1572936092416,-0.168,-0.019,5.305,0.664,3.0,0.006,22.752,0.001,-0.07200000000000001,513.525,-0.244,-0.535
00:00:28.525,1572936092417,-0.16699999999999998,-0.019,5.305,0.664,3.0,0.006,22.749,0.001,-0.07200000000000001,513.904,-0.243,-0.535
00:00:28.573,1572936092465,-0.165,-0.019,5.305,0.664,3.0,0.006,22.746,0.001,-0.07200000000000001,514.283,-0.243,-0.535
00:00:28.574,1572936092466,-0.16399999999999998,-0.019,5.305,0.664,3.0,0.006,22.744,0.001,-0.073,514.6619999999998,-0.243,-0.535
00:00:28.575,1572936092467,-0.162,-0.02,5.085,1.128,3.0,0.006,22.741,0.001,-0.073,515.0409999999998,-0.243,-0.535
00:00:28.623,1572936092515,-0.165,-0.02,5.085,1.128,3.0,0.006,22.738000000000003,0.001,-0.073,515.42,-0.242,-0.535
00:00:28.624,1572936092516,-0.16899999999999998,-0.021,5.085,1.128,3.0,0.006,22.735,0.001,-0.073,515.799,-0.242,-0.535
00:00:28.625,1572936092517,-0.173,-0.021,5.085,1.128,3.0,0.006,22.732,0.001,-0.073,516.178,-0.242,-0.535
00:00:28.679,1572936092571,-0.175,-0.021,5.085,1.128,3.0,0.006,22.729,0.001,-0.073,516.557,-0.241,-0.535
00:00:28.680,1572936092572,-0.177,-0.022,5.085,1.128,3.0,0.006,22.726,0.002,-0.073,516.936,-0.241,-0.535
00:00:28.681,1572936092573,-0.17800000000000002,-0.022,5.085,0.664,3.0,0.006,22.724,0.002,-0.073,517.314,-0.241,-0.535
00:00:28.723,1572936092615,-0.17600000000000002,-0.022,5.085,0.664,3.0,0.006,22.721,0.002,-0.073,517.693,-0.241,-0.535
00:00:28.724,1572936092616,-0.171,-0.022,5.085,0.664,3.0,0.006,22.718000000000004,0.002,-0.073,518.095,-0.24,-0.535
00:00:28.725,1572936092617,-0.16899999999999998,-0.022,5.085,0.664,3.0,0.006,22.715,0.002,-0.073,518.45,-0.24,-0.535
00:00:28.773,1572936092665,-0.168,-0.022,5.085,0.664,3.0,0.006999999999999999,22.712,0.002,-0.073,518.8290000000002,-0.24,-0.535
00:00:28.774,1572936092666,-0.168,-0.023,5.085,0.664,3.0,0.006999999999999999,22.709,0.002,-0.073,519.231,-0.24,-0.535
00:00:28.775,1572936092667,-0.168,-0.023,5.085,0.664,3.0,0.006999999999999999,22.707,0.002,-0.073,519.586,-0.24,-0.535
00:00:28.826,1572936092718,-0.168,-0.023,5.085,0.664,3.0,0.006999999999999999,22.704,0.002,-0.073,519.964,-0.239,-0.535
00:00:28.827,1572936092719,-0.16699999999999998,-0.024,5.085,0.664,3.0,0.006999999999999999,22.701,0.002,-0.073,520.3430000000002,-0.239,-0.535
00:00:28.828,1572936092720,-0.16699999999999998,-0.024,5.085,0.664,3.0,0.006999999999999999,22.698,0.002,-0.073,520.745,-0.239,-0.535
00:00:28.875,1572936092767,-0.16699999999999998,-0.025,5.085,0.664,3.0,0.006999999999999999,22.695,0.002,-0.073,521.123,-0.239,-0.535
00:00:28.876,1572936092768,-0.16699999999999998,-0.025,5.085,0.664,3.0,0.006999999999999999,22.693,0.002,-0.073,521.4780000000002,-0.239,-0.535
00:00:28.877,1572936092769,-0.16699999999999998,-0.025,5.085,0.664,3.0,0.006999999999999999,22.69,0.002,-0.073,521.856,-0.238,-0.535
00:00:28.928,1572936092820,-0.16699999999999998,-0.025,5.085,0.664,3.0,0.006999999999999999,22.687,0.002,-0.073,522.234,-0.238,-0.535
00:00:28.929,1572936092821,-0.16699999999999998,-0.025,5.085,0.664,3.0,0.006999999999999999,22.684,0.002,-0.073,522.612,-0.238,-0.535
00:00:28.930,1572936092822,-0.16699999999999998,-0.025,5.085,0.664,3.0,0.006999999999999999,22.681,0.002,-0.073,523.014,-0.238,-0.535
00:00:28.975,1572936092867,-0.16699999999999998,-0.025,5.085,0.664,3.0,0.006999999999999999,22.679,0.002,-0.073,523.368,-0.238,-0.535
00:00:28.976,1572936092868,-0.16699999999999998,-0.025,5.085,0.664,3.0,0.006999999999999999,22.676,0.002,-0.073,523.77,-0.238,-0.535
00:00:28.977,1572936092869,-0.16699999999999998,-0.025,5.085,0.664,3.0,0.008,22.673,0.002,-0.073,524.124,-0.238,-0.535
00:00:29.025,1572936092917,-0.16699999999999998,-0.025,5.085,0.664,3.0,0.008,22.67,0.002,-0.073,524.525,-0.237,-0.535
00:00:29.026,1572936092918,-0.16699999999999998,-0.025,5.085,0.664,3.0,0.008,22.66800000000001,0.002,-0.073,524.903,-0.237,-0.535
00:00:29.027,1572936092919,-0.16699999999999998,-0.025,5.085,0.664,3.0,0.008,22.665,0.002,-0.073,525.257,-0.237,-0.535
00:00:29.075,1572936092967,-0.16699999999999998,-0.025,5.085,0.664,3.0,0.008,22.662,0.002,-0.073,525.635,-0.237,-0.535
00:00:29.076,1572936092968,-0.16699999999999998,-0.024,5.085,0.664,3.0,0.008,22.659,0.002,-0.07200000000000001,526.036,-0.237,-0.535
00:00:29.077,1572936092969,-0.166,-0.024,5.085,0.664,3.0,0.008,22.657,0.002,-0.07200000000000001,526.39,-0.237,-0.535
00:00:29.126,1572936093018,-0.166,-0.023,5.085,0.664,3.0,0.008,22.654,0.002,-0.07200000000000001,526.768,-0.237,-0.535
00:00:29.127,1572936093019,-0.166,-0.022,5.085,0.664,3.0,0.008,22.651,0.002,-0.07200000000000001,527.146,-0.237,-0.535
00:00:29.128,1572936093020,-0.166,-0.022,5.085,0.664,3.0,0.008,22.648000000000003,0.002,-0.07200000000000001,527.523,-0.237,-0.535
00:00:29.177,1572936093069,-0.166,-0.021,5.085,0.664,3.0,0.008,22.646,0.002,-0.07200000000000001,527.901,-0.237,-0.535
00:00:29.178,1572936093070,-0.166,-0.02,5.085,0.664,3.0,0.008,22.643,0.002,-0.07200000000000001,528.278,-0.237,-0.535
00:00:29.179,1572936093071,-0.166,-0.019,5.085,0.664,3.0,0.008,22.64,0.002,-0.07200000000000001,528.655,-0.236,-0.535
00:00:29.227,1572936093119,-0.166,-0.019,5.085,0.664,3.0,0.008,22.637,0.002,-0.07200000000000001,529.033,-0.236,-0.535
00:00:29.228,1572936093120,-0.166,-0.018000000000000002,5.085,0.664,3.0,0.008,22.634,0.002,-0.07200000000000001,529.41,-0.236,-0.535
00:00:29.229,1572936093121,-0.166,-0.018000000000000002,5.085,0.664,3.0,0.008,22.632,0.002,-0.07200000000000001,529.7869999999998,-0.236,-0.535
00:00:29.278,1572936093170,-0.166,-0.018000000000000002,5.085,0.664,3.0,0.008,22.629,0.002,-0.07200000000000001,530.164,-0.236,-0.535
00:00:29.279,1572936093171,-0.166,-0.018000000000000002,5.085,0.664,3.0,0.008,22.626,0.002,-0.07200000000000001,530.5409999999998,-0.236,-0.535
00:00:29.280,1572936093172,-0.166,-0.017,5.305,0.664,3.0,0.008,22.623,0.002,-0.07200000000000001,530.942,-0.236,-0.535
00:00:29.328,1572936093220,-0.166,-0.017,5.305,0.664,3.0,0.008,22.621,0.002,-0.07200000000000001,531.295,-0.236,-0.535
00:00:29.329,1572936093221,-0.165,-0.017,5.305,0.664,3.0,0.008,22.618,0.002,-0.07200000000000001,531.672,-0.236,-0.535
00:00:29.330,1572936093222,-0.16399999999999998,-0.017,5.305,0.664,3.0,0.008,22.615,0.002,-0.07200000000000001,532.049,-0.236,-0.535
00:00:29.378,1572936093270,-0.163,-0.017,5.305,0.664,3.0,0.008,22.613000000000003,0.002,-0.07200000000000001,532.4259999999998,-0.236,-0.535
00:00:29.379,1572936093271,-0.161,-0.017,5.305,0.664,3.0,0.008,22.61,0.002,-0.07200000000000001,532.827,-0.236,-0.535
00:00:29.380,1572936093272,-0.16,-0.016,5.305,0.664,3.0,0.008,22.607,0.001,-0.07200000000000001,533.18,-0.236,-0.535
00:00:29.428,1572936093320,-0.159,-0.016,5.305,0.664,3.0,0.008,22.605,0.001,-0.07200000000000001,533.557,-0.236,-0.535
00:00:29.429,1572936093321,-0.158,-0.015,5.305,0.664,3.0,0.006999999999999999,22.602,0.001,-0.07200000000000001,533.957,-0.236,-0.535
00:00:29.430,1572936093322,-0.158,-0.015,5.305,0.664,3.0,0.006999999999999999,22.599,0.001,-0.07200000000000001,534.31,-0.236,-0.535
00:00:29.478,1572936093370,-0.158,-0.015,5.305,0.664,3.0,0.006999999999999999,22.597,0.001,-0.07200000000000001,534.687,-0.236,-0.535
00:00:29.479,1572936093371,-0.158,-0.014,5.305,0.664,3.0,0.006999999999999999,22.594,0.001,-0.071,535.04,-0.236,-0.535
00:00:29.480,1572936093372,-0.158,-0.014,5.305,0.664,3.0,0.006999999999999999,22.591,0.001,-0.071,535.44,-0.236,-0.535
00:00:29.528,1572936093420,-0.158,-0.014,5.305,0.664,3.0,0.006999999999999999,22.589,0.001,-0.071,535.816,-0.236,-0.535
00:00:29.529,1572936093421,-0.158,-0.014,5.305,0.664,3.0,0.006999999999999999,22.586,0.001,-0.071,536.169,-0.236,-0.535
00:00:29.530,1572936093422,-0.158,-0.014,5.305,0.664,3.0,0.006999999999999999,22.584,0.001,-0.071,536.5459999999998,-0.236,-0.535
00:00:29.579,1572936093471,-0.158,-0.014,5.305,0.664,3.0,0.006999999999999999,22.581,0.001,-0.071,536.922,-0.236,-0.535
00:00:29.580,1572936093472,-0.158,-0.015,5.305,0.664,3.0,0.006999999999999999,22.57800000000001,0.001,-0.071,537.298,-0.236,-0.535
00:00:29.581,1572936093473,-0.158,-0.015,5.305,0.664,3.0,0.006999999999999999,22.576,0.001,-0.071,537.675,-0.237,-0.535
00:00:29.630,1572936093522,-0.158,-0.015,5.305,0.664,3.0,0.006999999999999999,22.573,0.001,-0.071,538.0509999999998,-0.237,-0.535
00:00:29.631,1572936093523,-0.158,-0.015,5.305,0.664,3.0,0.006999999999999999,22.57,0.001,-0.071,538.427,-0.237,-0.535
00:00:29.632,1572936093524,-0.158,-0.015,5.305,0.664,3.0,0.006999999999999999,22.568,0.001,-0.071,538.803,-0.237,-0.535
00:00:29.680,1572936093572,-0.158,-0.015,5.305,0.664,3.0,0.006999999999999999,22.565,0.001,-0.071,539.203,-0.237,-0.535
00:00:29.681,1572936093573,-0.158,-0.015,5.305,0.664,3.0,0.006999999999999999,22.562,0.001,-0.071,539.5790000000002,-0.237,-0.535
00:00:29.682,1572936093574,-0.158,-0.016,5.305,0.664,3.0,0.006999999999999999,22.56,0.001,-0.071,539.955,-0.237,-0.535
00:00:29.730,1572936093622,-0.158,-0.016,5.305,0.664,3.0,0.006999999999999999,22.557,0.001,-0.071,540.331,-0.237,-0.535
00:00:29.731,1572936093623,-0.158,-0.017,5.305,0.664,3.0,0.006999999999999999,22.555,0.001,-0.071,540.707,-0.237,-0.535
00:00:29.732,1572936093624,-0.158,-0.017,5.305,0.664,3.0,0.006999999999999999,22.552,0.001,-0.071,541.059,-0.237,-0.535
00:00:29.780,1572936093672,-0.158,-0.018000000000000002,5.305,0.664,3.0,0.006999999999999999,22.549,0.001,-0.071,541.4590000000002,-0.237,-0.535
00:00:29.781,1572936093673,-0.158,-0.019,5.305,0.664,3.0,0.006999999999999999,22.547,0.001,-0.071,541.8340000000002,-0.237,-0.535
00:00:29.782,1572936093674,-0.158,-0.02,5.305,1.128,3.0,0.006,22.544,0.001,-0.071,542.21,-0.237,-0.535
00:00:29.831,1572936093723,-0.161,-0.02,5.305,1.128,3.0,0.006,22.541,0.001,-0.071,542.562,-0.238,-0.535
00:00:29.832,1572936093724,-0.165,-0.021,5.305,1.128,3.0,0.006999999999999999,22.539,0.001,-0.071,542.938,-0.238,-0.535
00:00:29.833,1572936093725,-0.168,-0.022,5.305,1.128,3.0,0.006999999999999999,22.536,0.001,-0.071,543.314,-0.238,-0.535
00:00:29.881,1572936093773,-0.16899999999999998,-0.023,5.305,1.128,3.0,0.006999999999999999,22.533,0.001,-0.071,543.7130000000002,-0.238,-0.535
00:00:29.882,1572936093774,-0.17,-0.024,5.305,1.128,3.0,0.006999999999999999,22.53,0.001,-0.071,544.065,-0.238,-0.535
00:00:29.883,1572936093775,-0.17,-0.024,5.305,0.664,3.0,0.006999999999999999,22.527,0.001,-0.071,544.464,-0.238,-0.535
00:00:29.931,1572936093823,-0.166,-0.025,5.305,0.664,3.0,0.006999999999999999,22.525,0.001,-0.071,544.816,-0.238,-0.535
00:00:29.932,1572936093824,-0.162,-0.025,5.305,0.664,3.0,0.006999999999999999,22.522,0.001,-0.071,545.191,-0.239,-0.535
00:00:29.933,1572936093825,-0.159,-0.026,5.305,0.664,3.0,0.006999999999999999,22.519,0.001,-0.071,545.566,-0.239,-0.535
00:00:29.982,1572936093874,-0.158,-0.027000000000000003,5.305,0.664,3.0,0.006999999999999999,22.517,0.001,-0.071,545.965,-0.239,-0.535
00:00:29.983,1572936093875,-0.157,-0.027000000000000003,5.305,0.664,3.0,0.006999999999999999,22.514,0.001,-0.071,546.317,-0.239,-0.535
00:00:29.984,1572936093876,-0.157,-0.028,5.305,0.664,3.0,0.006999999999999999,22.511,0.001,-0.071,546.716,-0.239,-0.535
00:00:30.032,1572936093924,-0.157,-0.028,5.305,0.664,3.0,0.006999999999999999,22.509,0.001,-0.071,547.067,-0.239,-0.535
00:00:30.033,1572936093925,-0.157,-0.028,5.305,0.664,3.0,0.008,22.506,0.002,-0.071,547.466,-0.24,-0.535
00:00:30.034,1572936093926,-0.157,-0.029,5.305,0.664,3.0,0.008,22.503,0.002,-0.071,547.841,-0.24,-0.535
00:00:30.082,1572936093974,-0.157,-0.029,5.305,0.664,3.0,0.008,22.501,0.002,-0.071,548.193,-0.24,-0.535
00:00:30.083,1572936093975,-0.157,-0.029,5.305,0.664,3.0,0.008,22.498,0.002,-0.071,548.615,-0.24,-0.535
00:00:30.084,1572936093976,-0.157,-0.03,5.305,0.664,3.0,0.008,22.496,0.002,-0.071,548.966,-0.241,-0.535
00:00:30.133,1572936094025,-0.157,-0.03,5.305,0.664,3.0,0.008,22.493,0.002,-0.071,549.318,-0.241,-0.535
00:00:30.134,1572936094026,-0.157,-0.03,5.305,0.664,3.0,0.008,22.491,0.002,-0.071,549.692,-0.241,-0.535
00:00:30.135,1572936094027,-0.157,-0.031,5.305,0.664,3.0,0.008,22.488000000000003,0.002,-0.071,550.091,-0.241,-0.535
00:00:30.136,1572936094028,-0.157,-0.031,5.305,0.664,3.0,0.008,22.485,0.002,-0.071,550.465,-0.242,-0.535
00:00:30.184,1572936094076,-0.157,-0.031,5.305,0.664,3.0,0.009000000000000001,22.483,0.002,-0.071,550.84,-0.242,-0.535
00:00:30.185,1572936094077,-0.157,-0.031,5.305,0.664,3.0,0.009000000000000001,22.48,0.002,-0.071,551.215,-0.242,-0.535
00:00:30.186,1572936094078,-0.156,-0.031,5.305,0.664,3.0,0.009000000000000001,22.477,0.002,-0.071,551.589,-0.242,-0.535
00:00:30.234,1572936094126,-0.156,-0.031,5.305,0.664,3.0,0.009000000000000001,22.475,0.002,-0.071,551.964,-0.243,-0.535
00:00:30.235,1572936094127,-0.156,-0.032,5.305,0.664,3.0,0.009000000000000001,22.472,0.002,-0.071,552.339,-0.243,-0.535
00:00:30.236,1572936094128,-0.156,-0.031,5.305,0.664,3.0,0.009000000000000001,22.47,0.002,-0.071,552.7130000000002,-0.243,-0.535
00:00:30.285,1572936094177,-0.156,-0.031,5.305,0.664,3.0,0.009000000000000001,22.467,0.003,-0.071,553.0880000000002,-0.244,-0.535
00:00:30.286,1572936094178,-0.156,-0.031,5.305,0.664,3.0,0.009000000000000001,22.465,0.003,-0.071,553.439,-0.244,-0.535
00:00:30.287,1572936094179,-0.156,-0.03,5.305,0.664,3.0,0.009000000000000001,22.462,0.003,-0.07,553.836,-0.244,-0.535
00:00:30.336,1572936094228,-0.156,-0.029,5.305,0.664,3.0,0.009000000000000001,22.459,0.003,-0.07,554.211,-0.245,-0.535
00:00:30.337,1572936094229,-0.156,-0.029,5.305,0.664,3.0,0.009000000000000001,22.457,0.003,-0.07,554.585,-0.245,-0.535
00:00:30.338,1572936094230,-0.156,-0.028,5.305,0.664,3.0,0.01,22.454,0.003,-0.07,554.9590000000002,-0.245,-0.535
00:00:30.387,1572936094279,-0.156,-0.027000000000000003,5.305,0.664,3.0,0.01,22.451,0.003,-0.07,555.3340000000002,-0.246,-0.535
00:00:30.388,1572936094280,-0.156,-0.027000000000000003,5.305,0.664,3.0,0.01,22.449,0.003,-0.07,555.7080000000002,-0.246,-0.535
00:00:30.389,1572936094281,-0.156,-0.027000000000000003,5.305,0.664,3.0,0.01,22.446,0.003,-0.07,556.082,-0.247,-0.535
00:00:30.437,1572936094329,-0.156,-0.027000000000000003,5.305,0.664,3.0,0.01,22.443,0.003,-0.07,556.479,-0.247,-0.535
00:00:30.438,1572936094330,-0.156,-0.026,5.305,0.664,3.0,0.01,22.441,0.002,-0.07,556.83,-0.247,-0.535
00:00:30.439,1572936094331,-0.156,-0.026,5.305,0.664,3.0,0.01,22.438,0.002,-0.07,557.2040000000002,-0.248,-0.535
00:00:30.487,1572936094379,-0.156,-0.026,5.305,0.664,3.0,0.01,22.436,0.002,-0.07,557.578,-0.248,-0.535
00:00:30.488,1572936094380,-0.156,-0.025,5.305,0.664,3.0,0.01,22.433000000000003,0.002,-0.07,557.952,-0.249,-0.535
00:00:30.489,1572936094381,-0.156,-0.025,5.305,0.664,3.0,0.01,22.431,0.002,-0.07,558.326,-0.249,-0.535
00:00:30.537,1572936094429,-0.156,-0.025,5.305,0.664,3.0,0.01,22.428,0.002,-0.07,558.6759999999998,-0.25,-0.535
00:00:30.538,1572936094430,-0.156,-0.024,5.305,0.664,3.0,0.01,22.425,0.002,-0.07,559.073,-0.25,-0.535
00:00:30.539,1572936094431,-0.156,-0.024,5.305,0.664,3.0,0.01,22.423,0.002,-0.07,559.447,-0.25,-0.535
00:00:30.588,1572936094480,-0.156,-0.023,5.305,0.664,3.0,0.01,22.42,0.002,-0.07,559.821,-0.251,-0.535
00:00:30.589,1572936094481,-0.155,-0.023,5.305,0.664,3.0,0.01,22.41800000000001,0.002,-0.07,560.194,-0.251,-0.535
00:00:30.590,1572936094482,-0.155,-0.022,5.305,0.664,3.0,0.009000000000000001,22.415,0.002,-0.07,560.568,-0.252,-0.535
00:00:30.641,1572936094533,-0.155,-0.022,5.305,0.664,3.0,0.009000000000000001,22.412,0.002,-0.07,560.942,-0.252,-0.535
00:00:30.642,1572936094534,-0.155,-0.021,5.305,0.664,3.0,0.009000000000000001,22.41,0.002,-0.07,561.315,-0.253,-0.535
00:00:30.643,1572936094535,-0.155,-0.02,5.305,0.664,3.0,0.009000000000000001,22.407,0.002,-0.07,561.689,-0.253,-0.535
00:00:30.689,1572936094581,-0.155,-0.02,5.305,0.664,3.0,0.009000000000000001,22.405,0.002,-0.07,562.062,-0.254,-0.535
00:00:30.690,1572936094582,-0.155,-0.019,5.305,0.664,3.0,0.009000000000000001,22.402,0.002,-0.07,562.435,-0.254,-0.535
00:00:30.691,1572936094583,-0.155,-0.019,5.305,0.664,3.0,0.009000000000000001,22.4,0.002,-0.07,562.809,-0.255,-0.535
00:00:30.740,1572936094632,-0.155,-0.018000000000000002,5.305,0.664,3.0,0.009000000000000001,22.397,0.002,-0.07,563.182,-0.255,-0.535
00:00:30.741,1572936094633,-0.155,-0.018000000000000002,5.305,0.664,3.0,0.009000000000000001,22.394,0.002,-0.07,563.555,-0.256,-0.535
00:00:30.742,1572936094634,-0.155,-0.017,5.305,0.664,3.0,0.009000000000000001,22.392,0.002,-0.07,563.929,-0.256,-0.535
00:00:30.791,1572936094683,-0.155,-0.017,5.305,0.664,3.0,0.009000000000000001,22.389,0.002,-0.07,564.278,-0.257,-0.535
00:00:30.792,1572936094684,-0.155,-0.016,5.305,0.664,3.0,0.009000000000000001,22.387,0.002,-0.07,564.675,-0.257,-0.535
00:00:30.793,1572936094685,-0.155,-0.016,5.305,0.664,3.0,0.009000000000000001,22.384,0.002,-0.07,565.048,-0.258,-0.535
00:00:30.842,1572936094734,-0.155,-0.015,5.305,0.664,3.0,0.008,22.381,0.002,-0.07,565.4209999999998,-0.258,-0.535
00:00:30.843,1572936094735,-0.155,-0.015,5.305,0.664,3.0,0.008,22.379,0.002,-0.07,565.794,-0.259,-0.535
00:00:30.844,1572936094736,-0.155,-0.015,5.305,0.664,3.0,0.008,22.376,0.001,-0.07,566.1669999999998,-0.26,-0.535
00:00:30.896,1572936094788,-0.155,-0.015,5.305,0.664,3.0,0.008,22.374,0.001,-0.07,566.54,-0.26,-0.535
00:00:30.897,1572936094789,-0.155,-0.015,5.964,0.664,3.0,0.008,22.371,0.001,-0.07,566.913,-0.261,-0.535
00:00:30.898,1572936094790,-0.154,-0.015,5.964,0.664,3.0,0.008,22.369,0.001,-0.07,567.286,-0.261,-0.535
00:00:30.950,1572936094842,-0.153,-0.015,5.964,0.664,3.0,0.008,22.366,0.001,-0.07,567.658,-0.262,-0.535
00:00:30.951,1572936094843,-0.149,-0.014,5.964,0.664,3.0,0.008,22.364,0.001,-0.07,568.031,-0.262,-0.535
00:00:30.952,1572936094844,-0.14400000000000002,-0.014,5.964,0.664,3.0,0.008,22.361,0.001,-0.07,568.404,-0.263,-0.535
00:00:30.993,1572936094885,-0.139,-0.014,5.964,0.664,3.0,0.008,22.359,0.001,-0.07,568.776,-0.263,-0.535
00:00:30.994,1572936094886,-0.135,-0.014,6.6229999999999976,0.664,3.0,0.008,22.357,0.001,-0.07,569.149,-0.264,-0.535
00:00:30.995,1572936094887,-0.132,-0.014,6.6229999999999976,0.664,3.0,0.006999999999999999,22.355,0.001,-0.069,569.5219999999998,-0.265,-0.535
00:00:31.044,1572936094936,-0.129,-0.014,6.6229999999999976,0.664,3.0,0.006999999999999999,22.352,0.001,-0.069,569.918,-0.265,-0.535
00:00:31.045,1572936094937,-0.125,-0.014,6.6229999999999976,0.664,3.0,0.006999999999999999,22.351,0.001,-0.069,570.2669999999998,-0.266,-0.535
00:00:31.046,1572936094938,-0.12,-0.014,6.6229999999999976,0.664,3.0,0.006999999999999999,22.349,0.001,-0.069,570.639,-0.266,-0.535
00:00:31.095,1572936094987,-0.115,-0.014,6.6229999999999976,0.664,3.0,0.006999999999999999,22.347,0.001,-0.068,571.035,-0.267,-0.534
00:00:31.096,1572936094988,-0.112,-0.014,6.6229999999999976,0.664,3.0,0.006999999999999999,22.345,0.001,-0.068,571.384,-0.268,-0.534
00:00:31.097,1572936094989,-0.11,-0.014,6.6229999999999976,0.664,3.0,0.006999999999999999,22.343000000000004,0.001,-0.067,571.757,-0.268,-0.534
00:00:31.145,1572936095037,-0.11,-0.014,6.6229999999999976,0.664,3.0,0.006999999999999999,22.341,0.001,-0.067,572.129,-0.269,-0.534
00:00:31.146,1572936095038,-0.11,-0.014,6.6229999999999976,0.664,3.0,0.006999999999999999,22.34,0.001,-0.066,572.501,-0.269,-0.534
00:00:31.147,1572936095039,-0.111,-0.014,6.6229999999999976,0.664,3.0,0.006999999999999999,22.338,0.001,-0.066,572.874,-0.27,-0.534
00:00:31.195,1572936095087,-0.111,-0.014,6.6229999999999976,0.664,3.0,0.006999999999999999,22.336,0.001,-0.065,573.246,-0.271,-0.534
00:00:31.196,1572936095088,-0.112,-0.014,6.6229999999999976,0.664,3.0,0.006999999999999999,22.334,0.001,-0.065,573.618,-0.271,-0.534
00:00:31.197,1572936095089,-0.112,-0.014,6.6229999999999976,0.664,3.0,0.006999999999999999,22.332,0.001,-0.064,573.99,-0.272,-0.534
00:00:31.245,1572936095137,-0.112,-0.014,6.6229999999999976,0.664,3.0,0.006999999999999999,22.33,0.001,-0.064,574.363,-0.273,-0.534
00:00:31.246,1572936095138,-0.112,-0.014,6.6229999999999976,0.664,3.0,0.006,22.32800000000001,0.001,-0.064,574.735,-0.273,-0.534
00:00:31.247,1572936095139,-0.112,-0.015,6.6229999999999976,0.664,3.0,0.006,22.326,0.001,-0.063,575.107,-0.274,-0.534
00:00:31.295,1572936095187,-0.112,-0.015,6.6229999999999976,0.664,3.0,0.006,22.325,0.001,-0.063,575.432,-0.274,-0.534
00:00:31.296,1572936095188,-0.112,-0.015,6.6229999999999976,0.664,3.0,0.006,22.323,0.001,-0.063,575.804,-0.275,-0.534
00:00:31.297,1572936095189,-0.112,-0.015,6.6229999999999976,0.664,3.0,0.006,22.321,0.001,-0.062,576.177,-0.276,-0.534
00:00:31.345,1572936095237,-0.112,-0.015,6.6229999999999976,0.664,3.0,0.006,22.31900000000001,0.001,-0.062,576.572,-0.276,-0.534
00:00:31.346,1572936095238,-0.112,-0.015,6.6229999999999976,0.664,3.0,0.006,22.317,0.001,-0.062,576.92,-0.277,-0.534
