rec-time,UTC,Acceleration,Lateral acceleration,Gas pedal position,Brake pedal force,Gear,Steering wheel position,Velocity,Lateral velocity,Vertical velocity,X axis position,Y axis position,Z axis position
00:00:00.077,1572874876599,0.895,-0.006999999999999999,2.815,0.664,3.0,-0.16899999999999998,0.509,-0.004,0.001,0.155,-0.001,-0.531
00:00:00.078,1572874876600,0.899,-0.006999999999999999,2.815,0.664,3.0,-0.16899999999999998,0.524,-0.004,0.001,0.163,-0.001,-0.531
00:00:00.079,1572874876601,0.905,-0.006999999999999999,2.815,0.664,3.0,-0.16899999999999998,0.539,-0.004,0.001,0.172,-0.001,-0.531
00:00:00.127,1572874876649,0.909,-0.006999999999999999,2.815,0.664,3.0,-0.16899999999999998,0.5539999999999999,-0.004,0.001,0.181,-0.001,-0.531
00:00:00.128,1572874876650,0.913,-0.006999999999999999,2.815,0.664,3.0,-0.16899999999999998,0.569,-0.004,0.001,0.191,-0.001,-0.531
00:00:00.129,1572874876651,0.916,-0.006999999999999999,2.815,0.664,3.0,-0.16899999999999998,0.585,-0.004,0.002,0.2,-0.002,-0.531
00:00:00.177,1572874876699,0.919,-0.008,2.815,0.664,3.0,-0.16899999999999998,0.6,-0.004,0.002,0.21,-0.002,-0.531
00:00:00.178,1572874876700,0.92,-0.008,2.815,0.664,3.0,-0.17,0.615,-0.004,0.002,0.22,-0.002,-0.531
00:00:00.179,1572874876701,0.921,-0.008,2.815,0.664,3.0,-0.17,0.631,-0.004,0.002,0.231,-0.002,-0.531
00:00:00.228,1572874876750,0.922,-0.008,2.815,0.664,3.0,-0.17,0.6459999999999999,-0.004,0.002,0.241,-0.002,-0.531
00:00:00.229,1572874876751,0.922,-0.008,2.815,0.664,3.0,-0.17,0.6609999999999999,-0.005,0.002,0.252,-0.002,-0.531
00:00:00.230,1572874876752,0.922,-0.008,2.815,0.664,3.0,-0.17,0.677,-0.005,0.002,0.263,-0.002,-0.531
00:00:00.287,1572874876809,0.921,-0.008,2.815,0.664,3.0,-0.17,0.6920000000000001,-0.005,0.002,0.275,-0.002,-0.531
00:00:00.288,1572874876810,0.921,-0.008,2.815,0.664,3.0,-0.17,0.7070000000000001,-0.005,0.002,0.28600000000000003,-0.002,-0.531
00:00:00.289,1572874876811,0.92,-0.008,2.815,0.664,3.0,-0.17,0.723,-0.005,0.002,0.298,-0.002,-0.531
00:00:00.331,1572874876853,0.919,-0.008,2.815,0.664,3.0,-0.17,0.738,-0.005,0.002,0.31,-0.002,-0.531
00:00:00.332,1572874876854,0.918,-0.008,2.815,0.664,3.0,-0.17,0.753,-0.005,0.003,0.32299999999999995,-0.002,-0.531
00:00:00.333,1572874876855,0.917,-0.008,2.815,0.664,3.0,-0.17,0.769,-0.005,0.003,0.336,-0.003,-0.531
00:00:00.381,1572874876903,0.916,-0.008,2.815,0.664,3.0,-0.17,0.784,-0.005,0.003,0.348,-0.003,-0.531
00:00:00.382,1572874876904,0.915,-0.009000000000000001,3.474,0.664,3.0,-0.17,0.799,-0.005,0.003,0.362,-0.003,-0.531
00:00:00.383,1572874876905,0.92,-0.009000000000000001,3.474,0.664,3.0,-0.17,0.815,-0.006,0.003,0.375,-0.003,-0.531
00:00:00.431,1572874876953,0.932,-0.009000000000000001,3.474,0.664,3.0,-0.17,0.83,-0.006,0.003,0.389,-0.003,-0.531
00:00:00.432,1572874876954,0.949,-0.009000000000000001,3.474,0.664,3.0,-0.17,0.846,-0.006,0.003,0.403,-0.003,-0.531
00:00:00.433,1572874876955,0.966,-0.009000000000000001,3.474,0.664,3.0,-0.17,0.863,-0.006,0.003,0.417,-0.003,-0.531
00:00:00.481,1572874877003,0.983,-0.01,3.474,0.664,3.0,-0.17,0.879,-0.006,0.003,0.4320000000000001,-0.003,-0.531
00:00:00.482,1572874877004,0.997,-0.01,3.913,0.664,3.0,-0.17,0.8959999999999999,-0.006,0.003,0.446,-0.004,-0.531
00:00:00.483,1572874877005,1.011,-0.01,3.913,0.664,3.0,-0.17,0.913,-0.006,0.003,0.461,-0.004,-0.531
00:00:00.538,1572874877060,1.028,-0.01,3.913,0.664,3.0,-0.171,0.931,-0.006,0.004,0.477,-0.004,-0.531
00:00:00.539,1572874877061,1.046,-0.01,3.913,0.664,3.0,-0.171,0.948,-0.006,0.004,0.4920000000000001,-0.004,-0.531
00:00:00.540,1572874877062,1.062,-0.011,3.913,0.664,3.0,-0.171,0.966,-0.006999999999999999,0.004,0.508,-0.004,-0.531
00:00:00.581,1572874877103,1.075,-0.011,3.913,0.664,3.0,-0.171,0.984,-0.006999999999999999,0.004,0.525,-0.004,-0.531
00:00:00.582,1572874877104,1.085,-0.011,3.913,0.664,3.0,-0.171,1.002,-0.006999999999999999,0.004,0.541,-0.004,-0.531
00:00:00.583,1572874877105,1.092,-0.011,3.913,0.664,3.0,-0.171,1.021,-0.006999999999999999,0.005,0.5579999999999999,-0.004,-0.531
00:00:00.636,1572874877158,1.096,-0.011,3.913,0.664,3.0,-0.171,1.039,-0.006999999999999999,0.005,0.575,-0.005,-0.531
00:00:00.637,1572874877159,1.097,-0.011,3.913,0.664,3.0,-0.171,1.057,-0.006999999999999999,0.005,0.593,-0.005,-0.531
00:00:00.638,1572874877160,1.097,-0.011,3.913,0.664,3.0,-0.171,1.0759999999999998,-0.006999999999999999,0.005,0.61,-0.005,-0.531
00:00:00.692,1572874877214,1.095,-0.011,3.913,0.664,3.0,-0.171,1.094,-0.006999999999999999,0.005,0.629,-0.005,-0.531
00:00:00.693,1572874877215,1.092,-0.012,3.62,0.664,3.0,-0.171,1.113,-0.008,0.005,0.648,-0.005,-0.531
00:00:00.694,1572874877216,1.086,-0.012,3.62,0.664,3.0,-0.171,1.13,-0.008,0.006,0.6659999999999999,-0.005,-0.531
00:00:00.738,1572874877260,1.075,-0.012,3.62,0.664,3.0,-0.171,1.148,-0.008,0.006,0.685,-0.006,-0.531
00:00:00.739,1572874877261,1.062,-0.012,3.62,0.664,3.0,-0.171,1.165,-0.008,0.006,0.7040000000000001,-0.006,-0.531
00:00:00.740,1572874877262,1.048,-0.012,3.62,0.664,3.0,-0.171,1.182,-0.008,0.006,0.723,-0.006,-0.531
00:00:00.798,1572874877320,1.035,-0.012,3.62,0.664,3.0,-0.171,1.199,-0.008,0.005,0.743,-0.006,-0.531
00:00:00.799,1572874877321,1.021,-0.012,1.643,0.664,3.0,-0.171,1.216,-0.008,0.005,0.763,-0.006,-0.531
00:00:00.800,1572874877322,0.992,-0.012,1.643,0.664,3.0,-0.171,1.231,-0.008,0.005,0.782,-0.006999999999999999,-0.531
00:00:00.842,1572874877364,0.94,-0.012,1.643,0.664,3.0,-0.171,1.246,-0.008,0.005,0.8029999999999999,-0.006999999999999999,-0.531
00:00:00.843,1572874877365,0.875,-0.011,1.643,0.664,3.0,-0.171,1.26,-0.008,0.005,0.8240000000000001,-0.006999999999999999,-0.531
00:00:00.844,1572874877366,0.81,-0.01,1.643,0.664,3.0,-0.17,1.272,-0.008,0.004,0.845,-0.006999999999999999,-0.531
00:00:00.894,1572874877416,0.752,-0.009000000000000001,1.643,0.664,3.0,-0.17,1.284,-0.009000000000000001,0.004,0.866,-0.006999999999999999,-0.531
00:00:00.895,1572874877417,0.705,-0.009000000000000001,1.13,0.664,3.0,-0.16899999999999998,1.295,-0.009000000000000001,0.004,0.888,-0.008,-0.531
00:00:00.896,1572874877418,0.664,-0.008,1.13,0.664,3.0,-0.16899999999999998,1.306,-0.009000000000000001,0.004,0.91,-0.008,-0.531
00:00:00.942,1572874877464,0.628,-0.008,1.13,0.664,3.0,-0.16899999999999998,1.3159999999999998,-0.009000000000000001,0.004,0.931,-0.008,-0.531
00:00:00.943,1572874877465,0.598,-0.008,1.13,0.664,3.0,-0.16899999999999998,1.325,-0.009000000000000001,0.004,0.953,-0.008,-0.531
00:00:00.944,1572874877466,0.5720000000000001,-0.006999999999999999,1.13,0.664,3.0,-0.168,1.335,-0.009000000000000001,0.005,0.976,-0.009000000000000001,-0.531
00:00:00.993,1572874877515,0.551,-0.006999999999999999,1.13,0.664,3.0,-0.16699999999999998,1.3430000000000002,-0.009000000000000001,0.005,0.998,-0.009000000000000001,-0.531
00:00:00.994,1572874877516,0.535,-0.006999999999999999,1.643,0.664,3.0,-0.166,1.352,-0.009000000000000001,0.005,1.02,-0.009000000000000001,-0.531
00:00:00.995,1572874877517,0.527,-0.006999999999999999,1.643,0.664,3.0,-0.165,1.361,-0.009000000000000001,0.005,1.043,-0.009000000000000001,-0.531
00:00:00.996,1572874877518,0.527,-0.006999999999999999,1.643,0.664,3.0,-0.165,1.37,-0.009000000000000001,0.006,1.0659999999999998,-0.009000000000000001,-0.531
00:00:01.055,1572874877577,0.532,-0.006999999999999999,1.643,0.664,3.0,-0.16399999999999998,1.379,-0.009000000000000001,0.006,1.089,-0.01,-0.531
00:00:01.056,1572874877578,0.54,-0.006999999999999999,1.643,0.664,3.0,-0.16399999999999998,1.388,-0.009000000000000001,0.006,1.112,-0.01,-0.531
00:00:01.057,1572874877579,0.5489999999999999,-0.006999999999999999,1.643,0.664,3.0,-0.163,1.3969999999999998,-0.009000000000000001,0.006,1.135,-0.01,-0.531
00:00:01.106,1572874877628,0.565,-0.006999999999999999,14.607,0.664,3.0,-0.163,1.4069999999999998,-0.009000000000000001,0.006,1.158,-0.01,-0.531
00:00:01.107,1572874877629,0.6629999999999999,-0.008,14.607,0.664,3.0,-0.162,1.42,-0.009000000000000001,0.006,1.182,-0.011,-0.531
00:00:01.108,1572874877630,0.895,-0.01,14.607,0.664,3.0,-0.161,1.439,-0.009000000000000001,0.006,1.206,-0.011,-0.531
00:00:01.160,1572874877682,1.244,-0.013,14.607,0.664,3.0,-0.16,1.465,-0.009000000000000001,0.006999999999999999,1.23,-0.011,-0.531
00:00:01.161,1572874877683,1.658,-0.016,14.607,0.664,3.0,-0.159,1.499,-0.009000000000000001,0.008,1.255,-0.012,-0.531
00:00:01.162,1572874877684,2.079,-0.019,14.607,0.664,3.0,-0.158,1.539,-0.009000000000000001,0.009000000000000001,1.28,-0.012,-0.531
00:00:01.208,1572874877730,2.46,-0.02,23.469,0.664,3.0,-0.157,1.585,-0.009000000000000001,0.011,1.306,-0.012,-0.53
00:00:01.209,1572874877731,2.833,-0.022,23.469,0.664,3.0,-0.155,1.638,-0.01,0.014,1.3330000000000002,-0.012,-0.53
00:00:01.210,1572874877732,3.2260000000000004,-0.023,23.469,0.664,3.0,-0.154,1.6969999999999998,-0.01,0.018000000000000002,1.36,-0.013,-0.53
00:00:01.264,1572874877786,3.637,-0.024,23.469,0.664,3.0,-0.152,1.767,-0.01,0.023,1.391,-0.013,-0.53
00:00:01.265,1572874877787,3.95,-0.024,23.469,0.664,3.0,-0.151,1.832,-0.01,0.028,1.419,-0.013,-0.53
00:00:01.266,1572874877788,4.202,-0.023,23.469,0.664,3.0,-0.149,1.905,-0.011,0.034,1.45,-0.014,-0.529
00:00:01.312,1572874877834,4.369,-0.022,24.641,0.664,3.0,-0.14800000000000002,1.984,-0.011,0.04,1.485,-0.014,-0.529
00:00:01.313,1572874877835,4.441,-0.021,24.641,0.664,3.0,-0.147,2.0540000000000003,-0.011,0.046,1.516,-0.014,-0.528
00:00:01.314,1572874877836,4.459,-0.02,24.641,0.664,3.0,-0.146,2.133,-0.011,0.052000000000000005,1.5530000000000002,-0.015,-0.528
00:00:01.358,1572874877880,4.434,-0.019,24.641,0.664,3.0,-0.145,2.206,-0.011,0.058,1.59,-0.015,-0.528
00:00:01.359,1572874877881,4.3889999999999985,-0.018000000000000002,24.641,0.664,3.0,-0.14400000000000002,2.274,-0.011,0.063,1.625,-0.016,-0.527
00:00:01.360,1572874877882,4.33,-0.019,24.641,0.664,3.0,-0.14300000000000002,2.345,-0.011,0.068,1.663,-0.016,-0.527
00:00:01.409,1572874877931,4.267,-0.019,24.788,0.664,3.0,-0.142,2.415,-0.011,0.07200000000000001,1.703,-0.016,-0.526
00:00:01.410,1572874877932,4.2010000000000005,-0.02,24.788,0.664,3.0,-0.142,2.489,-0.011,0.076,1.746,-0.017,-0.526
00:00:01.411,1572874877933,4.146,-0.022,24.788,0.664,3.0,-0.141,2.553,-0.011,0.078,1.786,-0.017,-0.525
00:00:01.460,1572874877982,4.092,-0.023,24.788,0.664,3.0,-0.141,2.62,-0.012,0.08,1.829,-0.018000000000000002,-0.525
00:00:01.461,1572874877983,4.042,-0.025,24.788,0.664,3.0,-0.14,2.6910000000000003,-0.012,0.08199999999999999,1.876,-0.018000000000000002,-0.525
00:00:01.462,1572874877984,4.001,-0.026,24.788,0.664,3.0,-0.139,2.757,-0.012,0.08199999999999999,1.921,-0.019,-0.525
00:00:01.463,1572874877985,3.964,-0.028,24.641,0.664,3.0,-0.138,2.822,-0.012,0.08199999999999999,1.968,-0.019,-0.525
00:00:01.511,1572874878033,3.934,-0.029,24.641,0.664,3.0,-0.13699999999999998,2.883,-0.012,0.08199999999999999,2.012,-0.02,-0.524
00:00:01.512,1572874878034,3.903,-0.03,24.641,0.664,3.0,-0.136,2.948,-0.012,0.081,2.061,-0.02,-0.525
00:00:01.513,1572874878035,3.871,-0.03,24.641,0.664,3.0,-0.135,3.016,-0.012,0.079,2.114,-0.021,-0.525
00:00:01.561,1572874878083,3.843,-0.031,24.641,0.664,3.0,-0.133,3.08,-0.013,0.077,2.165,-0.022,-0.525
00:00:01.562,1572874878084,3.816,-0.031,24.641,0.664,3.0,-0.132,3.143,-0.013,0.075,2.216,-0.022,-0.525
00:00:01.563,1572874878085,3.788,-0.032,24.641,0.664,3.0,-0.131,3.2060000000000004,-0.013,0.07400000000000001,2.269,-0.023,-0.525
00:00:01.622,1572874878144,3.759,-0.032,24.641,0.664,3.0,-0.129,3.264,-0.013,0.073,2.32,-0.024,-0.526
00:00:01.623,1572874878145,3.725,-0.033,24.641,0.664,3.0,-0.128,3.33,-0.013,0.073,2.378,-0.024,-0.526
00:00:01.624,1572874878146,3.693,-0.034,24.641,0.664,3.0,-0.127,3.391,-0.013,0.073,2.434,-0.025,-0.527
00:00:01.672,1572874878194,3.665,-0.034,24.641,0.664,3.0,-0.125,3.448,-0.013,0.07400000000000001,2.488,-0.026,-0.527
00:00:01.673,1572874878195,3.633,-0.035,24.641,0.664,3.0,-0.123,3.512,-0.013,0.075,2.549,-0.026,-0.527
00:00:01.674,1572874878196,3.607,-0.035,24.934,0.664,3.0,-0.122,3.568,-0.014,0.077,2.605,-0.027000000000000003,-0.528
00:00:01.724,1572874878246,3.5810000000000004,-0.035,24.934,0.664,3.0,-0.12,3.631,-0.014,0.079,2.668,-0.028,-0.528
00:00:01.725,1572874878247,3.5580000000000003,-0.034,24.934,0.664,3.0,-0.119,3.69,-0.014,0.08199999999999999,2.729,-0.029,-0.528
00:00:01.726,1572874878248,3.536,-0.033,24.934,0.664,3.0,-0.117,3.749,-0.014,0.084,2.7910000000000004,-0.029,-0.528
00:00:01.772,1572874878294,3.515,-0.033,24.934,0.664,3.0,-0.116,3.807,-0.014,0.086,2.854,-0.03,-0.529
00:00:01.773,1572874878295,3.4930000000000003,-0.032,24.934,0.664,3.0,-0.114,3.865,-0.014,0.08800000000000001,2.918,-0.031,-0.529
00:00:01.774,1572874878296,3.472,-0.032,25.667,0.664,3.0,-0.113,3.922,-0.014,0.09,2.983,-0.032,-0.529
00:00:01.824,1572874878346,3.452,-0.032,25.667,0.664,3.0,-0.111,3.98,-0.014,0.092,3.049,-0.033,-0.529
00:00:01.825,1572874878347,3.435,-0.032,25.667,0.664,3.0,-0.11,4.037,-0.014,0.093,3.116,-0.034,-0.529
00:00:01.826,1572874878348,3.419,-0.032,25.667,0.664,3.0,-0.109,4.0939999999999985,-0.014,0.094,3.184,-0.034,-0.529
00:00:01.875,1572874878397,3.403,-0.032,25.667,0.664,3.0,-0.107,4.15,-0.013,0.094,3.252,-0.035,-0.528
00:00:01.876,1572874878398,3.385,-0.032,25.667,0.664,3.0,-0.106,4.206,-0.013,0.095,3.322,-0.036000000000000004,-0.528
00:00:01.877,1572874878399,3.366,-0.032,25.813,0.664,3.0,-0.105,4.262,-0.013,0.094,3.393,-0.037000000000000005,-0.528
00:00:01.925,1572874878447,3.346,-0.031,25.813,0.664,3.0,-0.103,4.3180000000000005,-0.013,0.094,3.464,-0.038,-0.528
00:00:01.926,1572874878448,3.326,-0.03,25.813,0.664,3.0,-0.102,4.373,-0.013,0.093,3.537,-0.039,-0.528
00:00:01.927,1572874878449,3.306,-0.029,25.813,0.664,3.0,-0.1,4.428,-0.013,0.092,3.61,-0.04,-0.528
00:00:01.975,1572874878497,3.285,-0.028,25.813,0.664,3.0,-0.099,4.482,-0.013,0.091,3.684,-0.041,-0.527
00:00:01.976,1572874878498,3.265,-0.027000000000000003,25.813,0.664,3.0,-0.097,4.537,-0.013,0.08900000000000001,3.759,-0.042,-0.527
00:00:01.977,1572874878499,3.244,-0.025,25.813,0.664,3.0,-0.095,4.59,-0.013,0.08800000000000001,3.835,-0.043,-0.527
00:00:02.032,1572874878554,3.2230000000000003,-0.023,25.813,0.664,3.0,-0.094,4.644,-0.012,0.086,3.912,-0.044,-0.527
00:00:02.033,1572874878555,3.202,-0.022,25.813,0.664,3.0,-0.092,4.697,-0.012,0.084,3.99,-0.045,-0.527
00:00:02.034,1572874878556,3.181,-0.02,25.813,0.664,3.0,-0.09,4.75,-0.012,0.08199999999999999,4.069,-0.047,-0.527
00:00:02.035,1572874878557,3.161,-0.018000000000000002,25.813,0.664,3.0,-0.08800000000000001,4.802,-0.012,0.081,4.149,-0.048,-0.527
00:00:02.085,1572874878607,3.141,-0.016,25.813,0.664,3.0,-0.086,4.854,-0.011,0.079,4.229,-0.049,-0.527
00:00:02.086,1572874878608,3.12,-0.014,25.96,0.664,3.0,-0.084,4.9060000000000015,-0.011,0.077,4.31,-0.05,-0.527
00:00:02.087,1572874878609,3.1010000000000004,-0.012,25.96,0.664,3.0,-0.08199999999999999,4.957,-0.01,0.076,4.393,-0.051,-0.527
00:00:02.135,1572874878657,3.08,-0.01,25.96,0.664,3.0,-0.081,5.008,-0.01,0.07400000000000001,4.476,-0.052000000000000005,-0.527
00:00:02.136,1572874878658,3.0580000000000003,-0.009000000000000001,25.96,0.664,3.0,-0.079,5.059,-0.01,0.073,4.56,-0.054000000000000006,-0.527
00:00:02.137,1572874878659,3.035,-0.008,25.96,0.664,3.0,-0.077,5.109,-0.009000000000000001,0.07200000000000001,4.644,-0.055,-0.527
00:00:02.182,1572874878704,3.012,-0.006,25.96,0.664,3.0,-0.075,5.159,-0.009000000000000001,0.071,4.73,-0.056,-0.527
00:00:02.183,1572874878705,2.992,-0.005,26.985,0.664,3.0,-0.07400000000000001,5.209,-0.008,0.071,4.816,-0.057,-0.527
00:00:02.184,1572874878706,2.979,-0.003,26.985,0.664,3.0,-0.07200000000000001,5.257999999999999,-0.008,0.071,4.9030000000000005,-0.058,-0.528
00:00:02.230,1572874878752,2.9730000000000003,-0.001,26.985,0.664,3.0,-0.07,5.308,-0.008,0.071,4.992,-0.06,-0.528
00:00:02.231,1572874878753,2.972,0.001,26.985,0.664,3.0,-0.068,5.357,-0.006999999999999999,0.071,5.08,-0.061,-0.528
00:00:02.232,1572874878754,2.97,0.003,26.985,0.664,3.0,-0.066,5.407,-0.006999999999999999,0.07200000000000001,5.17,-0.062,-0.528
00:00:02.285,1572874878807,2.965,0.005,26.985,0.664,3.0,-0.064,5.456,-0.006,0.073,5.261,-0.063,-0.528
00:00:02.286,1572874878808,2.958,0.006999999999999999,29.329,0.664,3.0,-0.062,5.505,-0.006,0.07400000000000001,5.352,-0.065,-0.529
00:00:02.287,1572874878809,2.9610000000000003,0.008,29.329,0.664,3.0,-0.061,5.555,-0.005,0.075,5.444,-0.066,-0.529
00:00:02.331,1572874878853,2.978,0.01,29.329,0.664,3.0,-0.059,5.605,-0.005,0.076,5.537000000000001,-0.067,-0.529
00:00:02.332,1572874878854,3.0010000000000003,0.011,29.329,0.664,3.0,-0.058,5.655,-0.004,0.078,5.631,-0.069,-0.529
00:00:02.333,1572874878855,3.0210000000000004,0.011,29.329,0.664,3.0,-0.056,5.706,-0.004,0.08,5.726,-0.07,-0.529
00:00:02.381,1572874878903,3.032,0.011,29.329,0.664,3.0,-0.055,5.756,-0.003,0.081,5.8210000000000015,-0.071,-0.529
00:00:02.382,1572874878904,3.036,0.011,34.969,0.664,3.0,-0.053,5.807,-0.003,0.083,5.9170000000000025,-0.073,-0.53
00:00:02.383,1572874878905,3.044,0.01,34.969,0.664,3.0,-0.052000000000000005,5.858,-0.003,0.085,6.015,-0.07400000000000001,-0.53
00:00:02.431,1572874878953,3.06,0.008,34.969,0.664,3.0,-0.051,5.909,-0.003,0.087,6.113,-0.075,-0.53
00:00:02.432,1572874878954,3.08,0.006999999999999999,34.969,0.664,3.0,-0.049,5.961,-0.002,0.08900000000000001,6.2120000000000015,-0.077,-0.53
00:00:02.433,1572874878955,3.095,0.006,34.969,0.664,3.0,-0.048,6.0120000000000005,-0.002,0.09,6.311,-0.078,-0.53
00:00:02.489,1572874879011,3.103,0.004,34.969,0.664,3.0,-0.046,6.064,-0.002,0.092,6.412000000000001,-0.079,-0.53
00:00:02.490,1572874879012,3.102,0.004,35.115,0.664,3.0,-0.044,6.1160000000000005,-0.002,0.094,6.5139999999999985,-0.081,-0.53
00:00:02.491,1572874879013,3.094,0.004,35.115,0.664,3.0,-0.043,6.1670000000000025,-0.002,0.096,6.6160000000000005,-0.08199999999999999,-0.53
00:00:02.540,1572874879062,3.08,0.005,35.115,0.664,3.0,-0.041,6.218,-0.001,0.098,6.7189999999999985,-0.084,-0.53
00:00:02.541,1572874879063,3.063,0.006999999999999999,35.115,0.664,3.0,-0.039,6.269,-0.001,0.099,6.823,-0.085,-0.53
00:00:02.542,1572874879064,3.045,0.009000000000000001,35.115,0.664,3.0,-0.036000000000000004,6.32,-0.001,0.101,6.928,-0.086,-0.53
00:00:02.591,1572874879113,3.027,0.012,35.115,0.664,3.0,-0.034,6.37,-0.001,0.102,7.034,-0.08800000000000001,-0.53
00:00:02.592,1572874879114,3.009,0.016,35.115,0.664,3.0,-0.032,6.42,0.0,0.104,7.14,-0.08900000000000001,-0.53
00:00:02.593,1572874879115,2.9930000000000003,0.019,35.115,0.664,3.0,-0.031,6.4689999999999985,0.0,0.105,7.247999999999997,-0.091,-0.53
00:00:02.642,1572874879164,2.977,0.023,35.115,0.664,3.0,-0.029,6.519,0.001,0.106,7.356,-0.092,-0.53
00:00:02.643,1572874879165,2.962,0.026,35.115,0.664,3.0,-0.027000000000000003,6.568,0.001,0.107,7.465,-0.094,-0.53
00:00:02.644,1572874879166,2.946,0.03,35.115,0.664,3.0,-0.026,6.617000000000001,0.002,0.108,7.575,-0.095,-0.53
00:00:02.692,1572874879214,2.932,0.033,35.115,0.664,3.0,-0.024,6.666,0.002,0.108,7.686,-0.097,-0.53
00:00:02.693,1572874879215,2.92,0.036000000000000004,35.115,0.664,3.0,-0.023,6.711,0.002,0.109,7.79,-0.098,-0.53
00:00:02.694,1572874879216,2.907,0.039,35.115,0.664,3.0,-0.021,6.7620000000000005,0.003,0.11,7.91,-0.1,-0.53
00:00:02.742,1572874879264,2.895,0.043,35.115,0.664,3.0,-0.02,6.81,0.004,0.11,8.023,-0.101,-0.53
00:00:02.743,1572874879265,2.884,0.047,35.115,0.664,3.0,-0.018000000000000002,6.858,0.004,0.111,8.137,-0.103,-0.53
00:00:02.744,1572874879266,2.873,0.051,35.115,0.664,3.0,-0.017,6.9060000000000015,0.005,0.111,8.251,-0.104,-0.53
00:00:02.792,1572874879314,2.863,0.055,35.115,0.664,3.0,-0.015,6.954,0.005,0.112,8.367,-0.105,-0.53
00:00:02.793,1572874879315,2.852,0.06,36.287,0.664,3.0,-0.013,7.001,0.006,0.112,8.482999999999999,-0.107,-0.53
00:00:02.794,1572874879316,2.844,0.066,36.287,0.664,3.0,-0.012,7.047999999999999,0.006,0.112,8.6,-0.108,-0.53
00:00:02.842,1572874879364,2.837,0.07200000000000001,36.287,0.664,3.0,-0.01,7.096,0.006999999999999999,0.112,8.718,-0.11,-0.53
00:00:02.843,1572874879365,2.832,0.079,36.287,0.664,3.0,-0.008,7.143,0.008,0.112,8.837,-0.111,-0.53
00:00:02.844,1572874879366,2.826,0.087,36.287,0.664,3.0,-0.006,7.19,0.009000000000000001,0.112,8.956,-0.113,-0.53
00:00:02.901,1572874879423,2.819,0.095,36.287,0.664,3.0,-0.004,7.237,0.01,0.112,9.076,-0.114,-0.53
00:00:02.902,1572874879424,2.81,0.104,36.287,0.664,3.0,-0.003,7.282999999999999,0.011,0.112,9.197,-0.115,-0.53
00:00:02.903,1572874879425,2.7960000000000003,0.112,36.287,0.664,3.0,-0.001,7.33,0.011,0.112,9.319,-0.117,-0.53
00:00:02.943,1572874879465,2.777,0.119,36.287,0.664,3.0,0.0,7.376,0.012,0.112,9.442,-0.118,-0.53
00:00:02.944,1572874879466,2.759,0.125,36.287,0.664,3.0,0.001,7.421,0.013,0.112,9.565,-0.119,-0.53
00:00:02.945,1572874879467,2.7460000000000004,0.13,36.287,0.664,3.0,0.002,7.467,0.014,0.111,9.689,-0.12,-0.53
00:00:02.946,1572874879468,2.738,0.134,36.287,0.664,3.0,0.002,7.513,0.015,0.111,9.814,-0.122,-0.53
00:00:02.994,1572874879516,2.735,0.136,36.287,0.664,3.0,0.002,7.558,0.016,0.111,9.94,-0.123,-0.529
00:00:02.995,1572874879517,2.733,0.136,36.287,0.664,3.0,0.003,7.604,0.017,0.111,10.066,-0.124,-0.529
00:00:02.996,1572874879518,2.733,0.136,36.287,0.664,3.0,0.003,7.649,0.017,0.11,10.193,-0.125,-0.529
00:00:03.044,1572874879566,2.732,0.135,36.287,0.664,3.0,0.003,7.695,0.018000000000000002,0.11,10.321,-0.126,-0.529
00:00:03.045,1572874879567,2.73,0.133,36.287,0.664,3.0,0.004,7.74,0.018000000000000002,0.11,10.45,-0.127,-0.529
00:00:03.046,1572874879568,2.728,0.131,36.287,0.664,3.0,0.004,7.786,0.018000000000000002,0.109,10.579,-0.129,-0.529
00:00:03.094,1572874879616,2.725,0.13,36.287,0.664,3.0,0.005,7.831,0.019,0.109,10.709,-0.13,-0.529
00:00:03.095,1572874879617,2.7230000000000003,0.128,36.287,0.664,3.0,0.006,7.877000000000002,0.019,0.109,10.84,-0.131,-0.529
00:00:03.096,1572874879618,2.72,0.128,36.287,0.664,3.0,0.006,7.9220000000000015,0.019,0.109,10.972,-0.132,-0.529
00:00:03.144,1572874879666,2.718,0.127,36.287,0.664,3.0,0.006999999999999999,7.967,0.019,0.109,11.104,-0.132,-0.529
00:00:03.145,1572874879667,2.715,0.128,36.287,0.664,3.0,0.008,8.012,0.019,0.109,11.237,-0.133,-0.529
00:00:03.146,1572874879668,2.713,0.128,36.287,0.664,3.0,0.009000000000000001,8.058,0.019,0.109,11.371,-0.134,-0.53
00:00:03.197,1572874879719,2.7110000000000003,0.129,36.507,0.664,3.0,0.01,8.103,0.019,0.109,11.505999999999998,-0.135,-0.53
00:00:03.198,1572874879720,2.709,0.13,36.507,0.664,3.0,0.011,8.148,0.019,0.11,11.640999999999998,-0.136,-0.53
00:00:03.199,1572874879721,2.707,0.131,36.507,0.664,3.0,0.012,8.193,0.019,0.11,11.777,-0.13699999999999998,-0.53
00:00:03.244,1572874879766,2.7060000000000004,0.131,36.507,0.664,3.0,0.013,8.238,0.02,0.11,11.914,-0.13699999999999998,-0.53
00:00:03.245,1572874879767,2.705,0.131,36.507,0.664,3.0,0.014,8.283,0.02,0.111,12.052,-0.138,-0.53
00:00:03.246,1572874879768,2.7030000000000003,0.13,36.507,0.664,3.0,0.015,8.328,0.02,0.111,12.19,-0.139,-0.53
00:00:03.300,1572874879822,2.701,0.129,36.287,0.664,3.0,0.015,8.373,0.02,0.112,12.33,-0.14,-0.53
00:00:03.301,1572874879823,2.699,0.128,36.287,0.664,3.0,0.015,8.418,0.02,0.113,12.47,-0.14,-0.53
00:00:03.302,1572874879824,2.696,0.127,36.287,0.664,3.0,0.016,8.463,0.02,0.114,12.61,-0.141,-0.53
00:00:03.357,1572874879879,2.693,0.126,36.287,0.664,3.0,0.016,8.508,0.019,0.114,12.752,-0.141,-0.53
00:00:03.358,1572874879880,2.6910000000000003,0.124,36.287,0.664,3.0,0.017,8.552999999999999,0.019,0.115,12.894,-0.142,-0.53
00:00:03.359,1572874879881,2.69,0.123,36.287,0.664,3.0,0.017,8.597000000000001,0.019,0.116,13.037,-0.14300000000000002,-0.53
00:00:03.410,1572874879932,2.688,0.123,36.287,0.664,3.0,0.017,8.642000000000001,0.019,0.117,13.181,-0.14300000000000002,-0.53
00:00:03.411,1572874879933,2.687,0.123,36.287,0.664,3.0,0.018000000000000002,8.687000000000001,0.019,0.118,13.325,-0.14300000000000002,-0.53
00:00:03.412,1572874879934,2.6860000000000004,0.124,36.287,0.664,3.0,0.018000000000000002,8.732000000000001,0.019,0.119,13.47,-0.14400000000000002,-0.53
00:00:03.457,1572874879979,2.6830000000000003,0.124,36.287,0.664,3.0,0.019,8.776,0.019,0.119,13.616,-0.14400000000000002,-0.53
00:00:03.458,1572874879980,2.675,0.125,36.287,0.664,3.0,0.019,8.821,0.018000000000000002,0.12,13.763,-0.145,-0.53
00:00:03.459,1572874879981,2.665,0.126,36.287,0.664,3.0,0.019,8.865,0.018000000000000002,0.121,13.91,-0.145,-0.53
00:00:03.507,1572874880029,2.658,0.126,36.287,0.664,3.0,0.019,8.908999999999997,0.018000000000000002,0.122,14.058,-0.145,-0.53
00:00:03.508,1572874880030,2.656,0.126,36.287,0.664,3.0,0.019,8.954,0.018000000000000002,0.123,14.207,-0.146,-0.53
00:00:03.509,1572874880031,2.656,0.126,36.287,0.664,3.0,0.019,8.998,0.018000000000000002,0.123,14.357,-0.146,-0.53
00:00:03.567,1572874880089,2.656,0.125,36.287,0.664,3.0,0.019,9.042,0.018000000000000002,0.124,14.507,-0.146,-0.53
00:00:03.568,1572874880090,2.655,0.125,36.287,0.664,3.0,0.019,9.086,0.017,0.125,14.658,-0.146,-0.53
00:00:03.569,1572874880091,2.653,0.125,36.287,0.664,3.0,0.019,9.131,0.017,0.125,14.81,-0.146,-0.53
00:00:03.607,1572874880129,2.651,0.124,36.287,0.664,3.0,0.019,9.175,0.017,0.126,14.962,-0.146,-0.53
00:00:03.608,1572874880130,2.648,0.124,36.287,0.664,3.0,0.019,9.219,0.017,0.126,15.116,-0.147,-0.53
00:00:03.609,1572874880131,2.645,0.123,36.287,0.664,3.0,0.018000000000000002,9.263,0.017,0.127,15.27,-0.147,-0.53
00:00:03.659,1572874880181,2.642,0.122,36.287,0.664,3.0,0.018000000000000002,9.307,0.016,0.128,15.425,-0.147,-0.53
00:00:03.660,1572874880182,2.64,0.12,36.287,0.664,3.0,0.017,9.351,0.016,0.128,15.58,-0.147,-0.53
00:00:03.661,1572874880183,2.637,0.116,36.287,0.664,3.0,0.016,9.395,0.016,0.129,15.736,-0.147,-0.53
00:00:03.710,1572874880232,2.634,0.111,36.287,0.664,3.0,0.015,9.439,0.015,0.129,15.893,-0.146,-0.53
00:00:03.711,1572874880233,2.632,0.105,36.287,0.664,3.0,0.014,9.482,0.015,0.13,16.051,-0.146,-0.53
00:00:03.712,1572874880234,2.629,0.098,36.287,0.664,3.0,0.014,9.526,0.014,0.13,16.209,-0.146,-0.53
00:00:03.713,1572874880235,2.627,0.091,36.287,0.664,3.0,0.013,9.57,0.014,0.131,16.369,-0.146,-0.53
00:00:03.761,1572874880283,2.624,0.084,36.287,0.664,3.0,0.012,9.614,0.013,0.131,16.528,-0.146,-0.53
00:00:03.762,1572874880284,2.6210000000000004,0.077,36.287,0.664,3.0,0.012,9.657,0.012,0.131,16.689,-0.146,-0.53
00:00:03.763,1572874880285,2.619,0.07,36.287,0.664,3.0,0.011,9.701,0.012,0.132,16.85,-0.145,-0.53
00:00:03.811,1572874880333,2.616,0.062,36.287,0.664,3.0,0.011,9.745,0.011,0.132,17.012,-0.145,-0.53
00:00:03.812,1572874880334,2.614,0.055,36.287,0.664,3.0,0.01,9.788,0.01,0.132,17.175,-0.145,-0.53
00:00:03.813,1572874880335,2.611,0.047,36.287,0.664,3.0,0.01,9.832,0.009000000000000001,0.133,17.339000000000002,-0.145,-0.53
00:00:03.867,1572874880389,2.609,0.04,36.287,0.664,3.0,0.009000000000000001,9.875,0.008,0.133,17.503,-0.14400000000000002,-0.53
00:00:03.868,1572874880390,2.6060000000000003,0.033,36.287,0.664,3.0,0.009000000000000001,9.918,0.006999999999999999,0.133,17.668,-0.14400000000000002,-0.53
00:00:03.869,1572874880391,2.603,0.026,36.287,0.664,3.0,0.009000000000000001,9.962,0.006,0.134,17.834,-0.14400000000000002,-0.53
00:00:03.918,1572874880440,2.6010000000000004,0.02,36.287,0.664,3.0,0.009000000000000001,10.005,0.006,0.134,18.0,-0.14400000000000002,-0.53
00:00:03.919,1572874880441,2.5980000000000003,0.015,36.287,0.664,3.0,0.009000000000000001,10.048,0.005,0.134,18.167,-0.14300000000000002,-0.53
00:00:03.920,1572874880442,2.596,0.011,36.287,0.664,3.0,0.01,10.092,0.004,0.135,18.335,-0.14300000000000002,-0.53
00:00:03.968,1572874880490,2.593,0.008,36.287,0.664,3.0,0.01,10.135,0.004,0.135,18.504,-0.14300000000000002,-0.53
00:00:03.969,1572874880491,2.591,0.005,36.287,0.664,3.0,0.01,10.178,0.003,0.135,18.673,-0.142,-0.53
00:00:03.970,1572874880492,2.588,0.003,36.287,0.664,3.0,0.01,10.221,0.003,0.135,18.843,-0.142,-0.53
00:00:04.024,1572874880546,2.585,0.0,36.287,0.664,3.0,0.01,10.264,0.002,0.136,19.014,-0.142,-0.53
00:00:04.025,1572874880547,2.583,-0.002,36.287,0.664,3.0,0.01,10.307,0.002,0.136,19.185,-0.141,-0.53
00:00:04.026,1572874880548,2.58,-0.006,36.287,0.664,3.0,0.01,10.35,0.001,0.136,19.357,-0.141,-0.53
00:00:04.073,1572874880595,2.5780000000000003,-0.009000000000000001,36.287,0.664,3.0,0.01,10.393,0.001,0.136,19.53,-0.141,-0.53
00:00:04.074,1572874880596,2.575,-0.013,36.287,0.664,3.0,0.01,10.436,0.001,0.13699999999999998,19.704,-0.14,-0.53
00:00:04.075,1572874880597,2.572,-0.018000000000000002,36.287,0.664,3.0,0.009000000000000001,10.479,0.0,0.13699999999999998,19.878,-0.14,-0.53
00:00:04.124,1572874880646,2.57,-0.023,36.287,0.664,3.0,0.009000000000000001,10.521,0.0,0.13699999999999998,20.053,-0.14,-0.53
00:00:04.125,1572874880647,2.567,-0.028,36.287,0.664,3.0,0.008,10.564,-0.001,0.138,20.229,-0.14,-0.53
00:00:04.126,1572874880648,2.565,-0.034,36.287,0.664,3.0,0.006999999999999999,10.607,-0.001,0.138,20.405,-0.139,-0.53
00:00:04.174,1572874880696,2.562,-0.041,36.287,0.664,3.0,0.006999999999999999,10.65,-0.002,0.138,20.582,-0.139,-0.53
00:00:04.175,1572874880697,2.5610000000000004,-0.047,36.287,0.664,3.0,0.006,10.692,-0.002,0.139,20.76,-0.139,-0.53
00:00:04.176,1572874880698,2.632,-0.054000000000000006,36.287,0.664,3.0,0.006,10.738,-0.003,0.14,20.939,-0.138,-0.53
00:00:04.224,1572874880746,2.823,-0.06,36.287,0.664,3.0,0.006,10.788,-0.004,0.141,21.118,-0.138,-0.53
00:00:04.225,1572874880747,2.997,-0.065,36.287,0.664,3.0,0.006,10.84,-0.004,0.14300000000000002,21.298,-0.138,-0.53
00:00:04.226,1572874880748,3.044,-0.069,36.287,0.664,3.0,0.006,10.89,-0.005,0.145,21.479,-0.138,-0.53
00:00:04.274,1572874880796,2.967,-0.071,36.287,0.664,3.0,0.006,10.938,-0.005,0.14800000000000002,21.661,-0.138,-0.53
00:00:04.275,1572874880797,2.8360000000000003,-0.071,36.287,0.664,3.0,0.006999999999999999,10.984000000000002,-0.005,0.15,21.844,-0.13699999999999998,-0.53
00:00:04.276,1572874880798,2.708,-0.071,36.287,0.664,3.0,0.006999999999999999,11.027,-0.006,0.152,22.027,-0.13699999999999998,-0.53
00:00:04.325,1572874880847,2.596,-0.069,36.287,0.664,3.0,0.006999999999999999,11.069,-0.006,0.154,22.212,-0.13699999999999998,-0.53
00:00:04.326,1572874880848,2.504,-0.068,36.287,0.664,3.0,0.008,11.109000000000002,-0.006,0.155,22.396,-0.13699999999999998,-0.53
00:00:04.327,1572874880849,2.4290000000000003,-0.066,36.287,0.664,3.0,0.008,11.149,-0.006,0.155,22.582,-0.13699999999999998,-0.53
00:00:04.382,1572874880904,2.3680000000000003,-0.065,36.287,0.664,3.0,0.009000000000000001,11.188,-0.006,0.155,22.768,-0.13699999999999998,-0.53
00:00:04.383,1572874880905,2.315,-0.065,36.287,0.664,3.0,0.009000000000000001,11.225,-0.005,0.155,22.955,-0.13699999999999998,-0.53
00:00:04.384,1572874880906,2.265,-0.065,36.287,0.664,3.0,0.009000000000000001,11.263,-0.005,0.154,23.142,-0.13699999999999998,-0.53
00:00:04.425,1572874880947,2.217,-0.066,36.287,0.664,3.0,0.008,11.299,-0.005,0.153,23.33,-0.13699999999999998,-0.53
00:00:04.426,1572874880948,2.171,-0.068,36.287,0.664,3.0,0.008,11.334,-0.005,0.152,23.519,-0.13699999999999998,-0.53
00:00:04.427,1572874880949,2.126,-0.07,36.287,0.664,3.0,0.008,11.369000000000002,-0.005,0.151,23.708,-0.13699999999999998,-0.53
00:00:04.480,1572874881002,2.084,-0.071,36.287,0.664,3.0,0.008,11.403,-0.005,0.15,23.898000000000003,-0.13699999999999998,-0.53
00:00:04.481,1572874881003,2.045,-0.07200000000000001,36.287,0.664,3.0,0.008,11.437,-0.005,0.14800000000000002,24.088,-0.13699999999999998,-0.53
00:00:04.482,1572874881004,2.009,-0.07200000000000001,36.287,0.664,3.0,0.008,11.47,-0.005,0.146,24.279,-0.13699999999999998,-0.53
00:00:04.483,1572874881005,1.976,-0.07200000000000001,36.287,0.664,3.0,0.008,11.503,-0.005,0.14400000000000002,24.471,-0.13699999999999998,-0.53
00:00:04.528,1572874881050,1.948,-0.071,36.287,0.664,3.0,0.008,11.535,-0.005,0.142,24.663,-0.13699999999999998,-0.53
00:00:04.529,1572874881051,1.922,-0.069,36.287,0.664,3.0,0.009000000000000001,11.566,-0.005,0.14,24.855,-0.13699999999999998,-0.53
00:00:04.530,1572874881052,1.897,-0.068,36.287,0.664,3.0,0.009000000000000001,11.598,-0.005,0.13699999999999998,25.048,-0.138,-0.53
00:00:04.578,1572874881100,1.873,-0.066,36.287,0.664,3.0,0.009000000000000001,11.629,-0.005,0.134,25.242,-0.138,-0.53
00:00:04.579,1572874881101,1.849,-0.065,36.287,0.664,3.0,0.009000000000000001,11.659,-0.005,0.132,25.436,-0.138,-0.53
00:00:04.580,1572874881102,1.825,-0.063,36.287,0.664,3.0,0.008,11.689,-0.004,0.129,25.631,-0.138,-0.53
00:00:04.637,1572874881159,1.803,-0.062,36.287,0.664,3.0,0.008,11.719,-0.004,0.126,25.826,-0.138,-0.53
00:00:04.638,1572874881160,1.784,-0.061,36.287,0.664,3.0,0.008,11.749,-0.004,0.123,26.021,-0.139,-0.53
00:00:04.639,1572874881161,1.767,-0.061,36.287,0.664,3.0,0.008,11.778,-0.004,0.119,26.217,-0.139,-0.53
00:00:04.684,1572874881206,1.753,-0.06,36.287,0.664,3.0,0.008,11.807,-0.004,0.116,26.414,-0.139,-0.53
00:00:04.685,1572874881207,1.741,-0.06,36.287,0.664,3.0,0.008,11.836,-0.004,0.113,26.611,-0.14,-0.53
00:00:04.686,1572874881208,1.73,-0.06,36.287,0.664,3.0,0.008,11.865,-0.004,0.11,26.808000000000003,-0.14,-0.53
00:00:04.739,1572874881261,1.72,-0.06,36.287,0.664,3.0,0.008,11.893,-0.004,0.107,27.006,-0.14,-0.529
00:00:04.740,1572874881262,1.71,-0.06,36.287,0.664,3.0,0.008,11.922,-0.004,0.103,27.205,-0.141,-0.529
00:00:04.741,1572874881263,1.7009999999999998,-0.059,36.287,0.664,3.0,0.008,11.95,-0.004,0.1,27.404,-0.141,-0.529
00:00:04.788,1572874881310,1.692,-0.056,36.287,0.664,3.0,0.008,11.978,-0.004,0.097,27.603,-0.141,-0.529
00:00:04.789,1572874881311,1.683,-0.053,36.287,0.664,3.0,0.009000000000000001,12.005999999999998,-0.004,0.095,27.803,-0.142,-0.529
00:00:04.790,1572874881312,1.675,-0.049,36.287,0.664,3.0,0.009000000000000001,12.034,-0.003,0.092,28.003,-0.142,-0.529
00:00:04.835,1572874881357,1.666,-0.044,36.287,0.664,3.0,0.01,12.061,-0.003,0.09,28.204,-0.14300000000000002,-0.529
00:00:04.836,1572874881358,1.658,-0.038,36.287,0.664,3.0,0.01,12.089,-0.003,0.087,28.405,-0.14300000000000002,-0.529
00:00:04.837,1572874881359,1.651,-0.032,36.287,0.664,3.0,0.01,12.116,-0.002,0.085,28.607,-0.14300000000000002,-0.529
00:00:04.899,1572874881421,1.643,-0.026,36.287,0.664,3.0,0.01,12.144,-0.002,0.083,28.809,-0.14400000000000002,-0.529
00:00:04.900,1572874881422,1.636,-0.02,36.287,0.664,3.0,0.011,12.171,-0.001,0.08199999999999999,29.012,-0.14400000000000002,-0.529
00:00:04.901,1572874881423,1.63,-0.014,36.287,0.664,3.0,0.011,12.198,-0.001,0.08,29.215,-0.145,-0.53
00:00:04.936,1572874881458,1.6230000000000002,-0.008,36.287,0.664,3.0,0.01,12.225,0.0,0.079,29.41800000000001,-0.145,-0.53
00:00:04.937,1572874881459,1.617,-0.003,36.287,0.664,3.0,0.01,12.252,0.0,0.079,29.622,-0.146,-0.53
00:00:04.938,1572874881460,1.612,0.002,36.287,0.664,3.0,0.01,12.279000000000002,0.001,0.078,29.827,-0.146,-0.53
00:00:04.986,1572874881508,1.606,0.006,36.287,0.664,3.0,0.009000000000000001,12.305,0.001,0.078,30.032,-0.147,-0.53
00:00:04.987,1572874881509,1.601,0.009000000000000001,36.287,0.664,3.0,0.009000000000000001,12.332,0.001,0.078,30.237,-0.147,-0.53
00:00:04.988,1572874881510,1.596,0.012,36.287,0.664,3.0,0.008,12.358,0.002,0.078,30.443,-0.14800000000000002,-0.53
00:00:05.040,1572874881562,1.591,0.014,36.287,0.664,3.0,0.006999999999999999,12.385,0.002,0.078,30.649,-0.14800000000000002,-0.53
00:00:05.041,1572874881563,1.587,0.016,36.287,0.664,3.0,0.006999999999999999,12.411,0.002,0.079,30.856,-0.149,-0.53
00:00:05.042,1572874881564,1.582,0.017,36.287,0.664,3.0,0.006,12.437,0.002,0.08,31.063,-0.149,-0.531
00:00:05.086,1572874881608,1.578,0.017,36.287,0.664,3.0,0.005,12.464,0.002,0.08,31.27,-0.15,-0.531
00:00:05.087,1572874881609,1.574,0.018000000000000002,36.287,0.664,3.0,0.005,12.49,0.002,0.081,31.478,-0.15,-0.531
00:00:05.088,1572874881610,1.57,0.018000000000000002,36.287,0.664,3.0,0.004,12.515999999999998,0.002,0.08199999999999999,31.687,-0.15,-0.531
00:00:05.142,1572874881664,1.5659999999999998,0.018000000000000002,36.287,0.664,3.0,0.004,12.542,0.002,0.083,31.895,-0.151,-0.531
00:00:05.143,1572874881665,1.5619999999999998,0.018000000000000002,36.287,0.664,3.0,0.003,12.568,0.002,0.084,32.105,-0.151,-0.531
00:00:05.144,1572874881666,1.5590000000000002,0.019,36.287,0.664,3.0,0.003,12.594,0.002,0.085,32.314,-0.152,-0.531
00:00:05.188,1572874881710,1.555,0.019,36.287,0.664,3.0,0.002,12.62,0.001,0.085,32.524,-0.152,-0.531
00:00:05.189,1572874881711,1.5519999999999998,0.02,36.287,0.664,3.0,0.002,12.646,0.001,0.086,32.735,-0.153,-0.531
00:00:05.190,1572874881712,1.5490000000000002,0.021,36.287,0.664,3.0,0.002,12.671,0.001,0.087,32.946,-0.153,-0.531
00:00:05.240,1572874881762,1.545,0.022,36.287,0.664,3.0,0.002,12.697,0.001,0.08800000000000001,33.157,-0.153,-0.531
00:00:05.241,1572874881763,1.5419999999999998,0.023,36.287,0.664,3.0,0.001,12.723,0.001,0.08800000000000001,33.369,-0.154,-0.532
00:00:05.242,1572874881764,1.539,0.024,36.287,0.664,3.0,0.001,12.748,0.001,0.08900000000000001,33.581,-0.154,-0.532
00:00:05.291,1572874881813,1.536,0.025,36.287,0.664,3.0,0.001,12.774,0.001,0.08900000000000001,33.794000000000004,-0.155,-0.532
00:00:05.292,1572874881814,1.533,0.025,36.287,0.664,3.0,0.001,12.799,0.001,0.09,34.007,-0.155,-0.532
00:00:05.293,1572874881815,1.53,0.025,36.287,0.664,3.0,0.0,12.83,0.001,0.09,34.261,-0.155,-0.532
00:00:05.341,1572874881863,1.528,0.026,36.287,0.664,3.0,0.0,12.852,0.001,0.091,34.448,-0.156,-0.532
00:00:05.342,1572874881864,1.525,0.026,36.287,0.664,3.0,0.0,12.876,0.001,0.091,34.649,-0.156,-0.532
00:00:05.343,1572874881865,1.5219999999999998,0.025,36.287,0.664,3.0,0.0,12.901,0.001,0.091,34.864000000000004,-0.156,-0.532
00:00:05.397,1572874881919,1.52,0.025,36.287,0.664,3.0,0.0,12.925999999999998,0.001,0.091,35.079,-0.157,-0.532
00:00:05.398,1572874881920,1.517,0.025,36.287,0.664,3.0,-0.001,12.952,0.001,0.091,35.295,-0.157,-0.532
00:00:05.399,1572874881921,1.514,0.025,36.287,0.664,3.0,-0.001,12.977,0.001,0.091,35.511,-0.158,-0.532
00:00:05.443,1572874881965,1.5119999999999998,0.024,36.287,0.664,3.0,-0.001,13.002,0.001,0.091,35.727,-0.158,-0.532
00:00:05.444,1572874881966,1.509,0.024,36.287,0.664,3.0,-0.001,13.027,0.001,0.091,35.944,-0.158,-0.532
00:00:05.445,1572874881967,1.507,0.023,36.287,0.664,3.0,-0.001,13.052,0.001,0.091,36.162,-0.159,-0.532
00:00:05.492,1572874882014,1.505,0.023,36.287,0.664,3.0,-0.001,13.077,0.001,0.091,36.379,-0.159,-0.532
00:00:05.493,1572874882015,1.5019999999999998,0.023,36.287,0.664,3.0,-0.001,13.102,0.001,0.091,36.598,-0.159,-0.532
00:00:05.494,1572874882016,1.5,0.023,36.287,0.664,3.0,-0.002,13.127,0.001,0.091,36.816,-0.159,-0.532
00:00:05.543,1572874882065,1.497,0.023,36.287,0.664,3.0,-0.002,13.152,0.001,0.09,37.035,-0.16,-0.532
00:00:05.544,1572874882066,1.495,0.023,36.287,0.664,3.0,-0.002,13.177,0.001,0.09,37.255,-0.16,-0.531
00:00:05.545,1572874882067,1.493,0.023,36.287,0.664,3.0,-0.002,13.202,0.001,0.09,37.474,-0.16,-0.531
00:00:05.546,1572874882068,1.491,0.023,36.287,0.664,3.0,-0.002,13.227,0.001,0.08900000000000001,37.695,-0.161,-0.531
00:00:05.594,1572874882116,1.4880000000000002,0.023,36.287,0.664,3.0,-0.002,13.251,0.001,0.08900000000000001,37.915,-0.161,-0.531
00:00:05.595,1572874882117,1.486,0.023,36.287,0.664,3.0,-0.002,13.276,0.001,0.08900000000000001,38.136,-0.161,-0.531
00:00:05.596,1572874882118,1.484,0.023,36.287,0.664,3.0,-0.002,13.300999999999998,0.001,0.08800000000000001,38.358,-0.161,-0.531
00:00:05.645,1572874882167,1.481,0.023,36.287,0.664,3.0,-0.003,13.327,0.001,0.08800000000000001,38.594,-0.162,-0.531
00:00:05.646,1572874882168,1.4780000000000002,0.023,36.287,0.664,3.0,-0.003,13.35,0.001,0.08800000000000001,38.802,-0.162,-0.531
00:00:05.647,1572874882169,1.474,0.024,36.287,0.664,3.0,-0.003,13.375,0.001,0.087,39.025,-0.162,-0.531
00:00:05.695,1572874882217,1.471,0.024,36.287,0.664,3.0,-0.003,13.401,0.001,0.087,39.262,-0.163,-0.531
00:00:05.696,1572874882218,1.469,0.024,36.287,0.664,3.0,-0.003,13.424,0.001,0.087,39.471,-0.163,-0.531
00:00:05.697,1572874882219,1.467,0.025,36.287,0.664,3.0,-0.003,13.45,0.001,0.086,39.709,-0.163,-0.531
00:00:05.748,1572874882270,1.466,0.026,36.287,0.664,3.0,-0.003,13.473,0.001,0.086,39.92,-0.163,-0.531
00:00:05.749,1572874882271,1.465,0.026,36.287,0.664,3.0,-0.003,13.497,0.001,0.086,40.144,-0.163,-0.531
00:00:05.750,1572874882272,1.464,0.027000000000000003,36.287,0.664,3.0,-0.003,13.521,0.001,0.085,40.37,-0.16399999999999998,-0.531
00:00:05.795,1572874882317,1.463,0.027000000000000003,36.287,0.664,3.0,-0.003,13.546,0.001,0.085,40.595,-0.16399999999999998,-0.531
00:00:05.796,1572874882318,1.461,0.028,36.287,0.664,3.0,-0.003,13.572,0.001,0.085,40.835,-0.16399999999999998,-0.531
00:00:05.797,1572874882319,1.46,0.028,36.287,0.664,3.0,-0.003,13.595999999999998,0.001,0.085,41.062,-0.16399999999999998,-0.531
00:00:05.845,1572874882367,1.4580000000000002,0.028,36.287,0.664,3.0,-0.003,13.62,0.001,0.085,41.288,-0.16399999999999998,-0.531
00:00:05.846,1572874882368,1.457,0.029,36.287,0.664,3.0,-0.004,13.644,0.001,0.085,41.51600000000001,-0.165,-0.531
00:00:05.847,1572874882369,1.455,0.029,36.287,0.664,3.0,-0.004,13.669,0.001,0.085,41.743,-0.165,-0.531
00:00:05.895,1572874882417,1.454,0.029,36.287,0.664,3.0,-0.004,13.693,0.001,0.085,41.971,-0.165,-0.531
00:00:05.896,1572874882418,1.453,0.029,36.287,0.664,3.0,-0.004,13.717,0.001,0.085,42.2,-0.165,-0.531
00:00:05.897,1572874882419,1.453,0.029,36.287,0.664,3.0,-0.004,13.741,0.001,0.085,42.429,-0.165,-0.531
00:00:05.947,1572874882469,1.452,0.03,36.287,0.664,3.0,-0.004,13.765,0.001,0.085,42.658,-0.165,-0.531
00:00:05.948,1572874882470,1.4509999999999998,0.03,36.287,0.664,3.0,-0.004,13.79,0.001,0.086,42.887,-0.165,-0.531
00:00:05.949,1572874882471,1.4509999999999998,0.03,36.287,0.664,3.0,-0.004,13.814,0.001,0.086,43.117,-0.166,-0.532
00:00:06.000,1572874882522,1.45,0.031,36.287,0.664,3.0,-0.004,13.838,0.001,0.086,43.348,-0.166,-0.532
00:00:06.001,1572874882523,1.449,0.031,36.287,0.664,3.0,-0.004,13.862,0.001,0.086,43.57899999999999,-0.166,-0.532
00:00:06.002,1572874882524,1.449,0.031,36.287,0.664,3.0,-0.005,13.886,0.001,0.086,43.81,-0.166,-0.532
00:00:06.055,1572874882577,1.4480000000000002,0.031,36.287,0.664,3.0,-0.005,13.91,0.001,0.087,44.042,-0.166,-0.532
00:00:06.056,1572874882578,1.4480000000000002,0.031,36.287,0.664,3.0,-0.005,13.934,0.001,0.087,44.274,-0.166,-0.532
00:00:06.057,1572874882579,1.4469999999999998,0.031,36.287,0.664,3.0,-0.005,13.957,0.001,0.087,44.492,-0.166,-0.532
00:00:06.099,1572874882621,1.446,0.032,36.287,0.664,3.0,-0.005,13.983,0.001,0.087,44.739,-0.166,-0.532
00:00:06.100,1572874882622,1.446,0.032,36.287,0.664,3.0,-0.005,14.007,0.001,0.08800000000000001,44.972,-0.166,-0.532
00:00:06.101,1572874882623,1.445,0.032,36.287,0.664,3.0,-0.005,14.031,0.001,0.08800000000000001,45.206,-0.166,-0.532
00:00:06.153,1572874882675,1.445,0.032,36.287,0.664,3.0,-0.005,14.055,0.001,0.08800000000000001,45.44,-0.166,-0.532
00:00:06.154,1572874882676,1.444,0.033,36.287,0.664,3.0,-0.005,14.079,0.001,0.08800000000000001,45.674,-0.166,-0.532
00:00:06.155,1572874882677,1.444,0.033,36.287,0.664,3.0,-0.005,14.103,0.001,0.08900000000000001,45.909,-0.166,-0.532
00:00:06.200,1572874882722,1.443,0.034,36.287,0.664,3.0,-0.005,14.127,0.001,0.08900000000000001,46.144,-0.166,-0.532
00:00:06.201,1572874882723,1.442,0.035,36.287,0.664,3.0,-0.005,14.151,0.001,0.08900000000000001,46.38,-0.166,-0.532
00:00:06.202,1572874882724,1.442,0.035,36.287,0.664,3.0,-0.005,14.175,0.001,0.08900000000000001,46.61600000000001,-0.166,-0.532
00:00:06.250,1572874882772,1.4409999999999998,0.036000000000000004,36.287,0.664,3.0,-0.005,14.199000000000002,0.001,0.08900000000000001,46.853,-0.166,-0.532
00:00:06.251,1572874882773,1.4409999999999998,0.037000000000000005,36.287,0.664,3.0,-0.006,14.223,0.001,0.08900000000000001,47.089,-0.166,-0.532
00:00:06.252,1572874882774,1.44,0.037000000000000005,36.287,0.664,3.0,-0.006,14.247,0.001,0.09,47.327,-0.166,-0.532
00:00:06.303,1572874882825,1.44,0.038,36.287,0.664,3.0,-0.006,14.271,0.001,0.09,47.56399999999999,-0.166,-0.532
00:00:06.304,1572874882826,1.439,0.038,36.287,0.664,3.0,-0.006,14.295,0.001,0.09,47.802,-0.166,-0.532
00:00:06.305,1572874882827,1.4380000000000002,0.038,36.287,0.664,3.0,-0.006,14.319,0.001,0.09,48.041,-0.166,-0.532
00:00:06.352,1572874882874,1.4380000000000002,0.039,36.287,0.664,3.0,-0.006,14.343,0.001,0.09,48.28,-0.166,-0.532
00:00:06.353,1572874882875,1.4369999999999998,0.039,36.287,0.664,3.0,-0.006,14.367,0.001,0.09,48.519,-0.166,-0.532
00:00:06.354,1572874882876,1.4369999999999998,0.039,36.287,0.664,3.0,-0.006,14.390999999999998,0.001,0.09,48.75899999999999,-0.166,-0.532
00:00:06.403,1572874882925,1.436,0.039,36.141,0.664,3.0,-0.006,14.415,0.001,0.09,48.999,-0.166,-0.532
00:00:06.404,1572874882926,1.435,0.039,36.141,0.664,3.0,-0.006999999999999999,14.439,0.001,0.09,49.239,-0.165,-0.532
00:00:06.405,1572874882927,1.435,0.039,36.141,0.664,3.0,-0.006999999999999999,14.463,0.001,0.09,49.48,-0.165,-0.532
00:00:06.454,1572874882976,1.4340000000000002,0.039,36.141,0.664,3.0,-0.006999999999999999,14.486,0.001,0.091,49.721,-0.165,-0.532
00:00:06.455,1572874882977,1.433,0.039,36.141,0.664,3.0,-0.006999999999999999,14.51,0.001,0.091,49.963,-0.165,-0.532
00:00:06.456,1572874882978,1.432,0.039,36.141,0.664,3.0,-0.006999999999999999,14.534,0.001,0.091,50.205,-0.165,-0.532
00:00:06.503,1572874883025,1.431,0.04,36.287,0.664,3.0,-0.006999999999999999,14.558,0.001,0.091,50.447,-0.165,-0.532
00:00:06.504,1572874883026,1.431,0.04,36.287,0.664,3.0,-0.006999999999999999,14.582,0.001,0.091,50.69,-0.16399999999999998,-0.532
00:00:06.505,1572874883027,1.431,0.04,36.287,0.664,3.0,-0.006999999999999999,14.606,0.001,0.091,50.933,-0.16399999999999998,-0.532
00:00:06.553,1572874883075,1.431,0.04,36.287,0.664,3.0,-0.006999999999999999,14.63,0.001,0.091,51.177,-0.16399999999999998,-0.532
00:00:06.554,1572874883076,1.431,0.04,36.287,0.664,3.0,-0.006999999999999999,14.653,0.001,0.091,51.42100000000001,-0.16399999999999998,-0.532
00:00:06.555,1572874883077,1.43,0.04,36.287,0.664,3.0,-0.008,14.677,0.001,0.091,51.666,-0.16399999999999998,-0.532
00:00:06.606,1572874883128,1.43,0.04,36.287,0.664,3.0,-0.008,14.701,0.001,0.091,51.91,-0.163,-0.532
00:00:06.607,1572874883129,1.429,0.04,36.287,0.664,3.0,-0.008,14.725,0.001,0.091,52.15600000000001,-0.163,-0.532
00:00:06.608,1572874883130,1.429,0.04,36.287,0.664,3.0,-0.008,14.749,0.0,0.091,52.401,-0.163,-0.532
00:00:06.656,1572874883178,1.4280000000000002,0.04,36.287,0.664,3.0,-0.008,14.772,0.0,0.091,52.647,-0.162,-0.532
00:00:06.657,1572874883179,1.4269999999999998,0.04,36.287,0.664,3.0,-0.008,14.796,0.0,0.091,52.894,-0.162,-0.532
00:00:06.658,1572874883180,1.4269999999999998,0.04,36.287,0.664,3.0,-0.008,14.82,0.0,0.091,53.14,-0.162,-0.532
00:00:06.707,1572874883229,1.426,0.04,36.287,0.664,3.0,-0.008,14.844,0.0,0.091,53.38800000000001,-0.161,-0.532
00:00:06.708,1572874883230,1.426,0.04,36.287,0.664,3.0,-0.008,14.866,0.0,0.091,53.62,-0.161,-0.532
00:00:06.709,1572874883231,1.425,0.04,36.287,0.664,3.0,-0.008,14.890999999999998,0.0,0.092,53.883,-0.161,-0.532
00:00:06.758,1572874883280,1.425,0.039,36.287,0.664,3.0,-0.008,14.915,0.0,0.092,54.132,-0.16,-0.532
00:00:06.759,1572874883281,1.4240000000000002,0.039,36.287,0.664,3.0,-0.008,14.939,0.0,0.092,54.38,-0.16,-0.532
00:00:06.760,1572874883282,1.4240000000000002,0.039,36.287,0.664,3.0,-0.008,14.962,0.0,0.092,54.63,-0.16,-0.532
00:00:06.808,1572874883330,1.423,0.039,36.287,0.664,3.0,-0.008,14.986,0.0,0.092,54.879,-0.159,-0.532
00:00:06.809,1572874883331,1.423,0.039,36.287,0.664,3.0,-0.008,15.01,0.0,0.092,55.129,-0.159,-0.532
00:00:06.810,1572874883332,1.422,0.039,36.287,0.664,3.0,-0.008,15.034,0.0,0.092,55.379,-0.158,-0.532
00:00:06.858,1572874883380,1.421,0.039,36.287,0.664,3.0,-0.009000000000000001,15.057,0.0,0.092,55.63,-0.158,-0.532
00:00:06.859,1572874883381,1.421,0.039,36.287,0.664,3.0,-0.009000000000000001,15.081,0.0,0.092,55.881,-0.158,-0.532
00:00:06.860,1572874883382,1.42,0.039,36.287,0.664,3.0,-0.009000000000000001,15.105,0.0,0.093,56.133,-0.157,-0.532
00:00:06.908,1572874883430,1.42,0.038,36.287,0.664,3.0,-0.009000000000000001,15.128,0.0,0.093,56.385,-0.157,-0.532
00:00:06.909,1572874883431,1.419,0.038,36.287,0.664,3.0,-0.009000000000000001,15.152,0.0,0.093,56.637,-0.156,-0.532
00:00:06.910,1572874883432,1.419,0.038,36.287,0.664,3.0,-0.009000000000000001,15.175999999999998,0.0,0.093,56.89,-0.156,-0.532
00:00:06.965,1572874883487,1.418,0.038,36.287,0.664,3.0,-0.009000000000000001,15.199000000000002,0.0,0.093,57.143,-0.155,-0.532
00:00:06.966,1572874883488,1.418,0.038,36.287,0.664,3.0,-0.009000000000000001,15.223,0.0,0.093,57.397,-0.155,-0.532
00:00:06.967,1572874883489,1.4169999999999998,0.038,36.287,0.664,3.0,-0.009000000000000001,15.246,0.0,0.093,57.651,-0.154,-0.532
00:00:07.011,1572874883533,1.4169999999999998,0.038,36.287,0.664,3.0,-0.009000000000000001,15.27,0.0,0.093,57.905,-0.154,-0.532
00:00:07.012,1572874883534,1.416,0.038,36.287,0.664,3.0,-0.009000000000000001,15.294,0.0,0.094,58.16,-0.153,-0.532
00:00:07.013,1572874883535,1.416,0.038,36.287,0.664,3.0,-0.009000000000000001,15.317,0.0,0.094,58.415,-0.153,-0.532
00:00:07.014,1572874883536,1.415,0.038,36.287,0.664,3.0,-0.009000000000000001,15.341,0.0,0.094,58.67,-0.152,-0.532
00:00:07.069,1572874883591,1.415,0.038,36.287,0.664,3.0,-0.009000000000000001,15.364,0.0,0.094,58.926,-0.151,-0.532
00:00:07.070,1572874883592,1.414,0.038,36.287,0.664,3.0,-0.009000000000000001,15.388,0.0,0.094,59.182,-0.151,-0.532
00:00:07.071,1572874883593,1.413,0.038,36.287,0.664,3.0,-0.009000000000000001,15.411,0.0,0.094,59.43899999999999,-0.15,-0.532
00:00:07.113,1572874883635,1.413,0.038,36.287,0.664,3.0,-0.009000000000000001,15.435,0.0,0.094,59.69600000000001,-0.15,-0.532
00:00:07.114,1572874883636,1.412,0.038,36.287,0.664,3.0,-0.009000000000000001,15.459,0.0,0.094,59.953,-0.149,-0.532
00:00:07.115,1572874883637,1.412,0.038,36.287,0.664,3.0,-0.009000000000000001,15.482,0.0,0.094,60.21100000000001,-0.14800000000000002,-0.532
00:00:07.164,1572874883686,1.411,0.038,36.287,0.664,3.0,-0.009000000000000001,15.505999999999998,0.0,0.095,60.47,-0.14800000000000002,-0.532
00:00:07.165,1572874883687,1.411,0.038,36.287,0.664,3.0,-0.009000000000000001,15.529000000000002,0.0,0.095,60.728,-0.147,-0.532
00:00:07.166,1572874883688,1.41,0.038,36.287,0.664,3.0,-0.009000000000000001,15.553,0.0,0.095,60.987,-0.146,-0.532
00:00:07.215,1572874883737,1.41,0.038,36.287,0.664,3.0,-0.009000000000000001,15.576,0.0,0.095,61.247,-0.146,-0.532
00:00:07.216,1572874883738,1.41,0.038,36.287,0.664,3.0,-0.009000000000000001,15.6,0.0,0.095,61.506,-0.145,-0.532
00:00:07.217,1572874883739,1.409,0.038,36.287,0.664,3.0,-0.01,15.623,0.0,0.095,61.767,-0.14400000000000002,-0.532
00:00:07.269,1572874883791,1.409,0.038,36.287,0.664,3.0,-0.01,15.647,0.0,0.095,62.027,-0.14400000000000002,-0.532
00:00:07.270,1572874883792,1.409,0.038,36.287,0.664,3.0,-0.01,15.67,0.0,0.095,62.288,-0.14300000000000002,-0.532
00:00:07.271,1572874883793,1.408,0.038,36.287,0.664,3.0,-0.01,15.693,0.0,0.095,62.549,-0.142,-0.532
00:00:07.316,1572874883838,1.408,0.038,36.287,0.664,3.0,-0.01,15.717,0.0,0.095,62.81100000000001,-0.141,-0.532
00:00:07.317,1572874883839,1.408,0.038,36.287,0.664,3.0,-0.01,15.74,0.0,0.096,63.073,-0.141,-0.532
00:00:07.318,1572874883840,1.4069999999999998,0.038,36.287,0.664,3.0,-0.01,15.764,0.0,0.096,63.33600000000001,-0.14,-0.532
00:00:07.372,1572874883894,1.4069999999999998,0.037000000000000005,36.287,0.664,3.0,-0.01,15.787,0.0,0.096,63.599,-0.139,-0.532
00:00:07.373,1572874883895,1.4069999999999998,0.037000000000000005,36.287,0.664,3.0,-0.01,15.811,0.0,0.096,63.862,-0.138,-0.532
00:00:07.374,1572874883896,1.406,0.037000000000000005,36.287,0.664,3.0,-0.01,15.834,0.0,0.096,64.126,-0.13699999999999998,-0.532
00:00:07.422,1572874883944,1.406,0.036000000000000004,36.287,0.664,3.0,-0.01,15.858,0.0,0.096,64.39,-0.13699999999999998,-0.532
00:00:07.423,1572874883945,1.406,0.036000000000000004,36.287,0.664,3.0,-0.01,15.880999999999998,0.0,0.096,64.654,-0.136,-0.532
00:00:07.424,1572874883946,1.405,0.035,36.287,0.664,3.0,-0.01,15.904000000000002,0.0,0.096,64.919,-0.135,-0.532
00:00:07.473,1572874883995,1.405,0.035,36.287,0.664,3.0,-0.01,15.928,0.0,0.096,65.185,-0.134,-0.532
00:00:07.474,1572874883996,1.405,0.034,36.287,0.664,3.0,-0.01,15.951,0.0,0.096,65.45,-0.133,-0.532
00:00:07.475,1572874883997,1.405,0.033,36.287,0.664,3.0,-0.01,15.975,-0.001,0.097,65.71600000000001,-0.132,-0.532
00:00:07.532,1572874884054,1.404,0.032,36.287,0.664,3.0,-0.01,15.998,-0.001,0.097,65.983,-0.131,-0.532
00:00:07.533,1572874884055,1.404,0.03,36.287,0.664,3.0,-0.01,16.021,-0.001,0.097,66.25,-0.131,-0.532
00:00:07.534,1572874884056,1.404,0.028,36.287,0.664,3.0,-0.01,16.045,-0.001,0.097,66.517,-0.13,-0.532
00:00:07.535,1572874884057,1.403,0.026,36.287,0.664,3.0,-0.01,16.067999999999998,-0.001,0.097,66.78399999999999,-0.129,-0.532
00:00:07.582,1572874884104,1.403,0.023,36.287,0.664,3.0,-0.01,16.092,-0.001,0.097,67.05199999999999,-0.128,-0.532
00:00:07.583,1572874884105,1.402,0.02,36.141,0.664,3.0,-0.01,16.115,-0.001,0.097,67.321,-0.127,-0.532
00:00:07.584,1572874884106,1.4,0.017,36.141,0.664,3.0,-0.01,16.137999999999998,-0.001,0.097,67.59,-0.126,-0.532
00:00:07.635,1572874884157,1.398,0.015,36.141,0.664,3.0,-0.01,16.160999999999998,-0.001,0.097,67.859,-0.125,-0.532
00:00:07.636,1572874884158,1.396,0.012,36.141,0.664,3.0,-0.01,16.185,-0.002,0.098,68.128,-0.124,-0.532
00:00:07.637,1572874884159,1.395,0.009000000000000001,36.141,0.664,3.0,-0.01,16.208,-0.002,0.098,68.398,-0.123,-0.532
00:00:07.682,1572874884204,1.395,0.006999999999999999,36.141,0.664,3.0,-0.01,16.230999999999998,-0.002,0.098,68.669,-0.122,-0.532
00:00:07.683,1572874884205,1.395,0.005,36.287,0.664,3.0,-0.009000000000000001,16.254,-0.002,0.098,68.939,-0.121,-0.532
00:00:07.684,1572874884206,1.395,0.003,36.287,0.664,3.0,-0.009000000000000001,16.278,-0.002,0.098,69.21,-0.12,-0.532
00:00:07.732,1572874884254,1.395,0.001,36.287,0.664,3.0,-0.009000000000000001,16.301,-0.002,0.098,69.482,-0.119,-0.532
00:00:07.733,1572874884255,1.396,-0.001,36.287,0.664,3.0,-0.009000000000000001,16.324,-0.002,0.098,69.75399999999999,-0.118,-0.532
00:00:07.734,1572874884256,1.395,-0.003,36.287,0.664,3.0,-0.008,16.348,-0.002,0.098,70.02600000000001,-0.117,-0.532
00:00:07.788,1572874884310,1.395,-0.006,36.287,0.664,3.0,-0.008,16.371,-0.002,0.098,70.29899999999999,-0.116,-0.532
00:00:07.789,1572874884311,1.395,-0.009000000000000001,36.287,0.664,3.0,-0.008,16.394000000000002,-0.002,0.098,70.572,-0.116,-0.532
00:00:07.790,1572874884312,1.394,-0.013,36.287,0.664,3.0,-0.008,16.417,-0.002,0.098,70.845,-0.115,-0.532
00:00:07.833,1572874884355,1.394,-0.017,36.287,0.664,3.0,-0.006999999999999999,16.44,-0.002,0.099,71.119,-0.114,-0.532
00:00:07.834,1572874884356,1.393,-0.022,36.287,0.664,3.0,-0.006999999999999999,16.464000000000002,-0.002,0.099,71.393,-0.113,-0.532
00:00:07.835,1572874884357,1.392,-0.027000000000000003,36.287,0.664,3.0,-0.006999999999999999,16.487000000000002,-0.002,0.099,71.668,-0.112,-0.532
00:00:07.884,1572874884406,1.392,-0.033,36.287,0.664,3.0,-0.006999999999999999,16.51,-0.002,0.099,71.943,-0.111,-0.532
00:00:07.885,1572874884407,1.391,-0.039,36.287,0.664,3.0,-0.006,16.533,-0.002,0.099,72.218,-0.11,-0.532
00:00:07.886,1572874884408,1.39,-0.045,36.287,0.664,3.0,-0.006,16.555999999999994,-0.002,0.099,72.494,-0.109,-0.532
00:00:07.934,1572874884456,1.39,-0.051,36.287,0.664,3.0,-0.005,16.58,-0.002,0.099,72.77,-0.108,-0.532
00:00:07.935,1572874884457,1.389,-0.057,36.287,0.664,3.0,-0.005,16.602999999999998,-0.002,0.099,73.047,-0.107,-0.532
00:00:07.936,1572874884458,1.389,-0.063,36.287,0.664,3.0,-0.004,16.625999999999998,-0.002,0.099,73.32300000000002,-0.106,-0.532
00:00:07.992,1572874884514,1.388,-0.068,36.287,0.664,3.0,-0.003,16.649,-0.003,0.099,73.601,-0.106,-0.532
00:00:07.993,1572874884515,1.3869999999999998,-0.073,36.287,0.664,3.0,-0.002,16.672,-0.003,0.1,73.878,-0.105,-0.532
00:00:07.994,1572874884516,1.3869999999999998,-0.077,36.287,0.664,3.0,-0.001,16.695,-0.003,0.1,74.156,-0.104,-0.532
00:00:08.042,1572874884564,1.386,-0.081,36.287,0.664,3.0,0.0,16.718,-0.002,0.1,74.435,-0.103,-0.532
00:00:08.051,1572874884573,1.385,-0.083,36.287,0.664,3.0,0.001,16.741,-0.002,0.1,74.714,-0.102,-0.532
00:00:08.052,1572874884574,1.385,-0.085,36.287,0.664,3.0,0.002,16.764,-0.002,0.1,74.993,-0.102,-0.532
00:00:08.095,1572874884617,1.384,-0.087,36.287,0.664,3.0,0.003,16.787,-0.002,0.1,75.273,-0.101,-0.532
00:00:08.096,1572874884618,1.383,-0.08800000000000001,36.141,0.664,3.0,0.004,16.81,-0.001,0.1,75.553,-0.1,-0.532
00:00:08.097,1572874884619,1.383,-0.08900000000000001,36.141,0.664,3.0,0.005,16.833,-0.001,0.1,75.833,-0.1,-0.532
00:00:08.142,1572874884664,1.381,-0.09,36.141,0.664,3.0,0.006,16.857,-0.001,0.1,76.11399999999998,-0.099,-0.532
00:00:08.143,1572874884665,1.38,-0.091,36.141,0.664,3.0,0.006999999999999999,16.879,0.0,0.1,76.395,-0.098,-0.532
00:00:08.144,1572874884666,1.379,-0.092,36.141,0.664,3.0,0.008,16.902,0.0,0.1,76.676,-0.098,-0.532
00:00:08.192,1572874884714,1.379,-0.094,36.141,0.664,3.0,0.009000000000000001,16.925,0.001,0.1,76.958,-0.097,-0.532
00:00:08.193,1572874884715,1.378,-0.095,35.628,0.664,3.0,0.01,16.948,0.001,0.1,77.241,-0.097,-0.532
00:00:08.194,1572874884716,1.3769999999999998,-0.096,35.628,0.664,3.0,0.01,16.971,0.001,0.1,77.523,-0.096,-0.532
00:00:08.195,1572874884717,1.374,-0.097,35.628,0.664,3.0,0.011,16.994,0.002,0.1,77.806,-0.096,-0.532
00:00:08.244,1572874884766,1.372,-0.098,35.628,0.664,3.0,0.012,17.017,0.002,0.1,78.09,-0.095,-0.532
00:00:08.245,1572874884767,1.37,-0.098,35.628,0.664,3.0,0.013,17.04,0.002,0.1,78.373,-0.095,-0.532
00:00:08.246,1572874884768,1.369,-0.098,35.628,0.664,3.0,0.013,17.063,0.002,0.1,78.658,-0.094,-0.532
00:00:08.295,1572874884817,1.369,-0.098,33.943000000000005,0.664,3.0,0.014,17.085,0.002,0.1,78.942,-0.094,-0.532
00:00:08.296,1572874884818,1.366,-0.098,33.943000000000005,0.664,3.0,0.015,17.108,0.002,0.1,79.227,-0.094,-0.532
00:00:08.297,1572874884819,1.36,-0.097,33.943000000000005,0.664,3.0,0.015,17.131,0.002,0.1,79.513,-0.093,-0.532
00:00:08.349,1572874884871,1.352,-0.097,33.943000000000005,0.664,3.0,0.016,17.153,0.002,0.1,79.798,-0.093,-0.532
00:00:08.350,1572874884872,1.347,-0.096,33.943000000000005,0.664,3.0,0.016,17.176,0.002,0.1,80.084,-0.093,-0.532
00:00:08.351,1572874884873,1.346,-0.095,33.943000000000005,0.664,3.0,0.017,17.198,0.002,0.1,80.37100000000002,-0.092,-0.532
00:00:08.399,1572874884921,1.346,-0.094,31.966,0.664,3.0,0.017,17.22,0.002,0.1,80.658,-0.092,-0.532
00:00:08.400,1572874884922,1.344,-0.093,31.966,0.664,3.0,0.018000000000000002,17.243,0.002,0.1,80.945,-0.092,-0.532
00:00:08.401,1572874884923,1.337,-0.091,31.966,0.664,3.0,0.018000000000000002,17.265,0.002,0.1,81.232,-0.092,-0.532
00:00:08.449,1572874884971,1.328,-0.09,31.966,0.664,3.0,0.018000000000000002,17.287,0.002,0.1,81.52,-0.092,-0.532
00:00:08.450,1572874884972,1.3219999999999998,-0.08800000000000001,31.966,0.664,3.0,0.019,17.309,0.002,0.1,81.809,-0.092,-0.532
00:00:08.451,1572874884973,1.32,-0.086,31.966,0.664,3.0,0.019,17.331,0.002,0.1,82.09700000000002,-0.091,-0.532
00:00:08.506,1572874885028,1.32,-0.084,29.768,0.664,3.0,0.02,17.352999999999998,0.002,0.1,82.38600000000002,-0.091,-0.532
00:00:08.507,1572874885029,1.317,-0.081,29.768,0.664,3.0,0.02,17.375,0.002,0.099,82.676,-0.091,-0.532
00:00:08.508,1572874885030,1.307,-0.079,29.768,0.664,3.0,0.02,17.396,0.002,0.099,82.965,-0.091,-0.532
00:00:08.556,1572874885078,1.294,-0.075,29.768,0.664,3.0,0.021,17.418,0.002,0.099,83.256,-0.091,-0.532
00:00:08.557,1572874885079,1.285,-0.07200000000000001,29.768,0.664,3.0,0.021,17.439,0.003,0.099,83.546,-0.091,-0.532
00:00:08.558,1572874885080,1.2819999999999998,-0.068,29.768,0.664,3.0,0.021,17.46,0.003,0.098,83.837,-0.091,-0.532
00:00:08.607,1572874885129,1.2819999999999998,-0.064,28.304,0.664,3.0,0.021,17.482,0.003,0.098,84.12799999999999,-0.091,-0.532
00:00:08.608,1572874885130,1.276,-0.059,28.304,0.664,3.0,0.022,17.503,0.003,0.098,84.42,-0.091,-0.532
00:00:08.609,1572874885131,1.255,-0.055,28.304,0.664,3.0,0.022,17.523,0.003,0.097,84.711,-0.092,-0.532
00:00:08.658,1572874885180,1.229,-0.05,28.304,0.664,3.0,0.022,17.544,0.003,0.096,85.00399999999998,-0.092,-0.532
00:00:08.659,1572874885181,1.211,-0.044,28.304,0.664,3.0,0.022,17.564,0.003,0.096,85.296,-0.092,-0.532
00:00:08.660,1572874885182,1.204,-0.039,28.304,0.664,3.0,0.022,17.584,0.004,0.095,85.589,-0.092,-0.532
00:00:08.708,1572874885230,1.206,-0.034,26.765,0.664,3.0,0.022,17.604,0.004,0.094,85.882,-0.092,-0.532
00:00:08.709,1572874885231,1.202,-0.028,26.765,0.664,3.0,0.021,17.624000000000006,0.004,0.094,86.176,-0.092,-0.532
00:00:08.710,1572874885232,1.1840000000000002,-0.023,26.765,0.664,3.0,0.021,17.643,0.004,0.093,86.47,-0.092,-0.532
00:00:08.758,1572874885280,1.158,-0.018000000000000002,26.765,0.664,3.0,0.021,17.662,0.004,0.092,86.764,-0.092,-0.532
00:00:08.759,1572874885281,1.139,-0.013,26.765,0.664,3.0,0.02,17.680999999999994,0.004,0.091,87.059,-0.093,-0.532
00:00:08.760,1572874885282,1.13,-0.009000000000000001,26.765,0.664,3.0,0.019,17.7,0.004,0.09,87.353,-0.093,-0.532
00:00:08.808,1572874885330,1.13,-0.005,26.106,0.664,3.0,0.019,17.718,0.004,0.08900000000000001,87.649,-0.093,-0.532
00:00:08.809,1572874885331,1.131,-0.002,26.106,0.664,3.0,0.018000000000000002,17.737000000000005,0.004,0.08800000000000001,87.944,-0.093,-0.532
00:00:08.810,1572874885332,1.125,0.001,26.106,0.664,3.0,0.017,17.756,0.004,0.087,88.24,-0.093,-0.532
00:00:08.858,1572874885380,1.116,0.003,26.106,0.664,3.0,0.016,17.774,0.003,0.085,88.536,-0.093,-0.532
00:00:08.859,1572874885381,1.107,0.004,26.106,0.664,3.0,0.015,17.793,0.003,0.084,88.83200000000002,-0.093,-0.532
00:00:08.860,1572874885382,1.102,0.005,26.106,0.664,3.0,0.014,17.811,0.003,0.083,89.12899999999998,-0.094,-0.532
00:00:08.911,1572874885433,1.101,0.006999999999999999,25.813,0.664,3.0,0.014,17.829,0.002,0.08199999999999999,89.426,-0.094,-0.532
00:00:08.912,1572874885434,1.124,0.008,25.813,0.664,3.0,0.013,17.849,0.002,0.081,89.723,-0.094,-0.532
00:00:08.913,1572874885435,1.198,0.01,25.813,0.664,3.0,0.012,17.87,0.002,0.08,90.021,-0.094,-0.532
00:00:08.966,1572874885488,1.277,0.012,25.813,0.664,3.0,0.012,17.892,0.001,0.08,90.319,-0.094,-0.532
00:00:08.967,1572874885489,1.3130000000000002,0.013,25.813,0.664,3.0,0.011,17.914,0.001,0.08,90.617,-0.094,-0.532
00:00:08.968,1572874885490,1.295,0.015,25.813,0.664,3.0,0.01,17.935,0.0,0.08,90.916,-0.094,-0.532
00:00:08.969,1572874885491,1.243,0.017,25.301,0.664,3.0,0.01,17.955,0.0,0.08,91.215,-0.094,-0.532
00:00:09.012,1572874885534,1.1840000000000002,0.018000000000000002,25.301,0.664,3.0,0.009000000000000001,17.974,0.0,0.08,91.515,-0.095,-0.532
00:00:09.013,1572874885535,1.131,0.02,25.301,0.664,3.0,0.008,17.992,-0.001,0.08,91.814,-0.095,-0.532
00:00:09.014,1572874885536,1.086,0.021,25.301,0.664,3.0,0.008,18.01,-0.001,0.08,92.114,-0.095,-0.532
00:00:09.063,1572874885585,1.05,0.022,25.301,0.664,3.0,0.006999999999999999,18.027,-0.001,0.08,92.415,-0.095,-0.532
00:00:09.064,1572874885586,1.023,0.023,25.301,0.664,3.0,0.006999999999999999,18.044,-0.001,0.079,92.715,-0.095,-0.532
00:00:09.065,1572874885587,1.002,0.023,24.641,0.664,3.0,0.006,18.06,-0.001,0.078,93.016,-0.095,-0.532
00:00:09.122,1572874885644,0.983,0.024,24.641,0.664,3.0,0.005,18.076,-0.002,0.078,93.317,-0.095,-0.532
00:00:09.123,1572874885645,0.963,0.024,24.641,0.664,3.0,0.005,18.092,-0.002,0.077,93.619,-0.095,-0.532
00:00:09.124,1572874885646,0.942,0.024,24.641,0.664,3.0,0.004,18.107,-0.002,0.076,93.92,-0.095,-0.532
00:00:09.177,1572874885699,0.922,0.024,24.641,0.664,3.0,0.004,18.122,-0.002,0.075,94.222,-0.095,-0.532
00:00:09.178,1572874885700,0.904,0.023,24.641,0.664,3.0,0.004,18.137,-0.002,0.073,94.524,-0.095,-0.532
00:00:09.179,1572874885701,0.888,0.023,23.982,0.664,3.0,0.003,18.152,-0.002,0.07200000000000001,94.827,-0.095,-0.532
00:00:09.223,1572874885745,0.8740000000000001,0.023,23.982,0.664,3.0,0.003,18.166,-0.002,0.071,95.13,-0.096,-0.532
00:00:09.224,1572874885746,0.8590000000000001,0.023,23.982,0.664,3.0,0.002,18.18,-0.002,0.069,95.432,-0.096,-0.532
00:00:09.225,1572874885747,0.843,0.022,23.982,0.664,3.0,0.002,18.194000000000006,-0.002,0.068,95.736,-0.096,-0.532
00:00:09.274,1572874885796,0.8290000000000001,0.022,23.982,0.664,3.0,0.001,18.208,-0.002,0.066,96.039,-0.096,-0.532
00:00:09.275,1572874885797,0.816,0.022,23.982,0.664,3.0,0.001,18.221,-0.002,0.065,96.342,-0.096,-0.532
00:00:09.276,1572874885798,0.8059999999999999,0.021,23.762,0.664,3.0,0.001,18.235,-0.002,0.063,96.646,-0.096,-0.532
00:00:09.324,1572874885846,0.7979999999999999,0.021,23.762,0.664,3.0,0.0,18.248,-0.001,0.061,96.95,-0.096,-0.532
00:00:09.325,1572874885847,0.789,0.02,23.762,0.664,3.0,0.0,18.261,-0.001,0.06,97.255,-0.096,-0.532
00:00:09.326,1572874885848,0.7809999999999999,0.02,23.762,0.664,3.0,0.0,18.274,-0.001,0.058,97.559,-0.096,-0.532
00:00:09.374,1572874885896,0.774,0.019,23.762,0.664,3.0,0.0,18.287,-0.001,0.056,97.864,-0.096,-0.532
00:00:09.375,1572874885897,0.767,0.018000000000000002,23.762,0.664,3.0,-0.001,18.299,-0.001,0.054000000000000006,98.169,-0.096,-0.532
00:00:09.376,1572874885898,0.7609999999999999,0.018000000000000002,23.469,0.664,3.0,-0.001,18.312,-0.001,0.052000000000000005,98.474,-0.096,-0.532
00:00:09.432,1572874885954,0.755,0.017,23.469,0.664,3.0,-0.001,18.324,-0.001,0.051,98.779,-0.096,-0.532
00:00:09.433,1572874885955,0.7490000000000001,0.016,23.469,0.664,3.0,-0.001,18.337,-0.001,0.049,99.084,-0.096,-0.532
00:00:09.434,1572874885956,0.742,0.015,23.469,0.664,3.0,-0.001,18.349,-0.001,0.047,99.39,-0.095,-0.532
00:00:09.474,1572874885996,0.736,0.015,23.469,0.664,3.0,-0.002,18.361,-0.001,0.045,99.696,-0.095,-0.532
00:00:09.475,1572874885997,0.732,0.014,23.469,0.664,3.0,-0.002,18.373,-0.001,0.044,100.002,-0.095,-0.532
00:00:09.476,1572874885998,0.728,0.014,23.469,0.664,3.0,-0.002,18.385,-0.001,0.042,100.309,-0.095,-0.532
00:00:09.524,1572874886046,0.7240000000000001,0.013,23.469,0.664,3.0,-0.002,18.397,-0.001,0.041,100.615,-0.095,-0.532
00:00:09.525,1572874886047,0.722,0.013,23.469,0.664,3.0,-0.002,18.409,-0.001,0.039,100.922,-0.095,-0.532
00:00:09.526,1572874886048,0.7190000000000001,0.013,23.469,0.664,3.0,-0.002,18.421,-0.001,0.038,101.229,-0.095,-0.532
00:00:09.574,1572874886096,0.7170000000000001,0.012,23.469,0.664,3.0,-0.002,18.433,-0.001,0.036000000000000004,101.536,-0.095,-0.532
00:00:09.575,1572874886097,0.7140000000000001,0.012,23.469,0.664,3.0,-0.002,18.445,-0.001,0.035,101.843,-0.095,-0.532
00:00:09.576,1572874886098,0.711,0.011,23.469,0.664,3.0,-0.002,18.457,-0.001,0.034,102.151,-0.095,-0.532
00:00:09.626,1572874886148,0.708,0.011,23.469,0.664,3.0,-0.002,18.469,-0.001,0.033,102.458,-0.095,-0.532
00:00:09.627,1572874886149,0.706,0.011,23.469,0.664,3.0,-0.003,18.48,-0.001,0.032,102.766,-0.095,-0.532
00:00:09.628,1572874886150,0.703,0.011,23.469,0.664,3.0,-0.003,18.492,-0.001,0.032,103.074,-0.095,-0.532
00:00:09.629,1572874886151,0.701,0.011,23.469,0.664,3.0,-0.003,18.504,-0.001,0.031,103.383,-0.095,-0.532
00:00:09.677,1572874886199,0.6990000000000001,0.011,23.469,0.664,3.0,-0.003,18.515,-0.001,0.031,103.691,-0.095,-0.532
00:00:09.678,1572874886200,0.6970000000000001,0.011,23.469,0.664,3.0,-0.003,18.527,-0.001,0.03,104.0,-0.095,-0.532
00:00:09.679,1572874886201,0.696,0.011,23.469,0.664,3.0,-0.003,18.539,-0.001,0.03,104.309,-0.094,-0.532
00:00:09.727,1572874886249,0.695,0.011,23.469,0.664,3.0,-0.003,18.55,0.0,0.03,104.618,-0.094,-0.5329999999999999
00:00:09.728,1572874886250,0.6940000000000001,0.01,23.469,0.664,3.0,-0.003,18.562,0.0,0.03,104.927,-0.094,-0.5329999999999999
00:00:09.729,1572874886251,0.693,0.011,23.469,0.664,3.0,-0.003,18.573,0.0,0.03,105.237,-0.094,-0.5329999999999999
00:00:09.779,1572874886301,0.691,0.011,23.469,0.664,3.0,-0.003,18.585,0.0,0.03,105.546,-0.094,-0.5329999999999999
00:00:09.780,1572874886302,0.69,0.011,23.616,0.664,3.0,-0.003,18.596,0.0,0.03,105.856,-0.094,-0.5329999999999999
00:00:09.781,1572874886303,0.69,0.011,23.616,0.664,3.0,-0.003,18.608,0.0,0.031,106.166,-0.094,-0.5329999999999999
00:00:09.832,1572874886354,0.6890000000000001,0.011,23.616,0.664,3.0,-0.003,18.619,0.0,0.031,106.476,-0.094,-0.5329999999999999
00:00:09.833,1572874886355,0.6890000000000001,0.011,23.616,0.664,3.0,-0.003,18.631,0.0,0.031,106.806,-0.094,-0.5329999999999999
00:00:09.834,1572874886356,0.6890000000000001,0.011,23.616,0.664,3.0,-0.003,18.642,0.0,0.031,107.097,-0.093,-0.5329999999999999
00:00:09.877,1572874886399,0.6890000000000001,0.011,23.616,0.664,3.0,-0.003,18.654,0.0,0.032,107.408,-0.093,-0.5329999999999999
00:00:09.878,1572874886400,0.688,0.011,23.616,0.664,3.0,-0.003,18.665,0.0,0.032,107.719,-0.093,-0.5329999999999999
00:00:09.879,1572874886401,0.688,0.011,23.616,0.664,3.0,-0.003,18.677,0.0,0.032,108.03,-0.093,-0.5329999999999999
00:00:09.934,1572874886456,0.687,0.011,23.616,0.664,3.0,-0.003,18.688,0.0,0.033,108.342,-0.093,-0.5329999999999999
00:00:09.935,1572874886457,0.6859999999999999,0.012,23.616,0.664,3.0,-0.003,18.699,0.0,0.033,108.653,-0.093,-0.5329999999999999
00:00:09.936,1572874886458,0.685,0.012,23.616,0.664,3.0,-0.003,18.711,0.0,0.033,108.965,-0.093,-0.5329999999999999
00:00:09.982,1572874886504,0.684,0.012,23.616,0.664,3.0,-0.003,18.722,0.0,0.033,109.277,-0.093,-0.5329999999999999
00:00:09.983,1572874886505,0.6829999999999999,0.012,23.469,0.664,3.0,-0.003,18.734,0.0,0.034,109.589,-0.092,-0.5329999999999999
00:00:09.984,1572874886506,0.682,0.013,23.469,0.664,3.0,-0.003,18.745,0.0,0.034,109.901,-0.092,-0.5329999999999999
00:00:10.043,1572874886565,0.6809999999999999,0.013,23.469,0.664,3.0,-0.003,18.756,0.0,0.034,110.214,-0.092,-0.5329999999999999
00:00:10.044,1572874886566,0.679,0.013,23.469,0.664,3.0,-0.003,18.768,0.0,0.034,110.527,-0.092,-0.5329999999999999
00:00:10.045,1572874886567,0.6779999999999999,0.013,23.469,0.664,3.0,-0.003,18.779,0.0,0.034,110.839,-0.092,-0.5329999999999999
00:00:10.084,1572874886606,0.6759999999999999,0.013,23.469,0.664,3.0,-0.003,18.79,-0.001,0.034,111.153,-0.092,-0.5329999999999999
00:00:10.085,1572874886607,0.675,0.013,23.616,0.664,3.0,-0.003,18.801,-0.001,0.034,111.466,-0.092,-0.5329999999999999
00:00:10.086,1572874886608,0.674,0.014,23.616,0.664,3.0,-0.003,18.813,-0.001,0.034,111.779,-0.091,-0.5329999999999999
00:00:10.153,1572874886675,0.674,0.014,23.616,0.664,3.0,-0.004,18.825,-0.001,0.034,112.113,-0.091,-0.5329999999999999
00:00:10.154,1572874886676,0.675,0.014,23.616,0.664,3.0,-0.004,18.835,-0.001,0.034,112.407,-0.091,-0.5329999999999999
00:00:10.155,1572874886677,0.675,0.015,23.616,0.664,3.0,-0.004,18.846,-0.001,0.034,112.721,-0.091,-0.5329999999999999
00:00:10.189,1572874886711,0.675,0.015,23.616,0.664,3.0,-0.004,18.857,-0.001,0.034,113.015,-0.091,-0.5329999999999999
00:00:10.190,1572874886712,0.675,0.015,23.616,0.664,3.0,-0.004,18.865,-0.001,0.034,113.251,-0.09,-0.5329999999999999
00:00:10.191,1572874886713,0.675,0.016,23.616,0.664,3.0,-0.004,18.877,-0.001,0.034,113.566,-0.09,-0.5329999999999999
00:00:10.238,1572874886760,0.674,0.016,23.616,0.664,3.0,-0.004,18.888,-0.001,0.034,113.88,-0.09,-0.5329999999999999
00:00:10.239,1572874886761,0.674,0.016,23.616,0.664,3.0,-0.004,18.9,-0.001,0.034,114.215,-0.09,-0.5329999999999999
00:00:10.240,1572874886762,0.6729999999999999,0.017,23.616,0.664,3.0,-0.004,18.91,-0.001,0.034,114.51,-0.09,-0.5329999999999999
00:00:10.288,1572874886810,0.6729999999999999,0.017,23.616,0.664,3.0,-0.004,18.921,-0.001,0.034,114.825,-0.08900000000000001,-0.5329999999999999
00:00:10.289,1572874886811,0.672,0.017,23.616,0.664,3.0,-0.004,18.933,-0.001,0.033,115.141,-0.08900000000000001,-0.5329999999999999
00:00:10.290,1572874886812,0.6709999999999999,0.017,23.616,0.664,3.0,-0.004,18.944000000000006,-0.001,0.033,115.457,-0.08900000000000001,-0.5329999999999999
00:00:10.342,1572874886864,0.6709999999999999,0.018000000000000002,23.616,0.664,3.0,-0.004,18.956,-0.001,0.033,115.792,-0.08900000000000001,-0.5329999999999999
00:00:10.343,1572874886865,0.67,0.018000000000000002,23.616,0.664,3.0,-0.004,18.967,-0.001,0.033,116.108,-0.08900000000000001,-0.5329999999999999
00:00:10.344,1572874886866,0.669,0.018000000000000002,23.616,0.664,3.0,-0.004,18.977,-0.001,0.033,116.405,-0.08800000000000001,-0.5329999999999999
00:00:10.390,1572874886912,0.669,0.018000000000000002,23.616,0.664,3.0,-0.004,18.989,-0.001,0.033,116.741,-0.08800000000000001,-0.5329999999999999
00:00:10.391,1572874886913,0.6679999999999999,0.018000000000000002,24.275,0.664,3.0,-0.004,19.0,-0.001,0.032,117.057,-0.08800000000000001,-0.5329999999999999
00:00:10.392,1572874886914,0.669,0.018000000000000002,24.275,0.664,3.0,-0.005,19.011,-0.001,0.032,117.374,-0.08800000000000001,-0.5329999999999999
00:00:10.441,1572874886963,0.6709999999999999,0.018000000000000002,24.275,0.664,3.0,-0.005,19.023,-0.001,0.032,117.691,-0.087,-0.5329999999999999
00:00:10.442,1572874886964,0.674,0.018000000000000002,24.275,0.664,3.0,-0.005,19.034,-0.001,0.032,118.008,-0.087,-0.5329999999999999
00:00:10.443,1572874886965,0.6779999999999999,0.019,24.275,0.664,3.0,-0.005,19.045,-0.001,0.032,118.326,-0.087,-0.5329999999999999
00:00:10.491,1572874887013,0.6809999999999999,0.019,24.275,0.664,3.0,-0.005,19.057,-0.001,0.032,118.643,-0.087,-0.5329999999999999
00:00:10.492,1572874887014,0.6829999999999999,0.019,24.495,0.664,3.0,-0.005,19.068,-0.001,0.032,118.961,-0.086,-0.5329999999999999
00:00:10.493,1572874887015,0.684,0.019,24.495,0.664,3.0,-0.005,19.079,-0.001,0.032,119.279,-0.086,-0.5329999999999999
00:00:10.541,1572874887063,0.685,0.02,24.495,0.664,3.0,-0.005,19.091,-0.001,0.032,119.597,-0.086,-0.5329999999999999
00:00:10.542,1572874887064,0.6859999999999999,0.02,24.495,0.664,3.0,-0.005,19.102,-0.001,0.032,119.915,-0.085,-0.5329999999999999
00:00:10.543,1572874887065,0.6859999999999999,0.02,24.495,0.664,3.0,-0.005,19.114,-0.001,0.032,120.233,-0.085,-0.5329999999999999
00:00:10.591,1572874887113,0.6859999999999999,0.021,24.495,0.664,3.0,-0.005,19.125,-0.001,0.032,120.552,-0.085,-0.5329999999999999
00:00:10.592,1572874887114,0.6859999999999999,0.021,24.641,0.664,3.0,-0.005,19.137,-0.001,0.032,120.871,-0.084,-0.5329999999999999
00:00:10.593,1572874887115,0.6859999999999999,0.022,24.641,0.664,3.0,-0.005,19.148,-0.001,0.032,121.19,-0.084,-0.5329999999999999
00:00:10.647,1572874887169,0.6859999999999999,0.022,24.641,0.664,3.0,-0.005,19.159,-0.001,0.033,121.509,-0.084,-0.5329999999999999
00:00:10.648,1572874887170,0.6859999999999999,0.022,24.641,0.664,3.0,-0.005,19.171,-0.001,0.033,121.829,-0.083,-0.5329999999999999
00:00:10.649,1572874887171,0.687,0.022,24.641,0.664,3.0,-0.005,19.182,-0.001,0.033,122.148,-0.083,-0.5329999999999999
00:00:10.650,1572874887172,0.687,0.022,24.641,0.664,3.0,-0.006,19.194000000000006,-0.001,0.033,122.468,-0.083,-0.5329999999999999
00:00:10.701,1572874887223,0.687,0.022,24.788,0.664,3.0,-0.006,19.205,-0.001,0.033,122.788,-0.08199999999999999,-0.5329999999999999
00:00:10.702,1572874887224,0.687,0.022,24.788,0.664,3.0,-0.006,19.217,-0.001,0.034,123.108,-0.08199999999999999,-0.5329999999999999
00:00:10.703,1572874887225,0.687,0.022,24.788,0.664,3.0,-0.006,19.228,-0.001,0.034,123.429,-0.08199999999999999,-0.5329999999999999
00:00:10.756,1572874887278,0.687,0.022,24.788,0.664,3.0,-0.006,19.24,-0.001,0.034,123.749,-0.081,-0.5329999999999999
00:00:10.757,1572874887279,0.688,0.022,24.788,0.664,3.0,-0.006,19.251,-0.001,0.034,124.07,-0.081,-0.5329999999999999
00:00:10.758,1572874887280,0.688,0.022,24.788,0.664,3.0,-0.006,19.263,-0.001,0.034,124.391,-0.081,-0.5329999999999999
00:00:10.799,1572874887321,0.688,0.022,24.934,0.664,3.0,-0.006,19.274,-0.001,0.035,124.712,-0.08,-0.5329999999999999
00:00:10.800,1572874887322,0.688,0.022,24.934,0.664,3.0,-0.006,19.285,-0.001,0.035,125.033,-0.08,-0.5329999999999999
00:00:10.801,1572874887323,0.688,0.022,24.934,0.664,3.0,-0.006,19.297,-0.001,0.035,125.355,-0.079,-0.5329999999999999
00:00:10.849,1572874887371,0.688,0.022,24.934,0.664,3.0,-0.006,19.308,-0.001,0.035,125.677,-0.079,-0.5329999999999999
00:00:10.850,1572874887372,0.6890000000000001,0.022,24.934,0.664,3.0,-0.006,19.32,-0.001,0.035,125.998,-0.079,-0.5329999999999999
00:00:10.851,1572874887373,0.6890000000000001,0.022,24.934,0.664,3.0,-0.006,19.331,-0.001,0.035,126.321,-0.078,-0.5329999999999999
00:00:10.902,1572874887424,0.688,0.022,24.934,0.664,3.0,-0.006,19.343,-0.001,0.035,126.643,-0.078,-0.5329999999999999
00:00:10.903,1572874887425,0.688,0.022,24.934,0.664,3.0,-0.006,19.354,-0.001,0.035,126.965,-0.077,-0.5329999999999999
00:00:10.904,1572874887426,0.687,0.022,24.934,0.664,3.0,-0.006,19.366,-0.001,0.035,127.288,-0.077,-0.5329999999999999
00:00:10.959,1572874887481,0.687,0.022,24.934,0.664,3.0,-0.006,19.377,-0.001,0.035,127.611,-0.076,-0.5329999999999999
00:00:10.960,1572874887482,0.6859999999999999,0.022,24.934,0.664,3.0,-0.006999999999999999,19.389,-0.001,0.035,127.934,-0.076,-0.5329999999999999
00:00:10.961,1572874887483,0.6859999999999999,0.022,24.934,0.664,3.0,-0.006999999999999999,19.4,-0.001,0.035,128.257,-0.075,-0.5329999999999999
00:00:11.002,1572874887524,0.685,0.022,25.154,0.664,3.0,-0.006999999999999999,19.411,-0.001,0.035,128.58100000000002,-0.075,-0.5329999999999999
00:00:11.003,1572874887525,0.685,0.022,25.154,0.664,3.0,-0.006999999999999999,19.423,-0.001,0.035,128.904,-0.075,-0.5329999999999999
00:00:11.004,1572874887526,0.6859999999999999,0.022,25.154,0.664,3.0,-0.006999999999999999,19.434,-0.001,0.035,129.22799999999998,-0.07400000000000001,-0.5329999999999999
00:00:11.057,1572874887579,0.688,0.022,25.154,0.664,3.0,-0.006999999999999999,19.446,-0.001,0.035,129.55200000000002,-0.07400000000000001,-0.5329999999999999
00:00:11.058,1572874887580,0.6890000000000001,0.022,25.154,0.664,3.0,-0.006999999999999999,19.457,-0.001,0.035,129.876,-0.073,-0.5329999999999999
00:00:11.059,1572874887581,0.69,0.021,25.154,0.664,3.0,-0.006999999999999999,19.469,-0.001,0.035,130.201,-0.073,-0.5329999999999999
00:00:11.103,1572874887625,0.69,0.021,25.301,0.664,3.0,-0.006999999999999999,19.48,-0.001,0.035,130.525,-0.07200000000000001,-0.5329999999999999
00:00:11.104,1572874887626,0.69,0.021,25.301,0.664,3.0,-0.006999999999999999,19.492,-0.001,0.035,130.85,-0.07200000000000001,-0.5329999999999999
00:00:11.105,1572874887627,0.69,0.021,25.301,0.664,3.0,-0.006999999999999999,19.503,-0.001,0.035,131.175,-0.071,-0.5329999999999999
00:00:11.154,1572874887676,0.69,0.021,25.301,0.664,3.0,-0.006999999999999999,19.515,-0.001,0.035,131.5,-0.071,-0.5329999999999999
00:00:11.155,1572874887677,0.691,0.021,25.301,0.664,3.0,-0.006999999999999999,19.524,-0.001,0.035,131.764,-0.07,-0.5329999999999999
00:00:11.156,1572874887678,0.691,0.021,25.301,0.664,3.0,-0.006999999999999999,19.536,-0.001,0.035,132.09,-0.07,-0.5329999999999999
00:00:11.204,1572874887726,0.691,0.021,25.301,0.664,3.0,-0.006999999999999999,19.547,-0.001,0.035,132.416,-0.069,-0.5329999999999999
00:00:11.205,1572874887727,0.69,0.021,25.301,0.664,3.0,-0.006999999999999999,19.559,-0.001,0.035,132.741,-0.068,-0.5329999999999999
00:00:11.206,1572874887728,0.69,0.021,25.301,0.664,3.0,-0.006999999999999999,19.57,-0.001,0.035,133.067,-0.068,-0.5329999999999999
00:00:11.262,1572874887784,0.6890000000000001,0.021,25.301,0.664,3.0,-0.006999999999999999,19.582,-0.001,0.036000000000000004,133.394,-0.067,-0.5329999999999999
00:00:11.263,1572874887785,0.6890000000000001,0.02,25.301,0.664,3.0,-0.006999999999999999,19.593,-0.001,0.036000000000000004,133.72,-0.067,-0.5329999999999999
00:00:11.264,1572874887786,0.688,0.02,25.301,0.664,3.0,-0.006999999999999999,19.605,-0.001,0.036000000000000004,134.047,-0.066,-0.5329999999999999
00:00:11.265,1572874887787,0.688,0.02,25.301,0.664,3.0,-0.006999999999999999,19.616,-0.001,0.036000000000000004,134.374,-0.066,-0.5329999999999999
00:00:11.312,1572874887834,0.688,0.02,25.301,0.664,3.0,-0.006999999999999999,19.627,-0.001,0.036000000000000004,134.701,-0.065,-0.5329999999999999
00:00:11.313,1572874887835,0.687,0.02,25.301,0.664,3.0,-0.006999999999999999,19.639,-0.001,0.036000000000000004,135.028,-0.064,-0.5329999999999999
00:00:11.314,1572874887836,0.687,0.02,25.301,0.664,3.0,-0.006999999999999999,19.65,-0.001,0.036000000000000004,135.355,-0.064,-0.5329999999999999
00:00:11.364,1572874887886,0.687,0.02,25.301,0.664,3.0,-0.006999999999999999,19.662,-0.001,0.036000000000000004,135.683,-0.063,-0.5329999999999999
00:00:11.365,1572874887887,0.6859999999999999,0.02,25.301,0.664,3.0,-0.006999999999999999,19.673,-0.001,0.035,136.011,-0.063,-0.5329999999999999
00:00:11.366,1572874887888,0.6859999999999999,0.02,25.301,0.664,3.0,-0.006999999999999999,19.685,-0.001,0.035,136.339,-0.062,-0.5329999999999999
00:00:11.412,1572874887934,0.685,0.02,25.301,0.664,3.0,-0.006999999999999999,19.696,-0.001,0.035,136.667,-0.061,-0.5329999999999999
00:00:11.413,1572874887935,0.685,0.02,25.301,0.664,3.0,-0.006999999999999999,19.707,-0.001,0.035,136.995,-0.061,-0.5329999999999999
00:00:11.414,1572874887936,0.685,0.02,25.301,0.664,3.0,-0.006999999999999999,19.719,-0.001,0.035,137.32399999999998,-0.06,-0.5329999999999999
00:00:11.473,1572874887995,0.684,0.02,25.301,0.664,3.0,-0.006999999999999999,19.73,-0.001,0.035,137.653,-0.06,-0.5329999999999999
00:00:11.474,1572874887996,0.684,0.019,25.301,0.664,3.0,-0.006999999999999999,19.742,-0.001,0.035,137.981,-0.059,-0.5329999999999999
00:00:11.475,1572874887997,0.6829999999999999,0.019,25.301,0.664,3.0,-0.006999999999999999,19.753,-0.001,0.035,138.311,-0.058,-0.5329999999999999
00:00:11.517,1572874888039,0.6829999999999999,0.019,25.301,0.664,3.0,-0.006999999999999999,19.764,-0.001,0.035,138.64,-0.058,-0.5329999999999999
00:00:11.518,1572874888040,0.6829999999999999,0.019,25.301,0.664,3.0,-0.006999999999999999,19.776,-0.001,0.035,138.969,-0.057,-0.5329999999999999
00:00:11.519,1572874888041,0.682,0.019,25.301,0.664,3.0,-0.006999999999999999,19.787,-0.001,0.035,139.299,-0.056,-0.5329999999999999
00:00:11.568,1572874888090,0.682,0.019,25.301,0.664,3.0,-0.006999999999999999,19.799,-0.001,0.035,139.629,-0.056,-0.5329999999999999
00:00:11.569,1572874888091,0.682,0.019,25.301,0.664,3.0,-0.006999999999999999,19.81,-0.001,0.035,139.959,-0.055,-0.5329999999999999
00:00:11.570,1572874888092,0.6809999999999999,0.019,25.301,0.664,3.0,-0.006999999999999999,19.821,-0.001,0.035,140.289,-0.054000000000000006,-0.5329999999999999
00:00:11.618,1572874888140,0.6809999999999999,0.019,25.301,0.664,3.0,-0.006999999999999999,19.833,-0.001,0.035,140.62,-0.054000000000000006,-0.5329999999999999
00:00:11.619,1572874888141,0.68,0.019,25.301,0.664,3.0,-0.006999999999999999,19.844,-0.001,0.035,140.95,-0.053,-0.5329999999999999
00:00:11.620,1572874888142,0.68,0.018000000000000002,25.301,0.664,3.0,-0.006999999999999999,19.855,-0.001,0.035,141.281,-0.052000000000000005,-0.5329999999999999
00:00:11.676,1572874888198,0.68,0.018000000000000002,25.301,0.664,3.0,-0.006999999999999999,19.867,-0.001,0.035,141.612,-0.051,-0.5329999999999999
00:00:11.677,1572874888199,0.679,0.018000000000000002,25.301,0.664,3.0,-0.006999999999999999,19.878,-0.001,0.035,141.94299999999996,-0.051,-0.5329999999999999
00:00:11.678,1572874888200,0.679,0.017,25.301,0.664,3.0,-0.006999999999999999,19.889,-0.001,0.035,142.275,-0.05,-0.5329999999999999
00:00:11.721,1572874888243,0.679,0.017,25.301,0.664,3.0,-0.006999999999999999,19.901,-0.001,0.035,142.606,-0.049,-0.5329999999999999
00:00:11.722,1572874888244,0.6779999999999999,0.017,25.301,0.664,3.0,-0.006999999999999999,19.912,-0.001,0.035,142.938,-0.049,-0.5329999999999999
00:00:11.723,1572874888245,0.6779999999999999,0.017,25.301,0.664,3.0,-0.006999999999999999,19.923,-0.001,0.035,143.27,-0.048,-0.5329999999999999
00:00:11.768,1572874888290,0.6779999999999999,0.017,25.301,0.664,3.0,-0.006999999999999999,19.934,-0.001,0.035,143.602,-0.047,-0.5329999999999999
00:00:11.769,1572874888291,0.677,0.016,25.301,0.664,3.0,-0.006999999999999999,19.946,-0.001,0.035,143.935,-0.046,-0.5329999999999999
00:00:11.770,1572874888292,0.677,0.016,25.301,0.664,3.0,-0.006999999999999999,19.957,-0.001,0.035,144.267,-0.046,-0.5329999999999999
00:00:11.818,1572874888340,0.677,0.016,25.301,0.664,3.0,-0.006999999999999999,19.968,-0.001,0.035,144.6,-0.045,-0.5329999999999999
00:00:11.819,1572874888341,0.677,0.016,25.301,0.664,3.0,-0.006999999999999999,19.98,-0.001,0.035,144.933,-0.044,-0.5329999999999999
00:00:11.820,1572874888342,0.6759999999999999,0.016,25.301,0.664,3.0,-0.006,19.991,-0.001,0.035,145.266,-0.043,-0.5329999999999999
00:00:11.872,1572874888394,0.6759999999999999,0.016,25.301,0.664,3.0,-0.006,20.002,-0.001,0.035,145.599,-0.043,-0.5329999999999999
00:00:11.873,1572874888395,0.6759999999999999,0.015,25.301,0.664,3.0,-0.006,20.013,-0.001,0.035,145.933,-0.042,-0.5329999999999999
00:00:11.874,1572874888396,0.6759999999999999,0.015,25.301,0.664,3.0,-0.006,20.025,-0.001,0.035,146.266,-0.041,-0.5329999999999999
00:00:11.934,1572874888456,0.675,0.015,25.301,0.664,3.0,-0.006,20.036,-0.001,0.035,146.6,-0.04,-0.5329999999999999
00:00:11.935,1572874888457,0.675,0.014,25.301,0.664,3.0,-0.006,20.047,-0.001,0.035,146.934,-0.04,-0.5329999999999999
00:00:11.936,1572874888458,0.675,0.014,25.301,0.664,3.0,-0.006,20.058,-0.001,0.035,147.268,-0.039,-0.5329999999999999
00:00:11.973,1572874888495,0.675,0.014,25.301,0.664,3.0,-0.006,20.07,-0.001,0.035,147.60299999999995,-0.038,-0.5329999999999999
00:00:11.974,1572874888496,0.675,0.013,25.301,0.664,3.0,-0.006,20.081,-0.001,0.035,147.937,-0.037000000000000005,-0.5329999999999999
00:00:11.975,1572874888497,0.674,0.013,25.301,0.664,3.0,-0.006,20.092,-0.001,0.035,148.27200000000005,-0.036000000000000004,-0.5329999999999999
00:00:12.023,1572874888545,0.674,0.012,25.301,0.664,3.0,-0.006,20.103,-0.001,0.035,148.607,-0.036000000000000004,-0.5329999999999999
00:00:12.024,1572874888546,0.674,0.012,25.301,0.664,3.0,-0.006,20.114,-0.001,0.035,148.942,-0.035,-0.5329999999999999
00:00:12.025,1572874888547,0.674,0.012,25.301,0.664,3.0,-0.006,20.126,-0.001,0.035,149.27700000000004,-0.034,-0.5329999999999999
00:00:12.073,1572874888595,0.6729999999999999,0.012,25.301,0.664,3.0,-0.006,20.137,-0.001,0.035,149.613,-0.033,-0.5329999999999999
00:00:12.074,1572874888596,0.6729999999999999,0.011,25.301,0.664,3.0,-0.006,20.148,-0.001,0.035,149.94899999999996,-0.032,-0.5329999999999999
00:00:12.075,1572874888597,0.6729999999999999,0.011,25.301,0.664,3.0,-0.006,20.159,-0.001,0.035,150.285,-0.032,-0.5329999999999999
00:00:12.124,1572874888646,0.6729999999999999,0.011,25.301,0.664,3.0,-0.006,20.171,-0.001,0.035,150.621,-0.031,-0.5329999999999999
00:00:12.125,1572874888647,0.672,0.01,25.301,0.664,3.0,-0.006,20.182,-0.001,0.035,150.957,-0.03,-0.5329999999999999
00:00:12.126,1572874888648,0.672,0.01,25.301,0.664,3.0,-0.006,20.193,-0.001,0.035,151.293,-0.029,-0.5329999999999999
00:00:12.174,1572874888696,0.672,0.01,25.301,0.664,3.0,-0.005,20.204,-0.001,0.035,151.63,-0.028,-0.5329999999999999
00:00:12.175,1572874888697,0.672,0.01,25.301,0.664,3.0,-0.005,20.215,-0.001,0.035,151.967,-0.027000000000000003,-0.5329999999999999
00:00:12.176,1572874888698,0.6709999999999999,0.01,25.447,0.664,3.0,-0.005,20.227,-0.001,0.035,152.304,-0.027000000000000003,-0.5329999999999999
00:00:12.225,1572874888747,0.6709999999999999,0.009000000000000001,25.447,0.664,3.0,-0.005,20.238,-0.001,0.035,152.641,-0.026,-0.5329999999999999
00:00:12.226,1572874888748,0.672,0.009000000000000001,25.447,0.664,3.0,-0.005,20.249,-0.001,0.035,152.97799999999995,-0.025,-0.5329999999999999
00:00:12.227,1572874888749,0.672,0.008,25.447,0.664,3.0,-0.005,20.26,-0.001,0.035,153.316,-0.024,-0.5329999999999999
00:00:12.280,1572874888802,0.6729999999999999,0.008,25.447,0.664,3.0,-0.005,20.271,-0.001,0.035,153.654,-0.023,-0.5329999999999999
00:00:12.281,1572874888803,0.674,0.006999999999999999,25.447,0.664,3.0,-0.005,20.283,-0.001,0.035,153.99200000000005,-0.022,-0.5329999999999999
00:00:12.282,1572874888804,0.674,0.006,25.301,0.664,3.0,-0.005,20.294,-0.001,0.035,154.33,-0.021,-0.5329999999999999
00:00:12.283,1572874888805,0.674,0.006,25.301,0.664,3.0,-0.005,20.305,-0.001,0.035,154.668,-0.021,-0.5329999999999999
00:00:12.327,1572874888849,0.6729999999999999,0.005,25.301,0.664,3.0,-0.005,20.316,-0.001,0.035,155.007,-0.02,-0.5329999999999999
00:00:12.328,1572874888850,0.6709999999999999,0.004,25.301,0.664,3.0,-0.005,20.327,-0.001,0.035,155.345,-0.019,-0.5329999999999999
00:00:12.329,1572874888851,0.67,0.004,25.301,0.664,3.0,-0.005,20.339,-0.001,0.035,155.684,-0.018000000000000002,-0.5329999999999999
00:00:12.379,1572874888901,0.669,0.003,25.301,0.664,3.0,-0.004,20.35,-0.001,0.035,156.023,-0.017,-0.5329999999999999
00:00:12.380,1572874888902,0.6679999999999999,0.003,25.301,0.664,3.0,-0.004,20.361,-0.001,0.035,156.363,-0.016,-0.5329999999999999
00:00:12.381,1572874888903,0.6679999999999999,0.002,25.301,0.664,3.0,-0.004,20.372,-0.001,0.035,156.702,-0.015,-0.5329999999999999
00:00:12.429,1572874888951,0.667,0.002,25.301,0.664,3.0,-0.004,20.383,-0.001,0.035,157.042,-0.015,-0.5329999999999999
00:00:12.430,1572874888952,0.667,0.001,25.301,0.664,3.0,-0.004,20.394,-0.001,0.035,157.381,-0.014,-0.5329999999999999
00:00:12.431,1572874888953,0.667,0.001,25.301,0.664,3.0,-0.004,20.405,-0.001,0.035,157.721,-0.013,-0.5329999999999999
00:00:12.487,1572874889009,0.667,0.001,25.301,0.664,3.0,-0.004,20.416,-0.001,0.035,158.062,-0.012,-0.5329999999999999
00:00:12.488,1572874889010,0.667,0.001,25.301,0.664,3.0,-0.004,20.427,-0.001,0.035,158.40200000000004,-0.011,-0.5329999999999999
00:00:12.489,1572874889011,0.667,0.001,25.301,0.664,3.0,-0.003,20.439,0.0,0.035,158.743,-0.01,-0.5329999999999999
00:00:12.537,1572874889059,0.667,0.001,25.301,0.664,3.0,-0.003,20.45,0.0,0.035,159.083,-0.009000000000000001,-0.5329999999999999
00:00:12.538,1572874889060,0.6659999999999999,0.0,25.301,0.664,3.0,-0.003,20.461,0.0,0.035,159.424,-0.009000000000000001,-0.5329999999999999
00:00:12.539,1572874889061,0.6659999999999999,0.0,25.301,0.664,3.0,-0.003,20.472,0.0,0.035,159.765,-0.008,-0.5329999999999999
00:00:12.581,1572874889103,0.6659999999999999,0.0,25.301,0.664,3.0,-0.003,20.483,0.0,0.035,160.107,-0.006999999999999999,-0.5329999999999999
00:00:12.582,1572874889104,0.665,0.0,25.301,0.664,3.0,-0.003,20.494,0.0,0.035,160.44799999999995,-0.006,-0.5329999999999999
00:00:12.583,1572874889105,0.665,0.0,25.301,0.664,3.0,-0.003,20.505,0.0,0.035,160.79,-0.005,-0.5329999999999999
00:00:12.632,1572874889154,0.665,-0.001,25.301,0.664,3.0,-0.003,20.516,0.0,0.035,161.132,-0.004,-0.5329999999999999
00:00:12.633,1572874889155,0.665,-0.001,25.301,0.664,3.0,-0.002,20.527,0.0,0.035,161.474,-0.003,-0.5329999999999999
00:00:12.634,1572874889156,0.665,-0.001,25.301,0.664,3.0,-0.002,20.538,0.0,0.035,161.816,-0.002,-0.5329999999999999
00:00:12.683,1572874889205,0.664,-0.001,25.301,0.664,3.0,-0.002,20.549,0.0,0.035,162.158,-0.002,-0.5329999999999999
00:00:12.684,1572874889206,0.664,-0.002,25.447,0.664,3.0,-0.002,20.561,0.0,0.035,162.501,-0.001,-0.5329999999999999
00:00:12.685,1572874889207,0.664,-0.002,25.447,0.664,3.0,-0.002,20.572,0.0,0.035,162.844,0.0,-0.5329999999999999
00:00:12.733,1572874889255,0.664,-0.003,25.447,0.664,3.0,-0.002,20.583,0.0,0.035,163.187,0.001,-0.5329999999999999
00:00:12.734,1572874889256,0.665,-0.004,25.447,0.664,3.0,-0.002,20.594,0.0,0.035,163.53,0.002,-0.5329999999999999
00:00:12.735,1572874889257,0.6659999999999999,-0.005,25.447,0.664,3.0,-0.002,20.605,0.0,0.035,163.873,0.003,-0.5329999999999999
00:00:12.783,1572874889305,0.6659999999999999,-0.006,25.447,0.664,3.0,-0.002,20.616,0.0,0.035,164.21599999999995,0.004,-0.5329999999999999
00:00:12.784,1572874889306,0.667,-0.008,25.301,0.664,3.0,-0.002,20.627,0.0,0.035,164.56,0.005,-0.5329999999999999
00:00:12.785,1572874889307,0.6659999999999999,-0.01,25.301,0.664,3.0,-0.002,20.638,0.0,0.035,164.90400000000002,0.005,-0.5329999999999999
00:00:12.833,1572874889355,0.665,-0.012,25.301,0.664,3.0,-0.002,20.649,0.0,0.035,165.248,0.006,-0.5329999999999999
00:00:12.834,1572874889356,0.664,-0.014,25.301,0.664,3.0,-0.002,20.66,0.0,0.035,165.592,0.006999999999999999,-0.5329999999999999
00:00:12.835,1572874889357,0.6629999999999999,-0.017,25.301,0.664,3.0,-0.001,20.671,0.0,0.035,165.937,0.008,-0.5329999999999999
00:00:12.883,1572874889405,0.6609999999999999,-0.02,25.301,0.664,3.0,-0.001,20.682,0.0,0.035,166.28099999999995,0.009000000000000001,-0.5329999999999999
00:00:12.884,1572874889406,0.6609999999999999,-0.022,25.301,0.664,3.0,-0.001,20.693,-0.001,0.035,166.62599999999995,0.01,-0.5329999999999999
00:00:12.885,1572874889407,0.66,-0.025,25.301,0.664,3.0,-0.001,20.704,-0.001,0.035,166.97099999999998,0.011,-0.5329999999999999
00:00:12.933,1572874889455,0.66,-0.029,25.301,0.664,3.0,-0.001,20.715,-0.001,0.035,167.31599999999997,0.011,-0.5329999999999999
00:00:12.934,1572874889456,0.66,-0.032,25.301,0.664,3.0,0.0,20.726,-0.001,0.035,167.662,0.012,-0.5329999999999999
00:00:12.935,1572874889457,0.66,-0.035,25.301,0.664,3.0,0.0,20.737,-0.001,0.035,168.007,0.013,-0.5329999999999999
00:00:12.997,1572874889519,0.66,-0.039,25.301,0.664,3.0,0.0,20.748,-0.001,0.035,168.35299999999995,0.014,-0.5329999999999999
00:00:12.998,1572874889520,0.66,-0.043,25.301,0.664,3.0,0.001,20.759,-0.001,0.035,168.699,0.015,-0.5329999999999999
00:00:12.999,1572874889521,0.66,-0.047,25.301,0.664,3.0,0.001,20.77,-0.001,0.035,169.045,0.015,-0.5329999999999999
00:00:13.000,1572874889522,0.659,-0.052000000000000005,25.301,0.664,3.0,0.002,20.781,-0.001,0.035,169.391,0.016,-0.5329999999999999
00:00:13.048,1572874889570,0.659,-0.057,25.301,0.664,3.0,0.002,20.792,-0.001,0.035,169.738,0.017,-0.5329999999999999
00:00:13.049,1572874889571,0.659,-0.061,25.301,0.664,3.0,0.003,20.803,0.0,0.035,170.084,0.018000000000000002,-0.5329999999999999
00:00:13.050,1572874889572,0.6579999999999999,-0.066,25.301,0.664,3.0,0.003,20.814,0.0,0.035,170.43099999999995,0.018000000000000002,-0.5329999999999999
00:00:13.104,1572874889626,0.6579999999999999,-0.07,25.301,0.664,3.0,0.004,20.825,0.0,0.035,170.778,0.019,-0.5329999999999999
00:00:13.105,1572874889627,0.6579999999999999,-0.07400000000000001,25.301,0.664,3.0,0.005,20.836,0.0,0.035,171.125,0.02,-0.5329999999999999
00:00:13.106,1572874889628,0.6579999999999999,-0.078,25.301,0.664,3.0,0.006,20.847,0.001,0.035,171.47299999999996,0.02,-0.5329999999999999
00:00:13.148,1572874889670,0.657,-0.08199999999999999,25.301,0.664,3.0,0.006999999999999999,20.858,0.001,0.035,171.82,0.021,-0.5329999999999999
00:00:13.149,1572874889671,0.657,-0.084,25.301,0.664,3.0,0.008,20.869,0.001,0.035,172.168,0.022,-0.5329999999999999
00:00:13.150,1572874889672,0.657,-0.087,25.301,0.664,3.0,0.009000000000000001,20.88,0.002,0.035,172.516,0.022,-0.5329999999999999
00:00:13.198,1572874889720,0.657,-0.08900000000000001,25.301,0.664,3.0,0.01,20.891,0.002,0.035,172.864,0.023,-0.5329999999999999
00:00:13.199,1572874889721,0.6559999999999999,-0.091,25.301,0.664,3.0,0.011,20.902,0.003,0.035,173.21200000000005,0.023,-0.5329999999999999
00:00:13.200,1572874889722,0.6559999999999999,-0.092,25.301,0.664,3.0,0.012,20.913,0.003,0.035,173.56099999999995,0.024,-0.5329999999999999
00:00:13.248,1572874889770,0.6559999999999999,-0.094,25.301,0.664,3.0,0.013,20.924,0.004,0.035,173.90900000000005,0.024,-0.5329999999999999
00:00:13.249,1572874889771,0.6559999999999999,-0.096,25.301,0.664,3.0,0.014,20.935,0.004,0.034,174.25799999999995,0.025,-0.5329999999999999
00:00:13.250,1572874889772,0.655,-0.098,25.301,0.664,3.0,0.014,20.946,0.005,0.034,174.607,0.025,-0.5329999999999999
00:00:13.303,1572874889825,0.655,-0.099,25.154,0.664,3.0,0.015,20.956,0.005,0.034,174.956,0.025,-0.5329999999999999
00:00:13.304,1572874889826,0.655,-0.101,25.154,0.664,3.0,0.016,20.967,0.005,0.034,175.30599999999995,0.026,-0.5329999999999999
00:00:13.305,1572874889827,0.654,-0.102,25.154,0.664,3.0,0.017,20.978,0.006,0.034,175.655,0.026,-0.5329999999999999
00:00:13.353,1572874889875,0.653,-0.103,25.154,0.664,3.0,0.018000000000000002,20.989,0.006,0.034,176.005,0.026,-0.5329999999999999
00:00:13.354,1572874889876,0.652,-0.103,25.154,0.664,3.0,0.018000000000000002,21.0,0.006,0.034,176.355,0.027000000000000003,-0.5329999999999999
00:00:13.355,1572874889877,0.6509999999999999,-0.104,25.154,0.664,3.0,0.019,21.011,0.006,0.034,176.705,0.027000000000000003,-0.5329999999999999
00:00:13.404,1572874889926,0.65,-0.104,25.154,0.664,3.0,0.02,21.022,0.006999999999999999,0.034,177.055,0.027000000000000003,-0.5329999999999999
00:00:13.405,1572874889927,0.649,-0.104,25.154,0.664,3.0,0.02,21.032,0.006999999999999999,0.034,177.40599999999995,0.027000000000000003,-0.5329999999999999
00:00:13.406,1572874889928,0.649,-0.104,25.154,0.664,3.0,0.021,21.043000000000006,0.006999999999999999,0.034,177.75599999999997,0.028,-0.5329999999999999
00:00:13.451,1572874889973,0.649,-0.103,25.154,0.664,3.0,0.022,21.054,0.006999999999999999,0.034,178.107,0.028,-0.5329999999999999
00:00:13.452,1572874889974,0.649,-0.102,25.154,0.664,3.0,0.022,21.065,0.006999999999999999,0.034,178.458,0.028,-0.5329999999999999
00:00:13.453,1572874889975,0.649,-0.101,25.154,0.664,3.0,0.023,21.076,0.006999999999999999,0.034,178.80900000000003,0.028,-0.5329999999999999
00:00:13.501,1572874890023,0.649,-0.1,23.982,0.664,3.0,0.023,21.086,0.006999999999999999,0.034,179.16099999999997,0.028,-0.5329999999999999
00:00:13.502,1572874890024,0.648,-0.099,23.982,0.664,3.0,0.024,21.097,0.006999999999999999,0.034,179.512,0.028,-0.5329999999999999
00:00:13.503,1572874890025,0.643,-0.098,23.982,0.664,3.0,0.024,21.108,0.006999999999999999,0.034,179.864,0.028,-0.5329999999999999
00:00:13.556,1572874890078,0.635,-0.096,23.982,0.664,3.0,0.025,21.118,0.006999999999999999,0.033,180.216,0.028,-0.5329999999999999
00:00:13.557,1572874890079,0.627,-0.095,23.982,0.664,3.0,0.025,21.129,0.006999999999999999,0.033,180.568,0.028,-0.5329999999999999
00:00:13.558,1572874890080,0.62,-0.093,23.982,0.664,3.0,0.025,21.139,0.006,0.033,180.92,0.028,-0.5329999999999999
00:00:13.601,1572874890123,0.616,-0.091,22.81,0.664,3.0,0.026,21.149,0.006,0.033,181.272,0.028,-0.5329999999999999
00:00:13.602,1572874890124,0.613,-0.09,22.81,0.664,3.0,0.026,21.159,0.006,0.033,181.625,0.028,-0.5329999999999999
00:00:13.603,1572874890125,0.609,-0.08800000000000001,22.81,0.664,3.0,0.026,21.169,0.006,0.033,181.978,0.027000000000000003,-0.5329999999999999
00:00:13.651,1572874890173,0.603,-0.086,22.81,0.664,3.0,0.026,21.179,0.006,0.032,182.331,0.027000000000000003,-0.5329999999999999
00:00:13.652,1572874890174,0.596,-0.084,22.81,0.664,3.0,0.026,21.189,0.006,0.032,182.68400000000003,0.027000000000000003,-0.5329999999999999
00:00:13.653,1572874890175,0.59,-0.08199999999999999,22.81,0.664,3.0,0.027000000000000003,21.199,0.006,0.032,183.037,0.027000000000000003,-0.5329999999999999
00:00:13.702,1572874890224,0.586,-0.08,21.785,0.664,3.0,0.027000000000000003,21.209,0.006,0.031,183.39,0.027000000000000003,-0.5329999999999999
00:00:13.703,1572874890225,0.584,-0.078,21.785,0.664,3.0,0.027000000000000003,21.218000000000004,0.006,0.031,183.74400000000003,0.026,-0.5329999999999999
00:00:13.704,1572874890226,0.581,-0.076,21.785,0.664,3.0,0.027000000000000003,21.228,0.005,0.03,184.098,0.026,-0.5329999999999999
00:00:13.753,1572874890275,0.575,-0.073,21.785,0.664,3.0,0.027000000000000003,21.238000000000003,0.005,0.03,184.451,0.026,-0.5329999999999999
00:00:13.754,1572874890276,0.569,-0.07,21.785,0.664,3.0,0.027000000000000003,21.247,0.005,0.029,184.805,0.025,-0.5329999999999999
00:00:13.755,1572874890277,0.564,-0.067,21.785,0.664,3.0,0.027000000000000003,21.256,0.005,0.029,185.16,0.025,-0.5329999999999999
00:00:13.805,1572874890327,0.561,-0.065,21.638,0.664,3.0,0.027000000000000003,21.266,0.005,0.028,185.514,0.025,-0.5329999999999999
00:00:13.806,1572874890328,0.5589999999999999,-0.062,21.638,0.664,3.0,0.027000000000000003,21.275,0.005,0.028,185.868,0.024,-0.5329999999999999
00:00:13.807,1572874890329,0.5589999999999999,-0.059,21.638,0.664,3.0,0.027000000000000003,21.284,0.005,0.027000000000000003,186.223,0.024,-0.5329999999999999
00:00:13.856,1572874890378,0.5579999999999999,-0.056,21.638,0.664,3.0,0.027000000000000003,21.293000000000006,0.005,0.026,186.578,0.023,-0.5329999999999999
00:00:13.857,1572874890379,0.5579999999999999,-0.054000000000000006,21.638,0.664,3.0,0.026,21.303,0.005,0.026,186.933,0.023,-0.5329999999999999
00:00:13.858,1572874890380,0.5579999999999999,-0.052000000000000005,21.638,0.664,3.0,0.026,21.312,0.005,0.025,187.288,0.023,-0.5329999999999999
00:00:13.906,1572874890428,0.557,-0.05,21.492,0.664,3.0,0.026,21.321,0.005,0.025,187.643,0.022,-0.5329999999999999
00:00:13.907,1572874890429,0.557,-0.048,21.492,0.664,3.0,0.026,21.331,0.005,0.024,187.999,0.022,-0.5329999999999999
00:00:13.908,1572874890430,0.556,-0.047,21.492,0.664,3.0,0.025,21.34,0.005,0.024,188.354,0.021,-0.5329999999999999
00:00:13.956,1572874890478,0.555,-0.046,21.492,0.664,3.0,0.025,21.349,0.004,0.023,188.71,0.021,-0.5329999999999999
00:00:13.957,1572874890479,0.5539999999999999,-0.045,21.492,0.664,3.0,0.024,21.358,0.004,0.023,189.066,0.02,-0.5329999999999999
00:00:13.958,1572874890480,0.5529999999999999,-0.044,21.492,0.664,3.0,0.024,21.368,0.004,0.022,189.422,0.02,-0.5329999999999999
00:00:14.006,1572874890528,0.552,-0.043,21.492,0.664,3.0,0.024,21.377,0.004,0.022,189.778,0.019,-0.5329999999999999
00:00:14.007,1572874890529,0.552,-0.042,21.492,0.664,3.0,0.023,21.386,0.004,0.022,190.135,0.018000000000000002,-0.5329999999999999
00:00:14.008,1572874890530,0.551,-0.042,21.492,0.664,3.0,0.023,21.395,0.003,0.021,190.491,0.018000000000000002,-0.5329999999999999
00:00:14.056,1572874890578,0.551,-0.041,21.492,0.664,3.0,0.023,21.404,0.003,0.021,190.848,0.017,-0.5329999999999999
00:00:14.057,1572874890579,0.551,-0.04,21.492,0.664,3.0,0.022,21.413,0.003,0.021,191.205,0.017,-0.5329999999999999
00:00:14.058,1572874890580,0.551,-0.039,21.492,0.664,3.0,0.022,21.423,0.003,0.02,191.562,0.016,-0.5329999999999999
00:00:14.107,1572874890629,0.551,-0.039,20.759,0.664,3.0,0.022,21.432,0.003,0.02,191.919,0.016,-0.5329999999999999
00:00:14.108,1572874890630,0.55,-0.038,20.759,0.664,3.0,0.021,21.441,0.003,0.02,192.276,0.015,-0.5329999999999999
00:00:14.109,1572874890631,0.5479999999999999,-0.038,20.759,0.664,3.0,0.021,21.45,0.002,0.02,192.633,0.014,-0.5329999999999999
00:00:14.164,1572874890686,0.544,-0.037000000000000005,20.759,0.664,3.0,0.021,21.459,0.002,0.02,192.991,0.014,-0.5329999999999999
00:00:14.165,1572874890687,0.539,-0.037000000000000005,20.759,0.664,3.0,0.02,21.468000000000004,0.002,0.02,193.349,0.013,-0.5329999999999999
00:00:14.166,1572874890688,0.535,-0.037000000000000005,20.759,0.664,3.0,0.02,21.477,0.002,0.02,193.707,0.012,-0.5329999999999999
00:00:14.208,1572874890730,0.532,-0.037000000000000005,19.807,0.664,3.0,0.02,21.486,0.002,0.02,194.065,0.012,-0.5329999999999999
00:00:14.209,1572874890731,0.53,-0.037000000000000005,19.807,0.664,3.0,0.02,21.495,0.002,0.02,194.445,0.011,-0.5329999999999999
00:00:14.210,1572874890732,0.526,-0.037000000000000005,19.807,0.664,3.0,0.019,21.503,0.002,0.02,194.781,0.01,-0.534
00:00:14.262,1572874890784,0.52,-0.037000000000000005,19.807,0.664,3.0,0.019,21.512,0.002,0.019,195.139,0.01,-0.534
00:00:14.263,1572874890785,0.513,-0.037000000000000005,19.807,0.664,3.0,0.019,21.52,0.002,0.019,195.498,0.009000000000000001,-0.534
00:00:14.264,1572874890786,0.506,-0.037000000000000005,19.807,0.664,3.0,0.019,21.529,0.002,0.019,195.857,0.008,-0.534
00:00:14.265,1572874890787,0.502,-0.037000000000000005,19.148,0.664,3.0,0.018000000000000002,21.537,0.002,0.019,196.216,0.006999999999999999,-0.534
00:00:14.317,1572874890839,0.499,-0.037000000000000005,19.148,0.664,3.0,0.018000000000000002,21.545,0.002,0.019,196.575,0.006999999999999999,-0.534
00:00:14.318,1572874890840,0.491,-0.036000000000000004,19.148,0.664,3.0,0.018000000000000002,21.553,0.002,0.019,196.93400000000003,0.006,-0.534
00:00:14.319,1572874890841,0.479,-0.036000000000000004,19.148,0.664,3.0,0.018000000000000002,21.561,0.002,0.018000000000000002,197.293,0.005,-0.534
00:00:14.372,1572874890894,0.467,-0.035,19.148,0.664,3.0,0.018000000000000002,21.56900000000001,0.003,0.018000000000000002,197.675,0.004,-0.534
00:00:14.373,1572874890895,0.462,-0.034,19.148,0.664,3.0,0.018000000000000002,21.576,0.003,0.017,198.012,0.004,-0.534
00:00:14.374,1572874890896,0.462,-0.033,19.148,0.664,3.0,0.018000000000000002,21.585,0.003,0.017,198.394,0.003,-0.534
00:00:14.422,1572874890944,0.464,-0.031,19.148,0.664,3.0,0.017,21.592,0.003,0.017,198.732,0.002,-0.534
00:00:14.423,1572874890945,0.467,-0.03,19.148,0.664,3.0,0.017,21.6,0.003,0.016,199.114,0.001,-0.534
00:00:14.424,1572874890946,0.467,-0.028,19.148,0.664,3.0,0.017,21.608,0.003,0.016,199.474,0.0,-0.534
00:00:14.473,1572874890995,0.467,-0.027000000000000003,19.148,0.664,3.0,0.017,21.616,0.003,0.015,199.834,-0.001,-0.534
00:00:14.474,1572874890996,0.466,-0.025,19.148,0.664,3.0,0.017,21.623,0.003,0.015,200.195,-0.001,-0.534
00:00:14.475,1572874890997,0.465,-0.024,19.148,0.664,3.0,0.016,21.631,0.003,0.014,200.555,-0.002,-0.534
00:00:14.529,1572874891051,0.465,-0.022,19.148,0.664,3.0,0.016,21.638,0.003,0.014,200.893,-0.003,-0.534
00:00:14.530,1572874891052,0.465,-0.02,19.148,0.664,3.0,0.016,21.647,0.003,0.013,201.276,-0.004,-0.534
00:00:14.531,1572874891053,0.465,-0.018000000000000002,19.148,0.664,3.0,0.016,21.654,0.003,0.013,201.637,-0.005,-0.534
00:00:14.578,1572874891100,0.465,-0.016,19.148,0.664,3.0,0.015,21.662,0.003,0.013,201.976,-0.006,-0.534
00:00:14.579,1572874891101,0.464,-0.014,19.148,0.664,3.0,0.015,21.669,0.003,0.012,202.337,-0.006,-0.534
00:00:14.580,1572874891102,0.464,-0.012,19.148,0.664,3.0,0.015,21.678,0.003,0.012,202.72,-0.006999999999999999,-0.534
00:00:14.630,1572874891152,0.464,-0.011,19.148,0.664,3.0,0.014,21.685,0.003,0.011,203.082,-0.008,-0.534
00:00:14.631,1572874891153,0.464,-0.009000000000000001,19.148,0.664,3.0,0.014,21.693,0.003,0.011,203.443,-0.009000000000000001,-0.534
00:00:14.632,1572874891154,0.463,-0.006999999999999999,19.148,0.664,3.0,0.013,21.701,0.003,0.011,203.805,-0.01,-0.534
00:00:14.675,1572874891197,0.463,-0.005,19.148,0.664,3.0,0.013,21.708,0.003,0.01,204.167,-0.011,-0.534
00:00:14.676,1572874891198,0.463,-0.003,19.148,0.664,3.0,0.012,21.716,0.003,0.01,204.529,-0.012,-0.534
00:00:14.677,1572874891199,0.463,-0.001,19.295,0.664,3.0,0.012,21.724,0.002,0.01,204.891,-0.013,-0.534
00:00:14.725,1572874891247,0.463,0.001,19.295,0.664,3.0,0.012,21.732,0.002,0.01,205.253,-0.014,-0.534
00:00:14.726,1572874891248,0.465,0.002,19.295,0.664,3.0,0.011,21.739,0.002,0.01,205.615,-0.014,-0.534
00:00:14.727,1572874891249,0.468,0.004,19.295,0.664,3.0,0.011,21.747,0.002,0.009000000000000001,205.977,-0.015,-0.534
00:00:14.776,1572874891298,0.47,0.006,19.295,0.664,3.0,0.01,21.755,0.001,0.009000000000000001,206.34,-0.016,-0.534
00:00:14.777,1572874891299,0.471,0.006999999999999999,19.295,0.664,3.0,0.01,21.763,0.001,0.009000000000000001,206.702,-0.017,-0.534
00:00:14.778,1572874891300,0.471,0.008,19.295,0.664,3.0,0.009000000000000001,21.771,0.001,0.009000000000000001,207.065,-0.018000000000000002,-0.534
00:00:14.779,1572874891301,0.47,0.009000000000000001,19.295,0.664,3.0,0.009000000000000001,21.779,0.001,0.009000000000000001,207.428,-0.019,-0.534
00:00:14.826,1572874891348,0.469,0.011,19.295,0.664,3.0,0.008,21.786,0.0,0.009000000000000001,207.791,-0.02,-0.534
00:00:14.827,1572874891349,0.468,0.012,19.295,0.664,3.0,0.008,21.794,0.0,0.01,208.154,-0.021,-0.534
00:00:14.828,1572874891350,0.468,0.013,19.295,0.664,3.0,0.006999999999999999,21.802,0.0,0.01,208.518,-0.021,-0.534
00:00:14.878,1572874891400,0.468,0.013,19.295,0.664,3.0,0.006999999999999999,21.81,-0.001,0.01,208.881,-0.022,-0.534
00:00:14.879,1572874891401,0.468,0.014,19.295,0.664,3.0,0.006,21.818,-0.001,0.01,209.245,-0.023,-0.534
00:00:14.880,1572874891402,0.468,0.015,19.295,0.664,3.0,0.006,21.825,-0.001,0.01,209.608,-0.024,-0.534
00:00:14.929,1572874891451,0.468,0.015,19.295,0.664,3.0,0.005,21.833,-0.001,0.01,209.972,-0.025,-0.534
00:00:14.930,1572874891452,0.467,0.016,19.295,0.664,3.0,0.005,21.841,-0.001,0.01,210.336,-0.026,-0.534
00:00:14.931,1572874891453,0.467,0.016,19.295,0.664,3.0,0.004,21.849,-0.002,0.011,210.7,-0.027000000000000003,-0.534
00:00:14.979,1572874891501,0.467,0.017,19.295,0.664,3.0,0.004,21.857,-0.002,0.011,211.064,-0.027000000000000003,-0.534
00:00:14.980,1572874891502,0.467,0.017,19.295,0.664,3.0,0.003,21.864,-0.002,0.011,211.429,-0.028,-0.534
00:00:14.981,1572874891503,0.467,0.017,19.295,0.664,3.0,0.003,21.872,-0.002,0.011,211.793,-0.029,-0.534
00:00:15.030,1572874891552,0.466,0.017,19.295,0.664,3.0,0.003,21.88,-0.002,0.011,212.158,-0.03,-0.534
00:00:15.031,1572874891553,0.466,0.017,19.295,0.664,3.0,0.002,21.888,-0.002,0.011,212.523,-0.031,-0.534
00:00:15.032,1572874891554,0.466,0.017,19.295,0.664,3.0,0.002,21.895,-0.002,0.011,212.887,-0.031,-0.534
00:00:15.081,1572874891603,0.466,0.017,19.295,0.664,3.0,0.002,21.903,-0.002,0.011,213.252,-0.032,-0.534
00:00:15.082,1572874891604,0.466,0.017,19.295,0.664,3.0,0.001,21.911,-0.002,0.011,213.617,-0.033,-0.534
00:00:15.083,1572874891605,0.465,0.017,19.295,0.664,3.0,0.001,21.919,-0.002,0.012,213.983,-0.034,-0.534
00:00:15.131,1572874891653,0.465,0.017,19.295,0.664,3.0,0.001,21.926,-0.002,0.012,214.348,-0.035,-0.534
00:00:15.132,1572874891654,0.465,0.017,19.295,0.664,3.0,0.0,21.934,-0.002,0.012,214.71400000000003,-0.035,-0.534
00:00:15.133,1572874891655,0.465,0.017,19.295,0.664,3.0,0.0,21.942,-0.002,0.012,215.079,-0.036000000000000004,-0.534
00:00:15.188,1572874891710,0.465,0.017,19.295,0.664,3.0,0.0,21.95,-0.002,0.012,215.445,-0.037000000000000005,-0.534
00:00:15.189,1572874891711,0.464,0.016,19.295,0.664,3.0,-0.001,21.957,-0.002,0.012,215.811,-0.038,-0.534
00:00:15.190,1572874891712,0.464,0.016,19.295,0.664,3.0,-0.001,21.965,-0.002,0.012,216.177,-0.039,-0.534
00:00:15.233,1572874891755,0.464,0.015,19.295,0.664,3.0,-0.001,21.97300000000001,-0.002,0.012,216.543,-0.039,-0.534
00:00:15.234,1572874891756,0.464,0.015,19.295,0.664,3.0,-0.001,21.981,-0.002,0.012,216.909,-0.04,-0.534
00:00:15.235,1572874891757,0.464,0.014,19.295,0.664,3.0,-0.001,21.988000000000003,-0.002,0.012,217.276,-0.041,-0.534
00:00:15.284,1572874891806,0.463,0.013,19.295,0.664,3.0,-0.001,21.996,-0.002,0.012,217.642,-0.042,-0.534
00:00:15.285,1572874891807,0.463,0.013,19.295,0.664,3.0,-0.002,22.004,-0.002,0.012,218.009,-0.042,-0.534
00:00:15.286,1572874891808,0.463,0.012,19.295,0.664,3.0,-0.002,22.011,-0.002,0.012,218.376,-0.043,-0.534
00:00:15.334,1572874891856,0.463,0.012,19.295,0.664,3.0,-0.002,22.019,-0.001,0.012,218.743,-0.044,-0.534
00:00:15.335,1572874891857,0.463,0.011,19.295,0.664,3.0,-0.002,22.027,-0.001,0.011,219.11,-0.045,-0.534
00:00:15.336,1572874891858,0.462,0.011,19.295,0.664,3.0,-0.002,22.035,-0.001,0.011,219.477,-0.045,-0.534
00:00:15.388,1572874891910,0.462,0.01,19.295,0.664,3.0,-0.002,22.042,-0.001,0.011,219.844,-0.046,-0.534
00:00:15.389,1572874891911,0.462,0.01,19.295,0.664,3.0,-0.002,22.05,-0.001,0.011,220.212,-0.047,-0.534
00:00:15.390,1572874891912,0.462,0.009000000000000001,19.295,0.664,3.0,-0.002,22.058000000000003,-0.001,0.011,220.579,-0.048,-0.534
00:00:15.438,1572874891960,0.461,0.009000000000000001,19.295,0.664,3.0,-0.002,22.065,-0.001,0.011,220.947,-0.048,-0.534
00:00:15.439,1572874891961,0.461,0.009000000000000001,19.295,0.664,3.0,-0.002,22.073,-0.001,0.011,221.315,-0.049,-0.534
00:00:15.440,1572874891962,0.461,0.008,19.295,0.664,3.0,-0.002,22.081,-0.001,0.011,221.683,-0.05,-0.534
00:00:15.488,1572874892010,0.461,0.008,19.295,0.664,3.0,-0.002,22.088,-0.001,0.011,222.051,-0.051,-0.534
00:00:15.489,1572874892011,0.461,0.008,19.295,0.664,3.0,-0.002,22.096,-0.001,0.011,222.419,-0.051,-0.534
00:00:15.490,1572874892012,0.46,0.006999999999999999,19.295,0.664,3.0,-0.002,22.104,-0.001,0.011,222.787,-0.052000000000000005,-0.534
00:00:15.554,1572874892076,0.46,0.006999999999999999,19.295,0.664,3.0,-0.002,22.111,-0.001,0.011,223.156,-0.053,-0.534
00:00:15.555,1572874892077,0.46,0.006999999999999999,19.295,0.664,3.0,-0.002,22.119,-0.001,0.011,223.524,-0.053,-0.534
00:00:15.556,1572874892078,0.46,0.006999999999999999,19.295,0.664,3.0,-0.002,22.127,-0.001,0.011,223.893,-0.054000000000000006,-0.534
00:00:15.591,1572874892113,0.46,0.006999999999999999,19.295,0.664,3.0,-0.002,22.134,-0.001,0.011,224.262,-0.055,-0.534
00:00:15.592,1572874892114,0.459,0.006999999999999999,19.295,0.664,3.0,-0.003,22.142,-0.001,0.011,224.631,-0.056,-0.534
00:00:15.593,1572874892115,0.459,0.006999999999999999,19.295,0.664,3.0,-0.003,22.15,-0.001,0.011,225.0,-0.056,-0.534
00:00:15.642,1572874892164,0.459,0.006999999999999999,19.295,0.664,3.0,-0.003,22.157,-0.001,0.01,225.36900000000003,-0.057,-0.534
00:00:15.643,1572874892165,0.459,0.006999999999999999,19.295,0.664,3.0,-0.003,22.165,0.0,0.01,225.738,-0.058,-0.534
00:00:15.644,1572874892166,0.459,0.006999999999999999,19.295,0.664,3.0,-0.003,22.173,0.0,0.01,226.108,-0.058,-0.534
00:00:15.695,1572874892217,0.458,0.006999999999999999,19.295,0.664,3.0,-0.003,22.18,0.0,0.01,226.478,-0.059,-0.534
00:00:15.696,1572874892218,0.458,0.006999999999999999,19.295,0.664,3.0,-0.003,22.188,0.0,0.01,226.847,-0.06,-0.534
00:00:15.697,1572874892219,0.458,0.006999999999999999,19.295,0.664,3.0,-0.003,22.195,0.0,0.01,227.217,-0.061,-0.534
00:00:15.698,1572874892220,0.458,0.006999999999999999,19.295,0.664,3.0,-0.003,22.20300000000001,0.0,0.01,227.587,-0.061,-0.534
00:00:15.754,1572874892276,0.458,0.006999999999999999,19.295,0.664,3.0,-0.003,22.211,0.0,0.01,227.957,-0.062,-0.534
00:00:15.755,1572874892277,0.457,0.006999999999999999,19.295,0.664,3.0,-0.003,22.218000000000004,0.0,0.01,228.327,-0.063,-0.534
00:00:15.756,1572874892278,0.457,0.006999999999999999,19.295,0.664,3.0,-0.003,22.226,0.0,0.01,228.698,-0.063,-0.534
00:00:15.802,1572874892324,0.457,0.006999999999999999,19.295,0.664,3.0,-0.003,22.234,-0.001,0.01,229.068,-0.064,-0.534
00:00:15.803,1572874892325,0.457,0.006999999999999999,19.295,0.664,3.0,-0.003,22.241,-0.001,0.01,229.439,-0.065,-0.534
00:00:15.804,1572874892326,0.456,0.006999999999999999,19.295,0.664,3.0,-0.003,22.249,-0.001,0.01,229.81,-0.065,-0.534
00:00:15.850,1572874892372,0.456,0.008,19.295,0.664,3.0,-0.003,22.256,-0.001,0.01,230.181,-0.066,-0.534
00:00:15.851,1572874892373,0.456,0.008,19.295,0.664,3.0,-0.003,22.264,-0.001,0.01,230.552,-0.067,-0.534
00:00:15.852,1572874892374,0.456,0.009000000000000001,19.295,0.664,3.0,-0.003,22.272,-0.001,0.01,230.923,-0.067,-0.534
00:00:15.904,1572874892426,0.456,0.009000000000000001,19.295,0.664,3.0,-0.003,22.279,-0.001,0.01,231.294,-0.068,-0.534
00:00:15.905,1572874892427,0.455,0.009000000000000001,19.295,0.664,3.0,-0.003,22.287,-0.001,0.01,231.665,-0.069,-0.534
00:00:15.906,1572874892428,0.455,0.009000000000000001,19.295,0.664,3.0,-0.003,22.294,-0.001,0.01,232.037,-0.07,-0.534
00:00:15.955,1572874892477,0.455,0.009000000000000001,19.295,0.664,3.0,-0.003,22.302,-0.001,0.01,232.408,-0.07,-0.534
00:00:15.956,1572874892478,0.455,0.009000000000000001,19.295,0.664,3.0,-0.003,22.309,-0.001,0.01,232.78,-0.071,-0.534
00:00:15.957,1572874892479,0.455,0.009000000000000001,19.295,0.664,3.0,-0.003,22.317,-0.001,0.01,233.152,-0.07200000000000001,-0.534
00:00:16.006,1572874892528,0.454,0.009000000000000001,19.295,0.664,3.0,-0.003,22.325,-0.001,0.01,233.524,-0.07200000000000001,-0.534
00:00:16.007,1572874892529,0.454,0.009000000000000001,19.295,0.664,3.0,-0.003,22.332,-0.001,0.01,233.896,-0.073,-0.534
00:00:16.008,1572874892530,0.454,0.009000000000000001,19.295,0.664,3.0,-0.003,22.34,-0.001,0.01,234.269,-0.07400000000000001,-0.534
00:00:16.057,1572874892579,0.454,0.01,19.295,0.664,3.0,-0.003,22.347,-0.001,0.01,234.641,-0.07400000000000001,-0.534
00:00:16.058,1572874892580,0.454,0.01,19.295,0.664,3.0,-0.003,22.355,-0.001,0.01,235.013,-0.075,-0.534
00:00:16.059,1572874892581,0.453,0.01,19.295,0.664,3.0,-0.003,22.362,-0.001,0.01,235.386,-0.076,-0.534
00:00:16.107,1572874892629,0.453,0.01,19.295,0.664,3.0,-0.003,22.37,-0.001,0.01,235.759,-0.076,-0.534
00:00:16.108,1572874892630,0.453,0.01,19.295,0.664,3.0,-0.003,22.377,-0.001,0.01,236.132,-0.077,-0.534
00:00:16.109,1572874892631,0.453,0.01,19.295,0.664,3.0,-0.003,22.385,-0.001,0.01,236.505,-0.077,-0.534
00:00:16.161,1572874892683,0.453,0.01,19.295,0.664,3.0,-0.003,22.393,-0.001,0.01,236.878,-0.078,-0.534
00:00:16.162,1572874892684,0.452,0.01,19.295,0.664,3.0,-0.003,22.4,-0.001,0.01,237.251,-0.079,-0.534
00:00:16.163,1572874892685,0.452,0.01,19.295,0.664,3.0,-0.003,22.408,-0.001,0.01,237.625,-0.079,-0.534
00:00:16.207,1572874892729,0.452,0.01,19.148,0.664,3.0,-0.003,22.415,-0.001,0.01,237.998,-0.08,-0.534
00:00:16.208,1572874892730,0.451,0.01,19.148,0.664,3.0,-0.003,22.423,-0.001,0.01,238.372,-0.081,-0.534
00:00:16.209,1572874892731,0.449,0.01,19.148,0.664,3.0,-0.003,22.43,-0.001,0.01,238.745,-0.081,-0.534
00:00:16.262,1572874892784,0.446,0.01,19.148,0.664,3.0,-0.003,22.438,-0.001,0.01,239.11900000000003,-0.08199999999999999,-0.534
00:00:16.263,1572874892785,0.443,0.01,19.148,0.664,3.0,-0.003,22.445,-0.001,0.01,239.493,-0.083,-0.534
00:00:16.264,1572874892786,0.442,0.01,19.148,0.664,3.0,-0.003,22.452,-0.001,0.01,239.868,-0.083,-0.534
00:00:16.265,1572874892787,0.441,0.01,17.61,0.664,3.0,-0.003,22.46,-0.001,0.01,240.242,-0.084,-0.534
00:00:16.312,1572874892834,0.442,0.01,17.61,0.664,3.0,-0.003,22.467,-0.001,0.01,240.616,-0.084,-0.534
00:00:16.313,1572874892835,0.447,0.01,17.61,0.664,3.0,-0.003,22.474,-0.001,0.01,240.991,-0.085,-0.534
00:00:16.314,1572874892836,0.452,0.01,17.61,0.664,3.0,-0.003,22.482,-0.001,0.009000000000000001,241.365,-0.086,-0.534
00:00:16.362,1572874892884,0.452,0.01,17.61,0.664,3.0,-0.003,22.49,-0.001,0.009000000000000001,241.74,-0.086,-0.534
00:00:16.363,1572874892885,0.443,0.01,17.61,0.664,3.0,-0.003,22.497,-0.001,0.009000000000000001,242.115,-0.087,-0.534
00:00:16.364,1572874892886,0.43,0.01,14.607,0.664,3.0,-0.003,22.504,-0.001,0.009000000000000001,242.49,-0.08800000000000001,-0.534
00:00:16.414,1572874892936,0.409,0.01,14.607,0.664,3.0,-0.003,22.51,-0.001,0.009000000000000001,242.865,-0.08800000000000001,-0.534
00:00:16.415,1572874892937,0.374,0.01,14.607,0.664,3.0,-0.003,22.516,-0.001,0.009000000000000001,243.24,-0.08900000000000001,-0.534
00:00:16.416,1572874892938,0.324,0.01,14.607,0.664,3.0,-0.003,22.52,-0.001,0.008,243.616,-0.08900000000000001,-0.534
00:00:16.464,1572874892986,0.273,0.01,14.607,0.664,3.0,-0.003,22.524,-0.001,0.006999999999999999,243.991,-0.09,-0.534
00:00:16.465,1572874892987,0.238,0.01,14.607,0.664,3.0,-0.003,22.528,-0.001,0.006,244.366,-0.091,-0.534
00:00:16.466,1572874892988,0.221,0.01,9.626,0.664,3.0,-0.003,22.532,-0.001,0.004,244.742,-0.091,-0.534
00:00:16.514,1572874893036,0.208,0.01,9.626,0.664,3.0,-0.003,22.535,-0.001,0.002,245.117,-0.092,-0.534
00:00:16.515,1572874893037,0.174,0.01,9.626,0.664,3.0,-0.003,22.537,-0.001,0.001,245.493,-0.092,-0.534
00:00:16.516,1572874893038,0.117,0.01,9.626,0.664,3.0,-0.003,22.538,-0.001,-0.002,245.86900000000003,-0.093,-0.534
00:00:16.564,1572874893086,0.06,0.01,9.626,0.664,3.0,-0.003,22.538,-0.001,-0.004,246.24400000000003,-0.093,-0.534
00:00:16.565,1572874893087,0.017,0.01,9.626,0.664,3.0,-0.003,22.538,-0.001,-0.006999999999999999,246.62,-0.094,-0.534
00:00:16.566,1572874893088,-0.008,0.01,5.305,0.664,3.0,-0.003,22.538,-0.001,-0.011,246.996,-0.095,-0.534
00:00:16.617,1572874893139,-0.019,0.01,5.305,0.664,3.0,-0.003,22.537,-0.001,-0.014,247.371,-0.095,-0.534
00:00:16.618,1572874893140,-0.035,0.01,5.305,0.664,3.0,-0.003,22.536,-0.001,-0.018000000000000002,247.747,-0.096,-0.534
00:00:16.619,1572874893141,-0.059,0.01,5.305,0.664,3.0,-0.003,22.535,-0.001,-0.021,248.122,-0.096,-0.534
00:00:16.668,1572874893190,-0.087,0.009000000000000001,5.305,0.664,3.0,-0.003,22.533,-0.001,-0.025,248.498,-0.097,-0.534
00:00:16.669,1572874893191,-0.111,0.009000000000000001,5.305,0.664,3.0,-0.003,22.531,-0.001,-0.029,248.874,-0.097,-0.534
00:00:16.670,1572874893192,-0.129,0.009000000000000001,2.302,0.664,3.0,-0.003,22.529,-0.001,-0.033,249.249,-0.098,-0.534
00:00:16.719,1572874893241,-0.14300000000000002,0.009000000000000001,2.302,0.664,3.0,-0.003,22.526,-0.001,-0.038,249.625,-0.099,-0.534
00:00:16.720,1572874893242,-0.161,0.009000000000000001,2.302,0.664,3.0,-0.003,22.523000000000003,-0.001,-0.042,250.0,-0.099,-0.534
00:00:16.721,1572874893243,-0.205,0.009000000000000001,2.302,0.664,3.0,-0.003,22.519,-0.001,-0.046,250.375,-0.1,-0.534
00:00:16.770,1572874893292,-0.244,0.009000000000000001,2.302,0.664,3.0,-0.003,22.515,-0.001,-0.051,250.751,-0.1,-0.534
00:00:16.771,1572874893293,-0.249,0.008,2.302,0.664,3.0,-0.003,22.51,-0.001,-0.055,251.126,-0.101,-0.534
00:00:16.772,1572874893294,-0.24,0.008,2.082,0.664,3.0,-0.003,22.507,-0.001,-0.06,251.501,-0.101,-0.5329999999999999
00:00:16.824,1572874893346,-0.246,0.008,2.082,0.664,3.0,-0.003,22.502,-0.001,-0.064,251.876,-0.102,-0.5329999999999999
00:00:16.825,1572874893347,-0.253,0.008,2.082,0.664,3.0,-0.003,22.498,-0.001,-0.068,252.251,-0.102,-0.5329999999999999
00:00:16.826,1572874893348,-0.254,0.008,2.082,0.664,3.0,-0.003,22.494,-0.001,-0.07200000000000001,252.626,-0.103,-0.5329999999999999
00:00:16.871,1572874893393,-0.255,0.008,2.082,0.664,3.0,-0.003,22.49,-0.001,-0.075,253.001,-0.103,-0.5329999999999999
00:00:16.872,1572874893394,-0.256,0.008,2.082,0.664,3.0,-0.003,22.485,-0.001,-0.079,253.376,-0.104,-0.5329999999999999
00:00:16.873,1572874893395,-0.257,0.008,2.082,0.664,3.0,-0.003,22.481,-0.001,-0.08199999999999999,253.75,-0.105,-0.5329999999999999
00:00:16.926,1572874893448,-0.258,0.008,2.082,0.664,3.0,-0.003,22.477,-0.001,-0.085,254.125,-0.105,-0.5329999999999999
00:00:16.927,1572874893449,-0.258,0.008,2.082,0.664,3.0,-0.003,22.472,-0.001,-0.087,254.5,-0.106,-0.5329999999999999
00:00:16.928,1572874893450,-0.258,0.008,2.082,0.664,3.0,-0.003,22.468000000000004,-0.001,-0.09,254.874,-0.106,-0.5329999999999999
00:00:16.971,1572874893493,-0.259,0.008,2.082,0.664,3.0,-0.003,22.464,-0.001,-0.092,255.248,-0.107,-0.5329999999999999
00:00:16.972,1572874893494,-0.259,0.008,2.082,0.664,3.0,-0.003,22.459,-0.001,-0.093,255.623,-0.107,-0.5329999999999999
00:00:16.973,1572874893495,-0.259,0.008,2.082,0.664,3.0,-0.003,22.455,-0.001,-0.095,255.997,-0.108,-0.534
00:00:17.027,1572874893549,-0.26,0.008,2.082,0.664,3.0,-0.003,22.451,-0.001,-0.096,256.371,-0.108,-0.534
00:00:17.028,1572874893550,-0.26,0.008,2.082,0.664,3.0,-0.003,22.446,-0.001,-0.096,256.745,-0.109,-0.534
00:00:17.029,1572874893551,-0.26,0.008,2.082,0.664,3.0,-0.003,22.442,-0.001,-0.097,257.12,-0.109,-0.534
00:00:17.075,1572874893597,-0.26,0.008,2.082,0.664,3.0,-0.003,22.438,-0.001,-0.097,257.494,-0.11,-0.534
00:00:17.076,1572874893598,-0.26,0.009000000000000001,2.082,0.664,3.0,-0.003,22.433000000000003,-0.001,-0.097,257.867,-0.11,-0.534
00:00:17.077,1572874893599,-0.26,0.009000000000000001,2.302,0.664,3.0,-0.003,22.429,-0.001,-0.096,258.241,-0.111,-0.534
00:00:17.130,1572874893652,-0.257,0.009000000000000001,2.302,0.664,3.0,-0.003,22.425,-0.001,-0.096,258.615,-0.111,-0.534
00:00:17.131,1572874893653,-0.254,0.009000000000000001,2.302,0.664,3.0,-0.003,22.421,-0.001,-0.095,258.98900000000003,-0.112,-0.534
00:00:17.132,1572874893654,-0.253,0.009000000000000001,2.302,0.664,3.0,-0.003,22.416,-0.001,-0.094,259.362,-0.112,-0.534
00:00:17.133,1572874893655,-0.253,0.009000000000000001,2.302,0.664,3.0,-0.003,22.412,-0.001,-0.093,259.736,-0.113,-0.534
00:00:17.177,1572874893699,-0.253,0.009000000000000001,2.302,0.664,3.0,-0.003,22.408,-0.001,-0.092,260.11,-0.113,-0.534
00:00:17.178,1572874893700,-0.253,0.009000000000000001,2.302,0.664,3.0,-0.003,22.404,-0.001,-0.091,260.483,-0.114,-0.534
00:00:17.179,1572874893701,-0.253,0.009000000000000001,2.302,0.664,3.0,-0.003,22.4,-0.001,-0.09,260.856,-0.114,-0.534
00:00:17.227,1572874893749,-0.253,0.009000000000000001,2.302,0.664,3.0,-0.003,22.395,-0.001,-0.08900000000000001,261.23,-0.115,-0.535
00:00:17.228,1572874893750,-0.253,0.009000000000000001,2.302,0.664,3.0,-0.003,22.391,-0.001,-0.08800000000000001,261.603,-0.115,-0.535
00:00:17.229,1572874893751,-0.253,0.009000000000000001,2.302,0.664,3.0,-0.003,22.387,-0.001,-0.087,261.976,-0.116,-0.535
00:00:17.277,1572874893799,-0.253,0.009000000000000001,2.302,0.664,3.0,-0.003,22.38300000000001,-0.001,-0.086,262.349,-0.116,-0.535
00:00:17.278,1572874893800,-0.253,0.009000000000000001,2.302,0.664,3.0,-0.003,22.378,-0.001,-0.085,262.722,-0.117,-0.535
00:00:17.279,1572874893801,-0.253,0.009000000000000001,2.302,0.664,3.0,-0.003,22.374,-0.001,-0.084,263.095,-0.117,-0.535
00:00:17.341,1572874893863,-0.253,0.009000000000000001,2.302,0.664,3.0,-0.003,22.37,-0.001,-0.083,263.468,-0.117,-0.535
00:00:17.342,1572874893864,-0.253,0.01,2.302,0.664,3.0,-0.003,22.366,-0.001,-0.083,263.841,-0.118,-0.535
00:00:17.343,1572874893865,-0.253,0.01,2.302,0.664,3.0,-0.003,22.362,-0.001,-0.08199999999999999,264.213,-0.118,-0.535
00:00:17.403,1572874893925,-0.253,0.01,2.302,0.664,3.0,-0.003,22.357,-0.001,-0.081,264.586,-0.119,-0.535
00:00:17.404,1572874893926,-0.253,0.011,2.448,0.664,3.0,-0.003,22.353,-0.001,-0.081,264.959,-0.119,-0.535
00:00:17.405,1572874893927,-0.251,0.012,2.448,0.664,3.0,-0.003,22.349,-0.001,-0.08,265.331,-0.12,-0.535
00:00:17.406,1572874893928,-0.249,0.013,2.448,0.664,3.0,-0.003,22.345,-0.001,-0.08,265.704,-0.12,-0.535
00:00:17.454,1572874893976,-0.248,0.015,2.448,0.664,3.0,-0.003,22.341,-0.001,-0.08,266.076,-0.121,-0.535
00:00:17.455,1572874893977,-0.248,0.016,2.448,0.664,3.0,-0.003,22.337,-0.001,-0.079,266.448,-0.121,-0.535
00:00:17.456,1572874893978,-0.248,0.017,2.448,0.664,3.0,-0.003,22.333,-0.001,-0.079,266.821,-0.122,-0.535
00:00:17.505,1572874894027,-0.248,0.019,2.815,0.664,3.0,-0.004,22.32800000000001,-0.001,-0.079,267.193,-0.122,-0.535
00:00:17.506,1572874894028,-0.245,0.02,2.815,0.664,3.0,-0.004,22.324,-0.001,-0.079,267.565,-0.122,-0.535
00:00:17.507,1572874894029,-0.239,0.022,2.815,0.664,3.0,-0.004,22.321,-0.001,-0.079,267.937,-0.123,-0.535
00:00:17.556,1572874894078,-0.234,0.025,2.815,0.664,3.0,-0.004,22.317,0.0,-0.079,268.309,-0.123,-0.535
00:00:17.557,1572874894079,-0.234,0.027000000000000003,2.815,0.664,3.0,-0.004,22.313,0.0,-0.079,268.681,-0.124,-0.535
00:00:17.558,1572874894080,-0.233,0.03,2.815,0.664,3.0,-0.004,22.308000000000003,0.0,-0.078,269.122,-0.124,-0.535
00:00:17.606,1572874894128,-0.234,0.032,3.474,0.664,3.0,-0.004,22.305,0.0,-0.078,269.42400000000004,-0.124,-0.535
00:00:17.607,1572874894129,-0.231,0.034,3.474,0.664,3.0,-0.005,22.301,0.0,-0.078,269.796,-0.125,-0.535
00:00:17.608,1572874894130,-0.227,0.036000000000000004,3.474,0.664,3.0,-0.005,22.297,0.0,-0.078,270.168,-0.125,-0.535
00:00:17.661,1572874894183,-0.223,0.037000000000000005,3.474,0.664,3.0,-0.005,22.294,-0.001,-0.078,270.539,-0.125,-0.535
00:00:17.662,1572874894184,-0.219,0.038,3.474,0.664,3.0,-0.006,22.29,-0.001,-0.078,270.911,-0.126,-0.535
00:00:17.663,1572874894185,-0.21600000000000005,0.039,3.474,0.664,3.0,-0.006,22.287,-0.001,-0.078,271.282,-0.126,-0.535
00:00:17.713,1572874894235,-0.214,0.039,3.913,0.664,3.0,-0.006,22.283,-0.001,-0.078,271.654,-0.126,-0.535
00:00:17.714,1572874894236,-0.212,0.04,3.913,0.664,3.0,-0.006999999999999999,22.28,-0.001,-0.078,272.025,-0.127,-0.535
00:00:17.715,1572874894237,-0.211,0.041,3.913,0.664,3.0,-0.006999999999999999,22.276,-0.002,-0.078,272.397,-0.127,-0.535
00:00:17.758,1572874894280,-0.208,0.042,3.913,0.664,3.0,-0.008,22.273000000000003,-0.002,-0.078,272.768,-0.127,-0.534
00:00:17.759,1572874894281,-0.206,0.043,3.913,0.664,3.0,-0.008,22.269,-0.002,-0.078,273.139,-0.128,-0.534
00:00:17.760,1572874894282,-0.203,0.044,3.913,0.664,3.0,-0.008,22.266,-0.002,-0.078,273.51,-0.128,-0.534
00:00:17.806,1572874894328,-0.201,0.045,4.133,0.664,3.0,-0.009000000000000001,22.263,-0.003,-0.078,273.881,-0.128,-0.534
00:00:17.807,1572874894329,-0.199,0.046,4.133,0.664,3.0,-0.009000000000000001,22.259,-0.003,-0.077,274.252,-0.128,-0.534
00:00:17.808,1572874894330,-0.197,0.047,4.133,0.664,3.0,-0.009000000000000001,22.256,-0.003,-0.077,274.623,-0.129,-0.534
00:00:17.862,1572874894384,-0.196,0.048,4.133,0.664,3.0,-0.01,22.253,-0.003,-0.077,274.994,-0.129,-0.534
00:00:17.863,1572874894385,-0.194,0.048,4.133,0.664,3.0,-0.01,22.25,-0.003,-0.077,275.365,-0.129,-0.534
00:00:17.864,1572874894386,-0.192,0.049,4.133,0.664,3.0,-0.01,22.246,-0.004,-0.076,275.736,-0.129,-0.534
00:00:17.865,1572874894387,-0.191,0.049,4.646,0.664,3.0,-0.011,22.243,-0.004,-0.076,276.106,-0.129,-0.534
00:00:17.918,1572874894440,-0.19,0.05,4.646,0.664,3.0,-0.011,22.24,-0.004,-0.076,276.47700000000003,-0.129,-0.534
00:00:17.919,1572874894441,-0.188,0.05,4.646,0.664,3.0,-0.011,22.237,-0.004,-0.075,276.848,-0.13,-0.534
00:00:17.920,1572874894442,-0.185,0.05,4.646,0.664,3.0,-0.011,22.234,-0.004,-0.075,277.218,-0.13,-0.534
00:00:17.968,1572874894490,-0.182,0.05,4.646,0.664,3.0,-0.012,22.231,-0.004,-0.075,277.589,-0.13,-0.534
00:00:17.969,1572874894491,-0.179,0.05,4.646,0.664,3.0,-0.012,22.228,-0.004,-0.07400000000000001,277.959,-0.13,-0.534
00:00:17.970,1572874894492,-0.17600000000000002,0.049,5.4510000000000005,0.664,3.0,-0.012,22.225,-0.004,-0.07400000000000001,278.33,-0.13,-0.534
00:00:18.018,1572874894540,-0.174,0.049,5.4510000000000005,0.664,3.0,-0.012,22.222,-0.004,-0.073,278.7,-0.13,-0.534
00:00:18.019,1572874894541,-0.17,0.049,5.4510000000000005,0.664,3.0,-0.013,22.22,-0.004,-0.073,279.071,-0.13,-0.534
00:00:18.020,1572874894542,-0.165,0.048,5.4510000000000005,0.664,3.0,-0.013,22.217,-0.004,-0.073,279.441,-0.13,-0.534
00:00:18.072,1572874894594,-0.159,0.048,5.4510000000000005,0.664,3.0,-0.013,22.214,-0.004,-0.07200000000000001,279.811,-0.13,-0.534
00:00:18.073,1572874894595,-0.154,0.047,5.4510000000000005,0.664,3.0,-0.013,22.212,-0.004,-0.07200000000000001,280.181,-0.13,-0.534
00:00:18.074,1572874894596,-0.149,0.047,5.964,0.664,3.0,-0.013,22.209,-0.004,-0.071,280.552,-0.13,-0.534
00:00:18.127,1572874894649,-0.146,0.046,5.964,0.664,3.0,-0.014,22.207,-0.004,-0.071,280.922,-0.13,-0.534
00:00:18.128,1572874894650,-0.14300000000000002,0.045,5.964,0.664,3.0,-0.014,22.205,-0.004,-0.07,281.29200000000003,-0.13,-0.534
00:00:18.129,1572874894651,-0.139,0.045,5.964,0.664,3.0,-0.014,22.202,-0.004,-0.07,281.6620000000001,-0.13,-0.534
00:00:18.130,1572874894652,-0.135,0.044,5.964,0.664,3.0,-0.014,22.2,-0.004,-0.069,282.032,-0.13,-0.534
00:00:18.181,1572874894703,-0.132,0.043,5.964,0.664,3.0,-0.014,22.198,-0.003,-0.068,282.402,-0.13,-0.534
00:00:18.182,1572874894704,-0.13,0.042,5.964,0.664,3.0,-0.014,22.196,-0.003,-0.068,282.772,-0.13,-0.534
00:00:18.183,1572874894705,-0.129,0.042,5.964,0.664,3.0,-0.014,22.19400000000001,-0.003,-0.067,283.142,-0.13,-0.534
00:00:18.228,1572874894750,-0.129,0.041,5.964,0.664,3.0,-0.014,22.192,-0.003,-0.067,283.512,-0.13,-0.534
00:00:18.229,1572874894751,-0.129,0.041,5.964,0.664,3.0,-0.014,22.189,-0.003,-0.066,283.881,-0.13,-0.534
00:00:18.230,1572874894752,-0.13,0.041,5.964,0.664,3.0,-0.014,22.187,-0.003,-0.066,284.251,-0.13,-0.534
00:00:18.279,1572874894801,-0.13,0.04,5.964,0.664,3.0,-0.014,22.185,-0.003,-0.065,284.621,-0.13,-0.534
00:00:18.280,1572874894802,-0.13,0.039,6.1110000000000015,0.664,3.0,-0.014,22.183000000000003,-0.003,-0.065,284.991,-0.129,-0.534
00:00:18.281,1572874894803,-0.13,0.039,6.1110000000000015,0.664,3.0,-0.014,22.181,-0.003,-0.065,285.36,-0.129,-0.534
00:00:18.334,1572874894856,-0.13,0.038,6.1110000000000015,0.664,3.0,-0.014,22.179,-0.003,-0.064,285.73,-0.129,-0.534
00:00:18.335,1572874894857,-0.129,0.037000000000000005,6.1110000000000015,0.664,3.0,-0.014,22.176,-0.003,-0.064,286.1,-0.129,-0.534
00:00:18.336,1572874894858,-0.128,0.036000000000000004,6.1110000000000015,0.664,3.0,-0.014,22.174,-0.003,-0.064,286.469,-0.129,-0.534
00:00:18.380,1572874894902,-0.126,0.035,6.1110000000000015,0.664,3.0,-0.014,22.172,-0.003,-0.064,286.839,-0.129,-0.534
00:00:18.381,1572874894903,-0.126,0.034,5.964,0.664,3.0,-0.014,22.17,-0.003,-0.064,287.208,-0.128,-0.534
00:00:18.382,1572874894904,-0.125,0.033,5.964,0.664,3.0,-0.014,22.16800000000001,-0.003,-0.064,287.578,-0.128,-0.534
00:00:18.435,1572874894957,-0.126,0.033,5.964,0.664,3.0,-0.014,22.166,-0.003,-0.064,287.947,-0.128,-0.534
00:00:18.436,1572874894958,-0.127,0.033,5.964,0.664,3.0,-0.014,22.164,-0.003,-0.064,288.317,-0.128,-0.534
00:00:18.437,1572874894959,-0.128,0.032,5.964,0.664,3.0,-0.014,22.162,-0.002,-0.064,288.686,-0.128,-0.534
00:00:18.488,1572874895010,-0.129,0.032,5.964,0.664,3.0,-0.014,22.16,-0.002,-0.064,289.055,-0.127,-0.534
00:00:18.489,1572874895011,-0.13,0.032,5.964,0.664,3.0,-0.014,22.157,-0.002,-0.064,289.425,-0.127,-0.534
00:00:18.490,1572874895012,-0.13,0.032,5.964,0.664,3.0,-0.014,22.155,-0.002,-0.064,289.7940000000001,-0.127,-0.534
00:00:18.531,1572874895053,-0.13,0.032,5.964,0.664,3.0,-0.014,22.153,-0.002,-0.064,290.163,-0.127,-0.534
00:00:18.532,1572874895054,-0.13,0.031,5.964,0.664,3.0,-0.013,22.151,-0.002,-0.064,290.532,-0.126,-0.534
00:00:18.533,1572874895055,-0.13,0.031,5.964,0.664,3.0,-0.013,22.149,-0.002,-0.064,290.902,-0.126,-0.534
00:00:18.581,1572874895103,-0.13,0.031,5.964,0.664,3.0,-0.013,22.147,-0.002,-0.064,291.271,-0.126,-0.534
00:00:18.582,1572874895104,-0.13,0.031,5.964,0.664,3.0,-0.013,22.144,-0.002,-0.065,291.64,-0.125,-0.534
00:00:18.583,1572874895105,-0.129,0.031,5.964,0.664,3.0,-0.013,22.142,-0.002,-0.065,292.009,-0.125,-0.534
00:00:18.633,1572874895155,-0.129,0.03,5.964,0.664,3.0,-0.013,22.14,-0.002,-0.065,292.401,-0.125,-0.534
00:00:18.634,1572874895156,-0.129,0.03,5.964,0.664,3.0,-0.013,22.138,-0.002,-0.065,292.747,-0.124,-0.534
00:00:18.635,1572874895157,-0.129,0.029,5.964,0.664,3.0,-0.013,22.136,-0.002,-0.065,293.116,-0.124,-0.534
00:00:18.684,1572874895206,-0.129,0.029,5.964,0.664,3.0,-0.013,22.134,-0.002,-0.065,293.508,-0.124,-0.534
00:00:18.685,1572874895207,-0.129,0.029,5.964,0.664,3.0,-0.013,22.131,-0.002,-0.065,293.8540000000001,-0.123,-0.534
00:00:18.686,1572874895208,-0.129,0.029,5.964,0.664,3.0,-0.013,22.129,-0.002,-0.065,294.223,-0.123,-0.534
00:00:18.734,1572874895256,-0.129,0.029,5.964,0.664,3.0,-0.013,22.127,-0.002,-0.066,294.591,-0.123,-0.534
00:00:18.735,1572874895257,-0.129,0.029,5.964,0.664,3.0,-0.012,22.125,-0.002,-0.066,294.96,-0.122,-0.534
00:00:18.736,1572874895258,-0.129,0.029,5.964,0.664,3.0,-0.012,22.123,-0.002,-0.066,295.329,-0.122,-0.534
00:00:18.791,1572874895313,-0.129,0.029,5.964,0.664,3.0,-0.012,22.121,-0.002,-0.066,295.698,-0.122,-0.534
00:00:18.792,1572874895314,-0.129,0.029,5.964,0.664,3.0,-0.012,22.119,-0.002,-0.066,296.066,-0.121,-0.534
00:00:18.793,1572874895315,-0.129,0.029,5.964,0.664,3.0,-0.012,22.116,-0.002,-0.066,296.435,-0.121,-0.534
00:00:18.838,1572874895360,-0.129,0.029,5.964,0.664,3.0,-0.012,22.114,-0.002,-0.066,296.826,-0.12,-0.534
00:00:18.839,1572874895361,-0.129,0.029,5.964,0.664,3.0,-0.012,22.112,-0.002,-0.066,297.172,-0.12,-0.534
00:00:18.840,1572874895362,-0.129,0.029,5.964,0.664,3.0,-0.012,22.11,-0.002,-0.066,297.54,-0.119,-0.534
00:00:18.897,1572874895419,-0.129,0.029,5.964,0.664,3.0,-0.012,22.108,-0.002,-0.066,297.909,-0.119,-0.534
00:00:18.898,1572874895420,-0.129,0.029,5.964,0.664,3.0,-0.012,22.106,-0.002,-0.066,298.277,-0.119,-0.534
00:00:18.899,1572874895421,-0.129,0.029,5.964,0.664,3.0,-0.012,22.104,-0.002,-0.066,298.646,-0.118,-0.534
00:00:18.934,1572874895456,-0.129,0.029,5.964,0.664,3.0,-0.012,22.101,-0.002,-0.066,299.0370000000001,-0.118,-0.534
00:00:18.935,1572874895457,-0.129,0.028,5.964,0.664,3.0,-0.012,22.099,-0.002,-0.066,299.383,-0.117,-0.534
00:00:18.936,1572874895458,-0.129,0.028,5.964,0.664,3.0,-0.012,22.097,-0.002,-0.066,299.751,-0.117,-0.534
00:00:18.985,1572874895507,-0.129,0.028,5.964,0.664,3.0,-0.012,22.095,-0.002,-0.066,300.119,-0.116,-0.534
00:00:18.986,1572874895508,-0.129,0.028,5.964,0.664,3.0,-0.012,22.093000000000004,-0.002,-0.066,300.487,-0.116,-0.534
00:00:18.987,1572874895509,-0.129,0.028,5.964,0.664,3.0,-0.012,22.091,-0.002,-0.066,300.856,-0.115,-0.534
00:00:19.037,1572874895559,-0.129,0.029,5.964,0.664,3.0,-0.011,22.089,-0.002,-0.066,301.224,-0.115,-0.534
00:00:19.038,1572874895560,-0.129,0.029,5.964,0.664,3.0,-0.011,22.086,-0.002,-0.066,301.615,-0.114,-0.534
00:00:19.039,1572874895561,-0.128,0.029,5.964,0.664,3.0,-0.011,22.084,-0.002,-0.066,301.96,-0.114,-0.534
00:00:19.088,1572874895610,-0.128,0.029,5.964,0.664,3.0,-0.011,22.082,-0.002,-0.066,302.351,-0.113,-0.534
00:00:19.089,1572874895611,-0.128,0.029,5.964,0.664,3.0,-0.011,22.08,-0.002,-0.066,302.696,-0.113,-0.534
00:00:19.090,1572874895612,-0.128,0.029,5.964,0.664,3.0,-0.011,22.07800000000001,-0.002,-0.066,303.064,-0.112,-0.534
00:00:19.138,1572874895660,-0.128,0.029,5.964,0.664,3.0,-0.011,22.076,-0.002,-0.066,303.432,-0.112,-0.534
00:00:19.139,1572874895661,-0.128,0.029,5.964,0.664,3.0,-0.011,22.074,-0.002,-0.066,303.8,-0.111,-0.534
00:00:19.140,1572874895662,-0.128,0.029,5.964,0.664,3.0,-0.011,22.071,-0.002,-0.066,304.168,-0.11,-0.534
00:00:19.188,1572874895710,-0.128,0.029,5.964,0.664,3.0,-0.011,22.06900000000001,-0.002,-0.066,304.559,-0.11,-0.534
00:00:19.189,1572874895711,-0.128,0.029,5.964,0.664,3.0,-0.011,22.067,-0.002,-0.066,304.926,-0.109,-0.534
00:00:19.190,1572874895712,-0.128,0.029,5.964,0.664,3.0,-0.011,22.065,-0.002,-0.066,305.271,-0.109,-0.534
00:00:19.243,1572874895765,-0.128,0.029,5.964,0.664,3.0,-0.011,22.063,-0.002,-0.066,305.639,-0.108,-0.534
00:00:19.244,1572874895766,-0.128,0.029,5.964,0.664,3.0,-0.011,22.061,-0.002,-0.066,306.029,-0.107,-0.534
00:00:19.245,1572874895767,-0.128,0.029,5.964,0.664,3.0,-0.011,22.059,-0.002,-0.066,306.374,-0.107,-0.534
00:00:19.299,1572874895821,-0.128,0.029,5.964,0.664,3.0,-0.011,22.056,-0.002,-0.065,306.765,-0.106,-0.534
00:00:19.300,1572874895822,-0.128,0.029,5.964,0.664,3.0,-0.011,22.054,-0.002,-0.065,307.132,-0.105,-0.534
00:00:19.301,1572874895823,-0.128,0.029,5.964,0.664,3.0,-0.011,22.052,-0.002,-0.065,307.5,-0.105,-0.534
00:00:19.338,1572874895860,-0.128,0.028,5.964,0.664,3.0,-0.011,22.05,-0.002,-0.065,307.867,-0.104,-0.534
00:00:19.339,1572874895861,-0.128,0.028,5.964,0.664,3.0,-0.011,22.048,-0.002,-0.065,308.212,-0.104,-0.534
00:00:19.340,1572874895862,-0.128,0.028,5.964,0.664,3.0,-0.011,22.046,-0.002,-0.065,308.6020000000001,-0.103,-0.534
00:00:19.390,1572874895912,-0.128,0.028,5.964,0.664,3.0,-0.011,22.044,-0.002,-0.065,308.97,-0.102,-0.534
00:00:19.391,1572874895913,-0.128,0.028,5.964,0.664,3.0,-0.011,22.041,-0.002,-0.065,309.337,-0.102,-0.534
00:00:19.392,1572874895914,-0.128,0.028,5.964,0.664,3.0,-0.011,22.039,-0.002,-0.065,309.705,-0.101,-0.534
00:00:19.443,1572874895965,-0.128,0.028,5.964,0.664,3.0,-0.011,22.037,-0.002,-0.065,310.0490000000001,-0.1,-0.534
00:00:19.444,1572874895966,-0.128,0.028,5.964,0.664,3.0,-0.011,22.035,-0.002,-0.065,310.439,-0.099,-0.534
00:00:19.445,1572874895967,-0.128,0.028,5.964,0.664,3.0,-0.011,22.033,-0.002,-0.065,310.806,-0.099,-0.534
00:00:19.491,1572874896013,-0.128,0.028,5.964,0.664,3.0,-0.011,22.031,-0.002,-0.065,311.1740000000001,-0.098,-0.534
00:00:19.492,1572874896014,-0.128,0.028,5.964,0.664,3.0,-0.011,22.029,-0.002,-0.065,311.541,-0.097,-0.534
00:00:19.493,1572874896015,-0.127,0.028,5.964,0.664,3.0,-0.011,22.027,-0.002,-0.065,311.908,-0.097,-0.534
00:00:19.541,1572874896063,-0.127,0.028,5.964,0.664,3.0,-0.011,22.024,-0.002,-0.065,312.275,-0.096,-0.534
00:00:19.542,1572874896064,-0.127,0.028,5.964,0.664,3.0,-0.011,22.022,-0.002,-0.065,312.642,-0.095,-0.534
00:00:19.543,1572874896065,-0.127,0.028,5.964,0.664,3.0,-0.011,22.02,-0.002,-0.065,313.009,-0.094,-0.534
00:00:19.592,1572874896114,-0.127,0.028,5.964,0.664,3.0,-0.011,22.018,-0.002,-0.065,313.376,-0.094,-0.534
00:00:19.593,1572874896115,-0.127,0.028,5.964,0.664,3.0,-0.011,22.016,-0.002,-0.065,313.72,-0.093,-0.534
00:00:19.594,1572874896116,-0.127,0.028,5.964,0.664,3.0,-0.011,22.014,-0.002,-0.065,314.11,-0.092,-0.534
00:00:19.655,1572874896177,-0.127,0.028,5.964,0.664,3.0,-0.011,22.012,-0.002,-0.065,314.4770000000001,-0.091,-0.534
00:00:19.656,1572874896178,-0.127,0.028,5.964,0.664,3.0,-0.011,22.01,-0.002,-0.065,314.844,-0.09,-0.534
00:00:19.657,1572874896179,-0.127,0.028,5.964,0.664,3.0,-0.011,22.007,-0.002,-0.065,315.21,-0.09,-0.534
00:00:19.658,1572874896180,-0.127,0.028,5.964,0.664,3.0,-0.011,22.005,-0.002,-0.065,315.577,-0.08900000000000001,-0.534
00:00:19.701,1572874896223,-0.127,0.028,5.964,0.664,3.0,-0.01,22.003,-0.002,-0.065,315.944,-0.08800000000000001,-0.534
00:00:19.702,1572874896224,-0.127,0.028,5.964,0.664,3.0,-0.01,22.001,-0.002,-0.065,316.311,-0.087,-0.534
00:00:19.703,1572874896225,-0.127,0.028,5.964,0.664,3.0,-0.01,21.999,-0.002,-0.065,316.677,-0.086,-0.534
00:00:19.754,1572874896276,-0.127,0.028,5.964,0.664,3.0,-0.01,21.997,-0.002,-0.065,317.0440000000001,-0.085,-0.534
00:00:19.755,1572874896277,-0.127,0.028,5.964,0.664,3.0,-0.01,21.995,-0.002,-0.065,317.41,-0.085,-0.534
00:00:19.756,1572874896278,-0.127,0.028,5.964,0.664,3.0,-0.01,21.993,-0.002,-0.065,317.777,-0.084,-0.534
00:00:19.813,1572874896335,-0.127,0.028,5.964,0.664,3.0,-0.01,21.991,-0.002,-0.065,318.144,-0.083,-0.534
00:00:19.814,1572874896336,-0.127,0.028,5.964,0.664,3.0,-0.01,21.988000000000003,-0.002,-0.065,318.51,-0.08199999999999999,-0.534
00:00:19.815,1572874896337,-0.127,0.028,5.964,0.664,3.0,-0.01,21.986,-0.002,-0.065,318.877,-0.081,-0.534
00:00:19.855,1572874896377,-0.127,0.028,5.964,0.664,3.0,-0.01,21.984,-0.002,-0.065,319.243,-0.08,-0.534
00:00:19.856,1572874896378,-0.127,0.027000000000000003,5.964,0.664,3.0,-0.01,21.982,-0.002,-0.065,319.6090000000001,-0.079,-0.534
00:00:19.857,1572874896379,-0.127,0.027000000000000003,5.964,0.664,3.0,-0.01,21.98,-0.002,-0.065,319.976,-0.078,-0.534
00:00:19.906,1572874896428,-0.127,0.027000000000000003,5.964,0.664,3.0,-0.01,21.978,-0.002,-0.065,320.342,-0.077,-0.534
00:00:19.907,1572874896429,-0.127,0.027000000000000003,5.964,0.664,3.0,-0.01,21.976,-0.002,-0.065,320.708,-0.077,-0.534
00:00:19.908,1572874896430,-0.127,0.027000000000000003,5.964,0.664,3.0,-0.01,21.974,-0.002,-0.065,321.075,-0.076,-0.534
00:00:19.959,1572874896481,-0.127,0.026,5.964,0.664,3.0,-0.01,21.972,-0.002,-0.065,321.441,-0.075,-0.534
00:00:19.960,1572874896482,-0.126,0.026,5.964,0.664,3.0,-0.01,21.969,-0.002,-0.065,321.807,-0.07400000000000001,-0.534
00:00:19.961,1572874896483,-0.126,0.026,5.964,0.664,3.0,-0.01,21.967,-0.002,-0.065,322.173,-0.073,-0.534
00:00:20.009,1572874896531,-0.126,0.026,5.964,0.664,3.0,-0.01,21.965,-0.002,-0.065,322.539,-0.07200000000000001,-0.534
00:00:20.010,1572874896532,-0.126,0.026,5.964,0.664,3.0,-0.01,21.963,-0.002,-0.065,322.905,-0.071,-0.534
00:00:20.011,1572874896533,-0.126,0.026,5.964,0.664,3.0,-0.01,21.961,-0.002,-0.065,323.271,-0.07,-0.534
00:00:20.012,1572874896534,-0.126,0.026,5.964,0.664,3.0,-0.01,21.959,-0.002,-0.065,323.637,-0.069,-0.534
00:00:20.059,1572874896581,-0.126,0.026,5.964,0.664,3.0,-0.01,21.957,-0.002,-0.065,324.003,-0.068,-0.534
00:00:20.060,1572874896582,-0.126,0.026,5.964,0.664,3.0,-0.01,21.955,-0.002,-0.065,324.369,-0.067,-0.534
00:00:20.061,1572874896583,-0.126,0.026,5.964,0.664,3.0,-0.01,21.95300000000001,-0.002,-0.065,324.735,-0.066,-0.534
00:00:20.111,1572874896633,-0.126,0.026,5.964,0.664,3.0,-0.01,21.951,-0.002,-0.065,325.101,-0.065,-0.534
00:00:20.112,1572874896634,-0.126,0.026,5.964,0.664,3.0,-0.01,21.948,-0.002,-0.065,325.467,-0.064,-0.534
00:00:20.113,1572874896635,-0.126,0.026,5.964,0.664,3.0,-0.01,21.946,-0.002,-0.065,325.833,-0.063,-0.534
00:00:20.163,1572874896685,-0.126,0.026,5.964,0.664,3.0,-0.01,21.94400000000001,-0.002,-0.065,326.198,-0.062,-0.534
00:00:20.164,1572874896686,-0.126,0.026,5.964,0.664,3.0,-0.01,21.942,-0.002,-0.065,326.564,-0.061,-0.534
00:00:20.165,1572874896687,-0.126,0.026,5.964,0.664,3.0,-0.01,21.94,-0.002,-0.065,326.93,-0.06,-0.534
00:00:20.214,1572874896736,-0.126,0.025,5.964,0.664,3.0,-0.01,21.938,-0.002,-0.065,327.295,-0.059,-0.534
00:00:20.215,1572874896737,-0.126,0.025,5.964,0.664,3.0,-0.01,21.936,-0.002,-0.065,327.661,-0.058,-0.534
00:00:20.216,1572874896738,-0.126,0.025,5.964,0.664,3.0,-0.01,21.934,-0.002,-0.065,328.027,-0.057,-0.534
00:00:20.264,1572874896786,-0.126,0.025,5.964,0.664,3.0,-0.01,21.932,-0.002,-0.065,328.392,-0.056,-0.534
00:00:20.265,1572874896787,-0.126,0.025,5.964,0.664,3.0,-0.01,21.93,-0.002,-0.065,328.7580000000001,-0.055,-0.534
00:00:20.266,1572874896788,-0.126,0.025,5.964,0.664,3.0,-0.01,21.927,-0.002,-0.065,329.1230000000001,-0.053,-0.534
00:00:20.314,1572874896836,-0.126,0.025,5.964,0.664,3.0,-0.01,21.925,-0.002,-0.065,329.48800000000006,-0.052000000000000005,-0.534
00:00:20.315,1572874896837,-0.126,0.025,5.964,0.664,3.0,-0.01,21.923,-0.002,-0.065,329.8540000000001,-0.051,-0.534
00:00:20.316,1572874896838,-0.126,0.025,5.964,0.664,3.0,-0.01,21.921,-0.002,-0.065,330.219,-0.05,-0.534
00:00:20.367,1572874896889,-0.126,0.025,5.964,0.664,3.0,-0.01,21.919,-0.002,-0.065,330.585,-0.049,-0.534
00:00:20.368,1572874896890,-0.126,0.025,5.964,0.664,3.0,-0.01,21.917,-0.002,-0.065,330.95,-0.048,-0.534
00:00:20.369,1572874896891,-0.125,0.025,5.964,0.664,3.0,-0.01,21.915,-0.002,-0.065,331.315,-0.047,-0.534
00:00:20.418,1572874896940,-0.125,0.025,5.964,0.664,3.0,-0.01,21.913,-0.002,-0.065,331.68,-0.046,-0.534
00:00:20.419,1572874896941,-0.125,0.025,5.964,0.664,3.0,-0.01,21.911,-0.002,-0.065,332.046,-0.045,-0.534
00:00:20.420,1572874896942,-0.125,0.026,5.964,0.664,3.0,-0.01,21.909,-0.002,-0.065,332.411,-0.043,-0.534
00:00:20.466,1572874896988,-0.125,0.026,5.964,0.664,3.0,-0.01,21.907,-0.002,-0.065,332.776,-0.042,-0.534
00:00:20.467,1572874896989,-0.125,0.026,5.964,0.664,3.0,-0.01,21.904,-0.002,-0.065,333.141,-0.041,-0.534
00:00:20.468,1572874896990,-0.125,0.026,5.964,0.664,3.0,-0.01,21.902,-0.002,-0.065,333.506,-0.04,-0.534
00:00:20.517,1572874897039,-0.125,0.026,5.964,0.664,3.0,-0.01,21.9,-0.002,-0.065,333.871,-0.039,-0.534
00:00:20.518,1572874897040,-0.125,0.026,5.964,0.664,3.0,-0.01,21.898000000000003,-0.002,-0.065,334.236,-0.038,-0.534
00:00:20.519,1572874897041,-0.125,0.026,5.964,0.664,3.0,-0.01,21.896,-0.002,-0.065,334.601,-0.036000000000000004,-0.534
00:00:20.568,1572874897090,-0.125,0.026,5.964,0.664,3.0,-0.01,21.894,-0.002,-0.065,334.966,-0.035,-0.534
00:00:20.569,1572874897091,-0.125,0.026,5.964,0.664,3.0,-0.01,21.892,-0.002,-0.065,335.331,-0.034,-0.534
00:00:20.570,1572874897092,-0.125,0.026,5.964,0.664,3.0,-0.01,21.89,-0.002,-0.065,335.696,-0.033,-0.534
00:00:20.618,1572874897140,-0.125,0.026,5.964,0.664,3.0,-0.01,21.888,-0.002,-0.065,336.06,-0.032,-0.534
00:00:20.619,1572874897141,-0.125,0.026,5.964,0.664,3.0,-0.01,21.886,-0.002,-0.065,336.425,-0.03,-0.534
00:00:20.620,1572874897142,-0.125,0.026,5.964,0.664,3.0,-0.01,21.884,-0.002,-0.065,336.79,-0.029,-0.534
00:00:20.678,1572874897200,-0.125,0.026,5.964,0.664,3.0,-0.01,21.882,-0.002,-0.065,337.155,-0.028,-0.534
00:00:20.679,1572874897201,-0.125,0.026,5.964,0.664,3.0,-0.01,21.879,-0.002,-0.065,337.519,-0.027000000000000003,-0.534
00:00:20.680,1572874897202,-0.125,0.026,5.964,0.664,3.0,-0.01,21.877,-0.002,-0.065,337.884,-0.025,-0.534
00:00:20.718,1572874897240,-0.125,0.026,5.964,0.664,3.0,-0.01,21.875,-0.002,-0.065,338.249,-0.024,-0.534
00:00:20.719,1572874897241,-0.125,0.026,5.964,0.664,3.0,-0.01,21.873,-0.002,-0.065,338.61300000000006,-0.023,-0.534
00:00:20.720,1572874897242,-0.125,0.026,5.964,0.664,3.0,-0.01,21.871,-0.002,-0.065,338.978,-0.022,-0.534
00:00:20.772,1572874897294,-0.125,0.026,5.964,0.664,3.0,-0.01,21.869,-0.002,-0.065,339.342,-0.02,-0.534
00:00:20.773,1572874897295,-0.125,0.026,5.964,0.664,3.0,-0.01,21.867,-0.002,-0.065,339.707,-0.019,-0.534
00:00:20.774,1572874897296,-0.125,0.026,5.964,0.664,3.0,-0.01,21.865,-0.002,-0.065,340.071,-0.018000000000000002,-0.534
00:00:20.819,1572874897341,-0.125,0.026,5.964,0.664,3.0,-0.01,21.863000000000003,-0.002,-0.065,340.435,-0.017,-0.534
00:00:20.820,1572874897342,-0.125,0.026,5.964,0.664,3.0,-0.01,21.861,-0.002,-0.065,340.8,-0.015,-0.534
00:00:20.821,1572874897343,-0.124,0.026,5.964,0.664,3.0,-0.01,21.859,-0.002,-0.065,341.164,-0.014,-0.534
00:00:20.878,1572874897400,-0.124,0.026,5.964,0.664,3.0,-0.01,21.857,-0.002,-0.065,341.528,-0.013,-0.534
00:00:20.879,1572874897401,-0.124,0.026,5.964,0.664,3.0,-0.01,21.855,-0.002,-0.065,341.89300000000014,-0.011,-0.534
00:00:20.880,1572874897402,-0.124,0.026,5.964,0.664,3.0,-0.01,21.853,-0.002,-0.065,342.25699999999995,-0.01,-0.534
00:00:20.921,1572874897443,-0.124,0.026,5.964,0.664,3.0,-0.01,21.85,-0.002,-0.065,342.621,-0.009000000000000001,-0.534
00:00:20.922,1572874897444,-0.124,0.026,5.964,0.664,3.0,-0.01,21.84800000000001,-0.002,-0.065,342.985,-0.006999999999999999,-0.534
00:00:20.923,1572874897445,-0.124,0.026,5.964,0.664,3.0,-0.01,21.846,-0.002,-0.065,343.349,-0.006,-0.534
00:00:20.981,1572874897503,-0.124,0.026,5.964,0.664,3.0,-0.01,21.844,-0.002,-0.064,343.713,-0.004,-0.534
00:00:20.982,1572874897504,-0.124,0.026,5.964,0.664,3.0,-0.01,21.842,-0.002,-0.064,344.07800000000015,-0.003,-0.534
00:00:20.983,1572874897505,-0.124,0.026,6.1110000000000015,0.664,3.0,-0.01,21.84,-0.002,-0.064,344.44199999999995,-0.002,-0.534
00:00:20.984,1572874897506,-0.124,0.026,6.1110000000000015,0.664,3.0,-0.01,21.838,-0.002,-0.064,344.806,0.0,-0.534
00:00:21.031,1572874897553,-0.123,0.026,6.1110000000000015,0.664,3.0,-0.01,21.836,-0.002,-0.064,345.16900000000015,0.001,-0.534
00:00:21.032,1572874897554,-0.122,0.026,6.1110000000000015,0.664,3.0,-0.01,21.834,-0.002,-0.064,345.533,0.003,-0.534
00:00:21.033,1572874897555,-0.121,0.026,6.1110000000000015,0.664,3.0,-0.01,21.832,-0.002,-0.064,345.897,0.004,-0.534
00:00:21.081,1572874897603,-0.12,0.026,6.1110000000000015,0.664,3.0,-0.01,21.83,-0.002,-0.064,346.261,0.005,-0.534
00:00:21.082,1572874897604,-0.119,0.026,5.964,0.664,3.0,-0.01,21.82800000000001,-0.002,-0.064,346.625,0.006999999999999999,-0.534
00:00:21.083,1572874897605,-0.119,0.026,5.964,0.664,3.0,-0.01,21.826,-0.002,-0.064,346.98900000000015,0.008,-0.534
00:00:21.131,1572874897653,-0.119,0.026,5.964,0.664,3.0,-0.01,21.824,-0.002,-0.064,347.352,0.01,-0.534
00:00:21.132,1572874897654,-0.121,0.026,5.964,0.664,3.0,-0.009000000000000001,21.822,-0.002,-0.064,347.716,0.011,-0.534
00:00:21.133,1572874897655,-0.122,0.025,5.964,0.664,3.0,-0.009000000000000001,21.82,-0.002,-0.064,348.08,0.013,-0.534
00:00:21.184,1572874897706,-0.123,0.025,5.964,0.664,3.0,-0.009000000000000001,21.818,-0.002,-0.064,348.444,0.014,-0.534
00:00:21.185,1572874897707,-0.124,0.025,5.964,0.664,3.0,-0.009000000000000001,21.816,-0.002,-0.064,348.807,0.015,-0.534
00:00:21.186,1572874897708,-0.124,0.025,5.964,0.664,3.0,-0.009000000000000001,21.814,-0.002,-0.064,349.171,0.017,-0.534
00:00:21.232,1572874897754,-0.124,0.024,5.964,0.664,3.0,-0.009000000000000001,21.812,-0.002,-0.064,349.534,0.018000000000000002,-0.534
00:00:21.233,1572874897755,-0.124,0.024,5.964,0.664,3.0,-0.009000000000000001,21.81,-0.002,-0.064,349.898,0.02,-0.534
00:00:21.234,1572874897756,-0.124,0.024,5.964,0.664,3.0,-0.009000000000000001,21.808000000000003,-0.002,-0.064,350.261,0.021,-0.534
00:00:21.294,1572874897816,-0.124,0.024,5.964,0.664,3.0,-0.009000000000000001,21.805,-0.002,-0.064,350.625,0.023,-0.534
00:00:21.295,1572874897817,-0.124,0.024,6.1110000000000015,0.664,3.0,-0.009000000000000001,21.803,-0.002,-0.064,350.98800000000006,0.024,-0.534
00:00:21.296,1572874897818,-0.123,0.024,6.1110000000000015,0.664,3.0,-0.009000000000000001,21.801,-0.002,-0.064,351.351,0.026,-0.534
00:00:21.334,1572874897856,-0.123,0.024,6.1110000000000015,0.664,3.0,-0.009000000000000001,21.799,-0.002,-0.064,351.715,0.027000000000000003,-0.534
00:00:21.335,1572874897857,-0.121,0.024,6.1110000000000015,0.664,3.0,-0.009000000000000001,21.797,-0.002,-0.064,352.07800000000015,0.029,-0.534
00:00:21.336,1572874897858,-0.12,0.024,6.1110000000000015,0.664,3.0,-0.009000000000000001,21.795,-0.002,-0.064,352.441,0.03,-0.534
00:00:21.384,1572874897906,-0.119,0.023,6.1110000000000015,0.664,3.0,-0.009000000000000001,21.79300000000001,-0.002,-0.064,352.805,0.032,-0.534
00:00:21.385,1572874897907,-0.118,0.023,6.1110000000000015,0.664,3.0,-0.009000000000000001,21.791,-0.002,-0.064,353.168,0.033,-0.534
00:00:21.396,1572874897918,-0.118,0.023,6.1110000000000015,0.664,3.0,-0.009000000000000001,21.789,-0.002,-0.064,353.531,0.035,-0.534
00:00:21.434,1572874897956,-0.118,0.022,6.1110000000000015,0.664,3.0,-0.009000000000000001,21.787,-0.002,-0.064,353.894,0.037000000000000005,-0.534
00:00:21.435,1572874897957,-0.118,0.022,6.1110000000000015,0.664,3.0,-0.009000000000000001,21.786,-0.002,-0.064,354.25699999999995,0.038,-0.534
00:00:21.436,1572874897958,-0.118,0.021,6.1110000000000015,0.664,3.0,-0.009000000000000001,21.784,-0.002,-0.064,354.62,0.04,-0.534
00:00:21.487,1572874898009,-0.118,0.021,6.1110000000000015,0.664,3.0,-0.009000000000000001,21.782,-0.002,-0.064,354.983,0.041,-0.534
00:00:21.488,1572874898010,-0.118,0.02,5.964,0.664,3.0,-0.009000000000000001,21.78,-0.002,-0.064,355.346,0.043,-0.534
00:00:21.489,1572874898011,-0.119,0.02,5.964,0.664,3.0,-0.009000000000000001,21.778,-0.002,-0.064,355.709,0.044,-0.534
00:00:21.534,1572874898056,-0.119,0.019,5.964,0.664,3.0,-0.009000000000000001,21.776,-0.002,-0.064,356.07199999999995,0.046,-0.534
00:00:21.535,1572874898057,-0.12,0.019,5.964,0.664,3.0,-0.009000000000000001,21.774,-0.002,-0.064,356.435,0.048,-0.534
00:00:21.536,1572874898058,-0.121,0.018000000000000002,5.964,0.664,3.0,-0.009000000000000001,21.772,-0.002,-0.064,356.798,0.049,-0.534
00:00:21.585,1572874898107,-0.122,0.018000000000000002,5.964,0.664,3.0,-0.009000000000000001,21.77,-0.002,-0.064,357.161,0.051,-0.534
00:00:21.586,1572874898108,-0.123,0.018000000000000002,6.1110000000000015,0.664,3.0,-0.009000000000000001,21.767,-0.002,-0.064,357.524,0.052000000000000005,-0.534
00:00:21.587,1572874898109,-0.123,0.018000000000000002,6.1110000000000015,0.664,3.0,-0.009000000000000001,21.765,-0.002,-0.064,357.886,0.054000000000000006,-0.534
00:00:21.636,1572874898158,-0.123,0.018000000000000002,6.1110000000000015,0.664,3.0,-0.008,21.763,-0.001,-0.064,358.249,0.056,-0.534
00:00:21.637,1572874898159,-0.121,0.018000000000000002,6.1110000000000015,0.664,3.0,-0.008,21.761,-0.001,-0.064,358.612,0.057,-0.534
00:00:21.638,1572874898160,-0.12,0.018000000000000002,6.1110000000000015,0.664,3.0,-0.008,21.759,-0.001,-0.064,358.975,0.059,-0.534
00:00:21.687,1572874898209,-0.119,0.017,6.1110000000000015,0.664,3.0,-0.008,21.757,-0.001,-0.064,359.337,0.06,-0.534
00:00:21.688,1572874898210,-0.118,0.017,6.1110000000000015,0.664,3.0,-0.008,21.756,-0.001,-0.064,359.7,0.062,-0.534
00:00:21.689,1572874898211,-0.117,0.016,6.1110000000000015,0.664,3.0,-0.008,21.754,-0.001,-0.064,360.06199999999984,0.064,-0.534
00:00:21.737,1572874898259,-0.117,0.015,6.1110000000000015,0.664,3.0,-0.008,21.752,-0.001,-0.064,360.425,0.065,-0.534
00:00:21.738,1572874898260,-0.117,0.015,6.1110000000000015,0.664,3.0,-0.008,21.75,-0.001,-0.064,360.787,0.067,-0.534
00:00:21.739,1572874898261,-0.117,0.014,6.1110000000000015,0.664,3.0,-0.008,21.748,-0.001,-0.064,361.15,0.069,-0.534
00:00:21.794,1572874898316,-0.118,0.013,6.1110000000000015,0.664,3.0,-0.008,21.746,-0.001,-0.064,361.512,0.07,-0.534
00:00:21.795,1572874898317,-0.118,0.012,5.964,0.664,3.0,-0.008,21.744,-0.001,-0.064,361.875,0.07200000000000001,-0.534
00:00:21.796,1572874898318,-0.118,0.01,5.964,0.664,3.0,-0.008,21.742,-0.001,-0.064,362.237,0.07400000000000001,-0.534
00:00:21.842,1572874898364,-0.118,0.009000000000000001,5.964,0.664,3.0,-0.006999999999999999,21.74,-0.001,-0.063,362.599,0.075,-0.534
00:00:21.843,1572874898365,-0.12,0.008,5.964,0.664,3.0,-0.006999999999999999,21.738000000000003,-0.001,-0.063,362.962,0.077,-0.534
00:00:21.844,1572874898366,-0.121,0.006999999999999999,5.964,0.664,3.0,-0.006999999999999999,21.736,-0.001,-0.063,363.324,0.079,-0.534
00:00:21.892,1572874898414,-0.122,0.006,5.964,0.664,3.0,-0.006999999999999999,21.734,-0.001,-0.063,363.686,0.08,-0.534
00:00:21.893,1572874898415,-0.122,0.005,5.964,0.664,3.0,-0.006999999999999999,21.732,-0.001,-0.063,364.049,0.08199999999999999,-0.534
00:00:21.894,1572874898416,-0.123,0.003,5.964,0.664,3.0,-0.006999999999999999,21.73,-0.001,-0.063,364.411,0.084,-0.534
00:00:21.942,1572874898464,-0.123,0.001,5.964,0.664,3.0,-0.006999999999999999,21.728,-0.001,-0.063,364.773,0.085,-0.534
00:00:21.943,1572874898465,-0.122,-0.001,5.964,0.664,3.0,-0.006999999999999999,21.726,-0.001,-0.063,365.135,0.087,-0.534
00:00:21.944,1572874898466,-0.122,-0.004,5.964,0.664,3.0,-0.006,21.724,-0.001,-0.063,365.497,0.08900000000000001,-0.534
00:00:22.006,1572874898528,-0.122,-0.006,5.964,0.664,3.0,-0.006,21.722,-0.001,-0.063,365.859,0.09,-0.534
00:00:22.007,1572874898529,-0.122,-0.01,6.1110000000000015,0.664,3.0,-0.006,21.719,-0.001,-0.063,366.221,0.092,-0.534
00:00:22.008,1572874898530,-0.122,-0.013,6.1110000000000015,0.664,3.0,-0.006,21.717,-0.001,-0.063,366.583,0.094,-0.534
00:00:22.009,1572874898531,-0.121,-0.016,6.1110000000000015,0.664,3.0,-0.006,21.715,-0.001,-0.063,366.945,0.095,-0.534
00:00:22.056,1572874898578,-0.12,-0.019,6.1110000000000015,0.664,3.0,-0.005,21.713,-0.001,-0.063,367.307,0.097,-0.534
00:00:22.057,1572874898579,-0.119,-0.022,6.1110000000000015,0.664,3.0,-0.005,21.712,-0.001,-0.063,367.669,0.099,-0.534
00:00:22.058,1572874898580,-0.117,-0.025,6.1110000000000015,0.664,3.0,-0.004,21.71,-0.001,-0.063,368.031,0.1,-0.534
00:00:22.102,1572874898624,-0.117,-0.028,5.964,0.664,3.0,-0.004,21.708,-0.001,-0.063,368.392,0.102,-0.534
00:00:22.103,1572874898625,-0.116,-0.031,5.964,0.664,3.0,-0.003,21.706,-0.001,-0.063,368.754,0.103,-0.534
00:00:22.104,1572874898626,-0.117,-0.034,5.964,0.664,3.0,-0.003,21.704,-0.001,-0.063,369.116,0.105,-0.534
00:00:22.152,1572874898674,-0.118,-0.038,5.964,0.664,3.0,-0.002,21.702,-0.001,-0.063,369.478,0.107,-0.534
00:00:22.153,1572874898675,-0.119,-0.041,5.964,0.664,3.0,-0.002,21.7,-0.001,-0.063,369.839,0.108,-0.534
00:00:22.154,1572874898676,-0.121,-0.045,5.964,0.664,3.0,-0.001,21.698,0.0,-0.063,370.201,0.11,-0.534
00:00:22.202,1572874898724,-0.121,-0.049,5.964,0.664,3.0,0.0,21.696,0.0,-0.063,370.56300000000016,0.111,-0.534
00:00:22.203,1572874898725,-0.122,-0.054000000000000006,5.964,0.664,3.0,0.0,21.69400000000001,0.0,-0.063,370.924,0.113,-0.534
00:00:22.204,1572874898726,-0.122,-0.058,5.964,0.664,3.0,0.001,21.692,0.0,-0.063,371.286,0.114,-0.534
00:00:22.252,1572874898774,-0.122,-0.062,5.964,0.664,3.0,0.002,21.69,0.001,-0.063,371.647,0.116,-0.534
00:00:22.253,1572874898775,-0.121,-0.066,5.964,0.664,3.0,0.003,21.688,0.001,-0.063,372.009,0.117,-0.534
00:00:22.254,1572874898776,-0.121,-0.07,5.964,0.664,3.0,0.004,21.686,0.001,-0.063,372.37,0.119,-0.534
00:00:22.302,1572874898824,-0.121,-0.07400000000000001,5.964,0.664,3.0,0.005,21.684,0.002,-0.063,372.731,0.12,-0.534
00:00:22.303,1572874898825,-0.121,-0.077,5.964,0.664,3.0,0.006,21.682,0.002,-0.063,373.093,0.122,-0.534
00:00:22.304,1572874898826,-0.121,-0.08,5.964,0.664,3.0,0.006999999999999999,21.68,0.002,-0.063,373.454,0.123,-0.534
00:00:22.360,1572874898882,-0.121,-0.08199999999999999,5.964,0.664,3.0,0.008,21.678,0.003,-0.063,373.816,0.124,-0.534
00:00:22.361,1572874898883,-0.121,-0.085,5.964,0.664,3.0,0.009000000000000001,21.675,0.003,-0.063,374.177,0.126,-0.534
00:00:22.362,1572874898884,-0.121,-0.087,5.964,0.664,3.0,0.01,21.673,0.003,-0.063,374.538,0.127,-0.534
00:00:22.403,1572874898925,-0.121,-0.08900000000000001,6.1110000000000015,0.664,3.0,0.01,21.671,0.004,-0.063,374.899,0.128,-0.534
00:00:22.404,1572874898926,-0.121,-0.091,6.1110000000000015,0.664,3.0,0.011,21.669,0.004,-0.063,375.26,0.13,-0.534
00:00:22.405,1572874898927,-0.12,-0.093,6.1110000000000015,0.664,3.0,0.012,21.667,0.004,-0.063,375.622,0.131,-0.534
00:00:22.459,1572874898981,-0.119,-0.095,6.1110000000000015,0.664,3.0,0.013,21.666,0.005,-0.063,375.983,0.132,-0.534
00:00:22.460,1572874898982,-0.118,-0.097,6.1110000000000015,0.664,3.0,0.014,21.664,0.005,-0.063,376.344,0.133,-0.534
00:00:22.461,1572874898983,-0.117,-0.1,6.1110000000000015,0.664,3.0,0.015,21.662,0.005,-0.063,376.705,0.135,-0.534
00:00:22.504,1572874899026,-0.116,-0.102,5.964,0.664,3.0,0.016,21.66,0.005,-0.063,377.066,0.136,-0.534
00:00:22.505,1572874899027,-0.116,-0.104,5.964,0.664,3.0,0.017,21.658,0.006,-0.063,377.427,0.13699999999999998,-0.534
00:00:22.506,1572874899028,-0.116,-0.107,5.964,0.664,3.0,0.017,21.656,0.006,-0.063,377.788,0.138,-0.534
00:00:22.555,1572874899077,-0.117,-0.109,5.964,0.664,3.0,0.018000000000000002,21.654,0.006,-0.063,378.149,0.139,-0.534
00:00:22.556,1572874899078,-0.119,-0.111,5.964,0.664,3.0,0.019,21.652,0.006,-0.063,378.509,0.14,-0.534
00:00:22.557,1572874899079,-0.12,-0.113,5.964,0.664,3.0,0.02,21.65,0.006,-0.063,378.87,0.141,-0.534
00:00:22.605,1572874899127,-0.121,-0.114,6.1110000000000015,0.664,3.0,0.021,21.648000000000003,0.006,-0.063,379.231,0.142,-0.534
00:00:22.606,1572874899128,-0.121,-0.115,6.1110000000000015,0.664,3.0,0.022,21.646,0.006,-0.063,379.592,0.14300000000000002,-0.534
00:00:22.607,1572874899129,-0.12,-0.116,6.1110000000000015,0.664,3.0,0.023,21.644,0.006,-0.063,379.953,0.14400000000000002,-0.534
00:00:22.655,1572874899177,-0.119,-0.116,6.1110000000000015,0.664,3.0,0.023,21.642,0.006999999999999999,-0.063,380.31300000000016,0.145,-0.534
00:00:22.656,1572874899178,-0.118,-0.116,6.1110000000000015,0.664,3.0,0.024,21.64,0.006999999999999999,-0.063,380.674,0.145,-0.534
00:00:22.657,1572874899179,-0.116,-0.116,6.1110000000000015,0.664,3.0,0.025,21.638,0.006999999999999999,-0.063,381.035,0.146,-0.534
00:00:22.705,1572874899227,-0.115,-0.116,6.1110000000000015,0.664,3.0,0.026,21.636,0.006999999999999999,-0.063,381.395,0.147,-0.534
00:00:22.706,1572874899228,-0.115,-0.116,6.1110000000000015,0.664,3.0,0.026,21.634,0.006999999999999999,-0.063,381.756,0.14800000000000002,-0.534
00:00:22.707,1572874899229,-0.115,-0.116,6.1110000000000015,0.664,3.0,0.027000000000000003,21.632,0.006999999999999999,-0.063,382.116,0.14800000000000002,-0.534
00:00:22.756,1572874899278,-0.115,-0.116,6.1110000000000015,0.664,3.0,0.028,21.63,0.006999999999999999,-0.063,382.477,0.149,-0.534
00:00:22.757,1572874899279,-0.115,-0.116,6.1110000000000015,0.664,3.0,0.028,21.628,0.006999999999999999,-0.063,382.837,0.15,-0.534
00:00:22.758,1572874899280,-0.115,-0.116,6.1110000000000015,0.664,3.0,0.029,21.626,0.006999999999999999,-0.063,383.198,0.15,-0.534
00:00:22.807,1572874899329,-0.115,-0.117,6.1110000000000015,0.664,3.0,0.029,21.625,0.006999999999999999,-0.063,383.55800000000005,0.151,-0.534
00:00:22.808,1572874899330,-0.115,-0.117,6.1110000000000015,0.664,3.0,0.03,21.623,0.006999999999999999,-0.063,383.919,0.151,-0.534
00:00:22.809,1572874899331,-0.115,-0.117,6.1110000000000015,0.664,3.0,0.031,21.621,0.006999999999999999,-0.063,384.279,0.152,-0.534
00:00:22.857,1572874899379,-0.115,-0.116,6.1110000000000015,0.664,3.0,0.031,21.619,0.006999999999999999,-0.063,384.639,0.152,-0.534
00:00:22.858,1572874899380,-0.115,-0.116,6.1110000000000015,0.664,3.0,0.031,21.617,0.006999999999999999,-0.063,385.0,0.153,-0.534
00:00:22.859,1572874899381,-0.115,-0.115,6.1110000000000015,0.664,3.0,0.032,21.615,0.006999999999999999,-0.063,385.36,0.153,-0.534
00:00:22.907,1572874899429,-0.115,-0.114,5.964,0.664,3.0,0.032,21.613000000000003,0.006999999999999999,-0.063,385.74300000000005,0.154,-0.534
00:00:22.908,1572874899430,-0.115,-0.114,5.964,0.664,3.0,0.033,21.611,0.006999999999999999,-0.063,386.08,0.154,-0.534
00:00:22.909,1572874899431,-0.116,-0.113,5.964,0.664,3.0,0.033,21.609,0.006999999999999999,-0.063,386.441,0.154,-0.534
00:00:22.960,1572874899482,-0.117,-0.112,5.964,0.664,3.0,0.033,21.607,0.006999999999999999,-0.063,386.801,0.154,-0.534
00:00:22.961,1572874899483,-0.118,-0.111,5.964,0.664,3.0,0.034,21.605,0.006999999999999999,-0.063,387.161,0.155,-0.534
00:00:22.962,1572874899484,-0.119,-0.11,5.964,0.664,3.0,0.034,21.603,0.006999999999999999,-0.063,387.521,0.155,-0.534
00:00:23.009,1572874899531,-0.12,-0.109,6.1110000000000015,0.664,3.0,0.034,21.601,0.006999999999999999,-0.063,387.881,0.155,-0.534
00:00:23.010,1572874899532,-0.12,-0.108,6.1110000000000015,0.664,3.0,0.034,21.599,0.006999999999999999,-0.063,388.241,0.155,-0.534
00:00:23.011,1572874899533,-0.119,-0.107,6.1110000000000015,0.664,3.0,0.035,21.597,0.006999999999999999,-0.063,388.601,0.155,-0.534
00:00:23.059,1572874899581,-0.118,-0.106,6.1110000000000015,0.664,3.0,0.035,21.595,0.006999999999999999,-0.063,388.961,0.155,-0.534
00:00:23.060,1572874899582,-0.117,-0.105,6.1110000000000015,0.664,3.0,0.035,21.594,0.006999999999999999,-0.063,389.298,0.156,-0.534
00:00:23.061,1572874899583,-0.115,-0.104,6.1110000000000015,0.664,3.0,0.035,21.592,0.006999999999999999,-0.063,389.636,0.156,-0.534
00:00:23.109,1572874899631,-0.115,-0.103,6.1110000000000015,0.664,3.0,0.035,21.59,0.006999999999999999,-0.063,389.996,0.156,-0.534
00:00:23.110,1572874899632,-0.114,-0.102,6.1110000000000015,0.664,3.0,0.035,21.588,0.006999999999999999,-0.063,390.378,0.156,-0.534
00:00:23.111,1572874899633,-0.114,-0.101,6.1110000000000015,0.664,3.0,0.035,21.586,0.006999999999999999,-0.063,390.715,0.156,-0.534
00:00:23.171,1572874899693,-0.114,-0.1,6.1110000000000015,0.664,3.0,0.035,21.584,0.006999999999999999,-0.063,391.075,0.155,-0.534
00:00:23.172,1572874899694,-0.114,-0.1,6.1110000000000015,0.664,3.0,0.035,21.582,0.006999999999999999,-0.063,391.435,0.155,-0.534
00:00:23.173,1572874899695,-0.114,-0.099,6.1110000000000015,0.664,3.0,0.035,21.58,0.006,-0.063,391.794,0.155,-0.534
00:00:23.174,1572874899696,-0.114,-0.098,5.964,0.664,3.0,0.035,21.57800000000001,0.006,-0.063,392.154,0.155,-0.534
00:00:23.227,1572874899749,-0.115,-0.098,5.964,0.664,3.0,0.035,21.576,0.006,-0.063,392.536,0.155,-0.534
00:00:23.228,1572874899750,-0.115,-0.097,5.964,0.664,3.0,0.035,21.575,0.006,-0.063,392.87300000000016,0.155,-0.534
00:00:23.229,1572874899751,-0.116,-0.096,5.964,0.664,3.0,0.035,21.573,0.006,-0.063,393.233,0.155,-0.534
00:00:23.270,1572874899792,-0.117,-0.095,5.964,0.664,3.0,0.035,21.571,0.006,-0.063,393.592,0.154,-0.534
00:00:23.271,1572874899793,-0.118,-0.094,5.964,0.664,3.0,0.035,21.56900000000001,0.006,-0.063,393.952,0.154,-0.534
00:00:23.272,1572874899794,-0.119,-0.094,6.1110000000000015,0.664,3.0,0.035,21.567,0.006,-0.063,394.334,0.154,-0.534
00:00:23.320,1572874899842,-0.119,-0.093,6.1110000000000015,0.664,3.0,0.035,21.565,0.006,-0.063,394.693,0.153,-0.534
00:00:23.321,1572874899843,-0.119,-0.093,6.1110000000000015,0.664,3.0,0.035,21.563,0.006,-0.063,395.052,0.153,-0.534
00:00:23.322,1572874899844,-0.117,-0.092,6.1110000000000015,0.664,3.0,0.035,21.561,0.005,-0.063,395.412,0.153,-0.534
00:00:23.370,1572874899892,-0.116,-0.091,6.1110000000000015,0.664,3.0,0.035,21.559,0.005,-0.063,395.749,0.152,-0.534
00:00:23.371,1572874899893,-0.115,-0.09,6.1110000000000015,0.664,3.0,0.035,21.557,0.005,-0.063,396.13,0.152,-0.534
00:00:23.372,1572874899894,-0.114,-0.08900000000000001,5.964,0.664,3.0,0.035,21.555,0.005,-0.063,396.49,0.151,-0.534
00:00:23.420,1572874899942,-0.114,-0.08800000000000001,5.964,0.664,3.0,0.035,21.553,0.005,-0.063,396.849,0.151,-0.534
00:00:23.421,1572874899943,-0.114,-0.087,5.964,0.664,3.0,0.035,21.551,0.005,-0.063,397.208,0.15,-0.534
00:00:23.422,1572874899944,-0.115,-0.086,5.964,0.664,3.0,0.035,21.549,0.005,-0.063,397.567,0.15,-0.534
00:00:23.470,1572874899992,-0.117,-0.085,5.964,0.664,3.0,0.034,21.547,0.005,-0.063,397.926,0.149,-0.534
00:00:23.471,1572874899993,-0.118,-0.084,5.964,0.664,3.0,0.034,21.545,0.005,-0.063,398.286,0.149,-0.534
00:00:23.472,1572874899994,-0.119,-0.084,5.964,0.664,3.0,0.034,21.54300000000001,0.005,-0.063,398.645,0.14800000000000002,-0.534
00:00:23.521,1572874900043,-0.119,-0.083,5.964,0.664,3.0,0.034,21.541,0.005,-0.063,399.004,0.147,-0.534
00:00:23.522,1572874900044,-0.119,-0.083,5.964,0.664,3.0,0.034,21.539,0.005,-0.063,399.36300000000006,0.147,-0.534
00:00:23.523,1572874900045,-0.119,-0.083,5.964,0.664,3.0,0.034,21.537,0.005,-0.063,399.722,0.146,-0.534
00:00:23.579,1572874900101,-0.119,-0.08199999999999999,5.964,0.664,3.0,0.034,21.535,0.005,-0.063,400.081,0.145,-0.534
00:00:23.580,1572874900102,-0.118,-0.08199999999999999,5.964,0.664,3.0,0.033,21.533,0.005,-0.063,400.44,0.145,-0.534
00:00:23.581,1572874900103,-0.118,-0.081,6.1110000000000015,0.664,3.0,0.033,21.531,0.005,-0.063,400.798,0.14400000000000002,-0.534
00:00:23.622,1572874900144,-0.118,-0.081,6.1110000000000015,0.664,3.0,0.033,21.529,0.005,-0.063,401.157,0.14300000000000002,-0.534
00:00:23.623,1572874900145,-0.117,-0.081,6.1110000000000015,0.664,3.0,0.033,21.528,0.005,-0.063,401.449,0.14300000000000002,-0.534
00:00:23.624,1572874900146,-0.116,-0.08,6.1110000000000015,0.664,3.0,0.033,21.526,0.005,-0.063,401.83,0.142,-0.534
00:00:23.672,1572874900194,-0.115,-0.079,6.1110000000000015,0.664,3.0,0.033,21.524,0.005,-0.063,402.189,0.141,-0.534
00:00:23.673,1572874900195,-0.114,-0.079,6.1110000000000015,0.664,3.0,0.032,21.522,0.005,-0.063,402.547,0.14,-0.534
00:00:23.674,1572874900196,-0.113,-0.078,5.964,0.664,3.0,0.032,21.52,0.005,-0.063,402.906,0.139,-0.534
00:00:23.722,1572874900244,-0.113,-0.078,5.964,0.664,3.0,0.032,21.518,0.005,-0.063,403.265,0.138,-0.534
00:00:23.723,1572874900245,-0.113,-0.077,5.964,0.664,3.0,0.032,21.517,0.005,-0.063,403.601,0.13699999999999998,-0.534
00:00:23.724,1572874900246,-0.114,-0.076,5.964,0.664,3.0,0.032,21.514,0.005,-0.063,403.982,0.136,-0.534
00:00:23.779,1572874900301,-0.116,-0.076,5.964,0.664,3.0,0.032,21.513,0.005,-0.063,404.318,0.136,-0.534
00:00:23.780,1572874900302,-0.117,-0.075,5.964,0.664,3.0,0.031,21.511,0.005,-0.063,404.677,0.135,-0.534
00:00:23.781,1572874900303,-0.118,-0.075,6.1110000000000015,0.664,3.0,0.031,21.509,0.005,-0.062,405.05800000000005,0.134,-0.534
00:00:23.832,1572874900354,-0.118,-0.075,6.1110000000000015,0.664,3.0,0.031,21.507,0.005,-0.062,405.416,0.132,-0.534
00:00:23.833,1572874900355,-0.118,-0.07400000000000001,6.1110000000000015,0.664,3.0,0.031,21.505,0.005,-0.062,405.774,0.131,-0.534
00:00:23.834,1572874900356,-0.116,-0.07400000000000001,6.1110000000000015,0.664,3.0,0.031,21.503,0.004,-0.062,406.133,0.13,-0.534
00:00:23.891,1572874900413,-0.115,-0.07400000000000001,6.1110000000000015,0.664,3.0,0.031,21.501,0.004,-0.062,406.491,0.129,-0.534
00:00:23.892,1572874900414,-0.114,-0.07400000000000001,6.1110000000000015,0.664,3.0,0.03,21.499,0.004,-0.062,406.827,0.128,-0.534
00:00:23.893,1572874900415,-0.113,-0.073,5.964,0.664,3.0,0.03,21.497,0.004,-0.062,407.208,0.127,-0.534
00:00:23.894,1572874900416,-0.112,-0.073,5.964,0.664,3.0,0.03,21.495,0.004,-0.062,407.566,0.126,-0.534
00:00:23.942,1572874900464,-0.113,-0.073,5.964,0.664,3.0,0.03,21.493,0.004,-0.062,407.924,0.125,-0.534
00:00:23.943,1572874900465,-0.114,-0.073,5.964,0.664,3.0,0.03,21.491,0.004,-0.062,408.283,0.124,-0.534
00:00:23.944,1572874900466,-0.115,-0.073,5.964,0.664,3.0,0.03,21.49,0.004,-0.062,408.641,0.122,-0.534
00:00:23.989,1572874900511,-0.116,-0.073,5.964,0.664,3.0,0.03,21.488000000000003,0.004,-0.062,408.999,0.121,-0.534
00:00:23.990,1572874900512,-0.117,-0.073,6.1110000000000015,0.664,3.0,0.029,21.486,0.004,-0.062,409.357,0.12,-0.534
00:00:23.991,1572874900513,-0.118,-0.073,6.1110000000000015,0.664,3.0,0.029,21.484,0.004,-0.062,409.715,0.119,-0.534
00:00:24.039,1572874900561,-0.117,-0.073,6.1110000000000015,0.664,3.0,0.029,21.482,0.004,-0.062,410.073,0.117,-0.534
00:00:24.040,1572874900562,-0.116,-0.073,6.1110000000000015,0.664,3.0,0.029,21.48,0.004,-0.062,410.431,0.116,-0.534
00:00:24.041,1572874900563,-0.114,-0.07200000000000001,6.1110000000000015,0.664,3.0,0.029,21.478,0.004,-0.062,410.789,0.115,-0.534
00:00:24.089,1572874900611,-0.113,-0.07200000000000001,6.1110000000000015,0.664,3.0,0.029,21.476,0.004,-0.062,411.147,0.114,-0.534
00:00:24.090,1572874900612,-0.112,-0.07200000000000001,5.964,0.664,3.0,0.029,21.474,0.004,-0.062,411.505,0.112,-0.534
00:00:24.091,1572874900613,-0.112,-0.071,5.964,0.664,3.0,0.029,21.472,0.004,-0.062,411.86300000000006,0.111,-0.534
00:00:24.139,1572874900661,-0.112,-0.071,5.964,0.664,3.0,0.028,21.47,0.004,-0.062,412.221,0.109,-0.534
00:00:24.140,1572874900662,-0.113,-0.071,5.964,0.664,3.0,0.028,21.469,0.004,-0.062,412.579,0.108,-0.534
00:00:24.141,1572874900663,-0.115,-0.071,5.964,0.664,3.0,0.028,21.467,0.004,-0.062,412.936,0.107,-0.534
00:00:24.189,1572874900711,-0.116,-0.071,5.964,0.664,3.0,0.028,21.465,0.004,-0.062,413.294,0.105,-0.534
00:00:24.190,1572874900712,-0.117,-0.071,6.1110000000000015,0.664,3.0,0.028,21.463,0.004,-0.062,413.652,0.104,-0.534
00:00:24.191,1572874900713,-0.117,-0.071,6.1110000000000015,0.664,3.0,0.028,21.461,0.004,-0.062,414.009,0.102,-0.534
00:00:24.240,1572874900762,-0.117,-0.071,6.1110000000000015,0.664,3.0,0.028,21.459,0.004,-0.062,414.367,0.101,-0.534
00:00:24.241,1572874900763,-0.115,-0.071,6.1110000000000015,0.664,3.0,0.028,21.457,0.004,-0.062,414.725,0.099,-0.534
00:00:24.242,1572874900764,-0.114,-0.07200000000000001,6.1110000000000015,0.664,3.0,0.028,21.455,0.004,-0.062,415.082,0.097,-0.534
00:00:24.291,1572874900813,-0.113,-0.07200000000000001,6.1110000000000015,0.664,3.0,0.028,21.453000000000007,0.004,-0.062,415.44,0.096,-0.534
00:00:24.292,1572874900814,-0.112,-0.07200000000000001,6.1110000000000015,0.664,3.0,0.028,21.451,0.004,-0.062,415.797,0.094,-0.534
00:00:24.293,1572874900815,-0.111,-0.07200000000000001,6.1110000000000015,0.664,3.0,0.027000000000000003,21.449,0.004,-0.062,416.155,0.093,-0.534
00:00:24.342,1572874900864,-0.111,-0.07200000000000001,6.1110000000000015,0.664,3.0,0.027000000000000003,21.448,0.004,-0.062,416.512,0.091,-0.534
00:00:24.343,1572874900865,-0.111,-0.07200000000000001,6.1110000000000015,0.664,3.0,0.027000000000000003,21.446,0.004,-0.062,416.87,0.08900000000000001,-0.534
00:00:24.344,1572874900866,-0.111,-0.07200000000000001,6.1110000000000015,0.664,3.0,0.027000000000000003,21.444000000000006,0.004,-0.062,417.227,0.08800000000000001,-0.534
00:00:24.392,1572874900914,-0.112,-0.07200000000000001,6.1110000000000015,0.664,3.0,0.027000000000000003,21.442,0.004,-0.062,417.585,0.086,-0.534
00:00:24.393,1572874900915,-0.112,-0.07200000000000001,5.964,0.664,3.0,0.027000000000000003,21.44,0.004,-0.062,417.942,0.084,-0.534
00:00:24.394,1572874900916,-0.112,-0.07200000000000001,5.964,0.664,3.0,0.027000000000000003,21.438,0.004,-0.062,418.299,0.083,-0.534
00:00:24.442,1572874900964,-0.112,-0.07200000000000001,5.964,0.664,3.0,0.027000000000000003,21.436,0.004,-0.062,418.657,0.081,-0.534
00:00:24.443,1572874900965,-0.113,-0.07200000000000001,5.964,0.664,3.0,0.027000000000000003,21.435,0.004,-0.062,419.014,0.079,-0.534
00:00:24.444,1572874900966,-0.114,-0.07200000000000001,5.964,0.664,3.0,0.027000000000000003,21.433000000000003,0.004,-0.062,419.371,0.077,-0.534
00:00:24.492,1572874901014,-0.115,-0.07200000000000001,5.964,0.664,3.0,0.027000000000000003,21.431,0.004,-0.062,419.728,0.076,-0.534
00:00:24.493,1572874901015,-0.116,-0.07200000000000001,6.1110000000000015,0.664,3.0,0.027000000000000003,21.429,0.004,-0.062,420.085,0.07400000000000001,-0.534
00:00:24.494,1572874901016,-0.116,-0.07200000000000001,6.1110000000000015,0.664,3.0,0.027000000000000003,21.427,0.004,-0.062,420.443,0.07200000000000001,-0.534
00:00:24.543,1572874901065,-0.116,-0.07200000000000001,6.1110000000000015,0.664,3.0,0.027000000000000003,21.425,0.004,-0.062,420.8,0.07,-0.534
00:00:24.544,1572874901066,-0.115,-0.07200000000000001,6.1110000000000015,0.664,3.0,0.027000000000000003,21.423,0.004,-0.062,421.157,0.068,-0.534
00:00:24.545,1572874901067,-0.113,-0.07200000000000001,6.1110000000000015,0.664,3.0,0.027000000000000003,21.421,0.004,-0.062,421.514,0.066,-0.534
00:00:24.600,1572874901122,-0.112,-0.073,6.1110000000000015,0.664,3.0,0.027000000000000003,21.419,0.004,-0.062,421.871,0.064,-0.534
00:00:24.601,1572874901123,-0.111,-0.073,5.964,0.664,3.0,0.027000000000000003,21.417,0.004,-0.062,422.228,0.062,-0.534
00:00:24.602,1572874901124,-0.111,-0.073,5.964,0.664,3.0,0.027000000000000003,21.416,0.004,-0.062,422.585,0.06,-0.534
00:00:24.603,1572874901125,-0.111,-0.073,5.964,0.664,3.0,0.027000000000000003,21.414,0.004,-0.062,422.942,0.058,-0.534
00:00:24.654,1572874901176,-0.112,-0.073,5.964,0.664,3.0,0.027000000000000003,21.412,0.004,-0.062,423.298,0.056,-0.534
00:00:24.655,1572874901177,-0.114,-0.073,5.964,0.664,3.0,0.027000000000000003,21.41,0.004,-0.062,423.655,0.054000000000000006,-0.534
00:00:24.656,1572874901178,-0.115,-0.073,5.964,0.664,3.0,0.027000000000000003,21.408,0.004,-0.062,424.012,0.052000000000000005,-0.534
00:00:24.705,1572874901227,-0.116,-0.073,6.1110000000000015,0.664,3.0,0.027000000000000003,21.406,0.004,-0.062,424.369,0.05,-0.534
00:00:24.706,1572874901228,-0.116,-0.073,6.1110000000000015,0.664,3.0,0.027000000000000003,21.404,0.004,-0.062,424.726,0.048,-0.534
00:00:24.707,1572874901229,-0.116,-0.073,6.1110000000000015,0.664,3.0,0.027000000000000003,21.402,0.004,-0.062,425.082,0.046,-0.534
00:00:24.755,1572874901277,-0.114,-0.073,6.1110000000000015,0.664,3.0,0.027000000000000003,21.4,0.004,-0.062,425.439,0.044,-0.534
00:00:24.756,1572874901278,-0.113,-0.073,6.1110000000000015,0.664,3.0,0.026,21.398000000000003,0.004,-0.062,425.796,0.042,-0.534
00:00:24.757,1572874901279,-0.111,-0.073,6.1110000000000015,0.664,3.0,0.026,21.397,0.004,-0.062,426.152,0.04,-0.534
00:00:24.805,1572874901327,-0.111,-0.073,6.1110000000000015,0.664,3.0,0.026,21.395,0.004,-0.062,426.509,0.037000000000000005,-0.534
00:00:24.806,1572874901328,-0.11,-0.07200000000000001,6.1110000000000015,0.664,3.0,0.026,21.393,0.004,-0.062,426.865,0.035,-0.534
00:00:24.807,1572874901329,-0.11,-0.07200000000000001,6.1110000000000015,0.664,3.0,0.026,21.391,0.004,-0.062,427.222,0.033,-0.534
00:00:24.859,1572874901381,-0.11,-0.073,6.1110000000000015,0.664,3.0,0.026,21.389,0.004,-0.062,427.578,0.031,-0.534
00:00:24.860,1572874901382,-0.11,-0.073,6.1110000000000015,0.664,3.0,0.026,21.387,0.004,-0.062,427.935,0.028,-0.534
00:00:24.861,1572874901383,-0.11,-0.073,6.1110000000000015,0.664,3.0,0.026,21.386,0.004,-0.062,428.291,0.026,-0.534
00:00:24.905,1572874901427,-0.11,-0.073,6.1110000000000015,0.664,3.0,0.026,21.384,0.004,-0.062,428.648,0.024,-0.534
00:00:24.906,1572874901428,-0.111,-0.07200000000000001,6.1110000000000015,0.664,3.0,0.026,21.382,0.004,-0.062,429.004,0.021,-0.534
00:00:24.907,1572874901429,-0.11,-0.07200000000000001,6.1110000000000015,0.664,3.0,0.026,21.38,0.004,-0.062,429.36,0.019,-0.534
00:00:24.956,1572874901478,-0.11,-0.07200000000000001,6.1110000000000015,0.664,3.0,0.026,21.378,0.004,-0.062,429.717,0.017,-0.534
00:00:24.957,1572874901479,-0.11,-0.07200000000000001,6.1110000000000015,0.664,3.0,0.026,21.376,0.004,-0.062,430.073,0.014,-0.534
00:00:24.958,1572874901480,-0.11,-0.07200000000000001,6.1110000000000015,0.664,3.0,0.026,21.375,0.004,-0.062,430.429,0.012,-0.534
00:00:25.010,1572874901532,-0.11,-0.07200000000000001,5.964,0.664,3.0,0.026,21.373,0.004,-0.061,430.786,0.009000000000000001,-0.534
00:00:25.011,1572874901533,-0.11,-0.07200000000000001,5.964,0.664,3.0,0.026,21.371,0.004,-0.061,431.142,0.006999999999999999,-0.534
00:00:25.012,1572874901534,-0.111,-0.07200000000000001,5.964,0.664,3.0,0.026,21.369,0.004,-0.061,431.49800000000016,0.005,-0.534
00:00:25.060,1572874901582,-0.112,-0.07200000000000001,5.964,0.664,3.0,0.026,21.367,0.004,-0.061,431.854,0.002,-0.534
00:00:25.061,1572874901583,-0.113,-0.07200000000000001,5.964,0.664,3.0,0.026,21.365,0.004,-0.061,432.21,-0.001,-0.534
00:00:25.062,1572874901584,-0.114,-0.071,5.964,0.664,3.0,0.026,21.363000000000003,0.004,-0.061,432.566,-0.003,-0.534
00:00:25.063,1572874901585,-0.115,-0.071,5.964,0.664,3.0,0.026,21.361,0.004,-0.061,432.922,-0.006,-0.534
00:00:25.111,1572874901633,-0.115,-0.071,5.964,0.664,3.0,0.026,21.359,0.004,-0.061,433.278,-0.008,-0.534
00:00:25.112,1572874901634,-0.115,-0.071,5.964,0.664,3.0,0.026,21.358,0.004,-0.061,433.634,-0.011,-0.534
00:00:25.113,1572874901635,-0.115,-0.071,5.964,0.664,3.0,0.026,21.356,0.004,-0.061,433.99,-0.013,-0.534
00:00:25.161,1572874901683,-0.115,-0.071,5.964,0.664,3.0,0.026,21.354,0.004,-0.061,434.346,-0.016,-0.534
00:00:25.162,1572874901684,-0.115,-0.07,5.964,0.664,3.0,0.026,21.352,0.004,-0.062,434.702,-0.019,-0.534
00:00:25.163,1572874901685,-0.114,-0.07,6.1110000000000015,0.664,3.0,0.026,21.35,0.004,-0.062,435.05800000000005,-0.021,-0.534
00:00:25.211,1572874901733,-0.114,-0.07,6.1110000000000015,0.664,3.0,0.026,21.348000000000006,0.004,-0.062,435.414,-0.024,-0.534
00:00:25.212,1572874901734,-0.114,-0.07,6.1110000000000015,0.664,3.0,0.026,21.346,0.004,-0.062,435.769,-0.027000000000000003,-0.534
00:00:25.213,1572874901735,-0.113,-0.07,6.1110000000000015,0.664,3.0,0.026,21.344,0.004,-0.062,436.125,-0.029,-0.534
00:00:25.267,1572874901789,-0.111,-0.07,6.1110000000000015,0.664,3.0,0.026,21.342,0.004,-0.062,436.481,-0.032,-0.534
00:00:25.268,1572874901790,-0.11,-0.07,6.1110000000000015,0.664,3.0,0.026,21.341,0.004,-0.062,436.836,-0.035,-0.534
00:00:25.269,1572874901791,-0.109,-0.07,6.1110000000000015,0.664,3.0,0.026,21.339,0.004,-0.062,437.192,-0.038,-0.534
00:00:25.311,1572874901833,-0.109,-0.07,6.1110000000000015,0.664,3.0,0.026,21.337,0.004,-0.062,437.548,-0.04,-0.534
00:00:25.312,1572874901834,-0.109,-0.07,6.1110000000000015,0.664,3.0,0.026,21.335,0.004,-0.062,437.903,-0.043,-0.534
00:00:25.313,1572874901835,-0.109,-0.07,6.1110000000000015,0.664,3.0,0.026,21.333,0.004,-0.062,438.259,-0.046,-0.534
00:00:25.363,1572874901885,-0.109,-0.07,6.1110000000000015,0.664,3.0,0.026,21.332,0.004,-0.062,438.614,-0.049,-0.534
00:00:25.364,1572874901886,-0.109,-0.069,6.1110000000000015,0.664,3.0,0.026,21.33,0.004,-0.062,438.97,-0.052000000000000005,-0.534
00:00:25.365,1572874901887,-0.109,-0.069,6.1110000000000015,0.664,3.0,0.026,21.328000000000007,0.004,-0.062,439.325,-0.055,-0.534
00:00:25.414,1572874901936,-0.109,-0.068,6.1110000000000015,0.664,3.0,0.025,21.326,0.004,-0.061,439.681,-0.058,-0.534
00:00:25.415,1572874901937,-0.109,-0.068,6.1110000000000015,0.664,3.0,0.025,21.324,0.004,-0.061,440.036,-0.061,-0.534
00:00:25.416,1572874901938,-0.109,-0.067,6.1110000000000015,0.664,3.0,0.025,21.322,0.004,-0.061,440.392,-0.063,-0.534
00:00:25.465,1572874901987,-0.109,-0.066,6.1110000000000015,0.664,3.0,0.025,21.321,0.004,-0.061,440.747,-0.066,-0.534
00:00:25.466,1572874901988,-0.109,-0.066,6.1110000000000015,0.664,3.0,0.025,21.319000000000006,0.004,-0.061,441.102,-0.069,-0.534
00:00:25.467,1572874901989,-0.109,-0.065,5.964,0.664,3.0,0.025,21.317,0.004,-0.061,441.458,-0.07200000000000001,-0.534
00:00:25.515,1572874902037,-0.109,-0.064,5.964,0.664,3.0,0.025,21.315,0.004,-0.061,441.81300000000016,-0.075,-0.534
00:00:25.516,1572874902038,-0.11,-0.063,5.964,0.664,3.0,0.025,21.313,0.004,-0.061,442.168,-0.078,-0.534
00:00:25.517,1572874902039,-0.111,-0.061,5.964,0.664,3.0,0.025,21.311,0.004,-0.061,442.523,-0.08199999999999999,-0.534
00:00:25.565,1572874902087,-0.112,-0.06,5.964,0.664,3.0,0.025,21.31,0.004,-0.061,442.878,-0.085,-0.534
00:00:25.566,1572874902088,-0.113,-0.058,5.964,0.664,3.0,0.025,21.308000000000003,0.004,-0.061,443.233,-0.08800000000000001,-0.534
00:00:25.567,1572874902089,-0.114,-0.057,6.1110000000000015,0.664,3.0,0.025,21.306,0.004,-0.061,443.589,-0.091,-0.534
00:00:25.615,1572874902137,-0.114,-0.055,6.1110000000000015,0.664,3.0,0.025,21.304,0.004,-0.061,443.944,-0.094,-0.534
00:00:25.616,1572874902138,-0.113,-0.053,6.1110000000000015,0.664,3.0,0.025,21.302,0.004,-0.061,444.299,-0.097,-0.534
00:00:25.617,1572874902139,-0.112,-0.051,6.1110000000000015,0.664,3.0,0.024,21.3,0.004,-0.061,444.654,-0.1,-0.534
00:00:25.669,1572874902191,-0.111,-0.049,6.1110000000000015,0.664,3.0,0.024,21.298,0.004,-0.061,445.009,-0.103,-0.534
00:00:25.670,1572874902192,-0.109,-0.047,6.1110000000000015,0.664,3.0,0.024,21.297,0.004,-0.061,445.364,-0.107,-0.534
00:00:25.671,1572874902193,-0.109,-0.045,6.1110000000000015,0.664,3.0,0.024,21.295,0.004,-0.061,445.719,-0.11,-0.534
00:00:25.720,1572874902242,-0.108,-0.042,6.1110000000000015,0.664,3.0,0.024,21.293000000000006,0.004,-0.061,446.073,-0.113,-0.534
00:00:25.721,1572874902243,-0.108,-0.039,6.1110000000000015,0.664,3.0,0.023,21.291,0.004,-0.061,446.42800000000005,-0.116,-0.534
00:00:25.722,1572874902244,-0.108,-0.037000000000000005,6.1110000000000015,0.664,3.0,0.023,21.289,0.004,-0.061,446.783,-0.119,-0.534
00:00:25.770,1572874902292,-0.108,-0.034,6.1110000000000015,0.664,3.0,0.023,21.288,0.004,-0.061,447.138,-0.123,-0.534
00:00:25.771,1572874902293,-0.108,-0.031,6.1110000000000015,0.664,3.0,0.022,21.286,0.004,-0.061,447.49300000000005,-0.126,-0.534
00:00:25.772,1572874902294,-0.108,-0.028,6.1110000000000015,0.664,3.0,0.022,21.284,0.004,-0.061,447.847,-0.129,-0.534
00:00:25.822,1572874902344,-0.108,-0.024,6.1110000000000015,0.664,3.0,0.022,21.282,0.004,-0.061,448.202,-0.132,-0.534
00:00:25.823,1572874902345,-0.108,-0.021,6.1110000000000015,0.664,3.0,0.021,21.28,0.004,-0.061,448.557,-0.135,-0.534
00:00:25.824,1572874902346,-0.108,-0.018000000000000002,6.1110000000000015,0.664,3.0,0.021,21.278,0.004,-0.061,448.911,-0.139,-0.534
00:00:25.872,1572874902394,-0.108,-0.015,6.1110000000000015,0.664,3.0,0.02,21.277,0.003,-0.061,449.266,-0.142,-0.534
00:00:25.873,1572874902395,-0.108,-0.011,6.1110000000000015,0.664,3.0,0.02,21.275,0.003,-0.061,449.621,-0.145,-0.534
00:00:25.874,1572874902396,-0.108,-0.008,6.1110000000000015,0.664,3.0,0.019,21.273000000000003,0.003,-0.061,449.975,-0.14800000000000002,-0.534
00:00:25.922,1572874902444,-0.108,-0.005,6.1110000000000015,0.664,3.0,0.018000000000000002,21.271,0.003,-0.061,450.33,-0.152,-0.534
00:00:25.923,1572874902445,-0.108,-0.002,6.1110000000000015,0.664,3.0,0.018000000000000002,21.269,0.003,-0.061,450.684,-0.155,-0.534
00:00:25.924,1572874902446,-0.108,0.001,6.1110000000000015,0.664,3.0,0.017,21.268,0.002,-0.061,451.039,-0.158,-0.534
00:00:25.972,1572874902494,-0.108,0.004,6.1110000000000015,0.664,3.0,0.016,21.266,0.002,-0.061,451.393,-0.162,-0.534
00:00:25.973,1572874902495,-0.108,0.006,6.1110000000000015,0.664,3.0,0.015,21.264,0.002,-0.061,451.747,-0.165,-0.534
00:00:25.974,1572874902496,-0.108,0.009000000000000001,6.1110000000000015,0.664,3.0,0.015,21.262,0.002,-0.061,452.102,-0.168,-0.534
00:00:26.033,1572874902555,-0.108,0.01,6.1110000000000015,0.664,3.0,0.014,21.26,0.001,-0.061,452.456,-0.171,-0.534
00:00:26.034,1572874902556,-0.108,0.011,6.1110000000000015,0.664,3.0,0.013,21.259,0.001,-0.061,452.81,-0.175,-0.534
00:00:26.035,1572874902557,-0.108,0.012,6.1110000000000015,0.664,3.0,0.012,21.257,0.001,-0.061,453.165,-0.17800000000000002,-0.534
00:00:26.074,1572874902596,-0.108,0.013,6.1110000000000015,0.664,3.0,0.012,21.255,0.0,-0.061,453.519,-0.181,-0.534
00:00:26.075,1572874902597,-0.108,0.014,6.1110000000000015,0.664,3.0,0.011,21.253,0.0,-0.061,453.87300000000016,-0.184,-0.534
00:00:26.076,1572874902598,-0.108,0.015,6.1110000000000015,0.664,3.0,0.01,21.252,0.0,-0.061,454.227,-0.187,-0.534
00:00:26.122,1572874902644,-0.108,0.016,6.1110000000000015,0.664,3.0,0.01,21.25,-0.001,-0.061,454.582,-0.191,-0.534
00:00:26.123,1572874902645,-0.108,0.017,6.1110000000000015,0.664,3.0,0.009000000000000001,21.248,-0.001,-0.061,454.936,-0.194,-0.534
00:00:26.124,1572874902646,-0.108,0.018000000000000002,6.1110000000000015,0.664,3.0,0.008,21.246,-0.001,-0.061,455.29,-0.197,-0.534
00:00:26.174,1572874902696,-0.108,0.019,6.1110000000000015,0.664,3.0,0.008,21.244,-0.001,-0.061,455.644,-0.2,-0.534
00:00:26.175,1572874902697,-0.108,0.019,6.1110000000000015,0.664,3.0,0.006999999999999999,21.243,-0.002,-0.061,455.99800000000016,-0.204,-0.534
00:00:26.176,1572874902698,-0.108,0.02,6.1110000000000015,0.664,3.0,0.006,21.241,-0.002,-0.061,456.352,-0.207,-0.534
00:00:26.223,1572874902745,-0.107,0.02,6.1110000000000015,0.664,3.0,0.006,21.239,-0.002,-0.061,456.706,-0.21,-0.534
00:00:26.224,1572874902746,-0.107,0.02,6.1110000000000015,0.664,3.0,0.005,21.237,-0.002,-0.061,457.06,-0.213,-0.534
00:00:26.225,1572874902747,-0.107,0.02,6.1110000000000015,0.664,3.0,0.005,21.235,-0.002,-0.061,457.414,-0.21600000000000005,-0.534
00:00:26.278,1572874902800,-0.107,0.02,6.1110000000000015,0.664,3.0,0.004,21.234,-0.002,-0.061,457.768,-0.219,-0.534
00:00:26.279,1572874902801,-0.107,0.02,6.1110000000000015,0.664,3.0,0.004,21.232,-0.002,-0.061,458.122,-0.223,-0.534
00:00:26.280,1572874902802,-0.107,0.019,6.1110000000000015,0.664,3.0,0.003,21.23,-0.002,-0.061,458.475,-0.226,-0.534
00:00:26.281,1572874902803,-0.107,0.019,6.1110000000000015,0.664,3.0,0.003,21.228,-0.002,-0.061,458.829,-0.229,-0.534
00:00:26.331,1572874902853,-0.107,0.018000000000000002,6.1110000000000015,0.664,3.0,0.003,21.226,-0.002,-0.061,459.18300000000005,-0.232,-0.534
00:00:26.332,1572874902854,-0.107,0.017,6.1110000000000015,0.664,3.0,0.002,21.225,-0.002,-0.061,459.537,-0.235,-0.534
00:00:26.333,1572874902855,-0.107,0.017,6.1110000000000015,0.664,3.0,0.002,21.223000000000006,-0.002,-0.061,459.89,-0.238,-0.534
00:00:26.378,1572874902900,-0.107,0.016,6.1110000000000015,0.664,3.0,0.002,21.221,-0.002,-0.061,460.244,-0.241,-0.534
00:00:26.379,1572874902901,-0.107,0.015,6.1110000000000015,0.664,3.0,0.001,21.219,-0.002,-0.061,460.598,-0.245,-0.534
00:00:26.380,1572874902902,-0.107,0.014,6.1110000000000015,0.664,3.0,0.001,21.218000000000004,-0.002,-0.061,460.951,-0.248,-0.534
00:00:26.428,1572874902950,-0.107,0.013,6.1110000000000015,0.664,3.0,0.001,21.216,-0.002,-0.061,461.305,-0.251,-0.534
00:00:26.429,1572874902951,-0.107,0.012,6.1110000000000015,0.664,3.0,0.001,21.214,-0.002,-0.061,461.659,-0.254,-0.534
00:00:26.430,1572874902952,-0.107,0.012,6.1110000000000015,0.664,3.0,0.001,21.212,-0.002,-0.061,462.012,-0.257,-0.534
00:00:26.482,1572874903004,-0.107,0.011,6.1110000000000015,0.664,3.0,0.0,21.21,-0.001,-0.061,462.366,-0.26,-0.534
00:00:26.483,1572874903005,-0.107,0.01,6.1110000000000015,0.664,3.0,0.0,21.209,-0.001,-0.06,462.719,-0.263,-0.534
00:00:26.484,1572874903006,-0.107,0.009000000000000001,6.1110000000000015,0.664,3.0,0.0,21.207,-0.001,-0.06,463.073,-0.266,-0.534
00:00:26.530,1572874903052,-0.107,0.009000000000000001,6.1110000000000015,0.664,3.0,0.0,21.205,-0.001,-0.06,463.426,-0.27,-0.534
00:00:26.531,1572874903053,-0.107,0.008,6.1110000000000015,0.664,3.0,0.0,21.203000000000007,-0.001,-0.06,463.779,-0.273,-0.534
00:00:26.532,1572874903054,-0.107,0.008,6.1110000000000015,0.664,3.0,-0.001,21.202,-0.001,-0.06,464.133,-0.276,-0.534
00:00:26.580,1572874903102,-0.107,0.006999999999999999,6.1110000000000015,0.664,3.0,-0.001,21.2,-0.001,-0.06,464.486,-0.279,-0.534
00:00:26.581,1572874903103,-0.107,0.006999999999999999,6.1110000000000015,0.664,3.0,-0.001,21.198,-0.001,-0.06,464.839,-0.282,-0.534
00:00:26.582,1572874903104,-0.107,0.006999999999999999,6.1110000000000015,0.664,3.0,-0.001,21.196,-0.001,-0.06,465.193,-0.285,-0.534
00:00:26.630,1572874903152,-0.107,0.006999999999999999,6.1110000000000015,0.664,3.0,-0.001,21.194000000000006,-0.001,-0.06,465.546,-0.28800000000000003,-0.534
00:00:26.631,1572874903153,-0.107,0.006999999999999999,6.1110000000000015,0.664,3.0,-0.001,21.193,0.0,-0.06,465.899,-0.29100000000000004,-0.534
00:00:26.632,1572874903154,-0.107,0.006999999999999999,6.1110000000000015,0.664,3.0,-0.001,21.191,0.0,-0.06,466.252,-0.294,-0.534
00:00:26.684,1572874903206,-0.106,0.008,6.1110000000000015,0.664,3.0,-0.001,21.189,0.0,-0.06,466.605,-0.297,-0.534
00:00:26.685,1572874903207,-0.106,0.008,6.1110000000000015,0.664,3.0,-0.001,21.187,0.0,-0.06,466.959,-0.3,-0.534
00:00:26.686,1572874903208,-0.106,0.009000000000000001,6.1110000000000015,0.664,3.0,-0.001,21.186,0.0,-0.06,467.312,-0.304,-0.534
00:00:26.745,1572874903267,-0.106,0.01,6.1110000000000015,0.664,3.0,-0.001,21.184,0.0,-0.06,467.665,-0.307,-0.534
00:00:26.746,1572874903268,-0.106,0.011,6.1110000000000015,0.664,3.0,-0.001,21.182,0.0,-0.06,468.018,-0.31,-0.534
00:00:26.747,1572874903269,-0.106,0.012,6.1110000000000015,0.664,3.0,-0.001,21.18,0.0,-0.06,468.371,-0.313,-0.534
00:00:26.792,1572874903314,-0.106,0.013,6.1110000000000015,0.664,3.0,-0.001,21.178,0.0,-0.06,468.724,-0.316,-0.534
00:00:26.793,1572874903315,-0.106,0.015,6.1110000000000015,0.664,3.0,-0.001,21.177,0.0,-0.06,469.077,-0.319,-0.534
00:00:26.794,1572874903316,-0.106,0.016,6.1110000000000015,0.664,3.0,-0.001,21.175,0.0,-0.06,469.43,-0.322,-0.534
00:00:26.842,1572874903364,-0.106,0.018000000000000002,6.1110000000000015,0.664,3.0,-0.002,21.173,0.0,-0.06,469.782,-0.325,-0.534
00:00:26.843,1572874903365,-0.106,0.02,6.1110000000000015,0.664,3.0,-0.002,21.171,0.0,-0.06,470.135,-0.328,-0.534
00:00:26.844,1572874903366,-0.106,0.022,6.1110000000000015,0.664,3.0,-0.002,21.17,0.0,-0.06,470.48800000000006,-0.331,-0.534
00:00:26.895,1572874903417,-0.106,0.024,6.1110000000000015,0.664,3.0,-0.002,21.168000000000006,0.0,-0.06,470.841,-0.334,-0.534
00:00:26.896,1572874903418,-0.106,0.026,6.1110000000000015,0.664,3.0,-0.002,21.166,0.0,-0.06,471.194,-0.337,-0.534
00:00:26.897,1572874903419,-0.106,0.028,6.1110000000000015,0.664,3.0,-0.002,21.164,0.0,-0.06,471.546,-0.34,-0.534
00:00:26.898,1572874903420,-0.106,0.03,6.1110000000000015,0.664,3.0,-0.003,21.163,0.0,-0.06,471.899,-0.343,-0.534
00:00:26.945,1572874903467,-0.106,0.032,6.1110000000000015,0.664,3.0,-0.003,21.161,0.0,-0.06,472.252,-0.34600000000000003,-0.534
00:00:26.946,1572874903468,-0.106,0.033,6.1110000000000015,0.664,3.0,-0.003,21.159,0.0,-0.06,472.605,-0.349,-0.534
00:00:26.947,1572874903469,-0.106,0.035,6.1110000000000015,0.664,3.0,-0.004,21.157,0.0,-0.06,472.957,-0.35200000000000004,-0.534
00:00:26.995,1572874903517,-0.106,0.036000000000000004,6.1110000000000015,0.664,3.0,-0.004,21.156,0.0,-0.06,473.31,-0.355,-0.534
00:00:26.996,1572874903518,-0.106,0.037000000000000005,6.1110000000000015,0.664,3.0,-0.005,21.154,-0.001,-0.06,473.662,-0.358,-0.534
00:00:26.997,1572874903519,-0.106,0.039,6.1110000000000015,0.664,3.0,-0.005,21.152,-0.001,-0.06,474.015,-0.361,-0.534
00:00:27.045,1572874903567,-0.106,0.04,6.1110000000000015,0.664,3.0,-0.005,21.15,-0.001,-0.06,474.367,-0.364,-0.534
00:00:27.046,1572874903568,-0.106,0.041,6.1110000000000015,0.664,3.0,-0.006,21.148000000000003,-0.001,-0.06,474.72,-0.3670000000000001,-0.534
00:00:27.047,1572874903569,-0.106,0.042,6.1110000000000015,0.664,3.0,-0.006,21.147,-0.001,-0.06,475.072,-0.37,-0.534
00:00:27.095,1572874903617,-0.106,0.044,6.1110000000000015,0.664,3.0,-0.006999999999999999,21.145,-0.002,-0.06,475.425,-0.373,-0.534
00:00:27.096,1572874903618,-0.106,0.045,6.1110000000000015,0.664,3.0,-0.006999999999999999,21.143,-0.002,-0.06,475.777,-0.376,-0.534
00:00:27.097,1572874903619,-0.105,0.047,6.1110000000000015,0.664,3.0,-0.006999999999999999,21.141,-0.002,-0.06,476.129,-0.378,-0.534
00:00:27.145,1572874903667,-0.105,0.048,6.1110000000000015,0.664,3.0,-0.008,21.14,-0.002,-0.06,476.482,-0.381,-0.534
00:00:27.146,1572874903668,-0.105,0.05,6.1110000000000015,0.664,3.0,-0.008,21.138,-0.002,-0.06,476.834,-0.384,-0.534
00:00:27.147,1572874903669,-0.105,0.051,6.1110000000000015,0.664,3.0,-0.008,21.136,-0.002,-0.06,477.186,-0.387,-0.534
00:00:27.195,1572874903717,-0.105,0.053,6.1110000000000015,0.664,3.0,-0.009000000000000001,21.134,-0.002,-0.06,477.539,-0.39,-0.534
00:00:27.196,1572874903718,-0.105,0.054000000000000006,6.1110000000000015,0.664,3.0,-0.009000000000000001,21.133000000000006,-0.003,-0.06,477.891,-0.393,-0.534
00:00:27.197,1572874903719,-0.105,0.056,6.1110000000000015,0.664,3.0,-0.009000000000000001,21.131,-0.003,-0.06,478.24300000000005,-0.395,-0.534
00:00:27.247,1572874903769,-0.105,0.057,6.1110000000000015,0.664,3.0,-0.01,21.129,-0.003,-0.06,478.595,-0.398,-0.534
00:00:27.248,1572874903770,-0.105,0.058,6.1110000000000015,0.664,3.0,-0.01,21.128,-0.003,-0.06,478.925,-0.401,-0.534
00:00:27.249,1572874903771,-0.105,0.059,6.1110000000000015,0.664,3.0,-0.011,21.126,-0.003,-0.06,479.233,-0.403,-0.534
00:00:27.306,1572874903828,-0.105,0.06,6.1110000000000015,0.664,3.0,-0.011,21.124,-0.003,-0.06,479.585,-0.406,-0.534
00:00:27.307,1572874903829,-0.105,0.061,6.1110000000000015,0.664,3.0,-0.011,21.123,-0.003,-0.06,479.937,-0.408,-0.534
00:00:27.308,1572874903830,-0.105,0.062,6.1110000000000015,0.664,3.0,-0.012,21.121,-0.003,-0.06,480.29,-0.411,-0.534
00:00:27.349,1572874903871,-0.105,0.063,6.1110000000000015,0.664,3.0,-0.012,21.119,-0.003,-0.06,480.641,-0.414,-0.534
00:00:27.350,1572874903872,-0.105,0.063,6.1110000000000015,0.664,3.0,-0.013,21.117,-0.003,-0.06,480.99300000000005,-0.416,-0.534
00:00:27.351,1572874903873,-0.105,0.064,6.1110000000000015,0.664,3.0,-0.013,21.116,-0.003,-0.06,481.345,-0.419,-0.534
00:00:27.407,1572874903929,-0.105,0.064,6.1110000000000015,0.664,3.0,-0.013,21.114,-0.003,-0.06,481.697,-0.422,-0.534
00:00:27.408,1572874903930,-0.105,0.065,6.1110000000000015,0.664,3.0,-0.014,21.112,-0.003,-0.06,482.049,-0.424,-0.534
00:00:27.409,1572874903931,-0.105,0.065,6.1110000000000015,0.664,3.0,-0.014,21.11,-0.003,-0.06,482.401,-0.4270000000000001,-0.534
00:00:27.450,1572874903972,-0.105,0.066,6.1110000000000015,0.664,3.0,-0.015,21.109,-0.003,-0.06,482.753,-0.429,-0.534
00:00:27.451,1572874903973,-0.105,0.066,6.1110000000000015,0.664,3.0,-0.015,21.107,-0.003,-0.06,483.105,-0.4320000000000001,-0.534
00:00:27.452,1572874903974,-0.105,0.067,6.1110000000000015,0.664,3.0,-0.015,21.105,-0.003,-0.06,483.456,-0.434,-0.534
00:00:27.500,1572874904022,-0.105,0.068,6.1110000000000015,0.664,3.0,-0.016,21.103,-0.003,-0.06,483.80800000000005,-0.4370000000000001,-0.534
00:00:27.501,1572874904023,-0.105,0.069,6.1110000000000015,0.664,3.0,-0.016,21.102,-0.003,-0.06,484.16,-0.439,-0.534
00:00:27.502,1572874904024,-0.105,0.07,6.1110000000000015,0.664,3.0,-0.016,21.1,-0.003,-0.06,484.511,-0.442,-0.534
00:00:27.550,1572874904072,-0.105,0.071,6.1110000000000015,0.664,3.0,-0.017,21.098000000000006,-0.003,-0.06,484.885,-0.445,-0.534
00:00:27.551,1572874904073,-0.104,0.07200000000000001,6.1110000000000015,0.664,3.0,-0.017,21.096,-0.003,-0.06,485.215,-0.447,-0.534
00:00:27.552,1572874904074,-0.104,0.07400000000000001,6.1110000000000015,0.664,3.0,-0.017,21.095,-0.003,-0.06,485.566,-0.449,-0.534
00:00:27.600,1572874904122,-0.104,0.075,6.1110000000000015,0.664,3.0,-0.018000000000000002,21.093000000000004,-0.003,-0.06,485.918,-0.452,-0.534
00:00:27.601,1572874904123,-0.104,0.076,6.1110000000000015,0.664,3.0,-0.018000000000000002,21.091,-0.003,-0.06,486.269,-0.454,-0.534
00:00:27.602,1572874904124,-0.104,0.078,6.1110000000000015,0.664,3.0,-0.018000000000000002,21.089,-0.003,-0.06,486.621,-0.456,-0.534
00:00:27.651,1572874904173,-0.104,0.079,6.1110000000000015,0.664,3.0,-0.019,21.088,-0.003,-0.06,486.972,-0.459,-0.534
00:00:27.652,1572874904174,-0.104,0.08,6.1110000000000015,0.664,3.0,-0.019,21.086,-0.003,-0.06,487.324,-0.461,-0.534
00:00:27.653,1572874904175,-0.104,0.08199999999999999,6.1110000000000015,0.664,3.0,-0.019,21.084,-0.003,-0.06,487.675,-0.463,-0.534
00:00:27.709,1572874904231,-0.104,0.083,6.1110000000000015,0.664,3.0,-0.02,21.082,-0.003,-0.06,488.027,-0.465,-0.534
00:00:27.710,1572874904232,-0.104,0.084,6.1110000000000015,0.664,3.0,-0.02,21.081,-0.003,-0.06,488.378,-0.468,-0.534
00:00:27.711,1572874904233,-0.104,0.085,6.1110000000000015,0.664,3.0,-0.02,21.079,-0.003,-0.06,488.729,-0.47,-0.534
00:00:27.753,1572874904275,-0.104,0.086,6.1110000000000015,0.664,3.0,-0.021,21.077,-0.003,-0.06,489.081,-0.472,-0.534
00:00:27.754,1572874904276,-0.104,0.087,6.1110000000000015,0.664,3.0,-0.021,21.075,-0.004,-0.06,489.432,-0.474,-0.534
00:00:27.755,1572874904277,-0.104,0.087,6.1110000000000015,0.664,3.0,-0.022,21.074,-0.004,-0.06,489.783,-0.476,-0.534
00:00:27.804,1572874904326,-0.104,0.087,6.1110000000000015,0.664,3.0,-0.022,21.072,-0.004,-0.06,490.134,-0.478,-0.534
00:00:27.805,1572874904327,-0.104,0.08800000000000001,6.1110000000000015,0.664,3.0,-0.023,21.07,-0.004,-0.06,490.485,-0.48,-0.534
00:00:27.806,1572874904328,-0.104,0.08800000000000001,6.1110000000000015,0.664,3.0,-0.023,21.068,-0.004,-0.06,490.859,-0.483,-0.534
00:00:27.853,1572874904375,-0.104,0.08800000000000001,6.1110000000000015,0.664,3.0,-0.023,21.067,-0.004,-0.06,491.18800000000016,-0.484,-0.534
00:00:27.854,1572874904376,-0.104,0.08800000000000001,6.1110000000000015,0.664,3.0,-0.024,21.065,-0.004,-0.06,491.539,-0.486,-0.534
00:00:27.855,1572874904377,-0.104,0.08900000000000001,6.1110000000000015,0.664,3.0,-0.024,21.063,-0.004,-0.06,491.89,-0.488,-0.534
00:00:27.903,1572874904425,-0.104,0.08900000000000001,6.1110000000000015,0.664,3.0,-0.024,21.062,-0.005,-0.06,492.241,-0.49,-0.534
00:00:27.904,1572874904426,-0.104,0.08900000000000001,6.1110000000000015,0.664,3.0,-0.025,21.06,-0.005,-0.06,492.614,-0.4920000000000001,-0.534
00:00:27.905,1572874904427,-0.104,0.09,6.1110000000000015,0.664,3.0,-0.025,21.058000000000003,-0.005,-0.06,492.965,-0.494,-0.534
00:00:27.954,1572874904476,-0.104,0.09,6.1110000000000015,0.664,3.0,-0.025,21.056,-0.005,-0.06,493.294,-0.496,-0.534
00:00:27.955,1572874904477,-0.104,0.09,6.1110000000000015,0.664,3.0,-0.025,21.055,-0.005,-0.06,493.645,-0.498,-0.534
00:00:27.956,1572874904478,-0.104,0.09,6.1110000000000015,0.664,3.0,-0.026,21.053,-0.005,-0.06,494.018,-0.5,-0.534
00:00:28.009,1572874904531,-0.104,0.09,6.1110000000000015,0.664,3.0,-0.026,21.051,-0.005,-0.06,494.36800000000005,-0.502,-0.534
00:00:28.010,1572874904532,-0.104,0.09,6.1110000000000015,0.664,3.0,-0.026,21.05,-0.005,-0.06,494.697,-0.503,-0.534
00:00:28.011,1572874904533,-0.104,0.09,6.1110000000000015,0.664,3.0,-0.026,21.048,-0.005,-0.06,495.048,-0.505,-0.534
00:00:28.056,1572874904578,-0.104,0.09,6.1110000000000015,0.664,3.0,-0.027000000000000003,21.046,-0.005,-0.06,495.399,-0.507,-0.534
00:00:28.057,1572874904579,-0.104,0.09,6.1110000000000015,0.664,3.0,-0.027000000000000003,21.044,-0.005,-0.06,495.75,-0.509,-0.534
00:00:28.058,1572874904580,-0.104,0.08900000000000001,6.1110000000000015,0.664,3.0,-0.027000000000000003,21.043000000000006,-0.005,-0.06,496.057,-0.51,-0.534
00:00:28.107,1572874904629,-0.103,0.08800000000000001,6.1110000000000015,0.664,3.0,-0.027000000000000003,21.041,-0.005,-0.06,496.407,-0.512,-0.534
00:00:28.108,1572874904630,-0.103,0.08800000000000001,6.1110000000000015,0.664,3.0,-0.027000000000000003,21.039,-0.005,-0.06,496.758,-0.513,-0.534
00:00:28.109,1572874904631,-0.103,0.087,6.1110000000000015,0.664,3.0,-0.028,21.038,-0.005,-0.06,497.109,-0.515,-0.534
00:00:28.165,1572874904687,-0.103,0.086,6.1110000000000015,0.664,3.0,-0.028,21.036,-0.005,-0.06,497.437,-0.516,-0.534
00:00:28.166,1572874904688,-0.103,0.085,6.1110000000000015,0.664,3.0,-0.028,21.034,-0.005,-0.06,497.81,-0.518,-0.534
00:00:28.167,1572874904689,-0.103,0.085,6.1110000000000015,0.664,3.0,-0.028,21.033,-0.005,-0.06,498.16,-0.52,-0.534
00:00:28.208,1572874904730,-0.103,0.084,6.1110000000000015,0.664,3.0,-0.028,21.031,-0.005,-0.06,498.511,-0.521,-0.534
00:00:28.209,1572874904731,-0.103,0.084,6.1110000000000015,0.664,3.0,-0.028,21.029,-0.005,-0.06,498.839,-0.522,-0.534
00:00:28.210,1572874904732,-0.103,0.083,6.1110000000000015,0.664,3.0,-0.028,21.027,-0.005,-0.06,499.212,-0.524,-0.534
00:00:28.258,1572874904780,-0.103,0.083,6.1110000000000015,0.664,3.0,-0.028,21.026,-0.005,-0.06,499.562,-0.525,-0.534
00:00:28.259,1572874904781,-0.103,0.08199999999999999,6.1110000000000015,0.664,3.0,-0.028,21.024,-0.005,-0.06,499.891,-0.527,-0.534
00:00:28.260,1572874904782,-0.103,0.08199999999999999,6.1110000000000015,0.664,3.0,-0.028,21.022,-0.005,-0.06,500.263,-0.528,-0.534
00:00:28.310,1572874904832,-0.103,0.081,6.2570000000000014,0.664,3.0,-0.028,21.02,-0.005,-0.06,500.61300000000006,-0.53,-0.534
00:00:28.311,1572874904833,-0.103,0.08,6.2570000000000014,0.664,3.0,-0.028,21.019,-0.005,-0.06,500.964,-0.531,-0.534
00:00:28.312,1572874904834,-0.103,0.079,6.2570000000000014,0.664,3.0,-0.028,21.017,-0.005,-0.06,501.314,-0.532,-0.534
00:00:28.370,1572874904892,-0.102,0.078,6.2570000000000014,0.664,3.0,-0.028,21.016,-0.005,-0.059,501.642,-0.534,-0.534
00:00:28.371,1572874904893,-0.1,0.078,6.2570000000000014,0.664,3.0,-0.028,21.014,-0.004,-0.059,502.015,-0.535,-0.534
00:00:28.372,1572874904894,-0.099,0.077,6.2570000000000014,0.664,3.0,-0.028,21.012,-0.004,-0.059,502.365,-0.536,-0.534
00:00:28.373,1572874904895,-0.098,0.077,6.2570000000000014,0.664,3.0,-0.028,21.011,-0.004,-0.059,502.715,-0.537,-0.534
00:00:28.413,1572874904935,-0.097,0.076,6.2570000000000014,0.664,3.0,-0.028,21.009,-0.004,-0.059,503.065,-0.539,-0.534
00:00:28.414,1572874904936,-0.097,0.076,6.2570000000000014,0.664,3.0,-0.028,21.007,-0.004,-0.059,503.415,-0.54,-0.534
00:00:28.415,1572874904937,-0.097,0.076,6.2570000000000014,0.664,3.0,-0.028,21.006,-0.004,-0.059,503.765,-0.541,-0.534
00:00:28.464,1572874904986,-0.098,0.075,6.2570000000000014,0.664,3.0,-0.028,21.004,-0.004,-0.059,504.115,-0.542,-0.534
00:00:28.465,1572874904987,-0.098,0.075,6.2570000000000014,0.664,3.0,-0.028,21.002,-0.004,-0.059,504.465,-0.5429999999999999,-0.534
00:00:28.466,1572874904988,-0.098,0.07400000000000001,6.2570000000000014,0.664,3.0,-0.028,21.001,-0.004,-0.059,504.816,-0.544,-0.534
00:00:28.519,1572874905041,-0.098,0.07400000000000001,6.2570000000000014,0.664,3.0,-0.028,20.999,-0.004,-0.059,505.166,-0.546,-0.534
00:00:28.520,1572874905042,-0.098,0.073,6.2570000000000014,0.664,3.0,-0.028,20.997,-0.004,-0.059,505.515,-0.547,-0.534
00:00:28.521,1572874905043,-0.098,0.073,6.2570000000000014,0.664,3.0,-0.028,20.996,-0.004,-0.059,505.865,-0.5479999999999999,-0.534
00:00:28.572,1572874905094,-0.098,0.073,6.2570000000000014,0.664,3.0,-0.028,20.994,-0.004,-0.059,506.215,-0.5489999999999999,-0.534
00:00:28.573,1572874905095,-0.098,0.07200000000000001,6.2570000000000014,0.664,3.0,-0.028,20.993,-0.004,-0.059,506.565,-0.55,-0.534
00:00:28.574,1572874905096,-0.098,0.07200000000000001,6.2570000000000014,0.664,3.0,-0.028,20.991,-0.004,-0.059,506.915,-0.551,-0.534
00:00:28.623,1572874905145,-0.098,0.07200000000000001,6.2570000000000014,0.664,3.0,-0.027000000000000003,20.989,-0.004,-0.059,507.265,-0.552,-0.534
00:00:28.624,1572874905146,-0.098,0.071,6.2570000000000014,0.664,3.0,-0.027000000000000003,20.988000000000003,-0.004,-0.059,507.615,-0.5529999999999999,-0.534
00:00:28.625,1572874905147,-0.098,0.071,6.2570000000000014,0.664,3.0,-0.027000000000000003,20.986,-0.004,-0.059,507.965,-0.5539999999999999,-0.534
00:00:28.669,1572874905191,-0.098,0.071,6.2570000000000014,0.664,3.0,-0.027000000000000003,20.984,-0.004,-0.059,508.314,-0.5539999999999999,-0.534
00:00:28.670,1572874905192,-0.098,0.07,6.2570000000000014,0.664,3.0,-0.027000000000000003,20.983,-0.004,-0.059,508.664,-0.555,-0.534
00:00:28.671,1572874905193,-0.097,0.07,6.2570000000000014,0.664,3.0,-0.027000000000000003,20.981,-0.004,-0.059,509.014,-0.556,-0.534
00:00:28.723,1572874905245,-0.097,0.07,6.2570000000000014,0.664,3.0,-0.027000000000000003,20.98,-0.004,-0.059,509.36300000000006,-0.557,-0.534
00:00:28.724,1572874905246,-0.097,0.07,6.2570000000000014,0.664,3.0,-0.027000000000000003,20.978,-0.004,-0.059,509.713,-0.5579999999999999,-0.534
00:00:28.725,1572874905247,-0.097,0.07,6.2570000000000014,0.664,3.0,-0.027000000000000003,20.976,-0.004,-0.059,510.06300000000016,-0.5589999999999999,-0.534
00:00:28.771,1572874905293,-0.097,0.07,6.2570000000000014,0.664,3.0,-0.027000000000000003,20.975,-0.004,-0.059,510.412,-0.56,-0.534
00:00:28.772,1572874905294,-0.097,0.07,6.2570000000000014,0.664,3.0,-0.027000000000000003,20.973000000000006,-0.004,-0.059,510.762,-0.56,-0.534
00:00:28.773,1572874905295,-0.097,0.07,6.2570000000000014,0.664,3.0,-0.027000000000000003,20.971,-0.004,-0.059,511.111,-0.561,-0.534
00:00:28.821,1572874905343,-0.097,0.07,6.2570000000000014,0.664,3.0,-0.026,20.97,-0.004,-0.059,511.461,-0.562,-0.534
00:00:28.822,1572874905344,-0.097,0.07,6.2570000000000014,0.664,3.0,-0.026,20.968000000000004,-0.004,-0.059,511.81,-0.563,-0.534
00:00:28.823,1572874905345,-0.097,0.07,6.2570000000000014,0.664,3.0,-0.026,20.967,-0.004,-0.059,512.16,-0.563,-0.534
00:00:28.871,1572874905393,-0.097,0.07,6.2570000000000014,0.664,3.0,-0.026,20.965,-0.004,-0.059,512.509,-0.564,-0.534
00:00:28.872,1572874905394,-0.097,0.07,6.2570000000000014,0.664,3.0,-0.026,20.963,-0.004,-0.059,512.859,-0.565,-0.534
00:00:28.873,1572874905395,-0.097,0.07,6.2570000000000014,0.664,3.0,-0.026,20.962,-0.004,-0.059,513.2080000000002,-0.565,-0.534
00:00:28.932,1572874905454,-0.097,0.07,6.2570000000000014,0.664,3.0,-0.026,20.96,-0.004,-0.059,513.557,-0.5660000000000001,-0.534
00:00:28.933,1572874905455,-0.097,0.07,6.2570000000000014,0.664,3.0,-0.026,20.959,-0.004,-0.059,513.9069999999998,-0.5660000000000001,-0.534
00:00:28.934,1572874905456,-0.097,0.07,6.2570000000000014,0.664,3.0,-0.026,20.957,-0.004,-0.059,514.256,-0.5670000000000001,-0.534
00:00:28.935,1572874905457,-0.097,0.07,6.2570000000000014,0.664,3.0,-0.026,20.955,-0.004,-0.059,514.605,-0.568,-0.534
00:00:28.999,1572874905521,-0.097,0.071,6.2570000000000014,0.664,3.0,-0.026,20.954,-0.004,-0.059,514.9540000000002,-0.568,-0.534
00:00:29.000,1572874905522,-0.097,0.071,6.2570000000000014,0.664,3.0,-0.026,20.952,-0.004,-0.059,515.304,-0.569,-0.534
00:00:29.001,1572874905523,-0.097,0.071,6.2570000000000014,0.664,3.0,-0.026,20.95,-0.004,-0.059,515.653,-0.569,-0.534
00:00:29.042,1572874905564,-0.097,0.07200000000000001,6.2570000000000014,0.664,3.0,-0.026,20.949,-0.004,-0.059,516.002,-0.57,-0.534
00:00:29.043,1572874905565,-0.097,0.07200000000000001,6.2570000000000014,0.664,3.0,-0.026,20.947,-0.003,-0.059,516.351,-0.57,-0.534
00:00:29.044,1572874905566,-0.097,0.07200000000000001,6.2570000000000014,0.664,3.0,-0.026,20.946,-0.003,-0.059,516.7,-0.5710000000000001,-0.534
00:00:29.096,1572874905618,-0.097,0.073,6.2570000000000014,0.664,3.0,-0.026,20.944000000000006,-0.003,-0.059,517.049,-0.5710000000000001,-0.534
00:00:29.097,1572874905619,-0.097,0.073,6.2570000000000014,0.664,3.0,-0.026,20.942,-0.003,-0.059,517.398,-0.5710000000000001,-0.534
00:00:29.098,1572874905620,-0.097,0.07400000000000001,6.2570000000000014,0.664,3.0,-0.026,20.941,-0.003,-0.059,517.747,-0.5720000000000001,-0.534
00:00:29.152,1572874905674,-0.097,0.07400000000000001,6.2570000000000014,0.664,3.0,-0.026,20.939,-0.003,-0.059,518.096,-0.5720000000000001,-0.534
00:00:29.153,1572874905675,-0.097,0.07400000000000001,6.2570000000000014,0.664,3.0,-0.026,20.938,-0.003,-0.059,518.445,-0.5720000000000001,-0.534
00:00:29.154,1572874905676,-0.096,0.07400000000000001,6.2570000000000014,0.664,3.0,-0.026,20.936,-0.003,-0.059,518.794,-0.573,-0.534
00:00:29.155,1572874905677,-0.096,0.07400000000000001,6.2570000000000014,0.664,3.0,-0.026,20.934,-0.004,-0.059,519.143,-0.573,-0.534
00:00:29.195,1572874905717,-0.096,0.07400000000000001,6.2570000000000014,0.664,3.0,-0.026,20.933000000000003,-0.004,-0.059,519.492,-0.573,-0.534
00:00:29.196,1572874905718,-0.096,0.075,6.2570000000000014,0.664,3.0,-0.026,20.931,-0.004,-0.059,519.841,-0.574,-0.534
00:00:29.197,1572874905719,-0.096,0.075,6.2570000000000014,0.664,3.0,-0.026,20.93,-0.004,-0.059,520.19,-0.574,-0.534
00:00:29.246,1572874905768,-0.096,0.076,6.2570000000000014,0.664,3.0,-0.026,20.928,-0.004,-0.059,520.539,-0.574,-0.534
00:00:29.247,1572874905769,-0.096,0.076,6.2570000000000014,0.664,3.0,-0.026,20.926,-0.004,-0.059,520.888,-0.574,-0.534
00:00:29.248,1572874905770,-0.096,0.077,6.2570000000000014,0.664,3.0,-0.026,20.925,-0.004,-0.059,521.236,-0.574,-0.534
00:00:29.297,1572874905819,-0.096,0.078,6.2570000000000014,0.664,3.0,-0.026,20.923,-0.004,-0.059,521.585,-0.575,-0.534
00:00:29.298,1572874905820,-0.096,0.079,6.2570000000000014,0.664,3.0,-0.026,20.922,-0.004,-0.059,521.934,-0.575,-0.534
00:00:29.299,1572874905821,-0.096,0.079,6.2570000000000014,0.664,3.0,-0.026,20.92,-0.004,-0.059,522.2819999999998,-0.575,-0.534
00:00:29.355,1572874905877,-0.096,0.08,6.2570000000000014,0.664,3.0,-0.026,20.918000000000006,-0.004,-0.058,522.631,-0.575,-0.534
00:00:29.356,1572874905878,-0.096,0.08,6.2570000000000014,0.664,3.0,-0.026,20.917,-0.004,-0.058,522.98,-0.575,-0.534
00:00:29.357,1572874905879,-0.096,0.08,6.2570000000000014,0.664,3.0,-0.026,20.915,-0.004,-0.058,523.328,-0.575,-0.534
00:00:29.398,1572874905920,-0.096,0.081,6.2570000000000014,0.664,3.0,-0.026,20.914,-0.004,-0.058,523.677,-0.575,-0.534
00:00:29.399,1572874905921,-0.096,0.081,6.2570000000000014,0.664,3.0,-0.026,20.912,-0.004,-0.058,524.025,-0.575,-0.534
00:00:29.400,1572874905922,-0.096,0.081,6.2570000000000014,0.664,3.0,-0.027000000000000003,20.91,-0.004,-0.058,524.374,-0.575,-0.534
00:00:29.449,1572874905971,-0.096,0.08199999999999999,6.2570000000000014,0.664,3.0,-0.027000000000000003,20.909,-0.004,-0.058,524.722,-0.575,-0.534
00:00:29.450,1572874905972,-0.096,0.08199999999999999,6.2570000000000014,0.664,3.0,-0.027000000000000003,20.907,-0.004,-0.058,525.071,-0.575,-0.534
00:00:29.451,1572874905973,-0.096,0.083,6.2570000000000014,0.664,3.0,-0.027000000000000003,20.906,-0.004,-0.058,525.419,-0.575,-0.534
00:00:29.499,1572874906021,-0.096,0.084,6.2570000000000014,0.664,3.0,-0.027000000000000003,20.904,-0.004,-0.058,525.768,-0.575,-0.534
00:00:29.500,1572874906022,-0.096,0.084,6.2570000000000014,0.664,3.0,-0.027000000000000003,20.902,-0.004,-0.058,526.116,-0.575,-0.534
00:00:29.501,1572874906023,-0.096,0.085,6.2570000000000014,0.664,3.0,-0.027000000000000003,20.901,-0.004,-0.058,526.464,-0.574,-0.534
00:00:29.552,1572874906074,-0.096,0.085,6.2570000000000014,0.664,3.0,-0.027000000000000003,20.899,-0.004,-0.058,526.813,-0.574,-0.534
00:00:29.553,1572874906075,-0.096,0.086,6.2570000000000014,0.664,3.0,-0.027000000000000003,20.898000000000003,-0.004,-0.058,527.161,-0.574,-0.534
00:00:29.554,1572874906076,-0.096,0.086,6.2570000000000014,0.664,3.0,-0.027000000000000003,20.896,-0.004,-0.058,527.509,-0.574,-0.534
00:00:29.607,1572874906129,-0.096,0.086,6.2570000000000014,0.664,3.0,-0.028,20.894,-0.004,-0.058,527.8580000000002,-0.574,-0.534
00:00:29.608,1572874906130,-0.096,0.086,6.2570000000000014,0.664,3.0,-0.028,20.893,-0.004,-0.058,528.206,-0.573,-0.534
00:00:29.609,1572874906131,-0.096,0.086,6.2570000000000014,0.664,3.0,-0.028,20.891,-0.004,-0.058,528.554,-0.573,-0.534
00:00:29.652,1572874906174,-0.096,0.086,6.2570000000000014,0.664,3.0,-0.028,20.89,-0.004,-0.058,528.9019999999998,-0.573,-0.534
00:00:29.653,1572874906175,-0.096,0.087,6.2570000000000014,0.664,3.0,-0.028,20.888,-0.004,-0.058,529.25,-0.5720000000000001,-0.534
00:00:29.654,1572874906176,-0.095,0.087,6.2570000000000014,0.664,3.0,-0.028,20.886,-0.004,-0.058,529.5980000000002,-0.5720000000000001,-0.534
00:00:29.702,1572874906224,-0.095,0.087,6.2570000000000014,0.664,3.0,-0.028,20.885,-0.004,-0.058,529.947,-0.5710000000000001,-0.534
00:00:29.703,1572874906225,-0.095,0.087,6.2570000000000014,0.664,3.0,-0.028,20.883000000000006,-0.004,-0.058,530.295,-0.5710000000000001,-0.534
00:00:29.704,1572874906226,-0.095,0.087,6.2570000000000014,0.664,3.0,-0.028,20.882,-0.004,-0.058,530.643,-0.5710000000000001,-0.534
00:00:29.763,1572874906285,-0.095,0.087,6.2570000000000014,0.664,3.0,-0.029,20.88,-0.004,-0.058,530.991,-0.57,-0.534
00:00:29.764,1572874906286,-0.095,0.087,6.2570000000000014,0.664,3.0,-0.029,20.879,-0.004,-0.058,531.339,-0.57,-0.534
00:00:29.765,1572874906287,-0.095,0.087,6.2570000000000014,0.664,3.0,-0.029,20.877,-0.004,-0.058,531.687,-0.569,-0.534
00:00:29.766,1572874906288,-0.095,0.087,6.477,0.664,3.0,-0.029,20.875,-0.005,-0.058,532.035,-0.569,-0.534
00:00:29.812,1572874906334,-0.095,0.087,6.477,0.664,3.0,-0.029,20.874,-0.005,-0.058,532.382,-0.568,-0.534
00:00:29.813,1572874906335,-0.094,0.087,6.477,0.664,3.0,-0.029,20.872,-0.005,-0.058,532.73,-0.5670000000000001,-0.534
00:00:29.814,1572874906336,-0.093,0.087,6.477,0.664,3.0,-0.029,20.871,-0.005,-0.058,533.078,-0.5670000000000001,-0.534
00:00:29.863,1572874906385,-0.091,0.087,6.477,0.664,3.0,-0.029,20.869,-0.005,-0.058,533.4259999999998,-0.5660000000000001,-0.534
00:00:29.864,1572874906386,-0.08900000000000001,0.087,6.477,0.664,3.0,-0.029,20.868,-0.005,-0.058,533.774,-0.565,-0.534
00:00:29.865,1572874906387,-0.087,0.087,6.477,0.664,3.0,-0.029,20.866,-0.005,-0.058,534.122,-0.565,-0.534
00:00:29.918,1572874906440,-0.087,0.087,6.477,0.664,3.0,-0.029,20.865,-0.005,-0.058,534.469,-0.564,-0.534
00:00:29.919,1572874906441,-0.087,0.086,6.477,0.664,3.0,-0.029,20.863000000000003,-0.005,-0.058,534.817,-0.563,-0.534
00:00:29.920,1572874906442,-0.087,0.086,6.477,0.664,3.0,-0.029,20.862,-0.005,-0.058,535.165,-0.562,-0.534
00:00:29.965,1572874906487,-0.087,0.085,6.477,0.664,3.0,-0.029,20.861,-0.005,-0.058,535.513,-0.562,-0.534
00:00:29.966,1572874906488,-0.08800000000000001,0.085,6.477,0.664,3.0,-0.029,20.859,-0.004,-0.058,535.86,-0.561,-0.534
00:00:29.967,1572874906489,-0.08800000000000001,0.085,6.6229999999999976,0.664,3.0,-0.029,20.858,-0.004,-0.058,536.2080000000002,-0.56,-0.534
00:00:30.015,1572874906537,-0.08800000000000001,0.085,6.6229999999999976,0.664,3.0,-0.029,20.856,-0.004,-0.058,536.555,-0.5589999999999999,-0.534
00:00:30.016,1572874906538,-0.087,0.085,6.6229999999999976,0.664,3.0,-0.029,20.855,-0.004,-0.057,536.903,-0.5579999999999999,-0.534
00:00:30.017,1572874906539,-0.086,0.085,6.6229999999999976,0.664,3.0,-0.029,20.853,-0.004,-0.057,537.251,-0.557,-0.534
00:00:30.065,1572874906587,-0.084,0.084,6.6229999999999976,0.664,3.0,-0.029,20.852,-0.004,-0.057,537.5980000000002,-0.556,-0.534
00:00:30.066,1572874906588,-0.083,0.084,6.6229999999999976,0.664,3.0,-0.029,20.851,-0.004,-0.057,537.946,-0.556,-0.534
00:00:30.067,1572874906589,-0.08199999999999999,0.083,7.282,0.664,3.0,-0.029,20.849,-0.004,-0.057,538.293,-0.555,-0.534
