rec-time,UTC,Acceleration,Lateral acceleration,Gas pedal position,Brake pedal force,Gear,Steering wheel position,Velocity,Lateral velocity,Vertical velocity,X axis position,Y axis position,Z axis position
00:00:00.044,1572873959811,2.829,0.061,60.165,0.664,3.0,-0.003,12.328,0.004,0.182,24.897,-0.015,-0.53
00:00:00.045,1572873959812,2.827,0.061,60.165,0.664,3.0,-0.004,12.375,0.004,0.183,25.103,-0.013,-0.53
00:00:00.046,1572873959813,2.825,0.061,60.165,0.664,3.0,-0.004,12.422,0.003,0.183,25.31,-0.012,-0.53
00:00:00.095,1572873959862,2.823,0.061,60.165,0.664,3.0,-0.004,12.469,0.003,0.184,25.517,-0.011,-0.53
00:00:00.096,1572873959863,2.821,0.061,60.165,0.664,3.0,-0.004,12.515999999999998,0.003,0.184,25.725,-0.01,-0.53
00:00:00.097,1572873959864,2.819,0.06,60.165,0.664,3.0,-0.004,12.563,0.003,0.185,25.934,-0.008,-0.53
00:00:00.158,1572873959925,2.818,0.06,60.165,0.664,3.0,-0.004,12.61,0.003,0.185,26.144,-0.006999999999999999,-0.53
00:00:00.159,1572873959926,2.8160000000000003,0.059,60.165,0.664,3.0,-0.005,12.657,0.003,0.18600000000000005,26.355,-0.006,-0.53
00:00:00.160,1572873959927,2.814,0.057,60.165,0.664,3.0,-0.005,12.703,0.003,0.18600000000000005,26.566,-0.004,-0.53
00:00:00.205,1572873959972,2.812,0.056,60.165,0.664,3.0,-0.005,12.75,0.003,0.187,26.778,-0.003,-0.53
00:00:00.206,1572873959973,2.81,0.054000000000000006,60.165,0.664,3.0,-0.006,12.797,0.003,0.187,26.991,-0.002,-0.53
00:00:00.207,1572873959974,2.8080000000000003,0.052000000000000005,60.018,0.664,3.0,-0.006,12.844,0.003,0.188,27.205,0.0,-0.53
00:00:00.255,1572873960022,2.806,0.05,60.018,0.664,3.0,-0.006,12.890999999999998,0.002,0.188,27.419,0.001,-0.53
00:00:00.256,1572873960023,2.804,0.047,60.018,0.664,3.0,-0.006,12.937,0.002,0.189,27.634,0.003,-0.53
00:00:00.257,1572873960024,2.806,0.046,60.018,0.664,3.0,-0.006,12.984000000000002,0.002,0.189,27.851,0.004,-0.53
00:00:00.308,1572873960075,2.897,0.044,60.018,0.664,3.0,-0.006,13.035,0.002,0.19,28.067,0.006,-0.53
00:00:00.309,1572873960076,3.1060000000000003,0.044,60.018,0.664,3.0,-0.006,13.09,0.002,0.192,28.285,0.006999999999999999,-0.53
00:00:00.310,1572873960077,3.293,0.044,60.165,0.664,3.0,-0.006,13.147,0.002,0.194,28.504,0.009000000000000001,-0.53
00:00:00.356,1572873960123,3.342,0.045,60.165,0.664,3.0,-0.006,13.202,0.002,0.198,28.72300000000001,0.01,-0.53
00:00:00.357,1572873960124,3.265,0.047,60.165,0.664,3.0,-0.006,13.255,0.002,0.201,28.94400000000001,0.012,-0.53
00:00:00.358,1572873960125,3.131,0.049,60.165,0.664,3.0,-0.005,13.305,0.002,0.204,29.165,0.013,-0.53
00:00:00.411,1572873960178,3.002,0.051,60.165,0.664,3.0,-0.005,13.353,0.002,0.207,29.387,0.015,-0.53
00:00:00.412,1572873960179,2.897,0.054000000000000006,60.165,0.664,3.0,-0.005,13.4,0.002,0.209,29.61,0.016,-0.53
00:00:00.413,1572873960180,2.812,0.056,60.165,0.664,3.0,-0.005,13.446,0.002,0.211,29.834,0.018000000000000002,-0.53
00:00:00.457,1572873960224,2.735,0.058,60.165,0.664,3.0,-0.005,13.49,0.002,0.212,30.059,0.02,-0.53
00:00:00.458,1572873960225,2.659,0.059,60.165,0.664,3.0,-0.005,13.534,0.002,0.212,30.284,0.021,-0.53
00:00:00.459,1572873960226,2.585,0.061,60.165,0.664,3.0,-0.005,13.576,0.003,0.212,30.51,0.023,-0.53
00:00:00.509,1572873960276,2.516,0.062,60.165,0.664,3.0,-0.005,13.617,0.003,0.211,30.736,0.025,-0.53
00:00:00.510,1572873960277,2.452,0.063,60.165,0.664,3.0,-0.006,13.657,0.003,0.21,30.964,0.026,-0.53
00:00:00.511,1572873960278,2.393,0.063,60.018,0.664,3.0,-0.006,13.696,0.003,0.209,31.192,0.028,-0.53
00:00:00.565,1572873960332,2.339,0.063,60.018,0.664,3.0,-0.006,13.734000000000002,0.003,0.207,31.42,0.03,-0.53
00:00:00.566,1572873960333,2.287,0.063,60.018,0.664,3.0,-0.006999999999999999,13.772,0.003,0.205,31.649,0.032,-0.53
00:00:00.567,1572873960334,2.233,0.061,60.018,0.664,3.0,-0.006999999999999999,13.808,0.003,0.202,31.879,0.034,-0.53
00:00:00.568,1572873960335,2.181,0.06,60.018,0.664,3.0,-0.008,13.844,0.003,0.199,32.11,0.035,-0.53
00:00:00.615,1572873960382,2.133,0.057,60.018,0.664,3.0,-0.009000000000000001,13.879,0.002,0.196,32.341,0.037000000000000005,-0.53
00:00:00.616,1572873960383,2.091,0.053,59.652,0.664,3.0,-0.009000000000000001,13.913,0.002,0.193,32.572,0.039,-0.53
00:00:00.617,1572873960384,2.056,0.049,59.652,0.664,3.0,-0.01,13.947,0.002,0.189,32.805,0.041,-0.53
00:00:00.666,1572873960433,2.026,0.046,59.652,0.664,3.0,-0.01,13.981,0.001,0.18600000000000005,33.037,0.043,-0.53
00:00:00.667,1572873960434,2.0,0.042,59.652,0.664,3.0,-0.01,14.014,0.001,0.182,33.271,0.045,-0.53
00:00:00.668,1572873960435,1.975,0.04,59.652,0.664,3.0,-0.01,14.046,0.001,0.177,33.504,0.047,-0.53
00:00:00.716,1572873960483,1.951,0.039,59.652,0.664,3.0,-0.01,14.079,0.0,0.173,33.739000000000004,0.049,-0.53
00:00:00.717,1572873960484,1.928,0.04,59.652,0.664,3.0,-0.01,14.11,0.0,0.168,33.974000000000004,0.051,-0.53
00:00:00.718,1572873960485,1.907,0.041,59.652,0.664,3.0,-0.01,14.142,0.0,0.16399999999999998,34.209,0.053,-0.53
00:00:00.767,1572873960534,1.887,0.042,59.652,0.664,3.0,-0.009000000000000001,14.173,0.0,0.159,34.445,0.055,-0.53
00:00:00.768,1572873960535,1.867,0.043,59.652,0.664,3.0,-0.009000000000000001,14.204,0.0,0.155,34.681999999999995,0.057,-0.53
00:00:00.769,1572873960536,1.849,0.043,59.652,0.664,3.0,-0.009000000000000001,14.235,0.0,0.15,34.919000000000004,0.059,-0.53
00:00:00.818,1572873960585,1.832,0.042,59.652,0.664,3.0,-0.009000000000000001,14.265,0.0,0.145,35.156,0.061,-0.529
00:00:00.819,1572873960586,1.816,0.04,59.506,0.664,3.0,-0.009000000000000001,14.295,0.0,0.141,35.394,0.063,-0.529
00:00:00.820,1572873960587,1.801,0.037000000000000005,59.506,0.664,3.0,-0.01,14.325,0.0,0.136,35.633,0.065,-0.529
00:00:00.869,1572873960636,1.786,0.033,59.506,0.664,3.0,-0.01,14.355,0.0,0.132,35.872,0.067,-0.529
00:00:00.870,1572873960637,1.773,0.03,59.506,0.664,3.0,-0.01,14.384,0.0,0.127,36.111,0.069,-0.529
00:00:00.871,1572873960638,1.76,0.027000000000000003,59.506,0.664,3.0,-0.01,14.413,0.0,0.123,36.351,0.07200000000000001,-0.529
00:00:00.920,1572873960687,1.7480000000000002,0.024,59.506,0.664,3.0,-0.009000000000000001,14.442,0.0,0.12,36.592,0.07400000000000001,-0.529
00:00:00.921,1572873960688,1.737,0.022,59.506,0.664,3.0,-0.009000000000000001,14.470999999999998,0.0,0.116,36.833,0.076,-0.529
00:00:00.922,1572873960689,1.726,0.021,59.506,0.664,3.0,-0.009000000000000001,14.5,0.0,0.113,37.074,0.078,-0.529
00:00:00.970,1572873960737,1.717,0.019,59.506,0.664,3.0,-0.009000000000000001,14.528,0.0,0.11,37.316,0.08,-0.529
00:00:00.971,1572873960738,1.7080000000000002,0.018000000000000002,59.506,0.664,3.0,-0.009000000000000001,14.557,0.0,0.107,37.558,0.08199999999999999,-0.529
00:00:00.972,1572873960739,1.699,0.016,59.506,0.664,3.0,-0.009000000000000001,14.585,0.0,0.104,37.801,0.085,-0.529
00:00:01.020,1572873960787,1.6909999999999998,0.015,59.506,0.664,3.0,-0.008,14.613,-0.001,0.102,38.044,0.087,-0.529
00:00:01.021,1572873960788,1.683,0.014,59.506,0.664,3.0,-0.008,14.640999999999998,-0.001,0.101,38.288,0.08900000000000001,-0.529
00:00:01.022,1572873960789,1.676,0.013,59.506,0.664,3.0,-0.008,14.669,-0.001,0.099,38.532,0.091,-0.53
00:00:01.071,1572873960838,1.669,0.012,59.506,0.664,3.0,-0.008,14.696,-0.001,0.098,38.777,0.093,-0.53
00:00:01.072,1572873960839,1.663,0.011,59.506,0.664,3.0,-0.008,14.724,-0.001,0.098,39.022,0.096,-0.53
00:00:01.073,1572873960840,1.6569999999999998,0.01,59.506,0.664,3.0,-0.006999999999999999,14.752,-0.001,0.098,39.268,0.098,-0.53
00:00:01.133,1572873960900,1.652,0.008,59.506,0.664,3.0,-0.006999999999999999,14.779000000000002,-0.001,0.098,39.514,0.1,-0.53
00:00:01.134,1572873960901,1.6469999999999998,0.005,59.506,0.664,3.0,-0.006999999999999999,14.806,-0.001,0.098,39.76,0.102,-0.53
00:00:01.135,1572873960902,1.642,0.002,59.506,0.664,3.0,-0.006999999999999999,14.834,-0.001,0.098,40.007,0.105,-0.53
00:00:01.136,1572873960903,1.638,-0.002,59.506,0.664,3.0,-0.006999999999999999,14.861,-0.001,0.099,40.255,0.107,-0.531
00:00:01.178,1572873960945,1.634,-0.005,59.506,0.664,3.0,-0.006999999999999999,14.888,-0.001,0.1,40.503,0.109,-0.531
00:00:01.179,1572873960946,1.63,-0.008,59.506,0.664,3.0,-0.006999999999999999,14.915,-0.001,0.101,40.751,0.111,-0.531
00:00:01.180,1572873960947,1.626,-0.01,59.506,0.664,3.0,-0.006999999999999999,14.942,-0.001,0.102,41.0,0.114,-0.531
00:00:01.228,1572873960995,1.6230000000000002,-0.012,59.506,0.664,3.0,-0.006,14.969,-0.001,0.103,41.249,0.116,-0.531
00:00:01.229,1572873960996,1.62,-0.013,59.506,0.664,3.0,-0.006,14.996,-0.001,0.104,41.499,0.118,-0.531
00:00:01.230,1572873960997,1.617,-0.015,59.506,0.664,3.0,-0.005,15.023,-0.001,0.105,41.749,0.12,-0.531
00:00:01.278,1572873961045,1.614,-0.016,59.506,0.664,3.0,-0.005,15.05,-0.001,0.106,42.0,0.123,-0.531
00:00:01.279,1572873961046,1.611,-0.018000000000000002,59.506,0.664,3.0,-0.005,15.077,-0.001,0.107,42.25100000000001,0.125,-0.532
00:00:01.280,1572873961047,1.609,-0.02,59.506,0.664,3.0,-0.005,15.104,-0.001,0.108,42.502,0.127,-0.532
00:00:01.333,1572873961100,1.606,-0.022,59.506,0.664,3.0,-0.004,15.13,-0.001,0.109,42.754,0.13,-0.532
00:00:01.334,1572873961101,1.604,-0.024,59.506,0.664,3.0,-0.004,15.157,-0.001,0.11,43.007,0.132,-0.532
00:00:01.335,1572873961102,1.602,-0.026,59.506,0.664,3.0,-0.003,15.184,-0.001,0.111,43.25899999999999,0.134,-0.532
00:00:01.378,1572873961145,1.6,-0.027000000000000003,59.506,0.664,3.0,-0.003,15.21,-0.001,0.112,43.51300000000001,0.136,-0.532
00:00:01.379,1572873961146,1.598,-0.029,59.506,0.664,3.0,-0.003,15.237,-0.001,0.112,43.76600000000001,0.139,-0.532
00:00:01.380,1572873961147,1.596,-0.029,59.506,0.664,3.0,-0.002,15.263,-0.001,0.113,44.021,0.141,-0.532
00:00:01.428,1572873961195,1.594,-0.029,59.652,0.664,3.0,-0.002,15.29,-0.001,0.113,44.275,0.14300000000000002,-0.532
00:00:01.429,1572873961196,1.592,-0.029,59.652,0.664,3.0,-0.001,15.317,-0.001,0.114,44.53,0.145,-0.532
00:00:01.430,1572873961197,1.591,-0.029,59.652,0.664,3.0,-0.001,15.343,-0.001,0.114,44.786,0.147,-0.532
00:00:01.490,1572873961257,1.589,-0.029,59.652,0.664,3.0,0.0,15.369000000000002,-0.001,0.114,45.042,0.15,-0.532
00:00:01.491,1572873961258,1.588,-0.029,59.652,0.664,3.0,0.0,15.396,0.0,0.115,45.298,0.152,-0.532
00:00:01.492,1572873961259,1.587,-0.029,59.652,0.664,3.0,0.001,15.422,0.0,0.115,45.555,0.154,-0.532
00:00:01.534,1572873961301,1.586,-0.029,59.506,0.664,3.0,0.001,15.449000000000002,0.0,0.115,45.812,0.156,-0.532
00:00:01.535,1572873961302,1.585,-0.029,59.506,0.664,3.0,0.001,15.475,0.0,0.115,46.07,0.159,-0.532
00:00:01.536,1572873961303,1.5830000000000002,-0.029,59.506,0.664,3.0,0.001,15.502,0.0,0.115,46.328,0.161,-0.532
00:00:01.590,1572873961357,1.582,-0.029,59.506,0.664,3.0,0.002,15.528,0.0,0.115,46.587,0.163,-0.532
00:00:01.591,1572873961358,1.58,-0.03,59.506,0.664,3.0,0.002,15.554,0.0,0.115,46.846,0.165,-0.532
00:00:01.592,1572873961359,1.579,-0.03,59.506,0.664,3.0,0.002,15.581,0.0,0.115,47.105,0.16699999999999998,-0.532
00:00:01.633,1572873961400,1.578,-0.03,59.506,0.664,3.0,0.002,15.607,0.0,0.114,47.365,0.16899999999999998,-0.532
00:00:01.634,1572873961401,1.577,-0.03,59.506,0.664,3.0,0.003,15.635,0.001,0.114,47.642,0.172,-0.532
00:00:01.635,1572873961402,1.5759999999999998,-0.03,59.506,0.664,3.0,0.003,15.659,0.001,0.114,47.886,0.174,-0.532
00:00:01.688,1572873961455,1.575,-0.029,59.506,0.664,3.0,0.003,15.686,0.001,0.114,48.147,0.17600000000000002,-0.532
00:00:01.689,1572873961456,1.574,-0.029,59.506,0.664,3.0,0.003,15.713,0.001,0.113,48.425,0.17800000000000002,-0.532
00:00:01.690,1572873961457,1.5730000000000002,-0.028,59.506,0.664,3.0,0.004,15.74,0.001,0.113,48.687,0.18,-0.532
00:00:01.737,1572873961504,1.5719999999999998,-0.028,59.506,0.664,3.0,0.004,15.764,0.001,0.113,48.933,0.182,-0.532
00:00:01.738,1572873961505,1.5719999999999998,-0.027000000000000003,59.506,0.664,3.0,0.004,15.79,0.001,0.112,49.19600000000001,0.185,-0.532
00:00:01.739,1572873961506,1.571,-0.026,59.506,0.664,3.0,0.004,15.818,0.001,0.112,49.476000000000006,0.187,-0.532
00:00:01.788,1572873961555,1.57,-0.026,59.506,0.664,3.0,0.004,15.843,0.001,0.112,49.724,0.189,-0.532
00:00:01.789,1572873961556,1.569,-0.025,59.506,0.664,3.0,0.004,15.869000000000002,0.001,0.111,49.988,0.191,-0.532
00:00:01.790,1572873961557,1.568,-0.024,59.506,0.664,3.0,0.004,15.895,0.001,0.111,50.253,0.193,-0.532
00:00:01.841,1572873961608,1.568,-0.024,59.506,0.664,3.0,0.005,15.921,0.001,0.111,50.518,0.195,-0.532
00:00:01.842,1572873961609,1.567,-0.023,59.506,0.664,3.0,0.005,15.949000000000002,0.001,0.111,50.8,0.198,-0.532
00:00:01.843,1572873961610,1.5659999999999998,-0.023,59.506,0.664,3.0,0.005,15.973,0.001,0.11,51.049,0.2,-0.532
00:00:01.888,1572873961655,1.5659999999999998,-0.022,59.506,0.664,3.0,0.005,15.999,0.001,0.11,51.316,0.202,-0.532
00:00:01.889,1572873961656,1.565,-0.021,59.506,0.664,3.0,0.005,16.025,0.001,0.11,51.583,0.204,-0.532
00:00:01.890,1572873961657,1.564,-0.021,59.506,0.664,3.0,0.005,16.051,0.001,0.11,51.85,0.206,-0.532
00:00:01.943,1572873961710,1.5630000000000002,-0.02,59.506,0.664,3.0,0.005,16.078,0.001,0.11,52.118,0.208,-0.532
00:00:01.944,1572873961711,1.5630000000000002,-0.02,59.506,0.664,3.0,0.005,16.105,0.001,0.11,52.403,0.21,-0.532
00:00:01.945,1572873961712,1.5619999999999998,-0.019,59.506,0.664,3.0,0.005,16.13,0.001,0.11,52.654,0.212,-0.532
00:00:02.000,1572873961767,1.5619999999999998,-0.019,59.506,0.664,3.0,0.005,16.156,0.0,0.11,52.923,0.214,-0.532
00:00:02.001,1572873961768,1.561,-0.018000000000000002,59.506,0.664,3.0,0.005,16.183,0.0,0.111,53.21,0.217,-0.532
00:00:02.002,1572873961769,1.56,-0.017,59.506,0.664,3.0,0.005,16.208,0.0,0.111,53.463,0.219,-0.532
00:00:02.003,1572873961770,1.56,-0.017,59.506,0.664,3.0,0.005,16.234,0.0,0.111,53.733,0.221,-0.532
00:00:02.044,1572873961811,1.5590000000000002,-0.016,59.506,0.664,3.0,0.005,16.261,0.0,0.111,54.021,0.223,-0.532
00:00:02.045,1572873961812,1.5590000000000002,-0.016,59.506,0.664,3.0,0.005,16.285999999999998,0.0,0.112,54.275,0.225,-0.532
00:00:02.046,1572873961813,1.558,-0.015,59.506,0.664,3.0,0.005,16.312,0.0,0.112,54.547,0.227,-0.532
00:00:02.095,1572873961862,1.558,-0.015,59.506,0.664,3.0,0.005,16.337,0.0,0.112,54.819,0.229,-0.532
00:00:02.096,1572873961863,1.557,-0.015,59.506,0.664,3.0,0.005,16.363,0.0,0.113,55.091,0.231,-0.532
00:00:02.097,1572873961864,1.557,-0.015,59.506,0.664,3.0,0.005,16.389,0.0,0.113,55.364,0.233,-0.532
00:00:02.145,1572873961912,1.556,-0.014,59.506,0.664,3.0,0.005,16.417,0.0,0.113,55.655,0.236,-0.532
00:00:02.146,1572873961913,1.556,-0.014,59.506,0.664,3.0,0.005,16.441,0.0,0.114,55.911,0.238,-0.532
00:00:02.147,1572873961914,1.556,-0.014,59.506,0.664,3.0,0.005,16.467,0.0,0.114,56.18600000000001,0.24,-0.532
00:00:02.194,1572873961961,1.555,-0.013,59.506,0.664,3.0,0.005,16.495,0.0,0.114,56.478,0.242,-0.532
00:00:02.195,1572873961962,1.555,-0.013,59.506,0.664,3.0,0.005,16.519000000000002,0.0,0.114,56.735,0.244,-0.532
00:00:02.196,1572873961963,1.554,-0.013,59.506,0.664,3.0,0.005,16.545,0.0,0.115,57.011,0.246,-0.532
00:00:02.247,1572873962014,1.554,-0.013,59.506,0.664,3.0,0.005,16.572,0.0,0.115,57.304,0.248,-0.532
00:00:02.248,1572873962015,1.5530000000000002,-0.013,59.506,0.664,3.0,0.005,16.597,0.0,0.115,57.563,0.25,-0.532
00:00:02.249,1572873962016,1.5530000000000002,-0.013,59.506,0.664,3.0,0.005,16.622,0.0,0.116,57.84,0.252,-0.532
00:00:02.299,1572873962066,1.5530000000000002,-0.013,59.506,0.664,3.0,0.005,16.648,0.0,0.116,58.117,0.254,-0.532
00:00:02.300,1572873962067,1.5519999999999998,-0.013,59.506,0.664,3.0,0.005,16.674,0.0,0.116,58.395,0.257,-0.532
00:00:02.301,1572873962068,1.5519999999999998,-0.013,59.506,0.664,3.0,0.005,16.7,0.0,0.116,58.673,0.259,-0.532
00:00:02.349,1572873962116,1.551,-0.012,59.506,0.664,3.0,0.005,16.727999999999998,0.0,0.116,58.969,0.261,-0.532
00:00:02.350,1572873962117,1.551,-0.012,59.506,0.664,3.0,0.005,16.753,0.0,0.117,59.24800000000001,0.263,-0.532
00:00:02.351,1572873962118,1.551,-0.012,59.506,0.664,3.0,0.005,16.778,0.0,0.117,59.51,0.265,-0.532
00:00:02.408,1572873962175,1.55,-0.012,59.506,0.664,3.0,0.004,16.805,0.0,0.117,59.807,0.267,-0.532
00:00:02.409,1572873962176,1.548,-0.012,59.506,0.664,3.0,0.004,16.831,0.0,0.117,60.088,0.269,-0.532
00:00:02.410,1572873962177,1.546,-0.012,59.506,0.664,3.0,0.004,16.855,0.0,0.117,60.351000000000006,0.271,-0.532
00:00:02.456,1572873962223,1.544,-0.012,59.506,0.664,3.0,0.004,16.881,0.0,0.117,60.632,0.273,-0.532
00:00:02.457,1572873962224,1.544,-0.012,59.506,0.664,3.0,0.004,16.908,0.0,0.118,60.931,0.276,-0.532
00:00:02.458,1572873962225,1.544,-0.012,59.506,0.664,3.0,0.004,16.932000000000002,0.0,0.118,61.19600000000001,0.278,-0.532
00:00:02.503,1572873962270,1.543,-0.012,59.506,0.664,3.0,0.004,16.958,0.0,0.118,61.478,0.28,-0.532
00:00:02.504,1572873962271,1.543,-0.012,59.506,0.664,3.0,0.004,16.984,0.0,0.118,61.761,0.282,-0.532
00:00:02.505,1572873962272,1.543,-0.012,59.506,0.664,3.0,0.004,17.009,0.0,0.118,62.044,0.284,-0.532
00:00:02.553,1572873962320,1.5419999999999998,-0.012,59.506,0.664,3.0,0.004,17.037,0.0,0.118,62.346,0.28600000000000003,-0.532
00:00:02.554,1572873962321,1.5419999999999998,-0.012,59.506,0.664,3.0,0.004,17.061,0.0,0.118,62.612,0.28800000000000003,-0.532
00:00:02.555,1572873962322,1.541,-0.013,59.506,0.664,3.0,0.004,17.088,0.0,0.118,62.914,0.29,-0.532
00:00:02.607,1572873962374,1.541,-0.013,59.506,0.664,3.0,0.004,17.114,0.0,0.118,63.199,0.292,-0.532
00:00:02.608,1572873962375,1.54,-0.013,59.506,0.664,3.0,0.004,17.137999999999998,0.0,0.118,63.467,0.294,-0.532
00:00:02.609,1572873962376,1.54,-0.013,59.652,0.664,3.0,0.004,17.163,0.0,0.118,63.753,0.29600000000000004,-0.532
00:00:02.658,1572873962425,1.54,-0.013,59.652,0.664,3.0,0.004,17.189,0.0,0.118,64.039,0.299,-0.532
00:00:02.659,1572873962426,1.539,-0.013,59.652,0.664,3.0,0.004,17.215999999999998,0.0,0.118,64.344,0.301,-0.532
00:00:02.660,1572873962427,1.539,-0.013,59.652,0.664,3.0,0.004,17.242,0.0,0.118,64.631,0.303,-0.532
00:00:02.709,1572873962476,1.539,-0.013,59.652,0.664,3.0,0.004,17.268,0.0,0.119,64.918,0.305,-0.532
00:00:02.710,1572873962477,1.539,-0.013,59.652,0.664,3.0,0.004,17.293,0.0,0.119,65.206,0.307,-0.532
00:00:02.711,1572873962478,1.538,-0.013,59.506,0.664,3.0,0.004,17.319000000000006,0.0,0.119,65.495,0.309,-0.532
00:00:02.712,1572873962479,1.538,-0.013,59.506,0.664,3.0,0.004,17.344,0.0,0.119,65.78399999999999,0.311,-0.532
00:00:02.768,1572873962535,1.537,-0.013,59.506,0.664,3.0,0.004,17.37,0.0,0.119,66.07300000000001,0.313,-0.532
00:00:02.769,1572873962536,1.536,-0.013,59.506,0.664,3.0,0.004,17.396,0.0,0.119,66.363,0.315,-0.532
00:00:02.770,1572873962537,1.535,-0.013,59.506,0.664,3.0,0.004,17.421,0.0,0.119,66.653,0.318,-0.532
00:00:02.818,1572873962585,1.535,-0.013,59.506,0.664,3.0,0.004,17.447,0.0,0.119,66.943,0.32,-0.532
00:00:02.819,1572873962586,1.535,-0.013,59.506,0.664,3.0,0.004,17.472,0.0,0.119,67.234,0.322,-0.532
00:00:02.820,1572873962587,1.534,-0.013,59.506,0.664,3.0,0.004,17.498,0.0,0.119,67.52600000000001,0.324,-0.532
00:00:02.869,1572873962636,1.534,-0.013,59.506,0.664,3.0,0.004,17.523,0.0,0.12,67.818,0.326,-0.532
00:00:02.870,1572873962637,1.533,-0.013,59.506,0.664,3.0,0.004,17.547,0.0,0.12,68.092,0.328,-0.532
00:00:02.871,1572873962638,1.533,-0.013,59.506,0.664,3.0,0.004,17.575,0.0,0.12,68.403,0.33,-0.532
00:00:02.918,1572873962685,1.5319999999999998,-0.014,59.506,0.664,3.0,0.004,17.6,0.0,0.12,68.696,0.332,-0.532
00:00:02.919,1572873962686,1.5319999999999998,-0.014,59.506,0.664,3.0,0.004,17.624000000000006,0.0,0.12,68.971,0.334,-0.532
00:00:02.920,1572873962687,1.5319999999999998,-0.014,59.506,0.664,3.0,0.004,17.651,0.0,0.12,69.283,0.336,-0.532
00:00:02.969,1572873962736,1.531,-0.014,59.506,0.664,3.0,0.004,17.677,0.0,0.12,69.578,0.338,-0.532
00:00:02.970,1572873962737,1.531,-0.015,59.506,0.664,3.0,0.004,17.701,0.0,0.121,69.854,0.34,-0.532
00:00:02.971,1572873962738,1.53,-0.015,59.506,0.664,3.0,0.004,17.727999999999994,0.0,0.121,70.168,0.343,-0.532
00:00:03.020,1572873962787,1.53,-0.015,59.506,0.664,3.0,0.004,17.753,0.0,0.121,70.46300000000002,0.345,-0.532
00:00:03.021,1572873962788,1.529,-0.015,59.506,0.664,3.0,0.004,17.779,0.0,0.121,70.759,0.34700000000000003,-0.532
00:00:03.022,1572873962789,1.529,-0.015,59.506,0.664,3.0,0.004,17.804000000000006,0.0,0.121,71.056,0.349,-0.532
00:00:03.071,1572873962838,1.529,-0.015,59.506,0.664,3.0,0.004,17.83,0.0,0.121,71.35300000000002,0.35100000000000003,-0.532
00:00:03.072,1572873962839,1.528,-0.015,59.506,0.664,3.0,0.004,17.855,0.0,0.121,71.65,0.353,-0.532
00:00:03.073,1572873962840,1.528,-0.015,59.506,0.664,3.0,0.004,17.881,0.0,0.122,71.94800000000002,0.355,-0.532
00:00:03.125,1572873962892,1.527,-0.015,59.506,0.664,3.0,0.004,17.906,0.0,0.122,72.24600000000002,0.35700000000000004,-0.532
00:00:03.126,1572873962893,1.527,-0.016,59.506,0.664,3.0,0.004,17.930999999999994,0.0,0.122,72.545,0.359,-0.532
00:00:03.127,1572873962894,1.527,-0.016,59.506,0.664,3.0,0.004,17.957,0.0,0.122,72.844,0.361,-0.532
00:00:03.173,1572873962940,1.526,-0.016,59.506,0.664,3.0,0.004,17.982,0.0,0.122,73.14399999999998,0.363,-0.532
00:00:03.174,1572873962941,1.526,-0.016,59.506,0.664,3.0,0.004,18.008,0.0,0.122,73.443,0.365,-0.532
00:00:03.175,1572873962942,1.525,-0.016,59.506,0.664,3.0,0.004,18.033,0.0,0.123,73.744,0.3670000000000001,-0.532
00:00:03.222,1572873962989,1.525,-0.016,59.506,0.664,3.0,0.005,18.059,0.001,0.123,74.045,0.37,-0.532
00:00:03.223,1572873962990,1.524,-0.016,59.506,0.664,3.0,0.005,18.084,0.001,0.123,74.346,0.3720000000000001,-0.532
00:00:03.224,1572873962991,1.524,-0.016,59.506,0.664,3.0,0.005,18.109,0.001,0.123,74.64699999999998,0.374,-0.532
00:00:03.279,1572873963046,1.524,-0.016,59.506,0.664,3.0,0.005,18.135,0.001,0.123,74.949,0.376,-0.532
00:00:03.280,1572873963047,1.523,-0.016,59.506,0.664,3.0,0.005,18.16,0.001,0.123,75.252,0.378,-0.532
00:00:03.281,1572873963048,1.523,-0.016,59.506,0.664,3.0,0.005,18.185,0.001,0.123,75.555,0.38,-0.532
00:00:03.322,1572873963089,1.5219999999999998,-0.016,59.506,0.664,3.0,0.005,18.211,0.001,0.124,75.858,0.382,-0.532
00:00:03.323,1572873963090,1.5219999999999998,-0.016,59.506,0.664,3.0,0.005,18.236,0.001,0.124,76.16199999999998,0.384,-0.532
00:00:03.324,1572873963091,1.521,-0.016,59.506,0.664,3.0,0.005,18.262,0.001,0.124,76.46600000000002,0.386,-0.532
00:00:03.378,1572873963145,1.521,-0.016,59.506,0.664,3.0,0.005,18.287,0.001,0.124,76.77,0.388,-0.532
00:00:03.379,1572873963146,1.521,-0.016,59.506,0.664,3.0,0.005,18.312,0.001,0.124,77.075,0.39,-0.532
00:00:03.380,1572873963147,1.52,-0.016,59.506,0.664,3.0,0.005,18.338,0.001,0.124,77.381,0.392,-0.532
00:00:03.381,1572873963148,1.52,-0.016,59.506,0.664,3.0,0.005,18.363,0.001,0.124,77.687,0.394,-0.532
00:00:03.428,1572873963195,1.519,-0.017,59.652,0.664,3.0,0.005,18.388,0.001,0.124,77.993,0.396,-0.532
00:00:03.429,1572873963196,1.519,-0.017,59.652,0.664,3.0,0.005,18.413,0.001,0.125,78.3,0.398,-0.532
00:00:03.430,1572873963197,1.519,-0.017,59.652,0.664,3.0,0.005,18.439,0.001,0.125,78.607,0.4,-0.532
00:00:03.484,1572873963251,1.519,-0.017,59.652,0.664,3.0,0.005,18.464,0.001,0.125,78.914,0.402,-0.532
00:00:03.485,1572873963252,1.519,-0.017,59.652,0.664,3.0,0.005,18.489,0.001,0.125,79.222,0.404,-0.532
00:00:03.486,1572873963253,1.518,-0.017,59.652,0.664,3.0,0.005,18.515,0.001,0.125,79.531,0.406,-0.532
00:00:03.529,1572873963296,1.518,-0.017,59.652,0.664,3.0,0.005,18.54,0.001,0.125,79.839,0.408,-0.532
00:00:03.530,1572873963297,1.517,-0.017,59.652,0.664,3.0,0.005,18.565,0.001,0.125,80.149,0.41,-0.532
00:00:03.531,1572873963298,1.517,-0.017,59.652,0.664,3.0,0.005,18.591,0.001,0.125,80.458,0.412,-0.532
00:00:03.581,1572873963348,1.516,-0.017,59.652,0.664,3.0,0.005,18.616,0.001,0.126,80.768,0.415,-0.532
00:00:03.582,1572873963349,1.516,-0.017,59.652,0.664,3.0,0.005,18.641,0.001,0.126,81.079,0.417,-0.532
00:00:03.583,1572873963350,1.516,-0.017,59.652,0.664,3.0,0.005,18.666,0.001,0.126,81.39,0.419,-0.532
00:00:03.629,1572873963396,1.515,-0.017,59.506,0.664,3.0,0.005,18.692,0.001,0.126,81.70100000000002,0.421,-0.532
00:00:03.630,1572873963397,1.515,-0.017,59.506,0.664,3.0,0.005,18.717,0.001,0.126,82.01299999999998,0.423,-0.532
00:00:03.631,1572873963398,1.514,-0.017,59.506,0.664,3.0,0.005,18.742,0.001,0.126,82.325,0.425,-0.532
00:00:03.680,1572873963447,1.513,-0.017,59.506,0.664,3.0,0.005,18.767,0.001,0.126,82.637,0.4270000000000001,-0.532
00:00:03.681,1572873963448,1.5119999999999998,-0.017,59.506,0.664,3.0,0.005,18.792,0.001,0.126,82.95,0.429,-0.532
00:00:03.682,1572873963449,1.5119999999999998,-0.017,59.506,0.664,3.0,0.005,18.818,0.001,0.127,83.264,0.431,-0.532
00:00:03.734,1572873963501,1.511,-0.017,59.652,0.664,3.0,0.005,18.843,0.001,0.127,83.57799999999997,0.433,-0.532
00:00:03.735,1572873963502,1.511,-0.017,59.652,0.664,3.0,0.005,18.868,0.001,0.127,83.89200000000002,0.435,-0.532
00:00:03.736,1572873963503,1.511,-0.017,59.652,0.664,3.0,0.005,18.893,0.001,0.127,84.20700000000002,0.4370000000000001,-0.532
00:00:03.785,1572873963552,1.511,-0.017,59.652,0.664,3.0,0.005,18.918,0.001,0.127,84.522,0.439,-0.532
00:00:03.786,1572873963553,1.511,-0.017,59.652,0.664,3.0,0.005,18.944000000000006,0.001,0.127,84.837,0.441,-0.532
00:00:03.787,1572873963554,1.511,-0.017,59.652,0.664,3.0,0.005,18.969,0.001,0.127,85.15299999999998,0.443,-0.532
00:00:03.837,1572873963604,1.51,-0.017,59.506,0.664,3.0,0.005,18.994,0.001,0.127,85.469,0.445,-0.532
00:00:03.838,1572873963605,1.51,-0.018000000000000002,59.506,0.664,3.0,0.005,19.019,0.001,0.128,85.786,0.447,-0.532
00:00:03.839,1572873963606,1.509,-0.018000000000000002,59.506,0.664,3.0,0.005,19.044,0.001,0.128,86.103,0.449,-0.532
00:00:03.893,1572873963660,1.508,-0.018000000000000002,59.506,0.664,3.0,0.005,19.069000000000006,0.001,0.128,86.421,0.451,-0.532
00:00:03.894,1572873963661,1.507,-0.018000000000000002,59.506,0.664,3.0,0.005,19.094,0.001,0.128,86.73899999999998,0.453,-0.532
00:00:03.895,1572873963662,1.507,-0.019,59.506,0.664,3.0,0.005,19.119,0.001,0.128,87.05799999999998,0.455,-0.532
00:00:03.896,1572873963663,1.506,-0.019,59.506,0.664,3.0,0.005,19.145,0.001,0.128,87.376,0.457,-0.532
00:00:03.943,1572873963710,1.506,-0.019,59.506,0.664,3.0,0.005,19.17,0.001,0.128,87.696,0.459,-0.532
00:00:03.944,1572873963711,1.506,-0.019,59.506,0.664,3.0,0.005,19.188,0.001,0.128,87.935,0.46,-0.532
00:00:03.945,1572873963712,1.505,-0.019,59.506,0.664,3.0,0.005,19.214,0.001,0.129,88.255,0.462,-0.532
00:00:03.993,1572873963760,1.505,-0.019,59.506,0.664,3.0,0.005,19.239,0.001,0.129,88.57600000000002,0.464,-0.532
00:00:03.994,1572873963761,1.504,-0.019,59.506,0.664,3.0,0.005,19.264,0.001,0.129,88.897,0.466,-0.532
00:00:03.995,1572873963762,1.504,-0.019,59.506,0.664,3.0,0.005,19.289,0.001,0.129,89.21799999999998,0.468,-0.532
00:00:04.044,1572873963811,1.503,-0.02,59.506,0.664,3.0,0.006,19.314,0.001,0.129,89.54,0.47,-0.532
00:00:04.045,1572873963812,1.503,-0.02,59.506,0.664,3.0,0.006,19.339,0.001,0.129,89.86200000000002,0.472,-0.532
00:00:04.046,1572873963813,1.503,-0.02,59.506,0.664,3.0,0.006,19.364,0.001,0.129,90.184,0.474,-0.532
00:00:04.095,1572873963862,1.5019999999999998,-0.021,59.506,0.664,3.0,0.006,19.389,0.001,0.129,90.507,0.476,-0.532
00:00:04.096,1572873963863,1.5019999999999998,-0.021,59.506,0.664,3.0,0.006,19.414,0.001,0.129,90.831,0.478,-0.532
00:00:04.097,1572873963864,1.501,-0.022,59.506,0.664,3.0,0.006,19.439,0.001,0.13,91.154,0.48,-0.532
00:00:04.145,1572873963912,1.501,-0.023,59.506,0.664,3.0,0.006,19.464,0.001,0.13,91.479,0.482,-0.532
00:00:04.146,1572873963913,1.5,-0.025,59.506,0.664,3.0,0.006,19.489,0.001,0.13,91.803,0.484,-0.532
00:00:04.147,1572873963914,1.5,-0.026,59.506,0.664,3.0,0.006,19.514,0.001,0.13,92.128,0.486,-0.532
00:00:04.200,1572873963967,1.5,-0.027000000000000003,59.506,0.664,3.0,0.006,19.539,0.001,0.13,92.454,0.487,-0.532
00:00:04.201,1572873963968,1.499,-0.029,59.506,0.664,3.0,0.006,19.564,0.001,0.13,92.78,0.489,-0.532
00:00:04.202,1572873963969,1.499,-0.031,59.506,0.664,3.0,0.006,19.589,0.001,0.13,93.106,0.491,-0.532
00:00:04.252,1572873964019,1.4980000000000002,-0.032,59.506,0.664,3.0,0.006,19.614,0.001,0.13,93.432,0.493,-0.532
00:00:04.253,1572873964020,1.4980000000000002,-0.034,59.506,0.664,3.0,0.006,19.639,0.001,0.131,93.76,0.495,-0.532
00:00:04.254,1572873964021,1.497,-0.037000000000000005,59.506,0.664,3.0,0.006,19.664,0.001,0.131,94.087,0.4970000000000001,-0.532
00:00:04.302,1572873964069,1.497,-0.039,59.506,0.664,3.0,0.006,19.689,0.001,0.131,94.415,0.499,-0.532
00:00:04.303,1572873964070,1.496,-0.042,59.506,0.664,3.0,0.006,19.714,0.0,0.131,94.743,0.501,-0.532
00:00:04.304,1572873964071,1.496,-0.046,59.506,0.664,3.0,0.006,19.739,0.0,0.131,95.072,0.503,-0.532
00:00:04.358,1572873964125,1.496,-0.05,59.652,0.664,3.0,0.006,19.763,0.0,0.131,95.401,0.504,-0.532
00:00:04.359,1572873964126,1.495,-0.055,59.652,0.664,3.0,0.006,19.788,0.0,0.131,95.731,0.506,-0.532
00:00:04.360,1572873964127,1.495,-0.061,59.652,0.664,3.0,0.006999999999999999,19.813,0.0,0.131,96.061,0.508,-0.532
00:00:04.403,1572873964170,1.495,-0.066,59.652,0.664,3.0,0.006999999999999999,19.838,0.0,0.132,96.391,0.51,-0.532
00:00:04.404,1572873964171,1.495,-0.07200000000000001,59.652,0.664,3.0,0.006999999999999999,19.863,0.0,0.132,96.722,0.512,-0.532
00:00:04.405,1572873964172,1.495,-0.078,59.652,0.664,3.0,0.008,19.888,0.0,0.132,97.054,0.514,-0.532
00:00:04.452,1572873964219,1.494,-0.084,59.506,0.664,3.0,0.008,19.913,0.0,0.132,97.385,0.515,-0.532
00:00:04.453,1572873964220,1.493,-0.09,59.506,0.664,3.0,0.009000000000000001,19.938,0.0,0.132,97.717,0.517,-0.532
00:00:04.454,1572873964221,1.493,-0.095,59.506,0.664,3.0,0.01,19.963,0.0,0.132,98.05,0.519,-0.532
00:00:04.503,1572873964270,1.492,-0.1,59.506,0.664,3.0,0.01,19.988,0.0,0.133,98.383,0.52,-0.532
00:00:04.504,1572873964271,1.491,-0.104,59.506,0.664,3.0,0.011,20.012,0.0,0.133,98.716,0.522,-0.532
00:00:04.505,1572873964272,1.49,-0.108,59.506,0.664,3.0,0.012,20.037,0.001,0.133,99.05,0.524,-0.532
00:00:04.553,1572873964320,1.49,-0.111,59.652,0.664,3.0,0.013,20.062,0.001,0.133,99.384,0.525,-0.532
00:00:04.554,1572873964321,1.49,-0.114,59.652,0.664,3.0,0.015,20.087,0.001,0.133,99.719,0.527,-0.532
00:00:04.555,1572873964322,1.49,-0.117,59.652,0.664,3.0,0.016,20.112,0.002,0.133,100.054,0.528,-0.532
00:00:04.606,1572873964373,1.49,-0.119,59.652,0.664,3.0,0.017,20.136,0.003,0.133,100.389,0.53,-0.532
00:00:04.607,1572873964374,1.489,-0.121,59.652,0.664,3.0,0.018000000000000002,20.161,0.003,0.133,100.725,0.531,-0.532
00:00:04.608,1572873964375,1.489,-0.123,59.652,0.664,3.0,0.019,20.186,0.004,0.134,101.061,0.5329999999999999,-0.532
00:00:04.657,1572873964424,1.489,-0.125,59.506,0.664,3.0,0.02,20.211,0.004,0.134,101.398,0.534,-0.532
00:00:04.658,1572873964425,1.4880000000000002,-0.128,59.506,0.664,3.0,0.021,20.236,0.005,0.134,101.735,0.535,-0.532
00:00:04.659,1572873964426,1.487,-0.13,59.506,0.664,3.0,0.022,20.26,0.005,0.134,102.072,0.537,-0.532
00:00:04.707,1572873964474,1.486,-0.132,59.506,0.664,3.0,0.023,20.285,0.006,0.134,102.41,0.5379999999999999,-0.532
00:00:04.708,1572873964475,1.486,-0.134,59.506,0.664,3.0,0.024,20.31,0.006,0.134,102.748,0.539,-0.532
00:00:04.709,1572873964476,1.485,-0.135,59.506,0.664,3.0,0.024,20.335,0.006999999999999999,0.134,103.087,0.541,-0.532
00:00:04.762,1572873964529,1.485,-0.13699999999999998,59.652,0.664,3.0,0.025,20.359,0.006999999999999999,0.134,103.426,0.542,-0.532
00:00:04.763,1572873964530,1.485,-0.13699999999999998,59.652,0.664,3.0,0.026,20.384,0.006999999999999999,0.134,103.766,0.5429999999999999,-0.532
00:00:04.764,1572873964531,1.485,-0.138,59.652,0.664,3.0,0.027000000000000003,20.409,0.008,0.134,104.106,0.544,-0.532
00:00:04.808,1572873964575,1.484,-0.138,59.652,0.664,3.0,0.028,20.434,0.008,0.134,104.446,0.545,-0.532
00:00:04.809,1572873964576,1.484,-0.13699999999999998,59.652,0.664,3.0,0.028,20.458,0.008,0.134,104.787,0.546,-0.532
00:00:04.810,1572873964577,1.484,-0.13699999999999998,59.652,0.664,3.0,0.029,20.483,0.008,0.134,105.128,0.547,-0.532
00:00:04.858,1572873964625,1.483,-0.136,59.652,0.664,3.0,0.03,20.508000000000006,0.008,0.134,105.47,0.5479999999999999,-0.532
00:00:04.859,1572873964626,1.483,-0.135,59.652,0.664,3.0,0.031,20.533,0.008,0.134,105.812,0.5489999999999999,-0.532
00:00:04.860,1572873964627,1.482,-0.134,59.652,0.664,3.0,0.031,20.557,0.008,0.135,106.154,0.55,-0.532
00:00:04.913,1572873964680,1.481,-0.132,59.652,0.664,3.0,0.032,20.582,0.008,0.135,106.497,0.551,-0.5329999999999999
00:00:04.914,1572873964681,1.481,-0.131,59.652,0.664,3.0,0.032,20.607,0.008,0.135,106.84,0.552,-0.5329999999999999
00:00:04.915,1572873964682,1.48,-0.129,59.652,0.664,3.0,0.033,20.631,0.008,0.135,107.184,0.552,-0.5329999999999999
00:00:04.962,1572873964729,1.48,-0.128,59.506,0.664,3.0,0.033,20.656,0.008,0.135,107.528,0.5529999999999999,-0.5329999999999999
00:00:04.963,1572873964730,1.479,-0.126,59.506,0.664,3.0,0.034,20.681,0.008,0.135,107.872,0.5539999999999999,-0.5329999999999999
00:00:04.964,1572873964731,1.4780000000000002,-0.124,59.506,0.664,3.0,0.034,20.705,0.008,0.135,108.217,0.5539999999999999,-0.5329999999999999
00:00:04.965,1572873964732,1.4780000000000002,-0.122,59.506,0.664,3.0,0.034,20.73,0.008,0.136,108.562,0.555,-0.5329999999999999
00:00:05.011,1572873964778,1.477,-0.12,59.506,0.664,3.0,0.035,20.754,0.008,0.136,108.908,0.556,-0.5329999999999999
00:00:05.012,1572873964779,1.476,-0.118,59.506,0.664,3.0,0.035,20.779,0.008,0.136,109.254,0.556,-0.5329999999999999
00:00:05.013,1572873964780,1.476,-0.117,59.506,0.664,3.0,0.035,20.804,0.008,0.136,109.601,0.557,-0.5329999999999999
00:00:05.061,1572873964828,1.475,-0.115,59.506,0.664,3.0,0.035,20.828000000000007,0.008,0.136,109.948,0.557,-0.5329999999999999
00:00:05.062,1572873964829,1.475,-0.113,59.506,0.664,3.0,0.036000000000000004,20.853,0.006999999999999999,0.136,110.295,0.5579999999999999,-0.5329999999999999
00:00:05.063,1572873964830,1.474,-0.112,59.506,0.664,3.0,0.036000000000000004,20.877,0.006999999999999999,0.136,110.643,0.5579999999999999,-0.5329999999999999
00:00:05.129,1572873964896,1.474,-0.11,59.506,0.664,3.0,0.036000000000000004,20.902,0.006999999999999999,0.136,110.991,0.5589999999999999,-0.5329999999999999
00:00:05.130,1572873964897,1.473,-0.109,59.506,0.664,3.0,0.036000000000000004,20.926,0.006999999999999999,0.13699999999999998,111.34,0.5589999999999999,-0.5329999999999999
00:00:05.131,1572873964898,1.473,-0.108,59.506,0.664,3.0,0.036000000000000004,20.951,0.006999999999999999,0.13699999999999998,111.689,0.56,-0.5329999999999999
00:00:05.132,1572873964899,1.472,-0.106,59.506,0.664,3.0,0.036000000000000004,20.975,0.006999999999999999,0.13699999999999998,112.038,0.56,-0.5329999999999999
00:00:05.177,1572873964944,1.471,-0.104,59.506,0.664,3.0,0.036000000000000004,21.0,0.006999999999999999,0.13699999999999998,112.388,0.56,-0.5329999999999999
00:00:05.178,1572873964945,1.471,-0.103,59.506,0.664,3.0,0.036000000000000004,21.024,0.006999999999999999,0.13699999999999998,112.738,0.56,-0.5329999999999999
00:00:05.179,1572873964946,1.47,-0.101,59.506,0.664,3.0,0.036000000000000004,21.049,0.006999999999999999,0.13699999999999998,113.089,0.561,-0.5329999999999999
00:00:05.228,1572873964995,1.47,-0.099,59.506,0.664,3.0,0.036000000000000004,21.073,0.006999999999999999,0.13699999999999998,113.44,0.561,-0.5329999999999999
00:00:05.229,1572873964996,1.469,-0.097,59.506,0.664,3.0,0.036000000000000004,21.098000000000006,0.006999999999999999,0.13699999999999998,113.791,0.561,-0.5329999999999999
00:00:05.230,1572873964997,1.469,-0.094,59.506,0.664,3.0,0.036000000000000004,21.122,0.006,0.13699999999999998,114.143,0.561,-0.5329999999999999
00:00:05.283,1572873965050,1.4680000000000002,-0.092,59.506,0.664,3.0,0.036000000000000004,21.147,0.006,0.13699999999999998,114.495,0.561,-0.5329999999999999
00:00:05.284,1572873965051,1.4680000000000002,-0.09,59.506,0.664,3.0,0.036000000000000004,21.171,0.006,0.13699999999999998,114.848,0.562,-0.5329999999999999
00:00:05.285,1572873965052,1.467,-0.08800000000000001,59.506,0.664,3.0,0.036000000000000004,21.196,0.006,0.13699999999999998,115.201,0.562,-0.5329999999999999
00:00:05.336,1572873965103,1.467,-0.086,59.506,0.664,3.0,0.036000000000000004,21.22,0.006,0.138,115.554,0.562,-0.5329999999999999
00:00:05.337,1572873965104,1.466,-0.085,59.652,0.664,3.0,0.035,21.245,0.006,0.138,115.908,0.562,-0.5329999999999999
00:00:05.338,1572873965105,1.466,-0.083,59.652,0.664,3.0,0.035,21.269,0.006,0.138,116.263,0.562,-0.5329999999999999
00:00:05.380,1572873965147,1.465,-0.081,59.652,0.664,3.0,0.035,21.293000000000006,0.006,0.138,116.617,0.562,-0.5329999999999999
00:00:05.381,1572873965148,1.465,-0.08,59.652,0.664,3.0,0.035,21.318,0.006,0.138,116.972,0.562,-0.5329999999999999
00:00:05.382,1572873965149,1.465,-0.078,59.652,0.664,3.0,0.034,21.342,0.006,0.138,117.328,0.562,-0.5329999999999999
00:00:05.430,1572873965197,1.465,-0.077,59.652,0.664,3.0,0.034,21.367,0.006,0.138,117.684,0.562,-0.5329999999999999
00:00:05.431,1572873965198,1.464,-0.076,59.652,0.664,3.0,0.034,21.391,0.006,0.138,118.04,0.562,-0.5329999999999999
00:00:05.432,1572873965199,1.463,-0.07400000000000001,59.652,0.664,3.0,0.034,21.415,0.006,0.138,118.397,0.562,-0.5329999999999999
00:00:05.486,1572873965253,1.463,-0.073,59.652,0.664,3.0,0.033,21.44,0.006,0.138,118.754,0.561,-0.5329999999999999
00:00:05.487,1572873965254,1.462,-0.071,59.652,0.664,3.0,0.033,21.464,0.006,0.138,119.111,0.561,-0.5329999999999999
00:00:05.488,1572873965255,1.462,-0.07,59.652,0.664,3.0,0.033,21.489,0.006,0.138,119.469,0.561,-0.5329999999999999
00:00:05.542,1572873965309,1.461,-0.068,59.652,0.664,3.0,0.032,21.513,0.006,0.138,119.828,0.561,-0.5329999999999999
00:00:05.543,1572873965310,1.461,-0.067,59.652,0.664,3.0,0.032,21.537,0.006,0.139,120.186,0.561,-0.5329999999999999
00:00:05.544,1572873965311,1.46,-0.065,59.652,0.664,3.0,0.032,21.562,0.006,0.139,120.546,0.561,-0.5329999999999999
00:00:05.584,1572873965351,1.46,-0.063,59.652,0.664,3.0,0.031,21.586,0.006,0.139,120.905,0.56,-0.5329999999999999
00:00:05.585,1572873965352,1.459,-0.061,59.652,0.664,3.0,0.031,21.61,0.005,0.139,121.265,0.56,-0.5329999999999999
00:00:05.586,1572873965353,1.4580000000000002,-0.06,59.652,0.664,3.0,0.031,21.634,0.005,0.139,121.626,0.56,-0.5329999999999999
00:00:05.637,1572873965404,1.4580000000000002,-0.058,59.652,0.664,3.0,0.03,21.659,0.005,0.139,121.986,0.56,-0.5329999999999999
00:00:05.638,1572873965405,1.457,-0.057,59.652,0.664,3.0,0.03,21.683000000000003,0.005,0.139,122.348,0.5589999999999999,-0.5329999999999999
00:00:05.639,1572873965406,1.457,-0.056,59.652,0.664,3.0,0.03,21.707,0.005,0.139,122.709,0.5589999999999999,-0.5329999999999999
00:00:05.689,1572873965456,1.456,-0.055,59.652,0.664,3.0,0.029,21.732,0.005,0.139,123.071,0.5589999999999999,-0.5329999999999999
00:00:05.690,1572873965457,1.456,-0.054000000000000006,59.652,0.664,3.0,0.029,21.756,0.005,0.14,123.434,0.5579999999999999,-0.5329999999999999
00:00:05.691,1572873965458,1.455,-0.053,59.652,0.664,3.0,0.028,21.782,0.005,0.14,123.819,0.5579999999999999,-0.5329999999999999
00:00:05.744,1572873965511,1.455,-0.052000000000000005,59.652,0.664,3.0,0.028,21.804,0.005,0.14,124.16,0.5579999999999999,-0.5329999999999999
00:00:05.745,1572873965512,1.454,-0.052000000000000005,59.506,0.664,3.0,0.028,21.829,0.005,0.14,124.523,0.557,-0.5329999999999999
00:00:05.746,1572873965513,1.454,-0.051,59.506,0.664,3.0,0.027000000000000003,21.853,0.004,0.14,124.887,0.557,-0.5329999999999999
00:00:05.787,1572873965554,1.453,-0.05,59.506,0.664,3.0,0.027000000000000003,21.877,0.004,0.14,125.252,0.556,-0.5329999999999999
00:00:05.788,1572873965555,1.452,-0.05,59.506,0.664,3.0,0.026,21.901,0.004,0.14,125.616,0.556,-0.5329999999999999
00:00:05.789,1572873965556,1.4509999999999998,-0.05,59.506,0.664,3.0,0.026,21.925,0.004,0.14,125.982,0.555,-0.5329999999999999
00:00:05.837,1572873965604,1.45,-0.049,59.506,0.664,3.0,0.026,21.949,0.004,0.14,126.347,0.555,-0.5329999999999999
00:00:05.838,1572873965605,1.45,-0.048,57.162,0.664,3.0,0.025,21.974,0.004,0.14,126.713,0.5539999999999999,-0.5329999999999999
00:00:05.839,1572873965606,1.4469999999999998,-0.048,57.162,0.664,3.0,0.025,21.998,0.004,0.141,127.08,0.5539999999999999,-0.5329999999999999
00:00:05.887,1572873965654,1.442,-0.047,57.162,0.664,3.0,0.025,22.022,0.004,0.141,127.447,0.5529999999999999,-0.5329999999999999
00:00:05.888,1572873965655,1.436,-0.046,57.162,0.664,3.0,0.024,22.046,0.004,0.141,127.814,0.5529999999999999,-0.5329999999999999
00:00:05.889,1572873965656,1.431,-0.045,57.162,0.664,3.0,0.024,22.06900000000001,0.004,0.141,128.181,0.552,-0.5329999999999999
00:00:05.938,1572873965705,1.429,-0.044,57.162,0.664,3.0,0.024,22.093000000000004,0.004,0.141,128.549,0.552,-0.5329999999999999
00:00:05.939,1572873965706,1.4280000000000002,-0.043,55.184,0.664,3.0,0.024,22.118,0.004,0.141,128.941,0.551,-0.5329999999999999
00:00:05.940,1572873965707,1.4269999999999998,-0.042,55.184,0.664,3.0,0.023,22.141,0.004,0.141,129.287,0.551,-0.5329999999999999
00:00:05.994,1572873965761,1.4240000000000002,-0.04,55.184,0.664,3.0,0.023,22.164,0.004,0.14,129.656,0.55,-0.5329999999999999
00:00:05.995,1572873965762,1.419,-0.039,55.184,0.664,3.0,0.023,22.188,0.004,0.14,130.026,0.55,-0.5329999999999999
00:00:05.996,1572873965763,1.414,-0.037000000000000005,55.184,0.664,3.0,0.023,22.213,0.004,0.14,130.41899999999998,0.5489999999999999,-0.5329999999999999
00:00:05.997,1572873965764,1.412,-0.036000000000000004,54.452,0.664,3.0,0.022,22.236,0.004,0.14,130.789,0.5479999999999999,-0.5329999999999999
00:00:06.046,1572873965813,1.411,-0.034,54.452,0.664,3.0,0.022,22.25800000000001,0.004,0.14,131.137,0.5479999999999999,-0.5329999999999999
00:00:06.047,1572873965814,1.411,-0.032,54.452,0.664,3.0,0.022,22.283,0.004,0.14,131.531,0.547,-0.5329999999999999
00:00:06.048,1572873965815,1.41,-0.031,54.452,0.664,3.0,0.021,22.305,0.004,0.14,131.879,0.546,-0.5329999999999999
00:00:06.103,1572873965870,1.408,-0.029,54.452,0.664,3.0,0.021,22.33,0.004,0.139,132.275,0.546,-0.5329999999999999
00:00:06.104,1572873965871,1.406,-0.028,54.452,0.664,3.0,0.021,22.352,0.004,0.139,132.624,0.545,-0.5329999999999999
00:00:06.105,1572873965872,1.405,-0.026,54.452,0.664,3.0,0.02,22.376,0.004,0.139,132.997,0.545,-0.5329999999999999
00:00:06.154,1572873965921,1.404,-0.024,53.133,0.664,3.0,0.02,22.401,0.004,0.139,133.393,0.544,-0.5329999999999999
00:00:06.155,1572873965922,1.403,-0.023,53.133,0.664,3.0,0.019,22.422,0.004,0.139,133.743,0.5429999999999999,-0.5329999999999999
00:00:06.156,1572873965923,1.4,-0.021,53.133,0.664,3.0,0.019,22.446,0.004,0.139,134.11700000000002,0.542,-0.5329999999999999
00:00:06.209,1572873965976,1.396,-0.019,53.133,0.664,3.0,0.019,22.47,0.004,0.138,134.515,0.542,-0.5329999999999999
00:00:06.210,1572873965977,1.394,-0.018000000000000002,53.133,0.664,3.0,0.018000000000000002,22.492,0.004,0.138,134.866,0.541,-0.5329999999999999
00:00:06.211,1572873965978,1.392,-0.017,53.133,0.664,3.0,0.018000000000000002,22.515,0.003,0.138,135.241,0.54,-0.5329999999999999
00:00:06.265,1572873966032,1.391,-0.016,51.00899999999999,0.664,3.0,0.017,22.54,0.003,0.138,135.64,0.54,-0.5329999999999999
00:00:06.266,1572873966033,1.389,-0.015,51.00899999999999,0.664,3.0,0.017,22.563,0.003,0.138,136.016,0.539,-0.5329999999999999
00:00:06.267,1572873966034,1.386,-0.015,51.00899999999999,0.664,3.0,0.016,22.585,0.003,0.13699999999999998,136.369,0.5379999999999999,-0.5329999999999999
00:00:06.268,1572873966035,1.38,-0.014,51.00899999999999,0.664,3.0,0.016,22.609,0.003,0.13699999999999998,136.769,0.537,-0.5329999999999999
00:00:06.326,1572873966093,1.376,-0.014,51.00899999999999,0.664,3.0,0.015,22.632,0.002,0.13699999999999998,137.14600000000002,0.537,-0.5329999999999999
00:00:06.327,1572873966094,1.3730000000000002,-0.013,51.00899999999999,0.664,3.0,0.015,22.653,0.002,0.13699999999999998,137.5,0.536,-0.5329999999999999
00:00:06.328,1572873966095,1.372,-0.012,48.666,0.664,3.0,0.014,22.678,0.002,0.136,137.901,0.535,-0.5329999999999999
00:00:06.329,1572873966096,1.37,-0.012,48.666,0.664,3.0,0.014,22.7,0.002,0.136,138.279,0.535,-0.5329999999999999
00:00:06.377,1572873966144,1.366,-0.011,48.666,0.664,3.0,0.014,22.722,0.001,0.136,138.634,0.534,-0.5329999999999999
00:00:06.378,1572873966145,1.36,-0.011,48.666,0.664,3.0,0.013,22.746,0.001,0.136,139.037,0.5329999999999999,-0.5329999999999999
00:00:06.379,1572873966146,1.355,-0.01,48.666,0.664,3.0,0.013,22.768,0.001,0.135,139.416,0.532,-0.5329999999999999
00:00:06.428,1572873966195,1.352,-0.01,48.666,0.664,3.0,0.012,22.789,0.001,0.135,139.77200000000002,0.532,-0.5329999999999999
00:00:06.429,1572873966196,1.351,-0.009000000000000001,47.494,0.664,3.0,0.012,22.813,0.001,0.135,140.17600000000002,0.531,-0.5329999999999999
00:00:06.430,1572873966197,1.35,-0.009000000000000001,47.494,0.664,3.0,0.012,22.834,0.0,0.135,140.532,0.53,-0.5329999999999999
00:00:06.487,1572873966254,1.348,-0.009000000000000001,47.494,0.664,3.0,0.011,22.857,0.0,0.134,140.91299999999995,0.529,-0.5329999999999999
00:00:06.488,1572873966255,1.345,-0.008,47.494,0.664,3.0,0.011,22.881,0.0,0.134,141.31799999999996,0.528,-0.5329999999999999
00:00:06.489,1572873966256,1.3430000000000002,-0.008,47.494,0.664,3.0,0.011,22.901,0.0,0.134,141.67600000000004,0.528,-0.5329999999999999
00:00:06.536,1572873966303,1.34,-0.008,46.468,0.664,3.0,0.01,22.925,0.0,0.134,142.08100000000005,0.527,-0.5329999999999999
00:00:06.537,1572873966304,1.339,-0.008,46.468,0.664,3.0,0.01,22.948,0.0,0.133,142.464,0.526,-0.5329999999999999
00:00:06.538,1572873966305,1.338,-0.008,46.468,0.664,3.0,0.01,22.97,0.0,0.133,142.846,0.525,-0.5329999999999999
00:00:06.594,1572873966361,1.336,-0.009000000000000001,46.468,0.664,3.0,0.009000000000000001,22.992,0.0,0.133,143.22899999999996,0.525,-0.5329999999999999
00:00:06.595,1572873966362,1.3330000000000002,-0.009000000000000001,46.468,0.664,3.0,0.009000000000000001,23.014,0.0,0.133,143.613,0.524,-0.5329999999999999
00:00:06.596,1572873966363,1.331,-0.009000000000000001,46.468,0.664,3.0,0.009000000000000001,23.036,0.0,0.133,143.996,0.523,-0.5329999999999999
00:00:06.634,1572873966401,1.329,-0.01,45.956,0.664,3.0,0.009000000000000001,23.059,0.0,0.132,144.381,0.522,-0.5329999999999999
00:00:06.635,1572873966402,1.328,-0.01,45.956,0.664,3.0,0.009000000000000001,23.079,0.0,0.132,144.741,0.521,-0.5329999999999999
00:00:06.636,1572873966403,1.327,-0.011,45.956,0.664,3.0,0.008,23.103,0.0,0.132,145.15,0.521,-0.5329999999999999
00:00:06.683,1572873966450,1.3259999999999998,-0.011,45.956,0.664,3.0,0.008,23.123,0.0,0.132,145.511,0.52,-0.5329999999999999
00:00:06.684,1572873966451,1.325,-0.011,45.956,0.664,3.0,0.008,23.146,0.0,0.132,145.89700000000005,0.519,-0.5329999999999999
00:00:06.685,1572873966452,1.3230000000000002,-0.012,45.956,0.664,3.0,0.008,23.169,0.0,0.132,146.30700000000004,0.518,-0.5329999999999999
00:00:06.734,1572873966501,1.3219999999999998,-0.013,45.956,0.664,3.0,0.008,23.19,0.0,0.132,146.66899999999995,0.517,-0.5329999999999999
00:00:06.735,1572873966502,1.321,-0.013,45.809,0.664,3.0,0.008,23.213,0.001,0.131,147.08,0.517,-0.5329999999999999
00:00:06.736,1572873966503,1.321,-0.014,45.809,0.664,3.0,0.006999999999999999,23.235,0.001,0.131,147.467,0.516,-0.5329999999999999
00:00:06.788,1572873966555,1.32,-0.014,45.809,0.664,3.0,0.006999999999999999,23.257,0.001,0.131,147.85399999999996,0.515,-0.5329999999999999
00:00:06.789,1572873966556,1.319,-0.015,45.809,0.664,3.0,0.006999999999999999,23.279,0.001,0.131,148.24200000000005,0.514,-0.5329999999999999
00:00:06.790,1572873966557,1.319,-0.015,45.809,0.664,3.0,0.006999999999999999,23.301,0.001,0.131,148.63,0.513,-0.5329999999999999
00:00:06.834,1572873966601,1.318,-0.016,45.44300000000001,0.664,3.0,0.006999999999999999,23.323,0.001,0.131,149.019,0.512,-0.5329999999999999
00:00:06.835,1572873966602,1.317,-0.017,45.44300000000001,0.664,3.0,0.006999999999999999,23.345,0.001,0.131,149.408,0.512,-0.5329999999999999
00:00:06.836,1572873966603,1.317,-0.017,45.44300000000001,0.664,3.0,0.006999999999999999,23.367,0.001,0.131,149.797,0.511,-0.5329999999999999
00:00:06.898,1572873966665,1.315,-0.018000000000000002,45.44300000000001,0.664,3.0,0.006999999999999999,23.389,0.001,0.131,150.187,0.51,-0.5329999999999999
00:00:06.899,1572873966666,1.314,-0.018000000000000002,45.44300000000001,0.664,3.0,0.006999999999999999,23.411,0.001,0.131,150.577,0.509,-0.5329999999999999
00:00:06.900,1572873966667,1.3130000000000002,-0.019,45.44300000000001,0.664,3.0,0.006999999999999999,23.432,0.002,0.131,150.967,0.508,-0.5329999999999999
00:00:06.901,1572873966668,1.3119999999999998,-0.019,45.29600000000001,0.664,3.0,0.006999999999999999,23.454,0.002,0.131,151.358,0.507,-0.5329999999999999
00:00:06.945,1572873966712,1.311,-0.02,45.29600000000001,0.664,3.0,0.006999999999999999,23.476,0.002,0.131,151.749,0.506,-0.5329999999999999
00:00:06.946,1572873966713,1.31,-0.02,45.29600000000001,0.664,3.0,0.006999999999999999,23.498,0.002,0.131,152.14,0.505,-0.5329999999999999
00:00:06.947,1572873966714,1.31,-0.02,45.29600000000001,0.664,3.0,0.006999999999999999,23.52,0.002,0.131,152.532,0.505,-0.5329999999999999
00:00:07.004,1572873966771,1.3090000000000002,-0.021,45.29600000000001,0.664,3.0,0.006999999999999999,23.542,0.002,0.131,152.924,0.504,-0.5329999999999999
00:00:07.005,1572873966772,1.308,-0.021,45.29600000000001,0.664,3.0,0.006999999999999999,23.563,0.002,0.131,153.317,0.503,-0.5329999999999999
00:00:07.006,1572873966773,1.307,-0.021,45.29600000000001,0.664,3.0,0.006999999999999999,23.585,0.002,0.131,153.71,0.502,-0.5329999999999999
00:00:07.043,1572873966810,1.307,-0.021,45.29600000000001,0.664,3.0,0.006999999999999999,23.607,0.002,0.131,154.10299999999995,0.501,-0.5329999999999999
00:00:07.044,1572873966811,1.306,-0.022,45.29600000000001,0.664,3.0,0.006999999999999999,23.629,0.002,0.131,154.497,0.5,-0.5329999999999999
00:00:07.045,1572873966812,1.306,-0.022,45.29600000000001,0.664,3.0,0.006999999999999999,23.65,0.002,0.131,154.891,0.499,-0.5329999999999999
00:00:07.093,1572873966860,1.305,-0.022,45.29600000000001,0.664,3.0,0.006999999999999999,23.672,0.002,0.131,155.285,0.498,-0.5329999999999999
00:00:07.094,1572873966861,1.305,-0.022,45.29600000000001,0.664,3.0,0.006999999999999999,23.69400000000001,0.002,0.131,155.68,0.4970000000000001,-0.5329999999999999
00:00:07.095,1572873966862,1.304,-0.022,45.29600000000001,0.664,3.0,0.006999999999999999,23.716,0.002,0.131,156.075,0.496,-0.5329999999999999
00:00:07.150,1572873966917,1.306,-0.022,45.29600000000001,0.664,3.0,0.006999999999999999,23.737,0.002,0.132,156.47,0.495,-0.5329999999999999
00:00:07.151,1572873966918,1.342,-0.023,45.29600000000001,0.664,3.0,0.006999999999999999,23.761,0.002,0.132,156.866,0.494,-0.5329999999999999
00:00:07.152,1572873966919,1.43,-0.023,45.29600000000001,0.664,3.0,0.006999999999999999,23.786,0.002,0.133,157.262,0.493,-0.5329999999999999
00:00:07.195,1572873966962,1.523,-0.023,45.29600000000001,0.664,3.0,0.008,23.812,0.002,0.134,157.659,0.4920000000000001,-0.5329999999999999
00:00:07.196,1572873966963,1.564,-0.023,45.29600000000001,0.664,3.0,0.008,23.839,0.002,0.136,158.056,0.491,-0.5329999999999999
00:00:07.197,1572873966964,1.541,-0.023,45.003,0.664,3.0,0.008,23.864,0.002,0.138,158.454,0.49,-0.5329999999999999
00:00:07.246,1572873967013,1.479,-0.023,45.003,0.664,3.0,0.008,23.887,0.002,0.141,158.851,0.489,-0.5329999999999999
00:00:07.247,1572873967014,1.409,-0.023,45.003,0.664,3.0,0.008,23.91,0.002,0.14300000000000002,159.25,0.488,-0.5329999999999999
00:00:07.248,1572873967015,1.3530000000000002,-0.023,45.003,0.664,3.0,0.008,23.932,0.002,0.14400000000000002,159.648,0.487,-0.5329999999999999
00:00:07.296,1572873967063,1.314,-0.023,45.003,0.664,3.0,0.008,23.95300000000001,0.002,0.146,160.048,0.486,-0.5329999999999999
00:00:07.297,1572873967064,1.284,-0.022,45.003,0.664,3.0,0.008,23.974,0.002,0.146,160.447,0.485,-0.5329999999999999
00:00:07.298,1572873967065,1.257,-0.022,41.488,0.664,3.0,0.008,23.995,0.002,0.147,160.847,0.484,-0.5329999999999999
00:00:07.354,1572873967121,1.229,-0.022,41.488,0.664,3.0,0.008,24.015,0.002,0.146,161.247,0.483,-0.5329999999999999
00:00:07.355,1572873967122,1.196,-0.022,41.488,0.664,3.0,0.008,24.034,0.002,0.146,161.64700000000005,0.482,-0.5329999999999999
00:00:07.356,1572873967123,1.161,-0.022,41.488,0.664,3.0,0.008,24.053,0.002,0.145,162.048,0.481,-0.5329999999999999
00:00:07.417,1572873967184,1.128,-0.022,41.488,0.664,3.0,0.008,24.072,0.002,0.14300000000000002,162.44899999999996,0.48,-0.5329999999999999
00:00:07.418,1572873967185,1.1,-0.022,41.488,0.664,3.0,0.008,24.09,0.002,0.141,162.85,0.479,-0.5329999999999999
00:00:07.419,1572873967186,1.079,-0.022,36.507,0.664,3.0,0.008,24.107,0.002,0.139,163.252,0.478,-0.5329999999999999
00:00:07.462,1572873967229,1.061,-0.022,36.507,0.664,3.0,0.008,24.125,0.002,0.13699999999999998,163.654,0.476,-0.5329999999999999
00:00:07.463,1572873967230,1.038,-0.022,36.507,0.664,3.0,0.008,24.142,0.002,0.134,164.05599999999995,0.475,-0.5329999999999999
00:00:07.464,1572873967231,1.009,-0.022,36.507,0.664,3.0,0.008,24.158,0.002,0.131,164.459,0.474,-0.5329999999999999
00:00:07.508,1572873967275,0.978,-0.022,36.507,0.664,3.0,0.008,24.174,0.002,0.128,164.861,0.473,-0.5329999999999999
00:00:07.509,1572873967276,0.954,-0.021,36.507,0.664,3.0,0.008,24.19,0.002,0.124,165.264,0.472,-0.5329999999999999
00:00:07.510,1572873967277,0.94,-0.021,32.479,0.664,3.0,0.008,24.205,0.002,0.12,165.668,0.471,-0.5329999999999999
00:00:07.559,1572873967326,0.93,-0.021,32.479,0.664,3.0,0.008,24.221,0.002,0.117,166.071,0.47,-0.5329999999999999
00:00:07.560,1572873967327,0.918,-0.021,32.479,0.664,3.0,0.008,24.236,0.002,0.113,166.475,0.469,-0.5329999999999999
00:00:07.561,1572873967328,0.897,-0.021,32.479,0.664,3.0,0.008,24.25,0.002,0.109,166.87900000000005,0.467,-0.5329999999999999
00:00:07.610,1572873967377,0.875,-0.021,32.479,0.664,3.0,0.008,24.265,0.002,0.104,167.283,0.466,-0.5329999999999999
00:00:07.611,1572873967378,0.858,-0.021,32.479,0.664,3.0,0.008,24.279,0.002,0.1,167.688,0.465,-0.5329999999999999
00:00:07.612,1572873967379,0.848,-0.021,27.498,0.664,3.0,0.008,24.29300000000001,0.002,0.096,168.093,0.464,-0.5329999999999999
00:00:07.613,1572873967380,0.8420000000000001,-0.021,27.498,0.664,3.0,0.008,24.307,0.002,0.092,168.498,0.463,-0.5329999999999999
00:00:07.661,1572873967428,0.8240000000000001,-0.021,27.498,0.664,3.0,0.008,24.32,0.002,0.08800000000000001,168.903,0.462,-0.5329999999999999
00:00:07.662,1572873967429,0.7859999999999999,-0.02,27.498,0.664,3.0,0.008,24.333,0.002,0.083,169.308,0.46,-0.5329999999999999
00:00:07.663,1572873967430,0.7440000000000001,-0.02,27.498,0.664,3.0,0.008,24.344,0.002,0.079,169.71400000000003,0.459,-0.5329999999999999
00:00:07.711,1572873967478,0.715,-0.02,27.498,0.664,3.0,0.008,24.356,0.002,0.075,170.12,0.458,-0.5329999999999999
00:00:07.712,1572873967479,0.7040000000000001,-0.02,24.129,0.664,3.0,0.008,24.368,0.002,0.07,170.52599999999995,0.457,-0.5329999999999999
00:00:07.713,1572873967480,0.7040000000000001,-0.02,24.129,0.664,3.0,0.008,24.38,0.002,0.066,170.93200000000004,0.456,-0.5329999999999999
00:00:07.770,1572873967537,0.695,-0.02,24.129,0.664,3.0,0.008,24.391,0.002,0.062,171.338,0.454,-0.5329999999999999
00:00:07.771,1572873967538,0.6629999999999999,-0.02,24.129,0.664,3.0,0.008,24.401,0.002,0.058,171.745,0.453,-0.5329999999999999
00:00:07.772,1572873967539,0.621,-0.02,24.129,0.664,3.0,0.008,24.411,0.002,0.054000000000000006,172.15200000000004,0.452,-0.5329999999999999
00:00:07.821,1572873967588,0.589,-0.02,24.129,0.664,3.0,0.008,24.421,0.002,0.05,172.55900000000003,0.451,-0.5329999999999999
00:00:07.822,1572873967589,0.575,-0.02,21.638,0.664,3.0,0.008,24.43,0.002,0.046,172.96599999999995,0.449,-0.5329999999999999
00:00:07.823,1572873967590,0.575,-0.02,21.638,0.664,3.0,0.008,24.44,0.002,0.043,173.373,0.448,-0.5329999999999999
00:00:07.865,1572873967632,0.5720000000000001,-0.02,21.638,0.664,3.0,0.008,24.449,0.002,0.039,173.78099999999995,0.447,-0.5329999999999999
00:00:07.866,1572873967633,0.555,-0.019,21.638,0.664,3.0,0.008,24.458,0.002,0.036000000000000004,174.188,0.446,-0.5329999999999999
00:00:07.867,1572873967634,0.529,-0.019,21.638,0.664,3.0,0.008,24.467,0.002,0.033,174.59599999999998,0.444,-0.5329999999999999
00:00:07.924,1572873967691,0.507,-0.019,21.638,0.664,3.0,0.008,24.475,0.002,0.03,175.00400000000005,0.443,-0.5329999999999999
00:00:07.925,1572873967692,0.495,-0.018000000000000002,18.489,0.664,3.0,0.008,24.483,0.002,0.027000000000000003,175.412,0.442,-0.5329999999999999
00:00:07.926,1572873967693,0.4920000000000001,-0.018000000000000002,18.489,0.664,3.0,0.008,24.491,0.002,0.024,175.82,0.44,-0.5329999999999999
00:00:07.971,1572873967738,0.4920000000000001,-0.018000000000000002,18.489,0.664,3.0,0.008,24.499,0.002,0.022,176.22799999999995,0.439,-0.5329999999999999
00:00:07.972,1572873967739,0.491,-0.017,18.489,0.664,3.0,0.008,24.507,0.002,0.02,176.636,0.438,-0.5329999999999999
00:00:07.973,1572873967740,0.487,-0.017,18.489,0.664,3.0,0.008,24.515,0.002,0.018000000000000002,177.045,0.4370000000000001,-0.5329999999999999
00:00:08.018,1572873967785,0.477,-0.017,18.489,0.664,3.0,0.008,24.523000000000003,0.002,0.016,177.454,0.435,-0.5329999999999999
00:00:08.019,1572873967786,0.463,-0.017,14.973,0.664,3.0,0.008,24.531,0.002,0.015,177.862,0.434,-0.5329999999999999
00:00:08.020,1572873967787,0.444,-0.016,14.973,0.664,3.0,0.008,24.538,0.002,0.013,178.271,0.433,-0.5329999999999999
00:00:08.068,1572873967835,0.407,-0.016,14.973,0.664,3.0,0.008,24.544,0.002,0.012,178.68,0.431,-0.5329999999999999
00:00:08.069,1572873967836,0.345,-0.016,14.973,0.664,3.0,0.006999999999999999,24.549,0.002,0.011,179.08900000000003,0.43,-0.534
00:00:08.070,1572873967837,0.276,-0.016,14.973,0.664,3.0,0.006999999999999999,24.552,0.002,0.009000000000000001,179.49900000000005,0.429,-0.534
00:00:08.118,1572873967885,0.223,-0.016,14.973,0.664,3.0,0.006999999999999999,24.556,0.002,0.006999999999999999,179.908,0.4270000000000001,-0.534
00:00:08.119,1572873967886,0.194,-0.016,8.454,0.664,3.0,0.006999999999999999,24.559,0.002,0.005,180.317,0.426,-0.534
00:00:08.120,1572873967887,0.185,-0.015,8.454,0.664,3.0,0.006999999999999999,24.562,0.002,0.002,180.726,0.425,-0.534
00:00:08.170,1572873967937,0.165,-0.015,8.454,0.664,3.0,0.006999999999999999,24.564,0.002,0.0,181.136,0.423,-0.534
00:00:08.171,1572873967938,0.113,-0.015,8.454,0.664,3.0,0.006999999999999999,24.565,0.002,-0.003,181.545,0.422,-0.534
00:00:08.172,1572873967939,0.047,-0.014,8.454,0.664,3.0,0.006999999999999999,24.565,0.002,-0.006,181.955,0.421,-0.534
00:00:08.218,1572873967985,-0.014,-0.014,8.454,0.664,3.0,0.006999999999999999,24.564,0.002,-0.009000000000000001,182.364,0.419,-0.534
00:00:08.219,1572873967986,-0.058,-0.013,8.308,0.664,3.0,0.006999999999999999,24.562,0.002,-0.013,182.773,0.418,-0.534
00:00:08.220,1572873967987,-0.084,-0.012,8.308,0.664,3.0,0.006999999999999999,24.561,0.002,-0.017,183.183,0.417,-0.534
00:00:08.269,1572873968036,-0.096,-0.012,8.308,0.664,3.0,0.006999999999999999,24.559,0.002,-0.021,183.592,0.415,-0.534
00:00:08.270,1572873968037,-0.099,-0.011,8.308,0.664,3.0,0.006999999999999999,24.557,0.001,-0.025,184.001,0.414,-0.534
00:00:08.271,1572873968038,-0.096,-0.01,8.308,0.664,3.0,0.006999999999999999,24.556,0.001,-0.029,184.411,0.412,-0.534
00:00:08.319,1572873968086,-0.092,-0.01,8.308,0.664,3.0,0.006999999999999999,24.554,0.001,-0.033,184.82,0.411,-0.534
00:00:08.320,1572873968087,-0.087,-0.009000000000000001,8.308,0.664,3.0,0.006,24.553,0.001,-0.037000000000000005,185.229,0.41,-0.534
00:00:08.321,1572873968088,-0.084,-0.008,8.308,0.664,3.0,0.006,24.551,0.001,-0.041,185.638,0.408,-0.534
00:00:08.370,1572873968137,-0.08199999999999999,-0.008,8.308,0.664,3.0,0.006,24.55,0.001,-0.045,186.047,0.407,-0.534
00:00:08.371,1572873968138,-0.083,-0.006999999999999999,8.308,0.664,3.0,0.006,24.549,0.001,-0.048,186.457,0.405,-0.534
00:00:08.372,1572873968139,-0.084,-0.006999999999999999,8.308,0.664,3.0,0.006,24.547,0.001,-0.052000000000000005,186.866,0.404,-0.534
00:00:08.423,1572873968190,-0.086,-0.006999999999999999,8.308,0.664,3.0,0.006,24.546,0.001,-0.055,187.275,0.403,-0.534
00:00:08.424,1572873968191,-0.087,-0.006,8.308,0.664,3.0,0.006,24.544,0.001,-0.059,187.68400000000003,0.401,-0.534
00:00:08.425,1572873968192,-0.08900000000000001,-0.006,8.308,0.664,3.0,0.006,24.54300000000001,0.001,-0.062,188.093,0.4,-0.534
00:00:08.472,1572873968239,-0.09,-0.005,8.308,0.664,3.0,0.005,24.541,0.001,-0.065,188.502,0.399,-0.534
00:00:08.473,1572873968240,-0.091,-0.005,8.308,0.664,3.0,0.005,24.54,0.001,-0.067,188.911,0.397,-0.534
00:00:08.474,1572873968241,-0.092,-0.005,8.308,0.664,3.0,0.005,24.538,0.001,-0.07,189.32,0.396,-0.534
00:00:08.522,1572873968289,-0.093,-0.005,8.308,0.664,3.0,0.005,24.537,0.001,-0.07200000000000001,189.729,0.394,-0.534
00:00:08.523,1572873968290,-0.093,-0.005,8.308,0.664,3.0,0.005,24.535,0.0,-0.07400000000000001,190.138,0.393,-0.534
00:00:08.524,1572873968291,-0.094,-0.004,8.308,0.664,3.0,0.005,24.533,0.0,-0.076,190.547,0.392,-0.534
00:00:08.573,1572873968340,-0.095,-0.004,8.308,0.664,3.0,0.005,24.532,0.0,-0.077,190.956,0.39,-0.534
00:00:08.574,1572873968341,-0.095,-0.004,8.308,0.664,3.0,0.005,24.53,0.0,-0.078,191.364,0.389,-0.534
00:00:08.575,1572873968342,-0.096,-0.004,8.308,0.664,3.0,0.004,24.529,0.0,-0.079,191.773,0.387,-0.534
00:00:08.628,1572873968395,-0.096,-0.004,8.308,0.664,3.0,0.004,24.527,0.0,-0.08,192.182,0.386,-0.534
00:00:08.629,1572873968396,-0.097,-0.004,8.454,0.664,3.0,0.004,24.525,0.0,-0.08,192.591,0.385,-0.534
00:00:08.630,1572873968397,-0.097,-0.003,8.454,0.664,3.0,0.004,24.524,0.0,-0.08,193.0,0.383,-0.534
00:00:08.631,1572873968398,-0.097,-0.003,8.454,0.664,3.0,0.004,24.522,0.0,-0.08,193.408,0.382,-0.534
00:00:08.678,1572873968445,-0.097,-0.003,8.454,0.664,3.0,0.004,24.521,0.0,-0.08,193.817,0.38,-0.534
00:00:08.679,1572873968446,-0.096,-0.003,8.454,0.664,3.0,0.004,24.519,0.0,-0.08,194.226,0.379,-0.534
00:00:08.680,1572873968447,-0.095,-0.003,8.454,0.664,3.0,0.004,24.517,0.0,-0.079,194.634,0.377,-0.534
00:00:08.733,1572873968500,-0.094,-0.003,8.454,0.664,3.0,0.004,24.516,0.0,-0.078,195.043,0.376,-0.534
00:00:08.734,1572873968501,-0.094,-0.003,8.454,0.664,3.0,0.003,24.514,0.0,-0.078,195.452,0.375,-0.534
00:00:08.735,1572873968502,-0.094,-0.003,8.454,0.664,3.0,0.003,24.513,0.0,-0.077,195.86,0.373,-0.535
00:00:08.782,1572873968549,-0.095,-0.003,8.454,0.664,3.0,0.003,24.511,0.0,-0.076,196.269,0.3720000000000001,-0.535
00:00:08.783,1572873968550,-0.095,-0.003,8.454,0.664,3.0,0.003,24.51,0.0,-0.075,196.677,0.37,-0.535
00:00:08.784,1572873968551,-0.095,-0.003,8.454,0.664,3.0,0.003,24.50800000000001,0.0,-0.07400000000000001,197.086,0.369,-0.535
00:00:08.839,1572873968606,-0.096,-0.003,8.454,0.664,3.0,0.003,24.506,0.0,-0.073,197.49400000000003,0.368,-0.535
00:00:08.840,1572873968607,-0.096,-0.003,8.454,0.664,3.0,0.003,24.505,0.0,-0.07200000000000001,197.902,0.366,-0.535
00:00:08.841,1572873968608,-0.096,-0.003,8.454,0.664,3.0,0.003,24.503,0.0,-0.071,198.311,0.365,-0.535
00:00:08.880,1572873968647,-0.096,-0.003,8.454,0.664,3.0,0.003,24.502,0.0,-0.07,198.719,0.363,-0.535
00:00:08.881,1572873968648,-0.096,-0.003,8.454,0.664,3.0,0.003,24.5,0.0,-0.069,199.128,0.362,-0.535
00:00:08.882,1572873968649,-0.096,-0.003,8.454,0.664,3.0,0.003,24.498,0.0,-0.069,199.536,0.361,-0.535
00:00:08.932,1572873968699,-0.096,-0.003,8.454,0.664,3.0,0.003,24.497,0.0,-0.068,199.944,0.359,-0.535
00:00:08.933,1572873968700,-0.096,-0.002,8.454,0.664,3.0,0.003,24.495,0.001,-0.067,200.352,0.358,-0.535
00:00:08.934,1572873968701,-0.097,-0.002,8.454,0.664,3.0,0.003,24.494,0.001,-0.067,200.761,0.35600000000000004,-0.535
00:00:08.981,1572873968748,-0.097,-0.002,8.454,0.664,3.0,0.002,24.492,0.001,-0.066,201.169,0.355,-0.535
00:00:08.982,1572873968749,-0.097,-0.001,8.454,0.664,3.0,0.002,24.49,0.001,-0.066,201.577,0.353,-0.535
00:00:08.983,1572873968750,-0.097,-0.001,8.454,0.664,3.0,0.002,24.489,0.001,-0.066,201.985,0.35200000000000004,-0.535
00:00:09.032,1572873968799,-0.097,-0.001,8.454,0.664,3.0,0.002,24.487,0.001,-0.065,202.393,0.35100000000000003,-0.535
00:00:09.033,1572873968800,-0.097,0.0,8.454,0.664,3.0,0.002,24.486,0.001,-0.065,202.801,0.349,-0.535
00:00:09.034,1572873968801,-0.097,0.0,8.454,0.664,3.0,0.002,24.484,0.001,-0.065,203.21,0.348,-0.535
00:00:09.083,1572873968850,-0.097,0.001,8.454,0.664,3.0,0.002,24.482,0.001,-0.065,203.618,0.34600000000000003,-0.535
00:00:09.084,1572873968851,-0.097,0.001,8.454,0.664,3.0,0.002,24.481,0.001,-0.065,204.026,0.345,-0.535
00:00:09.085,1572873968852,-0.097,0.001,8.454,0.664,3.0,0.002,24.479,0.001,-0.065,204.43400000000003,0.343,-0.535
00:00:09.137,1572873968904,-0.097,0.002,8.454,0.664,3.0,0.002,24.477,0.001,-0.065,204.842,0.342,-0.535
00:00:09.138,1572873968905,-0.097,0.002,8.454,0.664,3.0,0.002,24.476,0.001,-0.065,205.25,0.341,-0.535
00:00:09.139,1572873968906,-0.097,0.003,8.454,0.664,3.0,0.002,24.474,0.0,-0.065,205.657,0.339,-0.535
00:00:09.192,1572873968959,-0.097,0.003,8.454,0.664,3.0,0.002,24.47300000000001,0.0,-0.065,206.065,0.338,-0.535
00:00:09.193,1572873968960,-0.097,0.004,8.454,0.664,3.0,0.002,24.471,0.0,-0.065,206.473,0.336,-0.535
00:00:09.194,1572873968961,-0.097,0.005,8.454,0.664,3.0,0.001,24.469,0.0,-0.066,206.881,0.335,-0.535
00:00:09.234,1572873969001,-0.097,0.005,8.454,0.664,3.0,0.001,24.468000000000004,0.0,-0.066,207.289,0.334,-0.535
00:00:09.235,1572873969002,-0.097,0.006,8.454,0.664,3.0,0.001,24.466,0.0,-0.066,207.697,0.332,-0.535
00:00:09.236,1572873969003,-0.097,0.006999999999999999,8.454,0.664,3.0,0.001,24.464,0.0,-0.066,208.104,0.331,-0.535
00:00:09.284,1572873969051,-0.097,0.008,8.454,0.664,3.0,0.001,24.463,0.0,-0.067,208.512,0.329,-0.535
00:00:09.285,1572873969052,-0.097,0.009000000000000001,8.454,0.664,3.0,0.001,24.461,0.0,-0.067,208.92,0.328,-0.535
00:00:09.286,1572873969053,-0.097,0.01,8.454,0.664,3.0,0.001,24.46,0.0,-0.067,209.327,0.327,-0.535
00:00:09.344,1572873969111,-0.097,0.011,8.308,0.664,3.0,0.0,24.458,0.0,-0.068,209.735,0.325,-0.535
00:00:09.345,1572873969112,-0.097,0.012,8.308,0.664,3.0,0.0,24.456,0.0,-0.068,210.143,0.324,-0.535
00:00:09.346,1572873969113,-0.098,0.013,8.308,0.664,3.0,0.0,24.455,0.0,-0.068,210.55,0.322,-0.535
00:00:09.347,1572873969114,-0.098,0.014,8.308,0.664,3.0,0.0,24.45300000000001,-0.001,-0.068,210.958,0.321,-0.535
00:00:09.395,1572873969162,-0.1,0.015,8.308,0.664,3.0,0.0,24.451,-0.001,-0.069,211.365,0.32,-0.535
00:00:09.396,1572873969163,-0.101,0.016,8.308,0.664,3.0,-0.001,24.45,-0.001,-0.069,211.773,0.318,-0.535
00:00:09.397,1572873969164,-0.102,0.016,8.454,0.664,3.0,-0.001,24.448,-0.001,-0.069,212.18,0.317,-0.535
00:00:09.446,1572873969213,-0.102,0.017,8.454,0.664,3.0,-0.001,24.446,-0.001,-0.069,212.588,0.316,-0.535
00:00:09.447,1572873969214,-0.102,0.018000000000000002,8.454,0.664,3.0,-0.001,24.445,-0.001,-0.069,212.995,0.314,-0.535
00:00:09.448,1572873969215,-0.101,0.018000000000000002,8.454,0.664,3.0,-0.002,24.443,-0.001,-0.07,213.403,0.313,-0.535
00:00:09.502,1572873969269,-0.099,0.019,8.454,0.664,3.0,-0.002,24.441,-0.001,-0.07,213.81,0.311,-0.535
00:00:09.503,1572873969270,-0.098,0.019,8.454,0.664,3.0,-0.002,24.44,-0.001,-0.07,214.217,0.31,-0.535
00:00:09.504,1572873969271,-0.097,0.02,8.308,0.664,3.0,-0.002,24.438,-0.002,-0.07,214.625,0.309,-0.535
00:00:09.553,1572873969320,-0.097,0.02,8.308,0.664,3.0,-0.002,24.436,-0.002,-0.07,215.032,0.307,-0.535
00:00:09.554,1572873969321,-0.097,0.02,8.308,0.664,3.0,-0.003,24.435,-0.002,-0.07,215.363,0.306,-0.535
00:00:09.555,1572873969322,-0.098,0.02,8.308,0.664,3.0,-0.003,24.434,-0.002,-0.07,215.77,0.305,-0.535
00:00:09.612,1572873969379,-0.099,0.021,8.308,0.664,3.0,-0.003,24.432,-0.002,-0.07,216.177,0.304,-0.535
00:00:09.613,1572873969380,-0.1,0.021,8.308,0.664,3.0,-0.003,24.43,-0.002,-0.07,216.585,0.302,-0.535
00:00:09.614,1572873969381,-0.101,0.021,8.308,0.664,3.0,-0.003,24.428,-0.002,-0.069,216.992,0.301,-0.535
00:00:09.653,1572873969420,-0.102,0.021,8.088,0.664,3.0,-0.004,24.427,-0.002,-0.069,217.399,0.3,-0.535
00:00:09.654,1572873969421,-0.102,0.021,8.088,0.664,3.0,-0.004,24.425,-0.002,-0.069,217.806,0.298,-0.535
00:00:09.655,1572873969422,-0.103,0.021,8.088,0.664,3.0,-0.004,24.423,-0.002,-0.069,218.213,0.297,-0.535
00:00:09.706,1572873969473,-0.105,0.021,8.088,0.664,3.0,-0.004,24.422,-0.002,-0.069,218.62,0.29600000000000004,-0.535
00:00:09.707,1572873969474,-0.106,0.021,8.088,0.664,3.0,-0.004,24.42,-0.002,-0.069,219.027,0.295,-0.535
00:00:09.708,1572873969475,-0.107,0.021,8.088,0.664,3.0,-0.004,24.41800000000001,-0.002,-0.069,219.43400000000003,0.293,-0.535
00:00:09.756,1572873969523,-0.108,0.021,7.282,0.664,3.0,-0.005,24.416,-0.002,-0.069,219.841,0.292,-0.535
00:00:09.757,1572873969524,-0.109,0.021,7.282,0.664,3.0,-0.005,24.414,-0.002,-0.069,220.248,0.29100000000000004,-0.535
00:00:09.758,1572873969525,-0.113,0.021,7.282,0.664,3.0,-0.005,24.412,-0.002,-0.069,220.655,0.29,-0.535
00:00:09.806,1572873969573,-0.119,0.021,7.282,0.664,3.0,-0.005,24.41,-0.002,-0.069,221.062,0.28800000000000003,-0.535
00:00:09.807,1572873969574,-0.125,0.021,7.282,0.664,3.0,-0.005,24.408,-0.002,-0.069,221.468,0.287,-0.535
00:00:09.808,1572873969575,-0.129,0.021,7.282,0.664,3.0,-0.005,24.406,-0.002,-0.069,221.875,0.28600000000000003,-0.535
00:00:09.856,1572873969623,-0.132,0.02,7.136,0.664,3.0,-0.005,24.404,-0.002,-0.069,222.282,0.285,-0.535
00:00:09.857,1572873969624,-0.134,0.02,7.136,0.664,3.0,-0.005,24.401,-0.002,-0.069,222.689,0.28300000000000003,-0.535
00:00:09.858,1572873969625,-0.135,0.02,7.136,0.664,3.0,-0.006,24.399,-0.002,-0.069,223.095,0.282,-0.535
00:00:09.907,1572873969674,-0.135,0.02,7.136,0.664,3.0,-0.006,24.397,-0.002,-0.07,223.502,0.281,-0.535
00:00:09.908,1572873969675,-0.135,0.019,7.136,0.664,3.0,-0.006,24.395,-0.002,-0.07,223.909,0.28,-0.535
00:00:09.909,1572873969676,-0.135,0.019,7.136,0.664,3.0,-0.006,24.392,-0.002,-0.07,224.315,0.279,-0.535
00:00:09.957,1572873969724,-0.135,0.019,7.136,0.664,3.0,-0.006,24.391,-0.002,-0.07,224.595,0.278,-0.535
00:00:09.958,1572873969725,-0.135,0.019,7.136,0.664,3.0,-0.006,24.389,-0.002,-0.071,225.001,0.277,-0.535
00:00:09.959,1572873969726,-0.135,0.018000000000000002,7.136,0.664,3.0,-0.006,24.386,-0.002,-0.071,225.408,0.275,-0.535
00:00:10.007,1572873969774,-0.135,0.018000000000000002,7.136,0.664,3.0,-0.006,24.384,-0.002,-0.071,225.814,0.274,-0.535
00:00:10.008,1572873969775,-0.135,0.018000000000000002,7.136,0.664,3.0,-0.006,24.382,-0.002,-0.071,226.22,0.273,-0.535
00:00:10.009,1572873969776,-0.135,0.018000000000000002,7.136,0.664,3.0,-0.006,24.38,-0.002,-0.07200000000000001,226.627,0.272,-0.535
00:00:10.064,1572873969831,-0.135,0.018000000000000002,6.916,0.664,3.0,-0.006,24.377,-0.002,-0.07200000000000001,227.033,0.271,-0.535
00:00:10.065,1572873969832,-0.135,0.018000000000000002,6.916,0.664,3.0,-0.006,24.375,-0.002,-0.07200000000000001,227.439,0.27,-0.535
00:00:10.066,1572873969833,-0.136,0.018000000000000002,6.916,0.664,3.0,-0.006,24.373,-0.002,-0.07200000000000001,227.845,0.268,-0.535
00:00:10.109,1572873969876,-0.13699999999999998,0.018000000000000002,6.916,0.664,3.0,-0.006,24.371,-0.002,-0.073,228.252,0.267,-0.535
00:00:10.110,1572873969877,-0.139,0.018000000000000002,6.916,0.664,3.0,-0.006,24.368,-0.002,-0.073,228.658,0.266,-0.535
00:00:10.111,1572873969878,-0.14,0.018000000000000002,6.916,0.664,3.0,-0.006,24.366,-0.002,-0.073,229.064,0.265,-0.535
00:00:10.157,1572873969924,-0.141,0.017,6.1110000000000015,0.664,3.0,-0.006,24.363000000000003,-0.002,-0.073,229.47,0.264,-0.535
00:00:10.158,1572873969925,-0.142,0.017,6.1110000000000015,0.664,3.0,-0.006,24.361,-0.002,-0.073,229.876,0.263,-0.535
00:00:10.159,1572873969926,-0.145,0.017,6.1110000000000015,0.664,3.0,-0.006,24.359,-0.002,-0.07400000000000001,230.282,0.262,-0.535
00:00:10.208,1572873969975,-0.149,0.017,6.1110000000000015,0.664,3.0,-0.006,24.356,-0.002,-0.07400000000000001,230.688,0.26,-0.535
00:00:10.209,1572873969976,-0.155,0.017,6.1110000000000015,0.664,3.0,-0.006,24.353,-0.002,-0.07400000000000001,231.094,0.259,-0.535
00:00:10.210,1572873969977,-0.159,0.017,6.1110000000000015,0.664,3.0,-0.006,24.351,-0.002,-0.07400000000000001,231.5,0.258,-0.535
00:00:10.260,1572873970027,-0.163,0.017,5.085,0.664,3.0,-0.006,24.34800000000001,-0.002,-0.075,231.906,0.257,-0.535
00:00:10.261,1572873970028,-0.166,0.017,5.085,0.664,3.0,-0.006,24.345,-0.002,-0.075,232.311,0.256,-0.535
00:00:10.262,1572873970029,-0.17,0.017,5.085,0.664,3.0,-0.006,24.342,-0.002,-0.075,232.717,0.255,-0.535
00:00:10.263,1572873970030,-0.175,0.017,5.085,0.664,3.0,-0.006,24.339,-0.002,-0.076,233.123,0.254,-0.535
00:00:10.315,1572873970082,-0.181,0.017,5.085,0.664,3.0,-0.006,24.336,-0.002,-0.076,233.528,0.253,-0.535
00:00:10.316,1572873970083,-0.187,0.017,5.085,0.664,3.0,-0.006,24.333,-0.002,-0.076,233.93400000000003,0.252,-0.535
00:00:10.317,1572873970084,-0.191,0.017,3.254,0.664,3.0,-0.006,24.33,-0.002,-0.077,234.34,0.251,-0.535
00:00:10.365,1572873970132,-0.196,0.017,3.254,0.664,3.0,-0.006,24.326,-0.002,-0.077,234.745,0.25,-0.535
00:00:10.366,1572873970133,-0.202,0.017,3.254,0.664,3.0,-0.006,24.323,-0.002,-0.078,235.15,0.248,-0.535
00:00:10.367,1572873970134,-0.228,0.017,3.254,0.664,3.0,-0.006,24.318,-0.002,-0.078,235.581,0.247,-0.535
00:00:10.415,1572873970182,-0.251,0.017,3.254,0.664,3.0,-0.006,24.314,-0.002,-0.079,235.961,0.246,-0.535
00:00:10.416,1572873970183,-0.255,0.017,3.254,0.664,3.0,-0.006,24.31,-0.002,-0.08,236.366,0.245,-0.535
00:00:10.417,1572873970184,-0.25,0.017,2.595,0.664,3.0,-0.006,24.306,-0.002,-0.08,236.771,0.244,-0.535
00:00:10.466,1572873970233,-0.259,0.017,2.595,0.664,3.0,-0.006,24.301,-0.002,-0.081,237.176,0.243,-0.535
00:00:10.467,1572873970234,-0.273,0.017,2.595,0.664,3.0,-0.006,24.297,-0.002,-0.08199999999999999,237.581,0.242,-0.535
00:00:10.468,1572873970235,-0.273,0.017,2.595,0.664,3.0,-0.006,24.292,-0.002,-0.083,237.986,0.241,-0.535
00:00:10.516,1572873970283,-0.275,0.018000000000000002,2.595,0.664,3.0,-0.006,24.287,-0.002,-0.084,238.416,0.24,-0.535
00:00:10.517,1572873970284,-0.275,0.018000000000000002,2.595,0.664,3.0,-0.006999999999999999,24.283,-0.002,-0.085,238.796,0.239,-0.535
00:00:10.518,1572873970285,-0.276,0.018000000000000002,2.595,0.664,3.0,-0.006999999999999999,24.278,-0.002,-0.086,239.226,0.238,-0.535
00:00:10.567,1572873970334,-0.276,0.018000000000000002,2.595,0.664,3.0,-0.006999999999999999,24.273000000000003,-0.002,-0.087,239.63,0.237,-0.535
00:00:10.568,1572873970335,-0.276,0.018000000000000002,2.595,0.664,3.0,-0.006999999999999999,24.269,-0.002,-0.08800000000000001,240.01,0.236,-0.535
00:00:10.569,1572873970336,-0.276,0.018000000000000002,2.595,0.664,3.0,-0.006999999999999999,24.264,-0.002,-0.08800000000000001,240.439,0.235,-0.535
00:00:10.618,1572873970385,-0.276,0.018000000000000002,2.595,0.664,3.0,-0.006999999999999999,24.26,-0.002,-0.08900000000000001,240.844,0.234,-0.535
00:00:10.619,1572873970386,-0.276,0.018000000000000002,2.595,0.664,3.0,-0.006999999999999999,24.255,-0.002,-0.09,241.223,0.233,-0.535
00:00:10.620,1572873970387,-0.276,0.018000000000000002,2.595,0.664,3.0,-0.006999999999999999,24.25,-0.002,-0.091,241.652,0.232,-0.535
00:00:10.670,1572873970437,-0.276,0.018000000000000002,2.595,0.664,3.0,-0.006999999999999999,24.246,-0.002,-0.091,242.031,0.231,-0.535
00:00:10.671,1572873970438,-0.276,0.018000000000000002,2.595,0.664,3.0,-0.006999999999999999,24.242,-0.002,-0.092,242.435,0.23,-0.535
00:00:10.672,1572873970439,-0.275,0.018000000000000002,2.595,0.664,3.0,-0.006999999999999999,24.237,-0.002,-0.093,242.864,0.229,-0.535
00:00:10.718,1572873970485,-0.275,0.018000000000000002,2.595,0.664,3.0,-0.006999999999999999,24.232,-0.002,-0.093,243.243,0.228,-0.535
00:00:10.719,1572873970486,-0.275,0.018000000000000002,2.595,0.664,3.0,-0.006999999999999999,24.228,-0.002,-0.094,243.647,0.227,-0.535
00:00:10.720,1572873970487,-0.275,0.018000000000000002,2.595,0.664,3.0,-0.006999999999999999,24.22300000000001,-0.002,-0.094,244.076,0.226,-0.535
00:00:10.773,1572873970540,-0.275,0.018000000000000002,2.595,0.664,3.0,-0.006999999999999999,24.219,-0.002,-0.094,244.454,0.225,-0.535
00:00:10.774,1572873970541,-0.275,0.018000000000000002,2.595,0.664,3.0,-0.006999999999999999,24.214,-0.002,-0.095,244.858,0.224,-0.535
00:00:10.775,1572873970542,-0.275,0.018000000000000002,2.595,0.664,3.0,-0.006999999999999999,24.209,-0.002,-0.095,245.287,0.223,-0.535
00:00:10.820,1572873970587,-0.275,0.018000000000000002,2.595,0.664,3.0,-0.006999999999999999,24.205,-0.002,-0.095,245.665,0.222,-0.535
00:00:10.821,1572873970588,-0.275,0.018000000000000002,2.595,0.664,3.0,-0.006999999999999999,24.2,-0.002,-0.095,246.068,0.222,-0.535
00:00:10.822,1572873970589,-0.275,0.018000000000000002,2.595,0.664,3.0,-0.006999999999999999,24.196,-0.002,-0.095,246.472,0.221,-0.535
00:00:10.869,1572873970636,-0.275,0.018000000000000002,2.595,0.664,3.0,-0.006999999999999999,24.191,-0.002,-0.095,246.9,0.22,-0.535
00:00:10.870,1572873970637,-0.275,0.018000000000000002,2.595,0.664,3.0,-0.006999999999999999,24.186,-0.002,-0.095,247.303,0.219,-0.535
00:00:10.871,1572873970638,-0.275,0.018000000000000002,2.595,0.664,3.0,-0.006999999999999999,24.182,-0.002,-0.095,247.706,0.218,-0.535
00:00:10.919,1572873970686,-0.275,0.018000000000000002,2.595,0.664,3.0,-0.006999999999999999,24.177,-0.002,-0.095,248.109,0.217,-0.535
00:00:10.920,1572873970687,-0.275,0.018000000000000002,2.595,0.664,3.0,-0.006999999999999999,24.173,-0.002,-0.095,248.487,0.21600000000000005,-0.535
00:00:10.921,1572873970688,-0.274,0.018000000000000002,2.595,0.664,3.0,-0.006999999999999999,24.16800000000001,-0.002,-0.094,248.915,0.215,-0.535
00:00:10.970,1572873970737,-0.274,0.018000000000000002,2.595,0.664,3.0,-0.006999999999999999,24.164,-0.002,-0.094,249.293,0.214,-0.535
00:00:10.971,1572873970738,-0.274,0.018000000000000002,2.595,0.664,3.0,-0.006999999999999999,24.159,-0.002,-0.094,249.695,0.213,-0.535
00:00:10.972,1572873970739,-0.274,0.018000000000000002,2.595,0.664,3.0,-0.006999999999999999,24.154,-0.002,-0.094,250.123,0.212,-0.535
00:00:11.024,1572873970791,-0.274,0.018000000000000002,2.595,0.664,3.0,-0.006999999999999999,24.15,-0.002,-0.093,250.501,0.212,-0.535
00:00:11.025,1572873970792,-0.274,0.018000000000000002,2.595,0.664,3.0,-0.006999999999999999,24.145,-0.002,-0.093,250.903,0.211,-0.535
00:00:11.026,1572873970793,-0.274,0.018000000000000002,2.815,0.664,3.0,-0.006999999999999999,24.141,-0.002,-0.093,251.305,0.21,-0.535
00:00:11.080,1572873970847,-0.271,0.018000000000000002,2.815,0.664,3.0,-0.006999999999999999,24.136,-0.002,-0.093,251.708,0.209,-0.535
00:00:11.081,1572873970848,-0.268,0.018000000000000002,2.815,0.664,3.0,-0.006999999999999999,24.132,-0.002,-0.092,252.11,0.208,-0.535
00:00:11.082,1572873970849,-0.267,0.018000000000000002,2.815,0.664,3.0,-0.006999999999999999,24.127,-0.002,-0.092,252.537,0.207,-0.535
00:00:11.083,1572873970850,-0.266,0.019,2.815,0.664,3.0,-0.006999999999999999,24.123,-0.002,-0.092,252.914,0.207,-0.535
00:00:11.135,1572873970902,-0.266,0.019,2.815,0.664,3.0,-0.006999999999999999,24.119,-0.002,-0.092,253.316,0.206,-0.535
00:00:11.136,1572873970903,-0.266,0.02,2.815,0.664,3.0,-0.006999999999999999,24.114,-0.002,-0.091,253.743,0.205,-0.535
00:00:11.137,1572873970904,-0.266,0.021,2.815,0.664,3.0,-0.006999999999999999,24.109,-0.002,-0.091,254.145,0.204,-0.535
00:00:11.189,1572873970956,-0.266,0.021,2.815,0.664,3.0,-0.006999999999999999,24.105,-0.002,-0.091,254.522,0.203,-0.535
00:00:11.190,1572873970957,-0.266,0.023,2.815,0.664,3.0,-0.006999999999999999,24.101,-0.002,-0.091,254.949,0.202,-0.535
00:00:11.191,1572873970958,-0.266,0.024,2.815,0.664,3.0,-0.006999999999999999,24.096,-0.002,-0.09,255.35,0.202,-0.535
00:00:11.231,1572873970998,-0.266,0.025,2.815,0.664,3.0,-0.006999999999999999,24.092,-0.002,-0.09,255.727,0.201,-0.535
00:00:11.232,1572873970999,-0.266,0.026,2.815,0.664,3.0,-0.006999999999999999,24.087,-0.002,-0.09,256.153,0.2,-0.535
00:00:11.233,1572873971000,-0.266,0.027000000000000003,2.815,0.664,3.0,-0.006999999999999999,24.083,-0.002,-0.09,256.53,0.199,-0.535
00:00:11.281,1572873971048,-0.265,0.028,2.815,0.664,3.0,-0.006999999999999999,24.079,-0.002,-0.09,256.956,0.198,-0.535
00:00:11.282,1572873971049,-0.265,0.03,2.815,0.664,3.0,-0.006999999999999999,24.074,-0.002,-0.09,257.357,0.198,-0.535
00:00:11.283,1572873971050,-0.265,0.031,2.815,0.664,3.0,-0.008,24.07,-0.002,-0.08900000000000001,257.733,0.197,-0.535
00:00:11.332,1572873971099,-0.265,0.032,2.815,0.664,3.0,-0.008,24.066,-0.002,-0.08900000000000001,258.135,0.196,-0.535
00:00:11.333,1572873971100,-0.265,0.033,2.815,0.664,3.0,-0.008,24.061,-0.002,-0.08900000000000001,258.561,0.195,-0.535
00:00:11.334,1572873971101,-0.265,0.034,2.815,0.664,3.0,-0.008,24.056,-0.002,-0.08900000000000001,258.962,0.195,-0.535
00:00:11.390,1572873971157,-0.265,0.035,2.815,0.664,3.0,-0.008,24.052,-0.002,-0.08900000000000001,259.338,0.194,-0.535
00:00:11.391,1572873971158,-0.265,0.036000000000000004,2.815,0.664,3.0,-0.009000000000000001,24.048,-0.002,-0.08900000000000001,259.738,0.193,-0.535
00:00:11.392,1572873971159,-0.265,0.036000000000000004,2.815,0.664,3.0,-0.009000000000000001,24.04300000000001,-0.002,-0.08900000000000001,260.139,0.193,-0.535
00:00:11.433,1572873971200,-0.265,0.037000000000000005,2.815,0.664,3.0,-0.009000000000000001,24.039,-0.002,-0.08900000000000001,260.54,0.192,-0.535
00:00:11.434,1572873971201,-0.265,0.037000000000000005,2.815,0.664,3.0,-0.009000000000000001,24.034,-0.003,-0.08900000000000001,260.965,0.191,-0.535
00:00:11.435,1572873971202,-0.265,0.038,2.815,0.664,3.0,-0.01,24.03,-0.003,-0.08900000000000001,261.366,0.19,-0.535
00:00:11.486,1572873971253,-0.265,0.038,2.815,0.664,3.0,-0.01,24.026,-0.003,-0.08900000000000001,261.741,0.19,-0.535
00:00:11.487,1572873971254,-0.265,0.039,2.815,0.664,3.0,-0.01,24.021,-0.003,-0.08900000000000001,262.16700000000003,0.189,-0.535
00:00:11.488,1572873971255,-0.265,0.04,2.815,0.664,3.0,-0.01,24.017,-0.003,-0.09,262.567,0.189,-0.535
00:00:11.536,1572873971303,-0.265,0.04,2.815,0.664,3.0,-0.01,24.013,-0.003,-0.09,262.942,0.188,-0.535
00:00:11.537,1572873971304,-0.264,0.041,2.815,0.664,3.0,-0.011,24.00800000000001,-0.004,-0.09,263.368,0.187,-0.535
00:00:11.538,1572873971305,-0.264,0.042,2.815,0.664,3.0,-0.011,24.003,-0.004,-0.09,263.768,0.187,-0.535
00:00:11.586,1572873971353,-0.264,0.042,2.815,0.664,3.0,-0.011,23.999,-0.004,-0.09,264.143,0.18600000000000005,-0.535
00:00:11.587,1572873971354,-0.264,0.042,2.815,0.664,3.0,-0.011,23.995,-0.004,-0.09,264.543,0.18600000000000005,-0.535
00:00:11.588,1572873971355,-0.264,0.043,2.815,0.664,3.0,-0.012,23.99,-0.004,-0.09,264.968,0.185,-0.535
00:00:11.637,1572873971404,-0.264,0.043,2.815,0.664,3.0,-0.012,23.986,-0.004,-0.09,265.342,0.184,-0.535
00:00:11.638,1572873971405,-0.264,0.043,3.108,0.664,3.0,-0.012,23.981,-0.004,-0.09,265.767,0.184,-0.535
00:00:11.639,1572873971406,-0.26,0.043,3.108,0.664,3.0,-0.012,23.977,-0.004,-0.09,266.16700000000003,0.183,-0.535
00:00:11.689,1572873971456,-0.257,0.043,3.108,0.664,3.0,-0.012,23.97300000000001,-0.004,-0.09,266.541,0.183,-0.535
00:00:11.690,1572873971457,-0.255,0.043,3.108,0.664,3.0,-0.012,23.969,-0.004,-0.09,266.966,0.182,-0.535
00:00:11.691,1572873971458,-0.254,0.043,3.108,0.664,3.0,-0.013,23.965,-0.004,-0.09,267.365,0.182,-0.535
00:00:11.738,1572873971505,-0.254,0.043,3.108,0.664,3.0,-0.013,23.961,-0.004,-0.09,267.74,0.181,-0.535
00:00:11.739,1572873971506,-0.254,0.042,3.62,0.664,3.0,-0.013,23.956,-0.004,-0.09,268.164,0.181,-0.535
00:00:11.740,1572873971507,-0.251,0.042,3.62,0.664,3.0,-0.013,23.952,-0.004,-0.09,268.563,0.18,-0.535
00:00:11.789,1572873971556,-0.245,0.042,3.62,0.664,3.0,-0.013,23.948,-0.004,-0.08900000000000001,268.962,0.18,-0.535
00:00:11.790,1572873971557,-0.238,0.041,3.62,0.664,3.0,-0.013,23.94400000000001,-0.004,-0.08900000000000001,269.361,0.18,-0.535
00:00:11.791,1572873971558,-0.234,0.041,3.62,0.664,3.0,-0.013,23.94,-0.004,-0.08900000000000001,269.761,0.179,-0.535
00:00:11.839,1572873971606,-0.233,0.041,3.62,0.664,3.0,-0.013,23.937,-0.004,-0.08900000000000001,270.135,0.179,-0.535
00:00:11.840,1572873971607,-0.235,0.04,3.767,0.664,3.0,-0.013,23.932,-0.004,-0.08800000000000001,270.558,0.17800000000000002,-0.535
00:00:11.841,1572873971608,-0.234,0.04,3.767,0.664,3.0,-0.014,23.929,-0.004,-0.08800000000000001,270.957,0.17800000000000002,-0.535
00:00:11.895,1572873971662,-0.232,0.039,3.767,0.664,3.0,-0.014,23.925,-0.004,-0.087,271.356,0.17800000000000002,-0.535
00:00:11.896,1572873971663,-0.231,0.039,3.767,0.664,3.0,-0.014,23.921,-0.004,-0.087,271.755,0.177,-0.535
00:00:11.897,1572873971664,-0.23,0.038,3.767,0.664,3.0,-0.014,23.917,-0.004,-0.087,272.153,0.177,-0.535
00:00:11.962,1572873971729,-0.23,0.037000000000000005,3.767,0.664,3.0,-0.014,23.913,-0.004,-0.086,272.552,0.17600000000000002,-0.535
00:00:11.963,1572873971730,-0.23,0.037000000000000005,3.767,0.664,3.0,-0.014,23.909,-0.004,-0.086,272.95,0.17600000000000002,-0.535
00:00:11.964,1572873971731,-0.231,0.036000000000000004,3.767,0.664,3.0,-0.014,23.906,-0.004,-0.085,273.349,0.17600000000000002,-0.535
00:00:11.965,1572873971732,-0.231,0.036000000000000004,3.767,0.664,3.0,-0.014,23.902,-0.004,-0.085,273.747,0.175,-0.535
00:00:12.006,1572873971773,-0.23,0.036000000000000004,3.767,0.664,3.0,-0.014,23.898000000000003,-0.003,-0.085,274.146,0.175,-0.535
00:00:12.007,1572873971774,-0.23,0.035,3.767,0.664,3.0,-0.014,23.894,-0.003,-0.084,274.54400000000004,0.175,-0.535
00:00:12.008,1572873971775,-0.231,0.035,3.767,0.664,3.0,-0.014,23.89,-0.003,-0.084,274.942,0.175,-0.535
00:00:12.057,1572873971824,-0.23,0.035,3.767,0.664,3.0,-0.014,23.886,-0.003,-0.084,275.34,0.174,-0.535
00:00:12.058,1572873971825,-0.23,0.035,3.767,0.664,3.0,-0.014,23.88300000000001,-0.003,-0.084,275.738,0.174,-0.535
00:00:12.059,1572873971826,-0.231,0.034,3.767,0.664,3.0,-0.014,23.879,-0.003,-0.083,276.136,0.174,-0.535
00:00:12.111,1572873971878,-0.23,0.034,3.767,0.664,3.0,-0.014,23.875,-0.003,-0.083,276.534,0.174,-0.535
00:00:12.112,1572873971879,-0.23,0.033,3.767,0.664,3.0,-0.014,23.871,-0.003,-0.083,276.932,0.173,-0.535
00:00:12.113,1572873971880,-0.23,0.033,3.767,0.664,3.0,-0.013,23.867,-0.003,-0.083,277.33,0.173,-0.535
00:00:12.159,1572873971926,-0.23,0.032,3.767,0.664,3.0,-0.013,23.863000000000003,-0.003,-0.083,277.728,0.173,-0.535
00:00:12.160,1572873971927,-0.23,0.032,3.767,0.664,3.0,-0.013,23.86,-0.003,-0.083,278.125,0.173,-0.535
00:00:12.161,1572873971928,-0.23,0.032,3.767,0.664,3.0,-0.013,23.856,-0.003,-0.083,278.523,0.172,-0.535
00:00:12.211,1572873971978,-0.23,0.032,3.767,0.664,3.0,-0.013,23.852,-0.003,-0.083,278.921,0.172,-0.535
00:00:12.212,1572873971979,-0.23,0.032,3.767,0.664,3.0,-0.013,23.84800000000001,-0.003,-0.083,279.318,0.172,-0.535
00:00:12.213,1572873971980,-0.229,0.032,3.767,0.664,3.0,-0.013,23.844,-0.003,-0.083,279.716,0.172,-0.535
00:00:12.214,1572873971981,-0.229,0.031,3.767,0.664,3.0,-0.013,23.84,-0.003,-0.083,280.113,0.172,-0.535
00:00:12.267,1572873972034,-0.23,0.031,3.767,0.664,3.0,-0.013,23.837,-0.003,-0.083,280.51,0.171,-0.535
00:00:12.268,1572873972035,-0.23,0.031,3.767,0.664,3.0,-0.013,23.833,-0.003,-0.083,280.908,0.171,-0.535
00:00:12.269,1572873972036,-0.229,0.031,3.767,0.664,3.0,-0.013,23.829,-0.003,-0.083,281.305,0.171,-0.535
00:00:12.315,1572873972082,-0.229,0.031,3.767,0.664,3.0,-0.013,23.825,-0.003,-0.084,281.702,0.171,-0.535
00:00:12.316,1572873972083,-0.229,0.031,3.767,0.664,3.0,-0.013,23.821,-0.003,-0.084,282.099,0.171,-0.535
00:00:12.317,1572873972084,-0.23,0.031,3.767,0.664,3.0,-0.013,23.817,-0.003,-0.084,282.496,0.171,-0.535
00:00:12.366,1572873972133,-0.229,0.031,3.767,0.664,3.0,-0.013,23.814,-0.003,-0.084,282.893,0.171,-0.535
00:00:12.367,1572873972134,-0.229,0.031,3.767,0.664,3.0,-0.013,23.81,-0.003,-0.084,283.29,0.171,-0.535
00:00:12.368,1572873972135,-0.228,0.031,3.767,0.664,3.0,-0.013,23.806,-0.003,-0.084,283.686,0.171,-0.535
00:00:12.416,1572873972183,-0.229,0.031,3.767,0.664,3.0,-0.013,23.802,-0.003,-0.084,284.083,0.17,-0.535
00:00:12.417,1572873972184,-0.229,0.031,3.767,0.664,3.0,-0.013,23.798,-0.003,-0.084,284.48,0.17,-0.535
00:00:12.418,1572873972185,-0.229,0.031,3.767,0.664,3.0,-0.013,23.795,-0.003,-0.084,284.876,0.17,-0.535
00:00:12.467,1572873972234,-0.228,0.031,3.767,0.664,3.0,-0.013,23.791,-0.003,-0.084,285.273,0.17,-0.535
00:00:12.468,1572873972235,-0.228,0.031,3.767,0.664,3.0,-0.013,23.787,-0.003,-0.084,285.67,0.17,-0.535
00:00:12.469,1572873972236,-0.228,0.032,3.767,0.664,3.0,-0.013,23.783,-0.003,-0.084,286.066,0.17,-0.535
00:00:12.518,1572873972285,-0.228,0.032,3.767,0.664,3.0,-0.013,23.779,-0.003,-0.084,286.462,0.17,-0.535
00:00:12.519,1572873972286,-0.228,0.032,3.767,0.664,3.0,-0.013,23.776,-0.003,-0.084,286.8590000000001,0.17,-0.535
00:00:12.520,1572873972287,-0.228,0.032,3.767,0.664,3.0,-0.013,23.772,-0.003,-0.084,287.255,0.17,-0.535
00:00:12.568,1572873972335,-0.228,0.032,3.767,0.664,3.0,-0.013,23.768,-0.003,-0.084,287.651,0.17,-0.535
00:00:12.569,1572873972336,-0.228,0.032,3.767,0.664,3.0,-0.013,23.764,-0.003,-0.084,288.047,0.17,-0.535
00:00:12.570,1572873972337,-0.228,0.032,3.767,0.664,3.0,-0.013,23.76,-0.003,-0.084,288.443,0.17,-0.535
00:00:12.618,1572873972385,-0.228,0.032,3.767,0.664,3.0,-0.013,23.757,-0.003,-0.084,288.839,0.17,-0.535
00:00:12.619,1572873972386,-0.229,0.032,3.767,0.664,3.0,-0.012,23.753,-0.003,-0.084,289.235,0.17,-0.535
00:00:12.620,1572873972387,-0.229,0.031,3.767,0.664,3.0,-0.012,23.749,-0.003,-0.084,289.631,0.17,-0.535
00:00:12.668,1572873972435,-0.228,0.031,3.767,0.664,3.0,-0.012,23.745,-0.003,-0.084,290.027,0.17,-0.535
00:00:12.669,1572873972436,-0.228,0.031,3.767,0.664,3.0,-0.012,23.741,-0.003,-0.084,290.422,0.17,-0.535
00:00:12.670,1572873972437,-0.227,0.031,3.767,0.664,3.0,-0.012,23.738000000000003,-0.003,-0.084,290.818,0.17,-0.535
00:00:12.719,1572873972486,-0.227,0.031,3.767,0.664,3.0,-0.012,23.734,-0.003,-0.084,291.214,0.17,-0.535
00:00:12.720,1572873972487,-0.227,0.032,3.767,0.664,3.0,-0.012,23.73,-0.003,-0.084,291.6090000000001,0.171,-0.535
00:00:12.721,1572873972488,-0.227,0.032,3.767,0.664,3.0,-0.012,23.726,-0.003,-0.084,292.005,0.171,-0.535
00:00:12.775,1572873972542,-0.227,0.032,3.767,0.664,3.0,-0.012,23.722,-0.003,-0.084,292.4,0.171,-0.535
00:00:12.776,1572873972543,-0.227,0.032,3.767,0.664,3.0,-0.012,23.719,-0.003,-0.084,292.795,0.171,-0.535
00:00:12.777,1572873972544,-0.227,0.032,3.767,0.664,3.0,-0.012,23.715,-0.003,-0.084,293.191,0.171,-0.535
00:00:12.831,1572873972598,-0.227,0.032,3.767,0.664,3.0,-0.012,23.711,-0.003,-0.084,293.586,0.171,-0.535
00:00:12.832,1572873972599,-0.227,0.032,3.767,0.664,3.0,-0.012,23.707,-0.003,-0.084,293.981,0.171,-0.535
00:00:12.833,1572873972600,-0.227,0.032,3.767,0.664,3.0,-0.012,23.704,-0.003,-0.084,294.376,0.171,-0.535
00:00:12.834,1572873972601,-0.227,0.032,3.767,0.664,3.0,-0.012,23.7,-0.003,-0.084,294.771,0.171,-0.535
00:00:12.882,1572873972649,-0.227,0.031,3.767,0.664,3.0,-0.012,23.696,-0.003,-0.084,295.166,0.172,-0.535
00:00:12.883,1572873972650,-0.227,0.031,3.767,0.664,3.0,-0.012,23.692,-0.003,-0.084,295.561,0.172,-0.535
00:00:12.884,1572873972651,-0.227,0.031,3.767,0.664,3.0,-0.012,23.688,-0.003,-0.084,295.956,0.172,-0.535
00:00:12.932,1572873972699,-0.227,0.031,3.767,0.664,3.0,-0.012,23.685,-0.003,-0.084,296.351,0.172,-0.535
00:00:12.933,1572873972700,-0.227,0.031,3.62,0.664,3.0,-0.012,23.681,-0.003,-0.084,296.745,0.172,-0.535
00:00:12.934,1572873972701,-0.228,0.031,3.62,0.664,3.0,-0.012,23.677,-0.003,-0.084,297.14,0.173,-0.535
00:00:12.982,1572873972749,-0.231,0.031,3.62,0.664,3.0,-0.012,23.673,-0.003,-0.084,297.535,0.173,-0.535
00:00:12.983,1572873972750,-0.231,0.031,3.62,0.664,3.0,-0.012,23.669,-0.003,-0.084,297.9290000000001,0.173,-0.535
00:00:12.984,1572873972751,-0.231,0.031,3.62,0.664,3.0,-0.012,23.665,-0.003,-0.084,298.324,0.173,-0.535
00:00:13.034,1572873972801,-0.231,0.031,3.62,0.664,3.0,-0.012,23.662,-0.003,-0.084,298.718,0.174,-0.535
00:00:13.035,1572873972802,-0.232,0.032,2.9610000000000003,0.664,3.0,-0.012,23.658,-0.003,-0.084,299.112,0.174,-0.535
00:00:13.036,1572873972803,-0.243,0.032,2.9610000000000003,0.664,3.0,-0.012,23.653,-0.003,-0.084,299.507,0.174,-0.535
00:00:13.090,1572873972857,-0.25,0.032,2.9610000000000003,0.664,3.0,-0.012,23.649,-0.003,-0.084,299.901,0.174,-0.535
00:00:13.091,1572873972858,-0.251,0.032,2.9610000000000003,0.664,3.0,-0.012,23.645,-0.003,-0.084,300.295,0.175,-0.535
00:00:13.092,1572873972859,-0.252,0.032,2.9610000000000003,0.664,3.0,-0.012,23.641,-0.003,-0.084,300.689,0.175,-0.535
00:00:13.133,1572873972900,-0.252,0.032,2.9610000000000003,0.664,3.0,-0.012,23.637,-0.003,-0.084,301.083,0.175,-0.535
00:00:13.134,1572873972901,-0.253,0.032,2.595,0.664,3.0,-0.012,23.632,-0.003,-0.085,301.4770000000001,0.175,-0.535
00:00:13.135,1572873972902,-0.258,0.032,2.595,0.664,3.0,-0.012,23.628,-0.003,-0.085,301.871,0.17600000000000002,-0.535
00:00:13.190,1572873972957,-0.262,0.032,2.595,0.664,3.0,-0.012,23.624,-0.003,-0.085,302.264,0.17600000000000002,-0.535
00:00:13.191,1572873972958,-0.264,0.033,2.595,0.664,3.0,-0.012,23.619,-0.003,-0.085,302.658,0.17600000000000002,-0.535
00:00:13.192,1572873972959,-0.265,0.033,2.595,0.664,3.0,-0.012,23.615,-0.003,-0.086,303.052,0.177,-0.535
00:00:13.240,1572873973007,-0.265,0.033,2.595,0.664,3.0,-0.012,23.61,-0.003,-0.086,303.445,0.177,-0.535
00:00:13.241,1572873973008,-0.266,0.034,1.936,0.664,3.0,-0.012,23.606,-0.003,-0.086,303.839,0.177,-0.535
00:00:13.242,1572873973009,-0.276,0.034,1.936,0.664,3.0,-0.013,23.601,-0.003,-0.087,304.232,0.17800000000000002,-0.535
00:00:13.291,1572873973058,-0.28300000000000003,0.035,1.936,0.664,3.0,-0.013,23.596,-0.003,-0.087,304.625,0.17800000000000002,-0.535
00:00:13.292,1572873973059,-0.28600000000000003,0.035,1.936,0.664,3.0,-0.013,23.591,-0.003,-0.087,305.019,0.179,-0.535
00:00:13.293,1572873973060,-0.287,0.035,1.936,0.664,3.0,-0.013,23.587,-0.003,-0.08800000000000001,305.4120000000001,0.179,-0.535
00:00:13.341,1572873973108,-0.287,0.035,1.936,0.664,3.0,-0.013,23.582,-0.003,-0.08800000000000001,305.805,0.179,-0.535
00:00:13.342,1572873973109,-0.287,0.035,1.936,0.664,3.0,-0.013,23.577,-0.003,-0.08900000000000001,306.198,0.18,-0.535
00:00:13.343,1572873973110,-0.287,0.035,1.936,0.664,3.0,-0.013,23.572,-0.003,-0.08900000000000001,306.591,0.18,-0.535
00:00:13.391,1572873973158,-0.287,0.035,1.936,0.664,3.0,-0.013,23.568,-0.003,-0.08900000000000001,306.9840000000001,0.181,-0.535
00:00:13.392,1572873973159,-0.287,0.035,1.936,0.664,3.0,-0.013,23.563,-0.003,-0.09,307.376,0.181,-0.535
00:00:13.393,1572873973160,-0.287,0.035,1.936,0.664,3.0,-0.013,23.558000000000003,-0.003,-0.09,307.769,0.182,-0.535
00:00:13.441,1572873973208,-0.287,0.035,1.936,0.664,3.0,-0.013,23.553,-0.003,-0.091,308.1620000000001,0.182,-0.535
00:00:13.442,1572873973209,-0.287,0.036000000000000004,1.936,0.664,3.0,-0.013,23.548,-0.003,-0.091,308.5540000000001,0.182,-0.535
00:00:13.443,1572873973210,-0.287,0.036000000000000004,1.936,0.664,3.0,-0.013,23.544,-0.003,-0.091,308.947,0.183,-0.535
00:00:13.492,1572873973259,-0.287,0.036000000000000004,1.936,0.664,3.0,-0.013,23.539,-0.003,-0.092,309.339,0.183,-0.535
00:00:13.493,1572873973260,-0.287,0.036000000000000004,1.936,0.664,3.0,-0.013,23.534,-0.003,-0.092,309.731,0.184,-0.535
00:00:13.494,1572873973261,-0.28600000000000003,0.036000000000000004,1.936,0.664,3.0,-0.013,23.529,-0.003,-0.092,310.123,0.184,-0.535
00:00:13.544,1572873973311,-0.28600000000000003,0.036000000000000004,1.936,0.664,3.0,-0.013,23.525,-0.003,-0.092,310.516,0.185,-0.535
00:00:13.545,1572873973312,-0.28600000000000003,0.036000000000000004,2.082,0.664,3.0,-0.013,23.52,-0.003,-0.092,310.908,0.185,-0.535
00:00:13.546,1572873973313,-0.284,0.037000000000000005,2.082,0.664,3.0,-0.013,23.515,-0.003,-0.092,311.3,0.18600000000000005,-0.535
00:00:13.547,1572873973314,-0.282,0.037000000000000005,2.082,0.664,3.0,-0.013,23.51,-0.003,-0.093,311.691,0.187,-0.535
00:00:13.596,1572873973363,-0.281,0.037000000000000005,2.082,0.664,3.0,-0.013,23.506,-0.003,-0.093,312.083,0.187,-0.535
00:00:13.597,1572873973364,-0.281,0.037000000000000005,2.082,0.664,3.0,-0.013,23.501,-0.003,-0.093,312.475,0.188,-0.535
00:00:13.598,1572873973365,-0.281,0.037000000000000005,2.082,0.664,3.0,-0.014,23.496,-0.003,-0.093,312.867,0.188,-0.535
00:00:13.647,1572873973414,-0.281,0.037000000000000005,2.302,0.664,3.0,-0.014,23.492,-0.003,-0.093,313.258,0.189,-0.535
00:00:13.648,1572873973415,-0.278,0.038,2.302,0.664,3.0,-0.014,23.487,-0.003,-0.092,313.65,0.189,-0.535
00:00:13.649,1572873973416,-0.275,0.038,2.302,0.664,3.0,-0.014,23.483,-0.003,-0.092,314.041,0.19,-0.535
00:00:13.698,1572873973465,-0.274,0.038,2.302,0.664,3.0,-0.014,23.478,-0.003,-0.092,314.432,0.191,-0.535
00:00:13.699,1572873973466,-0.273,0.038,2.302,0.664,3.0,-0.014,23.47300000000001,-0.003,-0.092,314.824,0.191,-0.535
00:00:13.700,1572873973467,-0.273,0.037000000000000005,2.302,0.664,3.0,-0.014,23.469,-0.003,-0.092,315.215,0.192,-0.535
00:00:13.747,1572873973514,-0.273,0.037000000000000005,2.448,0.664,3.0,-0.014,23.464,-0.003,-0.091,315.606,0.193,-0.535
00:00:13.748,1572873973515,-0.271,0.037000000000000005,2.448,0.664,3.0,-0.014,23.46,-0.003,-0.091,315.997,0.193,-0.535
00:00:13.749,1572873973516,-0.269,0.037000000000000005,2.448,0.664,3.0,-0.014,23.455,-0.003,-0.091,316.388,0.194,-0.535
00:00:13.797,1572873973564,-0.268,0.037000000000000005,2.448,0.664,3.0,-0.014,23.451,-0.003,-0.09,316.779,0.195,-0.535
00:00:13.798,1572873973565,-0.268,0.037000000000000005,2.448,0.664,3.0,-0.014,23.447,-0.003,-0.09,317.17,0.195,-0.535
00:00:13.799,1572873973566,-0.268,0.037000000000000005,2.448,0.664,3.0,-0.014,23.442,-0.003,-0.09,317.56,0.196,-0.535
00:00:13.853,1572873973620,-0.267,0.037000000000000005,2.448,0.664,3.0,-0.014,23.438,-0.003,-0.09,317.951,0.197,-0.535
00:00:13.854,1572873973621,-0.267,0.037000000000000005,2.448,0.664,3.0,-0.014,23.433000000000003,-0.003,-0.08900000000000001,318.342,0.198,-0.535
00:00:13.855,1572873973622,-0.267,0.037000000000000005,2.448,0.664,3.0,-0.014,23.429,-0.003,-0.08900000000000001,318.732,0.198,-0.535
00:00:13.898,1572873973665,-0.267,0.037000000000000005,2.448,0.664,3.0,-0.014,23.424,-0.003,-0.08900000000000001,319.123,0.199,-0.535
00:00:13.899,1572873973666,-0.267,0.037000000000000005,2.448,0.664,3.0,-0.014,23.42,-0.003,-0.08800000000000001,319.513,0.2,-0.535
00:00:13.900,1572873973667,-0.267,0.037000000000000005,2.448,0.664,3.0,-0.014,23.415,-0.003,-0.08800000000000001,319.903,0.201,-0.535
00:00:13.956,1572873973723,-0.267,0.037000000000000005,2.448,0.664,3.0,-0.014,23.411,-0.003,-0.08800000000000001,320.2940000000001,0.201,-0.535
00:00:13.957,1572873973724,-0.267,0.037000000000000005,2.448,0.664,3.0,-0.014,23.407,-0.003,-0.08800000000000001,320.684,0.202,-0.535
00:00:13.958,1572873973725,-0.267,0.037000000000000005,2.448,0.664,3.0,-0.014,23.402,-0.003,-0.087,321.074,0.203,-0.535
00:00:14.007,1572873973774,-0.267,0.037000000000000005,2.448,0.664,3.0,-0.014,23.398000000000003,-0.003,-0.087,321.464,0.204,-0.535
00:00:14.008,1572873973775,-0.267,0.037000000000000005,2.448,0.664,3.0,-0.014,23.393,-0.003,-0.087,321.8540000000001,0.204,-0.535
00:00:14.009,1572873973776,-0.267,0.037000000000000005,2.448,0.664,3.0,-0.014,23.389,-0.003,-0.087,322.244,0.205,-0.535
00:00:14.059,1572873973826,-0.267,0.037000000000000005,2.448,0.664,3.0,-0.014,23.384,-0.003,-0.087,322.633,0.206,-0.535
00:00:14.060,1572873973827,-0.267,0.037000000000000005,2.448,0.664,3.0,-0.014,23.38,-0.003,-0.087,323.023,0.207,-0.535
00:00:14.061,1572873973828,-0.267,0.037000000000000005,2.448,0.664,3.0,-0.014,23.375,-0.003,-0.087,323.413,0.208,-0.535
00:00:14.107,1572873973874,-0.267,0.036000000000000004,2.448,0.664,3.0,-0.014,23.371,-0.003,-0.087,323.802,0.209,-0.535
00:00:14.108,1572873973875,-0.266,0.036000000000000004,2.448,0.664,3.0,-0.014,23.367,-0.003,-0.087,324.192,0.21,-0.535
00:00:14.109,1572873973876,-0.266,0.036000000000000004,2.448,0.664,3.0,-0.014,23.362,-0.003,-0.087,324.581,0.21,-0.535
00:00:14.157,1572873973924,-0.266,0.036000000000000004,2.448,0.664,3.0,-0.014,23.358,-0.003,-0.087,324.97,0.211,-0.535
00:00:14.158,1572873973925,-0.266,0.036000000000000004,2.448,0.664,3.0,-0.014,23.353,-0.003,-0.087,325.36,0.212,-0.535
00:00:14.159,1572873973926,-0.266,0.036000000000000004,2.448,0.664,3.0,-0.014,23.349,-0.003,-0.087,325.749,0.213,-0.535
00:00:14.214,1572873973981,-0.266,0.036000000000000004,2.448,0.664,3.0,-0.014,23.344,-0.003,-0.087,326.138,0.214,-0.535
00:00:14.215,1572873973982,-0.266,0.036000000000000004,2.448,0.664,3.0,-0.014,23.34,-0.003,-0.087,326.527,0.215,-0.535
00:00:14.216,1572873973983,-0.266,0.036000000000000004,2.448,0.664,3.0,-0.014,23.335,-0.003,-0.087,326.916,0.21600000000000005,-0.535
00:00:14.261,1572873974028,-0.266,0.035,2.448,0.664,3.0,-0.014,23.331,-0.003,-0.087,327.305,0.217,-0.535
00:00:14.262,1572873974029,-0.266,0.035,2.448,0.664,3.0,-0.014,23.327,-0.003,-0.087,327.694,0.218,-0.535
00:00:14.263,1572873974030,-0.266,0.034,2.448,0.664,3.0,-0.014,23.322,-0.003,-0.087,328.082,0.219,-0.535
00:00:14.311,1572873974078,-0.265,0.034,2.448,0.664,3.0,-0.014,23.318,-0.003,-0.087,328.471,0.22,-0.535
00:00:14.312,1572873974079,-0.265,0.034,2.448,0.664,3.0,-0.014,23.313,-0.003,-0.087,328.86,0.221,-0.535
00:00:14.313,1572873974080,-0.265,0.034,2.448,0.664,3.0,-0.014,23.309,-0.003,-0.087,329.2480000000001,0.222,-0.535
00:00:14.359,1572873974126,-0.265,0.034,2.448,0.664,3.0,-0.014,23.305,-0.003,-0.08800000000000001,329.63699999999994,0.223,-0.535
00:00:14.360,1572873974127,-0.265,0.034,2.448,0.664,3.0,-0.014,23.3,-0.003,-0.08800000000000001,330.025,0.224,-0.535
00:00:14.361,1572873974128,-0.265,0.034,2.448,0.664,3.0,-0.014,23.296,-0.003,-0.08800000000000001,330.413,0.225,-0.535
00:00:14.410,1572873974177,-0.265,0.033,2.448,0.664,3.0,-0.014,23.291,-0.003,-0.08800000000000001,330.802,0.226,-0.535
00:00:14.411,1572873974178,-0.265,0.033,2.448,0.664,3.0,-0.014,23.287,-0.003,-0.08800000000000001,331.19,0.227,-0.535
00:00:14.412,1572873974179,-0.265,0.033,2.448,0.664,3.0,-0.014,23.282,-0.003,-0.08800000000000001,331.5780000000001,0.228,-0.535
00:00:14.413,1572873974180,-0.265,0.033,2.448,0.664,3.0,-0.013,23.278,-0.003,-0.08800000000000001,331.966,0.229,-0.535
00:00:14.460,1572873974227,-0.265,0.033,2.448,0.664,3.0,-0.013,23.274,-0.003,-0.08800000000000001,332.3540000000001,0.23,-0.535
00:00:14.461,1572873974228,-0.265,0.032,2.448,0.664,3.0,-0.013,23.269,-0.003,-0.08800000000000001,332.742,0.231,-0.535
00:00:14.462,1572873974229,-0.265,0.032,2.448,0.664,3.0,-0.013,23.265,-0.003,-0.08800000000000001,333.129,0.232,-0.535
00:00:14.510,1572873974277,-0.264,0.032,2.448,0.664,3.0,-0.013,23.26,-0.003,-0.08800000000000001,333.517,0.233,-0.535
00:00:14.511,1572873974278,-0.264,0.032,2.448,0.664,3.0,-0.013,23.256,-0.003,-0.08800000000000001,333.905,0.235,-0.535
00:00:14.512,1572873974279,-0.264,0.032,2.448,0.664,3.0,-0.013,23.252,-0.003,-0.08800000000000001,334.292,0.236,-0.535
00:00:14.561,1572873974328,-0.264,0.032,2.448,0.664,3.0,-0.013,23.247,-0.003,-0.08800000000000001,334.68,0.237,-0.535
00:00:14.562,1572873974329,-0.264,0.032,2.448,0.664,3.0,-0.013,23.243,-0.003,-0.08800000000000001,335.06699999999995,0.238,-0.535
00:00:14.563,1572873974330,-0.264,0.032,2.448,0.664,3.0,-0.013,23.238000000000003,-0.003,-0.08800000000000001,335.454,0.239,-0.535
00:00:14.611,1572873974378,-0.264,0.032,2.448,0.664,3.0,-0.013,23.234,-0.003,-0.08800000000000001,335.842,0.24,-0.535
00:00:14.612,1572873974379,-0.264,0.032,2.448,0.664,3.0,-0.013,23.23,-0.003,-0.08800000000000001,336.2290000000001,0.241,-0.535
00:00:14.613,1572873974380,-0.264,0.031,2.448,0.664,3.0,-0.013,23.225,-0.003,-0.08800000000000001,336.616,0.243,-0.535
00:00:14.661,1572873974428,-0.264,0.031,2.448,0.664,3.0,-0.013,23.221,-0.003,-0.08800000000000001,337.0030000000001,0.244,-0.535
00:00:14.662,1572873974429,-0.264,0.031,2.448,0.664,3.0,-0.013,23.216,-0.003,-0.087,337.39,0.245,-0.535
00:00:14.663,1572873974430,-0.263,0.031,2.448,0.664,3.0,-0.013,23.212,-0.003,-0.087,337.777,0.246,-0.535
00:00:14.712,1572873974479,-0.263,0.031,2.448,0.664,3.0,-0.013,23.208,-0.003,-0.087,338.164,0.247,-0.535
00:00:14.713,1572873974480,-0.263,0.031,2.448,0.664,3.0,-0.013,23.20300000000001,-0.003,-0.087,338.551,0.249,-0.535
00:00:14.714,1572873974481,-0.263,0.031,2.448,0.664,3.0,-0.013,23.199,-0.003,-0.087,338.9369999999999,0.25,-0.535
00:00:14.763,1572873974530,-0.263,0.031,2.448,0.664,3.0,-0.013,23.19400000000001,-0.003,-0.087,339.348,0.251,-0.535
00:00:14.764,1572873974531,-0.263,0.031,2.448,0.664,3.0,-0.013,23.19,-0.003,-0.087,339.71,0.252,-0.535
00:00:14.765,1572873974532,-0.263,0.03,2.448,0.664,3.0,-0.013,23.186,-0.003,-0.087,340.097,0.253,-0.535
00:00:14.822,1572873974589,-0.263,0.03,2.448,0.664,3.0,-0.013,23.181,-0.003,-0.087,340.50699999999995,0.255,-0.535
00:00:14.823,1572873974590,-0.263,0.03,2.448,0.664,3.0,-0.013,23.177,-0.003,-0.087,340.87,0.256,-0.535
00:00:14.824,1572873974591,-0.263,0.029,2.448,0.664,3.0,-0.013,23.173,-0.003,-0.087,341.256,0.257,-0.535
00:00:14.866,1572873974633,-0.263,0.029,2.448,0.664,3.0,-0.012,23.16800000000001,-0.003,-0.087,341.642,0.258,-0.535
00:00:14.867,1572873974634,-0.263,0.029,2.448,0.664,3.0,-0.012,23.164,-0.003,-0.087,342.028,0.26,-0.535
00:00:14.868,1572873974635,-0.263,0.029,2.448,0.664,3.0,-0.012,23.159,-0.003,-0.087,342.414,0.261,-0.535
00:00:14.924,1572873974691,-0.263,0.029,2.448,0.664,3.0,-0.012,23.155,-0.003,-0.087,342.8,0.262,-0.535
00:00:14.925,1572873974692,-0.262,0.029,2.448,0.664,3.0,-0.012,23.151,-0.003,-0.087,343.186,0.264,-0.535
00:00:14.926,1572873974693,-0.262,0.029,2.448,0.664,3.0,-0.012,23.146,-0.003,-0.087,343.57199999999995,0.265,-0.535
00:00:14.975,1572873974742,-0.262,0.029,2.448,0.664,3.0,-0.012,23.142,-0.003,-0.087,343.958,0.266,-0.535
00:00:14.976,1572873974743,-0.262,0.029,2.448,0.664,3.0,-0.012,23.138,-0.003,-0.087,344.343,0.268,-0.535
00:00:14.977,1572873974744,-0.262,0.028,2.448,0.664,3.0,-0.012,23.13300000000001,-0.003,-0.087,344.75300000000016,0.269,-0.535
00:00:15.028,1572873974795,-0.262,0.028,2.448,0.664,3.0,-0.012,23.129,-0.003,-0.086,345.09,0.27,-0.535
00:00:15.029,1572873974796,-0.262,0.028,2.448,0.664,3.0,-0.012,23.125,-0.003,-0.086,345.476,0.272,-0.535
00:00:15.030,1572873974797,-0.262,0.027000000000000003,2.302,0.664,3.0,-0.012,23.12,-0.003,-0.086,345.861,0.273,-0.535
00:00:15.031,1572873974798,-0.264,0.027000000000000003,2.302,0.664,3.0,-0.012,23.116,-0.002,-0.086,346.246,0.274,-0.535
00:00:15.079,1572873974846,-0.266,0.027000000000000003,2.302,0.664,3.0,-0.012,23.112,-0.002,-0.086,346.63199999999995,0.276,-0.535
00:00:15.080,1572873974847,-0.266,0.027000000000000003,2.302,0.664,3.0,-0.012,23.107,-0.002,-0.086,347.041,0.277,-0.535
00:00:15.081,1572873974848,-0.267,0.027000000000000003,2.302,0.664,3.0,-0.012,23.103,-0.002,-0.086,347.402,0.278,-0.535
00:00:15.130,1572873974897,-0.267,0.027000000000000003,2.302,0.664,3.0,-0.012,23.09800000000001,-0.002,-0.087,347.787,0.28,-0.535
00:00:15.131,1572873974898,-0.267,0.027000000000000003,2.448,0.664,3.0,-0.012,23.094,-0.002,-0.087,348.172,0.281,-0.535
00:00:15.132,1572873974899,-0.264,0.026,2.448,0.664,3.0,-0.012,23.089,-0.002,-0.087,348.557,0.28300000000000003,-0.535
00:00:15.186,1572873974953,-0.263,0.026,2.448,0.664,3.0,-0.011,23.085,-0.002,-0.087,348.941,0.284,-0.535
00:00:15.187,1572873974954,-0.262,0.026,2.448,0.664,3.0,-0.011,23.08,-0.002,-0.087,349.35,0.28600000000000003,-0.535
00:00:15.188,1572873974955,-0.261,0.026,2.448,0.664,3.0,-0.011,23.076,-0.002,-0.087,349.711,0.287,-0.535
00:00:15.234,1572873975001,-0.261,0.026,2.448,0.664,3.0,-0.011,23.072,-0.002,-0.087,350.095,0.28800000000000003,-0.535
00:00:15.235,1572873975002,-0.261,0.026,2.448,0.664,3.0,-0.011,23.068,-0.002,-0.087,350.48,0.29,-0.535
00:00:15.236,1572873975003,-0.261,0.026,2.448,0.664,3.0,-0.011,23.063,-0.002,-0.087,350.88800000000015,0.29100000000000004,-0.535
00:00:15.283,1572873975050,-0.261,0.026,2.448,0.664,3.0,-0.011,23.059,-0.002,-0.087,351.249,0.293,-0.535
00:00:15.284,1572873975051,-0.261,0.026,2.448,0.664,3.0,-0.011,23.055,-0.002,-0.087,351.63300000000015,0.294,-0.535
00:00:15.285,1572873975052,-0.261,0.026,2.448,0.664,3.0,-0.011,23.05,-0.002,-0.087,352.017,0.29600000000000004,-0.535
00:00:15.349,1572873975116,-0.261,0.026,2.448,0.664,3.0,-0.011,23.046,-0.002,-0.086,352.401,0.297,-0.535
00:00:15.350,1572873975117,-0.261,0.025,2.448,0.664,3.0,-0.011,23.042,-0.002,-0.086,352.785,0.299,-0.535
00:00:15.351,1572873975118,-0.261,0.025,2.448,0.664,3.0,-0.011,23.037,-0.002,-0.086,353.16900000000015,0.3,-0.535
00:00:15.394,1572873975161,-0.26,0.025,2.448,0.664,3.0,-0.011,23.033,-0.002,-0.086,353.55300000000005,0.302,-0.535
00:00:15.395,1572873975162,-0.26,0.024,2.448,0.664,3.0,-0.011,23.028,-0.002,-0.086,353.961,0.303,-0.535
00:00:15.396,1572873975163,-0.26,0.024,2.448,0.664,3.0,-0.011,23.024,-0.002,-0.086,354.345,0.305,-0.535
00:00:15.397,1572873975164,-0.26,0.024,2.448,0.664,3.0,-0.011,23.02,-0.002,-0.086,354.704,0.306,-0.535
00:00:15.450,1572873975217,-0.26,0.023,2.448,0.664,3.0,-0.011,23.016,-0.002,-0.086,355.088,0.308,-0.535
00:00:15.451,1572873975218,-0.26,0.023,2.448,0.664,3.0,-0.011,23.011,-0.002,-0.086,355.472,0.309,-0.535
00:00:15.452,1572873975219,-0.26,0.023,2.448,0.664,3.0,-0.011,23.007,-0.002,-0.086,355.855,0.311,-0.535
00:00:15.496,1572873975263,-0.26,0.022,2.448,0.664,3.0,-0.01,23.003,-0.002,-0.086,356.23900000000015,0.312,-0.535
00:00:15.497,1572873975264,-0.26,0.022,2.448,0.664,3.0,-0.01,22.998,-0.002,-0.086,356.622,0.314,-0.535
00:00:15.498,1572873975265,-0.26,0.022,2.448,0.664,3.0,-0.01,22.994,-0.002,-0.086,357.005,0.315,-0.535
00:00:15.547,1572873975314,-0.26,0.022,2.302,0.664,3.0,-0.01,22.989,-0.002,-0.086,357.412,0.317,-0.535
00:00:15.548,1572873975315,-0.262,0.022,2.302,0.664,3.0,-0.01,22.985,-0.002,-0.086,357.771,0.318,-0.535
00:00:15.549,1572873975316,-0.264,0.022,2.302,0.664,3.0,-0.01,22.981,-0.002,-0.086,358.155,0.32,-0.535
00:00:15.596,1572873975363,-0.264,0.022,2.302,0.664,3.0,-0.01,22.976,-0.002,-0.086,358.537,0.322,-0.535
00:00:15.597,1572873975364,-0.264,0.022,2.302,0.664,3.0,-0.01,22.972,-0.002,-0.086,358.92,0.32299999999999995,-0.535
00:00:15.598,1572873975365,-0.264,0.021,2.302,0.664,3.0,-0.01,22.968000000000004,-0.002,-0.086,359.30300000000005,0.325,-0.535
00:00:15.655,1572873975422,-0.264,0.021,2.302,0.664,3.0,-0.01,22.963,-0.002,-0.086,359.71,0.326,-0.535
00:00:15.656,1572873975423,-0.264,0.021,2.302,0.664,3.0,-0.01,22.959,-0.002,-0.086,360.069,0.328,-0.535
00:00:15.657,1572873975424,-0.264,0.021,2.302,0.664,3.0,-0.01,22.954,-0.002,-0.086,360.451,0.329,-0.535
00:00:15.696,1572873975463,-0.264,0.021,2.302,0.664,3.0,-0.01,22.95,-0.002,-0.086,360.858,0.331,-0.535
00:00:15.697,1572873975464,-0.264,0.021,2.302,0.664,3.0,-0.01,22.946,-0.002,-0.086,361.216,0.333,-0.535
00:00:15.698,1572873975465,-0.264,0.021,2.302,0.664,3.0,-0.01,22.941,-0.002,-0.086,361.599,0.334,-0.535
00:00:15.753,1572873975520,-0.264,0.021,2.448,0.664,3.0,-0.009000000000000001,22.936,-0.002,-0.086,362.005,0.336,-0.535
00:00:15.754,1572873975521,-0.262,0.02,2.448,0.664,3.0,-0.009000000000000001,22.932,-0.002,-0.086,362.387,0.338,-0.535
00:00:15.755,1572873975522,-0.26,0.02,2.448,0.664,3.0,-0.009000000000000001,22.928,-0.002,-0.086,362.745,0.339,-0.535
00:00:15.796,1572873975563,-0.259,0.02,2.448,0.664,3.0,-0.009000000000000001,22.924,-0.002,-0.086,363.151,0.341,-0.535
00:00:15.797,1572873975564,-0.259,0.02,2.448,0.664,3.0,-0.009000000000000001,22.919,-0.002,-0.086,363.51,0.342,-0.535
00:00:15.798,1572873975565,-0.258,0.019,2.448,0.664,3.0,-0.009000000000000001,22.915,-0.002,-0.086,363.891,0.344,-0.535
00:00:15.848,1572873975615,-0.258,0.019,2.448,0.664,3.0,-0.009000000000000001,22.911,-0.002,-0.086,364.297,0.34600000000000003,-0.535
00:00:15.849,1572873975616,-0.258,0.019,2.448,0.664,3.0,-0.009000000000000001,22.907,-0.002,-0.086,364.655,0.34700000000000003,-0.535
00:00:15.850,1572873975617,-0.258,0.019,2.448,0.664,3.0,-0.009000000000000001,22.902,-0.002,-0.086,365.037,0.349,-0.535
00:00:15.899,1572873975666,-0.258,0.019,2.448,0.664,3.0,-0.009000000000000001,22.898000000000003,-0.002,-0.086,365.419,0.35100000000000003,-0.535
00:00:15.900,1572873975667,-0.258,0.019,2.448,0.664,3.0,-0.009000000000000001,22.894,-0.002,-0.086,365.8,0.35200000000000004,-0.535
00:00:15.901,1572873975668,-0.258,0.019,2.448,0.664,3.0,-0.009000000000000001,22.889,-0.002,-0.086,366.182,0.354,-0.535
00:00:15.955,1572873975722,-0.258,0.019,2.448,0.664,3.0,-0.009000000000000001,22.885,-0.002,-0.086,366.587,0.35600000000000004,-0.535
00:00:15.956,1572873975723,-0.258,0.019,2.448,0.664,3.0,-0.009000000000000001,22.881,-0.002,-0.085,366.968,0.358,-0.535
00:00:15.957,1572873975724,-0.258,0.019,2.448,0.664,3.0,-0.009000000000000001,22.876,-0.002,-0.085,367.326,0.359,-0.535
00:00:16.005,1572873975772,-0.258,0.019,2.448,0.664,3.0,-0.009000000000000001,22.872,-0.002,-0.085,367.731,0.361,-0.535
00:00:16.006,1572873975773,-0.258,0.019,2.448,0.664,3.0,-0.009000000000000001,22.868,-0.002,-0.085,368.088,0.363,-0.535
00:00:16.007,1572873975774,-0.258,0.019,2.448,0.664,3.0,-0.008,22.863000000000003,-0.002,-0.085,368.49300000000005,0.364,-0.535
00:00:16.055,1572873975822,-0.257,0.018000000000000002,2.448,0.664,3.0,-0.008,22.859,-0.002,-0.085,368.874,0.366,-0.535
00:00:16.056,1572873975823,-0.257,0.018000000000000002,2.448,0.664,3.0,-0.008,22.855,-0.002,-0.085,369.255,0.368,-0.535
00:00:16.057,1572873975824,-0.257,0.018000000000000002,2.448,0.664,3.0,-0.008,22.85,-0.002,-0.085,369.636,0.37,-0.535
00:00:16.112,1572873975879,-0.257,0.018000000000000002,2.448,0.664,3.0,-0.008,22.846,-0.002,-0.085,370.017,0.371,-0.535
00:00:16.113,1572873975880,-0.257,0.017,2.448,0.664,3.0,-0.008,22.842,-0.002,-0.085,370.398,0.373,-0.535
00:00:16.114,1572873975881,-0.257,0.017,2.448,0.664,3.0,-0.008,22.838,-0.002,-0.085,370.778,0.375,-0.535
00:00:16.156,1572873975923,-0.257,0.017,2.448,0.664,3.0,-0.008,22.833,-0.002,-0.085,371.159,0.376,-0.535
00:00:16.157,1572873975924,-0.257,0.017,2.448,0.664,3.0,-0.008,22.829,-0.002,-0.085,371.539,0.378,-0.535
00:00:16.158,1572873975925,-0.257,0.017,2.448,0.664,3.0,-0.008,22.825,-0.002,-0.085,371.92,0.38,-0.535
00:00:16.207,1572873975974,-0.257,0.017,2.448,0.664,3.0,-0.008,22.821,-0.002,-0.085,372.3,0.382,-0.535
00:00:16.208,1572873975975,-0.257,0.017,2.448,0.664,3.0,-0.008,22.816,-0.002,-0.085,372.68,0.383,-0.535
00:00:16.209,1572873975976,-0.257,0.017,2.448,0.664,3.0,-0.008,22.812,-0.002,-0.085,373.061,0.385,-0.535
00:00:16.258,1572873976025,-0.257,0.017,2.448,0.664,3.0,-0.008,22.808000000000003,-0.002,-0.085,373.441,0.387,-0.535
00:00:16.259,1572873976026,-0.257,0.017,2.448,0.664,3.0,-0.008,22.803,-0.002,-0.085,373.821,0.389,-0.535
00:00:16.260,1572873976027,-0.256,0.017,2.448,0.664,3.0,-0.008,22.799,-0.002,-0.085,374.201,0.39,-0.535
00:00:16.320,1572873976087,-0.256,0.017,2.448,0.664,3.0,-0.008,22.795,-0.002,-0.084,374.581,0.392,-0.535
00:00:16.321,1572873976088,-0.256,0.017,2.448,0.664,3.0,-0.008,22.791,-0.002,-0.084,374.961,0.394,-0.535
00:00:16.322,1572873976089,-0.256,0.017,2.448,0.664,3.0,-0.008,22.786,-0.002,-0.084,375.341,0.396,-0.535
00:00:16.361,1572873976128,-0.256,0.017,2.448,0.664,3.0,-0.008,22.782,-0.002,-0.084,375.72,0.398,-0.535
00:00:16.362,1572873976129,-0.256,0.016,2.448,0.664,3.0,-0.006999999999999999,22.778,-0.002,-0.084,376.1,0.399,-0.535
00:00:16.363,1572873976130,-0.256,0.016,2.448,0.664,3.0,-0.006999999999999999,22.774,-0.002,-0.084,376.48,0.401,-0.535
00:00:16.364,1572873976131,-0.256,0.015,2.448,0.664,3.0,-0.006999999999999999,22.769,-0.002,-0.084,376.859,0.403,-0.535
00:00:16.414,1572873976181,-0.256,0.014,2.448,0.664,3.0,-0.006999999999999999,22.765,-0.002,-0.084,377.23800000000006,0.405,-0.535
00:00:16.415,1572873976182,-0.256,0.013,2.448,0.664,3.0,-0.006999999999999999,22.761,-0.002,-0.084,377.594,0.407,-0.535
00:00:16.416,1572873976183,-0.256,0.012,2.448,0.664,3.0,-0.006999999999999999,22.756,-0.002,-0.084,377.997,0.408,-0.535
00:00:16.461,1572873976228,-0.256,0.011,2.448,0.664,3.0,-0.006999999999999999,22.752,-0.002,-0.084,378.376,0.41,-0.535
00:00:16.462,1572873976229,-0.256,0.01,2.448,0.664,3.0,-0.006999999999999999,22.748,-0.002,-0.084,378.756,0.412,-0.535
00:00:16.463,1572873976230,-0.255,0.009000000000000001,2.448,0.664,3.0,-0.006999999999999999,22.744,-0.002,-0.084,379.135,0.414,-0.535
00:00:16.512,1572873976279,-0.255,0.009000000000000001,2.448,0.664,3.0,-0.006999999999999999,22.739,-0.002,-0.084,379.514,0.416,-0.535
00:00:16.513,1572873976280,-0.255,0.008,2.448,0.664,3.0,-0.006999999999999999,22.735,-0.002,-0.084,379.869,0.417,-0.535
00:00:16.514,1572873976281,-0.255,0.006999999999999999,2.448,0.664,3.0,-0.006999999999999999,22.731,-0.002,-0.084,380.24800000000016,0.419,-0.535
00:00:16.562,1572873976329,-0.255,0.006,2.448,0.664,3.0,-0.006999999999999999,22.727,-0.002,-0.084,380.627,0.421,-0.535
00:00:16.563,1572873976330,-0.255,0.005,2.448,0.664,3.0,-0.006,22.72300000000001,-0.002,-0.084,381.005,0.423,-0.535
00:00:16.564,1572873976331,-0.255,0.004,2.448,0.664,3.0,-0.006,22.718000000000004,-0.002,-0.084,381.384,0.425,-0.535
00:00:16.613,1572873976380,-0.255,0.003,2.448,0.664,3.0,-0.006,22.714,-0.002,-0.084,381.763,0.4270000000000001,-0.535
00:00:16.614,1572873976381,-0.255,0.002,2.448,0.664,3.0,-0.006,22.71,-0.002,-0.084,382.141,0.428,-0.535
00:00:16.615,1572873976382,-0.255,0.001,2.448,0.664,3.0,-0.006,22.706,-0.002,-0.084,382.52,0.43,-0.535
00:00:16.663,1572873976430,-0.255,-0.001,2.448,0.664,3.0,-0.006,22.701,-0.001,-0.084,382.898,0.4320000000000001,-0.535
00:00:16.664,1572873976431,-0.255,-0.002,2.448,0.664,3.0,-0.005,22.697,-0.001,-0.084,383.276,0.434,-0.535
00:00:16.665,1572873976432,-0.255,-0.004,2.448,0.664,3.0,-0.005,22.693,-0.001,-0.084,383.655,0.436,-0.535
00:00:16.719,1572873976486,-0.255,-0.005,2.448,0.664,3.0,-0.005,22.689,-0.001,-0.084,384.033,0.438,-0.535
00:00:16.720,1572873976487,-0.254,-0.006,2.448,0.664,3.0,-0.005,22.685,-0.001,-0.084,384.411,0.439,-0.535
00:00:16.721,1572873976488,-0.254,-0.006999999999999999,2.448,0.664,3.0,-0.004,22.68,-0.001,-0.084,384.789,0.441,-0.535
00:00:16.763,1572873976530,-0.254,-0.008,2.448,0.664,3.0,-0.004,22.676,-0.001,-0.084,385.167,0.443,-0.535
00:00:16.764,1572873976531,-0.254,-0.009000000000000001,2.448,0.664,3.0,-0.004,22.672,-0.001,-0.084,385.545,0.445,-0.535
00:00:16.765,1572873976532,-0.254,-0.01,2.448,0.664,3.0,-0.004,22.66800000000001,0.0,-0.084,385.923,0.447,-0.535
00:00:16.823,1572873976590,-0.254,-0.011,2.448,0.664,3.0,-0.003,22.663,0.0,-0.084,386.3,0.448,-0.535
00:00:16.824,1572873976591,-0.254,-0.012,2.448,0.664,3.0,-0.003,22.659,0.0,-0.084,386.67800000000005,0.45,-0.535
00:00:16.825,1572873976592,-0.254,-0.013,2.448,0.664,3.0,-0.003,22.655,0.0,-0.084,387.056,0.452,-0.535
00:00:16.868,1572873976635,-0.254,-0.014,2.448,0.664,3.0,-0.002,22.651,0.0,-0.084,387.43300000000005,0.454,-0.535
00:00:16.869,1572873976636,-0.254,-0.015,2.448,0.664,3.0,-0.002,22.646,0.001,-0.084,387.811,0.456,-0.535
00:00:16.870,1572873976637,-0.254,-0.016,2.448,0.664,3.0,-0.002,22.642,0.001,-0.084,388.18800000000016,0.457,-0.535
00:00:16.914,1572873976681,-0.254,-0.017,2.448,0.664,3.0,-0.001,22.638,0.001,-0.084,388.565,0.459,-0.535
00:00:16.915,1572873976682,-0.253,-0.018000000000000002,2.448,0.664,3.0,-0.001,22.634,0.001,-0.084,388.943,0.461,-0.535
00:00:16.916,1572873976683,-0.253,-0.019,2.448,0.664,3.0,-0.001,22.63,0.001,-0.084,389.32,0.463,-0.535
00:00:16.965,1572873976732,-0.253,-0.02,2.448,0.664,3.0,0.0,22.625,0.001,-0.084,389.697,0.464,-0.535
00:00:16.966,1572873976733,-0.253,-0.021,2.448,0.664,3.0,0.0,22.621,0.002,-0.084,390.074,0.466,-0.535
00:00:16.967,1572873976734,-0.253,-0.023,2.448,0.664,3.0,0.0,22.617,0.002,-0.084,390.451,0.468,-0.535
00:00:17.023,1572873976790,-0.253,-0.024,2.448,0.664,3.0,0.001,22.613000000000003,0.002,-0.084,390.828,0.47,-0.535
00:00:17.024,1572873976791,-0.253,-0.025,2.448,0.664,3.0,0.001,22.608,0.002,-0.084,391.205,0.471,-0.535
00:00:17.025,1572873976792,-0.253,-0.027000000000000003,2.448,0.664,3.0,0.001,22.604,0.002,-0.084,391.582,0.473,-0.535
00:00:17.067,1572873976834,-0.253,-0.028,2.448,0.664,3.0,0.002,22.6,0.002,-0.084,391.958,0.475,-0.535
00:00:17.068,1572873976835,-0.253,-0.029,2.448,0.664,3.0,0.002,22.596,0.002,-0.084,392.335,0.477,-0.535
00:00:17.069,1572873976836,-0.253,-0.03,2.448,0.664,3.0,0.002,22.592,0.002,-0.083,392.711,0.478,-0.535
00:00:17.129,1572873976896,-0.253,-0.031,2.448,0.664,3.0,0.003,22.587,0.002,-0.083,393.088,0.48,-0.535
00:00:17.130,1572873976897,-0.253,-0.031,2.448,0.664,3.0,0.003,22.583,0.002,-0.083,393.464,0.482,-0.535
00:00:17.131,1572873976898,-0.253,-0.032,2.448,0.664,3.0,0.003,22.579,0.002,-0.083,393.841,0.483,-0.535
00:00:17.132,1572873976899,-0.253,-0.032,2.448,0.664,3.0,0.004,22.575,0.002,-0.083,394.217,0.485,-0.535
00:00:17.177,1572873976944,-0.253,-0.032,2.448,0.664,3.0,0.004,22.571,0.002,-0.083,394.593,0.487,-0.535
00:00:17.178,1572873976945,-0.252,-0.032,2.448,0.664,3.0,0.004,22.566,0.002,-0.083,394.969,0.488,-0.535
00:00:17.179,1572873976946,-0.252,-0.032,2.448,0.664,3.0,0.005,22.562,0.002,-0.083,395.345,0.49,-0.535
00:00:17.228,1572873976995,-0.252,-0.032,2.448,0.664,3.0,0.005,22.558000000000003,0.002,-0.083,395.721,0.4920000000000001,-0.535
00:00:17.229,1572873976996,-0.252,-0.032,2.448,0.664,3.0,0.005,22.554,0.003,-0.083,396.097,0.493,-0.535
00:00:17.230,1572873976997,-0.252,-0.031,2.448,0.664,3.0,0.006,22.55,0.003,-0.083,396.473,0.495,-0.535
00:00:17.278,1572873977045,-0.252,-0.031,2.448,0.664,3.0,0.006,22.545,0.003,-0.083,396.849,0.496,-0.535
00:00:17.279,1572873977046,-0.252,-0.031,2.448,0.664,3.0,0.006,22.541,0.003,-0.083,397.225,0.498,-0.535
00:00:17.280,1572873977047,-0.252,-0.031,2.448,0.664,3.0,0.006,22.537,0.003,-0.083,397.6,0.5,-0.535
00:00:17.329,1572873977096,-0.252,-0.031,2.448,0.664,3.0,0.006999999999999999,22.533,0.003,-0.083,397.976,0.501,-0.535
00:00:17.330,1572873977097,-0.252,-0.031,2.595,0.664,3.0,0.006999999999999999,22.529,0.003,-0.083,398.351,0.503,-0.535
00:00:17.331,1572873977098,-0.25,-0.031,2.595,0.664,3.0,0.006999999999999999,22.524,0.003,-0.083,398.727,0.504,-0.535
00:00:17.382,1572873977149,-0.248,-0.03,2.595,0.664,3.0,0.006999999999999999,22.52,0.003,-0.083,399.102,0.506,-0.535
00:00:17.383,1572873977150,-0.247,-0.03,2.595,0.664,3.0,0.006999999999999999,22.516,0.003,-0.083,399.478,0.507,-0.535
00:00:17.384,1572873977151,-0.246,-0.029,2.595,0.664,3.0,0.006999999999999999,22.512,0.003,-0.083,399.853,0.509,-0.535
00:00:17.435,1572873977202,-0.246,-0.029,2.595,0.664,3.0,0.008,22.50800000000001,0.003,-0.083,400.228,0.51,-0.535
00:00:17.436,1572873977203,-0.246,-0.028,2.595,0.664,3.0,0.008,22.504,0.003,-0.083,400.603,0.512,-0.535
00:00:17.437,1572873977204,-0.246,-0.028,2.595,0.664,3.0,0.008,22.5,0.003,-0.083,400.978,0.513,-0.535
00:00:17.486,1572873977253,-0.246,-0.028,2.595,0.664,3.0,0.008,22.496,0.003,-0.083,401.353,0.515,-0.535
00:00:17.487,1572873977254,-0.246,-0.027000000000000003,2.595,0.664,3.0,0.008,22.492,0.003,-0.083,401.728,0.516,-0.535
00:00:17.488,1572873977255,-0.246,-0.026,2.595,0.664,3.0,0.008,22.488000000000003,0.003,-0.08199999999999999,402.103,0.518,-0.535
00:00:17.542,1572873977309,-0.246,-0.025,2.595,0.664,3.0,0.008,22.483,0.003,-0.08199999999999999,402.478,0.519,-0.535
00:00:17.543,1572873977310,-0.246,-0.025,2.595,0.664,3.0,0.008,22.479,0.003,-0.08199999999999999,402.852,0.521,-0.535
00:00:17.544,1572873977311,-0.246,-0.024,2.595,0.664,3.0,0.008,22.475,0.002,-0.08199999999999999,403.227,0.522,-0.535
00:00:17.586,1572873977353,-0.246,-0.023,2.595,0.664,3.0,0.008,22.471,0.002,-0.08199999999999999,403.601,0.524,-0.535
00:00:17.587,1572873977354,-0.246,-0.022,2.595,0.664,3.0,0.008,22.467,0.002,-0.08199999999999999,403.976,0.525,-0.535
00:00:17.588,1572873977355,-0.246,-0.021,2.595,0.664,3.0,0.008,22.463,0.002,-0.08199999999999999,404.35,0.527,-0.535
00:00:17.637,1572873977404,-0.245,-0.02,2.595,0.664,3.0,0.008,22.459,0.002,-0.08199999999999999,404.725,0.528,-0.535
00:00:17.638,1572873977405,-0.245,-0.019,2.595,0.664,3.0,0.008,22.455,0.002,-0.08199999999999999,405.099,0.53,-0.535
00:00:17.639,1572873977406,-0.245,-0.018000000000000002,2.595,0.664,3.0,0.008,22.451,0.002,-0.08199999999999999,405.473,0.531,-0.535
00:00:17.689,1572873977456,-0.245,-0.017,2.595,0.664,3.0,0.008,22.447,0.002,-0.08199999999999999,405.847,0.532,-0.535
00:00:17.690,1572873977457,-0.245,-0.016,2.595,0.664,3.0,0.008,22.443,0.002,-0.08199999999999999,406.221,0.534,-0.535
00:00:17.691,1572873977458,-0.245,-0.016,2.595,0.664,3.0,0.008,22.438,0.002,-0.08199999999999999,406.595,0.535,-0.535
00:00:17.746,1572873977513,-0.245,-0.015,2.595,0.664,3.0,0.008,22.434,0.002,-0.08199999999999999,406.969,0.537,-0.535
00:00:17.747,1572873977514,-0.245,-0.015,2.595,0.664,3.0,0.008,22.43,0.002,-0.08199999999999999,407.343,0.5379999999999999,-0.535
00:00:17.748,1572873977515,-0.245,-0.015,2.595,0.664,3.0,0.008,22.426,0.002,-0.08199999999999999,407.717,0.539,-0.535
00:00:17.790,1572873977557,-0.245,-0.014,2.595,0.664,3.0,0.008,22.422,0.002,-0.08199999999999999,408.091,0.541,-0.535
00:00:17.791,1572873977558,-0.245,-0.014,2.595,0.664,3.0,0.008,22.41800000000001,0.002,-0.08199999999999999,408.464,0.542,-0.535
00:00:17.792,1572873977559,-0.245,-0.014,2.595,0.664,3.0,0.008,22.414,0.001,-0.08199999999999999,408.838,0.544,-0.535
00:00:17.839,1572873977606,-0.245,-0.013,2.595,0.664,3.0,0.008,22.41,0.001,-0.08199999999999999,409.212,0.545,-0.535
00:00:17.840,1572873977607,-0.245,-0.013,2.448,0.664,3.0,0.006999999999999999,22.406,0.001,-0.08199999999999999,409.585,0.546,-0.535
00:00:17.841,1572873977608,-0.247,-0.013,2.448,0.664,3.0,0.006999999999999999,22.402,0.001,-0.08199999999999999,409.958,0.5479999999999999,-0.535
00:00:17.889,1572873977656,-0.248,-0.012,2.448,0.664,3.0,0.006999999999999999,22.398000000000003,0.001,-0.08199999999999999,410.332,0.5489999999999999,-0.535
00:00:17.890,1572873977657,-0.249,-0.012,2.448,0.664,3.0,0.006999999999999999,22.393,0.001,-0.08199999999999999,410.705,0.551,-0.535
00:00:17.891,1572873977658,-0.249,-0.012,2.448,0.664,3.0,0.006999999999999999,22.389,0.001,-0.08199999999999999,411.078,0.552,-0.535
00:00:17.943,1572873977710,-0.249,-0.012,2.448,0.664,3.0,0.006999999999999999,22.385,0.001,-0.08199999999999999,411.451,0.5529999999999999,-0.535
00:00:17.944,1572873977711,-0.249,-0.011,2.595,0.664,3.0,0.006999999999999999,22.381,0.001,-0.08199999999999999,411.824,0.555,-0.535
00:00:17.945,1572873977712,-0.247,-0.011,2.595,0.664,3.0,0.006999999999999999,22.377,0.001,-0.08199999999999999,412.197,0.556,-0.535
00:00:17.946,1572873977713,-0.245,-0.011,2.595,0.664,3.0,0.006999999999999999,22.373,0.001,-0.08199999999999999,412.57,0.557,-0.535
00:00:17.995,1572873977762,-0.244,-0.011,2.595,0.664,3.0,0.006999999999999999,22.369,0.001,-0.08199999999999999,412.943,0.5589999999999999,-0.535
00:00:17.996,1572873977763,-0.244,-0.01,2.595,0.664,3.0,0.006,22.365,0.001,-0.08199999999999999,413.316,0.56,-0.535
00:00:17.997,1572873977764,-0.244,-0.01,2.595,0.664,3.0,0.006,22.361,0.001,-0.08199999999999999,413.689,0.561,-0.535
00:00:18.049,1572873977816,-0.244,-0.01,2.595,0.664,3.0,0.006,22.357,0.001,-0.08199999999999999,414.061,0.563,-0.535
00:00:18.050,1572873977817,-0.243,-0.01,2.595,0.664,3.0,0.006,22.352,0.001,-0.08199999999999999,414.434,0.564,-0.535
00:00:18.051,1572873977818,-0.243,-0.01,2.595,0.664,3.0,0.006,22.34800000000001,0.001,-0.08199999999999999,414.806,0.565,-0.535
00:00:18.103,1572873977870,-0.243,-0.01,2.595,0.664,3.0,0.006,22.344,0.001,-0.08199999999999999,415.179,0.5670000000000001,-0.535
00:00:18.104,1572873977871,-0.243,-0.01,2.595,0.664,3.0,0.006,22.34,0.001,-0.08199999999999999,415.551,0.568,-0.535
00:00:18.105,1572873977872,-0.243,-0.01,2.595,0.664,3.0,0.006,22.336,0.001,-0.08199999999999999,415.923,0.569,-0.535
00:00:18.151,1572873977918,-0.243,-0.01,2.595,0.664,3.0,0.006,22.332,0.001,-0.08199999999999999,416.296,0.5710000000000001,-0.535
00:00:18.152,1572873977919,-0.243,-0.01,2.595,0.664,3.0,0.006,22.32800000000001,0.001,-0.08199999999999999,416.668,0.5720000000000001,-0.535
00:00:18.153,1572873977920,-0.243,-0.01,2.595,0.664,3.0,0.006,22.324,0.001,-0.08199999999999999,417.04,0.573,-0.535
00:00:18.201,1572873977968,-0.243,-0.01,2.595,0.664,3.0,0.005,22.32,0.001,-0.08199999999999999,417.412,0.575,-0.535
00:00:18.202,1572873977969,-0.243,-0.01,2.595,0.664,3.0,0.005,22.316,0.001,-0.081,417.784,0.5760000000000001,-0.535
00:00:18.203,1572873977970,-0.243,-0.01,2.595,0.664,3.0,0.005,22.312,0.001,-0.081,418.156,0.5770000000000001,-0.535
00:00:18.252,1572873978019,-0.243,-0.011,2.595,0.664,3.0,0.005,22.308000000000003,0.001,-0.081,418.528,0.579,-0.535
00:00:18.253,1572873978020,-0.243,-0.011,2.595,0.664,3.0,0.005,22.304,0.001,-0.081,418.899,0.58,-0.535
00:00:18.254,1572873978021,-0.243,-0.011,2.595,0.664,3.0,0.005,22.3,0.001,-0.081,419.271,0.581,-0.535
00:00:18.301,1572873978068,-0.242,-0.01,2.595,0.664,3.0,0.005,22.296,0.001,-0.081,419.643,0.583,-0.535
00:00:18.302,1572873978069,-0.242,-0.01,2.595,0.664,3.0,0.005,22.292,0.001,-0.081,420.014,0.584,-0.535
00:00:18.303,1572873978070,-0.242,-0.009000000000000001,2.595,0.664,3.0,0.005,22.288,0.001,-0.081,420.386,0.585,-0.535
00:00:18.352,1572873978119,-0.242,-0.008,2.815,0.664,3.0,0.005,22.284,0.001,-0.081,420.757,0.586,-0.535
00:00:18.353,1572873978120,-0.24,-0.006999999999999999,2.815,0.664,3.0,0.005,22.28,0.001,-0.081,421.129,0.588,-0.535
00:00:18.354,1572873978121,-0.236,-0.006,2.815,0.664,3.0,0.005,22.276,0.001,-0.081,421.5,0.589,-0.535
00:00:18.402,1572873978169,-0.235,-0.006,2.815,0.664,3.0,0.005,22.272,0.001,-0.081,421.871,0.59,-0.535
00:00:18.403,1572873978170,-0.234,-0.005,2.815,0.664,3.0,0.005,22.268,0.001,-0.081,422.242,0.5920000000000001,-0.535
00:00:18.404,1572873978171,-0.234,-0.004,2.815,0.664,3.0,0.005,22.264,0.001,-0.081,422.61300000000006,0.593,-0.535
00:00:18.452,1572873978219,-0.234,-0.003,2.9610000000000003,0.664,3.0,0.005,22.26,0.001,-0.08,422.984,0.594,-0.535
00:00:18.453,1572873978220,-0.232,-0.003,2.9610000000000003,0.664,3.0,0.005,22.256,0.001,-0.08,423.355,0.595,-0.535
00:00:18.454,1572873978221,-0.23,-0.002,2.9610000000000003,0.664,3.0,0.004,22.253,0.001,-0.08,423.726,0.597,-0.535
00:00:18.503,1572873978270,-0.229,-0.001,2.9610000000000003,0.664,3.0,0.004,22.249,0.001,-0.08,424.074,0.598,-0.535
00:00:18.504,1572873978271,-0.228,-0.001,2.9610000000000003,0.664,3.0,0.004,22.245,0.001,-0.08,424.445,0.599,-0.535
00:00:18.505,1572873978272,-0.229,0.0,2.9610000000000003,0.664,3.0,0.004,22.241,0.001,-0.08,424.815,0.6,-0.535
00:00:18.561,1572873978328,-0.228,0.001,3.767,0.664,3.0,0.004,22.238000000000003,0.001,-0.08,425.186,0.602,-0.535
00:00:18.562,1572873978329,-0.228,0.001,3.767,0.664,3.0,0.004,22.234,0.001,-0.079,425.557,0.603,-0.535
00:00:18.563,1572873978330,-0.225,0.002,3.767,0.664,3.0,0.004,22.23,0.001,-0.079,425.927,0.604,-0.535
00:00:18.605,1572873978372,-0.221,0.003,3.767,0.664,3.0,0.003,22.227,0.001,-0.079,426.298,0.605,-0.535
00:00:18.606,1572873978373,-0.21600000000000005,0.003,3.767,0.664,3.0,0.003,22.22300000000001,0.001,-0.079,426.668,0.607,-0.535
00:00:18.607,1572873978374,-0.211,0.004,3.767,0.664,3.0,0.003,22.22,0.001,-0.079,427.038,0.608,-0.535
00:00:18.657,1572873978424,-0.208,0.004,5.4510000000000005,0.664,3.0,0.003,22.216,0.0,-0.078,427.409,0.609,-0.535
00:00:18.658,1572873978425,-0.204,0.005,5.4510000000000005,0.664,3.0,0.003,22.213,0.0,-0.078,427.779,0.611,-0.535
00:00:18.659,1572873978426,-0.198,0.005,5.4510000000000005,0.664,3.0,0.003,22.21,0.0,-0.078,428.149,0.612,-0.535
00:00:18.720,1572873978487,-0.188,0.006,5.4510000000000005,0.664,3.0,0.002,22.207,0.0,-0.077,428.519,0.613,-0.535
00:00:18.721,1572873978488,-0.177,0.006,5.4510000000000005,0.664,3.0,0.002,22.204,0.0,-0.077,428.889,0.614,-0.535
00:00:18.722,1572873978489,-0.165,0.006999999999999999,5.4510000000000005,0.664,3.0,0.002,22.201,0.0,-0.076,429.259,0.616,-0.535
00:00:18.766,1572873978533,-0.155,0.006999999999999999,5.964,0.664,3.0,0.002,22.199,0.0,-0.075,429.629,0.617,-0.535
00:00:18.767,1572873978534,-0.14800000000000002,0.008,5.964,0.664,3.0,0.002,22.196,0.0,-0.075,429.999,0.618,-0.535
00:00:18.768,1572873978535,-0.142,0.008,5.964,0.664,3.0,0.002,22.19400000000001,-0.001,-0.07400000000000001,430.369,0.62,-0.535
00:00:18.809,1572873978576,-0.13699999999999998,0.009000000000000001,5.964,0.664,3.0,0.001,22.192,-0.001,-0.073,430.762,0.621,-0.534
00:00:18.810,1572873978577,-0.133,0.01,5.964,0.664,3.0,0.001,22.19,-0.001,-0.07200000000000001,431.109,0.622,-0.534
00:00:18.811,1572873978578,-0.13,0.01,5.964,0.664,3.0,0.001,22.188,-0.001,-0.071,431.479,0.624,-0.534
00:00:18.859,1572873978626,-0.129,0.01,6.1110000000000015,0.664,3.0,0.001,22.186,-0.001,-0.07,431.849,0.625,-0.534
00:00:18.860,1572873978627,-0.128,0.01,6.1110000000000015,0.664,3.0,0.0,22.183000000000003,-0.001,-0.069,432.218,0.626,-0.534
00:00:18.861,1572873978628,-0.128,0.01,6.1110000000000015,0.664,3.0,0.0,22.181,-0.001,-0.068,432.588,0.627,-0.534
00:00:18.910,1572873978677,-0.128,0.011,6.1110000000000015,0.664,3.0,0.0,22.179,-0.001,-0.067,432.958,0.629,-0.534
00:00:18.911,1572873978678,-0.127,0.011,6.1110000000000015,0.664,3.0,0.0,22.177,-0.001,-0.066,433.327,0.63,-0.534
00:00:18.912,1572873978679,-0.126,0.011,6.1110000000000015,0.664,3.0,0.0,22.175,-0.001,-0.065,433.697,0.631,-0.534
00:00:18.913,1572873978680,-0.126,0.011,6.477,0.664,3.0,0.0,22.173,-0.001,-0.064,434.067,0.633,-0.534
00:00:18.960,1572873978727,-0.125,0.011,6.477,0.664,3.0,-0.001,22.171,-0.001,-0.064,434.436,0.634,-0.534
00:00:18.961,1572873978728,-0.124,0.011,6.477,0.664,3.0,-0.001,22.169,-0.001,-0.063,434.806,0.635,-0.534
00:00:18.962,1572873978729,-0.121,0.011,6.477,0.664,3.0,-0.001,22.167,-0.001,-0.062,435.198,0.637,-0.534
00:00:19.010,1572873978777,-0.118,0.011,6.477,0.664,3.0,-0.001,22.165,-0.001,-0.062,435.568,0.638,-0.534
00:00:19.011,1572873978778,-0.115,0.01,6.477,0.664,3.0,-0.001,22.163,-0.001,-0.061,435.914,0.639,-0.534
00:00:19.012,1572873978779,-0.113,0.01,6.477,0.664,3.0,-0.001,22.161,-0.001,-0.061,436.283,0.6409999999999999,-0.534
00:00:19.066,1572873978833,-0.113,0.01,6.477,0.664,3.0,-0.001,22.159,-0.001,-0.061,436.653,0.642,-0.534
00:00:19.067,1572873978834,-0.112,0.01,6.477,0.664,3.0,-0.001,22.157,-0.001,-0.061,437.022,0.643,-0.534
00:00:19.068,1572873978835,-0.113,0.01,6.477,0.664,3.0,-0.001,22.155,-0.001,-0.06,437.414,0.645,-0.534
00:00:19.128,1572873978895,-0.113,0.01,6.477,0.664,3.0,-0.002,22.154,-0.001,-0.06,437.76,0.6459999999999999,-0.534
00:00:19.129,1572873978896,-0.113,0.009000000000000001,6.477,0.664,3.0,-0.002,22.152,-0.001,-0.06,438.13,0.647,-0.534
00:00:19.130,1572873978897,-0.114,0.009000000000000001,6.477,0.664,3.0,-0.002,22.15,-0.001,-0.06,438.499,0.649,-0.534
00:00:19.131,1572873978898,-0.114,0.009000000000000001,6.477,0.664,3.0,-0.002,22.148000000000003,-0.001,-0.06,438.86800000000005,0.65,-0.534
00:00:19.178,1572873978945,-0.114,0.009000000000000001,6.477,0.664,3.0,-0.002,22.146,-0.001,-0.061,439.237,0.6509999999999999,-0.534
00:00:19.179,1572873978946,-0.113,0.008,6.477,0.664,3.0,-0.002,22.144,-0.001,-0.061,439.629,0.653,-0.534
00:00:19.180,1572873978947,-0.113,0.008,6.477,0.664,3.0,-0.002,22.142,-0.001,-0.061,439.975,0.654,-0.534
00:00:19.239,1572873979006,-0.113,0.006999999999999999,6.477,0.664,3.0,-0.002,22.14,-0.001,-0.061,440.344,0.6559999999999999,-0.534
00:00:19.240,1572873979007,-0.113,0.006999999999999999,6.2570000000000014,0.664,3.0,-0.002,22.138,-0.001,-0.061,440.736,0.657,-0.534
00:00:19.241,1572873979008,-0.113,0.006999999999999999,6.2570000000000014,0.664,3.0,-0.002,22.137,-0.001,-0.061,441.082,0.6579999999999999,-0.534
00:00:19.289,1572873979056,-0.114,0.006,6.2570000000000014,0.664,3.0,-0.002,22.135,-0.001,-0.062,441.451,0.66,-0.534
00:00:19.290,1572873979057,-0.115,0.006,6.2570000000000014,0.664,3.0,-0.002,22.13300000000001,-0.001,-0.062,441.82,0.6609999999999999,-0.534
00:00:19.291,1572873979058,-0.117,0.006,6.2570000000000014,0.664,3.0,-0.002,22.131,-0.001,-0.062,442.212,0.662,-0.534
00:00:19.330,1572873979097,-0.119,0.006,6.2570000000000014,0.664,3.0,-0.002,22.129,-0.001,-0.062,442.55800000000005,0.664,-0.534
00:00:19.331,1572873979098,-0.12,0.005,6.2570000000000014,0.664,3.0,-0.002,22.127,-0.001,-0.062,442.926,0.665,-0.534
00:00:19.332,1572873979099,-0.12,0.005,6.2570000000000014,0.664,3.0,-0.002,22.125,-0.001,-0.063,443.318,0.667,-0.534
00:00:19.389,1572873979156,-0.121,0.005,6.2570000000000014,0.664,3.0,-0.002,22.123,-0.001,-0.063,443.664,0.6679999999999999,-0.534
00:00:19.390,1572873979157,-0.12,0.004,6.2570000000000014,0.664,3.0,-0.002,22.121,-0.001,-0.063,444.033,0.669,-0.534
00:00:19.391,1572873979158,-0.12,0.004,6.2570000000000014,0.664,3.0,-0.002,22.119,-0.001,-0.063,444.424,0.6709999999999999,-0.534
00:00:19.430,1572873979197,-0.12,0.003,6.2570000000000014,0.664,3.0,-0.002,22.117,-0.001,-0.063,444.793,0.672,-0.534
00:00:19.431,1572873979198,-0.12,0.003,6.2570000000000014,0.664,3.0,-0.002,22.115,-0.001,-0.064,445.139,0.6729999999999999,-0.534
00:00:19.432,1572873979199,-0.119,0.002,6.2570000000000014,0.664,3.0,-0.002,22.113000000000003,-0.001,-0.064,445.53,0.675,-0.534
00:00:19.486,1572873979253,-0.119,0.002,6.2570000000000014,0.664,3.0,-0.002,22.111,-0.001,-0.064,445.876,0.6759999999999999,-0.534
00:00:19.487,1572873979254,-0.119,0.001,6.2570000000000014,0.664,3.0,-0.002,22.109,-0.001,-0.064,446.244,0.6779999999999999,-0.534
00:00:19.488,1572873979255,-0.119,0.001,6.2570000000000014,0.664,3.0,-0.002,22.107,-0.001,-0.064,446.61300000000006,0.679,-0.534
00:00:19.537,1572873979304,-0.119,0.001,6.2570000000000014,0.664,3.0,-0.002,22.105,-0.001,-0.064,446.981,0.68,-0.534
00:00:19.538,1572873979305,-0.119,0.0,6.1110000000000015,0.664,3.0,-0.002,22.103,-0.001,-0.065,447.372,0.682,-0.534
00:00:19.539,1572873979306,-0.119,0.0,6.1110000000000015,0.664,3.0,-0.002,22.101,0.0,-0.065,447.718,0.6829999999999999,-0.534
00:00:19.590,1572873979357,-0.12,-0.001,6.1110000000000015,0.664,3.0,-0.002,22.099,0.0,-0.065,448.086,0.684,-0.534
00:00:19.591,1572873979358,-0.121,-0.001,6.1110000000000015,0.664,3.0,-0.002,22.097,0.0,-0.065,448.477,0.6859999999999999,-0.534
00:00:19.592,1572873979359,-0.122,-0.001,6.1110000000000015,0.664,3.0,-0.002,22.095,0.0,-0.065,448.846,0.687,-0.534
00:00:19.638,1572873979405,-0.123,-0.002,6.1110000000000015,0.664,3.0,-0.002,22.093000000000004,0.0,-0.065,449.191,0.6890000000000001,-0.534
00:00:19.639,1572873979406,-0.124,-0.002,5.964,0.664,3.0,-0.001,22.09,0.0,-0.065,449.582,0.69,-0.534
00:00:19.640,1572873979407,-0.124,-0.003,5.964,0.664,3.0,-0.001,22.089,0.0,-0.065,449.927,0.691,-0.534
00:00:19.690,1572873979457,-0.125,-0.003,5.964,0.664,3.0,-0.001,22.086,0.0,-0.065,450.295,0.693,-0.534
00:00:19.691,1572873979458,-0.126,-0.004,5.964,0.664,3.0,-0.001,22.084,0.0,-0.065,450.686,0.6940000000000001,-0.534
00:00:19.692,1572873979459,-0.127,-0.004,5.964,0.664,3.0,-0.001,22.082,0.0,-0.066,451.031,0.695,-0.534
00:00:19.756,1572873979523,-0.128,-0.005,5.964,0.664,3.0,-0.001,22.08,0.0,-0.066,451.4,0.6970000000000001,-0.534
00:00:19.757,1572873979524,-0.128,-0.005,5.964,0.664,3.0,-0.001,22.07800000000001,0.0,-0.066,451.79,0.698,-0.534
00:00:19.758,1572873979525,-0.129,-0.006,5.964,0.664,3.0,-0.001,22.076,0.0,-0.066,452.158,0.7,-0.534
00:00:19.789,1572873979556,-0.129,-0.006,5.964,0.664,3.0,-0.001,22.074,0.0,-0.066,452.503,0.701,-0.534
00:00:19.790,1572873979557,-0.129,-0.006,5.964,0.664,3.0,0.0,22.071,0.0,-0.066,452.894,0.7020000000000001,-0.534
00:00:19.791,1572873979558,-0.128,-0.006999999999999999,5.964,0.664,3.0,0.0,22.06900000000001,0.0,-0.066,453.262,0.7040000000000001,-0.534
00:00:19.841,1572873979608,-0.128,-0.006999999999999999,5.964,0.664,3.0,0.0,22.067,0.0,-0.066,453.63,0.705,-0.534
00:00:19.842,1572873979609,-0.128,-0.006999999999999999,5.964,0.664,3.0,0.0,22.065,0.0,-0.066,453.99800000000016,0.706,-0.534
00:00:19.843,1572873979610,-0.128,-0.008,5.964,0.664,3.0,0.0,22.063,0.0,-0.066,454.365,0.708,-0.534
00:00:19.898,1572873979665,-0.128,-0.008,5.964,0.664,3.0,0.0,22.061,0.0,-0.066,454.71,0.7090000000000001,-0.534
00:00:19.899,1572873979666,-0.128,-0.008,5.964,0.664,3.0,0.0,22.059,0.001,-0.066,455.101,0.711,-0.534
00:00:19.900,1572873979667,-0.128,-0.008,5.964,0.664,3.0,0.0,22.056,0.001,-0.066,455.468,0.7120000000000001,-0.534
00:00:19.946,1572873979713,-0.128,-0.008,5.964,0.664,3.0,0.001,22.054,0.001,-0.066,455.836,0.713,-0.534
00:00:19.947,1572873979714,-0.128,-0.008,6.1110000000000015,0.664,3.0,0.001,22.052,0.001,-0.066,456.203,0.715,-0.534
00:00:19.948,1572873979715,-0.128,-0.009000000000000001,6.1110000000000015,0.664,3.0,0.001,22.05,0.001,-0.066,456.548,0.716,-0.534
00:00:19.949,1572873979716,-0.127,-0.009000000000000001,6.1110000000000015,0.664,3.0,0.001,22.048,0.001,-0.066,456.915,0.7170000000000001,-0.534
00:00:19.997,1572873979764,-0.126,-0.009000000000000001,6.1110000000000015,0.664,3.0,0.001,22.046,0.001,-0.066,457.306,0.7190000000000001,-0.534
00:00:19.998,1572873979765,-0.125,-0.009000000000000001,6.1110000000000015,0.664,3.0,0.001,22.044,0.001,-0.066,457.673,0.72,-0.534
00:00:19.999,1572873979766,-0.124,-0.009000000000000001,6.1110000000000015,0.664,3.0,0.001,22.042,0.001,-0.065,458.041,0.721,-0.534
00:00:20.047,1572873979814,-0.123,-0.009000000000000001,5.964,0.664,3.0,0.001,22.04,0.001,-0.065,458.408,0.723,-0.534
00:00:20.048,1572873979815,-0.123,-0.009000000000000001,5.964,0.664,3.0,0.001,22.038,0.001,-0.065,458.775,0.7240000000000001,-0.534
00:00:20.049,1572873979816,-0.123,-0.009000000000000001,5.964,0.664,3.0,0.001,22.036,0.001,-0.065,459.143,0.725,-0.534
00:00:20.097,1572873979864,-0.124,-0.009000000000000001,5.964,0.664,3.0,0.001,22.034,0.001,-0.065,459.51,0.727,-0.534
00:00:20.098,1572873979865,-0.125,-0.009000000000000001,5.964,0.664,3.0,0.001,22.031,0.001,-0.065,459.877,0.728,-0.534
00:00:20.099,1572873979866,-0.127,-0.009000000000000001,5.964,0.664,3.0,0.002,22.029,0.001,-0.065,460.244,0.7290000000000001,-0.534
00:00:20.149,1572873979916,-0.127,-0.009000000000000001,5.964,0.664,3.0,0.002,22.027,0.001,-0.065,460.611,0.73,-0.534
00:00:20.150,1572873979917,-0.128,-0.009000000000000001,5.964,0.664,3.0,0.002,22.025,0.001,-0.065,460.978,0.732,-0.534
00:00:20.151,1572873979918,-0.128,-0.008,5.964,0.664,3.0,0.002,22.023000000000003,0.001,-0.065,461.346,0.733,-0.534
00:00:20.205,1572873979972,-0.128,-0.008,5.964,0.664,3.0,0.002,22.021,0.001,-0.065,461.713,0.7340000000000001,-0.534
00:00:20.206,1572873979973,-0.128,-0.008,5.964,0.664,3.0,0.002,22.019,0.001,-0.065,462.08,0.736,-0.534
00:00:20.207,1572873979974,-0.127,-0.008,5.964,0.664,3.0,0.002,22.017,0.001,-0.065,462.447,0.737,-0.534
00:00:20.263,1572873980030,-0.127,-0.009000000000000001,5.964,0.664,3.0,0.002,22.014,0.001,-0.065,462.81300000000016,0.738,-0.534
00:00:20.264,1572873980031,-0.127,-0.009000000000000001,5.964,0.664,3.0,0.002,22.012,0.001,-0.065,463.18,0.74,-0.534
00:00:20.265,1572873980032,-0.127,-0.009000000000000001,5.964,0.664,3.0,0.002,22.01,0.001,-0.065,463.547,0.741,-0.534
00:00:20.306,1572873980073,-0.127,-0.009000000000000001,5.964,0.664,3.0,0.002,22.00800000000001,0.001,-0.065,463.914,0.742,-0.534
00:00:20.307,1572873980074,-0.127,-0.009000000000000001,5.964,0.664,3.0,0.002,22.006,0.001,-0.065,464.281,0.743,-0.534
00:00:20.308,1572873980075,-0.127,-0.01,5.964,0.664,3.0,0.002,22.004,0.001,-0.065,464.625,0.745,-0.534
00:00:20.362,1572873980129,-0.127,-0.01,6.1110000000000015,0.664,3.0,0.002,22.002,0.001,-0.065,465.014,0.746,-0.534
00:00:20.363,1572873980130,-0.127,-0.011,6.1110000000000015,0.664,3.0,0.002,22.0,0.001,-0.065,465.381,0.747,-0.534
00:00:20.364,1572873980131,-0.126,-0.012,6.1110000000000015,0.664,3.0,0.002,21.997,0.001,-0.065,465.74800000000016,0.7490000000000001,-0.534
00:00:20.365,1572873980132,-0.125,-0.013,6.1110000000000015,0.664,3.0,0.002,21.995,0.0,-0.065,466.114,0.75,-0.534
00:00:20.413,1572873980180,-0.124,-0.014,6.1110000000000015,0.664,3.0,0.002,21.993,0.0,-0.065,466.481,0.7509999999999999,-0.534
00:00:20.414,1572873980181,-0.123,-0.015,6.1110000000000015,0.664,3.0,0.002,21.991,0.0,-0.065,466.847,0.752,-0.534
00:00:20.415,1572873980182,-0.122,-0.016,5.964,0.664,3.0,0.002,21.989,0.0,-0.065,467.214,0.754,-0.534
00:00:20.463,1572873980230,-0.122,-0.017,5.964,0.664,3.0,0.003,21.987,0.0,-0.065,467.58,0.755,-0.534
00:00:20.464,1572873980231,-0.122,-0.019,5.964,0.664,3.0,0.003,21.985,0.0,-0.065,467.947,0.7559999999999999,-0.534
00:00:20.465,1572873980232,-0.123,-0.02,5.964,0.664,3.0,0.003,21.983,0.0,-0.065,468.31300000000016,0.757,-0.534
00:00:20.513,1572873980280,-0.124,-0.022,5.964,0.664,3.0,0.003,21.981,0.0,-0.065,468.679,0.759,-0.534
00:00:20.514,1572873980281,-0.126,-0.024,5.964,0.664,3.0,0.003,21.979,0.0,-0.065,469.046,0.76,-0.534
00:00:20.515,1572873980282,-0.127,-0.025,5.964,0.664,3.0,0.003,21.977,0.0,-0.065,469.412,0.7609999999999999,-0.534
00:00:20.567,1572873980334,-0.127,-0.027000000000000003,5.964,0.664,3.0,0.003,21.975,0.0,-0.065,469.778,0.762,-0.534
00:00:20.568,1572873980335,-0.127,-0.029,5.964,0.664,3.0,0.004,21.97300000000001,0.0,-0.065,470.145,0.763,-0.534
00:00:20.569,1572873980336,-0.127,-0.031,5.964,0.664,3.0,0.004,21.971,0.0,-0.065,470.511,0.765,-0.534
00:00:20.614,1572873980381,-0.127,-0.032,5.964,0.664,3.0,0.004,21.968000000000004,0.0,-0.065,470.877,0.7659999999999999,-0.534
00:00:20.615,1572873980382,-0.127,-0.033,5.964,0.664,3.0,0.005,21.966,0.001,-0.065,471.24300000000005,0.767,-0.534
00:00:20.616,1572873980383,-0.126,-0.034,6.1110000000000015,0.664,3.0,0.005,21.964,0.001,-0.065,471.609,0.768,-0.534
00:00:20.666,1572873980433,-0.126,-0.035,6.1110000000000015,0.664,3.0,0.005,21.962,0.001,-0.065,471.975,0.769,-0.534
00:00:20.667,1572873980434,-0.126,-0.036000000000000004,6.1110000000000015,0.664,3.0,0.006,21.96,0.001,-0.065,472.341,0.7709999999999999,-0.534
00:00:20.668,1572873980435,-0.124,-0.036000000000000004,6.1110000000000015,0.664,3.0,0.006,21.958,0.001,-0.065,472.707,0.772,-0.534
00:00:20.714,1572873980481,-0.123,-0.037000000000000005,6.1110000000000015,0.664,3.0,0.006,21.956,0.002,-0.065,473.073,0.773,-0.534
00:00:20.715,1572873980482,-0.122,-0.038,6.1110000000000015,0.664,3.0,0.006999999999999999,21.954,0.002,-0.065,473.439,0.774,-0.534
00:00:20.716,1572873980483,-0.121,-0.039,5.964,0.664,3.0,0.006999999999999999,21.952,0.002,-0.065,473.805,0.775,-0.534
00:00:20.768,1572873980535,-0.121,-0.039,5.964,0.664,3.0,0.006999999999999999,21.95,0.002,-0.065,474.171,0.7759999999999999,-0.534
00:00:20.769,1572873980536,-0.122,-0.04,5.964,0.664,3.0,0.006999999999999999,21.948,0.002,-0.065,474.537,0.777,-0.534
00:00:20.770,1572873980537,-0.123,-0.041,5.964,0.664,3.0,0.008,21.946,0.002,-0.065,474.902,0.778,-0.534
00:00:20.819,1572873980586,-0.124,-0.041,5.964,0.664,3.0,0.008,21.94400000000001,0.003,-0.065,475.268,0.779,-0.534
00:00:20.820,1572873980587,-0.125,-0.042,5.964,0.664,3.0,0.008,21.942,0.003,-0.065,475.634,0.78,-0.534
00:00:20.821,1572873980588,-0.126,-0.042,5.964,0.664,3.0,0.009000000000000001,21.939,0.003,-0.065,476.0,0.7809999999999999,-0.534
00:00:20.874,1572873980641,-0.126,-0.042,5.964,0.664,3.0,0.009000000000000001,21.937,0.003,-0.065,476.365,0.782,-0.534
00:00:20.875,1572873980642,-0.127,-0.042,5.964,0.664,3.0,0.009000000000000001,21.935,0.003,-0.065,476.731,0.7829999999999999,-0.534
00:00:20.876,1572873980643,-0.126,-0.041,5.964,0.664,3.0,0.009000000000000001,21.933000000000003,0.003,-0.065,477.096,0.784,-0.534
00:00:20.922,1572873980689,-0.126,-0.04,5.964,0.664,3.0,0.01,21.931,0.003,-0.065,477.462,0.785,-0.534
00:00:20.923,1572873980690,-0.126,-0.039,5.964,0.664,3.0,0.01,21.929,0.003,-0.065,477.827,0.7859999999999999,-0.534
00:00:20.924,1572873980691,-0.126,-0.037000000000000005,5.964,0.664,3.0,0.01,21.927,0.003,-0.065,478.193,0.787,-0.534
00:00:20.969,1572873980736,-0.126,-0.036000000000000004,5.964,0.664,3.0,0.01,21.925,0.004,-0.065,478.55800000000005,0.7879999999999999,-0.534
00:00:20.970,1572873980737,-0.126,-0.035,5.964,0.664,3.0,0.011,21.923,0.004,-0.065,478.924,0.789,-0.534
00:00:20.971,1572873980738,-0.126,-0.033,5.964,0.664,3.0,0.011,21.921,0.004,-0.065,479.289,0.79,-0.534
00:00:21.027,1572873980794,-0.126,-0.032,5.964,0.664,3.0,0.011,21.919,0.004,-0.065,479.654,0.7909999999999999,-0.534
00:00:21.028,1572873980795,-0.125,-0.031,5.964,0.664,3.0,0.011,21.916,0.004,-0.065,480.02,0.792,-0.534
00:00:21.029,1572873980796,-0.125,-0.03,5.818,0.664,3.0,0.011,21.914,0.003,-0.065,480.385,0.7929999999999999,-0.534
00:00:21.076,1572873980843,-0.126,-0.029,5.818,0.664,3.0,0.011,21.912,0.003,-0.065,480.75,0.794,-0.534
00:00:21.077,1572873980844,-0.126,-0.027000000000000003,5.818,0.664,3.0,0.011,21.91,0.003,-0.065,481.115,0.795,-0.534
00:00:21.078,1572873980845,-0.127,-0.026,5.818,0.664,3.0,0.011,21.908,0.003,-0.065,481.48,0.7959999999999999,-0.534
00:00:21.121,1572873980888,-0.128,-0.024,5.818,0.664,3.0,0.011,21.906,0.003,-0.065,481.846,0.797,-0.534
00:00:21.122,1572873980889,-0.129,-0.023,5.818,0.664,3.0,0.011,21.904,0.003,-0.065,482.211,0.797,-0.534
00:00:21.123,1572873980890,-0.13,-0.022,5.598,0.664,3.0,0.011,21.902,0.003,-0.065,482.576,0.7979999999999999,-0.534
00:00:21.171,1572873980938,-0.131,-0.021,5.598,0.664,3.0,0.01,21.899,0.003,-0.065,482.941,0.799,-0.534
00:00:21.172,1572873980939,-0.131,-0.021,5.598,0.664,3.0,0.01,21.897,0.002,-0.065,483.306,0.8,-0.534
00:00:21.173,1572873980940,-0.133,-0.02,5.598,0.664,3.0,0.01,21.895,0.002,-0.065,483.671,0.8009999999999999,-0.534
00:00:21.223,1572873980990,-0.134,-0.018000000000000002,5.598,0.664,3.0,0.01,21.893,0.002,-0.065,484.035,0.802,-0.534
00:00:21.224,1572873980991,-0.136,-0.017,5.598,0.664,3.0,0.01,21.89,0.002,-0.065,484.4,0.8029999999999999,-0.534
00:00:21.225,1572873980992,-0.13699999999999998,-0.015,5.598,0.664,3.0,0.01,21.888,0.002,-0.065,484.765,0.8029999999999999,-0.534
00:00:21.284,1572873981051,-0.13699999999999998,-0.013,5.598,0.664,3.0,0.01,21.886,0.002,-0.065,485.13,0.804,-0.534
00:00:21.285,1572873981052,-0.13699999999999998,-0.012,5.598,0.664,3.0,0.01,21.88300000000001,0.002,-0.065,485.495,0.805,-0.534
00:00:21.286,1572873981053,-0.13699999999999998,-0.011,5.598,0.664,3.0,0.009000000000000001,21.881,0.001,-0.065,485.859,0.8059999999999999,-0.534
00:00:21.324,1572873981091,-0.13699999999999998,-0.01,5.598,0.664,3.0,0.009000000000000001,21.879,0.001,-0.065,486.224,0.807,-0.534
00:00:21.325,1572873981092,-0.13699999999999998,-0.009000000000000001,5.598,0.664,3.0,0.009000000000000001,21.877,0.001,-0.066,486.589,0.8079999999999999,-0.534
00:00:21.326,1572873981093,-0.13699999999999998,-0.009000000000000001,5.598,0.664,3.0,0.009000000000000001,21.874,0.001,-0.066,486.953,0.8079999999999999,-0.534
00:00:21.374,1572873981141,-0.13699999999999998,-0.009000000000000001,5.598,0.664,3.0,0.008,21.872,0.001,-0.066,487.318,0.809,-0.534
00:00:21.375,1572873981142,-0.136,-0.009000000000000001,5.598,0.664,3.0,0.008,21.87,0.001,-0.066,487.682,0.81,-0.534
00:00:21.376,1572873981143,-0.136,-0.01,5.598,0.664,3.0,0.008,21.868,0.001,-0.066,488.047,0.8109999999999999,-0.534
00:00:21.424,1572873981191,-0.136,-0.01,5.598,0.664,3.0,0.008,21.866,0.001,-0.066,488.275,0.8109999999999999,-0.534
00:00:21.425,1572873981192,-0.136,-0.011,5.598,0.664,3.0,0.008,21.864,0.0,-0.066,488.639,0.812,-0.534
00:00:21.426,1572873981193,-0.136,-0.011,5.598,0.664,3.0,0.008,21.862,0.0,-0.066,489.003,0.813,-0.534
00:00:21.477,1572873981244,-0.136,-0.012,5.598,0.664,3.0,0.006999999999999999,21.859,0.0,-0.066,489.36800000000005,0.8140000000000001,-0.534
00:00:21.478,1572873981245,-0.136,-0.012,5.598,0.664,3.0,0.006999999999999999,21.857,0.0,-0.066,489.732,0.815,-0.534
00:00:21.479,1572873981246,-0.136,-0.012,5.598,0.664,3.0,0.006999999999999999,21.855,0.0,-0.066,490.096,0.815,-0.534
00:00:21.480,1572873981247,-0.136,-0.013,5.598,0.664,3.0,0.006999999999999999,21.852,0.0,-0.066,490.461,0.816,-0.534
00:00:21.529,1572873981296,-0.136,-0.015,5.598,0.664,3.0,0.006999999999999999,21.85,0.0,-0.066,490.825,0.8170000000000001,-0.534
00:00:21.530,1572873981297,-0.136,-0.017,5.598,0.664,3.0,0.006999999999999999,21.84800000000001,0.0,-0.066,491.189,0.818,-0.534
00:00:21.531,1572873981298,-0.136,-0.02,5.598,0.664,3.0,0.006,21.846,0.0,-0.066,491.55300000000005,0.8190000000000001,-0.534
00:00:21.579,1572873981346,-0.136,-0.023,5.598,0.664,3.0,0.006,21.843000000000004,0.0,-0.066,491.917,0.8190000000000001,-0.534
00:00:21.580,1572873981347,-0.136,-0.026,5.598,0.664,3.0,0.006,21.841,0.0,-0.066,492.281,0.82,-0.534
00:00:21.581,1572873981348,-0.136,-0.029,5.598,0.664,3.0,0.006,21.839,0.0,-0.066,492.645,0.821,-0.534
00:00:21.636,1572873981403,-0.136,-0.032,5.598,0.664,3.0,0.006,21.837,0.0,-0.066,493.009,0.8220000000000001,-0.534
00:00:21.637,1572873981404,-0.136,-0.035,5.598,0.664,3.0,0.006,21.834,0.0,-0.066,493.37300000000016,0.8220000000000001,-0.534
00:00:21.638,1572873981405,-0.136,-0.036000000000000004,5.598,0.664,3.0,0.006999999999999999,21.832,0.0,-0.066,493.737,0.823,-0.534
00:00:21.683,1572873981450,-0.136,-0.038,5.598,0.664,3.0,0.006999999999999999,21.83,0.0,-0.066,494.101,0.8240000000000001,-0.534
00:00:21.684,1572873981451,-0.135,-0.039,5.598,0.664,3.0,0.006999999999999999,21.82800000000001,0.0,-0.066,494.465,0.825,-0.534
00:00:21.685,1572873981452,-0.135,-0.041,5.598,0.664,3.0,0.008,21.825,0.0,-0.066,494.828,0.825,-0.534
00:00:21.730,1572873981497,-0.135,-0.044,5.598,0.664,3.0,0.008,21.823,0.0,-0.066,495.192,0.826,-0.534
00:00:21.731,1572873981498,-0.135,-0.047,5.4510000000000005,0.664,3.0,0.008,21.821,0.001,-0.066,495.556,0.8270000000000001,-0.534
00:00:21.732,1572873981499,-0.135,-0.05,5.4510000000000005,0.664,3.0,0.008,21.81900000000001,0.001,-0.066,495.919,0.8270000000000001,-0.534
00:00:21.780,1572873981547,-0.136,-0.053,5.4510000000000005,0.664,3.0,0.009000000000000001,21.816,0.001,-0.066,496.283,0.828,-0.534
00:00:21.781,1572873981548,-0.136,-0.056,5.4510000000000005,0.664,3.0,0.009000000000000001,21.814,0.001,-0.066,496.647,0.8290000000000001,-0.534
00:00:21.782,1572873981549,-0.138,-0.058,5.4510000000000005,0.664,3.0,0.01,21.812,0.002,-0.066,497.01,0.8290000000000001,-0.534
00:00:21.830,1572873981597,-0.139,-0.06,5.4510000000000005,0.664,3.0,0.01,21.809,0.002,-0.066,497.374,0.83,-0.534
00:00:21.831,1572873981598,-0.139,-0.062,5.4510000000000005,0.664,3.0,0.011,21.807,0.002,-0.066,497.737,0.83,-0.534
00:00:21.832,1572873981599,-0.14,-0.064,5.4510000000000005,0.664,3.0,0.011,21.805,0.002,-0.066,498.101,0.831,-0.534
00:00:21.891,1572873981658,-0.14,-0.067,5.4510000000000005,0.664,3.0,0.012,21.802,0.003,-0.066,498.464,0.831,-0.534
00:00:21.892,1572873981659,-0.14,-0.069,5.4510000000000005,0.664,3.0,0.012,21.8,0.003,-0.066,498.827,0.8320000000000001,-0.534
00:00:21.893,1572873981660,-0.14,-0.07,5.4510000000000005,0.664,3.0,0.013,21.798,0.003,-0.066,499.191,0.8320000000000001,-0.534
00:00:21.934,1572873981701,-0.14,-0.071,5.4510000000000005,0.664,3.0,0.013,21.795,0.003,-0.066,499.554,0.833,-0.534
00:00:21.935,1572873981702,-0.14,-0.07200000000000001,5.4510000000000005,0.664,3.0,0.014,21.79300000000001,0.004,-0.066,499.917,0.833,-0.534
00:00:21.936,1572873981703,-0.14,-0.07200000000000001,5.4510000000000005,0.664,3.0,0.014,21.791,0.004,-0.066,500.28,0.8340000000000001,-0.534
00:00:21.988,1572873981755,-0.14,-0.073,5.4510000000000005,0.664,3.0,0.015,21.788,0.004,-0.066,500.644,0.8340000000000001,-0.534
00:00:21.989,1572873981756,-0.139,-0.073,5.4510000000000005,0.664,3.0,0.015,21.786,0.004,-0.066,501.007,0.835,-0.534
00:00:21.990,1572873981757,-0.139,-0.073,5.4510000000000005,0.664,3.0,0.016,21.784,0.005,-0.066,501.37,0.835,-0.534
00:00:22.036,1572873981803,-0.139,-0.07400000000000001,5.4510000000000005,0.664,3.0,0.016,21.781,0.005,-0.066,501.733,0.835,-0.534
00:00:22.037,1572873981804,-0.139,-0.075,5.4510000000000005,0.664,3.0,0.017,21.779,0.005,-0.066,502.096,0.836,-0.534
00:00:22.038,1572873981805,-0.139,-0.075,5.4510000000000005,0.664,3.0,0.017,21.777,0.005,-0.066,502.459,0.836,-0.534
00:00:22.086,1572873981853,-0.139,-0.076,5.4510000000000005,0.664,3.0,0.018000000000000002,21.775,0.005,-0.066,502.822,0.836,-0.534
00:00:22.087,1572873981854,-0.139,-0.076,5.4510000000000005,0.664,3.0,0.018000000000000002,21.772,0.005,-0.066,503.185,0.836,-0.534
00:00:22.088,1572873981855,-0.139,-0.076,5.4510000000000005,0.664,3.0,0.019,21.77,0.005,-0.066,503.547,0.8370000000000001,-0.534
00:00:22.139,1572873981906,-0.139,-0.07400000000000001,5.4510000000000005,0.664,3.0,0.019,21.768,0.005,-0.066,503.91,0.8370000000000001,-0.534
00:00:22.140,1572873981907,-0.139,-0.073,5.598,0.664,3.0,0.019,21.765,0.005,-0.066,504.273,0.8370000000000001,-0.534
00:00:22.141,1572873981908,-0.139,-0.071,5.598,0.664,3.0,0.02,21.763,0.006,-0.066,504.636,0.8370000000000001,-0.534
00:00:22.187,1572873981954,-0.139,-0.069,5.598,0.664,3.0,0.02,21.761,0.006,-0.066,504.99800000000016,0.838,-0.534
00:00:22.188,1572873981955,-0.138,-0.068,5.598,0.664,3.0,0.02,21.75800000000001,0.006,-0.066,505.361,0.838,-0.534
00:00:22.189,1572873981956,-0.13699999999999998,-0.066,5.598,0.664,3.0,0.021,21.756,0.006,-0.066,505.724,0.838,-0.534
00:00:22.238,1572873982005,-0.135,-0.064,5.598,0.664,3.0,0.021,21.754,0.006,-0.066,506.086,0.838,-0.534
00:00:22.239,1572873982006,-0.135,-0.062,5.598,0.664,3.0,0.021,21.752,0.006,-0.066,506.449,0.838,-0.534
00:00:22.240,1572873982007,-0.134,-0.06,5.598,0.664,3.0,0.021,21.749,0.005,-0.066,506.811,0.838,-0.534
00:00:22.289,1572873982056,-0.134,-0.059,5.598,0.664,3.0,0.021,21.747,0.005,-0.066,507.174,0.838,-0.534
00:00:22.290,1572873982057,-0.134,-0.057,5.598,0.664,3.0,0.021,21.745,0.005,-0.066,507.536,0.838,-0.534
00:00:22.291,1572873982058,-0.134,-0.056,5.598,0.664,3.0,0.021,21.743,0.005,-0.066,507.899,0.838,-0.534
00:00:22.344,1572873982111,-0.134,-0.054000000000000006,5.598,0.664,3.0,0.021,21.74,0.005,-0.066,508.261,0.838,-0.534
00:00:22.345,1572873982112,-0.134,-0.053,5.598,0.664,3.0,0.021,21.738000000000003,0.005,-0.066,508.62300000000016,0.838,-0.534
00:00:22.346,1572873982113,-0.134,-0.052000000000000005,5.598,0.664,3.0,0.021,21.736,0.005,-0.065,508.986,0.838,-0.534
00:00:22.347,1572873982114,-0.134,-0.051,5.598,0.664,3.0,0.021,21.734,0.004,-0.065,509.348,0.838,-0.534
00:00:22.395,1572873982162,-0.134,-0.05,5.598,0.664,3.0,0.021,21.732,0.004,-0.065,509.71,0.838,-0.534
00:00:22.396,1572873982163,-0.134,-0.049,5.598,0.664,3.0,0.02,21.729,0.004,-0.065,510.072,0.838,-0.534
00:00:22.397,1572873982164,-0.134,-0.048,5.598,0.664,3.0,0.02,21.727,0.004,-0.065,510.434,0.838,-0.534
00:00:22.445,1572873982212,-0.134,-0.047,5.598,0.664,3.0,0.02,21.725,0.004,-0.065,510.796,0.838,-0.534
00:00:22.446,1572873982213,-0.134,-0.047,5.598,0.664,3.0,0.02,21.72300000000001,0.003,-0.065,511.159,0.838,-0.534
00:00:22.447,1572873982214,-0.134,-0.046,5.598,0.664,3.0,0.02,21.72,0.003,-0.065,511.521,0.838,-0.534
00:00:22.501,1572873982268,-0.134,-0.045,5.598,0.664,3.0,0.02,21.718000000000004,0.003,-0.065,511.883,0.838,-0.534
00:00:22.502,1572873982269,-0.133,-0.044,5.598,0.664,3.0,0.02,21.716,0.003,-0.065,512.245,0.838,-0.534
00:00:22.503,1572873982270,-0.133,-0.043,5.598,0.664,3.0,0.02,21.714,0.003,-0.065,512.606,0.8370000000000001,-0.534
00:00:22.546,1572873982313,-0.133,-0.042,5.598,0.664,3.0,0.019,21.712,0.002,-0.065,512.9680000000002,0.8370000000000001,-0.534
00:00:22.547,1572873982314,-0.133,-0.042,5.598,0.664,3.0,0.019,21.709,0.002,-0.065,513.33,0.8370000000000001,-0.534
00:00:22.548,1572873982315,-0.133,-0.041,5.598,0.664,3.0,0.019,21.707,0.002,-0.065,513.692,0.8370000000000001,-0.534
00:00:22.617,1572873982384,-0.133,-0.04,5.598,0.664,3.0,0.019,21.705,0.002,-0.065,514.054,0.8370000000000001,-0.534
00:00:22.618,1572873982385,-0.133,-0.04,5.598,0.664,3.0,0.019,21.70300000000001,0.002,-0.065,514.415,0.8370000000000001,-0.534
00:00:22.619,1572873982386,-0.133,-0.039,5.598,0.664,3.0,0.019,21.7,0.002,-0.065,514.7769999999998,0.836,-0.534
00:00:22.620,1572873982387,-0.133,-0.039,5.598,0.664,3.0,0.018000000000000002,21.698,0.002,-0.065,515.139,0.836,-0.534
00:00:22.674,1572873982441,-0.133,-0.039,5.598,0.664,3.0,0.018000000000000002,21.696,0.002,-0.065,515.5,0.836,-0.534
00:00:22.675,1572873982442,-0.133,-0.039,5.598,0.664,3.0,0.018000000000000002,21.69400000000001,0.002,-0.065,515.862,0.836,-0.534
00:00:22.676,1572873982443,-0.133,-0.039,5.598,0.664,3.0,0.018000000000000002,21.692,0.002,-0.065,516.224,0.835,-0.534
00:00:22.715,1572873982482,-0.133,-0.04,5.598,0.664,3.0,0.018000000000000002,21.689,0.002,-0.065,516.585,0.835,-0.534
00:00:22.716,1572873982483,-0.133,-0.04,5.598,0.664,3.0,0.018000000000000002,21.687,0.002,-0.065,516.947,0.835,-0.534
00:00:22.717,1572873982484,-0.133,-0.04,5.598,0.664,3.0,0.017,21.685,0.002,-0.065,517.308,0.835,-0.534
00:00:22.762,1572873982529,-0.133,-0.04,5.598,0.664,3.0,0.017,21.683000000000003,0.002,-0.065,517.669,0.8340000000000001,-0.534
00:00:22.763,1572873982530,-0.133,-0.041,5.598,0.664,3.0,0.017,21.681,0.002,-0.065,518.031,0.8340000000000001,-0.534
00:00:22.764,1572873982531,-0.133,-0.041,5.598,0.664,3.0,0.017,21.678,0.002,-0.065,518.3919999999998,0.8340000000000001,-0.534
00:00:22.814,1572873982581,-0.133,-0.041,5.598,0.664,3.0,0.017,21.676,0.002,-0.065,518.753,0.833,-0.534
00:00:22.815,1572873982582,-0.133,-0.041,5.598,0.664,3.0,0.017,21.674,0.002,-0.065,519.115,0.833,-0.534
00:00:22.816,1572873982583,-0.133,-0.042,5.598,0.664,3.0,0.017,21.672,0.002,-0.065,519.476,0.833,-0.534
00:00:22.871,1572873982638,-0.133,-0.042,5.598,0.664,3.0,0.017,21.669,0.002,-0.065,519.837,0.8320000000000001,-0.534
00:00:22.872,1572873982639,-0.132,-0.042,5.598,0.664,3.0,0.017,21.667,0.002,-0.065,520.198,0.8320000000000001,-0.534
00:00:22.873,1572873982640,-0.132,-0.043,5.598,0.664,3.0,0.017,21.665,0.002,-0.065,520.559,0.8320000000000001,-0.534
00:00:22.915,1572873982682,-0.132,-0.043,5.598,0.664,3.0,0.017,21.663,0.002,-0.065,520.92,0.831,-0.534
00:00:22.916,1572873982683,-0.132,-0.043,5.598,0.664,3.0,0.017,21.661,0.002,-0.065,521.281,0.831,-0.534
00:00:22.917,1572873982684,-0.132,-0.043,5.598,0.664,3.0,0.016,21.658,0.002,-0.065,521.6419999999998,0.83,-0.534
00:00:22.966,1572873982733,-0.132,-0.044,5.598,0.664,3.0,0.016,21.656,0.002,-0.065,522.003,0.83,-0.534
00:00:22.967,1572873982734,-0.132,-0.044,5.598,0.664,3.0,0.016,21.654,0.003,-0.065,522.364,0.8290000000000001,-0.534
00:00:22.968,1572873982735,-0.132,-0.044,5.598,0.664,3.0,0.016,21.652,0.003,-0.065,522.725,0.8290000000000001,-0.534
00:00:23.022,1572873982789,-0.132,-0.044,5.598,0.664,3.0,0.016,21.65,0.003,-0.065,523.086,0.8290000000000001,-0.534
00:00:23.023,1572873982790,-0.132,-0.045,5.598,0.664,3.0,0.016,21.647,0.003,-0.065,523.447,0.828,-0.534
00:00:23.024,1572873982791,-0.132,-0.045,5.598,0.664,3.0,0.016,21.645,0.003,-0.065,523.808,0.828,-0.534
00:00:23.068,1572873982835,-0.132,-0.045,5.598,0.664,3.0,0.016,21.643,0.003,-0.065,524.168,0.8270000000000001,-0.534
00:00:23.069,1572873982836,-0.132,-0.045,5.598,0.664,3.0,0.016,21.641,0.003,-0.065,524.529,0.8270000000000001,-0.534
00:00:23.070,1572873982837,-0.132,-0.045,5.598,0.664,3.0,0.016,21.639,0.003,-0.065,524.89,0.826,-0.534
00:00:23.118,1572873982885,-0.132,-0.045,5.598,0.664,3.0,0.016,21.636,0.003,-0.065,525.25,0.825,-0.534
00:00:23.119,1572873982886,-0.132,-0.045,5.598,0.664,3.0,0.016,21.634,0.003,-0.065,525.611,0.825,-0.534
00:00:23.120,1572873982887,-0.132,-0.046,5.598,0.664,3.0,0.016,21.632,0.003,-0.065,525.971,0.8240000000000001,-0.534
00:00:23.174,1572873982941,-0.132,-0.046,5.598,0.664,3.0,0.016,21.63,0.003,-0.065,526.332,0.8240000000000001,-0.534
00:00:23.175,1572873982942,-0.132,-0.046,5.598,0.664,3.0,0.016,21.628,0.003,-0.065,526.692,0.823,-0.534
00:00:23.176,1572873982943,-0.132,-0.046,5.598,0.664,3.0,0.016,21.625,0.003,-0.065,527.053,0.823,-0.534
00:00:23.221,1572873982988,-0.132,-0.046,5.598,0.664,3.0,0.016,21.623,0.003,-0.065,527.413,0.8220000000000001,-0.534
00:00:23.222,1572873982989,-0.132,-0.046,5.598,0.664,3.0,0.016,21.621,0.003,-0.065,527.774,0.821,-0.534
00:00:23.223,1572873982990,-0.132,-0.046,5.598,0.664,3.0,0.016,21.619,0.003,-0.065,528.134,0.821,-0.534
00:00:23.272,1572873983039,-0.132,-0.045,5.598,0.664,3.0,0.016,21.617,0.003,-0.065,528.494,0.82,-0.534
00:00:23.273,1572873983040,-0.131,-0.045,5.598,0.664,3.0,0.016,21.615,0.003,-0.065,528.854,0.8190000000000001,-0.534
00:00:23.274,1572873983041,-0.131,-0.045,5.598,0.664,3.0,0.016,21.612,0.003,-0.065,529.215,0.8190000000000001,-0.534
00:00:23.322,1572873983089,-0.131,-0.045,5.598,0.664,3.0,0.016,21.61,0.003,-0.065,529.575,0.818,-0.534
00:00:23.323,1572873983090,-0.131,-0.045,5.598,0.664,3.0,0.016,21.608,0.003,-0.065,529.935,0.8170000000000001,-0.534
00:00:23.324,1572873983091,-0.131,-0.045,5.598,0.664,3.0,0.016,21.606,0.003,-0.065,530.295,0.8170000000000001,-0.534
00:00:23.372,1572873983139,-0.131,-0.045,5.598,0.664,3.0,0.016,21.604,0.003,-0.065,530.655,0.816,-0.534
00:00:23.373,1572873983140,-0.131,-0.045,5.598,0.664,3.0,0.016,21.601,0.003,-0.065,531.015,0.815,-0.534
00:00:23.374,1572873983141,-0.131,-0.045,5.598,0.664,3.0,0.016,21.599,0.003,-0.065,531.375,0.8140000000000001,-0.534
00:00:23.423,1572873983190,-0.131,-0.045,5.598,0.664,3.0,0.016,21.597,0.003,-0.065,531.735,0.8140000000000001,-0.534
00:00:23.424,1572873983191,-0.131,-0.045,5.598,0.664,3.0,0.016,21.595,0.003,-0.065,532.095,0.813,-0.534
00:00:23.425,1572873983192,-0.131,-0.045,5.598,0.664,3.0,0.016,21.593000000000004,0.003,-0.065,532.455,0.812,-0.534
00:00:23.479,1572873983246,-0.131,-0.045,5.598,0.664,3.0,0.016,21.59,0.003,-0.065,532.815,0.8109999999999999,-0.534
00:00:23.480,1572873983247,-0.131,-0.045,5.598,0.664,3.0,0.016,21.588,0.003,-0.065,533.175,0.81,-0.534
00:00:23.481,1572873983248,-0.131,-0.045,5.598,0.664,3.0,0.016,21.586,0.003,-0.065,533.535,0.809,-0.534
00:00:23.523,1572873983290,-0.131,-0.045,5.598,0.664,3.0,0.016,21.584,0.003,-0.065,533.894,0.809,-0.534
00:00:23.524,1572873983291,-0.131,-0.044,5.598,0.664,3.0,0.016,21.582,0.003,-0.065,534.254,0.8079999999999999,-0.534
00:00:23.525,1572873983292,-0.131,-0.044,5.598,0.664,3.0,0.016,21.58,0.003,-0.065,534.614,0.807,-0.534
00:00:23.579,1572873983346,-0.131,-0.044,5.598,0.664,3.0,0.016,21.577,0.003,-0.065,534.9730000000002,0.8059999999999999,-0.534
00:00:23.580,1572873983347,-0.131,-0.044,5.598,0.664,3.0,0.016,21.575,0.003,-0.065,535.3330000000002,0.805,-0.534
00:00:23.581,1572873983348,-0.131,-0.044,5.598,0.664,3.0,0.016,21.573,0.003,-0.065,535.692,0.804,-0.534
00:00:23.624,1572873983391,-0.131,-0.044,5.598,0.664,3.0,0.016,21.571,0.003,-0.065,536.052,0.8029999999999999,-0.534
00:00:23.625,1572873983392,-0.131,-0.043,5.598,0.664,3.0,0.016,21.56900000000001,0.003,-0.065,536.4119999999998,0.802,-0.534
00:00:23.626,1572873983393,-0.131,-0.043,5.598,0.664,3.0,0.016,21.567,0.003,-0.065,536.771,0.8009999999999999,-0.534
00:00:23.675,1572873983442,-0.13,-0.043,5.598,0.664,3.0,0.016,21.564,0.003,-0.065,537.13,0.8,-0.534
00:00:23.676,1572873983443,-0.13,-0.043,5.598,0.664,3.0,0.016,21.562,0.003,-0.064,537.49,0.8,-0.534
00:00:23.677,1572873983444,-0.13,-0.043,5.598,0.664,3.0,0.016,21.56,0.003,-0.064,537.849,0.799,-0.534
00:00:23.737,1572873983504,-0.13,-0.043,5.598,0.664,3.0,0.016,21.558000000000003,0.003,-0.064,538.2080000000002,0.7979999999999999,-0.534
00:00:23.738,1572873983505,-0.13,-0.043,5.598,0.664,3.0,0.016,21.556,0.003,-0.064,538.568,0.797,-0.534
00:00:23.739,1572873983506,-0.13,-0.043,5.598,0.664,3.0,0.016,21.554,0.003,-0.064,538.927,0.7959999999999999,-0.534
00:00:23.740,1572873983507,-0.13,-0.043,5.598,0.664,3.0,0.016,21.551,0.003,-0.064,539.286,0.795,-0.534
00:00:23.777,1572873983544,-0.13,-0.043,5.598,0.664,3.0,0.016,21.549,0.003,-0.064,539.645,0.7929999999999999,-0.534
00:00:23.778,1572873983545,-0.13,-0.043,5.598,0.664,3.0,0.016,21.547,0.003,-0.064,540.005,0.792,-0.534
00:00:23.779,1572873983546,-0.13,-0.043,5.598,0.664,3.0,0.016,21.545,0.003,-0.064,540.386,0.7909999999999999,-0.534
00:00:23.828,1572873983595,-0.13,-0.043,5.598,0.664,3.0,0.016,21.54300000000001,0.003,-0.064,540.7230000000002,0.79,-0.534
00:00:23.829,1572873983596,-0.13,-0.043,5.598,0.664,3.0,0.016,21.54,0.003,-0.064,541.082,0.789,-0.534
00:00:23.830,1572873983597,-0.13,-0.043,5.598,0.664,3.0,0.016,21.538,0.003,-0.064,541.441,0.7879999999999999,-0.534
00:00:23.878,1572873983645,-0.13,-0.042,5.598,0.664,3.0,0.016,21.536,0.003,-0.064,541.8,0.787,-0.534
00:00:23.879,1572873983646,-0.13,-0.042,5.598,0.664,3.0,0.016,21.534,0.003,-0.064,542.159,0.7859999999999999,-0.534
00:00:23.880,1572873983647,-0.13,-0.042,5.598,0.664,3.0,0.016,21.532,0.003,-0.064,542.5169999999998,0.785,-0.534
00:00:23.928,1572873983695,-0.13,-0.041,5.598,0.664,3.0,0.016,21.53,0.003,-0.064,542.876,0.784,-0.534
00:00:23.929,1572873983696,-0.13,-0.041,5.598,0.664,3.0,0.016,21.528,0.003,-0.064,543.235,0.782,-0.534
00:00:23.930,1572873983697,-0.13,-0.041,5.598,0.664,3.0,0.016,21.525,0.003,-0.064,543.616,0.7809999999999999,-0.534
00:00:23.983,1572873983750,-0.13,-0.04,5.598,0.664,3.0,0.016,21.523000000000003,0.003,-0.064,543.953,0.78,-0.534
00:00:23.984,1572873983751,-0.13,-0.04,5.598,0.664,3.0,0.016,21.521,0.003,-0.064,544.311,0.779,-0.534
00:00:23.985,1572873983752,-0.13,-0.039,5.598,0.664,3.0,0.016,21.519,0.003,-0.064,544.692,0.778,-0.534
00:00:24.029,1572873983796,-0.13,-0.039,5.598,0.664,3.0,0.016,21.517,0.003,-0.064,545.029,0.777,-0.534
00:00:24.030,1572873983797,-0.13,-0.038,5.598,0.664,3.0,0.015,21.515,0.003,-0.064,545.387,0.775,-0.534
00:00:24.031,1572873983798,-0.129,-0.037000000000000005,5.598,0.664,3.0,0.015,21.512,0.003,-0.064,545.746,0.774,-0.534
00:00:24.081,1572873983848,-0.129,-0.036000000000000004,5.598,0.664,3.0,0.015,21.51,0.003,-0.064,546.127,0.773,-0.534
00:00:24.082,1572873983849,-0.129,-0.035,5.598,0.664,3.0,0.015,21.50800000000001,0.003,-0.064,546.4630000000002,0.772,-0.534
00:00:24.083,1572873983850,-0.129,-0.033,5.598,0.664,3.0,0.015,21.506,0.003,-0.064,546.821,0.77,-0.534
00:00:24.143,1572873983910,-0.129,-0.031,5.598,0.664,3.0,0.015,21.504,0.003,-0.064,547.18,0.769,-0.534
00:00:24.144,1572873983911,-0.129,-0.029,5.598,0.664,3.0,0.015,21.502,0.003,-0.064,547.538,0.768,-0.534
00:00:24.145,1572873983912,-0.129,-0.027000000000000003,5.598,0.664,3.0,0.015,21.499,0.003,-0.064,547.896,0.767,-0.534
00:00:24.184,1572873983951,-0.129,-0.025,5.598,0.664,3.0,0.015,21.497,0.003,-0.064,548.255,0.765,-0.534
00:00:24.185,1572873983952,-0.129,-0.023,5.598,0.664,3.0,0.015,21.495,0.003,-0.064,548.613,0.764,-0.534
00:00:24.186,1572873983953,-0.129,-0.02,5.598,0.664,3.0,0.015,21.493,0.003,-0.064,548.971,0.763,-0.534
00:00:24.233,1572873984000,-0.129,-0.018000000000000002,5.598,0.664,3.0,0.014,21.491,0.003,-0.064,549.3290000000002,0.7609999999999999,-0.534
00:00:24.234,1572873984001,-0.129,-0.016,5.598,0.664,3.0,0.014,21.489,0.003,-0.064,549.71,0.76,-0.534
00:00:24.235,1572873984002,-0.129,-0.014,5.598,0.664,3.0,0.014,21.487,0.003,-0.064,550.0459999999998,0.759,-0.534
00:00:24.283,1572873984050,-0.129,-0.012,5.598,0.664,3.0,0.014,21.484,0.003,-0.064,550.404,0.757,-0.534
00:00:24.284,1572873984051,-0.129,-0.01,5.598,0.664,3.0,0.013,21.482,0.003,-0.064,550.784,0.7559999999999999,-0.534
00:00:24.285,1572873984052,-0.129,-0.009000000000000001,5.598,0.664,3.0,0.013,21.48,0.003,-0.064,551.12,0.755,-0.534
00:00:24.333,1572873984100,-0.129,-0.008,5.598,0.664,3.0,0.012,21.478,0.002,-0.064,551.4780000000002,0.754,-0.534
00:00:24.334,1572873984101,-0.129,-0.006999999999999999,5.598,0.664,3.0,0.012,21.476,0.002,-0.064,551.8580000000002,0.752,-0.534
00:00:24.335,1572873984102,-0.129,-0.006999999999999999,5.598,0.664,3.0,0.011,21.474,0.002,-0.064,552.194,0.7509999999999999,-0.534
00:00:24.384,1572873984151,-0.129,-0.006,5.598,0.664,3.0,0.011,21.472,0.002,-0.064,552.552,0.75,-0.534
00:00:24.385,1572873984152,-0.129,-0.005,5.598,0.664,3.0,0.011,21.469,0.001,-0.064,552.932,0.748,-0.534
00:00:24.386,1572873984153,-0.129,-0.004,5.598,0.664,3.0,0.01,21.467,0.001,-0.064,553.29,0.747,-0.534
00:00:24.446,1572873984213,-0.129,-0.003,5.598,0.664,3.0,0.01,21.465,0.001,-0.064,553.625,0.746,-0.534
00:00:24.447,1572873984214,-0.129,-0.003,5.598,0.664,3.0,0.009000000000000001,21.463,0.001,-0.064,553.9830000000002,0.7440000000000001,-0.534
00:00:24.448,1572873984215,-0.129,-0.002,5.598,0.664,3.0,0.009000000000000001,21.461,0.001,-0.064,554.34,0.743,-0.534
00:00:24.490,1572873984257,-0.128,-0.001,5.598,0.664,3.0,0.009000000000000001,21.459,0.0,-0.064,554.698,0.742,-0.534
00:00:24.491,1572873984258,-0.128,-0.001,5.598,0.664,3.0,0.008,21.457,0.0,-0.064,555.056,0.74,-0.534
00:00:24.492,1572873984259,-0.128,0.0,5.598,0.664,3.0,0.008,21.454,0.0,-0.064,555.413,0.7390000000000001,-0.534
00:00:24.541,1572873984308,-0.128,0.0,5.598,0.664,3.0,0.008,21.452,0.0,-0.064,555.771,0.738,-0.534
00:00:24.542,1572873984309,-0.128,0.0,5.598,0.664,3.0,0.006999999999999999,21.45,-0.001,-0.064,556.151,0.736,-0.534
00:00:24.543,1572873984310,-0.128,0.0,5.598,0.664,3.0,0.006999999999999999,21.448,-0.001,-0.064,556.508,0.735,-0.534
00:00:24.591,1572873984358,-0.128,0.0,5.598,0.664,3.0,0.006999999999999999,21.446,-0.001,-0.064,556.8430000000002,0.7340000000000001,-0.534
00:00:24.592,1572873984359,-0.128,-0.001,5.598,0.664,3.0,0.006,21.444000000000006,-0.001,-0.064,557.2230000000002,0.732,-0.534
00:00:24.593,1572873984360,-0.128,-0.001,5.598,0.664,3.0,0.006,21.442,-0.001,-0.064,557.558,0.731,-0.534
00:00:24.641,1572873984408,-0.128,-0.002,5.598,0.664,3.0,0.006,21.439,-0.001,-0.064,557.915,0.73,-0.534
00:00:24.642,1572873984409,-0.128,-0.002,5.598,0.664,3.0,0.006,21.437,-0.001,-0.064,558.273,0.728,-0.534
00:00:24.643,1572873984410,-0.128,-0.003,5.598,0.664,3.0,0.005,21.435,-0.001,-0.064,558.63,0.727,-0.534
00:00:24.691,1572873984458,-0.128,-0.004,5.598,0.664,3.0,0.005,21.433000000000003,-0.001,-0.064,558.987,0.726,-0.534
00:00:24.692,1572873984459,-0.128,-0.005,5.598,0.664,3.0,0.005,21.431,-0.001,-0.064,559.367,0.7240000000000001,-0.534
00:00:24.693,1572873984460,-0.128,-0.006,5.598,0.664,3.0,0.005,21.429,-0.001,-0.064,559.702,0.723,-0.534
00:00:24.742,1572873984509,-0.128,-0.006999999999999999,5.598,0.664,3.0,0.005,21.427,-0.001,-0.064,560.081,0.722,-0.534
00:00:24.743,1572873984510,-0.128,-0.008,5.598,0.664,3.0,0.005,21.425,-0.001,-0.064,560.4159999999998,0.72,-0.534
00:00:24.744,1572873984511,-0.128,-0.009000000000000001,5.598,0.664,3.0,0.005,21.422,-0.001,-0.064,560.773,0.7190000000000001,-0.534
00:00:24.793,1572873984560,-0.128,-0.011,5.598,0.664,3.0,0.004,21.42,-0.001,-0.064,561.1519999999998,0.718,-0.534
00:00:24.794,1572873984561,-0.128,-0.012,5.598,0.664,3.0,0.004,21.418000000000006,-0.001,-0.064,561.509,0.716,-0.534
00:00:24.795,1572873984562,-0.127,-0.013,5.598,0.664,3.0,0.004,21.416,-0.001,-0.064,561.866,0.715,-0.534
00:00:24.796,1572873984563,-0.127,-0.015,5.598,0.664,3.0,0.004,21.414,-0.001,-0.064,562.2230000000002,0.7140000000000001,-0.534
00:00:24.844,1572873984611,-0.127,-0.016,5.598,0.664,3.0,0.004,21.412,0.0,-0.064,562.58,0.7120000000000001,-0.534
00:00:24.845,1572873984612,-0.127,-0.018000000000000002,5.598,0.664,3.0,0.004,21.41,0.0,-0.064,562.937,0.711,-0.534
00:00:24.846,1572873984613,-0.127,-0.02,5.598,0.664,3.0,0.005,21.407,0.0,-0.064,563.294,0.7090000000000001,-0.534
00:00:24.895,1572873984662,-0.127,-0.022,5.598,0.664,3.0,0.005,21.405,0.0,-0.063,563.65,0.708,-0.534
00:00:24.896,1572873984663,-0.127,-0.024,5.598,0.664,3.0,0.005,21.403,0.0,-0.063,564.007,0.7070000000000001,-0.534
00:00:24.897,1572873984664,-0.127,-0.026,5.598,0.664,3.0,0.005,21.401,0.0,-0.063,564.341,0.705,-0.534
00:00:24.955,1572873984722,-0.127,-0.029,5.598,0.664,3.0,0.005,21.399,0.0,-0.063,564.72,0.7040000000000001,-0.534
00:00:24.956,1572873984723,-0.127,-0.031,5.598,0.664,3.0,0.005,21.397,0.001,-0.063,565.077,0.7020000000000001,-0.534
00:00:24.957,1572873984724,-0.127,-0.033,5.598,0.664,3.0,0.005,21.395,0.001,-0.063,565.411,0.701,-0.534
00:00:25.005,1572873984772,-0.127,-0.036000000000000004,5.598,0.664,3.0,0.005,21.393,0.001,-0.063,565.79,0.7,-0.534
00:00:25.006,1572873984773,-0.127,-0.038,5.598,0.664,3.0,0.006,21.391,0.001,-0.063,566.1469999999998,0.698,-0.534
00:00:25.007,1572873984774,-0.127,-0.04,5.598,0.664,3.0,0.006,21.389,0.001,-0.063,566.481,0.6970000000000001,-0.534
00:00:25.055,1572873984822,-0.127,-0.042,5.598,0.664,3.0,0.006,21.386,0.001,-0.063,566.86,0.695,-0.534
00:00:25.056,1572873984823,-0.127,-0.044,5.598,0.664,3.0,0.006999999999999999,21.384,0.001,-0.063,567.216,0.6940000000000001,-0.534
00:00:25.057,1572873984824,-0.127,-0.046,5.598,0.664,3.0,0.006999999999999999,21.382,0.001,-0.063,567.572,0.6920000000000001,-0.534
00:00:25.114,1572873984881,-0.127,-0.048,5.598,0.664,3.0,0.006999999999999999,21.38,0.001,-0.063,567.929,0.691,-0.534
00:00:25.115,1572873984882,-0.127,-0.05,5.598,0.664,3.0,0.008,21.378,0.002,-0.063,568.285,0.6890000000000001,-0.534
00:00:25.116,1572873984883,-0.127,-0.052000000000000005,5.598,0.664,3.0,0.008,21.376,0.002,-0.063,568.641,0.688,-0.534
00:00:25.165,1572873984932,-0.127,-0.054000000000000006,5.598,0.664,3.0,0.009000000000000001,21.374,0.002,-0.063,568.998,0.6859999999999999,-0.534
00:00:25.166,1572873984933,-0.127,-0.055,5.598,0.664,3.0,0.009000000000000001,21.372,0.002,-0.063,569.354,0.685,-0.534
00:00:25.167,1572873984934,-0.127,-0.056,5.598,0.664,3.0,0.009000000000000001,21.369,0.002,-0.063,569.71,0.6829999999999999,-0.534
00:00:25.206,1572873984973,-0.127,-0.057,5.598,0.664,3.0,0.01,21.367,0.002,-0.063,570.066,0.682,-0.534
00:00:25.207,1572873984974,-0.127,-0.058,5.598,0.664,3.0,0.01,21.365,0.002,-0.063,570.422,0.68,-0.534
00:00:25.208,1572873984975,-0.127,-0.059,5.598,0.664,3.0,0.011,21.363000000000003,0.003,-0.063,570.778,0.6779999999999999,-0.534
00:00:25.257,1572873985024,-0.127,-0.059,5.598,0.664,3.0,0.011,21.361,0.003,-0.063,571.134,0.677,-0.534
00:00:25.258,1572873985025,-0.127,-0.06,5.598,0.664,3.0,0.012,21.359,0.003,-0.063,571.49,0.675,-0.534
00:00:25.259,1572873985026,-0.126,-0.06,5.598,0.664,3.0,0.012,21.357,0.003,-0.063,571.846,0.6729999999999999,-0.534
00:00:25.308,1572873985075,-0.126,-0.061,5.598,0.664,3.0,0.013,21.355,0.003,-0.063,572.202,0.672,-0.534
00:00:25.309,1572873985076,-0.126,-0.061,5.598,0.664,3.0,0.013,21.353,0.003,-0.063,572.558,0.67,-0.534
00:00:25.310,1572873985077,-0.126,-0.062,5.598,0.664,3.0,0.013,21.35,0.004,-0.063,572.914,0.6679999999999999,-0.534
00:00:25.366,1572873985133,-0.126,-0.062,5.598,0.664,3.0,0.014,21.348000000000006,0.004,-0.063,573.27,0.667,-0.534
00:00:25.367,1572873985134,-0.126,-0.062,5.598,0.664,3.0,0.014,21.346,0.004,-0.063,573.626,0.665,-0.534
00:00:25.368,1572873985135,-0.126,-0.062,5.598,0.664,3.0,0.014,21.344,0.004,-0.063,573.981,0.6629999999999999,-0.534
00:00:25.410,1572873985177,-0.126,-0.062,5.598,0.664,3.0,0.015,21.342,0.004,-0.063,574.337,0.6609999999999999,-0.534
00:00:25.411,1572873985178,-0.126,-0.062,5.598,0.664,3.0,0.015,21.34,0.004,-0.063,574.693,0.659,-0.534
00:00:25.412,1572873985179,-0.126,-0.062,5.598,0.664,3.0,0.015,21.338,0.004,-0.063,575.048,0.6579999999999999,-0.534
00:00:25.413,1572873985180,-0.126,-0.062,5.598,0.664,3.0,0.016,21.336,0.004,-0.063,575.404,0.6559999999999999,-0.534
00:00:25.466,1572873985233,-0.126,-0.062,5.598,0.664,3.0,0.016,21.334,0.004,-0.063,575.76,0.654,-0.534
00:00:25.467,1572873985234,-0.126,-0.061,5.598,0.664,3.0,0.016,21.332,0.004,-0.063,576.115,0.652,-0.534
00:00:25.468,1572873985235,-0.126,-0.06,5.598,0.664,3.0,0.016,21.329,0.004,-0.063,576.471,0.65,-0.534
00:00:25.511,1572873985278,-0.126,-0.06,5.598,0.664,3.0,0.016,21.327,0.004,-0.063,576.826,0.648,-0.534
00:00:25.512,1572873985279,-0.126,-0.059,5.598,0.664,3.0,0.017,21.325,0.004,-0.063,577.182,0.6459999999999999,-0.534
00:00:25.513,1572873985280,-0.126,-0.058,5.598,0.664,3.0,0.017,21.323,0.004,-0.063,577.5369999999998,0.644,-0.534
00:00:25.568,1572873985335,-0.126,-0.057,5.598,0.664,3.0,0.017,21.321,0.004,-0.063,577.8919999999998,0.642,-0.534
00:00:25.569,1572873985336,-0.126,-0.056,5.598,0.664,3.0,0.017,21.319000000000006,0.004,-0.063,578.248,0.6409999999999999,-0.534
00:00:25.570,1572873985337,-0.126,-0.055,5.598,0.664,3.0,0.017,21.317,0.004,-0.063,578.558,0.639,-0.534
00:00:25.611,1572873985378,-0.126,-0.054000000000000006,5.598,0.664,3.0,0.017,21.315,0.004,-0.063,578.936,0.637,-0.534
00:00:25.612,1572873985379,-0.126,-0.053,5.598,0.664,3.0,0.017,21.313,0.004,-0.063,579.269,0.635,-0.534
00:00:25.613,1572873985380,-0.126,-0.052000000000000005,5.598,0.664,3.0,0.018000000000000002,21.311,0.004,-0.063,579.624,0.633,-0.534
00:00:25.669,1572873985436,-0.125,-0.051,5.598,0.664,3.0,0.018000000000000002,21.309,0.004,-0.063,579.979,0.631,-0.534
00:00:25.670,1572873985437,-0.125,-0.05,5.598,0.664,3.0,0.018000000000000002,21.307,0.004,-0.063,580.3340000000002,0.629,-0.534
00:00:25.671,1572873985438,-0.125,-0.048,5.598,0.664,3.0,0.018000000000000002,21.305,0.004,-0.063,580.69,0.627,-0.534
00:00:25.721,1572873985488,-0.125,-0.047,5.598,0.664,3.0,0.018000000000000002,21.303,0.004,-0.063,581.045,0.625,-0.534
00:00:25.722,1572873985489,-0.125,-0.046,5.598,0.664,3.0,0.018000000000000002,21.3,0.003,-0.063,581.4,0.622,-0.534
00:00:25.723,1572873985490,-0.125,-0.045,5.598,0.664,3.0,0.018000000000000002,21.298,0.003,-0.063,581.755,0.62,-0.534
00:00:25.771,1572873985538,-0.125,-0.044,5.598,0.664,3.0,0.018000000000000002,21.296,0.003,-0.063,582.11,0.618,-0.534
00:00:25.772,1572873985539,-0.125,-0.043,5.598,0.664,3.0,0.018000000000000002,21.294,0.003,-0.063,582.464,0.616,-0.534
00:00:25.773,1572873985540,-0.125,-0.042,5.598,0.664,3.0,0.017,21.292,0.003,-0.063,582.819,0.614,-0.534
00:00:25.821,1572873985588,-0.125,-0.04,5.598,0.664,3.0,0.017,21.29,0.003,-0.063,583.174,0.612,-0.534
00:00:25.822,1572873985589,-0.125,-0.039,5.598,0.664,3.0,0.017,21.288,0.003,-0.063,583.529,0.61,-0.534
00:00:25.823,1572873985590,-0.125,-0.038,5.598,0.664,3.0,0.017,21.286,0.003,-0.063,583.884,0.607,-0.534
00:00:25.871,1572873985638,-0.125,-0.037000000000000005,5.598,0.664,3.0,0.017,21.284,0.003,-0.063,584.239,0.605,-0.534
00:00:25.872,1572873985639,-0.125,-0.035,5.598,0.664,3.0,0.017,21.282,0.003,-0.063,584.5930000000002,0.603,-0.534
00:00:25.873,1572873985640,-0.125,-0.034,5.598,0.664,3.0,0.017,21.28,0.003,-0.063,584.948,0.601,-0.534
00:00:25.924,1572873985691,-0.125,-0.033,5.598,0.664,3.0,0.017,21.278,0.003,-0.063,585.303,0.599,-0.534
00:00:25.925,1572873985692,-0.125,-0.032,5.598,0.664,3.0,0.016,21.275,0.003,-0.063,585.6569999999998,0.597,-0.534
00:00:25.926,1572873985693,-0.125,-0.032,5.598,0.664,3.0,0.016,21.273000000000003,0.002,-0.063,586.012,0.594,-0.534
00:00:25.976,1572873985743,-0.125,-0.031,5.598,0.664,3.0,0.016,21.271,0.002,-0.063,586.366,0.5920000000000001,-0.534
00:00:25.977,1572873985744,-0.125,-0.03,5.598,0.664,3.0,0.016,21.269,0.002,-0.063,586.721,0.59,-0.534
00:00:25.978,1572873985745,-0.125,-0.03,5.598,0.664,3.0,0.015,21.267,0.002,-0.063,587.075,0.588,-0.534
00:00:26.030,1572873985797,-0.125,-0.029,5.598,0.664,3.0,0.015,21.265,0.002,-0.063,587.43,0.585,-0.534
00:00:26.031,1572873985798,-0.125,-0.029,5.598,0.664,3.0,0.015,21.263,0.002,-0.063,587.784,0.583,-0.534
00:00:26.032,1572873985799,-0.125,-0.028,5.598,0.664,3.0,0.015,21.261,0.002,-0.063,588.138,0.581,-0.534
00:00:26.073,1572873985840,-0.125,-0.028,5.598,0.664,3.0,0.015,21.259,0.002,-0.063,588.493,0.579,-0.534
00:00:26.074,1572873985841,-0.124,-0.028,5.598,0.664,3.0,0.015,21.257,0.002,-0.063,588.847,0.5760000000000001,-0.534
00:00:26.075,1572873985842,-0.124,-0.027000000000000003,5.598,0.664,3.0,0.014,21.255,0.002,-0.063,589.201,0.574,-0.534
00:00:26.123,1572873985890,-0.124,-0.027000000000000003,5.598,0.664,3.0,0.014,21.253,0.002,-0.063,589.555,0.5720000000000001,-0.534
00:00:26.124,1572873985891,-0.124,-0.027000000000000003,5.598,0.664,3.0,0.014,21.251,0.001,-0.063,589.91,0.569,-0.534
00:00:26.125,1572873985892,-0.124,-0.027000000000000003,5.598,0.664,3.0,0.014,21.248,0.001,-0.063,590.264,0.5670000000000001,-0.534
00:00:26.173,1572873985940,-0.124,-0.027000000000000003,5.598,0.664,3.0,0.014,21.246,0.001,-0.063,590.618,0.565,-0.534
00:00:26.174,1572873985941,-0.124,-0.027000000000000003,5.598,0.664,3.0,0.013,21.244,0.001,-0.063,590.972,0.562,-0.534
00:00:26.175,1572873985942,-0.124,-0.027000000000000003,5.598,0.664,3.0,0.013,21.242,0.001,-0.063,591.326,0.56,-0.534
00:00:26.227,1572873985994,-0.124,-0.027000000000000003,5.598,0.664,3.0,0.013,21.24,0.001,-0.063,591.68,0.5579999999999999,-0.534
00:00:26.228,1572873985995,-0.124,-0.027000000000000003,5.598,0.664,3.0,0.013,21.238000000000003,0.001,-0.063,592.034,0.555,-0.534
00:00:26.229,1572873985996,-0.124,-0.027000000000000003,5.598,0.664,3.0,0.013,21.236,0.001,-0.063,592.388,0.5529999999999999,-0.534
00:00:26.274,1572873986041,-0.124,-0.027000000000000003,5.598,0.664,3.0,0.013,21.234,0.001,-0.063,592.742,0.551,-0.534
00:00:26.275,1572873986042,-0.124,-0.027000000000000003,5.598,0.664,3.0,0.013,21.232,0.001,-0.063,593.096,0.5479999999999999,-0.534
00:00:26.276,1572873986043,-0.124,-0.027000000000000003,5.598,0.664,3.0,0.013,21.23,0.001,-0.063,593.45,0.546,-0.534
00:00:26.334,1572873986101,-0.124,-0.028,5.598,0.664,3.0,0.012,21.228,0.001,-0.063,593.803,0.544,-0.534
00:00:26.335,1572873986102,-0.124,-0.028,5.598,0.664,3.0,0.012,21.226,0.001,-0.063,594.1569999999998,0.541,-0.534
00:00:26.336,1572873986103,-0.124,-0.028,5.598,0.664,3.0,0.012,21.224,0.001,-0.063,594.511,0.539,-0.534
00:00:26.383,1572873986150,-0.124,-0.028,5.598,0.664,3.0,0.012,21.222,0.001,-0.063,594.865,0.536,-0.534
00:00:26.384,1572873986151,-0.124,-0.029,5.598,0.664,3.0,0.012,21.22,0.001,-0.063,595.2180000000002,0.534,-0.534
00:00:26.385,1572873986152,-0.124,-0.029,5.598,0.664,3.0,0.012,21.218000000000004,0.001,-0.063,595.572,0.531,-0.534
00:00:26.427,1572873986194,-0.124,-0.029,5.598,0.664,3.0,0.012,21.215,0.001,-0.063,595.9259999999998,0.529,-0.534
00:00:26.428,1572873986195,-0.124,-0.029,5.598,0.664,3.0,0.012,21.213,0.001,-0.063,596.279,0.527,-0.534
00:00:26.440,1572873986207,-0.124,-0.03,5.598,0.664,3.0,0.012,21.211,0.002,-0.063,596.633,0.524,-0.534
00:00:26.441,1572873986208,-0.123,-0.03,5.598,0.664,3.0,0.012,21.209,0.002,-0.063,596.986,0.522,-0.534
00:00:26.479,1572873986246,-0.123,-0.03,5.598,0.664,3.0,0.012,21.207,0.002,-0.063,597.34,0.519,-0.534
00:00:26.480,1572873986247,-0.123,-0.03,5.598,0.664,3.0,0.012,21.205,0.002,-0.063,597.693,0.517,-0.534
00:00:26.481,1572873986248,-0.123,-0.031,5.598,0.664,3.0,0.012,21.203000000000007,0.002,-0.063,598.0459999999998,0.514,-0.534
00:00:26.537,1572873986304,-0.123,-0.031,5.598,0.664,3.0,0.012,21.201,0.002,-0.063,598.4,0.512,-0.534
00:00:26.538,1572873986305,-0.123,-0.031,5.598,0.664,3.0,0.012,21.199,0.002,-0.063,598.753,0.509,-0.534
00:00:26.539,1572873986306,-0.123,-0.031,5.598,0.664,3.0,0.012,21.197,0.002,-0.063,599.106,0.507,-0.534
00:00:26.596,1572873986363,-0.123,-0.031,5.598,0.664,3.0,0.012,21.195,0.002,-0.063,599.46,0.504,-0.534
00:00:26.597,1572873986364,-0.123,-0.031,5.598,0.664,3.0,0.012,21.193,0.002,-0.062,599.813,0.502,-0.534
00:00:26.598,1572873986365,-0.123,-0.032,5.598,0.664,3.0,0.012,21.191,0.002,-0.062,600.1659999999998,0.499,-0.534
00:00:26.642,1572873986409,-0.123,-0.032,5.598,0.664,3.0,0.011,21.189,0.002,-0.062,600.519,0.4970000000000001,-0.534
00:00:26.643,1572873986410,-0.123,-0.032,5.598,0.664,3.0,0.011,21.187,0.002,-0.062,600.872,0.494,-0.534
00:00:26.644,1572873986411,-0.123,-0.032,5.598,0.664,3.0,0.011,21.185,0.002,-0.062,601.225,0.4920000000000001,-0.534
00:00:26.692,1572873986459,-0.123,-0.032,5.598,0.664,3.0,0.011,21.183000000000003,0.002,-0.062,601.578,0.489,-0.534
00:00:26.693,1572873986460,-0.123,-0.032,5.598,0.664,3.0,0.011,21.181,0.002,-0.062,601.932,0.486,-0.534
00:00:26.694,1572873986461,-0.123,-0.032,5.598,0.664,3.0,0.011,21.179,0.002,-0.062,602.284,0.484,-0.534
00:00:26.735,1572873986502,-0.123,-0.032,5.598,0.664,3.0,0.011,21.176,0.002,-0.062,602.637,0.481,-0.534
00:00:26.736,1572873986503,-0.123,-0.032,5.598,0.664,3.0,0.011,21.174,0.002,-0.062,602.99,0.479,-0.534
00:00:26.737,1572873986504,-0.123,-0.032,5.598,0.664,3.0,0.011,21.172,0.002,-0.062,603.3430000000002,0.476,-0.534
00:00:26.786,1572873986553,-0.123,-0.033,5.598,0.664,3.0,0.011,21.17,0.002,-0.062,603.696,0.473,-0.534
00:00:26.787,1572873986554,-0.123,-0.033,5.598,0.664,3.0,0.011,21.168000000000006,0.002,-0.062,604.049,0.471,-0.534
00:00:26.788,1572873986555,-0.123,-0.033,5.598,0.664,3.0,0.012,21.166,0.002,-0.062,604.4019999999998,0.468,-0.534
00:00:26.844,1572873986611,-0.123,-0.033,5.598,0.664,3.0,0.012,21.164,0.002,-0.062,604.754,0.466,-0.534
00:00:26.845,1572873986612,-0.123,-0.033,5.598,0.664,3.0,0.012,21.162,0.002,-0.062,605.107,0.463,-0.534
00:00:26.846,1572873986613,-0.123,-0.032,5.598,0.664,3.0,0.012,21.16,0.002,-0.062,605.46,0.46,-0.534
00:00:26.887,1572873986654,-0.123,-0.032,5.598,0.664,3.0,0.011,21.158,0.002,-0.062,605.812,0.458,-0.534
00:00:26.888,1572873986655,-0.122,-0.032,5.598,0.664,3.0,0.011,21.156,0.002,-0.062,606.165,0.455,-0.534
00:00:26.889,1572873986656,-0.122,-0.031,5.598,0.664,3.0,0.011,21.154,0.002,-0.062,606.518,0.452,-0.534
00:00:26.937,1572873986704,-0.122,-0.031,5.598,0.664,3.0,0.011,21.152,0.002,-0.062,606.87,0.449,-0.534
00:00:26.938,1572873986705,-0.122,-0.031,5.598,0.664,3.0,0.011,21.15,0.002,-0.062,607.2230000000002,0.447,-0.534
00:00:26.939,1572873986706,-0.122,-0.03,5.598,0.664,3.0,0.011,21.148000000000003,0.002,-0.062,607.575,0.444,-0.534
00:00:26.987,1572873986754,-0.122,-0.029,5.598,0.664,3.0,0.011,21.146,0.002,-0.062,607.928,0.441,-0.534
00:00:26.988,1572873986755,-0.122,-0.028,5.598,0.664,3.0,0.011,21.144,0.002,-0.062,608.28,0.439,-0.534
00:00:26.989,1572873986756,-0.122,-0.027000000000000003,5.598,0.664,3.0,0.011,21.142,0.002,-0.062,608.632,0.436,-0.534
00:00:27.038,1572873986805,-0.122,-0.025,5.598,0.664,3.0,0.011,21.14,0.002,-0.062,608.985,0.433,-0.534
00:00:27.039,1572873986806,-0.122,-0.024,5.598,0.664,3.0,0.011,21.138,0.002,-0.062,609.337,0.43,-0.534
00:00:27.040,1572873986807,-0.122,-0.022,5.598,0.664,3.0,0.011,21.136,0.002,-0.062,609.689,0.428,-0.534
00:00:27.088,1572873986855,-0.122,-0.02,5.598,0.664,3.0,0.011,21.134,0.002,-0.062,610.0409999999998,0.425,-0.534
00:00:27.089,1572873986856,-0.122,-0.017,5.598,0.664,3.0,0.011,21.132,0.002,-0.062,610.394,0.422,-0.534
00:00:27.090,1572873986857,-0.122,-0.015,5.598,0.664,3.0,0.011,21.13,0.002,-0.062,610.746,0.419,-0.534
00:00:27.139,1572873986906,-0.122,-0.012,5.598,0.664,3.0,0.011,21.128,0.002,-0.062,611.0980000000002,0.417,-0.534
00:00:27.140,1572873986907,-0.122,-0.009000000000000001,5.598,0.664,3.0,0.011,21.126,0.002,-0.062,611.45,0.414,-0.534
00:00:27.141,1572873986908,-0.122,-0.006,5.598,0.664,3.0,0.011,21.123,0.003,-0.062,611.802,0.411,-0.534
00:00:27.193,1572873986960,-0.122,-0.003,5.598,0.664,3.0,0.011,21.121,0.003,-0.062,612.154,0.408,-0.534
00:00:27.194,1572873986961,-0.122,0.001,5.598,0.664,3.0,0.01,21.119,0.003,-0.062,612.506,0.406,-0.534
00:00:27.195,1572873986962,-0.122,0.004,5.598,0.664,3.0,0.01,21.117,0.003,-0.062,612.8580000000002,0.403,-0.534
00:00:27.196,1572873986963,-0.122,0.006999999999999999,5.598,0.664,3.0,0.01,21.115,0.003,-0.062,613.21,0.4,-0.534
00:00:27.250,1572873987017,-0.122,0.011,5.598,0.664,3.0,0.009000000000000001,21.113000000000003,0.002,-0.062,613.562,0.397,-0.534
00:00:27.251,1572873987018,-0.122,0.014,5.598,0.664,3.0,0.009000000000000001,21.111,0.002,-0.062,613.914,0.394,-0.534
00:00:27.252,1572873987019,-0.122,0.017,5.598,0.664,3.0,0.008,21.109,0.002,-0.062,614.266,0.392,-0.534
00:00:27.311,1572873987078,-0.122,0.021,5.598,0.664,3.0,0.008,21.107,0.002,-0.062,614.617,0.389,-0.534
00:00:27.312,1572873987079,-0.122,0.024,5.598,0.664,3.0,0.006999999999999999,21.105,0.002,-0.062,614.969,0.386,-0.534
00:00:27.313,1572873987080,-0.121,0.027000000000000003,5.598,0.664,3.0,0.006,21.103,0.002,-0.062,615.321,0.383,-0.534
00:00:27.314,1572873987081,-0.121,0.03,5.598,0.664,3.0,0.006,21.101,0.001,-0.062,615.673,0.381,-0.534
00:00:27.365,1572873987132,-0.121,0.032,5.598,0.664,3.0,0.005,21.099,0.001,-0.062,616.024,0.378,-0.534
00:00:27.366,1572873987133,-0.121,0.035,5.598,0.664,3.0,0.004,21.097,0.001,-0.062,616.376,0.375,-0.534
00:00:27.367,1572873987134,-0.121,0.037000000000000005,5.598,0.664,3.0,0.004,21.095,0.0,-0.062,616.7280000000002,0.373,-0.534
00:00:27.421,1572873987188,-0.121,0.039,5.598,0.664,3.0,0.003,21.093000000000004,0.0,-0.062,617.0790000000002,0.37,-0.534
00:00:27.422,1572873987189,-0.121,0.041,5.598,0.664,3.0,0.002,21.091,0.0,-0.062,617.431,0.3670000000000001,-0.534
00:00:27.423,1572873987190,-0.121,0.043,5.598,0.664,3.0,0.001,21.089,-0.001,-0.062,617.7819999999998,0.365,-0.534
00:00:27.467,1572873987234,-0.121,0.045,5.598,0.664,3.0,0.001,21.087,-0.001,-0.062,618.134,0.362,-0.534
00:00:27.468,1572873987235,-0.121,0.046,5.598,0.664,3.0,0.0,21.085,-0.001,-0.062,618.485,0.359,-0.534
00:00:27.469,1572873987236,-0.121,0.048,5.598,0.664,3.0,-0.001,21.083,-0.002,-0.062,618.836,0.35700000000000004,-0.534
00:00:27.521,1572873987288,-0.121,0.049,5.598,0.664,3.0,-0.002,21.081,-0.002,-0.062,619.188,0.354,-0.534
00:00:27.522,1572873987289,-0.121,0.05,5.598,0.664,3.0,-0.002,21.079,-0.002,-0.062,619.539,0.35200000000000004,-0.534
00:00:27.523,1572873987290,-0.121,0.051,5.818,0.664,3.0,-0.003,21.077,-0.003,-0.062,619.89,0.349,-0.534
00:00:27.580,1572873987347,-0.121,0.051,5.818,0.664,3.0,-0.004,21.075,-0.003,-0.062,620.242,0.34600000000000003,-0.534
00:00:27.581,1572873987348,-0.12,0.052000000000000005,5.818,0.664,3.0,-0.004,21.073,-0.003,-0.062,620.5930000000002,0.344,-0.534
00:00:27.582,1572873987349,-0.119,0.052000000000000005,5.818,0.664,3.0,-0.005,21.071,-0.003,-0.062,620.944,0.341,-0.534
00:00:27.583,1572873987350,-0.117,0.053,5.818,0.664,3.0,-0.005,21.069000000000006,-0.004,-0.062,621.295,0.339,-0.534
00:00:27.631,1572873987398,-0.115,0.053,5.818,0.664,3.0,-0.006,21.067,-0.004,-0.062,621.646,0.336,-0.534
00:00:27.632,1572873987399,-0.114,0.053,5.818,0.664,3.0,-0.006,21.065,-0.004,-0.062,621.997,0.334,-0.534
00:00:27.633,1572873987400,-0.113,0.053,5.818,0.664,3.0,-0.006999999999999999,21.063,-0.004,-0.062,622.3480000000002,0.331,-0.534
00:00:27.683,1572873987450,-0.113,0.052000000000000005,5.818,0.664,3.0,-0.006999999999999999,21.062,-0.004,-0.062,622.7,0.329,-0.534
00:00:27.684,1572873987451,-0.113,0.052000000000000005,5.818,0.664,3.0,-0.008,21.06,-0.004,-0.062,623.0509999999998,0.327,-0.534
00:00:27.685,1572873987452,-0.113,0.051,5.818,0.664,3.0,-0.008,21.058000000000003,-0.004,-0.062,623.401,0.324,-0.534
00:00:27.738,1572873987505,-0.113,0.05,5.818,0.664,3.0,-0.009000000000000001,21.056,-0.004,-0.062,623.752,0.322,-0.534
00:00:27.739,1572873987506,-0.113,0.049,5.598,0.664,3.0,-0.009000000000000001,21.054,-0.004,-0.062,624.1030000000002,0.319,-0.534
00:00:27.740,1572873987507,-0.113,0.048,5.598,0.664,3.0,-0.009000000000000001,21.052,-0.004,-0.061,624.4540000000002,0.317,-0.534
00:00:27.784,1572873987551,-0.114,0.047,5.598,0.664,3.0,-0.01,21.05,-0.004,-0.061,624.805,0.315,-0.534
00:00:27.785,1572873987552,-0.115,0.045,5.598,0.664,3.0,-0.01,21.048,-0.004,-0.061,625.156,0.312,-0.534
00:00:27.786,1572873987553,-0.117,0.044,5.598,0.664,3.0,-0.01,21.046,-0.004,-0.061,625.507,0.31,-0.534
00:00:27.837,1572873987604,-0.119,0.042,5.598,0.664,3.0,-0.01,21.044,-0.004,-0.061,625.857,0.307,-0.534
00:00:27.838,1572873987605,-0.12,0.041,5.598,0.664,3.0,-0.011,21.042,-0.003,-0.061,626.2080000000002,0.305,-0.534
00:00:27.839,1572873987606,-0.121,0.04,5.598,0.664,3.0,-0.011,21.04,-0.003,-0.061,626.559,0.303,-0.534
00:00:27.887,1572873987654,-0.121,0.038,5.598,0.664,3.0,-0.011,21.038,-0.003,-0.061,626.909,0.301,-0.534
00:00:27.888,1572873987655,-0.121,0.037000000000000005,5.598,0.664,3.0,-0.011,21.036,-0.003,-0.061,627.26,0.298,-0.534
00:00:27.889,1572873987656,-0.121,0.036000000000000004,5.598,0.664,3.0,-0.011,21.034,-0.003,-0.061,627.611,0.29600000000000004,-0.534
00:00:27.941,1572873987708,-0.12,0.035,5.598,0.664,3.0,-0.011,21.032,-0.003,-0.061,627.961,0.294,-0.534
00:00:27.942,1572873987709,-0.12,0.034,5.598,0.664,3.0,-0.011,21.03,-0.003,-0.061,628.312,0.29100000000000004,-0.534
00:00:27.943,1572873987710,-0.12,0.033,5.598,0.664,3.0,-0.011,21.028,-0.003,-0.061,628.6619999999998,0.289,-0.534
00:00:27.988,1572873987755,-0.12,0.032,5.598,0.664,3.0,-0.011,21.026,-0.002,-0.061,629.013,0.287,-0.534
00:00:27.989,1572873987756,-0.12,0.031,5.598,0.664,3.0,-0.011,21.024,-0.002,-0.061,629.363,0.285,-0.534
00:00:27.990,1572873987757,-0.12,0.03,5.598,0.664,3.0,-0.011,21.022,-0.002,-0.061,629.7130000000002,0.282,-0.534
00:00:28.039,1572873987806,-0.12,0.029,5.598,0.664,3.0,-0.011,21.02,-0.002,-0.061,630.064,0.28,-0.534
00:00:28.040,1572873987807,-0.12,0.029,5.818,0.664,3.0,-0.011,21.018,-0.002,-0.061,630.414,0.278,-0.534
00:00:28.041,1572873987808,-0.12,0.028,5.818,0.664,3.0,-0.011,21.016,-0.002,-0.061,630.764,0.276,-0.534
00:00:28.089,1572873987856,-0.119,0.027000000000000003,5.818,0.664,3.0,-0.011,21.014,-0.002,-0.061,631.115,0.274,-0.534
00:00:28.090,1572873987857,-0.118,0.026,5.818,0.664,3.0,-0.011,21.012,-0.002,-0.061,631.465,0.271,-0.534
00:00:28.091,1572873987858,-0.116,0.026,5.818,0.664,3.0,-0.011,21.01,-0.002,-0.061,631.837,0.269,-0.534
00:00:28.143,1572873987910,-0.114,0.025,5.818,0.664,3.0,-0.011,21.009,-0.001,-0.061,632.165,0.267,-0.534
00:00:28.144,1572873987911,-0.112,0.025,5.818,0.664,3.0,-0.011,21.007,-0.001,-0.061,632.515,0.265,-0.534
00:00:28.145,1572873987912,-0.112,0.025,5.818,0.664,3.0,-0.011,21.005,-0.001,-0.061,632.865,0.263,-0.534
00:00:28.193,1572873987960,-0.111,0.024,5.818,0.664,3.0,-0.011,21.003,-0.001,-0.061,633.215,0.261,-0.534
00:00:28.194,1572873987961,-0.112,0.024,5.818,0.664,3.0,-0.011,21.001,-0.001,-0.061,633.565,0.258,-0.534
00:00:28.195,1572873987962,-0.112,0.024,5.818,0.664,3.0,-0.011,20.999,-0.001,-0.061,633.915,0.256,-0.534
00:00:28.196,1572873987963,-0.112,0.024,5.818,0.664,3.0,-0.011,20.997,-0.001,-0.061,634.265,0.254,-0.534
00:00:28.244,1572873988011,-0.112,0.024,5.818,0.664,3.0,-0.01,20.996,-0.001,-0.061,634.615,0.252,-0.534
00:00:28.245,1572873988012,-0.112,0.024,5.818,0.664,3.0,-0.01,20.994,-0.001,-0.061,634.965,0.25,-0.534
00:00:28.246,1572873988013,-0.112,0.024,5.818,0.664,3.0,-0.01,20.992,-0.001,-0.061,635.315,0.248,-0.534
00:00:28.295,1572873988062,-0.112,0.024,5.818,0.664,3.0,-0.01,20.99,-0.001,-0.061,635.687,0.246,-0.534
00:00:28.296,1572873988063,-0.112,0.024,5.818,0.664,3.0,-0.01,20.988000000000003,-0.001,-0.061,636.015,0.244,-0.534
00:00:28.297,1572873988064,-0.112,0.024,5.818,0.664,3.0,-0.01,20.986,-0.001,-0.061,636.365,0.242,-0.534
00:00:28.345,1572873988112,-0.112,0.024,5.818,0.664,3.0,-0.01,20.984,-0.001,-0.061,636.714,0.239,-0.534
00:00:28.346,1572873988113,-0.112,0.025,5.818,0.664,3.0,-0.01,20.983,-0.001,-0.061,637.064,0.237,-0.534
00:00:28.347,1572873988114,-0.112,0.026,5.818,0.664,3.0,-0.01,20.981,-0.001,-0.061,637.414,0.235,-0.534
00:00:28.399,1572873988166,-0.112,0.027000000000000003,5.818,0.664,3.0,-0.01,20.979,-0.001,-0.061,637.785,0.233,-0.534
00:00:28.400,1572873988167,-0.112,0.028,5.818,0.664,3.0,-0.01,20.977,-0.001,-0.061,638.113,0.231,-0.534
00:00:28.401,1572873988168,-0.112,0.029,5.818,0.664,3.0,-0.01,20.975,-0.001,-0.061,638.4630000000002,0.229,-0.534
00:00:28.445,1572873988212,-0.112,0.03,5.818,0.664,3.0,-0.01,20.973000000000006,-0.001,-0.06,638.8340000000002,0.227,-0.534
00:00:28.446,1572873988213,-0.112,0.031,5.818,0.664,3.0,-0.01,20.971,-0.001,-0.06,639.1619999999998,0.225,-0.534
00:00:28.447,1572873988214,-0.112,0.033,5.818,0.664,3.0,-0.01,20.97,-0.001,-0.06,639.511,0.223,-0.534
00:00:28.497,1572873988264,-0.111,0.034,5.818,0.664,3.0,-0.01,20.968000000000004,-0.001,-0.06,639.883,0.221,-0.534
00:00:28.498,1572873988265,-0.111,0.036000000000000004,5.818,0.664,3.0,-0.01,20.966,-0.001,-0.06,640.21,0.219,-0.534
00:00:28.499,1572873988266,-0.111,0.038,5.818,0.664,3.0,-0.01,20.964,-0.001,-0.06,640.56,0.217,-0.534
00:00:28.549,1572873988316,-0.111,0.039,5.818,0.664,3.0,-0.01,20.962,-0.001,-0.06,640.909,0.215,-0.534
00:00:28.550,1572873988317,-0.111,0.041,5.818,0.664,3.0,-0.01,20.96,-0.001,-0.06,641.28,0.213,-0.534
00:00:28.551,1572873988318,-0.111,0.043,5.818,0.664,3.0,-0.01,20.958,-0.001,-0.06,641.6080000000002,0.211,-0.534
00:00:28.598,1572873988365,-0.111,0.046,5.818,0.664,3.0,-0.01,20.956,-0.001,-0.06,641.979,0.209,-0.534
00:00:28.599,1572873988366,-0.111,0.048,5.818,0.664,3.0,-0.01,20.955,-0.001,-0.06,642.306,0.207,-0.534
00:00:28.600,1572873988367,-0.111,0.051,5.818,0.664,3.0,-0.011,20.953000000000007,-0.001,-0.06,642.655,0.205,-0.534
00:00:28.647,1572873988414,-0.111,0.054000000000000006,5.818,0.664,3.0,-0.011,20.951,-0.001,-0.06,643.026,0.203,-0.534
00:00:28.648,1572873988415,-0.111,0.056,5.818,0.664,3.0,-0.011,20.949,-0.001,-0.06,643.354,0.202,-0.534
00:00:28.649,1572873988416,-0.111,0.059,5.818,0.664,3.0,-0.011,20.947,-0.001,-0.06,643.703,0.2,-0.534
00:00:28.707,1572873988474,-0.111,0.063,5.818,0.664,3.0,-0.012,20.945,-0.001,-0.06,644.0740000000002,0.198,-0.534
00:00:28.708,1572873988475,-0.111,0.066,5.818,0.664,3.0,-0.012,20.943,-0.001,-0.06,644.423,0.196,-0.534
00:00:28.709,1572873988476,-0.111,0.068,5.818,0.664,3.0,-0.012,20.942,-0.001,-0.06,644.75,0.194,-0.534
00:00:28.748,1572873988515,-0.111,0.071,5.818,0.664,3.0,-0.013,20.94,-0.001,-0.06,645.121,0.192,-0.534
00:00:28.749,1572873988516,-0.111,0.073,5.818,0.664,3.0,-0.013,20.938,-0.002,-0.06,645.448,0.191,-0.534
00:00:28.750,1572873988517,-0.111,0.075,5.818,0.664,3.0,-0.014,20.936,-0.002,-0.06,645.819,0.189,-0.534
00:00:28.800,1572873988567,-0.111,0.077,5.818,0.664,3.0,-0.015,20.934,-0.002,-0.06,646.168,0.187,-0.534
00:00:28.801,1572873988568,-0.111,0.078,5.818,0.664,3.0,-0.015,20.932,-0.002,-0.06,646.5169999999998,0.185,-0.534
00:00:28.802,1572873988569,-0.111,0.08,5.818,0.664,3.0,-0.016,20.931,-0.002,-0.06,646.844,0.184,-0.534
00:00:28.849,1572873988616,-0.111,0.081,5.818,0.664,3.0,-0.016,20.929,-0.003,-0.06,647.192,0.182,-0.534
00:00:28.850,1572873988617,-0.111,0.08199999999999999,5.818,0.664,3.0,-0.017,20.927,-0.003,-0.06,647.52,0.181,-0.534
00:00:28.851,1572873988618,-0.111,0.083,5.818,0.664,3.0,-0.017,20.925,-0.003,-0.06,647.868,0.179,-0.534
00:00:28.900,1572873988667,-0.111,0.085,5.818,0.664,3.0,-0.018000000000000002,20.923,-0.003,-0.06,648.239,0.177,-0.534
00:00:28.901,1572873988668,-0.111,0.086,5.818,0.664,3.0,-0.019,20.921,-0.004,-0.06,648.5880000000002,0.17600000000000002,-0.534
00:00:28.902,1572873988669,-0.111,0.087,5.818,0.664,3.0,-0.019,20.92,-0.004,-0.06,648.936,0.174,-0.534
00:00:28.956,1572873988723,-0.111,0.08800000000000001,5.818,0.664,3.0,-0.02,20.918000000000006,-0.004,-0.06,649.263,0.173,-0.534
00:00:28.957,1572873988724,-0.111,0.08900000000000001,5.818,0.664,3.0,-0.02,20.916,-0.004,-0.06,649.612,0.171,-0.534
00:00:28.958,1572873988725,-0.111,0.08900000000000001,5.818,0.664,3.0,-0.02,20.914,-0.005,-0.06,649.938,0.17,-0.534
00:00:29.007,1572873988774,-0.111,0.09,5.818,0.664,3.0,-0.021,20.912,-0.005,-0.06,650.2869999999998,0.16899999999999998,-0.534
00:00:29.008,1572873988775,-0.11,0.09,5.818,0.664,3.0,-0.021,20.911,-0.005,-0.06,650.614,0.16699999999999998,-0.534
00:00:29.009,1572873988776,-0.11,0.091,5.818,0.664,3.0,-0.022,20.909,-0.005,-0.06,650.984,0.166,-0.534
00:00:29.066,1572873988833,-0.11,0.091,5.818,0.664,3.0,-0.022,20.907,-0.005,-0.06,651.332,0.16399999999999998,-0.534
00:00:29.067,1572873988834,-0.11,0.091,5.818,0.664,3.0,-0.023,20.905,-0.005,-0.06,651.681,0.163,-0.534
00:00:29.068,1572873988835,-0.11,0.091,5.818,0.664,3.0,-0.023,20.903,-0.005,-0.06,652.007,0.162,-0.534
00:00:29.111,1572873988878,-0.11,0.091,5.818,0.664,3.0,-0.023,20.901,-0.005,-0.06,652.378,0.16,-0.534
00:00:29.112,1572873988879,-0.11,0.091,5.818,0.664,3.0,-0.024,20.9,-0.005,-0.06,652.726,0.159,-0.534
00:00:29.113,1572873988880,-0.11,0.091,5.818,0.664,3.0,-0.024,20.898000000000003,-0.005,-0.06,653.053,0.158,-0.534
00:00:29.159,1572873988926,-0.11,0.09,5.818,0.664,3.0,-0.024,20.896,-0.005,-0.06,653.423,0.157,-0.534
00:00:29.160,1572873988927,-0.11,0.09,5.818,0.664,3.0,-0.025,20.894,-0.005,-0.06,653.771,0.156,-0.534
00:00:29.161,1572873988928,-0.11,0.08900000000000001,5.818,0.664,3.0,-0.025,20.892,-0.005,-0.06,654.097,0.154,-0.534
00:00:29.212,1572873988979,-0.11,0.08800000000000001,5.818,0.664,3.0,-0.025,20.89,-0.005,-0.06,654.467,0.153,-0.534
00:00:29.213,1572873988980,-0.11,0.087,5.818,0.664,3.0,-0.026,20.889,-0.005,-0.06,654.815,0.152,-0.534
00:00:29.214,1572873988981,-0.11,0.087,5.818,0.664,3.0,-0.026,20.887,-0.005,-0.06,655.1419999999998,0.151,-0.534
00:00:29.215,1572873988982,-0.11,0.086,5.818,0.664,3.0,-0.026,20.885,-0.005,-0.06,655.512,0.15,-0.534
00:00:29.260,1572873989027,-0.11,0.085,5.818,0.664,3.0,-0.026,20.883000000000006,-0.005,-0.06,655.8380000000002,0.149,-0.534
00:00:29.261,1572873989028,-0.11,0.084,5.818,0.664,3.0,-0.026,20.881,-0.005,-0.06,656.186,0.14800000000000002,-0.534
00:00:29.262,1572873989029,-0.11,0.084,5.818,0.664,3.0,-0.026,20.879,-0.005,-0.06,656.556,0.147,-0.534
00:00:29.311,1572873989078,-0.11,0.083,5.818,0.664,3.0,-0.026,20.878,-0.005,-0.06,656.904,0.146,-0.534
00:00:29.312,1572873989079,-0.11,0.08199999999999999,5.818,0.664,3.0,-0.027000000000000003,20.876,-0.005,-0.06,657.252,0.145,-0.534
00:00:29.313,1572873989080,-0.11,0.081,5.818,0.664,3.0,-0.027000000000000003,20.874,-0.005,-0.06,657.6,0.14400000000000002,-0.534
00:00:29.362,1572873989129,-0.11,0.08,5.598,0.664,3.0,-0.027000000000000003,20.872,-0.005,-0.06,657.947,0.14300000000000002,-0.534
00:00:29.363,1572873989130,-0.11,0.08,5.598,0.664,3.0,-0.027000000000000003,20.87,-0.005,-0.06,658.295,0.142,-0.534
00:00:29.364,1572873989131,-0.111,0.079,5.598,0.664,3.0,-0.027000000000000003,20.868,-0.004,-0.06,658.643,0.141,-0.534
00:00:29.413,1572873989180,-0.113,0.078,5.598,0.664,3.0,-0.027000000000000003,20.866,-0.004,-0.06,658.9910000000001,0.141,-0.534
00:00:29.414,1572873989181,-0.115,0.077,5.598,0.664,3.0,-0.027000000000000003,20.865,-0.004,-0.06,659.317,0.14,-0.534
00:00:29.415,1572873989182,-0.117,0.076,5.598,0.664,3.0,-0.027000000000000003,20.863000000000003,-0.004,-0.06,659.686,0.139,-0.534
00:00:29.471,1572873989238,-0.117,0.075,5.818,0.664,3.0,-0.027000000000000003,20.861,-0.004,-0.06,660.034,0.138,-0.534
00:00:29.472,1572873989239,-0.117,0.075,5.818,0.664,3.0,-0.027000000000000003,20.859,-0.004,-0.06,660.382,0.13699999999999998,-0.534
00:00:29.473,1572873989240,-0.116,0.07400000000000001,5.818,0.664,3.0,-0.027000000000000003,20.857,-0.004,-0.06,660.7289999999998,0.13699999999999998,-0.534
00:00:29.521,1572873989288,-0.113,0.073,5.818,0.664,3.0,-0.027000000000000003,20.855,-0.004,-0.06,661.077,0.136,-0.534
00:00:29.522,1572873989289,-0.111,0.07200000000000001,5.818,0.664,3.0,-0.027000000000000003,20.853,-0.004,-0.06,661.425,0.135,-0.534
00:00:29.523,1572873989290,-0.11,0.071,5.818,0.664,3.0,-0.027000000000000003,20.851,-0.004,-0.06,661.7719999999998,0.135,-0.534
00:00:29.582,1572873989349,-0.109,0.071,5.818,0.664,3.0,-0.027000000000000003,20.849,-0.004,-0.06,662.12,0.134,-0.534
00:00:29.583,1572873989350,-0.108,0.07,5.818,0.664,3.0,-0.027000000000000003,20.848000000000006,-0.004,-0.06,662.467,0.133,-0.534
00:00:29.584,1572873989351,-0.108,0.07,5.818,0.664,3.0,-0.027000000000000003,20.846,-0.004,-0.06,662.815,0.133,-0.534
00:00:29.622,1572873989389,-0.109,0.069,5.818,0.664,3.0,-0.027000000000000003,20.844,-0.004,-0.06,663.1619999999998,0.132,-0.534
00:00:29.623,1572873989390,-0.109,0.069,5.818,0.664,3.0,-0.026,20.842,-0.004,-0.06,663.5089999999999,0.132,-0.534
00:00:29.624,1572873989391,-0.109,0.069,5.818,0.664,3.0,-0.026,20.84,-0.004,-0.06,663.857,0.131,-0.534
00:00:29.685,1572873989452,-0.109,0.069,6.2570000000000014,0.664,3.0,-0.026,20.839,-0.004,-0.06,664.204,0.13,-0.534
00:00:29.686,1572873989453,-0.108,0.068,6.2570000000000014,0.664,3.0,-0.026,20.837,-0.004,-0.06,664.53,0.13,-0.534
00:00:29.687,1572873989454,-0.105,0.068,6.2570000000000014,0.664,3.0,-0.026,20.835,-0.004,-0.06,664.8989999999999,0.129,-0.534
00:00:29.722,1572873989489,-0.101,0.067,6.2570000000000014,0.664,3.0,-0.026,20.834,-0.004,-0.06,665.2460000000002,0.129,-0.534
00:00:29.723,1572873989490,-0.097,0.067,6.2570000000000014,0.664,3.0,-0.026,20.832,-0.003,-0.06,665.5930000000002,0.128,-0.534
00:00:29.724,1572873989491,-0.094,0.066,6.2570000000000014,0.664,3.0,-0.026,20.83,-0.003,-0.06,665.94,0.128,-0.534
00:00:29.773,1572873989540,-0.093,0.066,6.477,0.664,3.0,-0.026,20.829,-0.003,-0.06,666.2869999999998,0.128,-0.534
00:00:29.774,1572873989541,-0.092,0.065,6.477,0.664,3.0,-0.026,20.827,-0.003,-0.059,666.635,0.127,-0.534
00:00:29.775,1572873989542,-0.091,0.065,6.477,0.664,3.0,-0.026,20.826,-0.003,-0.059,666.982,0.127,-0.534
00:00:29.827,1572873989594,-0.08900000000000001,0.064,6.477,0.664,3.0,-0.025,20.824,-0.003,-0.059,667.329,0.126,-0.534
00:00:29.828,1572873989595,-0.08800000000000001,0.064,6.477,0.664,3.0,-0.025,20.823,-0.003,-0.059,667.676,0.126,-0.534
00:00:29.829,1572873989596,-0.087,0.063,6.477,0.664,3.0,-0.025,20.822,-0.003,-0.059,668.023,0.126,-0.534
00:00:29.873,1572873989640,-0.086,0.063,6.6229999999999976,0.664,3.0,-0.025,20.82,-0.003,-0.058,668.37,0.125,-0.534
00:00:29.874,1572873989641,-0.086,0.062,6.6229999999999976,0.664,3.0,-0.025,20.819000000000006,-0.003,-0.058,668.717,0.125,-0.534
00:00:29.875,1572873989642,-0.085,0.062,6.6229999999999976,0.664,3.0,-0.025,20.817,-0.003,-0.058,669.064,0.125,-0.534
00:00:29.924,1572873989691,-0.084,0.061,6.6229999999999976,0.664,3.0,-0.025,20.816,-0.003,-0.057,669.4110000000003,0.124,-0.534
00:00:29.925,1572873989692,-0.083,0.061,6.6229999999999976,0.664,3.0,-0.025,20.815,-0.003,-0.057,669.758,0.124,-0.534
00:00:29.926,1572873989693,-0.08199999999999999,0.06,6.6229999999999976,0.664,3.0,-0.025,20.813,-0.003,-0.057,670.105,0.124,-0.534
00:00:29.992,1572873989759,-0.081,0.06,7.649,0.664,3.0,-0.024,20.812,-0.003,-0.057,670.451,0.124,-0.534
00:00:29.993,1572873989760,-0.078,0.06,7.649,0.664,3.0,-0.024,20.811,-0.003,-0.056,670.798,0.124,-0.534
00:00:29.994,1572873989761,-0.07,0.06,7.649,0.664,3.0,-0.024,20.81,-0.003,-0.056,671.145,0.123,-0.534
00:00:29.995,1572873989762,-0.06,0.06,7.649,0.664,3.0,-0.024,20.809,-0.003,-0.056,671.492,0.123,-0.534
00:00:30.037,1572873989804,-0.051,0.059,7.649,0.664,3.0,-0.024,20.808000000000003,-0.003,-0.055,671.8389999999997,0.123,-0.534
00:00:30.038,1572873989805,-0.045,0.059,7.649,0.664,3.0,-0.024,20.807,-0.003,-0.055,672.186,0.123,-0.534
00:00:30.039,1572873989806,-0.043,0.059,8.308,0.664,3.0,-0.024,20.807,-0.003,-0.055,672.5319999999998,0.123,-0.534
