rec-time,UTC,Acceleration,Lateral acceleration,Gas pedal position,Brake pedal force,Gear,Steering wheel position,Velocity,Lateral velocity,Vertical velocity,X axis position,Y axis position,Z axis position
00:00:00.073,1572874235803,3.604,0.021,40.462,0.664,3.0,-0.025,4.877,0.004,0.09,3.127,-0.01,-0.527
00:00:00.074,1572874235804,3.59,0.02,41.78100000000001,0.664,3.0,-0.023,4.936,0.004,0.08900000000000001,3.209,-0.01,-0.527
00:00:00.075,1572874235805,3.575,0.02,41.78100000000001,0.664,3.0,-0.021,4.996,0.004,0.08900000000000001,3.292,-0.01,-0.527
00:00:00.123,1572874235853,3.559,0.019,41.78100000000001,0.664,3.0,-0.019,5.055,0.004,0.08900000000000001,3.3760000000000003,-0.01,-0.528
00:00:00.124,1572874235854,3.543,0.019,41.78100000000001,0.664,3.0,-0.017,5.114,0.004,0.08900000000000001,3.46,-0.011,-0.528
00:00:00.125,1572874235855,3.526,0.018000000000000002,41.78100000000001,0.664,3.0,-0.015,5.1720000000000015,0.004,0.09,3.5460000000000003,-0.011,-0.528
00:00:00.173,1572874235903,3.509,0.017,41.78100000000001,0.664,3.0,-0.014,5.23,0.004,0.09,3.633,-0.011,-0.528
00:00:00.174,1572874235904,3.488,0.016,42.952,0.664,3.0,-0.013,5.2879999999999985,0.004,0.091,3.72,-0.011,-0.528
00:00:00.175,1572874235905,3.465,0.014,42.952,0.664,3.0,-0.011,5.346,0.004,0.092,3.809,-0.011,-0.528
00:00:00.223,1572874235953,3.443,0.014,42.952,0.664,3.0,-0.01,5.403,0.004,0.093,3.899,-0.011,-0.528
00:00:00.224,1572874235954,3.423,0.013,42.952,0.664,3.0,-0.009000000000000001,5.459,0.004,0.094,3.989,-0.011,-0.529
00:00:00.225,1572874235955,3.405,0.013,42.952,0.664,3.0,-0.006999999999999999,5.516,0.004,0.095,4.081,-0.011,-0.529
00:00:00.277,1572874236007,3.389,0.013,42.952,0.664,3.0,-0.006,5.572,0.004,0.096,4.173,-0.011,-0.529
00:00:00.278,1572874236008,3.375,0.013,43.319,0.664,3.0,-0.005,5.627999999999999,0.004,0.098,4.266,-0.012,-0.529
00:00:00.279,1572874236009,3.361,0.014,43.319,0.664,3.0,-0.004,5.684,0.004,0.099,4.3610000000000015,-0.012,-0.529
00:00:00.324,1572874236054,3.3480000000000003,0.015,43.319,0.664,3.0,-0.003,5.74,0.004,0.1,4.456,-0.012,-0.529
00:00:00.325,1572874236055,3.335,0.017,43.319,0.664,3.0,-0.002,5.795,0.004,0.102,4.552,-0.012,-0.529
00:00:00.326,1572874236056,3.322,0.018000000000000002,43.319,0.664,3.0,-0.001,5.85,0.004,0.103,4.649,-0.012,-0.529
00:00:00.375,1572874236105,3.3080000000000003,0.019,43.319,0.664,3.0,-0.001,5.905,0.004,0.104,4.747,-0.012,-0.53
00:00:00.376,1572874236106,3.294,0.02,44.637,0.664,3.0,0.0,5.96,0.004,0.106,4.846,-0.012,-0.53
00:00:00.377,1572874236107,3.279,0.02,44.637,0.664,3.0,0.0,6.0139999999999985,0.004,0.107,4.9460000000000015,-0.012,-0.53
00:00:00.425,1572874236155,3.266,0.02,44.637,0.664,3.0,0.0,6.069,0.004,0.108,5.046,-0.012,-0.53
00:00:00.426,1572874236156,3.253,0.02,44.637,0.664,3.0,0.001,6.1229999999999976,0.004,0.109,5.148,-0.012,-0.53
00:00:00.427,1572874236157,3.24,0.02,44.637,0.664,3.0,0.001,6.1770000000000005,0.004,0.11,5.251,-0.012,-0.53
00:00:00.476,1572874236206,3.2260000000000004,0.019,44.637,0.664,3.0,0.002,6.23,0.004,0.111,5.354,-0.012,-0.53
00:00:00.477,1572874236207,3.2110000000000003,0.02,47.347,0.664,3.0,0.002,6.283,0.004,0.112,5.4579999999999975,-0.013,-0.53
00:00:00.478,1572874236208,3.198,0.02,47.347,0.664,3.0,0.003,6.3370000000000015,0.004,0.113,5.563,-0.013,-0.53
00:00:00.526,1572874236256,3.187,0.022,47.347,0.664,3.0,0.004,6.39,0.004,0.114,5.669,-0.013,-0.53
00:00:00.527,1572874236257,3.179,0.024,47.347,0.664,3.0,0.005,6.443,0.005,0.115,5.776,-0.013,-0.53
00:00:00.528,1572874236258,3.1710000000000003,0.026,47.347,0.664,3.0,0.006,6.495,0.005,0.116,5.884,-0.013,-0.53
00:00:00.576,1572874236306,3.161,0.028,47.347,0.664,3.0,0.006,6.547999999999999,0.005,0.116,5.9929999999999986,-0.013,-0.53
00:00:00.577,1572874236307,3.15,0.03,48.666,0.664,3.0,0.006999999999999999,6.6,0.005,0.117,6.103,-0.013,-0.53
00:00:00.578,1572874236308,3.137,0.032,48.666,0.664,3.0,0.006999999999999999,6.652,0.005,0.118,6.212999999999999,-0.013,-0.53
00:00:00.627,1572874236357,3.125,0.033,48.666,0.664,3.0,0.008,6.704,0.005,0.118,6.324,-0.013,-0.53
00:00:00.628,1572874236358,3.112,0.034,48.666,0.664,3.0,0.008,6.756,0.005,0.118,6.437,-0.013,-0.53
00:00:00.629,1572874236359,3.1,0.033,48.666,0.664,3.0,0.008,6.807,0.006,0.119,6.55,-0.013,-0.53
00:00:00.677,1572874236407,3.088,0.033,48.666,0.664,3.0,0.008,6.859,0.006,0.119,6.6629999999999985,-0.013,-0.53
00:00:00.678,1572874236408,3.076,0.032,50.643,0.664,3.0,0.008,6.91,0.006,0.119,6.778,-0.013,-0.53
00:00:00.679,1572874236409,3.065,0.031,50.643,0.664,3.0,0.008,6.961,0.006,0.119,6.894,-0.013,-0.53
00:00:00.731,1572874236461,3.056,0.031,50.643,0.664,3.0,0.008,7.0120000000000005,0.006,0.119,7.01,-0.013,-0.529
00:00:00.732,1572874236462,3.05,0.031,50.643,0.664,3.0,0.008,7.062,0.006,0.119,7.127999999999999,-0.013,-0.529
00:00:00.733,1572874236463,3.043,0.031,50.643,0.664,3.0,0.009000000000000001,7.113,0.006,0.119,7.246,-0.013,-0.529
00:00:00.781,1572874236511,3.036,0.031,50.643,0.664,3.0,0.009000000000000001,7.164,0.006,0.119,7.365,-0.012,-0.529
00:00:00.782,1572874236512,3.027,0.032,52.84,0.664,3.0,0.009000000000000001,7.213999999999999,0.006,0.119,7.485,-0.012,-0.529
00:00:00.783,1572874236513,3.018,0.033,52.84,0.664,3.0,0.009000000000000001,7.2639999999999985,0.006,0.119,7.605,-0.012,-0.529
00:00:00.784,1572874236514,3.011,0.034,52.84,0.664,3.0,0.01,7.317,0.006,0.118,7.734,-0.012,-0.529
00:00:00.831,1572874236561,3.005,0.035,52.84,0.664,3.0,0.01,7.364,0.006,0.118,7.849,-0.012,-0.529
00:00:00.832,1572874236562,2.999,0.036000000000000004,52.84,0.664,3.0,0.01,7.414,0.006,0.118,7.972,-0.012,-0.529
00:00:00.833,1572874236563,2.992,0.037000000000000005,52.84,0.664,3.0,0.01,7.463999999999999,0.006,0.118,8.096,-0.012,-0.529
00:00:00.881,1572874236611,2.98,0.037000000000000005,52.987,0.664,3.0,0.01,7.513,0.006,0.118,8.221,-0.012,-0.529
00:00:00.882,1572874236612,2.962,0.037000000000000005,52.987,0.664,3.0,0.01,7.562,0.006,0.118,8.347000000000001,-0.012,-0.529
00:00:00.883,1572874236613,2.943,0.037000000000000005,52.987,0.664,3.0,0.011,7.6110000000000015,0.006,0.118,8.472999999999999,-0.011,-0.529
00:00:00.932,1572874236662,2.928,0.037000000000000005,52.987,0.664,3.0,0.01,7.66,0.006,0.118,8.6,-0.011,-0.529
00:00:00.933,1572874236663,2.918,0.036000000000000004,52.987,0.664,3.0,0.01,7.707999999999997,0.006,0.118,8.728,-0.011,-0.529
00:00:00.934,1572874236664,2.914,0.035,52.987,0.664,3.0,0.01,7.7570000000000014,0.006,0.118,8.857000000000003,-0.011,-0.529
00:00:00.986,1572874236716,2.912,0.034,51.962,0.664,3.0,0.01,7.805,0.006,0.118,8.987,-0.011,-0.529
00:00:00.987,1572874236717,2.911,0.032,51.962,0.664,3.0,0.01,7.854,0.006,0.118,9.118,-0.01,-0.529
00:00:00.988,1572874236718,2.908,0.031,51.962,0.664,3.0,0.01,7.902,0.006,0.118,9.249,-0.01,-0.529
00:00:01.032,1572874236762,2.904,0.03,51.962,0.664,3.0,0.01,7.951,0.006,0.119,9.381,-0.01,-0.529
00:00:01.033,1572874236763,2.899,0.029,51.962,0.664,3.0,0.01,7.999,0.006,0.119,9.514,-0.01,-0.53
00:00:01.034,1572874236764,2.894,0.029,51.962,0.664,3.0,0.01,8.047,0.006,0.119,9.648,-0.01,-0.53
00:00:01.084,1572874236814,2.891,0.028,51.302,0.664,3.0,0.01,8.095,0.005,0.12,9.782,-0.009000000000000001,-0.53
00:00:01.085,1572874236815,2.888,0.028,51.302,0.664,3.0,0.01,8.142999999999999,0.005,0.12,9.918,-0.009000000000000001,-0.53
00:00:01.086,1572874236816,2.885,0.029,51.302,0.664,3.0,0.01,8.193999999999999,0.005,0.121,10.062,-0.009000000000000001,-0.53
00:00:01.135,1572874236865,2.881,0.029,51.302,0.664,3.0,0.01,8.238999999999999,0.005,0.122,10.191,-0.008,-0.53
00:00:01.136,1572874236866,2.877,0.03,51.302,0.664,3.0,0.01,8.287,0.005,0.122,10.328,-0.008,-0.53
00:00:01.137,1572874236867,2.874,0.03,51.302,0.664,3.0,0.01,8.335,0.005,0.123,10.467,-0.008,-0.53
00:00:01.185,1572874236915,2.8710000000000004,0.031,51.15600000000001,0.664,3.0,0.01,8.383,0.005,0.124,10.606,-0.008,-0.53
00:00:01.186,1572874236916,2.869,0.031,51.15600000000001,0.664,3.0,0.01,8.431000000000001,0.005,0.124,10.746,-0.006999999999999999,-0.53
00:00:01.187,1572874236917,2.867,0.032,51.15600000000001,0.664,3.0,0.01,8.478,0.005,0.125,10.887,-0.006999999999999999,-0.53
00:00:01.244,1572874236974,2.864,0.032,51.15600000000001,0.664,3.0,0.01,8.526,0.005,0.126,11.029000000000002,-0.006999999999999999,-0.53
00:00:01.245,1572874236975,2.862,0.032,51.15600000000001,0.664,3.0,0.01,8.574,0.005,0.127,11.172,-0.006,-0.53
00:00:01.246,1572874236976,2.859,0.032,51.15600000000001,0.664,3.0,0.01,8.621,0.005,0.128,11.315,-0.006,-0.53
00:00:01.290,1572874237020,2.857,0.032,51.00899999999999,0.664,3.0,0.01,8.669,0.005,0.128,11.459,-0.005,-0.53
00:00:01.291,1572874237021,2.8560000000000003,0.032,51.00899999999999,0.664,3.0,0.01,8.717,0.005,0.129,11.604,-0.005,-0.53
00:00:01.292,1572874237022,2.855,0.032,51.00899999999999,0.664,3.0,0.009000000000000001,8.764,0.005,0.13,11.75,-0.005,-0.53
00:00:01.342,1572874237072,2.853,0.032,51.00899999999999,0.664,3.0,0.009000000000000001,8.812000000000003,0.005,0.131,11.896,-0.004,-0.53
00:00:01.343,1572874237073,2.852,0.032,51.00899999999999,0.664,3.0,0.009000000000000001,8.859,0.005,0.131,12.043,-0.004,-0.53
00:00:01.344,1572874237074,2.8510000000000004,0.032,51.00899999999999,0.664,3.0,0.009000000000000001,8.907,0.005,0.132,12.191,-0.003,-0.53
00:00:01.392,1572874237122,2.85,0.032,50.497,0.664,3.0,0.009000000000000001,8.954,0.005,0.133,12.34,-0.003,-0.53
00:00:01.393,1572874237123,2.846,0.032,50.497,0.664,3.0,0.009000000000000001,9.002,0.005,0.133,12.49,-0.003,-0.53
00:00:01.394,1572874237124,2.835,0.032,50.497,0.664,3.0,0.009000000000000001,9.049,0.005,0.134,12.64,-0.002,-0.53
00:00:01.443,1572874237173,2.822,0.033,50.497,0.664,3.0,0.008,9.096,0.004,0.135,12.791,-0.002,-0.53
00:00:01.444,1572874237174,2.813,0.033,50.497,0.664,3.0,0.008,9.142,0.004,0.135,12.943,-0.001,-0.53
00:00:01.445,1572874237175,2.8110000000000004,0.033,50.497,0.664,3.0,0.008,9.189,0.004,0.136,13.095999999999998,-0.001,-0.53
00:00:01.494,1572874237224,2.8110000000000004,0.032,50.35,0.664,3.0,0.008,9.239,0.004,0.13699999999999998,13.259,0.0,-0.53
00:00:01.495,1572874237225,2.8110000000000004,0.032,50.35,0.664,3.0,0.008,9.283,0.004,0.13699999999999998,13.404000000000002,0.001,-0.53
00:00:01.496,1572874237226,2.81,0.032,50.35,0.664,3.0,0.006999999999999999,9.333,0.004,0.138,13.569,0.001,-0.53
00:00:01.545,1572874237275,2.807,0.032,50.35,0.664,3.0,0.006999999999999999,9.379,0.004,0.138,13.725,0.002,-0.53
00:00:01.546,1572874237276,2.805,0.031,50.35,0.664,3.0,0.006999999999999999,9.426,0.004,0.139,13.882,0.002,-0.53
00:00:01.547,1572874237277,2.804,0.031,50.35,0.664,3.0,0.006999999999999999,9.473,0.004,0.139,14.039,0.003,-0.53
00:00:01.595,1572874237325,2.802,0.031,50.13,0.664,3.0,0.006999999999999999,9.519,0.004,0.14,14.197,0.003,-0.53
00:00:01.596,1572874237326,2.801,0.03,50.13,0.664,3.0,0.006999999999999999,9.566,0.004,0.14,14.357,0.004,-0.53
00:00:01.597,1572874237327,2.799,0.03,50.13,0.664,3.0,0.006,9.613,0.004,0.141,14.515999999999998,0.004,-0.53
00:00:01.648,1572874237378,2.797,0.03,50.13,0.664,3.0,0.006,9.656,0.004,0.141,14.667,0.005,-0.53
00:00:01.649,1572874237379,2.795,0.03,50.13,0.664,3.0,0.006,9.706,0.004,0.142,14.838,0.006,-0.53
00:00:01.650,1572874237380,2.793,0.03,50.13,0.664,3.0,0.006,9.752,0.004,0.142,15.001,0.006,-0.53
00:00:01.695,1572874237425,2.792,0.03,50.13,0.664,3.0,0.006,9.799,0.004,0.142,15.163,0.006999999999999999,-0.53
00:00:01.696,1572874237426,2.79,0.03,50.13,0.664,3.0,0.006,9.845,0.004,0.14300000000000002,15.327,0.008,-0.53
00:00:01.697,1572874237427,2.789,0.03,50.13,0.664,3.0,0.006,9.892,0.003,0.14300000000000002,15.492,0.008,-0.53
00:00:01.745,1572874237475,2.7880000000000003,0.029,50.13,0.664,3.0,0.005,9.938,0.003,0.14400000000000002,15.657,0.009000000000000001,-0.53
00:00:01.746,1572874237476,2.786,0.029,50.13,0.664,3.0,0.005,9.985,0.003,0.14400000000000002,15.823,0.01,-0.53
00:00:01.747,1572874237477,2.785,0.029,50.13,0.664,3.0,0.005,10.031,0.003,0.145,15.99,0.01,-0.53
00:00:01.803,1572874237533,2.784,0.029,49.984,0.664,3.0,0.005,10.078,0.003,0.145,16.157,0.011,-0.53
00:00:01.804,1572874237534,2.782,0.028,49.984,0.664,3.0,0.005,10.124,0.003,0.145,16.326,0.012,-0.53
00:00:01.805,1572874237535,2.78,0.028,49.984,0.664,3.0,0.005,10.17,0.003,0.146,16.495,0.012,-0.53
00:00:01.806,1572874237536,2.778,0.027000000000000003,49.984,0.664,3.0,0.004,10.217,0.003,0.146,16.665,0.013,-0.53
00:00:01.854,1572874237584,2.776,0.027000000000000003,49.984,0.664,3.0,0.004,10.263,0.003,0.147,16.835,0.014,-0.53
00:00:01.855,1572874237585,2.775,0.026,49.984,0.664,3.0,0.004,10.309,0.003,0.147,17.007,0.015,-0.53
00:00:01.856,1572874237586,2.774,0.026,49.984,0.664,3.0,0.004,10.355,0.003,0.14800000000000002,17.179000000000002,0.015,-0.53
00:00:01.908,1572874237638,2.772,0.025,49.984,0.664,3.0,0.004,10.401,0.003,0.14800000000000002,17.352,0.016,-0.53
00:00:01.909,1572874237639,2.7710000000000004,0.024,49.984,0.664,3.0,0.003,10.448,0.003,0.149,17.526,0.017,-0.53
00:00:01.910,1572874237640,2.77,0.024,49.984,0.664,3.0,0.003,10.494000000000002,0.003,0.149,17.7,0.018000000000000002,-0.53
00:00:01.957,1572874237687,2.768,0.023,49.984,0.664,3.0,0.003,10.54,0.002,0.15,17.875999999999994,0.019,-0.53
00:00:01.958,1572874237688,2.767,0.022,49.984,0.664,3.0,0.003,10.586,0.002,0.15,18.052,0.019,-0.53
00:00:01.959,1572874237689,2.765,0.022,49.837,0.664,3.0,0.003,10.632,0.002,0.151,18.229,0.02,-0.53
00:00:02.007,1572874237737,2.764,0.021,49.837,0.664,3.0,0.003,10.678,0.002,0.152,18.406,0.021,-0.53
00:00:02.008,1572874237738,2.762,0.021,49.837,0.664,3.0,0.003,10.724,0.002,0.152,18.585,0.022,-0.53
00:00:02.009,1572874237739,2.76,0.021,49.837,0.664,3.0,0.002,10.77,0.002,0.153,18.764,0.023,-0.53
00:00:02.065,1572874237795,2.758,0.02,49.837,0.664,3.0,0.002,10.816,0.002,0.153,18.944000000000006,0.024,-0.53
00:00:02.066,1572874237796,2.757,0.02,49.837,0.664,3.0,0.002,10.862,0.002,0.154,19.124,0.025,-0.53
00:00:02.067,1572874237797,2.756,0.02,49.837,0.664,3.0,0.002,10.908,0.002,0.155,19.306,0.025,-0.53
00:00:02.108,1572874237838,2.754,0.02,49.837,0.664,3.0,0.002,10.954,0.002,0.155,19.488,0.026,-0.53
00:00:02.109,1572874237839,2.753,0.019,49.837,0.664,3.0,0.002,11.0,0.002,0.156,19.671,0.027000000000000003,-0.53
00:00:02.110,1572874237840,2.752,0.019,49.837,0.664,3.0,0.002,11.045,0.002,0.157,19.855,0.028,-0.53
00:00:02.167,1572874237897,2.7510000000000003,0.019,49.837,0.664,3.0,0.002,11.091,0.002,0.157,20.039,0.029,-0.53
00:00:02.168,1572874237898,2.749,0.019,49.837,0.664,3.0,0.002,11.137,0.002,0.158,20.224,0.03,-0.53
00:00:02.169,1572874237899,2.748,0.019,49.837,0.664,3.0,0.002,11.183,0.002,0.159,20.41,0.031,-0.53
00:00:02.170,1572874237900,2.747,0.019,49.837,0.664,3.0,0.002,11.229,0.002,0.159,20.597,0.032,-0.53
00:00:02.215,1572874237945,2.745,0.019,49.837,0.664,3.0,0.001,11.274,0.002,0.16,20.785,0.033,-0.53
00:00:02.216,1572874237946,2.744,0.018000000000000002,49.837,0.664,3.0,0.001,11.32,0.002,0.16,20.973000000000006,0.034,-0.53
00:00:02.217,1572874237947,2.742,0.018000000000000002,49.837,0.664,3.0,0.001,11.366,0.002,0.161,21.162,0.035,-0.53
00:00:02.266,1572874237996,2.741,0.018000000000000002,49.837,0.664,3.0,0.001,11.411,0.001,0.162,21.352,0.036000000000000004,-0.53
00:00:02.267,1572874237997,2.739,0.018000000000000002,49.837,0.664,3.0,0.001,11.457,0.001,0.162,21.542,0.037000000000000005,-0.53
00:00:02.268,1572874237998,2.737,0.018000000000000002,49.837,0.664,3.0,0.001,11.503,0.001,0.163,21.734,0.038,-0.53
00:00:02.323,1572874238053,2.735,0.017,49.837,0.664,3.0,0.001,11.548,0.001,0.163,21.926,0.039,-0.53
00:00:02.324,1572874238054,2.733,0.017,49.837,0.664,3.0,0.001,11.594,0.001,0.16399999999999998,22.119,0.04,-0.53
00:00:02.325,1572874238055,2.7310000000000003,0.017,49.837,0.664,3.0,0.001,11.639,0.001,0.165,22.312,0.041,-0.53
00:00:02.374,1572874238104,2.729,0.016,49.837,0.664,3.0,0.001,11.685,0.001,0.165,22.507,0.042,-0.53
00:00:02.375,1572874238105,2.727,0.016,49.837,0.664,3.0,0.0,11.73,0.001,0.166,22.702,0.043,-0.53
00:00:02.376,1572874238106,2.725,0.016,49.837,0.664,3.0,0.0,11.775,0.001,0.166,22.898000000000003,0.044,-0.53
00:00:02.417,1572874238147,2.7230000000000003,0.016,49.837,0.664,3.0,0.0,11.821,0.001,0.16699999999999998,23.094,0.045,-0.53
00:00:02.418,1572874238148,2.721,0.016,49.837,0.664,3.0,0.0,11.866,0.001,0.16699999999999998,23.292,0.046,-0.53
00:00:02.419,1572874238149,2.719,0.015,49.837,0.664,3.0,0.0,11.911,0.001,0.168,23.49,0.047,-0.53
00:00:02.475,1572874238205,2.718,0.015,49.837,0.664,3.0,0.0,11.957,0.001,0.168,23.689,0.048,-0.53
00:00:02.476,1572874238206,2.716,0.015,49.618,0.664,3.0,0.0,12.002,0.001,0.16899999999999998,23.889,0.049,-0.53
00:00:02.477,1572874238207,2.714,0.015,49.618,0.664,3.0,0.0,12.047,0.001,0.16899999999999998,24.089,0.05,-0.53
00:00:02.521,1572874238251,2.7110000000000003,0.015,49.618,0.664,3.0,0.0,12.092,0.001,0.17,24.29,0.052000000000000005,-0.53
00:00:02.522,1572874238252,2.708,0.015,49.618,0.664,3.0,0.0,12.137,0.001,0.17,24.492,0.053,-0.53
00:00:02.523,1572874238253,2.705,0.015,49.618,0.664,3.0,0.0,12.182,0.001,0.171,24.695,0.054000000000000006,-0.531
00:00:02.568,1572874238298,2.7030000000000003,0.014,49.618,0.664,3.0,0.0,12.227,0.001,0.171,24.898000000000003,0.055,-0.531
00:00:02.569,1572874238299,2.705,0.014,49.618,0.664,3.0,0.0,12.273,0.001,0.172,25.102,0.056,-0.531
00:00:02.570,1572874238300,2.792,0.014,49.618,0.664,3.0,-0.001,12.321,0.001,0.172,25.307,0.057,-0.531
00:00:02.618,1572874238348,2.999,0.013,49.618,0.664,3.0,-0.001,12.374,0.001,0.174,25.513,0.058,-0.53
00:00:02.619,1572874238349,3.1830000000000003,0.013,49.618,0.664,3.0,-0.001,12.429,0.001,0.17600000000000002,25.72,0.06,-0.53
00:00:02.620,1572874238350,3.228,0.012,49.618,0.664,3.0,-0.001,12.483,0.001,0.179,25.927,0.061,-0.53
00:00:02.669,1572874238399,3.1460000000000004,0.012,49.618,0.664,3.0,-0.001,12.534,0.001,0.182,26.136,0.062,-0.53
00:00:02.670,1572874238400,3.011,0.011,49.618,0.664,3.0,-0.001,12.582,0.001,0.185,26.345,0.063,-0.53
00:00:02.671,1572874238401,2.883,0.01,49.618,0.664,3.0,-0.001,12.628,0.001,0.187,26.555,0.064,-0.53
00:00:02.721,1572874238451,2.781,0.008,49.618,0.664,3.0,-0.001,12.673,0.0,0.189,26.766,0.065,-0.53
00:00:02.722,1572874238452,2.698,0.006999999999999999,49.618,0.664,3.0,-0.001,12.717,0.0,0.191,26.978,0.067,-0.53
00:00:02.723,1572874238453,2.624,0.005,49.618,0.664,3.0,-0.002,12.76,0.0,0.192,27.19,0.068,-0.53
00:00:02.774,1572874238504,2.552,0.003,49.618,0.664,3.0,-0.002,12.800999999999998,0.0,0.192,27.403,0.069,-0.53
00:00:02.775,1572874238505,2.481,0.001,49.618,0.664,3.0,-0.002,12.842,0.0,0.192,27.617,0.07,-0.53
00:00:02.776,1572874238506,2.414,-0.001,49.618,0.664,3.0,-0.002,12.880999999999998,0.0,0.191,27.831,0.07200000000000001,-0.53
00:00:02.824,1572874238554,2.3480000000000003,-0.003,49.618,0.664,3.0,-0.002,12.919,0.0,0.19,28.046,0.073,-0.53
00:00:02.825,1572874238555,2.282,-0.005,49.618,0.664,3.0,-0.002,12.956,-0.001,0.188,28.262,0.07400000000000001,-0.53
00:00:02.826,1572874238556,2.219,-0.006999999999999999,49.618,0.664,3.0,-0.002,12.993,-0.001,0.187,28.478,0.075,-0.53
00:00:02.874,1572874238604,2.164,-0.01,49.618,0.664,3.0,-0.002,13.028,-0.001,0.185,28.695,0.077,-0.53
00:00:02.875,1572874238605,2.117,-0.012,49.471,0.664,3.0,-0.002,13.063,-0.001,0.182,28.913,0.078,-0.53
00:00:02.876,1572874238606,2.0780000000000003,-0.015,49.471,0.664,3.0,-0.002,13.097,-0.001,0.18,29.131,0.079,-0.53
00:00:02.925,1572874238655,2.044,-0.018000000000000002,49.471,0.664,3.0,-0.002,13.130999999999998,-0.001,0.177,29.349,0.08,-0.53
00:00:02.926,1572874238656,2.014,-0.02,49.471,0.664,3.0,-0.002,13.164,-0.001,0.174,29.568,0.081,-0.53
00:00:02.927,1572874238657,1.985,-0.023,49.471,0.664,3.0,-0.002,13.197,-0.002,0.17,29.788,0.083,-0.53
00:00:02.978,1572874238708,1.957,-0.026,49.471,0.664,3.0,-0.001,13.229,-0.002,0.16699999999999998,30.00800000000001,0.084,-0.53
00:00:02.979,1572874238709,1.931,-0.029,49.471,0.664,3.0,-0.001,13.261,-0.002,0.163,30.229,0.085,-0.53
00:00:02.980,1572874238710,1.905,-0.032,49.471,0.664,3.0,-0.001,13.292,-0.002,0.159,30.45,0.086,-0.53
00:00:03.027,1572874238757,1.881,-0.035,49.471,0.664,3.0,-0.001,13.323,-0.002,0.155,30.672,0.08800000000000001,-0.53
00:00:03.028,1572874238758,1.859,-0.037000000000000005,49.471,0.664,3.0,0.0,13.354,-0.002,0.151,30.894,0.08900000000000001,-0.53
00:00:03.029,1572874238759,1.838,-0.039,49.471,0.664,3.0,0.0,13.384,-0.002,0.147,31.117,0.09,-0.53
00:00:03.077,1572874238807,1.819,-0.041,49.471,0.664,3.0,0.0,13.415,-0.002,0.14300000000000002,31.341,0.091,-0.53
00:00:03.078,1572874238808,1.801,-0.042,49.471,0.664,3.0,0.001,13.444,-0.002,0.139,31.564,0.092,-0.53
00:00:03.079,1572874238809,1.784,-0.043,49.471,0.664,3.0,0.001,13.474,-0.002,0.135,31.789,0.093,-0.53
00:00:03.130,1572874238860,1.768,-0.044,49.471,0.664,3.0,0.002,13.503,-0.002,0.13,32.014,0.095,-0.529
00:00:03.131,1572874238861,1.753,-0.045,49.471,0.664,3.0,0.002,13.532,-0.002,0.126,32.239000000000004,0.096,-0.529
00:00:03.132,1572874238862,1.7380000000000002,-0.045,49.471,0.664,3.0,0.002,13.561,-0.002,0.122,32.465,0.097,-0.529
00:00:03.178,1572874238908,1.725,-0.046,49.471,0.664,3.0,0.003,13.59,-0.002,0.118,32.691,0.098,-0.529
00:00:03.179,1572874238909,1.713,-0.046,49.178,0.664,3.0,0.003,13.618,-0.002,0.114,32.918,0.099,-0.529
00:00:03.180,1572874238910,1.7009999999999998,-0.047,49.178,0.664,3.0,0.003,13.646,-0.002,0.111,33.145,0.1,-0.529
00:00:03.229,1572874238959,1.689,-0.048,49.178,0.664,3.0,0.004,13.674,-0.002,0.107,33.372,0.101,-0.529
00:00:03.230,1572874238960,1.679,-0.048,49.178,0.664,3.0,0.004,13.702,-0.002,0.104,33.601,0.102,-0.529
00:00:03.231,1572874238961,1.668,-0.049,49.178,0.664,3.0,0.004,13.73,-0.002,0.101,33.829,0.103,-0.529
00:00:03.280,1572874239010,1.659,-0.05,49.178,0.664,3.0,0.004,13.757,-0.002,0.098,34.058,0.104,-0.529
00:00:03.281,1572874239011,1.65,-0.05,46.322,0.664,3.0,0.005,13.785,-0.002,0.096,34.288000000000004,0.105,-0.529
00:00:03.282,1572874239012,1.641,-0.05,46.322,0.664,3.0,0.005,13.812,-0.001,0.094,34.518,0.106,-0.529
00:00:03.330,1572874239060,1.63,-0.05,46.322,0.664,3.0,0.005,13.839,-0.001,0.092,34.748000000000005,0.107,-0.529
00:00:03.331,1572874239061,1.618,-0.05,46.322,0.664,3.0,0.005,13.866,-0.001,0.091,34.979,0.108,-0.53
00:00:03.332,1572874239062,1.606,-0.05,46.322,0.664,3.0,0.005,13.892,-0.001,0.08900000000000001,35.21,0.109,-0.53
00:00:03.383,1572874239113,1.596,-0.051,46.322,0.664,3.0,0.006,13.919,-0.001,0.08900000000000001,35.442,0.11,-0.53
00:00:03.384,1572874239114,1.589,-0.051,39.144,0.664,3.0,0.006,13.945,-0.001,0.08800000000000001,35.674,0.111,-0.53
00:00:03.385,1572874239115,1.581,-0.051,39.144,0.664,3.0,0.006,13.970999999999998,-0.001,0.08800000000000001,35.907,0.112,-0.53
00:00:03.434,1572874239164,1.568,-0.05,39.144,0.664,3.0,0.006,13.997,-0.001,0.08800000000000001,36.14,0.113,-0.53
00:00:03.435,1572874239165,1.551,-0.05,39.144,0.664,3.0,0.006,14.023,-0.001,0.08800000000000001,36.374,0.114,-0.53
00:00:03.436,1572874239166,1.534,-0.05,39.144,0.664,3.0,0.006999999999999999,14.048,-0.001,0.08800000000000001,36.608,0.115,-0.53
00:00:03.437,1572874239167,1.52,-0.049,39.144,0.664,3.0,0.006999999999999999,14.074000000000002,-0.001,0.08900000000000001,36.842,0.116,-0.531
00:00:03.483,1572874239213,1.513,-0.049,38.485,0.664,3.0,0.006999999999999999,14.099,-0.001,0.08900000000000001,37.077,0.117,-0.531
00:00:03.484,1572874239214,1.509,-0.048,38.485,0.664,3.0,0.006999999999999999,14.124,-0.001,0.09,37.312,0.118,-0.531
00:00:03.485,1572874239215,1.506,-0.048,38.485,0.664,3.0,0.006999999999999999,14.149,-0.001,0.09,37.547,0.119,-0.531
00:00:03.536,1572874239266,1.503,-0.048,38.485,0.664,3.0,0.006999999999999999,14.174,-0.001,0.091,37.783,0.12,-0.531
00:00:03.537,1572874239267,1.5,-0.047,38.485,0.664,3.0,0.008,14.199000000000002,-0.001,0.092,38.02,0.12,-0.531
00:00:03.538,1572874239268,1.497,-0.047,38.485,0.664,3.0,0.008,14.224,-0.001,0.092,38.257,0.121,-0.531
00:00:03.587,1572874239317,1.494,-0.047,38.485,0.664,3.0,0.008,14.249,-0.001,0.093,38.494,0.122,-0.531
00:00:03.588,1572874239318,1.491,-0.047,38.485,0.664,3.0,0.008,14.273,-0.001,0.094,38.732,0.123,-0.532
00:00:03.589,1572874239319,1.4880000000000002,-0.047,38.485,0.664,3.0,0.008,14.298,-0.001,0.094,38.97,0.124,-0.532
00:00:03.639,1572874239369,1.486,-0.046,38.485,0.664,3.0,0.008,14.323,-0.001,0.095,39.208,0.124,-0.532
00:00:03.640,1572874239370,1.483,-0.046,38.485,0.664,3.0,0.008,14.348,-0.001,0.095,39.447,0.125,-0.532
00:00:03.641,1572874239371,1.481,-0.045,38.485,0.664,3.0,0.008,14.372,-0.001,0.096,39.687,0.126,-0.532
00:00:03.689,1572874239419,1.48,-0.044,38.485,0.664,3.0,0.009000000000000001,14.397,-0.001,0.096,39.926,0.127,-0.532
00:00:03.690,1572874239420,1.4780000000000002,-0.043,38.485,0.664,3.0,0.009000000000000001,14.421,-0.001,0.097,40.166,0.128,-0.532
00:00:03.691,1572874239421,1.476,-0.042,38.485,0.664,3.0,0.009000000000000001,14.446,-0.001,0.097,40.407,0.128,-0.532
00:00:03.741,1572874239471,1.474,-0.041,38.485,0.664,3.0,0.009000000000000001,14.470999999999998,-0.001,0.097,40.648,0.129,-0.532
00:00:03.742,1572874239472,1.472,-0.04,38.485,0.664,3.0,0.009000000000000001,14.495,-0.001,0.097,40.889,0.13,-0.532
00:00:03.743,1572874239473,1.471,-0.039,38.485,0.664,3.0,0.009000000000000001,14.52,0.0,0.098,41.131,0.13,-0.532
00:00:03.791,1572874239521,1.469,-0.039,38.485,0.664,3.0,0.009000000000000001,14.544,0.0,0.098,41.37300000000001,0.131,-0.532
00:00:03.792,1572874239522,1.467,-0.038,38.485,0.664,3.0,0.009000000000000001,14.568,0.0,0.098,41.61600000000001,0.132,-0.532
00:00:03.793,1572874239523,1.466,-0.037000000000000005,38.485,0.664,3.0,0.009000000000000001,14.593,0.0,0.098,41.859,0.132,-0.532
00:00:03.850,1572874239580,1.465,-0.037000000000000005,38.485,0.664,3.0,0.009000000000000001,14.617,0.0,0.098,42.102,0.133,-0.532
00:00:03.851,1572874239581,1.463,-0.037000000000000005,38.485,0.664,3.0,0.009000000000000001,14.642,0.0,0.098,42.346,0.134,-0.532
00:00:03.852,1572874239582,1.462,-0.036000000000000004,38.485,0.664,3.0,0.009000000000000001,14.666,0.0,0.098,42.59,0.134,-0.532
00:00:03.892,1572874239622,1.461,-0.036000000000000004,38.485,0.664,3.0,0.009000000000000001,14.69,0.0,0.097,42.835,0.135,-0.532
00:00:03.893,1572874239623,1.46,-0.036000000000000004,38.485,0.664,3.0,0.009000000000000001,14.715,0.0,0.097,43.08,0.136,-0.532
00:00:03.894,1572874239624,1.459,-0.035,38.485,0.664,3.0,0.009000000000000001,14.739,0.0,0.097,43.326,0.136,-0.532
00:00:03.945,1572874239675,1.4580000000000002,-0.035,38.485,0.664,3.0,0.009000000000000001,14.763,0.0,0.097,43.57100000000001,0.13699999999999998,-0.532
00:00:03.946,1572874239676,1.456,-0.035,38.485,0.664,3.0,0.009000000000000001,14.787,0.0,0.097,43.81800000000001,0.138,-0.532
00:00:03.947,1572874239677,1.455,-0.035,38.485,0.664,3.0,0.009000000000000001,14.812,0.0,0.096,44.06399999999999,0.138,-0.532
00:00:03.994,1572874239724,1.454,-0.035,38.631,0.664,3.0,0.009000000000000001,14.836,0.0,0.096,44.31100000000001,0.139,-0.532
00:00:03.995,1572874239725,1.453,-0.034,38.631,0.664,3.0,0.009000000000000001,14.86,0.0,0.096,44.559,0.139,-0.532
00:00:03.996,1572874239726,1.453,-0.034,38.631,0.664,3.0,0.009000000000000001,14.884,0.0,0.095,44.807,0.14,-0.532
00:00:04.048,1572874239778,1.452,-0.034,38.631,0.664,3.0,0.009000000000000001,14.913,0.0,0.095,45.102,0.141,-0.532
00:00:04.049,1572874239779,1.452,-0.034,38.631,0.664,3.0,0.009000000000000001,14.933,0.0,0.095,45.304,0.141,-0.532
00:00:04.050,1572874239780,1.4509999999999998,-0.034,38.631,0.664,3.0,0.009000000000000001,14.957,0.0,0.094,45.553,0.142,-0.532
00:00:04.051,1572874239781,1.45,-0.033,38.631,0.664,3.0,0.009000000000000001,14.981,0.0,0.094,45.802,0.142,-0.532
00:00:04.098,1572874239828,1.45,-0.033,38.631,0.664,3.0,0.009000000000000001,15.005,0.0,0.094,46.052,0.14300000000000002,-0.532
00:00:04.099,1572874239829,1.449,-0.033,38.631,0.664,3.0,0.009000000000000001,15.029000000000002,0.0,0.094,46.303,0.14300000000000002,-0.532
00:00:04.100,1572874239830,1.4480000000000002,-0.033,38.631,0.664,3.0,0.009000000000000001,15.054,0.0,0.093,46.553,0.14400000000000002,-0.532
00:00:04.150,1572874239880,1.4469999999999998,-0.034,38.631,0.664,3.0,0.009000000000000001,15.078,0.0,0.093,46.804,0.14400000000000002,-0.532
00:00:04.151,1572874239881,1.446,-0.034,38.631,0.664,3.0,0.009000000000000001,15.102,0.0,0.093,47.056,0.145,-0.532
00:00:04.152,1572874239882,1.445,-0.035,38.631,0.664,3.0,0.009000000000000001,15.126,0.0,0.093,47.308,0.145,-0.532
00:00:04.204,1572874239934,1.445,-0.035,38.631,0.664,3.0,0.009000000000000001,15.15,0.0,0.093,47.56,0.146,-0.532
00:00:04.205,1572874239935,1.444,-0.036000000000000004,38.631,0.664,3.0,0.009000000000000001,15.174,0.0,0.093,47.813,0.146,-0.532
00:00:04.206,1572874239936,1.443,-0.036000000000000004,38.631,0.664,3.0,0.009000000000000001,15.198,0.0,0.093,48.066,0.147,-0.532
00:00:04.257,1572874239987,1.443,-0.037000000000000005,38.631,0.664,3.0,0.009000000000000001,15.222,0.0,0.093,48.319,0.147,-0.532
00:00:04.258,1572874239988,1.442,-0.037000000000000005,38.631,0.664,3.0,0.009000000000000001,15.246,0.0,0.093,48.573,0.147,-0.532
00:00:04.259,1572874239989,1.4409999999999998,-0.036000000000000004,38.631,0.664,3.0,0.009000000000000001,15.27,0.0,0.093,48.828,0.14800000000000002,-0.532
00:00:04.307,1572874240037,1.4409999999999998,-0.035,38.631,0.664,3.0,0.009000000000000001,15.294,0.0,0.094,49.082,0.14800000000000002,-0.532
00:00:04.308,1572874240038,1.44,-0.034,38.631,0.664,3.0,0.009000000000000001,15.318,0.0,0.094,49.337,0.149,-0.532
00:00:04.309,1572874240039,1.439,-0.033,38.631,0.664,3.0,0.009000000000000001,15.342,0.0,0.094,49.593,0.149,-0.532
00:00:04.358,1572874240088,1.439,-0.031,38.631,0.664,3.0,0.009000000000000001,15.366,0.0,0.094,49.849,0.15,-0.532
00:00:04.359,1572874240089,1.4380000000000002,-0.03,38.631,0.664,3.0,0.009000000000000001,15.39,0.0,0.095,50.105,0.15,-0.532
00:00:04.360,1572874240090,1.4369999999999998,-0.028,38.631,0.664,3.0,0.01,15.414,0.0,0.095,50.362,0.15,-0.532
00:00:04.415,1572874240145,1.4369999999999998,-0.025,38.631,0.664,3.0,0.01,15.438,0.0,0.095,50.619,0.151,-0.532
00:00:04.416,1572874240146,1.436,-0.023,38.631,0.664,3.0,0.01,15.462,0.001,0.095,50.87600000000001,0.151,-0.532
00:00:04.417,1572874240147,1.436,-0.021,38.631,0.664,3.0,0.01,15.486,0.001,0.096,51.13399999999999,0.151,-0.532
00:00:04.459,1572874240189,1.435,-0.019,38.631,0.664,3.0,0.01,15.51,0.001,0.096,51.393,0.152,-0.532
00:00:04.460,1572874240190,1.435,-0.017,38.631,0.664,3.0,0.01,15.533,0.001,0.096,51.651,0.152,-0.532
00:00:04.461,1572874240191,1.4340000000000002,-0.015,38.631,0.664,3.0,0.009000000000000001,15.557,0.001,0.097,51.91,0.152,-0.532
00:00:04.509,1572874240239,1.433,-0.013,38.631,0.664,3.0,0.009000000000000001,15.581,0.001,0.097,52.17,0.153,-0.532
00:00:04.510,1572874240240,1.433,-0.012,38.631,0.664,3.0,0.009000000000000001,15.605,0.001,0.097,52.43,0.153,-0.532
00:00:04.511,1572874240241,1.432,-0.011,38.631,0.664,3.0,0.009000000000000001,15.629,0.001,0.097,52.69,0.154,-0.532
00:00:04.559,1572874240289,1.432,-0.011,38.631,0.664,3.0,0.008,15.653,0.001,0.097,52.951,0.154,-0.532
00:00:04.560,1572874240290,1.432,-0.011,38.631,0.664,3.0,0.008,15.677,0.001,0.098,53.212,0.154,-0.532
00:00:04.561,1572874240291,1.431,-0.011,38.631,0.664,3.0,0.008,15.699000000000002,0.001,0.098,53.457,0.155,-0.532
00:00:04.616,1572874240346,1.431,-0.011,38.631,0.664,3.0,0.008,15.723,0.001,0.098,53.719,0.155,-0.532
00:00:04.617,1572874240347,1.431,-0.012,38.631,0.664,3.0,0.006999999999999999,15.747,0.001,0.098,53.981,0.155,-0.532
00:00:04.618,1572874240348,1.43,-0.012,38.631,0.664,3.0,0.006999999999999999,15.771,0.001,0.098,54.244,0.156,-0.532
00:00:04.619,1572874240349,1.43,-0.012,38.631,0.664,3.0,0.006999999999999999,15.794,0.001,0.098,54.507,0.156,-0.532
00:00:04.679,1572874240409,1.429,-0.011,38.631,0.664,3.0,0.006,15.818,0.001,0.099,54.77,0.156,-0.532
00:00:04.680,1572874240410,1.429,-0.009000000000000001,38.631,0.664,3.0,0.006,15.842,0.0,0.099,55.034,0.156,-0.532
00:00:04.681,1572874240411,1.429,-0.008,38.631,0.664,3.0,0.006999999999999999,15.866,0.0,0.099,55.298,0.157,-0.532
00:00:04.730,1572874240460,1.4280000000000002,-0.006999999999999999,38.631,0.664,3.0,0.006,15.89,0.0,0.099,55.563,0.157,-0.532
00:00:04.731,1572874240461,1.4280000000000002,-0.006,38.631,0.664,3.0,0.006,15.913,0.0,0.099,55.828,0.157,-0.532
00:00:04.732,1572874240462,1.4280000000000002,-0.006,38.631,0.664,3.0,0.006,15.937,0.0,0.099,56.093,0.158,-0.532
00:00:04.781,1572874240511,1.4269999999999998,-0.006,38.631,0.664,3.0,0.006,15.961,0.0,0.099,56.359,0.158,-0.532
00:00:04.782,1572874240512,1.4269999999999998,-0.005,38.631,0.664,3.0,0.005,15.985,0.0,0.099,56.625,0.158,-0.532
00:00:04.783,1572874240513,1.4269999999999998,-0.005,38.631,0.664,3.0,0.005,16.009,0.0,0.099,56.892,0.159,-0.532
00:00:04.784,1572874240514,1.426,-0.004,38.631,0.664,3.0,0.005,16.032,0.0,0.099,57.159,0.159,-0.532
00:00:04.836,1572874240566,1.426,-0.004,38.631,0.664,3.0,0.005,16.055999999999994,0.0,0.099,57.426,0.159,-0.532
00:00:04.837,1572874240567,1.426,-0.004,38.631,0.664,3.0,0.005,16.077,0.0,0.1,57.661,0.16,-0.532
00:00:04.838,1572874240568,1.425,-0.005,38.631,0.664,3.0,0.005,16.101,0.0,0.1,57.929,0.16,-0.532
00:00:04.882,1572874240612,1.425,-0.006,38.631,0.664,3.0,0.004,16.124000000000002,0.0,0.1,58.197,0.16,-0.532
00:00:04.883,1572874240613,1.425,-0.008,38.631,0.664,3.0,0.004,16.148,0.0,0.1,58.466,0.161,-0.532
00:00:04.884,1572874240614,1.4240000000000002,-0.011,38.631,0.664,3.0,0.004,16.172,0.0,0.1,58.736,0.161,-0.532
00:00:04.935,1572874240665,1.4240000000000002,-0.015,38.631,0.664,3.0,0.003,16.195999999999998,-0.001,0.1,59.005,0.161,-0.532
00:00:04.936,1572874240666,1.423,-0.019,38.631,0.664,3.0,0.003,16.219,-0.001,0.1,59.276,0.161,-0.532
00:00:04.937,1572874240667,1.421,-0.025,38.631,0.664,3.0,0.002,16.243,-0.001,0.1,59.54600000000001,0.162,-0.532
00:00:04.981,1572874240711,1.419,-0.031,38.631,0.664,3.0,0.002,16.267,-0.001,0.1,59.817,0.162,-0.532
00:00:04.982,1572874240712,1.418,-0.039,38.631,0.664,3.0,0.002,16.29,-0.002,0.1,60.088,0.162,-0.532
00:00:04.983,1572874240713,1.418,-0.046,38.631,0.664,3.0,0.002,16.314,-0.002,0.1,60.36,0.163,-0.532
00:00:05.036,1572874240766,1.418,-0.053,38.631,0.664,3.0,0.002,16.337,-0.003,0.1,60.632,0.163,-0.532
00:00:05.037,1572874240767,1.418,-0.058,38.631,0.664,3.0,0.002,16.361,-0.003,0.101,60.905,0.163,-0.532
00:00:05.038,1572874240768,1.418,-0.062,38.631,0.664,3.0,0.003,16.385,-0.003,0.101,61.177,0.163,-0.532
00:00:05.087,1572874240817,1.4169999999999998,-0.065,38.631,0.664,3.0,0.004,16.408,-0.003,0.101,61.451,0.163,-0.532
00:00:05.088,1572874240818,1.416,-0.067,38.631,0.664,3.0,0.004,16.432000000000002,-0.003,0.101,61.724,0.16399999999999998,-0.532
00:00:05.089,1572874240819,1.416,-0.069,38.631,0.664,3.0,0.005,16.455,-0.003,0.101,61.99800000000001,0.16399999999999998,-0.532
00:00:05.138,1572874240868,1.415,-0.07,38.631,0.664,3.0,0.006,16.479,-0.003,0.101,62.273,0.16399999999999998,-0.532
00:00:05.139,1572874240869,1.415,-0.071,38.631,0.664,3.0,0.006999999999999999,16.503,-0.003,0.101,62.548,0.16399999999999998,-0.532
00:00:05.140,1572874240870,1.414,-0.07200000000000001,38.631,0.664,3.0,0.006999999999999999,16.526,-0.002,0.101,62.823,0.16399999999999998,-0.532
00:00:05.196,1572874240926,1.413,-0.07400000000000001,38.631,0.664,3.0,0.008,16.55,-0.002,0.102,63.099,0.16399999999999998,-0.532
00:00:05.197,1572874240927,1.413,-0.075,38.631,0.664,3.0,0.009000000000000001,16.573,-0.002,0.102,63.375,0.16399999999999998,-0.532
00:00:05.198,1572874240928,1.412,-0.077,38.631,0.664,3.0,0.009000000000000001,16.597,-0.001,0.102,63.651,0.16399999999999998,-0.532
00:00:05.244,1572874240974,1.412,-0.079,38.631,0.664,3.0,0.01,16.62,-0.001,0.102,63.928,0.16399999999999998,-0.532
00:00:05.245,1572874240975,1.411,-0.081,38.631,0.664,3.0,0.011,16.644000000000002,0.0,0.102,64.205,0.16399999999999998,-0.532
00:00:05.246,1572874240976,1.411,-0.083,38.631,0.664,3.0,0.011,16.667,0.0,0.102,64.483,0.16399999999999998,-0.532
00:00:05.294,1572874241024,1.41,-0.086,38.631,0.664,3.0,0.012,16.691,0.0,0.102,64.76100000000001,0.16399999999999998,-0.532
00:00:05.295,1572874241025,1.41,-0.08800000000000001,38.631,0.664,3.0,0.012,16.714000000000002,0.001,0.102,65.039,0.16399999999999998,-0.532
00:00:05.296,1572874241026,1.409,-0.09,38.631,0.664,3.0,0.013,16.738,0.001,0.102,65.318,0.16399999999999998,-0.532
00:00:05.344,1572874241074,1.409,-0.092,38.631,0.664,3.0,0.013,16.761,0.001,0.102,65.597,0.16399999999999998,-0.532
00:00:05.345,1572874241075,1.408,-0.093,38.631,0.664,3.0,0.014,16.785,0.001,0.102,65.877,0.16399999999999998,-0.532
00:00:05.346,1572874241076,1.408,-0.094,38.631,0.664,3.0,0.014,16.808,0.001,0.102,66.156,0.163,-0.532
00:00:05.399,1572874241129,1.4069999999999998,-0.095,38.631,0.664,3.0,0.015,16.832,0.001,0.102,66.437,0.163,-0.532
00:00:05.400,1572874241130,1.4069999999999998,-0.095,38.631,0.664,3.0,0.015,16.855,0.002,0.102,66.718,0.163,-0.532
00:00:05.401,1572874241131,1.406,-0.094,38.631,0.664,3.0,0.016,16.878,0.002,0.102,66.999,0.163,-0.532
00:00:05.452,1572874241182,1.406,-0.093,38.631,0.664,3.0,0.016,16.902,0.002,0.102,67.28,0.162,-0.532
00:00:05.453,1572874241183,1.405,-0.091,38.631,0.664,3.0,0.017,16.925,0.002,0.102,67.562,0.162,-0.532
00:00:05.454,1572874241184,1.405,-0.08900000000000001,38.631,0.664,3.0,0.017,16.949,0.002,0.102,67.844,0.162,-0.532
00:00:05.498,1572874241228,1.404,-0.087,38.631,0.664,3.0,0.018000000000000002,16.972,0.002,0.103,68.127,0.161,-0.532
00:00:05.499,1572874241229,1.403,-0.085,38.631,0.664,3.0,0.018000000000000002,16.995,0.002,0.103,68.41,0.161,-0.532
00:00:05.500,1572874241230,1.403,-0.083,38.631,0.664,3.0,0.019,17.019000000000002,0.002,0.103,68.694,0.161,-0.532
00:00:05.547,1572874241277,1.402,-0.081,38.631,0.664,3.0,0.019,17.042,0.002,0.103,68.977,0.16,-0.532
00:00:05.548,1572874241278,1.402,-0.079,38.631,0.664,3.0,0.019,17.066,0.002,0.103,69.262,0.16,-0.532
00:00:05.549,1572874241279,1.401,-0.078,38.631,0.664,3.0,0.019,17.089000000000002,0.002,0.103,69.546,0.159,-0.532
00:00:05.604,1572874241334,1.401,-0.077,38.631,0.664,3.0,0.019,17.112000000000002,0.002,0.103,69.831,0.159,-0.532
00:00:05.605,1572874241335,1.4,-0.076,38.631,0.664,3.0,0.02,17.136,0.002,0.104,70.117,0.158,-0.532
00:00:05.606,1572874241336,1.4,-0.075,38.631,0.664,3.0,0.02,17.159000000000002,0.002,0.104,70.402,0.158,-0.532
00:00:05.607,1572874241337,1.399,-0.075,38.631,0.664,3.0,0.02,17.182000000000002,0.002,0.104,70.689,0.157,-0.532
00:00:05.652,1572874241382,1.399,-0.075,38.631,0.664,3.0,0.02,17.206,0.002,0.104,70.975,0.156,-0.532
00:00:05.653,1572874241383,1.398,-0.075,38.631,0.664,3.0,0.02,17.229,0.002,0.104,71.262,0.156,-0.532
00:00:05.654,1572874241384,1.398,-0.075,38.631,0.664,3.0,0.02,17.252,0.002,0.104,71.55,0.155,-0.532
00:00:05.702,1572874241432,1.3969999999999998,-0.075,38.631,0.664,3.0,0.02,17.275,0.002,0.104,71.837,0.154,-0.532
00:00:05.703,1572874241433,1.3969999999999998,-0.07400000000000001,38.631,0.664,3.0,0.02,17.299,0.002,0.104,72.125,0.154,-0.532
00:00:05.704,1572874241434,1.396,-0.073,38.631,0.664,3.0,0.02,17.322,0.002,0.104,72.414,0.153,-0.532
00:00:05.752,1572874241482,1.396,-0.07200000000000001,38.631,0.664,3.0,0.02,17.345,0.002,0.104,72.703,0.152,-0.532
00:00:05.753,1572874241483,1.395,-0.071,38.631,0.664,3.0,0.02,17.368,0.002,0.105,72.992,0.152,-0.532
00:00:05.754,1572874241484,1.394,-0.069,38.631,0.664,3.0,0.02,17.392,0.002,0.105,73.282,0.151,-0.532
00:00:05.814,1572874241544,1.394,-0.067,38.631,0.664,3.0,0.02,17.415,0.002,0.105,73.572,0.15,-0.532
00:00:05.815,1572874241545,1.393,-0.066,38.631,0.664,3.0,0.02,17.438,0.002,0.105,73.862,0.149,-0.532
00:00:05.816,1572874241546,1.393,-0.064,38.631,0.664,3.0,0.02,17.461,0.002,0.105,74.153,0.14800000000000002,-0.532
00:00:05.853,1572874241583,1.392,-0.063,38.631,0.664,3.0,0.021,17.484,0.002,0.105,74.444,0.14800000000000002,-0.532
00:00:05.854,1572874241584,1.392,-0.061,38.631,0.664,3.0,0.021,17.508,0.002,0.105,74.736,0.147,-0.532
00:00:05.855,1572874241585,1.391,-0.06,38.631,0.664,3.0,0.021,17.531,0.002,0.105,75.028,0.146,-0.532
00:00:05.905,1572874241635,1.391,-0.058,38.631,0.664,3.0,0.02,17.554000000000002,0.002,0.105,75.32,0.145,-0.532
00:00:05.906,1572874241636,1.39,-0.057,38.631,0.664,3.0,0.02,17.574,0.002,0.105,75.57600000000002,0.14400000000000002,-0.532
00:00:05.907,1572874241637,1.39,-0.056,38.631,0.664,3.0,0.02,17.597,0.002,0.105,75.87,0.14300000000000002,-0.532
00:00:05.955,1572874241685,1.389,-0.054000000000000006,38.631,0.664,3.0,0.02,17.621,0.002,0.105,76.163,0.142,-0.532
00:00:05.956,1572874241686,1.389,-0.052000000000000005,38.631,0.664,3.0,0.02,17.644000000000005,0.002,0.105,76.457,0.141,-0.532
00:00:05.957,1572874241687,1.388,-0.051,38.631,0.664,3.0,0.02,17.667,0.002,0.106,76.751,0.14,-0.532
00:00:06.005,1572874241735,1.388,-0.049,38.631,0.664,3.0,0.02,17.69,0.002,0.106,77.046,0.139,-0.532
00:00:06.006,1572874241736,1.3869999999999998,-0.048,38.631,0.664,3.0,0.02,17.713,0.002,0.106,77.34100000000002,0.138,-0.532
00:00:06.007,1572874241737,1.3869999999999998,-0.046,38.631,0.664,3.0,0.02,17.738,0.002,0.106,77.655,0.13699999999999998,-0.532
00:00:06.057,1572874241787,1.386,-0.045,38.631,0.664,3.0,0.02,17.759,0.002,0.106,77.932,0.136,-0.532
00:00:06.058,1572874241788,1.386,-0.043,38.631,0.664,3.0,0.019,17.782,0.003,0.106,78.22800000000002,0.135,-0.532
00:00:06.063,1572874241793,1.385,-0.042,38.631,0.664,3.0,0.019,17.805,0.003,0.106,78.525,0.134,-0.532
00:00:06.117,1572874241847,1.385,-0.04,38.631,0.664,3.0,0.019,17.829,0.003,0.106,78.822,0.133,-0.532
00:00:06.118,1572874241848,1.384,-0.038,38.631,0.664,3.0,0.019,17.852,0.003,0.106,79.119,0.132,-0.532
00:00:06.119,1572874241849,1.383,-0.036000000000000004,38.631,0.664,3.0,0.018000000000000002,17.875,0.002,0.106,79.417,0.131,-0.532
00:00:06.120,1572874241850,1.383,-0.034,38.631,0.664,3.0,0.018000000000000002,17.899,0.002,0.106,79.734,0.13,-0.532
00:00:06.167,1572874241897,1.382,-0.033,38.631,0.664,3.0,0.018000000000000002,17.921,0.002,0.106,80.013,0.129,-0.532
00:00:06.168,1572874241898,1.382,-0.031,38.631,0.664,3.0,0.018000000000000002,17.944000000000006,0.002,0.106,80.312,0.128,-0.532
00:00:06.169,1572874241899,1.381,-0.03,38.631,0.664,3.0,0.017,17.967,0.002,0.106,80.611,0.126,-0.532
00:00:06.224,1572874241954,1.381,-0.029,38.631,0.664,3.0,0.017,17.991,0.002,0.107,80.93,0.125,-0.532
00:00:06.225,1572874241955,1.38,-0.028,38.631,0.664,3.0,0.017,18.012999999999995,0.002,0.107,81.211,0.124,-0.532
00:00:06.226,1572874241956,1.38,-0.027000000000000003,38.631,0.664,3.0,0.016,18.037,0.002,0.107,81.53,0.123,-0.532
00:00:06.267,1572874241997,1.379,-0.026,38.631,0.664,3.0,0.016,18.06,0.002,0.107,81.831,0.122,-0.532
00:00:06.268,1572874241998,1.379,-0.026,38.631,0.664,3.0,0.016,18.082,0.002,0.107,82.11399999999998,0.121,-0.532
00:00:06.269,1572874241999,1.378,-0.025,38.631,0.664,3.0,0.015,18.106,0.002,0.107,82.434,0.119,-0.532
00:00:06.327,1572874242057,1.378,-0.024,38.631,0.664,3.0,0.015,18.129,0.002,0.107,82.736,0.118,-0.532
00:00:06.328,1572874242058,1.3769999999999998,-0.024,38.631,0.664,3.0,0.015,18.151,0.001,0.107,83.01899999999998,0.117,-0.532
00:00:06.329,1572874242059,1.376,-0.023,38.631,0.664,3.0,0.014,18.175,0.001,0.107,83.34100000000002,0.116,-0.532
00:00:06.380,1572874242110,1.376,-0.023,38.631,0.664,3.0,0.014,18.198,0.001,0.107,83.64399999999998,0.115,-0.532
00:00:06.381,1572874242111,1.375,-0.022,38.631,0.664,3.0,0.014,18.221,0.001,0.107,83.948,0.113,-0.532
00:00:06.382,1572874242112,1.375,-0.022,38.631,0.664,3.0,0.013,18.244,0.001,0.107,84.251,0.112,-0.532
00:00:06.417,1572874242147,1.374,-0.022,38.631,0.664,3.0,0.013,18.267,0.001,0.108,84.556,0.111,-0.532
00:00:06.418,1572874242148,1.374,-0.021,38.631,0.664,3.0,0.013,18.289,0.001,0.108,84.86,0.11,-0.532
00:00:06.419,1572874242149,1.3730000000000002,-0.021,38.631,0.664,3.0,0.013,18.311,0.001,0.108,85.146,0.108,-0.532
00:00:06.477,1572874242207,1.3730000000000002,-0.021,38.631,0.664,3.0,0.013,18.331,0.001,0.108,85.413,0.107,-0.532
00:00:06.478,1572874242208,1.372,-0.021,38.631,0.664,3.0,0.012,18.354,0.001,0.108,85.719,0.106,-0.532
00:00:06.479,1572874242209,1.372,-0.021,38.631,0.664,3.0,0.012,18.378,0.001,0.108,86.044,0.105,-0.532
00:00:06.529,1572874242259,1.371,-0.021,38.631,0.664,3.0,0.012,18.401,0.001,0.108,86.351,0.103,-0.532
00:00:06.530,1572874242260,1.371,-0.021,38.631,0.664,3.0,0.012,18.422,0.001,0.108,86.639,0.102,-0.532
00:00:06.531,1572874242261,1.37,-0.021,38.631,0.664,3.0,0.011,18.447,0.001,0.108,86.965,0.101,-0.532
00:00:06.580,1572874242310,1.37,-0.021,38.631,0.664,3.0,0.011,18.469,0.001,0.108,87.273,0.099,-0.532
00:00:06.581,1572874242311,1.369,-0.021,38.631,0.664,3.0,0.011,18.492,0.001,0.108,87.581,0.098,-0.532
00:00:06.582,1572874242312,1.369,-0.022,38.631,0.664,3.0,0.011,18.515,0.001,0.109,87.889,0.097,-0.532
00:00:06.627,1572874242357,1.368,-0.022,38.631,0.664,3.0,0.011,18.538,0.001,0.109,88.198,0.095,-0.532
00:00:06.628,1572874242358,1.368,-0.022,38.631,0.664,3.0,0.011,18.561,0.001,0.109,88.507,0.094,-0.532
00:00:06.629,1572874242359,1.367,-0.023,38.631,0.664,3.0,0.01,18.583,0.001,0.109,88.81700000000002,0.093,-0.532
00:00:06.683,1572874242413,1.366,-0.023,38.631,0.664,3.0,0.01,18.606,0.001,0.109,89.126,0.091,-0.532
00:00:06.684,1572874242414,1.366,-0.023,38.631,0.664,3.0,0.01,18.629,0.001,0.109,89.43700000000004,0.09,-0.532
00:00:06.685,1572874242415,1.365,-0.024,38.631,0.664,3.0,0.01,18.652,0.001,0.109,89.74700000000001,0.08900000000000001,-0.532
00:00:06.727,1572874242457,1.365,-0.024,38.631,0.664,3.0,0.01,18.674,0.001,0.109,90.05799999999998,0.087,-0.532
00:00:06.728,1572874242458,1.364,-0.024,38.631,0.664,3.0,0.01,18.697,0.001,0.109,90.37,0.086,-0.532
00:00:06.729,1572874242459,1.364,-0.025,38.631,0.664,3.0,0.01,18.72,0.001,0.109,90.682,0.085,-0.532
00:00:06.781,1572874242511,1.3630000000000002,-0.025,38.631,0.664,3.0,0.01,18.743,0.001,0.109,90.994,0.083,-0.532
00:00:06.782,1572874242512,1.3630000000000002,-0.025,38.631,0.664,3.0,0.01,18.764,0.001,0.109,91.287,0.08199999999999999,-0.532
00:00:06.783,1572874242513,1.362,-0.025,38.631,0.664,3.0,0.01,18.788,0.001,0.11,91.619,0.08,-0.532
00:00:06.829,1572874242559,1.362,-0.024,38.631,0.664,3.0,0.01,18.811,0.001,0.11,91.933,0.079,-0.532
00:00:06.830,1572874242560,1.361,-0.024,38.631,0.664,3.0,0.009000000000000001,18.832,0.001,0.11,92.227,0.077,-0.532
00:00:06.831,1572874242561,1.361,-0.024,38.631,0.664,3.0,0.009000000000000001,18.856,0.001,0.11,92.56,0.076,-0.532
00:00:06.880,1572874242610,1.36,-0.024,38.631,0.664,3.0,0.009000000000000001,18.879,0.001,0.11,92.875,0.07400000000000001,-0.532
00:00:06.881,1572874242611,1.36,-0.023,38.631,0.664,3.0,0.009000000000000001,18.901,0.001,0.11,93.19,0.073,-0.532
00:00:06.882,1572874242612,1.359,-0.023,38.631,0.664,3.0,0.009000000000000001,18.924,0.001,0.11,93.505,0.07200000000000001,-0.532
00:00:06.931,1572874242661,1.359,-0.023,38.631,0.664,3.0,0.009000000000000001,18.947,0.001,0.11,93.821,0.07,-0.532
00:00:06.932,1572874242662,1.358,-0.022,38.631,0.664,3.0,0.009000000000000001,18.969,0.001,0.11,94.137,0.069,-0.532
00:00:06.933,1572874242663,1.358,-0.021,38.631,0.664,3.0,0.009000000000000001,18.992,0.002,0.11,94.453,0.067,-0.532
00:00:06.934,1572874242664,1.357,-0.021,38.631,0.664,3.0,0.009000000000000001,19.014,0.002,0.11,94.77,0.066,-0.532
00:00:06.981,1572874242711,1.356,-0.02,38.631,0.664,3.0,0.009000000000000001,19.037,0.002,0.11,95.087,0.064,-0.532
00:00:06.982,1572874242712,1.356,-0.019,38.631,0.664,3.0,0.009000000000000001,19.06,0.002,0.11,95.404,0.063,-0.532
00:00:06.983,1572874242713,1.355,-0.019,38.631,0.664,3.0,0.009000000000000001,19.082,0.002,0.111,95.722,0.061,-0.532
00:00:07.031,1572874242761,1.355,-0.018000000000000002,38.631,0.664,3.0,0.009000000000000001,19.105,0.002,0.111,96.04,0.059,-0.532
00:00:07.032,1572874242762,1.354,-0.017,38.631,0.664,3.0,0.009000000000000001,19.127,0.002,0.111,96.359,0.058,-0.532
00:00:07.033,1572874242763,1.354,-0.016,38.631,0.664,3.0,0.009000000000000001,19.15,0.002,0.111,96.678,0.056,-0.532
00:00:07.083,1572874242813,1.3530000000000002,-0.015,38.631,0.664,3.0,0.009000000000000001,19.172,0.002,0.111,96.997,0.055,-0.532
00:00:07.084,1572874242814,1.3530000000000002,-0.014,38.631,0.664,3.0,0.008,19.195,0.002,0.111,97.317,0.053,-0.532
00:00:07.085,1572874242815,1.352,-0.014,38.631,0.664,3.0,0.008,19.217,0.002,0.111,97.637,0.052000000000000005,-0.532
00:00:07.133,1572874242863,1.352,-0.013,38.631,0.664,3.0,0.008,19.239,0.002,0.111,97.937,0.05,-0.532
00:00:07.134,1572874242864,1.351,-0.012,38.631,0.664,3.0,0.008,19.261,0.002,0.111,98.258,0.049,-0.532
00:00:07.135,1572874242865,1.351,-0.011,38.631,0.664,3.0,0.008,19.284,0.002,0.111,98.579,0.047,-0.532
00:00:07.185,1572874242915,1.35,-0.01,38.631,0.664,3.0,0.008,19.306,0.002,0.111,98.901,0.046,-0.532
00:00:07.186,1572874242916,1.35,-0.009000000000000001,38.631,0.664,3.0,0.008,19.329,0.001,0.111,99.223,0.044,-0.532
00:00:07.187,1572874242917,1.349,-0.008,38.631,0.664,3.0,0.006999999999999999,19.351,0.001,0.111,99.545,0.042,-0.532
00:00:07.235,1572874242965,1.349,-0.006999999999999999,38.631,0.664,3.0,0.006999999999999999,19.374,0.001,0.111,99.868,0.041,-0.532
00:00:07.236,1572874242966,1.348,-0.006999999999999999,38.631,0.664,3.0,0.006999999999999999,19.396,0.001,0.112,100.191,0.039,-0.532
00:00:07.237,1572874242967,1.348,-0.006,38.631,0.664,3.0,0.006999999999999999,19.418,0.001,0.112,100.515,0.038,-0.532
00:00:07.291,1572874243021,1.347,-0.005,38.631,0.664,3.0,0.006999999999999999,19.441,0.001,0.112,100.838,0.036000000000000004,-0.532
00:00:07.292,1572874243022,1.347,-0.005,38.631,0.664,3.0,0.006,19.463,0.001,0.112,101.163,0.034,-0.532
00:00:07.293,1572874243023,1.346,-0.004,38.631,0.664,3.0,0.006,19.486,0.001,0.112,101.487,0.033,-0.532
00:00:07.335,1572874243065,1.345,-0.004,38.631,0.664,3.0,0.006,19.508,0.001,0.112,101.812,0.031,-0.532
00:00:07.336,1572874243066,1.345,-0.004,38.631,0.664,3.0,0.006,19.531,0.001,0.112,102.137,0.03,-0.532
00:00:07.337,1572874243067,1.344,-0.003,38.631,0.664,3.0,0.006,19.553,0.001,0.112,102.463,0.028,-0.532
00:00:07.385,1572874243115,1.344,-0.003,38.631,0.664,3.0,0.006,19.575,0.0,0.112,102.789,0.026,-0.532
00:00:07.386,1572874243116,1.3430000000000002,-0.003,38.631,0.664,3.0,0.005,19.595,0.0,0.112,103.075,0.025,-0.532
00:00:07.387,1572874243117,1.3430000000000002,-0.002,38.631,0.664,3.0,0.005,19.617,0.0,0.112,103.402,0.023,-0.532
00:00:07.441,1572874243171,1.342,-0.002,38.631,0.664,3.0,0.005,19.64,0.0,0.112,103.729,0.022,-0.532
00:00:07.442,1572874243172,1.342,-0.002,38.631,0.664,3.0,0.005,19.662,0.0,0.112,104.056,0.02,-0.532
00:00:07.443,1572874243173,1.341,-0.002,38.631,0.664,3.0,0.005,19.684,0.0,0.112,104.384,0.018000000000000002,-0.5329999999999999
00:00:07.485,1572874243215,1.341,-0.001,38.631,0.664,3.0,0.005,19.707,0.0,0.112,104.712,0.017,-0.5329999999999999
00:00:07.486,1572874243216,1.34,-0.001,38.631,0.664,3.0,0.004,19.729,0.0,0.113,105.041,0.015,-0.5329999999999999
00:00:07.487,1572874243217,1.34,-0.001,38.631,0.664,3.0,0.004,19.751,0.0,0.113,105.37,0.013,-0.5329999999999999
00:00:07.536,1572874243266,1.339,-0.001,38.631,0.664,3.0,0.004,19.774,0.0,0.113,105.699,0.012,-0.5329999999999999
00:00:07.537,1572874243267,1.339,-0.001,38.631,0.664,3.0,0.004,19.796,0.0,0.113,106.029,0.01,-0.5329999999999999
00:00:07.538,1572874243268,1.338,-0.001,38.631,0.664,3.0,0.004,19.818,0.0,0.113,106.359,0.008,-0.5329999999999999
00:00:07.587,1572874243317,1.338,-0.001,38.631,0.664,3.0,0.004,19.841,0.0,0.113,106.69,0.006999999999999999,-0.5329999999999999
00:00:07.588,1572874243318,1.337,-0.001,38.631,0.664,3.0,0.004,19.863,0.0,0.113,107.021,0.005,-0.5329999999999999
00:00:07.589,1572874243319,1.337,-0.001,38.631,0.664,3.0,0.003,19.885,0.0,0.113,107.352,0.004,-0.5329999999999999
00:00:07.638,1572874243368,1.336,-0.002,38.631,0.664,3.0,0.003,19.907,0.0,0.113,107.683,0.002,-0.5329999999999999
00:00:07.639,1572874243369,1.336,-0.002,38.631,0.664,3.0,0.003,19.93,0.0,0.113,108.015,0.0,-0.5329999999999999
00:00:07.640,1572874243370,1.335,-0.002,38.631,0.664,3.0,0.003,19.952,0.0,0.113,108.348,-0.002,-0.5329999999999999
00:00:07.688,1572874243418,1.335,-0.001,38.631,0.664,3.0,0.003,19.974,0.0,0.113,108.681,-0.003,-0.5329999999999999
00:00:07.689,1572874243419,1.334,-0.001,38.631,0.664,3.0,0.003,19.996,0.0,0.113,109.014,-0.005,-0.5329999999999999
00:00:07.690,1572874243420,1.3330000000000002,-0.002,38.631,0.664,3.0,0.003,20.019,0.0,0.114,109.347,-0.006999999999999999,-0.5329999999999999
00:00:07.738,1572874243468,1.3330000000000002,-0.002,38.631,0.664,3.0,0.003,20.041,0.0,0.114,109.681,-0.008,-0.5329999999999999
00:00:07.739,1572874243469,1.332,-0.002,38.631,0.664,3.0,0.003,20.063,0.0,0.114,110.015,-0.01,-0.5329999999999999
00:00:07.740,1572874243470,1.332,-0.002,38.631,0.664,3.0,0.002,20.085,0.0,0.114,110.35,-0.012,-0.5329999999999999
00:00:07.788,1572874243518,1.331,-0.003,38.631,0.664,3.0,0.002,20.107,0.0,0.114,110.685,-0.013,-0.5329999999999999
00:00:07.789,1572874243519,1.331,-0.003,38.631,0.664,3.0,0.002,20.13,0.0,0.114,111.02,-0.015,-0.5329999999999999
00:00:07.790,1572874243520,1.33,-0.003,38.631,0.664,3.0,0.002,20.152,0.0,0.114,111.356,-0.017,-0.5329999999999999
00:00:07.838,1572874243568,1.33,-0.003,38.631,0.664,3.0,0.002,20.174,0.0,0.114,111.692,-0.018000000000000002,-0.5329999999999999
00:00:07.839,1572874243569,1.329,-0.003,38.631,0.664,3.0,0.002,20.196,0.0,0.114,112.028,-0.02,-0.5329999999999999
00:00:07.840,1572874243570,1.329,-0.004,38.631,0.664,3.0,0.002,20.218,0.0,0.114,112.365,-0.022,-0.5329999999999999
00:00:07.894,1572874243624,1.328,-0.004,38.631,0.664,3.0,0.002,20.24,0.0,0.114,112.702,-0.023,-0.5329999999999999
00:00:07.895,1572874243625,1.328,-0.004,38.485,0.664,3.0,0.002,20.262,0.0,0.114,113.04,-0.025,-0.5329999999999999
00:00:07.896,1572874243626,1.327,-0.004,38.485,0.664,3.0,0.002,20.284,0.0,0.114,113.377,-0.027000000000000003,-0.5329999999999999
00:00:07.940,1572874243670,1.3259999999999998,-0.004,38.485,0.664,3.0,0.002,20.307,0.0,0.114,113.716,-0.028,-0.5329999999999999
00:00:07.941,1572874243671,1.324,-0.004,38.485,0.664,3.0,0.002,20.329,0.0,0.114,114.054,-0.03,-0.5329999999999999
00:00:07.942,1572874243672,1.3230000000000002,-0.005,38.485,0.664,3.0,0.002,20.351,0.0,0.115,114.393,-0.032,-0.5329999999999999
00:00:07.992,1572874243722,1.3230000000000002,-0.005,38.485,0.664,3.0,0.002,20.373,0.0,0.115,114.733,-0.034,-0.5329999999999999
00:00:07.993,1572874243723,1.3219999999999998,-0.005,38.485,0.664,3.0,0.002,20.395,0.0,0.115,115.072,-0.035,-0.5329999999999999
00:00:07.994,1572874243724,1.3219999999999998,-0.005,38.485,0.664,3.0,0.002,20.417,0.0,0.115,115.412,-0.037000000000000005,-0.5329999999999999
00:00:08.042,1572874243772,1.321,-0.005,38.485,0.664,3.0,0.002,20.439,0.0,0.115,115.753,-0.039,-0.5329999999999999
00:00:08.043,1572874243773,1.321,-0.005,38.485,0.664,3.0,0.002,20.461,0.0,0.115,116.094,-0.04,-0.5329999999999999
00:00:08.044,1572874243774,1.32,-0.005,38.485,0.664,3.0,0.002,20.483,0.0,0.115,116.435,-0.042,-0.5329999999999999
00:00:08.092,1572874243822,1.32,-0.005,38.485,0.664,3.0,0.002,20.505,0.0,0.115,116.777,-0.044,-0.5329999999999999
00:00:08.093,1572874243823,1.319,-0.005,36.507,0.664,3.0,0.002,20.527,0.0,0.115,117.118,-0.046,-0.5329999999999999
00:00:08.094,1572874243824,1.315,-0.005,36.507,0.664,3.0,0.002,20.549,0.0,0.115,117.461,-0.047,-0.5329999999999999
00:00:08.142,1572874243872,1.306,-0.004,36.507,0.664,3.0,0.002,20.57,0.0,0.115,117.803,-0.049,-0.5329999999999999
00:00:08.143,1572874243873,1.295,-0.004,36.507,0.664,3.0,0.002,20.592,0.0,0.115,118.146,-0.051,-0.5329999999999999
00:00:08.144,1572874243874,1.286,-0.004,36.507,0.664,3.0,0.002,20.613000000000003,0.0,0.115,118.49,-0.053,-0.5329999999999999
00:00:08.202,1572874243932,1.281,-0.003,36.507,0.664,3.0,0.002,20.634,0.001,0.115,118.833,-0.054000000000000006,-0.5329999999999999
00:00:08.203,1572874243933,1.28,-0.002,34.456,0.664,3.0,0.002,20.656,0.001,0.114,119.178,-0.056,-0.5329999999999999
00:00:08.204,1572874243934,1.278,-0.002,34.456,0.664,3.0,0.002,20.677,0.001,0.114,119.522,-0.058,-0.5329999999999999
00:00:08.243,1572874243973,1.271,-0.001,34.456,0.664,3.0,0.002,20.698,0.001,0.114,119.867,-0.06,-0.5329999999999999
00:00:08.244,1572874243974,1.26,0.0,34.456,0.664,3.0,0.002,20.719,0.001,0.114,120.212,-0.061,-0.5329999999999999
00:00:08.245,1572874243975,1.251,0.0,34.456,0.664,3.0,0.002,20.739,0.001,0.113,120.557,-0.063,-0.5329999999999999
00:00:08.294,1572874244024,1.246,0.001,34.456,0.664,3.0,0.002,20.76,0.001,0.113,120.903,-0.065,-0.5329999999999999
00:00:08.295,1572874244025,1.244,0.002,32.479,0.664,3.0,0.002,20.781,0.001,0.113,121.249,-0.067,-0.5329999999999999
00:00:08.296,1572874244026,1.242,0.004,32.479,0.664,3.0,0.002,20.802,0.001,0.112,121.596,-0.068,-0.5329999999999999
00:00:08.349,1572874244079,1.235,0.005,32.479,0.664,3.0,0.002,20.822,0.001,0.112,121.943,-0.07,-0.5329999999999999
00:00:08.350,1572874244080,1.225,0.006,32.479,0.664,3.0,0.002,20.842,0.001,0.111,122.29,-0.07200000000000001,-0.5329999999999999
00:00:08.351,1572874244081,1.216,0.006999999999999999,32.479,0.664,3.0,0.001,20.862,0.001,0.111,122.638,-0.07400000000000001,-0.5329999999999999
00:00:08.398,1572874244128,1.211,0.008,32.479,0.664,3.0,0.001,20.883000000000006,0.001,0.11,122.985,-0.076,-0.5329999999999999
00:00:08.399,1572874244129,1.209,0.01,28.67,0.664,3.0,0.001,20.903,0.001,0.109,123.334,-0.077,-0.5329999999999999
00:00:08.400,1572874244130,1.222,0.011,28.67,0.664,3.0,0.001,20.923,0.001,0.109,123.682,-0.079,-0.5329999999999999
00:00:08.401,1572874244131,1.268,0.012,28.67,0.664,3.0,0.001,20.945,0.001,0.108,124.031,-0.081,-0.5329999999999999
00:00:08.449,1572874244179,1.3230000000000002,0.013,28.67,0.664,3.0,0.001,20.968000000000004,0.001,0.108,124.38,-0.083,-0.5329999999999999
00:00:08.450,1572874244180,1.35,0.014,28.67,0.664,3.0,0.001,20.991,0.0,0.108,124.73,-0.084,-0.5329999999999999
00:00:08.451,1572874244181,1.334,0.015,28.67,0.664,3.0,0.0,21.013,0.0,0.109,125.08,-0.086,-0.5329999999999999
00:00:08.499,1572874244229,1.288,0.016,25.301,0.664,3.0,0.0,21.033,0.0,0.109,125.43,-0.08800000000000001,-0.5329999999999999
00:00:08.500,1572874244230,1.219,0.016,25.301,0.664,3.0,0.0,21.052,0.0,0.108,125.781,-0.09,-0.5329999999999999
00:00:08.501,1572874244231,1.133,0.017,25.301,0.664,3.0,0.0,21.07,0.0,0.108,126.132,-0.091,-0.5329999999999999
00:00:08.550,1572874244280,1.052,0.018000000000000002,25.301,0.664,3.0,-0.001,21.087,0.0,0.107,126.483,-0.093,-0.5329999999999999
00:00:08.551,1572874244281,0.995,0.02,25.301,0.664,3.0,-0.001,21.103,0.0,0.106,126.835,-0.095,-0.5329999999999999
00:00:08.552,1572874244282,0.965,0.021,25.301,0.664,3.0,-0.001,21.118,-0.001,0.104,127.187,-0.096,-0.5329999999999999
00:00:08.601,1572874244331,0.952,0.022,24.641,0.664,3.0,-0.001,21.134,-0.001,0.102,127.539,-0.098,-0.5329999999999999
00:00:08.602,1572874244332,0.94,0.023,24.641,0.664,3.0,-0.002,21.15,-0.001,0.1,127.891,-0.1,-0.5329999999999999
00:00:08.603,1572874244333,0.921,0.025,24.641,0.664,3.0,-0.002,21.165,-0.001,0.098,128.244,-0.102,-0.5329999999999999
00:00:08.652,1572874244382,0.895,0.027000000000000003,24.641,0.664,3.0,-0.002,21.179,-0.001,0.096,128.597,-0.103,-0.5329999999999999
00:00:08.653,1572874244383,0.871,0.028,24.641,0.664,3.0,-0.002,21.193,-0.001,0.093,128.95,-0.105,-0.5329999999999999
00:00:08.654,1572874244384,0.852,0.03,24.641,0.664,3.0,-0.003,21.207,-0.001,0.09,129.303,-0.107,-0.5329999999999999
00:00:08.703,1572874244433,0.8370000000000001,0.032,24.129,0.664,3.0,-0.003,21.221,-0.001,0.08800000000000001,129.657,-0.108,-0.5329999999999999
00:00:08.704,1572874244434,0.823,0.034,24.129,0.664,3.0,-0.003,21.235,-0.001,0.085,130.011,-0.11,-0.5329999999999999
00:00:08.705,1572874244435,0.8059999999999999,0.036000000000000004,24.129,0.664,3.0,-0.003,21.248,-0.001,0.08199999999999999,130.365,-0.112,-0.5329999999999999
00:00:08.757,1572874244487,0.7879999999999999,0.038,24.129,0.664,3.0,-0.004,21.261,-0.002,0.078,130.719,-0.113,-0.5329999999999999
00:00:08.758,1572874244488,0.773,0.04,24.129,0.664,3.0,-0.004,21.274,-0.002,0.075,131.07299999999998,-0.115,-0.5329999999999999
00:00:08.759,1572874244489,0.7609999999999999,0.042,24.129,0.664,3.0,-0.004,21.286,-0.002,0.07200000000000001,131.428,-0.117,-0.5329999999999999
00:00:08.806,1572874244536,0.752,0.044,23.469,0.664,3.0,-0.005,21.299,-0.002,0.069,131.783,-0.118,-0.5329999999999999
00:00:08.807,1572874244537,0.742,0.046,23.469,0.664,3.0,-0.005,21.311,-0.002,0.066,132.138,-0.12,-0.5329999999999999
00:00:08.808,1572874244538,0.728,0.047,23.469,0.664,3.0,-0.006,21.323,-0.002,0.062,132.493,-0.122,-0.5329999999999999
00:00:08.855,1572874244585,0.7120000000000001,0.049,23.469,0.664,3.0,-0.006,21.334,-0.002,0.059,132.849,-0.123,-0.5329999999999999
00:00:08.856,1572874244586,0.7,0.051,23.469,0.664,3.0,-0.006999999999999999,21.346,-0.002,0.056,133.204,-0.125,-0.5329999999999999
00:00:08.857,1572874244587,0.6920000000000001,0.052000000000000005,23.469,0.664,3.0,-0.006999999999999999,21.357,-0.002,0.053,133.56,-0.126,-0.532
00:00:08.919,1572874244649,0.6859999999999999,0.053,20.613000000000003,0.664,3.0,-0.006999999999999999,21.369,-0.002,0.05,133.916,-0.128,-0.532
00:00:08.920,1572874244650,0.6709999999999999,0.054000000000000006,20.613000000000003,0.664,3.0,-0.008,21.38,-0.002,0.047,134.273,-0.129,-0.532
00:00:08.921,1572874244651,0.64,0.055,20.613000000000003,0.664,3.0,-0.008,21.39,-0.003,0.044,134.629,-0.131,-0.532
00:00:08.969,1572874244699,0.606,0.056,20.613000000000003,0.664,3.0,-0.009000000000000001,21.399,-0.003,0.041,134.986,-0.132,-0.532
00:00:08.970,1572874244700,0.5820000000000001,0.057,20.613000000000003,0.664,3.0,-0.009000000000000001,21.409,-0.003,0.038,135.342,-0.134,-0.532
00:00:08.971,1572874244701,0.573,0.058,20.613000000000003,0.664,3.0,-0.01,21.418000000000006,-0.003,0.035,135.69899999999998,-0.135,-0.532
00:00:08.972,1572874244702,0.573,0.059,18.782,0.664,3.0,-0.01,21.428,-0.003,0.033,136.056,-0.13699999999999998,-0.532
00:00:09.023,1572874244753,0.5660000000000001,0.06,18.782,0.664,3.0,-0.011,21.437,-0.003,0.03,136.41299999999998,-0.138,-0.532
00:00:09.024,1572874244754,0.539,0.061,18.782,0.664,3.0,-0.011,21.446,-0.003,0.028,136.77100000000002,-0.14,-0.532
00:00:09.025,1572874244755,0.505,0.063,18.782,0.664,3.0,-0.012,21.454,-0.004,0.026,137.128,-0.141,-0.5329999999999999
00:00:09.081,1572874244811,0.478,0.064,18.782,0.664,3.0,-0.012,21.461,-0.004,0.023,137.486,-0.142,-0.5329999999999999
00:00:09.082,1572874244812,0.467,0.065,18.782,0.664,3.0,-0.012,21.469,-0.004,0.021,137.844,-0.14400000000000002,-0.5329999999999999
00:00:09.083,1572874244813,0.467,0.067,18.269,0.664,3.0,-0.013,21.477,-0.004,0.019,138.201,-0.145,-0.5329999999999999
00:00:09.125,1572874244855,0.469,0.068,18.269,0.664,3.0,-0.013,21.485,-0.004,0.017,138.559,-0.147,-0.5329999999999999
00:00:09.126,1572874244856,0.464,0.069,18.269,0.664,3.0,-0.014,21.492,-0.004,0.015,138.918,-0.14800000000000002,-0.5329999999999999
00:00:09.127,1572874244857,0.453,0.07,18.269,0.664,3.0,-0.014,21.5,-0.004,0.014,139.276,-0.149,-0.5329999999999999
00:00:09.180,1572874244910,0.443,0.071,18.269,0.664,3.0,-0.014,21.507,-0.004,0.012,139.634,-0.15,-0.5329999999999999
00:00:09.181,1572874244911,0.4370000000000001,0.071,18.269,0.664,3.0,-0.015,21.514,-0.004,0.011,139.993,-0.152,-0.5329999999999999
00:00:09.182,1572874244912,0.435,0.07200000000000001,17.976,0.664,3.0,-0.015,21.521,-0.004,0.01,140.351,-0.153,-0.5329999999999999
00:00:09.234,1572874244964,0.433,0.07200000000000001,17.976,0.664,3.0,-0.016,21.529,-0.004,0.009000000000000001,140.71,-0.154,-0.5329999999999999
00:00:09.235,1572874244965,0.429,0.073,17.976,0.664,3.0,-0.016,21.536,-0.004,0.008,141.069,-0.155,-0.5329999999999999
00:00:09.236,1572874244966,0.423,0.073,17.976,0.664,3.0,-0.017,21.54300000000001,-0.004,0.006999999999999999,141.428,-0.157,-0.5329999999999999
00:00:09.237,1572874244967,0.418,0.073,17.976,0.664,3.0,-0.017,21.549,-0.004,0.006999999999999999,141.787,-0.158,-0.5329999999999999
00:00:09.290,1572874245020,0.415,0.073,17.976,0.664,3.0,-0.017,21.556,-0.004,0.006,142.14600000000004,-0.159,-0.5329999999999999
00:00:09.291,1572874245021,0.413,0.073,17.756,0.664,3.0,-0.018000000000000002,21.563,-0.004,0.006,142.506,-0.16,-0.5329999999999999
00:00:09.292,1572874245022,0.412,0.07400000000000001,17.756,0.664,3.0,-0.018000000000000002,21.57,-0.004,0.005,142.865,-0.161,-0.5329999999999999
00:00:09.332,1572874245062,0.409,0.07400000000000001,17.756,0.664,3.0,-0.018000000000000002,21.577,-0.004,0.005,143.225,-0.162,-0.5329999999999999
00:00:09.333,1572874245063,0.404,0.07400000000000001,17.756,0.664,3.0,-0.019,21.583,-0.004,0.005,143.584,-0.163,-0.5329999999999999
00:00:09.334,1572874245064,0.4,0.07400000000000001,17.756,0.664,3.0,-0.019,21.59,-0.004,0.004,143.944,-0.16399999999999998,-0.534
00:00:09.386,1572874245116,0.398,0.07400000000000001,17.756,0.664,3.0,-0.019,21.597,-0.004,0.004,144.304,-0.165,-0.534
00:00:09.387,1572874245117,0.396,0.075,16.658,0.664,3.0,-0.02,21.603,-0.004,0.004,144.664,-0.166,-0.534
00:00:09.388,1572874245118,0.39,0.075,16.658,0.664,3.0,-0.02,21.61,-0.004,0.004,145.024,-0.16699999999999998,-0.534
00:00:09.434,1572874245164,0.373,0.075,16.658,0.664,3.0,-0.02,21.616,-0.004,0.004,145.384,-0.168,-0.534
00:00:09.435,1572874245165,0.353,0.075,16.658,0.664,3.0,-0.02,21.621,-0.004,0.003,145.745,-0.16899999999999998,-0.534
00:00:09.436,1572874245166,0.336,0.076,16.658,0.664,3.0,-0.021,21.627,-0.004,0.003,146.105,-0.17,-0.534
00:00:09.490,1572874245220,0.328,0.076,16.658,0.664,3.0,-0.021,21.632,-0.004,0.002,146.465,-0.171,-0.534
00:00:09.491,1572874245221,0.325,0.077,11.97,0.664,3.0,-0.021,21.637,-0.004,0.002,146.826,-0.172,-0.534
00:00:09.492,1572874245222,0.312,0.077,11.97,0.664,3.0,-0.021,21.642,-0.004,0.001,147.187,-0.173,-0.534
00:00:09.535,1572874245265,0.28,0.078,11.97,0.664,3.0,-0.021,21.646,-0.004,0.0,147.547,-0.173,-0.534
00:00:09.536,1572874245266,0.237,0.078,11.97,0.664,3.0,-0.022,21.65,-0.004,-0.001,147.908,-0.174,-0.534
00:00:09.537,1572874245267,0.2,0.079,11.97,0.664,3.0,-0.022,21.653,-0.004,-0.002,148.269,-0.175,-0.534
00:00:09.585,1572874245315,0.175,0.079,11.97,0.664,3.0,-0.022,21.655,-0.004,-0.003,148.63,-0.17600000000000002,-0.534
00:00:09.586,1572874245316,0.163,0.08,8.088,0.664,3.0,-0.022,21.658,-0.004,-0.005,148.991,-0.177,-0.534
00:00:09.587,1572874245317,0.146,0.08,8.088,0.664,3.0,-0.023,21.66,-0.004,-0.006999999999999999,149.352,-0.177,-0.534
00:00:09.644,1572874245374,0.113,0.08,8.088,0.664,3.0,-0.023,21.661,-0.004,-0.008,149.713,-0.17800000000000002,-0.534
00:00:09.645,1572874245375,0.07,0.081,8.088,0.664,3.0,-0.023,21.662,-0.004,-0.011,150.07399999999996,-0.179,-0.534
00:00:09.646,1572874245376,0.031,0.081,8.088,0.664,3.0,-0.023,21.662,-0.004,-0.013,150.435,-0.179,-0.534
00:00:09.689,1572874245419,0.002,0.081,8.088,0.664,3.0,-0.024,21.662,-0.004,-0.016,150.796,-0.18,-0.534
00:00:09.690,1572874245420,-0.015,0.08199999999999999,7.942,0.664,3.0,-0.024,21.661,-0.004,-0.019,151.157,-0.181,-0.534
00:00:09.691,1572874245421,-0.023,0.08199999999999999,7.942,0.664,3.0,-0.024,21.661,-0.004,-0.022,151.518,-0.181,-0.534
00:00:09.739,1572874245469,-0.024,0.083,7.942,0.664,3.0,-0.024,21.66,-0.004,-0.025,151.879,-0.182,-0.534
00:00:09.740,1572874245470,-0.023,0.084,7.942,0.664,3.0,-0.024,21.66,-0.004,-0.028,152.24,-0.182,-0.534
00:00:09.741,1572874245471,-0.021,0.085,7.942,0.664,3.0,-0.025,21.66,-0.004,-0.031,152.601,-0.183,-0.534
00:00:09.789,1572874245519,-0.021,0.087,7.942,0.664,3.0,-0.025,21.659,-0.004,-0.034,152.96200000000005,-0.183,-0.534
00:00:09.790,1572874245520,-0.022,0.08900000000000001,6.916,0.664,3.0,-0.025,21.659,-0.004,-0.037000000000000005,153.346,-0.184,-0.534
00:00:09.791,1572874245521,-0.026,0.091,6.916,0.664,3.0,-0.025,21.658,-0.004,-0.039,153.684,-0.184,-0.534
00:00:09.851,1572874245581,-0.035,0.094,6.916,0.664,3.0,-0.025,21.658,-0.004,-0.042,154.045,-0.185,-0.534
00:00:09.852,1572874245582,-0.046,0.097,6.916,0.664,3.0,-0.026,21.657,-0.004,-0.045,154.406,-0.185,-0.5329999999999999
00:00:09.853,1572874245583,-0.057,0.099,6.916,0.664,3.0,-0.026,21.656,-0.004,-0.047,154.767,-0.185,-0.5329999999999999
00:00:09.900,1572874245630,-0.066,0.102,6.916,0.664,3.0,-0.026,21.654,-0.004,-0.05,155.128,-0.18600000000000005,-0.5329999999999999
00:00:09.901,1572874245631,-0.07200000000000001,0.105,4.792,0.664,3.0,-0.026,21.653,-0.004,-0.052000000000000005,155.489,-0.18600000000000005,-0.5329999999999999
00:00:09.902,1572874245632,-0.078,0.108,4.792,0.664,3.0,-0.027000000000000003,21.652,-0.004,-0.055,155.85,-0.18600000000000005,-0.5329999999999999
00:00:09.945,1572874245675,-0.09,0.11,4.792,0.664,3.0,-0.027000000000000003,21.65,-0.004,-0.057,156.21,-0.18600000000000005,-0.5329999999999999
00:00:09.946,1572874245676,-0.106,0.112,4.792,0.664,3.0,-0.028,21.648000000000003,-0.004,-0.059,156.571,-0.187,-0.5329999999999999
00:00:09.947,1572874245677,-0.12,0.113,4.792,0.664,3.0,-0.029,21.646,-0.004,-0.061,156.887,-0.187,-0.5329999999999999
00:00:09.995,1572874245725,-0.133,0.114,4.792,0.664,3.0,-0.029,21.644,-0.004,-0.063,157.248,-0.187,-0.5329999999999999
00:00:09.996,1572874245726,-0.14300000000000002,0.115,3.62,0.664,3.0,-0.03,21.641,-0.005,-0.064,157.608,-0.187,-0.5329999999999999
00:00:09.997,1572874245727,-0.15,0.116,3.62,0.664,3.0,-0.031,21.638,-0.005,-0.066,157.969,-0.187,-0.5329999999999999
00:00:10.054,1572874245784,-0.158,0.116,3.62,0.664,3.0,-0.031,21.636,-0.005,-0.068,158.33,-0.187,-0.5329999999999999
00:00:10.055,1572874245785,-0.166,0.117,3.62,0.664,3.0,-0.032,21.63300000000001,-0.005,-0.069,158.69,-0.187,-0.534
00:00:10.056,1572874245786,-0.174,0.118,3.62,0.664,3.0,-0.032,21.63,-0.006,-0.07,159.05100000000004,-0.187,-0.534
00:00:10.057,1572874245787,-0.18,0.119,3.62,0.664,3.0,-0.033,21.627,-0.006,-0.071,159.411,-0.187,-0.534
00:00:10.108,1572874245838,-0.185,0.12,2.9610000000000003,0.664,3.0,-0.033,21.624,-0.006,-0.07200000000000001,159.77200000000005,-0.187,-0.534
00:00:10.109,1572874245839,-0.189,0.121,2.9610000000000003,0.664,3.0,-0.034,21.62,-0.006999999999999999,-0.073,160.132,-0.187,-0.534
00:00:10.110,1572874245840,-0.193,0.122,2.9610000000000003,0.664,3.0,-0.034,21.617,-0.006999999999999999,-0.073,160.49200000000005,-0.187,-0.534
00:00:10.155,1572874245885,-0.197,0.123,2.9610000000000003,0.664,3.0,-0.035,21.614,-0.006999999999999999,-0.07400000000000001,160.85299999999995,-0.187,-0.534
00:00:10.156,1572874245886,-0.202,0.124,2.9610000000000003,0.664,3.0,-0.035,21.61,-0.006999999999999999,-0.07400000000000001,161.213,-0.18600000000000005,-0.534
00:00:10.157,1572874245887,-0.205,0.125,2.9610000000000003,0.664,3.0,-0.036000000000000004,21.607,-0.006999999999999999,-0.07400000000000001,161.57299999999995,-0.18600000000000005,-0.534
00:00:10.206,1572874245936,-0.21,0.125,2.815,0.664,3.0,-0.036000000000000004,21.603,-0.008,-0.075,161.933,-0.18600000000000005,-0.534
00:00:10.207,1572874245937,-0.215,0.126,2.815,0.664,3.0,-0.037000000000000005,21.6,-0.008,-0.075,162.293,-0.18600000000000005,-0.534
00:00:10.208,1572874245938,-0.217,0.126,2.815,0.664,3.0,-0.037000000000000005,21.596,-0.008,-0.075,162.653,-0.185,-0.534
00:00:10.257,1572874245987,-0.218,0.126,2.815,0.664,3.0,-0.038,21.592,-0.008,-0.075,163.013,-0.185,-0.534
00:00:10.258,1572874245988,-0.219,0.125,2.815,0.664,3.0,-0.038,21.589,-0.008,-0.075,163.373,-0.184,-0.534
00:00:10.259,1572874245989,-0.219,0.125,2.815,0.664,3.0,-0.039,21.585,-0.008,-0.075,163.733,-0.184,-0.534
00:00:10.307,1572874246037,-0.219,0.124,2.815,0.664,3.0,-0.039,21.581,-0.008,-0.075,164.092,-0.183,-0.534
00:00:10.308,1572874246038,-0.219,0.123,2.815,0.664,3.0,-0.039,21.57800000000001,-0.008,-0.075,164.452,-0.183,-0.534
00:00:10.309,1572874246039,-0.219,0.122,2.815,0.664,3.0,-0.04,21.574,-0.008,-0.075,164.81099999999995,-0.182,-0.534
00:00:10.357,1572874246087,-0.22,0.121,2.815,0.664,3.0,-0.04,21.57,-0.008,-0.075,165.171,-0.182,-0.534
00:00:10.358,1572874246088,-0.22,0.12,2.815,0.664,3.0,-0.04,21.567,-0.008,-0.075,165.53099999999995,-0.181,-0.534
00:00:10.359,1572874246089,-0.22,0.119,2.815,0.664,3.0,-0.04,21.563,-0.008,-0.075,165.89,-0.18,-0.534
00:00:10.411,1572874246141,-0.22,0.118,2.815,0.664,3.0,-0.04,21.559,-0.008,-0.075,166.24900000000005,-0.18,-0.534
00:00:10.412,1572874246142,-0.22,0.116,2.815,0.664,3.0,-0.041,21.556,-0.008,-0.075,166.609,-0.179,-0.534
00:00:10.413,1572874246143,-0.22,0.115,2.815,0.664,3.0,-0.041,21.552,-0.008,-0.075,166.968,-0.17800000000000002,-0.534
00:00:10.457,1572874246187,-0.22,0.113,2.815,0.664,3.0,-0.041,21.548,-0.008,-0.07400000000000001,167.327,-0.177,-0.535
00:00:10.458,1572874246188,-0.22,0.112,2.815,0.664,3.0,-0.041,21.545,-0.008,-0.07400000000000001,167.68599999999995,-0.177,-0.535
00:00:10.459,1572874246189,-0.22,0.11,2.815,0.664,3.0,-0.041,21.541,-0.008,-0.07400000000000001,168.06799999999996,-0.17600000000000002,-0.535
00:00:10.507,1572874246237,-0.22,0.109,2.815,0.664,3.0,-0.041,21.537,-0.008,-0.07400000000000001,168.40400000000002,-0.175,-0.535
00:00:10.508,1572874246238,-0.22,0.107,2.815,0.664,3.0,-0.041,21.534,-0.008,-0.07400000000000001,168.763,-0.174,-0.535
00:00:10.509,1572874246239,-0.22,0.106,2.815,0.664,3.0,-0.041,21.53,-0.008,-0.07400000000000001,169.122,-0.173,-0.535
00:00:10.557,1572874246287,-0.22,0.104,2.815,0.664,3.0,-0.041,21.526,-0.006999999999999999,-0.07400000000000001,169.481,-0.172,-0.535
00:00:10.558,1572874246288,-0.22,0.102,2.815,0.664,3.0,-0.041,21.523000000000003,-0.006999999999999999,-0.075,169.83900000000003,-0.171,-0.535
00:00:10.559,1572874246289,-0.22,0.1,2.815,0.664,3.0,-0.041,21.519,-0.006999999999999999,-0.075,170.19799999999995,-0.17,-0.535
00:00:10.612,1572874246342,-0.22,0.097,2.815,0.664,3.0,-0.041,21.515,-0.006999999999999999,-0.075,170.55700000000004,-0.16899999999999998,-0.534
00:00:10.613,1572874246343,-0.22,0.095,2.815,0.664,3.0,-0.041,21.512,-0.006999999999999999,-0.075,170.915,-0.168,-0.534
00:00:10.614,1572874246344,-0.22,0.093,2.815,0.664,3.0,-0.04,21.50800000000001,-0.006999999999999999,-0.075,171.274,-0.16699999999999998,-0.534
00:00:10.660,1572874246390,-0.22,0.091,2.815,0.664,3.0,-0.04,21.504,-0.006999999999999999,-0.075,171.655,-0.166,-0.534
00:00:10.661,1572874246391,-0.22,0.08800000000000001,2.815,0.664,3.0,-0.04,21.501,-0.006999999999999999,-0.075,172.013,-0.165,-0.534
00:00:10.662,1572874246392,-0.22,0.086,2.815,0.664,3.0,-0.04,21.497,-0.006,-0.075,172.34900000000005,-0.163,-0.534
00:00:10.712,1572874246442,-0.22,0.084,2.815,0.664,3.0,-0.039,21.493,-0.006,-0.075,172.707,-0.162,-0.534
00:00:10.713,1572874246443,-0.22,0.083,2.815,0.664,3.0,-0.039,21.49,-0.006,-0.075,173.065,-0.161,-0.534
00:00:10.714,1572874246444,-0.22,0.081,2.815,0.664,3.0,-0.039,21.486,-0.006,-0.075,173.424,-0.16,-0.534
00:00:10.760,1572874246490,-0.22,0.079,2.815,0.664,3.0,-0.038,21.482,-0.006,-0.075,173.804,-0.158,-0.534
00:00:10.761,1572874246491,-0.22,0.078,2.815,0.664,3.0,-0.038,21.479,-0.006,-0.075,174.162,-0.157,-0.534
00:00:10.762,1572874246492,-0.22,0.076,2.815,0.664,3.0,-0.037000000000000005,21.475,-0.006,-0.075,174.52,-0.156,-0.534
00:00:10.810,1572874246540,-0.221,0.075,2.595,0.664,3.0,-0.037000000000000005,21.471,-0.005,-0.075,174.855,-0.155,-0.534
00:00:10.811,1572874246541,-0.226,0.07400000000000001,2.595,0.664,3.0,-0.037000000000000005,21.467,-0.005,-0.076,175.236,-0.153,-0.534
00:00:10.812,1572874246542,-0.227,0.073,2.595,0.664,3.0,-0.036000000000000004,21.464,-0.005,-0.076,175.593,-0.152,-0.534
00:00:10.860,1572874246590,-0.227,0.07200000000000001,2.595,0.664,3.0,-0.036000000000000004,21.46,-0.005,-0.076,175.951,-0.15,-0.534
00:00:10.861,1572874246591,-0.228,0.071,2.595,0.664,3.0,-0.036000000000000004,21.456,-0.005,-0.076,176.30900000000003,-0.149,-0.534
00:00:10.862,1572874246592,-0.228,0.07,2.595,0.664,3.0,-0.035,21.452,-0.005,-0.076,176.666,-0.14800000000000002,-0.534
00:00:10.921,1572874246651,-0.228,0.069,2.815,0.664,3.0,-0.035,21.448,-0.004,-0.076,177.024,-0.146,-0.534
00:00:10.922,1572874246652,-0.226,0.068,2.815,0.664,3.0,-0.034,21.445,-0.004,-0.076,177.38099999999997,-0.145,-0.534
00:00:10.923,1572874246653,-0.224,0.067,2.815,0.664,3.0,-0.034,21.441,-0.004,-0.076,177.739,-0.14300000000000002,-0.534
00:00:10.924,1572874246654,-0.221,0.066,2.815,0.664,3.0,-0.034,21.437,-0.004,-0.076,178.09599999999998,-0.142,-0.534
00:00:10.981,1572874246711,-0.22,0.064,2.815,0.664,3.0,-0.033,21.434,-0.004,-0.076,178.453,-0.14,-0.534
00:00:10.982,1572874246712,-0.218,0.063,2.815,0.664,3.0,-0.033,21.43,-0.004,-0.076,178.81,-0.139,-0.534
00:00:10.983,1572874246713,-0.218,0.061,2.595,0.664,3.0,-0.032,21.426,-0.004,-0.076,179.167,-0.13699999999999998,-0.534
00:00:11.016,1572874246746,-0.223,0.059,2.595,0.664,3.0,-0.032,21.423,-0.004,-0.076,179.525,-0.136,-0.534
00:00:11.017,1572874246747,-0.226,0.057,2.595,0.664,3.0,-0.032,21.419,-0.004,-0.076,179.859,-0.134,-0.534
00:00:11.018,1572874246748,-0.226,0.053,2.595,0.664,3.0,-0.032,21.415,-0.004,-0.076,180.239,-0.132,-0.534
00:00:11.073,1572874246803,-0.227,0.049,2.595,0.664,3.0,-0.031,21.411,-0.004,-0.076,180.595,-0.131,-0.534
00:00:11.074,1572874246804,-0.227,0.046,2.595,0.664,3.0,-0.031,21.408,-0.004,-0.076,180.93,-0.129,-0.534
00:00:11.075,1572874246805,-0.229,0.042,2.302,0.664,3.0,-0.031,21.403,-0.004,-0.076,181.30900000000003,-0.128,-0.534
00:00:11.116,1572874246846,-0.235,0.039,2.302,0.664,3.0,-0.03,21.4,-0.004,-0.076,181.666,-0.126,-0.534
00:00:11.117,1572874246847,-0.237,0.037000000000000005,2.302,0.664,3.0,-0.029,21.396,-0.004,-0.076,182.022,-0.124,-0.534
00:00:11.118,1572874246848,-0.237,0.035,2.302,0.664,3.0,-0.029,21.392,-0.004,-0.076,182.379,-0.123,-0.534
00:00:11.166,1572874246896,-0.237,0.034,2.302,0.664,3.0,-0.028,21.388,-0.004,-0.076,182.735,-0.121,-0.534
00:00:11.167,1572874246897,-0.237,0.033,2.302,0.664,3.0,-0.027000000000000003,21.384,-0.004,-0.076,183.092,-0.119,-0.534
00:00:11.168,1572874246898,-0.237,0.032,2.448,0.664,3.0,-0.027000000000000003,21.38,-0.004,-0.076,183.448,-0.118,-0.534
00:00:11.216,1572874246946,-0.235,0.032,2.448,0.664,3.0,-0.026,21.376,-0.004,-0.076,183.804,-0.116,-0.534
00:00:11.217,1572874246947,-0.233,0.032,2.448,0.664,3.0,-0.025,21.372,-0.004,-0.076,184.161,-0.114,-0.534
00:00:11.218,1572874246948,-0.232,0.031,2.448,0.664,3.0,-0.025,21.368,-0.003,-0.076,184.517,-0.112,-0.534
00:00:11.269,1572874246999,-0.232,0.031,2.448,0.664,3.0,-0.024,21.364,-0.003,-0.076,184.873,-0.111,-0.534
00:00:11.270,1572874247000,-0.232,0.03,2.448,0.664,3.0,-0.023,21.36,-0.003,-0.076,185.229,-0.109,-0.534
00:00:11.271,1572874247001,-0.232,0.029,2.815,0.664,3.0,-0.023,21.357,-0.003,-0.076,185.585,-0.107,-0.534
00:00:11.320,1572874247050,-0.23,0.028,2.815,0.664,3.0,-0.022,21.353,-0.002,-0.076,185.941,-0.106,-0.534
00:00:11.321,1572874247051,-0.226,0.027000000000000003,2.815,0.664,3.0,-0.022,21.349,-0.002,-0.076,186.297,-0.104,-0.534
00:00:11.322,1572874247052,-0.222,0.026,2.815,0.664,3.0,-0.021,21.345,-0.002,-0.076,186.652,-0.102,-0.534
00:00:11.373,1572874247103,-0.219,0.025,2.815,0.664,3.0,-0.021,21.342,-0.002,-0.076,187.008,-0.1,-0.534
00:00:11.374,1572874247104,-0.217,0.024,2.815,0.664,3.0,-0.02,21.338,-0.002,-0.076,187.364,-0.098,-0.534
00:00:11.375,1572874247105,-0.21600000000000005,0.023,4.646,0.664,3.0,-0.02,21.335,-0.001,-0.076,187.719,-0.097,-0.534
00:00:11.425,1572874247155,-0.214,0.023,4.646,0.664,3.0,-0.019,21.331,-0.001,-0.076,188.075,-0.095,-0.534
00:00:11.426,1572874247156,-0.208,0.022,4.646,0.664,3.0,-0.019,21.328000000000007,-0.001,-0.076,188.43,-0.093,-0.534
00:00:11.427,1572874247157,-0.199,0.022,4.646,0.664,3.0,-0.018000000000000002,21.325,-0.001,-0.076,188.786,-0.091,-0.534
00:00:11.471,1572874247201,-0.189,0.022,4.646,0.664,3.0,-0.018000000000000002,21.322,-0.001,-0.075,189.141,-0.09,-0.534
00:00:11.472,1572874247202,-0.17800000000000002,0.022,4.646,0.664,3.0,-0.017,21.319000000000006,-0.001,-0.075,189.497,-0.08800000000000001,-0.534
00:00:11.473,1572874247203,-0.168,0.023,5.818,0.664,3.0,-0.017,21.316,-0.001,-0.07400000000000001,189.852,-0.086,-0.534
00:00:11.521,1572874247251,-0.158,0.023,5.818,0.664,3.0,-0.017,21.314,-0.001,-0.07400000000000001,190.207,-0.084,-0.534
00:00:11.522,1572874247252,-0.14800000000000002,0.023,5.818,0.664,3.0,-0.016,21.311,-0.001,-0.073,190.562,-0.08199999999999999,-0.534
00:00:11.523,1572874247253,-0.136,0.024,5.818,0.664,3.0,-0.016,21.309,-0.001,-0.07200000000000001,190.918,-0.08,-0.534
00:00:11.571,1572874247301,-0.126,0.024,5.818,0.664,3.0,-0.016,21.307,-0.001,-0.071,191.273,-0.079,-0.534
00:00:11.572,1572874247302,-0.118,0.025,5.818,0.664,3.0,-0.016,21.305,-0.001,-0.07,191.628,-0.077,-0.534
00:00:11.573,1572874247303,-0.114,0.025,5.964,0.664,3.0,-0.015,21.303,-0.001,-0.069,191.983,-0.075,-0.534
00:00:11.621,1572874247351,-0.113,0.025,5.964,0.664,3.0,-0.015,21.302,-0.001,-0.068,192.338,-0.073,-0.534
00:00:11.622,1572874247352,-0.113,0.026,5.964,0.664,3.0,-0.015,21.3,-0.001,-0.067,192.671,-0.071,-0.534
00:00:11.623,1572874247353,-0.113,0.026,5.964,0.664,3.0,-0.014,21.298,-0.001,-0.065,193.048,-0.069,-0.534
00:00:11.672,1572874247402,-0.113,0.026,5.964,0.664,3.0,-0.014,21.296,-0.001,-0.064,193.403,-0.068,-0.534
00:00:11.673,1572874247403,-0.114,0.026,5.964,0.664,3.0,-0.014,21.292,-0.001,-0.062,194.113,-0.064,-0.534
00:00:11.727,1572874247457,-0.114,0.026,5.964,0.664,3.0,-0.014,21.29,-0.001,-0.061,194.467,-0.062,-0.534
00:00:11.728,1572874247458,-0.114,0.026,5.964,0.664,3.0,-0.014,21.288,-0.001,-0.06,194.822,-0.06,-0.534
00:00:11.729,1572874247459,-0.114,0.025,5.964,0.664,3.0,-0.014,21.286,-0.002,-0.059,195.177,-0.058,-0.534
00:00:11.773,1572874247503,-0.114,0.025,5.964,0.664,3.0,-0.013,21.285,-0.002,-0.058,195.532,-0.056,-0.534
00:00:11.774,1572874247504,-0.114,0.025,5.964,0.664,3.0,-0.013,21.283,-0.002,-0.058,195.887,-0.054000000000000006,-0.534
00:00:11.775,1572874247505,-0.114,0.025,5.964,0.664,3.0,-0.013,21.281,-0.002,-0.057,196.197,-0.052000000000000005,-0.534
00:00:11.823,1572874247553,-0.114,0.024,5.964,0.664,3.0,-0.013,21.279,-0.002,-0.057,196.552,-0.051,-0.534
00:00:11.824,1572874247554,-0.114,0.024,5.964,0.664,3.0,-0.013,21.277,-0.002,-0.056,196.906,-0.049,-0.534
00:00:11.825,1572874247555,-0.113,0.024,5.964,0.664,3.0,-0.013,21.275,-0.002,-0.056,197.261,-0.047,-0.534
00:00:11.875,1572874247605,-0.113,0.024,5.964,0.664,3.0,-0.012,21.274,-0.002,-0.056,197.615,-0.045,-0.534
00:00:11.876,1572874247606,-0.113,0.024,5.964,0.664,3.0,-0.012,21.272,-0.002,-0.056,197.97,-0.043,-0.534
00:00:11.877,1572874247607,-0.113,0.024,5.964,0.664,3.0,-0.012,21.27,-0.002,-0.056,198.324,-0.041,-0.534
00:00:11.932,1572874247662,-0.113,0.024,5.964,0.664,3.0,-0.012,21.268,-0.002,-0.056,198.679,-0.039,-0.534
00:00:11.933,1572874247663,-0.113,0.024,5.964,0.664,3.0,-0.012,21.266,-0.002,-0.057,199.033,-0.037000000000000005,-0.534
00:00:11.934,1572874247664,-0.113,0.024,5.964,0.664,3.0,-0.012,21.264,-0.002,-0.057,199.388,-0.035,-0.534
00:00:11.977,1572874247707,-0.113,0.024,5.964,0.664,3.0,-0.012,21.262,-0.002,-0.057,199.742,-0.033,-0.534
00:00:11.978,1572874247708,-0.113,0.024,5.964,0.664,3.0,-0.011,21.26,-0.002,-0.057,200.096,-0.031,-0.534
00:00:11.979,1572874247709,-0.113,0.024,5.964,0.664,3.0,-0.011,21.258000000000006,-0.002,-0.058,200.451,-0.029,-0.534
00:00:12.032,1572874247762,-0.113,0.024,5.964,0.664,3.0,-0.011,21.257,-0.002,-0.058,200.805,-0.027000000000000003,-0.534
00:00:12.033,1572874247763,-0.113,0.024,5.964,0.664,3.0,-0.011,21.255,-0.002,-0.058,201.159,-0.025,-0.534
00:00:12.034,1572874247764,-0.112,0.024,5.964,0.664,3.0,-0.011,21.253,-0.001,-0.058,201.514,-0.023,-0.534
00:00:12.076,1572874247806,-0.112,0.023,5.964,0.664,3.0,-0.011,21.251,-0.001,-0.059,201.868,-0.021,-0.534
00:00:12.077,1572874247807,-0.112,0.023,5.964,0.664,3.0,-0.011,21.249,-0.001,-0.059,202.222,-0.019,-0.534
00:00:12.078,1572874247808,-0.112,0.023,5.964,0.664,3.0,-0.011,21.247,-0.001,-0.059,202.576,-0.017,-0.534
00:00:12.126,1572874247856,-0.112,0.023,5.964,0.664,3.0,-0.011,21.245,-0.001,-0.059,202.93,-0.015,-0.534
00:00:12.127,1572874247857,-0.112,0.023,5.964,0.664,3.0,-0.01,21.243,-0.001,-0.06,203.284,-0.013,-0.534
00:00:12.128,1572874247858,-0.112,0.023,5.964,0.664,3.0,-0.01,21.242,-0.001,-0.06,203.638,-0.01,-0.534
00:00:12.182,1572874247912,-0.112,0.023,5.964,0.664,3.0,-0.01,21.24,-0.001,-0.06,203.992,-0.008,-0.534
00:00:12.183,1572874247913,-0.112,0.023,5.964,0.664,3.0,-0.01,21.238000000000003,-0.001,-0.06,204.346,-0.006,-0.534
00:00:12.184,1572874247914,-0.112,0.023,6.1110000000000015,0.664,3.0,-0.01,21.236,-0.001,-0.061,204.7,-0.004,-0.534
00:00:12.234,1572874247964,-0.112,0.023,6.1110000000000015,0.664,3.0,-0.01,21.234,-0.001,-0.061,205.054,-0.002,-0.534
00:00:12.235,1572874247965,-0.111,0.023,6.1110000000000015,0.664,3.0,-0.01,21.232,-0.001,-0.061,205.408,0.0,-0.534
00:00:12.236,1572874247966,-0.11,0.023,6.1110000000000015,0.664,3.0,-0.01,21.23,-0.001,-0.061,205.762,0.002,-0.534
00:00:12.237,1572874247967,-0.108,0.023,6.1110000000000015,0.664,3.0,-0.01,21.229,-0.001,-0.061,206.116,0.004,-0.534
00:00:12.284,1572874248014,-0.107,0.023,6.1110000000000015,0.664,3.0,-0.01,21.227,-0.001,-0.061,206.469,0.006,-0.534
00:00:12.285,1572874248015,-0.107,0.023,6.477,0.664,3.0,-0.01,21.225,-0.001,-0.061,206.823,0.009000000000000001,-0.534
00:00:12.286,1572874248016,-0.106,0.023,6.477,0.664,3.0,-0.01,21.223000000000006,-0.001,-0.062,207.177,0.011,-0.534
00:00:12.340,1572874248070,-0.104,0.024,6.477,0.664,3.0,-0.01,21.222,-0.001,-0.062,207.531,0.013,-0.534
00:00:12.341,1572874248071,-0.101,0.024,6.477,0.664,3.0,-0.01,21.22,-0.001,-0.062,207.884,0.015,-0.534
00:00:12.342,1572874248072,-0.098,0.024,6.477,0.664,3.0,-0.01,21.218000000000004,-0.001,-0.062,208.238,0.017,-0.534
00:00:12.385,1572874248115,-0.095,0.024,6.477,0.664,3.0,-0.01,21.217,-0.001,-0.061,208.592,0.019,-0.534
00:00:12.386,1572874248116,-0.094,0.024,6.77,0.664,3.0,-0.009000000000000001,21.215,-0.001,-0.061,208.945,0.021,-0.534
00:00:12.387,1572874248117,-0.093,0.024,6.77,0.664,3.0,-0.009000000000000001,21.214,-0.001,-0.061,209.299,0.024,-0.534
00:00:12.437,1572874248167,-0.092,0.024,6.77,0.664,3.0,-0.009000000000000001,21.212,-0.001,-0.061,209.652,0.026,-0.534
00:00:12.438,1572874248168,-0.08900000000000001,0.025,6.77,0.664,3.0,-0.009000000000000001,21.211,-0.001,-0.061,210.006,0.028,-0.534
00:00:12.439,1572874248169,-0.087,0.025,6.77,0.664,3.0,-0.009000000000000001,21.209,-0.001,-0.061,210.359,0.03,-0.534
00:00:12.489,1572874248219,-0.085,0.025,6.77,0.664,3.0,-0.009000000000000001,21.208,-0.001,-0.06,210.713,0.032,-0.534
00:00:12.490,1572874248220,-0.085,0.025,6.916,0.664,3.0,-0.009000000000000001,21.207,-0.001,-0.06,211.066,0.034,-0.534
00:00:12.491,1572874248221,-0.084,0.025,6.916,0.664,3.0,-0.009000000000000001,21.205,-0.001,-0.06,211.42,0.037000000000000005,-0.534
00:00:12.544,1572874248274,-0.083,0.025,6.916,0.664,3.0,-0.009000000000000001,21.204,-0.001,-0.059,211.773,0.039,-0.534
00:00:12.545,1572874248275,-0.08199999999999999,0.025,6.916,0.664,3.0,-0.009000000000000001,21.203000000000007,-0.001,-0.059,212.126,0.041,-0.534
00:00:12.546,1572874248276,-0.081,0.025,6.916,0.664,3.0,-0.009000000000000001,21.201,-0.001,-0.059,212.48,0.043,-0.534
00:00:12.589,1572874248319,-0.081,0.025,6.916,0.664,3.0,-0.009000000000000001,21.2,-0.001,-0.058,212.833,0.046,-0.534
00:00:12.590,1572874248320,-0.08,0.025,7.136,0.664,3.0,-0.009000000000000001,21.199,-0.001,-0.058,213.186,0.048,-0.534
00:00:12.591,1572874248321,-0.08,0.025,7.136,0.664,3.0,-0.009000000000000001,21.197,-0.001,-0.058,213.54,0.05,-0.534
00:00:12.643,1572874248373,-0.078,0.024,7.136,0.664,3.0,-0.009000000000000001,21.196,-0.001,-0.057,213.893,0.052000000000000005,-0.534
00:00:12.644,1572874248374,-0.076,0.024,7.136,0.664,3.0,-0.009000000000000001,21.195,-0.002,-0.057,214.246,0.055,-0.534
00:00:12.645,1572874248375,-0.07400000000000001,0.024,7.136,0.664,3.0,-0.009000000000000001,21.193,-0.002,-0.057,214.599,0.057,-0.534
00:00:12.694,1572874248424,-0.073,0.023,7.136,0.664,3.0,-0.009000000000000001,21.192,-0.002,-0.056,214.953,0.059,-0.534
00:00:12.695,1572874248425,-0.073,0.023,7.4289999999999985,0.664,3.0,-0.009000000000000001,21.191,-0.002,-0.056,215.306,0.061,-0.534
00:00:12.696,1572874248426,-0.07200000000000001,0.023,7.4289999999999985,0.664,3.0,-0.009000000000000001,21.19,-0.002,-0.056,215.659,0.064,-0.534
00:00:12.746,1572874248476,-0.07,0.023,7.4289999999999985,0.664,3.0,-0.009000000000000001,21.189,-0.002,-0.056,216.012,0.066,-0.534
00:00:12.747,1572874248477,-0.068,0.023,7.4289999999999985,0.664,3.0,-0.009000000000000001,21.188,-0.002,-0.055,216.365,0.068,-0.534
00:00:12.748,1572874248478,-0.065,0.022,7.4289999999999985,0.664,3.0,-0.009000000000000001,21.187,-0.002,-0.055,216.718,0.071,-0.534
00:00:12.795,1572874248525,-0.063,0.022,7.4289999999999985,0.664,3.0,-0.009000000000000001,21.186,-0.002,-0.055,217.071,0.073,-0.534
00:00:12.796,1572874248526,-0.063,0.022,8.088,0.664,3.0,-0.009000000000000001,21.185,-0.002,-0.055,217.425,0.075,-0.534
00:00:12.797,1572874248527,-0.061,0.022,8.088,0.664,3.0,-0.009000000000000001,21.184,-0.001,-0.055,217.778,0.078,-0.534
00:00:12.846,1572874248576,-0.057,0.022,8.088,0.664,3.0,-0.009000000000000001,21.183000000000003,-0.001,-0.054000000000000006,218.131,0.08,-0.534
00:00:12.847,1572874248577,-0.05,0.022,8.088,0.664,3.0,-0.009000000000000001,21.182,-0.001,-0.054000000000000006,218.484,0.08199999999999999,-0.534
00:00:12.848,1572874248578,-0.044,0.022,8.088,0.664,3.0,-0.009000000000000001,21.181,-0.001,-0.054000000000000006,218.837,0.085,-0.534
00:00:12.897,1572874248627,-0.04,0.021,8.088,0.664,3.0,-0.009000000000000001,21.181,-0.001,-0.054000000000000006,219.19,0.087,-0.534
00:00:12.898,1572874248628,-0.039,0.021,8.308,0.664,3.0,-0.009000000000000001,21.18,-0.001,-0.053,219.543,0.08900000000000001,-0.534
00:00:12.899,1572874248629,-0.039,0.02,8.308,0.664,3.0,-0.009000000000000001,21.179,-0.001,-0.053,219.896,0.092,-0.534
00:00:12.948,1572874248678,-0.039,0.019,8.308,0.664,3.0,-0.009000000000000001,21.179,-0.001,-0.053,220.249,0.094,-0.534
00:00:12.949,1572874248679,-0.037000000000000005,0.018000000000000002,8.308,0.664,3.0,-0.008,21.178,-0.001,-0.053,220.602,0.096,-0.534
00:00:12.950,1572874248680,-0.036000000000000004,0.017,8.308,0.664,3.0,-0.008,21.178,-0.001,-0.052000000000000005,220.955,0.099,-0.534
00:00:12.951,1572874248681,-0.035,0.017,8.308,0.664,3.0,-0.008,21.177,-0.001,-0.052000000000000005,221.308,0.101,-0.534
00:00:12.998,1572874248728,-0.034,0.015,8.308,0.664,3.0,-0.008,21.176,-0.001,-0.052000000000000005,221.66,0.103,-0.534
00:00:12.999,1572874248729,-0.034,0.014,8.308,0.664,3.0,-0.008,21.176,-0.001,-0.052000000000000005,222.013,0.106,-0.534
00:00:13.000,1572874248730,-0.034,0.013,8.308,0.664,3.0,-0.008,21.175,-0.001,-0.051,222.366,0.108,-0.534
00:00:13.048,1572874248778,-0.035,0.012,8.308,0.664,3.0,-0.008,21.175,-0.001,-0.051,222.719,0.111,-0.534
00:00:13.049,1572874248779,-0.035,0.011,8.308,0.664,3.0,-0.008,21.174,-0.001,-0.051,223.072,0.113,-0.534
00:00:13.050,1572874248780,-0.035,0.01,8.308,0.664,3.0,-0.008,21.174,-0.001,-0.051,223.425,0.115,-0.534
00:00:13.099,1572874248829,-0.035,0.009000000000000001,8.454,0.664,3.0,-0.008,21.173,-0.001,-0.051,223.778,0.118,-0.534
00:00:13.100,1572874248830,-0.034,0.008,8.454,0.664,3.0,-0.008,21.172,-0.001,-0.05,224.131,0.12,-0.534
00:00:13.101,1572874248831,-0.034,0.006,8.454,0.664,3.0,-0.006999999999999999,21.172,-0.001,-0.05,224.484,0.123,-0.534
00:00:13.155,1572874248885,-0.032,0.004,8.454,0.664,3.0,-0.006999999999999999,21.171,-0.001,-0.05,224.837,0.125,-0.534
00:00:13.156,1572874248886,-0.031,0.002,8.454,0.664,3.0,-0.006999999999999999,21.171,-0.001,-0.05,225.189,0.127,-0.534
00:00:13.157,1572874248887,-0.031,0.0,8.454,0.664,3.0,-0.006999999999999999,21.17,-0.001,-0.05,225.542,0.13,-0.534
00:00:13.201,1572874248931,-0.03,-0.003,8.454,0.664,3.0,-0.006999999999999999,21.17,-0.001,-0.05,225.895,0.132,-0.534
00:00:13.202,1572874248932,-0.03,-0.006,8.454,0.664,3.0,-0.006999999999999999,21.169,-0.001,-0.05,226.248,0.135,-0.534
00:00:13.203,1572874248933,-0.029,-0.01,8.454,0.664,3.0,-0.006999999999999999,21.169,-0.001,-0.05,226.601,0.13699999999999998,-0.534
00:00:13.252,1572874248982,-0.029,-0.014,8.454,0.664,3.0,-0.006,21.168000000000006,-0.001,-0.05,226.953,0.139,-0.534
00:00:13.253,1572874248983,-0.029,-0.019,8.454,0.664,3.0,-0.006,21.168000000000006,-0.002,-0.05,227.306,0.142,-0.534
00:00:13.254,1572874248984,-0.03,-0.024,8.454,0.664,3.0,-0.006,21.167,-0.002,-0.05,227.659,0.14400000000000002,-0.534
00:00:13.303,1572874249033,-0.03,-0.029,8.454,0.664,3.0,-0.006,21.167,-0.002,-0.05,228.012,0.147,-0.534
00:00:13.304,1572874249034,-0.03,-0.034,8.454,0.664,3.0,-0.005,21.166,-0.002,-0.05,228.365,0.149,-0.534
00:00:13.305,1572874249035,-0.03,-0.04,8.454,0.664,3.0,-0.005,21.166,-0.002,-0.05,228.717,0.151,-0.534
00:00:13.352,1572874249082,-0.029,-0.046,8.454,0.664,3.0,-0.004,21.165,-0.002,-0.05,229.07,0.154,-0.534
00:00:13.353,1572874249083,-0.029,-0.051,8.454,0.664,3.0,-0.003,21.165,-0.002,-0.05,229.423,0.156,-0.534
00:00:13.354,1572874249084,-0.029,-0.057,8.454,0.664,3.0,-0.003,21.164,-0.002,-0.05,229.776,0.158,-0.534
00:00:13.402,1572874249132,-0.029,-0.063,8.601,0.664,3.0,-0.002,21.164,-0.001,-0.05,230.128,0.16,-0.534
00:00:13.403,1572874249133,-0.029,-0.068,8.601,0.664,3.0,-0.001,21.163,-0.001,-0.05,230.481,0.163,-0.534
00:00:13.404,1572874249134,-0.029,-0.073,8.601,0.664,3.0,0.0,21.163,-0.001,-0.05,230.834,0.165,-0.534
00:00:13.452,1572874249182,-0.028,-0.078,8.601,0.664,3.0,0.001,21.163,-0.001,-0.05,231.186,0.16699999999999998,-0.534
00:00:13.453,1572874249183,-0.027000000000000003,-0.083,8.601,0.664,3.0,0.002,21.162,0.0,-0.05,231.539,0.16899999999999998,-0.534
00:00:13.454,1572874249184,-0.026,-0.087,8.601,0.664,3.0,0.004,21.162,0.0,-0.05,231.87,0.171,-0.534
00:00:13.502,1572874249232,-0.025,-0.091,8.601,0.664,3.0,0.005,21.161,0.0,-0.05,232.222,0.174,-0.534
00:00:13.503,1572874249233,-0.025,-0.094,8.601,0.664,3.0,0.006,21.161,0.001,-0.05,232.575,0.17600000000000002,-0.534
00:00:13.504,1572874249234,-0.025,-0.097,8.601,0.664,3.0,0.006999999999999999,21.161,0.001,-0.05,232.928,0.17800000000000002,-0.534
00:00:13.553,1572874249283,-0.025,-0.1,8.601,0.664,3.0,0.009000000000000001,21.16,0.002,-0.05,233.281,0.18,-0.534
00:00:13.554,1572874249284,-0.025,-0.102,8.601,0.664,3.0,0.01,21.16,0.003,-0.05,233.633,0.182,-0.534
00:00:13.555,1572874249285,-0.025,-0.104,8.601,0.664,3.0,0.011,21.159,0.003,-0.05,233.986,0.184,-0.534
00:00:13.604,1572874249334,-0.025,-0.106,8.601,0.664,3.0,0.012,21.159,0.004,-0.05,234.338,0.18600000000000005,-0.534
00:00:13.605,1572874249335,-0.025,-0.108,8.601,0.664,3.0,0.013,21.158,0.004,-0.05,234.691,0.188,-0.534
00:00:13.606,1572874249336,-0.025,-0.11,8.601,0.664,3.0,0.015,21.158,0.005,-0.05,235.044,0.19,-0.534
00:00:13.658,1572874249388,-0.025,-0.112,8.601,0.664,3.0,0.016,21.158,0.006,-0.05,235.396,0.192,-0.534
00:00:13.659,1572874249389,-0.025,-0.114,8.601,0.664,3.0,0.017,21.157,0.006,-0.05,235.749,0.194,-0.534
00:00:13.660,1572874249390,-0.025,-0.115,8.601,0.664,3.0,0.018000000000000002,21.157,0.006,-0.051,236.102,0.195,-0.534
00:00:13.705,1572874249435,-0.025,-0.117,8.821,0.664,3.0,0.019,21.156,0.006999999999999999,-0.051,236.454,0.197,-0.534
00:00:13.706,1572874249436,-0.025,-0.117,8.821,0.664,3.0,0.02,21.156,0.006999999999999999,-0.051,236.807,0.199,-0.534
00:00:13.707,1572874249437,-0.024,-0.118,8.821,0.664,3.0,0.02,21.156,0.006999999999999999,-0.051,237.159,0.201,-0.534
00:00:13.757,1572874249487,-0.023,-0.118,8.821,0.664,3.0,0.021,21.155,0.008,-0.051,237.468,0.202,-0.534
00:00:13.758,1572874249488,-0.022,-0.118,8.821,0.664,3.0,0.022,21.155,0.008,-0.051,237.82,0.204,-0.534
00:00:13.759,1572874249489,-0.02,-0.117,8.821,0.664,3.0,0.023,21.155,0.008,-0.051,238.173,0.205,-0.534
00:00:13.813,1572874249543,-0.019,-0.117,9.114,0.664,3.0,0.024,21.154,0.008,-0.051,238.526,0.207,-0.534
00:00:13.814,1572874249544,-0.018000000000000002,-0.115,9.114,0.664,3.0,0.024,21.154,0.008,-0.051,238.878,0.209,-0.534
00:00:13.815,1572874249545,-0.017,-0.114,9.114,0.664,3.0,0.025,21.154,0.008,-0.05,239.231,0.21,-0.534
00:00:13.864,1572874249594,-0.015,-0.113,9.114,0.664,3.0,0.026,21.153,0.008,-0.05,239.583,0.212,-0.534
00:00:13.865,1572874249595,-0.013,-0.111,9.114,0.664,3.0,0.026,21.153,0.008,-0.05,239.936,0.213,-0.534
00:00:13.866,1572874249596,-0.011,-0.11,9.114,0.664,3.0,0.027000000000000003,21.153,0.008,-0.05,240.288,0.215,-0.534
00:00:13.920,1572874249650,-0.01,-0.108,9.48,0.664,3.0,0.027000000000000003,21.153,0.008,-0.05,240.641,0.21600000000000005,-0.534
00:00:13.921,1572874249651,-0.009000000000000001,-0.106,9.48,0.664,3.0,0.028,21.153,0.008,-0.05,240.993,0.217,-0.534
00:00:13.922,1572874249652,-0.006999999999999999,-0.105,9.48,0.664,3.0,0.028,21.153,0.006999999999999999,-0.05,241.346,0.219,-0.534
00:00:13.923,1572874249653,-0.004,-0.103,9.48,0.664,3.0,0.028,21.153,0.006999999999999999,-0.049,241.699,0.22,-0.534
00:00:13.985,1572874249715,-0.002,-0.101,9.48,0.664,3.0,0.029,21.153,0.006999999999999999,-0.049,242.051,0.221,-0.534
00:00:13.986,1572874249716,0.001,-0.099,9.48,0.664,3.0,0.029,21.153,0.006999999999999999,-0.049,242.404,0.223,-0.534
00:00:13.987,1572874249717,0.002,-0.097,9.626,0.664,3.0,0.029,21.153,0.006999999999999999,-0.049,242.756,0.224,-0.534
00:00:14.024,1572874249754,0.003,-0.096,9.626,0.664,3.0,0.03,21.153,0.006999999999999999,-0.048,243.109,0.225,-0.534
00:00:14.025,1572874249755,0.004,-0.094,9.626,0.664,3.0,0.03,21.153,0.006,-0.048,243.461,0.226,-0.534
00:00:14.026,1572874249756,0.005,-0.092,9.626,0.664,3.0,0.03,21.153,0.006,-0.048,243.814,0.228,-0.534
00:00:14.074,1572874249804,0.006,-0.09,9.626,0.664,3.0,0.03,21.153,0.006,-0.047,244.166,0.229,-0.534
00:00:14.075,1572874249805,0.006999999999999999,-0.08900000000000001,9.626,0.664,3.0,0.03,21.153,0.006,-0.047,244.519,0.23,-0.534
00:00:14.076,1572874249806,0.006999999999999999,-0.087,9.48,0.664,3.0,0.03,21.153,0.005,-0.047,244.872,0.231,-0.534
00:00:14.124,1572874249854,0.006999999999999999,-0.085,9.48,0.664,3.0,0.03,21.154,0.005,-0.047,245.224,0.232,-0.534
00:00:14.125,1572874249855,0.006999999999999999,-0.083,9.48,0.664,3.0,0.03,21.154,0.005,-0.046,245.577,0.233,-0.534
00:00:14.126,1572874249856,0.005,-0.081,9.48,0.664,3.0,0.03,21.154,0.005,-0.046,245.929,0.234,-0.534
00:00:14.176,1572874249906,0.004,-0.08,9.48,0.664,3.0,0.03,21.154,0.005,-0.046,246.282,0.235,-0.534
00:00:14.177,1572874249907,0.003,-0.078,9.48,0.664,3.0,0.03,21.154,0.005,-0.046,246.634,0.236,-0.534
00:00:14.178,1572874249908,0.002,-0.076,9.48,0.664,3.0,0.03,21.154,0.005,-0.046,246.987,0.237,-0.534
00:00:14.224,1572874249954,0.002,-0.07400000000000001,9.48,0.664,3.0,0.03,21.154,0.005,-0.046,247.33900000000003,0.238,-0.534
00:00:14.225,1572874249955,0.002,-0.073,9.48,0.664,3.0,0.03,21.154,0.004,-0.046,247.692,0.239,-0.534
00:00:14.226,1572874249956,0.002,-0.071,9.48,0.664,3.0,0.03,21.154,0.004,-0.045,248.045,0.24,-0.534
00:00:14.279,1572874250009,0.002,-0.07,9.48,0.664,3.0,0.029,21.154,0.004,-0.045,248.397,0.241,-0.534
00:00:14.280,1572874250010,0.002,-0.069,9.48,0.664,3.0,0.029,21.154,0.004,-0.045,248.75,0.242,-0.534
00:00:14.281,1572874250011,0.002,-0.067,9.48,0.664,3.0,0.029,21.154,0.004,-0.046,249.102,0.242,-0.534
00:00:14.332,1572874250062,0.002,-0.066,9.48,0.664,3.0,0.029,21.154,0.004,-0.046,249.455,0.243,-0.534
00:00:14.333,1572874250063,0.002,-0.065,9.48,0.664,3.0,0.029,21.154,0.004,-0.046,249.807,0.244,-0.534
00:00:14.334,1572874250064,0.002,-0.064,9.48,0.664,3.0,0.028,21.154,0.004,-0.046,250.16,0.245,-0.534
00:00:14.383,1572874250113,0.002,-0.063,9.48,0.664,3.0,0.028,21.154,0.004,-0.046,250.513,0.246,-0.534
00:00:14.384,1572874250114,0.002,-0.062,9.48,0.664,3.0,0.028,21.154,0.004,-0.046,250.865,0.246,-0.534
00:00:14.385,1572874250115,0.002,-0.061,9.626,0.664,3.0,0.028,21.154,0.004,-0.046,251.218,0.247,-0.534
00:00:14.386,1572874250116,0.002,-0.06,9.626,0.664,3.0,0.027000000000000003,21.154,0.004,-0.046,251.57,0.248,-0.534
00:00:14.433,1572874250163,0.003,-0.059,9.626,0.664,3.0,0.027000000000000003,21.154,0.004,-0.046,251.923,0.249,-0.534
00:00:14.434,1572874250164,0.004,-0.058,9.626,0.664,3.0,0.027000000000000003,21.154,0.004,-0.046,252.275,0.249,-0.534
00:00:14.435,1572874250165,0.005,-0.057,9.626,0.664,3.0,0.027000000000000003,21.154,0.004,-0.046,252.628,0.25,-0.534
00:00:14.486,1572874250216,0.006,-0.056,9.626,0.664,3.0,0.026,21.155,0.003,-0.046,252.981,0.251,-0.534
00:00:14.487,1572874250217,0.006999999999999999,-0.055,9.48,0.664,3.0,0.026,21.155,0.003,-0.047,253.333,0.251,-0.534
00:00:14.488,1572874250218,0.006999999999999999,-0.054000000000000006,9.48,0.664,3.0,0.026,21.155,0.003,-0.047,253.686,0.252,-0.534
00:00:14.537,1572874250267,0.006999999999999999,-0.052000000000000005,9.48,0.664,3.0,0.026,21.155,0.003,-0.047,254.038,0.252,-0.534
00:00:14.538,1572874250268,0.006,-0.051,9.48,0.664,3.0,0.025,21.155,0.003,-0.047,254.391,0.253,-0.534
00:00:14.539,1572874250269,0.004,-0.049,9.48,0.664,3.0,0.025,21.155,0.003,-0.047,254.743,0.254,-0.534
00:00:14.583,1572874250313,0.004,-0.048,9.48,0.664,3.0,0.025,21.155,0.003,-0.047,255.03,0.254,-0.534
00:00:14.584,1572874250314,0.003,-0.046,9.48,0.664,3.0,0.025,21.155,0.003,-0.047,255.382,0.255,-0.534
00:00:14.585,1572874250315,0.002,-0.044,9.48,0.664,3.0,0.024,21.155,0.003,-0.047,255.735,0.255,-0.534
00:00:14.633,1572874250363,0.002,-0.042,9.48,0.664,3.0,0.024,21.155,0.003,-0.047,256.088,0.256,-0.534
00:00:14.634,1572874250364,0.002,-0.041,9.48,0.664,3.0,0.024,21.155,0.003,-0.047,256.44,0.256,-0.534
00:00:14.635,1572874250365,0.002,-0.039,9.48,0.664,3.0,0.023,21.155,0.003,-0.047,256.815,0.257,-0.534
00:00:14.684,1572874250414,0.002,-0.038,9.48,0.664,3.0,0.023,21.155,0.003,-0.047,257.145,0.257,-0.534
00:00:14.685,1572874250415,0.002,-0.036000000000000004,9.48,0.664,3.0,0.023,21.155,0.003,-0.047,257.498,0.258,-0.534
00:00:14.686,1572874250416,0.002,-0.035,9.48,0.664,3.0,0.022,21.155,0.003,-0.047,257.851,0.258,-0.534
00:00:14.735,1572874250465,0.002,-0.034,9.48,0.664,3.0,0.022,21.155,0.003,-0.047,258.203,0.259,-0.534
00:00:14.736,1572874250466,0.002,-0.033,9.48,0.664,3.0,0.021,21.155,0.003,-0.047,258.556,0.259,-0.534
00:00:14.737,1572874250467,0.002,-0.031,9.48,0.664,3.0,0.021,21.155,0.003,-0.047,258.908,0.26,-0.534
00:00:14.788,1572874250518,0.002,-0.03,9.48,0.664,3.0,0.021,21.156,0.003,-0.047,259.261,0.26,-0.534
00:00:14.789,1572874250519,0.002,-0.028,9.48,0.664,3.0,0.02,21.156,0.003,-0.047,259.61400000000003,0.261,-0.534
00:00:14.790,1572874250520,0.002,-0.026,9.48,0.664,3.0,0.02,21.156,0.003,-0.047,259.966,0.261,-0.534
00:00:14.836,1572874250566,0.002,-0.025,9.48,0.664,3.0,0.019,21.156,0.002,-0.047,260.319,0.262,-0.534
00:00:14.837,1572874250567,0.002,-0.023,9.48,0.664,3.0,0.019,21.156,0.002,-0.047,260.671,0.262,-0.534
00:00:14.838,1572874250568,0.002,-0.021,9.48,0.664,3.0,0.019,21.156,0.002,-0.047,261.024,0.262,-0.534
00:00:14.894,1572874250624,0.002,-0.019,9.48,0.664,3.0,0.018000000000000002,21.156,0.002,-0.047,261.377,0.263,-0.534
00:00:14.895,1572874250625,0.002,-0.018000000000000002,9.48,0.664,3.0,0.018000000000000002,21.156,0.002,-0.047,261.72900000000004,0.263,-0.534
00:00:14.896,1572874250626,0.002,-0.016,9.48,0.664,3.0,0.017,21.156,0.002,-0.047,262.082,0.264,-0.534
00:00:14.936,1572874250666,0.002,-0.015,9.48,0.664,3.0,0.017,21.156,0.002,-0.047,262.434,0.264,-0.534
00:00:14.937,1572874250667,0.002,-0.014,9.48,0.664,3.0,0.016,21.156,0.002,-0.047,262.78700000000003,0.264,-0.534
00:00:14.938,1572874250668,0.002,-0.012,9.48,0.664,3.0,0.016,21.156,0.002,-0.047,263.139,0.265,-0.534
00:00:14.990,1572874250720,0.002,-0.011,9.48,0.664,3.0,0.015,21.156,0.001,-0.047,263.514,0.265,-0.534
00:00:14.991,1572874250721,0.002,-0.01,9.48,0.664,3.0,0.015,21.156,0.001,-0.047,263.845,0.266,-0.534
00:00:14.992,1572874250722,0.002,-0.009000000000000001,9.48,0.664,3.0,0.014,21.156,0.001,-0.047,264.219,0.266,-0.534
00:00:15.048,1572874250778,0.002,-0.009000000000000001,9.48,0.664,3.0,0.014,21.156,0.001,-0.047,264.55,0.266,-0.534
00:00:15.049,1572874250779,0.002,-0.008,9.48,0.664,3.0,0.013,21.156,0.001,-0.047,264.902,0.267,-0.534
00:00:15.050,1572874250780,0.002,-0.006999999999999999,9.48,0.664,3.0,0.013,21.156,0.001,-0.047,265.255,0.267,-0.534
00:00:15.092,1572874250822,0.002,-0.006999999999999999,9.48,0.664,3.0,0.013,21.156,0.001,-0.047,265.608,0.268,-0.534
00:00:15.093,1572874250823,0.002,-0.006,9.48,0.664,3.0,0.012,21.156,0.001,-0.047,265.96,0.268,-0.534
00:00:15.094,1572874250824,0.002,-0.005,9.48,0.664,3.0,0.012,21.156,0.0,-0.047,266.313,0.268,-0.534
00:00:15.147,1572874250877,0.002,-0.005,9.48,0.664,3.0,0.011,21.156,0.0,-0.047,266.688,0.269,-0.534
00:00:15.148,1572874250878,0.002,-0.004,9.48,0.664,3.0,0.011,21.156,0.0,-0.047,267.018,0.269,-0.534
00:00:15.149,1572874250879,0.002,-0.003,9.48,0.664,3.0,0.011,21.156,0.0,-0.047,267.393,0.269,-0.534
00:00:15.193,1572874250923,0.002,-0.002,9.48,0.664,3.0,0.01,21.156,0.0,-0.047,267.745,0.27,-0.534
00:00:15.194,1572874250924,0.002,-0.002,9.48,0.664,3.0,0.01,21.156,0.0,-0.047,268.098,0.27,-0.534
00:00:15.195,1572874250925,0.002,-0.001,9.48,0.664,3.0,0.009000000000000001,21.156,0.0,-0.047,268.42900000000003,0.271,-0.534
00:00:15.250,1572874250980,0.002,-0.001,9.48,0.664,3.0,0.009000000000000001,21.157,0.0,-0.047,268.781,0.271,-0.534
00:00:15.251,1572874250981,0.002,0.0,9.48,0.664,3.0,0.009000000000000001,21.157,0.0,-0.047,269.134,0.271,-0.534
00:00:15.252,1572874250982,0.002,0.0,9.48,0.664,3.0,0.008,21.157,0.0,-0.047,269.508,0.272,-0.534
00:00:15.293,1572874251023,0.002,0.0,9.48,0.664,3.0,0.008,21.157,0.0,-0.047,269.861,0.272,-0.534
00:00:15.294,1572874251024,0.002,0.0,9.48,0.664,3.0,0.008,21.157,0.0,-0.047,270.214,0.272,-0.534
00:00:15.295,1572874251025,0.002,0.0,9.48,0.664,3.0,0.006999999999999999,21.157,0.0,-0.047,270.566,0.273,-0.534
00:00:15.349,1572874251079,0.002,0.0,9.48,0.664,3.0,0.006999999999999999,21.157,0.0,-0.047,270.91900000000004,0.273,-0.534
00:00:15.350,1572874251080,0.002,0.0,9.48,0.664,3.0,0.006999999999999999,21.157,0.0,-0.047,271.271,0.274,-0.534
00:00:15.351,1572874251081,0.002,0.0,9.48,0.664,3.0,0.006999999999999999,21.157,0.0,-0.047,271.60200000000003,0.274,-0.534
00:00:15.352,1572874251082,0.002,-0.001,9.48,0.664,3.0,0.006,21.157,0.0,-0.047,271.97700000000003,0.274,-0.534
00:00:15.400,1572874251130,0.002,-0.001,9.48,0.664,3.0,0.006,21.157,0.0,-0.047,272.329,0.275,-0.534
00:00:15.401,1572874251131,0.002,-0.001,9.48,0.664,3.0,0.006,21.157,0.0,-0.047,272.682,0.275,-0.534
00:00:15.402,1572874251132,0.002,-0.001,9.48,0.664,3.0,0.006,21.157,0.0,-0.047,273.035,0.275,-0.534
00:00:15.451,1572874251181,0.002,-0.001,9.48,0.664,3.0,0.005,21.157,0.0,-0.047,273.387,0.276,-0.534
00:00:15.452,1572874251182,0.002,-0.002,9.48,0.664,3.0,0.005,21.157,0.0,-0.047,273.74,0.276,-0.534
00:00:15.453,1572874251183,0.002,-0.002,9.48,0.664,3.0,0.005,21.157,0.0,-0.047,274.092,0.277,-0.534
00:00:15.502,1572874251232,0.002,-0.002,9.626,0.664,3.0,0.005,21.157,0.0,-0.047,274.445,0.277,-0.534
00:00:15.503,1572874251233,0.002,-0.002,9.626,0.664,3.0,0.005,21.157,0.0,-0.047,274.798,0.277,-0.534
00:00:15.504,1572874251234,0.003,-0.003,9.626,0.664,3.0,0.005,21.157,0.0,-0.047,275.15,0.278,-0.534
00:00:15.561,1572874251291,0.004,-0.003,9.626,0.664,3.0,0.004,21.157,0.0,-0.047,275.503,0.278,-0.534
00:00:15.562,1572874251292,0.005,-0.003,9.626,0.664,3.0,0.004,21.157,0.0,-0.047,275.855,0.278,-0.534
00:00:15.563,1572874251293,0.006,-0.003,9.626,0.664,3.0,0.004,21.158,0.0,-0.047,276.208,0.279,-0.534
00:00:15.605,1572874251335,0.006999999999999999,-0.004,9.48,0.664,3.0,0.004,21.158,0.0,-0.047,276.561,0.279,-0.534
00:00:15.606,1572874251336,0.006999999999999999,-0.004,9.48,0.664,3.0,0.004,21.158,0.0,-0.047,276.913,0.28,-0.534
00:00:15.607,1572874251337,0.006999999999999999,-0.004,9.48,0.664,3.0,0.004,21.158,0.0,-0.047,277.244,0.28,-0.534
00:00:15.659,1572874251389,0.006,-0.005,9.48,0.664,3.0,0.004,21.158,0.0,-0.047,277.619,0.28,-0.534
00:00:15.660,1572874251390,0.005,-0.005,9.48,0.664,3.0,0.004,21.158,0.0,-0.047,277.971,0.281,-0.534
00:00:15.661,1572874251391,0.003,-0.005,9.48,0.664,3.0,0.004,21.158,0.0,-0.047,278.302,0.281,-0.534
00:00:15.705,1572874251435,0.003,-0.005,9.48,0.664,3.0,0.003,21.158,0.0,-0.047,278.677,0.281,-0.534
00:00:15.706,1572874251436,0.002,-0.006,9.48,0.664,3.0,0.003,21.158,0.0,-0.047,279.029,0.282,-0.534
00:00:15.707,1572874251437,0.002,-0.006,9.48,0.664,3.0,0.003,21.158,0.0,-0.047,279.382,0.282,-0.534
00:00:15.755,1572874251485,0.002,-0.006,9.48,0.664,3.0,0.003,21.158,0.0,-0.047,279.73400000000004,0.282,-0.534
00:00:15.756,1572874251486,0.002,-0.006,9.48,0.664,3.0,0.003,21.158,0.0,-0.047,280.087,0.28300000000000003,-0.534
00:00:15.757,1572874251487,0.002,-0.006999999999999999,9.48,0.664,3.0,0.003,21.158,0.0,-0.047,280.44,0.28300000000000003,-0.534
00:00:15.806,1572874251536,0.002,-0.006999999999999999,9.48,0.664,3.0,0.003,21.158,0.0,-0.047,280.79200000000003,0.28300000000000003,-0.534
00:00:15.807,1572874251537,0.002,-0.006999999999999999,9.48,0.664,3.0,0.003,21.158,0.0,-0.047,281.145,0.284,-0.534
00:00:15.808,1572874251538,0.002,-0.006999999999999999,9.48,0.664,3.0,0.003,21.158,0.0,-0.047,281.498,0.284,-0.534
00:00:15.857,1572874251587,0.002,-0.006999999999999999,9.48,0.664,3.0,0.003,21.158,0.0,-0.047,281.85,0.285,-0.534
00:00:15.858,1572874251588,0.002,-0.006999999999999999,9.48,0.664,3.0,0.003,21.158,0.0,-0.047,282.203,0.285,-0.534
00:00:15.859,1572874251589,0.002,-0.006999999999999999,9.48,0.664,3.0,0.003,21.158,0.0,-0.047,282.556,0.285,-0.534
00:00:15.913,1572874251643,0.002,-0.006999999999999999,9.48,0.664,3.0,0.003,21.158,0.0,-0.047,282.908,0.28600000000000003,-0.534
00:00:15.914,1572874251644,0.002,-0.006999999999999999,9.48,0.664,3.0,0.003,21.159,0.0,-0.047,283.261,0.28600000000000003,-0.534
00:00:15.915,1572874251645,0.002,-0.006999999999999999,9.48,0.664,3.0,0.003,21.159,0.0,-0.047,283.613,0.28600000000000003,-0.534
00:00:15.957,1572874251687,0.002,-0.006999999999999999,9.48,0.664,3.0,0.003,21.159,0.0,-0.047,283.966,0.287,-0.534
00:00:15.958,1572874251688,0.002,-0.006999999999999999,9.48,0.664,3.0,0.003,21.159,0.0,-0.047,284.319,0.287,-0.534
00:00:15.959,1572874251689,0.002,-0.006999999999999999,9.48,0.664,3.0,0.003,21.159,0.0,-0.047,284.671,0.287,-0.534
00:00:16.008,1572874251738,0.002,-0.008,9.48,0.664,3.0,0.003,21.159,0.0,-0.047,285.024,0.28800000000000003,-0.534
00:00:16.009,1572874251739,0.002,-0.008,9.48,0.664,3.0,0.003,21.159,0.0,-0.047,285.377,0.28800000000000003,-0.534
00:00:16.010,1572874251740,0.002,-0.008,9.48,0.664,3.0,0.003,21.159,0.0,-0.047,285.7290000000001,0.28800000000000003,-0.534
00:00:16.070,1572874251800,0.002,-0.008,9.48,0.664,3.0,0.003,21.159,0.0,-0.047,286.082,0.28800000000000003,-0.534
00:00:16.071,1572874251801,0.002,-0.008,9.48,0.664,3.0,0.003,21.159,0.0,-0.047,286.435,0.289,-0.534
00:00:16.072,1572874251802,0.002,-0.008,9.48,0.664,3.0,0.003,21.159,0.0,-0.047,286.7870000000001,0.289,-0.534
00:00:16.113,1572874251843,0.002,-0.006999999999999999,9.48,0.664,3.0,0.003,21.159,0.0,-0.047,287.14,0.289,-0.534
00:00:16.114,1572874251844,0.002,-0.006999999999999999,9.48,0.664,3.0,0.003,21.159,0.0,-0.047,287.493,0.29,-0.534
00:00:16.115,1572874251845,0.002,-0.006999999999999999,9.48,0.664,3.0,0.003,21.159,0.0,-0.047,287.845,0.29,-0.534
00:00:16.159,1572874251889,0.002,-0.006999999999999999,9.48,0.664,3.0,0.003,21.159,0.0,-0.047,288.198,0.29,-0.534
00:00:16.160,1572874251890,0.002,-0.006999999999999999,9.48,0.664,3.0,0.003,21.159,0.0,-0.047,288.551,0.29100000000000004,-0.534
00:00:16.161,1572874251891,0.002,-0.006999999999999999,9.48,0.664,3.0,0.003,21.159,0.0,-0.047,288.903,0.29100000000000004,-0.534
00:00:16.210,1572874251940,0.002,-0.006999999999999999,9.48,0.664,3.0,0.003,21.159,0.0,-0.047,289.256,0.29100000000000004,-0.534
00:00:16.211,1572874251941,0.002,-0.006999999999999999,9.48,0.664,3.0,0.003,21.159,0.0,-0.047,289.608,0.292,-0.534
00:00:16.212,1572874251942,0.002,-0.006999999999999999,9.48,0.664,3.0,0.003,21.159,0.0,-0.047,289.961,0.292,-0.534
00:00:16.261,1572874251991,0.002,-0.006999999999999999,9.48,0.664,3.0,0.003,21.159,0.0,-0.047,290.314,0.292,-0.534
00:00:16.262,1572874251992,0.002,-0.006999999999999999,9.48,0.664,3.0,0.003,21.159,0.0,-0.047,290.666,0.292,-0.534
00:00:16.263,1572874251993,0.002,-0.006999999999999999,9.48,0.664,3.0,0.003,21.159,0.0,-0.047,291.019,0.293,-0.534
00:00:16.311,1572874252041,0.002,-0.006999999999999999,9.626,0.664,3.0,0.003,21.159,0.0,-0.047,291.372,0.293,-0.534
00:00:16.312,1572874252042,0.002,-0.006999999999999999,9.626,0.664,3.0,0.003,21.159,0.0,-0.047,291.724,0.293,-0.534
00:00:16.313,1572874252043,0.003,-0.006999999999999999,9.626,0.664,3.0,0.003,21.159,0.0,-0.047,292.077,0.294,-0.534
00:00:16.367,1572874252097,0.004,-0.006999999999999999,9.626,0.664,3.0,0.003,21.16,0.0,-0.047,292.43,0.294,-0.534
00:00:16.368,1572874252098,0.005,-0.006999999999999999,9.626,0.664,3.0,0.003,21.16,0.0,-0.047,292.782,0.294,-0.534
00:00:16.369,1572874252099,0.006,-0.006999999999999999,9.626,0.664,3.0,0.003,21.16,0.0,-0.047,293.135,0.294,-0.534
00:00:16.411,1572874252141,0.006999999999999999,-0.006999999999999999,9.626,0.664,3.0,0.003,21.16,0.0,-0.047,293.488,0.295,-0.534
00:00:16.412,1572874252142,0.006999999999999999,-0.006999999999999999,9.626,0.664,3.0,0.003,21.16,0.0,-0.047,293.84,0.295,-0.534
00:00:16.413,1572874252143,0.006999999999999999,-0.006999999999999999,9.626,0.664,3.0,0.003,21.16,0.0,-0.047,294.193,0.295,-0.534
00:00:16.469,1572874252199,0.006999999999999999,-0.006999999999999999,9.626,0.664,3.0,0.003,21.16,0.0,-0.047,294.546,0.295,-0.534
00:00:16.470,1572874252200,0.006999999999999999,-0.006999999999999999,9.626,0.664,3.0,0.003,21.16,0.0,-0.047,294.898,0.29600000000000004,-0.534
00:00:16.471,1572874252201,0.006999999999999999,-0.006999999999999999,9.626,0.664,3.0,0.003,21.16,0.0,-0.047,295.251,0.29600000000000004,-0.534
00:00:16.523,1572874252253,0.006999999999999999,-0.006999999999999999,9.48,0.664,3.0,0.003,21.161,0.0,-0.047,295.6040000000001,0.29600000000000004,-0.534
00:00:16.524,1572874252254,0.006999999999999999,-0.006999999999999999,9.48,0.664,3.0,0.003,21.161,0.0,-0.047,295.956,0.297,-0.534
00:00:16.525,1572874252255,0.006,-0.006999999999999999,9.48,0.664,3.0,0.003,21.161,0.0,-0.046,296.309,0.297,-0.534
00:00:16.526,1572874252256,0.005,-0.006999999999999999,9.48,0.664,3.0,0.003,21.161,0.0,-0.046,296.6620000000001,0.297,-0.534
00:00:16.576,1572874252306,0.004,-0.006999999999999999,9.48,0.664,3.0,0.003,21.161,0.0,-0.046,297.014,0.297,-0.534
00:00:16.577,1572874252307,0.003,-0.006999999999999999,9.48,0.664,3.0,0.003,21.161,0.0,-0.046,297.367,0.298,-0.534
00:00:16.578,1572874252308,0.002,-0.006999999999999999,9.48,0.664,3.0,0.003,21.161,0.0,-0.046,297.72,0.298,-0.534
00:00:16.626,1572874252356,0.002,-0.006999999999999999,9.48,0.664,3.0,0.003,21.161,0.0,-0.046,298.072,0.298,-0.534
00:00:16.627,1572874252357,0.002,-0.006999999999999999,9.48,0.664,3.0,0.003,21.161,0.0,-0.046,298.425,0.298,-0.534
00:00:16.628,1572874252358,0.002,-0.006999999999999999,9.48,0.664,3.0,0.003,21.161,0.0,-0.046,298.778,0.299,-0.534
00:00:16.681,1572874252411,0.002,-0.006999999999999999,9.48,0.664,3.0,0.003,21.161,0.0,-0.046,299.131,0.299,-0.534
00:00:16.682,1572874252412,0.002,-0.006999999999999999,9.48,0.664,3.0,0.003,21.161,0.0,-0.046,299.483,0.299,-0.534
00:00:16.683,1572874252413,0.002,-0.006999999999999999,9.626,0.664,3.0,0.003,21.161,0.0,-0.047,299.836,0.299,-0.534
00:00:16.725,1572874252455,0.002,-0.006999999999999999,9.626,0.664,3.0,0.003,21.161,0.0,-0.047,300.189,0.3,-0.534
00:00:16.726,1572874252456,0.003,-0.006999999999999999,9.626,0.664,3.0,0.003,21.161,0.0,-0.047,300.541,0.3,-0.534
00:00:16.727,1572874252457,0.004,-0.006999999999999999,9.626,0.664,3.0,0.003,21.161,0.0,-0.047,300.894,0.3,-0.534
00:00:16.775,1572874252505,0.005,-0.006999999999999999,9.626,0.664,3.0,0.003,21.161,0.0,-0.047,301.247,0.3,-0.534
00:00:16.776,1572874252506,0.006,-0.006999999999999999,9.626,0.664,3.0,0.003,21.162,0.0,-0.047,301.599,0.3,-0.534
00:00:16.777,1572874252507,0.006999999999999999,-0.006999999999999999,9.48,0.664,3.0,0.003,21.162,0.0,-0.047,301.952,0.301,-0.534
00:00:16.825,1572874252555,0.006999999999999999,-0.006999999999999999,9.48,0.664,3.0,0.003,21.162,0.0,-0.047,302.305,0.301,-0.534
00:00:16.826,1572874252556,0.006999999999999999,-0.006999999999999999,9.48,0.664,3.0,0.003,21.162,0.0,-0.047,302.657,0.301,-0.534
00:00:16.827,1572874252557,0.006,-0.008,9.48,0.664,3.0,0.003,21.162,0.0,-0.047,303.01,0.301,-0.534
00:00:16.886,1572874252616,0.004,-0.008,9.48,0.664,3.0,0.003,21.162,0.0,-0.047,303.363,0.302,-0.534
00:00:16.887,1572874252617,0.003,-0.008,9.48,0.664,3.0,0.003,21.162,0.0,-0.047,303.716,0.302,-0.534
00:00:16.888,1572874252618,0.002,-0.008,9.48,0.664,3.0,0.003,21.162,0.0,-0.047,304.068,0.302,-0.534
00:00:16.925,1572874252655,0.002,-0.008,9.48,0.664,3.0,0.003,21.162,0.0,-0.047,304.421,0.302,-0.534
00:00:16.926,1572874252656,0.002,-0.008,9.48,0.664,3.0,0.003,21.162,0.0,-0.047,304.774,0.302,-0.534
00:00:16.927,1572874252657,0.002,-0.008,9.48,0.664,3.0,0.003,21.162,0.0,-0.047,305.126,0.303,-0.534
00:00:16.981,1572874252711,0.002,-0.008,9.48,0.664,3.0,0.003,21.162,0.0,-0.047,305.4790000000001,0.303,-0.534
00:00:16.982,1572874252712,0.002,-0.008,9.48,0.664,3.0,0.003,21.162,0.0,-0.047,305.832,0.303,-0.534
00:00:16.983,1572874252713,0.002,-0.008,9.48,0.664,3.0,0.003,21.162,0.0,-0.047,306.184,0.303,-0.534
00:00:17.028,1572874252758,0.002,-0.008,9.48,0.664,3.0,0.003,21.162,0.0,-0.047,306.5370000000001,0.303,-0.534
00:00:17.029,1572874252759,0.002,-0.008,9.48,0.664,3.0,0.003,21.162,0.0,-0.047,306.89,0.304,-0.534
00:00:17.030,1572874252760,0.002,-0.008,9.48,0.664,3.0,0.003,21.162,0.0,-0.047,307.243,0.304,-0.534
00:00:17.078,1572874252808,0.002,-0.008,9.48,0.664,3.0,0.003,21.162,0.0,-0.047,307.595,0.304,-0.534
00:00:17.079,1572874252809,0.002,-0.008,9.48,0.664,3.0,0.003,21.162,0.0,-0.047,307.948,0.304,-0.534
00:00:17.080,1572874252810,0.002,-0.008,9.626,0.664,3.0,0.003,21.162,0.0,-0.047,308.301,0.304,-0.534
00:00:17.128,1572874252858,0.002,-0.008,9.626,0.664,3.0,0.003,21.162,0.0,-0.047,308.653,0.305,-0.534
00:00:17.129,1572874252859,0.003,-0.008,9.626,0.664,3.0,0.003,21.163,0.0,-0.047,308.9840000000001,0.305,-0.534
00:00:17.130,1572874252860,0.004,-0.008,9.626,0.664,3.0,0.003,21.163,0.0,-0.047,309.337,0.305,-0.534
00:00:17.179,1572874252909,0.005,-0.008,9.626,0.664,3.0,0.003,21.163,0.0,-0.047,309.689,0.305,-0.534
00:00:17.180,1572874252910,0.006,-0.008,9.626,0.664,3.0,0.003,21.163,0.0,-0.047,310.0420000000001,0.305,-0.534
00:00:17.181,1572874252911,0.006999999999999999,-0.008,9.48,0.664,3.0,0.003,21.163,0.0,-0.047,310.395,0.305,-0.534
00:00:17.236,1572874252966,0.006999999999999999,-0.008,9.48,0.664,3.0,0.003,21.163,0.0,-0.047,310.748,0.306,-0.534
00:00:17.237,1572874252967,0.006999999999999999,-0.008,9.48,0.664,3.0,0.003,21.163,0.0,-0.047,311.1,0.306,-0.534
00:00:17.238,1572874252968,0.006,-0.008,9.48,0.664,3.0,0.003,21.163,0.0,-0.047,311.453,0.306,-0.534
00:00:17.239,1572874252969,0.005,-0.008,9.48,0.664,3.0,0.003,21.163,0.0,-0.047,311.806,0.306,-0.534
00:00:17.287,1572874253017,0.003,-0.008,9.48,0.664,3.0,0.003,21.163,0.0,-0.047,312.158,0.306,-0.534
00:00:17.288,1572874253018,0.002,-0.008,9.48,0.664,3.0,0.003,21.163,0.0,-0.047,312.511,0.307,-0.534
00:00:17.289,1572874253019,0.002,-0.008,9.48,0.664,3.0,0.003,21.163,0.0,-0.047,312.8640000000001,0.307,-0.534
00:00:17.347,1572874253077,0.002,-0.008,9.48,0.664,3.0,0.003,21.163,0.0,-0.047,313.217,0.307,-0.534
00:00:17.348,1572874253078,0.002,-0.008,9.48,0.664,3.0,0.003,21.163,0.0,-0.047,313.569,0.307,-0.534
00:00:17.349,1572874253079,0.002,-0.008,9.48,0.664,3.0,0.003,21.163,0.0,-0.047,313.922,0.307,-0.534
00:00:17.391,1572874253121,0.002,-0.008,9.48,0.664,3.0,0.003,21.163,0.0,-0.047,314.275,0.307,-0.534
00:00:17.392,1572874253122,0.002,-0.008,9.626,0.664,3.0,0.003,21.164,0.0,-0.047,314.628,0.307,-0.534
00:00:17.393,1572874253123,0.002,-0.008,9.626,0.664,3.0,0.003,21.164,0.0,-0.047,314.98,0.308,-0.534
00:00:17.439,1572874253169,0.003,-0.008,9.626,0.664,3.0,0.003,21.164,0.0,-0.047,315.333,0.308,-0.534
00:00:17.440,1572874253170,0.004,-0.008,9.626,0.664,3.0,0.003,21.164,0.0,-0.047,315.686,0.308,-0.534
00:00:17.441,1572874253171,0.005,-0.008,9.626,0.664,3.0,0.003,21.164,0.0,-0.047,316.038,0.308,-0.534
00:00:17.492,1572874253222,0.006,-0.008,9.626,0.664,3.0,0.003,21.164,0.0,-0.047,316.391,0.308,-0.534
00:00:17.493,1572874253223,0.006,-0.008,9.48,0.664,3.0,0.003,21.164,0.0,-0.047,316.7,0.308,-0.534
00:00:17.494,1572874253224,0.006999999999999999,-0.008,9.48,0.664,3.0,0.003,21.164,0.0,-0.047,317.053,0.308,-0.534
00:00:17.546,1572874253276,0.006999999999999999,-0.008,9.48,0.664,3.0,0.003,21.164,0.0,-0.047,317.405,0.309,-0.534
00:00:17.547,1572874253277,0.006,-0.008,9.48,0.664,3.0,0.003,21.164,0.0,-0.047,317.758,0.309,-0.534
00:00:17.548,1572874253278,0.005,-0.008,9.48,0.664,3.0,0.003,21.164,0.0,-0.047,318.111,0.309,-0.534
00:00:17.592,1572874253322,0.003,-0.008,9.48,0.664,3.0,0.003,21.164,0.0,-0.047,318.464,0.309,-0.534
00:00:17.593,1572874253323,0.003,-0.008,9.626,0.664,3.0,0.003,21.164,0.0,-0.047,318.816,0.309,-0.534
00:00:17.594,1572874253324,0.002,-0.008,9.626,0.664,3.0,0.003,21.164,0.0,-0.047,319.1690000000001,0.309,-0.534
00:00:17.648,1572874253378,0.002,-0.008,9.626,0.664,3.0,0.003,21.165,0.0,-0.047,319.522,0.309,-0.534
00:00:17.649,1572874253379,0.003,-0.008,9.626,0.664,3.0,0.003,21.165,0.0,-0.047,319.874,0.309,-0.534
00:00:17.650,1572874253380,0.004,-0.008,9.626,0.664,3.0,0.003,21.165,0.0,-0.047,320.2270000000001,0.31,-0.534
00:00:17.694,1572874253424,0.005,-0.008,9.626,0.664,3.0,0.003,21.165,0.0,-0.047,320.58,0.31,-0.534
00:00:17.695,1572874253425,0.006,-0.008,9.48,0.664,3.0,0.003,21.165,0.0,-0.047,320.933,0.31,-0.534
00:00:17.696,1572874253426,0.006999999999999999,-0.008,9.48,0.664,3.0,0.003,21.165,0.0,-0.047,321.285,0.31,-0.534
00:00:17.750,1572874253480,0.006999999999999999,-0.008,9.48,0.664,3.0,0.003,21.165,0.0,-0.047,321.638,0.31,-0.534
00:00:17.751,1572874253481,0.006,-0.008,9.48,0.664,3.0,0.003,21.165,0.0,-0.047,321.991,0.31,-0.534
00:00:17.752,1572874253482,0.005,-0.008,9.48,0.664,3.0,0.003,21.165,0.0,-0.047,322.344,0.31,-0.534
00:00:17.796,1572874253526,0.003,-0.008,9.48,0.664,3.0,0.003,21.165,0.0,-0.047,322.696,0.31,-0.534
00:00:17.797,1572874253527,0.003,-0.008,9.626,0.664,3.0,0.003,21.165,0.0,-0.047,323.0490000000001,0.31,-0.534
00:00:17.798,1572874253528,0.002,-0.008,9.626,0.664,3.0,0.003,21.165,0.0,-0.047,323.402,0.311,-0.534
00:00:17.846,1572874253576,0.002,-0.008,9.626,0.664,3.0,0.003,21.165,0.0,-0.047,323.755,0.311,-0.534
00:00:17.847,1572874253577,0.003,-0.008,9.626,0.664,3.0,0.003,21.165,0.0,-0.047,324.108,0.311,-0.534
00:00:17.848,1572874253578,0.004,-0.008,9.626,0.664,3.0,0.003,21.166,0.0,-0.047,324.46,0.311,-0.534
00:00:17.901,1572874253631,0.005,-0.008,9.626,0.664,3.0,0.003,21.166,0.0,-0.047,324.813,0.311,-0.534
00:00:17.902,1572874253632,0.006,-0.008,9.773,0.664,3.0,0.003,21.166,0.0,-0.047,325.166,0.311,-0.534
00:00:17.903,1572874253633,0.006999999999999999,-0.008,9.773,0.664,3.0,0.003,21.166,0.0,-0.047,325.519,0.311,-0.534
00:00:17.904,1572874253634,0.008,-0.008,9.773,0.664,3.0,0.003,21.166,0.0,-0.047,325.871,0.311,-0.534
00:00:17.949,1572874253679,0.009000000000000001,-0.008,9.773,0.664,3.0,0.003,21.166,0.0,-0.047,326.224,0.311,-0.534
00:00:17.950,1572874253680,0.01,-0.008,9.773,0.664,3.0,0.003,21.166,0.0,-0.047,326.577,0.311,-0.534
00:00:17.951,1572874253681,0.011,-0.006999999999999999,9.773,0.664,3.0,0.003,21.167,0.0,-0.047,326.93,0.311,-0.534
00:00:18.000,1572874253730,0.011,-0.006999999999999999,9.773,0.664,3.0,0.003,21.167,0.0,-0.047,327.282,0.312,-0.534
00:00:18.001,1572874253731,0.012,-0.006999999999999999,9.773,0.664,3.0,0.003,21.167,0.0,-0.046,327.635,0.312,-0.534
00:00:18.002,1572874253732,0.012,-0.006999999999999999,9.773,0.664,3.0,0.003,21.167,0.0,-0.046,327.98800000000006,0.312,-0.534
00:00:18.058,1572874253788,0.012,-0.006999999999999999,9.773,0.664,3.0,0.003,21.167,0.0,-0.046,328.341,0.312,-0.534
00:00:18.059,1572874253789,0.012,-0.006999999999999999,9.773,0.664,3.0,0.003,21.167,0.0,-0.046,328.694,0.312,-0.534
00:00:18.060,1572874253790,0.011,-0.006999999999999999,9.773,0.664,3.0,0.003,21.168000000000006,0.0,-0.046,329.046,0.312,-0.534
00:00:18.102,1572874253832,0.011,-0.006999999999999999,9.919,0.664,3.0,0.003,21.168000000000006,0.0,-0.046,329.399,0.312,-0.534
00:00:18.103,1572874253833,0.011,-0.006999999999999999,9.919,0.664,3.0,0.003,21.168000000000006,0.0,-0.046,329.7519999999999,0.312,-0.534
00:00:18.104,1572874253834,0.012,-0.006999999999999999,9.919,0.664,3.0,0.003,21.168000000000006,0.0,-0.046,330.105,0.312,-0.534
00:00:18.163,1572874253893,0.013,-0.006999999999999999,9.919,0.664,3.0,0.003,21.168000000000006,0.0,-0.046,330.458,0.312,-0.534
00:00:18.164,1572874253894,0.014,-0.006999999999999999,9.919,0.664,3.0,0.003,21.169,0.0,-0.046,330.81,0.312,-0.534
00:00:18.165,1572874253895,0.015,-0.006999999999999999,9.919,0.664,3.0,0.003,21.169,0.0,-0.046,331.163,0.312,-0.534
00:00:18.203,1572874253933,0.016,-0.006999999999999999,9.919,0.664,3.0,0.003,21.169,0.0,-0.046,331.516,0.312,-0.534
00:00:18.204,1572874253934,0.016,-0.006,9.919,0.664,3.0,0.003,21.17,0.0,-0.046,331.869,0.312,-0.534
00:00:18.205,1572874253935,0.016,-0.006,9.919,0.664,3.0,0.002,21.17,0.0,-0.045,332.222,0.312,-0.534
00:00:18.266,1572874253996,0.016,-0.006,9.919,0.664,3.0,0.002,21.17,0.0,-0.045,332.574,0.312,-0.534
00:00:18.267,1572874253997,0.016,-0.006,9.919,0.664,3.0,0.002,21.17,0.0,-0.045,332.927,0.313,-0.534
00:00:18.268,1572874253998,0.016,-0.005,9.919,0.664,3.0,0.002,21.171,0.0,-0.045,333.28,0.313,-0.534
00:00:18.303,1572874254033,0.016,-0.005,9.919,0.664,3.0,0.002,21.171,0.0,-0.045,333.6330000000001,0.313,-0.534
00:00:18.304,1572874254034,0.016,-0.005,9.919,0.664,3.0,0.002,21.171,0.0,-0.045,333.986,0.313,-0.534
00:00:18.305,1572874254035,0.016,-0.005,9.919,0.664,3.0,0.002,21.171,0.0,-0.045,334.339,0.313,-0.534
00:00:18.359,1572874254089,0.016,-0.005,9.919,0.664,3.0,0.002,21.172,0.0,-0.045,334.69199999999995,0.313,-0.534
00:00:18.360,1572874254090,0.016,-0.004,9.919,0.664,3.0,0.002,21.172,0.0,-0.045,335.0440000000001,0.313,-0.534
00:00:18.361,1572874254091,0.016,-0.004,9.919,0.664,3.0,0.002,21.172,0.0,-0.045,335.397,0.313,-0.534
00:00:18.406,1572874254136,0.016,-0.004,9.919,0.664,3.0,0.002,21.172,0.0,-0.045,335.75,0.313,-0.534
00:00:18.407,1572874254137,0.016,-0.004,9.919,0.664,3.0,0.002,21.173,0.0,-0.045,336.103,0.313,-0.534
00:00:18.408,1572874254138,0.016,-0.004,9.919,0.664,3.0,0.002,21.173,0.0,-0.045,336.456,0.313,-0.534
00:00:18.457,1572874254187,0.016,-0.004,9.919,0.664,3.0,0.002,21.173,0.0,-0.045,336.809,0.313,-0.534
00:00:18.458,1572874254188,0.016,-0.004,9.919,0.664,3.0,0.002,21.173,0.0,-0.045,337.162,0.313,-0.534
00:00:18.459,1572874254189,0.016,-0.004,9.919,0.664,3.0,0.002,21.174,0.0,-0.045,337.515,0.313,-0.534
00:00:18.508,1572874254238,0.016,-0.004,9.919,0.664,3.0,0.002,21.174,0.0,-0.045,337.867,0.313,-0.534
00:00:18.509,1572874254239,0.016,-0.004,9.919,0.664,3.0,0.002,21.174,0.0,-0.045,338.22,0.313,-0.534
00:00:18.510,1572874254240,0.016,-0.004,9.919,0.664,3.0,0.002,21.175,0.0,-0.045,338.5730000000001,0.313,-0.534
00:00:18.559,1572874254289,0.016,-0.004,9.919,0.664,3.0,0.002,21.175,0.0,-0.045,338.926,0.313,-0.534
00:00:18.560,1572874254290,0.016,-0.004,9.919,0.664,3.0,0.002,21.175,0.0,-0.045,339.279,0.313,-0.534
00:00:18.561,1572874254291,0.016,-0.004,9.919,0.664,3.0,0.002,21.175,0.0,-0.045,339.566,0.313,-0.534
00:00:18.609,1572874254339,0.016,-0.004,9.919,0.664,3.0,0.002,21.176,0.0,-0.045,339.9190000000001,0.313,-0.534
00:00:18.610,1572874254340,0.016,-0.003,9.919,0.664,3.0,0.002,21.176,0.0,-0.045,340.272,0.313,-0.534
00:00:18.611,1572874254341,0.016,-0.003,9.919,0.664,3.0,0.002,21.176,0.0,-0.045,340.625,0.313,-0.534
00:00:18.659,1572874254389,0.016,-0.003,9.919,0.664,3.0,0.002,21.176,0.0,-0.045,340.978,0.313,-0.534
00:00:18.660,1572874254390,0.016,-0.003,9.919,0.664,3.0,0.002,21.177,0.0,-0.045,341.33,0.313,-0.534
00:00:18.661,1572874254391,0.016,-0.003,9.919,0.664,3.0,0.002,21.177,0.0,-0.045,341.68300000000005,0.313,-0.534
00:00:18.709,1572874254439,0.016,-0.003,9.919,0.664,3.0,0.002,21.177,0.0,-0.045,342.036,0.313,-0.534
00:00:18.710,1572874254440,0.016,-0.003,9.919,0.664,3.0,0.002,21.177,0.0,-0.045,342.389,0.313,-0.534
00:00:18.711,1572874254441,0.016,-0.003,9.919,0.664,3.0,0.002,21.178,0.0,-0.045,342.742,0.313,-0.534
00:00:18.759,1572874254489,0.016,-0.003,9.919,0.664,3.0,0.002,21.178,0.0,-0.045,343.095,0.313,-0.534
00:00:18.760,1572874254490,0.016,-0.003,9.919,0.664,3.0,0.002,21.178,0.0,-0.045,343.4480000000001,0.313,-0.534
00:00:18.761,1572874254491,0.016,-0.002,9.919,0.664,3.0,0.002,21.178,0.0,-0.045,343.801,0.313,-0.534
00:00:18.810,1572874254540,0.016,-0.002,9.919,0.664,3.0,0.002,21.179,0.0,-0.045,344.154,0.313,-0.534
00:00:18.811,1572874254541,0.016,-0.002,9.919,0.664,3.0,0.002,21.179,0.0,-0.045,344.50699999999995,0.314,-0.534
00:00:18.812,1572874254542,0.016,-0.002,9.919,0.664,3.0,0.002,21.179,0.0,-0.045,344.86,0.314,-0.534
00:00:18.861,1572874254591,0.016,-0.001,9.919,0.664,3.0,0.001,21.179,0.0,-0.045,345.213,0.314,-0.534
00:00:18.862,1572874254592,0.016,-0.001,9.919,0.664,3.0,0.001,21.18,0.0,-0.045,345.566,0.314,-0.534
00:00:18.863,1572874254593,0.016,-0.001,9.919,0.664,3.0,0.001,21.18,0.0,-0.045,345.91900000000015,0.314,-0.534
00:00:18.915,1572874254645,0.016,0.0,9.919,0.664,3.0,0.001,21.18,0.0,-0.045,346.272,0.314,-0.534
00:00:18.916,1572874254646,0.016,0.001,9.919,0.664,3.0,0.001,21.18,0.0,-0.045,346.625,0.314,-0.534
00:00:18.917,1572874254647,0.016,0.002,9.919,0.664,3.0,0.001,21.181,0.0,-0.045,346.978,0.314,-0.534
00:00:18.918,1572874254648,0.016,0.003,9.919,0.664,3.0,0.001,21.181,0.0,-0.045,347.331,0.314,-0.534
00:00:18.965,1572874254695,0.016,0.004,9.919,0.664,3.0,0.001,21.181,0.0,-0.045,347.684,0.314,-0.534
00:00:18.966,1572874254696,0.016,0.004,9.919,0.664,3.0,0.001,21.182,0.0,-0.045,348.037,0.314,-0.534
00:00:18.967,1572874254697,0.016,0.005,9.919,0.664,3.0,0.001,21.182,0.0,-0.045,348.39,0.314,-0.534
00:00:19.015,1572874254745,0.016,0.006,9.919,0.664,3.0,0.001,21.182,0.0,-0.045,348.74300000000005,0.314,-0.534
00:00:19.016,1572874254746,0.016,0.006999999999999999,9.919,0.664,3.0,0.001,21.182,0.0,-0.045,349.096,0.314,-0.534
00:00:19.017,1572874254747,0.016,0.008,9.919,0.664,3.0,0.001,21.183000000000003,0.0,-0.045,349.449,0.314,-0.534
00:00:19.065,1572874254795,0.016,0.008,9.919,0.664,3.0,0.001,21.183000000000003,0.0,-0.045,349.802,0.314,-0.534
00:00:19.066,1572874254796,0.016,0.009000000000000001,9.919,0.664,3.0,0.001,21.183000000000003,0.0,-0.045,350.155,0.314,-0.534
00:00:19.067,1572874254797,0.016,0.009000000000000001,9.919,0.664,3.0,0.0,21.183000000000003,0.0,-0.045,350.50800000000015,0.314,-0.534
00:00:19.115,1572874254845,0.016,0.009000000000000001,9.919,0.664,3.0,0.0,21.184,0.0,-0.045,350.862,0.314,-0.534
00:00:19.116,1572874254846,0.016,0.009000000000000001,9.919,0.664,3.0,0.0,21.184,0.0,-0.045,351.215,0.314,-0.534
00:00:19.117,1572874254847,0.016,0.009000000000000001,9.919,0.664,3.0,0.0,21.184,0.0,-0.045,351.56800000000015,0.314,-0.534
00:00:19.166,1572874254896,0.016,0.01,9.919,0.664,3.0,0.0,21.184,0.0,-0.045,351.921,0.314,-0.534
00:00:19.167,1572874254897,0.016,0.01,9.919,0.664,3.0,0.0,21.185,0.0,-0.045,352.274,0.314,-0.534
00:00:19.168,1572874254898,0.016,0.011,9.919,0.664,3.0,-0.001,21.185,0.0,-0.045,352.62699999999984,0.314,-0.534
00:00:19.217,1572874254947,0.016,0.011,9.919,0.664,3.0,-0.001,21.185,0.0,-0.045,352.98,0.314,-0.534
00:00:19.218,1572874254948,0.016,0.011,9.919,0.664,3.0,-0.001,21.185,-0.001,-0.045,353.333,0.314,-0.534
00:00:19.219,1572874254949,0.016,0.011,9.919,0.664,3.0,-0.001,21.186,-0.001,-0.045,353.686,0.314,-0.534
00:00:19.268,1572874254998,0.016,0.011,9.919,0.664,3.0,-0.001,21.186,-0.001,-0.045,354.039,0.314,-0.534
00:00:19.269,1572874254999,0.016,0.011,9.919,0.664,3.0,-0.001,21.186,-0.001,-0.045,354.392,0.314,-0.534
00:00:19.270,1572874255000,0.016,0.011,9.919,0.664,3.0,-0.001,21.186,-0.001,-0.045,354.745,0.315,-0.534
00:00:19.318,1572874255048,0.016,0.011,9.919,0.664,3.0,-0.001,21.187,-0.001,-0.045,355.099,0.315,-0.534
00:00:19.319,1572874255049,0.015,0.01,9.919,0.664,3.0,-0.001,21.187,-0.001,-0.045,355.452,0.315,-0.534
00:00:19.320,1572874255050,0.015,0.009000000000000001,9.919,0.664,3.0,-0.002,21.187,-0.001,-0.045,355.805,0.315,-0.534
00:00:19.371,1572874255101,0.015,0.008,9.919,0.664,3.0,-0.002,21.187,-0.001,-0.045,356.158,0.315,-0.534
00:00:19.372,1572874255102,0.015,0.006999999999999999,9.919,0.664,3.0,-0.002,21.188,-0.001,-0.045,356.533,0.315,-0.534
00:00:19.373,1572874255103,0.015,0.006,9.919,0.664,3.0,-0.002,21.188,-0.001,-0.045,356.86400000000015,0.315,-0.534
00:00:19.418,1572874255148,0.015,0.004,9.919,0.664,3.0,-0.002,21.188,-0.001,-0.045,357.217,0.315,-0.534
00:00:19.419,1572874255149,0.015,0.003,9.919,0.664,3.0,-0.002,21.188,-0.001,-0.045,357.57,0.315,-0.534
00:00:19.420,1572874255150,0.015,0.001,9.919,0.664,3.0,-0.002,21.189,-0.001,-0.045,357.92400000000015,0.315,-0.534
00:00:19.475,1572874255205,0.016,-0.001,9.919,0.664,3.0,-0.002,21.189,-0.001,-0.045,358.277,0.315,-0.534
00:00:19.476,1572874255206,0.016,-0.004,9.919,0.664,3.0,-0.002,21.189,-0.001,-0.045,358.63,0.315,-0.534
00:00:19.477,1572874255207,0.016,-0.006,9.919,0.664,3.0,-0.002,21.19,-0.001,-0.045,358.983,0.315,-0.534
00:00:19.519,1572874255249,0.016,-0.009000000000000001,9.919,0.664,3.0,-0.002,21.19,-0.001,-0.045,359.358,0.316,-0.534
00:00:19.520,1572874255250,0.016,-0.011,9.919,0.664,3.0,-0.002,21.19,-0.001,-0.045,359.689,0.316,-0.534
00:00:19.521,1572874255251,0.016,-0.014,9.919,0.664,3.0,-0.002,21.19,-0.001,-0.045,360.043,0.316,-0.534
00:00:19.570,1572874255300,0.016,-0.017,9.919,0.664,3.0,-0.002,21.191,-0.001,-0.045,360.418,0.316,-0.534
00:00:19.571,1572874255301,0.016,-0.02,9.919,0.664,3.0,-0.001,21.191,-0.001,-0.045,360.727,0.316,-0.534
00:00:19.572,1572874255302,0.016,-0.023,9.919,0.664,3.0,-0.001,21.191,-0.001,-0.045,361.08,0.316,-0.534
00:00:19.624,1572874255354,0.015,-0.026,9.919,0.664,3.0,-0.001,21.191,-0.001,-0.045,361.43300000000005,0.316,-0.534
00:00:19.625,1572874255355,0.015,-0.029,9.919,0.664,3.0,0.0,21.192,-0.001,-0.045,361.786,0.316,-0.534
00:00:19.626,1572874255356,0.015,-0.032,9.919,0.664,3.0,0.0,21.192,-0.001,-0.045,362.14,0.316,-0.534
00:00:19.672,1572874255402,0.015,-0.035,9.919,0.664,3.0,0.001,21.192,-0.001,-0.045,362.49300000000005,0.316,-0.534
00:00:19.673,1572874255403,0.015,-0.037000000000000005,9.919,0.664,3.0,0.001,21.192,-0.001,-0.045,362.846,0.316,-0.534
00:00:19.674,1572874255404,0.015,-0.04,9.919,0.664,3.0,0.001,21.193,0.0,-0.045,363.199,0.316,-0.534
00:00:19.727,1572874255457,0.015,-0.042,9.919,0.664,3.0,0.002,21.193,0.0,-0.045,363.552,0.316,-0.534
00:00:19.728,1572874255458,0.015,-0.044,9.919,0.664,3.0,0.003,21.193,0.0,-0.045,363.906,0.316,-0.534
00:00:19.729,1572874255459,0.015,-0.046,9.919,0.664,3.0,0.003,21.193,0.001,-0.045,364.259,0.316,-0.534
00:00:19.777,1572874255507,0.015,-0.048,9.919,0.664,3.0,0.004,21.194000000000006,0.001,-0.045,364.612,0.316,-0.534
00:00:19.778,1572874255508,0.015,-0.05,9.919,0.664,3.0,0.004,21.194000000000006,0.001,-0.045,364.965,0.316,-0.534
00:00:19.779,1572874255509,0.015,-0.051,9.919,0.664,3.0,0.005,21.194000000000006,0.001,-0.045,365.319,0.316,-0.534
00:00:19.827,1572874255557,0.015,-0.052000000000000005,9.919,0.664,3.0,0.006,21.194000000000006,0.002,-0.045,365.672,0.316,-0.534
00:00:19.828,1572874255558,0.015,-0.053,9.919,0.664,3.0,0.006,21.195,0.002,-0.045,366.025,0.316,-0.534
00:00:19.829,1572874255559,0.015,-0.054000000000000006,9.919,0.664,3.0,0.006999999999999999,21.195,0.002,-0.045,366.378,0.315,-0.534
00:00:19.877,1572874255607,0.015,-0.054000000000000006,9.919,0.664,3.0,0.006999999999999999,21.195,0.003,-0.045,366.731,0.315,-0.534
00:00:19.878,1572874255608,0.015,-0.054000000000000006,9.919,0.664,3.0,0.008,21.195,0.003,-0.045,367.085,0.315,-0.534
00:00:19.879,1572874255609,0.015,-0.055,9.773,0.664,3.0,0.008,21.196,0.003,-0.045,367.43800000000016,0.315,-0.534
00:00:19.928,1572874255658,0.015,-0.055,9.773,0.664,3.0,0.009000000000000001,21.196,0.003,-0.045,367.791,0.315,-0.534
00:00:19.929,1572874255659,0.015,-0.056,9.773,0.664,3.0,0.009000000000000001,21.196,0.004,-0.045,368.145,0.315,-0.534
00:00:19.930,1572874255660,0.014,-0.056,9.773,0.664,3.0,0.01,21.196,0.004,-0.046,368.49800000000016,0.314,-0.534
00:00:19.979,1572874255709,0.013,-0.057,9.773,0.664,3.0,0.01,21.197,0.004,-0.046,368.851,0.314,-0.534
00:00:19.980,1572874255710,0.012,-0.057,9.773,0.664,3.0,0.01,21.197,0.004,-0.046,369.204,0.314,-0.534
00:00:19.981,1572874255711,0.011,-0.057,9.773,0.664,3.0,0.011,21.197,0.004,-0.046,369.55800000000005,0.314,-0.534
00:00:20.031,1572874255761,0.011,-0.057,9.773,0.664,3.0,0.011,21.197,0.004,-0.046,369.911,0.313,-0.534
00:00:20.032,1572874255762,0.01,-0.057,9.773,0.664,3.0,0.012,21.197,0.004,-0.046,370.264,0.313,-0.534
00:00:20.033,1572874255763,0.01,-0.056,9.773,0.664,3.0,0.012,21.197,0.004,-0.046,370.617,0.313,-0.534
00:00:20.034,1572874255764,0.01,-0.057,9.773,0.664,3.0,0.012,21.198,0.004,-0.046,370.971,0.312,-0.534
00:00:20.081,1572874255811,0.01,-0.057,9.773,0.664,3.0,0.013,21.198,0.004,-0.046,371.324,0.312,-0.534
00:00:20.082,1572874255812,0.011,-0.057,9.919,0.664,3.0,0.013,21.198,0.004,-0.046,371.677,0.312,-0.534
00:00:20.083,1572874255813,0.011,-0.057,9.919,0.664,3.0,0.013,21.198,0.004,-0.046,372.031,0.311,-0.534
00:00:20.132,1572874255862,0.011,-0.058,9.919,0.664,3.0,0.013,21.198,0.003,-0.046,372.384,0.311,-0.534
00:00:20.133,1572874255863,0.012,-0.057,9.919,0.664,3.0,0.013,21.199,0.003,-0.046,372.737,0.31,-0.534
00:00:20.134,1572874255864,0.013,-0.057,9.919,0.664,3.0,0.014,21.199,0.003,-0.046,373.091,0.31,-0.534
00:00:20.194,1572874255924,0.014,-0.056,9.919,0.664,3.0,0.014,21.199,0.003,-0.046,373.444,0.31,-0.534
00:00:20.195,1572874255925,0.015,-0.055,9.773,0.664,3.0,0.014,21.199,0.003,-0.046,373.797,0.309,-0.534
00:00:20.196,1572874255926,0.015,-0.053,9.773,0.664,3.0,0.014,21.2,0.003,-0.046,374.151,0.309,-0.534
00:00:20.244,1572874255974,0.015,-0.052000000000000005,9.773,0.664,3.0,0.015,21.2,0.003,-0.046,374.504,0.308,-0.534
00:00:20.245,1572874255975,0.015,-0.05,9.773,0.664,3.0,0.015,21.2,0.003,-0.046,374.857,0.308,-0.534
00:00:20.246,1572874255976,0.013,-0.048,9.773,0.664,3.0,0.015,21.2,0.003,-0.046,375.211,0.307,-0.534
00:00:20.299,1572874256029,0.012,-0.047,9.773,0.664,3.0,0.015,21.2,0.003,-0.046,375.564,0.307,-0.534
00:00:20.300,1572874256030,0.011,-0.045,9.773,0.664,3.0,0.015,21.201,0.003,-0.046,375.917,0.306,-0.534
00:00:20.301,1572874256031,0.011,-0.044,9.773,0.664,3.0,0.015,21.201,0.003,-0.046,376.271,0.306,-0.534
00:00:20.345,1572874256075,0.01,-0.041,9.773,0.664,3.0,0.016,21.201,0.003,-0.046,376.624,0.305,-0.534
00:00:20.346,1572874256076,0.01,-0.036000000000000004,9.773,0.664,3.0,0.016,21.201,0.003,-0.046,376.977,0.304,-0.534
00:00:20.347,1572874256077,0.01,-0.028,9.773,0.664,3.0,0.017,21.201,0.004,-0.046,377.331,0.304,-0.534
00:00:20.396,1572874256126,0.01,-0.02,9.773,0.664,3.0,0.017,21.201,0.004,-0.046,377.684,0.303,-0.534
00:00:20.397,1572874256127,0.011,-0.011,9.773,0.664,3.0,0.017,21.202,0.004,-0.046,378.037,0.303,-0.534
00:00:20.398,1572874256128,0.011,-0.001,9.773,0.664,3.0,0.017,21.202,0.004,-0.045,378.391,0.302,-0.534
00:00:20.446,1572874256176,0.011,0.009000000000000001,9.773,0.664,3.0,0.017,21.202,0.005,-0.045,378.744,0.302,-0.534
00:00:20.447,1572874256177,0.011,0.018000000000000002,9.773,0.664,3.0,0.017,21.202,0.005,-0.045,379.097,0.301,-0.534
00:00:20.448,1572874256178,0.011,0.026,9.773,0.664,3.0,0.016,21.202,0.005,-0.045,379.451,0.3,-0.534
00:00:20.496,1572874256226,0.011,0.032,9.773,0.664,3.0,0.015,21.202,0.005,-0.045,379.804,0.3,-0.534
00:00:20.497,1572874256227,0.011,0.036000000000000004,9.773,0.664,3.0,0.013,21.203000000000007,0.005,-0.045,380.158,0.299,-0.534
00:00:20.498,1572874256228,0.011,0.038,9.773,0.664,3.0,0.012,21.203000000000007,0.005,-0.045,380.511,0.299,-0.534
00:00:20.547,1572874256277,0.011,0.04,9.773,0.664,3.0,0.011,21.203000000000007,0.004,-0.045,380.864,0.298,-0.534
00:00:20.548,1572874256278,0.011,0.041,9.773,0.664,3.0,0.009000000000000001,21.203000000000007,0.004,-0.045,381.218,0.298,-0.534
00:00:20.549,1572874256279,0.01,0.042,9.773,0.664,3.0,0.008,21.203000000000007,0.003,-0.045,381.571,0.297,-0.534
00:00:20.597,1572874256327,0.01,0.043,9.773,0.664,3.0,0.006999999999999999,21.204,0.002,-0.045,381.924,0.297,-0.534
00:00:20.598,1572874256328,0.01,0.044,9.773,0.664,3.0,0.006,21.204,0.001,-0.045,382.278,0.29600000000000004,-0.534
00:00:20.599,1572874256329,0.01,0.045,9.773,0.664,3.0,0.004,21.204,0.001,-0.045,382.631,0.29600000000000004,-0.534
00:00:20.647,1572874256377,0.01,0.047,9.773,0.664,3.0,0.003,21.204,0.0,-0.045,382.985,0.295,-0.534
00:00:20.648,1572874256378,0.01,0.05,9.773,0.664,3.0,0.002,21.204,-0.001,-0.045,383.338,0.295,-0.534
00:00:20.649,1572874256379,0.01,0.053,9.773,0.664,3.0,0.001,21.204,-0.002,-0.046,383.691,0.295,-0.534
00:00:20.698,1572874256428,0.01,0.057,9.773,0.664,3.0,0.0,21.205,-0.003,-0.046,384.045,0.294,-0.534
00:00:20.699,1572874256429,0.01,0.061,9.773,0.664,3.0,-0.001,21.205,-0.003,-0.046,384.398,0.294,-0.534
00:00:20.700,1572874256430,0.01,0.064,9.773,0.664,3.0,-0.001,21.205,-0.004,-0.046,384.752,0.293,-0.534
00:00:20.701,1572874256431,0.01,0.067,9.773,0.664,3.0,-0.002,21.205,-0.004,-0.046,385.105,0.293,-0.534
00:00:20.749,1572874256479,0.01,0.069,9.773,0.664,3.0,-0.003,21.205,-0.005,-0.046,385.459,0.293,-0.534
00:00:20.750,1572874256480,0.01,0.07,9.773,0.664,3.0,-0.004,21.205,-0.005,-0.046,385.812,0.292,-0.534
00:00:20.751,1572874256481,0.01,0.071,9.773,0.664,3.0,-0.005,21.206,-0.005,-0.046,386.165,0.292,-0.534
00:00:20.805,1572874256535,0.01,0.071,9.773,0.664,3.0,-0.006,21.206,-0.005,-0.046,386.519,0.292,-0.534
00:00:20.806,1572874256536,0.01,0.07,9.773,0.664,3.0,-0.006,21.206,-0.005,-0.046,386.872,0.292,-0.534
00:00:20.807,1572874256537,0.01,0.069,9.773,0.664,3.0,-0.006999999999999999,21.206,-0.006,-0.046,387.226,0.29100000000000004,-0.534
00:00:20.855,1572874256585,0.01,0.067,9.773,0.664,3.0,-0.008,21.206,-0.006,-0.046,387.579,0.29100000000000004,-0.534
00:00:20.856,1572874256586,0.01,0.064,9.773,0.664,3.0,-0.009000000000000001,21.206,-0.006,-0.046,387.93300000000005,0.29100000000000004,-0.534
00:00:20.861,1572874256591,0.01,0.062,9.773,0.664,3.0,-0.009000000000000001,21.207,-0.006,-0.046,388.286,0.29100000000000004,-0.534
00:00:20.905,1572874256635,0.01,0.058,9.773,0.664,3.0,-0.01,21.207,-0.006,-0.046,388.639,0.29100000000000004,-0.534
00:00:20.906,1572874256636,0.01,0.055,9.773,0.664,3.0,-0.011,21.207,-0.006,-0.046,388.99300000000005,0.29,-0.534
00:00:20.907,1572874256637,0.01,0.052000000000000005,9.773,0.664,3.0,-0.011,21.207,-0.006,-0.046,389.346,0.29,-0.534
00:00:20.955,1572874256685,0.01,0.049,9.773,0.664,3.0,-0.011,21.207,-0.006,-0.046,389.656,0.29,-0.534
00:00:20.956,1572874256686,0.011,0.046,9.773,0.664,3.0,-0.012,21.207,-0.006,-0.046,390.009,0.29,-0.534
00:00:20.957,1572874256687,0.011,0.043,9.773,0.664,3.0,-0.012,21.208,-0.005,-0.046,390.36300000000006,0.29,-0.534
00:00:21.005,1572874256735,0.011,0.041,9.773,0.664,3.0,-0.012,21.208,-0.005,-0.046,390.716,0.29,-0.534
00:00:21.006,1572874256736,0.011,0.039,9.773,0.664,3.0,-0.012,21.208,-0.005,-0.046,391.069,0.29,-0.534
00:00:21.007,1572874256737,0.011,0.036000000000000004,9.773,0.664,3.0,-0.012,21.208,-0.005,-0.046,391.423,0.29,-0.534
00:00:21.060,1572874256790,0.011,0.034,9.773,0.664,3.0,-0.012,21.208,-0.004,-0.046,391.776,0.29,-0.534
00:00:21.061,1572874256791,0.011,0.032,9.773,0.664,3.0,-0.012,21.209,-0.004,-0.046,392.13,0.29,-0.534
00:00:21.062,1572874256792,0.011,0.031,9.773,0.664,3.0,-0.012,21.209,-0.004,-0.046,392.483,0.29,-0.534
00:00:21.106,1572874256836,0.011,0.029,9.773,0.664,3.0,-0.012,21.209,-0.003,-0.046,392.837,0.29,-0.534
00:00:21.107,1572874256837,0.01,0.027000000000000003,9.773,0.664,3.0,-0.012,21.209,-0.003,-0.046,393.19,0.29,-0.534
00:00:21.108,1572874256838,0.01,0.025,9.773,0.664,3.0,-0.012,21.209,-0.003,-0.045,393.544,0.29,-0.534
00:00:21.157,1572874256887,0.01,0.023,9.773,0.664,3.0,-0.012,21.209,-0.002,-0.045,393.897,0.29,-0.534
00:00:21.158,1572874256888,0.01,0.021,9.773,0.664,3.0,-0.011,21.21,-0.002,-0.045,394.251,0.29,-0.534
00:00:21.159,1572874256889,0.01,0.02,9.773,0.664,3.0,-0.011,21.21,-0.002,-0.045,394.604,0.29,-0.534
00:00:21.207,1572874256937,0.01,0.018000000000000002,9.773,0.664,3.0,-0.011,21.21,-0.001,-0.045,394.958,0.29,-0.534
00:00:21.208,1572874256938,0.01,0.016,9.773,0.664,3.0,-0.011,21.21,-0.001,-0.045,395.311,0.29,-0.534
00:00:21.209,1572874256939,0.01,0.015,9.773,0.664,3.0,-0.011,21.21,-0.001,-0.046,395.665,0.29,-0.534
00:00:21.259,1572874256989,0.01,0.014,9.773,0.664,3.0,-0.01,21.21,-0.001,-0.046,396.018,0.29,-0.534
00:00:21.260,1572874256990,0.01,0.013,9.773,0.664,3.0,-0.01,21.211,-0.001,-0.046,396.372,0.29,-0.534
00:00:21.261,1572874256991,0.01,0.012,9.773,0.664,3.0,-0.01,21.211,0.0,-0.046,396.725,0.29,-0.534
00:00:21.307,1572874257037,0.01,0.011,9.773,0.664,3.0,-0.01,21.211,0.0,-0.046,397.079,0.29,-0.534
00:00:21.308,1572874257038,0.01,0.01,9.773,0.664,3.0,-0.01,21.211,0.0,-0.046,397.432,0.29,-0.534
00:00:21.309,1572874257039,0.01,0.01,9.773,0.664,3.0,-0.009000000000000001,21.211,0.0,-0.046,397.786,0.29,-0.534
00:00:21.357,1572874257087,0.01,0.009000000000000001,9.773,0.664,3.0,-0.009000000000000001,21.211,0.0,-0.046,398.139,0.29,-0.534
00:00:21.358,1572874257088,0.01,0.009000000000000001,9.773,0.664,3.0,-0.009000000000000001,21.212,0.0,-0.046,398.49300000000005,0.29,-0.534
00:00:21.359,1572874257089,0.01,0.009000000000000001,9.773,0.664,3.0,-0.009000000000000001,21.212,0.0,-0.046,398.846,0.29,-0.534
00:00:21.407,1572874257137,0.01,0.009000000000000001,9.773,0.664,3.0,-0.008,21.212,0.0,-0.046,399.2,0.29,-0.534
00:00:21.408,1572874257138,0.01,0.009000000000000001,9.773,0.664,3.0,-0.008,21.212,0.0,-0.046,399.55300000000005,0.29,-0.534
00:00:21.409,1572874257139,0.01,0.009000000000000001,9.773,0.664,3.0,-0.008,21.212,0.0,-0.046,399.907,0.29,-0.534
00:00:21.458,1572874257188,0.01,0.01,9.773,0.664,3.0,-0.008,21.213,0.0,-0.046,400.261,0.29,-0.534
00:00:21.459,1572874257189,0.01,0.01,9.773,0.664,3.0,-0.008,21.213,0.0,-0.046,400.614,0.29,-0.534
00:00:21.460,1572874257190,0.01,0.01,9.773,0.664,3.0,-0.006999999999999999,21.213,0.0,-0.046,400.968,0.29,-0.534
00:00:21.509,1572874257239,0.01,0.011,9.773,0.664,3.0,-0.006999999999999999,21.213,0.0,-0.046,401.321,0.29,-0.534
00:00:21.510,1572874257240,0.01,0.011,9.773,0.664,3.0,-0.006999999999999999,21.213,0.0,-0.046,401.675,0.29,-0.534
00:00:21.511,1572874257241,0.01,0.012,9.773,0.664,3.0,-0.006999999999999999,21.213,0.0,-0.046,402.028,0.29,-0.534
00:00:21.575,1572874257305,0.01,0.012,9.773,0.664,3.0,-0.006999999999999999,21.214,0.0,-0.046,402.382,0.29,-0.534
00:00:21.576,1572874257306,0.01,0.013,9.773,0.664,3.0,-0.006999999999999999,21.214,0.0,-0.046,402.735,0.29,-0.534
00:00:21.577,1572874257307,0.01,0.013,9.773,0.664,3.0,-0.006999999999999999,21.214,0.0,-0.046,403.089,0.29,-0.534
00:00:21.578,1572874257308,0.01,0.014,9.773,0.664,3.0,-0.006999999999999999,21.214,0.0,-0.046,403.443,0.29100000000000004,-0.534
00:00:21.620,1572874257350,0.01,0.014,9.773,0.664,3.0,-0.006999999999999999,21.214,0.0,-0.046,403.796,0.29100000000000004,-0.534
00:00:21.621,1572874257351,0.01,0.015,9.773,0.664,3.0,-0.006999999999999999,21.214,-0.001,-0.046,404.15,0.29100000000000004,-0.534
00:00:21.622,1572874257352,0.01,0.015,9.773,0.664,3.0,-0.006,21.215,-0.001,-0.046,404.503,0.29100000000000004,-0.534
00:00:21.670,1572874257400,0.01,0.015,9.773,0.664,3.0,-0.006,21.215,-0.001,-0.046,404.857,0.29100000000000004,-0.534
00:00:21.671,1572874257401,0.01,0.016,9.773,0.664,3.0,-0.006,21.215,-0.001,-0.046,405.21,0.29100000000000004,-0.534
00:00:21.672,1572874257402,0.01,0.016,9.773,0.664,3.0,-0.006,21.215,-0.001,-0.046,405.564,0.29100000000000004,-0.534
00:00:21.720,1572874257450,0.01,0.016,9.919,0.664,3.0,-0.006,21.215,-0.001,-0.046,405.918,0.29100000000000004,-0.534
00:00:21.721,1572874257451,0.011,0.017,9.919,0.664,3.0,-0.006,21.215,-0.001,-0.046,406.271,0.29100000000000004,-0.534
00:00:21.722,1572874257452,0.011,0.017,9.919,0.664,3.0,-0.006,21.216,-0.001,-0.046,406.625,0.29100000000000004,-0.534
00:00:21.773,1572874257503,0.012,0.017,9.919,0.664,3.0,-0.006,21.216,-0.001,-0.046,406.978,0.292,-0.534
00:00:21.774,1572874257504,0.013,0.018000000000000002,9.919,0.664,3.0,-0.006,21.216,-0.001,-0.046,407.332,0.292,-0.534
00:00:21.775,1572874257505,0.014,0.018000000000000002,9.919,0.664,3.0,-0.006,21.216,-0.001,-0.046,407.686,0.292,-0.534
00:00:21.821,1572874257551,0.015,0.018000000000000002,9.773,0.664,3.0,-0.006,21.217,-0.001,-0.046,408.039,0.292,-0.534
00:00:21.822,1572874257552,0.015,0.018000000000000002,9.773,0.664,3.0,-0.006,21.217,-0.001,-0.046,408.393,0.292,-0.534
00:00:21.823,1572874257553,0.014,0.018000000000000002,9.773,0.664,3.0,-0.006,21.217,-0.001,-0.046,408.746,0.292,-0.534
00:00:21.872,1572874257602,0.013,0.018000000000000002,9.773,0.664,3.0,-0.006,21.217,-0.001,-0.046,409.1,0.292,-0.534
00:00:21.873,1572874257603,0.012,0.019,9.773,0.664,3.0,-0.006,21.217,-0.001,-0.046,409.454,0.293,-0.534
00:00:21.874,1572874257604,0.011,0.019,9.773,0.664,3.0,-0.006,21.218000000000004,-0.001,-0.046,409.807,0.293,-0.534
00:00:21.931,1572874257661,0.01,0.019,9.773,0.664,3.0,-0.006,21.218000000000004,-0.001,-0.046,410.161,0.293,-0.534
00:00:21.932,1572874257662,0.01,0.019,9.773,0.664,3.0,-0.006,21.218000000000004,-0.001,-0.046,410.515,0.293,-0.534
00:00:21.933,1572874257663,0.01,0.018000000000000002,9.773,0.664,3.0,-0.006,21.218000000000004,-0.001,-0.046,410.86800000000005,0.293,-0.534
00:00:21.981,1572874257711,0.01,0.018000000000000002,9.773,0.664,3.0,-0.006,21.218000000000004,-0.001,-0.046,411.222,0.293,-0.534
00:00:21.982,1572874257712,0.01,0.017,9.773,0.664,3.0,-0.006,21.218000000000004,-0.001,-0.046,411.575,0.294,-0.534
00:00:21.983,1572874257713,0.01,0.015,9.773,0.664,3.0,-0.006,21.219,-0.001,-0.046,411.929,0.294,-0.534
00:00:21.984,1572874257714,0.01,0.014,9.773,0.664,3.0,-0.006999999999999999,21.219,-0.001,-0.046,412.283,0.294,-0.534
00:00:22.031,1572874257761,0.01,0.013,9.773,0.664,3.0,-0.006999999999999999,21.219,-0.001,-0.046,412.636,0.294,-0.534
00:00:22.032,1572874257762,0.01,0.012,9.773,0.664,3.0,-0.006999999999999999,21.219,-0.001,-0.046,412.99,0.294,-0.534
00:00:22.033,1572874257763,0.01,0.01,9.773,0.664,3.0,-0.006,21.219,-0.001,-0.046,413.344,0.295,-0.534
00:00:22.082,1572874257812,0.01,0.008,9.773,0.664,3.0,-0.006,21.219,-0.002,-0.046,413.697,0.295,-0.534
00:00:22.083,1572874257813,0.01,0.005,9.773,0.664,3.0,-0.006999999999999999,21.22,-0.002,-0.046,414.051,0.295,-0.534
00:00:22.084,1572874257814,0.01,-0.001,9.773,0.664,3.0,-0.006999999999999999,21.22,-0.002,-0.046,414.405,0.295,-0.534
00:00:22.132,1572874257862,0.01,-0.008,9.773,0.664,3.0,-0.006999999999999999,21.22,-0.002,-0.046,414.758,0.295,-0.534
00:00:22.133,1572874257863,0.01,-0.015,9.773,0.664,3.0,-0.006999999999999999,21.22,-0.002,-0.046,415.112,0.29600000000000004,-0.534
00:00:22.134,1572874257864,0.011,-0.024,9.773,0.664,3.0,-0.006999999999999999,21.22,-0.003,-0.046,415.466,0.29600000000000004,-0.534
00:00:22.185,1572874257915,0.011,-0.032,9.773,0.664,3.0,-0.006999999999999999,21.221,-0.003,-0.046,415.819,0.29600000000000004,-0.534
00:00:22.186,1572874257916,0.011,-0.041,9.773,0.664,3.0,-0.006999999999999999,21.221,-0.003,-0.046,416.173,0.29600000000000004,-0.534
00:00:22.187,1572874257917,0.011,-0.048,9.773,0.664,3.0,-0.006,21.221,-0.003,-0.046,416.527,0.29600000000000004,-0.534
00:00:22.242,1572874257972,0.01,-0.052000000000000005,9.773,0.664,3.0,-0.005,21.221,-0.003,-0.046,416.88,0.29600000000000004,-0.534
00:00:22.243,1572874257973,0.01,-0.054000000000000006,9.773,0.664,3.0,-0.004,21.221,-0.003,-0.045,417.234,0.297,-0.534
00:00:22.244,1572874257974,0.01,-0.055,9.773,0.664,3.0,-0.002,21.221,-0.003,-0.045,417.588,0.297,-0.534
00:00:22.284,1572874258014,0.01,-0.055,9.773,0.664,3.0,-0.001,21.222,-0.002,-0.045,417.941,0.297,-0.534
00:00:22.285,1572874258015,0.01,-0.055,9.773,0.664,3.0,0.0,21.222,-0.002,-0.045,418.295,0.297,-0.534
00:00:22.286,1572874258016,0.01,-0.055,9.773,0.664,3.0,0.001,21.222,-0.001,-0.045,418.649,0.297,-0.534
00:00:22.334,1572874258064,0.01,-0.055,9.773,0.664,3.0,0.002,21.222,0.0,-0.045,419.003,0.297,-0.534
00:00:22.335,1572874258065,0.01,-0.056,9.773,0.664,3.0,0.003,21.222,0.0,-0.045,419.356,0.297,-0.534
00:00:22.336,1572874258066,0.01,-0.058,9.773,0.664,3.0,0.004,21.222,0.001,-0.045,419.71,0.297,-0.534
00:00:22.384,1572874258114,0.01,-0.06,9.773,0.664,3.0,0.005,21.223000000000006,0.002,-0.046,420.064,0.297,-0.534
00:00:22.385,1572874258115,0.01,-0.063,9.773,0.664,3.0,0.006,21.223000000000006,0.003,-0.046,420.417,0.297,-0.534
00:00:22.386,1572874258116,0.01,-0.066,9.773,0.664,3.0,0.006,21.223000000000006,0.003,-0.046,420.771,0.297,-0.534
00:00:22.434,1572874258164,0.01,-0.069,9.773,0.664,3.0,0.006999999999999999,21.223000000000006,0.004,-0.046,421.125,0.297,-0.534
00:00:22.435,1572874258165,0.01,-0.071,9.773,0.664,3.0,0.008,21.223000000000006,0.004,-0.046,421.479,0.297,-0.534
00:00:22.436,1572874258166,0.01,-0.073,9.773,0.664,3.0,0.009000000000000001,21.223000000000006,0.005,-0.046,421.832,0.297,-0.534
00:00:22.492,1572874258222,0.01,-0.075,9.773,0.664,3.0,0.009000000000000001,21.224,0.005,-0.046,422.186,0.297,-0.534
00:00:22.493,1572874258223,0.01,-0.076,9.773,0.664,3.0,0.01,21.224,0.005,-0.046,422.54,0.29600000000000004,-0.534
00:00:22.494,1572874258224,0.01,-0.076,9.773,0.664,3.0,0.011,21.224,0.005,-0.046,422.893,0.29600000000000004,-0.534
00:00:22.535,1572874258265,0.01,-0.076,9.773,0.664,3.0,0.011,21.224,0.006,-0.046,423.247,0.29600000000000004,-0.534
00:00:22.536,1572874258266,0.01,-0.075,9.773,0.664,3.0,0.012,21.224,0.006,-0.046,423.601,0.29600000000000004,-0.534
00:00:22.537,1572874258267,0.01,-0.07400000000000001,9.773,0.664,3.0,0.013,21.224,0.006,-0.046,423.955,0.29600000000000004,-0.534
00:00:22.586,1572874258316,0.01,-0.073,9.773,0.664,3.0,0.013,21.225,0.006,-0.046,424.30800000000005,0.295,-0.534
00:00:22.587,1572874258317,0.01,-0.071,9.773,0.664,3.0,0.014,21.225,0.006,-0.046,424.662,0.295,-0.534
00:00:22.588,1572874258318,0.01,-0.07,9.919,0.664,3.0,0.014,21.225,0.006,-0.046,425.016,0.295,-0.534
00:00:22.649,1572874258379,0.01,-0.069,9.919,0.664,3.0,0.015,21.225,0.006,-0.046,425.37,0.295,-0.534
00:00:22.650,1572874258380,0.011,-0.067,9.919,0.664,3.0,0.015,21.225,0.006,-0.046,425.723,0.294,-0.534
00:00:22.651,1572874258381,0.012,-0.065,9.919,0.664,3.0,0.015,21.225,0.006,-0.046,426.077,0.294,-0.534
00:00:22.652,1572874258382,0.013,-0.064,9.919,0.664,3.0,0.016,21.226,0.006,-0.046,426.431,0.294,-0.534
00:00:22.710,1572874258440,0.014,-0.062,9.919,0.664,3.0,0.016,21.226,0.005,-0.046,426.785,0.293,-0.534
00:00:22.711,1572874258441,0.015,-0.06,9.919,0.664,3.0,0.016,21.226,0.005,-0.046,427.138,0.293,-0.534
00:00:22.712,1572874258442,0.015,-0.058,9.919,0.664,3.0,0.016,21.226,0.005,-0.046,427.492,0.292,-0.534
00:00:22.760,1572874258490,0.015,-0.055,9.919,0.664,3.0,0.017,21.227,0.005,-0.046,427.846,0.292,-0.534
00:00:22.761,1572874258491,0.015,-0.053,9.919,0.664,3.0,0.017,21.227,0.005,-0.046,428.2,0.292,-0.534
00:00:22.762,1572874258492,0.015,-0.05,9.919,0.664,3.0,0.017,21.227,0.004,-0.046,428.554,0.29100000000000004,-0.534
00:00:22.815,1572874258545,0.015,-0.048,9.919,0.664,3.0,0.017,21.227,0.004,-0.046,428.907,0.29100000000000004,-0.534
00:00:22.816,1572874258546,0.015,-0.044,10.285,0.664,3.0,0.017,21.228,0.004,-0.046,429.261,0.29,-0.534
00:00:22.817,1572874258547,0.015,-0.041,10.285,0.664,3.0,0.017,21.228,0.004,-0.045,429.615,0.29,-0.534
00:00:22.864,1572874258594,0.017,-0.037000000000000005,10.285,0.664,3.0,0.017,21.228,0.004,-0.045,429.969,0.289,-0.534
00:00:22.865,1572874258595,0.02,-0.032,10.285,0.664,3.0,0.017,21.229,0.004,-0.045,430.323,0.289,-0.534
00:00:22.866,1572874258596,0.023,-0.027000000000000003,10.285,0.664,3.0,0.017,21.229,0.004,-0.045,430.676,0.28800000000000003,-0.534
00:00:22.867,1572874258597,0.026,-0.022,10.285,0.664,3.0,0.017,21.23,0.004,-0.045,431.03,0.28800000000000003,-0.534
00:00:22.917,1572874258647,0.027000000000000003,-0.017,10.285,0.664,3.0,0.017,21.23,0.004,-0.045,431.384,0.287,-0.534
00:00:22.918,1572874258648,0.028,-0.012,10.285,0.664,3.0,0.017,21.23,0.004,-0.045,431.73800000000006,0.287,-0.534
00:00:22.919,1572874258649,0.028,-0.006999999999999999,10.285,0.664,3.0,0.016,21.231,0.003,-0.044,432.092,0.28600000000000003,-0.534
00:00:22.964,1572874258694,0.028,-0.003,10.285,0.664,3.0,0.016,21.231,0.003,-0.044,432.446,0.28600000000000003,-0.534
00:00:22.965,1572874258695,0.028,0.001,10.285,0.664,3.0,0.015,21.232,0.003,-0.044,432.799,0.285,-0.534
00:00:22.966,1572874258696,0.027000000000000003,0.004,10.285,0.664,3.0,0.015,21.232,0.003,-0.044,433.153,0.285,-0.534
00:00:23.020,1572874258750,0.027000000000000003,0.006999999999999999,10.432,0.664,3.0,0.014,21.233,0.003,-0.044,433.507,0.284,-0.534
00:00:23.021,1572874258751,0.027000000000000003,0.009000000000000001,10.432,0.664,3.0,0.013,21.233,0.003,-0.044,433.861,0.284,-0.534
00:00:23.022,1572874258752,0.028,0.01,10.432,0.664,3.0,0.012,21.234,0.002,-0.044,434.215,0.28300000000000003,-0.534
00:00:23.077,1572874258807,0.029,0.012,10.432,0.664,3.0,0.012,21.234,0.002,-0.043,434.569,0.28300000000000003,-0.534
00:00:23.078,1572874258808,0.03,0.013,10.432,0.664,3.0,0.011,21.235,0.001,-0.043,434.923,0.282,-0.534
00:00:23.079,1572874258809,0.031,0.014,10.432,0.664,3.0,0.01,21.235,0.001,-0.043,435.277,0.282,-0.534
00:00:23.120,1572874258850,0.032,0.015,10.652,0.664,3.0,0.009000000000000001,21.236,0.001,-0.043,435.653,0.281,-0.534
00:00:23.121,1572874258851,0.033,0.017,10.652,0.664,3.0,0.009000000000000001,21.236,0.0,-0.043,435.984,0.281,-0.534
00:00:23.122,1572874258852,0.034,0.018000000000000002,10.652,0.664,3.0,0.008,21.237,0.0,-0.043,436.338,0.28,-0.534
00:00:23.170,1572874258900,0.036000000000000004,0.019,10.652,0.664,3.0,0.008,21.238000000000003,-0.001,-0.043,436.692,0.28,-0.534
00:00:23.171,1572874258901,0.037000000000000005,0.021,10.652,0.664,3.0,0.006999999999999999,21.238000000000003,-0.001,-0.043,437.046,0.279,-0.534
00:00:23.172,1572874258902,0.039,0.023,10.652,0.664,3.0,0.006,21.239,-0.001,-0.043,437.4,0.279,-0.534
00:00:23.220,1572874258950,0.04,0.024,10.652,0.664,3.0,0.006,21.24,-0.002,-0.043,437.754,0.278,-0.534
00:00:23.221,1572874258951,0.04,0.025,10.652,0.664,3.0,0.005,21.24,-0.002,-0.043,438.108,0.278,-0.534
00:00:23.222,1572874258952,0.04,0.026,10.652,0.664,3.0,0.005,21.241,-0.002,-0.043,438.462,0.277,-0.534
00:00:23.270,1572874259000,0.04,0.027000000000000003,10.652,0.664,3.0,0.004,21.242,-0.002,-0.043,438.816,0.277,-0.534
00:00:23.271,1572874259001,0.04,0.027000000000000003,10.652,0.664,3.0,0.003,21.242,-0.002,-0.043,439.17,0.276,-0.534
00:00:23.272,1572874259002,0.039,0.027000000000000003,10.652,0.664,3.0,0.003,21.243,-0.002,-0.043,439.524,0.276,-0.534
00:00:23.321,1572874259051,0.039,0.027000000000000003,10.798,0.664,3.0,0.002,21.243,-0.002,-0.043,439.878,0.276,-0.534
00:00:23.322,1572874259052,0.039,0.027000000000000003,10.798,0.664,3.0,0.002,21.244,-0.002,-0.043,440.233,0.275,-0.534
00:00:23.323,1572874259053,0.04,0.026,10.798,0.664,3.0,0.001,21.245,-0.002,-0.043,440.587,0.275,-0.534
00:00:23.372,1572874259102,0.041,0.025,10.798,0.664,3.0,0.001,21.246,-0.002,-0.043,440.941,0.274,-0.534
00:00:23.373,1572874259103,0.043,0.025,10.798,0.664,3.0,0.001,21.246,-0.002,-0.043,441.295,0.274,-0.534
00:00:23.374,1572874259104,0.044,0.024,10.798,0.664,3.0,0.0,21.247,-0.002,-0.042,441.649,0.274,-0.534
00:00:23.423,1572874259153,0.044,0.023,10.945,0.664,3.0,0.0,21.248,-0.002,-0.042,442.003,0.273,-0.534
00:00:23.424,1572874259154,0.045,0.021,10.945,0.664,3.0,0.0,21.249,-0.002,-0.042,442.357,0.273,-0.534
00:00:23.425,1572874259155,0.046,0.02,10.945,0.664,3.0,-0.001,21.249,-0.002,-0.042,442.711,0.272,-0.534
00:00:23.473,1572874259203,0.047,0.019,10.945,0.664,3.0,-0.001,21.25,-0.002,-0.042,443.021,0.272,-0.534
00:00:23.474,1572874259204,0.048,0.017,10.945,0.664,3.0,-0.001,21.251,-0.002,-0.042,443.375,0.272,-0.534
00:00:23.475,1572874259205,0.049,0.016,10.945,0.664,3.0,-0.002,21.252,-0.002,-0.042,443.73,0.271,-0.534
00:00:23.533,1572874259263,0.049,0.015,11.091,0.664,3.0,-0.002,21.252,-0.002,-0.042,444.084,0.271,-0.534
00:00:23.534,1572874259264,0.05,0.014,11.091,0.664,3.0,-0.002,21.253,-0.002,-0.042,444.43800000000016,0.271,-0.534
00:00:23.535,1572874259265,0.051,0.013,11.091,0.664,3.0,-0.002,21.254,-0.002,-0.042,444.792,0.27,-0.534
00:00:23.574,1572874259304,0.052000000000000005,0.012,11.091,0.664,3.0,-0.002,21.255,-0.002,-0.041,445.146,0.27,-0.534
00:00:23.575,1572874259305,0.053,0.011,11.091,0.664,3.0,-0.002,21.256,-0.002,-0.041,445.456,0.27,-0.534
00:00:23.576,1572874259306,0.054000000000000006,0.01,11.091,0.664,3.0,-0.002,21.257,-0.001,-0.041,445.811,0.269,-0.534
00:00:23.624,1572874259354,0.054000000000000006,0.01,11.091,0.664,3.0,-0.002,21.258000000000006,-0.001,-0.041,446.165,0.269,-0.534
00:00:23.625,1572874259355,0.055,0.009000000000000001,11.091,0.664,3.0,-0.002,21.259,-0.001,-0.041,446.519,0.269,-0.534
00:00:23.626,1572874259356,0.055,0.008,11.091,0.664,3.0,-0.002,21.259,-0.001,-0.041,446.874,0.268,-0.534
00:00:23.674,1572874259404,0.054000000000000006,0.006999999999999999,11.091,0.664,3.0,-0.002,21.26,-0.001,-0.041,447.228,0.268,-0.534
00:00:23.675,1572874259405,0.054000000000000006,0.006,11.091,0.664,3.0,-0.002,21.261,-0.001,-0.041,447.582,0.268,-0.534
00:00:23.676,1572874259406,0.054000000000000006,0.006,11.091,0.664,3.0,-0.002,21.262,-0.001,-0.041,447.937,0.267,-0.534
00:00:23.727,1572874259457,0.054000000000000006,0.005,11.091,0.664,3.0,-0.002,21.263,-0.001,-0.041,448.291,0.267,-0.534
00:00:23.728,1572874259458,0.054000000000000006,0.004,11.091,0.664,3.0,-0.002,21.264,0.0,-0.04,448.645,0.267,-0.534
00:00:23.729,1572874259459,0.054000000000000006,0.003,11.091,0.664,3.0,-0.002,21.265,0.0,-0.04,449.0,0.266,-0.534
00:00:23.785,1572874259515,0.054000000000000006,0.002,11.091,0.664,3.0,-0.002,21.266,0.0,-0.04,449.354,0.266,-0.534
00:00:23.786,1572874259516,0.054000000000000006,0.002,11.091,0.664,3.0,-0.002,21.267,0.0,-0.04,449.709,0.266,-0.534
00:00:23.787,1572874259517,0.054000000000000006,0.001,11.091,0.664,3.0,-0.002,21.268,0.0,-0.04,450.06300000000016,0.266,-0.534
00:00:23.836,1572874259566,0.054000000000000006,0.001,11.311,0.664,3.0,-0.002,21.268,0.0,-0.04,450.418,0.265,-0.534
00:00:23.837,1572874259567,0.054000000000000006,0.001,11.311,0.664,3.0,-0.002,21.269,0.0,-0.04,450.772,0.265,-0.534
00:00:23.838,1572874259568,0.055,0.0,11.311,0.664,3.0,-0.002,21.27,0.0,-0.04,451.127,0.265,-0.534
00:00:23.839,1572874259569,0.057,0.0,11.311,0.664,3.0,-0.002,21.271,0.0,-0.04,451.481,0.264,-0.534
00:00:23.886,1572874259616,0.059,0.0,11.311,0.664,3.0,-0.002,21.272,0.0,-0.04,451.836,0.264,-0.534
00:00:23.887,1572874259617,0.061,0.0,11.311,0.664,3.0,-0.002,21.273000000000003,0.0,-0.04,452.19,0.264,-0.534
00:00:23.888,1572874259618,0.062,0.0,11.091,0.664,3.0,-0.002,21.274,0.0,-0.04,452.567,0.263,-0.534
00:00:23.936,1572874259666,0.062,0.0,11.091,0.664,3.0,-0.002,21.275,0.0,-0.04,452.899,0.263,-0.534
00:00:23.937,1572874259667,0.061,0.0,11.091,0.664,3.0,-0.002,21.276,0.0,-0.04,453.21,0.263,-0.534
00:00:23.938,1572874259668,0.059,0.0,11.091,0.664,3.0,-0.002,21.277,0.0,-0.04,453.586,0.262,-0.534
00:00:23.986,1572874259716,0.057,0.0,11.091,0.664,3.0,-0.001,21.278,0.0,-0.04,453.941,0.262,-0.534
00:00:23.987,1572874259717,0.055,0.0,11.091,0.664,3.0,-0.001,21.279,0.0,-0.04,454.273,0.262,-0.534
00:00:23.988,1572874259718,0.053,0.0,11.091,0.664,3.0,-0.001,21.28,0.0,-0.04,454.65,0.261,-0.534
00:00:24.036,1572874259766,0.053,0.0,11.091,0.664,3.0,-0.001,21.281,0.0,-0.04,454.983,0.261,-0.534
00:00:24.037,1572874259767,0.053,0.0,11.091,0.664,3.0,-0.001,21.282,0.0,-0.04,455.337,0.261,-0.534
00:00:24.038,1572874259768,0.053,0.0,11.091,0.664,3.0,-0.001,21.282,0.0,-0.04,455.692,0.26,-0.534
00:00:24.087,1572874259817,0.053,0.0,11.091,0.664,3.0,-0.001,21.283,0.0,-0.04,456.069,0.26,-0.534
00:00:24.088,1572874259818,0.053,0.0,11.091,0.664,3.0,-0.001,21.284,0.0,-0.04,456.402,0.26,-0.534
00:00:24.089,1572874259819,0.054000000000000006,0.0,11.091,0.664,3.0,-0.001,21.285,0.0,-0.04,456.756,0.26,-0.534
00:00:24.141,1572874259871,0.054000000000000006,0.0,11.091,0.664,3.0,-0.001,21.286,0.0,-0.04,457.111,0.259,-0.534
00:00:24.142,1572874259872,0.054000000000000006,0.0,11.091,0.664,3.0,-0.001,21.287,0.0,-0.04,457.466,0.259,-0.534
00:00:24.143,1572874259873,0.054000000000000006,0.0,11.091,0.664,3.0,-0.001,21.288,0.0,-0.04,457.843,0.259,-0.534
00:00:24.195,1572874259925,0.054000000000000006,0.001,11.091,0.664,3.0,-0.001,21.289,0.0,-0.041,458.198,0.258,-0.534
00:00:24.196,1572874259926,0.053,0.001,11.091,0.664,3.0,-0.001,21.29,0.0,-0.041,458.53,0.258,-0.534
00:00:24.197,1572874259927,0.053,0.001,11.091,0.664,3.0,-0.001,21.291,0.0,-0.041,458.907,0.258,-0.534
00:00:24.245,1572874259975,0.053,0.001,11.091,0.664,3.0,-0.001,21.291,0.0,-0.041,459.262,0.257,-0.534
00:00:24.246,1572874259976,0.053,0.001,11.091,0.664,3.0,-0.001,21.292,0.0,-0.041,459.595,0.257,-0.534
00:00:24.247,1572874259977,0.053,0.001,11.091,0.664,3.0,-0.001,21.293000000000006,0.0,-0.041,459.972,0.257,-0.534
00:00:24.295,1572874260025,0.053,0.001,11.091,0.664,3.0,-0.001,21.294,0.0,-0.041,460.327,0.256,-0.534
00:00:24.296,1572874260026,0.053,0.001,11.091,0.664,3.0,-0.001,21.295,0.0,-0.041,460.659,0.256,-0.534
00:00:24.297,1572874260027,0.053,0.001,11.091,0.664,3.0,-0.001,21.296,0.0,-0.041,461.037,0.256,-0.534
00:00:24.346,1572874260076,0.053,0.002,11.091,0.664,3.0,-0.001,21.297,0.0,-0.041,461.392,0.255,-0.534
00:00:24.347,1572874260077,0.053,0.002,11.091,0.664,3.0,-0.001,21.298,0.0,-0.041,461.724,0.255,-0.534
00:00:24.348,1572874260078,0.053,0.002,11.091,0.664,3.0,-0.001,21.299,0.0,-0.041,462.101,0.255,-0.534
00:00:24.395,1572874260125,0.053,0.002,11.091,0.664,3.0,-0.001,21.299,0.0,-0.041,462.434,0.254,-0.534
00:00:24.396,1572874260126,0.053,0.002,11.091,0.664,3.0,-0.001,21.3,0.0,-0.041,462.789,0.254,-0.534
00:00:24.397,1572874260127,0.053,0.002,11.091,0.664,3.0,-0.001,21.301,0.0,-0.041,463.166,0.254,-0.534
00:00:24.446,1572874260176,0.053,0.002,11.091,0.664,3.0,-0.001,21.302,0.0,-0.041,463.521,0.254,-0.534
00:00:24.447,1572874260177,0.053,0.002,11.091,0.664,3.0,-0.001,21.303,0.0,-0.041,463.877,0.253,-0.534
00:00:24.448,1572874260178,0.053,0.002,11.091,0.664,3.0,-0.001,21.304,0.0,-0.041,464.232,0.253,-0.534
00:00:24.497,1572874260227,0.053,0.002,11.091,0.664,3.0,-0.001,21.305,0.0,-0.041,464.587,0.253,-0.534
00:00:24.498,1572874260228,0.053,0.002,11.091,0.664,3.0,-0.001,21.306,0.0,-0.041,464.942,0.252,-0.534
00:00:24.499,1572874260229,0.053,0.002,11.091,0.664,3.0,-0.001,21.307,0.0,-0.041,465.297,0.252,-0.534
00:00:24.548,1572874260278,0.053,0.002,11.091,0.664,3.0,-0.001,21.307,0.0,-0.041,465.652,0.252,-0.534
00:00:24.549,1572874260279,0.053,0.002,11.091,0.664,3.0,-0.001,21.308000000000003,0.0,-0.041,465.985,0.251,-0.534
00:00:24.550,1572874260280,0.053,0.002,11.091,0.664,3.0,-0.001,21.309,0.0,-0.041,466.362,0.251,-0.534
00:00:24.551,1572874260281,0.053,0.002,11.091,0.664,3.0,-0.001,21.31,0.0,-0.041,466.673,0.251,-0.534
00:00:24.602,1572874260332,0.053,0.002,11.091,0.664,3.0,-0.001,21.311,0.0,-0.041,467.028,0.25,-0.534
00:00:24.603,1572874260333,0.053,0.002,11.091,0.664,3.0,-0.001,21.312,0.0,-0.041,467.383,0.25,-0.534
00:00:24.604,1572874260334,0.053,0.002,11.091,0.664,3.0,-0.001,21.313,0.0,-0.041,467.739,0.25,-0.534
00:00:24.652,1572874260382,0.053,0.002,11.091,0.664,3.0,-0.001,21.313,0.0,-0.041,468.094,0.25,-0.534
00:00:24.653,1572874260383,0.053,0.002,11.091,0.664,3.0,-0.001,21.314,0.0,-0.041,468.449,0.249,-0.534
00:00:24.654,1572874260384,0.053,0.002,11.091,0.664,3.0,-0.001,21.315,0.0,-0.041,468.804,0.249,-0.534
00:00:24.705,1572874260435,0.053,0.002,11.091,0.664,3.0,-0.001,21.316,0.0,-0.041,469.16,0.249,-0.534
00:00:24.706,1572874260436,0.053,0.002,11.091,0.664,3.0,-0.001,21.317,0.0,-0.041,469.515,0.248,-0.534
00:00:24.707,1572874260437,0.053,0.002,11.091,0.664,3.0,-0.001,21.318,0.0,-0.041,469.87,0.248,-0.534
00:00:24.752,1572874260482,0.053,0.002,11.091,0.664,3.0,-0.001,21.319000000000006,0.0,-0.041,470.225,0.248,-0.534
00:00:24.753,1572874260483,0.053,0.002,11.091,0.664,3.0,-0.001,21.32,0.0,-0.041,470.536,0.247,-0.534
00:00:24.754,1572874260484,0.053,0.002,11.091,0.664,3.0,-0.001,21.32,0.0,-0.041,470.869,0.247,-0.534
00:00:24.802,1572874260532,0.053,0.002,11.091,0.664,3.0,-0.001,21.321,0.0,-0.041,471.247,0.247,-0.534
00:00:24.803,1572874260533,0.053,0.002,11.091,0.664,3.0,-0.001,21.322,0.0,-0.041,471.602,0.247,-0.534
00:00:24.804,1572874260534,0.053,0.002,11.091,0.664,3.0,-0.001,21.323,0.0,-0.041,471.958,0.246,-0.534
00:00:24.865,1572874260595,0.053,0.002,11.091,0.664,3.0,-0.001,21.324,0.0,-0.041,472.31300000000016,0.246,-0.534
00:00:24.866,1572874260596,0.053,0.002,11.091,0.664,3.0,-0.001,21.325,0.0,-0.041,472.668,0.246,-0.534
00:00:24.867,1572874260597,0.053,0.002,11.091,0.664,3.0,-0.001,21.326,0.0,-0.041,473.024,0.245,-0.534
00:00:24.904,1572874260634,0.053,0.002,11.091,0.664,3.0,-0.001,21.327,0.0,-0.041,473.379,0.245,-0.534
00:00:24.905,1572874260635,0.053,0.002,11.091,0.664,3.0,-0.001,21.327,0.0,-0.041,473.735,0.245,-0.534
00:00:24.906,1572874260636,0.053,0.002,11.091,0.664,3.0,-0.001,21.328000000000007,0.0,-0.041,474.09,0.245,-0.534
00:00:24.961,1572874260691,0.053,0.002,11.091,0.664,3.0,-0.001,21.329,0.0,-0.041,474.446,0.244,-0.534
00:00:24.962,1572874260692,0.053,0.002,11.091,0.664,3.0,-0.001,21.33,0.0,-0.041,474.801,0.244,-0.534
00:00:24.963,1572874260693,0.053,0.002,11.091,0.664,3.0,-0.001,21.331,0.0,-0.041,475.157,0.244,-0.534
00:00:25.007,1572874260737,0.053,0.002,11.091,0.664,3.0,-0.001,21.332,0.0,-0.041,475.512,0.243,-0.534
00:00:25.008,1572874260738,0.053,0.002,11.091,0.664,3.0,-0.001,21.333,0.0,-0.041,475.86800000000005,0.243,-0.534
00:00:25.009,1572874260739,0.053,0.002,11.091,0.664,3.0,-0.001,21.334,0.0,-0.041,476.223,0.243,-0.534
00:00:25.054,1572874260784,0.053,0.002,11.091,0.664,3.0,-0.001,21.334,0.0,-0.041,476.579,0.242,-0.534
00:00:25.055,1572874260785,0.052000000000000005,0.002,11.091,0.664,3.0,-0.001,21.335,0.0,-0.041,476.934,0.242,-0.534
00:00:25.056,1572874260786,0.052000000000000005,0.003,11.091,0.664,3.0,-0.001,21.336,0.0,-0.041,477.29,0.242,-0.534
00:00:25.107,1572874260837,0.052000000000000005,0.003,11.091,0.664,3.0,-0.001,21.337,0.0,-0.041,477.646,0.242,-0.534
00:00:25.108,1572874260838,0.052000000000000005,0.003,11.091,0.664,3.0,-0.001,21.338,0.0,-0.041,478.001,0.241,-0.534
00:00:25.109,1572874260839,0.052000000000000005,0.003,11.091,0.664,3.0,-0.001,21.339,0.0,-0.041,478.357,0.241,-0.534
00:00:25.160,1572874260890,0.052000000000000005,0.003,11.091,0.664,3.0,-0.001,21.34,0.0,-0.041,478.713,0.241,-0.534
00:00:25.161,1572874260891,0.052000000000000005,0.003,11.091,0.664,3.0,-0.001,21.341,0.0,-0.041,479.068,0.24,-0.534
00:00:25.162,1572874260892,0.052000000000000005,0.003,11.091,0.664,3.0,-0.001,21.341,0.0,-0.041,479.424,0.24,-0.534
00:00:25.211,1572874260941,0.052000000000000005,0.003,11.091,0.664,3.0,-0.001,21.342,0.0,-0.041,479.78,0.24,-0.534
00:00:25.212,1572874260942,0.052000000000000005,0.003,11.091,0.664,3.0,-0.001,21.343000000000004,0.0,-0.041,480.135,0.24,-0.534
00:00:25.213,1572874260943,0.052000000000000005,0.003,11.091,0.664,3.0,-0.001,21.344,0.0,-0.041,480.491,0.239,-0.534
00:00:25.265,1572874260995,0.052000000000000005,0.003,11.091,0.664,3.0,-0.001,21.345,0.0,-0.041,480.847,0.239,-0.534
00:00:25.266,1572874260996,0.052000000000000005,0.003,11.091,0.664,3.0,-0.001,21.346,0.0,-0.041,481.203,0.239,-0.534
00:00:25.267,1572874260997,0.052000000000000005,0.004,11.091,0.664,3.0,-0.001,21.347,0.0,-0.041,481.55800000000005,0.239,-0.534
00:00:25.315,1572874261045,0.052000000000000005,0.004,11.091,0.664,3.0,-0.001,21.347,0.0,-0.041,481.914,0.238,-0.534
00:00:25.316,1572874261046,0.052000000000000005,0.004,11.091,0.664,3.0,-0.001,21.348000000000006,0.0,-0.041,482.27,0.238,-0.534
00:00:25.317,1572874261047,0.052000000000000005,0.004,11.091,0.664,3.0,-0.001,21.349,0.0,-0.041,482.626,0.238,-0.534
00:00:25.318,1572874261048,0.052000000000000005,0.004,11.091,0.664,3.0,-0.001,21.35,0.0,-0.041,482.982,0.237,-0.534
00:00:25.365,1572874261095,0.052000000000000005,0.005,11.091,0.664,3.0,-0.001,21.351,0.0,-0.041,483.337,0.237,-0.534
00:00:25.366,1572874261096,0.052000000000000005,0.005,11.091,0.664,3.0,-0.001,21.352,0.0,-0.041,483.693,0.237,-0.534
00:00:25.367,1572874261097,0.052000000000000005,0.005,11.091,0.664,3.0,-0.001,21.353,0.0,-0.041,484.049,0.237,-0.534
00:00:25.424,1572874261154,0.052000000000000005,0.005,11.091,0.664,3.0,-0.001,21.354,0.0,-0.041,484.405,0.236,-0.534
00:00:25.425,1572874261155,0.052000000000000005,0.006,11.091,0.664,3.0,-0.001,21.354,0.0,-0.041,484.761,0.236,-0.534
00:00:25.426,1572874261156,0.052000000000000005,0.006,11.091,0.664,3.0,-0.001,21.355,0.0,-0.041,485.117,0.236,-0.534
00:00:25.474,1572874261204,0.052000000000000005,0.006,11.091,0.664,3.0,-0.001,21.356,0.0,-0.041,485.473,0.236,-0.534
00:00:25.475,1572874261205,0.052000000000000005,0.006999999999999999,11.091,0.664,3.0,-0.001,21.357,0.0,-0.041,485.829,0.235,-0.534
00:00:25.476,1572874261206,0.052000000000000005,0.006999999999999999,11.091,0.664,3.0,-0.001,21.358,0.0,-0.041,486.185,0.235,-0.534
00:00:25.530,1572874261260,0.052000000000000005,0.006999999999999999,11.091,0.664,3.0,-0.001,21.359,0.0,-0.041,486.541,0.235,-0.534
00:00:25.531,1572874261261,0.052000000000000005,0.006999999999999999,11.091,0.664,3.0,-0.001,21.36,0.0,-0.041,486.874,0.235,-0.534
00:00:25.532,1572874261262,0.052000000000000005,0.006999999999999999,11.091,0.664,3.0,-0.001,21.36,0.0,-0.041,487.23,0.234,-0.534
00:00:25.575,1572874261305,0.052000000000000005,0.006999999999999999,11.091,0.664,3.0,-0.002,21.361,0.0,-0.041,487.586,0.234,-0.534
00:00:25.576,1572874261306,0.052000000000000005,0.006999999999999999,11.091,0.664,3.0,-0.002,21.362,0.0,-0.041,487.942,0.234,-0.534
00:00:25.577,1572874261307,0.052000000000000005,0.006999999999999999,11.091,0.664,3.0,-0.002,21.363000000000003,0.0,-0.041,488.298,0.234,-0.534
00:00:25.626,1572874261356,0.052000000000000005,0.006999999999999999,11.091,0.664,3.0,-0.002,21.364,0.0,-0.041,488.655,0.233,-0.534
00:00:25.627,1572874261357,0.052000000000000005,0.006999999999999999,11.091,0.664,3.0,-0.002,21.365,0.0,-0.041,489.011,0.233,-0.534
00:00:25.628,1572874261358,0.052000000000000005,0.008,11.091,0.664,3.0,-0.002,21.366,0.0,-0.041,489.367,0.233,-0.534
00:00:25.677,1572874261407,0.052000000000000005,0.008,11.091,0.664,3.0,-0.002,21.366,0.0,-0.041,489.723,0.233,-0.534
00:00:25.678,1572874261408,0.052000000000000005,0.008,11.091,0.664,3.0,-0.002,21.367,-0.001,-0.041,490.079,0.232,-0.534
00:00:25.679,1572874261409,0.052000000000000005,0.008,11.091,0.664,3.0,-0.002,21.368,-0.001,-0.041,490.435,0.232,-0.534
00:00:25.726,1572874261456,0.052000000000000005,0.008,11.091,0.664,3.0,-0.002,21.369,-0.001,-0.041,490.791,0.232,-0.534
00:00:25.727,1572874261457,0.052000000000000005,0.008,11.091,0.664,3.0,-0.002,21.37,-0.001,-0.041,491.147,0.232,-0.534
00:00:25.728,1572874261458,0.052000000000000005,0.008,11.091,0.664,3.0,-0.002,21.371,-0.001,-0.041,491.503,0.231,-0.534
00:00:25.776,1572874261506,0.052000000000000005,0.008,11.091,0.664,3.0,-0.002,21.372,-0.001,-0.041,491.86,0.231,-0.534
00:00:25.777,1572874261507,0.052000000000000005,0.008,11.091,0.664,3.0,-0.002,21.373,-0.001,-0.041,492.216,0.231,-0.534
00:00:25.778,1572874261508,0.052000000000000005,0.008,11.091,0.664,3.0,-0.002,21.373,-0.001,-0.041,492.572,0.231,-0.534
00:00:25.827,1572874261557,0.052000000000000005,0.008,11.091,0.664,3.0,-0.002,21.374,-0.001,-0.041,492.92800000000005,0.231,-0.534
00:00:25.828,1572874261558,0.052000000000000005,0.008,11.091,0.664,3.0,-0.002,21.375,-0.001,-0.041,493.285,0.23,-0.534
00:00:25.829,1572874261559,0.052000000000000005,0.008,11.091,0.664,3.0,-0.002,21.376,-0.001,-0.041,493.641,0.23,-0.534
00:00:25.876,1572874261606,0.052000000000000005,0.008,11.091,0.664,3.0,-0.002,21.377,-0.001,-0.041,493.997,0.23,-0.534
00:00:25.877,1572874261607,0.052000000000000005,0.008,11.091,0.664,3.0,-0.002,21.378,-0.001,-0.041,494.353,0.23,-0.534
00:00:25.878,1572874261608,0.052000000000000005,0.008,11.091,0.664,3.0,-0.002,21.379,-0.001,-0.041,494.71,0.229,-0.534
00:00:25.935,1572874261665,0.052000000000000005,0.008,11.091,0.664,3.0,-0.002,21.379,-0.001,-0.041,495.066,0.229,-0.534
00:00:25.936,1572874261666,0.052000000000000005,0.006999999999999999,11.091,0.664,3.0,-0.002,21.38,-0.001,-0.041,495.422,0.229,-0.534
00:00:25.937,1572874261667,0.052000000000000005,0.006999999999999999,11.091,0.664,3.0,-0.002,21.381,-0.001,-0.041,495.779,0.229,-0.534
00:00:25.978,1572874261708,0.052000000000000005,0.006999999999999999,11.091,0.664,3.0,-0.002,21.382,-0.001,-0.041,496.135,0.229,-0.534
00:00:25.979,1572874261709,0.051,0.006,11.091,0.664,3.0,-0.002,21.383000000000006,-0.001,-0.041,496.491,0.228,-0.534
00:00:25.980,1572874261710,0.051,0.006,11.091,0.664,3.0,-0.002,21.384,-0.001,-0.041,496.848,0.228,-0.534
00:00:26.028,1572874261758,0.051,0.006,11.091,0.664,3.0,-0.002,21.385,-0.001,-0.041,497.204,0.228,-0.534
00:00:26.029,1572874261759,0.051,0.006,11.091,0.664,3.0,-0.002,21.385,-0.001,-0.041,497.561,0.228,-0.534
00:00:26.030,1572874261760,0.051,0.006,11.091,0.664,3.0,-0.002,21.386,-0.001,-0.041,497.917,0.228,-0.534
00:00:26.079,1572874261809,0.051,0.006,11.091,0.664,3.0,-0.002,21.387,-0.001,-0.041,498.273,0.227,-0.534
00:00:26.080,1572874261810,0.051,0.006,11.091,0.664,3.0,-0.002,21.388,-0.001,-0.041,498.63,0.227,-0.534
00:00:26.081,1572874261811,0.051,0.006,11.091,0.664,3.0,-0.002,21.389,-0.001,-0.041,498.986,0.227,-0.534
00:00:26.135,1572874261865,0.051,0.006,11.091,0.664,3.0,-0.002,21.39,-0.001,-0.041,499.343,0.227,-0.534
00:00:26.136,1572874261866,0.051,0.006,11.091,0.664,3.0,-0.002,21.391,0.0,-0.041,499.699,0.227,-0.534
00:00:26.137,1572874261867,0.051,0.006,11.091,0.664,3.0,-0.002,21.391,0.0,-0.041,500.056,0.227,-0.534
00:00:26.179,1572874261909,0.051,0.006,11.091,0.664,3.0,-0.002,21.392,0.0,-0.041,500.412,0.226,-0.534
00:00:26.180,1572874261910,0.051,0.006,11.091,0.664,3.0,-0.002,21.393,0.0,-0.041,500.769,0.226,-0.534
00:00:26.181,1572874261911,0.051,0.006,11.091,0.664,3.0,-0.002,21.394,0.0,-0.041,501.126,0.226,-0.534
00:00:26.229,1572874261959,0.051,0.006,11.091,0.664,3.0,-0.002,21.395,0.0,-0.041,501.482,0.226,-0.534
00:00:26.230,1572874261960,0.051,0.006,11.091,0.664,3.0,-0.002,21.396,0.0,-0.041,501.839,0.226,-0.534
00:00:26.231,1572874261961,0.051,0.005,11.091,0.664,3.0,-0.002,21.396,0.0,-0.041,502.195,0.225,-0.534
00:00:26.279,1572874262009,0.051,0.005,11.091,0.664,3.0,-0.002,21.397,0.0,-0.041,502.552,0.225,-0.534
00:00:26.280,1572874262010,0.051,0.005,11.091,0.664,3.0,-0.002,21.398000000000003,0.0,-0.041,502.909,0.225,-0.534
00:00:26.281,1572874262011,0.051,0.005,11.091,0.664,3.0,-0.002,21.399,0.0,-0.041,503.265,0.225,-0.534
00:00:26.329,1572874262059,0.051,0.005,11.091,0.664,3.0,-0.002,21.4,0.0,-0.041,503.622,0.225,-0.534
00:00:26.330,1572874262060,0.051,0.005,11.091,0.664,3.0,-0.002,21.401,0.0,-0.041,503.979,0.225,-0.534
00:00:26.331,1572874262061,0.051,0.005,11.091,0.664,3.0,-0.002,21.402,0.0,-0.041,504.335,0.224,-0.534
00:00:26.383,1572874262113,0.051,0.005,11.091,0.664,3.0,-0.002,21.402,0.0,-0.041,504.692,0.224,-0.534
00:00:26.384,1572874262114,0.051,0.005,11.091,0.664,3.0,-0.002,21.403,0.0,-0.041,505.049,0.224,-0.534
00:00:26.385,1572874262115,0.051,0.005,11.091,0.664,3.0,-0.002,21.404,0.0,-0.041,505.405,0.224,-0.534
00:00:26.386,1572874262116,0.051,0.005,11.091,0.664,3.0,-0.002,21.405,0.0,-0.041,505.762,0.224,-0.534
00:00:26.434,1572874262164,0.051,0.005,11.091,0.664,3.0,-0.002,21.406,0.0,-0.041,506.119,0.224,-0.534
00:00:26.435,1572874262165,0.051,0.005,11.091,0.664,3.0,-0.002,21.407,0.0,-0.041,506.476,0.224,-0.534
00:00:26.436,1572874262166,0.051,0.005,11.091,0.664,3.0,-0.002,21.408,0.0,-0.041,506.832,0.223,-0.534
00:00:26.484,1572874262214,0.051,0.005,11.091,0.664,3.0,-0.002,21.408,0.0,-0.041,507.189,0.223,-0.534
00:00:26.485,1572874262215,0.051,0.004,11.091,0.664,3.0,-0.002,21.409,0.0,-0.041,507.546,0.223,-0.534
00:00:26.486,1572874262216,0.051,0.004,11.091,0.664,3.0,-0.002,21.41,0.0,-0.041,507.903,0.223,-0.534
00:00:26.534,1572874262264,0.051,0.004,11.091,0.664,3.0,-0.002,21.411,0.0,-0.041,508.26,0.223,-0.534
00:00:26.535,1572874262265,0.051,0.004,11.091,0.664,3.0,-0.002,21.412,0.0,-0.041,508.617,0.223,-0.534
00:00:26.536,1572874262266,0.051,0.004,11.091,0.664,3.0,-0.002,21.413,0.0,-0.041,508.973,0.222,-0.534
00:00:26.584,1572874262314,0.051,0.004,11.091,0.664,3.0,-0.002,21.413,0.0,-0.041,509.33,0.222,-0.534
00:00:26.585,1572874262315,0.051,0.005,11.091,0.664,3.0,-0.002,21.414,0.0,-0.041,509.687,0.222,-0.534
00:00:26.586,1572874262316,0.051,0.005,11.091,0.664,3.0,-0.002,21.415,0.0,-0.041,510.044,0.222,-0.534
00:00:26.634,1572874262364,0.051,0.004,11.091,0.664,3.0,-0.002,21.416,0.0,-0.041,510.401,0.222,-0.534
00:00:26.635,1572874262365,0.051,0.004,11.091,0.664,3.0,-0.002,21.417,0.0,-0.041,510.758,0.222,-0.534
00:00:26.636,1572874262366,0.051,0.004,11.091,0.664,3.0,-0.002,21.418000000000006,0.0,-0.041,511.115,0.222,-0.534
00:00:26.685,1572874262415,0.051,0.004,11.091,0.664,3.0,-0.002,21.419,0.0,-0.041,511.472,0.221,-0.534
00:00:26.686,1572874262416,0.051,0.004,11.091,0.664,3.0,-0.002,21.419,0.0,-0.041,511.829,0.221,-0.534
00:00:26.687,1572874262417,0.051,0.004,11.311,0.664,3.0,-0.002,21.42,0.0,-0.041,512.186,0.221,-0.534
00:00:26.736,1572874262466,0.051,0.003,11.311,0.664,3.0,-0.002,21.421,0.0,-0.041,512.543,0.221,-0.534
00:00:26.737,1572874262467,0.052000000000000005,0.003,11.311,0.664,3.0,-0.002,21.422,0.0,-0.041,512.9,0.221,-0.534
00:00:26.738,1572874262468,0.053,0.003,11.311,0.664,3.0,-0.002,21.423,0.0,-0.041,513.257,0.221,-0.534
00:00:26.787,1572874262517,0.055,0.003,11.311,0.664,3.0,-0.002,21.424,0.0,-0.041,513.614,0.221,-0.534
00:00:26.788,1572874262518,0.057,0.003,11.311,0.664,3.0,-0.002,21.425,0.0,-0.041,513.971,0.221,-0.534
00:00:26.789,1572874262519,0.058,0.003,11.091,0.664,3.0,-0.002,21.426,0.0,-0.041,514.328,0.22,-0.534
00:00:26.839,1572874262569,0.059,0.003,11.091,0.664,3.0,-0.002,21.427,0.0,-0.041,514.685,0.22,-0.534
00:00:26.840,1572874262570,0.058,0.003,11.091,0.664,3.0,-0.002,21.428,0.0,-0.041,515.0419999999998,0.22,-0.534
00:00:26.841,1572874262571,0.056,0.003,11.091,0.664,3.0,-0.002,21.429,0.0,-0.041,515.4,0.22,-0.534
00:00:26.887,1572874262617,0.054000000000000006,0.003,11.091,0.664,3.0,-0.002,21.429,0.0,-0.041,515.757,0.22,-0.534
00:00:26.888,1572874262618,0.052000000000000005,0.003,11.091,0.664,3.0,-0.002,21.43,0.0,-0.041,516.114,0.22,-0.534
00:00:26.889,1572874262619,0.051,0.003,11.091,0.664,3.0,-0.002,21.431,0.0,-0.041,516.471,0.22,-0.534
00:00:26.942,1572874262672,0.05,0.002,11.091,0.664,3.0,-0.002,21.432,0.0,-0.041,516.828,0.219,-0.534
00:00:26.943,1572874262673,0.05,0.002,11.091,0.664,3.0,-0.002,21.433000000000003,0.0,-0.041,517.185,0.219,-0.534
00:00:26.944,1572874262674,0.05,0.002,11.091,0.664,3.0,-0.001,21.434,0.0,-0.041,517.543,0.219,-0.534
00:00:26.987,1572874262717,0.05,0.001,11.091,0.664,3.0,-0.001,21.434,0.0,-0.041,517.9,0.219,-0.534
00:00:26.988,1572874262718,0.05,0.001,11.091,0.664,3.0,-0.001,21.435,0.0,-0.041,518.257,0.219,-0.534
00:00:26.989,1572874262719,0.05,0.001,11.091,0.664,3.0,-0.001,21.436,0.0,-0.041,518.614,0.219,-0.534
00:00:27.046,1572874262776,0.05,0.001,11.091,0.664,3.0,-0.001,21.437,0.0,-0.041,518.972,0.219,-0.534
00:00:27.047,1572874262777,0.05,0.001,11.091,0.664,3.0,-0.001,21.438,0.0,-0.041,519.3290000000002,0.219,-0.534
00:00:27.048,1572874262778,0.05,0.0,11.091,0.664,3.0,-0.001,21.439,0.0,-0.041,519.686,0.218,-0.534
00:00:27.094,1572874262824,0.05,0.0,11.091,0.664,3.0,-0.001,21.439,0.0,-0.041,520.044,0.218,-0.534
00:00:27.095,1572874262825,0.05,0.0,11.091,0.664,3.0,-0.001,21.44,0.0,-0.041,520.401,0.218,-0.534
00:00:27.096,1572874262826,0.05,-0.001,11.091,0.664,3.0,-0.001,21.441,0.0,-0.041,520.758,0.218,-0.534
00:00:27.145,1572874262875,0.05,-0.001,11.091,0.664,3.0,-0.001,21.442,0.0,-0.041,521.116,0.218,-0.534
00:00:27.146,1572874262876,0.05,-0.001,11.091,0.664,3.0,-0.001,21.443,0.0,-0.041,521.4730000000002,0.218,-0.534
00:00:27.147,1572874262877,0.05,-0.002,11.091,0.664,3.0,-0.001,21.444000000000006,0.0,-0.041,521.83,0.218,-0.534
00:00:27.196,1572874262926,0.05,-0.002,11.091,0.664,3.0,-0.001,21.444000000000006,0.0,-0.041,522.188,0.218,-0.534
00:00:27.197,1572874262927,0.05,-0.003,11.091,0.664,3.0,-0.001,21.445,0.0,-0.041,522.545,0.217,-0.534
00:00:27.198,1572874262928,0.05,-0.003,11.091,0.664,3.0,-0.001,21.446,0.0,-0.041,522.903,0.217,-0.534
00:00:27.246,1572874262976,0.05,-0.004,11.091,0.664,3.0,-0.001,21.447,0.0,-0.041,523.26,0.217,-0.534
00:00:27.247,1572874262977,0.05,-0.004,11.091,0.664,3.0,-0.001,21.448,0.0,-0.041,523.618,0.217,-0.534
00:00:27.248,1572874262978,0.05,-0.005,11.091,0.664,3.0,-0.001,21.449,0.0,-0.042,523.975,0.217,-0.534
00:00:27.296,1572874263026,0.05,-0.005,11.091,0.664,3.0,-0.001,21.449,0.0,-0.042,524.332,0.217,-0.534
00:00:27.297,1572874263027,0.05,-0.005,11.091,0.664,3.0,-0.001,21.45,0.0,-0.042,524.69,0.217,-0.534
00:00:27.298,1572874263028,0.05,-0.006,11.091,0.664,3.0,0.0,21.451,0.0,-0.042,525.047,0.217,-0.534
00:00:27.352,1572874263082,0.05,-0.006,11.091,0.664,3.0,0.0,21.452,0.0,-0.042,525.405,0.21600000000000005,-0.534
00:00:27.353,1572874263083,0.05,-0.006,11.091,0.664,3.0,0.0,21.453000000000007,0.0,-0.042,525.763,0.21600000000000005,-0.534
00:00:27.354,1572874263084,0.05,-0.006999999999999999,11.091,0.664,3.0,0.0,21.454,0.0,-0.042,526.12,0.21600000000000005,-0.534
00:00:27.396,1572874263126,0.05,-0.006999999999999999,11.091,0.664,3.0,0.0,21.454,0.0,-0.042,526.4780000000002,0.21600000000000005,-0.534
00:00:27.397,1572874263127,0.05,-0.008,11.091,0.664,3.0,0.0,21.455,0.0,-0.042,526.835,0.21600000000000005,-0.534
00:00:27.398,1572874263128,0.05,-0.008,11.091,0.664,3.0,0.0,21.456,0.0,-0.042,527.193,0.21600000000000005,-0.534
00:00:27.462,1572874263192,0.05,-0.008,11.091,0.664,3.0,0.0,21.457,0.0,-0.042,527.55,0.21600000000000005,-0.534
00:00:27.463,1572874263193,0.05,-0.008,11.091,0.664,3.0,0.0,21.458,0.0,-0.042,527.908,0.215,-0.534
00:00:27.464,1572874263194,0.05,-0.009000000000000001,11.091,0.664,3.0,0.001,21.459,0.0,-0.042,528.243,0.215,-0.534
00:00:27.465,1572874263195,0.05,-0.009000000000000001,11.091,0.664,3.0,0.001,21.459,0.0,-0.042,528.601,0.215,-0.534
00:00:27.504,1572874263234,0.05,-0.01,11.091,0.664,3.0,0.001,21.46,0.0,-0.042,528.9590000000002,0.215,-0.534
00:00:27.505,1572874263235,0.05,-0.01,11.091,0.664,3.0,0.001,21.461,0.001,-0.042,529.316,0.215,-0.534
00:00:27.506,1572874263236,0.05,-0.011,11.091,0.664,3.0,0.001,21.462,0.001,-0.042,529.674,0.215,-0.534
00:00:27.555,1572874263285,0.05,-0.011,11.091,0.664,3.0,0.001,21.463,0.001,-0.042,530.0319999999998,0.214,-0.534
00:00:27.556,1572874263286,0.05,-0.012,11.091,0.664,3.0,0.001,21.464,0.001,-0.042,530.389,0.214,-0.534
00:00:27.557,1572874263287,0.05,-0.013,11.091,0.664,3.0,0.001,21.464,0.001,-0.042,530.747,0.214,-0.534
00:00:27.614,1572874263344,0.05,-0.013,11.091,0.664,3.0,0.001,21.465,0.001,-0.042,531.105,0.214,-0.534
00:00:27.615,1572874263345,0.05,-0.014,11.091,0.664,3.0,0.002,21.466,0.001,-0.042,531.4630000000002,0.214,-0.534
00:00:27.616,1572874263346,0.05,-0.014,11.091,0.664,3.0,0.002,21.467,0.001,-0.042,531.82,0.214,-0.534
00:00:27.658,1572874263388,0.05,-0.015,11.091,0.664,3.0,0.002,21.468000000000004,0.001,-0.042,532.178,0.213,-0.534
00:00:27.659,1572874263389,0.05,-0.015,11.091,0.664,3.0,0.002,21.469,0.001,-0.042,532.536,0.213,-0.534
00:00:27.660,1572874263390,0.05,-0.016,11.091,0.664,3.0,0.002,21.469,0.001,-0.042,532.894,0.213,-0.534
00:00:27.710,1572874263440,0.05,-0.016,11.091,0.664,3.0,0.002,21.47,0.001,-0.042,533.252,0.213,-0.534
00:00:27.711,1572874263441,0.05,-0.017,11.091,0.664,3.0,0.002,21.471,0.001,-0.042,533.61,0.213,-0.534
00:00:27.712,1572874263442,0.05,-0.018000000000000002,11.091,0.664,3.0,0.002,21.472,0.001,-0.042,533.967,0.212,-0.534
00:00:27.757,1572874263487,0.05,-0.019,11.091,0.664,3.0,0.003,21.473000000000006,0.001,-0.042,534.325,0.212,-0.534
00:00:27.758,1572874263488,0.05,-0.019,11.091,0.664,3.0,0.003,21.473000000000006,0.001,-0.042,534.683,0.212,-0.534
00:00:27.759,1572874263489,0.05,-0.02,11.091,0.664,3.0,0.003,21.474,0.001,-0.042,535.0409999999998,0.212,-0.534
00:00:27.815,1572874263545,0.05,-0.021,11.091,0.664,3.0,0.003,21.475,0.001,-0.042,535.399,0.211,-0.534
00:00:27.816,1572874263546,0.05,-0.022,11.091,0.664,3.0,0.003,21.476,0.001,-0.042,535.757,0.211,-0.534
00:00:27.817,1572874263547,0.05,-0.023,11.091,0.664,3.0,0.003,21.477,0.001,-0.042,536.115,0.211,-0.534
00:00:27.818,1572874263548,0.05,-0.023,11.091,0.664,3.0,0.004,21.478,0.001,-0.042,536.495,0.211,-0.534
00:00:27.867,1572874263597,0.049,-0.024,11.091,0.664,3.0,0.004,21.478,0.001,-0.042,536.831,0.21,-0.534
00:00:27.868,1572874263598,0.049,-0.024,11.091,0.664,3.0,0.004,21.479,0.001,-0.042,537.211,0.21,-0.534
00:00:27.869,1572874263599,0.049,-0.024,11.091,0.664,3.0,0.004,21.48,0.001,-0.042,537.547,0.21,-0.534
00:00:27.929,1572874263659,0.049,-0.024,11.091,0.664,3.0,0.004,21.481,0.001,-0.042,537.905,0.21,-0.534
00:00:27.930,1572874263660,0.049,-0.025,11.091,0.664,3.0,0.004,21.482,0.001,-0.042,538.263,0.209,-0.534
00:00:27.931,1572874263661,0.049,-0.025,11.091,0.664,3.0,0.005,21.483,0.001,-0.042,538.621,0.209,-0.534
00:00:27.980,1572874263710,0.049,-0.025,11.091,0.664,3.0,0.005,21.483,0.001,-0.042,538.979,0.209,-0.534
00:00:27.981,1572874263711,0.049,-0.024,11.091,0.664,3.0,0.005,21.484,0.001,-0.042,539.337,0.208,-0.534
00:00:27.982,1572874263712,0.049,-0.025,11.091,0.664,3.0,0.005,21.485,0.001,-0.042,539.695,0.208,-0.534
00:00:28.029,1572874263759,0.049,-0.025,11.091,0.664,3.0,0.005,21.486,0.001,-0.042,540.075,0.208,-0.534
00:00:28.030,1572874263760,0.049,-0.025,11.091,0.664,3.0,0.005,21.487,0.002,-0.042,540.411,0.207,-0.534
00:00:28.031,1572874263761,0.049,-0.025,11.091,0.664,3.0,0.006,21.487,0.002,-0.042,540.769,0.207,-0.534
00:00:28.082,1572874263812,0.049,-0.025,11.091,0.664,3.0,0.006,21.488000000000003,0.002,-0.042,541.15,0.207,-0.534
00:00:28.083,1572874263813,0.049,-0.025,11.091,0.664,3.0,0.006,21.489,0.002,-0.042,541.486,0.206,-0.534
00:00:28.084,1572874263814,0.049,-0.025,11.091,0.664,3.0,0.006,21.49,0.002,-0.042,541.866,0.206,-0.534
00:00:28.085,1572874263815,0.049,-0.025,11.091,0.664,3.0,0.006,21.491,0.002,-0.042,542.202,0.206,-0.534
00:00:28.132,1572874263862,0.049,-0.025,11.091,0.664,3.0,0.006,21.492,0.002,-0.042,542.56,0.205,-0.534
00:00:28.133,1572874263863,0.049,-0.024,11.091,0.664,3.0,0.006,21.492,0.002,-0.042,542.918,0.205,-0.534
00:00:28.134,1572874263864,0.049,-0.024,11.091,0.664,3.0,0.006,21.493,0.002,-0.042,543.299,0.204,-0.534
00:00:28.189,1572874263919,0.049,-0.023,11.091,0.664,3.0,0.006,21.494,0.002,-0.042,543.635,0.204,-0.534
00:00:28.190,1572874263920,0.049,-0.023,11.091,0.664,3.0,0.006,21.495,0.002,-0.042,543.993,0.204,-0.534
00:00:28.191,1572874263921,0.049,-0.023,11.091,0.664,3.0,0.006999999999999999,21.496,0.002,-0.042,544.374,0.203,-0.534
00:00:28.248,1572874263978,0.049,-0.023,11.091,0.664,3.0,0.006999999999999999,21.496,0.002,-0.042,544.71,0.203,-0.534
00:00:28.249,1572874263979,0.049,-0.022,11.091,0.664,3.0,0.006999999999999999,21.497,0.002,-0.042,545.068,0.202,-0.534
00:00:28.250,1572874263980,0.049,-0.022,11.091,0.664,3.0,0.006999999999999999,21.498,0.002,-0.042,545.4259999999998,0.202,-0.534
00:00:28.298,1572874264028,0.049,-0.022,11.091,0.664,3.0,0.006999999999999999,21.499,0.002,-0.042,545.807,0.202,-0.534
00:00:28.299,1572874264029,0.049,-0.021,11.091,0.664,3.0,0.006999999999999999,21.5,0.002,-0.042,546.143,0.201,-0.534
00:00:28.300,1572874264030,0.049,-0.021,11.091,0.664,3.0,0.006999999999999999,21.501,0.002,-0.042,546.501,0.201,-0.534
00:00:28.344,1572874264074,0.049,-0.021,11.091,0.664,3.0,0.006999999999999999,21.501,0.001,-0.042,546.882,0.2,-0.534
00:00:28.345,1572874264075,0.049,-0.021,11.091,0.664,3.0,0.006999999999999999,21.502,0.001,-0.042,547.2180000000002,0.2,-0.534
00:00:28.346,1572874264076,0.049,-0.02,11.091,0.664,3.0,0.006999999999999999,21.503,0.001,-0.042,547.599,0.199,-0.534
00:00:28.401,1572874264131,0.049,-0.02,11.091,0.664,3.0,0.006999999999999999,21.504,0.001,-0.042,547.935,0.199,-0.534
00:00:28.402,1572874264132,0.049,-0.02,11.091,0.664,3.0,0.006999999999999999,21.505,0.001,-0.042,548.293,0.198,-0.534
00:00:28.403,1572874264133,0.049,-0.019,11.091,0.664,3.0,0.006999999999999999,21.506,0.001,-0.042,548.674,0.198,-0.534
00:00:28.404,1572874264134,0.049,-0.019,11.091,0.664,3.0,0.006999999999999999,21.506,0.001,-0.042,549.01,0.198,-0.534
00:00:28.450,1572874264180,0.049,-0.019,11.091,0.664,3.0,0.006999999999999999,21.507,0.001,-0.042,549.368,0.197,-0.534
00:00:28.451,1572874264181,0.049,-0.019,11.091,0.664,3.0,0.006999999999999999,21.50800000000001,0.001,-0.042,549.727,0.197,-0.534
00:00:28.452,1572874264182,0.049,-0.018000000000000002,11.091,0.664,3.0,0.006999999999999999,21.509,0.001,-0.042,550.1080000000002,0.196,-0.534
00:00:28.499,1572874264229,0.049,-0.018000000000000002,11.091,0.664,3.0,0.006999999999999999,21.51,0.001,-0.042,550.444,0.196,-0.534
00:00:28.500,1572874264230,0.049,-0.017,11.091,0.664,3.0,0.006999999999999999,21.51,0.001,-0.042,550.802,0.195,-0.534
00:00:28.501,1572874264231,0.049,-0.017,11.091,0.664,3.0,0.006999999999999999,21.511,0.001,-0.042,551.161,0.195,-0.534
00:00:28.552,1572874264282,0.049,-0.017,11.091,0.664,3.0,0.006999999999999999,21.512,0.001,-0.042,551.519,0.194,-0.534
00:00:28.553,1572874264283,0.049,-0.017,11.091,0.664,3.0,0.006999999999999999,21.513,0.001,-0.042,551.9,0.193,-0.534
00:00:28.554,1572874264284,0.049,-0.017,11.091,0.664,3.0,0.006999999999999999,21.514,0.001,-0.042,552.236,0.193,-0.534
00:00:28.600,1572874264330,0.049,-0.017,11.091,0.664,3.0,0.006999999999999999,21.514,0.001,-0.042,552.595,0.192,-0.534
00:00:28.601,1572874264331,0.049,-0.017,11.091,0.664,3.0,0.006999999999999999,21.515,0.001,-0.042,552.976,0.192,-0.534
00:00:28.602,1572874264332,0.049,-0.017,11.091,0.664,3.0,0.006999999999999999,21.516,0.001,-0.042,553.312,0.191,-0.534
00:00:28.657,1572874264387,0.049,-0.017,11.091,0.664,3.0,0.006999999999999999,21.517,0.001,-0.042,553.6709999999998,0.191,-0.534
00:00:28.658,1572874264388,0.049,-0.016,11.091,0.664,3.0,0.006999999999999999,21.518,0.001,-0.042,554.052,0.19,-0.534
00:00:28.659,1572874264389,0.049,-0.016,11.091,0.664,3.0,0.006999999999999999,21.519,0.001,-0.042,554.41,0.19,-0.534
00:00:28.702,1572874264432,0.049,-0.016,11.091,0.664,3.0,0.006999999999999999,21.519,0.001,-0.042,554.747,0.189,-0.534
00:00:28.703,1572874264433,0.049,-0.016,11.091,0.664,3.0,0.006999999999999999,21.52,0.001,-0.042,555.128,0.189,-0.534
00:00:28.704,1572874264434,0.049,-0.016,11.091,0.664,3.0,0.006999999999999999,21.521,0.001,-0.042,555.486,0.188,-0.534
00:00:28.752,1572874264482,0.049,-0.016,11.091,0.664,3.0,0.006,21.522,0.001,-0.042,555.823,0.187,-0.534
00:00:28.753,1572874264483,0.049,-0.016,11.091,0.664,3.0,0.006,21.523000000000003,0.001,-0.042,556.2040000000002,0.187,-0.534
00:00:28.754,1572874264484,0.049,-0.016,11.091,0.664,3.0,0.006,21.523000000000003,0.001,-0.042,556.562,0.18600000000000005,-0.534
00:00:28.802,1572874264532,0.049,-0.016,11.091,0.664,3.0,0.006,21.524,0.001,-0.042,556.899,0.18600000000000005,-0.534
00:00:28.803,1572874264533,0.049,-0.016,11.091,0.664,3.0,0.006,21.525,0.001,-0.042,557.28,0.185,-0.534
00:00:28.804,1572874264534,0.048,-0.016,11.091,0.664,3.0,0.006,21.526,0.001,-0.042,557.639,0.185,-0.534
00:00:28.866,1572874264596,0.048,-0.016,11.091,0.664,3.0,0.006,21.527,0.001,-0.042,557.997,0.184,-0.534
00:00:28.867,1572874264597,0.048,-0.016,11.091,0.664,3.0,0.006,21.527,0.001,-0.042,558.356,0.183,-0.534
00:00:28.868,1572874264598,0.048,-0.017,11.091,0.664,3.0,0.006,21.528,0.001,-0.042,558.715,0.183,-0.534
00:00:28.869,1572874264599,0.048,-0.017,11.091,0.664,3.0,0.006,21.529,0.001,-0.042,559.0740000000002,0.182,-0.534
00:00:28.914,1572874264644,0.048,-0.017,11.091,0.664,3.0,0.006,21.53,0.001,-0.042,559.433,0.182,-0.534
00:00:28.915,1572874264645,0.048,-0.017,11.091,0.664,3.0,0.006,21.531,0.001,-0.042,559.769,0.181,-0.534
00:00:28.916,1572874264646,0.048,-0.017,11.091,0.664,3.0,0.006,21.531,0.001,-0.042,560.15,0.18,-0.534
00:00:28.965,1572874264695,0.048,-0.017,11.091,0.664,3.0,0.006,21.532,0.001,-0.042,560.509,0.18,-0.534
00:00:28.966,1572874264696,0.048,-0.017,11.091,0.664,3.0,0.006,21.533,0.001,-0.042,560.846,0.179,-0.534
00:00:28.967,1572874264697,0.048,-0.017,11.091,0.664,3.0,0.006,21.534,0.001,-0.042,561.2040000000002,0.17800000000000002,-0.534
00:00:29.016,1572874264746,0.048,-0.017,11.091,0.664,3.0,0.006,21.535,0.001,-0.042,561.586,0.17800000000000002,-0.534
00:00:29.017,1572874264747,0.048,-0.017,11.091,0.664,3.0,0.006,21.535,0.001,-0.042,561.945,0.177,-0.534
00:00:29.018,1572874264748,0.048,-0.017,11.091,0.664,3.0,0.006,21.536,0.001,-0.042,562.304,0.17600000000000002,-0.534
00:00:29.072,1572874264802,0.048,-0.017,11.091,0.664,3.0,0.006,21.537,0.001,-0.042,562.663,0.17600000000000002,-0.534
00:00:29.073,1572874264803,0.048,-0.017,11.091,0.664,3.0,0.006,21.538,0.001,-0.042,563.0219999999998,0.175,-0.534
00:00:29.074,1572874264804,0.048,-0.017,11.091,0.664,3.0,0.006,21.539,0.001,-0.042,563.381,0.174,-0.534
00:00:29.123,1572874264853,0.048,-0.017,11.091,0.664,3.0,0.006,21.539,0.001,-0.042,563.739,0.174,-0.534
00:00:29.124,1572874264854,0.048,-0.017,11.091,0.664,3.0,0.006,21.54,0.001,-0.042,564.0980000000002,0.173,-0.534
00:00:29.125,1572874264855,0.048,-0.017,11.091,0.664,3.0,0.006,21.541,0.001,-0.042,564.4580000000002,0.172,-0.534
00:00:29.181,1572874264911,0.048,-0.017,11.091,0.664,3.0,0.006,21.542,0.001,-0.042,564.817,0.172,-0.534
00:00:29.182,1572874264912,0.048,-0.017,11.091,0.664,3.0,0.006,21.54300000000001,0.001,-0.042,565.1759999999998,0.171,-0.534
00:00:29.183,1572874264913,0.048,-0.017,11.091,0.664,3.0,0.006,21.54300000000001,0.001,-0.042,565.535,0.17,-0.534
00:00:29.224,1572874264954,0.048,-0.017,11.311,0.664,3.0,0.006,21.544,0.001,-0.042,565.894,0.17,-0.534
00:00:29.225,1572874264955,0.048,-0.017,11.311,0.664,3.0,0.006,21.545,0.001,-0.042,566.253,0.16899999999999998,-0.534
00:00:29.226,1572874264956,0.049,-0.017,11.311,0.664,3.0,0.006,21.546,0.001,-0.042,566.612,0.168,-0.534
00:00:29.274,1572874265004,0.051,-0.017,11.311,0.664,3.0,0.006,21.547,0.001,-0.042,566.971,0.168,-0.534
00:00:29.275,1572874265005,0.052000000000000005,-0.017,11.311,0.664,3.0,0.006,21.548,0.001,-0.042,567.33,0.16699999999999998,-0.534
00:00:29.276,1572874265006,0.054000000000000006,-0.017,11.311,0.664,3.0,0.006,21.549,0.001,-0.042,567.689,0.166,-0.534
00:00:29.325,1572874265055,0.056,-0.017,11.311,0.664,3.0,0.006,21.55,0.001,-0.042,568.048,0.165,-0.534
00:00:29.326,1572874265056,0.056,-0.017,11.311,0.664,3.0,0.006,21.55,0.001,-0.042,568.408,0.165,-0.534
00:00:29.327,1572874265057,0.056,-0.017,11.311,0.664,3.0,0.006,21.551,0.001,-0.042,568.7669999999998,0.16399999999999998,-0.534
00:00:29.379,1572874265109,0.056,-0.017,11.311,0.664,3.0,0.006,21.552,0.001,-0.042,569.126,0.163,-0.534
00:00:29.380,1572874265110,0.056,-0.017,11.311,0.664,3.0,0.006,21.553,0.001,-0.042,569.485,0.162,-0.534
00:00:29.381,1572874265111,0.056,-0.016,11.311,0.664,3.0,0.006,21.554,0.001,-0.041,569.844,0.162,-0.534
00:00:29.431,1572874265161,0.056,-0.016,11.091,0.664,3.0,0.006,21.555,0.001,-0.041,570.2040000000002,0.161,-0.534
00:00:29.432,1572874265162,0.055,-0.016,11.091,0.664,3.0,0.006,21.556,0.001,-0.041,570.563,0.16,-0.534
00:00:29.433,1572874265163,0.054000000000000006,-0.016,11.091,0.664,3.0,0.006,21.557,0.001,-0.041,570.922,0.159,-0.534
00:00:29.477,1572874265207,0.053,-0.016,11.091,0.664,3.0,0.006,21.558000000000003,0.001,-0.041,571.281,0.159,-0.534
00:00:29.478,1572874265208,0.051,-0.016,11.091,0.664,3.0,0.006,21.559,0.001,-0.041,571.641,0.158,-0.534
00:00:29.479,1572874265209,0.049,-0.017,11.091,0.664,3.0,0.006,21.559,0.001,-0.041,572.0,0.157,-0.534
00:00:29.528,1572874265258,0.048,-0.017,11.311,0.664,3.0,0.006,21.56,0.001,-0.041,572.359,0.156,-0.534
00:00:29.529,1572874265259,0.047,-0.016,11.311,0.664,3.0,0.006,21.561,0.001,-0.041,572.719,0.155,-0.534
00:00:29.530,1572874265260,0.048,-0.016,11.311,0.664,3.0,0.006,21.562,0.001,-0.041,573.033,0.155,-0.534
00:00:29.577,1572874265307,0.049,-0.016,11.311,0.664,3.0,0.006,21.563,0.001,-0.041,573.393,0.154,-0.534
00:00:29.578,1572874265308,0.051,-0.016,11.311,0.664,3.0,0.006,21.563,0.001,-0.041,573.752,0.153,-0.534
00:00:29.579,1572874265309,0.053,-0.016,11.311,0.664,3.0,0.006,21.564,0.001,-0.041,574.111,0.152,-0.534
00:00:29.628,1572874265358,0.055,-0.015,11.311,0.664,3.0,0.006,21.565,0.001,-0.041,574.471,0.152,-0.534
00:00:29.629,1572874265359,0.056,-0.015,11.311,0.664,3.0,0.006,21.566,0.001,-0.041,574.83,0.151,-0.534
00:00:29.630,1572874265360,0.056,-0.015,11.311,0.664,3.0,0.006,21.567,0.001,-0.041,575.19,0.15,-0.534
00:00:29.679,1572874265409,0.056,-0.015,11.311,0.664,3.0,0.006,21.568,0.001,-0.041,575.549,0.149,-0.534
00:00:29.680,1572874265410,0.056,-0.014,11.311,0.664,3.0,0.006,21.56900000000001,0.001,-0.041,575.908,0.14800000000000002,-0.534
00:00:29.681,1572874265411,0.055,-0.013,11.311,0.664,3.0,0.006,21.57,0.001,-0.041,576.268,0.147,-0.534
00:00:29.730,1572874265460,0.055,-0.013,11.311,0.664,3.0,0.006,21.571,0.001,-0.041,576.627,0.147,-0.534
00:00:29.731,1572874265461,0.055,-0.012,11.311,0.664,3.0,0.006,21.572,0.001,-0.041,576.987,0.146,-0.534
00:00:29.732,1572874265462,0.055,-0.011,11.311,0.664,3.0,0.006,21.573,0.001,-0.041,577.347,0.145,-0.534
00:00:29.781,1572874265511,0.055,-0.011,11.311,0.664,3.0,0.006,21.574,0.001,-0.041,577.706,0.14400000000000002,-0.534
00:00:29.782,1572874265512,0.055,-0.01,11.311,0.664,3.0,0.006,21.574,0.001,-0.041,578.066,0.14300000000000002,-0.534
00:00:29.783,1572874265513,0.055,-0.009000000000000001,11.311,0.664,3.0,0.006,21.575,0.001,-0.041,578.425,0.142,-0.534
00:00:29.832,1572874265562,0.055,-0.009000000000000001,11.457,0.664,3.0,0.006,21.576,0.001,-0.041,578.785,0.141,-0.534
00:00:29.833,1572874265563,0.055,-0.009000000000000001,11.457,0.664,3.0,0.005,21.577,0.001,-0.041,579.144,0.141,-0.534
00:00:29.834,1572874265564,0.056,-0.008,11.457,0.664,3.0,0.005,21.57800000000001,0.001,-0.041,579.504,0.14,-0.534
00:00:29.835,1572874265565,0.057,-0.008,11.457,0.664,3.0,0.005,21.579,0.001,-0.041,579.864,0.139,-0.534
00:00:29.882,1572874265612,0.058,-0.008,11.457,0.664,3.0,0.005,21.58,0.001,-0.041,580.2230000000002,0.138,-0.534
00:00:29.883,1572874265613,0.059,-0.006999999999999999,11.457,0.664,3.0,0.005,21.581,0.001,-0.041,580.5830000000002,0.13699999999999998,-0.534
00:00:29.884,1572874265614,0.06,-0.006999999999999999,11.457,0.664,3.0,0.005,21.582,0.001,-0.041,580.943,0.136,-0.534
00:00:29.932,1572874265662,0.06,-0.006999999999999999,11.457,0.664,3.0,0.005,21.583,0.001,-0.041,581.302,0.135,-0.534
00:00:29.933,1572874265663,0.061,-0.006999999999999999,11.457,0.664,3.0,0.005,21.584,0.001,-0.041,581.6619999999998,0.135,-0.534
00:00:29.934,1572874265664,0.06,-0.006,11.457,0.664,3.0,0.005,21.585,0.001,-0.041,582.0219999999998,0.134,-0.534
00:00:29.982,1572874265712,0.06,-0.006,11.457,0.664,3.0,0.005,21.586,0.001,-0.041,582.382,0.133,-0.534
00:00:29.983,1572874265713,0.06,-0.006,11.457,0.664,3.0,0.005,21.587,0.001,-0.041,582.741,0.132,-0.534
00:00:29.984,1572874265714,0.06,-0.006,11.457,0.664,3.0,0.004,21.588,0.001,-0.041,583.101,0.131,-0.534
00:00:30.041,1572874265771,0.06,-0.005,11.457,0.664,3.0,0.004,21.589,0.0,-0.041,583.461,0.13,-0.534
00:00:30.042,1572874265772,0.06,-0.005,11.457,0.664,3.0,0.004,21.59,0.0,-0.041,583.821,0.129,-0.534
00:00:30.043,1572874265773,0.06,-0.005,11.457,0.664,3.0,0.004,21.591,0.0,-0.041,584.181,0.128,-0.534
