rec-time,UTC,Acceleration,Lateral acceleration,Gas pedal position,Brake pedal force,Gear,Steering wheel position,Velocity,Lateral velocity,Vertical velocity,X axis position,Y axis position,Z axis position
00:00:01.557,1572925438837,0.0,0.0,0.983,172.99599999999995,3.0,-0.085,0.0,0.0,0.0,0.0,0.0,-0.527
00:00:01.558,1572925438838,0.0,0.0,0.983,172.99599999999995,3.0,-0.085,0.0,0.0,0.0,0.0,0.0,-0.527
00:00:01.604,1572925438884,0.0,0.0,0.983,172.99599999999995,3.0,-0.085,0.0,0.0,0.0,0.0,0.0,-0.527
00:00:01.605,1572925438885,0.0,0.0,0.983,172.99599999999995,3.0,-0.085,0.0,0.0,0.0,0.0,0.0,-0.527
00:00:01.606,1572925438886,0.0,0.0,0.983,172.99599999999995,3.0,-0.085,0.0,0.0,0.0,0.0,0.0,-0.527
00:00:01.654,1572925438934,0.0,0.0,0.983,172.99599999999995,3.0,-0.085,0.0,0.0,0.0,0.0,0.0,-0.527
00:00:01.655,1572925438935,0.0,0.0,0.983,172.99599999999995,3.0,-0.085,0.0,0.0,0.0,0.0,0.0,-0.527
00:00:01.656,1572925438936,0.0,0.0,0.983,172.99599999999995,3.0,-0.085,0.0,0.0,0.0,0.0,0.0,-0.527
00:00:01.706,1572925438986,0.0,0.0,0.983,172.99599999999995,3.0,-0.085,0.0,0.0,0.0,0.0,0.0,-0.527
00:00:01.707,1572925438987,0.0,0.0,0.983,172.99599999999995,3.0,-0.085,0.0,0.0,0.0,0.0,0.0,-0.527
00:00:01.708,1572925438988,0.0,0.0,0.983,172.99599999999995,3.0,-0.085,0.0,0.0,0.0,0.0,0.0,-0.527
00:00:01.757,1572925439037,0.0,0.0,0.983,172.99599999999995,3.0,-0.085,0.0,0.0,0.0,0.0,0.0,-0.527
00:00:01.758,1572925439038,0.0,0.0,0.983,171.83700000000005,3.0,-0.085,0.0,0.0,0.0,0.0,0.0,-0.527
00:00:01.759,1572925439039,0.0,0.0,0.983,171.83700000000005,3.0,-0.085,0.0,0.0,0.0,0.0,0.0,-0.527
00:00:01.807,1572925439087,0.0,0.0,0.983,171.83700000000005,3.0,-0.085,0.0,0.0,0.0,0.0,0.0,-0.527
00:00:01.808,1572925439088,0.0,0.0,0.983,171.83700000000005,3.0,-0.085,0.0,0.0,0.0,0.0,0.0,-0.527
00:00:01.809,1572925439089,0.0,0.0,0.983,171.83700000000005,3.0,-0.085,0.0,0.0,0.0,0.0,0.0,-0.527
00:00:01.857,1572925439137,0.0,0.0,0.983,171.83700000000005,3.0,-0.085,0.0,0.0,0.0,0.0,0.0,-0.527
00:00:01.858,1572925439138,0.0,0.0,0.983,152.35399999999996,3.0,-0.085,0.0,0.0,0.0,0.0,0.0,-0.527
00:00:01.859,1572925439139,0.0,0.0,0.983,152.35399999999996,3.0,-0.085,0.0,0.0,0.0,0.0,0.0,-0.527
00:00:01.907,1572925439187,0.0,0.0,0.983,152.35399999999996,3.0,-0.085,0.0,0.0,0.0,0.0,0.0,-0.527
00:00:01.908,1572925439188,0.0,0.0,0.983,152.35399999999996,3.0,-0.085,0.0,0.0,0.0,0.0,0.0,-0.527
00:00:01.909,1572925439189,0.0,0.0,0.983,152.35399999999996,3.0,-0.085,0.0,0.0,0.0,0.0,0.0,-0.527
00:00:01.959,1572925439239,0.0,0.0,0.983,152.35399999999996,3.0,-0.085,0.0,0.0,0.0,0.0,0.0,-0.527
00:00:01.960,1572925439240,0.0,0.0,0.983,103.878,3.0,-0.085,0.0,0.0,0.0,0.0,0.0,-0.527
00:00:01.961,1572925439241,0.0,0.0,0.983,103.878,3.0,-0.085,0.0,0.0,0.0,0.0,0.0,-0.527
00:00:02.009,1572925439289,0.0,0.0,0.983,103.878,3.0,-0.085,0.0,0.0,0.0,0.0,0.0,-0.527
00:00:02.010,1572925439290,0.0,0.0,0.983,103.878,3.0,-0.085,0.0,0.0,0.0,0.0,0.0,-0.527
00:00:02.011,1572925439291,0.0,0.0,0.983,103.878,3.0,-0.085,0.0,0.0,0.0,0.0,0.0,-0.527
00:00:02.061,1572925439341,0.0,0.0,0.983,103.878,3.0,-0.085,0.0,0.0,0.0,0.0,0.0,-0.527
00:00:02.062,1572925439342,0.0,0.0,0.983,47.052,3.0,-0.085,0.0,0.0,0.0,0.0,0.0,-0.527
00:00:02.063,1572925439343,0.0,0.0,0.983,47.052,3.0,-0.085,0.0,0.0,0.0,0.0,0.0,-0.527
00:00:02.112,1572925439392,0.0,0.0,0.983,47.052,3.0,-0.085,0.0,0.0,0.0,0.0,0.0,-0.527
00:00:02.113,1572925439393,0.0,0.0,0.983,47.052,3.0,-0.085,0.0,0.0,0.0,0.0,0.0,-0.527
00:00:02.114,1572925439394,0.0,0.0,0.983,47.052,3.0,-0.085,0.0,0.0,0.0,0.0,0.0,-0.527
00:00:02.162,1572925439442,0.0,0.0,0.983,47.052,3.0,-0.085,0.0,0.0,0.0,0.0,0.0,-0.527
00:00:02.163,1572925439443,-0.023,-0.001,0.983,9.71,3.0,-0.085,-0.001,0.0,-0.001,0.0,0.0,-0.527
00:00:02.164,1572925439444,-0.009000000000000001,-0.001,0.983,9.71,3.0,-0.085,-0.001,0.0,-0.002,-0.001,0.0,-0.527
00:00:02.212,1572925439492,0.001,0.0,0.983,9.71,3.0,-0.085,0.0,0.0,-0.004,-0.001,0.0,-0.527
00:00:02.213,1572925439493,0.009000000000000001,0.0,0.983,9.71,3.0,-0.085,0.0,0.0,-0.005,-0.001,0.0,-0.527
00:00:02.214,1572925439494,0.014,0.0,0.983,9.71,3.0,-0.085,0.0,0.0,-0.006,-0.001,0.0,-0.527
00:00:02.263,1572925439543,0.018000000000000002,0.0,0.983,9.71,3.0,-0.085,0.001,0.0,-0.006999999999999999,-0.001,0.0,-0.527
00:00:02.264,1572925439544,0.125,0.0,0.983,1.824,3.0,-0.085,0.005,0.0,-0.009000000000000001,0.0,0.0,-0.527
00:00:02.265,1572925439545,0.179,-0.001,0.983,1.824,3.0,-0.085,0.008,0.0,-0.011,0.0,0.0,-0.527
00:00:02.266,1572925439546,0.244,-0.001,0.983,1.824,3.0,-0.085,0.013,0.0,-0.012,0.0,0.0,-0.528
00:00:02.314,1572925439594,0.28300000000000003,-0.001,0.983,1.824,3.0,-0.085,0.018000000000000002,0.0,-0.014,0.0,0.0,-0.528
00:00:02.315,1572925439595,0.303,-0.001,0.983,1.824,3.0,-0.085,0.023,0.0,-0.015,0.0,0.0,-0.528
00:00:02.316,1572925439596,0.317,-0.001,0.983,1.824,3.0,-0.085,0.029,0.0,-0.016,0.001,0.0,-0.528
00:00:02.364,1572925439644,0.335,-0.001,0.983,0.664,3.0,-0.085,0.035,0.0,-0.016,0.001,0.0,-0.529
00:00:02.365,1572925439645,0.361,-0.001,0.983,0.664,3.0,-0.085,0.041,0.0,-0.016,0.002,0.0,-0.529
00:00:02.366,1572925439646,0.38,-0.001,0.983,0.664,3.0,-0.085,0.048,0.0,-0.016,0.003,0.0,-0.529
00:00:02.414,1572925439694,0.395,-0.001,0.983,0.664,3.0,-0.085,0.054000000000000006,0.0,-0.016,0.004,0.0,-0.529
00:00:02.415,1572925439695,0.408,-0.001,0.983,0.664,3.0,-0.085,0.061,0.0,-0.015,0.005,0.0,-0.53
00:00:02.416,1572925439696,0.421,-0.001,0.983,0.664,3.0,-0.085,0.068,0.0,-0.015,0.006,0.0,-0.53
00:00:02.468,1572925439748,0.431,-0.002,0.983,1.128,3.0,-0.085,0.076,0.0,-0.014,0.006999999999999999,0.0,-0.53
00:00:02.469,1572925439749,0.438,-0.002,0.983,1.128,3.0,-0.085,0.083,0.0,-0.013,0.008,0.0,-0.53
00:00:02.470,1572925439750,0.447,-0.002,0.983,1.128,3.0,-0.085,0.091,0.0,-0.012,0.01,0.0,-0.531
00:00:02.519,1572925439799,0.456,-0.002,0.983,1.128,3.0,-0.085,0.098,0.0,-0.011,0.011,0.0,-0.531
00:00:02.520,1572925439800,0.464,-0.002,0.983,1.128,3.0,-0.085,0.106,0.0,-0.01,0.013,0.0,-0.531
00:00:02.521,1572925439801,0.473,-0.002,0.983,1.128,3.0,-0.085,0.114,0.0,-0.009000000000000001,0.015,0.0,-0.531
00:00:02.572,1572925439852,0.482,-0.002,0.983,0.664,3.0,-0.085,0.122,0.0,-0.006999999999999999,0.017,0.0,-0.531
00:00:02.573,1572925439853,0.493,-0.002,0.983,0.664,3.0,-0.085,0.131,-0.001,-0.006,0.019,0.0,-0.531
00:00:02.574,1572925439854,0.502,-0.002,0.983,0.664,3.0,-0.085,0.139,-0.001,-0.005,0.021,0.0,-0.531
00:00:02.622,1572925439902,0.509,-0.002,0.983,0.664,3.0,-0.085,0.14800000000000002,-0.001,-0.005,0.024,0.0,-0.531
00:00:02.623,1572925439903,0.515,-0.002,0.983,0.664,3.0,-0.085,0.157,-0.001,-0.004,0.026,0.0,-0.532
00:00:02.624,1572925439904,0.521,-0.002,0.983,0.664,3.0,-0.085,0.165,-0.001,-0.003,0.029,0.0,-0.532
00:00:02.674,1572925439954,0.526,-0.002,1.13,0.664,3.0,-0.085,0.174,-0.001,-0.002,0.032,0.0,-0.532
00:00:02.675,1572925439955,0.532,-0.002,1.13,0.664,3.0,-0.085,0.183,-0.001,-0.002,0.035,0.0,-0.532
00:00:02.676,1572925439956,0.5379999999999999,-0.002,1.13,0.664,3.0,-0.085,0.192,-0.001,-0.001,0.038,0.0,-0.532
00:00:02.724,1572925440004,0.544,-0.002,1.13,0.664,3.0,-0.085,0.201,-0.001,-0.001,0.041,0.0,-0.532
00:00:02.725,1572925440005,0.551,-0.002,1.13,0.664,3.0,-0.085,0.211,-0.001,0.0,0.044,0.0,-0.532
00:00:02.726,1572925440006,0.5579999999999999,-0.002,1.13,0.664,3.0,-0.085,0.22,-0.001,0.0,0.048,0.0,-0.532
00:00:02.781,1572925440061,0.564,-0.002,1.13,0.664,3.0,-0.085,0.229,-0.001,0.001,0.052000000000000005,0.0,-0.532
00:00:02.782,1572925440062,0.57,-0.002,1.13,0.664,3.0,-0.085,0.239,-0.001,0.001,0.056,0.0,-0.532
00:00:02.783,1572925440063,0.575,-0.002,1.13,0.664,3.0,-0.085,0.249,-0.001,0.001,0.06,0.0,-0.532
00:00:02.784,1572925440064,0.58,-0.002,1.13,0.664,3.0,-0.085,0.258,-0.001,0.001,0.064,0.0,-0.532
00:00:02.832,1572925440112,0.584,-0.002,1.13,0.664,3.0,-0.085,0.268,-0.001,0.001,0.068,0.0,-0.532
00:00:02.833,1572925440113,0.5870000000000001,-0.002,1.13,0.664,3.0,-0.085,0.278,-0.001,0.002,0.073,0.0,-0.532
00:00:02.834,1572925440114,0.59,-0.002,1.643,0.664,3.0,-0.085,0.28800000000000003,-0.001,0.002,0.078,0.0,-0.532
00:00:02.886,1572925440166,0.595,-0.002,1.643,0.664,3.0,-0.085,0.298,-0.001,0.002,0.08199999999999999,0.0,-0.532
00:00:02.887,1572925440167,0.604,-0.002,1.643,0.664,3.0,-0.085,0.308,-0.001,0.002,0.087,0.0,-0.532
00:00:02.888,1572925440168,0.616,-0.002,1.643,0.664,3.0,-0.085,0.319,-0.001,0.002,0.093,0.0,-0.532
00:00:02.934,1572925440214,0.63,-0.002,1.643,0.664,3.0,-0.085,0.329,-0.001,0.002,0.098,0.0,-0.532
00:00:02.935,1572925440215,0.645,-0.002,1.643,0.664,3.0,-0.085,0.34,-0.001,0.002,0.104,0.0,-0.532
00:00:02.936,1572925440216,0.659,-0.003,2.9610000000000003,0.664,3.0,-0.085,0.35100000000000003,-0.001,0.002,0.109,0.0,-0.532
00:00:02.984,1572925440264,0.68,-0.003,2.9610000000000003,0.664,3.0,-0.085,0.363,-0.001,0.002,0.115,0.0,-0.532
00:00:02.985,1572925440265,0.711,-0.003,2.9610000000000003,0.664,3.0,-0.085,0.376,-0.001,0.002,0.122,0.0,-0.532
00:00:02.986,1572925440266,0.753,-0.003,2.9610000000000003,0.664,3.0,-0.085,0.389,-0.001,0.002,0.128,-0.001,-0.531
00:00:03.034,1572925440314,0.797,-0.003,2.9610000000000003,0.664,3.0,-0.085,0.403,-0.001,0.002,0.135,-0.001,-0.531
00:00:03.035,1572925440315,0.8390000000000001,-0.003,2.9610000000000003,0.664,3.0,-0.085,0.417,-0.001,0.003,0.141,-0.001,-0.531
00:00:03.036,1572925440316,0.879,-0.003,10.652,0.664,3.0,-0.086,0.4320000000000001,-0.002,0.003,0.14800000000000002,-0.001,-0.531
00:00:03.088,1572925440368,0.962,-0.004,10.652,0.664,3.0,-0.086,0.45,-0.002,0.003,0.156,-0.001,-0.531
00:00:03.089,1572925440369,1.139,-0.005,10.652,0.664,3.0,-0.086,0.472,-0.002,0.004,0.163,-0.001,-0.531
00:00:03.090,1572925440370,1.3969999999999998,-0.006,10.652,0.664,3.0,-0.086,0.499,-0.002,0.005,0.172,-0.001,-0.531
00:00:03.142,1572925440422,1.692,-0.006999999999999999,10.652,0.664,3.0,-0.086,0.532,-0.002,0.006999999999999999,0.18,-0.001,-0.531
00:00:03.143,1572925440423,1.984,-0.008,10.652,0.664,3.0,-0.086,0.569,-0.002,0.008,0.189,-0.001,-0.531
00:00:03.144,1572925440424,2.244,-0.009000000000000001,21.492,0.664,3.0,-0.086,0.61,-0.002,0.01,0.199,-0.001,-0.531
00:00:03.189,1572925440469,2.514,-0.01,21.492,0.664,3.0,-0.086,0.655,-0.002,0.012,0.21,-0.001,-0.531
00:00:03.190,1572925440470,2.854,-0.011,21.492,0.664,3.0,-0.086,0.708,-0.003,0.015,0.221,-0.001,-0.531
00:00:03.191,1572925440471,3.25,-0.013,21.492,0.664,3.0,-0.087,0.768,-0.003,0.018000000000000002,0.233,-0.001,-0.53
00:00:03.239,1572925440519,3.659,-0.014,21.492,0.664,3.0,-0.087,0.835,-0.003,0.021,0.247,-0.001,-0.53
00:00:03.240,1572925440520,4.032,-0.016,21.492,0.664,3.0,-0.087,0.907,-0.003,0.024,0.261,-0.001,-0.53
00:00:03.241,1572925440521,4.334,-0.017,23.616,0.664,3.0,-0.087,0.983,-0.004,0.028,0.277,-0.001,-0.53
00:00:03.289,1572925440569,4.551,-0.017,23.616,0.664,3.0,-0.08800000000000001,1.061,-0.004,0.032,0.294,-0.001,-0.529
00:00:03.290,1572925440570,4.688,-0.018000000000000002,23.616,0.664,3.0,-0.08800000000000001,1.14,-0.004,0.035,0.312,-0.001,-0.529
00:00:03.291,1572925440571,4.758,-0.018000000000000002,23.616,0.664,3.0,-0.08800000000000001,1.22,-0.004,0.039,0.332,-0.001,-0.529
00:00:03.340,1572925440620,4.775,-0.018000000000000002,23.616,0.664,3.0,-0.08800000000000001,1.3,-0.005,0.042,0.353,-0.001,-0.528
00:00:03.341,1572925440621,4.757,-0.018000000000000002,23.616,0.664,3.0,-0.08800000000000001,1.379,-0.005,0.045,0.375,-0.002,-0.528
00:00:03.342,1572925440622,4.72,-0.018000000000000002,25.447,0.664,3.0,-0.08800000000000001,1.457,-0.005,0.048,0.399,-0.002,-0.528
00:00:03.390,1572925440670,4.676,-0.019,25.447,0.664,3.0,-0.08800000000000001,1.534,-0.005,0.05,0.424,-0.002,-0.527
00:00:03.391,1572925440671,4.633,-0.019,25.447,0.664,3.0,-0.08800000000000001,1.61,-0.005,0.051,0.45,-0.002,-0.527
00:00:03.392,1572925440672,4.593,-0.019,25.447,0.664,3.0,-0.08800000000000001,1.686,-0.006,0.053,0.478,-0.002,-0.527
00:00:03.440,1572925440720,4.555,-0.02,25.447,0.664,3.0,-0.08800000000000001,1.7619999999999998,-0.006,0.054000000000000006,0.506,-0.002,-0.527
00:00:03.441,1572925440721,4.521,-0.02,25.447,0.664,3.0,-0.08800000000000001,1.836,-0.006,0.054000000000000006,0.536,-0.002,-0.526
00:00:03.442,1572925440722,4.489,-0.02,27.791,0.664,3.0,-0.08800000000000001,1.911,-0.006,0.054000000000000006,0.568,-0.002,-0.526
00:00:03.490,1572925440770,4.462,-0.021,27.791,0.664,3.0,-0.08800000000000001,1.985,-0.006999999999999999,0.054000000000000006,0.6,-0.002,-0.526
00:00:03.491,1572925440771,4.4430000000000005,-0.021,27.791,0.664,3.0,-0.08900000000000001,2.059,-0.006999999999999999,0.054000000000000006,0.634,-0.003,-0.526
00:00:03.492,1572925440772,4.43,-0.021,27.791,0.664,3.0,-0.08800000000000001,2.132,-0.006999999999999999,0.053,0.669,-0.003,-0.526
00:00:03.542,1572925440822,4.416,-0.021,27.791,0.664,3.0,-0.08800000000000001,2.206,-0.006999999999999999,0.053,0.705,-0.003,-0.527
00:00:03.543,1572925440823,4.4,-0.02,27.791,0.664,3.0,-0.08800000000000001,2.279,-0.006999999999999999,0.052000000000000005,0.742,-0.003,-0.527
00:00:03.544,1572925440824,4.381,-0.019,29.988000000000003,0.664,3.0,-0.087,2.351,-0.008,0.052000000000000005,0.7809999999999999,-0.003,-0.527
00:00:03.597,1572925440877,4.362,-0.018000000000000002,29.988000000000003,0.664,3.0,-0.086,2.424,-0.008,0.052000000000000005,0.821,-0.004,-0.527
00:00:03.598,1572925440878,4.346,-0.016,29.988000000000003,0.664,3.0,-0.085,2.496,-0.008,0.053,0.862,-0.004,-0.528
00:00:03.599,1572925440879,4.33,-0.015,29.988000000000003,0.664,3.0,-0.084,2.568,-0.008,0.054000000000000006,0.904,-0.004,-0.528
00:00:03.600,1572925440880,4.311,-0.013,29.988000000000003,0.664,3.0,-0.083,2.64,-0.008,0.056,0.947,-0.004,-0.528
00:00:03.647,1572925440927,4.287,-0.012,29.988000000000003,0.664,3.0,-0.08199999999999999,2.7110000000000003,-0.008,0.058,0.992,-0.004,-0.529
00:00:03.648,1572925440928,4.26,-0.011,33.504,0.664,3.0,-0.081,2.781,-0.008,0.061,1.038,-0.005,-0.529
00:00:03.649,1572925440929,4.2330000000000005,-0.01,33.504,0.664,3.0,-0.08,2.852,-0.008,0.064,1.085,-0.005,-0.529
00:00:03.697,1572925440977,4.212,-0.009000000000000001,33.504,0.664,3.0,-0.08,2.922,-0.008,0.067,1.133,-0.005,-0.529
00:00:03.698,1572925440978,4.194,-0.009000000000000001,33.504,0.664,3.0,-0.079,2.991,-0.008,0.07,1.182,-0.005,-0.53
00:00:03.699,1572925440979,4.177,-0.01,33.504,0.664,3.0,-0.079,3.0610000000000004,-0.006999999999999999,0.07400000000000001,1.232,-0.006,-0.53
00:00:03.749,1572925441029,4.158,-0.011,33.504,0.664,3.0,-0.078,3.13,-0.006999999999999999,0.077,1.284,-0.006,-0.53
00:00:03.750,1572925441030,4.137,-0.012,34.822,0.664,3.0,-0.078,3.198,-0.006999999999999999,0.08,1.337,-0.006,-0.53
00:00:03.751,1572925441031,4.115,-0.013,34.822,0.664,3.0,-0.077,3.267,-0.006999999999999999,0.083,1.391,-0.006,-0.53
00:00:03.798,1572925441078,4.091,-0.014,34.822,0.664,3.0,-0.077,3.335,-0.006999999999999999,0.085,1.446,-0.006999999999999999,-0.53
00:00:03.799,1572925441079,4.064,-0.014,34.822,0.664,3.0,-0.076,3.402,-0.006999999999999999,0.08800000000000001,1.5019999999999998,-0.006999999999999999,-0.53
00:00:03.800,1572925441080,4.0360000000000005,-0.014,34.822,0.664,3.0,-0.075,3.469,-0.006999999999999999,0.09,1.5590000000000002,-0.006999999999999999,-0.53
00:00:03.848,1572925441128,4.007,-0.014,34.822,0.664,3.0,-0.073,3.535,-0.006999999999999999,0.091,1.617,-0.006999999999999999,-0.529
00:00:03.849,1572925441129,3.979,-0.013,34.969,0.664,3.0,-0.07200000000000001,3.6010000000000004,-0.006999999999999999,0.093,1.6769999999999998,-0.008,-0.529
00:00:03.850,1572925441130,3.952,-0.012,34.969,0.664,3.0,-0.071,3.667,-0.006999999999999999,0.094,1.7380000000000002,-0.008,-0.529
00:00:03.898,1572925441178,3.925,-0.011,34.969,0.664,3.0,-0.069,3.732,-0.006999999999999999,0.094,1.7990000000000002,-0.008,-0.529
00:00:03.899,1572925441179,3.9,-0.009000000000000001,34.969,0.664,3.0,-0.068,3.797,-0.006999999999999999,0.095,1.862,-0.009000000000000001,-0.529
00:00:03.900,1572925441180,3.876,-0.006999999999999999,34.969,0.664,3.0,-0.066,3.861,-0.006999999999999999,0.095,1.926,-0.009000000000000001,-0.529
00:00:03.950,1572925441230,3.853,-0.006,34.969,0.664,3.0,-0.064,3.925,-0.006999999999999999,0.095,1.991,-0.009000000000000001,-0.528
00:00:03.951,1572925441231,3.829,-0.004,34.969,0.664,3.0,-0.063,3.988,-0.006,0.094,2.057,-0.01,-0.528
00:00:03.952,1572925441232,3.806,-0.002,34.969,0.664,3.0,-0.061,4.051,-0.006,0.094,2.124,-0.01,-0.528
00:00:04.005,1572925441285,3.783,0.0,34.969,0.664,3.0,-0.06,4.114,-0.006,0.093,2.192,-0.01,-0.528
00:00:04.006,1572925441286,3.76,0.001,34.969,0.664,3.0,-0.058,4.177,-0.006,0.093,2.261,-0.011,-0.528
00:00:04.007,1572925441287,3.736,0.003,34.969,0.664,3.0,-0.056,4.238,-0.005,0.092,2.331,-0.011,-0.528
00:00:04.065,1572925441345,3.712,0.005,34.969,0.664,3.0,-0.055,4.3,-0.005,0.091,2.402,-0.011,-0.527
00:00:04.066,1572925441346,3.688,0.006999999999999999,35.115,0.664,3.0,-0.053,4.3610000000000015,-0.005,0.09,2.474,-0.012,-0.527
00:00:04.067,1572925441347,3.665,0.009000000000000001,35.115,0.664,3.0,-0.051,4.422,-0.004,0.08900000000000001,2.548,-0.012,-0.527
00:00:04.110,1572925441390,3.642,0.012,35.115,0.664,3.0,-0.049,4.482,-0.004,0.08800000000000001,2.622,-0.012,-0.527
00:00:04.111,1572925441391,3.621,0.015,35.115,0.664,3.0,-0.047,4.542,-0.003,0.087,2.697,-0.013,-0.527
00:00:04.112,1572925441392,3.6,0.018000000000000002,35.115,0.664,3.0,-0.045,4.602,-0.003,0.086,2.773,-0.013,-0.527
00:00:04.161,1572925441441,3.58,0.022,35.115,0.664,3.0,-0.043,4.662,-0.002,0.086,2.85,-0.013,-0.527
00:00:04.162,1572925441442,3.557,0.025,35.628,1.128,3.0,-0.041,4.72,-0.002,0.085,2.929,-0.014,-0.527
00:00:04.163,1572925441443,3.532,0.029,35.628,1.128,3.0,-0.039,4.779,-0.001,0.085,3.008,-0.014,-0.528
00:00:04.211,1572925441491,3.51,0.032,35.628,1.128,3.0,-0.038,4.837,-0.001,0.085,3.088,-0.014,-0.528
00:00:04.212,1572925441492,3.492,0.035,35.628,1.128,3.0,-0.036000000000000004,4.895,0.0,0.085,3.169,-0.015,-0.528
00:00:04.213,1572925441493,3.474,0.037000000000000005,35.628,1.128,3.0,-0.035,4.953,0.001,0.085,3.2510000000000003,-0.015,-0.528
00:00:04.270,1572925441550,3.4560000000000004,0.038,35.628,1.128,3.0,-0.033,5.01,0.001,0.086,3.334,-0.015,-0.528
00:00:04.271,1572925441551,3.44,0.039,36.287,0.664,3.0,-0.032,5.067,0.002,0.086,3.418,-0.016,-0.528
00:00:04.272,1572925441552,3.428,0.04,36.287,0.664,3.0,-0.031,5.124,0.002,0.087,3.503,-0.016,-0.528
00:00:04.273,1572925441553,3.414,0.039,36.287,0.664,3.0,-0.029,5.181,0.003,0.08800000000000001,3.589,-0.016,-0.528
00:00:04.326,1572925441606,3.395,0.039,36.287,0.664,3.0,-0.028,5.237,0.003,0.08900000000000001,3.676,-0.017,-0.529
00:00:04.327,1572925441607,3.374,0.038,36.287,0.664,3.0,-0.027000000000000003,5.292999999999998,0.004,0.09,3.764,-0.017,-0.529
00:00:04.328,1572925441608,3.353,0.037000000000000005,36.287,0.664,3.0,-0.025,5.349,0.004,0.091,3.852,-0.017,-0.529
00:00:04.377,1572925441657,3.3310000000000004,0.036000000000000004,37.166,0.664,3.0,-0.024,5.404,0.004,0.093,3.942,-0.017,-0.529
00:00:04.378,1572925441658,3.313,0.035,37.166,0.664,3.0,-0.022,5.459,0.005,0.094,4.032,-0.018000000000000002,-0.529
00:00:04.379,1572925441659,3.298,0.035,37.166,0.664,3.0,-0.021,5.5139999999999985,0.005,0.095,4.124,-0.018000000000000002,-0.529
00:00:04.430,1572925441710,3.286,0.035,37.166,0.664,3.0,-0.019,5.568,0.005,0.097,4.216,-0.018000000000000002,-0.529
00:00:04.431,1572925441711,3.275,0.035,37.166,0.664,3.0,-0.017,5.6229999999999976,0.005,0.098,4.31,-0.018000000000000002,-0.529
00:00:04.432,1572925441712,3.263,0.036000000000000004,37.166,0.664,3.0,-0.015,5.681,0.006,0.099,4.41,-0.019,-0.53
00:00:04.477,1572925441757,3.2510000000000003,0.036000000000000004,38.118,0.664,3.0,-0.013,5.731,0.006,0.1,4.499,-0.019,-0.53
00:00:04.478,1572925441758,3.239,0.038,38.118,0.664,3.0,-0.012,5.785,0.006,0.101,4.595,-0.019,-0.53
00:00:04.479,1572925441759,3.229,0.039,38.118,0.664,3.0,-0.01,5.839,0.006,0.103,4.692,-0.019,-0.53
00:00:04.527,1572925441807,3.22,0.04,38.118,0.664,3.0,-0.009000000000000001,5.886,0.006999999999999999,0.103,4.777,-0.019,-0.53
00:00:04.528,1572925441808,3.21,0.041,38.118,0.664,3.0,-0.006999999999999999,5.936,0.006999999999999999,0.104,4.869,-0.02,-0.53
00:00:04.529,1572925441809,3.198,0.042,38.118,0.664,3.0,-0.006,5.989,0.006999999999999999,0.106,4.9689999999999985,-0.02,-0.53
00:00:04.577,1572925441857,3.185,0.044,38.997,0.664,3.0,-0.005,6.0420000000000025,0.006999999999999999,0.107,5.069,-0.02,-0.53
00:00:04.578,1572925441858,3.1710000000000003,0.045,38.997,0.664,3.0,-0.003,6.098,0.008,0.107,5.1770000000000005,-0.02,-0.53
00:00:04.579,1572925441859,3.159,0.045,38.997,0.664,3.0,-0.002,6.147,0.008,0.108,5.272,-0.02,-0.53
00:00:04.627,1572925441907,3.147,0.046,38.997,0.664,3.0,-0.001,6.199,0.008,0.109,5.375,-0.02,-0.53
00:00:04.628,1572925441908,3.135,0.047,38.997,0.664,3.0,0.0,6.251,0.008,0.11,5.479,-0.021,-0.53
00:00:04.629,1572925441909,3.1210000000000004,0.047,38.997,0.664,3.0,0.001,6.306,0.009000000000000001,0.111,5.59,-0.021,-0.53
00:00:04.679,1572925441959,3.108,0.047,39.803,0.664,3.0,0.002,6.355,0.009000000000000001,0.111,5.689,-0.021,-0.53
00:00:04.680,1572925441960,3.094,0.048,39.803,0.664,3.0,0.003,6.4060000000000015,0.009000000000000001,0.112,5.795,-0.021,-0.53
00:00:04.681,1572925441961,3.0810000000000004,0.048,39.803,0.664,3.0,0.004,6.4570000000000025,0.009000000000000001,0.112,5.903,-0.021,-0.53
00:00:04.729,1572925442009,3.069,0.048,39.803,0.664,3.0,0.005,6.507999999999999,0.009000000000000001,0.112,6.011,-0.021,-0.53
00:00:04.730,1572925442010,3.0580000000000003,0.048,39.803,0.664,3.0,0.006,6.559,0.009000000000000001,0.113,6.12,-0.021,-0.53
00:00:04.731,1572925442011,3.045,0.049,39.803,0.664,3.0,0.006999999999999999,6.61,0.009000000000000001,0.113,6.229,-0.021,-0.53
00:00:04.732,1572925442012,3.031,0.049,40.609,0.664,3.0,0.006999999999999999,6.66,0.009000000000000001,0.113,6.34,-0.021,-0.53
00:00:04.780,1572925442060,3.018,0.05,40.609,0.664,3.0,0.008,6.71,0.009000000000000001,0.113,6.4510000000000005,-0.021,-0.53
00:00:04.781,1572925442061,3.005,0.051,40.609,0.664,3.0,0.009000000000000001,6.76,0.009000000000000001,0.113,6.564,-0.021,-0.529
00:00:04.782,1572925442062,2.994,0.051,40.609,0.664,3.0,0.01,6.81,0.01,0.113,6.6770000000000005,-0.021,-0.529
00:00:04.830,1572925442110,2.984,0.052000000000000005,40.609,0.664,3.0,0.01,6.859,0.01,0.113,6.791,-0.021,-0.529
00:00:04.831,1572925442111,2.974,0.053,40.609,0.664,3.0,0.011,6.912000000000001,0.01,0.113,6.9129999999999985,-0.021,-0.529
00:00:04.832,1572925442112,2.964,0.053,42.51300000000001,0.664,3.0,0.012,6.9579999999999975,0.01,0.113,7.021,-0.021,-0.529
00:00:04.880,1572925442160,2.955,0.053,42.51300000000001,0.664,3.0,0.012,7.0070000000000014,0.01,0.112,7.1370000000000005,-0.021,-0.529
00:00:04.881,1572925442161,2.948,0.052000000000000005,42.51300000000001,0.664,3.0,0.012,7.056,0.01,0.112,7.255,-0.021,-0.529
00:00:04.882,1572925442162,2.942,0.051,42.51300000000001,0.664,3.0,0.012,7.105,0.01,0.112,7.372999999999997,-0.021,-0.529
00:00:04.930,1572925442210,2.929,0.045,42.51300000000001,0.664,3.0,0.012,7.2029999999999985,0.01,0.112,7.6110000000000015,-0.021,-0.529
00:00:04.931,1572925442211,2.92,0.042,44.344,0.664,3.0,0.012,7.251,0.009000000000000001,0.112,7.732,-0.021,-0.529
00:00:04.981,1572925442261,2.912,0.039,44.344,0.664,3.0,0.012,7.3,0.009000000000000001,0.112,7.853,-0.021,-0.529
00:00:04.982,1572925442262,2.904,0.036000000000000004,44.344,0.664,3.0,0.012,7.351,0.009000000000000001,0.111,7.983,-0.02,-0.529
00:00:04.983,1572925442263,2.897,0.033,44.344,0.664,3.0,0.012,7.396,0.009000000000000001,0.111,8.097999999999999,-0.02,-0.529
00:00:05.031,1572925442311,2.886,0.032,44.344,0.664,3.0,0.013,7.444,0.008,0.111,8.222000000000001,-0.02,-0.529
00:00:05.032,1572925442312,2.87,0.03,44.344,0.664,3.0,0.013,7.492000000000001,0.008,0.111,8.346,-0.02,-0.529
00:00:05.033,1572925442313,2.853,0.03,45.29600000000001,0.664,3.0,0.014,7.542000000000002,0.008,0.111,8.479,-0.02,-0.529
00:00:05.083,1572925442363,2.842,0.03,45.29600000000001,0.664,3.0,0.014,7.588999999999999,0.008,0.112,8.605,-0.02,-0.529
00:00:05.084,1572925442364,2.838,0.031,45.29600000000001,0.664,3.0,0.014,7.633999999999999,0.006999999999999999,0.112,8.724,-0.019,-0.529
00:00:05.085,1572925442365,2.838,0.031,45.29600000000001,0.664,3.0,0.015,7.681,0.006999999999999999,0.112,8.852,-0.019,-0.529
00:00:05.133,1572925442413,2.839,0.032,45.29600000000001,0.664,3.0,0.015,7.731,0.006999999999999999,0.112,8.988,-0.019,-0.53
00:00:05.134,1572925442414,2.839,0.033,45.29600000000001,0.664,3.0,0.015,7.779,0.006999999999999999,0.113,9.118,-0.019,-0.53
00:00:05.135,1572925442415,2.838,0.033,46.322,0.664,3.0,0.015,7.822999999999999,0.006999999999999999,0.113,9.239,-0.019,-0.53
00:00:05.183,1572925442463,2.837,0.033,46.322,0.664,3.0,0.015,7.87,0.006999999999999999,0.113,9.37,-0.018000000000000002,-0.53
00:00:05.184,1572925442464,2.837,0.032,46.322,0.664,3.0,0.015,7.92,0.006999999999999999,0.114,9.51,-0.018000000000000002,-0.53
00:00:05.185,1572925442465,2.837,0.03,46.322,0.664,3.0,0.014,7.965,0.006,0.115,9.634,-0.018000000000000002,-0.53
00:00:05.233,1572925442513,2.837,0.028,46.322,0.664,3.0,0.014,8.012,0.006,0.115,9.767,-0.018000000000000002,-0.53
00:00:05.234,1572925442514,2.8360000000000003,0.024,46.322,0.664,3.0,0.013,8.059,0.006,0.116,9.901,-0.017,-0.53
00:00:05.235,1572925442515,2.835,0.021,47.347,0.664,3.0,0.013,8.107000000000001,0.006,0.117,10.036,-0.017,-0.53
00:00:05.283,1572925442563,2.833,0.017,47.347,0.664,3.0,0.012,8.157,0.005,0.118,10.18,-0.017,-0.53
00:00:05.284,1572925442564,2.833,0.014,47.347,0.664,3.0,0.012,8.201,0.005,0.118,10.308,-0.016,-0.53
00:00:05.285,1572925442565,2.833,0.012,47.347,0.664,3.0,0.012,8.248,0.005,0.119,10.445,-0.016,-0.53
00:00:05.333,1572925442613,2.833,0.01,47.347,0.664,3.0,0.012,8.295,0.004,0.12,10.583,-0.016,-0.53
00:00:05.334,1572925442614,2.833,0.01,47.347,0.664,3.0,0.012,8.346,0.004,0.121,10.73,-0.015,-0.53
00:00:05.335,1572925442615,2.832,0.01,47.787,0.664,3.0,0.012,8.39,0.004,0.122,10.861,-0.015,-0.53
00:00:05.383,1572925442663,2.83,0.01,47.787,0.664,3.0,0.012,8.437000000000001,0.003,0.122,11.001,-0.015,-0.53
00:00:05.384,1572925442664,2.8280000000000003,0.011,47.787,0.664,3.0,0.012,8.484,0.003,0.123,11.142,-0.015,-0.53
00:00:05.385,1572925442665,2.827,0.013,47.787,0.664,3.0,0.012,8.531,0.003,0.124,11.284,-0.014,-0.53
00:00:05.436,1572925442716,2.825,0.014,47.787,0.664,3.0,0.012,8.581,0.003,0.125,11.435,-0.014,-0.53
00:00:05.437,1572925442717,2.824,0.015,47.787,0.664,3.0,0.012,8.628,0.003,0.126,11.579,-0.014,-0.53
00:00:05.438,1572925442718,2.823,0.015,48.44600000000001,0.664,3.0,0.012,8.672,0.003,0.126,11.714,-0.013,-0.53
00:00:05.486,1572925442766,2.822,0.016,48.44600000000001,0.664,3.0,0.012,8.722000000000001,0.003,0.127,11.868,-0.013,-0.53
00:00:05.487,1572925442767,2.822,0.015,48.44600000000001,0.664,3.0,0.011,8.769,0.003,0.128,12.014,-0.013,-0.53
00:00:05.488,1572925442768,2.823,0.015,48.44600000000001,0.664,3.0,0.011,8.812999999999997,0.003,0.129,12.151,-0.012,-0.53
00:00:05.536,1572925442816,2.824,0.014,48.44600000000001,0.664,3.0,0.011,8.863,0.003,0.13,12.308,-0.012,-0.53
00:00:05.537,1572925442817,2.824,0.013,48.44600000000001,0.664,3.0,0.01,8.91,0.002,0.13,12.456,-0.011,-0.53
00:00:05.538,1572925442818,2.822,0.011,49.471,0.664,3.0,0.01,8.955,0.002,0.131,12.595999999999998,-0.011,-0.53
00:00:05.586,1572925442866,2.815,0.01,49.471,0.664,3.0,0.009000000000000001,9.004,0.002,0.132,12.755,-0.011,-0.53
00:00:05.587,1572925442867,2.807,0.009000000000000001,49.471,0.664,3.0,0.009000000000000001,9.051,0.002,0.132,12.905,-0.01,-0.53
00:00:05.588,1572925442868,2.803,0.008,49.471,0.664,3.0,0.009000000000000001,9.098,0.002,0.133,13.056,-0.01,-0.53
00:00:05.641,1572925442921,2.802,0.008,49.471,0.664,3.0,0.009000000000000001,9.144,0.002,0.134,13.208,-0.01,-0.53
00:00:05.642,1572925442922,2.802,0.006999999999999999,49.471,0.664,3.0,0.008,9.191,0.002,0.134,13.361,-0.009000000000000001,-0.53
00:00:05.643,1572925442923,2.802,0.006999999999999999,50.35,0.664,3.0,0.008,9.238,0.002,0.135,13.515,-0.009000000000000001,-0.53
00:00:05.693,1572925442973,2.801,0.006999999999999999,50.35,0.664,3.0,0.008,9.284,0.002,0.136,13.669,-0.008,-0.53
00:00:05.694,1572925442974,2.803,0.006999999999999999,50.35,0.664,3.0,0.008,9.331,0.001,0.136,13.824000000000002,-0.008,-0.53
00:00:05.695,1572925442975,2.805,0.006999999999999999,50.35,0.664,3.0,0.006999999999999999,9.378,0.001,0.13699999999999998,13.98,-0.008,-0.53
00:00:05.741,1572925443021,2.806,0.006,50.35,0.664,3.0,0.006999999999999999,9.425,0.001,0.13699999999999998,14.137,-0.006999999999999999,-0.53
00:00:05.742,1572925443022,2.805,0.006,50.35,0.664,3.0,0.006999999999999999,9.469,0.001,0.138,14.284,-0.006999999999999999,-0.53
00:00:05.743,1572925443023,2.803,0.005,50.79,0.664,3.0,0.006,9.518,0.001,0.139,14.453,-0.006,-0.53
00:00:05.791,1572925443071,2.802,0.004,50.79,0.664,3.0,0.006,9.565,0.001,0.139,14.612,-0.006,-0.53
00:00:05.792,1572925443072,2.802,0.003,50.79,0.664,3.0,0.006,9.612,0.001,0.14,14.771,-0.005,-0.53
00:00:05.793,1572925443073,2.803,0.001,50.79,0.664,3.0,0.006,9.658,0.001,0.14,14.932,-0.005,-0.53
00:00:05.842,1572925443122,2.803,0.0,50.79,0.664,3.0,0.005,9.705,0.001,0.141,15.093,-0.005,-0.53
00:00:05.843,1572925443123,2.802,-0.001,50.79,0.664,3.0,0.005,9.752,0.0,0.141,15.255999999999998,-0.004,-0.53
00:00:05.844,1572925443124,2.8,-0.002,51.15600000000001,0.664,3.0,0.005,9.798,0.0,0.142,15.418,-0.004,-0.53
00:00:05.895,1572925443175,2.799,-0.003,51.15600000000001,0.664,3.0,0.005,9.845,0.0,0.142,15.582,-0.003,-0.53
00:00:05.896,1572925443176,2.799,-0.003,51.15600000000001,0.664,3.0,0.005,9.892,0.0,0.14300000000000002,15.747,-0.003,-0.53
00:00:05.897,1572925443177,2.799,-0.003,51.15600000000001,0.664,3.0,0.005,9.938,0.0,0.14400000000000002,15.912,-0.002,-0.53
00:00:05.945,1572925443225,2.799,-0.003,51.15600000000001,0.664,3.0,0.005,9.985,0.0,0.14400000000000002,16.078,-0.002,-0.53
00:00:05.946,1572925443226,2.798,-0.003,51.15600000000001,0.664,3.0,0.004,10.031,0.0,0.145,16.245,-0.002,-0.53
00:00:05.947,1572925443227,2.797,-0.003,51.815,0.664,3.0,0.004,10.078,0.0,0.145,16.412,-0.001,-0.53
00:00:05.997,1572925443277,2.7960000000000003,-0.003,51.815,0.664,3.0,0.004,10.125,0.0,0.146,16.581,-0.001,-0.53
00:00:05.998,1572925443278,2.7960000000000003,-0.003,51.815,0.664,3.0,0.004,10.171,0.0,0.146,16.75,0.0,-0.53
00:00:05.999,1572925443279,2.798,-0.003,51.815,0.664,3.0,0.004,10.218,0.0,0.147,16.92,0.0,-0.53
00:00:06.000,1572925443280,2.799,-0.003,51.815,0.664,3.0,0.004,10.265,0.0,0.14800000000000002,17.090999999999998,0.001,-0.53
00:00:06.047,1572925443327,2.798,-0.003,51.815,0.664,3.0,0.004,10.311,0.0,0.14800000000000002,17.262,0.001,-0.53
00:00:06.048,1572925443328,2.797,-0.003,52.474,0.664,3.0,0.004,10.358,0.0,0.149,17.434,0.002,-0.53
00:00:06.049,1572925443329,2.7960000000000003,-0.003,52.474,0.664,3.0,0.003,10.404000000000002,0.0,0.15,17.607,0.002,-0.53
00:00:06.097,1572925443377,2.7960000000000003,-0.003,52.474,0.664,3.0,0.003,10.451,0.0,0.15,17.781,0.003,-0.53
00:00:06.098,1572925443378,2.798,-0.003,52.474,0.664,3.0,0.003,10.498,0.0,0.151,17.956,0.003,-0.53
00:00:06.099,1572925443379,2.799,-0.004,52.474,0.664,3.0,0.003,10.544,0.0,0.152,18.131,0.003,-0.53
00:00:06.147,1572925443427,2.798,-0.004,52.474,0.664,3.0,0.003,10.591,0.0,0.152,18.307,0.004,-0.53
00:00:06.148,1572925443428,2.797,-0.004,52.84,0.664,3.0,0.003,10.638,0.0,0.153,18.484,0.004,-0.53
00:00:06.149,1572925443429,2.795,-0.005,52.84,0.664,3.0,0.003,10.684,0.0,0.154,18.662,0.005,-0.53
00:00:06.199,1572925443479,2.795,-0.005,52.84,0.664,3.0,0.003,10.731,0.0,0.154,18.84,0.005,-0.53
00:00:06.200,1572925443480,2.795,-0.006,52.84,0.664,3.0,0.002,10.777,0.0,0.155,19.02,0.006,-0.53
00:00:06.201,1572925443481,2.795,-0.006,52.84,0.664,3.0,0.002,10.824000000000002,0.0,0.156,19.2,0.006,-0.53
00:00:06.250,1572925443530,2.794,-0.006999999999999999,52.84,0.664,3.0,0.002,10.87,-0.001,0.156,19.38,0.006999999999999999,-0.53
00:00:06.251,1572925443531,2.793,-0.008,52.987,0.664,3.0,0.002,10.917,-0.001,0.157,19.562,0.006999999999999999,-0.53
00:00:06.252,1572925443532,2.792,-0.009000000000000001,52.987,0.664,3.0,0.002,10.963,-0.001,0.158,19.744,0.008,-0.53
00:00:06.301,1572925443581,2.7910000000000004,-0.01,52.987,0.664,3.0,0.002,11.01,-0.001,0.159,19.927,0.008,-0.53
00:00:06.302,1572925443582,2.79,-0.011,52.987,0.664,3.0,0.002,11.056,-0.001,0.159,20.111,0.008,-0.53
00:00:06.303,1572925443583,2.789,-0.011,52.987,0.664,3.0,0.001,11.103,-0.001,0.16,20.296,0.009000000000000001,-0.53
00:00:06.351,1572925443631,2.7880000000000003,-0.012,52.987,0.664,3.0,0.001,11.149,-0.001,0.161,20.482,0.009000000000000001,-0.53
00:00:06.352,1572925443632,2.787,-0.012,53.353,0.664,3.0,0.001,11.196,-0.001,0.161,20.668000000000006,0.01,-0.53
00:00:06.353,1572925443633,2.785,-0.012,53.353,0.664,3.0,0.002,11.242,-0.001,0.162,20.855,0.01,-0.53
00:00:06.401,1572925443681,2.785,-0.012,53.353,0.664,3.0,0.002,11.289,-0.001,0.163,21.043000000000006,0.011,-0.53
00:00:06.402,1572925443682,2.785,-0.012,53.353,0.664,3.0,0.002,11.335,-0.001,0.163,21.231,0.011,-0.53
00:00:06.403,1572925443683,2.785,-0.012,53.353,0.664,3.0,0.002,11.380999999999998,-0.001,0.16399999999999998,21.42,0.012,-0.53
00:00:06.451,1572925443731,2.783,-0.012,53.353,0.664,3.0,0.001,11.428,-0.001,0.165,21.61,0.012,-0.53
00:00:06.452,1572925443732,2.781,-0.012,54.012,0.664,3.0,0.001,11.474,-0.001,0.165,21.801,0.012,-0.53
00:00:06.453,1572925443733,2.78,-0.012,54.012,0.664,3.0,0.001,11.52,-0.001,0.166,21.993,0.013,-0.53
00:00:06.501,1572925443781,2.78,-0.012,54.012,0.664,3.0,0.001,11.567,-0.001,0.166,22.185,0.013,-0.53
00:00:06.502,1572925443782,2.78,-0.012,54.012,0.664,3.0,0.001,11.613,-0.001,0.16699999999999998,22.379,0.014,-0.53
00:00:06.503,1572925443783,2.781,-0.012,54.012,0.664,3.0,0.001,11.659,-0.001,0.168,22.573,0.014,-0.53
00:00:06.552,1572925443832,2.78,-0.012,54.012,0.664,3.0,0.001,11.706,-0.001,0.168,22.767,0.015,-0.53
00:00:06.553,1572925443833,2.778,-0.012,54.159,0.664,3.0,0.001,11.752,-0.001,0.16899999999999998,22.963,0.015,-0.53
00:00:06.554,1572925443834,2.776,-0.012,54.159,0.664,3.0,0.001,11.798,-0.001,0.17,23.159,0.015,-0.53
00:00:06.603,1572925443883,2.774,-0.013,54.159,0.664,3.0,0.001,11.844,-0.001,0.17,23.356,0.016,-0.53
00:00:06.604,1572925443884,2.773,-0.013,54.159,0.664,3.0,0.001,11.890999999999998,-0.001,0.171,23.554,0.016,-0.53
00:00:06.605,1572925443885,2.7710000000000004,-0.013,54.159,0.664,3.0,0.001,11.937,-0.001,0.171,23.752,0.017,-0.53
00:00:06.654,1572925443934,2.77,-0.013,54.159,0.664,3.0,0.001,11.983,-0.001,0.172,23.952,0.017,-0.53
00:00:06.655,1572925443935,2.768,-0.012,55.184,0.664,3.0,0.001,12.029000000000002,-0.001,0.172,24.152,0.018000000000000002,-0.53
00:00:06.656,1572925443936,2.767,-0.011,55.184,0.664,3.0,0.002,12.075,-0.001,0.173,24.353,0.018000000000000002,-0.53
00:00:06.704,1572925443984,2.768,-0.01,55.184,0.664,3.0,0.002,12.121,-0.001,0.174,24.554,0.018000000000000002,-0.53
00:00:06.705,1572925443985,2.77,-0.009000000000000001,55.184,0.664,3.0,0.002,12.168,-0.001,0.174,24.757,0.019,-0.53
00:00:06.706,1572925443986,2.7710000000000004,-0.006999999999999999,55.184,0.664,3.0,0.002,12.214,0.0,0.175,24.96,0.019,-0.53
00:00:06.755,1572925444035,2.7710000000000004,-0.004,55.184,0.664,3.0,0.002,12.26,0.0,0.175,25.164,0.02,-0.53
00:00:06.756,1572925444036,2.77,-0.003,55.477,0.664,3.0,0.002,12.306,0.0,0.17600000000000002,25.369,0.02,-0.53
00:00:06.757,1572925444037,2.768,-0.003,55.477,0.664,3.0,0.002,12.352,0.0,0.177,25.574,0.021,-0.531
00:00:06.804,1572925444084,2.766,-0.004,55.477,0.664,3.0,0.001,12.398,0.0,0.177,25.781,0.021,-0.531
00:00:06.805,1572925444085,2.765,-0.008,55.477,0.664,3.0,0.001,12.444,0.0,0.17800000000000002,25.988000000000003,0.021,-0.531
00:00:06.806,1572925444086,2.764,-0.012,55.477,0.664,3.0,0.0,12.49,0.0,0.17800000000000002,26.195,0.022,-0.531
00:00:06.854,1572925444134,2.763,-0.017,55.477,0.664,3.0,0.0,12.536,-0.001,0.179,26.404,0.022,-0.531
00:00:06.855,1572925444135,2.761,-0.021,55.624,0.664,3.0,-0.001,12.582,-0.001,0.179,26.613000000000003,0.023,-0.531
00:00:06.856,1572925444136,2.759,-0.025,55.624,0.664,3.0,-0.001,12.628,-0.001,0.18,26.823,0.023,-0.531
00:00:06.904,1572925444184,2.757,-0.028,55.624,0.664,3.0,-0.001,12.674,-0.001,0.181,27.034,0.023,-0.531
00:00:06.905,1572925444185,2.756,-0.03,55.624,0.664,3.0,0.0,12.72,-0.002,0.181,27.246,0.024,-0.531
00:00:06.906,1572925444186,2.754,-0.031,55.624,0.664,3.0,0.0,12.765999999999998,-0.002,0.182,27.458,0.024,-0.531
00:00:06.955,1572925444235,2.755,-0.032,55.624,0.664,3.0,0.0,12.812,-0.002,0.182,27.672,0.025,-0.531
00:00:06.956,1572925444236,2.8310000000000004,-0.034,55.843,0.664,3.0,0.0,12.861,-0.002,0.183,27.886,0.025,-0.531
00:00:06.957,1572925444237,3.031,-0.037000000000000005,55.843,0.664,3.0,0.0,12.915,-0.002,0.185,28.1,0.025,-0.531
00:00:07.006,1572925444286,3.228,-0.04,55.843,0.664,3.0,0.0,12.970999999999998,-0.003,0.188,28.316,0.026,-0.531
00:00:07.007,1572925444287,3.2960000000000003,-0.044,55.843,0.664,3.0,0.0,13.026,-0.003,0.191,28.533,0.026,-0.531
00:00:07.008,1572925444288,3.23,-0.049,55.843,0.664,3.0,0.0,13.078,-0.003,0.194,28.75,0.026,-0.53
00:00:07.059,1572925444339,3.099,-0.052000000000000005,55.843,0.664,3.0,0.0,13.128,-0.003,0.197,28.969,0.027000000000000003,-0.53
00:00:07.060,1572925444340,2.968,-0.055,55.99,0.664,3.0,0.001,13.175,-0.003,0.2,29.188,0.027000000000000003,-0.53
00:00:07.061,1572925444341,2.86,-0.056,55.99,0.664,3.0,0.001,13.222,-0.003,0.203,29.408,0.027000000000000003,-0.53
00:00:07.106,1572925444386,2.775,-0.054000000000000006,55.99,0.664,3.0,0.002,13.267,-0.003,0.204,29.629,0.027000000000000003,-0.53
00:00:07.107,1572925444387,2.699,-0.05,55.99,0.664,3.0,0.004,13.311,-0.003,0.206,29.85,0.028,-0.53
00:00:07.108,1572925444388,2.625,-0.046,55.99,0.664,3.0,0.005,13.353,-0.003,0.206,30.072,0.028,-0.53
00:00:07.156,1572925444436,2.552,-0.043,55.99,0.664,3.0,0.005,13.395,-0.003,0.206,30.295,0.028,-0.53
00:00:07.157,1572925444437,2.483,-0.04,55.99,0.664,3.0,0.005,13.436,-0.002,0.206,30.519,0.028,-0.53
00:00:07.158,1572925444438,2.419,-0.039,55.99,0.664,3.0,0.005,13.475,-0.002,0.204,30.743,0.029,-0.53
00:00:07.206,1572925444486,2.361,-0.039,55.99,0.664,3.0,0.005,13.514,-0.002,0.203,30.968000000000004,0.029,-0.53
00:00:07.207,1572925444487,2.306,-0.041,55.99,0.664,3.0,0.005,13.550999999999998,-0.001,0.201,31.19400000000001,0.029,-0.53
00:00:07.208,1572925444488,2.252,-0.044,55.99,0.664,3.0,0.005,13.588,-0.001,0.199,31.42,0.029,-0.53
00:00:07.263,1572925444543,2.198,-0.048,55.99,0.664,3.0,0.005,13.624,-0.001,0.197,31.647,0.029,-0.53
00:00:07.264,1572925444544,2.146,-0.051,56.503,0.664,3.0,0.005,13.659,-0.001,0.194,31.874,0.029,-0.53
00:00:07.265,1572925444545,2.1,-0.054000000000000006,56.503,0.664,3.0,0.005,13.694,-0.001,0.191,32.102,0.03,-0.53
00:00:07.266,1572925444546,2.061,-0.056,56.503,0.664,3.0,0.005,13.728,-0.001,0.188,32.331,0.03,-0.53
00:00:07.313,1572925444593,2.03,-0.057,56.503,0.664,3.0,0.005,13.761,-0.002,0.184,32.56,0.03,-0.53
00:00:07.314,1572925444594,2.003,-0.057,56.503,0.664,3.0,0.005,13.794,-0.002,0.18,32.789,0.03,-0.53
00:00:07.315,1572925444595,1.978,-0.056,56.503,0.664,3.0,0.006,13.827,-0.002,0.17600000000000002,33.02,0.03,-0.53
00:00:07.365,1572925444645,1.955,-0.053,56.649,0.664,3.0,0.006,13.859000000000002,-0.002,0.172,33.25,0.03,-0.53
00:00:07.366,1572925444646,1.931,-0.05,56.649,0.664,3.0,0.006999999999999999,13.890999999999998,-0.002,0.168,33.482,0.03,-0.53
00:00:07.367,1572925444647,1.909,-0.046,56.649,0.664,3.0,0.006999999999999999,13.923,-0.001,0.16399999999999998,33.713,0.03,-0.53
00:00:07.423,1572925444703,1.887,-0.041,56.649,0.664,3.0,0.008,13.954,-0.001,0.159,33.946,0.03,-0.53
00:00:07.424,1572925444704,1.867,-0.036000000000000004,56.649,0.664,3.0,0.008,13.985,-0.001,0.155,34.178000000000004,0.03,-0.53
00:00:07.425,1572925444705,1.848,-0.031,56.649,0.664,3.0,0.009000000000000001,14.015,-0.001,0.15,34.412,0.03,-0.53
00:00:07.473,1572925444753,1.829,-0.025,56.79600000000001,0.664,3.0,0.009000000000000001,14.046,0.0,0.146,34.646,0.03,-0.53
00:00:07.474,1572925444754,1.812,-0.02,56.79600000000001,0.664,3.0,0.009000000000000001,14.076,0.0,0.141,34.88,0.03,-0.529
00:00:07.475,1572925444755,1.797,-0.015,56.79600000000001,0.664,3.0,0.009000000000000001,14.105,0.001,0.13699999999999998,35.115,0.03,-0.529
00:00:07.534,1572925444814,1.7819999999999998,-0.011,56.79600000000001,0.664,3.0,0.009000000000000001,14.135,0.001,0.132,35.35,0.03,-0.529
00:00:07.535,1572925444815,1.769,-0.006,56.79600000000001,0.664,3.0,0.009000000000000001,14.164,0.001,0.128,35.586,0.03,-0.529
00:00:07.536,1572925444816,1.756,-0.001,56.79600000000001,0.664,3.0,0.009000000000000001,14.193,0.002,0.124,35.822,0.03,-0.529
00:00:07.537,1572925444817,1.743,0.004,56.649,0.664,3.0,0.009000000000000001,14.222,0.002,0.12,36.059,0.03,-0.529
00:00:07.586,1572925444866,1.732,0.01,56.649,0.664,3.0,0.009000000000000001,14.251,0.002,0.116,36.296,0.03,-0.529
00:00:07.587,1572925444867,1.721,0.016,56.649,0.664,3.0,0.009000000000000001,14.28,0.003,0.113,36.534,0.03,-0.529
00:00:07.588,1572925444868,1.71,0.022,56.649,0.664,3.0,0.009000000000000001,14.308,0.003,0.11,36.772,0.03,-0.529
00:00:07.634,1572925444914,1.7,0.027000000000000003,56.649,0.664,3.0,0.008,14.336,0.003,0.107,37.011,0.03,-0.529
00:00:07.635,1572925444915,1.6909999999999998,0.033,56.649,0.664,3.0,0.008,14.364,0.003,0.104,37.25,0.03,-0.529
00:00:07.636,1572925444916,1.682,0.038,56.79600000000001,0.664,3.0,0.006999999999999999,14.392,0.004,0.102,37.49,0.03,-0.529
00:00:07.685,1572925444965,1.6740000000000002,0.042,56.79600000000001,0.664,3.0,0.006,14.42,0.004,0.1,37.73,0.03,-0.529
00:00:07.686,1572925444966,1.6669999999999998,0.046,56.79600000000001,0.664,3.0,0.005,14.448,0.004,0.098,37.971,0.03,-0.529
00:00:07.687,1572925444967,1.66,0.049,56.79600000000001,0.664,3.0,0.005,14.475,0.004,0.097,38.212,0.03,-0.53
00:00:07.736,1572925445016,1.654,0.051,56.79600000000001,0.664,3.0,0.004,14.503,0.004,0.096,38.453,0.03,-0.53
00:00:07.737,1572925445017,1.648,0.053,56.79600000000001,0.664,3.0,0.003,14.53,0.003,0.095,38.695,0.031,-0.53
00:00:07.738,1572925445018,1.642,0.054000000000000006,57.162,0.664,3.0,0.002,14.557,0.003,0.095,38.938,0.031,-0.53
00:00:07.792,1572925445072,1.6369999999999998,0.055,57.162,0.664,3.0,0.001,14.585,0.003,0.095,39.18,0.031,-0.53
00:00:07.793,1572925445073,1.632,0.055,57.162,0.664,3.0,0.0,14.612,0.003,0.095,39.424,0.031,-0.53
00:00:07.794,1572925445074,1.628,0.056,57.162,0.664,3.0,-0.001,14.639,0.002,0.096,39.667,0.031,-0.53
00:00:07.842,1572925445122,1.625,0.057,57.162,0.664,3.0,-0.001,14.666,0.002,0.096,39.912,0.031,-0.531
00:00:07.843,1572925445123,1.621,0.058,57.162,0.664,3.0,-0.002,14.693,0.002,0.097,40.156,0.031,-0.531
00:00:07.844,1572925445124,1.617,0.06,57.675,0.664,3.0,-0.002,14.72,0.001,0.098,40.401,0.032,-0.531
00:00:07.892,1572925445172,1.614,0.062,57.675,0.664,3.0,-0.003,14.747,0.001,0.099,40.647,0.032,-0.531
00:00:07.893,1572925445173,1.611,0.063,57.675,0.664,3.0,-0.003,14.773,0.001,0.1,40.893,0.032,-0.531
00:00:07.894,1572925445174,1.609,0.065,57.675,0.664,3.0,-0.004,14.8,0.001,0.101,41.139,0.032,-0.531
00:00:07.942,1572925445222,1.607,0.066,57.675,0.664,3.0,-0.004,14.827,0.001,0.102,41.386,0.033,-0.531
00:00:07.943,1572925445223,1.605,0.067,57.675,0.664,3.0,-0.005,14.854,0.001,0.104,41.63399999999999,0.033,-0.531
00:00:07.944,1572925445224,1.602,0.068,57.968,0.664,3.0,-0.005,14.88,0.001,0.105,41.882,0.033,-0.532
00:00:07.992,1572925445272,1.6,0.068,57.968,0.664,3.0,-0.006,14.907,0.0,0.106,42.13,0.034,-0.532
00:00:07.993,1572925445273,1.598,0.068,57.968,0.664,3.0,-0.006,14.934,0.0,0.107,42.378,0.034,-0.532
00:00:07.994,1572925445274,1.596,0.068,57.968,0.664,3.0,-0.006999999999999999,14.96,0.0,0.107,42.628,0.034,-0.532
00:00:08.044,1572925445324,1.594,0.067,57.968,0.664,3.0,-0.006999999999999999,14.987,0.0,0.108,42.877,0.035,-0.532
00:00:08.045,1572925445325,1.592,0.067,57.968,0.664,3.0,-0.006999999999999999,15.013,0.0,0.109,43.127,0.035,-0.532
00:00:08.046,1572925445326,1.591,0.066,58.187,0.664,3.0,-0.008,15.038,0.0,0.11,43.362,0.036000000000000004,-0.532
00:00:08.099,1572925445379,1.589,0.065,58.187,0.664,3.0,-0.008,15.064,0.0,0.11,43.613,0.036000000000000004,-0.532
00:00:08.100,1572925445380,1.587,0.065,58.187,0.664,3.0,-0.008,15.091,0.0,0.111,43.864,0.037000000000000005,-0.532
00:00:08.101,1572925445381,1.586,0.064,58.187,0.664,3.0,-0.009000000000000001,15.117,0.0,0.111,44.11600000000001,0.037000000000000005,-0.532
00:00:08.102,1572925445382,1.585,0.064,58.187,0.664,3.0,-0.009000000000000001,15.144,0.0,0.112,44.368,0.038,-0.532
00:00:08.152,1572925445432,1.5830000000000002,0.063,58.187,0.664,3.0,-0.009000000000000001,15.17,0.0,0.112,44.621,0.038,-0.532
00:00:08.153,1572925445433,1.582,0.062,58.334,0.664,3.0,-0.01,15.196,0.0,0.112,44.874,0.039,-0.532
00:00:08.154,1572925445434,1.58,0.061,58.334,0.664,3.0,-0.01,15.223,0.0,0.112,45.127,0.039,-0.532
00:00:08.202,1572925445482,1.579,0.061,58.334,0.664,3.0,-0.01,15.249,0.0,0.113,45.381,0.04,-0.532
00:00:08.203,1572925445483,1.578,0.06,58.334,0.664,3.0,-0.01,15.275,0.0,0.113,45.635,0.04,-0.532
00:00:08.204,1572925445484,1.577,0.059,58.334,0.664,3.0,-0.011,15.302,0.0,0.113,45.89,0.041,-0.532
00:00:08.252,1572925445532,1.5759999999999998,0.059,58.334,0.664,3.0,-0.011,15.328,0.0,0.113,46.146,0.042,-0.532
00:00:08.253,1572925445533,1.575,0.058,59.139,0.664,3.0,-0.011,15.354,0.0,0.113,46.401,0.042,-0.532
00:00:08.254,1572925445534,1.574,0.058,59.139,0.664,3.0,-0.011,15.38,0.0,0.112,46.657,0.043,-0.532
00:00:08.302,1572925445582,1.574,0.057,59.139,0.664,3.0,-0.011,15.407,0.0,0.112,46.914,0.044,-0.532
00:00:08.303,1572925445583,1.575,0.057,59.139,0.664,3.0,-0.011,15.433,0.0,0.112,47.17100000000001,0.044,-0.532
00:00:08.304,1572925445584,1.5759999999999998,0.056,59.139,0.664,3.0,-0.012,15.459,0.0,0.112,47.428,0.045,-0.532
00:00:08.352,1572925445632,1.5759999999999998,0.055,59.139,0.664,3.0,-0.012,15.485,0.0,0.112,47.68600000000001,0.046,-0.532
00:00:08.353,1572925445633,1.575,0.054000000000000006,59.506,0.664,3.0,-0.012,15.512,0.0,0.111,47.945,0.047,-0.532
00:00:08.354,1572925445634,1.575,0.052000000000000005,59.506,0.664,3.0,-0.012,15.538,0.0,0.111,48.203,0.047,-0.532
00:00:08.402,1572925445682,1.574,0.051,59.506,0.664,3.0,-0.012,15.564,0.0,0.111,48.462,0.048,-0.532
00:00:08.403,1572925445683,1.574,0.049,59.506,0.664,3.0,-0.013,15.59,0.0,0.111,48.722,0.049,-0.532
00:00:08.404,1572925445684,1.5730000000000002,0.047,59.506,0.664,3.0,-0.013,15.617,0.0,0.11,48.982,0.05,-0.532
00:00:08.453,1572925445733,1.5730000000000002,0.044,59.506,0.664,3.0,-0.013,15.643,-0.001,0.11,49.243,0.051,-0.532
00:00:08.454,1572925445734,1.5730000000000002,0.042,59.799,0.664,3.0,-0.013,15.669,-0.001,0.11,49.504,0.052000000000000005,-0.532
00:00:08.455,1572925445735,1.5719999999999998,0.04,59.799,0.664,3.0,-0.013,15.695,-0.001,0.11,49.765,0.052000000000000005,-0.532
00:00:08.504,1572925445784,1.5719999999999998,0.038,59.799,0.664,3.0,-0.013,15.720999999999998,-0.001,0.109,50.027,0.053,-0.532
00:00:08.505,1572925445785,1.571,0.036000000000000004,59.799,0.664,3.0,-0.013,15.748,-0.001,0.109,50.289,0.054000000000000006,-0.532
00:00:08.506,1572925445786,1.571,0.035,59.799,0.664,3.0,-0.013,15.774,-0.001,0.109,50.552,0.055,-0.532
00:00:08.560,1572925445840,1.571,0.033,59.799,0.664,3.0,-0.013,15.8,-0.001,0.109,50.815,0.056,-0.532
00:00:08.561,1572925445841,1.57,0.032,60.018,0.664,3.0,-0.012,15.826,-0.001,0.109,51.078,0.057,-0.532
00:00:08.562,1572925445842,1.57,0.031,60.018,0.664,3.0,-0.012,15.852,-0.001,0.109,51.342,0.058,-0.532
00:00:08.610,1572925445890,1.569,0.03,60.018,0.664,3.0,-0.012,15.878,-0.001,0.109,51.607,0.059,-0.532
00:00:08.611,1572925445891,1.569,0.029,60.018,0.664,3.0,-0.012,15.905,-0.001,0.109,51.872,0.06,-0.532
00:00:08.612,1572925445892,1.569,0.027000000000000003,60.018,0.664,3.0,-0.012,15.931,-0.001,0.109,52.137,0.061,-0.532
00:00:08.660,1572925445940,1.569,0.026,60.018,0.664,3.0,-0.012,15.957,-0.001,0.11,52.403,0.062,-0.532
00:00:08.661,1572925445941,1.568,0.024,60.165,0.664,3.0,-0.012,15.983,-0.001,0.11,52.669,0.062,-0.532
00:00:08.662,1572925445942,1.568,0.023,60.165,0.664,3.0,-0.011,16.009,-0.001,0.11,52.935,0.063,-0.532
00:00:08.710,1572925445990,1.567,0.021,60.165,0.664,3.0,-0.011,16.035,-0.001,0.11,53.202,0.064,-0.532
00:00:08.711,1572925445991,1.567,0.02,60.165,0.664,3.0,-0.011,16.061,-0.001,0.111,53.47,0.065,-0.532
00:00:08.712,1572925445992,1.567,0.018000000000000002,60.165,0.664,3.0,-0.011,16.087,-0.001,0.111,53.738,0.066,-0.532
00:00:08.760,1572925446040,1.5659999999999998,0.017,60.165,0.664,3.0,-0.01,16.113,-0.001,0.111,54.006,0.067,-0.532
00:00:08.761,1572925446041,1.5659999999999998,0.016,60.31100000000001,0.664,3.0,-0.01,16.14,-0.001,0.112,54.275,0.068,-0.532
00:00:08.762,1572925446042,1.565,0.016,60.31100000000001,0.664,3.0,-0.01,16.166,-0.001,0.112,54.544,0.069,-0.532
00:00:08.810,1572925446090,1.565,0.015,60.31100000000001,0.664,3.0,-0.01,16.192,-0.001,0.112,54.81399999999999,0.07,-0.532
00:00:08.811,1572925446091,1.564,0.015,60.31100000000001,0.664,3.0,-0.01,16.218,-0.001,0.113,55.084,0.071,-0.532
00:00:08.812,1572925446092,1.564,0.015,60.31100000000001,0.664,3.0,-0.009000000000000001,16.244,-0.001,0.113,55.354,0.073,-0.532
00:00:08.863,1572925446143,1.564,0.014,60.31100000000001,0.664,3.0,-0.009000000000000001,16.27,-0.001,0.113,55.625,0.07400000000000001,-0.532
00:00:08.864,1572925446144,1.5630000000000002,0.014,60.31100000000001,0.664,3.0,-0.009000000000000001,16.296,0.0,0.114,55.897,0.075,-0.532
00:00:08.865,1572925446145,1.5630000000000002,0.014,60.31100000000001,0.664,3.0,-0.009000000000000001,16.322,0.0,0.114,56.169,0.076,-0.532
00:00:08.866,1572925446146,1.5619999999999998,0.014,60.31100000000001,0.664,3.0,-0.009000000000000001,16.348,0.0,0.114,56.441,0.077,-0.532
00:00:08.914,1572925446194,1.5619999999999998,0.014,60.31100000000001,0.664,3.0,-0.008,16.374000000000002,0.0,0.114,56.714,0.078,-0.532
00:00:08.915,1572925446195,1.561,0.014,60.31100000000001,0.664,3.0,-0.008,16.402,0.0,0.115,57.004,0.079,-0.532
00:00:08.916,1572925446196,1.561,0.013,60.31100000000001,0.664,3.0,-0.008,16.426,0.0,0.115,57.26,0.08,-0.532
00:00:08.964,1572925446244,1.561,0.013,60.458,0.664,3.0,-0.008,16.452,0.0,0.115,57.534,0.081,-0.532
00:00:08.965,1572925446245,1.56,0.014,60.458,0.664,3.0,-0.008,16.48,0.0,0.115,57.826,0.08199999999999999,-0.532
00:00:08.966,1572925446246,1.56,0.014,60.458,0.664,3.0,-0.008,16.506,0.0,0.116,58.101000000000006,0.083,-0.532
00:00:09.014,1572925446294,1.56,0.015,60.458,0.664,3.0,-0.006999999999999999,16.53,0.0,0.116,58.359,0.084,-0.532
00:00:09.015,1572925446295,1.56,0.015,60.458,0.664,3.0,-0.006999999999999999,16.555999999999994,0.0,0.116,58.635,0.085,-0.532
00:00:09.016,1572925446296,1.5590000000000002,0.016,60.458,0.664,3.0,-0.006999999999999999,16.584,0.0,0.116,58.928,0.086,-0.532
00:00:09.064,1572925446344,1.5590000000000002,0.017,60.824,0.664,3.0,-0.006999999999999999,16.61,0.0,0.116,59.205,0.08800000000000001,-0.532
00:00:09.065,1572925446345,1.5590000000000002,0.017,60.824,0.664,3.0,-0.006999999999999999,16.634,0.0,0.117,59.464,0.08900000000000001,-0.532
00:00:09.066,1572925446346,1.5590000000000002,0.018000000000000002,60.824,0.664,3.0,-0.006999999999999999,16.66,0.0,0.117,59.742,0.09,-0.532
00:00:09.119,1572925446399,1.5590000000000002,0.018000000000000002,60.824,0.664,3.0,-0.006999999999999999,16.686,0.0,0.117,60.02,0.091,-0.532
00:00:09.120,1572925446400,1.5590000000000002,0.019,60.824,0.664,3.0,-0.006,16.712,0.0,0.117,60.298,0.092,-0.532
00:00:09.121,1572925446401,1.5590000000000002,0.019,60.824,0.664,3.0,-0.006,16.738,0.0,0.117,60.577,0.093,-0.532
00:00:09.167,1572925446447,1.5590000000000002,0.02,60.971,0.664,3.0,-0.006,16.764,0.0,0.117,60.856,0.094,-0.532
00:00:09.168,1572925446448,1.5590000000000002,0.02,60.971,0.664,3.0,-0.006,16.79,0.0,0.117,61.135,0.095,-0.532
00:00:09.169,1572925446449,1.558,0.02,60.971,0.664,3.0,-0.006,16.817,0.0,0.118,61.433,0.097,-0.532
00:00:09.217,1572925446497,1.558,0.021,60.971,0.664,3.0,-0.006,16.842,0.0,0.118,61.69600000000001,0.098,-0.532
00:00:09.218,1572925446498,1.556,0.021,60.971,0.664,3.0,-0.006,16.868,0.0,0.118,61.977,0.099,-0.532
00:00:09.219,1572925446499,1.554,0.021,60.971,0.664,3.0,-0.006,16.894000000000002,0.0,0.118,62.258,0.1,-0.532
00:00:09.268,1572925446548,1.5530000000000002,0.022,61.19,0.664,3.0,-0.006,16.919,0.0,0.118,62.54,0.101,-0.532
00:00:09.269,1572925446549,1.5519999999999998,0.022,61.19,0.664,3.0,-0.006,16.945,0.0,0.118,62.822,0.103,-0.532
00:00:09.270,1572925446550,1.5519999999999998,0.022,61.19,0.664,3.0,-0.006,16.971,0.0,0.118,63.105,0.104,-0.532
00:00:09.318,1572925446598,1.5530000000000002,0.023,61.19,0.664,3.0,-0.006,16.997,0.0,0.118,63.38800000000001,0.105,-0.532
00:00:09.319,1572925446599,1.5530000000000002,0.022,61.19,0.664,3.0,-0.006,17.023,0.0,0.118,63.672,0.106,-0.532
00:00:09.320,1572925446600,1.5519999999999998,0.022,61.19,0.664,3.0,-0.006,17.049,0.0,0.118,63.955,0.108,-0.532
00:00:09.374,1572925446654,1.5519999999999998,0.022,61.19,0.664,3.0,-0.006,17.075,-0.001,0.119,64.24,0.109,-0.532
00:00:09.375,1572925446655,1.551,0.021,61.19,0.664,3.0,-0.006,17.101,-0.001,0.119,64.525,0.11,-0.532
00:00:09.376,1572925446656,1.551,0.02,61.19,0.664,3.0,-0.006999999999999999,17.125999999999998,-0.001,0.119,64.81,0.111,-0.532
00:00:09.425,1572925446705,1.55,0.019,61.19,0.664,3.0,-0.006999999999999999,17.154,-0.001,0.119,65.113,0.113,-0.532
00:00:09.426,1572925446706,1.55,0.018000000000000002,61.19,0.664,3.0,-0.006999999999999999,17.178,-0.001,0.119,65.382,0.114,-0.532
00:00:09.427,1572925446707,1.55,0.017,61.19,0.664,3.0,-0.006999999999999999,17.204,-0.001,0.119,65.668,0.115,-0.532
00:00:09.474,1572925446754,1.5490000000000002,0.015,61.337,1.128,3.0,-0.006999999999999999,17.23,-0.001,0.119,65.955,0.116,-0.532
00:00:09.475,1572925446755,1.543,0.014,61.337,1.128,3.0,-0.006999999999999999,17.257,-0.001,0.119,66.26,0.118,-0.532
00:00:09.476,1572925446756,1.539,0.012,61.337,1.128,3.0,-0.006999999999999999,17.281,-0.001,0.119,66.53,0.119,-0.532
00:00:09.524,1572925446804,1.538,0.011,61.337,1.128,3.0,-0.006999999999999999,17.307000000000002,-0.001,0.12,66.818,0.12,-0.532
00:00:09.525,1572925446805,1.537,0.009000000000000001,61.337,1.128,3.0,-0.006999999999999999,17.334,-0.002,0.12,67.125,0.122,-0.532
00:00:09.526,1572925446806,1.536,0.006999999999999999,61.337,1.128,3.0,-0.006999999999999999,17.359,-0.002,0.12,67.414,0.123,-0.532
00:00:09.576,1572925446856,1.536,0.004,61.483,0.664,3.0,-0.006999999999999999,17.383,-0.002,0.12,67.686,0.124,-0.532
00:00:09.577,1572925446857,1.54,0.002,61.483,0.664,3.0,-0.006999999999999999,17.409000000000002,-0.002,0.12,67.976,0.126,-0.532
00:00:09.578,1572925446858,1.544,-0.001,61.483,0.664,3.0,-0.006,17.435,-0.002,0.12,68.266,0.127,-0.532
00:00:09.628,1572925446908,1.546,-0.004,61.483,0.664,3.0,-0.006,17.461,-0.002,0.12,68.557,0.128,-0.532
00:00:09.629,1572925446909,1.546,-0.008,61.483,0.664,3.0,-0.006,17.486,-0.002,0.12,68.848,0.129,-0.532
00:00:09.630,1572925446910,1.547,-0.011,61.483,0.664,3.0,-0.006,17.512,-0.002,0.12,69.14,0.131,-0.532
00:00:09.682,1572925446962,1.546,-0.015,61.63,0.664,3.0,-0.006,17.54,-0.002,0.121,69.45,0.132,-0.532
00:00:09.683,1572925446963,1.546,-0.018000000000000002,61.63,0.664,3.0,-0.006,17.565,-0.002,0.121,69.743,0.134,-0.532
00:00:09.684,1572925446964,1.546,-0.022,61.63,0.664,3.0,-0.005,17.590999999999998,-0.002,0.121,70.036,0.135,-0.532
00:00:09.733,1572925447013,1.546,-0.025,61.63,0.664,3.0,-0.005,17.615,-0.002,0.121,70.311,0.136,-0.532
00:00:09.734,1572925447014,1.545,-0.029,61.63,0.664,3.0,-0.004,17.643,-0.002,0.121,70.623,0.13699999999999998,-0.532
00:00:09.735,1572925447015,1.545,-0.032,61.63,0.664,3.0,-0.004,17.668,-0.002,0.122,70.917,0.139,-0.532
00:00:09.778,1572925447058,1.545,-0.036000000000000004,61.85,0.664,3.0,-0.003,17.694000000000006,-0.002,0.122,71.212,0.14,-0.532
00:00:09.779,1572925447059,1.544,-0.039,61.85,0.664,3.0,-0.003,17.718,-0.002,0.122,71.488,0.141,-0.532
00:00:09.780,1572925447060,1.544,-0.042,61.85,0.664,3.0,-0.002,17.744,-0.002,0.122,71.78399999999998,0.142,-0.532
00:00:09.830,1572925447110,1.544,-0.046,61.85,0.664,3.0,-0.002,17.771,-0.002,0.122,72.098,0.14400000000000002,-0.532
00:00:09.831,1572925447111,1.544,-0.049,61.85,0.664,3.0,-0.001,17.797,-0.001,0.123,72.395,0.145,-0.532
00:00:09.832,1572925447112,1.544,-0.053,61.85,0.664,3.0,-0.001,17.820999999999994,-0.001,0.123,72.673,0.146,-0.532
00:00:09.833,1572925447113,1.543,-0.056,61.996,0.664,3.0,0.0,17.848,-0.001,0.123,72.98899999999998,0.147,-0.532
00:00:09.884,1572925447164,1.543,-0.058,61.996,0.664,3.0,0.001,17.874000000000006,-0.001,0.123,73.28699999999998,0.149,-0.532
00:00:09.885,1572925447165,1.543,-0.061,61.996,0.664,3.0,0.002,17.9,-0.001,0.123,73.585,0.15,-0.532
00:00:09.886,1572925447166,1.543,-0.063,61.996,0.664,3.0,0.002,17.926,0.0,0.124,73.883,0.151,-0.532
00:00:09.934,1572925447214,1.543,-0.065,61.996,0.664,3.0,0.003,17.951,0.0,0.124,74.182,0.152,-0.532
00:00:09.935,1572925447215,1.5419999999999998,-0.066,61.996,0.664,3.0,0.004,17.975,0.0,0.124,74.46300000000002,0.153,-0.532
00:00:09.936,1572925447216,1.5419999999999998,-0.068,61.996,0.664,3.0,0.005,18.003,0.001,0.124,74.781,0.154,-0.532
00:00:09.989,1572925447269,1.541,-0.069,61.996,0.664,3.0,0.005,18.028,0.001,0.124,75.082,0.155,-0.532
00:00:09.990,1572925447270,1.541,-0.07,61.996,0.664,3.0,0.006,18.052,0.001,0.124,75.36399999999998,0.156,-0.532
00:00:09.991,1572925447271,1.54,-0.071,61.996,0.664,3.0,0.006999999999999999,18.08,0.002,0.124,75.684,0.158,-0.532
00:00:10.040,1572925447320,1.54,-0.073,61.996,0.664,3.0,0.006999999999999999,18.105,0.002,0.125,75.985,0.159,-0.532
00:00:10.041,1572925447321,1.54,-0.07400000000000001,61.996,0.664,3.0,0.008,18.129,0.002,0.125,76.268,0.16,-0.532
00:00:10.042,1572925447322,1.539,-0.07400000000000001,61.996,0.664,3.0,0.009000000000000001,18.155,0.002,0.125,76.571,0.161,-0.532
00:00:10.090,1572925447370,1.539,-0.075,61.996,0.664,3.0,0.009000000000000001,18.181,0.002,0.125,76.873,0.162,-0.532
00:00:10.091,1572925447371,1.539,-0.076,61.996,0.664,3.0,0.01,18.206,0.003,0.125,77.17699999999998,0.163,-0.532
00:00:10.092,1572925447372,1.538,-0.076,61.996,0.664,3.0,0.01,18.232,0.003,0.125,77.48,0.163,-0.532
00:00:10.141,1572925447421,1.538,-0.077,61.996,0.664,3.0,0.011,18.258,0.003,0.125,77.78399999999998,0.16399999999999998,-0.532
00:00:10.142,1572925447422,1.537,-0.077,61.996,0.664,3.0,0.011,18.283,0.003,0.126,78.089,0.165,-0.532
00:00:10.143,1572925447423,1.537,-0.076,61.996,0.664,3.0,0.012,18.309,0.003,0.126,78.39399999999998,0.166,-0.532
00:00:10.191,1572925447471,1.537,-0.076,61.996,0.664,3.0,0.012,18.334,0.003,0.126,78.699,0.16699999999999998,-0.532
00:00:10.192,1572925447472,1.536,-0.075,61.996,0.664,3.0,0.013,18.36,0.003,0.126,79.005,0.168,-0.532
00:00:10.193,1572925447473,1.536,-0.075,61.996,0.664,3.0,0.013,18.386,0.003,0.126,79.311,0.16899999999999998,-0.532
00:00:10.256,1572925447536,1.535,-0.07400000000000001,61.996,0.664,3.0,0.014,18.411,0.003,0.126,79.618,0.16899999999999998,-0.532
00:00:10.257,1572925447537,1.535,-0.07400000000000001,61.996,0.664,3.0,0.014,18.437,0.003,0.126,79.925,0.17,-0.532
00:00:10.258,1572925447538,1.535,-0.073,61.996,0.664,3.0,0.014,18.462,0.003,0.127,80.232,0.171,-0.532
00:00:10.259,1572925447539,1.534,-0.073,61.996,0.664,3.0,0.015,18.488,0.003,0.127,80.54,0.172,-0.532
00:00:10.301,1572925447581,1.534,-0.07200000000000001,61.996,0.664,3.0,0.015,18.513,0.003,0.127,80.84899999999998,0.173,-0.532
00:00:10.302,1572925447582,1.533,-0.071,61.996,0.664,3.0,0.015,18.539,0.003,0.127,81.157,0.173,-0.532
00:00:10.303,1572925447583,1.533,-0.071,61.996,0.664,3.0,0.016,18.565,0.003,0.127,81.467,0.174,-0.532
00:00:10.353,1572925447633,1.533,-0.07,61.996,0.664,3.0,0.016,18.59,0.003,0.127,81.77600000000002,0.175,-0.532
00:00:10.354,1572925447634,1.5319999999999998,-0.069,61.996,0.664,3.0,0.016,18.616,0.003,0.127,82.086,0.175,-0.532
00:00:10.355,1572925447635,1.5319999999999998,-0.068,61.996,0.664,3.0,0.016,18.641,0.003,0.128,82.397,0.17600000000000002,-0.532
00:00:10.411,1572925447691,1.531,-0.067,61.996,0.664,3.0,0.017,18.667,0.003,0.128,82.708,0.17600000000000002,-0.532
00:00:10.412,1572925447692,1.531,-0.066,61.996,0.664,3.0,0.017,18.692,0.003,0.128,83.01899999999998,0.177,-0.532
00:00:10.413,1572925447693,1.531,-0.065,61.996,0.664,3.0,0.017,18.718,0.003,0.128,83.331,0.17800000000000002,-0.532
00:00:10.461,1572925447741,1.53,-0.064,61.996,0.664,3.0,0.017,18.743,0.003,0.128,83.64299999999999,0.17800000000000002,-0.532
00:00:10.462,1572925447742,1.53,-0.063,61.996,0.664,3.0,0.017,18.769,0.003,0.128,83.956,0.179,-0.532
00:00:10.463,1572925447743,1.529,-0.062,61.996,0.664,3.0,0.018000000000000002,18.794,0.003,0.128,84.26899999999998,0.179,-0.532
00:00:10.511,1572925447791,1.529,-0.061,61.996,0.664,3.0,0.018000000000000002,18.82,0.003,0.128,84.58200000000002,0.18,-0.532
00:00:10.512,1572925447792,1.529,-0.06,61.996,0.664,3.0,0.018000000000000002,18.845,0.003,0.129,84.896,0.18,-0.532
00:00:10.513,1572925447793,1.528,-0.059,61.996,0.664,3.0,0.018000000000000002,18.871,0.003,0.129,85.21,0.181,-0.532
00:00:10.563,1572925447843,1.528,-0.058,61.996,0.664,3.0,0.018000000000000002,18.896,0.003,0.129,85.525,0.181,-0.532
00:00:10.564,1572925447844,1.527,-0.058,61.996,0.664,3.0,0.018000000000000002,18.921,0.003,0.129,85.84,0.182,-0.532
00:00:10.565,1572925447845,1.527,-0.057,61.996,0.664,3.0,0.018000000000000002,18.947,0.003,0.129,86.156,0.182,-0.532
00:00:10.611,1572925447891,1.526,-0.056,61.996,0.664,3.0,0.018000000000000002,18.972,0.003,0.129,86.47200000000002,0.183,-0.532
00:00:10.612,1572925447892,1.526,-0.056,61.996,0.664,3.0,0.018000000000000002,18.998,0.003,0.129,86.788,0.183,-0.532
00:00:10.613,1572925447893,1.526,-0.055,61.996,0.664,3.0,0.018000000000000002,19.023,0.003,0.129,87.105,0.183,-0.532
00:00:10.670,1572925447950,1.525,-0.055,61.996,0.664,3.0,0.018000000000000002,19.049,0.003,0.13,87.42200000000004,0.184,-0.532
00:00:10.671,1572925447951,1.525,-0.054000000000000006,61.996,0.664,3.0,0.018000000000000002,19.074,0.003,0.13,87.74,0.184,-0.532
00:00:10.672,1572925447952,1.524,-0.053,61.996,0.664,3.0,0.018000000000000002,19.099,0.003,0.13,88.05799999999998,0.184,-0.532
00:00:10.673,1572925447953,1.524,-0.052000000000000005,61.996,0.664,3.0,0.018000000000000002,19.125,0.003,0.13,88.37700000000002,0.185,-0.532
00:00:10.714,1572925447994,1.524,-0.051,61.996,0.664,3.0,0.018000000000000002,19.15,0.003,0.13,88.696,0.185,-0.532
00:00:10.715,1572925447995,1.523,-0.05,61.996,0.664,3.0,0.018000000000000002,19.172,0.003,0.13,88.975,0.185,-0.532
00:00:10.716,1572925447996,1.523,-0.049,61.996,0.664,3.0,0.018000000000000002,19.198,0.003,0.13,89.295,0.18600000000000005,-0.532
00:00:10.765,1572925448045,1.5219999999999998,-0.048,61.996,0.664,3.0,0.018000000000000002,19.223,0.003,0.13,89.615,0.18600000000000005,-0.532
00:00:10.766,1572925448046,1.5219999999999998,-0.046,61.996,0.664,3.0,0.018000000000000002,19.248,0.003,0.131,89.935,0.18600000000000005,-0.532
00:00:10.767,1572925448047,1.5219999999999998,-0.045,61.996,0.664,3.0,0.018000000000000002,19.274,0.003,0.131,90.257,0.18600000000000005,-0.532
00:00:10.815,1572925448095,1.521,-0.044,61.996,0.664,3.0,0.018000000000000002,19.299,0.003,0.131,90.578,0.187,-0.532
00:00:10.816,1572925448096,1.521,-0.042,61.996,0.664,3.0,0.018000000000000002,19.324,0.003,0.131,90.9,0.187,-0.532
00:00:10.817,1572925448097,1.52,-0.041,61.996,0.664,3.0,0.018000000000000002,19.35,0.003,0.131,91.222,0.187,-0.532
00:00:10.865,1572925448145,1.52,-0.041,61.996,0.664,3.0,0.018000000000000002,19.375,0.003,0.131,91.545,0.187,-0.532
00:00:10.866,1572925448146,1.52,-0.04,61.996,0.664,3.0,0.017,19.4,0.003,0.131,91.868,0.188,-0.532
00:00:10.867,1572925448147,1.519,-0.039,61.996,0.664,3.0,0.017,19.426,0.003,0.131,92.192,0.188,-0.532
00:00:10.915,1572925448195,1.519,-0.039,61.996,0.664,3.0,0.017,19.451,0.003,0.132,92.516,0.188,-0.532
00:00:10.916,1572925448196,1.518,-0.038,61.996,0.664,3.0,0.017,19.476,0.003,0.132,92.84,0.188,-0.532
00:00:10.917,1572925448197,1.518,-0.038,61.996,0.664,3.0,0.017,19.502,0.003,0.132,93.165,0.188,-0.532
00:00:10.965,1572925448245,1.518,-0.037000000000000005,61.996,0.664,3.0,0.016,19.527,0.003,0.132,93.49,0.188,-0.532
00:00:10.966,1572925448246,1.517,-0.037000000000000005,61.996,0.664,3.0,0.016,19.552,0.003,0.132,93.816,0.189,-0.532
00:00:10.967,1572925448247,1.517,-0.037000000000000005,61.996,0.664,3.0,0.016,19.578,0.002,0.132,94.142,0.189,-0.532
00:00:11.015,1572925448295,1.516,-0.036000000000000004,61.996,0.664,3.0,0.016,19.603,0.002,0.132,94.468,0.189,-0.532
00:00:11.016,1572925448296,1.516,-0.036000000000000004,61.996,0.664,3.0,0.016,19.628,0.002,0.132,94.795,0.189,-0.532
00:00:11.017,1572925448297,1.515,-0.036000000000000004,61.996,0.664,3.0,0.016,19.653,0.002,0.133,95.123,0.189,-0.532
00:00:11.065,1572925448345,1.515,-0.035,61.996,0.664,3.0,0.016,19.679,0.002,0.133,95.45,0.189,-0.532
00:00:11.066,1572925448346,1.515,-0.035,61.996,0.664,3.0,0.015,19.704,0.002,0.133,95.779,0.189,-0.532
00:00:11.067,1572925448347,1.514,-0.035,61.996,0.664,3.0,0.015,19.729,0.002,0.133,96.107,0.189,-0.532
00:00:11.117,1572925448397,1.514,-0.034,61.996,0.664,3.0,0.015,19.754,0.002,0.133,96.436,0.189,-0.532
00:00:11.118,1572925448398,1.513,-0.034,61.996,0.664,3.0,0.015,19.779,0.002,0.133,96.766,0.189,-0.532
00:00:11.119,1572925448399,1.513,-0.033,61.996,0.664,3.0,0.015,19.805,0.002,0.133,97.095,0.189,-0.532
00:00:11.168,1572925448448,1.513,-0.032,61.996,0.664,3.0,0.015,19.83,0.002,0.134,97.426,0.19,-0.532
00:00:11.169,1572925448449,1.5119999999999998,-0.032,61.996,0.664,3.0,0.014,19.855,0.002,0.134,97.756,0.19,-0.532
00:00:11.170,1572925448450,1.5119999999999998,-0.031,61.996,0.664,3.0,0.014,19.88,0.002,0.134,98.088,0.19,-0.532
00:00:11.218,1572925448498,1.511,-0.03,61.996,0.664,3.0,0.014,19.905,0.002,0.134,98.419,0.19,-0.532
00:00:11.219,1572925448499,1.511,-0.03,61.996,0.664,3.0,0.014,19.931,0.002,0.134,98.751,0.19,-0.532
00:00:11.220,1572925448500,1.51,-0.029,61.996,0.664,3.0,0.014,19.956,0.002,0.134,99.084,0.19,-0.532
00:00:11.268,1572925448548,1.51,-0.029,61.996,0.664,3.0,0.014,19.981,0.002,0.134,99.416,0.19,-0.532
00:00:11.269,1572925448549,1.51,-0.029,61.996,0.664,3.0,0.014,20.006,0.002,0.134,99.75,0.19,-0.532
00:00:11.270,1572925448550,1.509,-0.028,61.996,0.664,3.0,0.014,20.031,0.002,0.135,100.083,0.189,-0.532
00:00:11.318,1572925448598,1.509,-0.028,61.996,0.664,3.0,0.013,20.056,0.002,0.135,100.417,0.189,-0.532
00:00:11.319,1572925448599,1.508,-0.028,61.996,0.664,3.0,0.013,20.081,0.002,0.135,100.752,0.189,-0.532
00:00:11.320,1572925448600,1.508,-0.028,61.996,0.664,3.0,0.013,20.107,0.002,0.135,101.087,0.189,-0.532
00:00:11.368,1572925448648,1.508,-0.027000000000000003,62.143,0.664,3.0,0.013,20.132,0.002,0.135,101.422,0.189,-0.532
00:00:11.369,1572925448649,1.507,-0.027000000000000003,62.143,0.664,3.0,0.013,20.157,0.002,0.135,101.758,0.189,-0.532
00:00:11.370,1572925448650,1.507,-0.027000000000000003,62.143,0.664,3.0,0.013,20.182,0.002,0.135,102.094,0.189,-0.532
00:00:11.418,1572925448698,1.507,-0.026,62.143,0.664,3.0,0.013,20.207,0.002,0.135,102.431,0.189,-0.532
00:00:11.419,1572925448699,1.507,-0.026,62.143,0.664,3.0,0.012,20.232,0.002,0.136,102.768,0.189,-0.532
00:00:11.420,1572925448700,1.507,-0.025,62.143,0.664,3.0,0.012,20.257,0.002,0.136,103.105,0.189,-0.532
00:00:11.470,1572925448750,1.506,-0.025,61.996,0.664,3.0,0.012,20.282,0.002,0.136,103.443,0.189,-0.532
00:00:11.471,1572925448751,1.506,-0.024,61.996,0.664,3.0,0.012,20.307,0.002,0.136,103.781,0.189,-0.532
00:00:11.472,1572925448752,1.505,-0.024,61.996,0.664,3.0,0.012,20.333,0.002,0.136,104.12,0.189,-0.532
00:00:11.521,1572925448801,1.504,-0.023,61.996,0.664,3.0,0.012,20.358,0.002,0.136,104.459,0.188,-0.532
00:00:11.522,1572925448802,1.503,-0.023,61.996,0.664,3.0,0.012,20.383,0.002,0.136,104.798,0.188,-0.532
00:00:11.523,1572925448803,1.503,-0.022,61.996,0.664,3.0,0.011,20.408,0.002,0.136,105.138,0.188,-0.532
00:00:11.571,1572925448851,1.5019999999999998,-0.022,61.996,0.664,3.0,0.011,20.433,0.002,0.13699999999999998,105.479,0.188,-0.532
00:00:11.572,1572925448852,1.5019999999999998,-0.022,61.996,0.664,3.0,0.011,20.458,0.002,0.13699999999999998,105.819,0.188,-0.532
00:00:11.573,1572925448853,1.501,-0.022,61.996,0.664,3.0,0.011,20.483,0.002,0.13699999999999998,106.161,0.188,-0.532
00:00:11.630,1572925448910,1.501,-0.022,61.996,0.664,3.0,0.011,20.508000000000006,0.002,0.13699999999999998,106.502,0.188,-0.5329999999999999
00:00:11.631,1572925448911,1.5,-0.022,61.996,0.664,3.0,0.011,20.533,0.002,0.13699999999999998,106.844,0.187,-0.5329999999999999
00:00:11.632,1572925448912,1.5,-0.021,61.996,0.664,3.0,0.011,20.558000000000003,0.002,0.13699999999999998,107.187,0.187,-0.5329999999999999
00:00:11.633,1572925448913,1.499,-0.021,62.143,0.664,3.0,0.01,20.583,0.002,0.13699999999999998,107.529,0.187,-0.5329999999999999
00:00:11.680,1572925448960,1.499,-0.021,62.143,0.664,3.0,0.01,20.608,0.002,0.13699999999999998,107.873,0.187,-0.5329999999999999
00:00:11.681,1572925448961,1.4980000000000002,-0.02,62.143,0.664,3.0,0.01,20.633000000000006,0.002,0.138,108.216,0.187,-0.5329999999999999
00:00:11.682,1572925448962,1.4980000000000002,-0.02,62.143,0.664,3.0,0.01,20.658,0.002,0.138,108.56,0.18600000000000005,-0.5329999999999999
00:00:11.730,1572925449010,1.4980000000000002,-0.019,62.143,0.664,3.0,0.01,20.683000000000003,0.002,0.138,108.905,0.18600000000000005,-0.5329999999999999
00:00:11.731,1572925449011,1.4980000000000002,-0.018000000000000002,62.143,0.664,3.0,0.01,20.708,0.002,0.138,109.25,0.18600000000000005,-0.5329999999999999
00:00:11.732,1572925449012,1.497,-0.017,62.143,0.664,3.0,0.01,20.733,0.002,0.138,109.595,0.18600000000000005,-0.5329999999999999
00:00:11.780,1572925449060,1.497,-0.016,62.143,0.664,3.0,0.01,20.757,0.002,0.138,109.941,0.18600000000000005,-0.5329999999999999
00:00:11.781,1572925449061,1.496,-0.016,62.143,0.664,3.0,0.01,20.782,0.002,0.138,110.287,0.185,-0.5329999999999999
00:00:11.782,1572925449062,1.496,-0.015,62.143,0.664,3.0,0.009000000000000001,20.807,0.002,0.138,110.634,0.185,-0.5329999999999999
00:00:11.830,1572925449110,1.495,-0.014,62.143,0.664,3.0,0.009000000000000001,20.832,0.002,0.138,110.981,0.185,-0.5329999999999999
00:00:11.831,1572925449111,1.494,-0.013,62.143,0.664,3.0,0.009000000000000001,20.857,0.002,0.139,111.328,0.185,-0.5329999999999999
00:00:11.832,1572925449112,1.494,-0.013,62.289,0.664,3.0,0.009000000000000001,20.882,0.002,0.139,111.676,0.184,-0.5329999999999999
00:00:11.882,1572925449162,1.493,-0.012,62.289,0.664,3.0,0.009000000000000001,20.907,0.002,0.139,112.024,0.184,-0.5329999999999999
00:00:11.883,1572925449163,1.493,-0.012,62.289,0.664,3.0,0.009000000000000001,20.932,0.002,0.139,112.373,0.184,-0.5329999999999999
00:00:11.884,1572925449164,1.493,-0.011,62.289,0.664,3.0,0.008,20.957,0.001,0.139,112.722,0.184,-0.5329999999999999
00:00:11.932,1572925449212,1.493,-0.011,62.289,0.664,3.0,0.008,20.982,0.001,0.139,113.071,0.183,-0.5329999999999999
00:00:11.933,1572925449213,1.493,-0.011,62.289,0.664,3.0,0.008,21.006,0.001,0.139,113.421,0.183,-0.5329999999999999
00:00:11.934,1572925449214,1.492,-0.011,62.50899999999999,0.664,3.0,0.008,21.031,0.001,0.139,113.772,0.183,-0.5329999999999999
00:00:11.982,1572925449262,1.492,-0.011,62.50899999999999,0.664,3.0,0.008,21.056,0.001,0.139,114.122,0.183,-0.5329999999999999
00:00:11.983,1572925449263,1.491,-0.011,62.50899999999999,0.664,3.0,0.008,21.081,0.001,0.14,114.474,0.182,-0.5329999999999999
00:00:11.984,1572925449264,1.491,-0.01,62.50899999999999,0.664,3.0,0.006999999999999999,21.106,0.001,0.14,114.825,0.182,-0.5329999999999999
00:00:12.032,1572925449312,1.491,-0.01,62.50899999999999,0.664,3.0,0.006999999999999999,21.131,0.001,0.14,115.177,0.182,-0.5329999999999999
00:00:12.033,1572925449313,1.491,-0.009000000000000001,62.50899999999999,0.664,3.0,0.006999999999999999,21.156,0.001,0.14,115.529,0.182,-0.5329999999999999
00:00:12.034,1572925449314,1.491,-0.009000000000000001,62.655,0.664,3.0,0.006999999999999999,21.18,0.001,0.14,115.882,0.181,-0.5329999999999999
00:00:12.082,1572925449362,1.49,-0.009000000000000001,62.655,0.664,3.0,0.006999999999999999,21.205,0.001,0.14,116.236,0.181,-0.5329999999999999
00:00:12.083,1572925449363,1.49,-0.008,62.655,0.664,3.0,0.006999999999999999,21.23,0.001,0.14,116.589,0.181,-0.5329999999999999
00:00:12.084,1572925449364,1.489,-0.008,62.655,0.664,3.0,0.006,21.255,0.001,0.14,116.943,0.18,-0.5329999999999999
00:00:12.133,1572925449413,1.489,-0.008,62.655,0.664,3.0,0.006,21.28,0.001,0.141,117.298,0.18,-0.5329999999999999
00:00:12.134,1572925449414,1.489,-0.006999999999999999,62.655,0.664,3.0,0.006,21.304,0.001,0.141,117.653,0.18,-0.5329999999999999
00:00:12.135,1572925449415,1.489,-0.006999999999999999,62.802,0.664,3.0,0.006,21.329,0.001,0.141,118.008,0.179,-0.5329999999999999
00:00:12.185,1572925449465,1.4880000000000002,-0.006999999999999999,62.802,0.664,3.0,0.006,21.354,0.001,0.141,118.364,0.179,-0.5329999999999999
00:00:12.186,1572925449466,1.4880000000000002,-0.006999999999999999,62.802,0.664,3.0,0.006,21.379,0.001,0.141,118.72,0.179,-0.5329999999999999
00:00:12.187,1572925449467,1.487,-0.006999999999999999,62.802,0.664,3.0,0.006,21.404,0.001,0.141,119.076,0.179,-0.5329999999999999
00:00:12.236,1572925449516,1.487,-0.006999999999999999,62.802,0.664,3.0,0.006,21.428,0.0,0.141,119.433,0.17800000000000002,-0.5329999999999999
00:00:12.237,1572925449517,1.487,-0.006999999999999999,62.802,0.664,3.0,0.005,21.453000000000007,0.0,0.141,119.79,0.17800000000000002,-0.5329999999999999
00:00:12.238,1572925449518,1.487,-0.006999999999999999,63.021,0.664,3.0,0.005,21.478,0.0,0.142,120.148,0.17800000000000002,-0.5329999999999999
00:00:12.286,1572925449566,1.486,-0.006999999999999999,63.021,0.664,3.0,0.005,21.503,0.0,0.142,120.506,0.177,-0.5329999999999999
00:00:12.287,1572925449567,1.486,-0.006999999999999999,63.021,0.664,3.0,0.005,21.527,0.0,0.142,120.865,0.177,-0.5329999999999999
00:00:12.288,1572925449568,1.486,-0.006999999999999999,63.021,0.664,3.0,0.005,21.552,0.0,0.142,121.224,0.177,-0.5329999999999999
00:00:12.348,1572925449628,1.486,-0.006999999999999999,63.021,0.664,3.0,0.005,21.577,0.0,0.142,121.583,0.17600000000000002,-0.5329999999999999
00:00:12.349,1572925449629,1.486,-0.008,63.021,0.664,3.0,0.005,21.602,0.0,0.142,121.943,0.17600000000000002,-0.5329999999999999
00:00:12.350,1572925449630,1.485,-0.008,63.021,0.664,3.0,0.005,21.627,0.0,0.142,122.303,0.17600000000000002,-0.5329999999999999
00:00:12.351,1572925449631,1.485,-0.008,63.021,0.664,3.0,0.005,21.642,0.0,0.142,122.529,0.17600000000000002,-0.5329999999999999
00:00:12.398,1572925449678,1.484,-0.008,63.021,0.664,3.0,0.005,21.665,0.0,0.14300000000000002,122.867,0.175,-0.5329999999999999
00:00:12.399,1572925449679,1.484,-0.008,63.021,0.664,3.0,0.005,21.69,0.0,0.14300000000000002,123.228,0.175,-0.5329999999999999
00:00:12.400,1572925449680,1.483,-0.008,63.021,0.664,3.0,0.004,21.715,0.0,0.14300000000000002,123.59,0.175,-0.5329999999999999
00:00:12.448,1572925449728,1.483,-0.008,63.021,0.664,3.0,0.004,21.739,0.0,0.14300000000000002,123.952,0.174,-0.5329999999999999
00:00:12.449,1572925449729,1.482,-0.008,63.021,0.664,3.0,0.004,21.764,0.0,0.14300000000000002,124.315,0.174,-0.5329999999999999
00:00:12.450,1572925449730,1.482,-0.009000000000000001,63.168,0.664,3.0,0.004,21.789,0.0,0.14300000000000002,124.678,0.174,-0.5329999999999999
00:00:12.499,1572925449779,1.481,-0.009000000000000001,63.168,0.664,3.0,0.004,21.813,0.001,0.14300000000000002,125.041,0.173,-0.5329999999999999
00:00:12.500,1572925449780,1.481,-0.009000000000000001,63.168,0.664,3.0,0.004,21.838,0.001,0.14300000000000002,125.405,0.173,-0.5329999999999999
00:00:12.501,1572925449781,1.481,-0.009000000000000001,63.168,0.664,3.0,0.004,21.863000000000003,0.001,0.14400000000000002,125.769,0.173,-0.5329999999999999
00:00:12.550,1572925449830,1.481,-0.009000000000000001,63.168,0.664,3.0,0.004,21.887,0.001,0.14400000000000002,126.134,0.172,-0.5329999999999999
00:00:12.551,1572925449831,1.48,-0.009000000000000001,63.168,1.128,3.0,0.004,21.912,0.001,0.14400000000000002,126.499,0.172,-0.5329999999999999
00:00:12.552,1572925449832,1.4780000000000002,-0.01,63.31399999999999,1.128,3.0,0.004,21.937,0.001,0.14400000000000002,126.864,0.171,-0.5329999999999999
00:00:12.601,1572925449881,1.472,-0.01,63.31399999999999,1.128,3.0,0.004,21.961,0.001,0.14400000000000002,127.23,0.171,-0.5329999999999999
00:00:12.602,1572925449882,1.469,-0.01,63.31399999999999,1.128,3.0,0.004,21.986,0.001,0.14400000000000002,127.596,0.171,-0.5329999999999999
00:00:12.603,1572925449883,1.4680000000000002,-0.01,63.31399999999999,1.128,3.0,0.004,22.01,0.001,0.14400000000000002,127.963,0.17,-0.5329999999999999
00:00:12.652,1572925449932,1.467,-0.01,63.31399999999999,1.128,3.0,0.004,22.034,0.001,0.14400000000000002,128.33,0.17,-0.5329999999999999
00:00:12.653,1572925449933,1.466,-0.01,63.31399999999999,0.664,3.0,0.004,22.059,0.001,0.14400000000000002,128.697,0.17,-0.5329999999999999
00:00:12.654,1572925449934,1.4680000000000002,-0.01,63.31399999999999,0.664,3.0,0.004,22.083,0.001,0.14400000000000002,129.065,0.16899999999999998,-0.5329999999999999
00:00:12.703,1572925449983,1.472,-0.011,63.31399999999999,0.664,3.0,0.004,22.108,0.001,0.14400000000000002,129.433,0.16899999999999998,-0.5329999999999999
00:00:12.704,1572925449984,1.474,-0.011,63.31399999999999,0.664,3.0,0.004,22.13300000000001,0.001,0.145,129.80200000000002,0.168,-0.5329999999999999
00:00:12.705,1572925449985,1.475,-0.011,63.31399999999999,0.664,3.0,0.004,22.157,0.001,0.145,130.171,0.168,-0.5329999999999999
00:00:12.752,1572925450032,1.475,-0.011,63.31399999999999,0.664,3.0,0.004,22.182,0.001,0.145,130.541,0.168,-0.5329999999999999
00:00:12.753,1572925450033,1.475,-0.011,63.31399999999999,0.664,3.0,0.004,22.206,0.001,0.145,130.911,0.16699999999999998,-0.5329999999999999
00:00:12.754,1572925450034,1.474,-0.011,63.681,0.664,3.0,0.004,22.231,0.001,0.145,131.281,0.16699999999999998,-0.5329999999999999
00:00:12.803,1572925450083,1.474,-0.011,63.681,0.664,3.0,0.004,22.255,0.001,0.145,131.65200000000002,0.16699999999999998,-0.5329999999999999
00:00:12.804,1572925450084,1.475,-0.011,63.681,0.664,3.0,0.004,22.28,0.001,0.145,132.023,0.166,-0.5329999999999999
00:00:12.805,1572925450085,1.475,-0.011,63.681,0.664,3.0,0.004,22.305,0.001,0.145,132.394,0.166,-0.5329999999999999
00:00:12.854,1572925450134,1.475,-0.011,63.681,0.664,3.0,0.004,22.329,0.001,0.145,132.766,0.165,-0.5329999999999999
00:00:12.855,1572925450135,1.475,-0.012,63.681,0.664,3.0,0.004,22.354,0.001,0.145,133.139,0.165,-0.5329999999999999
00:00:12.856,1572925450136,1.475,-0.012,63.681,0.664,3.0,0.004,22.378,0.001,0.146,133.511,0.16399999999999998,-0.5329999999999999
00:00:12.904,1572925450184,1.474,-0.012,63.681,0.664,3.0,0.004,22.403,0.001,0.146,133.885,0.16399999999999998,-0.5329999999999999
00:00:12.905,1572925450185,1.473,-0.012,63.681,0.664,3.0,0.004,22.427,0.001,0.146,134.25799999999998,0.16399999999999998,-0.5329999999999999
00:00:12.906,1572925450186,1.473,-0.012,63.681,0.664,3.0,0.004,22.452,0.001,0.146,134.632,0.163,-0.5329999999999999
00:00:12.957,1572925450237,1.472,-0.012,63.681,0.664,3.0,0.004,22.476,0.001,0.146,135.007,0.163,-0.5329999999999999
00:00:12.958,1572925450238,1.472,-0.012,63.681,0.664,3.0,0.004,22.501,0.001,0.146,135.381,0.162,-0.5329999999999999
00:00:12.959,1572925450239,1.471,-0.012,63.974,0.664,3.0,0.004,22.527,0.001,0.147,135.78,0.162,-0.5329999999999999
00:00:13.009,1572925450289,1.471,-0.013,63.974,0.664,3.0,0.004,22.55,0.001,0.147,136.132,0.161,-0.5329999999999999
00:00:13.010,1572925450290,1.471,-0.013,63.974,0.664,3.0,0.004,22.575,0.001,0.147,136.50799999999998,0.161,-0.5329999999999999
00:00:13.011,1572925450291,1.471,-0.013,63.974,0.664,3.0,0.004,22.599,0.001,0.147,136.885,0.16,-0.5329999999999999
00:00:13.064,1572925450344,1.471,-0.014,63.974,0.664,3.0,0.004,22.624,0.001,0.147,137.262,0.16,-0.5329999999999999
00:00:13.065,1572925450345,1.471,-0.014,63.974,0.664,3.0,0.004,22.647,0.001,0.147,137.615,0.16,-0.5329999999999999
00:00:13.066,1572925450346,1.471,-0.015,63.827,0.664,3.0,0.004,22.671,0.001,0.147,137.993,0.159,-0.5329999999999999
00:00:13.110,1572925450390,1.47,-0.015,63.827,0.664,3.0,0.004,22.696,0.001,0.14800000000000002,138.371,0.159,-0.5329999999999999
00:00:13.111,1572925450391,1.469,-0.016,63.827,0.664,3.0,0.004,22.72,0.001,0.14800000000000002,138.75,0.158,-0.5329999999999999
00:00:13.112,1572925450392,1.4680000000000002,-0.017,63.827,0.664,3.0,0.004,22.744,0.001,0.14800000000000002,139.128,0.158,-0.5329999999999999
00:00:13.160,1572925450440,1.467,-0.018000000000000002,63.827,0.664,3.0,0.004,22.769,0.001,0.14800000000000002,139.50799999999998,0.157,-0.5329999999999999
00:00:13.161,1572925450441,1.466,-0.019,63.827,0.664,3.0,0.004,22.79300000000001,0.001,0.14800000000000002,139.887,0.157,-0.5329999999999999
00:00:13.162,1572925450442,1.465,-0.021,41.488,0.664,3.0,0.004,22.818,0.001,0.14800000000000002,140.267,0.156,-0.5329999999999999
00:00:13.213,1572925450493,1.45,-0.022,41.488,0.664,3.0,0.004,22.842,0.001,0.14800000000000002,140.648,0.156,-0.5329999999999999
00:00:13.214,1572925450494,1.409,-0.023,41.488,0.664,3.0,0.005,22.864,0.001,0.14800000000000002,141.029,0.155,-0.5329999999999999
00:00:13.215,1572925450495,1.355,-0.025,41.488,0.664,3.0,0.005,22.886,0.001,0.14800000000000002,141.41,0.155,-0.5329999999999999
00:00:13.260,1572925450540,1.307,-0.026,41.488,0.664,3.0,0.005,22.907,0.001,0.147,141.792,0.154,-0.5329999999999999
00:00:13.261,1572925450541,1.279,-0.027000000000000003,41.488,0.664,3.0,0.005,22.928,0.001,0.146,142.174,0.154,-0.5329999999999999
00:00:13.262,1572925450542,1.262,-0.029,1.643,0.664,3.0,0.005,22.949,0.001,0.145,142.556,0.153,-0.5329999999999999
00:00:13.312,1572925450592,1.121,-0.029,1.643,0.664,3.0,0.005,22.964,0.001,0.142,142.939,0.152,-0.5329999999999999
00:00:13.313,1572925450593,0.674,-0.03,1.643,0.664,3.0,0.006,22.968000000000004,0.001,0.138,143.321,0.152,-0.5329999999999999
00:00:13.314,1572925450594,0.17800000000000002,-0.032,1.643,0.664,3.0,0.006,22.965,0.001,0.131,143.704,0.151,-0.5329999999999999
00:00:13.315,1572925450595,-0.016,-0.033,1.643,0.664,3.0,0.006,22.964,0.001,0.122,144.08700000000005,0.151,-0.5329999999999999
00:00:13.375,1572925450655,0.008,-0.033,1.643,0.664,3.0,0.006,22.965,0.002,0.112,144.47,0.15,-0.5329999999999999
00:00:13.376,1572925450656,0.005,-0.034,1.13,0.664,3.0,0.006999999999999999,22.965,0.002,0.102,144.852,0.15,-0.5329999999999999
00:00:13.377,1572925450657,-0.055,-0.034,1.13,0.664,3.0,0.006999999999999999,22.963,0.002,0.09,145.235,0.149,-0.5329999999999999
00:00:13.423,1572925450703,-0.085,-0.035,1.13,0.664,3.0,0.006999999999999999,22.961,0.002,0.078,145.618,0.14800000000000002,-0.5329999999999999
00:00:13.424,1572925450704,-0.11,-0.035,1.13,0.664,3.0,0.006999999999999999,22.959,0.002,0.066,146.001,0.14800000000000002,-0.5329999999999999
00:00:13.425,1572925450705,-0.131,-0.035,1.13,0.664,3.0,0.008,22.957,0.002,0.052000000000000005,146.407,0.147,-0.5329999999999999
00:00:13.473,1572925450753,-0.147,-0.035,1.13,0.664,3.0,0.008,22.954,0.002,0.04,146.766,0.146,-0.5329999999999999
00:00:13.474,1572925450754,-0.161,-0.035,1.13,0.664,3.0,0.008,22.951,0.003,0.027000000000000003,147.148,0.146,-0.5329999999999999
00:00:13.475,1572925450755,-0.174,-0.036000000000000004,1.13,0.664,3.0,0.008,22.948,0.003,0.013,147.531,0.145,-0.532
00:00:13.523,1572925450803,-0.18600000000000005,-0.036000000000000004,1.13,0.664,3.0,0.008,22.945,0.003,-0.001,147.937,0.14400000000000002,-0.532
00:00:13.524,1572925450804,-0.195,-0.037000000000000005,1.13,0.664,3.0,0.009000000000000001,22.942,0.003,-0.013,148.296,0.14400000000000002,-0.532
00:00:13.525,1572925450805,-0.205,-0.037000000000000005,1.13,0.664,3.0,0.009000000000000001,22.938,0.003,-0.025,148.678,0.14300000000000002,-0.532
00:00:13.573,1572925450853,-0.213,-0.037000000000000005,1.13,0.664,3.0,0.009000000000000001,22.934,0.003,-0.037000000000000005,149.06,0.142,-0.532
00:00:13.574,1572925450854,-0.221,-0.037000000000000005,1.13,0.664,3.0,0.009000000000000001,22.931,0.003,-0.049,149.442,0.142,-0.532
00:00:13.575,1572925450855,-0.228,-0.037000000000000005,1.13,0.664,3.0,0.009000000000000001,22.927,0.003,-0.06,149.825,0.141,-0.531
00:00:13.623,1572925450903,-0.234,-0.036000000000000004,1.13,0.664,3.0,0.01,22.923,0.003,-0.071,150.207,0.14,-0.531
00:00:13.624,1572925450904,-0.24,-0.036000000000000004,1.13,0.664,3.0,0.01,22.919,0.003,-0.08,150.589,0.139,-0.531
00:00:13.625,1572925450905,-0.245,-0.036000000000000004,1.13,0.664,3.0,0.01,22.914,0.003,-0.08900000000000001,150.971,0.139,-0.531
00:00:13.677,1572925450957,-0.25,-0.036000000000000004,1.13,1.128,3.0,0.01,22.91,0.003,-0.098,151.376,0.138,-0.531
00:00:13.678,1572925450958,-0.256,-0.035,1.13,1.128,3.0,0.01,22.906,0.003,-0.105,151.734,0.13699999999999998,-0.531
00:00:13.679,1572925450959,-0.265,-0.035,1.13,1.128,3.0,0.01,22.901,0.003,-0.111,152.116,0.136,-0.531
00:00:13.724,1572925451004,-0.272,-0.035,1.13,1.128,3.0,0.011,22.897,0.003,-0.117,152.498,0.135,-0.531
00:00:13.725,1572925451005,-0.277,-0.035,1.13,1.128,3.0,0.011,22.892,0.003,-0.122,152.879,0.135,-0.531
00:00:13.726,1572925451006,-0.28,-0.034,1.13,1.128,3.0,0.011,22.887,0.003,-0.125,153.261,0.134,-0.531
00:00:13.776,1572925451056,-0.28300000000000003,-0.034,1.13,1.128,3.0,0.011,22.882,0.003,-0.128,153.642,0.133,-0.531
00:00:13.777,1572925451057,-0.284,-0.034,1.13,0.664,3.0,0.011,22.877,0.003,-0.13,154.047,0.132,-0.532
00:00:13.778,1572925451058,-0.281,-0.033,1.13,0.664,3.0,0.011,22.873,0.003,-0.131,154.405,0.131,-0.532
00:00:13.826,1572925451106,-0.28,-0.033,1.13,0.664,3.0,0.011,22.868,0.003,-0.131,154.786,0.13,-0.532
00:00:13.833,1572925451113,-0.28,-0.032,1.13,0.664,3.0,0.011,22.864,0.003,-0.13,155.167,0.13,-0.532
00:00:13.834,1572925451114,-0.281,-0.032,1.13,0.664,3.0,0.011,22.859,0.003,-0.129,155.572,0.129,-0.532
00:00:13.878,1572925451158,-0.282,-0.032,1.13,0.664,3.0,0.011,22.854,0.003,-0.127,155.929,0.128,-0.5329999999999999
00:00:13.879,1572925451159,-0.284,-0.032,1.13,0.664,3.0,0.011,22.849,0.003,-0.125,156.334,0.127,-0.5329999999999999
00:00:13.880,1572925451160,-0.285,-0.032,1.13,0.664,3.0,0.012,22.845,0.003,-0.122,156.691,0.126,-0.5329999999999999
00:00:13.926,1572925451206,-0.28600000000000003,-0.032,1.13,0.664,3.0,0.012,22.84,0.003,-0.119,157.071,0.125,-0.5329999999999999
00:00:13.927,1572925451207,-0.287,-0.032,1.13,0.664,3.0,0.012,22.835,0.003,-0.116,157.452,0.124,-0.534
00:00:13.928,1572925451208,-0.28800000000000003,-0.031,1.13,0.664,3.0,0.012,22.83,0.003,-0.113,157.856,0.123,-0.534
00:00:13.976,1572925451256,-0.289,-0.031,1.13,0.664,3.0,0.012,22.826,0.003,-0.11,158.213,0.122,-0.534
00:00:13.977,1572925451257,-0.29,-0.031,1.13,0.664,3.0,0.012,22.821,0.003,-0.106,158.593,0.121,-0.534
00:00:13.978,1572925451258,-0.29100000000000004,-0.031,1.13,0.664,3.0,0.012,22.816,0.003,-0.103,158.974,0.12,-0.534
00:00:14.026,1572925451306,-0.292,-0.031,1.13,0.664,3.0,0.012,22.811,0.003,-0.1,159.378,0.119,-0.535
00:00:14.027,1572925451307,-0.292,-0.03,1.13,0.664,3.0,0.012,22.806,0.002,-0.097,159.734,0.119,-0.535
00:00:14.028,1572925451308,-0.293,-0.03,1.13,0.664,3.0,0.012,22.801,0.003,-0.095,160.114,0.118,-0.535
00:00:14.077,1572925451357,-0.293,-0.029,1.13,0.664,3.0,0.012,22.796,0.003,-0.092,160.494,0.117,-0.535
00:00:14.078,1572925451358,-0.294,-0.029,1.13,0.664,3.0,0.012,22.792,0.003,-0.09,160.874,0.116,-0.535
00:00:14.079,1572925451359,-0.295,-0.029,1.13,0.664,3.0,0.012,22.786,0.003,-0.08800000000000001,161.278,0.115,-0.535
00:00:14.129,1572925451409,-0.295,-0.029,1.13,0.664,3.0,0.012,22.782,0.003,-0.086,161.634,0.114,-0.535
00:00:14.130,1572925451410,-0.29600000000000004,-0.028,1.13,0.664,3.0,0.012,22.777,0.003,-0.084,162.013,0.113,-0.535
00:00:14.131,1572925451411,-0.29600000000000004,-0.028,1.13,0.664,3.0,0.012,22.772,0.003,-0.083,162.393,0.112,-0.535
00:00:14.180,1572925451460,-0.29600000000000004,-0.027000000000000003,1.13,0.664,3.0,0.012,22.767,0.003,-0.08199999999999999,162.796,0.111,-0.535
00:00:14.181,1572925451461,-0.297,-0.027000000000000003,1.13,0.664,3.0,0.012,22.762,0.003,-0.081,163.175,0.109,-0.535
00:00:14.182,1572925451462,-0.297,-0.026,1.13,0.664,3.0,0.012,22.757,0.003,-0.081,163.555,0.108,-0.535
00:00:14.183,1572925451463,-0.298,-0.025,1.13,0.664,3.0,0.012,22.752,0.003,-0.08,163.91,0.107,-0.535
00:00:14.233,1572925451513,-0.298,-0.024,1.13,0.664,3.0,0.012,22.747,0.003,-0.08,164.28900000000004,0.106,-0.535
00:00:14.234,1572925451514,-0.298,-0.022,1.13,0.664,3.0,0.012,22.742,0.003,-0.08,164.669,0.105,-0.535
00:00:14.235,1572925451515,-0.298,-0.019,1.13,0.664,3.0,0.012,22.737,0.003,-0.08,165.048,0.104,-0.535
00:00:14.281,1572925451561,-0.299,-0.016,1.13,0.664,3.0,0.012,22.732,0.003,-0.08,165.45,0.103,-0.535
00:00:14.282,1572925451562,-0.299,-0.011,1.13,0.664,3.0,0.012,22.727,0.003,-0.08,165.829,0.102,-0.535
00:00:14.283,1572925451563,-0.298,-0.006,1.13,0.664,3.0,0.012,22.722,0.003,-0.081,166.18400000000003,0.101,-0.535
00:00:14.331,1572925451611,-0.298,0.002,1.13,0.664,3.0,0.012,22.717,0.003,-0.081,166.563,0.1,-0.535
00:00:14.332,1572925451612,-0.299,0.01,1.13,0.664,3.0,0.012,22.712,0.004,-0.08199999999999999,166.94099999999997,0.099,-0.535
00:00:14.333,1572925451613,-0.299,0.02,1.13,0.664,3.0,0.011,22.707,0.004,-0.083,167.343,0.098,-0.535
00:00:14.381,1572925451661,-0.299,0.029,1.13,0.664,3.0,0.011,22.702,0.004,-0.083,167.722,0.097,-0.535
00:00:14.382,1572925451662,-0.299,0.038,1.13,0.664,3.0,0.01,22.697,0.004,-0.084,168.077,0.096,-0.535
00:00:14.383,1572925451663,-0.299,0.047,1.13,0.664,3.0,0.009000000000000001,22.692,0.005,-0.085,168.47799999999995,0.095,-0.535
00:00:14.436,1572925451716,-0.3,0.055,1.13,0.664,3.0,0.008,22.687,0.005,-0.086,168.857,0.094,-0.535
00:00:14.437,1572925451717,-0.3,0.062,1.13,0.664,3.0,0.006999999999999999,22.682,0.004,-0.087,169.235,0.093,-0.535
00:00:14.438,1572925451718,-0.3,0.068,1.13,0.664,3.0,0.005,22.677,0.004,-0.08800000000000001,169.58900000000003,0.092,-0.535
00:00:14.483,1572925451763,-0.3,0.073,1.13,0.664,3.0,0.004,22.672,0.004,-0.08900000000000001,169.991,0.091,-0.534
00:00:14.484,1572925451764,-0.3,0.077,1.13,0.664,3.0,0.002,22.667,0.003,-0.09,170.368,0.09,-0.534
00:00:14.485,1572925451765,-0.3,0.081,1.13,0.664,3.0,0.0,22.662,0.002,-0.09,170.74599999999995,0.08900000000000001,-0.534
00:00:14.536,1572925451816,-0.299,0.084,1.13,0.664,3.0,-0.002,22.657,0.001,-0.091,171.12400000000005,0.08800000000000001,-0.534
00:00:14.537,1572925451817,-0.3,0.087,1.13,0.664,3.0,-0.003,22.652,0.0,-0.092,171.47799999999995,0.087,-0.534
00:00:14.538,1572925451818,-0.3,0.09,1.13,0.664,3.0,-0.005,22.647,-0.001,-0.093,171.87900000000005,0.086,-0.534
00:00:14.586,1572925451866,-0.3,0.093,1.13,0.664,3.0,-0.006,22.642,-0.002,-0.093,172.25599999999997,0.086,-0.534
00:00:14.587,1572925451867,-0.3,0.097,1.13,0.664,3.0,-0.008,22.637,-0.003,-0.094,172.634,0.085,-0.534
00:00:14.588,1572925451868,-0.3,0.101,1.13,0.664,3.0,-0.009000000000000001,22.632,-0.004,-0.094,173.011,0.084,-0.534
00:00:14.637,1572925451917,-0.3,0.105,1.13,0.664,3.0,-0.011,22.627,-0.005,-0.095,173.388,0.083,-0.534
00:00:14.638,1572925451918,-0.3,0.109,1.13,0.664,3.0,-0.012,22.622,-0.006,-0.095,173.765,0.083,-0.534
00:00:14.639,1572925451919,-0.3,0.114,1.13,0.664,3.0,-0.014,22.617,-0.006999999999999999,-0.095,174.142,0.08199999999999999,-0.534
00:00:14.686,1572925451966,-0.3,0.118,1.13,0.664,3.0,-0.015,22.612,-0.008,-0.095,174.519,0.081,-0.534
00:00:14.687,1572925451967,-0.3,0.122,1.13,0.664,3.0,-0.016,22.607,-0.009000000000000001,-0.095,174.896,0.081,-0.534
00:00:14.688,1572925451968,-0.3,0.125,1.13,0.664,3.0,-0.018000000000000002,22.602,-0.009000000000000001,-0.095,175.273,0.08,-0.534
00:00:14.736,1572925452016,-0.299,0.128,1.13,0.664,3.0,-0.019,22.597,-0.01,-0.095,175.649,0.08,-0.534
00:00:14.737,1572925452017,-0.299,0.129,1.13,0.664,3.0,-0.021,22.592,-0.01,-0.095,176.02599999999995,0.079,-0.534
00:00:14.738,1572925452018,-0.299,0.13,1.13,0.664,3.0,-0.022,22.587,-0.011,-0.094,176.40200000000004,0.079,-0.534
00:00:14.786,1572925452066,-0.297,0.131,1.423,0.664,3.0,-0.023,22.582,-0.011,-0.094,176.77900000000002,0.078,-0.534
00:00:14.787,1572925452067,-0.292,0.13,1.423,0.664,3.0,-0.024,22.577,-0.011,-0.093,177.155,0.078,-0.535
00:00:14.788,1572925452068,-0.29,0.13,1.423,0.664,3.0,-0.025,22.573,-0.012,-0.093,177.53099999999995,0.078,-0.535
00:00:14.844,1572925452124,-0.289,0.129,1.423,0.664,3.0,-0.026,22.568,-0.012,-0.092,177.907,0.077,-0.535
00:00:14.845,1572925452125,-0.28800000000000003,0.128,1.423,0.664,3.0,-0.027000000000000003,22.563,-0.012,-0.092,178.28400000000005,0.077,-0.535
00:00:14.846,1572925452126,-0.28800000000000003,0.127,1.423,0.664,3.0,-0.028,22.558000000000003,-0.012,-0.091,178.66,0.077,-0.535
00:00:14.892,1572925452172,-0.28600000000000003,0.126,1.789,0.664,3.0,-0.029,22.553,-0.012,-0.091,179.035,0.077,-0.535
00:00:14.893,1572925452173,-0.28,0.123,1.789,0.664,3.0,-0.03,22.549,-0.012,-0.09,179.41099999999997,0.077,-0.535
00:00:14.894,1572925452174,-0.277,0.121,1.789,0.664,3.0,-0.031,22.544,-0.011,-0.09,179.787,0.076,-0.535
00:00:14.941,1572925452221,-0.275,0.12,1.789,0.664,3.0,-0.031,22.54,-0.011,-0.08900000000000001,180.163,0.076,-0.535
00:00:14.942,1572925452222,-0.275,0.118,1.789,0.664,3.0,-0.032,22.535,-0.011,-0.08900000000000001,180.538,0.076,-0.535
00:00:14.943,1572925452223,-0.275,0.116,1.789,0.664,3.0,-0.032,22.531,-0.011,-0.08800000000000001,180.914,0.076,-0.535
00:00:14.991,1572925452271,-0.273,0.113,2.302,0.664,3.0,-0.033,22.526,-0.01,-0.08800000000000001,181.289,0.076,-0.535
00:00:14.992,1572925452272,-0.264,0.11,2.302,0.664,3.0,-0.033,22.522,-0.01,-0.087,181.665,0.076,-0.535
00:00:14.993,1572925452273,-0.259,0.107,2.302,0.664,3.0,-0.034,22.518,-0.01,-0.086,182.04,0.076,-0.535
00:00:15.041,1572925452321,-0.257,0.104,2.302,0.664,3.0,-0.034,22.513,-0.01,-0.086,182.415,0.076,-0.535
00:00:15.042,1572925452322,-0.256,0.101,2.302,0.664,3.0,-0.034,22.509,-0.009000000000000001,-0.085,182.791,0.077,-0.535
00:00:15.043,1572925452323,-0.256,0.098,2.302,0.664,3.0,-0.034,22.505,-0.009000000000000001,-0.085,183.166,0.077,-0.535
00:00:15.091,1572925452371,-0.255,0.096,3.254,0.664,3.0,-0.034,22.501,-0.009000000000000001,-0.084,183.541,0.077,-0.535
00:00:15.092,1572925452372,-0.249,0.092,3.254,0.664,3.0,-0.035,22.496,-0.008,-0.083,183.916,0.077,-0.535
00:00:15.093,1572925452373,-0.239,0.08900000000000001,3.254,0.664,3.0,-0.035,22.493,-0.008,-0.083,184.291,0.077,-0.535
00:00:15.141,1572925452421,-0.23,0.086,3.254,0.664,3.0,-0.034,22.489,-0.008,-0.08199999999999999,184.666,0.078,-0.535
00:00:15.142,1572925452422,-0.224,0.084,3.254,0.664,3.0,-0.034,22.485,-0.008,-0.08199999999999999,185.04,0.078,-0.535
00:00:15.143,1572925452423,-0.22,0.081,3.254,0.664,3.0,-0.034,22.482,-0.006999999999999999,-0.081,185.415,0.078,-0.535
00:00:15.202,1572925452482,-0.217,0.079,7.942,0.664,3.0,-0.034,22.478,-0.006999999999999999,-0.08,185.79,0.078,-0.535
00:00:15.203,1572925452483,-0.211,0.077,7.942,0.664,3.0,-0.034,22.475,-0.006999999999999999,-0.08,186.164,0.079,-0.535
00:00:15.204,1572925452484,-0.194,0.07400000000000001,7.942,0.664,3.0,-0.034,22.472,-0.006,-0.079,186.539,0.079,-0.535
00:00:15.205,1572925452485,-0.16399999999999998,0.071,7.942,0.664,3.0,-0.033,22.47,-0.006,-0.078,186.913,0.079,-0.535
00:00:15.248,1572925452528,-0.125,0.069,7.942,0.664,3.0,-0.033,22.468000000000004,-0.006,-0.077,187.288,0.08,-0.535
00:00:15.249,1572925452529,-0.08800000000000001,0.067,7.942,0.664,3.0,-0.033,22.467,-0.006,-0.075,187.662,0.08,-0.535
00:00:15.250,1572925452530,-0.064,0.064,11.97,0.664,3.0,-0.032,22.466,-0.005,-0.07400000000000001,188.037,0.081,-0.535
00:00:15.299,1572925452579,-0.045,0.062,11.97,0.664,3.0,-0.032,22.466,-0.005,-0.07200000000000001,188.411,0.081,-0.535
00:00:15.300,1572925452580,-0.021,0.06,11.97,0.664,3.0,-0.032,22.466,-0.005,-0.07,188.786,0.08199999999999999,-0.534
00:00:15.301,1572925452581,0.008,0.059,11.97,0.664,3.0,-0.031,22.466,-0.005,-0.067,189.16,0.08199999999999999,-0.534
00:00:15.349,1572925452629,0.034,0.057,11.97,0.664,3.0,-0.031,22.467,-0.005,-0.064,189.535,0.083,-0.534
00:00:15.350,1572925452630,0.054000000000000006,0.056,11.97,0.664,3.0,-0.03,22.468000000000004,-0.004,-0.061,189.909,0.083,-0.534
00:00:15.351,1572925452631,0.066,0.055,11.97,0.664,3.0,-0.03,22.47,-0.004,-0.058,190.283,0.084,-0.534
00:00:15.403,1572925452683,0.07,0.055,11.97,0.664,3.0,-0.03,22.471,-0.004,-0.055,190.658,0.084,-0.534
00:00:15.404,1572925452684,0.07,0.054000000000000006,11.97,0.664,3.0,-0.029,22.472,-0.004,-0.052000000000000005,191.032,0.085,-0.534
00:00:15.405,1572925452685,0.066,0.053,11.97,0.664,3.0,-0.029,22.47300000000001,-0.004,-0.049,191.407,0.085,-0.534
00:00:15.453,1572925452733,0.063,0.053,11.97,0.664,3.0,-0.028,22.474,-0.003,-0.046,191.782,0.086,-0.534
00:00:15.454,1572925452734,0.06,0.053,11.97,0.664,3.0,-0.028,22.475,-0.003,-0.043,192.156,0.086,-0.534
00:00:15.455,1572925452735,0.058,0.052000000000000005,13.142,0.664,3.0,-0.028,22.476,-0.003,-0.04,192.531,0.087,-0.534
00:00:15.503,1572925452783,0.06,0.052000000000000005,13.142,0.664,3.0,-0.027000000000000003,22.477,-0.003,-0.038,192.905,0.08800000000000001,-0.534
00:00:15.504,1572925452784,0.067,0.052000000000000005,13.142,0.664,3.0,-0.027000000000000003,22.478,-0.003,-0.035,193.28,0.08800000000000001,-0.534
00:00:15.505,1572925452785,0.078,0.052000000000000005,13.142,0.664,3.0,-0.026,22.48,-0.003,-0.033,193.655,0.08900000000000001,-0.534
00:00:15.553,1572925452833,0.08900000000000001,0.051,13.142,0.664,3.0,-0.026,22.481,-0.003,-0.031,194.029,0.09,-0.534
00:00:15.554,1572925452834,0.098,0.051,13.142,0.664,3.0,-0.026,22.483,-0.003,-0.03,194.404,0.09,-0.534
00:00:15.555,1572925452835,0.103,0.051,15.632,0.664,3.0,-0.026,22.485,-0.003,-0.028,194.779,0.091,-0.534
00:00:15.613,1572925452893,0.112,0.051,15.632,0.664,3.0,-0.025,22.487,-0.003,-0.027000000000000003,195.153,0.092,-0.534
00:00:15.614,1572925452894,0.129,0.051,15.632,0.664,3.0,-0.025,22.489,-0.003,-0.026,195.528,0.092,-0.534
00:00:15.615,1572925452895,0.15,0.052000000000000005,15.632,0.664,3.0,-0.025,22.492,-0.003,-0.025,195.903,0.093,-0.534
00:00:15.616,1572925452896,0.17,0.052000000000000005,15.632,0.664,3.0,-0.024,22.495,-0.003,-0.024,196.278,0.094,-0.534
00:00:15.667,1572925452947,0.18600000000000005,0.052000000000000005,15.632,0.664,3.0,-0.024,22.498,-0.003,-0.023,196.653,0.095,-0.534
00:00:15.668,1572925452948,0.197,0.052000000000000005,16.292,0.664,3.0,-0.024,22.502,-0.003,-0.022,197.028,0.096,-0.534
00:00:15.669,1572925452949,0.205,0.053,16.292,0.664,3.0,-0.024,22.505,-0.003,-0.021,197.403,0.096,-0.534
00:00:15.715,1572925452995,0.212,0.053,16.292,0.664,3.0,-0.024,22.509,-0.003,-0.02,197.778,0.097,-0.534
00:00:15.716,1572925452996,0.218,0.054000000000000006,16.292,0.664,3.0,-0.023,22.513,-0.003,-0.02,198.153,0.098,-0.534
00:00:15.717,1572925452997,0.223,0.054000000000000006,16.292,0.664,3.0,-0.023,22.517,-0.003,-0.019,198.529,0.099,-0.534
00:00:15.765,1572925453045,0.226,0.054000000000000006,16.292,0.664,3.0,-0.023,22.52,-0.003,-0.019,198.904,0.1,-0.534
00:00:15.766,1572925453046,0.228,0.054000000000000006,16.658,0.664,3.0,-0.023,22.524,-0.003,-0.018000000000000002,199.279,0.101,-0.534
00:00:15.767,1572925453047,0.23,0.054000000000000006,16.658,0.664,3.0,-0.023,22.528,-0.003,-0.018000000000000002,199.655,0.101,-0.534
00:00:15.815,1572925453095,0.232,0.054000000000000006,16.658,0.664,3.0,-0.023,22.532,-0.004,-0.017,200.03,0.102,-0.534
00:00:15.816,1572925453096,0.235,0.053,16.658,0.664,3.0,-0.023,22.536,-0.004,-0.017,200.406,0.103,-0.534
00:00:15.817,1572925453097,0.238,0.053,16.658,0.664,3.0,-0.023,22.54,-0.004,-0.017,200.781,0.104,-0.534
00:00:15.865,1572925453145,0.24,0.052000000000000005,16.658,0.664,3.0,-0.022,22.544,-0.004,-0.017,201.157,0.105,-0.534
00:00:15.866,1572925453146,0.242,0.052000000000000005,18.123,0.664,3.0,-0.022,22.548,-0.004,-0.017,201.533,0.106,-0.534
00:00:15.867,1572925453147,0.247,0.052000000000000005,18.123,0.664,3.0,-0.022,22.552,-0.004,-0.016,201.909,0.107,-0.534
00:00:15.915,1572925453195,0.258,0.052000000000000005,18.123,0.664,3.0,-0.022,22.557,-0.004,-0.016,202.285,0.108,-0.534
00:00:15.916,1572925453196,0.272,0.051,18.123,0.664,3.0,-0.022,22.561,-0.004,-0.016,202.661,0.109,-0.534
00:00:15.917,1572925453197,0.285,0.051,18.123,0.664,3.0,-0.022,22.566,-0.004,-0.016,203.037,0.11,-0.534
00:00:15.974,1572925453254,0.29600000000000004,0.052000000000000005,18.123,0.664,3.0,-0.022,22.571,-0.004,-0.015,203.413,0.111,-0.534
00:00:15.975,1572925453255,0.304,0.052000000000000005,18.635,0.664,3.0,-0.022,22.577,-0.004,-0.015,203.789,0.112,-0.534
00:00:15.976,1572925453256,0.31,0.052000000000000005,18.635,0.664,3.0,-0.021,22.582,-0.004,-0.014,204.165,0.113,-0.534
00:00:16.025,1572925453305,0.315,0.052000000000000005,18.635,0.664,3.0,-0.021,22.587,-0.004,-0.014,204.542,0.114,-0.534
00:00:16.026,1572925453306,0.32,0.052000000000000005,18.635,0.664,3.0,-0.021,22.592,-0.004,-0.013,204.918,0.115,-0.534
00:00:16.027,1572925453307,0.324,0.051,18.635,0.664,3.0,-0.021,22.59800000000001,-0.004,-0.012,205.295,0.117,-0.534
00:00:16.076,1572925453356,0.327,0.051,18.635,0.664,3.0,-0.021,22.603,-0.004,-0.012,205.671,0.118,-0.534
00:00:16.077,1572925453357,0.328,0.051,19.148,0.664,3.0,-0.021,22.609,-0.004,-0.011,206.048,0.119,-0.534
00:00:16.078,1572925453358,0.331,0.05,19.148,0.664,3.0,-0.021,22.614,-0.004,-0.01,206.425,0.12,-0.534
00:00:16.126,1572925453406,0.334,0.049,19.148,0.664,3.0,-0.021,22.62,-0.004,-0.009000000000000001,206.802,0.121,-0.534
00:00:16.127,1572925453407,0.339,0.049,19.148,0.664,3.0,-0.021,22.626,-0.004,-0.008,207.179,0.122,-0.534
00:00:16.128,1572925453408,0.343,0.048,19.148,0.664,3.0,-0.02,22.632,-0.004,-0.006999999999999999,207.556,0.124,-0.534
00:00:16.176,1572925453456,0.34700000000000003,0.047,19.148,0.664,3.0,-0.02,22.637,-0.004,-0.006999999999999999,207.933,0.125,-0.534
00:00:16.177,1572925453457,0.349,0.047,19.441,0.664,3.0,-0.02,22.643,-0.004,-0.006,208.311,0.126,-0.534
00:00:16.178,1572925453458,0.35100000000000003,0.046,19.441,0.664,3.0,-0.02,22.649,-0.004,-0.005,208.688,0.127,-0.534
00:00:16.226,1572925453506,0.354,0.046,19.441,0.664,3.0,-0.02,22.655,-0.004,-0.004,209.066,0.128,-0.534
00:00:16.227,1572925453507,0.35700000000000004,0.045,19.441,0.664,3.0,-0.02,22.661,-0.004,-0.003,209.443,0.13,-0.534
00:00:16.228,1572925453508,0.359,0.045,19.441,0.664,3.0,-0.02,22.667,-0.004,-0.003,209.821,0.131,-0.534
00:00:16.276,1572925453556,0.361,0.044,19.441,0.664,3.0,-0.02,22.673,-0.004,-0.002,210.199,0.132,-0.534
00:00:16.277,1572925453557,0.362,0.044,19.807,0.664,3.0,-0.02,22.679,-0.004,-0.001,210.577,0.134,-0.534
00:00:16.278,1572925453558,0.363,0.043,19.807,0.664,3.0,-0.019,22.685,-0.004,-0.001,210.955,0.135,-0.534
00:00:16.332,1572925453612,0.366,0.043,19.807,0.664,3.0,-0.019,22.691,-0.004,0.0,211.333,0.136,-0.534
00:00:16.333,1572925453613,0.369,0.043,19.807,0.664,3.0,-0.019,22.698,-0.004,0.001,211.711,0.138,-0.534
00:00:16.334,1572925453614,0.373,0.043,19.807,0.664,3.0,-0.019,22.704,-0.003,0.001,212.09,0.139,-0.534
00:00:16.335,1572925453615,0.375,0.043,19.807,0.664,3.0,-0.019,22.71,-0.003,0.002,212.468,0.14,-0.534
00:00:16.384,1572925453664,0.377,0.042,19.954,0.664,3.0,-0.019,22.716,-0.003,0.002,212.847,0.142,-0.534
00:00:16.385,1572925453665,0.378,0.042,19.954,0.664,3.0,-0.019,22.72300000000001,-0.003,0.002,213.225,0.14300000000000002,-0.534
00:00:16.386,1572925453666,0.379,0.042,19.954,0.664,3.0,-0.018000000000000002,22.729,-0.003,0.002,213.604,0.14400000000000002,-0.534
00:00:16.435,1572925453715,0.381,0.041,19.954,0.664,3.0,-0.018000000000000002,22.735,-0.003,0.003,213.983,0.146,-0.534
00:00:16.436,1572925453716,0.382,0.041,19.954,0.664,3.0,-0.018000000000000002,22.742,-0.003,0.003,214.362,0.147,-0.534
00:00:16.437,1572925453717,0.382,0.041,20.32,0.664,3.0,-0.018000000000000002,22.749,-0.003,0.003,214.765,0.149,-0.534
00:00:16.488,1572925453768,0.383,0.041,20.32,0.664,3.0,-0.018000000000000002,22.755,-0.003,0.003,215.12,0.15,-0.534
00:00:16.489,1572925453769,0.383,0.04,20.32,0.664,3.0,-0.018000000000000002,22.761,-0.003,0.003,215.499,0.152,-0.534
00:00:16.490,1572925453770,0.384,0.04,20.32,0.664,3.0,-0.018000000000000002,22.767,-0.003,0.003,215.879,0.153,-0.534
00:00:16.535,1572925453815,0.385,0.04,20.32,0.664,3.0,-0.018000000000000002,22.774,-0.003,0.003,216.258,0.154,-0.534
00:00:16.536,1572925453816,0.387,0.039,20.32,0.664,3.0,-0.017,22.78,-0.003,0.003,216.638,0.156,-0.534
00:00:16.537,1572925453817,0.388,0.038,20.32,0.664,3.0,-0.017,22.787,-0.003,0.003,217.018,0.157,-0.534
00:00:16.585,1572925453865,0.388,0.037000000000000005,21.492,0.664,3.0,-0.017,22.79300000000001,-0.003,0.003,217.398,0.159,-0.534
00:00:16.586,1572925453866,0.39,0.037000000000000005,21.492,0.664,3.0,-0.017,22.8,-0.003,0.003,217.777,0.161,-0.534
00:00:16.587,1572925453867,0.393,0.036000000000000004,21.492,0.664,3.0,-0.017,22.806,-0.003,0.003,218.157,0.162,-0.534
00:00:16.635,1572925453915,0.397,0.035,21.492,0.664,3.0,-0.017,22.813,-0.003,0.003,218.538,0.16399999999999998,-0.534
00:00:16.636,1572925453916,0.4,0.033,21.492,0.664,3.0,-0.017,22.82,-0.003,0.003,218.918,0.165,-0.534
00:00:16.637,1572925453917,0.403,0.032,21.492,0.664,3.0,-0.017,22.826,-0.003,0.003,219.298,0.16699999999999998,-0.534
00:00:16.686,1572925453966,0.405,0.031,22.664,0.664,3.0,-0.017,22.833,-0.003,0.003,219.679,0.168,-0.534
00:00:16.687,1572925453967,0.407,0.03,22.664,0.664,3.0,-0.016,22.84,-0.003,0.003,220.05900000000003,0.17,-0.534
00:00:16.688,1572925453968,0.411,0.028,22.664,0.664,3.0,-0.016,22.847,-0.003,0.003,220.44,0.171,-0.534
00:00:16.736,1572925454016,0.415,0.027000000000000003,22.664,0.664,3.0,-0.016,22.854,-0.003,0.003,220.821,0.173,-0.534
00:00:16.737,1572925454017,0.418,0.025,22.664,0.664,3.0,-0.016,22.861,-0.003,0.003,221.202,0.175,-0.534
00:00:16.738,1572925454018,0.421,0.023,22.664,0.664,3.0,-0.016,22.868,-0.003,0.003,221.583,0.17600000000000002,-0.534
00:00:16.788,1572925454068,0.423,0.022,23.103,0.664,3.0,-0.015,22.875,-0.003,0.004,221.96400000000003,0.17800000000000002,-0.534
00:00:16.789,1572925454069,0.424,0.02,23.103,0.664,3.0,-0.015,22.882,-0.003,0.004,222.345,0.179,-0.534
00:00:16.790,1572925454070,0.425,0.018000000000000002,23.103,0.664,3.0,-0.015,22.889,-0.003,0.004,222.727,0.181,-0.534
00:00:16.838,1572925454118,0.4270000000000001,0.017,23.103,0.664,3.0,-0.015,22.896,-0.003,0.005,223.108,0.183,-0.534
00:00:16.839,1572925454119,0.428,0.016,23.103,0.664,3.0,-0.014,22.903,-0.003,0.005,223.49,0.184,-0.534
00:00:16.840,1572925454120,0.428,0.015,23.103,0.664,3.0,-0.014,22.911,-0.003,0.005,223.872,0.18600000000000005,-0.534
00:00:16.896,1572925454176,0.429,0.014,23.323,0.664,3.0,-0.014,22.91800000000001,-0.003,0.006,224.254,0.188,-0.534
00:00:16.897,1572925454177,0.429,0.013,23.323,0.664,3.0,-0.013,22.925,-0.003,0.006,224.636,0.189,-0.534
00:00:16.898,1572925454178,0.429,0.012,23.323,0.664,3.0,-0.013,22.932,-0.003,0.006,225.018,0.191,-0.534
00:00:16.899,1572925454179,0.43,0.012,23.323,0.664,3.0,-0.012,22.939,-0.002,0.006999999999999999,225.4,0.193,-0.534
00:00:16.947,1572925454227,0.43,0.011,23.323,0.664,3.0,-0.012,22.946,-0.002,0.006999999999999999,225.783,0.194,-0.534
00:00:16.948,1572925454228,0.43,0.01,23.323,0.664,3.0,-0.012,22.954,-0.002,0.006999999999999999,226.165,0.196,-0.534
00:00:16.949,1572925454229,0.431,0.01,23.469,0.664,3.0,-0.011,22.961,-0.002,0.006999999999999999,226.548,0.198,-0.534
00:00:16.997,1572925454277,0.431,0.009000000000000001,23.469,0.664,3.0,-0.011,22.968000000000004,-0.001,0.008,226.93,0.199,-0.534
00:00:16.998,1572925454278,0.431,0.008,23.469,0.664,3.0,-0.011,22.975,-0.001,0.008,227.313,0.201,-0.534
00:00:16.999,1572925454279,0.431,0.006999999999999999,23.469,0.664,3.0,-0.01,22.982,-0.001,0.008,227.696,0.203,-0.534
00:00:17.047,1572925454327,0.431,0.006,23.469,0.664,3.0,-0.01,22.989,-0.001,0.008,228.079,0.204,-0.534
00:00:17.048,1572925454328,0.431,0.005,23.469,0.664,3.0,-0.01,22.997,-0.001,0.008,228.463,0.206,-0.534
00:00:17.049,1572925454329,0.431,0.004,23.616,0.664,3.0,-0.01,23.004,-0.001,0.009000000000000001,228.846,0.208,-0.534
00:00:17.099,1572925454379,0.431,0.003,23.616,0.664,3.0,-0.009000000000000001,23.011,-0.001,0.009000000000000001,229.229,0.209,-0.534
00:00:17.100,1572925454380,0.4320000000000001,0.002,23.616,0.664,3.0,-0.009000000000000001,23.018,0.0,0.009000000000000001,229.613,0.211,-0.534
00:00:17.101,1572925454381,0.4320000000000001,0.002,23.616,0.664,3.0,-0.009000000000000001,23.025,0.0,0.009000000000000001,229.997,0.213,-0.534
00:00:17.150,1572925454430,0.4320000000000001,0.001,23.616,0.664,3.0,-0.008,23.033,0.0,0.009000000000000001,230.38,0.214,-0.534
00:00:17.151,1572925454431,0.4320000000000001,0.001,23.982,0.664,3.0,-0.008,23.04,0.0,0.009000000000000001,230.788,0.21600000000000005,-0.534
00:00:17.152,1572925454432,0.4320000000000001,0.001,23.982,0.664,3.0,-0.008,23.047,0.0,0.009000000000000001,231.148,0.218,-0.534
00:00:17.200,1572925454480,0.433,0.001,23.982,0.664,3.0,-0.006999999999999999,23.054,0.0,0.009000000000000001,231.533,0.219,-0.534
00:00:17.201,1572925454481,0.434,0.001,23.982,0.664,3.0,-0.006999999999999999,23.062,0.0,0.009000000000000001,231.917,0.221,-0.534
00:00:17.202,1572925454482,0.435,0.001,23.982,0.664,3.0,-0.006999999999999999,23.06900000000001,0.0,0.009000000000000001,232.301,0.223,-0.534
00:00:17.250,1572925454530,0.436,0.001,23.982,0.664,3.0,-0.006999999999999999,23.077,0.0,0.009000000000000001,232.71,0.225,-0.534
00:00:17.251,1572925454531,0.4370000000000001,0.001,23.982,0.664,3.0,-0.006,23.083,0.0,0.009000000000000001,233.07,0.226,-0.534
00:00:17.252,1572925454532,0.4370000000000001,0.001,24.641,0.664,3.0,-0.006,23.091,0.0,0.009000000000000001,233.455,0.228,-0.534
00:00:17.301,1572925454581,0.438,0.001,24.641,0.664,3.0,-0.006,23.09800000000001,0.0,0.008,233.84,0.23,-0.534
00:00:17.302,1572925454582,0.44,0.001,24.641,0.664,3.0,-0.006,23.105,0.0,0.008,234.225,0.231,-0.534
00:00:17.303,1572925454583,0.443,0.0,24.641,0.664,3.0,-0.005,23.113000000000003,0.0,0.008,234.61,0.233,-0.534
00:00:17.351,1572925454631,0.445,0.0,24.641,0.664,3.0,-0.005,23.12,0.0,0.008,234.996,0.235,-0.534
00:00:17.352,1572925454632,0.446,0.0,24.641,0.664,3.0,-0.005,23.128,0.0,0.009000000000000001,235.381,0.236,-0.534
00:00:17.353,1572925454633,0.448,-0.001,25.154,0.664,3.0,-0.005,23.135,0.0,0.009000000000000001,235.766,0.238,-0.534
00:00:17.401,1572925454681,0.449,-0.001,25.154,0.664,3.0,-0.005,23.143,0.0,0.009000000000000001,236.152,0.24,-0.534
00:00:17.402,1572925454682,0.45,-0.001,25.154,0.664,3.0,-0.004,23.15,0.0,0.009000000000000001,236.538,0.241,-0.534
00:00:17.403,1572925454683,0.452,-0.001,25.154,0.664,3.0,-0.004,23.158,0.0,0.009000000000000001,236.924,0.243,-0.534
00:00:17.451,1572925454731,0.453,-0.001,25.154,0.664,3.0,-0.004,23.165,0.0,0.009000000000000001,237.31,0.245,-0.534
00:00:17.452,1572925454732,0.455,-0.001,25.154,0.664,3.0,-0.004,23.173,0.0,0.009000000000000001,237.696,0.246,-0.534
00:00:17.453,1572925454733,0.455,-0.001,26.106,0.664,3.0,-0.004,23.18,0.0,0.009000000000000001,238.082,0.248,-0.534
00:00:17.503,1572925454783,0.457,0.0,26.106,0.664,3.0,-0.004,23.188,0.0,0.009000000000000001,238.469,0.25,-0.534
00:00:17.504,1572925454784,0.46,0.0,26.106,0.664,3.0,-0.003,23.196,0.0,0.01,238.855,0.252,-0.534
00:00:17.505,1572925454785,0.464,0.0,26.106,0.664,3.0,-0.003,23.204,0.0,0.01,239.266,0.253,-0.534
00:00:17.554,1572925454834,0.467,0.0,26.106,0.664,3.0,-0.003,23.211,0.0,0.01,239.629,0.255,-0.534
00:00:17.555,1572925454835,0.469,-0.001,26.106,0.664,3.0,-0.003,23.219,0.0,0.01,240.016,0.257,-0.534
00:00:17.556,1572925454836,0.471,-0.001,26.765,0.664,3.0,-0.003,23.227,0.0,0.011,240.403,0.258,-0.534
00:00:17.604,1572925454884,0.473,-0.002,26.765,0.664,3.0,-0.003,23.235,0.0,0.011,240.79,0.26,-0.534
00:00:17.605,1572925454885,0.475,-0.003,26.765,0.664,3.0,-0.003,23.243,0.0,0.012,241.177,0.262,-0.534
00:00:17.606,1572925454886,0.478,-0.003,26.765,0.664,3.0,-0.003,23.251,0.0,0.012,241.565,0.263,-0.534
00:00:17.661,1572925454941,0.48,-0.004,26.765,0.664,3.0,-0.003,23.259,0.0,0.012,241.952,0.265,-0.534
00:00:17.662,1572925454942,0.482,-0.005,26.765,0.664,3.0,-0.002,23.267,0.0,0.013,242.34,0.267,-0.534
00:00:17.663,1572925454943,0.482,-0.006,26.765,0.664,3.0,-0.002,23.275,0.0,0.013,242.728,0.269,-0.534
00:00:17.711,1572925454991,0.483,-0.006,26.765,0.664,3.0,-0.002,23.283,0.0,0.014,243.116,0.27,-0.534
00:00:17.712,1572925454992,0.483,-0.006999999999999999,26.765,0.664,3.0,-0.002,23.291,0.0,0.014,243.504,0.272,-0.534
00:00:17.713,1572925454993,0.482,-0.006999999999999999,26.765,0.664,3.0,-0.002,23.3,0.0,0.014,243.916,0.274,-0.534
00:00:17.761,1572925455041,0.482,-0.006999999999999999,26.765,0.664,3.0,-0.002,23.307,0.0,0.015,244.28,0.275,-0.534
00:00:17.762,1572925455042,0.481,-0.006999999999999999,26.765,0.664,3.0,-0.001,23.315,0.0,0.015,244.669,0.277,-0.534
00:00:17.763,1572925455043,0.481,-0.006999999999999999,26.985,0.664,3.0,-0.001,23.323,0.0,0.015,245.058,0.279,-0.534
00:00:17.812,1572925455092,0.481,-0.006999999999999999,26.985,0.664,3.0,-0.001,23.331,0.0,0.015,245.446,0.28,-0.534
00:00:17.813,1572925455093,0.481,-0.006999999999999999,26.985,0.664,3.0,-0.001,23.339,0.0,0.016,245.835,0.282,-0.534
00:00:17.814,1572925455094,0.481,-0.006999999999999999,26.985,0.664,3.0,-0.001,23.347,0.0,0.016,246.224,0.284,-0.534
00:00:17.864,1572925455144,0.482,-0.008,26.985,0.664,3.0,-0.001,23.356,0.0,0.016,246.638,0.285,-0.534
00:00:17.865,1572925455145,0.483,-0.008,27.132,0.664,3.0,0.0,23.364,0.001,0.016,247.027,0.287,-0.534
00:00:17.866,1572925455146,0.483,-0.009000000000000001,27.132,0.664,3.0,0.0,23.371,0.001,0.016,247.392,0.289,-0.534
00:00:17.867,1572925455147,0.483,-0.01,27.132,0.664,3.0,0.0,23.379,0.001,0.016,247.758,0.29,-0.534
00:00:17.915,1572925455195,0.484,-0.01,27.132,0.664,3.0,0.0,23.387,0.001,0.016,248.147,0.292,-0.534
00:00:17.916,1572925455196,0.484,-0.011,27.132,0.664,3.0,0.0,23.395,0.001,0.016,248.537,0.294,-0.534
00:00:17.917,1572925455197,0.484,-0.012,27.132,0.664,3.0,0.001,23.404,0.001,0.016,248.951,0.295,-0.534
00:00:17.965,1572925455245,0.485,-0.012,27.132,0.664,3.0,0.001,23.411,0.001,0.016,249.317,0.297,-0.534
00:00:17.966,1572925455246,0.485,-0.013,27.498,0.664,3.0,0.001,23.419,0.001,0.016,249.707,0.299,-0.534
00:00:17.967,1572925455247,0.485,-0.014,27.498,0.664,3.0,0.001,23.428,0.001,0.016,250.122,0.3,-0.534
00:00:18.015,1572925455295,0.486,-0.015,27.498,0.664,3.0,0.001,23.436,0.001,0.016,250.488,0.302,-0.534
00:00:18.016,1572925455296,0.487,-0.017,27.498,0.664,3.0,0.001,23.44400000000001,0.001,0.016,250.879,0.304,-0.534
00:00:18.017,1572925455297,0.489,-0.018000000000000002,27.498,0.664,3.0,0.001,23.452,0.001,0.016,251.27,0.305,-0.534
00:00:18.065,1572925455345,0.49,-0.02,27.498,0.664,3.0,0.001,23.46,0.001,0.016,251.661,0.307,-0.534
00:00:18.066,1572925455346,0.49,-0.022,27.791,0.664,3.0,0.002,23.468000000000004,0.001,0.016,252.052,0.309,-0.534
00:00:18.067,1572925455347,0.491,-0.024,27.791,0.664,3.0,0.002,23.476,0.001,0.016,252.443,0.31,-0.534
00:00:18.122,1572925455402,0.4920000000000001,-0.026,27.791,0.664,3.0,0.002,23.485,0.001,0.016,252.834,0.312,-0.534
00:00:18.123,1572925455403,0.493,-0.028,27.791,0.664,3.0,0.002,23.493,0.001,0.016,253.226,0.313,-0.534
00:00:18.124,1572925455404,0.494,-0.03,27.791,0.664,3.0,0.002,23.501,0.001,0.016,253.617,0.315,-0.534
00:00:18.175,1572925455455,0.494,-0.032,27.791,0.664,3.0,0.003,23.51,0.001,0.016,254.034,0.317,-0.534
00:00:18.176,1572925455456,0.495,-0.034,27.937,0.664,3.0,0.003,23.518,0.001,0.016,254.401,0.318,-0.534
00:00:18.177,1572925455457,0.495,-0.036000000000000004,27.937,0.664,3.0,0.003,23.526,0.001,0.016,254.793,0.32,-0.534
00:00:18.226,1572925455506,0.495,-0.037000000000000005,27.937,0.664,3.0,0.004,23.534,0.001,0.016,255.185,0.321,-0.534
00:00:18.227,1572925455507,0.496,-0.039,27.937,0.664,3.0,0.004,23.542,0.001,0.016,255.578,0.32299999999999995,-0.534
00:00:18.228,1572925455508,0.496,-0.04,27.937,0.664,3.0,0.005,23.551,0.002,0.016,255.97,0.324,-0.534
00:00:18.286,1572925455566,0.496,-0.041,27.937,0.664,3.0,0.005,23.559,0.002,0.016,256.363,0.326,-0.534
00:00:18.287,1572925455567,0.496,-0.042,28.157,0.664,3.0,0.006,23.567,0.002,0.016,256.755,0.327,-0.534
00:00:18.288,1572925455568,0.496,-0.043,28.157,0.664,3.0,0.006,23.575,0.002,0.016,257.148,0.329,-0.534
00:00:18.289,1572925455569,0.4970000000000001,-0.044,28.157,0.664,3.0,0.006,23.584,0.003,0.017,257.541,0.331,-0.534
00:00:18.337,1572925455617,0.4970000000000001,-0.045,28.157,0.664,3.0,0.006999999999999999,23.592,0.003,0.017,257.934,0.332,-0.534
00:00:18.338,1572925455618,0.498,-0.046,28.157,0.664,3.0,0.006999999999999999,23.6,0.003,0.017,258.328,0.333,-0.534
00:00:18.339,1572925455619,0.498,-0.047,28.157,0.664,3.0,0.008,23.609,0.003,0.017,258.721,0.335,-0.534
00:00:18.387,1572925455667,0.499,-0.048,28.45,0.664,3.0,0.008,23.617,0.004,0.017,259.11400000000003,0.336,-0.534
00:00:18.388,1572925455668,0.499,-0.048,28.45,0.664,3.0,0.009000000000000001,23.625,0.004,0.017,259.508,0.338,-0.534
00:00:18.389,1572925455669,0.5,-0.049,28.45,0.664,3.0,0.009000000000000001,23.634,0.004,0.017,259.902,0.339,-0.534
00:00:18.441,1572925455721,0.501,-0.05,28.45,0.664,3.0,0.009000000000000001,23.643,0.004,0.017,260.321,0.341,-0.534
00:00:18.442,1572925455722,0.502,-0.051,28.45,0.664,3.0,0.01,23.65,0.005,0.017,260.69,0.342,-0.534
00:00:18.443,1572925455723,0.503,-0.051,28.45,0.664,3.0,0.01,23.659,0.005,0.017,261.084,0.343,-0.534
00:00:18.487,1572925455767,0.503,-0.052000000000000005,28.67,0.664,3.0,0.011,23.667,0.005,0.017,261.47900000000004,0.345,-0.534
00:00:18.488,1572925455768,0.504,-0.053,28.67,0.664,3.0,0.011,23.676,0.005,0.017,261.898,0.34600000000000003,-0.534
00:00:18.489,1572925455769,0.504,-0.053,28.67,0.664,3.0,0.011,23.685,0.005,0.017,262.29200000000003,0.348,-0.534
00:00:18.537,1572925455817,0.505,-0.053,28.67,0.664,3.0,0.012,23.692,0.005,0.017,262.663,0.349,-0.534
00:00:18.538,1572925455818,0.506,-0.053,28.67,0.664,3.0,0.012,23.701,0.005,0.018000000000000002,263.058,0.35,-0.534
00:00:18.539,1572925455819,0.506,-0.053,28.67,0.664,3.0,0.012,23.709,0.005,0.018000000000000002,263.453,0.35100000000000003,-0.534
00:00:18.588,1572925455868,0.506,-0.053,28.816,0.664,3.0,0.013,23.718000000000004,0.005,0.018000000000000002,263.873,0.353,-0.534
00:00:18.589,1572925455869,0.507,-0.053,28.816,0.664,3.0,0.013,23.726,0.005,0.018000000000000002,264.243,0.354,-0.534
00:00:18.590,1572925455870,0.507,-0.052000000000000005,28.816,0.664,3.0,0.013,23.735,0.005,0.018000000000000002,264.639,0.355,-0.534
00:00:18.640,1572925455920,0.507,-0.052000000000000005,28.816,0.664,3.0,0.013,23.743,0.005,0.018000000000000002,265.034,0.35700000000000004,-0.534
00:00:18.641,1572925455921,0.508,-0.051,28.816,0.664,3.0,0.014,23.752,0.005,0.018000000000000002,265.455,0.358,-0.534
00:00:18.642,1572925455922,0.508,-0.051,28.816,0.664,3.0,0.014,23.76,0.005,0.018000000000000002,265.826,0.359,-0.534
00:00:18.691,1572925455971,0.508,-0.05,28.963,0.664,3.0,0.014,23.769,0.005,0.018000000000000002,266.222,0.36,-0.534
00:00:18.692,1572925455972,0.508,-0.05,28.963,0.664,3.0,0.014,23.777,0.005,0.018000000000000002,266.618,0.361,-0.534
00:00:18.693,1572925455973,0.508,-0.049,28.963,0.664,3.0,0.014,23.785,0.005,0.018000000000000002,267.015,0.363,-0.534
00:00:18.741,1572925456021,0.509,-0.049,28.963,0.664,3.0,0.015,23.794,0.005,0.019,267.436,0.364,-0.534
00:00:18.742,1572925456022,0.509,-0.048,28.963,0.664,3.0,0.015,23.803,0.005,0.019,267.833,0.365,-0.534
00:00:18.743,1572925456023,0.509,-0.048,28.963,0.664,3.0,0.015,23.811,0.005,0.019,268.22900000000004,0.366,-0.534
00:00:18.791,1572925456071,0.509,-0.047,28.963,0.664,3.0,0.015,23.82,0.005,0.019,268.626,0.3670000000000001,-0.534
00:00:18.792,1572925456072,0.509,-0.047,28.963,0.664,3.0,0.015,23.82800000000001,0.005,0.019,269.023,0.368,-0.534
00:00:18.793,1572925456073,0.509,-0.047,28.963,0.664,3.0,0.015,23.837,0.005,0.019,269.421,0.369,-0.534
00:00:18.841,1572925456121,0.509,-0.048,28.963,0.664,3.0,0.015,23.845,0.004,0.019,269.818,0.37,-0.534
00:00:18.842,1572925456122,0.508,-0.048,28.963,0.664,3.0,0.015,23.854,0.004,0.019,270.215,0.3720000000000001,-0.534
00:00:18.843,1572925456123,0.508,-0.049,28.963,0.664,3.0,0.015,23.862,0.004,0.019,270.613,0.373,-0.534
00:00:18.891,1572925456171,0.508,-0.05,29.109,0.664,3.0,0.015,23.87,0.004,0.019,270.986,0.374,-0.534
00:00:18.892,1572925456172,0.508,-0.051,29.109,0.664,3.0,0.015,23.879,0.004,0.019,271.409,0.375,-0.534
00:00:18.893,1572925456173,0.508,-0.052000000000000005,29.109,0.664,3.0,0.016,23.888,0.004,0.019,271.807,0.376,-0.534
00:00:18.942,1572925456222,0.508,-0.053,29.109,0.664,3.0,0.016,23.896,0.004,0.019,272.205,0.377,-0.534
00:00:18.943,1572925456223,0.509,-0.054000000000000006,29.109,0.664,3.0,0.016,23.904,0.004,0.019,272.578,0.378,-0.534
00:00:18.944,1572925456224,0.509,-0.055,29.109,0.664,3.0,0.016,23.913,0.004,0.019,272.97700000000003,0.379,-0.534
00:00:18.992,1572925456272,0.509,-0.056,29.109,0.664,3.0,0.016,23.922,0.004,0.019,273.4,0.38,-0.534
00:00:18.993,1572925456273,0.509,-0.057,29.109,0.664,3.0,0.016,23.93,0.004,0.019,273.79900000000004,0.381,-0.534
00:00:18.994,1572925456274,0.509,-0.058,29.109,0.664,3.0,0.016,23.939,0.004,0.019,274.198,0.381,-0.534
00:00:19.044,1572925456324,0.509,-0.059,29.109,0.664,3.0,0.017,23.947,0.004,0.019,274.597,0.382,-0.534
00:00:19.045,1572925456325,0.508,-0.06,29.109,0.664,3.0,0.017,23.955,0.004,0.019,274.971,0.383,-0.534
00:00:19.046,1572925456326,0.508,-0.061,29.109,0.664,3.0,0.017,23.964,0.004,0.019,275.396,0.384,-0.534
00:00:19.094,1572925456374,0.508,-0.062,29.109,0.664,3.0,0.017,23.972,0.004,0.019,275.795,0.385,-0.534
00:00:19.095,1572925456375,0.507,-0.062,29.109,0.664,3.0,0.018000000000000002,23.98,0.004,0.019,276.17,0.386,-0.534
00:00:19.096,1572925456376,0.507,-0.063,29.109,0.664,3.0,0.018000000000000002,23.989,0.004,0.019,276.595,0.387,-0.534
00:00:19.144,1572925456424,0.507,-0.064,29.109,0.664,3.0,0.018000000000000002,23.998,0.004,0.019,276.994,0.387,-0.534
00:00:19.145,1572925456425,0.507,-0.065,29.109,0.664,3.0,0.018000000000000002,24.006,0.005,0.019,277.394,0.388,-0.534
00:00:19.146,1572925456426,0.506,-0.066,29.109,0.664,3.0,0.019,24.015,0.005,0.019,277.795,0.389,-0.534
00:00:19.194,1572925456474,0.506,-0.066,29.109,0.664,3.0,0.019,24.023000000000003,0.005,0.019,278.195,0.39,-0.534
00:00:19.195,1572925456475,0.506,-0.067,29.109,0.664,3.0,0.019,24.032,0.005,0.019,278.595,0.39,-0.534
00:00:19.196,1572925456476,0.506,-0.068,29.109,0.664,3.0,0.019,24.04,0.005,0.019,278.996,0.391,-0.534
00:00:19.244,1572925456524,0.505,-0.068,29.109,0.664,3.0,0.02,24.048,0.006,0.019,279.397,0.392,-0.534
00:00:19.245,1572925456525,0.505,-0.069,29.109,0.664,3.0,0.02,24.056,0.006,0.019,279.773,0.393,-0.534
00:00:19.246,1572925456526,0.505,-0.07,29.109,0.664,3.0,0.02,24.065,0.006,0.019,280.199,0.393,-0.534
00:00:19.295,1572925456575,0.505,-0.07,29.109,0.664,3.0,0.02,24.074,0.006,0.019,280.6,0.394,-0.534
00:00:19.296,1572925456576,0.504,-0.071,29.109,0.664,3.0,0.021,24.082,0.006,0.019,281.001,0.394,-0.534
00:00:19.297,1572925456577,0.504,-0.071,29.109,0.664,3.0,0.021,24.09,0.006,0.019,281.403,0.395,-0.534
00:00:19.346,1572925456626,0.504,-0.071,29.109,0.664,3.0,0.021,24.099,0.006,0.018000000000000002,281.8040000000001,0.396,-0.534
00:00:19.347,1572925456627,0.504,-0.071,29.109,0.664,3.0,0.021,24.107,0.006,0.018000000000000002,282.206,0.396,-0.534
00:00:19.348,1572925456628,0.503,-0.071,29.109,0.664,3.0,0.021,24.116,0.006999999999999999,0.018000000000000002,282.608,0.397,-0.534
00:00:19.349,1572925456629,0.503,-0.071,29.109,0.664,3.0,0.022,24.124,0.006999999999999999,0.018000000000000002,283.01,0.397,-0.534
00:00:19.401,1572925456681,0.503,-0.071,29.109,0.664,3.0,0.022,24.132,0.006999999999999999,0.018000000000000002,283.4120000000001,0.398,-0.534
00:00:19.402,1572925456682,0.503,-0.071,29.109,0.664,3.0,0.022,24.141,0.006999999999999999,0.018000000000000002,283.814,0.398,-0.534
00:00:19.403,1572925456683,0.502,-0.071,29.109,0.664,3.0,0.022,24.149,0.006999999999999999,0.018000000000000002,284.216,0.399,-0.534
00:00:19.448,1572925456728,0.502,-0.071,29.109,0.664,3.0,0.022,24.157,0.006999999999999999,0.018000000000000002,284.619,0.399,-0.534
00:00:19.449,1572925456729,0.502,-0.071,29.109,0.664,3.0,0.023,24.166,0.006999999999999999,0.018000000000000002,285.022,0.4,-0.534
00:00:19.450,1572925456730,0.501,-0.07,29.109,0.664,3.0,0.023,24.174,0.006999999999999999,0.018000000000000002,285.425,0.4,-0.534
00:00:19.505,1572925456785,0.501,-0.07,29.109,0.664,3.0,0.023,24.182,0.006999999999999999,0.018000000000000002,285.828,0.4,-0.534
00:00:19.506,1572925456786,0.501,-0.07,29.109,0.664,3.0,0.023,24.191,0.006999999999999999,0.018000000000000002,286.231,0.401,-0.534
00:00:19.507,1572925456787,0.501,-0.069,29.109,0.664,3.0,0.023,24.199,0.006999999999999999,0.018000000000000002,286.634,0.401,-0.534
00:00:19.555,1572925456835,0.5,-0.069,29.109,0.664,3.0,0.023,24.207,0.006,0.018000000000000002,287.0370000000001,0.401,-0.534
00:00:19.556,1572925456836,0.5,-0.069,29.109,0.664,3.0,0.023,24.216,0.006,0.018000000000000002,287.441,0.402,-0.534
00:00:19.557,1572925456837,0.5,-0.068,29.329,0.664,3.0,0.023,24.224,0.006,0.018000000000000002,287.844,0.402,-0.534
00:00:19.605,1572925456885,0.5,-0.068,29.329,0.664,3.0,0.023,24.232,0.006,0.018000000000000002,288.248,0.402,-0.534
00:00:19.606,1572925456886,0.501,-0.067,29.329,0.664,3.0,0.024,24.241,0.006,0.018000000000000002,288.652,0.403,-0.534
00:00:19.607,1572925456887,0.501,-0.066,29.329,0.664,3.0,0.024,24.249,0.006,0.018000000000000002,289.056,0.403,-0.534
00:00:19.655,1572925456935,0.502,-0.066,29.329,0.664,3.0,0.024,24.25800000000001,0.006,0.018000000000000002,289.46,0.403,-0.534
00:00:19.656,1572925456936,0.503,-0.065,29.329,0.664,3.0,0.024,24.266,0.006,0.018000000000000002,289.865,0.403,-0.534
00:00:19.657,1572925456937,0.503,-0.065,29.109,0.664,3.0,0.024,24.274,0.006,0.018000000000000002,290.269,0.403,-0.534
00:00:19.705,1572925456985,0.503,-0.065,29.109,0.664,3.0,0.024,24.283,0.006,0.018000000000000002,290.6740000000001,0.404,-0.534
00:00:19.706,1572925456986,0.502,-0.064,29.109,0.664,3.0,0.024,24.291,0.006,0.018000000000000002,291.079,0.404,-0.534
00:00:19.707,1572925456987,0.501,-0.064,29.109,0.664,3.0,0.024,24.299,0.006,0.018000000000000002,291.4840000000001,0.404,-0.534
00:00:19.757,1572925457037,0.499,-0.064,29.109,0.664,3.0,0.024,24.308000000000003,0.006,0.018000000000000002,291.889,0.404,-0.534
00:00:19.758,1572925457038,0.498,-0.063,29.109,0.664,3.0,0.024,24.316,0.006,0.018000000000000002,292.2940000000001,0.404,-0.534
00:00:19.759,1572925457039,0.4970000000000001,-0.063,29.329,0.664,3.0,0.024,24.324,0.006,0.018000000000000002,292.699,0.404,-0.534
00:00:19.808,1572925457088,0.4970000000000001,-0.062,29.329,0.664,3.0,0.024,24.333,0.006,0.018000000000000002,293.105,0.404,-0.534
00:00:19.809,1572925457089,0.4970000000000001,-0.062,29.329,0.664,3.0,0.024,24.341,0.006,0.018000000000000002,293.51,0.404,-0.534
00:00:19.810,1572925457090,0.498,-0.062,29.329,0.664,3.0,0.024,24.349,0.006,0.018000000000000002,293.916,0.404,-0.534
00:00:19.858,1572925457138,0.499,-0.061,29.329,0.664,3.0,0.024,24.357,0.006,0.018000000000000002,294.322,0.404,-0.534
00:00:19.859,1572925457139,0.499,-0.061,29.329,0.664,3.0,0.024,24.366,0.006,0.018000000000000002,294.728,0.404,-0.534
00:00:19.860,1572925457140,0.5,-0.06,29.329,0.664,3.0,0.024,24.374,0.006,0.018000000000000002,295.134,0.404,-0.534
00:00:19.908,1572925457188,0.5,-0.06,29.329,0.664,3.0,0.023,24.382,0.006,0.018000000000000002,295.541,0.404,-0.534
00:00:19.909,1572925457189,0.5,-0.06,29.329,0.664,3.0,0.023,24.391,0.006,0.018000000000000002,295.947,0.404,-0.534
00:00:19.910,1572925457190,0.5,-0.06,29.329,0.664,3.0,0.023,24.399,0.006,0.018000000000000002,296.3540000000001,0.404,-0.534
00:00:19.958,1572925457238,0.5,-0.059,29.329,0.664,3.0,0.023,24.407,0.006,0.018000000000000002,296.76,0.404,-0.534
00:00:19.959,1572925457239,0.499,-0.059,29.329,0.664,3.0,0.023,24.416,0.006,0.018000000000000002,297.1670000000001,0.404,-0.534
00:00:19.960,1572925457240,0.499,-0.058,29.329,0.664,3.0,0.023,24.424,0.006,0.018000000000000002,297.574,0.404,-0.534
00:00:20.008,1572925457288,0.498,-0.058,29.329,0.664,3.0,0.023,24.432,0.006,0.018000000000000002,297.981,0.403,-0.534
00:00:20.009,1572925457289,0.498,-0.058,29.329,0.664,3.0,0.023,24.441,0.006,0.018000000000000002,298.389,0.403,-0.534
00:00:20.010,1572925457290,0.498,-0.057,29.329,0.664,3.0,0.023,24.449,0.005,0.018000000000000002,298.796,0.403,-0.534
00:00:20.062,1572925457342,0.4970000000000001,-0.057,29.329,0.664,3.0,0.023,24.457,0.005,0.018000000000000002,299.203,0.403,-0.534
00:00:20.063,1572925457343,0.4970000000000001,-0.057,29.329,0.664,3.0,0.023,24.466,0.005,0.018000000000000002,299.611,0.403,-0.534
00:00:20.064,1572925457344,0.4970000000000001,-0.057,29.329,0.664,3.0,0.023,24.474,0.005,0.018000000000000002,300.019,0.403,-0.534
00:00:20.117,1572925457397,0.4970000000000001,-0.057,29.329,0.664,3.0,0.023,24.482,0.005,0.018000000000000002,300.427,0.402,-0.534
00:00:20.118,1572925457398,0.4970000000000001,-0.057,29.329,0.664,3.0,0.023,24.49,0.005,0.018000000000000002,300.835,0.402,-0.534
00:00:20.119,1572925457399,0.496,-0.057,29.329,0.664,3.0,0.023,24.499,0.005,0.018000000000000002,301.243,0.402,-0.534
00:00:20.120,1572925457400,0.496,-0.056,29.329,0.664,3.0,0.023,24.507,0.005,0.018000000000000002,301.652,0.401,-0.534
00:00:20.165,1572925457445,0.496,-0.056,29.329,0.664,3.0,0.023,24.515,0.005,0.018000000000000002,302.06,0.401,-0.534
00:00:20.166,1572925457446,0.496,-0.056,29.329,0.664,3.0,0.023,24.523000000000003,0.005,0.018000000000000002,302.469,0.401,-0.534
00:00:20.167,1572925457447,0.495,-0.055,29.329,0.664,3.0,0.023,24.532,0.005,0.018000000000000002,302.878,0.4,-0.534
00:00:20.216,1572925457496,0.495,-0.055,29.329,0.664,3.0,0.022,24.54,0.005,0.018000000000000002,303.2870000000001,0.4,-0.534
00:00:20.217,1572925457497,0.495,-0.055,29.329,0.664,3.0,0.022,24.548,0.005,0.018000000000000002,303.696,0.4,-0.534
00:00:20.218,1572925457498,0.495,-0.055,29.329,0.664,3.0,0.022,24.556,0.005,0.018000000000000002,304.105,0.399,-0.534
00:00:20.266,1572925457546,0.494,-0.055,29.329,0.664,3.0,0.022,24.565,0.005,0.018000000000000002,304.514,0.399,-0.534
00:00:20.267,1572925457547,0.494,-0.055,29.329,0.664,3.0,0.022,24.573,0.005,0.018000000000000002,304.9240000000001,0.399,-0.534
00:00:20.268,1572925457548,0.494,-0.055,29.329,0.664,3.0,0.022,24.581,0.005,0.018000000000000002,305.333,0.398,-0.534
00:00:20.316,1572925457596,0.493,-0.055,29.329,0.664,3.0,0.022,24.589,0.005,0.018000000000000002,305.743,0.398,-0.534
00:00:20.317,1572925457597,0.493,-0.055,29.329,0.664,3.0,0.022,24.597,0.005,0.018000000000000002,306.153,0.397,-0.534
00:00:20.318,1572925457598,0.493,-0.055,29.329,0.664,3.0,0.022,24.606,0.005,0.018000000000000002,306.563,0.397,-0.534
00:00:20.366,1572925457646,0.493,-0.055,29.329,0.664,3.0,0.022,24.614,0.005,0.018000000000000002,306.973,0.396,-0.534
00:00:20.367,1572925457647,0.493,-0.055,29.476,0.664,3.0,0.022,24.622,0.005,0.017,307.383,0.396,-0.534
00:00:20.368,1572925457648,0.4920000000000001,-0.055,29.476,0.664,3.0,0.022,24.63,0.005,0.017,307.7940000000001,0.395,-0.534
00:00:20.416,1572925457696,0.493,-0.055,29.476,0.664,3.0,0.022,24.639,0.005,0.017,308.204,0.395,-0.534
00:00:20.417,1572925457697,0.493,-0.055,29.476,0.664,3.0,0.022,24.647,0.005,0.017,308.615,0.394,-0.534
00:00:20.418,1572925457698,0.494,-0.055,29.476,0.664,3.0,0.022,24.655,0.005,0.017,309.026,0.394,-0.534
00:00:20.467,1572925457747,0.494,-0.055,29.476,0.664,3.0,0.022,24.663,0.005,0.017,309.437,0.393,-0.534
00:00:20.468,1572925457748,0.494,-0.055,29.476,0.664,3.0,0.022,24.671,0.005,0.017,309.848,0.392,-0.534
00:00:20.469,1572925457749,0.494,-0.055,29.476,0.664,3.0,0.022,24.68,0.005,0.017,310.259,0.392,-0.534
00:00:20.520,1572925457800,0.494,-0.055,29.476,0.664,3.0,0.022,24.688,0.005,0.017,310.671,0.391,-0.534
00:00:20.521,1572925457801,0.494,-0.055,29.476,0.664,3.0,0.022,24.696,0.005,0.017,311.082,0.391,-0.534
00:00:20.522,1572925457802,0.493,-0.056,29.476,0.664,3.0,0.022,24.704,0.005,0.017,311.494,0.39,-0.534
00:00:20.569,1572925457849,0.493,-0.056,29.476,0.664,3.0,0.022,24.713,0.005,0.017,311.906,0.389,-0.534
00:00:20.570,1572925457850,0.493,-0.055,29.109,0.664,3.0,0.022,24.721,0.005,0.017,312.318,0.389,-0.534
00:00:20.571,1572925457851,0.4920000000000001,-0.055,29.109,0.664,3.0,0.022,24.729,0.005,0.017,312.73,0.388,-0.534
00:00:20.626,1572925457906,0.49,-0.055,29.109,0.664,3.0,0.021,24.737,0.005,0.017,313.142,0.387,-0.534
00:00:20.627,1572925457907,0.488,-0.054000000000000006,29.109,0.664,3.0,0.021,24.745,0.005,0.017,313.5540000000001,0.386,-0.534
00:00:20.628,1572925457908,0.486,-0.053,29.109,0.664,3.0,0.021,24.753,0.005,0.017,313.967,0.386,-0.534
00:00:20.676,1572925457956,0.484,-0.053,29.109,1.128,3.0,0.021,24.761,0.005,0.017,314.379,0.385,-0.534
00:00:20.677,1572925457957,0.48,-0.051,20.32,1.128,3.0,0.021,24.769,0.005,0.017,314.7920000000001,0.384,-0.534
00:00:20.678,1572925457958,0.461,-0.05,20.32,1.128,3.0,0.021,24.777,0.006,0.017,315.205,0.383,-0.534
00:00:20.729,1572925458009,0.429,-0.048,20.32,1.128,3.0,0.021,24.783,0.006,0.017,315.618,0.382,-0.534
00:00:20.730,1572925458010,0.39,-0.046,20.32,1.128,3.0,0.021,24.789,0.006,0.016,316.031,0.382,-0.534
00:00:20.731,1572925458011,0.354,-0.045,20.32,1.128,3.0,0.021,24.795,0.006,0.015,316.444,0.381,-0.534
00:00:20.776,1572925458056,0.325,-0.042,20.32,0.664,3.0,0.021,24.8,0.006,0.014,316.858,0.38,-0.534
00:00:20.777,1572925458057,0.304,-0.04,2.448,0.664,3.0,0.021,24.804,0.006,0.013,317.271,0.379,-0.534
00:00:20.778,1572925458058,0.255,-0.038,2.448,0.664,3.0,0.021,24.808000000000003,0.006,0.011,317.684,0.378,-0.534
00:00:20.826,1572925458106,0.14300000000000002,-0.035,2.448,0.664,3.0,0.021,24.808000000000003,0.006,0.009000000000000001,318.098,0.377,-0.534
00:00:20.827,1572925458107,-0.016,-0.033,2.448,0.664,3.0,0.021,24.805,0.006,0.005,318.511,0.376,-0.534
00:00:20.828,1572925458108,-0.165,-0.029,2.448,0.664,3.0,0.021,24.801,0.006,0.001,318.925,0.376,-0.534
00:00:20.878,1572925458158,-0.276,-0.025,2.448,0.664,3.0,0.02,24.795,0.006,-0.005,319.338,0.375,-0.534
00:00:20.879,1572925458159,-0.34700000000000003,-0.021,1.276,0.664,3.0,0.02,24.788,0.006,-0.011,319.751,0.374,-0.534
00:00:20.880,1572925458160,-0.382,-0.017,1.276,0.664,3.0,0.02,24.782,0.005,-0.018000000000000002,320.164,0.373,-0.534
00:00:20.928,1572925458208,-0.371,-0.012,1.276,0.664,3.0,0.019,24.776,0.005,-0.025,320.577,0.3720000000000001,-0.534
00:00:20.929,1572925458209,-0.335,-0.008,1.276,0.664,3.0,0.019,24.771,0.005,-0.032,320.99,0.371,-0.534
00:00:20.930,1572925458210,-0.318,-0.004,1.276,0.664,3.0,0.018000000000000002,24.766,0.005,-0.039,321.403,0.37,-0.534
00:00:20.981,1572925458261,-0.33,0.002,1.276,0.664,3.0,0.018000000000000002,24.76,0.005,-0.046,321.816,0.369,-0.534
00:00:20.982,1572925458262,-0.328,0.008,1.13,0.664,3.0,0.017,24.755,0.004,-0.053,322.228,0.368,-0.534
00:00:20.983,1572925458263,-0.33,0.014,1.13,0.664,3.0,0.016,24.749,0.004,-0.06,322.641,0.3670000000000001,-0.534
00:00:20.984,1572925458264,-0.331,0.02,1.13,0.664,3.0,0.015,24.743,0.004,-0.067,323.053,0.366,-0.534
00:00:21.031,1572925458311,-0.332,0.026,1.13,0.664,3.0,0.014,24.738000000000003,0.003,-0.07400000000000001,323.466,0.366,-0.534
00:00:21.032,1572925458312,-0.331,0.031,1.13,0.664,3.0,0.013,24.732,0.003,-0.08,323.878,0.365,-0.534
00:00:21.033,1572925458313,-0.331,0.036000000000000004,1.13,0.664,3.0,0.012,24.727,0.003,-0.086,324.29,0.364,-0.534
00:00:21.081,1572925458361,-0.331,0.041,1.13,0.664,3.0,0.011,24.721,0.002,-0.092,324.702,0.363,-0.534
00:00:21.082,1572925458362,-0.331,0.046,1.13,0.664,3.0,0.009000000000000001,24.716,0.001,-0.098,325.1140000000001,0.362,-0.534
00:00:21.083,1572925458363,-0.331,0.05,1.13,0.664,3.0,0.008,24.71,0.001,-0.103,325.526,0.361,-0.5329999999999999
00:00:21.131,1572925458411,-0.331,0.053,1.13,0.664,3.0,0.006999999999999999,24.705,0.0,-0.107,325.938,0.36,-0.5329999999999999
00:00:21.132,1572925458412,-0.331,0.056,1.13,0.664,3.0,0.005,24.699,-0.001,-0.112,326.349,0.36,-0.5329999999999999
00:00:21.133,1572925458413,-0.331,0.059,1.13,0.664,3.0,0.004,24.693,-0.002,-0.115,326.7870000000001,0.359,-0.5329999999999999
00:00:21.183,1572925458463,-0.331,0.061,1.13,0.664,3.0,0.003,24.688,-0.003,-0.118,327.173,0.358,-0.5329999999999999
00:00:21.184,1572925458464,-0.331,0.064,1.13,0.664,3.0,0.001,24.683000000000003,-0.003,-0.121,327.584,0.35700000000000004,-0.5329999999999999
00:00:21.185,1572925458465,-0.331,0.066,1.13,0.664,3.0,0.0,24.677,-0.004,-0.123,327.995,0.35700000000000004,-0.5329999999999999
00:00:21.233,1572925458513,-0.331,0.068,1.13,0.664,3.0,-0.001,24.671,-0.005,-0.125,328.407,0.35600000000000004,-0.534
00:00:21.234,1572925458514,-0.331,0.071,1.13,0.664,3.0,-0.002,24.666,-0.006,-0.126,328.8180000000001,0.355,-0.534
00:00:21.235,1572925458515,-0.331,0.073,1.13,0.664,3.0,-0.004,24.66,-0.006999999999999999,-0.127,329.2290000000001,0.355,-0.534
00:00:21.284,1572925458564,-0.331,0.075,1.13,0.664,3.0,-0.005,24.655,-0.006999999999999999,-0.127,329.64,0.354,-0.534
00:00:21.285,1572925458565,-0.331,0.078,1.13,0.664,3.0,-0.006,24.649,-0.008,-0.127,330.051,0.353,-0.534
00:00:21.286,1572925458566,-0.331,0.08,1.13,0.664,3.0,-0.006999999999999999,24.644,-0.008,-0.126,330.461,0.353,-0.534
00:00:21.334,1572925458614,-0.331,0.08199999999999999,1.13,0.664,3.0,-0.008,24.638,-0.009000000000000001,-0.125,330.872,0.35200000000000004,-0.534
00:00:21.335,1572925458615,-0.331,0.084,1.13,0.664,3.0,-0.009000000000000001,24.63300000000001,-0.009000000000000001,-0.124,331.283,0.35200000000000004,-0.534
00:00:21.336,1572925458616,-0.33,0.085,1.13,0.664,3.0,-0.01,24.627,-0.009000000000000001,-0.122,331.6930000000001,0.35100000000000003,-0.534
00:00:21.384,1572925458664,-0.329,0.086,1.276,0.664,3.0,-0.011,24.622,-0.01,-0.121,332.1040000000001,0.35,-0.534
00:00:21.385,1572925458665,-0.327,0.087,1.276,0.664,3.0,-0.012,24.617,-0.01,-0.119,332.514,0.35,-0.535
00:00:21.386,1572925458666,-0.326,0.08800000000000001,1.276,0.664,3.0,-0.013,24.611,-0.01,-0.117,332.9240000000001,0.35,-0.535
00:00:21.439,1572925458719,-0.325,0.08800000000000001,1.276,0.664,3.0,-0.014,24.606,-0.01,-0.115,333.334,0.349,-0.535
00:00:21.440,1572925458720,-0.325,0.08800000000000001,1.276,0.664,3.0,-0.015,24.6,-0.01,-0.113,333.744,0.349,-0.535
00:00:21.441,1572925458721,-0.325,0.087,1.276,0.664,3.0,-0.016,24.595,-0.01,-0.111,334.154,0.348,-0.535
00:00:21.484,1572925458764,-0.324,0.087,1.423,0.664,3.0,-0.017,24.59,-0.01,-0.109,334.564,0.348,-0.535
00:00:21.485,1572925458765,-0.322,0.086,1.423,0.664,3.0,-0.017,24.584,-0.01,-0.107,334.974,0.348,-0.535
00:00:21.486,1572925458766,-0.32,0.084,1.423,0.664,3.0,-0.018000000000000002,24.579,-0.009000000000000001,-0.106,335.384,0.34700000000000003,-0.535
00:00:21.536,1572925458816,-0.32,0.083,1.423,0.664,3.0,-0.019,24.574,-0.009000000000000001,-0.104,335.793,0.34700000000000003,-0.535
00:00:21.537,1572925458817,-0.32,0.08199999999999999,1.423,0.664,3.0,-0.019,24.568,-0.009000000000000001,-0.102,336.2030000000001,0.34700000000000003,-0.535
00:00:21.538,1572925458818,-0.32,0.08,1.423,0.664,3.0,-0.02,24.563,-0.009000000000000001,-0.101,336.612,0.34600000000000003,-0.535
00:00:21.592,1572925458872,-0.317,0.078,1.789,0.664,3.0,-0.02,24.558000000000003,-0.009000000000000001,-0.099,337.022,0.34600000000000003,-0.535
00:00:21.593,1572925458873,-0.312,0.077,1.789,0.664,3.0,-0.021,24.553,-0.009000000000000001,-0.098,337.431,0.34600000000000003,-0.535
00:00:21.594,1572925458874,-0.309,0.076,1.789,0.664,3.0,-0.021,24.547,-0.008,-0.097,337.84,0.34600000000000003,-0.535
00:00:21.643,1572925458923,-0.308,0.07400000000000001,1.789,0.664,3.0,-0.022,24.542,-0.008,-0.096,338.249,0.34600000000000003,-0.535
00:00:21.644,1572925458924,-0.307,0.073,1.789,0.664,3.0,-0.022,24.537,-0.008,-0.095,338.658,0.34600000000000003,-0.535
00:00:21.645,1572925458925,-0.307,0.071,1.789,0.664,3.0,-0.022,24.532,-0.008,-0.094,339.06699999999995,0.345,-0.535
00:00:21.693,1572925458973,-0.305,0.07,2.082,0.664,3.0,-0.023,24.527,-0.008,-0.094,339.476,0.345,-0.535
00:00:21.694,1572925458974,-0.301,0.068,2.082,0.664,3.0,-0.023,24.522,-0.006999999999999999,-0.093,339.885,0.345,-0.535
00:00:21.695,1572925458975,-0.299,0.066,2.082,0.664,3.0,-0.023,24.517,-0.006999999999999999,-0.092,340.293,0.345,-0.535
00:00:21.743,1572925459023,-0.298,0.065,2.082,0.664,3.0,-0.023,24.512,-0.006999999999999999,-0.092,340.727,0.345,-0.535
00:00:21.744,1572925459024,-0.297,0.064,2.082,0.664,3.0,-0.023,24.507,-0.006999999999999999,-0.092,341.11,0.345,-0.535
00:00:21.745,1572925459025,-0.297,0.063,2.082,0.664,3.0,-0.023,24.502,-0.006999999999999999,-0.091,341.519,0.345,-0.535
00:00:21.801,1572925459081,-0.295,0.061,2.595,0.664,3.0,-0.023,24.497,-0.006,-0.091,341.927,0.345,-0.535
00:00:21.802,1572925459082,-0.28800000000000003,0.06,2.595,0.664,3.0,-0.023,24.493,-0.006,-0.091,342.335,0.345,-0.535
00:00:21.803,1572925459083,-0.28300000000000003,0.059,2.595,0.664,3.0,-0.023,24.488000000000003,-0.006,-0.091,342.74300000000005,0.345,-0.535
00:00:21.804,1572925459084,-0.28,0.059,2.595,0.664,3.0,-0.023,24.483,-0.006,-0.091,343.152,0.345,-0.535
00:00:21.851,1572925459131,-0.28,0.059,2.595,0.664,3.0,-0.023,24.479,-0.005,-0.091,343.56,0.345,-0.535
00:00:21.852,1572925459132,-0.279,0.06,2.595,0.664,3.0,-0.023,24.474,-0.005,-0.091,343.968,0.345,-0.535
00:00:21.853,1572925459133,-0.278,0.061,3.913,0.664,3.0,-0.023,24.47,-0.005,-0.091,344.375,0.345,-0.535
00:00:21.903,1572925459183,-0.269,0.062,3.913,0.664,3.0,-0.023,24.465,-0.005,-0.091,344.783,0.34600000000000003,-0.535
00:00:21.904,1572925459184,-0.256,0.062,3.913,0.664,3.0,-0.023,24.461,-0.005,-0.091,345.191,0.34600000000000003,-0.535
00:00:21.905,1572925459185,-0.242,0.062,3.913,0.664,3.0,-0.023,24.457,-0.004,-0.091,345.624,0.34600000000000003,-0.535
00:00:21.954,1572925459234,-0.234,0.062,3.913,0.664,3.0,-0.023,24.45300000000001,-0.004,-0.091,346.032,0.34600000000000003,-0.535
00:00:21.955,1572925459235,-0.229,0.062,3.913,0.664,3.0,-0.023,24.45,-0.004,-0.091,346.414,0.34600000000000003,-0.535
00:00:21.956,1572925459236,-0.227,0.062,6.2570000000000014,0.664,3.0,-0.023,24.446,-0.004,-0.091,346.821,0.34600000000000003,-0.535
00:00:22.004,1572925459284,-0.224,0.062,6.2570000000000014,0.664,3.0,-0.023,24.442,-0.004,-0.09,347.254,0.34700000000000003,-0.535
00:00:22.005,1572925459285,-0.218,0.061,6.2570000000000014,0.664,3.0,-0.023,24.439,-0.004,-0.09,347.636,0.34700000000000003,-0.535
00:00:22.006,1572925459286,-0.208,0.06,6.2570000000000014,0.664,3.0,-0.023,24.435,-0.004,-0.09,348.043,0.34700000000000003,-0.535
00:00:22.054,1572925459334,-0.196,0.059,6.2570000000000014,0.664,3.0,-0.023,24.432,-0.005,-0.08900000000000001,348.45,0.34700000000000003,-0.535
00:00:22.055,1572925459335,-0.184,0.058,6.2570000000000014,0.664,3.0,-0.023,24.429,-0.005,-0.08800000000000001,348.858,0.348,-0.535
00:00:22.056,1572925459336,-0.173,0.058,8.601,0.664,3.0,-0.023,24.427,-0.005,-0.087,349.265,0.348,-0.535
00:00:22.104,1572925459384,-0.161,0.058,8.601,0.664,3.0,-0.023,24.424,-0.005,-0.086,349.69699999999995,0.348,-0.535
00:00:22.105,1572925459385,-0.145,0.059,8.601,0.664,3.0,-0.023,24.422,-0.005,-0.085,350.079,0.349,-0.535
00:00:22.106,1572925459386,-0.125,0.059,8.601,0.664,3.0,-0.023,24.42,-0.005,-0.084,350.486,0.349,-0.535
00:00:22.154,1572925459434,-0.106,0.06,8.601,0.664,3.0,-0.023,24.419,-0.005,-0.08199999999999999,350.89300000000014,0.349,-0.535
00:00:22.155,1572925459435,-0.092,0.061,8.601,0.664,3.0,-0.023,24.417,-0.005,-0.08,351.3,0.35,-0.535
00:00:22.156,1572925459436,-0.085,0.061,10.945,0.664,3.0,-0.023,24.416,-0.005,-0.078,351.707,0.35,-0.535
00:00:22.204,1572925459484,-0.078,0.062,10.945,0.664,3.0,-0.023,24.415,-0.005,-0.076,352.11400000000015,0.35100000000000003,-0.535
00:00:22.205,1572925459485,-0.062,0.062,10.945,0.664,3.0,-0.023,24.414,-0.006,-0.07400000000000001,352.546,0.35100000000000003,-0.535
00:00:22.206,1572925459486,-0.042,0.062,10.945,0.664,3.0,-0.023,24.414,-0.006,-0.07200000000000001,352.92800000000005,0.35100000000000003,-0.535
00:00:22.255,1572925459535,-0.023,0.062,10.945,0.664,3.0,-0.023,24.414,-0.006,-0.069,353.334,0.35200000000000004,-0.535
00:00:22.256,1572925459536,-0.012,0.061,10.945,0.664,3.0,-0.023,24.413,-0.006,-0.067,353.741,0.35200000000000004,-0.535
00:00:22.257,1572925459537,-0.009000000000000001,0.06,12.117,0.664,3.0,-0.023,24.413,-0.006,-0.064,354.148,0.353,-0.535
00:00:22.307,1572925459587,-0.006999999999999999,0.058,12.117,0.664,3.0,-0.023,24.413,-0.006,-0.062,354.555,0.353,-0.535
00:00:22.308,1572925459588,-0.002,0.055,12.117,0.664,3.0,-0.023,24.413,-0.006,-0.059,354.962,0.354,-0.535
00:00:22.309,1572925459589,0.006999999999999999,0.053,12.117,0.664,3.0,-0.023,24.414,-0.006,-0.057,355.369,0.354,-0.535
00:00:22.358,1572925459638,0.016,0.05,12.117,0.664,3.0,-0.023,24.414,-0.006,-0.054000000000000006,355.801,0.355,-0.535
00:00:22.359,1572925459639,0.021,0.047,12.117,0.664,3.0,-0.023,24.414,-0.006,-0.052000000000000005,356.18300000000005,0.35600000000000004,-0.535
00:00:22.360,1572925459640,0.025,0.044,14.607,0.664,3.0,-0.023,24.415,-0.006,-0.05,356.59,0.35600000000000004,-0.535
00:00:22.408,1572925459688,0.031,0.041,14.607,0.664,3.0,-0.023,24.415,-0.006,-0.048,356.997,0.35700000000000004,-0.535
00:00:22.409,1572925459689,0.047,0.039,14.607,0.664,3.0,-0.023,24.417,-0.006,-0.046,357.42900000000014,0.35700000000000004,-0.535
00:00:22.410,1572925459690,0.066,0.036000000000000004,14.607,0.664,3.0,-0.023,24.41800000000001,-0.006,-0.044,357.81,0.358,-0.535
00:00:22.458,1572925459738,0.087,0.034,14.607,0.664,3.0,-0.022,24.42,-0.006,-0.042,358.217,0.359,-0.534
00:00:22.459,1572925459739,0.103,0.033,14.607,0.664,3.0,-0.022,24.422,-0.006,-0.041,358.624,0.359,-0.534
00:00:22.460,1572925459740,0.113,0.031,15.632,0.664,3.0,-0.021,24.424,-0.005,-0.039,359.031,0.36,-0.534
00:00:22.520,1572925459800,0.119,0.029,15.632,0.664,3.0,-0.021,24.426,-0.005,-0.037000000000000005,359.439,0.361,-0.534
00:00:22.521,1572925459801,0.126,0.027000000000000003,15.632,0.664,3.0,-0.02,24.428,-0.005,-0.035,359.871,0.361,-0.534
00:00:22.522,1572925459802,0.133,0.026,15.632,0.664,3.0,-0.02,24.43,-0.005,-0.034,360.25300000000016,0.362,-0.534
00:00:22.523,1572925459803,0.139,0.024,15.632,0.664,3.0,-0.02,24.432,-0.004,-0.032,360.66,0.363,-0.534
00:00:22.570,1572925459850,0.14400000000000002,0.022,15.632,0.664,3.0,-0.019,24.435,-0.004,-0.031,361.067,0.363,-0.534
00:00:22.571,1572925459851,0.147,0.02,17.61,0.664,3.0,-0.019,24.438,-0.004,-0.03,361.5,0.364,-0.534
00:00:22.572,1572925459852,0.155,0.019,17.61,0.664,3.0,-0.018000000000000002,24.44,-0.003,-0.029,361.907,0.365,-0.534
00:00:22.628,1572925459908,0.168,0.018000000000000002,17.61,0.664,3.0,-0.018000000000000002,24.443,-0.003,-0.028,362.264,0.365,-0.534
00:00:22.629,1572925459909,0.18600000000000005,0.016,17.61,0.664,3.0,-0.017,24.446,-0.002,-0.027000000000000003,362.671,0.366,-0.534
00:00:22.630,1572925459910,0.204,0.015,17.61,0.664,3.0,-0.017,24.45,-0.002,-0.026,363.104,0.3670000000000001,-0.534
00:00:22.679,1572925459959,0.21600000000000005,0.014,17.61,0.664,3.0,-0.016,24.454,-0.002,-0.025,363.486,0.3670000000000001,-0.534
00:00:22.680,1572925459960,0.224,0.013,18.123,0.664,3.0,-0.016,24.458,-0.002,-0.024,363.894,0.368,-0.534
00:00:22.681,1572925459961,0.23,0.011,18.123,0.664,3.0,-0.015,24.461,-0.001,-0.023,364.301,0.369,-0.534
00:00:22.682,1572925459962,0.234,0.01,18.123,0.664,3.0,-0.015,24.465,-0.001,-0.022,364.709,0.37,-0.534
00:00:22.730,1572925460010,0.238,0.009000000000000001,18.123,0.664,3.0,-0.014,24.469,-0.001,-0.021,365.117,0.37,-0.534
00:00:22.731,1572925460011,0.241,0.008,18.123,0.664,3.0,-0.014,24.47300000000001,-0.001,-0.02,365.525,0.371,-0.534
00:00:22.732,1572925460012,0.243,0.008,18.123,0.664,3.0,-0.013,24.478,0.0,-0.019,365.93300000000005,0.3720000000000001,-0.534
00:00:22.786,1572925460066,0.245,0.006999999999999999,19.148,0.664,3.0,-0.013,24.482,0.0,-0.018000000000000002,366.366,0.3720000000000001,-0.534
00:00:22.787,1572925460067,0.248,0.006999999999999999,19.148,0.664,3.0,-0.013,24.486,0.0,-0.017,366.749,0.373,-0.534
00:00:22.788,1572925460068,0.255,0.006999999999999999,19.148,0.664,3.0,-0.012,24.49,0.0,-0.016,367.157,0.374,-0.534
00:00:22.836,1572925460116,0.264,0.006999999999999999,19.148,0.664,3.0,-0.012,24.495,0.0,-0.016,367.565,0.375,-0.534
00:00:22.837,1572925460117,0.274,0.006999999999999999,19.148,0.664,3.0,-0.011,24.5,0.0,-0.015,367.999,0.375,-0.534
00:00:22.838,1572925460118,0.281,0.006999999999999999,19.148,0.664,3.0,-0.011,24.504,0.0,-0.014,368.382,0.376,-0.534
00:00:22.886,1572925460166,0.28600000000000003,0.006999999999999999,21.638,0.664,3.0,-0.011,24.509,0.0,-0.014,368.79,0.377,-0.534
00:00:22.887,1572925460167,0.293,0.006999999999999999,21.638,0.664,3.0,-0.01,24.514,0.0,-0.013,369.199,0.378,-0.534
00:00:22.888,1572925460168,0.304,0.006,21.638,0.664,3.0,-0.01,24.519,0.0,-0.012,369.607,0.378,-0.534
00:00:22.936,1572925460216,0.319,0.006,21.638,0.664,3.0,-0.01,24.525,0.0,-0.012,370.041,0.379,-0.534
00:00:22.937,1572925460217,0.331,0.006,21.638,0.664,3.0,-0.01,24.531,0.0,-0.011,370.425,0.38,-0.534
00:00:22.938,1572925460218,0.342,0.005,21.638,0.664,3.0,-0.009000000000000001,24.536,0.0,-0.01,370.834,0.381,-0.534
00:00:22.987,1572925460267,0.349,0.005,22.151,0.664,3.0,-0.009000000000000001,24.542,0.0,-0.009000000000000001,371.24300000000005,0.381,-0.534
00:00:22.988,1572925460268,0.353,0.005,22.151,0.664,3.0,-0.009000000000000001,24.549,0.0,-0.008,371.677,0.382,-0.534
00:00:22.989,1572925460269,0.355,0.005,22.151,0.664,3.0,-0.009000000000000001,24.554,0.0,-0.006999999999999999,372.061,0.383,-0.534
00:00:23.038,1572925460318,0.35600000000000004,0.005,22.151,0.664,3.0,-0.008,24.56,-0.001,-0.006,372.47,0.384,-0.534
00:00:23.039,1572925460319,0.35700000000000004,0.005,22.151,0.664,3.0,-0.008,24.566,-0.001,-0.005,372.905,0.384,-0.534
00:00:23.040,1572925460320,0.35600000000000004,0.004,22.151,0.664,3.0,-0.008,24.572,-0.001,-0.004,373.289,0.385,-0.534
00:00:23.089,1572925460369,0.35600000000000004,0.003,23.103,0.664,3.0,-0.008,24.57800000000001,-0.001,-0.003,373.699,0.386,-0.534
00:00:23.090,1572925460370,0.35700000000000004,0.003,23.103,0.664,3.0,-0.008,24.584,-0.001,-0.002,374.108,0.387,-0.534
00:00:23.091,1572925460371,0.359,0.002,23.103,0.664,3.0,-0.006999999999999999,24.59,-0.001,-0.001,374.518,0.387,-0.534
00:00:23.139,1572925460419,0.362,0.001,23.103,0.664,3.0,-0.006999999999999999,24.596,-0.001,-0.001,374.954,0.388,-0.534
00:00:23.140,1572925460420,0.365,0.0,23.103,0.664,3.0,-0.006999999999999999,24.602,-0.001,0.0,375.338,0.389,-0.534
00:00:23.141,1572925460421,0.368,0.0,23.103,0.664,3.0,-0.006999999999999999,24.608,-0.001,0.001,375.74800000000016,0.39,-0.534
00:00:23.189,1572925460469,0.37,-0.001,24.641,0.664,3.0,-0.006,24.614,-0.001,0.001,376.158,0.39,-0.534
00:00:23.190,1572925460470,0.373,-0.002,24.641,0.664,3.0,-0.006,24.621,-0.001,0.002,376.594,0.391,-0.534
00:00:23.191,1572925460471,0.377,-0.002,24.641,0.664,3.0,-0.006,24.627,-0.001,0.002,376.979,0.392,-0.534
00:00:23.239,1572925460519,0.383,-0.003,24.641,0.664,3.0,-0.006,24.634,-0.001,0.003,377.415,0.393,-0.534
00:00:23.240,1572925460520,0.389,-0.004,24.641,0.664,3.0,-0.005,24.64,-0.001,0.003,377.826,0.393,-0.534
00:00:23.241,1572925460521,0.393,-0.005,24.641,0.664,3.0,-0.005,24.647,-0.001,0.003,378.236,0.394,-0.534
00:00:23.289,1572925460569,0.396,-0.006,25.301,0.664,3.0,-0.005,24.654,-0.001,0.004,378.647,0.395,-0.534
00:00:23.290,1572925460570,0.399,-0.006999999999999999,25.301,0.664,3.0,-0.005,24.66,-0.001,0.004,379.032,0.396,-0.534
00:00:23.291,1572925460571,0.401,-0.009000000000000001,25.301,0.664,3.0,-0.004,24.667,-0.001,0.004,379.469,0.396,-0.534
00:00:23.348,1572925460628,0.404,-0.011,25.301,0.664,3.0,-0.004,24.674,-0.001,0.005,379.88,0.397,-0.534
00:00:23.349,1572925460629,0.405,-0.012,25.301,0.664,3.0,-0.004,24.68,-0.001,0.005,380.266,0.398,-0.534
00:00:23.350,1572925460630,0.407,-0.014,25.301,0.664,3.0,-0.003,24.687,0.0,0.005,380.703,0.399,-0.534
00:00:23.351,1572925460631,0.408,-0.016,26.472,0.664,3.0,-0.003,24.69400000000001,0.0,0.005,381.089,0.399,-0.534
00:00:23.400,1572925460680,0.41,-0.017,26.472,0.664,3.0,-0.003,24.701,0.0,0.006,381.526,0.4,-0.534
00:00:23.401,1572925460681,0.413,-0.018000000000000002,26.472,0.664,3.0,-0.002,24.708,0.0,0.006,381.912,0.401,-0.534
00:00:23.402,1572925460682,0.418,-0.019,26.472,0.664,3.0,-0.002,24.715,0.0,0.006,382.35,0.402,-0.534
00:00:23.451,1572925460731,0.423,-0.02,26.472,0.664,3.0,-0.002,24.722,0.001,0.006,382.762,0.402,-0.534
00:00:23.452,1572925460732,0.426,-0.021,26.472,0.664,3.0,-0.001,24.729,0.001,0.006999999999999999,383.148,0.403,-0.534
00:00:23.453,1572925460733,0.429,-0.021,27.278,0.664,3.0,-0.001,24.737,0.001,0.006999999999999999,383.586,0.404,-0.534
00:00:23.502,1572925460782,0.431,-0.022,27.278,0.664,3.0,0.0,24.744,0.001,0.006999999999999999,383.99800000000016,0.404,-0.534
00:00:23.503,1572925460783,0.434,-0.023,27.278,0.664,3.0,0.0,24.751,0.002,0.006999999999999999,384.411,0.405,-0.534
00:00:23.504,1572925460784,0.438,-0.023,27.278,0.664,3.0,0.001,24.75800000000001,0.002,0.008,384.823,0.406,-0.534
00:00:23.552,1572925460832,0.44,-0.024,27.278,0.664,3.0,0.001,24.765,0.002,0.008,385.21,0.406,-0.534
00:00:23.553,1572925460833,0.443,-0.025,27.278,0.664,3.0,0.001,24.773000000000003,0.003,0.008,385.649,0.407,-0.534
00:00:23.554,1572925460834,0.444,-0.026,27.644,0.664,3.0,0.002,24.781,0.003,0.009000000000000001,386.062,0.408,-0.534
00:00:23.602,1572925460882,0.445,-0.027000000000000003,27.644,0.664,3.0,0.002,24.788,0.003,0.009000000000000001,386.475,0.408,-0.534
00:00:23.603,1572925460883,0.447,-0.028,27.644,0.664,3.0,0.002,24.795,0.003,0.009000000000000001,386.888,0.409,-0.534
00:00:23.604,1572925460884,0.448,-0.028,27.644,0.664,3.0,0.003,24.803,0.003,0.01,387.302,0.41,-0.534
00:00:23.652,1572925460932,0.449,-0.029,27.644,0.664,3.0,0.003,24.81,0.003,0.01,387.715,0.41,-0.534
00:00:23.653,1572925460933,0.45,-0.029,27.644,0.664,3.0,0.003,24.818,0.004,0.01,388.129,0.411,-0.534
00:00:23.654,1572925460934,0.45,-0.029,28.304,0.664,3.0,0.004,24.825,0.004,0.011,388.542,0.412,-0.534
00:00:23.702,1572925460982,0.451,-0.029,28.304,0.664,3.0,0.004,24.833,0.004,0.011,388.956,0.412,-0.534
00:00:23.703,1572925460983,0.453,-0.029,28.304,0.664,3.0,0.004,24.841,0.004,0.011,389.37,0.413,-0.534
00:00:23.704,1572925460984,0.456,-0.029,28.304,0.664,3.0,0.005,24.84800000000001,0.004,0.012,389.784,0.413,-0.534
00:00:23.752,1572925461032,0.459,-0.029,28.304,0.664,3.0,0.005,24.856,0.004,0.012,390.198,0.414,-0.534
00:00:23.753,1572925461033,0.461,-0.029,28.304,0.664,3.0,0.005,24.864,0.004,0.012,390.61300000000006,0.415,-0.534
00:00:23.754,1572925461034,0.462,-0.028,28.67,0.664,3.0,0.005,24.871,0.004,0.013,391.027,0.415,-0.534
00:00:23.804,1572925461084,0.464,-0.028,28.67,0.664,3.0,0.006,24.879,0.004,0.013,391.442,0.416,-0.534
00:00:23.805,1572925461085,0.465,-0.029,28.67,0.664,3.0,0.006,24.887,0.004,0.013,391.856,0.416,-0.534
00:00:23.806,1572925461086,0.467,-0.029,28.67,0.664,3.0,0.006,24.895,0.004,0.013,392.271,0.417,-0.534
00:00:23.855,1572925461135,0.468,-0.029,28.67,0.664,3.0,0.006,24.902,0.004,0.014,392.686,0.417,-0.534
00:00:23.856,1572925461136,0.469,-0.03,28.67,0.664,3.0,0.006,24.91,0.003,0.014,393.101,0.418,-0.534
00:00:23.857,1572925461137,0.469,-0.03,28.67,0.664,3.0,0.006,24.91800000000001,0.003,0.014,393.516,0.418,-0.534
00:00:23.905,1572925461185,0.469,-0.031,28.67,0.664,3.0,0.006999999999999999,24.926,0.003,0.014,393.932,0.419,-0.534
00:00:23.906,1572925461186,0.469,-0.031,28.67,0.664,3.0,0.006999999999999999,24.934,0.003,0.015,394.347,0.419,-0.534
00:00:23.907,1572925461187,0.469,-0.031,28.67,0.664,3.0,0.006999999999999999,24.942,0.003,0.015,394.763,0.42,-0.534
00:00:23.955,1572925461235,0.468,-0.031,28.67,0.664,3.0,0.006999999999999999,24.949,0.003,0.015,395.179,0.42,-0.534
00:00:23.956,1572925461236,0.468,-0.03,28.67,0.664,3.0,0.006999999999999999,24.957,0.003,0.015,395.595,0.421,-0.534
00:00:23.957,1572925461237,0.467,-0.03,28.816,0.664,3.0,0.008,24.965,0.003,0.015,396.011,0.421,-0.534
00:00:24.005,1572925461285,0.467,-0.029,28.816,0.664,3.0,0.008,24.97300000000001,0.003,0.015,396.427,0.422,-0.534
00:00:24.006,1572925461286,0.468,-0.028,28.816,0.664,3.0,0.008,24.98,0.003,0.015,396.843,0.422,-0.534
00:00:24.007,1572925461287,0.468,-0.028,28.816,0.664,3.0,0.008,24.988000000000003,0.003,0.015,397.259,0.423,-0.534
00:00:24.055,1572925461335,0.468,-0.028,28.816,0.664,3.0,0.008,24.996,0.003,0.015,397.676,0.423,-0.534
00:00:24.056,1572925461336,0.469,-0.027000000000000003,28.816,0.664,3.0,0.008,25.003,0.003,0.015,398.041,0.424,-0.534
00:00:24.057,1572925461337,0.469,-0.027000000000000003,28.963,0.664,3.0,0.008,25.011,0.003,0.015,398.457,0.424,-0.534
00:00:24.105,1572925461385,0.469,-0.027000000000000003,28.963,0.664,3.0,0.008,25.019,0.003,0.015,398.874,0.424,-0.534
00:00:24.106,1572925461386,0.47,-0.027000000000000003,28.963,0.664,3.0,0.008,25.026,0.003,0.015,399.291,0.425,-0.534
00:00:24.107,1572925461387,0.47,-0.027000000000000003,28.963,0.664,3.0,0.009000000000000001,25.034,0.003,0.015,399.708,0.425,-0.534
00:00:24.156,1572925461436,0.47,-0.027000000000000003,28.963,0.664,3.0,0.009000000000000001,25.042,0.003,0.015,400.126,0.426,-0.534
00:00:24.157,1572925461437,0.471,-0.027000000000000003,28.963,0.664,3.0,0.009000000000000001,25.05,0.003,0.015,400.543,0.426,-0.534
00:00:24.158,1572925461438,0.471,-0.027000000000000003,28.963,0.664,3.0,0.009000000000000001,25.058000000000003,0.003,0.015,400.961,0.426,-0.534
00:00:24.208,1572925461488,0.471,-0.027000000000000003,28.963,0.664,3.0,0.009000000000000001,25.066,0.003,0.015,401.378,0.4270000000000001,-0.534
00:00:24.209,1572925461489,0.471,-0.027000000000000003,28.963,0.664,3.0,0.009000000000000001,25.073,0.003,0.015,401.796,0.4270000000000001,-0.534
00:00:24.210,1572925461490,0.47,-0.027000000000000003,28.963,0.664,3.0,0.009000000000000001,25.081,0.003,0.015,402.214,0.428,-0.534
00:00:24.259,1572925461539,0.47,-0.027000000000000003,28.963,0.664,3.0,0.009000000000000001,25.089,0.003,0.015,402.632,0.428,-0.534
00:00:24.260,1572925461540,0.47,-0.027000000000000003,28.963,0.664,3.0,0.009000000000000001,25.097,0.003,0.015,403.051,0.428,-0.534
00:00:24.261,1572925461541,0.469,-0.027000000000000003,29.109,0.664,3.0,0.009000000000000001,25.105,0.003,0.015,403.469,0.429,-0.534
00:00:24.309,1572925461589,0.469,-0.027000000000000003,29.109,0.664,3.0,0.009000000000000001,25.113000000000003,0.003,0.015,403.887,0.429,-0.534
00:00:24.310,1572925461590,0.469,-0.027000000000000003,29.109,0.664,3.0,0.009000000000000001,25.12,0.003,0.015,404.306,0.429,-0.534
00:00:24.311,1572925461591,0.47,-0.026,29.109,0.664,3.0,0.009000000000000001,25.128,0.003,0.015,404.725,0.43,-0.534
00:00:24.362,1572925461642,0.47,-0.026,29.109,0.664,3.0,0.009000000000000001,25.136,0.003,0.014,405.144,0.43,-0.534
00:00:24.363,1572925461643,0.471,-0.026,29.109,0.664,3.0,0.009000000000000001,25.144,0.003,0.014,405.56300000000016,0.43,-0.534
00:00:24.364,1572925461644,0.471,-0.026,29.109,0.664,3.0,0.009000000000000001,25.152,0.003,0.014,405.982,0.431,-0.534
00:00:24.365,1572925461645,0.471,-0.025,29.109,0.664,3.0,0.009000000000000001,25.16,0.003,0.014,406.401,0.431,-0.534
00:00:24.414,1572925461694,0.471,-0.025,29.109,0.664,3.0,0.009000000000000001,25.16800000000001,0.003,0.014,406.82,0.431,-0.534
00:00:24.415,1572925461695,0.471,-0.025,29.109,0.664,3.0,0.009000000000000001,25.175,0.003,0.014,407.24,0.431,-0.534
00:00:24.416,1572925461696,0.47,-0.025,29.109,0.664,3.0,0.009000000000000001,25.183000000000003,0.003,0.014,407.66,0.4320000000000001,-0.534
00:00:24.464,1572925461744,0.47,-0.025,29.109,0.664,3.0,0.009000000000000001,25.191,0.003,0.014,408.079,0.4320000000000001,-0.534
00:00:24.465,1572925461745,0.47,-0.025,29.109,0.664,3.0,0.009000000000000001,25.199,0.003,0.014,408.499,0.4320000000000001,-0.534
00:00:24.466,1572925461746,0.469,-0.024,29.109,0.664,3.0,0.009000000000000001,25.207,0.003,0.014,408.919,0.4320000000000001,-0.534
00:00:24.514,1572925461794,0.469,-0.024,29.109,0.664,3.0,0.009000000000000001,25.214,0.003,0.014,409.339,0.433,-0.534
00:00:24.515,1572925461795,0.469,-0.024,29.109,0.664,3.0,0.009000000000000001,25.222,0.003,0.014,409.76,0.433,-0.534
00:00:24.516,1572925461796,0.468,-0.024,29.109,0.664,3.0,0.009000000000000001,25.23,0.003,0.014,410.18,0.433,-0.534
00:00:24.565,1572925461845,0.468,-0.024,29.109,0.664,3.0,0.009000000000000001,25.238000000000003,0.003,0.014,410.601,0.433,-0.534
00:00:24.566,1572925461846,0.467,-0.023,22.957,0.664,3.0,0.009000000000000001,25.246,0.003,0.014,411.021,0.434,-0.534
00:00:24.567,1572925461847,0.459,-0.023,22.957,0.664,3.0,0.009000000000000001,25.253,0.003,0.014,411.442,0.434,-0.534
00:00:24.616,1572925461896,0.44,-0.023,22.957,0.664,3.0,0.009000000000000001,25.26,0.003,0.014,411.86300000000006,0.434,-0.534
00:00:24.617,1572925461897,0.413,-0.022,22.957,0.664,3.0,0.009000000000000001,25.267,0.003,0.014,412.284,0.434,-0.534
00:00:24.618,1572925461898,0.386,-0.022,22.957,0.664,3.0,0.009000000000000001,25.273000000000003,0.003,0.013,412.705,0.434,-0.534
00:00:24.666,1572925461946,0.363,-0.022,22.957,0.664,3.0,0.009000000000000001,25.278,0.003,0.013,413.127,0.435,-0.534
00:00:24.667,1572925461947,0.344,-0.021,1.643,0.664,3.0,0.009000000000000001,25.284,0.003,0.012,413.548,0.435,-0.534
00:00:24.668,1572925461948,0.295,-0.021,1.643,0.664,3.0,0.009000000000000001,25.288,0.003,0.01,413.97,0.435,-0.534
00:00:24.724,1572925462004,0.177,-0.021,1.643,0.664,3.0,0.009000000000000001,25.289,0.003,0.008,414.391,0.435,-0.534
00:00:24.725,1572925462005,0.008,-0.022,1.643,0.664,3.0,0.009000000000000001,25.286,0.003,0.005,414.812,0.435,-0.534
00:00:24.726,1572925462006,-0.152,-0.022,1.643,0.664,3.0,0.009000000000000001,25.282,0.003,0.001,415.234,0.435,-0.534
00:00:24.773,1572925462053,-0.271,-0.022,1.643,0.664,3.0,0.009000000000000001,25.276,0.002,-0.004,415.655,0.436,-0.534
00:00:24.774,1572925462054,-0.35,-0.021,1.276,0.664,3.0,0.009000000000000001,25.269,0.002,-0.01,416.076,0.436,-0.534
00:00:24.775,1572925462055,-0.397,-0.021,1.276,0.664,3.0,0.009000000000000001,25.262,0.002,-0.017,416.497,0.436,-0.534
00:00:24.823,1572925462103,-0.42,-0.021,1.276,0.664,3.0,0.009000000000000001,25.255,0.002,-0.024,416.918,0.436,-0.534
00:00:24.824,1572925462104,-0.411,-0.021,1.276,0.664,3.0,0.009000000000000001,25.248,0.002,-0.031,417.339,0.436,-0.534
00:00:24.825,1572925462105,-0.369,-0.022,1.276,0.664,3.0,0.009000000000000001,25.243,0.002,-0.039,417.76,0.436,-0.534
00:00:24.873,1572925462153,-0.327,-0.021,1.276,0.664,3.0,0.009000000000000001,25.238000000000003,0.002,-0.046,418.181,0.436,-0.534
00:00:24.874,1572925462154,-0.325,-0.022,1.13,0.664,3.0,0.009000000000000001,25.232,0.002,-0.053,418.601,0.436,-0.534
00:00:24.875,1572925462155,-0.341,-0.022,1.13,0.664,3.0,0.009000000000000001,25.226,0.002,-0.061,419.022,0.4370000000000001,-0.534
00:00:24.924,1572925462204,-0.337,-0.022,1.13,0.664,3.0,0.009000000000000001,25.221,0.002,-0.068,419.442,0.4370000000000001,-0.534
00:00:24.925,1572925462205,-0.34,-0.022,1.13,0.664,3.0,0.009000000000000001,25.215,0.002,-0.075,419.862,0.4370000000000001,-0.534
00:00:24.926,1572925462206,-0.339,-0.022,1.13,0.664,3.0,0.009000000000000001,25.209,0.002,-0.081,420.283,0.4370000000000001,-0.534
00:00:24.975,1572925462255,-0.339,-0.023,1.13,0.664,3.0,0.009000000000000001,25.204,0.002,-0.08800000000000001,420.703,0.4370000000000001,-0.534
00:00:24.976,1572925462256,-0.339,-0.023,1.13,0.664,3.0,0.009000000000000001,25.198,0.002,-0.094,421.12300000000016,0.4370000000000001,-0.534
00:00:24.977,1572925462257,-0.339,-0.024,1.13,0.664,3.0,0.009000000000000001,25.192,0.002,-0.1,421.543,0.4370000000000001,-0.534
00:00:25.025,1572925462305,-0.339,-0.025,1.13,0.664,3.0,0.009000000000000001,25.187,0.002,-0.105,421.963,0.4370000000000001,-0.534
00:00:25.026,1572925462306,-0.339,-0.027000000000000003,1.13,0.664,3.0,0.009000000000000001,25.181,0.002,-0.11,422.382,0.4370000000000001,-0.534
00:00:25.027,1572925462307,-0.339,-0.028,1.13,0.664,3.0,0.009000000000000001,25.175,0.002,-0.114,422.802,0.4370000000000001,-0.534
00:00:25.076,1572925462356,-0.339,-0.029,1.13,0.664,3.0,0.009000000000000001,25.172,0.002,-0.117,423.09,0.4370000000000001,-0.534
00:00:25.077,1572925462357,-0.339,-0.031,1.13,0.664,3.0,0.01,25.166,0.002,-0.12,423.51,0.4370000000000001,-0.5329999999999999
00:00:25.078,1572925462358,-0.339,-0.032,1.13,0.664,3.0,0.01,25.16,0.002,-0.123,423.929,0.4370000000000001,-0.5329999999999999
00:00:25.126,1572925462406,-0.339,-0.034,1.13,0.664,3.0,0.01,25.155,0.002,-0.126,424.349,0.4370000000000001,-0.534
00:00:25.127,1572925462407,-0.339,-0.036000000000000004,1.13,0.664,3.0,0.01,25.149,0.002,-0.128,424.768,0.4370000000000001,-0.534
00:00:25.128,1572925462408,-0.339,-0.037000000000000005,1.13,0.664,3.0,0.01,25.143,0.002,-0.129,425.187,0.4370000000000001,-0.534
00:00:25.176,1572925462456,-0.339,-0.038,1.13,0.664,3.0,0.011,25.138,0.002,-0.13,425.606,0.4370000000000001,-0.534
00:00:25.177,1572925462457,-0.339,-0.039,1.13,0.664,3.0,0.011,25.132,0.002,-0.131,426.025,0.4370000000000001,-0.534
00:00:25.178,1572925462458,-0.338,-0.039,1.13,0.664,3.0,0.011,25.126,0.003,-0.131,426.444,0.4370000000000001,-0.534
00:00:25.226,1572925462506,-0.338,-0.04,1.13,0.664,3.0,0.011,25.121,0.003,-0.13,426.862,0.4370000000000001,-0.534
00:00:25.227,1572925462507,-0.338,-0.04,1.13,0.664,3.0,0.012,25.115,0.003,-0.129,427.281,0.4370000000000001,-0.534
00:00:25.228,1572925462508,-0.338,-0.041,1.13,0.664,3.0,0.012,25.109,0.003,-0.128,427.7,0.4370000000000001,-0.534
00:00:25.278,1572925462558,-0.338,-0.042,1.13,0.664,3.0,0.012,25.104,0.004,-0.127,428.11800000000005,0.4370000000000001,-0.534
00:00:25.279,1572925462559,-0.338,-0.042,1.13,0.664,3.0,0.012,25.09800000000001,0.004,-0.125,428.536,0.4370000000000001,-0.534
00:00:25.280,1572925462560,-0.338,-0.043,1.13,0.664,3.0,0.013,25.093000000000004,0.004,-0.124,428.955,0.4370000000000001,-0.535
00:00:25.329,1572925462609,-0.337,-0.044,1.13,0.664,3.0,0.013,25.087,0.004,-0.122,429.37300000000016,0.4370000000000001,-0.535
00:00:25.330,1572925462610,-0.337,-0.045,1.13,0.664,3.0,0.013,25.081,0.004,-0.12,429.791,0.436,-0.535
00:00:25.331,1572925462611,-0.337,-0.046,1.13,0.664,3.0,0.013,25.076,0.005,-0.118,430.209,0.436,-0.535
00:00:25.332,1572925462612,-0.337,-0.046,1.13,0.664,3.0,0.014,25.07,0.005,-0.116,430.627,0.436,-0.535
00:00:25.379,1572925462659,-0.337,-0.047,1.13,0.664,3.0,0.014,25.065,0.005,-0.114,431.044,0.436,-0.535
00:00:25.380,1572925462660,-0.337,-0.047,1.13,0.664,3.0,0.014,25.059,0.005,-0.112,431.462,0.436,-0.535
00:00:25.429,1572925462709,-0.337,-0.048,1.13,0.664,3.0,0.014,25.053,0.005,-0.11,431.88,0.435,-0.535
00:00:25.430,1572925462710,-0.337,-0.048,1.13,0.664,3.0,0.015,25.048,0.005,-0.108,432.297,0.435,-0.535
00:00:25.431,1572925462711,-0.337,-0.048,1.13,0.664,3.0,0.015,25.042,0.005,-0.107,432.715,0.435,-0.535
00:00:25.481,1572925462761,-0.337,-0.048,1.13,0.664,3.0,0.015,25.037,0.005,-0.105,433.132,0.435,-0.535
00:00:25.482,1572925462762,-0.337,-0.048,1.13,1.128,3.0,0.015,25.031,0.005,-0.104,433.549,0.435,-0.535
00:00:25.483,1572925462763,-0.342,-0.048,1.13,1.128,3.0,0.015,25.025,0.005,-0.103,433.966,0.434,-0.536
00:00:25.484,1572925462764,-0.34600000000000003,-0.048,1.13,1.128,3.0,0.016,25.019,0.005,-0.102,434.383,0.434,-0.536
00:00:25.530,1572925462810,-0.348,-0.048,1.13,1.128,3.0,0.016,25.014,0.005,-0.101,434.8,0.434,-0.536
00:00:25.531,1572925462811,-0.348,-0.048,1.13,1.128,3.0,0.016,25.00800000000001,0.005,-0.1,435.217,0.433,-0.536
00:00:25.532,1572925462812,-0.349,-0.047,1.13,1.128,3.0,0.016,25.002,0.005,-0.099,435.634,0.433,-0.536
00:00:25.580,1572925462860,-0.348,-0.047,1.13,0.664,3.0,0.016,24.996,0.005,-0.099,436.051,0.433,-0.536
00:00:25.581,1572925462861,-0.344,-0.046,1.13,0.664,3.0,0.016,24.99,0.005,-0.099,436.467,0.4320000000000001,-0.536
00:00:25.582,1572925462862,-0.339,-0.046,1.13,0.664,3.0,0.016,24.985,0.005,-0.099,436.884,0.4320000000000001,-0.536
00:00:25.633,1572925462913,-0.337,-0.045,1.13,0.664,3.0,0.017,24.979,0.005,-0.098,437.3,0.4320000000000001,-0.536
00:00:25.634,1572925462914,-0.336,-0.045,1.13,0.664,3.0,0.017,24.974,0.005,-0.098,437.716,0.431,-0.536
00:00:25.635,1572925462915,-0.336,-0.044,1.13,0.664,3.0,0.017,24.968000000000004,0.005,-0.098,438.132,0.431,-0.535
00:00:25.684,1572925462964,-0.336,-0.044,1.13,0.664,3.0,0.017,24.962,0.005,-0.099,438.549,0.43,-0.535
00:00:25.685,1572925462965,-0.336,-0.043,1.13,0.664,3.0,0.017,24.957,0.005,-0.099,438.965,0.43,-0.535
00:00:25.686,1572925462966,-0.336,-0.042,1.13,0.664,3.0,0.017,24.951,0.005,-0.099,439.381,0.43,-0.535
00:00:25.735,1572925463015,-0.336,-0.042,1.13,0.664,3.0,0.017,24.946,0.005,-0.099,439.796,0.429,-0.535
00:00:25.736,1572925463016,-0.336,-0.041,1.13,0.664,3.0,0.017,24.94,0.005,-0.1,440.212,0.429,-0.535
00:00:25.737,1572925463017,-0.335,-0.041,1.13,0.664,3.0,0.017,24.934,0.005,-0.1,440.628,0.428,-0.535
00:00:25.785,1572925463065,-0.335,-0.04,1.13,0.664,3.0,0.017,24.929,0.004,-0.101,441.043,0.428,-0.535
00:00:25.786,1572925463066,-0.335,-0.04,1.13,0.664,3.0,0.017,24.923,0.004,-0.101,441.459,0.4270000000000001,-0.535
00:00:25.787,1572925463067,-0.335,-0.04,1.13,0.664,3.0,0.017,24.91800000000001,0.004,-0.102,441.874,0.4270000000000001,-0.535
00:00:25.835,1572925463115,-0.335,-0.039,1.13,0.664,3.0,0.017,24.912,0.004,-0.102,442.289,0.426,-0.535
00:00:25.836,1572925463116,-0.335,-0.039,1.13,0.664,3.0,0.017,24.906,0.004,-0.103,442.73,0.426,-0.535
00:00:25.837,1572925463117,-0.335,-0.038,1.13,0.664,3.0,0.017,24.901,0.004,-0.103,443.119,0.425,-0.535
00:00:25.885,1572925463165,-0.335,-0.037000000000000005,1.13,0.664,3.0,0.017,24.895,0.004,-0.104,443.534,0.425,-0.535
00:00:25.886,1572925463166,-0.335,-0.037000000000000005,1.13,0.664,3.0,0.017,24.89,0.004,-0.104,443.949,0.424,-0.535
00:00:25.887,1572925463167,-0.335,-0.036000000000000004,1.13,0.664,3.0,0.017,24.884,0.004,-0.105,444.364,0.424,-0.535
00:00:25.935,1572925463215,-0.335,-0.035,1.13,0.664,3.0,0.017,24.879,0.004,-0.105,444.779,0.423,-0.535
00:00:25.936,1572925463216,-0.335,-0.034,1.13,0.664,3.0,0.016,24.873,0.004,-0.106,445.193,0.422,-0.535
00:00:25.937,1572925463217,-0.335,-0.034,1.13,0.664,3.0,0.016,24.867,0.004,-0.106,445.608,0.422,-0.535
00:00:25.990,1572925463270,-0.335,-0.033,1.13,0.664,3.0,0.016,24.862,0.004,-0.106,446.022,0.421,-0.535
00:00:25.991,1572925463271,-0.334,-0.032,1.13,0.664,3.0,0.016,24.856,0.004,-0.106,446.437,0.421,-0.535
00:00:25.992,1572925463272,-0.334,-0.031,1.13,0.664,3.0,0.016,24.851,0.004,-0.107,446.851,0.42,-0.535
00:00:26.044,1572925463324,-0.334,-0.03,1.13,0.664,3.0,0.016,24.845,0.004,-0.107,447.265,0.419,-0.535
00:00:26.045,1572925463325,-0.334,-0.028,1.13,0.664,3.0,0.016,24.84,0.004,-0.107,447.679,0.419,-0.535
00:00:26.046,1572925463326,-0.334,-0.027000000000000003,1.13,0.664,3.0,0.016,24.834,0.004,-0.107,448.093,0.418,-0.535
00:00:26.092,1572925463372,-0.334,-0.025,1.13,0.664,3.0,0.016,24.829,0.004,-0.107,448.507,0.418,-0.535
00:00:26.093,1572925463373,-0.334,-0.023,1.13,0.664,3.0,0.016,24.823,0.004,-0.107,448.921,0.417,-0.535
00:00:26.094,1572925463374,-0.334,-0.021,1.13,0.664,3.0,0.015,24.817,0.004,-0.106,449.334,0.416,-0.535
00:00:26.142,1572925463422,-0.334,-0.018000000000000002,1.13,0.664,3.0,0.015,24.812,0.004,-0.106,449.74800000000016,0.416,-0.535
00:00:26.143,1572925463423,-0.334,-0.016,1.13,0.664,3.0,0.015,24.806,0.004,-0.106,450.161,0.415,-0.535
00:00:26.144,1572925463424,-0.334,-0.013,1.13,0.664,3.0,0.015,24.801,0.004,-0.106,450.575,0.414,-0.535
00:00:26.192,1572925463472,-0.333,-0.011,1.13,0.664,3.0,0.014,24.795,0.004,-0.105,450.98800000000006,0.414,-0.535
00:00:26.193,1572925463473,-0.333,-0.008,1.13,0.664,3.0,0.014,24.79,0.004,-0.105,451.401,0.413,-0.535
00:00:26.194,1572925463474,-0.333,-0.005,1.13,0.664,3.0,0.014,24.784,0.004,-0.105,451.814,0.412,-0.535
00:00:26.242,1572925463522,-0.333,-0.001,1.13,0.664,3.0,0.013,24.779,0.004,-0.104,452.227,0.412,-0.535
00:00:26.243,1572925463523,-0.333,0.002,1.13,0.664,3.0,0.013,24.773000000000003,0.003,-0.104,452.64,0.411,-0.535
00:00:26.244,1572925463524,-0.333,0.006,1.13,0.664,3.0,0.012,24.767,0.003,-0.104,453.05300000000005,0.41,-0.535
00:00:26.292,1572925463572,-0.333,0.009000000000000001,1.13,0.664,3.0,0.012,24.762,0.003,-0.103,453.466,0.41,-0.535
00:00:26.293,1572925463573,-0.333,0.013,1.13,0.664,3.0,0.011,24.756,0.003,-0.103,453.879,0.409,-0.535
00:00:26.294,1572925463574,-0.333,0.016,1.13,0.664,3.0,0.01,24.751,0.003,-0.103,454.291,0.408,-0.535
00:00:26.342,1572925463622,-0.333,0.02,1.13,0.664,3.0,0.01,24.745,0.002,-0.102,454.704,0.408,-0.535
00:00:26.343,1572925463623,-0.333,0.023,1.13,0.664,3.0,0.009000000000000001,24.74,0.002,-0.102,455.116,0.407,-0.535
00:00:26.344,1572925463624,-0.332,0.026,1.13,0.664,3.0,0.008,24.734,0.002,-0.102,455.528,0.406,-0.535
00:00:26.398,1572925463678,-0.333,0.028,1.13,1.128,3.0,0.006999999999999999,24.729,0.001,-0.101,455.94,0.406,-0.535
00:00:26.399,1572925463679,-0.337,0.031,1.13,1.128,3.0,0.006,24.72300000000001,0.001,-0.101,456.353,0.405,-0.535
00:00:26.400,1572925463680,-0.341,0.033,1.13,1.128,3.0,0.005,24.717,0.0,-0.101,456.765,0.405,-0.535
00:00:26.451,1572925463731,-0.343,0.035,1.13,1.128,3.0,0.004,24.711,0.0,-0.101,457.176,0.404,-0.535
00:00:26.452,1572925463732,-0.344,0.036000000000000004,1.13,1.128,3.0,0.004,24.706,-0.001,-0.101,457.588,0.403,-0.535
00:00:26.453,1572925463733,-0.344,0.038,1.13,1.128,3.0,0.003,24.7,-0.002,-0.101,458.0,0.403,-0.535
00:00:26.454,1572925463734,-0.344,0.04,1.13,0.664,3.0,0.002,24.69400000000001,-0.002,-0.101,458.412,0.402,-0.535
00:00:26.501,1572925463781,-0.339,0.041,1.13,0.664,3.0,0.001,24.689,-0.003,-0.101,458.823,0.402,-0.535
00:00:26.502,1572925463782,-0.335,0.043,1.13,0.664,3.0,0.0,24.683000000000003,-0.003,-0.101,459.235,0.401,-0.535
00:00:26.503,1572925463783,-0.333,0.044,1.13,0.664,3.0,-0.001,24.678,-0.004,-0.101,459.646,0.401,-0.535
00:00:26.551,1572925463831,-0.332,0.046,1.13,0.664,3.0,-0.001,24.672,-0.004,-0.101,460.057,0.4,-0.535
00:00:26.552,1572925463832,-0.331,0.047,1.13,0.664,3.0,-0.002,24.667,-0.005,-0.101,460.468,0.4,-0.535
00:00:26.553,1572925463833,-0.331,0.049,1.276,0.664,3.0,-0.003,24.661,-0.005,-0.101,460.879,0.399,-0.535
00:00:26.601,1572925463881,-0.329,0.05,1.276,0.664,3.0,-0.004,24.656,-0.006,-0.102,461.29,0.399,-0.535
00:00:26.602,1572925463882,-0.327,0.051,1.276,0.664,3.0,-0.004,24.65,-0.006,-0.102,461.701,0.398,-0.535
00:00:26.603,1572925463883,-0.326,0.051,1.276,0.664,3.0,-0.005,24.645,-0.006,-0.102,462.112,0.398,-0.535
00:00:26.651,1572925463931,-0.326,0.051,1.276,0.664,3.0,-0.006,24.639,-0.006,-0.102,462.523,0.397,-0.535
00:00:26.652,1572925463932,-0.326,0.051,1.276,0.664,3.0,-0.006,24.634,-0.006999999999999999,-0.102,462.93300000000005,0.397,-0.535
00:00:26.653,1572925463933,-0.326,0.051,1.423,0.664,3.0,-0.006999999999999999,24.629,-0.006999999999999999,-0.102,463.344,0.396,-0.535
00:00:26.701,1572925463981,-0.324,0.05,1.423,0.664,3.0,-0.006999999999999999,24.623,-0.006999999999999999,-0.102,463.754,0.396,-0.535
00:00:26.702,1572925463982,-0.322,0.049,1.423,0.664,3.0,-0.008,24.618,-0.006999999999999999,-0.102,464.165,0.396,-0.535
00:00:26.703,1572925463983,-0.321,0.048,1.423,0.664,3.0,-0.008,24.612,-0.006999999999999999,-0.102,464.575,0.395,-0.535
00:00:26.751,1572925464031,-0.321,0.047,1.423,0.664,3.0,-0.009000000000000001,24.607,-0.006999999999999999,-0.102,464.985,0.395,-0.535
00:00:26.752,1572925464032,-0.321,0.046,1.423,0.664,3.0,-0.009000000000000001,24.602,-0.006999999999999999,-0.102,465.395,0.395,-0.535
00:00:26.753,1572925464033,-0.321,0.045,1.423,0.664,3.0,-0.01,24.596,-0.006,-0.101,465.831,0.394,-0.535
00:00:26.802,1572925464082,-0.32,0.044,1.423,0.664,3.0,-0.01,24.591,-0.006,-0.101,466.215,0.394,-0.535
00:00:26.803,1572925464083,-0.32,0.043,1.423,0.664,3.0,-0.01,24.586,-0.006,-0.101,466.625,0.394,-0.535
00:00:26.804,1572925464084,-0.32,0.041,1.423,0.664,3.0,-0.011,24.58,-0.006,-0.101,467.035,0.393,-0.535
00:00:26.854,1572925464134,-0.32,0.039,1.423,0.664,3.0,-0.011,24.575,-0.006,-0.101,467.444,0.393,-0.535
00:00:26.855,1572925464135,-0.32,0.036000000000000004,1.423,0.664,3.0,-0.011,24.57,-0.006,-0.101,467.854,0.393,-0.535
00:00:26.856,1572925464136,-0.32,0.034,1.643,0.664,3.0,-0.011,24.564,-0.005,-0.101,468.263,0.393,-0.535
00:00:26.904,1572925464184,-0.317,0.031,1.643,0.664,3.0,-0.011,24.559,-0.005,-0.1,468.673,0.392,-0.535
00:00:26.905,1572925464185,-0.315,0.028,1.643,0.664,3.0,-0.011,24.554,-0.005,-0.1,469.082,0.392,-0.535
00:00:26.906,1572925464186,-0.313,0.025,1.643,0.664,3.0,-0.011,24.548,-0.005,-0.1,469.517,0.392,-0.535
00:00:26.954,1572925464234,-0.313,0.022,1.643,0.664,3.0,-0.011,24.544,-0.005,-0.1,469.9,0.392,-0.535
00:00:26.955,1572925464235,-0.313,0.02,1.643,0.664,3.0,-0.011,24.538,-0.004,-0.1,470.309,0.391,-0.535
00:00:26.956,1572925464236,-0.312,0.018000000000000002,1.643,0.664,3.0,-0.011,24.533,-0.004,-0.099,470.718,0.391,-0.535
00:00:27.004,1572925464284,-0.312,0.015,1.643,0.664,3.0,-0.011,24.528,-0.004,-0.099,471.127,0.391,-0.535
00:00:27.005,1572925464285,-0.312,0.013,1.643,0.664,3.0,-0.011,24.523000000000003,-0.004,-0.099,471.536,0.391,-0.535
00:00:27.006,1572925464286,-0.312,0.012,1.643,0.664,3.0,-0.011,24.518,-0.003,-0.099,471.944,0.391,-0.535
00:00:27.054,1572925464334,-0.312,0.01,1.643,0.664,3.0,-0.01,24.512,-0.003,-0.099,472.353,0.39,-0.535
00:00:27.055,1572925464335,-0.312,0.009000000000000001,1.643,0.664,3.0,-0.01,24.507,-0.003,-0.098,472.787,0.39,-0.535
00:00:27.056,1572925464336,-0.312,0.008,1.643,0.664,3.0,-0.01,24.502,-0.002,-0.098,473.17,0.39,-0.535
00:00:27.104,1572925464384,-0.312,0.006999999999999999,1.643,0.664,3.0,-0.009000000000000001,24.497,-0.002,-0.098,473.578,0.39,-0.535
00:00:27.105,1572925464385,-0.312,0.006,1.643,0.664,3.0,-0.009000000000000001,24.492,-0.002,-0.098,473.986,0.39,-0.535
00:00:27.106,1572925464386,-0.312,0.005,1.643,0.664,3.0,-0.009000000000000001,24.486,-0.001,-0.098,474.395,0.389,-0.535
00:00:27.154,1572925464434,-0.312,0.004,1.643,0.664,3.0,-0.009000000000000001,24.481,-0.001,-0.098,474.80300000000005,0.389,-0.535
00:00:27.155,1572925464435,-0.311,0.003,1.643,0.664,3.0,-0.008,24.476,-0.001,-0.098,475.211,0.389,-0.535
00:00:27.156,1572925464436,-0.311,0.003,1.643,0.664,3.0,-0.008,24.47,0.0,-0.098,475.644,0.389,-0.535
00:00:27.206,1572925464486,-0.311,0.002,1.643,0.664,3.0,-0.008,24.465,0.0,-0.098,476.052,0.389,-0.535
00:00:27.207,1572925464487,-0.311,0.001,1.643,0.664,3.0,-0.006999999999999999,24.46,0.0,-0.098,476.434,0.388,-0.535
00:00:27.208,1572925464488,-0.311,0.0,1.643,0.664,3.0,-0.006999999999999999,24.455,0.0,-0.098,476.842,0.388,-0.535
00:00:27.260,1572925464540,-0.311,0.0,1.643,0.664,3.0,-0.006999999999999999,24.45,0.001,-0.098,477.249,0.388,-0.535
00:00:27.261,1572925464541,-0.311,0.0,1.643,0.664,3.0,-0.006999999999999999,24.445,0.001,-0.098,477.682,0.388,-0.535
00:00:27.262,1572925464542,-0.311,-0.001,1.643,0.664,3.0,-0.006,24.439,0.001,-0.098,478.089,0.388,-0.535
00:00:27.307,1572925464587,-0.311,0.0,1.643,0.664,3.0,-0.006,24.435,0.001,-0.098,478.471,0.387,-0.535
00:00:27.308,1572925464588,-0.311,0.0,1.643,0.664,3.0,-0.006,24.429,0.001,-0.098,478.879,0.387,-0.535
00:00:27.309,1572925464589,-0.31,0.0,1.643,0.664,3.0,-0.006,24.424,0.001,-0.098,479.286,0.387,-0.535
00:00:27.357,1572925464637,-0.31,0.0,1.643,0.664,3.0,-0.005,24.419,0.001,-0.098,479.718,0.387,-0.535
00:00:27.358,1572925464638,-0.31,0.001,1.643,0.664,3.0,-0.005,24.414,0.001,-0.098,480.1,0.387,-0.535
00:00:27.359,1572925464639,-0.31,0.001,1.789,0.664,3.0,-0.005,24.409,0.001,-0.098,480.506,0.386,-0.535
00:00:27.407,1572925464687,-0.308,0.001,1.789,0.664,3.0,-0.005,24.404,0.001,-0.098,480.913,0.386,-0.535
00:00:27.408,1572925464688,-0.306,0.002,1.789,0.664,3.0,-0.004,24.399,0.001,-0.098,481.32,0.386,-0.535
00:00:27.409,1572925464689,-0.306,0.003,1.789,0.664,3.0,-0.004,24.393,0.001,-0.098,481.727,0.386,-0.535
00:00:27.462,1572925464742,-0.305,0.003,1.789,0.664,3.0,-0.004,24.388,0.001,-0.098,482.133,0.386,-0.535
00:00:27.463,1572925464743,-0.305,0.004,1.789,0.664,3.0,-0.004,24.38300000000001,0.001,-0.098,482.54,0.385,-0.535
00:00:27.464,1572925464744,-0.305,0.005,1.789,0.664,3.0,-0.004,24.378,0.001,-0.098,482.946,0.385,-0.535
00:00:27.465,1572925464745,-0.305,0.005,1.789,0.664,3.0,-0.004,24.373,0.001,-0.098,483.352,0.385,-0.535
00:00:27.516,1572925464796,-0.305,0.006,1.789,0.664,3.0,-0.004,24.368,0.001,-0.097,483.758,0.385,-0.535
00:00:27.517,1572925464797,-0.305,0.006,1.789,0.664,3.0,-0.004,24.363000000000003,0.001,-0.097,484.164,0.385,-0.535
00:00:27.518,1572925464798,-0.305,0.006999999999999999,1.789,0.664,3.0,-0.004,24.358,0.0,-0.097,484.596,0.385,-0.535
00:00:27.567,1572925464847,-0.304,0.008,1.789,0.664,3.0,-0.004,24.353,0.0,-0.097,484.976,0.384,-0.535
00:00:27.568,1572925464848,-0.304,0.008,1.936,0.664,3.0,-0.004,24.349,0.0,-0.097,485.306,0.384,-0.535
00:00:27.569,1572925464849,-0.303,0.009000000000000001,1.936,0.664,3.0,-0.004,24.343000000000004,0.0,-0.097,485.737,0.384,-0.535
00:00:27.618,1572925464898,-0.301,0.01,1.936,0.664,3.0,-0.004,24.339,0.0,-0.097,486.11800000000005,0.384,-0.535
00:00:27.619,1572925464899,-0.3,0.011,1.936,0.664,3.0,-0.004,24.333,-0.001,-0.097,486.548,0.384,-0.535
00:00:27.620,1572925464900,-0.299,0.011,1.936,0.664,3.0,-0.004,24.32800000000001,-0.001,-0.097,486.954,0.384,-0.535
00:00:27.674,1572925464954,-0.299,0.012,1.936,0.664,3.0,-0.004,24.324,-0.001,-0.097,487.334,0.383,-0.535
00:00:27.675,1572925464955,-0.299,0.013,2.082,0.664,3.0,-0.004,24.318,-0.001,-0.097,487.765,0.383,-0.535
00:00:27.676,1572925464956,-0.297,0.013,2.082,0.664,3.0,-0.004,24.314,-0.001,-0.096,488.17,0.383,-0.535
00:00:27.724,1572925465004,-0.295,0.013,2.082,0.664,3.0,-0.004,24.309,-0.001,-0.096,488.55,0.383,-0.535
00:00:27.725,1572925465005,-0.294,0.014,2.082,0.664,3.0,-0.004,24.304,-0.002,-0.096,488.98,0.383,-0.535
00:00:27.726,1572925465006,-0.294,0.014,2.082,0.664,3.0,-0.004,24.299,-0.002,-0.096,489.36,0.383,-0.535
00:00:27.774,1572925465054,-0.294,0.014,2.082,0.664,3.0,-0.004,24.294,-0.002,-0.096,489.79,0.382,-0.535
00:00:27.775,1572925465055,-0.294,0.014,2.082,0.664,3.0,-0.004,24.289,-0.002,-0.096,490.17,0.382,-0.535
00:00:27.776,1572925465056,-0.294,0.014,2.082,0.664,3.0,-0.004,24.284,-0.002,-0.096,490.6,0.382,-0.535
00:00:27.824,1572925465104,-0.294,0.013,2.082,0.664,3.0,-0.004,24.28,-0.002,-0.095,490.979,0.382,-0.535
00:00:27.825,1572925465105,-0.293,0.013,2.082,0.664,3.0,-0.004,24.274,-0.002,-0.095,491.409,0.382,-0.535
00:00:27.826,1572925465106,-0.293,0.013,2.082,0.664,3.0,-0.004,24.27,-0.002,-0.095,491.814,0.382,-0.535
00:00:27.875,1572925465155,-0.293,0.012,2.082,0.664,3.0,-0.004,24.265,-0.002,-0.095,492.193,0.382,-0.535
00:00:27.876,1572925465156,-0.293,0.012,2.302,0.664,3.0,-0.004,24.26,-0.002,-0.095,492.597,0.382,-0.535
00:00:27.877,1572925465157,-0.29100000000000004,0.012,2.302,0.664,3.0,-0.004,24.255,-0.002,-0.095,493.027,0.381,-0.535
00:00:27.926,1572925465206,-0.28800000000000003,0.011,2.302,0.664,3.0,-0.004,24.25,-0.002,-0.095,493.406,0.381,-0.535
00:00:27.927,1572925465207,-0.28600000000000003,0.011,2.302,0.664,3.0,-0.004,24.246,-0.002,-0.094,493.81,0.381,-0.535
00:00:27.928,1572925465208,-0.28600000000000003,0.01,2.302,0.664,3.0,-0.004,24.241,-0.002,-0.094,494.239,0.381,-0.535
00:00:27.978,1572925465258,-0.28600000000000003,0.009000000000000001,2.302,0.664,3.0,-0.004,24.236,-0.002,-0.094,494.643,0.381,-0.535
00:00:27.979,1572925465259,-0.285,0.009000000000000001,2.595,0.664,3.0,-0.004,24.231,-0.002,-0.094,495.047,0.381,-0.535
00:00:27.980,1572925465260,-0.282,0.009000000000000001,2.595,0.664,3.0,-0.004,24.227,-0.002,-0.094,495.451,0.381,-0.535
00:00:28.028,1572925465308,-0.278,0.008,2.595,0.664,3.0,-0.004,24.222,-0.002,-0.094,495.855,0.381,-0.535
00:00:28.029,1572925465309,-0.276,0.008,2.595,0.664,3.0,-0.004,24.218000000000004,-0.002,-0.093,496.233,0.381,-0.535
00:00:28.030,1572925465310,-0.276,0.006999999999999999,2.595,0.664,3.0,-0.004,24.213,-0.002,-0.093,496.662,0.381,-0.535
00:00:28.078,1572925465358,-0.275,0.006999999999999999,2.595,0.664,3.0,-0.004,24.208,-0.002,-0.093,497.066,0.381,-0.535
00:00:28.079,1572925465359,-0.275,0.006,2.9610000000000003,0.664,3.0,-0.004,24.204,-0.001,-0.093,497.469,0.38,-0.535
00:00:28.080,1572925465360,-0.272,0.006,2.9610000000000003,0.664,3.0,-0.004,24.199,-0.001,-0.093,497.872,0.38,-0.535
00:00:28.129,1572925465409,-0.266,0.005,2.9610000000000003,0.664,3.0,-0.004,24.195,-0.001,-0.092,498.276,0.38,-0.535
00:00:28.130,1572925465410,-0.264,0.005,2.9610000000000003,0.664,3.0,-0.004,24.19,-0.001,-0.092,498.679,0.38,-0.535
00:00:28.131,1572925465411,-0.263,0.004,2.9610000000000003,0.664,3.0,-0.004,24.186,-0.001,-0.092,499.082,0.38,-0.535
00:00:28.180,1572925465460,-0.262,0.004,2.9610000000000003,0.664,3.0,-0.004,24.182,-0.001,-0.092,499.485,0.38,-0.535
00:00:28.181,1572925465461,-0.262,0.004,3.913,0.664,3.0,-0.004,24.177,-0.001,-0.091,499.888,0.38,-0.535
00:00:28.182,1572925465462,-0.26,0.003,3.913,0.664,3.0,-0.004,24.173,-0.001,-0.091,500.291,0.38,-0.535
00:00:28.183,1572925465463,-0.253,0.003,3.913,0.664,3.0,-0.004,24.169,0.0,-0.091,500.694,0.38,-0.535
00:00:28.230,1572925465510,-0.243,0.002,3.913,0.664,3.0,-0.003,24.165,0.0,-0.09,501.097,0.38,-0.535
00:00:28.231,1572925465511,-0.234,0.001,3.913,0.664,3.0,-0.003,24.161,0.0,-0.09,501.499,0.38,-0.535
00:00:28.232,1572925465512,-0.229,0.0,3.913,0.664,3.0,-0.003,24.157,0.0,-0.08900000000000001,501.902,0.38,-0.535
00:00:28.280,1572925465560,-0.225,-0.001,6.1110000000000015,0.664,3.0,-0.003,24.154,0.0,-0.08900000000000001,502.305,0.379,-0.535
00:00:28.281,1572925465561,-0.223,-0.002,6.1110000000000015,0.664,3.0,-0.003,24.15,0.0,-0.08800000000000001,502.707,0.379,-0.535
00:00:28.282,1572925465562,-0.219,-0.003,6.1110000000000015,0.664,3.0,-0.003,24.147,0.0,-0.08800000000000001,503.11,0.379,-0.535
00:00:28.332,1572925465612,-0.211,-0.004,6.1110000000000015,0.664,3.0,-0.003,24.143,0.0,-0.087,503.512,0.379,-0.535
00:00:28.333,1572925465613,-0.2,-0.005,6.1110000000000015,0.664,3.0,-0.003,24.14,0.0,-0.086,503.914,0.379,-0.535
00:00:28.334,1572925465614,-0.188,-0.006,6.1110000000000015,0.664,3.0,-0.003,24.137,0.0,-0.085,504.317,0.379,-0.535
00:00:28.387,1572925465667,-0.177,-0.006999999999999999,7.4289999999999985,0.664,3.0,-0.002,24.134,0.0,-0.084,504.719,0.379,-0.535
00:00:28.388,1572925465668,-0.16699999999999998,-0.008,7.4289999999999985,0.664,3.0,-0.002,24.132,0.0,-0.083,505.121,0.379,-0.535
00:00:28.389,1572925465669,-0.157,-0.008,7.4289999999999985,0.664,3.0,-0.002,24.129,0.0,-0.08199999999999999,505.523,0.379,-0.535
00:00:28.442,1572925465722,-0.146,-0.008,7.4289999999999985,0.664,3.0,-0.002,24.127,0.0,-0.081,505.925,0.379,-0.535
00:00:28.443,1572925465723,-0.135,-0.009000000000000001,7.4289999999999985,0.664,3.0,-0.002,24.125,0.0,-0.08,506.328,0.379,-0.535
00:00:28.444,1572925465724,-0.125,-0.009000000000000001,7.4289999999999985,0.664,3.0,-0.001,24.123,0.0,-0.078,506.73,0.379,-0.535
00:00:28.495,1572925465775,-0.12,-0.009000000000000001,7.795,1.128,3.0,-0.001,24.121,0.0,-0.077,507.132,0.378,-0.535
00:00:28.496,1572925465776,-0.121,-0.009000000000000001,7.795,1.128,3.0,-0.001,24.119,0.001,-0.075,507.534,0.378,-0.535
00:00:28.497,1572925465777,-0.124,-0.009000000000000001,7.795,1.128,3.0,-0.001,24.117,0.001,-0.07400000000000001,507.936,0.378,-0.535
00:00:28.542,1572925465822,-0.125,-0.01,7.795,1.128,3.0,-0.001,24.115,0.001,-0.07200000000000001,508.337,0.378,-0.535
00:00:28.543,1572925465823,-0.125,-0.01,7.795,1.128,3.0,0.0,24.113000000000003,0.001,-0.071,508.739,0.378,-0.535
00:00:28.544,1572925465824,-0.124,-0.01,7.795,1.128,3.0,0.0,24.11,0.001,-0.07,509.141,0.378,-0.535
00:00:28.594,1572925465874,-0.123,-0.01,7.795,0.664,3.0,0.0,24.108,0.001,-0.069,509.543,0.378,-0.535
00:00:28.595,1572925465875,-0.118,-0.01,7.795,0.664,3.0,0.0,24.107,0.001,-0.068,509.945,0.378,-0.535
00:00:28.596,1572925465876,-0.114,-0.011,7.795,0.664,3.0,0.0,24.105,0.001,-0.067,510.347,0.378,-0.535
00:00:28.642,1572925465922,-0.111,-0.011,7.795,0.664,3.0,0.001,24.103,0.001,-0.066,510.74800000000016,0.377,-0.535
00:00:28.643,1572925465923,-0.111,-0.011,7.795,0.664,3.0,0.001,24.101,0.001,-0.065,511.15,0.377,-0.535
00:00:28.644,1572925465924,-0.11,-0.011,7.795,0.664,3.0,0.001,24.099,0.001,-0.064,511.552,0.377,-0.535
00:00:28.694,1572925465974,-0.11,-0.011,7.942,0.664,3.0,0.001,24.097,0.001,-0.064,511.953,0.377,-0.535
00:00:28.695,1572925465975,-0.11,-0.011,7.942,0.664,3.0,0.001,24.096,0.001,-0.063,512.355,0.377,-0.535
00:00:28.696,1572925465976,-0.11,-0.011,7.942,0.664,3.0,0.001,24.094,0.001,-0.063,512.757,0.377,-0.535
00:00:28.752,1572925466032,-0.109,-0.011,7.942,0.664,3.0,0.001,24.092,0.001,-0.063,513.158,0.377,-0.535
00:00:28.753,1572925466033,-0.108,-0.011,7.942,0.664,3.0,0.001,24.09,0.001,-0.063,513.56,0.377,-0.535
00:00:28.754,1572925466034,-0.106,-0.01,7.942,0.664,3.0,0.002,24.088,0.001,-0.063,513.961,0.376,-0.535
00:00:28.755,1572925466035,-0.106,-0.01,8.967,0.664,3.0,0.002,24.087,0.001,-0.063,514.363,0.376,-0.535
00:00:28.802,1572925466082,-0.105,-0.01,8.967,0.664,3.0,0.002,24.085,0.001,-0.063,514.764,0.376,-0.535
00:00:28.803,1572925466083,-0.101,-0.01,8.967,0.664,3.0,0.002,24.083,0.001,-0.063,515.165,0.376,-0.535
00:00:28.804,1572925466084,-0.093,-0.01,8.967,0.664,3.0,0.002,24.082,0.001,-0.063,515.567,0.376,-0.535
00:00:28.852,1572925466132,-0.084,-0.01,8.967,0.664,3.0,0.002,24.081,0.001,-0.063,515.9680000000002,0.376,-0.535
00:00:28.853,1572925466133,-0.076,-0.009000000000000001,8.967,0.664,3.0,0.002,24.079,0.001,-0.063,516.369,0.375,-0.535
00:00:28.854,1572925466134,-0.07200000000000001,-0.009000000000000001,10.139,0.664,3.0,0.002,24.07800000000001,0.001,-0.064,516.771,0.375,-0.535
00:00:28.902,1572925466182,-0.07,-0.009000000000000001,10.139,0.664,3.0,0.002,24.077,0.001,-0.064,517.172,0.375,-0.535
00:00:28.903,1572925466183,-0.065,-0.009000000000000001,10.139,0.664,3.0,0.002,24.076,0.001,-0.064,517.573,0.375,-0.535
00:00:28.904,1572925466184,-0.056,-0.008,10.139,0.664,3.0,0.002,24.075,0.001,-0.063,517.975,0.375,-0.535
00:00:28.952,1572925466232,-0.046,-0.008,10.139,0.664,3.0,0.002,24.075,0.001,-0.063,518.376,0.375,-0.535
00:00:28.953,1572925466233,-0.039,-0.008,10.139,0.664,3.0,0.002,24.074,0.001,-0.063,518.7769999999998,0.374,-0.535
00:00:28.954,1572925466234,-0.035,-0.008,10.798,0.664,3.0,0.002,24.074,0.001,-0.063,519.178,0.374,-0.535
00:00:29.005,1572925466285,-0.033,-0.008,10.798,0.664,3.0,0.002,24.073,0.001,-0.062,519.58,0.374,-0.535
00:00:29.006,1572925466286,-0.031,-0.006999999999999999,10.798,0.664,3.0,0.002,24.073,0.001,-0.062,519.981,0.374,-0.535
00:00:29.007,1572925466287,-0.026,-0.006999999999999999,10.798,0.664,3.0,0.002,24.072,0.001,-0.061,520.382,0.374,-0.535
00:00:29.059,1572925466339,-0.02,-0.006999999999999999,10.798,0.664,3.0,0.002,24.072,0.001,-0.061,520.783,0.373,-0.535
00:00:29.060,1572925466340,-0.015,-0.006999999999999999,10.798,0.664,3.0,0.002,24.072,0.001,-0.06,521.184,0.373,-0.535
00:00:29.061,1572925466341,-0.013,-0.006999999999999999,11.97,0.664,3.0,0.002,24.072,0.001,-0.06,521.586,0.373,-0.535
00:00:29.107,1572925466387,-0.011,-0.006,11.97,0.664,3.0,0.002,24.072,0.001,-0.059,521.987,0.373,-0.535
00:00:29.108,1572925466388,-0.006,-0.006,11.97,0.664,3.0,0.002,24.072,0.001,-0.058,522.388,0.373,-0.535
00:00:29.109,1572925466389,0.003,-0.006,11.97,0.664,3.0,0.002,24.072,0.001,-0.057,522.789,0.373,-0.535
00:00:29.157,1572925466437,0.012,-0.006,11.97,0.664,3.0,0.002,24.072,0.001,-0.056,523.19,0.3720000000000001,-0.535
00:00:29.158,1572925466438,0.02,-0.006,11.97,0.664,3.0,0.002,24.072,0.001,-0.055,523.592,0.3720000000000001,-0.535
00:00:29.159,1572925466439,0.026,-0.006,12.263,0.664,3.0,0.002,24.073,0.0,-0.054000000000000006,523.993,0.3720000000000001,-0.535
00:00:29.207,1572925466487,0.029,-0.006,12.263,0.664,3.0,0.002,24.073,0.0,-0.053,524.394,0.3720000000000001,-0.535
00:00:29.208,1572925466488,0.03,-0.006,12.263,0.664,3.0,0.002,24.074,0.0,-0.052000000000000005,524.795,0.3720000000000001,-0.535
00:00:29.209,1572925466489,0.031,-0.006,12.263,0.664,3.0,0.002,24.075,0.0,-0.051,525.196,0.371,-0.535
00:00:29.257,1572925466537,0.032,-0.006,12.263,0.664,3.0,0.002,24.075,0.0,-0.05,525.5980000000002,0.371,-0.535
00:00:29.258,1572925466538,0.033,-0.006,12.263,0.664,3.0,0.002,24.076,0.0,-0.049,525.999,0.371,-0.535
00:00:29.259,1572925466539,0.034,-0.006,12.483,0.664,3.0,0.002,24.076,0.0,-0.048,526.4,0.371,-0.535
00:00:29.317,1572925466597,0.035,-0.006,12.483,0.664,3.0,0.002,24.077,0.0,-0.048,526.802,0.37,-0.535
00:00:29.318,1572925466598,0.036000000000000004,-0.006,12.483,0.664,3.0,0.002,24.077,0.0,-0.047,527.203,0.37,-0.535
00:00:29.319,1572925466599,0.037000000000000005,-0.006,12.483,0.664,3.0,0.002,24.07800000000001,0.0,-0.046,527.654,0.37,-0.535
00:00:29.320,1572925466600,0.039,-0.006,12.483,0.664,3.0,0.002,24.079,0.0,-0.045,528.005,0.37,-0.535
00:00:29.367,1572925466647,0.04,-0.006,12.483,0.664,3.0,0.002,24.079,0.0,-0.045,528.4069999999998,0.37,-0.535
00:00:29.368,1572925466648,0.041,-0.006,12.776,0.664,3.0,0.002,24.08,0.0,-0.044,528.808,0.369,-0.535
00:00:29.369,1572925466649,0.042,-0.006,12.776,0.664,3.0,0.002,24.081,0.0,-0.044,529.2090000000002,0.369,-0.535
00:00:29.418,1572925466698,0.044,-0.006,12.776,0.664,3.0,0.002,24.082,0.0,-0.044,529.611,0.369,-0.535
00:00:29.419,1572925466699,0.046,-0.006,12.776,0.664,3.0,0.002,24.082,0.0,-0.043,530.012,0.369,-0.535
00:00:29.420,1572925466700,0.048,-0.006,12.776,0.664,3.0,0.002,24.083,0.0,-0.043,530.414,0.369,-0.535
00:00:29.469,1572925466749,0.05,-0.006,12.776,0.664,3.0,0.002,24.084,0.001,-0.043,530.815,0.368,-0.535
00:00:29.470,1572925466750,0.051,-0.006,13.142,0.664,3.0,0.002,24.085,0.001,-0.043,531.216,0.368,-0.535
00:00:29.471,1572925466751,0.053,-0.006999999999999999,13.142,0.664,3.0,0.002,24.086,0.001,-0.043,531.618,0.368,-0.535
00:00:29.519,1572925466799,0.054000000000000006,-0.006999999999999999,13.142,0.664,3.0,0.002,24.087,0.001,-0.043,532.019,0.368,-0.535
00:00:29.520,1572925466800,0.057,-0.008,13.142,0.664,3.0,0.002,24.088,0.001,-0.043,532.4209999999998,0.3670000000000001,-0.535
00:00:29.521,1572925466801,0.06,-0.008,13.142,0.664,3.0,0.002,24.089,0.001,-0.043,532.822,0.3670000000000001,-0.535
00:00:29.569,1572925466849,0.062,-0.008,13.142,0.664,3.0,0.002,24.09,0.001,-0.043,533.224,0.3670000000000001,-0.535
00:00:29.570,1572925466850,0.064,-0.008,13.142,0.664,3.0,0.002,24.091,0.001,-0.043,533.625,0.3670000000000001,-0.535
00:00:29.571,1572925466851,0.065,-0.008,13.142,0.664,3.0,0.002,24.092,0.001,-0.043,534.0269999999998,0.366,-0.535
00:00:29.619,1572925466899,0.066,-0.008,13.142,0.664,3.0,0.003,24.093000000000004,0.001,-0.043,534.428,0.366,-0.535
00:00:29.620,1572925466900,0.065,-0.009000000000000001,13.142,0.664,3.0,0.003,24.094,0.001,-0.043,534.83,0.366,-0.535
00:00:29.621,1572925466901,0.065,-0.009000000000000001,13.142,0.664,3.0,0.003,24.095,0.001,-0.043,535.231,0.366,-0.535
00:00:29.669,1572925466949,0.065,-0.01,13.142,0.664,3.0,0.003,24.096,0.001,-0.043,535.633,0.365,-0.535
00:00:29.670,1572925466950,0.064,-0.01,13.142,0.664,3.0,0.003,24.097,0.001,-0.043,536.034,0.365,-0.535
00:00:29.671,1572925466951,0.064,-0.011,13.142,0.664,3.0,0.003,24.099,0.001,-0.043,536.436,0.365,-0.535
00:00:29.719,1572925466999,0.064,-0.012,13.142,0.664,3.0,0.003,24.1,0.001,-0.043,536.8380000000002,0.365,-0.535
00:00:29.720,1572925467000,0.064,-0.013,13.142,0.664,3.0,0.003,24.101,0.001,-0.043,537.239,0.364,-0.535
00:00:29.721,1572925467001,0.064,-0.014,13.142,0.664,3.0,0.003,24.102,0.001,-0.043,537.641,0.364,-0.535
00:00:29.778,1572925467058,0.064,-0.015,13.142,0.664,3.0,0.003,24.103,0.001,-0.044,538.043,0.364,-0.535
00:00:29.779,1572925467059,0.064,-0.016,13.142,0.664,3.0,0.003,24.104,0.001,-0.044,538.445,0.364,-0.535
00:00:29.780,1572925467060,0.064,-0.016,13.142,0.664,3.0,0.003,24.105,0.001,-0.044,538.846,0.363,-0.535
00:00:29.822,1572925467102,0.064,-0.017,13.142,0.664,3.0,0.003,24.106,0.001,-0.044,539.248,0.363,-0.535
00:00:29.823,1572925467103,0.064,-0.017,13.142,0.664,3.0,0.003,24.107,0.001,-0.044,539.65,0.363,-0.535
00:00:29.824,1572925467104,0.064,-0.017,13.142,0.664,3.0,0.003,24.108,0.001,-0.044,540.052,0.362,-0.535
00:00:29.873,1572925467153,0.064,-0.017,13.142,0.664,3.0,0.003,24.109,0.001,-0.044,540.453,0.362,-0.535
00:00:29.874,1572925467154,0.064,-0.018000000000000002,13.142,0.664,3.0,0.004,24.11,0.001,-0.044,540.855,0.362,-0.535
00:00:29.875,1572925467155,0.064,-0.018000000000000002,13.142,0.664,3.0,0.004,24.111,0.001,-0.044,541.257,0.361,-0.535
00:00:29.923,1572925467203,0.064,-0.018000000000000002,13.142,0.664,3.0,0.004,24.112,0.001,-0.044,541.659,0.361,-0.535
00:00:29.924,1572925467204,0.064,-0.018000000000000002,13.142,0.664,3.0,0.004,24.113000000000003,0.001,-0.044,542.061,0.361,-0.535
00:00:29.925,1572925467205,0.064,-0.019,13.142,0.664,3.0,0.004,24.115,0.001,-0.044,542.4630000000002,0.36,-0.535
00:00:29.973,1572925467253,0.064,-0.019,13.142,0.664,3.0,0.004,24.116,0.001,-0.044,542.865,0.36,-0.535
00:00:29.974,1572925467254,0.064,-0.019,13.142,0.664,3.0,0.004,24.117,0.002,-0.044,543.2669999999998,0.36,-0.535
00:00:29.975,1572925467255,0.064,-0.019,13.142,0.664,3.0,0.004,24.118,0.002,-0.044,543.669,0.359,-0.535
00:00:30.023,1572925467303,0.064,-0.019,13.142,0.664,3.0,0.005,24.119,0.002,-0.044,544.071,0.359,-0.535
00:00:30.024,1572925467304,0.064,-0.019,13.142,0.664,3.0,0.005,24.12,0.002,-0.044,544.4730000000002,0.359,-0.535
00:00:30.025,1572925467305,0.064,-0.019,13.142,0.664,3.0,0.005,24.121,0.002,-0.044,544.875,0.358,-0.535
00:00:30.073,1572925467353,0.064,-0.02,13.142,0.664,3.0,0.005,24.122,0.002,-0.044,545.2769999999998,0.358,-0.535
00:00:30.074,1572925467354,0.064,-0.02,13.142,0.664,3.0,0.005,24.123,0.002,-0.044,545.679,0.358,-0.535
00:00:30.075,1572925467355,0.064,-0.02,13.142,0.664,3.0,0.005,24.124,0.002,-0.044,546.081,0.35700000000000004,-0.535
00:00:30.123,1572925467403,0.064,-0.02,13.142,0.664,3.0,0.005,24.125,0.002,-0.044,546.4830000000002,0.35700000000000004,-0.535
00:00:30.124,1572925467404,0.064,-0.02,13.142,0.664,3.0,0.005,24.126,0.002,-0.044,546.885,0.35600000000000004,-0.535
00:00:30.125,1572925467405,0.064,-0.02,13.142,0.664,3.0,0.005,24.127,0.002,-0.044,547.2869999999998,0.35600000000000004,-0.535
00:00:30.175,1572925467455,0.064,-0.02,13.142,0.664,3.0,0.005,24.128,0.002,-0.044,547.689,0.35600000000000004,-0.535
00:00:30.176,1572925467456,0.064,-0.02,13.142,0.664,3.0,0.005,24.129,0.002,-0.044,548.091,0.355,-0.535
00:00:30.177,1572925467457,0.064,-0.02,13.142,0.664,3.0,0.006,24.13,0.002,-0.044,548.493,0.355,-0.535
00:00:30.226,1572925467506,0.064,-0.019,13.142,0.664,3.0,0.006,24.132,0.002,-0.044,548.896,0.354,-0.535
00:00:30.227,1572925467507,0.064,-0.019,13.142,0.664,3.0,0.006,24.13300000000001,0.002,-0.044,549.298,0.354,-0.535
00:00:30.228,1572925467508,0.064,-0.019,13.142,0.664,3.0,0.006,24.134,0.002,-0.044,549.7,0.354,-0.535
00:00:30.276,1572925467556,0.064,-0.019,13.142,0.664,3.0,0.006,24.135,0.002,-0.044,550.102,0.353,-0.535
00:00:30.277,1572925467557,0.064,-0.019,13.142,0.664,3.0,0.006,24.136,0.002,-0.044,550.505,0.353,-0.535
00:00:30.278,1572925467558,0.064,-0.018000000000000002,13.142,0.664,3.0,0.006,24.137,0.002,-0.044,550.9069999999998,0.35200000000000004,-0.535
00:00:30.326,1572925467606,0.064,-0.018000000000000002,13.142,0.664,3.0,0.006,24.138,0.002,-0.044,551.309,0.35200000000000004,-0.535
00:00:30.327,1572925467607,0.063,-0.018000000000000002,13.142,0.664,3.0,0.006,24.139,0.002,-0.044,551.711,0.35100000000000003,-0.535
00:00:30.328,1572925467608,0.063,-0.017,13.142,0.664,3.0,0.006,24.14,0.002,-0.044,552.114,0.35100000000000003,-0.535
00:00:30.376,1572925467656,0.063,-0.017,13.142,0.664,3.0,0.006,24.141,0.002,-0.044,552.516,0.35,-0.535
00:00:30.377,1572925467657,0.063,-0.016,13.435,0.664,3.0,0.006,24.142,0.002,-0.044,552.918,0.35,-0.535
00:00:30.378,1572925467658,0.064,-0.016,13.435,0.664,3.0,0.006,24.143,0.002,-0.044,553.321,0.349,-0.535
00:00:30.426,1572925467706,0.065,-0.016,13.435,0.664,3.0,0.006,24.144,0.002,-0.044,553.7230000000002,0.349,-0.535
00:00:30.427,1572925467707,0.067,-0.015,13.435,0.664,3.0,0.006,24.145,0.002,-0.044,554.126,0.349,-0.535
00:00:30.428,1572925467708,0.069,-0.015,13.435,0.664,3.0,0.006,24.147,0.002,-0.044,554.528,0.348,-0.535
00:00:30.481,1572925467761,0.07200000000000001,-0.014,13.435,0.664,3.0,0.006,24.148000000000003,0.002,-0.044,554.93,0.348,-0.535
00:00:30.482,1572925467762,0.073,-0.014,13.435,0.664,3.0,0.006,24.149,0.002,-0.044,555.3330000000002,0.34700000000000003,-0.535
00:00:30.483,1572925467763,0.07400000000000001,-0.013,13.435,0.664,3.0,0.006,24.15,0.001,-0.044,555.735,0.34700000000000003,-0.535
00:00:30.484,1572925467764,0.075,-0.013,13.435,0.664,3.0,0.006,24.152,0.001,-0.044,556.138,0.34600000000000003,-0.535
00:00:30.532,1572925467812,0.07400000000000001,-0.012,13.435,0.664,3.0,0.006,24.153,0.001,-0.044,556.54,0.34600000000000003,-0.535
00:00:30.533,1572925467813,0.07400000000000001,-0.011,13.435,0.664,3.0,0.006,24.154,0.001,-0.044,556.943,0.345,-0.535
00:00:30.534,1572925467814,0.07400000000000001,-0.01,13.435,0.664,3.0,0.006,24.155,0.001,-0.043,557.346,0.345,-0.535
00:00:30.583,1572925467863,0.073,-0.01,13.435,0.664,3.0,0.006,24.156,0.001,-0.043,557.748,0.344,-0.535
00:00:30.584,1572925467864,0.073,-0.009000000000000001,13.435,0.664,3.0,0.006,24.158,0.001,-0.043,558.151,0.344,-0.535
00:00:30.585,1572925467865,0.073,-0.008,13.435,0.664,3.0,0.006,24.159,0.001,-0.043,558.553,0.343,-0.535
00:00:30.634,1572925467914,0.073,-0.006999999999999999,13.435,0.664,3.0,0.006,24.16,0.001,-0.043,558.956,0.343,-0.535
00:00:30.635,1572925467915,0.073,-0.006,13.435,0.664,3.0,0.005,24.161,0.001,-0.043,559.359,0.342,-0.535
00:00:30.636,1572925467916,0.073,-0.006,13.435,0.664,3.0,0.005,24.163,0.001,-0.043,559.761,0.341,-0.535
00:00:30.684,1572925467964,0.073,-0.005,13.655,0.664,3.0,0.005,24.164,0.001,-0.043,560.164,0.341,-0.535
00:00:30.685,1572925467965,0.073,-0.005,13.655,0.664,3.0,0.005,24.165,0.001,-0.043,560.567,0.34,-0.535
00:00:30.686,1572925467966,0.07400000000000001,-0.005,13.655,0.664,3.0,0.005,24.166,0.001,-0.043,560.97,0.34,-0.535
00:00:30.734,1572925468014,0.076,-0.005,13.655,0.664,3.0,0.005,24.16800000000001,0.001,-0.042,561.372,0.339,-0.535
00:00:30.735,1572925468015,0.078,-0.004,13.655,0.664,3.0,0.005,24.169,0.001,-0.042,561.775,0.339,-0.535
00:00:30.736,1572925468016,0.079,-0.004,13.655,0.664,3.0,0.005,24.17,0.001,-0.042,562.178,0.338,-0.535
00:00:30.786,1572925468066,0.081,-0.003,13.435,0.664,3.0,0.004,24.172,0.001,-0.042,562.581,0.338,-0.535
00:00:30.787,1572925468067,0.081,-0.003,13.435,0.664,3.0,0.004,24.173,0.001,-0.042,562.984,0.337,-0.535
00:00:30.788,1572925468068,0.08,-0.002,13.435,0.664,3.0,0.004,24.174,0.001,-0.042,563.387,0.337,-0.535
00:00:30.848,1572925468128,0.079,-0.001,13.435,0.664,3.0,0.004,24.176,0.001,-0.042,563.79,0.336,-0.535
00:00:30.849,1572925468129,0.076,0.0,13.435,0.664,3.0,0.004,24.177,0.0,-0.042,564.193,0.336,-0.535
00:00:30.850,1572925468130,0.07400000000000001,0.001,13.435,0.664,3.0,0.004,24.178,0.0,-0.042,564.596,0.335,-0.535
00:00:30.851,1572925468131,0.073,0.002,13.655,0.664,3.0,0.004,24.179,0.0,-0.042,564.999,0.335,-0.535
00:00:30.898,1572925468178,0.07200000000000001,0.003,13.655,0.664,3.0,0.004,24.18,0.0,-0.042,565.427,0.334,-0.535
00:00:30.899,1572925468179,0.073,0.004,13.655,0.664,3.0,0.003,24.182,0.0,-0.042,565.805,0.334,-0.535
00:00:30.900,1572925468180,0.075,0.006,13.655,0.664,3.0,0.003,24.183000000000003,0.0,-0.042,566.2080000000002,0.333,-0.535
00:00:30.950,1572925468230,0.077,0.006999999999999999,13.655,0.664,3.0,0.003,24.184,0.0,-0.042,566.611,0.333,-0.535
00:00:30.951,1572925468231,0.079,0.008,13.655,0.664,3.0,0.003,24.186,0.0,-0.042,567.039,0.332,-0.535
00:00:30.952,1572925468232,0.08,0.009000000000000001,13.435,0.664,3.0,0.003,24.187,0.0,-0.042,567.4169999999998,0.331,-0.535
00:00:31.001,1572925468281,0.081,0.01,13.435,0.664,3.0,0.002,24.188,0.0,-0.042,567.82,0.331,-0.535
00:00:31.002,1572925468282,0.08,0.011,13.435,0.664,3.0,0.002,24.19,0.0,-0.042,568.2230000000002,0.33,-0.535
00:00:31.003,1572925468283,0.078,0.012,13.435,0.664,3.0,0.002,24.191,0.0,-0.042,568.651,0.33,-0.535
00:00:31.051,1572925468331,0.076,0.013,13.435,0.664,3.0,0.002,24.192,0.0,-0.042,569.029,0.329,-0.535
00:00:31.052,1572925468332,0.07400000000000001,0.014,13.435,0.664,3.0,0.001,24.193,0.0,-0.042,569.433,0.329,-0.535
00:00:31.053,1572925468333,0.07200000000000001,0.014,13.655,0.664,3.0,0.001,24.19400000000001,0.0,-0.042,569.836,0.328,-0.535
00:00:31.101,1572925468381,0.07200000000000001,0.015,13.655,0.664,3.0,0.001,24.196,-0.001,-0.042,570.239,0.328,-0.535
00:00:31.102,1572925468382,0.07200000000000001,0.016,13.655,0.664,3.0,0.001,24.197,-0.001,-0.042,570.6419999999998,0.327,-0.535
00:00:31.103,1572925468383,0.07400000000000001,0.016,13.655,0.664,3.0,0.0,24.198,-0.001,-0.042,571.0459999999998,0.327,-0.535
00:00:31.152,1572925468432,0.076,0.017,13.655,0.664,3.0,0.0,24.199,-0.001,-0.042,571.4490000000002,0.326,-0.535
00:00:31.153,1572925468433,0.079,0.018000000000000002,13.655,0.664,3.0,0.0,24.201,-0.001,-0.042,571.852,0.326,-0.535
00:00:31.154,1572925468434,0.08,0.019,13.655,0.664,3.0,-0.001,24.202,-0.001,-0.042,572.256,0.326,-0.535
00:00:31.202,1572925468482,0.081,0.02,13.655,0.664,3.0,-0.001,24.20300000000001,-0.001,-0.042,572.659,0.325,-0.535
00:00:31.203,1572925468483,0.081,0.021,13.655,0.664,3.0,-0.001,24.205,-0.001,-0.042,573.062,0.325,-0.535
00:00:31.204,1572925468484,0.081,0.021,13.655,0.664,3.0,-0.001,24.206,-0.001,-0.042,573.466,0.324,-0.535
00:00:31.252,1572925468532,0.08,0.022,13.655,0.664,3.0,-0.002,24.208,-0.002,-0.042,573.869,0.324,-0.535
00:00:31.253,1572925468533,0.08,0.023,13.655,0.664,3.0,-0.002,24.209,-0.002,-0.042,574.273,0.32299999999999995,-0.535
00:00:31.254,1572925468534,0.08,0.024,13.655,0.664,3.0,-0.002,24.21,-0.002,-0.042,574.6759999999998,0.32299999999999995,-0.535
00:00:31.302,1572925468582,0.08,0.026,13.655,0.664,3.0,-0.002,24.211,-0.002,-0.042,575.08,0.322,-0.535
00:00:31.303,1572925468583,0.08,0.027000000000000003,13.655,0.664,3.0,-0.003,24.213,-0.002,-0.042,575.4830000000002,0.322,-0.535
00:00:31.304,1572925468584,0.08,0.028,13.655,0.664,3.0,-0.003,24.214,-0.002,-0.042,575.9119999999998,0.322,-0.535
00:00:31.354,1572925468634,0.08,0.03,13.655,0.664,3.0,-0.003,24.215,-0.002,-0.042,576.2909999999998,0.321,-0.535
00:00:31.355,1572925468635,0.08,0.031,13.655,0.664,3.0,-0.003,24.217,-0.002,-0.042,576.694,0.321,-0.535
00:00:31.356,1572925468636,0.08,0.033,13.655,0.664,3.0,-0.004,24.218000000000004,-0.002,-0.042,577.0980000000002,0.32,-0.535
00:00:31.404,1572925468684,0.08,0.034,13.655,0.664,3.0,-0.004,24.219,-0.002,-0.042,577.501,0.32,-0.535
00:00:31.405,1572925468685,0.08,0.035,13.655,0.664,3.0,-0.004,24.221,-0.002,-0.042,577.905,0.32,-0.535
00:00:31.406,1572925468686,0.08,0.036000000000000004,13.655,0.664,3.0,-0.005,24.222,-0.002,-0.042,578.309,0.319,-0.535
00:00:31.454,1572925468734,0.08,0.037000000000000005,13.655,0.664,3.0,-0.005,24.22300000000001,-0.002,-0.042,578.712,0.319,-0.535
00:00:31.455,1572925468735,0.08,0.038,13.655,0.664,3.0,-0.005,24.225,-0.002,-0.042,579.116,0.319,-0.535
00:00:31.456,1572925468736,0.079,0.039,13.655,0.664,3.0,-0.006,24.226,-0.002,-0.042,579.52,0.318,-0.535
00:00:31.510,1572925468790,0.079,0.04,13.655,0.664,3.0,-0.006,24.227,-0.002,-0.042,579.924,0.318,-0.535
00:00:31.511,1572925468791,0.079,0.04,13.655,0.664,3.0,-0.006,24.229,-0.002,-0.042,580.328,0.318,-0.535
00:00:31.512,1572925468792,0.079,0.041,13.655,0.664,3.0,-0.006999999999999999,24.23,-0.003,-0.042,580.731,0.317,-0.535
