rec-time,UTC,Acceleration,Lateral acceleration,Gas pedal position,Brake pedal force,Gear,Steering wheel position,Velocity,Lateral velocity,Vertical velocity,X axis position,Y axis position,Z axis position
00:00:01.054,1572871887288,0.0,0.0,0.983,172.532,3.0,-0.081,0.0,0.0,0.0,0.0,0.0,-0.527
00:00:01.055,1572871887289,0.0,0.0,0.983,172.532,3.0,-0.081,0.0,0.0,0.0,0.0,0.0,-0.527
00:00:01.056,1572871887290,0.0,0.0,0.983,172.532,3.0,-0.081,0.0,0.0,0.0,0.0,0.0,-0.527
00:00:01.105,1572871887339,0.0,0.0,0.983,172.532,3.0,-0.081,0.0,0.0,0.0,0.0,0.0,-0.527
00:00:01.106,1572871887340,0.0,0.0,0.983,172.532,3.0,-0.081,0.0,0.0,0.0,0.0,0.0,-0.527
00:00:01.107,1572871887341,0.0,0.0,0.983,172.532,3.0,-0.081,0.0,0.0,0.0,0.0,0.0,-0.527
00:00:01.155,1572871887389,0.0,0.0,0.983,171.83700000000005,3.0,-0.081,0.0,0.0,0.0,0.0,0.0,-0.527
00:00:01.156,1572871887390,0.0,0.0,0.983,171.83700000000005,3.0,-0.081,0.0,0.0,0.0,0.0,0.0,-0.527
00:00:01.157,1572871887391,0.0,0.0,0.983,171.83700000000005,3.0,-0.081,0.0,0.0,0.0,0.0,0.0,-0.527
00:00:01.208,1572871887442,0.0,0.0,0.983,171.83700000000005,3.0,-0.081,0.0,0.0,0.0,0.0,0.0,-0.527
00:00:01.209,1572871887443,0.0,0.0,0.983,171.83700000000005,3.0,-0.081,0.0,0.0,0.0,0.0,0.0,-0.527
00:00:01.210,1572871887444,0.0,0.0,0.983,171.83700000000005,3.0,-0.081,0.0,0.0,0.0,0.0,0.0,-0.527
00:00:01.256,1572871887490,0.0,0.0,0.983,170.213,3.0,-0.081,0.0,0.0,0.0,0.0,0.0,-0.527
00:00:01.257,1572871887491,0.0,0.0,0.983,170.213,3.0,-0.081,0.0,0.0,0.0,0.0,0.0,-0.527
00:00:01.258,1572871887492,0.0,0.0,0.983,170.213,3.0,-0.081,0.0,0.0,0.0,0.0,0.0,-0.527
00:00:01.324,1572871887558,0.0,0.0,0.983,170.213,3.0,-0.081,0.0,0.0,0.0,0.0,0.0,-0.527
00:00:01.325,1572871887559,0.0,0.0,0.983,170.213,3.0,-0.081,0.0,0.0,0.0,0.0,0.0,-0.527
00:00:01.326,1572871887560,0.0,0.0,0.983,170.213,3.0,-0.081,0.0,0.0,0.0,0.0,0.0,-0.527
00:00:01.363,1572871887597,0.0,0.0,0.983,142.844,3.0,-0.081,0.0,0.0,0.0,0.0,0.0,-0.527
00:00:01.364,1572871887598,0.0,0.0,0.983,142.844,3.0,-0.081,0.0,0.0,0.0,0.0,0.0,-0.527
00:00:01.365,1572871887599,0.0,0.0,0.983,142.844,3.0,-0.081,0.0,0.0,0.0,0.0,0.0,-0.527
00:00:01.413,1572871887647,0.0,0.0,0.983,142.844,3.0,-0.081,0.0,0.0,0.0,0.0,0.0,-0.527
00:00:01.414,1572871887648,0.0,0.0,0.983,142.844,3.0,-0.081,0.0,0.0,0.0,0.0,0.0,-0.527
00:00:01.415,1572871887649,0.0,0.0,0.983,142.844,3.0,-0.081,0.0,0.0,0.0,0.0,0.0,-0.527
00:00:01.465,1572871887699,0.0,0.0,0.983,84.395,2.0,-0.081,0.0,0.0,0.0,0.0,0.0,-0.527
00:00:01.466,1572871887700,0.0,0.0,0.983,84.395,2.0,-0.081,0.0,0.0,0.0,0.0,0.0,-0.527
00:00:01.467,1572871887701,0.0,0.0,0.983,84.395,2.0,-0.081,0.0,0.0,0.0,0.0,0.0,-0.527
00:00:01.515,1572871887749,0.0,0.0,0.983,84.395,2.0,-0.081,0.0,0.0,0.0,0.0,0.0,-0.527
00:00:01.516,1572871887750,0.0,0.0,0.983,84.395,2.0,-0.081,0.0,0.0,0.0,0.0,0.0,-0.527
00:00:01.517,1572871887751,0.0,0.0,0.983,84.395,2.0,-0.081,0.0,0.0,0.0,0.0,0.0,-0.527
00:00:01.518,1572871887752,0.0,0.0,0.983,19.22,3.0,-0.081,0.0,0.0,0.0,0.0,0.0,-0.527
00:00:01.566,1572871887800,0.0,0.0,0.983,19.22,3.0,-0.081,0.0,0.0,0.0,0.0,0.0,-0.527
00:00:01.567,1572871887801,0.0,0.0,0.983,19.22,3.0,-0.081,0.0,0.0,0.0,0.0,0.0,-0.527
00:00:01.568,1572871887802,0.0,0.0,0.983,19.22,3.0,-0.081,0.0,0.0,0.0,0.0,0.0,-0.527
00:00:01.617,1572871887851,0.0,0.0,0.983,19.22,3.0,-0.081,0.0,0.0,0.0,0.0,0.0,-0.527
00:00:01.618,1572871887852,0.0,0.0,0.983,19.22,3.0,-0.081,0.0,0.0,0.0,0.0,0.0,-0.527
00:00:01.619,1572871887853,0.001,0.0,0.983,4.375,3.0,-0.081,0.0,0.0,0.0,0.0,0.0,-0.527
00:00:01.667,1572871887901,0.001,0.0,0.983,4.375,3.0,-0.081,0.0,0.0,0.0,0.0,0.0,-0.527
00:00:01.668,1572871887902,-0.001,0.0,0.983,4.375,3.0,-0.081,0.0,0.0,0.0,0.0,0.0,-0.527
00:00:01.669,1572871887903,-0.004,0.0,0.983,4.375,3.0,-0.081,0.0,0.0,0.0,0.0,0.0,-0.527
00:00:01.717,1572871887951,-0.006,0.0,0.983,4.375,3.0,-0.081,0.0,0.0,0.0,0.0,0.0,-0.527
00:00:01.718,1572871887952,-0.008,0.0,0.983,4.375,3.0,-0.081,0.0,0.0,0.0,0.0,0.0,-0.527
00:00:01.719,1572871887953,-0.001,0.0,0.983,0.664,3.0,-0.081,0.0,0.0,-0.001,0.0,0.0,-0.527
00:00:01.769,1572871888003,0.092,-0.001,0.983,0.664,3.0,-0.081,0.003,0.0,-0.004,0.0,0.0,-0.527
00:00:01.770,1572871888004,0.16,-0.001,0.983,0.664,3.0,-0.081,0.006999999999999999,0.0,-0.006999999999999999,0.0,0.0,-0.527
00:00:01.771,1572871888005,0.194,-0.001,0.983,0.664,3.0,-0.081,0.01,0.0,-0.01,0.0,0.0,-0.527
00:00:01.820,1572871888054,0.212,-0.001,0.983,0.664,3.0,-0.081,0.014,0.0,-0.013,0.0,0.0,-0.527
00:00:01.821,1572871888055,0.226,-0.001,0.983,0.664,3.0,-0.081,0.018000000000000002,0.0,-0.015,0.0,0.0,-0.527
00:00:01.822,1572871888056,0.238,-0.001,0.983,0.664,3.0,-0.081,0.022,0.0,-0.017,0.001,0.0,-0.528
00:00:01.871,1572871888105,0.251,-0.001,0.983,0.664,3.0,-0.081,0.026,0.0,-0.018000000000000002,0.001,0.0,-0.528
00:00:01.872,1572871888106,0.265,-0.001,0.983,0.664,3.0,-0.081,0.031,0.0,-0.019,0.002,0.0,-0.528
00:00:01.873,1572871888107,0.278,-0.001,0.983,0.664,3.0,-0.081,0.036000000000000004,0.0,-0.019,0.002,0.0,-0.529
00:00:01.929,1572871888163,0.292,-0.001,0.983,0.664,3.0,-0.081,0.041,0.0,-0.019,0.003,0.0,-0.529
00:00:01.930,1572871888164,0.306,-0.001,0.983,0.664,3.0,-0.081,0.046,0.0,-0.018000000000000002,0.003,0.0,-0.529
00:00:01.931,1572871888165,0.32,-0.001,0.983,0.664,3.0,-0.081,0.052000000000000005,0.0,-0.017,0.004,0.0,-0.53
00:00:01.979,1572871888213,0.333,-0.001,0.983,0.664,3.0,-0.081,0.057,0.0,-0.016,0.005,0.0,-0.53
00:00:01.980,1572871888214,0.34600000000000003,-0.001,0.983,0.664,3.0,-0.081,0.063,0.0,-0.015,0.006,0.0,-0.53
00:00:01.981,1572871888215,0.359,-0.001,0.983,0.664,3.0,-0.081,0.069,0.0,-0.014,0.006999999999999999,0.0,-0.53
00:00:02.023,1572871888257,0.3720000000000001,-0.001,0.983,0.664,3.0,-0.081,0.076,0.0,-0.013,0.008,0.0,-0.531
00:00:02.024,1572871888258,0.384,-0.001,0.983,0.664,3.0,-0.081,0.08199999999999999,0.0,-0.012,0.01,0.0,-0.531
00:00:02.025,1572871888259,0.396,-0.001,0.983,0.664,3.0,-0.081,0.08900000000000001,0.0,-0.011,0.011,0.0,-0.531
00:00:02.073,1572871888307,0.407,-0.001,0.983,0.664,3.0,-0.081,0.096,0.0,-0.009000000000000001,0.013,0.0,-0.531
00:00:02.074,1572871888308,0.418,-0.001,0.983,0.664,3.0,-0.081,0.103,0.0,-0.008,0.014,0.0,-0.531
00:00:02.075,1572871888309,0.429,-0.001,0.983,0.664,3.0,-0.081,0.11,0.0,-0.006999999999999999,0.016,0.0,-0.531
00:00:02.130,1572871888364,0.438,-0.002,0.983,0.664,3.0,-0.081,0.117,0.0,-0.006,0.018000000000000002,0.0,-0.531
00:00:02.131,1572871888365,0.448,-0.002,0.983,0.664,3.0,-0.081,0.126,0.0,-0.005,0.02,0.0,-0.532
00:00:02.132,1572871888366,0.457,-0.002,1.276,0.664,3.0,-0.081,0.133,-0.001,-0.004,0.022,0.0,-0.532
00:00:02.174,1572871888408,0.466,-0.002,1.276,0.664,3.0,-0.081,0.141,-0.001,-0.003,0.025,0.0,-0.532
00:00:02.175,1572871888409,0.477,-0.002,1.276,0.664,3.0,-0.081,0.149,-0.001,-0.003,0.027000000000000003,0.0,-0.532
00:00:02.176,1572871888410,0.489,-0.002,1.276,0.664,3.0,-0.081,0.158,-0.001,-0.002,0.03,0.0,-0.532
00:00:02.233,1572871888467,0.501,-0.002,1.276,0.664,3.0,-0.081,0.166,-0.001,-0.001,0.032,0.0,-0.532
00:00:02.234,1572871888468,0.514,-0.002,1.276,0.664,3.0,-0.081,0.175,-0.001,-0.001,0.035,0.0,-0.532
00:00:02.235,1572871888469,0.527,-0.002,5.4510000000000005,0.664,3.0,-0.081,0.184,-0.001,0.0,0.038,0.0,-0.532
00:00:02.288,1572871888522,0.5479999999999999,-0.002,5.4510000000000005,0.664,3.0,-0.081,0.193,-0.001,0.001,0.041,0.0,-0.532
00:00:02.289,1572871888523,0.6,-0.002,5.4510000000000005,0.664,3.0,-0.081,0.204,-0.001,0.001,0.045,0.0,-0.532
00:00:02.290,1572871888524,0.6859999999999999,-0.002,5.4510000000000005,0.664,3.0,-0.081,0.217,-0.001,0.002,0.048,0.0,-0.532
00:00:02.291,1572871888525,0.7979999999999999,-0.003,5.4510000000000005,0.664,3.0,-0.081,0.232,-0.001,0.003,0.052000000000000005,0.0,-0.532
00:00:02.332,1572871888566,0.919,-0.003,5.4510000000000005,0.664,3.0,-0.081,0.249,-0.001,0.003,0.056,0.0,-0.532
00:00:02.333,1572871888567,1.038,-0.004,16.292,0.664,3.0,-0.081,0.268,-0.001,0.004,0.06,0.0,-0.532
00:00:02.334,1572871888568,1.172,-0.004,16.292,0.664,3.0,-0.081,0.29,-0.001,0.006,0.065,0.0,-0.532
00:00:02.382,1572871888616,1.384,-0.005,16.292,0.664,3.0,-0.08199999999999999,0.316,-0.001,0.006999999999999999,0.07,0.0,-0.532
00:00:02.383,1572871888617,1.689,-0.006,16.292,0.664,3.0,-0.08199999999999999,0.349,-0.001,0.009000000000000001,0.075,0.0,-0.531
00:00:02.384,1572871888618,2.055,-0.006999999999999999,16.292,0.664,3.0,-0.08199999999999999,0.389,-0.001,0.011,0.081,0.0,-0.531
00:00:02.433,1572871888667,2.436,-0.009000000000000001,16.292,0.664,3.0,-0.08199999999999999,0.435,-0.002,0.013,0.08800000000000001,0.0,-0.531
00:00:02.434,1572871888668,2.7910000000000004,-0.01,22.298,0.664,3.0,-0.08199999999999999,0.486,-0.002,0.016,0.096,0.0,-0.531
00:00:02.435,1572871888669,3.105,-0.011,22.298,0.664,3.0,-0.08199999999999999,0.542,-0.002,0.018000000000000002,0.105,0.0,-0.531
00:00:02.482,1572871888716,3.419,-0.012,22.298,0.664,3.0,-0.08199999999999999,0.603,-0.002,0.021,0.114,0.0,-0.53
00:00:02.483,1572871888717,3.737,-0.014,22.298,0.664,3.0,-0.08199999999999999,0.67,-0.002,0.024,0.125,0.0,-0.53
00:00:02.484,1572871888718,4.034,-0.015,22.298,0.664,3.0,-0.083,0.741,-0.003,0.027000000000000003,0.136,-0.001,-0.53
00:00:02.532,1572871888766,4.282,-0.016,22.298,0.664,3.0,-0.083,0.815,-0.003,0.029,0.149,-0.001,-0.529
00:00:02.533,1572871888767,4.466,-0.016,24.788,0.664,3.0,-0.083,0.892,-0.003,0.032,0.16399999999999998,-0.001,-0.529
00:00:02.534,1572871888768,4.589,-0.017,24.788,0.664,3.0,-0.084,0.97,-0.003,0.034,0.179,-0.001,-0.529
00:00:02.583,1572871888817,4.662,-0.017,24.788,0.664,3.0,-0.084,1.048,-0.004,0.037000000000000005,0.196,-0.001,-0.528
00:00:02.584,1572871888818,4.7,-0.017,24.788,0.664,3.0,-0.084,1.127,-0.004,0.039,0.214,-0.001,-0.528
00:00:02.585,1572871888819,4.711,-0.017,24.788,0.664,3.0,-0.084,1.205,-0.004,0.04,0.233,-0.001,-0.528
00:00:02.634,1572871888868,4.703,-0.018000000000000002,24.788,0.664,3.0,-0.085,1.283,-0.004,0.042,0.254,-0.001,-0.527
00:00:02.635,1572871888869,4.685,-0.018000000000000002,25.301,0.664,3.0,-0.085,1.361,-0.005,0.043,0.276,-0.001,-0.527
00:00:02.636,1572871888870,4.6610000000000005,-0.018000000000000002,25.301,0.664,3.0,-0.085,1.4380000000000002,-0.005,0.043,0.3,-0.001,-0.527
00:00:02.685,1572871888919,4.635,-0.018000000000000002,25.301,0.664,3.0,-0.085,1.515,-0.005,0.044,0.324,-0.001,-0.527
00:00:02.686,1572871888920,4.607,-0.019,25.301,0.664,3.0,-0.086,1.591,-0.005,0.044,0.35,-0.001,-0.527
00:00:02.687,1572871888921,4.575,-0.02,25.301,0.664,3.0,-0.086,1.6669999999999998,-0.006,0.044,0.377,-0.001,-0.527
00:00:02.736,1572871888970,4.542,-0.021,25.301,0.664,3.0,-0.087,1.742,-0.006,0.043,0.406,-0.002,-0.527
00:00:02.737,1572871888971,4.509,-0.022,26.985,0.664,3.0,-0.087,1.817,-0.006,0.043,0.435,-0.002,-0.527
00:00:02.738,1572871888972,4.477,-0.022,26.985,0.664,3.0,-0.08800000000000001,1.891,-0.006,0.043,0.466,-0.002,-0.527
00:00:02.786,1572871889020,4.452,-0.023,26.985,0.664,3.0,-0.08800000000000001,1.965,-0.006999999999999999,0.042,0.498,-0.002,-0.527
00:00:02.787,1572871889021,4.432,-0.024,26.985,0.664,3.0,-0.08800000000000001,2.039,-0.006999999999999999,0.041,0.532,-0.002,-0.527
00:00:02.788,1572871889022,4.415,-0.024,26.985,0.664,3.0,-0.08800000000000001,2.112,-0.006999999999999999,0.041,0.5660000000000001,-0.002,-0.528
00:00:02.836,1572871889070,4.397,-0.024,26.985,0.664,3.0,-0.08800000000000001,2.185,-0.006999999999999999,0.042,0.602,-0.002,-0.528
00:00:02.837,1572871889071,4.376,-0.024,27.791,0.664,3.0,-0.08800000000000001,2.258,-0.008,0.043,0.639,-0.003,-0.528
00:00:02.838,1572871889072,4.351,-0.024,27.791,0.664,3.0,-0.08800000000000001,2.33,-0.008,0.044,0.677,-0.003,-0.529
00:00:02.886,1572871889120,4.3260000000000005,-0.024,27.791,0.664,3.0,-0.08800000000000001,2.402,-0.008,0.047,0.7170000000000001,-0.003,-0.529
00:00:02.887,1572871889121,4.301,-0.024,27.791,0.664,3.0,-0.08800000000000001,2.4730000000000003,-0.008,0.049,0.758,-0.003,-0.529
00:00:02.888,1572871889122,4.273,-0.025,27.791,0.664,3.0,-0.08800000000000001,2.544,-0.009000000000000001,0.052000000000000005,0.799,-0.003,-0.53
00:00:02.937,1572871889171,4.239,-0.025,27.791,0.664,3.0,-0.08800000000000001,2.614,-0.009000000000000001,0.055,0.8420000000000001,-0.004,-0.53
00:00:02.938,1572871889172,4.202,-0.026,32.772,0.664,3.0,-0.08800000000000001,2.6830000000000003,-0.009000000000000001,0.059,0.887,-0.004,-0.53
00:00:02.939,1572871889173,4.17,-0.027000000000000003,32.772,0.664,3.0,-0.08800000000000001,2.753,-0.009000000000000001,0.062,0.932,-0.004,-0.53
00:00:02.987,1572871889221,4.152,-0.028,32.772,0.664,3.0,-0.08800000000000001,2.822,-0.009000000000000001,0.066,0.978,-0.004,-0.53
00:00:02.988,1572871889222,4.147,-0.029,32.772,0.664,3.0,-0.08800000000000001,2.891,-0.01,0.069,1.026,-0.005,-0.53
00:00:02.989,1572871889223,4.147,-0.029,32.772,0.664,3.0,-0.08800000000000001,2.96,-0.01,0.073,1.075,-0.005,-0.53
00:00:03.038,1572871889272,4.147,-0.03,32.772,0.664,3.0,-0.08800000000000001,3.029,-0.01,0.076,1.125,-0.005,-0.53
00:00:03.039,1572871889273,4.142,-0.031,34.456,0.664,3.0,-0.08800000000000001,3.0980000000000003,-0.01,0.079,1.176,-0.005,-0.53
00:00:03.040,1572871889274,4.131,-0.032,34.456,0.664,3.0,-0.08800000000000001,3.167,-0.011,0.081,1.228,-0.006,-0.53
00:00:03.089,1572871889323,4.117,-0.033,34.456,0.664,3.0,-0.08800000000000001,3.235,-0.011,0.084,1.281,-0.006,-0.53
00:00:03.090,1572871889324,4.099,-0.034,34.456,0.664,3.0,-0.08800000000000001,3.303,-0.011,0.085,1.336,-0.006,-0.53
00:00:03.091,1572871889325,4.075,-0.035,34.456,0.664,3.0,-0.08800000000000001,3.3710000000000004,-0.011,0.087,1.391,-0.006999999999999999,-0.53
00:00:03.139,1572871889373,4.047,-0.036000000000000004,34.456,0.664,3.0,-0.08800000000000001,3.438,-0.011,0.08800000000000001,1.4480000000000002,-0.006999999999999999,-0.53
00:00:03.140,1572871889374,4.017,-0.037000000000000005,35.115,0.664,3.0,-0.08800000000000001,3.504,-0.012,0.08900000000000001,1.506,-0.006999999999999999,-0.529
00:00:03.141,1572871889375,3.987,-0.038,35.115,0.664,3.0,-0.08800000000000001,3.57,-0.012,0.09,1.565,-0.008,-0.529
00:00:03.199,1572871889433,3.958,-0.038,35.115,0.664,3.0,-0.08800000000000001,3.636,-0.012,0.09,1.625,-0.008,-0.529
00:00:03.200,1572871889434,3.932,-0.039,35.115,0.664,3.0,-0.08800000000000001,3.701,-0.012,0.09,1.686,-0.009000000000000001,-0.529
00:00:03.201,1572871889435,3.907,-0.04,35.115,0.664,3.0,-0.087,3.766,-0.012,0.09,1.7480000000000002,-0.009000000000000001,-0.528
00:00:03.241,1572871889475,3.884,-0.04,35.115,0.664,3.0,-0.087,3.831,-0.013,0.08900000000000001,1.812,-0.009000000000000001,-0.528
00:00:03.242,1572871889476,3.862,-0.041,36.653,0.664,3.0,-0.087,3.895,-0.013,0.08900000000000001,1.876,-0.01,-0.528
00:00:03.243,1572871889477,3.84,-0.041,36.653,0.664,3.0,-0.087,3.958,-0.013,0.08800000000000001,1.942,-0.01,-0.528
00:00:03.296,1572871889530,3.821,-0.042,36.653,0.664,3.0,-0.086,4.022,-0.013,0.08800000000000001,2.008,-0.011,-0.528
00:00:03.297,1572871889531,3.804,-0.043,36.653,0.664,3.0,-0.086,4.085,-0.013,0.087,2.076,-0.011,-0.528
00:00:03.298,1572871889532,3.788,-0.043,36.653,0.664,3.0,-0.086,4.148,-0.014,0.086,2.144,-0.012,-0.528
00:00:03.349,1572871889583,3.771,-0.044,36.653,0.664,3.0,-0.085,4.211,-0.014,0.086,2.214,-0.012,-0.528
00:00:03.350,1572871889584,3.751,-0.045,37.825,0.664,3.0,-0.085,4.273,-0.014,0.085,2.285,-0.013,-0.528
00:00:03.351,1572871889585,3.731,-0.045,37.825,0.664,3.0,-0.085,4.335,-0.014,0.085,2.356,-0.014,-0.528
00:00:03.394,1572871889628,3.712,-0.046,37.825,0.664,3.0,-0.084,4.392,-0.014,0.084,2.425,-0.014,-0.528
00:00:03.395,1572871889629,3.695,-0.046,37.825,0.664,3.0,-0.084,4.45,-0.014,0.084,2.494,-0.015,-0.528
00:00:03.396,1572871889630,3.678,-0.047,37.825,0.664,3.0,-0.084,4.511,-0.014,0.084,2.568,-0.015,-0.528
00:00:03.443,1572871889677,3.659,-0.047,37.825,0.664,3.0,-0.083,4.572,-0.014,0.084,2.644,-0.016,-0.528
00:00:03.444,1572871889678,3.641,-0.047,39.51,0.664,3.0,-0.083,4.632,-0.014,0.084,2.721,-0.017,-0.528
00:00:03.445,1572871889679,3.623,-0.047,39.51,0.664,3.0,-0.08199999999999999,4.692,-0.014,0.084,2.799,-0.017,-0.528
00:00:03.494,1572871889728,3.607,-0.047,39.51,0.664,3.0,-0.081,4.752,-0.015,0.085,2.877,-0.018000000000000002,-0.528
00:00:03.495,1572871889729,3.593,-0.047,39.51,0.664,3.0,-0.081,4.812,-0.015,0.086,2.957,-0.019,-0.528
00:00:03.496,1572871889730,3.5810000000000004,-0.046,39.51,0.664,3.0,-0.08,4.871,-0.015,0.087,3.0380000000000003,-0.019,-0.528
00:00:03.546,1572871889780,3.567,-0.046,39.51,0.664,3.0,-0.08,4.931,-0.015,0.08800000000000001,3.119,-0.02,-0.529
00:00:03.547,1572871889781,3.552,-0.045,39.949,0.664,3.0,-0.079,4.99,-0.015,0.08900000000000001,3.202,-0.021,-0.529
00:00:03.548,1572871889782,3.536,-0.045,39.949,0.664,3.0,-0.078,5.048,-0.014,0.09,3.286,-0.022,-0.529
00:00:03.596,1572871889830,3.52,-0.044,39.949,0.664,3.0,-0.077,5.107,-0.014,0.092,3.37,-0.023,-0.529
00:00:03.597,1572871889831,3.503,-0.044,39.949,0.664,3.0,-0.077,5.165,-0.014,0.093,3.4560000000000004,-0.023,-0.529
00:00:03.598,1572871889832,3.485,-0.043,39.949,0.664,3.0,-0.076,5.223,-0.014,0.095,3.543,-0.024,-0.529
00:00:03.645,1572871889879,3.464,-0.043,39.949,0.664,3.0,-0.075,5.28,-0.014,0.096,3.63,-0.025,-0.529
00:00:03.646,1572871889880,3.44,-0.042,42.0,0.664,3.0,-0.075,5.3370000000000015,-0.014,0.097,3.719,-0.026,-0.529
00:00:03.647,1572871889881,3.417,-0.042,42.0,0.664,3.0,-0.07400000000000001,5.394,-0.014,0.099,3.808,-0.027000000000000003,-0.529
00:00:03.695,1572871889929,3.398,-0.042,42.0,0.664,3.0,-0.073,5.45,-0.014,0.1,3.898,-0.028,-0.53
00:00:03.696,1572871889930,3.383,-0.043,42.0,0.664,3.0,-0.073,5.506,-0.014,0.101,3.99,-0.029,-0.53
00:00:03.697,1572871889931,3.3710000000000004,-0.043,42.0,0.664,3.0,-0.07200000000000001,5.562,-0.014,0.103,4.082,-0.03,-0.53
00:00:03.745,1572871889979,3.361,-0.044,42.0,0.664,3.0,-0.071,5.6179999999999986,-0.014,0.104,4.175,-0.031,-0.53
00:00:03.746,1572871889980,3.35,-0.045,42.659,0.664,3.0,-0.071,5.674,-0.013,0.105,4.269,-0.032,-0.53
00:00:03.747,1572871889981,3.338,-0.046,42.659,0.664,3.0,-0.07,5.73,-0.013,0.106,4.364,-0.033,-0.53
00:00:03.808,1572871890042,3.326,-0.047,42.659,0.664,3.0,-0.069,5.785,-0.013,0.107,4.46,-0.034,-0.53
00:00:03.809,1572871890043,3.314,-0.047,42.659,0.664,3.0,-0.068,5.84,-0.013,0.108,4.557,-0.035,-0.53
00:00:03.810,1572871890044,3.301,-0.047,42.659,0.664,3.0,-0.067,5.895,-0.013,0.109,4.655,-0.036000000000000004,-0.53
00:00:03.855,1572871890089,3.287,-0.046,42.659,0.664,3.0,-0.066,5.949,-0.013,0.11,4.754,-0.037000000000000005,-0.53
00:00:03.856,1572871890090,3.272,-0.045,42.659,0.664,3.0,-0.064,6.004,-0.013,0.111,4.853,-0.038,-0.53
00:00:03.857,1572871890091,3.257,-0.043,42.659,0.664,3.0,-0.063,6.058,-0.013,0.112,4.954,-0.039,-0.53
00:00:03.858,1572871890092,3.24,-0.041,42.659,0.664,3.0,-0.062,6.1110000000000015,-0.013,0.113,5.055,-0.041,-0.53
00:00:03.898,1572871890132,3.2230000000000003,-0.038,42.659,0.664,3.0,-0.061,6.165,-0.012,0.113,5.157,-0.042,-0.53
00:00:03.899,1572871890133,3.2060000000000004,-0.036000000000000004,42.659,0.664,3.0,-0.059,6.218,-0.012,0.114,5.261,-0.043,-0.53
00:00:03.900,1572871890134,3.19,-0.034,42.659,0.664,3.0,-0.058,6.271,-0.012,0.114,5.365,-0.044,-0.53
00:00:03.948,1572871890182,3.173,-0.031,42.806,0.664,3.0,-0.057,6.324,-0.011,0.115,5.47,-0.045,-0.53
00:00:03.949,1572871890183,3.157,-0.03,42.806,0.664,3.0,-0.056,6.376,-0.011,0.115,5.5760000000000005,-0.047,-0.53
00:00:03.950,1572871890184,3.141,-0.028,42.806,0.664,3.0,-0.055,6.428,-0.011,0.115,5.682,-0.048,-0.53
00:00:04.003,1572871890237,3.1260000000000003,-0.027000000000000003,42.806,0.664,3.0,-0.054000000000000006,6.48,-0.01,0.115,5.79,-0.049,-0.529
00:00:04.004,1572871890238,3.11,-0.027000000000000003,42.806,0.664,3.0,-0.054000000000000006,6.532,-0.01,0.115,5.898,-0.051,-0.529
00:00:04.005,1572871890239,3.095,-0.027000000000000003,42.806,0.664,3.0,-0.053,6.5829999999999975,-0.01,0.115,6.007999999999999,-0.052000000000000005,-0.529
00:00:04.049,1572871890283,3.08,-0.027000000000000003,42.952,0.664,3.0,-0.052000000000000005,6.634,-0.009000000000000001,0.115,6.1179999999999986,-0.053,-0.529
00:00:04.050,1572871890284,3.065,-0.027000000000000003,42.952,0.664,3.0,-0.051,6.685,-0.009000000000000001,0.115,6.229,-0.055,-0.529
00:00:04.051,1572871890285,3.05,-0.027000000000000003,42.952,0.664,3.0,-0.05,6.7360000000000015,-0.009000000000000001,0.115,6.341,-0.056,-0.529
00:00:04.099,1572871890333,3.035,-0.027000000000000003,42.952,0.664,3.0,-0.049,6.7860000000000005,-0.009000000000000001,0.114,6.4529999999999985,-0.057,-0.529
00:00:04.100,1572871890334,3.022,-0.026,42.952,0.664,3.0,-0.048,6.8370000000000015,-0.008,0.114,6.567,-0.059,-0.529
00:00:04.101,1572871890335,3.009,-0.025,42.952,0.664,3.0,-0.047,6.8870000000000005,-0.008,0.114,6.681,-0.06,-0.529
00:00:04.149,1572871890383,2.998,-0.023,43.612,0.664,3.0,-0.045,6.936,-0.008,0.114,6.796,-0.062,-0.529
00:00:04.150,1572871890384,2.986,-0.02,43.612,0.664,3.0,-0.044,6.9860000000000015,-0.008,0.113,6.912000000000001,-0.063,-0.529
00:00:04.151,1572871890385,2.9760000000000004,-0.017,43.612,0.664,3.0,-0.042,7.035,-0.006999999999999999,0.113,7.029,-0.065,-0.529
00:00:04.200,1572871890434,2.967,-0.013,43.612,0.664,3.0,-0.041,7.085,-0.006999999999999999,0.113,7.147,-0.066,-0.529
00:00:04.201,1572871890435,2.957,-0.008,43.612,0.664,3.0,-0.039,7.134,-0.006,0.112,7.265,-0.068,-0.529
00:00:04.202,1572871890436,2.948,-0.002,43.612,0.664,3.0,-0.037000000000000005,7.183,-0.006,0.112,7.385,-0.069,-0.529
00:00:04.252,1572871890486,2.938,0.004,43.831,0.664,3.0,-0.035,7.232,-0.005,0.112,7.505,-0.071,-0.529
00:00:04.253,1572871890487,2.927,0.01,43.831,0.664,3.0,-0.034,7.28,-0.004,0.112,7.626,-0.07200000000000001,-0.529
00:00:04.254,1572871890488,2.9160000000000004,0.016,43.831,0.664,3.0,-0.032,7.329,-0.004,0.112,7.747999999999997,-0.07400000000000001,-0.529
00:00:04.302,1572871890536,2.905,0.021,43.831,0.664,3.0,-0.031,7.377000000000002,-0.003,0.111,7.87,-0.075,-0.529
00:00:04.303,1572871890537,2.89,0.026,43.831,0.664,3.0,-0.03,7.425,-0.002,0.111,7.994,-0.077,-0.529
00:00:04.304,1572871890538,2.8710000000000004,0.031,43.831,0.664,3.0,-0.029,7.473,-0.001,0.111,8.118,-0.078,-0.529
00:00:04.362,1572871890596,2.853,0.035,44.124,0.664,3.0,-0.028,7.52,-0.001,0.111,8.243,-0.08,-0.529
00:00:04.363,1572871890597,2.839,0.038,44.124,0.664,3.0,-0.027000000000000003,7.567,0.0,0.111,8.368,-0.081,-0.529
00:00:04.364,1572871890598,2.8310000000000004,0.04,44.124,0.664,3.0,-0.026,7.614,0.001,0.112,8.495,-0.083,-0.529
00:00:04.407,1572871890641,2.8280000000000003,0.043,44.124,0.664,3.0,-0.025,7.661,0.001,0.112,8.622,-0.084,-0.529
00:00:04.408,1572871890642,2.8280000000000003,0.045,44.124,0.664,3.0,-0.025,7.709,0.002,0.112,8.75,-0.086,-0.529
00:00:04.409,1572871890643,2.8280000000000003,0.047,44.124,0.664,3.0,-0.024,7.756,0.003,0.112,8.879,-0.08800000000000001,-0.53
00:00:04.458,1572871890692,2.827,0.049,44.637,0.664,3.0,-0.023,7.803,0.003,0.113,9.009,-0.08900000000000001,-0.53
00:00:04.459,1572871890693,2.826,0.052000000000000005,44.637,0.664,3.0,-0.022,7.85,0.004,0.113,9.139,-0.091,-0.53
00:00:04.460,1572871890694,2.824,0.054000000000000006,44.637,0.664,3.0,-0.021,7.897,0.004,0.114,9.27,-0.092,-0.53
00:00:04.508,1572871890742,2.823,0.057,44.637,0.664,3.0,-0.02,7.944,0.005,0.114,9.402,-0.094,-0.53
00:00:04.509,1572871890743,2.822,0.06,44.637,0.664,3.0,-0.019,7.994,0.005,0.115,9.544,-0.095,-0.53
00:00:04.510,1572871890744,2.821,0.063,44.637,0.664,3.0,-0.018000000000000002,8.038,0.006,0.116,9.669,-0.097,-0.53
00:00:04.563,1572871890797,2.819,0.067,45.15,0.664,3.0,-0.017,8.085,0.006,0.116,9.803,-0.098,-0.53
00:00:04.564,1572871890798,2.817,0.07,45.15,0.664,3.0,-0.015,8.135,0.006999999999999999,0.117,9.947,-0.1,-0.53
00:00:04.565,1572871890799,2.815,0.07400000000000001,45.15,0.664,3.0,-0.014,8.179,0.006999999999999999,0.118,10.074,-0.101,-0.53
00:00:04.611,1572871890845,2.814,0.078,45.15,0.664,3.0,-0.013,8.226,0.008,0.118,10.211,-0.102,-0.53
00:00:04.612,1572871890846,2.813,0.083,45.15,0.664,3.0,-0.011,8.273,0.008,0.119,10.348,-0.104,-0.53
00:00:04.613,1572871890847,2.812,0.087,45.15,0.664,3.0,-0.01,8.318999999999999,0.009000000000000001,0.12,10.487,-0.105,-0.53
00:00:04.660,1572871890894,2.8110000000000004,0.093,45.44300000000001,0.664,3.0,-0.009000000000000001,8.366,0.009000000000000001,0.121,10.626,-0.107,-0.53
00:00:04.661,1572871890895,2.809,0.098,45.44300000000001,0.664,3.0,-0.006999999999999999,8.416,0.01,0.122,10.774,-0.108,-0.53
00:00:04.662,1572871890896,2.807,0.104,45.44300000000001,0.664,3.0,-0.006,8.46,0.011,0.122,10.906,-0.109,-0.53
00:00:04.721,1572871890955,2.805,0.11,45.44300000000001,0.664,3.0,-0.005,8.506,0.011,0.123,11.048,-0.111,-0.53
00:00:04.722,1572871890956,2.804,0.115,45.44300000000001,0.664,3.0,-0.004,8.552999999999999,0.012,0.124,11.19,-0.112,-0.53
00:00:04.723,1572871890957,2.802,0.12,45.44300000000001,0.664,3.0,-0.003,8.6,0.013,0.125,11.333,-0.113,-0.53
00:00:04.767,1572871891001,2.801,0.124,45.44300000000001,0.664,3.0,-0.003,8.647,0.013,0.125,11.476,-0.114,-0.53
00:00:04.768,1572871891002,2.8,0.128,45.44300000000001,0.664,3.0,-0.002,8.693,0.014,0.126,11.621,-0.116,-0.53
00:00:04.769,1572871891003,2.799,0.131,45.44300000000001,0.664,3.0,-0.002,8.74,0.014,0.127,11.765999999999998,-0.117,-0.53
00:00:04.816,1572871891050,2.798,0.132,45.44300000000001,0.664,3.0,-0.002,8.786,0.015,0.127,11.912,-0.118,-0.53
00:00:04.817,1572871891051,2.797,0.134,45.44300000000001,0.664,3.0,-0.001,8.833,0.015,0.128,12.059,-0.119,-0.53
00:00:04.818,1572871891052,2.7960000000000003,0.135,45.44300000000001,0.664,3.0,-0.001,8.88,0.016,0.129,12.207,-0.12,-0.53
00:00:04.819,1572871891053,2.793,0.135,45.809,0.664,3.0,-0.001,8.926,0.016,0.13,12.355,-0.121,-0.53
00:00:04.867,1572871891101,2.785,0.136,45.809,0.664,3.0,-0.001,8.972000000000003,0.016,0.13,12.504,-0.122,-0.53
00:00:04.868,1572871891102,2.775,0.13699999999999998,45.809,0.664,3.0,0.0,9.019,0.016,0.131,12.654000000000002,-0.123,-0.53
00:00:04.869,1572871891103,2.769,0.13699999999999998,45.809,0.664,3.0,0.0,9.065,0.016,0.131,12.805,-0.124,-0.53
00:00:04.916,1572871891150,2.768,0.138,45.809,0.664,3.0,0.001,9.111,0.017,0.132,12.956,-0.125,-0.53
00:00:04.917,1572871891151,2.768,0.139,45.809,0.664,3.0,0.001,9.157,0.017,0.132,13.109000000000002,-0.126,-0.53
00:00:04.918,1572871891152,2.767,0.141,45.809,0.664,3.0,0.002,9.203,0.017,0.133,13.262,-0.127,-0.53
00:00:04.966,1572871891200,2.766,0.142,45.809,0.664,3.0,0.002,9.249,0.017,0.133,13.416,-0.128,-0.53
00:00:04.967,1572871891201,2.764,0.14300000000000002,45.809,0.664,3.0,0.003,9.295,0.017,0.134,13.57,-0.129,-0.53
00:00:04.968,1572871891202,2.762,0.14400000000000002,45.809,0.664,3.0,0.003,9.341,0.017,0.134,13.725,-0.13,-0.53
00:00:05.016,1572871891250,2.761,0.146,45.809,0.664,3.0,0.004,9.39,0.017,0.135,13.890999999999998,-0.13,-0.53
00:00:05.017,1572871891251,2.759,0.147,45.809,0.664,3.0,0.004,9.433,0.017,0.135,14.038,-0.131,-0.53
00:00:05.018,1572871891252,2.758,0.14800000000000002,45.956,0.664,3.0,0.004,9.479,0.017,0.136,14.196,-0.132,-0.53
00:00:05.067,1572871891301,2.756,0.149,45.956,0.664,3.0,0.005,9.525,0.017,0.136,14.354,-0.132,-0.53
00:00:05.068,1572871891302,2.755,0.149,45.956,0.664,3.0,0.005,9.571,0.017,0.13699999999999998,14.513,-0.133,-0.53
00:00:05.069,1572871891303,2.754,0.15,45.956,0.664,3.0,0.005,9.617,0.017,0.13699999999999998,14.673,-0.133,-0.53
00:00:05.117,1572871891351,2.753,0.15,45.956,0.664,3.0,0.005,9.663,0.017,0.138,14.834,-0.134,-0.53
00:00:05.118,1572871891352,2.7510000000000003,0.151,45.956,0.664,3.0,0.006,9.709,0.017,0.138,14.996,-0.134,-0.53
00:00:05.119,1572871891353,2.75,0.152,46.175,0.664,3.0,0.006,9.757,0.017,0.139,15.168,-0.135,-0.53
00:00:05.173,1572871891407,2.748,0.152,46.175,0.664,3.0,0.006,9.803,0.017,0.139,15.331,-0.135,-0.53
00:00:05.174,1572871891408,2.747,0.153,46.175,0.664,3.0,0.006,9.846,0.017,0.139,15.484000000000002,-0.136,-0.53
00:00:05.175,1572871891409,2.7460000000000004,0.154,46.175,0.664,3.0,0.006,9.892,0.017,0.14,15.649,-0.136,-0.53
00:00:05.230,1572871891464,2.745,0.155,46.175,0.664,3.0,0.006,9.937,0.017,0.14,15.814,-0.136,-0.53
00:00:05.231,1572871891465,2.744,0.156,46.175,0.664,3.0,0.006,9.983,0.017,0.141,15.98,-0.136,-0.53
00:00:05.232,1572871891466,2.7430000000000003,0.157,46.175,0.664,3.0,0.006,10.029,0.017,0.141,16.147000000000002,-0.13699999999999998,-0.53
00:00:05.279,1572871891513,2.741,0.158,46.175,0.664,3.0,0.006,10.077,0.017,0.142,16.325,-0.13699999999999998,-0.53
00:00:05.280,1572871891514,2.739,0.159,46.175,0.664,3.0,0.006,10.12,0.017,0.142,16.483,-0.13699999999999998,-0.53
00:00:05.281,1572871891515,2.737,0.16,46.175,0.664,3.0,0.006,10.169,0.017,0.14300000000000002,16.662,-0.13699999999999998,-0.53
00:00:05.332,1572871891566,2.736,0.161,46.175,0.664,3.0,0.006,10.211,0.017,0.14300000000000002,16.822,-0.13699999999999998,-0.53
00:00:05.333,1572871891567,2.734,0.162,46.175,0.664,3.0,0.006,10.257,0.017,0.14400000000000002,16.992,-0.13699999999999998,-0.53
00:00:05.334,1572871891568,2.733,0.163,46.322,0.664,3.0,0.006,10.302,0.017,0.145,17.164,-0.13699999999999998,-0.53
00:00:05.391,1572871891625,2.7310000000000003,0.16399999999999998,46.322,0.664,3.0,0.006,10.351,0.017,0.145,17.347,-0.13699999999999998,-0.53
00:00:05.392,1572871891626,2.73,0.165,46.322,0.664,3.0,0.006,10.393,0.017,0.146,17.509,-0.13699999999999998,-0.53
00:00:05.393,1572871891627,2.729,0.166,46.322,0.664,3.0,0.006,10.439,0.017,0.146,17.682000000000006,-0.136,-0.53
00:00:05.394,1572871891628,2.728,0.16699999999999998,46.322,0.664,3.0,0.005,10.487,0.017,0.147,17.868,-0.136,-0.53
00:00:05.442,1572871891676,2.727,0.16699999999999998,46.322,0.664,3.0,0.005,10.53,0.017,0.147,18.032,-0.136,-0.53
00:00:05.443,1572871891677,2.725,0.168,46.322,0.664,3.0,0.005,10.578,0.016,0.14800000000000002,18.219,-0.136,-0.53
00:00:05.444,1572871891678,2.724,0.168,46.322,0.664,3.0,0.005,10.623,0.016,0.149,18.395,-0.135,-0.53
00:00:05.493,1572871891727,2.722,0.16899999999999998,46.322,0.664,3.0,0.004,10.666,0.016,0.149,18.562,-0.135,-0.53
00:00:05.494,1572871891728,2.721,0.16899999999999998,46.322,0.664,3.0,0.004,10.711,0.016,0.15,18.74,-0.134,-0.53
00:00:05.495,1572871891729,2.719,0.17,46.322,0.664,3.0,0.004,10.759,0.016,0.15,18.93,-0.134,-0.53
00:00:05.544,1572871891778,2.718,0.17,46.322,0.664,3.0,0.003,10.802,0.016,0.151,19.098,-0.133,-0.53
00:00:05.545,1572871891779,2.716,0.17,46.468,0.664,3.0,0.003,10.847,0.016,0.152,19.279,-0.133,-0.53
00:00:05.546,1572871891780,2.715,0.16899999999999998,46.468,0.664,3.0,0.003,10.892,0.016,0.152,19.46,-0.132,-0.53
00:00:05.595,1572871891829,2.713,0.16899999999999998,46.468,0.664,3.0,0.002,10.937,0.016,0.153,19.642,-0.131,-0.53
00:00:05.596,1572871891830,2.713,0.168,46.468,0.664,3.0,0.002,10.983,0.015,0.153,19.825,-0.13,-0.53
00:00:05.597,1572871891831,2.7110000000000003,0.16699999999999998,46.468,0.664,3.0,0.001,11.031,0.015,0.154,20.02,-0.129,-0.53
00:00:05.645,1572871891879,2.71,0.16699999999999998,46.468,0.664,3.0,0.001,11.076,0.015,0.155,20.204,-0.129,-0.53
00:00:05.646,1572871891880,2.709,0.166,46.615,0.664,3.0,0.0,11.118,0.015,0.155,20.377,-0.128,-0.53
00:00:05.647,1572871891881,2.707,0.165,46.615,0.664,3.0,0.0,11.166,0.015,0.156,20.575,-0.127,-0.53
00:00:05.700,1572871891934,2.7060000000000004,0.163,46.615,0.664,3.0,-0.001,11.208,0.014,0.156,20.749,-0.126,-0.53
00:00:05.701,1572871891935,2.705,0.161,46.615,0.664,3.0,-0.001,11.255999999999998,0.014,0.157,20.948,-0.125,-0.53
00:00:05.702,1572871891936,2.704,0.158,46.615,0.664,3.0,-0.002,11.293,0.014,0.157,21.101,-0.124,-0.53
00:00:05.755,1572871891989,2.7030000000000003,0.154,46.615,0.664,3.0,-0.003,11.338,0.013,0.158,21.29,-0.123,-0.53
00:00:05.756,1572871891990,2.702,0.149,46.615,0.664,3.0,-0.004,11.383,0.013,0.159,21.479,-0.121,-0.53
00:00:05.757,1572871891991,2.7,0.142,46.615,0.664,3.0,-0.005,11.428,0.012,0.159,21.669,-0.12,-0.53
00:00:05.797,1572871892031,2.698,0.133,46.615,0.664,3.0,-0.006,11.473,0.012,0.16,21.86,-0.119,-0.53
00:00:05.798,1572871892032,2.696,0.122,46.615,0.664,3.0,-0.008,11.518,0.011,0.16,22.051,-0.117,-0.53
00:00:05.799,1572871892033,2.693,0.11,46.615,0.664,3.0,-0.009000000000000001,11.563,0.01,0.161,22.244,-0.116,-0.53
00:00:05.848,1572871892082,2.6910000000000003,0.096,46.615,0.664,3.0,-0.01,11.607,0.009000000000000001,0.161,22.437,-0.115,-0.53
00:00:05.849,1572871892083,2.689,0.08199999999999999,46.615,0.664,3.0,-0.011,11.649,0.008,0.162,22.619,-0.113,-0.53
00:00:05.850,1572871892084,2.687,0.066,46.615,0.664,3.0,-0.012,11.697,0.006999999999999999,0.163,22.825,-0.112,-0.53
00:00:05.851,1572871892085,2.685,0.053,46.615,0.664,3.0,-0.012,11.742,0.005,0.163,23.021,-0.11,-0.53
00:00:05.902,1572871892136,2.6830000000000003,0.04,46.615,0.664,3.0,-0.012,11.786,0.004,0.16399999999999998,23.217,-0.109,-0.53
00:00:05.903,1572871892137,2.681,0.028,46.615,0.664,3.0,-0.012,11.831,0.003,0.16399999999999998,23.414,-0.107,-0.53
00:00:05.904,1572871892138,2.679,0.019,46.615,0.664,3.0,-0.011,11.876,0.002,0.165,23.611,-0.106,-0.53
00:00:05.950,1572871892184,2.677,0.011,46.615,0.664,3.0,-0.01,11.92,0.001,0.166,23.809,-0.105,-0.53
00:00:05.951,1572871892185,2.675,0.006,46.615,0.664,3.0,-0.009000000000000001,11.965,0.0,0.166,24.009,-0.103,-0.53
00:00:05.952,1572871892186,2.6830000000000003,0.001,46.615,0.664,3.0,-0.008,12.01,0.0,0.16699999999999998,24.208,-0.101,-0.53
00:00:06.000,1572871892234,2.795,-0.002,46.615,0.664,3.0,-0.006999999999999999,12.059,-0.001,0.168,24.409,-0.1,-0.53
00:00:06.001,1572871892235,3.01,-0.006,46.615,0.664,3.0,-0.006,12.112,-0.001,0.16899999999999998,24.61,-0.098,-0.53
00:00:06.002,1572871892236,3.172,-0.009000000000000001,46.615,0.664,3.0,-0.005,12.167,-0.001,0.172,24.813,-0.097,-0.53
00:00:06.052,1572871892286,3.187,-0.012,46.615,0.664,3.0,-0.005,12.219,-0.002,0.174,25.016,-0.095,-0.53
00:00:06.053,1572871892287,3.087,-0.017,46.615,0.664,3.0,-0.004,12.269,-0.002,0.177,25.22,-0.094,-0.53
00:00:06.054,1572871892288,2.95,-0.022,46.615,0.664,3.0,-0.004,12.316,-0.002,0.18,25.425,-0.092,-0.53
00:00:06.104,1572871892338,2.827,-0.027000000000000003,46.615,0.664,3.0,-0.003,12.361,-0.002,0.182,25.631,-0.091,-0.53
00:00:06.105,1572871892339,2.732,-0.032,46.615,0.664,3.0,-0.003,12.406,-0.002,0.183,25.837,-0.08900000000000001,-0.53
00:00:06.106,1572871892340,2.654,-0.037000000000000005,46.615,0.664,3.0,-0.002,12.449000000000002,-0.002,0.185,26.044,-0.08800000000000001,-0.53
00:00:06.156,1572871892390,2.582,-0.043,46.615,0.664,3.0,-0.002,12.491,-0.002,0.185,26.252,-0.086,-0.53
00:00:06.157,1572871892391,2.512,-0.049,46.615,0.664,3.0,-0.002,12.532,-0.003,0.185,26.46,-0.085,-0.53
00:00:06.158,1572871892392,2.44,-0.054000000000000006,46.615,0.664,3.0,-0.002,12.572,-0.003,0.185,26.67,-0.083,-0.53
00:00:06.203,1572871892437,2.367,-0.06,46.615,0.664,3.0,-0.001,12.61,-0.003,0.184,26.88,-0.08199999999999999,-0.53
00:00:06.204,1572871892438,2.296,-0.064,46.615,0.664,3.0,-0.001,12.647,-0.003,0.183,27.09,-0.08,-0.53
00:00:06.205,1572871892439,2.231,-0.068,46.615,0.664,3.0,0.0,12.684,-0.003,0.181,27.301,-0.079,-0.53
00:00:06.260,1572871892494,2.176,-0.071,46.615,0.664,3.0,0.0,12.719,-0.004,0.179,27.513,-0.077,-0.53
00:00:06.261,1572871892495,2.131,-0.07400000000000001,46.615,0.664,3.0,0.001,12.754,-0.004,0.177,27.725,-0.076,-0.53
00:00:06.262,1572871892496,2.093,-0.076,46.615,0.664,3.0,0.001,12.789,-0.004,0.175,27.938,-0.075,-0.53
00:00:06.305,1572871892539,2.059,-0.077,46.615,0.664,3.0,0.002,12.823,-0.004,0.172,28.151,-0.073,-0.53
00:00:06.306,1572871892540,2.027,-0.078,46.615,0.664,3.0,0.003,12.856,-0.004,0.16899999999999998,28.365,-0.07200000000000001,-0.53
00:00:06.307,1572871892541,1.997,-0.078,46.615,0.664,3.0,0.003,12.889,-0.004,0.166,28.58,-0.071,-0.53
00:00:06.355,1572871892589,1.967,-0.079,46.615,0.664,3.0,0.004,12.921,-0.004,0.163,28.795,-0.069,-0.53
00:00:06.356,1572871892590,1.939,-0.08,46.615,0.664,3.0,0.004,12.953,-0.004,0.16,29.011,-0.068,-0.53
00:00:06.357,1572871892591,1.912,-0.081,46.615,0.664,3.0,0.005,12.985,-0.004,0.157,29.227,-0.067,-0.53
00:00:06.405,1572871892639,1.887,-0.08199999999999999,46.615,0.664,3.0,0.005,13.015999999999998,-0.004,0.153,29.44400000000001,-0.065,-0.53
00:00:06.406,1572871892640,1.864,-0.084,46.615,0.664,3.0,0.005,13.047,-0.004,0.149,29.661,-0.064,-0.53
00:00:06.407,1572871892641,1.842,-0.086,46.615,0.664,3.0,0.006,13.077,-0.004,0.146,29.879,-0.063,-0.53
00:00:06.455,1572871892689,1.822,-0.087,46.615,0.664,3.0,0.006,13.107,-0.004,0.142,30.097,-0.062,-0.53
00:00:06.456,1572871892690,1.803,-0.08800000000000001,46.615,0.664,3.0,0.006,13.137,-0.004,0.138,30.315,-0.06,-0.53
00:00:06.457,1572871892691,1.785,-0.08800000000000001,46.615,0.664,3.0,0.006999999999999999,13.167,-0.004,0.134,30.535,-0.059,-0.53
00:00:06.505,1572871892739,1.769,-0.08900000000000001,46.615,0.664,3.0,0.006999999999999999,13.196,-0.004,0.13,30.754,-0.058,-0.53
00:00:06.506,1572871892740,1.753,-0.08900000000000001,46.615,0.664,3.0,0.008,13.225,-0.004,0.126,30.975,-0.057,-0.53
00:00:06.507,1572871892741,1.7380000000000002,-0.08900000000000001,46.615,0.664,3.0,0.008,13.254,-0.004,0.122,31.195,-0.056,-0.529
00:00:06.563,1572871892797,1.724,-0.08900000000000001,46.615,0.664,3.0,0.008,13.283,-0.004,0.118,31.416,-0.055,-0.529
00:00:06.564,1572871892798,1.711,-0.08900000000000001,46.615,0.664,3.0,0.009000000000000001,13.311,-0.004,0.114,31.638,-0.054000000000000006,-0.529
00:00:06.565,1572871892799,1.699,-0.09,46.615,0.664,3.0,0.009000000000000001,13.339,-0.004,0.111,31.86,-0.053,-0.529
00:00:06.606,1572871892840,1.6880000000000002,-0.09,46.615,0.664,3.0,0.01,13.367,-0.004,0.107,32.083,-0.052000000000000005,-0.529
00:00:06.607,1572871892841,1.6769999999999998,-0.09,46.615,0.664,3.0,0.01,13.395,-0.004,0.104,32.306,-0.051,-0.529
00:00:06.608,1572871892842,1.6669999999999998,-0.09,46.615,0.664,3.0,0.01,13.423,-0.004,0.101,32.529,-0.05,-0.529
00:00:06.657,1572871892891,1.6569999999999998,-0.09,46.615,0.664,3.0,0.01,13.45,-0.003,0.098,32.753,-0.049,-0.529
00:00:06.658,1572871892892,1.648,-0.09,46.615,0.664,3.0,0.011,13.477,-0.003,0.096,32.977,-0.048,-0.529
00:00:06.659,1572871892893,1.64,-0.09,46.615,0.664,3.0,0.011,13.505,-0.003,0.094,33.202,-0.047,-0.529
00:00:06.710,1572871892944,1.632,-0.09,46.615,0.664,3.0,0.011,13.532,-0.003,0.092,33.428000000000004,-0.046,-0.529
00:00:06.711,1572871892945,1.624,-0.09,46.615,0.664,3.0,0.012,13.559,-0.003,0.09,33.653,-0.045,-0.529
00:00:06.712,1572871892946,1.617,-0.09,46.615,0.664,3.0,0.012,13.586,-0.003,0.08800000000000001,33.88,-0.045,-0.53
00:00:06.760,1572871892994,1.61,-0.08900000000000001,46.615,0.664,3.0,0.012,13.612,-0.003,0.087,34.106,-0.044,-0.53
00:00:06.761,1572871892995,1.604,-0.08800000000000001,46.615,0.664,3.0,0.012,13.639,-0.003,0.087,34.333,-0.043,-0.53
00:00:06.762,1572871892996,1.598,-0.087,46.615,0.664,3.0,0.013,13.666,-0.003,0.086,34.561,-0.042,-0.53
00:00:06.810,1572871893044,1.5930000000000002,-0.085,46.615,0.664,3.0,0.013,13.692,-0.003,0.086,34.789,-0.041,-0.53
00:00:06.811,1572871893045,1.588,-0.084,46.615,0.664,3.0,0.013,13.718,-0.003,0.086,35.017,-0.041,-0.53
00:00:06.812,1572871893046,1.5830000000000002,-0.08199999999999999,46.615,0.664,3.0,0.014,13.745,-0.003,0.086,35.246,-0.04,-0.53
00:00:06.860,1572871893094,1.579,-0.08,46.615,0.664,3.0,0.014,13.771,-0.002,0.087,35.475,-0.039,-0.53
00:00:06.861,1572871893095,1.575,-0.078,46.615,0.664,3.0,0.014,13.797,-0.002,0.08800000000000001,35.705,-0.039,-0.531
00:00:06.862,1572871893096,1.571,-0.075,46.615,0.664,3.0,0.014,13.823,-0.002,0.08800000000000001,35.935,-0.038,-0.531
00:00:06.911,1572871893145,1.567,-0.07200000000000001,46.615,0.664,3.0,0.015,13.849,-0.002,0.08900000000000001,36.166,-0.037000000000000005,-0.531
00:00:06.912,1572871893146,1.565,-0.07,46.615,0.664,3.0,0.015,13.866,-0.002,0.09,36.31,-0.037000000000000005,-0.531
00:00:06.913,1572871893147,1.561,-0.067,46.615,0.664,3.0,0.015,13.892,-0.002,0.091,36.542,-0.037000000000000005,-0.531
00:00:06.961,1572871893195,1.558,-0.063,46.615,0.664,3.0,0.015,13.918,-0.001,0.092,36.773,-0.036000000000000004,-0.531
00:00:06.962,1572871893196,1.555,-0.059,46.615,0.664,3.0,0.016,13.943,-0.001,0.092,37.006,-0.035,-0.531
00:00:06.963,1572871893197,1.5519999999999998,-0.054000000000000006,46.615,0.664,3.0,0.016,13.969,-0.001,0.093,37.238,-0.035,-0.531
00:00:07.012,1572871893246,1.55,-0.049,46.615,0.664,3.0,0.016,13.995,0.0,0.094,37.471,-0.034,-0.531
00:00:07.013,1572871893247,1.547,-0.043,46.615,0.664,3.0,0.016,14.021,0.0,0.095,37.705,-0.034,-0.532
00:00:07.014,1572871893248,1.545,-0.036000000000000004,46.615,0.664,3.0,0.016,14.047,0.0,0.096,37.939,-0.033,-0.532
00:00:07.063,1572871893297,1.543,-0.029,46.615,0.664,3.0,0.017,14.072,0.001,0.097,38.173,-0.033,-0.532
00:00:07.064,1572871893298,1.54,-0.021,46.615,0.664,3.0,0.017,14.098,0.001,0.098,38.408,-0.032,-0.532
00:00:07.065,1572871893299,1.538,-0.012,46.615,0.664,3.0,0.017,14.123,0.002,0.098,38.643,-0.032,-0.532
00:00:07.116,1572871893350,1.536,-0.002,46.615,0.664,3.0,0.017,14.149,0.002,0.099,38.878,-0.031,-0.532
00:00:07.117,1572871893351,1.534,0.008,46.615,0.664,3.0,0.017,14.175,0.003,0.099,39.114,-0.031,-0.532
00:00:07.118,1572871893352,1.5319999999999998,0.017,46.615,0.664,3.0,0.016,14.2,0.003,0.1,39.351,-0.03,-0.532
00:00:07.163,1572871893397,1.531,0.027000000000000003,46.615,0.664,3.0,0.016,14.226,0.004,0.1,39.588,-0.03,-0.532
00:00:07.164,1572871893398,1.529,0.035,46.615,0.664,3.0,0.015,14.251,0.004,0.101,39.825,-0.029,-0.532
00:00:07.165,1572871893399,1.527,0.042,46.615,0.664,3.0,0.014,14.276,0.005,0.101,40.063,-0.029,-0.532
00:00:07.213,1572871893447,1.526,0.048,46.615,0.664,3.0,0.013,14.302,0.005,0.101,40.301,-0.028,-0.532
00:00:07.214,1572871893448,1.524,0.052000000000000005,46.615,0.664,3.0,0.011,14.327,0.005,0.101,40.54,-0.028,-0.532
00:00:07.215,1572871893449,1.523,0.056,46.615,0.664,3.0,0.01,14.353,0.005,0.101,40.779,-0.027000000000000003,-0.532
00:00:07.270,1572871893504,1.5219999999999998,0.058,46.615,0.664,3.0,0.009000000000000001,14.378,0.005,0.102,41.018,-0.026,-0.532
00:00:07.271,1572871893505,1.52,0.06,46.615,0.664,3.0,0.008,14.403,0.005,0.101,41.258,-0.026,-0.532
00:00:07.272,1572871893506,1.519,0.061,46.615,0.664,3.0,0.006,14.429,0.005,0.101,41.49800000000001,-0.025,-0.532
00:00:07.314,1572871893548,1.518,0.062,46.615,0.664,3.0,0.005,14.454,0.004,0.101,41.739,-0.024,-0.532
00:00:07.315,1572871893549,1.516,0.064,46.615,0.664,3.0,0.004,14.479,0.004,0.101,41.98,-0.024,-0.532
00:00:07.316,1572871893550,1.515,0.066,46.615,0.664,3.0,0.003,14.504,0.003,0.101,42.221,-0.023,-0.532
00:00:07.371,1572871893605,1.514,0.068,46.615,0.664,3.0,0.002,14.53,0.003,0.101,42.463,-0.022,-0.532
00:00:07.372,1572871893606,1.513,0.071,46.834,0.664,3.0,0.001,14.555,0.003,0.1,42.706,-0.022,-0.532
00:00:07.373,1572871893607,1.5119999999999998,0.07400000000000001,46.834,0.664,3.0,0.001,14.58,0.002,0.1,42.949,-0.021,-0.532
00:00:07.374,1572871893608,1.511,0.077,46.834,0.664,3.0,0.0,14.605,0.002,0.1,43.192,-0.02,-0.532
00:00:07.426,1572871893660,1.511,0.08,46.834,0.664,3.0,-0.001,14.63,0.002,0.099,43.435,-0.019,-0.532
00:00:07.427,1572871893661,1.51,0.083,46.834,0.664,3.0,-0.002,14.655,0.001,0.099,43.68,-0.018000000000000002,-0.531
00:00:07.428,1572871893662,1.509,0.085,46.834,0.664,3.0,-0.003,14.681,0.001,0.099,43.924,-0.018000000000000002,-0.531
00:00:07.467,1572871893701,1.509,0.086,46.834,0.664,3.0,-0.003,14.706,0.001,0.098,44.169,-0.017,-0.531
00:00:07.468,1572871893702,1.508,0.087,46.834,0.664,3.0,-0.004,14.731,0.001,0.098,44.414,-0.016,-0.531
00:00:07.469,1572871893703,1.507,0.08800000000000001,46.834,0.664,3.0,-0.005,14.755999999999998,0.001,0.098,44.66,-0.015,-0.531
00:00:07.517,1572871893751,1.506,0.08800000000000001,46.834,0.664,3.0,-0.005,14.781,0.001,0.097,44.90600000000001,-0.014,-0.531
00:00:07.518,1572871893752,1.505,0.08800000000000001,46.834,0.664,3.0,-0.006,14.806,0.001,0.097,45.153,-0.013,-0.531
00:00:07.519,1572871893753,1.504,0.087,46.834,0.664,3.0,-0.006999999999999999,14.831,0.001,0.097,45.4,-0.012,-0.531
00:00:07.567,1572871893801,1.503,0.087,46.615,0.664,3.0,-0.006999999999999999,14.856,0.001,0.097,45.647,-0.011,-0.531
00:00:07.568,1572871893802,1.503,0.086,46.615,0.664,3.0,-0.008,14.880999999999998,0.001,0.097,45.895,-0.01,-0.531
00:00:07.569,1572871893803,1.5019999999999998,0.085,46.615,0.664,3.0,-0.008,14.906,0.001,0.097,46.143,-0.009000000000000001,-0.531
00:00:07.617,1572871893851,1.5,0.084,46.615,0.664,3.0,-0.009000000000000001,14.931,0.001,0.097,46.392,-0.008,-0.531
00:00:07.618,1572871893852,1.499,0.08199999999999999,46.615,0.664,3.0,-0.009000000000000001,14.956,0.001,0.097,46.64100000000001,-0.006,-0.531
00:00:07.619,1572871893853,1.4980000000000002,0.081,46.615,0.664,3.0,-0.01,14.981,0.001,0.097,46.89,-0.005,-0.532
00:00:07.667,1572871893901,1.4980000000000002,0.079,46.834,0.664,3.0,-0.01,15.005999999999998,0.001,0.097,47.14,-0.004,-0.532
00:00:07.668,1572871893902,1.497,0.078,46.834,0.664,3.0,-0.011,15.031,0.001,0.097,47.39,-0.003,-0.532
00:00:07.669,1572871893903,1.497,0.077,46.834,0.664,3.0,-0.011,15.056,0.001,0.097,47.64100000000001,-0.002,-0.532
00:00:07.718,1572871893952,1.496,0.075,46.834,0.664,3.0,-0.011,15.081,0.0,0.097,47.892,0.0,-0.532
00:00:07.719,1572871893953,1.496,0.07400000000000001,46.834,0.664,3.0,-0.012,15.106,0.0,0.098,48.144,0.001,-0.532
00:00:07.720,1572871893954,1.496,0.073,46.834,0.664,3.0,-0.012,15.130999999999998,0.0,0.098,48.396,0.002,-0.532
00:00:07.768,1572871894002,1.495,0.07200000000000001,46.834,0.664,3.0,-0.012,15.156,0.0,0.098,48.648,0.004,-0.532
00:00:07.769,1572871894003,1.495,0.071,46.834,0.664,3.0,-0.013,15.181,0.0,0.098,48.901,0.005,-0.532
00:00:07.770,1572871894004,1.494,0.07,46.834,0.664,3.0,-0.013,15.206,0.0,0.099,49.154,0.006,-0.532
00:00:07.822,1572871894056,1.493,0.069,46.834,0.664,3.0,-0.013,15.23,0.0,0.099,49.408,0.008,-0.532
00:00:07.823,1572871894057,1.492,0.067,46.834,0.664,3.0,-0.013,15.255,0.0,0.099,49.662,0.009000000000000001,-0.532
00:00:07.824,1572871894058,1.492,0.066,46.834,0.664,3.0,-0.014,15.28,0.0,0.1,49.916,0.011,-0.532
00:00:07.869,1572871894103,1.491,0.064,46.834,0.664,3.0,-0.014,15.305,0.0,0.1,50.17100000000001,0.012,-0.532
00:00:07.870,1572871894104,1.491,0.062,46.834,0.664,3.0,-0.014,15.33,0.0,0.1,50.427,0.013,-0.532
00:00:07.871,1572871894105,1.49,0.061,46.834,0.664,3.0,-0.014,15.355,0.0,0.1,50.682,0.015,-0.532
00:00:07.926,1572871894160,1.49,0.059,46.834,0.664,3.0,-0.014,15.379,0.0,0.101,50.938,0.016,-0.532
00:00:07.927,1572871894161,1.489,0.057,46.834,0.664,3.0,-0.014,15.404000000000002,0.0,0.101,51.195,0.018000000000000002,-0.532
00:00:07.928,1572871894162,1.4880000000000002,0.056,46.834,0.664,3.0,-0.014,15.429,0.0,0.101,51.452,0.02,-0.532
00:00:07.976,1572871894210,1.4880000000000002,0.054000000000000006,46.834,0.664,3.0,-0.014,15.454,0.0,0.101,51.709,0.021,-0.532
00:00:07.977,1572871894211,1.487,0.052000000000000005,46.834,0.664,3.0,-0.014,15.479,-0.001,0.102,51.967,0.023,-0.532
00:00:07.978,1572871894212,1.487,0.051,46.834,0.664,3.0,-0.014,15.503,-0.001,0.102,52.225,0.024,-0.532
00:00:08.030,1572871894264,1.486,0.049,46.834,0.664,3.0,-0.015,15.528,-0.001,0.102,52.484,0.026,-0.532
00:00:08.031,1572871894265,1.485,0.047,46.834,0.664,3.0,-0.015,15.553,-0.001,0.102,52.743,0.028,-0.532
00:00:08.032,1572871894266,1.485,0.045,46.834,0.664,3.0,-0.015,15.578,-0.001,0.102,53.002,0.029,-0.532
00:00:08.079,1572871894313,1.484,0.042,46.834,0.664,3.0,-0.015,15.602,-0.001,0.102,53.262,0.031,-0.532
00:00:08.080,1572871894314,1.484,0.04,46.834,0.664,3.0,-0.015,15.627,-0.001,0.103,53.522,0.033,-0.532
00:00:08.081,1572871894315,1.483,0.037000000000000005,46.834,0.664,3.0,-0.015,15.652,-0.001,0.103,53.783,0.034,-0.532
00:00:08.128,1572871894362,1.483,0.035,46.834,0.664,3.0,-0.014,15.675999999999998,-0.001,0.103,54.044,0.036000000000000004,-0.532
00:00:08.129,1572871894363,1.482,0.032,46.834,0.664,3.0,-0.014,15.701,-0.001,0.103,54.305,0.038,-0.532
00:00:08.130,1572871894364,1.481,0.029,46.834,0.664,3.0,-0.014,15.726,-0.001,0.103,54.567,0.039,-0.532
00:00:08.179,1572871894413,1.481,0.026,46.834,0.664,3.0,-0.014,15.751,-0.001,0.103,54.83,0.041,-0.532
00:00:08.180,1572871894414,1.48,0.023,46.834,0.664,3.0,-0.014,15.775,-0.002,0.103,55.092,0.043,-0.532
00:00:08.181,1572871894415,1.48,0.02,46.834,0.664,3.0,-0.014,15.8,-0.002,0.103,55.355,0.045,-0.532
00:00:08.230,1572871894464,1.479,0.019,46.834,0.664,3.0,-0.013,15.824000000000002,-0.002,0.103,55.619,0.046,-0.532
00:00:08.231,1572871894465,1.479,0.017,46.834,0.664,3.0,-0.013,15.849,-0.002,0.103,55.883,0.048,-0.532
00:00:08.232,1572871894466,1.4780000000000002,0.016,46.834,0.664,3.0,-0.012,15.874,-0.002,0.104,56.147,0.05,-0.532
00:00:08.286,1572871894520,1.4780000000000002,0.016,46.981,0.664,3.0,-0.012,15.898,-0.002,0.104,56.412,0.052000000000000005,-0.532
00:00:08.287,1572871894521,1.4780000000000002,0.015,46.981,0.664,3.0,-0.012,15.923,-0.001,0.104,56.677,0.053,-0.532
00:00:08.288,1572871894522,1.477,0.014,46.981,0.664,3.0,-0.011,15.948,-0.001,0.104,56.94300000000001,0.055,-0.532
00:00:08.330,1572871894564,1.477,0.012,46.981,0.664,3.0,-0.011,15.972,-0.001,0.104,57.209,0.057,-0.532
00:00:08.331,1572871894565,1.477,0.01,46.981,0.664,3.0,-0.011,15.997,-0.001,0.104,57.475,0.059,-0.532
00:00:08.332,1572871894566,1.477,0.006999999999999999,46.981,0.664,3.0,-0.011,16.021,-0.001,0.104,57.742,0.061,-0.532
00:00:08.394,1572871894628,1.477,0.004,46.981,0.664,3.0,-0.01,16.046,-0.001,0.104,58.00899999999999,0.062,-0.532
00:00:08.395,1572871894629,1.476,0.001,46.981,0.664,3.0,-0.01,16.070999999999998,-0.001,0.104,58.277,0.064,-0.532
00:00:08.396,1572871894630,1.476,-0.003,46.981,0.664,3.0,-0.01,16.095,-0.001,0.104,58.545,0.066,-0.532
00:00:08.430,1572871894664,1.476,-0.006,46.981,0.664,3.0,-0.01,16.12,-0.001,0.104,58.813,0.068,-0.532
00:00:08.431,1572871894665,1.475,-0.01,46.981,0.664,3.0,-0.009000000000000001,16.144000000000002,-0.001,0.104,59.082,0.07,-0.532
00:00:08.432,1572871894666,1.475,-0.013,46.981,0.664,3.0,-0.009000000000000001,16.169,-0.001,0.104,59.352,0.071,-0.532
00:00:08.481,1572871894715,1.475,-0.016,46.981,0.664,3.0,-0.009000000000000001,16.194000000000006,-0.001,0.104,59.621,0.073,-0.532
00:00:08.482,1572871894716,1.474,-0.019,46.981,0.664,3.0,-0.008,16.218,-0.001,0.104,59.89100000000001,0.075,-0.532
00:00:08.483,1572871894717,1.474,-0.021,46.981,0.664,3.0,-0.008,16.243,-0.001,0.105,60.162,0.077,-0.532
00:00:08.531,1572871894765,1.474,-0.024,46.981,0.664,3.0,-0.006999999999999999,16.267,-0.001,0.105,60.433,0.079,-0.532
00:00:08.532,1572871894766,1.473,-0.027000000000000003,46.981,0.664,3.0,-0.006999999999999999,16.292,-0.001,0.105,60.70399999999999,0.08,-0.532
00:00:08.533,1572871894767,1.473,-0.029,46.981,0.664,3.0,-0.006,16.316,-0.001,0.105,60.976000000000006,0.08199999999999999,-0.532
00:00:08.534,1572871894768,1.473,-0.03,47.127,0.664,3.0,-0.006,16.340999999999998,-0.001,0.105,61.24800000000001,0.084,-0.532
00:00:08.582,1572871894816,1.472,-0.032,47.127,0.664,3.0,-0.005,16.365,-0.001,0.105,61.521,0.086,-0.532
00:00:08.583,1572871894817,1.472,-0.033,47.127,0.664,3.0,-0.004,16.39,-0.001,0.106,61.794,0.08800000000000001,-0.532
00:00:08.584,1572871894818,1.472,-0.034,47.127,0.664,3.0,-0.004,16.414,-0.001,0.106,62.067,0.08900000000000001,-0.532
00:00:08.632,1572871894866,1.471,-0.035,47.127,0.664,3.0,-0.003,16.439,-0.001,0.106,62.341,0.091,-0.532
00:00:08.633,1572871894867,1.47,-0.036000000000000004,47.127,0.664,3.0,-0.003,16.463,-0.001,0.106,62.615,0.093,-0.532
00:00:08.634,1572871894868,1.4680000000000002,-0.037000000000000005,47.127,0.664,3.0,-0.002,16.488,-0.001,0.106,62.889,0.095,-0.532
00:00:08.682,1572871894916,1.466,-0.038,47.127,0.664,3.0,-0.001,16.512,-0.001,0.106,63.164,0.096,-0.532
00:00:08.683,1572871894917,1.466,-0.039,47.127,0.664,3.0,-0.001,16.537,0.0,0.106,63.44,0.098,-0.532
00:00:08.684,1572871894918,1.465,-0.04,47.127,0.664,3.0,0.0,16.561,0.0,0.106,63.716,0.1,-0.532
00:00:08.732,1572871894966,1.465,-0.041,47.127,0.664,3.0,0.0,16.586,0.0,0.107,63.992,0.101,-0.532
00:00:08.733,1572871894967,1.465,-0.043,47.127,0.664,3.0,0.001,16.61,0.0,0.107,64.26899999999999,0.103,-0.532
00:00:08.734,1572871894968,1.465,-0.045,47.127,0.664,3.0,0.001,16.634,0.0,0.107,64.546,0.105,-0.532
00:00:08.783,1572871895017,1.464,-0.047,47.127,0.664,3.0,0.001,16.659000000000002,0.0,0.107,64.82300000000001,0.106,-0.532
00:00:08.784,1572871895018,1.464,-0.05,47.127,0.664,3.0,0.002,16.683,0.0,0.107,65.101,0.108,-0.532
00:00:08.785,1572871895019,1.463,-0.054000000000000006,47.127,0.664,3.0,0.002,16.708,0.0,0.107,65.37899999999999,0.11,-0.532
00:00:08.834,1572871895068,1.463,-0.057,47.127,0.664,3.0,0.002,16.73,0.0,0.107,65.64,0.111,-0.532
00:00:08.835,1572871895069,1.462,-0.06,47.127,0.664,3.0,0.003,16.755,0.0,0.107,65.919,0.113,-0.532
00:00:08.836,1572871895070,1.462,-0.063,47.127,0.664,3.0,0.003,16.779,0.0,0.108,66.199,0.115,-0.532
00:00:08.884,1572871895118,1.461,-0.066,47.127,0.664,3.0,0.004,16.803,0.0,0.108,66.479,0.116,-0.532
00:00:08.885,1572871895119,1.461,-0.067,47.127,0.664,3.0,0.004,16.828,0.0,0.108,66.759,0.118,-0.532
00:00:08.886,1572871895120,1.461,-0.068,47.127,0.664,3.0,0.005,16.852,0.0,0.108,67.04,0.119,-0.532
00:00:08.950,1572871895184,1.46,-0.069,47.127,0.664,3.0,0.006,16.875999999999998,0.0,0.108,67.321,0.121,-0.532
00:00:08.951,1572871895185,1.46,-0.069,47.127,0.664,3.0,0.006,16.901,0.0,0.108,67.602,0.122,-0.532
00:00:08.952,1572871895186,1.459,-0.069,47.347,0.664,3.0,0.006999999999999999,16.925,0.0,0.108,67.884,0.124,-0.532
00:00:08.993,1572871895227,1.459,-0.069,47.347,0.664,3.0,0.008,16.949,0.0,0.108,68.166,0.125,-0.532
00:00:08.994,1572871895228,1.459,-0.07,47.347,0.664,3.0,0.008,16.974,0.0,0.109,68.449,0.127,-0.532
00:00:08.995,1572871895229,1.459,-0.07,47.347,0.664,3.0,0.009000000000000001,17.0,0.0,0.109,68.75,0.128,-0.532
00:00:09.041,1572871895275,1.459,-0.071,47.347,0.664,3.0,0.009000000000000001,17.022000000000002,0.001,0.109,69.016,0.13,-0.532
00:00:09.042,1572871895276,1.459,-0.073,47.347,0.664,3.0,0.01,17.047,0.001,0.109,69.3,0.131,-0.532
00:00:09.043,1572871895277,1.4580000000000002,-0.07400000000000001,47.347,0.664,3.0,0.01,17.070999999999998,0.001,0.109,69.584,0.132,-0.532
00:00:09.094,1572871895328,1.4580000000000002,-0.077,47.347,0.664,3.0,0.01,17.095,0.001,0.109,69.869,0.134,-0.532
00:00:09.095,1572871895329,1.457,-0.079,47.347,0.664,3.0,0.011,17.12,0.001,0.109,70.154,0.135,-0.532
00:00:09.096,1572871895330,1.457,-0.08199999999999999,47.347,0.664,3.0,0.011,17.145,0.001,0.109,70.457,0.13699999999999998,-0.532
00:00:09.142,1572871895376,1.456,-0.085,47.347,0.664,3.0,0.011,17.168,0.001,0.109,70.725,0.138,-0.532
00:00:09.143,1572871895377,1.456,-0.08800000000000001,47.347,0.664,3.0,0.012,17.192,0.001,0.109,71.012,0.139,-0.532
00:00:09.144,1572871895378,1.455,-0.09,47.347,0.664,3.0,0.012,17.217,0.001,0.109,71.298,0.14,-0.532
00:00:09.192,1572871895426,1.455,-0.092,47.347,0.664,3.0,0.013,17.241,0.001,0.11,71.585,0.142,-0.532
00:00:09.193,1572871895427,1.455,-0.094,47.347,0.664,3.0,0.014,17.265,0.001,0.11,71.873,0.14300000000000002,-0.532
00:00:09.194,1572871895428,1.454,-0.095,47.347,0.664,3.0,0.014,17.289,0.001,0.11,72.161,0.14400000000000002,-0.532
00:00:09.243,1572871895477,1.454,-0.096,47.347,0.664,3.0,0.015,17.314,0.001,0.11,72.449,0.145,-0.532
00:00:09.244,1572871895478,1.453,-0.097,47.347,0.664,3.0,0.015,17.338,0.001,0.11,72.738,0.146,-0.532
00:00:09.245,1572871895479,1.453,-0.098,47.494,0.664,3.0,0.016,17.363,0.001,0.11,73.045,0.14800000000000002,-0.532
00:00:09.293,1572871895527,1.452,-0.099,47.494,0.664,3.0,0.016,17.386,0.001,0.11,73.317,0.149,-0.532
00:00:09.294,1572871895528,1.452,-0.099,47.494,0.664,3.0,0.017,17.41,0.001,0.11,73.607,0.15,-0.532
00:00:09.295,1572871895529,1.452,-0.1,47.494,0.664,3.0,0.018000000000000002,17.436,0.001,0.111,73.915,0.151,-0.532
00:00:09.348,1572871895582,1.452,-0.1,47.494,0.664,3.0,0.018000000000000002,17.459,0.001,0.111,74.188,0.152,-0.532
00:00:09.349,1572871895583,1.452,-0.101,47.494,0.664,3.0,0.019,17.483,0.001,0.111,74.479,0.153,-0.532
00:00:09.350,1572871895584,1.4509999999999998,-0.102,47.494,0.664,3.0,0.019,17.509,0.001,0.111,74.789,0.154,-0.532
00:00:09.351,1572871895585,1.4509999999999998,-0.103,47.494,0.664,3.0,0.019,17.531,0.002,0.111,75.063,0.155,-0.532
00:00:09.404,1572871895638,1.45,-0.105,47.494,0.664,3.0,0.02,17.557000000000002,0.002,0.111,75.373,0.156,-0.532
00:00:09.448,1572871895682,1.449,-0.108,47.494,0.664,3.0,0.021,17.61,0.002,0.111,76.014,0.157,-0.532
00:00:09.449,1572871895683,1.449,-0.108,47.494,0.664,3.0,0.021,17.616,0.002,0.111,76.08800000000002,0.158,-0.532
00:00:09.450,1572871895684,1.449,-0.109,47.494,0.664,3.0,0.021,17.629,0.002,0.111,76.253,0.158,-0.532
00:00:09.451,1572871895685,1.449,-0.109,47.347,0.664,3.0,0.022,17.654,0.002,0.112,76.547,0.159,-0.532
00:00:09.452,1572871895686,1.4480000000000002,-0.109,47.347,0.664,3.0,0.022,17.676,0.002,0.112,76.82300000000002,0.16,-0.532
00:00:09.499,1572871895733,1.4469999999999998,-0.11,47.347,0.664,3.0,0.023,17.7,0.002,0.112,77.118,0.16,-0.532
00:00:09.500,1572871895734,1.4469999999999998,-0.11,47.347,0.664,3.0,0.023,17.724,0.002,0.112,77.413,0.161,-0.532
00:00:09.501,1572871895735,1.446,-0.109,47.347,0.664,3.0,0.023,17.748,0.002,0.112,77.709,0.162,-0.532
00:00:09.549,1572871895783,1.445,-0.109,47.347,0.664,3.0,0.024,17.773,0.002,0.112,78.005,0.162,-0.532
00:00:09.550,1572871895784,1.445,-0.109,47.347,0.664,3.0,0.024,17.798,0.002,0.112,78.32,0.163,-0.532
00:00:09.551,1572871895785,1.445,-0.109,47.347,0.664,3.0,0.025,17.822,0.002,0.112,78.617,0.16399999999999998,-0.532
00:00:09.599,1572871895833,1.444,-0.109,47.347,0.664,3.0,0.025,17.845,0.002,0.113,78.895,0.16399999999999998,-0.532
00:00:09.600,1572871895834,1.444,-0.109,47.347,0.664,3.0,0.025,17.87,0.003,0.113,79.211,0.165,-0.532
00:00:09.601,1572871895835,1.443,-0.109,47.347,0.664,3.0,0.026,17.893,0.003,0.113,79.491,0.165,-0.532
00:00:09.649,1572871895883,1.443,-0.109,47.347,0.664,3.0,0.026,17.918,0.003,0.113,79.808,0.166,-0.532
00:00:09.650,1572871895884,1.443,-0.109,47.494,0.664,3.0,0.026,17.942,0.003,0.113,80.107,0.166,-0.532
00:00:09.651,1572871895885,1.442,-0.109,47.494,0.664,3.0,0.026,17.965,0.003,0.113,80.387,0.166,-0.532
00:00:09.715,1572871895949,1.442,-0.109,47.494,0.664,3.0,0.027000000000000003,17.989,0.003,0.113,80.687,0.16699999999999998,-0.532
00:00:09.716,1572871895950,1.442,-0.108,47.494,0.664,3.0,0.027000000000000003,18.012999999999995,0.003,0.113,80.987,0.16699999999999998,-0.532
00:00:09.717,1572871895951,1.442,-0.108,47.494,0.664,3.0,0.027000000000000003,18.037,0.003,0.113,81.28699999999998,0.16699999999999998,-0.532
00:00:09.757,1572871895991,1.4409999999999998,-0.108,47.494,0.664,3.0,0.027000000000000003,18.063,0.003,0.114,81.607,0.168,-0.532
00:00:09.758,1572871895992,1.4409999999999998,-0.108,47.494,0.664,3.0,0.028,18.087,0.003,0.114,81.908,0.168,-0.532
00:00:09.759,1572871895993,1.44,-0.107,47.494,0.664,3.0,0.028,18.109,0.003,0.114,82.191,0.168,-0.532
00:00:09.807,1572871896041,1.44,-0.107,47.494,0.664,3.0,0.028,18.135,0.003,0.114,82.512,0.168,-0.532
00:00:09.808,1572871896042,1.44,-0.107,47.494,0.664,3.0,0.028,18.157,0.003,0.114,82.795,0.16899999999999998,-0.532
00:00:09.809,1572871896043,1.439,-0.106,47.494,0.664,3.0,0.028,18.181,0.003,0.114,83.098,0.16899999999999998,-0.532
00:00:09.857,1572871896091,1.439,-0.106,47.494,0.664,3.0,0.029,18.207,0.003,0.114,83.42,0.16899999999999998,-0.532
00:00:09.858,1572871896092,1.4380000000000002,-0.105,47.494,0.664,3.0,0.029,18.23,0.003,0.114,83.72399999999998,0.16899999999999998,-0.532
00:00:09.859,1572871896093,1.4380000000000002,-0.105,47.494,0.664,3.0,0.029,18.253,0.003,0.114,84.009,0.16899999999999998,-0.532
00:00:09.907,1572871896141,1.4369999999999998,-0.104,47.494,0.664,3.0,0.029,18.277,0.003,0.115,84.314,0.16899999999999998,-0.532
00:00:09.908,1572871896142,1.4369999999999998,-0.104,47.494,0.664,3.0,0.029,18.302,0.003,0.115,84.637,0.16899999999999998,-0.532
00:00:09.909,1572871896143,1.4369999999999998,-0.103,47.494,0.664,3.0,0.029,18.325,0.003,0.115,84.92399999999998,0.16899999999999998,-0.532
00:00:09.958,1572871896192,1.436,-0.103,47.494,0.664,3.0,0.029,18.35,0.003,0.115,85.24799999999998,0.16899999999999998,-0.532
00:00:09.959,1572871896193,1.436,-0.103,47.494,0.664,3.0,0.029,18.373,0.003,0.115,85.535,0.16899999999999998,-0.532
00:00:09.960,1572871896194,1.435,-0.103,47.494,0.664,3.0,0.03,18.397,0.003,0.115,85.84200000000001,0.16899999999999998,-0.532
00:00:10.008,1572871896242,1.435,-0.102,47.494,0.664,3.0,0.03,18.422,0.003,0.115,86.16799999999998,0.168,-0.532
00:00:10.009,1572871896243,1.4340000000000002,-0.102,47.494,0.664,3.0,0.03,18.444000000000006,0.003,0.115,86.456,0.168,-0.532
00:00:10.010,1572871896244,1.4340000000000002,-0.101,47.494,0.664,3.0,0.03,18.468,0.003,0.115,86.76299999999998,0.168,-0.532
00:00:10.066,1572871896300,1.4340000000000002,-0.1,47.494,0.664,3.0,0.03,18.492,0.003,0.116,87.071,0.168,-0.532
00:00:10.067,1572871896301,1.433,-0.1,47.494,0.664,3.0,0.03,18.517,0.003,0.116,87.399,0.168,-0.532
00:00:10.068,1572871896302,1.433,-0.099,47.494,0.664,3.0,0.03,18.541,0.003,0.116,87.708,0.16699999999999998,-0.532
00:00:10.069,1572871896303,1.432,-0.098,47.494,0.664,3.0,0.03,18.565,0.003,0.116,88.01700000000002,0.16699999999999998,-0.532
00:00:10.117,1572871896351,1.432,-0.097,47.494,0.664,3.0,0.03,18.588,0.003,0.116,88.307,0.16699999999999998,-0.532
00:00:10.118,1572871896352,1.431,-0.096,47.494,0.664,3.0,0.03,18.611,0.004,0.116,88.617,0.166,-0.532
00:00:10.119,1572871896353,1.431,-0.094,47.494,0.664,3.0,0.03,18.637,0.004,0.116,88.947,0.166,-0.532
00:00:10.168,1572871896402,1.431,-0.092,47.494,0.664,3.0,0.03,18.661,0.004,0.116,89.258,0.165,-0.532
00:00:10.169,1572871896403,1.43,-0.091,47.494,0.664,3.0,0.031,18.683,0.004,0.116,89.55,0.165,-0.532
00:00:10.170,1572871896404,1.43,-0.08800000000000001,47.494,0.664,3.0,0.031,18.708,0.004,0.117,89.881,0.16399999999999998,-0.532
00:00:10.219,1572871896453,1.429,-0.084,47.494,0.664,3.0,0.031,18.732,0.004,0.117,90.193,0.16399999999999998,-0.532
00:00:10.220,1572871896454,1.429,-0.08,47.494,0.664,3.0,0.031,18.756,0.004,0.117,90.505,0.163,-0.532
00:00:10.221,1572871896455,1.4280000000000002,-0.075,47.494,0.664,3.0,0.031,18.78,0.004,0.117,90.818,0.163,-0.532
00:00:10.269,1572871896503,1.4280000000000002,-0.069,47.494,0.664,3.0,0.031,18.803,0.005,0.117,91.131,0.162,-0.532
00:00:10.270,1572871896504,1.4280000000000002,-0.063,47.494,0.664,3.0,0.031,18.827,0.005,0.117,91.445,0.162,-0.532
00:00:10.271,1572871896505,1.4269999999999998,-0.056,47.494,0.664,3.0,0.031,18.851,0.005,0.117,91.759,0.161,-0.532
00:00:10.319,1572871896553,1.4269999999999998,-0.049,47.494,0.664,3.0,0.031,18.875,0.005,0.117,92.073,0.161,-0.532
00:00:10.320,1572871896554,1.426,-0.042,47.494,0.664,3.0,0.031,18.897,0.006,0.118,92.368,0.16,-0.532
00:00:10.321,1572871896555,1.426,-0.034,47.494,0.664,3.0,0.031,18.922,0.006,0.118,92.703,0.159,-0.532
00:00:10.370,1572871896604,1.426,-0.025,47.494,0.664,3.0,0.03,18.946,0.006,0.118,93.019,0.159,-0.532
00:00:10.371,1572871896605,1.425,-0.017,47.494,0.664,3.0,0.03,18.968,0.006,0.118,93.315,0.158,-0.532
00:00:10.372,1572871896606,1.425,-0.006999999999999999,47.494,0.664,3.0,0.029,18.994,0.006999999999999999,0.118,93.651,0.157,-0.532
00:00:10.421,1572871896655,1.4240000000000002,0.003,47.494,0.664,3.0,0.029,19.017,0.006999999999999999,0.118,93.968,0.157,-0.532
00:00:10.422,1572871896656,1.4240000000000002,0.012,47.494,0.664,3.0,0.028,19.041,0.006999999999999999,0.119,94.285,0.156,-0.532
00:00:10.423,1572871896657,1.4240000000000002,0.022,47.494,0.664,3.0,0.027000000000000003,19.065,0.006999999999999999,0.119,94.602,0.155,-0.532
00:00:10.477,1572871896711,1.423,0.03,47.494,0.664,3.0,0.026,19.089,0.006999999999999999,0.119,94.92,0.155,-0.532
00:00:10.478,1572871896712,1.423,0.038,47.494,0.664,3.0,0.024,19.111,0.006999999999999999,0.119,95.219,0.154,-0.532
00:00:10.479,1572871896713,1.422,0.045,47.494,0.664,3.0,0.023,19.136,0.006,0.119,95.557,0.154,-0.532
00:00:10.530,1572871896764,1.422,0.05,47.494,0.664,3.0,0.021,19.16,0.006,0.119,95.877,0.153,-0.532
00:00:10.531,1572871896765,1.421,0.055,47.494,0.664,3.0,0.019,19.183,0.005,0.12,96.196,0.152,-0.532
00:00:10.532,1572871896766,1.421,0.058,47.494,0.664,3.0,0.017,19.207,0.005,0.12,96.516,0.152,-0.532
00:00:10.574,1572871896808,1.42,0.061,47.494,0.664,3.0,0.015,19.231,0.004,0.12,96.836,0.151,-0.532
00:00:10.575,1572871896809,1.42,0.064,47.494,0.664,3.0,0.014,19.254,0.003,0.12,97.157,0.151,-0.532
00:00:10.576,1572871896810,1.419,0.067,47.494,0.664,3.0,0.012,19.278,0.002,0.12,97.478,0.15,-0.532
00:00:10.621,1572871896855,1.419,0.07,47.494,0.664,3.0,0.01,19.302,0.001,0.12,97.8,0.15,-0.532
00:00:10.622,1572871896856,1.418,0.07400000000000001,47.494,0.664,3.0,0.009000000000000001,19.325,0.0,0.12,98.122,0.149,-0.532
00:00:10.623,1572871896857,1.418,0.078,47.494,0.664,3.0,0.006999999999999999,19.349,-0.001,0.12,98.444,0.149,-0.532
00:00:10.675,1572871896909,1.4169999999999998,0.08199999999999999,47.494,0.664,3.0,0.006,19.372,-0.002,0.12,98.767,0.14800000000000002,-0.532
00:00:10.676,1572871896910,1.4169999999999998,0.086,47.494,0.664,3.0,0.005,19.396,-0.002,0.119,99.09,0.14800000000000002,-0.532
00:00:10.677,1572871896911,1.416,0.09,47.494,0.664,3.0,0.003,19.42,-0.003,0.119,99.413,0.14800000000000002,-0.532
00:00:10.730,1572871896964,1.416,0.094,47.494,0.664,3.0,0.002,19.443,-0.004,0.119,99.737,0.147,-0.532
00:00:10.731,1572871896965,1.416,0.097,47.494,0.664,3.0,0.0,19.467,-0.004,0.119,100.061,0.147,-0.532
00:00:10.732,1572871896966,1.415,0.1,47.494,0.664,3.0,-0.001,19.49,-0.005,0.119,100.386,0.147,-0.532
00:00:10.793,1572871897027,1.415,0.102,47.64,0.664,3.0,-0.002,19.514,-0.005,0.12,100.711,0.146,-0.532
00:00:10.794,1572871897028,1.415,0.103,47.64,0.664,3.0,-0.004,19.538,-0.005,0.12,101.036,0.146,-0.532
00:00:10.795,1572871897029,1.414,0.103,47.64,0.664,3.0,-0.005,19.561,-0.006,0.12,101.362,0.146,-0.532
00:00:10.796,1572871897030,1.414,0.103,47.64,0.664,3.0,-0.006,19.585,-0.006,0.12,101.688,0.146,-0.532
00:00:10.842,1572871897076,1.414,0.103,47.64,0.664,3.0,-0.006999999999999999,19.608,-0.006,0.12,102.015,0.146,-0.532
00:00:10.843,1572871897077,1.414,0.102,47.64,0.664,3.0,-0.008,19.632,-0.006,0.12,102.342,0.145,-0.532
00:00:10.844,1572871897078,1.414,0.101,47.64,0.664,3.0,-0.009000000000000001,19.655,-0.006,0.12,102.669,0.145,-0.532
00:00:10.882,1572871897116,1.413,0.1,47.64,0.664,3.0,-0.01,19.679,-0.006,0.12,102.997,0.145,-0.532
00:00:10.883,1572871897117,1.413,0.099,47.64,0.664,3.0,-0.011,19.702,-0.006,0.12,103.325,0.145,-0.532
00:00:10.884,1572871897118,1.412,0.097,47.64,0.664,3.0,-0.012,19.726,-0.006,0.121,103.654,0.145,-0.532
00:00:10.932,1572871897166,1.412,0.096,47.64,0.664,3.0,-0.013,19.749,-0.006,0.121,103.983,0.145,-0.532
00:00:10.933,1572871897167,1.411,0.094,47.64,0.664,3.0,-0.014,19.773,-0.006,0.121,104.312,0.145,-0.532
00:00:10.934,1572871897168,1.411,0.093,47.494,0.664,3.0,-0.014,19.797,-0.006,0.121,104.642,0.145,-0.532
00:00:10.982,1572871897216,1.411,0.091,47.494,0.664,3.0,-0.015,19.82,-0.006,0.121,104.972,0.145,-0.532
00:00:10.983,1572871897217,1.41,0.09,47.494,0.664,3.0,-0.016,19.843,-0.006,0.121,105.303,0.145,-0.532
00:00:10.984,1572871897218,1.409,0.08800000000000001,47.494,0.664,3.0,-0.016,19.867,-0.006,0.122,105.634,0.146,-0.532
00:00:11.033,1572871897267,1.408,0.086,47.494,0.664,3.0,-0.017,19.89,-0.005,0.122,105.965,0.146,-0.532
00:00:11.034,1572871897268,1.408,0.085,47.494,0.664,3.0,-0.017,19.914,-0.005,0.122,106.297,0.146,-0.5329999999999999
00:00:11.035,1572871897269,1.4069999999999998,0.083,47.64,0.664,3.0,-0.018000000000000002,19.937,-0.005,0.122,106.629,0.146,-0.5329999999999999
00:00:11.083,1572871897317,1.4069999999999998,0.081,47.64,0.664,3.0,-0.018000000000000002,19.961,-0.005,0.122,106.961,0.146,-0.5329999999999999
00:00:11.084,1572871897318,1.4069999999999998,0.079,47.64,0.664,3.0,-0.019,19.984,-0.005,0.122,107.294,0.147,-0.5329999999999999
00:00:11.085,1572871897319,1.4069999999999998,0.077,47.64,0.664,3.0,-0.019,20.008,-0.005,0.122,107.627,0.147,-0.5329999999999999
00:00:11.144,1572871897378,1.4069999999999998,0.075,47.64,0.664,3.0,-0.019,20.031,-0.005,0.123,107.961,0.147,-0.5329999999999999
00:00:11.145,1572871897379,1.406,0.073,47.64,0.664,3.0,-0.019,20.055,-0.005,0.123,108.295,0.14800000000000002,-0.5329999999999999
00:00:11.146,1572871897380,1.406,0.07,47.64,0.664,3.0,-0.02,20.078,-0.005,0.123,108.63,0.14800000000000002,-0.5329999999999999
00:00:11.184,1572871897418,1.405,0.067,47.64,0.664,3.0,-0.02,20.101,-0.005,0.123,108.964,0.14800000000000002,-0.5329999999999999
00:00:11.185,1572871897419,1.405,0.065,47.64,0.664,3.0,-0.02,20.125,-0.005,0.123,109.3,0.149,-0.5329999999999999
00:00:11.186,1572871897420,1.405,0.062,47.64,0.664,3.0,-0.021,20.148,-0.005,0.123,109.635,0.149,-0.5329999999999999
00:00:11.246,1572871897480,1.404,0.059,47.64,0.664,3.0,-0.021,20.172,-0.005,0.123,109.971,0.149,-0.5329999999999999
00:00:11.247,1572871897481,1.404,0.056,47.64,0.664,3.0,-0.021,20.195,-0.005,0.123,110.308,0.15,-0.5329999999999999
00:00:11.248,1572871897482,1.403,0.053,47.64,0.664,3.0,-0.021,20.218,-0.005,0.123,110.644,0.15,-0.5329999999999999
00:00:11.289,1572871897523,1.403,0.049,47.64,0.664,3.0,-0.021,20.242,-0.005,0.123,110.982,0.151,-0.5329999999999999
00:00:11.290,1572871897524,1.402,0.046,47.64,0.664,3.0,-0.021,20.265,-0.005,0.123,111.319,0.151,-0.5329999999999999
00:00:11.291,1572871897525,1.402,0.042,47.64,0.664,3.0,-0.021,20.288,-0.005,0.124,111.657,0.152,-0.5329999999999999
00:00:11.344,1572871897578,1.402,0.038,47.64,0.664,3.0,-0.021,20.312,-0.005,0.124,111.995,0.152,-0.5329999999999999
00:00:11.345,1572871897579,1.401,0.035,47.64,0.664,3.0,-0.021,20.335,-0.005,0.124,112.334,0.153,-0.5329999999999999
00:00:11.346,1572871897580,1.401,0.033,47.64,0.664,3.0,-0.02,20.359,-0.005,0.124,112.673,0.153,-0.5329999999999999
00:00:11.400,1572871897634,1.4,0.03,47.64,0.664,3.0,-0.02,20.382,-0.005,0.124,113.013,0.154,-0.5329999999999999
00:00:11.401,1572871897635,1.4,0.027000000000000003,47.64,0.664,3.0,-0.02,20.405,-0.004,0.124,113.353,0.154,-0.5329999999999999
00:00:11.402,1572871897636,1.399,0.025,47.64,0.664,3.0,-0.019,20.428,-0.004,0.124,113.693,0.155,-0.5329999999999999
00:00:11.446,1572871897680,1.399,0.021,47.64,0.664,3.0,-0.019,20.452,-0.004,0.124,114.034,0.155,-0.5329999999999999
00:00:11.447,1572871897681,1.399,0.018000000000000002,47.64,0.664,3.0,-0.019,20.475,-0.004,0.124,114.375,0.156,-0.5329999999999999
00:00:11.448,1572871897682,1.398,0.014,47.64,0.664,3.0,-0.018000000000000002,20.498,-0.004,0.124,114.716,0.156,-0.5329999999999999
00:00:11.496,1572871897730,1.398,0.01,47.64,0.664,3.0,-0.018000000000000002,20.522,-0.004,0.124,115.058,0.157,-0.5329999999999999
00:00:11.497,1572871897731,1.3969999999999998,0.006,47.64,0.664,3.0,-0.017,20.545,-0.004,0.124,115.4,0.157,-0.5329999999999999
00:00:11.498,1572871897732,1.3969999999999998,0.003,47.64,0.664,3.0,-0.017,20.568,-0.003,0.124,115.743,0.158,-0.5329999999999999
00:00:11.552,1572871897786,1.396,0.0,47.64,0.664,3.0,-0.016,20.591,-0.003,0.124,116.086,0.159,-0.5329999999999999
00:00:11.553,1572871897787,1.396,-0.002,47.64,0.664,3.0,-0.015,20.615,-0.003,0.125,116.429,0.159,-0.5329999999999999
00:00:11.554,1572871897788,1.395,-0.004,47.64,0.664,3.0,-0.015,20.638,-0.003,0.125,116.773,0.16,-0.5329999999999999
00:00:11.606,1572871897840,1.394,-0.006,47.64,0.664,3.0,-0.014,20.661,-0.002,0.125,117.117,0.16,-0.5329999999999999
00:00:11.607,1572871897841,1.394,-0.009000000000000001,47.64,0.664,3.0,-0.013,20.684,-0.002,0.125,117.462,0.161,-0.5329999999999999
00:00:11.608,1572871897842,1.393,-0.012,47.64,0.664,3.0,-0.013,20.708,-0.002,0.125,117.807,0.161,-0.5329999999999999
00:00:11.609,1572871897843,1.393,-0.015,47.64,0.664,3.0,-0.012,20.731,-0.001,0.125,118.152,0.162,-0.5329999999999999
00:00:11.648,1572871897882,1.392,-0.018000000000000002,47.64,0.664,3.0,-0.012,20.754,-0.001,0.125,118.498,0.162,-0.5329999999999999
00:00:11.649,1572871897883,1.392,-0.022,47.64,0.664,3.0,-0.011,20.777,-0.001,0.125,118.844,0.163,-0.5329999999999999
00:00:11.650,1572871897884,1.391,-0.026,47.64,0.664,3.0,-0.01,20.8,-0.001,0.125,119.19,0.163,-0.5329999999999999
00:00:11.698,1572871897932,1.391,-0.03,47.64,0.664,3.0,-0.01,20.824,0.0,0.125,119.537,0.16399999999999998,-0.5329999999999999
00:00:11.699,1572871897933,1.39,-0.033,47.64,0.664,3.0,-0.009000000000000001,20.847,0.0,0.125,119.884,0.16399999999999998,-0.5329999999999999
00:00:11.700,1572871897934,1.39,-0.037000000000000005,47.64,0.664,3.0,-0.008,20.87,0.0,0.125,120.232,0.165,-0.5329999999999999
00:00:11.749,1572871897983,1.389,-0.04,47.64,0.664,3.0,-0.006999999999999999,20.893,0.0,0.125,120.58,0.165,-0.5329999999999999
00:00:11.750,1572871897984,1.388,-0.043,47.64,0.664,3.0,-0.006999999999999999,20.916,0.001,0.126,120.929,0.166,-0.5329999999999999
00:00:11.751,1572871897985,1.388,-0.045,47.64,0.664,3.0,-0.006,20.939,0.001,0.126,121.277,0.166,-0.5329999999999999
00:00:11.800,1572871898034,1.3869999999999998,-0.046,47.64,0.664,3.0,-0.005,20.962,0.001,0.126,121.627,0.16699999999999998,-0.5329999999999999
00:00:11.801,1572871898035,1.3869999999999998,-0.047,47.64,0.664,3.0,-0.004,20.986,0.002,0.126,121.976,0.16699999999999998,-0.5329999999999999
00:00:11.802,1572871898036,1.386,-0.048,47.64,0.664,3.0,-0.003,21.009,0.002,0.126,122.326,0.168,-0.5329999999999999
00:00:11.853,1572871898087,1.386,-0.049,47.64,0.664,3.0,-0.002,21.032,0.002,0.126,122.676,0.168,-0.5329999999999999
00:00:11.854,1572871898088,1.385,-0.049,47.64,0.664,3.0,-0.001,21.055,0.003,0.126,123.027,0.16899999999999998,-0.5329999999999999
00:00:11.855,1572871898089,1.385,-0.05,47.64,0.664,3.0,0.0,21.078000000000007,0.003,0.126,123.378,0.16899999999999998,-0.5329999999999999
00:00:11.902,1572871898136,1.384,-0.051,47.64,0.664,3.0,0.0,21.101,0.003,0.126,123.73,0.16899999999999998,-0.5329999999999999
00:00:11.903,1572871898137,1.384,-0.051,47.64,0.664,3.0,0.001,21.124,0.003,0.126,124.082,0.17,-0.5329999999999999
00:00:11.904,1572871898138,1.383,-0.052000000000000005,47.64,0.664,3.0,0.002,21.147,0.004,0.126,124.434,0.17,-0.5329999999999999
00:00:11.953,1572871898187,1.383,-0.053,47.64,0.664,3.0,0.003,21.17,0.004,0.126,124.787,0.17,-0.5329999999999999
00:00:11.954,1572871898188,1.382,-0.054000000000000006,47.64,0.664,3.0,0.003,21.193,0.004,0.127,125.14,0.171,-0.5329999999999999
00:00:11.955,1572871898189,1.382,-0.055,47.64,0.664,3.0,0.004,21.216,0.004,0.127,125.493,0.171,-0.5329999999999999
00:00:12.021,1572871898255,1.381,-0.057,47.64,0.664,3.0,0.004,21.239,0.004,0.127,125.847,0.171,-0.5329999999999999
00:00:12.022,1572871898256,1.381,-0.057,47.64,0.664,3.0,0.005,21.262,0.004,0.127,126.201,0.171,-0.5329999999999999
00:00:12.023,1572871898257,1.38,-0.058,47.64,0.664,3.0,0.006,21.285,0.005,0.127,126.556,0.172,-0.5329999999999999
00:00:12.053,1572871898287,1.38,-0.057,47.64,0.664,3.0,0.006,21.308000000000003,0.005,0.127,126.91,0.172,-0.5329999999999999
00:00:12.054,1572871898288,1.379,-0.057,47.787,0.664,3.0,0.006999999999999999,21.331,0.005,0.127,127.266,0.172,-0.5329999999999999
00:00:12.055,1572871898289,1.379,-0.057,47.787,0.664,3.0,0.006999999999999999,21.354,0.005,0.127,127.622,0.172,-0.5329999999999999
00:00:12.103,1572871898337,1.378,-0.056,47.787,0.664,3.0,0.008,21.377,0.005,0.127,127.978,0.173,-0.5329999999999999
00:00:12.104,1572871898338,1.378,-0.055,47.787,0.664,3.0,0.008,21.4,0.005,0.127,128.334,0.173,-0.5329999999999999
00:00:12.105,1572871898339,1.378,-0.055,47.787,0.664,3.0,0.009000000000000001,21.423,0.005,0.127,128.691,0.173,-0.5329999999999999
00:00:12.160,1572871898394,1.378,-0.054000000000000006,47.787,0.664,3.0,0.009000000000000001,21.446,0.005,0.127,129.048,0.173,-0.5329999999999999
00:00:12.161,1572871898395,1.3769999999999998,-0.053,47.787,0.664,3.0,0.01,21.469,0.005,0.128,129.406,0.173,-0.5329999999999999
00:00:12.162,1572871898396,1.3769999999999998,-0.053,47.787,0.664,3.0,0.01,21.492,0.005,0.128,129.764,0.173,-0.5329999999999999
00:00:12.211,1572871898445,1.376,-0.052000000000000005,47.787,0.664,3.0,0.01,21.515,0.005,0.128,130.122,0.173,-0.5329999999999999
00:00:12.212,1572871898446,1.375,-0.051,47.787,0.664,3.0,0.011,21.538,0.005,0.128,130.481,0.173,-0.5329999999999999
00:00:12.213,1572871898447,1.375,-0.05,47.787,0.664,3.0,0.011,21.561,0.005,0.128,130.84,0.174,-0.5329999999999999
00:00:12.270,1572871898504,1.374,-0.049,47.787,0.664,3.0,0.011,21.583,0.004,0.128,131.2,0.174,-0.5329999999999999
00:00:12.271,1572871898505,1.374,-0.047,47.787,0.664,3.0,0.012,21.606,0.004,0.128,131.56,0.174,-0.5329999999999999
00:00:12.272,1572871898506,1.3730000000000002,-0.046,47.787,0.664,3.0,0.012,21.629,0.004,0.128,131.92,0.174,-0.5329999999999999
00:00:12.273,1572871898507,1.3730000000000002,-0.044,47.787,0.664,3.0,0.012,21.652,0.004,0.128,132.281,0.174,-0.5329999999999999
00:00:12.321,1572871898555,1.372,-0.041,47.787,0.664,3.0,0.012,21.675,0.004,0.128,132.642,0.174,-0.5329999999999999
00:00:12.322,1572871898556,1.372,-0.039,47.787,0.664,3.0,0.013,21.698,0.004,0.128,133.003,0.174,-0.5329999999999999
00:00:12.323,1572871898557,1.371,-0.036000000000000004,47.787,0.664,3.0,0.013,21.721,0.004,0.129,133.365,0.174,-0.5329999999999999
00:00:12.378,1572871898612,1.371,-0.032,47.787,0.664,3.0,0.013,21.743,0.004,0.129,133.727,0.174,-0.5329999999999999
00:00:12.379,1572871898613,1.37,-0.028,47.787,0.664,3.0,0.013,21.766,0.004,0.129,134.09,0.174,-0.5329999999999999
00:00:12.380,1572871898614,1.37,-0.024,47.787,0.664,3.0,0.013,21.789,0.004,0.129,134.453,0.174,-0.5329999999999999
00:00:12.421,1572871898655,1.369,-0.02,47.787,0.664,3.0,0.013,21.812,0.004,0.129,134.816,0.174,-0.5329999999999999
00:00:12.422,1572871898656,1.369,-0.016,47.787,0.664,3.0,0.013,21.835,0.005,0.129,135.18,0.174,-0.5329999999999999
00:00:12.423,1572871898657,1.368,-0.012,47.787,0.664,3.0,0.013,21.858,0.005,0.129,135.54399999999998,0.174,-0.5329999999999999
00:00:12.471,1572871898705,1.368,-0.008,47.64,0.664,3.0,0.013,21.88,0.004,0.129,135.908,0.173,-0.5329999999999999
00:00:12.472,1572871898706,1.367,-0.005,47.64,0.664,3.0,0.013,21.903,0.004,0.129,136.273,0.173,-0.5329999999999999
00:00:12.473,1572871898707,1.366,-0.003,47.64,0.664,3.0,0.012,21.926,0.004,0.129,136.638,0.173,-0.5329999999999999
00:00:12.521,1572871898755,1.365,-0.001,47.64,0.664,3.0,0.012,21.949,0.004,0.129,137.004,0.173,-0.5329999999999999
00:00:12.522,1572871898756,1.365,0.001,47.64,0.664,3.0,0.011,21.971,0.004,0.13,137.37,0.173,-0.5329999999999999
00:00:12.523,1572871898757,1.364,0.003,47.64,0.664,3.0,0.011,21.994,0.003,0.13,137.736,0.173,-0.5329999999999999
00:00:12.572,1572871898806,1.3630000000000002,0.004,38.778,0.664,3.0,0.01,22.017,0.003,0.13,138.10299999999998,0.173,-0.5329999999999999
00:00:12.573,1572871898807,1.358,0.006,38.778,0.664,3.0,0.01,22.039,0.003,0.13,138.47,0.173,-0.5329999999999999
00:00:12.574,1572871898808,1.34,0.006999999999999999,38.778,0.664,3.0,0.009000000000000001,22.061,0.002,0.13,138.838,0.173,-0.5329999999999999
00:00:12.624,1572871898858,1.3130000000000002,0.009000000000000001,38.778,0.664,3.0,0.009000000000000001,22.083,0.002,0.129,139.20600000000002,0.173,-0.5329999999999999
00:00:12.625,1572871898859,1.289,0.01,38.778,0.664,3.0,0.008,22.104,0.001,0.129,139.57399999999998,0.173,-0.5329999999999999
00:00:12.626,1572871898860,1.274,0.012,38.778,0.664,3.0,0.006999999999999999,22.125,0.001,0.128,139.94299999999998,0.173,-0.5329999999999999
00:00:12.674,1572871898908,1.268,0.013,17.756,0.664,3.0,0.006999999999999999,22.146,0.0,0.128,140.312,0.173,-0.5329999999999999
00:00:12.675,1572871898909,1.232,0.015,17.756,0.664,3.0,0.006,22.166,0.0,0.127,140.681,0.173,-0.5329999999999999
00:00:12.676,1572871898910,1.12,0.017,17.756,0.664,3.0,0.006,22.182,-0.001,0.126,141.05,0.173,-0.5329999999999999
00:00:12.729,1572871898963,0.962,0.018000000000000002,17.756,0.664,3.0,0.005,22.196,-0.001,0.123,141.42,0.173,-0.5329999999999999
00:00:12.730,1572871898964,0.81,0.018000000000000002,17.756,0.664,3.0,0.005,22.208,-0.001,0.12,141.79,0.173,-0.5329999999999999
00:00:12.731,1572871898965,0.695,0.019,17.756,0.664,3.0,0.004,22.218000000000004,-0.002,0.116,142.16,0.173,-0.5329999999999999
00:00:12.781,1572871899015,0.623,0.019,1.936,0.664,3.0,0.004,22.228,-0.002,0.112,142.531,0.173,-0.5329999999999999
00:00:12.782,1572871899016,0.545,0.02,1.936,0.664,3.0,0.003,22.235,-0.002,0.106,142.901,0.173,-0.5329999999999999
00:00:12.783,1572871899017,0.324,0.021,1.936,0.664,3.0,0.003,22.237,-0.003,0.099,143.27200000000005,0.173,-0.5329999999999999
00:00:12.784,1572871899018,0.045,0.022,1.936,0.664,3.0,0.002,22.234,-0.003,0.091,143.643,0.173,-0.5329999999999999
00:00:12.832,1572871899066,-0.066,0.022,1.936,0.664,3.0,0.002,22.233,-0.003,0.081,144.013,0.173,-0.5329999999999999
00:00:12.833,1572871899067,-0.054000000000000006,0.022,1.936,0.664,3.0,0.002,22.232,-0.003,0.07200000000000001,144.384,0.173,-0.5329999999999999
00:00:12.834,1572871899068,-0.069,0.022,1.13,0.664,3.0,0.001,22.23,-0.003,0.061,144.754,0.173,-0.5329999999999999
00:00:12.896,1572871899130,-0.105,0.022,1.13,0.664,3.0,0.001,22.228,-0.003,0.05,145.125,0.173,-0.5329999999999999
00:00:12.897,1572871899131,-0.135,0.021,1.13,0.664,3.0,0.001,22.226,-0.003,0.039,145.495,0.173,-0.5329999999999999
00:00:12.898,1572871899132,-0.155,0.021,1.13,0.664,3.0,0.0,22.22300000000001,-0.003,0.027000000000000003,145.866,0.173,-0.5329999999999999
00:00:12.935,1572871899169,-0.17,0.02,1.13,0.664,3.0,0.0,22.22,-0.003,0.016,146.236,0.173,-0.532
00:00:12.936,1572871899170,-0.181,0.019,1.13,0.664,3.0,-0.001,22.217,-0.003,0.004,146.606,0.173,-0.532
00:00:12.937,1572871899171,-0.191,0.018000000000000002,1.13,0.664,3.0,-0.001,22.213,-0.003,-0.006999999999999999,146.976,0.173,-0.532
00:00:12.988,1572871899222,-0.2,0.017,1.13,0.664,3.0,-0.001,22.21,-0.002,-0.018000000000000002,147.347,0.173,-0.532
00:00:12.989,1572871899223,-0.207,0.016,1.13,0.664,3.0,-0.001,22.206,-0.002,-0.029,147.717,0.173,-0.532
00:00:12.990,1572871899224,-0.214,0.015,1.13,0.664,3.0,-0.001,22.20300000000001,-0.002,-0.04,148.08700000000005,0.174,-0.532
00:00:13.035,1572871899269,-0.221,0.014,1.13,0.664,3.0,-0.002,22.199,-0.002,-0.05,148.457,0.174,-0.532
00:00:13.036,1572871899270,-0.227,0.013,1.13,0.664,3.0,-0.002,22.195,-0.002,-0.06,148.827,0.174,-0.532
00:00:13.037,1572871899271,-0.232,0.012,1.13,0.664,3.0,-0.002,22.191,-0.002,-0.069,149.197,0.174,-0.531
00:00:13.090,1572871899324,-0.237,0.011,1.13,0.664,3.0,-0.002,22.187,-0.001,-0.077,149.567,0.174,-0.531
00:00:13.091,1572871899325,-0.242,0.01,1.13,0.664,3.0,-0.002,22.183000000000003,-0.001,-0.085,149.936,0.174,-0.531
00:00:13.092,1572871899326,-0.246,0.009000000000000001,1.13,0.664,3.0,-0.002,22.179,-0.001,-0.092,150.306,0.174,-0.531
00:00:13.135,1572871899369,-0.25,0.008,1.13,0.664,3.0,-0.002,22.174,-0.001,-0.099,150.67600000000004,0.174,-0.531
00:00:13.136,1572871899370,-0.253,0.006999999999999999,1.13,0.664,3.0,-0.002,22.17,-0.001,-0.104,151.045,0.174,-0.531
00:00:13.137,1572871899371,-0.256,0.006999999999999999,1.276,0.664,3.0,-0.002,22.166,-0.001,-0.109,151.415,0.174,-0.531
00:00:13.189,1572871899423,-0.256,0.006,1.276,0.664,3.0,-0.002,22.162,-0.001,-0.113,151.784,0.174,-0.531
00:00:13.190,1572871899424,-0.258,0.006999999999999999,1.276,0.664,3.0,-0.002,22.157,0.0,-0.116,152.153,0.175,-0.532
00:00:13.191,1572871899425,-0.259,0.006999999999999999,1.276,0.664,3.0,-0.002,22.153,0.0,-0.118,152.523,0.175,-0.532
00:00:13.241,1572871899475,-0.261,0.008,1.276,0.664,3.0,-0.002,22.149,0.0,-0.12,152.892,0.175,-0.532
00:00:13.242,1572871899476,-0.263,0.01,1.276,0.664,3.0,-0.002,22.144,0.0,-0.12,153.261,0.175,-0.532
00:00:13.243,1572871899477,-0.263,0.012,1.643,0.664,3.0,-0.002,22.14,0.0,-0.12,153.63,0.175,-0.532
00:00:13.292,1572871899526,-0.259,0.016,1.643,0.664,3.0,-0.002,22.136,0.0,-0.12,153.999,0.175,-0.532
00:00:13.293,1572871899527,-0.256,0.019,1.643,0.664,3.0,-0.002,22.131,0.001,-0.118,154.368,0.175,-0.5329999999999999
00:00:13.294,1572871899528,-0.255,0.024,1.643,0.664,3.0,-0.002,22.127,0.001,-0.117,154.737,0.175,-0.5329999999999999
00:00:13.351,1572871899585,-0.256,0.028,1.643,0.664,3.0,-0.002,22.123,0.001,-0.115,155.105,0.17600000000000002,-0.5329999999999999
00:00:13.352,1572871899586,-0.257,0.032,1.643,0.664,3.0,-0.002,22.119,0.001,-0.112,155.474,0.17600000000000002,-0.5329999999999999
00:00:13.353,1572871899587,-0.257,0.036000000000000004,1.936,0.664,3.0,-0.003,22.114,0.001,-0.109,155.866,0.17600000000000002,-0.534
00:00:13.354,1572871899588,-0.254,0.037000000000000005,1.936,0.664,3.0,-0.003,22.11,0.001,-0.107,156.211,0.17600000000000002,-0.534
00:00:13.399,1572871899633,-0.252,0.039,1.936,0.664,3.0,-0.004,22.106,0.001,-0.104,156.58,0.17600000000000002,-0.534
00:00:13.400,1572871899634,-0.251,0.039,1.936,0.664,3.0,-0.004,22.102,0.001,-0.101,156.94799999999995,0.17600000000000002,-0.534
00:00:13.401,1572871899635,-0.252,0.039,1.936,0.664,3.0,-0.005,22.09800000000001,0.001,-0.098,157.316,0.177,-0.534
00:00:13.454,1572871899688,-0.252,0.04,1.936,0.664,3.0,-0.005,22.093000000000004,0.0,-0.095,157.685,0.177,-0.534
00:00:13.455,1572871899689,-0.252,0.041,2.302,0.664,3.0,-0.006,22.089,0.0,-0.092,158.053,0.177,-0.535
00:00:13.456,1572871899690,-0.247,0.041,2.302,0.664,3.0,-0.006,22.085,0.0,-0.09,158.421,0.177,-0.535
00:00:13.500,1572871899734,-0.243,0.042,2.302,0.664,3.0,-0.006999999999999999,22.081,-0.001,-0.087,158.789,0.17800000000000002,-0.535
00:00:13.501,1572871899735,-0.242,0.044,2.302,0.664,3.0,-0.006999999999999999,22.077,-0.001,-0.085,159.157,0.17800000000000002,-0.535
00:00:13.502,1572871899736,-0.242,0.045,2.302,0.664,3.0,-0.008,22.073,-0.002,-0.08199999999999999,159.525,0.17800000000000002,-0.535
00:00:13.550,1572871899784,-0.242,0.047,2.302,0.664,3.0,-0.008,22.06900000000001,-0.002,-0.08,159.893,0.17800000000000002,-0.535
00:00:13.551,1572871899785,-0.242,0.049,2.595,0.664,3.0,-0.008,22.065,-0.003,-0.078,160.261,0.179,-0.535
00:00:13.552,1572871899786,-0.239,0.051,2.595,0.664,3.0,-0.009000000000000001,22.061,-0.003,-0.077,160.651,0.179,-0.535
00:00:13.600,1572871899834,-0.234,0.052000000000000005,2.595,0.664,3.0,-0.009000000000000001,22.057,-0.003,-0.075,160.996,0.179,-0.535
00:00:13.601,1572871899835,-0.233,0.053,2.595,0.664,3.0,-0.01,22.053,-0.004,-0.07400000000000001,161.363,0.18,-0.535
00:00:13.602,1572871899836,-0.233,0.053,2.595,0.664,3.0,-0.01,22.049,-0.004,-0.073,161.731,0.18,-0.535
00:00:13.650,1572871899884,-0.233,0.053,2.595,0.664,3.0,-0.011,22.046,-0.004,-0.07200000000000001,162.09799999999996,0.18,-0.535
00:00:13.651,1572871899885,-0.234,0.052000000000000005,3.62,0.664,3.0,-0.011,22.042,-0.004,-0.071,162.466,0.181,-0.535
00:00:13.652,1572871899886,-0.233,0.052000000000000005,3.62,0.664,3.0,-0.011,22.038,-0.005,-0.071,162.833,0.181,-0.535
00:00:13.708,1572871899942,-0.227,0.051,3.62,0.664,3.0,-0.012,22.034,-0.005,-0.07,163.2,0.182,-0.535
00:00:13.709,1572871899943,-0.219,0.05,3.62,0.664,3.0,-0.012,22.031,-0.005,-0.07,163.56799999999996,0.182,-0.535
00:00:13.710,1572871899944,-0.213,0.049,3.62,0.664,3.0,-0.012,22.028,-0.005,-0.07,163.843,0.182,-0.535
00:00:13.766,1572871900000,-0.207,0.047,3.62,0.664,3.0,-0.013,22.024,-0.005,-0.069,164.233,0.183,-0.535
00:00:13.767,1572871900001,-0.203,0.045,4.792,0.664,3.0,-0.013,22.021,-0.005,-0.069,164.577,0.183,-0.535
00:00:13.768,1572871900002,-0.2,0.043,4.792,0.664,3.0,-0.013,22.018,-0.005,-0.069,164.94400000000005,0.184,-0.535
00:00:13.809,1572871900043,-0.195,0.041,4.792,0.664,3.0,-0.013,22.015,-0.005,-0.069,165.31099999999995,0.184,-0.535
00:00:13.810,1572871900044,-0.189,0.039,4.792,0.664,3.0,-0.013,22.012,-0.005,-0.069,165.701,0.185,-0.535
00:00:13.811,1572871900045,-0.183,0.038,4.792,0.664,3.0,-0.013,22.009,-0.005,-0.07,166.045,0.185,-0.535
00:00:13.859,1572871900093,-0.17600000000000002,0.036000000000000004,4.792,0.664,3.0,-0.013,22.006,-0.005,-0.07,166.412,0.18600000000000005,-0.535
00:00:13.860,1572871900094,-0.17,0.034,5.818,0.664,3.0,-0.013,22.003,-0.005,-0.07,166.778,0.18600000000000005,-0.534
00:00:13.861,1572871900095,-0.165,0.033,5.818,0.664,3.0,-0.013,22.001,-0.005,-0.07,167.145,0.187,-0.534
00:00:13.909,1572871900143,-0.159,0.031,5.818,0.664,3.0,-0.013,21.998,-0.004,-0.07,167.535,0.188,-0.534
00:00:13.910,1572871900144,-0.152,0.029,5.818,0.664,3.0,-0.013,21.996,-0.004,-0.07,167.878,0.188,-0.534
00:00:13.911,1572871900145,-0.14300000000000002,0.027000000000000003,5.818,0.664,3.0,-0.013,21.993,-0.004,-0.07,168.245,0.189,-0.534
00:00:13.959,1572871900193,-0.136,0.025,5.818,0.664,3.0,-0.013,21.991,-0.004,-0.07,168.612,0.189,-0.534
00:00:13.960,1572871900194,-0.131,0.022,8.454,0.664,3.0,-0.013,21.989,-0.003,-0.07,168.97799999999995,0.19,-0.534
00:00:13.961,1572871900195,-0.126,0.019,8.454,0.664,3.0,-0.013,21.987,-0.003,-0.07,169.34400000000005,0.19,-0.534
00:00:14.016,1572871900250,-0.113,0.016,8.454,0.664,3.0,-0.012,21.985,-0.003,-0.07,169.71099999999996,0.191,-0.534
00:00:14.017,1572871900251,-0.091,0.012,8.454,0.664,3.0,-0.012,21.984,-0.003,-0.069,170.077,0.192,-0.534
00:00:14.018,1572871900252,-0.066,0.009000000000000001,8.454,0.664,3.0,-0.012,21.983,-0.002,-0.069,170.44400000000005,0.192,-0.534
00:00:14.059,1572871900293,-0.046,0.005,8.454,0.664,3.0,-0.012,21.983,-0.002,-0.068,170.833,0.193,-0.534
00:00:14.060,1572871900294,-0.035,0.002,9.626,0.664,3.0,-0.011,21.982,-0.002,-0.066,171.199,0.193,-0.534
00:00:14.061,1572871900295,-0.032,0.0,9.626,0.664,3.0,-0.011,21.982,-0.002,-0.065,171.543,0.194,-0.534
00:00:14.114,1572871900348,-0.029,-0.003,9.626,0.664,3.0,-0.011,21.982,-0.002,-0.064,171.90900000000005,0.194,-0.534
00:00:14.115,1572871900349,-0.024,-0.006,9.626,0.664,3.0,-0.01,21.981,-0.001,-0.062,172.298,0.195,-0.534
00:00:14.116,1572871900350,-0.018000000000000002,-0.008,9.626,0.664,3.0,-0.01,21.981,-0.001,-0.061,172.642,0.196,-0.534
00:00:14.165,1572871900399,-0.013,-0.01,9.626,0.664,3.0,-0.009000000000000001,21.981,-0.001,-0.059,173.00799999999995,0.196,-0.534
00:00:14.166,1572871900400,-0.009000000000000001,-0.013,11.457,0.664,3.0,-0.009000000000000001,21.981,-0.001,-0.057,173.398,0.197,-0.534
00:00:14.167,1572871900401,-0.006,-0.015,11.457,0.664,3.0,-0.008,21.981,-0.001,-0.056,173.741,0.197,-0.534
00:00:14.168,1572871900402,0.002,-0.017,11.457,0.664,3.0,-0.008,21.981,0.0,-0.054000000000000006,174.13,0.198,-0.534
00:00:14.220,1572871900454,0.014,-0.018000000000000002,11.457,0.664,3.0,-0.006999999999999999,21.981,0.0,-0.052000000000000005,174.47400000000005,0.198,-0.534
00:00:14.221,1572871900455,0.028,-0.02,11.457,0.664,3.0,-0.006999999999999999,21.982,0.0,-0.051,174.84,0.199,-0.534
00:00:14.222,1572871900456,0.042,-0.021,11.457,0.664,3.0,-0.006,21.983,0.0,-0.049,175.229,0.2,-0.534
00:00:14.272,1572871900506,0.051,-0.023,12.483,0.664,3.0,-0.005,21.984,0.001,-0.047,175.59599999999998,0.2,-0.534
00:00:14.273,1572871900507,0.057,-0.025,12.483,0.664,3.0,-0.005,21.985,0.001,-0.045,175.93900000000005,0.201,-0.534
00:00:14.274,1572871900508,0.063,-0.027000000000000003,12.483,0.664,3.0,-0.004,21.986,0.001,-0.044,176.329,0.201,-0.534
00:00:14.316,1572871900550,0.071,-0.029,12.483,0.664,3.0,-0.004,21.987,0.001,-0.042,176.695,0.202,-0.534
00:00:14.317,1572871900551,0.079,-0.031,12.483,0.664,3.0,-0.003,21.989,0.001,-0.04,177.06099999999995,0.202,-0.534
00:00:14.318,1572871900552,0.085,-0.034,12.483,0.664,3.0,-0.003,21.99,0.001,-0.039,177.428,0.203,-0.534
00:00:14.368,1572871900602,0.08900000000000001,-0.036000000000000004,13.435,0.664,3.0,-0.002,21.992,0.001,-0.037000000000000005,177.794,0.203,-0.534
00:00:14.369,1572871900603,0.092,-0.038,13.435,0.664,3.0,-0.002,21.993,0.001,-0.036000000000000004,178.16099999999997,0.204,-0.534
00:00:14.370,1572871900604,0.098,-0.041,13.435,0.664,3.0,-0.001,21.995,0.001,-0.035,178.528,0.204,-0.534
00:00:14.417,1572871900651,0.106,-0.044,13.435,0.664,3.0,-0.001,21.997,0.002,-0.034,178.894,0.205,-0.534
00:00:14.418,1572871900652,0.113,-0.047,13.435,0.664,3.0,0.0,21.999,0.002,-0.033,179.238,0.205,-0.534
00:00:14.419,1572871900653,0.12,-0.049,13.435,0.664,3.0,0.001,22.001,0.002,-0.032,179.627,0.206,-0.534
00:00:14.469,1572871900703,0.124,-0.051,14.094,0.664,3.0,0.001,22.003,0.002,-0.031,179.99400000000003,0.206,-0.534
00:00:14.470,1572871900704,0.127,-0.053,14.094,0.664,3.0,0.002,22.005,0.002,-0.03,180.361,0.206,-0.534
00:00:14.471,1572871900705,0.131,-0.054000000000000006,14.094,0.664,3.0,0.003,22.00800000000001,0.002,-0.029,180.728,0.207,-0.534
00:00:14.517,1572871900751,0.136,-0.055,14.094,0.664,3.0,0.003,22.01,0.002,-0.029,181.094,0.207,-0.534
00:00:14.518,1572871900752,0.141,-0.056,14.094,0.664,3.0,0.004,22.012,0.002,-0.028,181.461,0.208,-0.534
00:00:14.519,1572871900753,0.145,-0.057,14.094,0.664,3.0,0.005,22.015,0.002,-0.028,181.828,0.208,-0.534
00:00:14.568,1572871900802,0.14800000000000002,-0.058,15.925,0.664,3.0,0.006,22.017,0.002,-0.027000000000000003,182.195,0.208,-0.534
00:00:14.569,1572871900803,0.153,-0.058,15.925,0.664,3.0,0.006,22.02,0.003,-0.027000000000000003,182.562,0.208,-0.534
00:00:14.570,1572871900804,0.163,-0.058,15.925,0.664,3.0,0.006999999999999999,22.023000000000003,0.003,-0.026,182.929,0.209,-0.534
00:00:14.621,1572871900855,0.17800000000000002,-0.059,15.925,0.664,3.0,0.006999999999999999,22.026,0.003,-0.026,183.296,0.209,-0.534
00:00:14.622,1572871900856,0.194,-0.059,15.925,0.664,3.0,0.008,22.029,0.003,-0.026,183.663,0.209,-0.534
00:00:14.623,1572871900857,0.209,-0.059,15.925,0.664,3.0,0.009000000000000001,22.033,0.004,-0.025,184.031,0.21,-0.534
00:00:14.672,1572871900906,0.22,-0.059,16.292,0.664,3.0,0.009000000000000001,22.037,0.004,-0.025,184.398,0.21,-0.534
00:00:14.673,1572871900907,0.228,-0.058,16.292,0.664,3.0,0.01,22.041,0.004,-0.024,184.765,0.21,-0.534
00:00:14.674,1572871900908,0.233,-0.057,16.292,0.664,3.0,0.01,22.045,0.004,-0.023,185.132,0.21,-0.534
00:00:14.719,1572871900953,0.237,-0.056,16.292,0.664,3.0,0.011,22.049,0.004,-0.023,185.5,0.21,-0.534
00:00:14.720,1572871900954,0.24,-0.053,16.292,0.664,3.0,0.011,22.053,0.005,-0.022,185.867,0.211,-0.534
00:00:14.721,1572871900955,0.242,-0.051,16.292,0.664,3.0,0.012,22.057,0.005,-0.021,186.235,0.211,-0.534
00:00:14.774,1572871901008,0.242,-0.047,16.804000000000002,0.664,3.0,0.012,22.061,0.005,-0.02,186.603,0.211,-0.534
00:00:14.775,1572871901009,0.243,-0.044,16.804000000000002,0.664,3.0,0.013,22.065,0.005,-0.02,186.97,0.211,-0.534
00:00:14.776,1572871901010,0.246,-0.04,16.804000000000002,0.664,3.0,0.013,22.06900000000001,0.005,-0.019,187.338,0.211,-0.534
00:00:14.820,1572871901054,0.25,-0.036000000000000004,16.804000000000002,0.664,3.0,0.013,22.073,0.006,-0.018000000000000002,187.706,0.211,-0.534
00:00:14.821,1572871901055,0.254,-0.033,16.804000000000002,0.664,3.0,0.013,22.07800000000001,0.006,-0.017,188.074,0.211,-0.534
00:00:14.822,1572871901056,0.258,-0.03,16.804000000000002,0.664,3.0,0.013,22.082,0.006,-0.017,188.442,0.211,-0.534
00:00:14.870,1572871901104,0.261,-0.028,17.61,0.664,3.0,0.013,22.086,0.006,-0.016,188.81,0.211,-0.534
00:00:14.871,1572871901105,0.264,-0.026,17.61,0.664,3.0,0.013,22.091,0.005,-0.015,189.178,0.212,-0.534
00:00:14.872,1572871901106,0.269,-0.025,17.61,0.664,3.0,0.013,22.095,0.005,-0.015,189.546,0.212,-0.534
00:00:14.926,1572871901160,0.276,-0.024,17.61,0.664,3.0,0.013,22.1,0.005,-0.014,189.915,0.212,-0.534
00:00:14.927,1572871901161,0.284,-0.023,17.61,0.664,3.0,0.012,22.105,0.004,-0.013,190.283,0.212,-0.534
00:00:14.928,1572871901162,0.29,-0.021,17.61,0.664,3.0,0.012,22.11,0.004,-0.013,190.651,0.212,-0.534
00:00:14.977,1572871901211,0.295,-0.019,18.269,0.664,3.0,0.012,22.115,0.004,-0.012,191.02,0.212,-0.534
00:00:14.978,1572871901212,0.299,-0.017,18.269,0.664,3.0,0.012,22.12,0.003,-0.011,191.389,0.212,-0.534
00:00:14.979,1572871901213,0.304,-0.015,18.269,0.664,3.0,0.011,22.125,0.003,-0.011,191.757,0.212,-0.534
00:00:15.027,1572871901261,0.31,-0.014,18.269,0.664,3.0,0.011,22.13,0.002,-0.01,192.126,0.212,-0.534
00:00:15.028,1572871901262,0.317,-0.012,18.269,0.664,3.0,0.011,22.136,0.002,-0.01,192.495,0.212,-0.534
00:00:15.029,1572871901263,0.322,-0.011,18.269,0.664,3.0,0.011,22.141,0.002,-0.009000000000000001,192.864,0.212,-0.534
00:00:15.077,1572871901311,0.325,-0.009000000000000001,18.782,0.664,3.0,0.01,22.146,0.001,-0.008,193.233,0.212,-0.534
00:00:15.078,1572871901312,0.328,-0.008,18.782,0.664,3.0,0.01,22.152,0.001,-0.008,193.602,0.212,-0.534
00:00:15.079,1572871901313,0.332,-0.006,18.782,0.664,3.0,0.01,22.158,0.001,-0.006999999999999999,193.971,0.212,-0.534
00:00:15.127,1572871901361,0.337,-0.005,18.782,0.664,3.0,0.009000000000000001,22.163,0.0,-0.006,194.341,0.212,-0.534
00:00:15.128,1572871901362,0.341,-0.004,18.782,0.664,3.0,0.009000000000000001,22.169,0.0,-0.006,194.71,0.212,-0.534
00:00:15.129,1572871901363,0.345,-0.004,18.782,0.664,3.0,0.009000000000000001,22.175,0.0,-0.005,195.08,0.212,-0.534
00:00:15.177,1572871901411,0.348,-0.004,19.807,0.664,3.0,0.008,22.181,0.0,-0.005,195.449,0.212,-0.534
00:00:15.178,1572871901412,0.35100000000000003,-0.004,19.807,0.664,3.0,0.008,22.187,0.0,-0.004,195.819,0.212,-0.534
00:00:15.179,1572871901413,0.358,-0.004,19.807,0.664,3.0,0.008,22.193,-0.001,-0.004,196.189,0.212,-0.534
00:00:15.228,1572871901462,0.3670000000000001,-0.005,19.807,0.664,3.0,0.008,22.199,-0.001,-0.003,196.55900000000003,0.212,-0.534
00:00:15.229,1572871901463,0.378,-0.005,19.807,0.664,3.0,0.006999999999999999,22.205,-0.001,-0.002,196.929,0.212,-0.534
00:00:15.230,1572871901464,0.386,-0.005,19.807,0.664,3.0,0.006999999999999999,22.212,-0.001,-0.002,197.299,0.212,-0.534
00:00:15.279,1572871901513,0.393,-0.006,20.466,0.664,3.0,0.006999999999999999,22.218000000000004,-0.001,-0.001,197.669,0.212,-0.534
00:00:15.280,1572871901514,0.397,-0.006,20.466,0.664,3.0,0.006999999999999999,22.225,-0.001,0.0,198.04,0.212,-0.534
00:00:15.281,1572871901515,0.401,-0.006,20.466,0.664,3.0,0.006,22.232,-0.001,0.0,198.41,0.212,-0.534
00:00:15.337,1572871901571,0.404,-0.006,20.466,0.664,3.0,0.006,22.239,-0.001,0.001,198.781,0.212,-0.534
00:00:15.338,1572871901572,0.407,-0.006999999999999999,20.466,0.664,3.0,0.006,22.245,-0.001,0.002,199.151,0.212,-0.534
00:00:15.339,1572871901573,0.409,-0.006999999999999999,20.466,0.664,3.0,0.006,22.252,-0.001,0.002,199.522,0.212,-0.534
00:00:15.340,1572871901574,0.41,-0.006999999999999999,21.492,0.664,3.0,0.006,22.259,-0.001,0.003,199.893,0.212,-0.534
00:00:15.387,1572871901621,0.411,-0.008,21.492,0.664,3.0,0.006,22.266,-0.001,0.004,200.264,0.212,-0.534
00:00:15.388,1572871901622,0.413,-0.009000000000000001,21.492,0.664,3.0,0.006,22.273000000000003,-0.001,0.004,200.635,0.212,-0.534
00:00:15.389,1572871901623,0.416,-0.009000000000000001,21.492,0.664,3.0,0.005,22.28,0.0,0.005,201.007,0.212,-0.534
00:00:15.432,1572871901666,0.419,-0.01,21.492,0.664,3.0,0.005,22.287,0.0,0.005,201.378,0.212,-0.534
00:00:15.433,1572871901667,0.421,-0.011,21.492,0.664,3.0,0.005,22.294,0.0,0.006,201.75,0.212,-0.534
00:00:15.434,1572871901668,0.423,-0.012,21.638,0.664,3.0,0.005,22.301,0.0,0.006,202.121,0.212,-0.534
00:00:15.482,1572871901716,0.424,-0.013,21.638,0.664,3.0,0.005,22.308000000000003,0.0,0.006999999999999999,202.493,0.212,-0.534
00:00:15.483,1572871901717,0.424,-0.013,21.638,0.664,3.0,0.005,22.315,0.0,0.006999999999999999,202.865,0.212,-0.534
00:00:15.484,1572871901718,0.425,-0.014,21.638,0.664,3.0,0.005,22.322,0.001,0.008,203.237,0.212,-0.534
00:00:15.532,1572871901766,0.425,-0.015,21.638,0.664,3.0,0.005,22.329,0.001,0.008,203.609,0.212,-0.534
00:00:15.533,1572871901767,0.425,-0.016,21.638,0.664,3.0,0.005,22.336,0.001,0.008,203.981,0.212,-0.534
00:00:15.534,1572871901768,0.424,-0.016,21.931,0.664,3.0,0.005,22.343000000000004,0.001,0.008,204.353,0.212,-0.534
00:00:15.592,1572871901826,0.424,-0.017,21.931,0.664,3.0,0.005,22.35,0.001,0.008,204.726,0.212,-0.534
00:00:15.593,1572871901827,0.425,-0.018000000000000002,21.931,0.664,3.0,0.005,22.358,0.001,0.009000000000000001,205.098,0.212,-0.534
00:00:15.594,1572871901828,0.425,-0.018000000000000002,21.931,0.664,3.0,0.005,22.365,0.001,0.009000000000000001,205.471,0.212,-0.534
00:00:15.637,1572871901871,0.426,-0.019,21.931,0.664,3.0,0.005,22.372,0.002,0.009000000000000001,205.844,0.212,-0.534
00:00:15.638,1572871901872,0.4270000000000001,-0.02,21.931,0.664,3.0,0.005,22.379,0.002,0.009000000000000001,206.217,0.212,-0.534
00:00:15.639,1572871901873,0.4270000000000001,-0.021,22.664,0.664,3.0,0.006,22.386,0.002,0.009000000000000001,206.59,0.212,-0.534
00:00:15.685,1572871901919,0.428,-0.023,22.664,0.664,3.0,0.006,22.393,0.002,0.008,206.963,0.211,-0.534
00:00:15.686,1572871901920,0.429,-0.024,22.664,0.664,3.0,0.006,22.4,0.002,0.008,207.336,0.211,-0.534
00:00:15.687,1572871901921,0.4320000000000001,-0.026,22.664,0.664,3.0,0.006,22.408,0.002,0.008,207.71,0.211,-0.534
00:00:15.736,1572871901970,0.434,-0.029,22.664,0.664,3.0,0.006,22.415,0.002,0.008,208.083,0.211,-0.534
00:00:15.737,1572871901971,0.436,-0.032,22.664,0.664,3.0,0.006,22.422,0.002,0.008,208.457,0.211,-0.534
00:00:15.738,1572871901972,0.4370000000000001,-0.035,22.81,0.664,3.0,0.006,22.429,0.002,0.008,208.831,0.211,-0.534
00:00:15.798,1572871902032,0.438,-0.038,22.81,0.664,3.0,0.006,22.437,0.001,0.008,209.204,0.211,-0.534
00:00:15.799,1572871902033,0.439,-0.041,22.81,0.664,3.0,0.006,22.44400000000001,0.001,0.008,209.578,0.211,-0.534
00:00:15.800,1572871902034,0.439,-0.043,22.81,0.664,3.0,0.006,22.451,0.001,0.008,209.953,0.21,-0.534
00:00:15.801,1572871902035,0.439,-0.044,22.81,0.664,3.0,0.006999999999999999,22.459,0.001,0.008,210.327,0.21,-0.534
00:00:15.848,1572871902082,0.439,-0.045,22.81,0.664,3.0,0.006999999999999999,22.466,0.001,0.008,210.701,0.21,-0.534
00:00:15.849,1572871902083,0.439,-0.045,22.81,0.664,3.0,0.008,22.47300000000001,0.002,0.008,211.076,0.21,-0.534
00:00:15.850,1572871902084,0.439,-0.045,22.81,0.664,3.0,0.008,22.481,0.002,0.008,211.45,0.21,-0.534
00:00:15.913,1572871902147,0.438,-0.045,22.81,0.664,3.0,0.008,22.488000000000003,0.002,0.008,211.825,0.209,-0.534
00:00:15.914,1572871902148,0.438,-0.045,22.81,0.664,3.0,0.009000000000000001,22.495,0.002,0.008,212.2,0.209,-0.534
00:00:15.915,1572871902149,0.438,-0.046,22.81,0.664,3.0,0.009000000000000001,22.503,0.002,0.008,212.575,0.209,-0.534
00:00:15.961,1572871902195,0.4370000000000001,-0.047,22.81,0.664,3.0,0.01,22.51,0.003,0.008,212.95,0.209,-0.534
00:00:15.962,1572871902196,0.4370000000000001,-0.049,22.81,0.664,3.0,0.01,22.517,0.003,0.008,213.325,0.208,-0.534
00:00:15.963,1572871902197,0.4370000000000001,-0.05,22.81,0.664,3.0,0.01,22.524,0.003,0.008,213.701,0.208,-0.534
00:00:16.021,1572871902255,0.4370000000000001,-0.052000000000000005,22.81,0.664,3.0,0.011,22.532,0.003,0.008,214.076,0.208,-0.534
00:00:16.022,1572871902256,0.436,-0.055,22.81,0.664,3.0,0.011,22.539,0.003,0.008,214.452,0.208,-0.534
00:00:16.023,1572871902257,0.436,-0.057,22.81,0.664,3.0,0.011,22.546,0.003,0.008,214.827,0.207,-0.534
00:00:16.063,1572871902297,0.436,-0.059,22.81,0.664,3.0,0.011,22.553,0.004,0.008,215.203,0.207,-0.534
00:00:16.064,1572871902298,0.436,-0.061,22.957,0.664,3.0,0.012,22.561,0.004,0.008,215.579,0.207,-0.534
00:00:16.065,1572871902299,0.435,-0.062,22.957,0.664,3.0,0.012,22.568,0.004,0.008,215.955,0.206,-0.534
00:00:16.114,1572871902348,0.436,-0.063,22.957,0.664,3.0,0.013,22.575,0.004,0.008,216.331,0.206,-0.534
00:00:16.115,1572871902349,0.436,-0.063,22.957,0.664,3.0,0.013,22.582,0.004,0.008,216.708,0.205,-0.534
00:00:16.116,1572871902350,0.436,-0.064,22.957,0.664,3.0,0.013,22.59,0.004,0.008,217.084,0.205,-0.534
00:00:16.164,1572871902398,0.436,-0.064,22.957,0.664,3.0,0.014,22.597,0.004,0.008,217.461,0.204,-0.534
00:00:16.165,1572871902399,0.436,-0.065,22.957,0.664,3.0,0.014,22.604,0.004,0.008,217.837,0.204,-0.534
00:00:16.166,1572871902400,0.436,-0.066,22.957,0.664,3.0,0.015,22.612,0.004,0.008,218.21400000000003,0.203,-0.534
00:00:16.167,1572871902401,0.436,-0.067,22.957,0.664,3.0,0.015,22.619,0.005,0.008,218.591,0.203,-0.534
00:00:16.214,1572871902448,0.436,-0.068,22.957,0.664,3.0,0.015,22.626,0.005,0.008,218.968,0.202,-0.534
00:00:16.215,1572871902449,0.436,-0.069,22.957,0.664,3.0,0.016,22.63300000000001,0.005,0.008,219.345,0.202,-0.534
00:00:16.216,1572871902450,0.435,-0.069,22.957,0.664,3.0,0.016,22.641,0.005,0.008,219.723,0.201,-0.534
00:00:16.268,1572871902502,0.435,-0.07,23.103,0.664,3.0,0.016,22.645,0.005,0.008,219.958,0.201,-0.534
00:00:16.269,1572871902503,0.435,-0.07,23.103,0.664,3.0,0.017,22.652,0.005,0.008,220.336,0.2,-0.534
00:00:16.270,1572871902504,0.435,-0.07,23.103,0.664,3.0,0.017,22.66,0.005,0.008,220.713,0.2,-0.534
00:00:16.316,1572871902550,0.435,-0.07,23.103,0.664,3.0,0.017,22.667,0.005,0.008,221.091,0.199,-0.534
00:00:16.317,1572871902551,0.435,-0.07,23.103,0.664,3.0,0.018000000000000002,22.674,0.005,0.008,221.469,0.198,-0.534
00:00:16.318,1572871902552,0.436,-0.07,23.103,0.664,3.0,0.018000000000000002,22.681,0.005,0.008,221.847,0.198,-0.534
00:00:16.367,1572871902601,0.436,-0.07,23.103,0.664,3.0,0.018000000000000002,22.689,0.005,0.008,222.225,0.197,-0.534
00:00:16.368,1572871902602,0.436,-0.07,23.103,0.664,3.0,0.019,22.695,0.005,0.008,222.58,0.196,-0.534
00:00:16.369,1572871902603,0.436,-0.07,23.103,0.664,3.0,0.019,22.70300000000001,0.005,0.008,222.958,0.196,-0.534
00:00:16.418,1572871902652,0.436,-0.069,23.103,0.664,3.0,0.019,22.71,0.005,0.008,223.336,0.195,-0.534
00:00:16.419,1572871902653,0.435,-0.069,23.103,0.664,3.0,0.019,22.717,0.005,0.008,223.715,0.194,-0.534
00:00:16.420,1572871902654,0.435,-0.068,23.103,0.664,3.0,0.02,22.724,0.005,0.008,224.094,0.193,-0.534
00:00:16.471,1572871902705,0.435,-0.067,23.323,0.664,3.0,0.02,22.732,0.005,0.008,224.472,0.192,-0.534
00:00:16.472,1572871902706,0.434,-0.066,23.323,0.664,3.0,0.02,22.739,0.005,0.008,224.851,0.192,-0.534
00:00:16.473,1572871902707,0.434,-0.064,23.323,0.664,3.0,0.02,22.746,0.006,0.008,225.23,0.191,-0.534
00:00:16.532,1572871902766,0.435,-0.062,23.323,0.664,3.0,0.021,22.753,0.006,0.008,225.61,0.19,-0.534
00:00:16.533,1572871902767,0.435,-0.059,23.323,0.664,3.0,0.021,22.761,0.006,0.008,225.989,0.189,-0.534
00:00:16.534,1572871902768,0.436,-0.057,23.323,0.664,3.0,0.021,22.768,0.006,0.008,226.368,0.188,-0.534
00:00:16.569,1572871902803,0.436,-0.055,23.469,0.664,3.0,0.021,22.775,0.006,0.008,226.748,0.187,-0.534
00:00:16.570,1572871902804,0.4370000000000001,-0.053,23.469,0.664,3.0,0.021,22.783,0.006,0.008,227.127,0.18600000000000005,-0.534
00:00:16.571,1572871902805,0.4370000000000001,-0.051,23.469,0.664,3.0,0.021,22.79,0.006,0.008,227.507,0.185,-0.534
00:00:16.619,1572871902853,0.4370000000000001,-0.049,23.469,0.664,3.0,0.021,22.797,0.006,0.008,227.887,0.184,-0.534
00:00:16.620,1572871902854,0.4370000000000001,-0.046,23.469,0.664,3.0,0.021,22.804,0.006,0.008,228.267,0.183,-0.534
00:00:16.621,1572871902855,0.438,-0.042,23.469,0.664,3.0,0.021,22.812,0.006,0.008,228.647,0.182,-0.534
00:00:16.672,1572871902906,0.438,-0.036000000000000004,23.469,0.664,3.0,0.021,22.81900000000001,0.006,0.008,229.027,0.181,-0.534
00:00:16.673,1572871902907,0.438,-0.03,23.469,0.664,3.0,0.021,22.826,0.006,0.008,229.408,0.18,-0.534
00:00:16.674,1572871902908,0.4370000000000001,-0.024,23.469,0.664,3.0,0.021,22.834,0.006,0.008,229.788,0.179,-0.534
00:00:16.723,1572871902957,0.4370000000000001,-0.018000000000000002,23.469,0.664,3.0,0.021,22.841,0.006,0.008,230.169,0.17800000000000002,-0.534
00:00:16.724,1572871902958,0.4370000000000001,-0.011,23.469,0.664,3.0,0.021,22.84800000000001,0.006,0.008,230.55,0.177,-0.534
00:00:16.725,1572871902959,0.4370000000000001,-0.004,23.469,0.664,3.0,0.02,22.855,0.006,0.008,230.931,0.17600000000000002,-0.534
00:00:16.780,1572871903014,0.4370000000000001,0.002,23.469,0.664,3.0,0.02,22.863000000000003,0.006,0.009000000000000001,231.312,0.175,-0.534
00:00:16.781,1572871903015,0.436,0.008,23.469,0.664,3.0,0.019,22.87,0.005,0.009000000000000001,231.693,0.174,-0.534
00:00:16.782,1572871903016,0.436,0.014,23.469,0.664,3.0,0.018000000000000002,22.877,0.005,0.009000000000000001,232.074,0.173,-0.534
00:00:16.825,1572871903059,0.436,0.019,23.469,0.664,3.0,0.017,22.884,0.005,0.009000000000000001,232.455,0.172,-0.534
00:00:16.826,1572871903060,0.436,0.024,23.469,0.664,3.0,0.016,22.892,0.005,0.009000000000000001,232.837,0.171,-0.534
00:00:16.827,1572871903061,0.435,0.028,23.469,0.664,3.0,0.015,22.899,0.004,0.009000000000000001,233.218,0.17,-0.534
00:00:16.882,1572871903116,0.435,0.032,23.469,0.664,3.0,0.014,22.906,0.004,0.009000000000000001,233.6,0.16899999999999998,-0.534
00:00:16.883,1572871903117,0.435,0.035,23.469,0.664,3.0,0.013,22.913,0.003,0.009000000000000001,233.982,0.168,-0.534
00:00:16.884,1572871903118,0.434,0.037000000000000005,23.469,0.664,3.0,0.012,22.921,0.002,0.009000000000000001,234.364,0.16699999999999998,-0.534
00:00:16.926,1572871903160,0.434,0.039,23.469,0.664,3.0,0.01,22.928,0.001,0.009000000000000001,234.746,0.166,-0.534
00:00:16.927,1572871903161,0.433,0.041,23.469,0.664,3.0,0.009000000000000001,22.935,0.001,0.009000000000000001,235.128,0.165,-0.534
00:00:16.928,1572871903162,0.433,0.043,23.469,0.664,3.0,0.008,22.942,0.0,0.009000000000000001,235.51,0.16399999999999998,-0.534
00:00:16.978,1572871903212,0.433,0.046,23.616,0.664,3.0,0.006999999999999999,22.95,-0.001,0.009000000000000001,235.893,0.16399999999999998,-0.534
00:00:16.979,1572871903213,0.433,0.049,23.616,0.664,3.0,0.006,22.957,-0.002,0.008,236.275,0.163,-0.534
00:00:16.980,1572871903214,0.433,0.052000000000000005,23.616,0.664,3.0,0.005,22.964,-0.003,0.008,236.658,0.162,-0.534
00:00:17.026,1572871903260,0.433,0.055,23.616,0.664,3.0,0.004,22.971,-0.004,0.008,237.041,0.161,-0.534
00:00:17.027,1572871903261,0.433,0.057,23.616,0.664,3.0,0.003,22.978,-0.004,0.008,237.424,0.16,-0.534
00:00:17.028,1572871903262,0.434,0.06,23.616,0.664,3.0,0.002,22.986,-0.005,0.008,237.807,0.159,-0.534
00:00:17.087,1572871903321,0.434,0.062,23.762,0.664,3.0,0.001,22.993,-0.005,0.008,238.19,0.158,-0.534
00:00:17.088,1572871903322,0.434,0.064,23.762,0.664,3.0,0.0,23.0,-0.006,0.008,238.573,0.158,-0.534
00:00:17.089,1572871903323,0.434,0.065,23.762,0.664,3.0,-0.001,23.007,-0.006,0.008,238.957,0.157,-0.534
00:00:17.127,1572871903361,0.434,0.066,23.762,0.664,3.0,-0.002,23.015,-0.006,0.008,239.34,0.156,-0.534
00:00:17.128,1572871903362,0.435,0.066,23.762,0.664,3.0,-0.003,23.022,-0.006999999999999999,0.006999999999999999,239.724,0.155,-0.534
00:00:17.129,1572871903363,0.435,0.065,23.762,0.664,3.0,-0.004,23.029,-0.006999999999999999,0.006999999999999999,240.107,0.154,-0.534
00:00:17.180,1572871903414,0.435,0.064,23.762,0.664,3.0,-0.005,23.036,-0.006999999999999999,0.006999999999999999,240.491,0.154,-0.534
00:00:17.181,1572871903415,0.435,0.063,23.762,0.664,3.0,-0.006,23.044,-0.006999999999999999,0.006999999999999999,240.875,0.153,-0.534
00:00:17.182,1572871903416,0.435,0.062,23.762,0.664,3.0,-0.006,23.051,-0.006999999999999999,0.006999999999999999,241.259,0.152,-0.534
00:00:17.230,1572871903464,0.435,0.061,23.762,0.664,3.0,-0.006999999999999999,23.058000000000003,-0.006999999999999999,0.006999999999999999,241.644,0.152,-0.534
00:00:17.231,1572871903465,0.435,0.06,23.762,0.664,3.0,-0.008,23.065,-0.006999999999999999,0.008,242.028,0.151,-0.534
00:00:17.232,1572871903466,0.434,0.059,23.762,0.664,3.0,-0.008,23.073,-0.006999999999999999,0.008,242.412,0.15,-0.534
00:00:17.280,1572871903514,0.434,0.057,23.762,0.664,3.0,-0.009000000000000001,23.08,-0.006999999999999999,0.008,242.797,0.15,-0.534
00:00:17.281,1572871903515,0.434,0.056,23.762,0.664,3.0,-0.009000000000000001,23.087,-0.006999999999999999,0.008,243.182,0.149,-0.534
00:00:17.282,1572871903516,0.433,0.054000000000000006,23.762,0.664,3.0,-0.01,23.094,-0.006,0.008,243.567,0.149,-0.534
00:00:17.330,1572871903564,0.433,0.052000000000000005,23.762,0.664,3.0,-0.01,23.101,-0.006,0.008,243.952,0.14800000000000002,-0.534
00:00:17.331,1572871903565,0.433,0.051,23.762,0.664,3.0,-0.011,23.109,-0.006,0.008,244.337,0.147,-0.534
00:00:17.332,1572871903566,0.433,0.049,23.762,0.664,3.0,-0.011,23.116,-0.006,0.008,244.722,0.147,-0.534
00:00:17.380,1572871903614,0.4320000000000001,0.047,23.982,0.664,3.0,-0.011,23.123,-0.005,0.008,245.107,0.146,-0.534
00:00:17.381,1572871903615,0.4320000000000001,0.045,23.982,0.664,3.0,-0.011,23.13,-0.005,0.008,245.493,0.146,-0.534
00:00:17.382,1572871903616,0.4320000000000001,0.043,23.982,0.664,3.0,-0.012,23.137,-0.005,0.008,245.878,0.145,-0.534
00:00:17.430,1572871903664,0.433,0.042,23.982,0.664,3.0,-0.012,23.145,-0.005,0.008,246.264,0.145,-0.534
00:00:17.431,1572871903665,0.433,0.041,23.982,0.664,3.0,-0.012,23.152,-0.004,0.008,246.65,0.14400000000000002,-0.534
00:00:17.432,1572871903666,0.434,0.04,23.982,0.664,3.0,-0.012,23.159,-0.004,0.008,247.036,0.14400000000000002,-0.534
00:00:17.481,1572871903715,0.434,0.039,23.762,0.664,3.0,-0.012,23.166,-0.004,0.008,247.422,0.14300000000000002,-0.534
00:00:17.482,1572871903716,0.435,0.037000000000000005,23.762,0.664,3.0,-0.012,23.174,-0.004,0.008,247.808,0.14300000000000002,-0.534
00:00:17.483,1572871903717,0.434,0.036000000000000004,23.762,0.664,3.0,-0.013,23.181,-0.003,0.008,248.194,0.14300000000000002,-0.534
00:00:17.537,1572871903771,0.433,0.035,23.762,0.664,3.0,-0.013,23.188,-0.003,0.008,248.581,0.142,-0.534
00:00:17.538,1572871903772,0.4320000000000001,0.034,23.762,0.664,3.0,-0.013,23.195,-0.003,0.008,248.967,0.142,-0.534
00:00:17.539,1572871903773,0.431,0.033,23.762,0.664,3.0,-0.013,23.202,-0.003,0.008,249.354,0.141,-0.534
00:00:17.540,1572871903774,0.43,0.032,23.982,0.664,3.0,-0.013,23.21,-0.003,0.008,249.74,0.141,-0.534
00:00:17.582,1572871903816,0.429,0.031,23.982,0.664,3.0,-0.013,23.217,-0.003,0.008,250.127,0.14,-0.534
00:00:17.583,1572871903817,0.429,0.031,23.982,0.664,3.0,-0.013,23.224,-0.003,0.008,250.514,0.14,-0.534
00:00:17.584,1572871903818,0.429,0.03,23.982,0.664,3.0,-0.013,23.231,-0.002,0.008,250.901,0.14,-0.534
00:00:17.633,1572871903867,0.43,0.03,23.982,0.664,3.0,-0.012,23.238000000000003,-0.002,0.008,251.289,0.139,-0.534
00:00:17.634,1572871903868,0.431,0.03,23.982,0.664,3.0,-0.012,23.245,-0.002,0.008,251.676,0.139,-0.534
00:00:17.635,1572871903869,0.431,0.03,24.129,0.664,3.0,-0.012,23.253,-0.002,0.008,252.064,0.139,-0.534
00:00:17.683,1572871903917,0.4320000000000001,0.03,24.129,0.664,3.0,-0.012,23.26,-0.002,0.008,252.451,0.138,-0.534
00:00:17.684,1572871903918,0.4320000000000001,0.031,24.129,0.664,3.0,-0.012,23.267,-0.002,0.008,252.83900000000003,0.138,-0.534
00:00:17.685,1572871903919,0.4320000000000001,0.033,24.129,0.664,3.0,-0.012,23.274,-0.002,0.008,253.227,0.138,-0.534
00:00:17.733,1572871903967,0.4320000000000001,0.035,24.129,0.664,3.0,-0.012,23.281,-0.002,0.008,253.615,0.13699999999999998,-0.534
00:00:17.734,1572871903968,0.433,0.037000000000000005,24.129,0.664,3.0,-0.012,23.289,-0.002,0.006999999999999999,254.003,0.13699999999999998,-0.534
00:00:17.735,1572871903969,0.433,0.038,24.129,0.664,3.0,-0.012,23.296,-0.002,0.006999999999999999,254.391,0.13699999999999998,-0.534
00:00:17.783,1572871904017,0.433,0.04,24.129,0.664,3.0,-0.012,23.303,-0.002,0.006999999999999999,254.779,0.136,-0.534
00:00:17.784,1572871904018,0.433,0.04,24.129,0.664,3.0,-0.012,23.31,-0.002,0.006999999999999999,255.168,0.136,-0.534
00:00:17.785,1572871904019,0.4320000000000001,0.041,24.129,0.664,3.0,-0.012,23.317,-0.002,0.006999999999999999,255.556,0.136,-0.534
00:00:17.833,1572871904067,0.4320000000000001,0.041,24.129,0.664,3.0,-0.012,23.325,-0.002,0.008,255.945,0.135,-0.534
00:00:17.834,1572871904068,0.4320000000000001,0.042,24.129,0.664,3.0,-0.012,23.332,-0.002,0.008,256.334,0.135,-0.534
00:00:17.835,1572871904069,0.431,0.042,24.129,0.664,3.0,-0.013,23.339,-0.002,0.008,256.723,0.135,-0.534
00:00:17.884,1572871904118,0.431,0.042,24.129,0.664,3.0,-0.013,23.346,-0.003,0.008,257.112,0.135,-0.534
00:00:17.885,1572871904119,0.431,0.042,24.129,0.664,3.0,-0.013,23.353,-0.003,0.008,257.501,0.135,-0.534
00:00:17.886,1572871904120,0.431,0.043,24.129,0.664,3.0,-0.013,23.361,-0.003,0.008,257.915,0.134,-0.534
00:00:17.937,1572871904171,0.43,0.044,24.129,0.664,3.0,-0.013,23.368,-0.003,0.008,258.28,0.134,-0.534
00:00:17.938,1572871904172,0.43,0.044,24.129,0.664,3.0,-0.013,23.375,-0.003,0.008,258.66900000000004,0.134,-0.534
00:00:17.939,1572871904173,0.43,0.045,24.275,0.664,3.0,-0.013,23.382,-0.003,0.008,259.059,0.134,-0.534
00:00:17.988,1572871904222,0.43,0.046,24.275,0.664,3.0,-0.014,23.389,-0.004,0.008,259.449,0.134,-0.534
00:00:17.989,1572871904223,0.43,0.047,24.275,0.664,3.0,-0.014,23.396,-0.004,0.008,259.838,0.134,-0.534
00:00:17.990,1572871904224,0.43,0.047,24.275,0.664,3.0,-0.014,23.404,-0.004,0.006999999999999999,260.253,0.133,-0.534
00:00:18.038,1572871904272,0.43,0.048,24.275,0.664,3.0,-0.014,23.411,-0.004,0.006999999999999999,260.619,0.133,-0.534
00:00:18.039,1572871904273,0.431,0.048,24.275,0.664,3.0,-0.014,23.41800000000001,-0.004,0.006999999999999999,261.009,0.133,-0.534
00:00:18.040,1572871904274,0.431,0.047,24.641,0.664,3.0,-0.014,23.425,-0.004,0.006999999999999999,261.399,0.133,-0.534
00:00:18.093,1572871904327,0.431,0.047,24.641,0.664,3.0,-0.014,23.432,-0.004,0.006999999999999999,261.79,0.133,-0.534
00:00:18.094,1572871904328,0.431,0.046,24.641,0.664,3.0,-0.015,23.439,-0.004,0.006999999999999999,262.18,0.133,-0.534
00:00:18.095,1572871904329,0.4320000000000001,0.045,24.641,0.664,3.0,-0.015,23.447,-0.005,0.006999999999999999,262.595,0.133,-0.534
00:00:18.138,1572871904372,0.434,0.044,24.641,0.664,3.0,-0.015,23.454,-0.005,0.008,262.962,0.133,-0.534
00:00:18.139,1572871904373,0.435,0.043,24.641,0.664,3.0,-0.015,23.461,-0.005,0.008,263.353,0.133,-0.534
00:00:18.140,1572871904374,0.436,0.042,24.641,0.664,3.0,-0.015,23.469,-0.005,0.008,263.768,0.133,-0.534
00:00:18.198,1572871904432,0.436,0.041,24.641,0.664,3.0,-0.015,23.476,-0.005,0.008,264.135,0.133,-0.534
00:00:18.199,1572871904433,0.436,0.039,24.641,0.664,3.0,-0.015,23.483,-0.005,0.008,264.526,0.133,-0.534
00:00:18.200,1572871904434,0.436,0.037000000000000005,24.641,0.664,3.0,-0.015,23.491,-0.005,0.008,264.942,0.133,-0.534
00:00:18.239,1572871904473,0.436,0.036000000000000004,24.641,0.664,3.0,-0.015,23.497,-0.005,0.008,265.309,0.133,-0.534
00:00:18.240,1572871904474,0.435,0.034,24.641,0.664,3.0,-0.015,23.505,-0.005,0.008,265.701,0.133,-0.534
00:00:18.241,1572871904475,0.435,0.033,24.641,0.664,3.0,-0.015,23.512,-0.005,0.008,266.117,0.133,-0.534
00:00:18.290,1572871904524,0.435,0.032,24.641,0.664,3.0,-0.015,23.519,-0.005,0.008,266.485,0.133,-0.534
00:00:18.291,1572871904525,0.434,0.031,24.641,0.664,3.0,-0.015,23.526,-0.005,0.008,266.877,0.133,-0.534
00:00:18.292,1572871904526,0.434,0.029,24.641,0.664,3.0,-0.015,23.534,-0.004,0.008,267.293,0.133,-0.534
00:00:18.345,1572871904579,0.434,0.028,24.641,0.664,3.0,-0.015,23.541,-0.004,0.008,267.661,0.133,-0.534
00:00:18.346,1572871904580,0.434,0.026,24.641,0.664,3.0,-0.014,23.548,-0.004,0.008,268.05400000000003,0.133,-0.534
00:00:18.347,1572871904581,0.433,0.024,24.641,0.664,3.0,-0.014,23.555,-0.004,0.008,268.446,0.134,-0.534
00:00:18.393,1572871904627,0.433,0.021,24.641,0.664,3.0,-0.014,23.563,-0.004,0.008,268.839,0.134,-0.534
00:00:18.394,1572871904628,0.433,0.018000000000000002,24.641,0.664,3.0,-0.014,23.57,-0.004,0.008,269.232,0.134,-0.534
00:00:18.395,1572871904629,0.433,0.015,24.641,0.664,3.0,-0.014,23.577,-0.003,0.008,269.649,0.134,-0.534
00:00:18.446,1572871904680,0.4320000000000001,0.012,24.641,0.664,3.0,-0.014,23.584,-0.003,0.008,270.017,0.134,-0.534
00:00:18.447,1572871904681,0.4320000000000001,0.009000000000000001,24.641,0.664,3.0,-0.013,23.591,-0.003,0.008,270.411,0.134,-0.534
00:00:18.448,1572871904682,0.4320000000000001,0.006,24.641,0.664,3.0,-0.013,23.599,-0.003,0.008,270.828,0.134,-0.534
00:00:18.491,1572871904725,0.4320000000000001,0.004,24.641,0.664,3.0,-0.013,23.606,-0.003,0.008,271.197,0.134,-0.534
00:00:18.492,1572871904726,0.431,0.001,24.641,0.664,3.0,-0.012,23.613000000000003,-0.003,0.008,271.615,0.134,-0.534
00:00:18.493,1572871904727,0.431,-0.001,24.641,0.664,3.0,-0.012,23.621,-0.002,0.008,272.009,0.135,-0.534
00:00:18.550,1572871904784,0.431,-0.002,24.641,0.664,3.0,-0.011,23.627,-0.002,0.008,272.378,0.135,-0.534
00:00:18.551,1572871904785,0.431,-0.003,24.641,0.664,3.0,-0.011,23.634,-0.002,0.008,272.772,0.135,-0.534
00:00:18.552,1572871904786,0.43,-0.004,24.641,0.664,3.0,-0.01,23.642,-0.002,0.008,273.191,0.135,-0.534
00:00:18.592,1572871904826,0.43,-0.004,24.641,0.664,3.0,-0.01,23.649,-0.001,0.008,273.56,0.135,-0.534
00:00:18.593,1572871904827,0.43,-0.005,24.641,0.664,3.0,-0.009000000000000001,23.656,-0.001,0.008,273.97900000000004,0.135,-0.534
00:00:18.594,1572871904828,0.43,-0.006,24.641,0.664,3.0,-0.009000000000000001,23.664,-0.001,0.008,274.373,0.135,-0.534
00:00:18.642,1572871904876,0.429,-0.006,24.641,0.664,3.0,-0.008,23.67,0.0,0.008,274.743,0.135,-0.534
00:00:18.643,1572871904877,0.429,-0.006999999999999999,24.641,0.664,3.0,-0.008,23.677,0.0,0.008,275.138,0.135,-0.534
00:00:18.644,1572871904878,0.429,-0.008,24.788,0.664,3.0,-0.006999999999999999,23.685,0.0,0.008,275.557,0.136,-0.534
00:00:18.693,1572871904927,0.429,-0.009000000000000001,24.788,0.664,3.0,-0.006999999999999999,23.692,0.001,0.008,275.952,0.136,-0.534
00:00:18.694,1572871904928,0.429,-0.01,24.788,0.664,3.0,-0.006,23.699,0.001,0.008,276.322,0.136,-0.534
00:00:18.695,1572871904929,0.429,-0.011,24.788,0.664,3.0,-0.006,23.706,0.001,0.008,276.742,0.136,-0.534
00:00:18.743,1572871904977,0.429,-0.012,24.788,0.664,3.0,-0.006,23.713,0.002,0.008,277.112,0.136,-0.534
00:00:18.744,1572871904978,0.43,-0.012,24.788,0.664,3.0,-0.005,23.721,0.002,0.006999999999999999,277.532,0.136,-0.534
00:00:18.745,1572871904979,0.43,-0.013,24.788,0.664,3.0,-0.005,23.728,0.002,0.006999999999999999,277.928,0.136,-0.534
00:00:18.796,1572871905030,0.43,-0.013,24.788,0.664,3.0,-0.004,23.735,0.002,0.006999999999999999,278.323,0.136,-0.534
00:00:18.797,1572871905031,0.43,-0.013,24.788,0.664,3.0,-0.004,23.742,0.002,0.006999999999999999,278.719,0.136,-0.534
00:00:18.798,1572871905032,0.43,-0.013,24.788,0.664,3.0,-0.004,23.749,0.002,0.006999999999999999,279.11400000000003,0.136,-0.534
00:00:18.849,1572871905083,0.429,-0.013,24.788,0.664,3.0,-0.003,23.756,0.002,0.006999999999999999,279.461,0.136,-0.534
00:00:18.850,1572871905084,0.429,-0.013,24.788,0.664,3.0,-0.003,23.762,0.002,0.006999999999999999,279.807,0.136,-0.534
00:00:18.851,1572871905085,0.429,-0.013,24.788,0.664,3.0,-0.003,23.77,0.002,0.006999999999999999,280.228,0.13699999999999998,-0.534
00:00:18.852,1572871905086,0.429,-0.012,24.934,0.664,3.0,-0.002,23.776,0.002,0.006999999999999999,280.6,0.13699999999999998,-0.534
00:00:18.897,1572871905131,0.429,-0.012,24.934,0.664,3.0,-0.002,23.784,0.002,0.006999999999999999,281.021,0.13699999999999998,-0.534
00:00:18.898,1572871905132,0.429,-0.011,24.934,0.664,3.0,-0.002,23.791,0.002,0.006999999999999999,281.41700000000003,0.13699999999999998,-0.534
00:00:18.899,1572871905133,0.429,-0.01,24.934,0.664,3.0,-0.002,23.798,0.002,0.006999999999999999,281.814,0.13699999999999998,-0.534
00:00:18.954,1572871905188,0.429,-0.009000000000000001,24.934,0.664,3.0,-0.001,23.805,0.002,0.006999999999999999,282.21,0.13699999999999998,-0.534
00:00:18.955,1572871905189,0.43,-0.009000000000000001,24.934,0.664,3.0,-0.001,23.812,0.002,0.006999999999999999,282.607,0.13699999999999998,-0.534
00:00:18.956,1572871905190,0.43,-0.008,24.934,0.664,3.0,-0.001,23.81900000000001,0.002,0.006999999999999999,282.9790000000001,0.13699999999999998,-0.534
00:00:18.998,1572871905232,0.43,-0.006999999999999999,24.934,0.664,3.0,-0.001,23.827,0.002,0.006999999999999999,283.401,0.13699999999999998,-0.534
00:00:18.999,1572871905233,0.43,-0.006999999999999999,24.934,0.664,3.0,-0.001,23.834,0.002,0.006999999999999999,283.798,0.13699999999999998,-0.534
00:00:19.000,1572871905234,0.429,-0.006,24.934,0.664,3.0,-0.001,23.841,0.002,0.006999999999999999,284.171,0.13699999999999998,-0.534
00:00:19.053,1572871905287,0.429,-0.005,24.934,0.664,3.0,0.0,23.84800000000001,0.002,0.008,284.593,0.13699999999999998,-0.534
00:00:19.054,1572871905288,0.429,-0.005,24.934,0.664,3.0,0.0,23.855,0.002,0.008,284.991,0.13699999999999998,-0.534
00:00:19.055,1572871905289,0.429,-0.004,24.934,0.664,3.0,0.0,23.862,0.001,0.008,285.363,0.13699999999999998,-0.534
00:00:19.099,1572871905333,0.428,-0.003,24.934,0.664,3.0,0.0,23.87,0.001,0.008,285.786,0.13699999999999998,-0.534
00:00:19.100,1572871905334,0.428,-0.002,24.934,0.664,3.0,0.0,23.877,0.001,0.008,286.184,0.13699999999999998,-0.534
00:00:19.101,1572871905335,0.428,-0.001,24.934,0.664,3.0,0.0,23.884,0.001,0.008,286.582,0.13699999999999998,-0.534
00:00:19.149,1572871905383,0.4270000000000001,0.001,24.934,0.664,3.0,0.0,23.891,0.001,0.008,286.98,0.13699999999999998,-0.534
00:00:19.150,1572871905384,0.4270000000000001,0.002,24.934,0.664,3.0,0.0,23.898000000000003,0.001,0.008,287.378,0.13699999999999998,-0.534
00:00:19.151,1572871905385,0.4270000000000001,0.002,24.934,0.664,3.0,0.0,23.905,0.001,0.008,287.752,0.13699999999999998,-0.534
00:00:19.199,1572871905433,0.4270000000000001,0.003,24.934,0.664,3.0,0.0,23.912,0.0,0.008,288.175,0.13699999999999998,-0.534
00:00:19.200,1572871905434,0.426,0.004,24.934,0.664,3.0,0.0,23.919,0.0,0.008,288.574,0.138,-0.534
00:00:19.201,1572871905435,0.426,0.004,24.934,0.664,3.0,0.0,23.927,0.0,0.008,288.972,0.138,-0.534
00:00:19.249,1572871905483,0.426,0.005,24.934,0.664,3.0,0.0,23.933000000000003,0.0,0.008,289.346,0.138,-0.534
00:00:19.250,1572871905484,0.426,0.005,24.934,0.664,3.0,0.0,23.941,0.0,0.008,289.77,0.138,-0.534
00:00:19.251,1572871905485,0.425,0.006,24.934,0.664,3.0,0.0,23.948,0.0,0.006999999999999999,290.1690000000001,0.138,-0.534
00:00:19.299,1572871905533,0.425,0.006,24.934,0.664,3.0,0.0,23.955,0.0,0.006999999999999999,290.569,0.138,-0.534
00:00:19.300,1572871905534,0.425,0.006999999999999999,24.934,0.664,3.0,0.0,23.962,-0.001,0.006999999999999999,290.968,0.138,-0.534
00:00:19.301,1572871905535,0.425,0.006999999999999999,24.934,0.664,3.0,-0.001,23.969,-0.001,0.006999999999999999,291.342,0.138,-0.534
00:00:19.350,1572871905584,0.425,0.008,24.934,0.664,3.0,-0.001,23.976,-0.001,0.006999999999999999,291.767,0.138,-0.534
00:00:19.351,1572871905585,0.424,0.008,24.934,0.664,3.0,-0.001,23.983,-0.001,0.006999999999999999,292.166,0.138,-0.534
00:00:19.352,1572871905586,0.424,0.008,25.154,0.664,3.0,-0.001,23.99,-0.001,0.006999999999999999,292.566,0.138,-0.534
00:00:19.400,1572871905634,0.424,0.009000000000000001,25.154,0.664,3.0,-0.001,23.997,-0.001,0.006999999999999999,292.966,0.138,-0.534
00:00:19.401,1572871905635,0.425,0.009000000000000001,25.154,0.664,3.0,-0.001,24.004,-0.001,0.006999999999999999,293.366,0.138,-0.534
00:00:19.402,1572871905636,0.425,0.01,25.154,0.664,3.0,-0.001,24.012,-0.001,0.006999999999999999,293.766,0.138,-0.534
00:00:19.459,1572871905693,0.426,0.01,25.154,0.664,3.0,-0.001,24.019,-0.001,0.006999999999999999,294.1670000000001,0.138,-0.534
00:00:19.460,1572871905694,0.426,0.011,25.154,0.664,3.0,-0.001,24.026,-0.001,0.006999999999999999,294.567,0.138,-0.534
00:00:19.461,1572871905695,0.4270000000000001,0.011,25.154,0.664,3.0,-0.001,24.033,-0.001,0.006999999999999999,294.967,0.138,-0.534
00:00:19.502,1572871905736,0.4270000000000001,0.011,25.154,0.664,3.0,-0.002,24.04,-0.001,0.006999999999999999,295.368,0.139,-0.534
00:00:19.503,1572871905737,0.4270000000000001,0.011,25.154,0.664,3.0,-0.002,24.047,-0.001,0.006999999999999999,295.769,0.139,-0.534
00:00:19.504,1572871905738,0.426,0.011,25.154,0.664,3.0,-0.002,24.054,-0.001,0.006999999999999999,296.17,0.139,-0.534
00:00:19.552,1572871905786,0.426,0.011,25.154,0.664,3.0,-0.002,24.061,-0.001,0.006999999999999999,296.571,0.139,-0.534
00:00:19.553,1572871905787,0.426,0.011,25.154,0.664,3.0,-0.002,24.068,-0.001,0.006999999999999999,296.972,0.139,-0.534
00:00:19.554,1572871905788,0.425,0.011,25.301,0.664,3.0,-0.002,24.075,-0.001,0.006999999999999999,297.373,0.139,-0.534
00:00:19.602,1572871905836,0.425,0.011,25.301,0.664,3.0,-0.002,24.083,-0.001,0.006999999999999999,297.774,0.139,-0.534
00:00:19.603,1572871905837,0.426,0.011,25.301,0.664,3.0,-0.002,24.09,-0.001,0.006999999999999999,298.176,0.139,-0.534
00:00:19.604,1572871905838,0.426,0.01,25.301,0.664,3.0,-0.002,24.097,-0.001,0.006999999999999999,298.577,0.139,-0.534
00:00:19.652,1572871905886,0.426,0.01,25.301,0.664,3.0,-0.002,24.104,-0.001,0.006999999999999999,298.9790000000001,0.139,-0.534
00:00:19.653,1572871905887,0.426,0.01,25.301,0.664,3.0,-0.002,24.111,-0.001,0.006999999999999999,299.381,0.139,-0.534
00:00:19.654,1572871905888,0.4270000000000001,0.01,25.447,0.664,3.0,-0.003,24.118,-0.001,0.006999999999999999,299.782,0.14,-0.534
00:00:19.705,1572871905939,0.4270000000000001,0.01,25.447,0.664,3.0,-0.003,24.125,-0.001,0.006999999999999999,300.184,0.14,-0.534
00:00:19.706,1572871905940,0.4270000000000001,0.011,25.447,0.664,3.0,-0.003,24.132,-0.001,0.006999999999999999,300.587,0.14,-0.534
00:00:19.707,1572871905941,0.4270000000000001,0.011,25.447,0.664,3.0,-0.003,24.139,-0.001,0.006999999999999999,300.9890000000001,0.14,-0.534
00:00:19.756,1572871905990,0.428,0.011,25.447,0.664,3.0,-0.003,24.147,-0.001,0.006999999999999999,301.391,0.14,-0.534
00:00:19.757,1572871905991,0.428,0.011,25.447,0.664,3.0,-0.003,24.154,-0.001,0.006999999999999999,301.7940000000001,0.14,-0.534
00:00:19.758,1572871905992,0.428,0.011,25.447,0.664,3.0,-0.003,24.161,-0.001,0.006999999999999999,302.196,0.14,-0.534
00:00:19.821,1572871906055,0.428,0.011,25.447,0.664,3.0,-0.003,24.16800000000001,-0.001,0.006999999999999999,302.599,0.14,-0.534
00:00:19.822,1572871906056,0.428,0.012,25.447,0.664,3.0,-0.003,24.175,-0.001,0.006999999999999999,303.002,0.141,-0.534
00:00:19.823,1572871906057,0.428,0.012,25.447,0.664,3.0,-0.003,24.182,-0.001,0.006999999999999999,303.405,0.141,-0.534
00:00:19.824,1572871906058,0.4270000000000001,0.012,25.447,0.664,3.0,-0.003,24.189,-0.001,0.006999999999999999,303.808,0.141,-0.534
00:00:19.868,1572871906102,0.4270000000000001,0.011,25.447,0.664,3.0,-0.003,24.196,-0.001,0.006999999999999999,304.211,0.141,-0.534
00:00:19.869,1572871906103,0.4270000000000001,0.012,25.447,0.664,3.0,-0.003,24.204,-0.001,0.006999999999999999,304.615,0.141,-0.534
00:00:19.870,1572871906104,0.426,0.012,25.447,0.664,3.0,-0.003,24.211,-0.001,0.006999999999999999,305.018,0.141,-0.534
00:00:19.918,1572871906152,0.426,0.012,25.447,0.664,3.0,-0.003,24.218000000000004,-0.001,0.006999999999999999,305.422,0.141,-0.534
00:00:19.919,1572871906153,0.426,0.013,25.447,0.664,3.0,-0.003,24.225,-0.001,0.006999999999999999,305.825,0.142,-0.534
00:00:19.920,1572871906154,0.426,0.013,25.447,0.664,3.0,-0.003,24.232,-0.001,0.006999999999999999,306.2290000000001,0.142,-0.534
00:00:19.968,1572871906202,0.425,0.014,25.447,0.664,3.0,-0.003,24.239,-0.001,0.006999999999999999,306.633,0.142,-0.534
00:00:19.969,1572871906203,0.425,0.014,25.447,0.664,3.0,-0.003,24.246,-0.001,0.006999999999999999,307.0370000000001,0.142,-0.534
00:00:19.970,1572871906204,0.425,0.014,25.447,0.664,3.0,-0.004,24.253,-0.001,0.006999999999999999,307.441,0.142,-0.534
00:00:20.018,1572871906252,0.425,0.015,25.447,0.664,3.0,-0.004,24.26,-0.001,0.006999999999999999,307.846,0.142,-0.534
00:00:20.019,1572871906253,0.424,0.015,25.447,0.664,3.0,-0.004,24.267,-0.001,0.006999999999999999,308.25,0.14300000000000002,-0.534
00:00:20.020,1572871906254,0.424,0.016,25.447,0.664,3.0,-0.004,24.274,-0.001,0.006999999999999999,308.654,0.14300000000000002,-0.534
00:00:20.069,1572871906303,0.424,0.018000000000000002,25.447,0.664,3.0,-0.004,24.281,-0.001,0.006999999999999999,309.059,0.14300000000000002,-0.534
00:00:20.070,1572871906304,0.424,0.019,25.447,0.664,3.0,-0.004,24.289,-0.001,0.006999999999999999,309.464,0.14300000000000002,-0.534
00:00:20.071,1572871906305,0.424,0.021,25.447,0.664,3.0,-0.004,24.296,-0.001,0.006999999999999999,309.869,0.14300000000000002,-0.534
00:00:20.119,1572871906353,0.423,0.023,25.447,0.664,3.0,-0.004,24.303,-0.001,0.006999999999999999,310.274,0.14400000000000002,-0.534
00:00:20.120,1572871906354,0.423,0.024,25.447,0.664,3.0,-0.004,24.31,-0.001,0.006999999999999999,310.6790000000001,0.14400000000000002,-0.534
00:00:20.121,1572871906355,0.423,0.025,25.447,0.664,3.0,-0.004,24.317,-0.001,0.006999999999999999,311.084,0.14400000000000002,-0.534
00:00:20.180,1572871906414,0.423,0.026,25.447,0.664,3.0,-0.004,24.324,-0.001,0.006999999999999999,311.4890000000001,0.14400000000000002,-0.534
00:00:20.181,1572871906415,0.422,0.027000000000000003,25.447,0.664,3.0,-0.005,24.331,-0.001,0.006999999999999999,311.895,0.145,-0.534
00:00:20.182,1572871906416,0.422,0.028,25.447,0.664,3.0,-0.005,24.338,-0.001,0.006999999999999999,312.3,0.145,-0.534
00:00:20.221,1572871906455,0.422,0.028,25.447,0.664,3.0,-0.005,24.345,-0.002,0.006999999999999999,312.706,0.145,-0.534
00:00:20.222,1572871906456,0.422,0.029,25.447,0.664,3.0,-0.005,24.352,-0.002,0.006999999999999999,313.112,0.145,-0.534
00:00:20.223,1572871906457,0.421,0.029,25.447,0.664,3.0,-0.006,24.359,-0.002,0.006999999999999999,313.518,0.146,-0.534
00:00:20.271,1572871906505,0.421,0.03,25.447,0.664,3.0,-0.006,24.366,-0.002,0.006999999999999999,313.9240000000001,0.146,-0.534
00:00:20.272,1572871906506,0.421,0.031,25.447,0.664,3.0,-0.006,24.373,-0.002,0.006999999999999999,314.33,0.146,-0.534
00:00:20.273,1572871906507,0.421,0.032,25.447,0.664,3.0,-0.006,24.38,-0.002,0.006999999999999999,314.736,0.147,-0.534
00:00:20.321,1572871906555,0.42,0.033,25.447,0.664,3.0,-0.006999999999999999,24.387,-0.003,0.006999999999999999,315.143,0.147,-0.534
00:00:20.322,1572871906556,0.42,0.034,25.447,0.664,3.0,-0.006999999999999999,24.394,-0.003,0.006999999999999999,315.5490000000001,0.147,-0.534
00:00:20.323,1572871906557,0.42,0.035,25.447,0.664,3.0,-0.006999999999999999,24.401,-0.003,0.006999999999999999,315.956,0.147,-0.534
00:00:20.371,1572871906605,0.42,0.036000000000000004,25.447,0.664,3.0,-0.006999999999999999,24.408,-0.003,0.006999999999999999,316.362,0.14800000000000002,-0.534
00:00:20.372,1572871906606,0.42,0.037000000000000005,25.667,0.664,3.0,-0.008,24.415,-0.003,0.006999999999999999,316.769,0.14800000000000002,-0.534
00:00:20.373,1572871906607,0.42,0.038,25.667,0.664,3.0,-0.008,24.422,-0.003,0.006999999999999999,317.176,0.149,-0.534
00:00:20.426,1572871906660,0.42,0.038,25.667,0.664,3.0,-0.008,24.429,-0.003,0.006999999999999999,317.583,0.149,-0.534
00:00:20.427,1572871906661,0.421,0.039,25.667,0.664,3.0,-0.008,24.436,-0.004,0.006999999999999999,317.991,0.149,-0.534
00:00:20.428,1572871906662,0.421,0.039,25.667,0.664,3.0,-0.009000000000000001,24.443,-0.004,0.006999999999999999,318.398,0.15,-0.534
00:00:20.472,1572871906706,0.422,0.039,25.667,0.664,3.0,-0.009000000000000001,24.45,-0.004,0.006999999999999999,318.805,0.15,-0.534
00:00:20.473,1572871906707,0.422,0.04,25.447,0.664,3.0,-0.009000000000000001,24.457,-0.004,0.006,319.213,0.15,-0.534
00:00:20.474,1572871906708,0.422,0.04,25.447,0.664,3.0,-0.009000000000000001,24.464,-0.004,0.006,319.621,0.151,-0.534
00:00:20.523,1572871906757,0.421,0.04,25.447,0.664,3.0,-0.01,24.471,-0.004,0.006,320.028,0.151,-0.534
00:00:20.524,1572871906758,0.42,0.04,25.447,0.664,3.0,-0.01,24.478,-0.004,0.006,320.436,0.152,-0.534
00:00:20.525,1572871906759,0.419,0.04,25.447,0.664,3.0,-0.01,24.485,-0.004,0.006,320.844,0.152,-0.534
00:00:20.574,1572871906808,0.418,0.04,25.447,0.664,3.0,-0.01,24.492,-0.004,0.006,321.252,0.153,-0.534
00:00:20.575,1572871906809,0.417,0.04,25.447,0.664,3.0,-0.01,24.499,-0.004,0.006,321.661,0.153,-0.534
00:00:20.576,1572871906810,0.416,0.039,25.447,0.664,3.0,-0.011,24.506,-0.004,0.006,322.069,0.154,-0.534
00:00:20.625,1572871906859,0.416,0.039,25.447,0.664,3.0,-0.011,24.513,-0.004,0.006,322.478,0.154,-0.534
00:00:20.626,1572871906860,0.416,0.038,25.447,0.664,3.0,-0.011,24.52,-0.004,0.006,322.886,0.155,-0.534
00:00:20.627,1572871906861,0.416,0.038,25.447,0.664,3.0,-0.011,24.527,-0.004,0.006,323.295,0.155,-0.534
00:00:20.675,1572871906909,0.415,0.037000000000000005,25.447,0.664,3.0,-0.011,24.534,-0.004,0.006,323.704,0.156,-0.534
00:00:20.676,1572871906910,0.41,0.037000000000000005,7.942,0.664,3.0,-0.011,24.54,-0.004,0.006,324.113,0.156,-0.534
00:00:20.677,1572871906911,0.3670000000000001,0.036000000000000004,7.942,0.664,3.0,-0.011,24.545,-0.004,0.006,324.522,0.157,-0.534
00:00:20.734,1572871906968,0.273,0.036000000000000004,7.942,0.664,3.0,-0.012,24.548,-0.004,0.005,324.931,0.157,-0.534
00:00:20.735,1572871906969,0.147,0.035,7.942,0.664,3.0,-0.012,24.549,-0.004,0.004,325.34,0.158,-0.534
00:00:20.736,1572871906970,0.024,0.035,7.942,0.664,3.0,-0.012,24.548,-0.004,0.001,325.749,0.159,-0.534
00:00:20.780,1572871907014,-0.069,0.034,7.942,0.664,3.0,-0.012,24.546,-0.004,-0.002,326.158,0.159,-0.534
00:00:20.781,1572871907015,-0.129,0.032,1.13,0.664,3.0,-0.012,24.54300000000001,-0.004,-0.006,326.567,0.16,-0.534
00:00:20.782,1572871907016,-0.177,0.031,1.13,0.664,3.0,-0.012,24.539,-0.004,-0.01,326.976,0.16,-0.534
00:00:20.825,1572871907059,-0.239,0.03,1.13,0.664,3.0,-0.012,24.534,-0.004,-0.015,327.385,0.161,-0.534
00:00:20.826,1572871907060,-0.301,0.03,1.13,0.664,3.0,-0.012,24.528,-0.004,-0.02,327.7940000000001,0.162,-0.534
00:00:20.827,1572871907061,-0.34700000000000003,0.029,1.13,0.664,3.0,-0.012,24.522,-0.003,-0.026,328.2030000000001,0.162,-0.534
00:00:20.876,1572871907110,-0.361,0.028,1.13,0.664,3.0,-0.012,24.516,-0.003,-0.033,328.612,0.163,-0.534
00:00:20.877,1572871907111,-0.338,0.028,1.13,0.664,3.0,-0.012,24.511,-0.003,-0.039,329.02,0.16399999999999998,-0.534
00:00:20.878,1572871907112,-0.324,0.027000000000000003,1.13,0.664,3.0,-0.012,24.505,-0.003,-0.046,329.4290000000001,0.16399999999999998,-0.534
00:00:20.928,1572871907162,-0.331,0.027000000000000003,1.13,0.664,3.0,-0.012,24.5,-0.003,-0.052000000000000005,329.837,0.165,-0.534
00:00:20.929,1572871907163,-0.328,0.026,1.13,0.664,3.0,-0.012,24.494,-0.003,-0.059,330.245,0.166,-0.534
00:00:20.930,1572871907164,-0.329,0.025,1.13,0.664,3.0,-0.012,24.489,-0.003,-0.065,330.653,0.166,-0.534
00:00:20.979,1572871907213,-0.328,0.024,1.13,0.664,3.0,-0.012,24.483,-0.003,-0.071,331.0619999999999,0.16699999999999998,-0.534
00:00:20.980,1572871907214,-0.328,0.023,1.13,0.664,3.0,-0.012,24.478,-0.003,-0.077,331.47,0.168,-0.534
00:00:20.981,1572871907215,-0.328,0.022,1.13,0.664,3.0,-0.012,24.472,-0.003,-0.083,331.8769999999999,0.168,-0.534
00:00:21.029,1572871907263,-0.327,0.021,1.13,0.664,3.0,-0.012,24.467,-0.003,-0.08800000000000001,332.285,0.16899999999999998,-0.534
00:00:21.030,1572871907264,-0.327,0.02,1.13,0.664,3.0,-0.012,24.462,-0.002,-0.094,332.6930000000001,0.17,-0.534
00:00:21.031,1572871907265,-0.327,0.019,1.13,0.664,3.0,-0.011,24.456,-0.002,-0.098,333.101,0.17,-0.534
00:00:21.079,1572871907313,-0.327,0.018000000000000002,1.13,0.664,3.0,-0.011,24.451,-0.002,-0.103,333.5080000000001,0.171,-0.534
00:00:21.080,1572871907314,-0.327,0.018000000000000002,1.13,0.664,3.0,-0.011,24.445,-0.002,-0.107,333.916,0.172,-0.534
00:00:21.081,1572871907315,-0.327,0.018000000000000002,1.13,0.664,3.0,-0.011,24.44,-0.002,-0.11,334.3230000000001,0.173,-0.5329999999999999
00:00:21.129,1572871907363,-0.327,0.018000000000000002,1.13,0.664,3.0,-0.011,24.434,-0.002,-0.114,334.73,0.173,-0.5329999999999999
00:00:21.130,1572871907364,-0.327,0.017,1.13,0.664,3.0,-0.011,24.429,-0.002,-0.116,335.1380000000001,0.174,-0.5329999999999999
00:00:21.131,1572871907365,-0.327,0.016,1.13,0.664,3.0,-0.011,24.423,-0.002,-0.119,335.545,0.175,-0.534
00:00:21.181,1572871907415,-0.327,0.016,1.13,0.664,3.0,-0.01,24.41800000000001,-0.002,-0.121,335.952,0.17600000000000002,-0.534
00:00:21.182,1572871907416,-0.328,0.015,1.13,0.664,3.0,-0.01,24.412,-0.002,-0.122,336.3590000000001,0.17600000000000002,-0.534
00:00:21.183,1572871907417,-0.328,0.014,1.13,0.664,3.0,-0.01,24.407,-0.002,-0.123,336.765,0.177,-0.534
00:00:21.184,1572871907418,-0.327,0.013,1.13,0.664,3.0,-0.01,24.401,-0.002,-0.123,337.172,0.17800000000000002,-0.534
00:00:21.232,1572871907466,-0.327,0.011,1.13,0.664,3.0,-0.01,24.396,-0.002,-0.123,337.579,0.179,-0.534
00:00:21.233,1572871907467,-0.327,0.009000000000000001,1.13,0.664,3.0,-0.01,24.391,-0.002,-0.123,337.985,0.179,-0.534
00:00:21.234,1572871907468,-0.327,0.006,1.13,0.664,3.0,-0.01,24.385,-0.002,-0.122,338.392,0.18,-0.534
00:00:21.282,1572871907516,-0.327,0.003,1.13,0.664,3.0,-0.009000000000000001,24.38,-0.002,-0.121,338.798,0.181,-0.534
00:00:21.283,1572871907517,-0.326,0.0,1.13,0.664,3.0,-0.009000000000000001,24.374,-0.002,-0.12,339.204,0.182,-0.534
00:00:21.284,1572871907518,-0.326,-0.004,1.13,0.664,3.0,-0.009000000000000001,24.369,-0.002,-0.118,339.611,0.182,-0.534
00:00:21.333,1572871907567,-0.326,-0.009000000000000001,1.13,0.664,3.0,-0.009000000000000001,24.363000000000003,-0.002,-0.117,340.017,0.183,-0.534
00:00:21.334,1572871907568,-0.326,-0.012,1.13,0.664,3.0,-0.008,24.358,-0.002,-0.115,340.423,0.184,-0.535
00:00:21.335,1572871907569,-0.326,-0.015,1.13,0.664,3.0,-0.008,24.353,-0.002,-0.114,340.829,0.185,-0.535
00:00:21.383,1572871907617,-0.326,-0.018000000000000002,1.13,0.664,3.0,-0.006999999999999999,24.347,-0.002,-0.112,341.235,0.185,-0.535
00:00:21.384,1572871907618,-0.326,-0.019,1.13,0.664,3.0,-0.006,24.342,-0.002,-0.11,341.64,0.18600000000000005,-0.535
00:00:21.385,1572871907619,-0.326,-0.019,1.13,0.664,3.0,-0.006,24.336,-0.002,-0.108,342.046,0.187,-0.535
00:00:21.433,1572871907667,-0.326,-0.019,1.13,0.664,3.0,-0.005,24.331,-0.002,-0.107,342.451,0.188,-0.535
00:00:21.434,1572871907668,-0.326,-0.019,1.13,0.664,3.0,-0.004,24.325,-0.001,-0.105,342.857,0.188,-0.535
00:00:21.435,1572871907669,-0.326,-0.019,1.13,0.664,3.0,-0.004,24.32,-0.001,-0.103,343.26199999999994,0.189,-0.535
00:00:21.483,1572871907717,-0.325,-0.019,1.13,0.664,3.0,-0.003,24.315,0.0,-0.102,343.668,0.19,-0.535
00:00:21.484,1572871907718,-0.325,-0.019,1.13,0.664,3.0,-0.003,24.309,0.0,-0.101,344.07300000000015,0.19,-0.535
00:00:21.485,1572871907719,-0.325,-0.02,1.13,0.664,3.0,-0.002,24.304,0.001,-0.099,344.478,0.191,-0.535
00:00:21.534,1572871907768,-0.325,-0.022,1.13,0.664,3.0,-0.002,24.298,0.001,-0.098,344.88300000000015,0.192,-0.535
00:00:21.535,1572871907769,-0.325,-0.023,1.13,0.664,3.0,-0.001,24.29300000000001,0.002,-0.097,345.288,0.193,-0.535
00:00:21.536,1572871907770,-0.325,-0.025,1.13,0.664,3.0,-0.001,24.287,0.002,-0.096,345.69300000000015,0.193,-0.535
00:00:21.584,1572871907818,-0.325,-0.027000000000000003,1.13,0.664,3.0,0.0,24.282,0.003,-0.096,346.097,0.194,-0.535
00:00:21.585,1572871907819,-0.325,-0.028,1.13,0.664,3.0,0.0,24.277,0.003,-0.095,346.50199999999984,0.195,-0.535
00:00:21.586,1572871907820,-0.325,-0.029,1.13,0.664,3.0,0.001,24.271,0.003,-0.095,346.907,0.195,-0.535
00:00:21.634,1572871907868,-0.325,-0.03,1.13,0.664,3.0,0.001,24.266,0.003,-0.094,347.311,0.196,-0.535
00:00:21.635,1572871907869,-0.325,-0.031,1.13,0.664,3.0,0.002,24.26,0.004,-0.094,347.716,0.197,-0.535
00:00:21.636,1572871907870,-0.325,-0.031,1.13,0.664,3.0,0.002,24.255,0.004,-0.094,348.12,0.197,-0.535
00:00:21.684,1572871907918,-0.325,-0.031,1.13,0.664,3.0,0.003,24.25,0.004,-0.094,348.524,0.198,-0.535
00:00:21.685,1572871907919,-0.325,-0.031,1.13,0.664,3.0,0.003,24.244,0.004,-0.094,348.92800000000005,0.198,-0.535
00:00:21.686,1572871907920,-0.325,-0.031,1.13,0.664,3.0,0.004,24.239,0.004,-0.094,349.332,0.199,-0.535
00:00:21.735,1572871907969,-0.325,-0.031,1.13,0.664,3.0,0.004,24.233,0.004,-0.094,349.736,0.2,-0.535
00:00:21.736,1572871907970,-0.325,-0.031,1.13,0.664,3.0,0.004,24.228,0.004,-0.094,350.14,0.2,-0.535
00:00:21.737,1572871907971,-0.325,-0.031,1.13,0.664,3.0,0.005,24.22300000000001,0.004,-0.095,350.54400000000015,0.201,-0.535
00:00:21.785,1572871908019,-0.324,-0.03,1.13,0.664,3.0,0.005,24.217,0.004,-0.095,350.94699999999995,0.201,-0.535
00:00:21.786,1572871908020,-0.324,-0.03,1.13,0.664,3.0,0.005,24.212,0.004,-0.095,351.351,0.202,-0.535
00:00:21.787,1572871908021,-0.324,-0.029,1.13,0.664,3.0,0.006,24.206,0.004,-0.096,351.754,0.202,-0.535
00:00:21.835,1572871908069,-0.324,-0.028,1.13,0.664,3.0,0.006,24.201,0.004,-0.096,352.158,0.203,-0.535
00:00:21.836,1572871908070,-0.324,-0.027000000000000003,1.13,0.664,3.0,0.006,24.195,0.004,-0.097,352.561,0.204,-0.535
00:00:21.837,1572871908071,-0.324,-0.027000000000000003,1.13,0.664,3.0,0.006,24.19,0.004,-0.097,352.964,0.204,-0.535
00:00:21.885,1572871908119,-0.324,-0.026,1.13,0.664,3.0,0.006,24.185,0.004,-0.098,353.36800000000005,0.205,-0.535
00:00:21.886,1572871908120,-0.324,-0.025,1.13,0.664,3.0,0.006999999999999999,24.179,0.004,-0.098,353.771,0.205,-0.535
00:00:21.887,1572871908121,-0.324,-0.024,1.13,0.664,3.0,0.006999999999999999,24.174,0.004,-0.099,354.17400000000015,0.206,-0.535
00:00:21.935,1572871908169,-0.324,-0.023,1.13,0.664,3.0,0.006999999999999999,24.16800000000001,0.003,-0.099,354.576,0.206,-0.535
00:00:21.936,1572871908170,-0.324,-0.022,1.13,0.664,3.0,0.006999999999999999,24.163,0.003,-0.1,354.97900000000016,0.207,-0.535
00:00:21.937,1572871908171,-0.324,-0.021,1.13,0.664,3.0,0.006999999999999999,24.158,0.003,-0.1,355.38199999999995,0.207,-0.535
00:00:21.985,1572871908219,-0.324,-0.02,1.13,0.664,3.0,0.006999999999999999,24.152,0.003,-0.101,355.784,0.208,-0.535
00:00:21.986,1572871908220,-0.324,-0.019,1.13,0.664,3.0,0.006999999999999999,24.147,0.003,-0.101,356.18699999999984,0.208,-0.535
00:00:21.987,1572871908221,-0.32299999999999995,-0.018000000000000002,1.13,0.664,3.0,0.006999999999999999,24.142,0.003,-0.101,356.589,0.209,-0.535
00:00:22.036,1572871908270,-0.32299999999999995,-0.017,1.13,0.664,3.0,0.006999999999999999,24.136,0.002,-0.102,356.992,0.209,-0.535
00:00:22.037,1572871908271,-0.32299999999999995,-0.016,1.13,0.664,3.0,0.006999999999999999,24.131,0.002,-0.102,357.394,0.209,-0.535
00:00:22.038,1572871908272,-0.32299999999999995,-0.015,1.13,0.664,3.0,0.006999999999999999,24.125,0.002,-0.102,357.796,0.21,-0.535
00:00:22.087,1572871908321,-0.32299999999999995,-0.014,1.13,0.664,3.0,0.006999999999999999,24.12,0.002,-0.102,358.19800000000015,0.21,-0.535
00:00:22.088,1572871908322,-0.32299999999999995,-0.013,1.13,0.664,3.0,0.006999999999999999,24.115,0.002,-0.102,358.6,0.211,-0.535
00:00:22.089,1572871908323,-0.32299999999999995,-0.013,1.13,0.664,3.0,0.006999999999999999,24.109,0.002,-0.102,359.027,0.211,-0.535
00:00:22.141,1572871908375,-0.32299999999999995,-0.012,1.13,0.664,3.0,0.006999999999999999,24.104,0.002,-0.102,359.404,0.212,-0.535
00:00:22.142,1572871908376,-0.32299999999999995,-0.012,1.13,0.664,3.0,0.006999999999999999,24.09800000000001,0.002,-0.102,359.805,0.212,-0.535
00:00:22.143,1572871908377,-0.32299999999999995,-0.011,1.13,0.664,3.0,0.006999999999999999,24.093000000000004,0.001,-0.101,360.207,0.213,-0.535
00:00:22.190,1572871908424,-0.32299999999999995,-0.011,1.13,0.664,3.0,0.006999999999999999,24.088,0.001,-0.101,360.608,0.213,-0.535
00:00:22.191,1572871908425,-0.322,-0.01,1.13,0.664,3.0,0.006999999999999999,24.082,0.001,-0.101,361.01,0.213,-0.535
00:00:22.192,1572871908426,-0.322,-0.01,1.13,0.664,3.0,0.006999999999999999,24.077,0.001,-0.101,361.411,0.214,-0.535
00:00:22.244,1572871908478,-0.322,-0.01,1.13,0.664,3.0,0.006,24.072,0.001,-0.101,361.812,0.214,-0.535
00:00:22.245,1572871908479,-0.322,-0.009000000000000001,1.13,0.664,3.0,0.006,24.066,0.001,-0.1,362.214,0.215,-0.535
00:00:22.246,1572871908480,-0.322,-0.009000000000000001,1.13,0.664,3.0,0.006,24.061,0.001,-0.1,362.615,0.215,-0.535
00:00:22.291,1572871908525,-0.322,-0.009000000000000001,1.13,0.664,3.0,0.006,24.056,0.001,-0.1,363.016,0.21600000000000005,-0.535
00:00:22.292,1572871908526,-0.322,-0.009000000000000001,1.13,0.664,3.0,0.006,24.05,0.001,-0.099,363.442,0.21600000000000005,-0.535
00:00:22.293,1572871908527,-0.322,-0.009000000000000001,1.13,0.664,3.0,0.006,24.044,0.001,-0.099,363.842,0.21600000000000005,-0.535
00:00:22.351,1572871908585,-0.322,-0.008,1.13,0.664,3.0,0.006,24.039,0.001,-0.099,364.218,0.217,-0.535
00:00:22.352,1572871908586,-0.322,-0.008,1.13,0.664,3.0,0.006,24.034,0.001,-0.099,364.619,0.217,-0.535
00:00:22.353,1572871908587,-0.322,-0.008,1.13,0.664,3.0,0.006,24.028,0.001,-0.098,365.044,0.218,-0.535
00:00:22.396,1572871908630,-0.321,-0.008,1.13,0.664,3.0,0.006,24.023000000000003,0.001,-0.098,365.42,0.218,-0.535
00:00:22.397,1572871908631,-0.321,-0.008,1.13,0.664,3.0,0.006,24.018,0.001,-0.098,365.845,0.218,-0.535
00:00:22.398,1572871908632,-0.321,-0.008,1.13,0.664,3.0,0.005,24.013,0.001,-0.098,366.22,0.219,-0.535
00:00:22.446,1572871908680,-0.321,-0.009000000000000001,1.13,0.664,3.0,0.005,24.007,0.001,-0.098,366.62,0.219,-0.535
00:00:22.447,1572871908681,-0.321,-0.009000000000000001,1.13,0.664,3.0,0.005,24.002,0.001,-0.098,367.045,0.22,-0.535
00:00:22.448,1572871908682,-0.321,-0.009000000000000001,1.13,0.664,3.0,0.005,23.997,0.001,-0.097,367.42,0.22,-0.535
00:00:22.504,1572871908738,-0.32,-0.01,1.276,0.664,3.0,0.005,23.992,0.001,-0.097,367.795,0.22,-0.535
00:00:22.505,1572871908739,-0.318,-0.01,1.276,0.664,3.0,0.005,23.986,0.001,-0.097,368.195,0.221,-0.535
00:00:22.506,1572871908740,-0.317,-0.01,1.276,0.664,3.0,0.005,23.981,0.001,-0.097,368.62,0.221,-0.535
00:00:22.507,1572871908741,-0.316,-0.01,1.276,0.664,3.0,0.005,23.976,0.001,-0.097,368.994,0.222,-0.535
00:00:22.554,1572871908788,-0.316,-0.01,1.276,0.664,3.0,0.005,23.971,0.001,-0.097,369.394,0.222,-0.535
00:00:22.555,1572871908789,-0.316,-0.01,1.276,0.664,3.0,0.005,23.965,0.001,-0.097,369.794,0.222,-0.535
00:00:22.556,1572871908790,-0.316,-0.01,1.276,0.664,3.0,0.005,23.96,0.001,-0.097,370.193,0.223,-0.535
00:00:22.604,1572871908838,-0.315,-0.011,1.276,0.664,3.0,0.005,23.955,0.001,-0.097,370.592,0.223,-0.535
00:00:22.605,1572871908839,-0.315,-0.012,1.276,0.664,3.0,0.005,23.95,0.001,-0.097,370.991,0.223,-0.535
00:00:22.606,1572871908840,-0.315,-0.012,1.276,0.664,3.0,0.005,23.94400000000001,0.001,-0.096,371.391,0.224,-0.535
00:00:22.660,1572871908894,-0.315,-0.012,1.276,0.664,3.0,0.005,23.939,0.001,-0.096,371.79,0.224,-0.535
00:00:22.661,1572871908895,-0.315,-0.013,1.276,0.664,3.0,0.005,23.933000000000003,0.001,-0.096,372.213,0.225,-0.535
00:00:22.662,1572871908896,-0.315,-0.013,1.276,0.664,3.0,0.005,23.929,0.001,-0.096,372.587,0.225,-0.535
00:00:22.710,1572871908944,-0.315,-0.013,1.276,0.664,3.0,0.005,23.923,0.001,-0.096,373.011,0.225,-0.535
00:00:22.711,1572871908945,-0.315,-0.014,1.276,0.664,3.0,0.005,23.91800000000001,0.001,-0.096,373.41,0.226,-0.535
00:00:22.712,1572871908946,-0.315,-0.014,1.276,0.664,3.0,0.005,23.913,0.001,-0.096,373.783,0.226,-0.535
00:00:22.762,1572871908996,-0.315,-0.015,1.276,0.664,3.0,0.005,23.908,0.001,-0.096,374.182,0.226,-0.535
00:00:22.763,1572871908997,-0.315,-0.015,1.276,0.664,3.0,0.005,23.902,0.001,-0.096,374.605,0.227,-0.535
00:00:22.764,1572871908998,-0.314,-0.016,1.423,0.664,3.0,0.005,23.897,0.001,-0.096,374.979,0.227,-0.535
00:00:22.812,1572871909046,-0.312,-0.016,1.423,0.664,3.0,0.005,23.892,0.001,-0.096,375.402,0.227,-0.535
00:00:22.813,1572871909047,-0.31,-0.017,1.423,0.664,3.0,0.005,23.886,0.001,-0.096,375.8,0.228,-0.535
00:00:22.814,1572871909048,-0.31,-0.018000000000000002,1.423,0.664,3.0,0.005,23.882,0.001,-0.096,376.173,0.228,-0.535
00:00:22.869,1572871909103,-0.309,-0.018000000000000002,1.423,0.664,3.0,0.005,23.876,0.001,-0.096,376.596,0.228,-0.535
00:00:22.870,1572871909104,-0.309,-0.02,1.423,0.664,3.0,0.006,23.871,0.002,-0.096,376.994,0.229,-0.535
00:00:22.871,1572871909105,-0.308,-0.021,1.643,0.664,3.0,0.006,23.866,0.002,-0.096,377.367,0.229,-0.535
00:00:22.913,1572871909147,-0.305,-0.022,1.643,0.664,3.0,0.006,23.861,0.002,-0.096,377.789,0.229,-0.535
00:00:22.914,1572871909148,-0.303,-0.023,1.643,0.664,3.0,0.006,23.856,0.002,-0.096,378.187,0.229,-0.535
00:00:22.915,1572871909149,-0.302,-0.024,1.643,0.664,3.0,0.006,23.851,0.002,-0.096,378.56,0.23,-0.535
00:00:22.963,1572871909197,-0.301,-0.026,1.643,0.664,3.0,0.006,23.846,0.002,-0.096,378.982,0.23,-0.535
00:00:22.964,1572871909198,-0.301,-0.027000000000000003,1.643,0.664,3.0,0.006,23.841,0.002,-0.096,379.379,0.23,-0.535
00:00:22.965,1572871909199,-0.3,-0.028,1.936,0.664,3.0,0.006,23.836,0.002,-0.096,379.752,0.23,-0.535
00:00:23.014,1572871909248,-0.295,-0.029,1.936,0.664,3.0,0.006999999999999999,23.831,0.002,-0.095,380.174,0.231,-0.535
00:00:23.015,1572871909249,-0.293,-0.029,1.936,0.664,3.0,0.006999999999999999,23.826,0.002,-0.095,380.571,0.231,-0.535
00:00:23.016,1572871909250,-0.292,-0.029,1.936,0.664,3.0,0.006999999999999999,23.822,0.002,-0.095,380.943,0.231,-0.535
00:00:23.067,1572871909301,-0.29100000000000004,-0.03,1.936,0.664,3.0,0.006999999999999999,23.816,0.002,-0.095,381.365,0.231,-0.535
00:00:23.068,1572871909302,-0.29100000000000004,-0.03,1.936,0.664,3.0,0.006999999999999999,23.812,0.002,-0.094,381.762,0.232,-0.535
00:00:23.069,1572871909303,-0.29,-0.03,2.448,0.664,3.0,0.008,23.807,0.002,-0.094,382.134,0.232,-0.535
00:00:23.070,1572871909304,-0.281,-0.03,2.448,0.664,3.0,0.008,23.802,0.002,-0.094,382.556,0.232,-0.535
00:00:23.117,1572871909351,-0.276,-0.03,2.448,0.664,3.0,0.008,23.798,0.003,-0.093,382.952,0.232,-0.535
00:00:23.118,1572871909352,-0.274,-0.031,2.448,0.664,3.0,0.008,23.79300000000001,0.003,-0.093,383.324,0.232,-0.535
00:00:23.119,1572871909353,-0.273,-0.031,2.448,0.664,3.0,0.008,23.789,0.003,-0.093,383.745,0.233,-0.535
00:00:23.168,1572871909402,-0.273,-0.032,2.448,0.664,3.0,0.008,23.784,0.003,-0.092,384.142,0.233,-0.535
00:00:23.169,1572871909403,-0.272,-0.032,2.595,0.664,3.0,0.009000000000000001,23.78,0.003,-0.092,384.514,0.233,-0.535
00:00:23.170,1572871909404,-0.27,-0.033,2.595,0.664,3.0,0.009000000000000001,23.775,0.003,-0.091,384.91,0.233,-0.535
00:00:23.224,1572871909458,-0.269,-0.033,2.595,0.664,3.0,0.009000000000000001,23.771,0.003,-0.091,385.331,0.233,-0.535
00:00:23.225,1572871909459,-0.268,-0.033,2.595,0.664,3.0,0.009000000000000001,23.766,0.003,-0.091,385.702,0.233,-0.535
00:00:23.226,1572871909460,-0.268,-0.033,2.595,0.664,3.0,0.009000000000000001,23.762,0.003,-0.09,386.12300000000016,0.233,-0.535
00:00:23.270,1572871909504,-0.268,-0.033,2.595,0.664,3.0,0.009000000000000001,23.757,0.003,-0.09,386.519,0.233,-0.535
00:00:23.271,1572871909505,-0.267,-0.033,3.108,0.664,3.0,0.009000000000000001,23.753,0.003,-0.08900000000000001,386.94,0.234,-0.535
00:00:23.272,1572871909506,-0.26,-0.033,3.108,0.664,3.0,0.01,23.749,0.003,-0.08900000000000001,387.311,0.234,-0.535
00:00:23.322,1572871909556,-0.252,-0.033,3.108,0.664,3.0,0.01,23.745,0.003,-0.08900000000000001,387.707,0.234,-0.535
00:00:23.323,1572871909557,-0.25,-0.033,3.108,0.664,3.0,0.01,23.741,0.003,-0.08800000000000001,388.078,0.234,-0.535
00:00:23.324,1572871909558,-0.249,-0.033,3.108,0.664,3.0,0.01,23.736,0.003,-0.08800000000000001,388.49800000000016,0.234,-0.535
00:00:23.370,1572871909604,-0.249,-0.033,3.108,0.664,3.0,0.01,23.732,0.003,-0.087,388.893,0.234,-0.535
00:00:23.371,1572871909605,-0.249,-0.032,4.279,0.664,3.0,0.01,23.728,0.003,-0.087,389.264,0.234,-0.535
00:00:23.372,1572871909606,-0.243,-0.032,4.279,0.664,3.0,0.01,23.724,0.003,-0.087,389.684,0.234,-0.535
00:00:23.426,1572871909660,-0.236,-0.032,4.279,0.664,3.0,0.01,23.72,0.003,-0.086,390.08,0.234,-0.535
00:00:23.427,1572871909661,-0.228,-0.031,4.279,0.664,3.0,0.01,23.717,0.003,-0.086,390.45,0.234,-0.535
00:00:23.428,1572871909662,-0.221,-0.031,4.279,0.664,3.0,0.01,23.713,0.003,-0.085,390.87,0.234,-0.535
00:00:23.474,1572871909708,-0.21600000000000005,-0.031,4.279,0.664,3.0,0.01,23.709,0.003,-0.085,391.265,0.234,-0.535
00:00:23.475,1572871909709,-0.213,-0.031,5.598,0.664,3.0,0.01,23.706,0.003,-0.084,391.636,0.234,-0.535
00:00:23.476,1572871909710,-0.209,-0.03,5.598,0.664,3.0,0.011,23.702,0.003,-0.084,392.056,0.234,-0.535
00:00:23.521,1572871909755,-0.203,-0.03,5.598,0.664,3.0,0.011,23.699,0.003,-0.083,392.451,0.234,-0.535
00:00:23.522,1572871909756,-0.196,-0.03,5.598,0.664,3.0,0.011,23.696,0.003,-0.083,392.846,0.234,-0.535
00:00:23.523,1572871909757,-0.188,-0.029,5.598,0.664,3.0,0.011,23.693,0.003,-0.08199999999999999,393.241,0.234,-0.535
00:00:23.578,1572871909812,-0.18,-0.029,5.598,0.664,3.0,0.011,23.69,0.003,-0.081,393.635,0.234,-0.535
00:00:23.579,1572871909813,-0.174,-0.029,7.795,0.664,3.0,0.011,23.687,0.003,-0.08,394.03,0.234,-0.535
00:00:23.580,1572871909814,-0.166,-0.029,7.795,0.664,3.0,0.011,23.685,0.003,-0.08,394.425,0.234,-0.535
00:00:23.625,1572871909859,-0.153,-0.03,7.795,0.664,3.0,0.011,23.682,0.003,-0.079,394.82,0.234,-0.535
00:00:23.626,1572871909860,-0.13699999999999998,-0.031,7.795,0.664,3.0,0.011,23.68,0.002,-0.078,395.19,0.234,-0.535
00:00:23.627,1572871909861,-0.118,-0.031,7.795,0.664,3.0,0.011,23.679,0.002,-0.076,395.609,0.233,-0.535
00:00:23.672,1572871909906,-0.104,-0.032,7.795,0.664,3.0,0.011,23.677,0.002,-0.075,396.004,0.233,-0.535
00:00:23.673,1572871909907,-0.096,-0.033,10.798,0.664,3.0,0.011,23.676,0.002,-0.07400000000000001,396.374,0.233,-0.535
00:00:23.674,1572871909908,-0.085,-0.033,10.798,0.664,3.0,0.011,23.674,0.002,-0.07200000000000001,396.793,0.233,-0.535
00:00:23.722,1572871909956,-0.065,-0.034,10.798,0.664,3.0,0.011,23.674,0.002,-0.071,397.187,0.233,-0.535
00:00:23.723,1572871909957,-0.04,-0.036000000000000004,10.798,0.664,3.0,0.011,23.673,0.002,-0.069,397.582,0.233,-0.535
00:00:23.724,1572871909958,-0.018000000000000002,-0.037000000000000005,10.798,0.664,3.0,0.011,23.673,0.002,-0.067,397.977,0.233,-0.535
00:00:23.782,1572871910016,-0.003,-0.039,10.798,0.664,3.0,0.011,23.673,0.002,-0.065,398.346,0.233,-0.535
00:00:23.783,1572871910017,0.006,-0.042,14.607,0.664,3.0,0.011,23.674,0.002,-0.063,398.766,0.232,-0.535
00:00:23.784,1572871910018,0.015,-0.044,14.607,0.664,3.0,0.011,23.674,0.002,-0.06,399.16,0.232,-0.535
00:00:23.833,1572871910067,0.034,-0.047,14.607,0.664,3.0,0.011,23.675,0.002,-0.058,399.555,0.232,-0.535
00:00:23.834,1572871910068,0.062,-0.048,14.607,0.664,3.0,0.011,23.676,0.002,-0.056,399.925,0.232,-0.535
00:00:23.835,1572871910069,0.096,-0.051,14.607,0.664,3.0,0.011,23.678,0.002,-0.053,400.344,0.232,-0.534
00:00:23.836,1572871910070,0.121,-0.052000000000000005,14.607,0.664,3.0,0.012,23.681,0.002,-0.05,400.739,0.231,-0.534
00:00:23.883,1572871910117,0.135,-0.053,15.12,0.664,3.0,0.012,23.683000000000003,0.002,-0.047,401.133,0.231,-0.534
00:00:23.884,1572871910118,0.141,-0.054000000000000006,15.12,0.664,3.0,0.012,23.686,0.002,-0.044,401.528,0.231,-0.534
00:00:23.885,1572871910119,0.14300000000000002,-0.054000000000000006,15.12,0.664,3.0,0.013,23.688,0.002,-0.041,401.898,0.231,-0.534
00:00:23.933,1572871910167,0.14300000000000002,-0.055,15.12,0.664,3.0,0.013,23.69,0.003,-0.038,402.318,0.23,-0.534
00:00:23.934,1572871910168,0.14300000000000002,-0.056,15.12,0.664,3.0,0.013,23.693,0.003,-0.035,402.713,0.23,-0.534
00:00:23.935,1572871910169,0.14300000000000002,-0.057,15.12,0.664,3.0,0.014,23.695,0.003,-0.032,403.108,0.23,-0.534
00:00:23.987,1572871910221,0.14300000000000002,-0.058,15.12,0.664,3.0,0.014,23.698,0.003,-0.03,403.502,0.229,-0.534
00:00:23.988,1572871910222,0.14300000000000002,-0.059,15.12,0.664,3.0,0.014,23.7,0.004,-0.027000000000000003,403.897,0.229,-0.534
00:00:23.989,1572871910223,0.14300000000000002,-0.06,15.12,0.664,3.0,0.015,23.702,0.004,-0.025,404.292,0.228,-0.534
00:00:24.038,1572871910272,0.14300000000000002,-0.061,15.12,0.664,3.0,0.015,23.705,0.004,-0.024,404.68800000000016,0.228,-0.534
00:00:24.039,1572871910273,0.14300000000000002,-0.062,15.12,0.664,3.0,0.015,23.707,0.004,-0.022,405.083,0.228,-0.534
00:00:24.040,1572871910274,0.142,-0.063,15.12,0.664,3.0,0.016,23.709,0.005,-0.021,405.478,0.227,-0.534
00:00:24.084,1572871910318,0.142,-0.063,15.265999999999998,0.664,3.0,0.016,23.712,0.005,-0.02,405.87300000000016,0.227,-0.534
00:00:24.085,1572871910319,0.14300000000000002,-0.064,15.265999999999998,0.664,3.0,0.016,23.714,0.005,-0.019,406.268,0.226,-0.534
00:00:24.086,1572871910320,0.14400000000000002,-0.064,15.265999999999998,0.664,3.0,0.017,23.717,0.005,-0.019,406.663,0.226,-0.534
00:00:24.142,1572871910376,0.146,-0.064,15.265999999999998,0.664,3.0,0.017,23.719,0.005,-0.019,407.059,0.225,-0.534
00:00:24.143,1572871910377,0.147,-0.064,15.265999999999998,0.664,3.0,0.017,23.722,0.006,-0.019,407.454,0.225,-0.534
00:00:24.144,1572871910378,0.14800000000000002,-0.063,15.265999999999998,0.664,3.0,0.017,23.724,0.006,-0.019,407.849,0.224,-0.534
00:00:24.191,1572871910425,0.149,-0.062,15.779000000000002,0.664,3.0,0.018000000000000002,23.726,0.006,-0.02,408.245,0.224,-0.534
00:00:24.192,1572871910426,0.151,-0.061,15.779000000000002,0.664,3.0,0.018000000000000002,23.729,0.006,-0.02,408.64,0.223,-0.534
00:00:24.193,1572871910427,0.155,-0.06,15.779000000000002,0.664,3.0,0.018000000000000002,23.732,0.006,-0.021,409.036,0.222,-0.534
00:00:24.237,1572871910471,0.16,-0.059,15.779000000000002,0.664,3.0,0.018000000000000002,23.734,0.006,-0.021,409.431,0.222,-0.534
00:00:24.238,1572871910472,0.165,-0.058,15.779000000000002,0.664,3.0,0.019,23.737,0.006,-0.022,409.827,0.221,-0.534
00:00:24.239,1572871910473,0.168,-0.056,15.779000000000002,0.664,3.0,0.019,23.74,0.006,-0.022,410.223,0.221,-0.534
00:00:24.290,1572871910524,0.17,-0.055,16.292,0.664,3.0,0.019,23.743,0.006,-0.023,410.61800000000005,0.22,-0.534
00:00:24.291,1572871910525,0.173,-0.053,16.292,0.664,3.0,0.019,23.746,0.006,-0.023,411.014,0.219,-0.534
00:00:24.292,1572871910526,0.17600000000000002,-0.05,16.292,0.664,3.0,0.019,23.749,0.006,-0.024,411.41,0.219,-0.534
00:00:24.341,1572871910575,0.18,-0.048,16.292,0.664,3.0,0.019,23.752,0.006,-0.024,411.806,0.218,-0.534
00:00:24.342,1572871910576,0.183,-0.045,16.292,0.664,3.0,0.019,23.755,0.006,-0.025,412.152,0.217,-0.534
00:00:24.343,1572871910577,0.187,-0.043,16.292,0.664,3.0,0.019,23.75800000000001,0.006,-0.025,412.548,0.217,-0.534
00:00:24.392,1572871910626,0.189,-0.039,16.658,0.664,3.0,0.019,23.761,0.006,-0.025,412.944,0.21600000000000005,-0.534
00:00:24.393,1572871910627,0.191,-0.036000000000000004,16.658,0.664,3.0,0.019,23.764,0.006,-0.026,413.34,0.215,-0.534
00:00:24.394,1572871910628,0.194,-0.033,16.658,0.664,3.0,0.019,23.767,0.005,-0.026,413.736,0.214,-0.534
00:00:24.442,1572871910676,0.197,-0.03,16.658,0.664,3.0,0.019,23.771,0.005,-0.026,414.132,0.214,-0.534
00:00:24.443,1572871910677,0.2,-0.027000000000000003,16.658,0.664,3.0,0.018000000000000002,23.774,0.005,-0.026,414.528,0.213,-0.534
00:00:24.444,1572871910678,0.203,-0.024,16.658,0.664,3.0,0.018000000000000002,23.778,0.005,-0.026,414.925,0.212,-0.534
00:00:24.492,1572871910726,0.204,-0.021,16.951,0.664,3.0,0.018000000000000002,23.781,0.005,-0.026,415.321,0.211,-0.534
00:00:24.493,1572871910727,0.206,-0.018000000000000002,16.951,0.664,3.0,0.017,23.784,0.004,-0.026,415.717,0.21,-0.534
00:00:24.494,1572871910728,0.208,-0.014,16.951,0.664,3.0,0.017,23.788,0.004,-0.026,416.114,0.21,-0.534
00:00:24.542,1572871910776,0.21,-0.011,16.951,0.664,3.0,0.017,23.791,0.004,-0.026,416.51,0.209,-0.534
00:00:24.543,1572871910777,0.213,-0.006999999999999999,16.951,0.664,3.0,0.016,23.795,0.004,-0.026,416.907,0.208,-0.534
00:00:24.544,1572871910778,0.215,-0.003,16.951,0.664,3.0,0.016,23.799,0.003,-0.026,417.304,0.207,-0.534
00:00:24.593,1572871910827,0.21600000000000005,0.0,17.317,0.664,3.0,0.015,23.802,0.003,-0.025,417.7,0.207,-0.534
00:00:24.594,1572871910828,0.217,0.003,17.317,0.664,3.0,0.015,23.806,0.003,-0.025,418.097,0.206,-0.534
00:00:24.595,1572871910829,0.22,0.005,17.317,0.664,3.0,0.014,23.81,0.002,-0.025,418.494,0.205,-0.534
00:00:24.643,1572871910877,0.223,0.006999999999999999,17.317,0.664,3.0,0.013,23.813,0.002,-0.025,418.891,0.204,-0.534
00:00:24.644,1572871910878,0.226,0.008,17.317,0.664,3.0,0.013,23.817,0.002,-0.024,419.287,0.203,-0.534
00:00:24.645,1572871910879,0.229,0.009000000000000001,17.317,0.664,3.0,0.012,23.821,0.001,-0.024,419.684,0.203,-0.534
00:00:24.700,1572871910934,0.23,0.01,17.463,0.664,3.0,0.011,23.825,0.001,-0.023,420.082,0.202,-0.534
00:00:24.701,1572871910935,0.231,0.011,17.463,0.664,3.0,0.01,23.829,0.0,-0.023,420.479,0.201,-0.534
00:00:24.702,1572871910936,0.233,0.012,17.463,0.664,3.0,0.01,23.833,0.0,-0.023,420.876,0.2,-0.534
00:00:24.750,1572871910984,0.234,0.014,17.463,0.664,3.0,0.009000000000000001,23.837,-0.001,-0.022,421.273,0.2,-0.534
00:00:24.751,1572871910985,0.235,0.015,17.463,0.664,3.0,0.009000000000000001,23.84,-0.001,-0.022,421.67,0.199,-0.534
00:00:24.752,1572871910986,0.235,0.016,17.463,0.664,3.0,0.008,23.844,-0.002,-0.021,422.068,0.198,-0.534
00:00:24.795,1572871911029,0.236,0.018000000000000002,18.269,0.664,3.0,0.006999999999999999,23.84800000000001,-0.002,-0.021,422.465,0.197,-0.534
00:00:24.796,1572871911030,0.238,0.019,18.269,0.664,3.0,0.006999999999999999,23.852,-0.002,-0.02,422.86300000000006,0.196,-0.534
00:00:24.797,1572871911031,0.243,0.02,18.269,0.664,3.0,0.006,23.857,-0.002,-0.02,423.26,0.196,-0.534
00:00:24.850,1572871911084,0.251,0.02,18.269,0.664,3.0,0.006,23.861,-0.003,-0.019,423.658,0.195,-0.534
00:00:24.851,1572871911085,0.258,0.021,18.269,0.664,3.0,0.005,23.865,-0.003,-0.019,424.056,0.194,-0.534
00:00:24.852,1572871911086,0.264,0.021,18.269,0.664,3.0,0.005,23.87,-0.003,-0.018000000000000002,424.453,0.194,-0.534
00:00:24.897,1572871911131,0.268,0.021,18.635,0.664,3.0,0.004,23.874,-0.003,-0.018000000000000002,424.851,0.193,-0.534
00:00:24.898,1572871911132,0.272,0.021,18.635,0.664,3.0,0.004,23.879,-0.003,-0.017,425.249,0.192,-0.534
00:00:24.899,1572871911133,0.275,0.021,18.635,0.664,3.0,0.003,23.88300000000001,-0.003,-0.017,425.647,0.191,-0.534
00:00:24.945,1572871911179,0.278,0.021,18.635,0.664,3.0,0.003,23.888,-0.003,-0.016,426.045,0.191,-0.534
00:00:24.946,1572871911180,0.281,0.02,18.635,0.664,3.0,0.002,23.893,-0.003,-0.015,426.443,0.19,-0.534
00:00:24.947,1572871911181,0.28300000000000003,0.02,18.635,0.664,3.0,0.002,23.898000000000003,-0.003,-0.015,426.842,0.189,-0.534
00:00:24.996,1572871911230,0.285,0.019,18.928,0.664,3.0,0.001,23.902,-0.003,-0.014,427.24,0.189,-0.534
00:00:24.997,1572871911231,0.28600000000000003,0.018000000000000002,18.928,0.664,3.0,0.001,23.907,-0.003,-0.014,427.638,0.188,-0.534
00:00:24.998,1572871911232,0.28800000000000003,0.017,18.928,0.664,3.0,0.001,23.912,-0.003,-0.013,428.037,0.187,-0.534
00:00:25.050,1572871911284,0.29,0.016,18.928,0.664,3.0,0.001,23.917,-0.003,-0.012,428.436,0.187,-0.534
00:00:25.051,1572871911285,0.293,0.016,18.928,0.664,3.0,0.0,23.922,-0.003,-0.012,428.834,0.18600000000000005,-0.534
00:00:25.052,1572871911286,0.295,0.015,18.928,0.664,3.0,0.0,23.927,-0.003,-0.011,429.233,0.185,-0.534
00:00:25.098,1572871911332,0.29600000000000004,0.014,18.928,0.664,3.0,0.0,23.932,-0.002,-0.011,429.632,0.185,-0.534
00:00:25.099,1572871911333,0.29600000000000004,0.014,18.928,0.664,3.0,-0.001,23.937,-0.002,-0.011,430.031,0.184,-0.534
00:00:25.100,1572871911334,0.29600000000000004,0.013,18.928,0.664,3.0,-0.001,23.941,-0.002,-0.01,430.43,0.183,-0.534
00:00:25.101,1572871911335,0.29600000000000004,0.013,18.928,0.664,3.0,-0.001,23.946,-0.002,-0.01,430.829,0.183,-0.534
00:00:25.148,1572871911382,0.29600000000000004,0.013,18.928,0.664,3.0,-0.001,23.951,-0.002,-0.01,431.228,0.182,-0.534
00:00:25.149,1572871911383,0.295,0.012,18.928,0.664,3.0,-0.001,23.956,-0.002,-0.009000000000000001,431.627,0.181,-0.534
00:00:25.150,1572871911384,0.295,0.013,18.928,0.664,3.0,-0.001,23.961,-0.002,-0.009000000000000001,432.026,0.181,-0.534
00:00:25.198,1572871911432,0.295,0.013,18.928,0.664,3.0,-0.001,23.966,-0.001,-0.009000000000000001,432.426,0.18,-0.534
00:00:25.199,1572871911433,0.295,0.013,18.928,0.664,3.0,-0.002,23.971,-0.001,-0.009000000000000001,432.825,0.179,-0.534
00:00:25.200,1572871911434,0.294,0.014,18.928,0.664,3.0,-0.002,23.976,-0.001,-0.009000000000000001,433.225,0.179,-0.534
00:00:25.248,1572871911482,0.294,0.014,18.928,0.664,3.0,-0.002,23.981,-0.001,-0.009000000000000001,433.624,0.17800000000000002,-0.534
00:00:25.249,1572871911483,0.294,0.015,18.928,0.664,3.0,-0.002,23.986,-0.001,-0.009000000000000001,434.024,0.17800000000000002,-0.534
00:00:25.250,1572871911484,0.294,0.015,18.928,0.664,3.0,-0.002,23.991,-0.001,-0.009000000000000001,434.424,0.177,-0.534
00:00:25.299,1572871911533,0.294,0.016,18.928,0.664,3.0,-0.002,23.995,0.0,-0.009000000000000001,434.824,0.17600000000000002,-0.534
00:00:25.300,1572871911534,0.294,0.017,18.928,0.664,3.0,-0.002,24.0,0.0,-0.009000000000000001,435.224,0.17600000000000002,-0.534
00:00:25.301,1572871911535,0.294,0.018000000000000002,18.928,0.664,3.0,-0.002,24.005,0.0,-0.01,435.624,0.175,-0.534
00:00:25.349,1572871911583,0.293,0.02,18.928,0.664,3.0,-0.002,24.01,0.0,-0.01,436.024,0.174,-0.534
00:00:25.350,1572871911584,0.293,0.022,18.928,0.664,3.0,-0.002,24.015,0.0,-0.01,436.424,0.174,-0.534
00:00:25.351,1572871911585,0.293,0.023,19.441,0.664,3.0,-0.003,24.02,0.0,-0.01,436.824,0.173,-0.534
00:00:25.400,1572871911634,0.294,0.025,19.441,0.664,3.0,-0.003,24.025,0.0,-0.01,437.225,0.173,-0.534
00:00:25.401,1572871911635,0.298,0.026,19.441,0.664,3.0,-0.003,24.03,0.0,-0.01,437.625,0.172,-0.534
00:00:25.402,1572871911636,0.303,0.027000000000000003,19.441,0.664,3.0,-0.003,24.035,0.0,-0.01,438.026,0.172,-0.534
00:00:25.451,1572871911685,0.307,0.028,19.441,0.664,3.0,-0.004,24.04,-0.001,-0.01,438.426,0.171,-0.534
00:00:25.452,1572871911686,0.311,0.029,19.441,0.664,3.0,-0.004,24.045,-0.001,-0.01,438.827,0.17,-0.534
00:00:25.453,1572871911687,0.314,0.03,19.441,0.664,3.0,-0.004,24.051,-0.001,-0.01,439.228,0.17,-0.534
00:00:25.502,1572871911736,0.315,0.031,19.441,0.664,3.0,-0.005,24.056,-0.001,-0.01,439.629,0.16899999999999998,-0.534
00:00:25.503,1572871911737,0.316,0.031,19.441,0.664,3.0,-0.005,24.061,-0.001,-0.01,440.03,0.16899999999999998,-0.534
00:00:25.504,1572871911738,0.315,0.032,19.441,0.664,3.0,-0.005,24.066,-0.002,-0.01,440.431,0.168,-0.534
00:00:25.554,1572871911788,0.315,0.033,19.441,0.664,3.0,-0.006,24.072,-0.002,-0.01,440.832,0.168,-0.534
00:00:25.555,1572871911789,0.314,0.034,19.441,0.664,3.0,-0.006,24.077,-0.002,-0.01,441.233,0.16699999999999998,-0.534
00:00:25.556,1572871911790,0.314,0.035,19.954,0.664,3.0,-0.006,24.082,-0.003,-0.01,441.635,0.16699999999999998,-0.534
00:00:25.610,1572871911844,0.315,0.036000000000000004,19.954,0.664,3.0,-0.006999999999999999,24.087,-0.003,-0.01,442.036,0.166,-0.534
00:00:25.611,1572871911845,0.318,0.037000000000000005,19.954,0.664,3.0,-0.006999999999999999,24.093000000000004,-0.003,-0.01,442.437,0.166,-0.534
00:00:25.612,1572871911846,0.32299999999999995,0.038,19.954,0.664,3.0,-0.006999999999999999,24.09800000000001,-0.003,-0.01,442.839,0.165,-0.534
00:00:25.661,1572871911895,0.328,0.038,19.954,0.664,3.0,-0.006999999999999999,24.104,-0.003,-0.009000000000000001,443.241,0.165,-0.534
00:00:25.662,1572871911896,0.332,0.039,19.954,0.664,3.0,-0.008,24.109,-0.004,-0.009000000000000001,443.643,0.165,-0.534
00:00:25.663,1572871911897,0.334,0.04,20.1,0.664,3.0,-0.008,24.115,-0.004,-0.009000000000000001,444.044,0.16399999999999998,-0.534
00:00:25.710,1572871911944,0.336,0.04,20.1,0.664,3.0,-0.008,24.121,-0.004,-0.008,444.446,0.16399999999999998,-0.534
00:00:25.711,1572871911945,0.337,0.04,20.1,0.664,3.0,-0.009000000000000001,24.126,-0.004,-0.008,444.848,0.163,-0.534
00:00:25.712,1572871911946,0.337,0.041,20.1,0.664,3.0,-0.009000000000000001,24.132,-0.004,-0.008,445.251,0.163,-0.534
00:00:25.761,1572871911995,0.338,0.041,20.1,0.664,3.0,-0.009000000000000001,24.137,-0.004,-0.006999999999999999,445.653,0.163,-0.534
00:00:25.762,1572871911996,0.338,0.04,20.1,0.664,3.0,-0.009000000000000001,24.143,-0.004,-0.006999999999999999,446.055,0.162,-0.534
00:00:25.763,1572871911997,0.337,0.04,20.1,0.664,3.0,-0.01,24.149,-0.004,-0.006,446.458,0.162,-0.534
00:00:25.815,1572871912049,0.337,0.04,20.1,0.664,3.0,-0.01,24.154,-0.004,-0.006,446.86,0.161,-0.534
00:00:25.816,1572871912050,0.337,0.039,20.1,0.664,3.0,-0.01,24.16,-0.004,-0.006,447.263,0.161,-0.534
00:00:25.817,1572871912051,0.336,0.039,20.1,0.664,3.0,-0.01,24.165,-0.004,-0.005,447.665,0.161,-0.534
00:00:25.818,1572871912052,0.336,0.038,20.1,0.664,3.0,-0.01,24.171,-0.004,-0.005,448.068,0.16,-0.534
00:00:25.882,1572871912116,0.336,0.038,20.1,0.664,3.0,-0.01,24.177,-0.004,-0.005,448.471,0.16,-0.534
00:00:25.883,1572871912117,0.336,0.037000000000000005,20.32,0.664,3.0,-0.011,24.182,-0.004,-0.005,448.874,0.16,-0.534
00:00:25.884,1572871912118,0.336,0.036000000000000004,20.32,0.664,3.0,-0.011,24.188,-0.004,-0.004,449.277,0.16,-0.534
00:00:25.926,1572871912160,0.336,0.035,20.32,0.664,3.0,-0.011,24.193,-0.004,-0.004,449.68,0.159,-0.534
00:00:25.927,1572871912161,0.337,0.034,20.32,0.664,3.0,-0.011,24.199,-0.004,-0.004,450.084,0.159,-0.534
00:00:25.928,1572871912162,0.337,0.033,20.32,0.664,3.0,-0.011,24.205,-0.004,-0.004,450.487,0.159,-0.534
00:00:25.988,1572871912222,0.338,0.032,20.32,0.664,3.0,-0.011,24.21,-0.004,-0.004,450.89,0.159,-0.534
00:00:25.989,1572871912223,0.338,0.031,20.32,0.664,3.0,-0.011,24.216,-0.004,-0.004,451.294,0.158,-0.534
00:00:25.990,1572871912224,0.338,0.03,20.32,0.664,3.0,-0.011,24.222,-0.004,-0.004,451.698,0.158,-0.534
00:00:25.991,1572871912225,0.338,0.028,20.32,0.664,3.0,-0.011,24.227,-0.004,-0.004,452.101,0.158,-0.534
00:00:26.040,1572871912274,0.338,0.027000000000000003,20.32,0.664,3.0,-0.011,24.233,-0.004,-0.004,452.505,0.158,-0.534
00:00:26.041,1572871912275,0.338,0.026,20.32,0.664,3.0,-0.011,24.238000000000003,-0.004,-0.004,452.909,0.157,-0.534
00:00:26.042,1572871912276,0.337,0.025,20.32,0.664,3.0,-0.011,24.244,-0.003,-0.004,453.31300000000016,0.157,-0.534
00:00:26.091,1572871912325,0.337,0.024,20.32,0.664,3.0,-0.011,24.25,-0.003,-0.004,453.717,0.157,-0.534
00:00:26.092,1572871912326,0.337,0.023,20.32,0.664,3.0,-0.011,24.255,-0.003,-0.004,454.122,0.157,-0.534
00:00:26.093,1572871912327,0.337,0.022,20.32,0.664,3.0,-0.011,24.261,-0.003,-0.004,454.526,0.157,-0.534
00:00:26.142,1572871912376,0.337,0.021,20.32,0.664,3.0,-0.011,24.267,-0.003,-0.004,454.93,0.156,-0.534
00:00:26.143,1572871912377,0.336,0.02,20.32,0.664,3.0,-0.011,24.272,-0.003,-0.004,455.335,0.156,-0.534
00:00:26.144,1572871912378,0.336,0.018000000000000002,20.32,0.664,3.0,-0.011,24.278,-0.003,-0.005,455.739,0.156,-0.534
00:00:26.200,1572871912434,0.336,0.017,20.32,0.664,3.0,-0.011,24.283,-0.003,-0.005,456.144,0.156,-0.534
00:00:26.201,1572871912435,0.336,0.015,20.32,0.664,3.0,-0.01,24.289,-0.003,-0.005,456.549,0.156,-0.534
00:00:26.202,1572871912436,0.336,0.013,20.32,0.664,3.0,-0.01,24.295,-0.002,-0.005,456.954,0.156,-0.534
00:00:26.244,1572871912478,0.336,0.011,20.32,0.664,3.0,-0.01,24.3,-0.002,-0.005,457.359,0.156,-0.534
00:00:26.245,1572871912479,0.335,0.01,20.32,0.664,3.0,-0.01,24.306,-0.002,-0.005,457.764,0.155,-0.534
00:00:26.246,1572871912480,0.335,0.008,20.32,0.664,3.0,-0.01,24.311,-0.002,-0.005,458.169,0.155,-0.534
00:00:26.299,1572871912533,0.335,0.006999999999999999,20.466,0.664,3.0,-0.01,24.317,-0.002,-0.005,458.574,0.155,-0.534
00:00:26.300,1572871912534,0.335,0.006999999999999999,20.466,0.664,3.0,-0.009000000000000001,24.322,-0.002,-0.005,458.979,0.155,-0.534
00:00:26.301,1572871912535,0.335,0.006,20.466,0.664,3.0,-0.009000000000000001,24.32800000000001,-0.002,-0.005,459.385,0.155,-0.534
00:00:26.344,1572871912578,0.335,0.006,20.466,0.664,3.0,-0.009000000000000001,24.334,-0.002,-0.006,459.79,0.155,-0.534
00:00:26.345,1572871912579,0.336,0.006,20.466,0.664,3.0,-0.008,24.339,-0.002,-0.006,460.196,0.155,-0.534
00:00:26.346,1572871912580,0.336,0.005,20.466,0.664,3.0,-0.008,24.345,-0.001,-0.006,460.602,0.154,-0.534
00:00:26.394,1572871912628,0.336,0.005,20.466,0.664,3.0,-0.008,24.35,-0.001,-0.006,461.007,0.154,-0.534
00:00:26.395,1572871912629,0.336,0.005,20.466,0.664,3.0,-0.008,24.356,-0.001,-0.006,461.413,0.154,-0.534
00:00:26.396,1572871912630,0.336,0.004,20.466,0.664,3.0,-0.006999999999999999,24.362,-0.001,-0.006,461.819,0.154,-0.534
00:00:26.455,1572871912689,0.336,0.004,20.466,0.664,3.0,-0.006999999999999999,24.367,-0.001,-0.006,462.225,0.154,-0.534
00:00:26.456,1572871912690,0.335,0.003,20.466,0.664,3.0,-0.006999999999999999,24.373,-0.001,-0.006,462.631,0.154,-0.534
00:00:26.457,1572871912691,0.335,0.002,20.466,0.664,3.0,-0.006999999999999999,24.378,0.0,-0.006,463.038,0.154,-0.534
00:00:26.458,1572871912692,0.335,0.002,20.32,0.664,3.0,-0.006,24.384,0.0,-0.006,463.444,0.153,-0.534
00:00:26.500,1572871912734,0.335,0.001,20.32,0.664,3.0,-0.006,24.39,0.0,-0.006,463.85,0.153,-0.534
00:00:26.501,1572871912735,0.334,0.0,20.32,0.664,3.0,-0.006,24.395,0.0,-0.006,464.257,0.153,-0.534
00:00:26.502,1572871912736,0.333,-0.001,20.32,0.664,3.0,-0.006,24.401,0.0,-0.006,464.664,0.153,-0.534
00:00:26.550,1572871912784,0.333,-0.001,20.32,0.664,3.0,-0.006,24.406,0.0,-0.006,465.07,0.153,-0.534
00:00:26.551,1572871912785,0.332,-0.002,20.32,0.664,3.0,-0.005,24.412,0.0,-0.006,465.477,0.153,-0.534
00:00:26.560,1572871912794,0.332,-0.004,20.466,0.664,3.0,-0.005,24.417,0.0,-0.006,465.884,0.153,-0.534
00:00:26.613,1572871912847,0.331,-0.005,20.466,0.664,3.0,-0.005,24.423,0.0,-0.006,466.291,0.153,-0.534
00:00:26.614,1572871912848,0.332,-0.006,20.466,0.664,3.0,-0.005,24.428,0.0,-0.006,466.698,0.152,-0.534
00:00:26.615,1572871912849,0.332,-0.006999999999999999,20.466,0.664,3.0,-0.005,24.434,0.0,-0.006,467.105,0.152,-0.534
00:00:26.660,1572871912894,0.332,-0.008,20.466,0.664,3.0,-0.004,24.439,0.0,-0.006,467.513,0.152,-0.534
00:00:26.661,1572871912895,0.333,-0.009000000000000001,20.466,0.664,3.0,-0.004,24.445,0.0,-0.006,467.92,0.152,-0.534
00:00:26.662,1572871912896,0.333,-0.009000000000000001,20.466,0.664,3.0,-0.004,24.45,0.0,-0.006,468.327,0.152,-0.534
00:00:26.719,1572871912953,0.333,-0.009000000000000001,20.466,0.664,3.0,-0.003,24.456,0.0,-0.006,468.735,0.152,-0.534
00:00:26.720,1572871912954,0.333,-0.009000000000000001,20.466,0.664,3.0,-0.003,24.462,0.0,-0.006,469.143,0.151,-0.534
00:00:26.721,1572871912955,0.332,-0.009000000000000001,20.466,0.664,3.0,-0.003,24.467,0.0,-0.006,469.55,0.151,-0.534
00:00:26.722,1572871912956,0.332,-0.009000000000000001,20.466,0.664,3.0,-0.003,24.47300000000001,0.001,-0.006,469.958,0.151,-0.534
00:00:26.769,1572871913003,0.332,-0.009000000000000001,20.466,0.664,3.0,-0.002,24.478,0.001,-0.006,470.366,0.151,-0.534
00:00:26.770,1572871913004,0.332,-0.009000000000000001,20.466,0.664,3.0,-0.002,24.484,0.001,-0.006,470.774,0.151,-0.534
00:00:26.771,1572871913005,0.332,-0.009000000000000001,20.466,0.664,3.0,-0.002,24.489,0.001,-0.006,471.182,0.151,-0.534
00:00:26.819,1572871913053,0.331,-0.009000000000000001,20.466,0.664,3.0,-0.002,24.495,0.001,-0.006,471.59,0.151,-0.534
00:00:26.820,1572871913054,0.331,-0.009000000000000001,20.466,0.664,3.0,-0.001,24.5,0.001,-0.006,471.999,0.15,-0.534
00:00:26.821,1572871913055,0.331,-0.01,20.466,0.664,3.0,-0.001,24.506,0.001,-0.006,472.407,0.15,-0.534
00:00:26.869,1572871913103,0.331,-0.01,20.466,0.664,3.0,-0.001,24.511,0.001,-0.006,472.816,0.15,-0.534
00:00:26.870,1572871913104,0.331,-0.01,20.32,0.664,3.0,-0.001,24.517,0.001,-0.006,473.224,0.15,-0.534
00:00:26.871,1572871913105,0.33,-0.01,20.32,0.664,3.0,-0.001,24.522,0.001,-0.006,473.633,0.15,-0.534
00:00:26.922,1572871913156,0.33,-0.01,20.32,0.664,3.0,0.0,24.528,0.001,-0.006,474.042,0.149,-0.534
00:00:26.923,1572871913157,0.329,-0.01,20.32,0.664,3.0,0.0,24.533,0.001,-0.006,474.45,0.149,-0.534
00:00:26.924,1572871913158,0.328,-0.01,20.32,0.664,3.0,0.0,24.539,0.002,-0.006,474.859,0.149,-0.534
00:00:26.974,1572871913208,0.328,-0.009000000000000001,20.32,0.664,3.0,0.0,24.544,0.002,-0.006,475.268,0.149,-0.534
00:00:26.975,1572871913209,0.325,-0.008,5.818,0.664,3.0,0.0,24.549,0.002,-0.006,475.677,0.149,-0.534
00:00:26.976,1572871913210,0.28800000000000003,-0.006999999999999999,5.818,0.664,3.0,0.001,24.554,0.002,-0.006999999999999999,476.112,0.14800000000000002,-0.534
00:00:27.023,1572871913257,0.201,-0.006,5.818,0.664,3.0,0.001,24.556,0.002,-0.006999999999999999,476.522,0.14800000000000002,-0.534
00:00:27.024,1572871913258,0.08199999999999999,-0.004,5.818,0.664,3.0,0.001,24.555,0.002,-0.009000000000000001,476.905,0.14800000000000002,-0.534
00:00:27.025,1572871913259,-0.062,-0.003,5.818,0.664,3.0,0.001,24.552,0.002,-0.011,477.314,0.14800000000000002,-0.534
00:00:27.074,1572871913308,-0.172,0.0,5.818,0.664,3.0,0.001,24.548,0.002,-0.014,477.724,0.14800000000000002,-0.534
00:00:27.075,1572871913309,-0.22,0.002,1.13,0.664,3.0,0.001,24.544,0.002,-0.018000000000000002,478.133,0.14800000000000002,-0.534
00:00:27.076,1572871913310,-0.232,0.004,1.13,0.664,3.0,0.001,24.54,0.002,-0.022,478.542,0.147,-0.534
00:00:27.124,1572871913358,-0.255,0.006,1.13,0.664,3.0,0.001,24.535,0.002,-0.027000000000000003,478.951,0.147,-0.534
00:00:27.125,1572871913359,-0.297,0.009000000000000001,1.13,0.664,3.0,0.001,24.53,0.002,-0.032,479.36,0.147,-0.534
00:00:27.126,1572871913360,-0.338,0.012,1.13,0.664,3.0,0.001,24.524,0.002,-0.037000000000000005,479.768,0.147,-0.534
00:00:27.175,1572871913409,-0.34700000000000003,0.014,1.13,0.664,3.0,0.001,24.518,0.002,-0.043,480.177,0.147,-0.534
00:00:27.176,1572871913410,-0.329,0.016,1.13,0.664,3.0,0.0,24.513,0.001,-0.048,480.586,0.146,-0.534
00:00:27.177,1572871913411,-0.33,0.019,1.13,0.664,3.0,0.0,24.507,0.001,-0.054000000000000006,481.02,0.146,-0.534
00:00:27.228,1572871913462,-0.328,0.021,1.13,0.664,3.0,0.0,24.502,0.001,-0.06,481.402,0.146,-0.534
00:00:27.229,1572871913463,-0.329,0.023,1.13,0.664,3.0,-0.001,24.496,0.001,-0.065,481.811,0.146,-0.534
00:00:27.230,1572871913464,-0.328,0.026,1.13,0.664,3.0,-0.001,24.491,0.001,-0.071,482.219,0.146,-0.534
00:00:27.279,1572871913513,-0.328,0.028,1.13,0.664,3.0,-0.002,24.485,0.0,-0.076,482.627,0.146,-0.534
00:00:27.280,1572871913514,-0.328,0.03,1.13,0.664,3.0,-0.002,24.48,0.0,-0.08199999999999999,483.035,0.145,-0.534
00:00:27.281,1572871913515,-0.328,0.033,1.13,0.664,3.0,-0.003,24.474,0.0,-0.087,483.469,0.145,-0.534
00:00:27.329,1572871913563,-0.328,0.036000000000000004,1.13,0.664,3.0,-0.003,24.468000000000004,-0.001,-0.092,483.876,0.145,-0.534
00:00:27.330,1572871913564,-0.327,0.038,1.13,0.664,3.0,-0.004,24.463,-0.001,-0.096,484.259,0.145,-0.534
00:00:27.331,1572871913565,-0.327,0.041,1.13,0.664,3.0,-0.004,24.457,-0.002,-0.1,484.692,0.145,-0.534
00:00:27.380,1572871913614,-0.327,0.044,1.13,0.664,3.0,-0.005,24.452,-0.002,-0.104,485.099,0.145,-0.534
00:00:27.381,1572871913615,-0.327,0.047,1.13,0.664,3.0,-0.005,24.447,-0.002,-0.107,485.482,0.145,-0.534
00:00:27.382,1572871913616,-0.327,0.049,1.13,0.664,3.0,-0.006,24.441,-0.003,-0.11,485.889,0.145,-0.534
00:00:27.431,1572871913665,-0.327,0.052000000000000005,1.13,0.664,3.0,-0.006999999999999999,24.436,-0.003,-0.113,486.296,0.145,-0.534
00:00:27.432,1572871913666,-0.327,0.054000000000000006,1.13,0.664,3.0,-0.006999999999999999,24.43,-0.003,-0.115,486.703,0.145,-0.534
00:00:27.433,1572871913667,-0.327,0.056,1.13,0.664,3.0,-0.008,24.425,-0.004,-0.117,487.111,0.145,-0.534
00:00:27.480,1572871913714,-0.327,0.058,1.13,0.664,3.0,-0.009000000000000001,24.419,-0.004,-0.119,487.518,0.145,-0.534
00:00:27.481,1572871913715,-0.328,0.059,1.13,0.664,3.0,-0.009000000000000001,24.414,-0.005,-0.12,487.925,0.145,-0.534
00:00:27.482,1572871913716,-0.327,0.06,1.13,0.664,3.0,-0.01,24.408,-0.005,-0.12,488.357,0.145,-0.534
00:00:27.530,1572871913764,-0.327,0.061,1.13,0.664,3.0,-0.011,24.403,-0.005,-0.121,488.764,0.145,-0.534
00:00:27.531,1572871913765,-0.327,0.062,1.13,0.664,3.0,-0.011,24.398000000000003,-0.006,-0.12,489.145,0.145,-0.534
00:00:27.532,1572871913766,-0.327,0.063,1.13,0.664,3.0,-0.012,24.392,-0.006,-0.12,489.551,0.145,-0.534
00:00:27.582,1572871913816,-0.327,0.063,1.13,0.664,3.0,-0.012,24.386,-0.006,-0.119,489.983,0.145,-0.534
00:00:27.583,1572871913817,-0.327,0.064,1.13,0.664,3.0,-0.013,24.381,-0.006,-0.118,490.364,0.145,-0.534
00:00:27.584,1572871913818,-0.327,0.064,1.13,0.664,3.0,-0.014,24.376,-0.006999999999999999,-0.117,490.771,0.145,-0.534
00:00:27.585,1572871913819,-0.326,0.065,1.13,0.664,3.0,-0.014,24.37,-0.006999999999999999,-0.116,491.202,0.146,-0.534
00:00:27.640,1572871913874,-0.326,0.065,1.13,0.664,3.0,-0.015,24.365,-0.006999999999999999,-0.115,491.583,0.146,-0.535
00:00:27.641,1572871913875,-0.326,0.065,1.13,0.664,3.0,-0.015,24.36,-0.006999999999999999,-0.113,491.989,0.146,-0.535
00:00:27.642,1572871913876,-0.326,0.065,1.13,0.664,3.0,-0.016,24.354,-0.006999999999999999,-0.111,492.42,0.146,-0.535
00:00:27.695,1572871913929,-0.326,0.064,1.13,0.664,3.0,-0.016,24.349,-0.006999999999999999,-0.11,492.801,0.146,-0.535
00:00:27.696,1572871913930,-0.326,0.064,1.13,0.664,3.0,-0.016,24.343000000000004,-0.006999999999999999,-0.108,493.207,0.147,-0.535
00:00:27.697,1572871913931,-0.326,0.063,1.13,0.664,3.0,-0.017,24.338,-0.006999999999999999,-0.107,493.638,0.147,-0.535
00:00:27.743,1572871913977,-0.326,0.063,1.13,0.664,3.0,-0.017,24.332,-0.006999999999999999,-0.105,494.018,0.147,-0.535
00:00:27.744,1572871913978,-0.326,0.062,1.13,0.664,3.0,-0.018000000000000002,24.327,-0.006999999999999999,-0.104,494.449,0.147,-0.535
00:00:27.745,1572871913979,-0.326,0.061,1.13,0.664,3.0,-0.018000000000000002,24.322,-0.006999999999999999,-0.103,494.829,0.14800000000000002,-0.535
00:00:27.794,1572871914028,-0.326,0.06,1.13,0.664,3.0,-0.018000000000000002,24.316,-0.006999999999999999,-0.102,495.234,0.14800000000000002,-0.535
00:00:27.795,1572871914029,-0.326,0.059,1.13,0.664,3.0,-0.018000000000000002,24.31,-0.006999999999999999,-0.1,495.665,0.14800000000000002,-0.535
00:00:27.796,1572871914030,-0.325,0.059,1.13,0.664,3.0,-0.019,24.305,-0.006999999999999999,-0.099,496.07,0.149,-0.535
00:00:27.844,1572871914078,-0.325,0.058,1.13,0.664,3.0,-0.019,24.3,-0.006,-0.098,496.45,0.149,-0.535
00:00:27.845,1572871914079,-0.325,0.057,1.13,0.664,3.0,-0.019,24.294,-0.006,-0.097,496.88,0.15,-0.535
00:00:27.846,1572871914080,-0.325,0.056,1.13,0.664,3.0,-0.019,24.289,-0.006,-0.097,497.259,0.15,-0.535
00:00:27.897,1572871914131,-0.325,0.055,1.13,0.664,3.0,-0.019,24.283,-0.006,-0.096,497.689,0.15,-0.535
00:00:27.898,1572871914132,-0.325,0.054000000000000006,1.13,0.664,3.0,-0.019,24.278,-0.006,-0.096,498.094,0.151,-0.535
00:00:27.899,1572871914133,-0.325,0.053,1.13,0.664,3.0,-0.02,24.272,-0.006,-0.095,498.499,0.151,-0.535
00:00:27.944,1572871914178,-0.325,0.052000000000000005,1.13,0.664,3.0,-0.02,24.267,-0.005,-0.095,498.903,0.152,-0.535
00:00:27.945,1572871914179,-0.325,0.051,1.13,0.664,3.0,-0.02,24.262,-0.005,-0.095,499.30800000000005,0.152,-0.535
00:00:27.946,1572871914180,-0.325,0.05,1.13,0.664,3.0,-0.02,24.257,-0.005,-0.095,499.687,0.153,-0.535
00:00:27.995,1572871914229,-0.325,0.049,1.13,0.664,3.0,-0.02,24.251,-0.005,-0.095,500.091,0.153,-0.535
00:00:27.996,1572871914230,-0.325,0.048,1.13,0.664,3.0,-0.02,24.245,-0.005,-0.095,500.52,0.154,-0.535
00:00:27.997,1572871914231,-0.325,0.047,1.13,0.664,3.0,-0.02,24.24,-0.005,-0.095,500.924,0.154,-0.535
00:00:28.052,1572871914286,-0.325,0.047,1.13,0.664,3.0,-0.02,24.235,-0.005,-0.095,501.328,0.155,-0.535
00:00:28.053,1572871914287,-0.325,0.046,1.13,0.664,3.0,-0.02,24.229,-0.004,-0.095,501.732,0.156,-0.535
00:00:28.054,1572871914288,-0.325,0.045,1.13,0.664,3.0,-0.02,24.224,-0.004,-0.095,502.136,0.156,-0.535
00:00:28.055,1572871914289,-0.324,0.045,1.13,0.664,3.0,-0.02,24.218000000000004,-0.004,-0.096,502.54,0.157,-0.535
00:00:28.102,1572871914336,-0.324,0.044,1.13,0.664,3.0,-0.02,24.213,-0.004,-0.096,502.943,0.157,-0.535
00:00:28.103,1572871914337,-0.324,0.043,1.13,0.664,3.0,-0.02,24.208,-0.004,-0.096,503.347,0.158,-0.535
00:00:28.104,1572871914338,-0.324,0.042,1.13,0.664,3.0,-0.019,24.202,-0.004,-0.097,503.75,0.159,-0.535
00:00:28.153,1572871914387,-0.324,0.041,1.13,0.664,3.0,-0.019,24.197,-0.004,-0.097,504.153,0.159,-0.535
00:00:28.154,1572871914388,-0.324,0.04,1.13,0.664,3.0,-0.019,24.191,-0.004,-0.098,504.557,0.16,-0.535
00:00:28.155,1572871914389,-0.324,0.04,1.13,0.664,3.0,-0.019,24.186,-0.004,-0.098,504.96,0.161,-0.535
00:00:28.203,1572871914437,-0.324,0.039,1.13,0.664,3.0,-0.019,24.181,-0.004,-0.099,505.36300000000006,0.161,-0.535
00:00:28.204,1572871914438,-0.324,0.038,1.13,0.664,3.0,-0.019,24.175,-0.004,-0.099,505.766,0.162,-0.535
00:00:28.205,1572871914439,-0.324,0.037000000000000005,1.13,0.664,3.0,-0.019,24.17,-0.004,-0.099,506.169,0.163,-0.535
00:00:28.253,1572871914487,-0.324,0.036000000000000004,1.13,0.664,3.0,-0.019,24.164,-0.004,-0.1,506.572,0.163,-0.535
00:00:28.254,1572871914488,-0.324,0.034,1.13,0.664,3.0,-0.019,24.159,-0.004,-0.1,506.974,0.16399999999999998,-0.535
00:00:28.255,1572871914489,-0.324,0.032,1.13,0.664,3.0,-0.018000000000000002,24.154,-0.004,-0.101,507.377,0.165,-0.535
00:00:28.303,1572871914537,-0.32299999999999995,0.03,1.13,0.664,3.0,-0.018000000000000002,24.148000000000003,-0.004,-0.101,507.779,0.165,-0.535
00:00:28.304,1572871914538,-0.32299999999999995,0.028,1.13,0.664,3.0,-0.018000000000000002,24.143,-0.004,-0.101,508.182,0.166,-0.535
00:00:28.305,1572871914539,-0.32299999999999995,0.025,1.13,0.664,3.0,-0.018000000000000002,24.137,-0.004,-0.101,508.584,0.16699999999999998,-0.535
00:00:28.353,1572871914587,-0.32299999999999995,0.022,1.13,0.664,3.0,-0.018000000000000002,24.132,-0.004,-0.101,508.986,0.168,-0.535
00:00:28.354,1572871914588,-0.32299999999999995,0.018000000000000002,1.13,0.664,3.0,-0.018000000000000002,24.127,-0.004,-0.102,509.389,0.168,-0.535
00:00:28.355,1572871914589,-0.32299999999999995,0.016,1.13,0.664,3.0,-0.017,24.121,-0.004,-0.102,509.791,0.16899999999999998,-0.535
00:00:28.410,1572871914644,-0.32299999999999995,0.014,1.13,0.664,3.0,-0.017,24.116,-0.004,-0.102,510.193,0.17,-0.535
00:00:28.411,1572871914645,-0.32299999999999995,0.013,1.13,0.664,3.0,-0.016,24.11,-0.004,-0.101,510.594,0.171,-0.535
00:00:28.412,1572871914646,-0.32299999999999995,0.013,1.13,0.664,3.0,-0.016,24.106,-0.004,-0.101,510.946,0.171,-0.535
00:00:28.464,1572871914698,-0.32299999999999995,0.013,1.13,0.664,3.0,-0.015,24.1,-0.004,-0.101,511.348,0.172,-0.535
00:00:28.465,1572871914699,-0.32299999999999995,0.013,1.13,0.664,3.0,-0.015,24.095,-0.003,-0.101,511.749,0.173,-0.535
00:00:28.466,1572871914700,-0.32299999999999995,0.013,1.13,0.664,3.0,-0.014,24.09,-0.003,-0.101,512.151,0.174,-0.535
00:00:28.512,1572871914746,-0.32299999999999995,0.012,1.13,0.664,3.0,-0.014,24.084,-0.003,-0.101,512.552,0.174,-0.535
00:00:28.513,1572871914747,-0.322,0.011,1.13,0.664,3.0,-0.013,24.079,-0.003,-0.1,512.9540000000002,0.175,-0.535
00:00:28.514,1572871914748,-0.322,0.01,1.13,0.664,3.0,-0.013,24.074,-0.002,-0.1,513.355,0.17600000000000002,-0.535
00:00:28.562,1572871914796,-0.322,0.009000000000000001,1.13,0.664,3.0,-0.013,24.068,-0.002,-0.1,513.756,0.177,-0.535
00:00:28.563,1572871914797,-0.322,0.006999999999999999,1.13,0.664,3.0,-0.012,24.063,-0.002,-0.1,514.1569999999998,0.17800000000000002,-0.535
00:00:28.564,1572871914798,-0.322,0.005,1.13,0.664,3.0,-0.012,24.057,-0.002,-0.099,514.558,0.17800000000000002,-0.535
00:00:28.615,1572871914849,-0.322,0.003,1.13,0.664,3.0,-0.011,24.052,-0.001,-0.099,514.9590000000002,0.179,-0.535
00:00:28.616,1572871914850,-0.322,0.001,1.13,0.664,3.0,-0.011,24.047,-0.001,-0.099,515.36,0.18,-0.535
00:00:28.617,1572871914851,-0.322,-0.002,1.13,0.664,3.0,-0.011,24.041,-0.001,-0.099,515.761,0.181,-0.535
00:00:28.662,1572871914896,-0.322,-0.005,1.13,0.664,3.0,-0.01,24.036,-0.001,-0.098,516.161,0.181,-0.535
00:00:28.663,1572871914897,-0.321,-0.009000000000000001,1.13,0.664,3.0,-0.01,24.031,-0.001,-0.098,516.562,0.182,-0.535
00:00:28.664,1572871914898,-0.321,-0.014,1.13,0.664,3.0,-0.01,24.025,-0.001,-0.098,516.962,0.183,-0.535
00:00:28.712,1572871914946,-0.321,-0.018000000000000002,1.13,0.664,3.0,-0.009000000000000001,24.02,-0.001,-0.098,517.363,0.184,-0.535
00:00:28.713,1572871914947,-0.321,-0.023,1.13,0.664,3.0,-0.009000000000000001,24.015,-0.001,-0.098,517.763,0.185,-0.535
00:00:28.714,1572871914948,-0.321,-0.026,1.13,0.664,3.0,-0.008,24.009,-0.001,-0.097,518.163,0.185,-0.535
00:00:28.763,1572871914997,-0.321,-0.028,1.13,0.664,3.0,-0.006999999999999999,24.004,0.0,-0.097,518.563,0.18600000000000005,-0.535
00:00:28.764,1572871914998,-0.321,-0.029,1.13,0.664,3.0,-0.006,23.999,0.0,-0.097,518.9630000000002,0.187,-0.535
00:00:28.765,1572871914999,-0.321,-0.029,1.13,0.664,3.0,-0.005,23.993,0.0,-0.097,519.363,0.187,-0.535
00:00:28.814,1572871915048,-0.321,-0.029,1.13,0.664,3.0,-0.004,23.988000000000003,0.0,-0.097,519.763,0.188,-0.535
00:00:28.815,1572871915049,-0.321,-0.029,1.13,0.664,3.0,-0.004,23.983,0.001,-0.097,520.163,0.189,-0.535
00:00:28.816,1572871915050,-0.321,-0.029,1.13,0.664,3.0,-0.003,23.977,0.001,-0.097,520.563,0.19,-0.535
00:00:28.865,1572871915099,-0.321,-0.029,1.13,0.664,3.0,-0.002,23.972,0.002,-0.097,520.962,0.19,-0.535
00:00:28.866,1572871915100,-0.32,-0.03,1.13,0.664,3.0,-0.002,23.966,0.002,-0.097,521.362,0.191,-0.535
00:00:28.867,1572871915101,-0.32,-0.032,1.13,0.664,3.0,-0.001,23.961,0.002,-0.097,521.761,0.192,-0.535
00:00:28.868,1572871915102,-0.32,-0.034,1.13,0.664,3.0,0.0,23.956,0.003,-0.097,522.16,0.192,-0.535
00:00:28.926,1572871915160,-0.32,-0.036000000000000004,1.13,0.664,3.0,0.001,23.95,0.003,-0.097,522.56,0.193,-0.535
00:00:28.927,1572871915161,-0.32,-0.038,1.13,0.664,3.0,0.001,23.945,0.003,-0.097,522.9590000000002,0.194,-0.535
00:00:28.928,1572871915162,-0.32,-0.04,1.13,0.664,3.0,0.002,23.94,0.004,-0.097,523.3580000000002,0.194,-0.535
00:00:28.976,1572871915210,-0.32,-0.041,1.13,0.664,3.0,0.002,23.934,0.004,-0.097,523.757,0.195,-0.535
00:00:28.977,1572871915211,-0.319,-0.043,1.276,0.664,3.0,0.003,23.929,0.004,-0.097,524.156,0.196,-0.535
00:00:28.978,1572871915212,-0.317,-0.044,1.276,0.664,3.0,0.003,23.924,0.004,-0.097,524.554,0.196,-0.535
00:00:29.026,1572871915260,-0.316,-0.044,1.276,0.664,3.0,0.004,23.919,0.004,-0.097,524.953,0.197,-0.535
00:00:29.027,1572871915261,-0.315,-0.045,1.276,0.664,3.0,0.005,23.913,0.004,-0.097,525.352,0.197,-0.535
00:00:29.028,1572871915262,-0.315,-0.046,1.276,0.664,3.0,0.005,23.908,0.004,-0.097,525.75,0.198,-0.535
00:00:29.077,1572871915311,-0.315,-0.046,1.276,0.664,3.0,0.006,23.903,0.005,-0.097,526.149,0.198,-0.535
00:00:29.078,1572871915312,-0.315,-0.047,1.276,0.664,3.0,0.006,23.898000000000003,0.005,-0.097,526.547,0.199,-0.535
00:00:29.079,1572871915313,-0.315,-0.047,1.276,0.664,3.0,0.006999999999999999,23.892,0.005,-0.097,526.945,0.2,-0.535
00:00:29.127,1572871915361,-0.314,-0.047,1.276,0.664,3.0,0.006999999999999999,23.887,0.005,-0.097,527.3430000000002,0.2,-0.535
00:00:29.128,1572871915362,-0.314,-0.047,1.276,0.664,3.0,0.008,23.882,0.005,-0.097,527.742,0.201,-0.535
00:00:29.129,1572871915363,-0.314,-0.047,1.276,0.664,3.0,0.008,23.877,0.005,-0.097,528.14,0.201,-0.535
00:00:29.178,1572871915412,-0.314,-0.046,1.276,0.664,3.0,0.009000000000000001,23.871,0.005,-0.097,528.5369999999998,0.201,-0.535
00:00:29.179,1572871915413,-0.314,-0.046,1.276,0.664,3.0,0.009000000000000001,23.866,0.005,-0.097,528.935,0.202,-0.535
00:00:29.180,1572871915414,-0.314,-0.046,1.276,0.664,3.0,0.01,23.861,0.005,-0.097,529.3330000000002,0.202,-0.535
00:00:29.229,1572871915463,-0.314,-0.045,1.276,0.664,3.0,0.01,23.856,0.005,-0.097,529.731,0.203,-0.535
00:00:29.230,1572871915464,-0.314,-0.045,1.276,0.664,3.0,0.01,23.851,0.005,-0.097,530.128,0.203,-0.535
00:00:29.231,1572871915465,-0.314,-0.044,1.276,0.664,3.0,0.011,23.845,0.005,-0.097,530.526,0.204,-0.535
00:00:29.285,1572871915519,-0.314,-0.044,1.276,0.664,3.0,0.011,23.84,0.004,-0.097,530.923,0.204,-0.535
00:00:29.286,1572871915520,-0.314,-0.044,1.276,0.664,3.0,0.011,23.835,0.004,-0.097,531.32,0.204,-0.535
00:00:29.287,1572871915521,-0.314,-0.044,1.276,0.664,3.0,0.012,23.83,0.004,-0.097,531.717,0.205,-0.535
00:00:29.288,1572871915522,-0.314,-0.043,1.276,0.664,3.0,0.012,23.824,0.004,-0.097,532.115,0.205,-0.535
00:00:29.335,1572871915569,-0.313,-0.042,1.276,0.664,3.0,0.012,23.81900000000001,0.004,-0.096,532.512,0.205,-0.535
00:00:29.336,1572871915570,-0.313,-0.042,1.276,0.664,3.0,0.012,23.814,0.004,-0.096,532.909,0.206,-0.535
00:00:29.337,1572871915571,-0.313,-0.041,1.276,0.664,3.0,0.012,23.809,0.004,-0.096,533.305,0.206,-0.535
00:00:29.385,1572871915619,-0.313,-0.041,1.276,0.664,3.0,0.013,23.804,0.004,-0.096,533.702,0.206,-0.535
00:00:29.386,1572871915620,-0.313,-0.04,1.276,0.664,3.0,0.013,23.798,0.004,-0.096,534.099,0.207,-0.535
00:00:29.387,1572871915621,-0.313,-0.039,1.276,0.664,3.0,0.013,23.79300000000001,0.004,-0.096,534.495,0.207,-0.535
00:00:29.436,1572871915670,-0.313,-0.039,1.276,0.664,3.0,0.013,23.788,0.004,-0.096,534.8919999999998,0.207,-0.535
00:00:29.437,1572871915671,-0.313,-0.038,1.276,0.664,3.0,0.013,23.783,0.004,-0.096,535.288,0.208,-0.535
00:00:29.438,1572871915672,-0.313,-0.038,1.276,0.664,3.0,0.013,23.777,0.004,-0.096,535.685,0.208,-0.535
00:00:29.489,1572871915723,-0.313,-0.038,1.276,0.664,3.0,0.013,23.772,0.004,-0.096,536.081,0.208,-0.535
00:00:29.490,1572871915724,-0.313,-0.038,1.276,0.664,3.0,0.013,23.767,0.004,-0.096,536.477,0.208,-0.535
00:00:29.491,1572871915725,-0.313,-0.039,1.276,0.664,3.0,0.014,23.762,0.004,-0.096,536.873,0.209,-0.535
00:00:29.536,1572871915770,-0.313,-0.04,1.276,0.664,3.0,0.014,23.757,0.003,-0.096,537.269,0.209,-0.535
00:00:29.537,1572871915771,-0.312,-0.04,1.276,0.664,3.0,0.014,23.751,0.003,-0.096,537.665,0.209,-0.535
00:00:29.538,1572871915772,-0.312,-0.041,1.276,0.664,3.0,0.014,23.746,0.003,-0.096,538.061,0.209,-0.535
00:00:29.587,1572871915821,-0.312,-0.042,1.423,0.664,3.0,0.014,23.741,0.003,-0.096,538.457,0.209,-0.535
00:00:29.588,1572871915822,-0.309,-0.042,1.423,0.664,3.0,0.014,23.736,0.003,-0.095,538.852,0.21,-0.535
00:00:29.589,1572871915823,-0.308,-0.042,1.423,0.664,3.0,0.014,23.731,0.003,-0.095,539.248,0.21,-0.535
00:00:29.642,1572871915876,-0.307,-0.042,1.423,0.664,3.0,0.014,23.726,0.003,-0.095,539.643,0.21,-0.535
00:00:29.643,1572871915877,-0.307,-0.042,1.423,0.664,3.0,0.014,23.721,0.003,-0.095,540.039,0.21,-0.535
00:00:29.644,1572871915878,-0.307,-0.042,1.423,0.664,3.0,0.014,23.715,0.003,-0.095,540.434,0.21,-0.535
00:00:29.688,1572871915922,-0.306,-0.042,1.643,0.664,3.0,0.015,23.71,0.003,-0.095,540.8290000000002,0.21,-0.535
00:00:29.689,1572871915923,-0.303,-0.041,1.643,0.664,3.0,0.015,23.705,0.003,-0.095,541.224,0.21,-0.535
00:00:29.690,1572871915924,-0.301,-0.04,1.643,0.664,3.0,0.015,23.7,0.003,-0.095,541.619,0.21,-0.535
00:00:29.747,1572871915981,-0.299,-0.04,1.643,0.664,3.0,0.015,23.695,0.003,-0.095,542.014,0.211,-0.535
00:00:29.748,1572871915982,-0.299,-0.04,1.643,0.664,3.0,0.015,23.69,0.003,-0.095,542.409,0.211,-0.535
00:00:29.749,1572871915983,-0.299,-0.04,1.643,0.664,3.0,0.015,23.685,0.004,-0.095,542.804,0.211,-0.535
00:00:29.788,1572871916022,-0.298,-0.04,2.448,0.664,3.0,0.015,23.681,0.004,-0.094,543.1990000000002,0.211,-0.535
00:00:29.789,1572871916023,-0.287,-0.039,2.448,0.664,3.0,0.015,23.676,0.004,-0.094,543.5930000000002,0.211,-0.535
00:00:29.790,1572871916024,-0.276,-0.039,2.448,0.664,3.0,0.015,23.671,0.004,-0.094,543.988,0.211,-0.535
00:00:29.843,1572871916077,-0.272,-0.039,2.448,0.664,3.0,0.015,23.667,0.004,-0.094,544.383,0.211,-0.535
00:00:29.844,1572871916078,-0.271,-0.039,2.448,0.664,3.0,0.015,23.662,0.004,-0.093,544.7769999999998,0.211,-0.535
00:00:29.845,1572871916079,-0.271,-0.039,2.448,0.664,3.0,0.015,23.658,0.004,-0.093,545.1709999999998,0.211,-0.535
00:00:29.889,1572871916123,-0.27,-0.038,5.598,0.664,3.0,0.015,23.654,0.004,-0.092,545.566,0.211,-0.535
00:00:29.890,1572871916124,-0.263,-0.036000000000000004,5.598,0.664,3.0,0.015,23.649,0.004,-0.092,545.96,0.211,-0.535
00:00:29.891,1572871916125,-0.245,-0.035,5.598,0.664,3.0,0.015,23.646,0.004,-0.091,546.354,0.211,-0.535
00:00:29.940,1572871916174,-0.223,-0.033,5.598,0.664,3.0,0.015,23.642,0.004,-0.09,546.748,0.211,-0.535
00:00:29.941,1572871916175,-0.202,-0.031,5.598,0.664,3.0,0.015,23.639,0.004,-0.08900000000000001,547.1419999999998,0.211,-0.535
00:00:29.942,1572871916176,-0.185,-0.028,5.598,0.664,3.0,0.015,23.636,0.004,-0.08800000000000001,547.536,0.21,-0.535
00:00:29.991,1572871916225,-0.172,-0.026,9.626,0.664,3.0,0.015,23.63300000000001,0.004,-0.087,547.93,0.21,-0.535
00:00:29.992,1572871916226,-0.159,-0.023,9.626,0.664,3.0,0.015,23.631,0.004,-0.085,548.3240000000002,0.21,-0.535
00:00:29.993,1572871916227,-0.136,-0.02,9.626,0.664,3.0,0.015,23.629,0.004,-0.084,548.7180000000002,0.21,-0.535
00:00:30.046,1572871916280,-0.102,-0.017,9.626,0.664,3.0,0.014,23.628,0.004,-0.08199999999999999,549.111,0.21,-0.535
00:00:30.047,1572871916281,-0.067,-0.014,9.626,0.664,3.0,0.014,23.627,0.004,-0.08,549.505,0.21,-0.535
00:00:30.048,1572871916282,-0.041,-0.012,9.626,0.664,3.0,0.014,23.627,0.004,-0.077,549.899,0.21,-0.535
00:00:30.096,1572871916330,-0.029,-0.01,9.919,0.664,3.0,0.014,23.627,0.004,-0.07400000000000001,550.293,0.21,-0.535
00:00:30.097,1572871916331,-0.029,-0.006999999999999999,9.919,0.664,3.0,0.013,23.626,0.004,-0.07200000000000001,550.686,0.21,-0.535
00:00:30.098,1572871916332,-0.033,-0.005,9.919,0.664,3.0,0.013,23.625,0.003,-0.069,551.08,0.21,-0.535
00:00:30.142,1572871916376,-0.037000000000000005,-0.002,9.919,0.664,3.0,0.012,23.625,0.003,-0.066,551.474,0.21,-0.535
00:00:30.143,1572871916377,-0.039,0.0,9.919,0.664,3.0,0.012,23.624,0.003,-0.063,551.868,0.21,-0.535
00:00:30.144,1572871916378,-0.039,0.003,9.919,0.664,3.0,0.011,23.623,0.002,-0.06,552.261,0.209,-0.535
00:00:30.192,1572871916426,-0.037000000000000005,0.005,10.652,0.664,3.0,0.011,23.623,0.002,-0.058,552.655,0.209,-0.534
00:00:30.193,1572871916427,-0.035,0.008,10.652,0.664,3.0,0.01,23.622,0.002,-0.055,553.049,0.209,-0.534
00:00:30.194,1572871916428,-0.028,0.011,10.652,0.664,3.0,0.01,23.622,0.001,-0.053,553.443,0.209,-0.534
00:00:30.243,1572871916477,-0.019,0.014,10.652,0.664,3.0,0.009000000000000001,23.622,0.001,-0.051,553.836,0.209,-0.534
00:00:30.244,1572871916478,-0.012,0.017,10.652,0.664,3.0,0.009000000000000001,23.622,0.001,-0.049,554.23,0.209,-0.534
00:00:30.245,1572871916479,-0.008,0.02,10.652,0.664,3.0,0.008,23.622,0.0,-0.047,554.624,0.209,-0.534
00:00:30.293,1572871916527,-0.006999999999999999,0.023,11.311,0.664,3.0,0.006999999999999999,23.621,0.0,-0.046,555.0169999999998,0.209,-0.534
00:00:30.294,1572871916528,-0.006999999999999999,0.025,11.311,0.664,3.0,0.006999999999999999,23.621,0.0,-0.045,555.411,0.209,-0.534
00:00:30.295,1572871916529,-0.004,0.028,11.311,0.664,3.0,0.006,23.621,-0.001,-0.044,555.805,0.209,-0.534
00:00:30.351,1572871916585,0.0,0.03,11.311,0.664,3.0,0.005,23.621,-0.001,-0.043,556.198,0.209,-0.534
00:00:30.352,1572871916586,0.005,0.032,11.311,0.664,3.0,0.005,23.622,-0.001,-0.042,556.592,0.209,-0.534
00:00:30.353,1572871916587,0.009000000000000001,0.034,11.311,0.664,3.0,0.004,23.622,-0.002,-0.041,556.986,0.209,-0.534
00:00:30.395,1572871916629,0.012,0.036000000000000004,11.824000000000002,0.664,3.0,0.003,23.622,-0.002,-0.041,557.38,0.209,-0.534
00:00:30.396,1572871916630,0.014,0.038,11.824000000000002,0.664,3.0,0.003,23.622,-0.002,-0.041,557.773,0.209,-0.534
00:00:30.397,1572871916631,0.016,0.039,11.824000000000002,0.664,3.0,0.002,23.623,-0.002,-0.041,558.1669999999998,0.209,-0.534
00:00:30.452,1572871916686,0.02,0.04,11.824000000000002,0.664,3.0,0.001,23.623,-0.003,-0.041,558.561,0.209,-0.534
00:00:30.453,1572871916687,0.024,0.041,11.824000000000002,0.664,3.0,0.001,23.623,-0.003,-0.041,558.9540000000002,0.209,-0.534
00:00:30.454,1572871916688,0.027000000000000003,0.042,11.824000000000002,0.664,3.0,0.0,23.624,-0.003,-0.042,559.3480000000002,0.209,-0.534
00:00:30.495,1572871916729,0.029,0.042,11.97,0.664,3.0,-0.001,23.624,-0.003,-0.042,559.742,0.209,-0.534
00:00:30.496,1572871916730,0.03,0.042,11.97,0.664,3.0,-0.001,23.625,-0.004,-0.042,560.136,0.209,-0.534
00:00:30.497,1572871916731,0.031,0.043,11.97,0.664,3.0,-0.002,23.625,-0.004,-0.043,560.529,0.209,-0.534
00:00:30.547,1572871916781,0.032,0.043,11.97,0.664,3.0,-0.003,23.626,-0.004,-0.043,560.923,0.209,-0.534
00:00:30.548,1572871916782,0.033,0.043,11.97,0.664,3.0,-0.003,23.627,-0.004,-0.043,561.317,0.209,-0.534
00:00:30.549,1572871916783,0.034,0.043,11.97,0.664,3.0,-0.004,23.627,-0.004,-0.044,561.711,0.209,-0.534
00:00:30.596,1572871916830,0.034,0.044,12.117,0.664,3.0,-0.004,23.628,-0.004,-0.044,562.104,0.209,-0.534
00:00:30.597,1572871916831,0.035,0.044,12.117,0.664,3.0,-0.005,23.628,-0.004,-0.044,562.498,0.209,-0.534
00:00:30.598,1572871916832,0.035,0.044,12.117,0.664,3.0,-0.005,23.629,-0.004,-0.045,562.8919999999998,0.21,-0.534
00:00:30.650,1572871916884,0.037000000000000005,0.043,12.117,0.664,3.0,-0.006,23.63,-0.004,-0.045,563.286,0.21,-0.534
00:00:30.651,1572871916885,0.038,0.043,12.117,0.664,3.0,-0.006,23.63,-0.004,-0.045,563.68,0.21,-0.534
00:00:30.652,1572871916886,0.039,0.042,12.117,0.664,3.0,-0.006,23.631,-0.004,-0.045,564.0740000000002,0.21,-0.535
00:00:30.653,1572871916887,0.039,0.042,12.263,0.664,3.0,-0.006999999999999999,23.632,-0.004,-0.046,564.467,0.21,-0.535
00:00:30.700,1572871916934,0.04,0.042,12.263,0.664,3.0,-0.006999999999999999,23.632,-0.004,-0.046,564.861,0.21,-0.535
00:00:30.701,1572871916935,0.041,0.041,12.263,0.664,3.0,-0.008,23.63300000000001,-0.004,-0.046,565.255,0.211,-0.535
00:00:30.702,1572871916936,0.042,0.04,12.263,0.664,3.0,-0.008,23.634,-0.004,-0.046,565.649,0.211,-0.535
00:00:30.752,1572871916986,0.043,0.04,12.263,0.664,3.0,-0.008,23.634,-0.004,-0.046,566.043,0.211,-0.535
00:00:30.753,1572871916987,0.044,0.039,12.263,0.664,3.0,-0.008,23.635,-0.004,-0.046,566.437,0.211,-0.535
00:00:30.754,1572871916988,0.044,0.038,12.776,0.664,3.0,-0.009000000000000001,23.636,-0.004,-0.046,566.831,0.212,-0.535
00:00:30.801,1572871917035,0.045,0.037000000000000005,12.776,0.664,3.0,-0.009000000000000001,23.637,-0.004,-0.047,567.225,0.212,-0.535
00:00:30.802,1572871917036,0.048,0.036000000000000004,12.776,0.664,3.0,-0.009000000000000001,23.637,-0.003,-0.047,567.619,0.212,-0.535
00:00:30.803,1572871917037,0.052000000000000005,0.036000000000000004,12.776,0.664,3.0,-0.009000000000000001,23.638,-0.003,-0.047,568.013,0.213,-0.535
00:00:30.851,1572871917085,0.056,0.035,12.776,0.664,3.0,-0.009000000000000001,23.639,-0.003,-0.047,568.4069999999998,0.213,-0.535
00:00:30.852,1572871917086,0.06,0.034,12.776,0.664,3.0,-0.009000000000000001,23.64,-0.003,-0.047,568.8009999999998,0.213,-0.535
00:00:30.853,1572871917087,0.062,0.033,13.142,0.664,3.0,-0.01,23.641,-0.003,-0.046,569.195,0.213,-0.535
00:00:30.902,1572871917136,0.064,0.033,13.142,0.664,3.0,-0.01,23.643,-0.003,-0.046,569.589,0.214,-0.535
00:00:30.903,1572871917137,0.066,0.033,13.142,0.664,3.0,-0.01,23.644,-0.003,-0.046,569.9830000000002,0.214,-0.534
00:00:30.904,1572871917138,0.069,0.032,13.142,0.664,3.0,-0.01,23.645,-0.003,-0.046,570.377,0.214,-0.534
00:00:30.958,1572871917192,0.071,0.032,13.142,0.664,3.0,-0.01,23.646,-0.003,-0.046,570.771,0.215,-0.534
00:00:30.959,1572871917193,0.073,0.031,13.142,0.664,3.0,-0.01,23.647,-0.003,-0.045,571.165,0.215,-0.534
00:00:30.960,1572871917194,0.075,0.031,13.435,0.664,3.0,-0.01,23.649,-0.003,-0.045,571.559,0.21600000000000005,-0.534
00:00:31.003,1572871917237,0.076,0.03,13.435,0.664,3.0,-0.01,23.65,-0.002,-0.045,571.953,0.21600000000000005,-0.534
00:00:31.004,1572871917238,0.077,0.03,13.435,0.664,3.0,-0.01,23.651,-0.002,-0.044,572.347,0.21600000000000005,-0.534
00:00:31.005,1572871917239,0.08,0.029,13.435,0.664,3.0,-0.01,23.653,-0.002,-0.044,572.742,0.217,-0.534
