rec-time,UTC,Acceleration,Lateral acceleration,Gas pedal position,Brake pedal force,Gear,Steering wheel position,Velocity,Lateral velocity,Vertical velocity,X axis position,Y axis position,Z axis position
00:00.0,1.57287E+12,0,0,0.983,32.208,3,-0.006,0,0,0,0,0,-0.527
00:00.0,1.57287E+12,0,0,0.983,32.208,3,-0.006,0,0,0,0,0,-0.527
00:00.1,1.57287E+12,0,0,0.983,32.208,3,-0.006,0,0,0,0,0,-0.527
00:00.1,1.57287E+12,0,0,0.983,32.208,3,-0.006,0,0,0,0,0,-0.527
00:00.1,1.57287E+12,0,0,0.983,32.208,3,-0.006,0,0,0,0,0,-0.527
00:00.1,1.57287E+12,0,0,0.983,32.208,3,-0.006,0,0,0,0,0,-0.527
00:00.2,1.57287E+12,0.12,0,0.983,1.824,3,-0.006,0.005,0,-0.003,0,0,-0.527
00:00.2,1.57287E+12,0.184,0,0.983,1.824,3,-0.006,0.008,0,-0.005,0,0,-0.527
00:00.2,1.57287E+12,0.222,0,0.983,1.824,3,-0.006,0.012,0,-0.008,0,0,-0.527
00:00.2,1.57287E+12,0.259,0,0.983,1.824,3,-0.006,0.017,0,-0.011,0,0,-0.527
00:00.2,1.57287E+12,0.283,0,0.983,1.824,3,-0.006,0.022,0,-0.013,0,0,-0.527
00:00.2,1.57287E+12,0.3,0,0.983,1.824,3,-0.006,0.027,0,-0.015,0.001,0,-0.528
00:00.3,1.57287E+12,0.323,0,0.983,0.664,3,-0.006,0.033,0,-0.016,0.001,0,-0.528
00:00.3,1.57287E+12,0.349,0,0.983,0.664,3,-0.006,0.039,0,-0.017,0.002,0,-0.528
00:00.3,1.57287E+12,0.368,0,0.983,0.664,3,-0.006,0.045,0,-0.018,0.003,0,-0.528
00:00.3,1.57287E+12,0.383,0,0.983,0.664,3,-0.006,0.052,0,-0.018,0.003,0,-0.529
00:00.3,1.57287E+12,0.397,0,0.983,0.664,3,-0.006,0.059,0,-0.018,0.004,0,-0.529
00:00.3,1.57287E+12,0.41,0,0.983,0.664,3,-0.006,0.066,0,-0.017,0.005,0,-0.529
00:00.4,1.57287E+12,0.422,0,0.983,0.664,3,-0.006,0.073,0,-0.017,0.007,0,-0.529
00:00.4,1.57287E+12,0.433,0,0.983,0.664,3,-0.006,0.08,0,-0.016,0.008,0,-0.53
00:00.4,1.57287E+12,0.444,0,0.983,0.664,3,-0.006,0.088,0,-0.015,0.009,0,-0.53
00:00.4,1.57287E+12,0.454,0,0.983,0.664,3,-0.006,0.096,0,-0.014,0.011,0,-0.53
00:00.4,1.57287E+12,0.464,0,0.983,0.664,3,-0.006,0.103,0,-0.013,0.012,0,-0.53
00:00.4,1.57287E+12,0.473,0,0.983,0.664,3,-0.006,0.111,0,-0.011,0.014,0,-0.531
00:00.4,1.57287E+12,0.481,0,0.983,0.664,3,-0.006,0.12,0,-0.01,0.016,0,-0.531
00:00.5,1.57287E+12,0.489,0,0.983,0.664,3,-0.006,0.128,0,-0.009,0.018,0,-0.531
00:00.5,1.57287E+12,0.497,0,0.983,0.664,3,-0.006,0.136,0,-0.008,0.02,0,-0.531
00:00.5,1.57287E+12,0.504,0,0.983,0.664,3,-0.006,0.145,0,-0.007,0.023,0,-0.531
00:00.5,1.57287E+12,0.51,0,0.983,0.664,3,-0.006,0.153,0,-0.006,0.025,0,-0.531
00:00.5,1.57287E+12,0.516,0,0.983,0.664,3,-0.006,0.162,0,-0.005,0.028,0,-0.531
00:00.5,1.57287E+12,0.522,0,0.983,0.664,3,-0.006,0.171,0,-0.004,0.031,0,-0.532
00:00.6,1.57287E+12,0.527,0,0.983,0.664,3,-0.006,0.18,0,-0.003,0.034,0,-0.532
00:00.6,1.57287E+12,0.531,0,0.983,0.664,3,-0.006,0.188,0,-0.002,0.037,0,-0.532
00:00.6,1.57287E+12,0.535,0,0.983,0.664,3,-0.006,0.197,0,-0.002,0.04,0,-0.532
00:00.6,1.57287E+12,0.539,0,0.983,0.664,3,-0.006,0.206,0,-0.001,0.043,0,-0.532
00:00.6,1.57287E+12,0.543,0,0.983,0.664,3,-0.006,0.216,0,-0.001,0.047,0,-0.532
00:00.6,1.57287E+12,0.547,0,2.448,0.664,3,-0.006,0.225,0,0,0.05,0,-0.532
00:00.7,1.57287E+12,0.558,0,2.448,0.664,3,-0.006,0.234,0,0,0.054,0,-0.532
00:00.7,1.57287E+12,0.582,0,2.448,0.664,3,-0.006,0.244,0,0.001,0.058,0,-0.532
00:00.7,1.57287E+12,0.616,0,2.448,0.664,3,-0.006,0.255,0,0.001,0.062,0,-0.532
00:00.7,1.57287E+12,0.656,0,2.448,0.664,3,-0.006,0.267,0,0.001,0.067,0,-0.532
00:00.7,1.57287E+12,0.697,0,2.448,0.664,3,-0.006,0.279,0,0.002,0.071,0,-0.532
00:00.7,1.57287E+12,0.742,0,8.308,0.664,3,-0.006,0.292,0,0.002,0.076,0,-0.532
00:00.8,1.57287E+12,0.826,0,8.308,0.664,3,-0.006,0.307,0,0.003,0.081,0,-0.532
00:00.8,1.57287E+12,0.973,0,8.308,0.664,3,-0.006,0.326,0,0.004,0.086,0,-0.532
00:00.8,1.57287E+12,1.171,0,8.308,0.664,3,-0.006,0.348,0,0.005,0.092,0,-0.532
00:00.8,1.57287E+12,1.394,0,8.308,0.664,3,-0.006,0.375,0,0.006,0.098,0,-0.532
00:00.8,1.57287E+12,1.611,0,8.308,0.664,3,-0.006,0.404,0,0.007,0.104,0,-0.531
00:00.8,1.57287E+12,1.812,-0.001,28.157,0.664,3,-0.006,0.438,0,0.009,0.111,0,-0.531
00:00.9,1.57287E+12,2.07,-0.001,28.157,0.664,3,-0.006,0.476,0,0.011,0.119,0,-0.531
00:00.9,1.57287E+12,2.442,-0.001,28.157,0.664,3,-0.006,0.523,0,0.013,0.127,0,-0.531
00:00.9,1.57287E+12,2.911,-0.001,28.157,0.664,3,-0.006,0.578,0,0.016,0.136,0,-0.531
00:00.9,1.57287E+12,3.426,-0.001,28.157,0.664,3,-0.006,0.643,0,0.019,0.147,0,-0.531
00:00.9,1.57287E+12,3.921,-0.001,28.157,0.664,3,-0.006,0.714,0,0.022,0.158,0,-0.53
00:00.9,1.57287E+12,4.344,-0.001,37.459,0.664,3,-0.006,0.792,0,0.026,0.17,0,-0.53
00:01.0,1.57287E+12,4.677,-0.001,37.459,0.664,3,-0.006,0.874,0,0.03,0.184,0,-0.53
00:01.0,1.57287E+12,4.92,-0.001,37.459,0.664,3,-0.006,0.959,0,0.034,0.2,0,-0.529
00:01.0,1.57287E+12,5.078,-0.001,37.459,0.664,3,-0.006,1.045,0,0.037,0.216,0,-0.529
00:01.0,1.57287E+12,5.167,-0.001,37.459,0.664,3,-0.006,1.137,0,0.041,0.236,0,-0.528
00:01.0,1.57287E+12,5.191,-0.001,37.459,0.664,3,-0.006,1.219,0,0.044,0.254,0,-0.528
00:01.0,1.57287E+12,5.179,-0.001,38.118,0.664,3,-0.006,1.304,0,0.047,0.275,0,-0.528
00:01.1,1.57287E+12,5.141,-0.001,38.118,0.664,3,-0.006,1.395,0,0.05,0.299,0,-0.527
00:01.1,1.57287E+12,5.098,-0.002,38.118,0.664,3,-0.006,1.474,0,0.052,0.321,0,-0.527
00:01.1,1.57287E+12,5.046,-0.002,38.118,0.664,3,-0.006,1.557,0,0.053,0.347,0,-0.527
00:01.1,1.57287E+12,4.995,-0.002,38.118,0.664,3,-0.006,1.639,0,0.055,0.373,0,-0.526
00:01.1,1.57287E+12,4.944,-0.002,38.118,0.664,3,-0.006,1.721,0,0.055,0.401,0,-0.526
00:01.1,1.57287E+12,4.897,-0.002,38.631,0.664,3,-0.006,1.802,0,0.056,0.431,0,-0.526
00:01.2,1.57287E+12,4.855,-0.002,38.631,0.664,3,-0.006,1.882,-0.001,0.056,0.461,0,-0.526
00:01.2,1.57287E+12,4.818,-0.002,38.631,0.664,3,-0.006,1.962,-0.001,0.056,0.494,0,-0.526
00:01.2,1.57287E+12,4.785,-0.002,38.631,0.664,3,-0.006,2.041,-0.001,0.056,0.527,0,-0.526
00:01.2,1.57287E+12,4.751,-0.002,38.631,0.664,3,-0.006,2.125,-0.001,0.055,0.564,0,-0.526
00:01.2,1.57287E+12,4.722,-0.002,38.631,0.664,3,-0.006,2.198,-0.001,0.055,0.598,0,-0.527
00:01.2,1.57287E+12,4.69,-0.002,39.949,0.664,3,-0.006,2.276,-0.001,0.054,0.635,0,-0.527
00:01.2,1.57287E+12,4.661,-0.002,39.949,0.664,3,-0.006,2.353,-0.001,0.054,0.673,0,-0.527
00:01.3,1.57287E+12,4.633,-0.002,39.949,0.664,3,-0.006,2.43,-0.001,0.054,0.713,0,-0.527
00:01.3,1.57287E+12,4.603,-0.002,39.949,0.664,3,-0.006,2.506,-0.001,0.055,0.754,0,-0.528
00:01.3,1.57287E+12,4.571,-0.002,39.949,0.664,3,-0.006,2.582,-0.001,0.057,0.797,0,-0.528
00:01.3,1.57287E+12,4.534,-0.002,39.949,0.664,3,-0.006,2.657,-0.001,0.059,0.841,0,-0.529
00:01.3,1.57287E+12,4.495,-0.002,42.513,0.664,3,-0.006,2.732,-0.001,0.062,0.885,0,-0.529
00:01.3,1.57287E+12,4.455,-0.002,42.513,0.664,3,-0.006,2.805,-0.001,0.065,0.932,0,-0.529
00:01.4,1.57287E+12,4.417,-0.002,42.513,0.664,3,-0.006,2.883,-0.001,0.069,0.982,0,-0.53
00:01.4,1.57287E+12,4.387,-0.002,42.513,0.664,3,-0.006,2.951,-0.001,0.073,1.028,0,-0.53
00:01.4,1.57287E+12,4.358,-0.002,42.513,0.664,3,-0.006,3.024,-0.001,0.077,1.077,0,-0.53
00:01.4,1.57287E+12,4.33,-0.002,42.513,0.664,3,-0.006,3.095,-0.001,0.081,1.128,0,-0.53
00:01.4,1.57287E+12,4.303,-0.002,43.172,0.664,3,-0.006,3.167,-0.001,0.084,1.181,0,-0.53
00:01.4,1.57287E+12,4.275,-0.002,43.172,0.664,3,-0.006,3.242,-0.001,0.088,1.237,0,-0.53
00:01.5,1.57287E+12,4.25,-0.002,43.172,0.664,3,-0.006,3.308,-0.001,0.091,1.289,0,-0.53
00:01.5,1.57287E+12,4.221,-0.003,43.172,0.664,3,-0.006,3.378,-0.001,0.094,1.344,-0.001,-0.53
00:01.5,1.57287E+12,4.188,-0.003,43.172,0.664,3,-0.006,3.452,-0.001,0.096,1.405,-0.001,-0.53
00:01.5,1.57287E+12,4.158,-0.003,43.172,0.664,3,-0.006,3.517,-0.001,0.098,1.459,-0.001,-0.53
00:01.5,1.57287E+12,4.127,-0.003,44.491,0.664,3,-0.006,3.585,-0.001,0.1,1.518,-0.001,-0.529
00:01.5,1.57287E+12,4.098,-0.003,44.491,0.664,3,-0.006,3.653,-0.001,0.101,1.579,-0.001,-0.529
00:01.6,1.57287E+12,4.072,-0.003,44.491,0.664,3,-0.006,3.72,-0.001,0.102,1.64,-0.001,-0.529
00:01.6,1.57287E+12,4.048,-0.003,44.491,0.664,3,-0.006,3.788,-0.001,0.102,1.703,-0.001,-0.529
00:01.6,1.57287E+12,4.026,-0.003,44.491,0.664,3,-0.006,3.854,-0.001,0.102,1.767,-0.001,-0.528
00:01.6,1.57287E+12,4.004,-0.003,44.491,0.664,3,-0.006,3.921,-0.001,0.102,1.831,-0.001,-0.528
00:01.6,1.57287E+12,3.982,-0.003,45.296,0.664,3,-0.006,3.987,-0.001,0.101,1.897,-0.001,-0.528
00:01.6,1.57287E+12,3.961,-0.003,45.296,0.664,3,-0.006,4.053,-0.001,0.101,1.964,-0.001,-0.528
00:01.7,1.57287E+12,3.94,-0.003,45.296,0.664,3,-0.006,4.118,-0.001,0.1,2.032,-0.001,-0.527
00:01.7,1.57287E+12,3.919,-0.003,45.296,0.664,3,-0.006,4.183,-0.001,0.099,2.102,-0.001,-0.527
00:01.7,1.57287E+12,3.896,-0.003,45.296,0.664,3,-0.006,4.252,-0.001,0.097,2.176,-0.001,-0.527
00:01.7,1.57287E+12,3.875,-0.003,45.296,0.664,3,-0.006,4.312,-0.001,0.096,2.243,-0.001,-0.527
00:01.7,1.57287E+12,3.85,-0.003,46.981,0.664,3,-0.006,4.38,-0.001,0.094,2.32,-0.001,-0.527
00:01.7,1.57287E+12,3.83,-0.003,46.981,0.664,3,-0.006,4.44,-0.001,0.093,2.389,-0.001,-0.527
00:01.8,1.57287E+12,3.81,-0.003,46.981,0.664,3,-0.006,4.503,-0.001,0.092,2.464,-0.001,-0.527
00:01.8,1.57287E+12,3.791,-0.003,46.981,0.664,3,-0.006,4.57,-0.001,0.09,2.544,-0.001,-0.527
00:01.8,1.57287E+12,3.773,-0.003,46.981,0.664,3,-0.006,4.632,-0.001,0.089,2.621,-0.001,-0.527
00:01.8,1.57287E+12,3.756,-0.004,46.981,0.664,3,-0.006,4.691,-0.001,0.088,2.694,-0.001,-0.527
00:01.8,1.57287E+12,3.736,-0.004,48.006,0.664,3,-0.006,4.757,-0.001,0.087,2.777,-0.001,-0.527
00:01.8,1.57287E+12,3.717,-0.004,48.006,0.664,3,-0.006,4.818,-0.001,0.087,2.857,-0.001,-0.527
00:01.9,1.57287E+12,3.699,-0.004,48.006,0.664,3,-0.006,4.88,-0.001,0.087,2.938,-0.001,-0.527
00:01.9,1.57287E+12,3.682,-0.004,48.006,0.664,3,-0.006,4.941,-0.001,0.087,3.02,-0.001,-0.527
00:01.9,1.57287E+12,3.664,-0.004,48.006,0.664,3,-0.006,5.002,-0.001,0.087,3.103,-0.001,-0.527
00:01.9,1.57287E+12,3.646,-0.004,48.006,0.664,3,-0.006,5.062,-0.001,0.088,3.186,-0.002,-0.528
00:01.9,1.57287E+12,3.628,-0.004,48.812,0.664,3,-0.005,5.122,-0.001,0.089,3.271,-0.002,-0.528
00:01.9,1.57287E+12,3.61,-0.004,48.812,0.664,3,-0.005,5.182,-0.001,0.09,3.357,-0.002,-0.528
00:02.0,1.57287E+12,3.594,-0.004,48.812,0.664,3,-0.005,5.238,-0.001,0.091,3.439,-0.002,-0.528
00:02.0,1.57287E+12,3.575,-0.004,48.812,0.664,3,-0.005,5.301,-0.001,0.093,3.532,-0.002,-0.528
00:02.0,1.57287E+12,3.554,-0.004,48.812,0.664,3,-0.005,5.36,-0.001,0.094,3.621,-0.002,-0.529
00:02.0,1.57287E+12,3.533,-0.004,48.812,0.664,3,-0.005,5.415,-0.001,0.096,3.705,-0.002,-0.529
00:02.0,1.57287E+12,3.509,-0.004,50.13,0.664,3,-0.005,5.477,-0.001,0.097,3.802,-0.002,-0.529
00:02.0,1.57287E+12,3.49,-0.004,50.13,0.664,3,-0.005,5.535,-0.001,0.099,3.893,-0.002,-0.529
00:02.1,1.57287E+12,3.474,-0.003,50.13,0.664,3,-0.005,5.593,-0.001,0.101,3.986,-0.002,-0.529
00:02.1,1.57287E+12,3.461,-0.003,50.13,0.664,3,-0.005,5.65,-0.001,0.102,4.08,-0.002,-0.529
00:02.1,1.57287E+12,3.45,-0.003,50.13,0.664,3,-0.005,5.708,-0.001,0.104,4.174,-0.002,-0.529
00:02.1,1.57287E+12,3.438,-0.003,50.13,0.664,3,-0.005,5.765,-0.001,0.106,4.27,-0.002,-0.53
00:02.1,1.57287E+12,3.426,-0.003,51.815,0.664,3,-0.005,5.822,-0.001,0.107,4.367,-0.002,-0.53
00:02.1,1.57287E+12,3.414,-0.004,51.815,0.664,3,-0.005,5.878,-0.001,0.109,4.464,-0.002,-0.53
00:02.2,1.57287E+12,3.402,-0.004,51.815,0.664,3,-0.005,5.935,-0.001,0.11,4.563,-0.003,-0.53
00:02.2,1.57287E+12,3.389,-0.004,51.815,0.664,3,-0.005,5.991,-0.001,0.112,4.662,-0.003,-0.53
00:02.2,1.57287E+12,3.375,-0.004,51.815,0.664,3,-0.005,6.047,-0.001,0.113,4.762,-0.003,-0.53
00:02.3,1.57287E+12,3.36,-0.004,51.815,0.664,3,-0.005,6.103,-0.001,0.114,4.864,-0.003,-0.53
00:02.3,1.57287E+12,3.343,-0.004,52.328,0.664,3,-0.005,6.159,-0.001,0.116,4.966,-0.003,-0.53
00:02.3,1.57287E+12,3.326,-0.004,52.328,0.664,3,-0.005,6.214,-0.001,0.117,5.069,-0.003,-0.53
00:02.3,1.57287E+12,3.311,-0.004,52.328,0.664,3,-0.005,6.265,-0.001,0.118,5.166,-0.003,-0.53
00:02.3,1.57287E+12,3.294,-0.004,52.328,0.664,3,-0.005,6.323,-0.001,0.119,5.278,-0.003,-0.53
00:02.3,1.57287E+12,3.278,-0.004,52.328,0.664,3,-0.005,6.378,-0.001,0.12,5.384,-0.003,-0.53
00:02.3,1.57287E+12,3.262,-0.004,52.328,0.664,3,-0.005,6.429,-0.001,0.12,5.484,-0.003,-0.53
00:02.4,1.57287E+12,3.245,-0.004,52.987,0.664,3,-0.004,6.486,-0.001,0.121,5.598,-0.003,-0.53
00:02.4,1.57287E+12,3.23,-0.003,52.987,0.664,3,-0.004,6.539,-0.001,0.122,5.707,-0.004,-0.53
00:02.4,1.57287E+12,3.215,-0.003,52.987,0.664,3,-0.004,6.593,-0.001,0.122,5.816,-0.004,-0.53
00:02.4,1.57287E+12,3.201,-0.002,52.987,0.664,3,-0.004,6.646,-0.001,0.122,5.927,-0.004,-0.53
00:02.4,1.57287E+12,3.187,-0.002,52.987,0.664,3,-0.004,6.699,-0.001,0.123,6.038,-0.004,-0.53
00:02.4,1.57287E+12,3.172,-0.001,52.987,0.664,3,-0.004,6.752,-0.001,0.123,6.15,-0.004,-0.53
00:02.4,1.57287E+12,3.156,0,53.646,0.664,3,-0.003,6.804,-0.001,0.123,6.263,-0.004,-0.53
00:02.4,1.57287E+12,3.142,0,53.646,0.664,3,-0.003,6.856,-0.001,0.123,6.377,-0.004,-0.529
00:02.5,1.57287E+12,3.129,0.001,53.646,0.664,3,-0.003,6.908,-0.001,0.123,6.491,-0.004,-0.529
00:02.5,1.57287E+12,3.117,0.001,53.646,0.664,3,-0.003,6.96,-0.001,0.123,6.607,-0.004,-0.529
00:02.5,1.57287E+12,3.106,0.002,53.646,0.664,3,-0.003,7.012,0,0.122,6.723,-0.004,-0.529
00:02.5,1.57287E+12,3.095,0.002,53.646,0.664,3,-0.003,7.063,0,0.122,6.841,-0.005,-0.529
00:02.5,1.57287E+12,3.084,0.003,54.305,0.664,3,-0.003,7.114,0,0.122,6.959,-0.005,-0.529
00:02.5,1.57287E+12,3.074,0.003,54.305,0.664,3,-0.003,7.165,0,0.122,7.078,-0.005,-0.529
00:02.5,1.57287E+12,3.064,0.004,54.305,0.664,3,-0.003,7.216,0,0.121,7.198,-0.005,-0.529
00:02.6,1.57287E+12,3.054,0.004,54.305,0.664,3,-0.003,7.267,0,0.121,7.319,-0.005,-0.529
00:02.6,1.57287E+12,3.044,0.004,54.305,0.664,3,-0.003,7.318,0,0.12,7.44,-0.005,-0.529
00:02.6,1.57287E+12,3.034,0.003,54.305,0.664,3,-0.003,7.368,0,0.12,7.563,-0.005,-0.529
00:02.6,1.57287E+12,3.023,0.003,54.818,0.664,3,-0.003,7.418,0,0.12,7.686,-0.005,-0.529
00:02.6,1.57287E+12,3.012,0.003,54.818,0.664,3,-0.002,7.469,0,0.119,7.81,-0.005,-0.529
00:02.6,1.57287E+12,3,0.002,54.818,0.664,3,-0.002,7.518,0,0.119,7.935,-0.006,-0.529
00:02.7,1.57287E+12,2.983,0.002,54.818,0.664,3,-0.002,7.568,0,0.119,8.06,-0.006,-0.529
00:02.7,1.57287E+12,2.964,0.002,54.818,0.664,3,-0.002,7.617,0,0.118,8.187,-0.006,-0.529
00:02.7,1.57287E+12,2.948,0.001,54.818,0.664,3,-0.002,7.666,0,0.118,8.314,-0.006,-0.529
00:02.7,1.57287E+12,2.938,0.001,55.331,0.664,3,-0.002,7.715,0,0.118,8.443,-0.006,-0.529
00:02.7,1.57287E+12,2.934,0,55.331,0.664,3,-0.002,7.764,0,0.118,8.572,-0.006,-0.529
00:02.7,1.57287E+12,2.933,-0.001,55.331,0.664,3,-0.002,7.813,0,0.118,8.701,-0.006,-0.529
00:02.8,1.57287E+12,2.934,-0.002,55.331,0.664,3,-0.002,7.862,0,0.118,8.832,-0.006,-0.529
00:02.8,1.57287E+12,2.935,-0.002,55.331,0.664,3,-0.002,7.91,0,0.118,8.963,-0.006,-0.529
00:02.8,1.57287E+12,2.935,-0.003,55.331,0.2,3,-0.002,7.959,0,0.119,9.096,-0.006,-0.529
00:02.9,1.57287E+12,2.933,-0.003,55.843,0.2,3,-0.002,8.008,0,0.119,9.229,-0.007,-0.529
00:02.9,1.57287E+12,2.932,-0.003,55.843,0.2,3,-0.002,8.057,0,0.12,9.363,-0.007,-0.529
00:02.9,1.57287E+12,2.931,-0.004,55.843,0.2,3,-0.002,8.106,0,0.12,9.497,-0.007,-0.53
00:02.9,1.57287E+12,2.931,-0.003,55.843,0.2,3,-0.002,8.155,0,0.121,9.633,-0.007,-0.53
00:02.9,1.57287E+12,2.93,-0.003,55.843,0.2,3,-0.002,8.204,0,0.122,9.769,-0.007,-0.53
00:02.9,1.57287E+12,2.929,-0.003,55.843,0.664,3,-0.002,8.252,0,0.122,9.906,-0.007,-0.53
00:02.9,1.57287E+12,2.927,-0.002,55.99,0.664,3,-0.002,8.301,0,0.123,10.044,-0.007,-0.53
00:02.9,1.57287E+12,2.926,-0.002,55.99,0.664,3,-0.001,8.35,0,0.124,10.183,-0.007,-0.53
00:03.0,1.57287E+12,2.924,-0.001,55.99,0.664,3,-0.001,8.399,0,0.125,10.323,-0.008,-0.53
00:03.0,1.57287E+12,2.923,-0.001,55.99,0.664,3,-0.001,8.447,0,0.126,10.463,-0.008,-0.53
00:03.0,1.57287E+12,2.922,-0.001,55.99,0.664,3,-0.001,8.496,0,0.127,10.604,-0.008,-0.53
00:03.0,1.57287E+12,2.92,-0.001,55.99,0.664,3,-0.001,8.545,0,0.128,10.746,-0.008,-0.53
00:03.1,1.57287E+12,2.919,0,55.99,0.664,3,-0.001,8.593,0,0.129,10.889,-0.008,-0.53
00:03.1,1.57287E+12,2.917,0,55.99,0.664,3,-0.001,8.642,0,0.13,11.033,-0.008,-0.53
00:03.1,1.57287E+12,2.915,0,55.99,0.664,3,-0.001,8.69,0,0.131,11.177,-0.008,-0.53
00:03.1,1.57287E+12,2.914,0.001,55.99,0.664,3,-0.001,8.739,0,0.132,11.323,-0.008,-0.53
00:03.1,1.57287E+12,2.913,0.001,55.99,0.664,3,-0.001,8.787,0,0.133,11.469,-0.009,-0.53
00:03.1,1.57287E+12,2.912,0.002,55.99,0.664,3,-0.001,8.836,0,0.133,11.615,-0.009,-0.53
00:03.1,1.57287E+12,2.912,0.002,55.99,0.664,3,-0.001,8.885,0,0.134,11.763,-0.009,-0.53
00:03.2,1.57287E+12,2.911,0.003,55.99,0.664,3,-0.001,8.933,0,0.135,11.912,-0.009,-0.53
00:03.2,1.57287E+12,2.911,0.003,55.99,0.664,3,-0.001,8.982,0,0.136,12.061,-0.009,-0.53
00:03.2,1.57287E+12,2.91,0.004,55.99,0.664,3,-0.001,9.03,0,0.137,12.211,-0.009,-0.53
00:03.2,1.57287E+12,2.907,0.004,55.99,0.664,3,-0.001,9.078,0,0.138,12.362,-0.009,-0.53
00:03.2,1.57287E+12,2.899,0.005,55.99,0.664,3,-0.001,9.127,0,0.139,12.514,-0.009,-0.53
00:03.3,1.57287E+12,2.888,0.005,56.136,0.664,3,-0.001,9.175,0,0.139,12.666,-0.01,-0.53
00:03.3,1.57287E+12,2.88,0.006,56.136,0.664,3,-0.001,9.222,0,0.14,12.82,-0.01,-0.53
00:03.3,1.57287E+12,2.878,0.006,56.136,0.664,3,0,9.27,0.001,0.141,12.974,-0.01,-0.53
00:03.3,1.57287E+12,2.879,0.007,56.136,0.664,3,0,9.318,0.001,0.141,13.129,-0.01,-0.53
00:03.3,1.57287E+12,2.879,0.008,56.136,0.664,3,0,9.366,0.001,0.142,13.284,-0.01,-0.53
00:03.3,1.57287E+12,2.878,0.009,56.136,0.664,3,0,9.414,0.001,0.143,13.441,-0.01,-0.53
00:03.4,1.57287E+12,2.876,0.01,56.136,0.664,3,0,9.462,0.001,0.143,13.598,-0.01,-0.53
00:03.4,1.57287E+12,2.875,0.01,56.136,0.664,3,0,9.51,0.001,0.144,13.756,-0.01,-0.53
00:03.4,1.57287E+12,2.873,0.011,56.136,0.664,3,0,9.558,0.001,0.145,13.915,-0.011,-0.53
00:03.4,1.57287E+12,2.872,0.012,56.136,0.664,3,0,9.606,0.001,0.145,14.075,-0.011,-0.53
00:03.4,1.57287E+12,2.87,0.013,56.136,0.664,3,0,9.654,0.001,0.146,14.235,-0.011,-0.53
00:03.4,1.57287E+12,2.869,0.014,56.136,0.664,3,0,9.702,0.001,0.146,14.397,-0.011,-0.53
00:03.5,1.57287E+12,2.868,0.015,56.136,0.664,3,0,9.749,0.001,0.147,14.559,-0.011,-0.53
00:03.5,1.57287E+12,2.866,0.016,56.136,0.664,3,0,9.797,0.001,0.147,14.722,-0.011,-0.53
00:03.5,1.57287E+12,2.865,0.017,56.136,0.664,3,0,9.845,0.002,0.148,14.885,-0.011,-0.53
00:03.5,1.57287E+12,2.864,0.018,56.136,0.664,3,0,9.892,0.002,0.148,15.05,-0.011,-0.53
00:03.5,1.57287E+12,2.862,0.02,56.136,0.664,3,0,9.94,0.002,0.149,15.215,-0.011,-0.53
00:03.5,1.57287E+12,2.861,0.021,56.136,0.664,3,0,9.988,0.002,0.149,15.381,-0.011,-0.53
00:03.5,1.57287E+12,2.859,0.022,56.503,0.664,3,0,10.035,0.002,0.15,15.548,-0.011,-0.53
00:03.6,1.57287E+12,2.859,0.022,56.503,0.664,3,0,10.083,0.002,0.15,15.716,-0.012,-0.53
00:03.6,1.57287E+12,2.859,0.023,56.503,0.664,3,0,10.131,0.002,0.151,15.884,-0.012,-0.53
00:03.6,1.57287E+12,2.859,0.024,56.503,0.664,3,0,10.178,0.002,0.151,16.054,-0.012,-0.53
00:03.6,1.57287E+12,2.859,0.025,56.503,0.664,3,0,10.226,0.002,0.152,16.224,-0.012,-0.53
00:03.6,1.57287E+12,2.857,0.025,56.503,0.664,3,0,10.274,0.002,0.152,16.395,-0.012,-0.53
00:03.6,1.57287E+12,2.856,0.025,56.796,0.664,3,0,10.321,0.002,0.153,16.566,-0.012,-0.53
00:03.7,1.57287E+12,2.855,0.026,56.796,0.664,3,0,10.369,0.002,0.153,16.739,-0.012,-0.53
00:03.7,1.57287E+12,2.854,0.026,56.796,0.664,3,0,10.416,0.002,0.154,16.912,-0.012,-0.53
00:03.7,1.57287E+12,2.854,0.026,56.796,0.664,3,0,10.464,0.002,0.154,17.086,-0.012,-0.53
00:03.7,1.57287E+12,2.853,0.026,56.796,0.664,3,0,10.511,0.002,0.155,17.261,-0.012,-0.53
00:03.7,1.57287E+12,2.852,0.026,56.796,0.664,3,0,10.559,0.002,0.155,17.436,-0.012,-0.53
00:03.7,1.57287E+12,2.851,0.026,57.015,0.664,3,0,10.606,0.002,0.156,17.613,-0.012,-0.53
00:03.8,1.57287E+12,2.85,0.027,57.015,0.664,3,0,10.654,0.002,0.156,17.79,-0.012,-0.53
00:03.8,1.57287E+12,2.849,0.027,57.015,0.664,3,0,10.701,0.002,0.157,17.968,-0.012,-0.53
00:03.8,1.57287E+12,2.848,0.028,57.015,0.664,3,0,10.749,0.002,0.158,18.147,-0.012,-0.53
00:03.8,1.57287E+12,2.848,0.029,57.015,0.664,3,0,10.796,0.002,0.158,18.326,-0.012,-0.53
00:03.8,1.57287E+12,2.846,0.03,57.015,0.664,3,0,10.844,0.002,0.159,18.507,-0.012,-0.53
00:03.8,1.57287E+12,2.845,0.031,57.308,0.664,3,0,10.891,0.002,0.16,18.688,-0.012,-0.53
00:03.9,1.57287E+12,2.844,0.032,57.308,0.664,3,0,10.939,0.003,0.161,18.87,-0.012,-0.53
00:03.9,1.57287E+12,2.844,0.033,57.308,0.664,3,0,10.986,0.003,0.161,19.052,-0.011,-0.53
00:03.9,1.57287E+12,2.844,0.034,57.308,0.664,3,0,11.033,0.003,0.162,19.236,-0.011,-0.53
00:03.9,1.57287E+12,2.843,0.036,57.308,0.664,3,0,11.081,0.003,0.163,19.42,-0.011,-0.53
00:03.9,1.57287E+12,2.842,0.038,57.308,0.664,3,0,11.128,0.003,0.163,19.605,-0.011,-0.53
00:03.9,1.57287E+12,2.841,0.04,57.455,0.664,3,0,11.175,0.003,0.164,19.791,-0.011,-0.53
00:04.0,1.57287E+12,2.84,0.041,57.455,0.664,3,0,11.199,0.003,0.165,19.884,-0.011,-0.53
00:04.0,1.57287E+12,2.839,0.043,57.455,0.664,3,0,11.243,0.003,0.165,20.06,-0.011,-0.53
00:04.0,1.57287E+12,2.838,0.045,57.455,0.664,3,0,11.291,0.003,0.166,20.248,-0.011,-0.53
00:04.0,1.57287E+12,2.837,0.047,57.455,0.664,3,0,11.338,0.003,0.167,20.436,-0.011,-0.53
00:04.0,1.57287E+12,2.835,0.048,57.455,0.664,3,0,11.385,0.004,0.167,20.625,-0.01,-0.53
00:04.0,1.57287E+12,2.833,0.049,57.821,0.664,3,0,11.432,0.004,0.168,20.816,-0.01,-0.53
00:04.1,1.57287E+12,2.831,0.05,57.821,0.664,3,-0.001,11.48,0.004,0.169,21.007,-0.01,-0.53
00:04.1,1.57287E+12,2.83,0.051,57.821,0.664,3,-0.001,11.527,0.004,0.169,21.198,-0.01,-0.53
00:04.1,1.57287E+12,2.83,0.052,57.821,0.664,3,-0.001,11.574,0.004,0.17,21.391,-0.01,-0.53
00:04.1,1.57287E+12,2.829,0.053,57.821,0.664,3,-0.001,11.621,0.004,0.171,21.584,-0.009,-0.53
00:04.1,1.57287E+12,2.828,0.054,57.821,0.664,3,-0.001,11.668,0.004,0.171,21.778,-0.009,-0.53
00:04.1,1.57287E+12,2.826,0.055,57.968,0.664,3,-0.001,11.715,0.004,0.172,21.973,-0.009,-0.53
00:04.1,1.57287E+12,2.824,0.057,57.968,0.664,3,-0.001,11.762,0.004,0.173,22.169,-0.008,-0.53
00:04.2,1.57287E+12,2.822,0.058,57.968,0.664,3,-0.001,11.809,0.004,0.173,22.365,-0.008,-0.53
00:04.2,1.57287E+12,2.821,0.06,57.968,0.664,3,-0.002,11.856,0.004,0.174,22.562,-0.008,-0.53
00:04.2,1.57287E+12,2.819,0.062,57.968,0.664,3,-0.002,11.903,0.004,0.175,22.761,-0.007,-0.53
00:04.2,1.57287E+12,2.818,0.065,57.968,0.664,3,-0.002,11.95,0.004,0.175,22.959,-0.007,-0.53
00:04.2,1.57287E+12,2.816,0.067,58.187,0.664,3,-0.002,11.997,0.004,0.176,23.159,-0.007,-0.53
00:04.2,1.57287E+12,2.814,0.069,58.187,0.664,3,-0.002,12.044,0.004,0.176,23.359,-0.006,-0.53
00:04.3,1.57287E+12,2.812,0.071,58.187,0.664,3,-0.002,12.091,0.004,0.177,23.56,-0.006,-0.53
00:04.3,1.57287E+12,2.811,0.073,58.187,0.664,3,-0.002,12.138,0.005,0.178,23.762,-0.005,-0.53
00:04.3,1.57287E+12,2.81,0.076,58.187,0.664,3,-0.002,12.184,0.005,0.178,23.965,-0.005,-0.53
00:04.3,1.57287E+12,2.809,0.078,58.187,0.664,3,-0.003,12.231,0.005,0.179,24.168,-0.004,-0.53
00:04.3,1.57287E+12,2.807,0.08,58.334,0.664,3,-0.003,12.278,0.005,0.179,24.373,-0.004,-0.53
00:04.3,1.57287E+12,2.805,0.082,58.334,0.664,3,-0.003,12.325,0.005,0.18,24.578,-0.003,-0.53
00:04.4,1.57287E+12,2.803,0.084,58.334,0.664,3,-0.003,12.371,0.005,0.18,24.784,-0.003,-0.53
00:04.4,1.57287E+12,2.802,0.086,58.334,0.664,3,-0.004,12.418,0.005,0.181,24.99,-0.002,-0.53
00:04.4,1.57287E+12,2.8,0.088,58.334,0.664,3,-0.004,12.465,0.005,0.181,25.198,-0.001,-0.53
00:04.4,1.57287E+12,2.799,0.089,58.334,0.664,3,-0.004,12.511,0.005,0.182,25.406,-0.001,-0.53
00:04.4,1.57287E+12,2.797,0.091,58.334,0.664,3,-0.005,12.558,0.005,0.182,25.615,0,-0.53
00:04.4,1.57287E+12,2.795,0.091,58.334,0.664,3,-0.005,12.604,0.005,0.183,25.824,0.001,-0.53
00:04.5,1.57287E+12,2.793,0.092,58.334,0.664,3,-0.005,12.651,0.005,0.183,26.035,0.001,-0.53
00:04.5,1.57287E+12,2.791,0.092,58.334,0.664,3,-0.006,12.698,0.005,0.184,26.246,0.002,-0.53
00:04.5,1.57287E+12,2.789,0.093,58.334,0.664,3,-0.006,12.744,0.005,0.184,26.458,0.003,-0.53
00:04.5,1.57287E+12,2.787,0.093,58.334,0.664,3,-0.006,12.79,0.005,0.185,26.671,0.004,-0.53
00:04.5,1.57287E+12,2.785,0.093,58.334,0.664,3,-0.007,12.837,0.005,0.186,26.885,0.005,-0.53
00:04.5,1.57287E+12,2.783,0.094,58.334,0.664,3,-0.007,12.883,0.005,0.186,27.099,0.006,-0.53
00:04.6,1.57287E+12,2.781,0.094,58.334,0.664,3,-0.007,12.929,0.005,0.187,27.314,0.006,-0.531
00:04.6,1.57287E+12,2.78,0.094,58.334,0.664,3,-0.008,12.976,0.005,0.187,27.53,0.007,-0.531
00:04.6,1.57287E+12,2.839,0.094,58.334,0.664,3,-0.008,13.025,0.005,0.188,27.747,0.008,-0.531
00:04.6,1.57287E+12,3.027,0.093,58.334,0.664,3,-0.008,13.078,0.004,0.189,27.964,0.009,-0.531
00:04.6,1.57287E+12,3.253,0.093,58.334,0.664,3,-0.009,13.142,0.004,0.192,28.21,0.011,-0.531
00:04.6,1.57287E+12,3.323,0.093,58.334,0.664,3,-0.009,13.19,0.004,0.195,28.402,0.011,-0.53
00:04.7,1.57287E+12,3.273,0.093,58.334,0.664,3,-0.009,13.244,0.004,0.198,28.622,0.013,-0.53
00:04.7,1.57287E+12,3.147,0.093,58.334,0.664,3,-0.009,13.294,0.004,0.201,28.843,0.014,-0.53
00:04.7,1.57287E+12,3.012,0.093,58.334,0.664,3,-0.01,13.342,0.004,0.204,29.065,0.015,-0.53
00:04.7,1.57287E+12,2.901,0.093,58.334,0.664,3,-0.01,13.389,0.004,0.207,29.288,0.016,-0.53
00:04.8,1.57287E+12,2.812,0.092,58.334,0.664,3,-0.01,13.435,0.004,0.209,29.512,0.017,-0.53
00:04.8,1.57287E+12,2.734,0.091,58.334,0.664,3,-0.011,13.48,0.003,0.21,29.736,0.018,-0.53
00:04.8,1.57287E+12,2.659,0.089,58.334,0.664,3,-0.011,13.523,0.003,0.211,29.961,0.02,-0.53
00:04.8,1.57287E+12,2.585,0.086,58.334,0.664,3,-0.011,13.565,0.003,0.211,30.187,0.021,-0.53
00:04.8,1.57287E+12,2.515,0.083,58.334,0.664,3,-0.012,13.606,0.003,0.21,30.413,0.022,-0.53
00:04.8,1.57287E+12,2.45,0.079,58.334,0.664,3,-0.012,13.646,0.003,0.209,30.641,0.024,-0.53
00:04.9,1.57287E+12,2.39,0.075,58.48,0.664,3,-0.013,13.685,0.002,0.208,30.868,0.025,-0.53
00:04.9,1.57287E+12,2.335,0.071,58.48,0.664,3,-0.013,13.723,0.002,0.206,31.097,0.026,-0.53
00:04.9,1.57287E+12,2.284,0.067,58.48,0.664,3,-0.013,13.761,0.002,0.204,31.326,0.028,-0.53
00:04.9,1.57287E+12,2.233,0.063,58.48,0.664,3,-0.014,13.797,0.002,0.201,31.555,0.029,-0.53
00:04.9,1.57287E+12,2.182,0.06,58.48,0.664,3,-0.014,13.833,0.001,0.199,31.786,0.031,-0.53
00:04.9,1.57287E+12,2.133,0.058,58.48,0.664,3,-0.013,13.868,0.001,0.196,32.017,0.032,-0.53
00:04.9,1.57287E+12,2.09,0.056,58.48,0.664,3,-0.013,13.902,0.001,0.192,32.248,0.034,-0.53
00:04.9,1.57287E+12,2.052,0.056,58.48,0.664,3,-0.013,13.936,0.001,0.189,32.48,0.035,-0.53
00:04.9,1.57287E+12,2.021,0.056,58.48,0.664,3,-0.013,13.969,0.001,0.185,32.713,0.037,-0.53
00:05.0,1.57287E+12,1.994,0.056,58.48,0.664,3,-0.012,14.002,0.001,0.181,32.946,0.038,-0.53
00:05.0,1.57287E+12,1.969,0.056,58.48,0.664,3,-0.012,14.035,0.001,0.177,33.179,0.04,-0.53
00:05.0,1.57287E+12,1.946,0.056,58.48,0.664,3,-0.012,14.067,0.001,0.173,33.414,0.042,-0.53
00:05.1,1.57287E+12,1.924,0.055,58.627,0.664,3,-0.012,14.099,0.001,0.168,33.648,0.043,-0.53
00:05.1,1.57287E+12,1.903,0.054,58.627,0.664,3,-0.012,14.13,0.001,0.164,33.883,0.045,-0.53
00:05.1,1.57287E+12,1.882,0.051,58.627,0.664,3,-0.012,14.161,0.001,0.159,34.119,0.046,-0.53
00:05.1,1.57287E+12,1.863,0.048,58.627,0.664,3,-0.012,14.192,0.001,0.155,34.356,0.048,-0.53
00:05.1,1.57287E+12,1.845,0.044,58.627,0.664,3,-0.013,14.223,0.001,0.15,34.592,0.05,-0.53
00:05.1,1.57287E+12,1.828,0.04,58.627,0.664,3,-0.013,14.253,0.001,0.145,34.83,0.051,-0.53
00:05.2,1.57287E+12,1.812,0.035,58.627,0.664,3,-0.013,14.283,0.001,0.141,35.067,0.053,-0.529
00:05.2,1.57287E+12,1.796,0.031,58.627,0.664,3,-0.013,14.313,0,0.136,35.306,0.055,-0.529
00:05.2,1.57287E+12,1.782,0.028,58.627,0.664,3,-0.013,14.342,0,0.132,35.545,0.057,-0.529
00:05.2,1.57287E+12,1.769,0.026,58.627,0.664,3,-0.012,14.372,0,0.128,35.784,0.058,-0.529
00:05.2,1.57287E+12,1.756,0.024,58.627,0.664,3,-0.012,14.401,0,0.124,36.024,0.06,-0.529
00:05.2,1.57287E+12,1.744,0.023,58.627,0.664,3,-0.012,14.43,0,0.12,36.264,0.062,-0.529
00:05.3,1.57287E+12,1.733,0.022,58.627,0.664,3,-0.011,14.459,0,0.116,36.505,0.064,-0.529
00:05.3,1.57287E+12,1.722,0.023,58.627,0.664,3,-0.011,14.489,0,0.112,36.761,0.066,-0.529
00:05.3,1.57287E+12,1.713,0.023,58.627,0.664,3,-0.011,14.516,0,0.11,36.988,0.067,-0.529
00:05.3,1.57287E+12,1.704,0.023,58.627,0.664,3,-0.01,14.544,0,0.107,37.23,0.069,-0.529
00:05.3,1.57287E+12,1.695,0.023,58.627,0.664,3,-0.01,14.572,0,0.104,37.472,0.071,-0.529
00:05.3,1.57287E+12,1.687,0.022,58.627,0.664,3,-0.01,14.6,0,0.102,37.715,0.073,-0.529
00:05.4,1.57287E+12,1.679,0.021,58.627,0.664,3,-0.01,14.628,0,0.1,37.959,0.075,-0.529
00:05.4,1.57287E+12,1.671,0.018,58.627,0.664,3,-0.01,14.657,0,0.099,38.218,0.076,-0.53
00:05.4,1.57287E+12,1.665,0.016,58.627,0.664,3,-0.01,14.683,0,0.098,38.447,0.078,-0.53
00:05.4,1.57287E+12,1.658,0.012,58.627,0.664,3,-0.01,14.711,0,0.097,38.692,0.08,-0.53
00:05.4,1.57287E+12,1.653,0.009,58.627,0.664,3,-0.01,14.738,0,0.097,38.938,0.082,-0.53
00:05.4,1.57287E+12,1.647,0.005,58.627,0.664,3,-0.01,14.766,-0.001,0.097,39.184,0.084,-0.53
00:05.5,1.57287E+12,1.642,0.001,58.847,0.664,3,-0.01,14.793,-0.001,0.097,39.43,0.086,-0.53
00:05.5,1.57287E+12,1.637,-0.003,58.847,0.664,3,-0.009,14.82,-0.001,0.098,39.677,0.088,-0.53
00:05.5,1.57287E+12,1.633,-0.006,58.847,0.664,3,-0.009,14.847,-0.001,0.098,39.924,0.089,-0.531
00:05.5,1.57287E+12,1.63,-0.009,58.847,0.664,3,-0.009,14.874,-0.001,0.099,40.172,0.091,-0.531
00:05.5,1.57287E+12,1.626,-0.011,58.847,0.664,3,-0.008,14.902,-0.001,0.1,40.42,0.093,-0.531
00:05.5,1.57287E+12,1.623,-0.013,58.847,0.664,3,-0.008,14.929,-0.002,0.101,40.668,0.095,-0.531
00:05.5,1.57287E+12,1.619,-0.014,58.993,0.664,3,-0.007,14.955,-0.002,0.102,40.917,0.097,-0.531
00:05.6,1.57287E+12,1.616,-0.015,58.993,0.664,3,-0.007,14.982,-0.002,0.103,41.167,0.099,-0.531
00:05.6,1.57287E+12,1.613,-0.016,58.993,0.664,3,-0.006,15.009,-0.002,0.104,41.417,0.101,-0.531
00:05.6,1.57287E+12,1.611,-0.016,58.993,0.664,3,-0.006,15.036,-0.002,0.105,41.667,0.102,-0.531
00:05.6,1.57287E+12,1.608,-0.016,58.993,0.664,3,-0.005,15.063,-0.001,0.106,41.918,0.104,-0.532
00:05.6,1.57287E+12,1.606,-0.017,58.993,0.664,3,-0.005,15.089,-0.001,0.108,42.169,0.106,-0.532
00:05.6,1.57287E+12,1.603,-0.017,59.286,0.664,3,-0.004,15.116,-0.001,0.108,42.421,0.108,-0.532
00:05.7,1.57287E+12,1.601,-0.018,59.286,0.664,3,-0.004,15.143,-0.001,0.109,42.673,0.11,-0.532
00:05.7,1.57287E+12,1.599,-0.019,59.286,0.664,3,-0.004,15.169,-0.001,0.11,42.926,0.112,-0.532
00:05.7,1.57287E+12,1.598,-0.02,59.286,0.664,3,-0.003,15.196,-0.001,0.111,43.179,0.114,-0.532
00:05.7,1.57287E+12,1.596,-0.021,59.286,0.664,3,-0.003,15.223,-0.001,0.112,43.432,0.115,-0.532
00:05.7,1.57287E+12,1.595,-0.022,59.286,0.664,3,-0.002,15.249,-0.001,0.112,43.686,0.117,-0.532
00:05.7,1.57287E+12,1.593,-0.023,59.652,0.664,3,-0.002,15.276,0,0.113,43.941,0.119,-0.532
00:05.8,1.57287E+12,1.592,-0.024,59.652,0.664,3,-0.002,15.302,0,0.113,44.195,0.121,-0.532
00:05.8,1.57287E+12,1.59,-0.025,59.652,0.664,3,-0.002,15.329,0,0.114,44.451,0.123,-0.532
00:05.8,1.57287E+12,1.589,-0.026,59.652,0.664,3,-0.001,15.355,0,0.114,44.706,0.125,-0.532
00:05.8,1.57287E+12,1.589,-0.027,59.652,0.664,3,-0.001,15.382,0,0.114,44.963,0.127,-0.532
00:05.8,1.57287E+12,1.588,-0.028,59.652,0.664,3,-0.001,15.408,0,0.114,45.219,0.128,-0.532
00:05.8,1.57287E+12,1.586,-0.028,59.799,0.664,3,0,15.435,0,0.115,45.476,0.13,-0.532
00:05.9,1.57287E+12,1.585,-0.029,59.799,0.664,3,0,15.463,0,0.115,45.75,0.132,-0.532
00:05.9,1.57287E+12,1.584,-0.03,59.799,0.664,3,0,15.487,0,0.115,45.991,0.134,-0.532
00:05.9,1.57287E+12,1.583,-0.031,59.799,0.664,3,0,15.514,0,0.115,46.25,0.136,-0.532
00:05.9,1.57287E+12,1.582,-0.033,59.799,0.664,3,0.001,15.54,0,0.115,46.509,0.137,-0.532
00:05.9,1.57287E+12,1.581,-0.036,59.799,0.664,3,0.001,15.566,0,0.114,46.768,0.139,-0.532
00:05.9,1.57287E+12,1.58,-0.039,60.165,0.664,3,0.001,15.594,0,0.114,47.044,0.141,-0.532
00:05.9,1.57287E+12,1.58,-0.043,60.165,0.664,3,0.001,15.619,-0.001,0.114,47.288,0.143,-0.532
00:06.0,1.57287E+12,1.579,-0.047,60.165,0.664,3,0.001,15.647,-0.001,0.114,47.564,0.145,-0.532
00:06.0,1.57287E+12,1.579,-0.051,60.165,0.664,3,0.001,15.672,-0.001,0.114,47.809,0.146,-0.532
00:06.0,1.57287E+12,1.578,-0.055,60.165,0.664,3,0.001,15.698,-0.001,0.113,48.071,0.148,-0.532
00:06.0,1.57287E+12,1.578,-0.059,60.165,0.664,3,0.002,15.726,-0.001,0.113,48.349,0.15,-0.532
00:06.0,1.57287E+12,1.577,-0.062,60.458,0.664,3,0.002,15.752,-0.002,0.113,48.611,0.152,-0.532
00:06.0,1.57287E+12,1.577,-0.064,60.458,0.664,3,0.003,15.778,-0.002,0.113,48.874,0.153,-0.532
00:06.1,1.57287E+12,1.576,-0.065,60.458,0.664,3,0.004,15.803,-0.002,0.112,49.121,0.155,-0.532
00:06.1,1.57287E+12,1.575,-0.066,60.458,0.664,3,0.004,15.831,-0.002,0.112,49.401,0.157,-0.532
00:06.1,1.57287E+12,1.575,-0.066,60.458,0.664,3,0.005,15.857,-0.002,0.112,49.665,0.158,-0.532
00:06.1,1.57287E+12,1.575,-0.065,60.458,0.664,3,0.006,15.883,-0.002,0.111,49.929,0.16,-0.532
00:06.1,1.57287E+12,1.574,-0.066,60.824,0.664,3,0.006,15.908,-0.001,0.111,50.178,0.161,-0.532
00:06.1,1.57287E+12,1.573,-0.066,60.824,0.664,3,0.007,15.934,-0.001,0.111,50.443,0.163,-0.532
00:06.2,1.57287E+12,1.573,-0.066,60.824,0.664,3,0.007,15.962,-0.001,0.111,50.725,0.165,-0.532
00:06.2,1.57287E+12,1.573,-0.067,60.824,0.664,3,0.008,15.988,-0.001,0.111,50.992,0.166,-0.532
00:06.2,1.57287E+12,1.573,-0.068,60.824,0.664,3,0.008,16.015,-0.001,0.111,51.258,0.168,-0.532
00:06.2,1.57287E+12,1.572,-0.07,60.824,0.664,3,0.009,16.041,0,0.111,51.525,0.169,-0.532
00:06.2,1.57287E+12,1.572,-0.071,60.971,0.664,3,0.009,16.067,0,0.111,51.793,0.171,-0.532
00:06.2,1.57287E+12,1.571,-0.072,60.971,0.664,3,0.01,16.093,0,0.111,52.061,0.172,-0.532
00:06.3,1.57287E+12,1.571,-0.073,60.971,0.664,3,0.01,16.119,0,0.111,52.329,0.174,-0.532
00:06.3,1.57287E+12,1.57,-0.074,60.971,0.664,3,0.01,16.144,0,0.111,52.582,0.175,-0.532
00:06.3,1.57287E+12,1.57,-0.074,60.971,0.664,3,0.011,16.172,0,0.111,52.868,0.177,-0.532
00:06.3,1.57287E+12,1.569,-0.075,60.971,0.664,3,0.011,16.198,0.001,0.112,53.137,0.178,-0.532
00:06.3,1.57287E+12,1.569,-0.075,61.19,0.664,3,0.012,16.224,0.001,0.112,53.408,0.18,-0.532
00:06.3,1.57287E+12,1.568,-0.075,61.19,0.664,3,0.012,16.25,0.001,0.112,53.678,0.181,-0.532
00:06.4,1.57287E+12,1.568,-0.075,61.19,0.664,3,0.012,16.276,0.001,0.112,53.949,0.182,-0.532
00:06.4,1.57287E+12,1.568,-0.075,61.19,0.664,3,0.013,16.302,0.001,0.113,54.221,0.184,-0.532
00:06.4,1.57287E+12,1.568,-0.075,61.19,0.664,3,0.013,16.328,0.001,0.113,54.493,0.185,-0.532
00:06.4,1.57287E+12,1.567,-0.075,61.19,0.664,3,0.013,16.355,0.001,0.113,54.765,0.186,-0.532
00:06.4,1.57287E+12,1.567,-0.075,61.337,0.664,3,0.014,16.381,0.001,0.114,55.038,0.188,-0.532
00:06.4,1.57287E+12,1.567,-0.074,61.337,0.664,3,0.014,16.402,0.001,0.114,55.26,0.189,-0.532
00:06.5,1.57287E+12,1.566,-0.074,61.337,0.664,3,0.014,16.428,0.001,0.114,55.533,0.19,-0.532
00:06.5,1.57287E+12,1.566,-0.074,61.337,0.664,3,0.014,16.454,0.001,0.115,55.807,0.191,-0.532
00:06.5,1.57287E+12,1.566,-0.073,61.337,0.664,3,0.015,16.48,0.001,0.115,56.082,0.192,-0.532
00:06.5,1.57287E+12,1.566,-0.073,61.337,0.664,3,0.015,16.506,0.001,0.115,56.357,0.194,-0.532
00:06.5,1.57287E+12,1.565,-0.073,61.483,0.664,3,0.015,16.532,0.001,0.116,56.632,0.195,-0.532
00:06.5,1.57287E+12,1.565,-0.072,61.483,0.664,3,0.015,16.558,0.001,0.116,56.908,0.196,-0.532
00:06.6,1.57287E+12,1.565,-0.072,61.483,0.664,3,0.016,16.584,0.001,0.116,57.184,0.197,-0.532
00:06.6,1.57287E+12,1.565,-0.072,61.483,0.664,3,0.016,16.611,0.001,0.117,57.461,0.198,-0.532
00:06.6,1.57287E+12,1.564,-0.071,61.483,0.664,3,0.016,16.637,0.001,0.117,57.738,0.199,-0.532
00:06.6,1.57287E+12,1.564,-0.071,61.483,0.664,3,0.016,16.663,0.001,0.117,58.015,0.201,-0.532
00:06.6,1.57287E+12,1.564,-0.071,61.85,0.664,3,0.016,16.689,0.001,0.117,58.293,0.202,-0.532
00:06.6,1.57287E+12,1.564,-0.07,61.85,0.664,3,0.016,16.715,0.001,0.117,58.571,0.203,-0.532
00:06.7,1.57287E+12,1.563,-0.07,61.85,0.664,3,0.017,16.741,0.001,0.118,58.85,0.204,-0.532
00:06.7,1.57287E+12,1.563,-0.07,61.85,0.664,3,0.017,16.767,0.001,0.118,59.13,0.205,-0.532
00:06.7,1.57287E+12,1.564,-0.069,61.85,0.664,3,0.017,16.793,0.001,0.118,59.409,0.206,-0.532
00:06.7,1.57287E+12,1.564,-0.069,61.85,0.664,3,0.017,16.819,0.001,0.118,59.689,0.207,-0.532
00:06.7,1.57287E+12,1.564,-0.069,62.289,0.664,3,0.017,16.845,0.001,0.118,59.97,0.208,-0.532
00:06.7,1.57287E+12,1.563,-0.069,62.289,0.664,3,0.017,16.871,0.001,0.119,60.251,0.209,-0.532
00:06.7,1.57287E+12,1.562,-0.069,62.289,0.664,3,0.017,16.897,0.001,0.119,60.532,0.21,-0.532
00:06.8,1.57287E+12,1.56,-0.069,62.289,0.664,3,0.017,16.923,0.001,0.119,60.814,0.211,-0.532
00:06.8,1.57287E+12,1.56,-0.068,62.289,0.664,3,0.018,16.949,0.001,0.119,61.096,0.211,-0.532
00:06.8,1.57287E+12,1.56,-0.068,62.289,0.664,3,0.018,16.975,0.001,0.119,61.379,0.212,-0.532
00:06.8,1.57287E+12,1.559,-0.068,62.655,0.664,3,0.018,17.001,0.001,0.119,61.662,0.213,-0.532
00:06.8,1.57287E+12,1.559,-0.068,62.655,0.664,3,0.018,17.027,0.001,0.119,61.946,0.214,-0.532
00:06.8,1.57287E+12,1.559,-0.068,62.655,0.664,3,0.018,17.053,0.001,0.119,62.23,0.215,-0.532
00:06.9,1.57287E+12,1.56,-0.068,62.655,0.664,3,0.018,17.079,0.001,0.12,62.514,0.216,-0.532
00:06.9,1.57287E+12,1.56,-0.068,62.655,0.664,3,0.018,17.105,0.001,0.12,62.799,0.217,-0.532
00:06.9,1.57287E+12,1.56,-0.068,62.655,0.664,3,0.018,17.131,0.001,0.12,63.084,0.217,-0.532
00:07.0,1.57287E+12,1.559,-0.068,63.021,0.664,3,0.018,17.157,0.001,0.12,63.37,0.218,-0.532
00:07.0,1.57287E+12,1.559,-0.068,63.021,0.664,3,0.018,17.183,0.001,0.12,63.656,0.219,-0.532
00:07.0,1.57287E+12,1.559,-0.068,63.021,0.664,3,0.018,17.209,0.001,0.12,63.943,0.22,-0.532
00:07.0,1.57287E+12,1.559,-0.068,63.021,0.664,3,0.018,17.235,0.001,0.12,64.23,0.22,-0.532
00:07.0,1.57287E+12,1.56,-0.068,63.021,0.664,3,0.018,17.261,0.001,0.12,64.517,0.221,-0.532
00:07.0,1.57287E+12,1.56,-0.068,63.021,0.664,3,0.019,17.287,0.001,0.12,64.805,0.222,-0.532
00:07.0,1.57287E+12,1.559,-0.068,63.314,0.664,3,0.019,17.313,0.001,0.121,65.094,0.222,-0.532
00:07.1,1.57287E+12,1.558,-0.068,63.314,0.664,3,0.019,17.339,0.001,0.121,65.382,0.223,-0.532
00:07.1,1.57287E+12,1.558,-0.068,63.314,0.664,3,0.019,17.365,0.001,0.121,65.672,0.224,-0.532
00:07.1,1.57287E+12,1.559,-0.068,63.314,0.664,3,0.019,17.391,0.001,0.121,65.961,0.224,-0.532
00:07.1,1.57287E+12,1.559,-0.068,63.314,0.664,3,0.019,17.417,0.001,0.121,66.251,0.225,-0.532
00:07.1,1.57287E+12,1.559,-0.068,63.314,0.664,3,0.019,17.443,0.002,0.121,66.542,0.225,-0.532
00:07.1,1.57287E+12,1.558,-0.068,63.681,0.664,3,0.019,17.469,0.002,0.122,66.833,0.226,-0.532
00:07.2,1.57287E+12,1.558,-0.068,63.681,0.664,3,0.019,17.495,0.002,0.122,67.124,0.226,-0.532
00:07.2,1.57287E+12,1.558,-0.068,63.681,0.664,3,0.019,17.521,0.002,0.122,67.416,0.227,-0.532
00:07.2,1.57287E+12,1.558,-0.068,63.681,0.664,3,0.019,17.547,0.002,0.122,67.708,0.227,-0.532
00:07.2,1.57287E+12,1.559,-0.068,63.681,0.664,3,0.019,17.573,0.002,0.122,68.001,0.228,-0.532
00:07.2,1.57287E+12,1.559,-0.068,63.681,0.664,3,0.019,17.599,0.002,0.122,68.294,0.228,-0.532
00:07.2,1.57287E+12,1.558,-0.068,64.486,0.664,3,0.019,17.625,0.002,0.123,68.587,0.229,-0.532
00:07.3,1.57287E+12,1.558,-0.068,64.486,0.664,3,0.019,17.651,0.002,0.123,68.881,0.229,-0.532
00:07.3,1.57287E+12,1.559,-0.068,64.486,0.664,3,0.019,17.677,0.002,0.123,69.176,0.23,-0.532
00:07.3,1.57287E+12,1.56,-0.068,64.486,0.664,3,0.019,17.703,0.002,0.123,69.471,0.23,-0.532
00:07.3,1.57287E+12,1.562,-0.067,64.486,0.664,3,0.019,17.729,0.002,0.123,69.766,0.23,-0.532
00:07.3,1.57287E+12,1.562,-0.067,64.486,0.664,3,0.019,17.755,0.002,0.124,70.062,0.231,-0.532
00:07.3,1.57287E+12,1.561,-0.067,65.658,0.664,3,0.019,17.781,0.002,0.124,70.358,0.231,-0.532
00:07.4,1.57287E+12,1.561,-0.067,65.658,0.664,3,0.019,17.807,0.002,0.124,70.654,0.231,-0.532
00:07.4,1.57287E+12,1.562,-0.067,65.658,0.664,3,0.02,17.833,0.002,0.124,70.951,0.232,-0.532
00:07.4,1.57287E+12,1.564,-0.067,65.658,0.664,3,0.02,17.859,0.002,0.124,71.249,0.232,-0.532
00:07.4,1.57287E+12,1.567,-0.067,65.658,0.664,3,0.02,17.885,0.002,0.125,71.547,0.232,-0.532
00:07.4,1.57287E+12,1.567,-0.067,65.658,0.664,3,0.02,17.911,0.002,0.125,71.845,0.232,-0.532
00:07.4,1.57287E+12,1.567,-0.067,66.684,0.664,3,0.02,17.937,0.002,0.125,72.144,0.233,-0.532
00:07.5,1.57287E+12,1.566,-0.066,66.684,0.664,3,0.02,17.963,0.002,0.125,72.443,0.233,-0.532
00:07.5,1.57287E+12,1.567,-0.065,66.684,0.664,3,0.02,17.989,0.002,0.126,72.742,0.233,-0.532
00:07.5,1.57287E+12,1.569,-0.065,66.684,0.664,3,0.02,18.016,0.002,0.126,73.043,0.233,-0.532
00:07.5,1.57287E+12,1.571,-0.064,66.684,0.664,3,0.02,18.042,0.002,0.126,73.343,0.233,-0.532
00:07.5,1.57287E+12,1.572,-0.062,66.684,0.664,3,0.02,18.068,0.002,0.127,73.644,0.233,-0.532
00:07.5,1.57287E+12,1.571,-0.061,67.489,0.664,3,0.02,18.094,0.002,0.127,73.945,0.234,-0.532
00:07.6,1.57287E+12,1.57,-0.06,67.489,0.664,3,0.02,18.12,0.002,0.127,74.247,0.234,-0.532
00:07.6,1.57287E+12,1.571,-0.059,67.489,0.664,3,0.02,18.147,0.002,0.127,74.549,0.234,-0.532
00:07.6,1.57287E+12,1.572,-0.058,67.489,0.664,3,0.02,18.173,0.003,0.128,74.852,0.234,-0.532
00:07.6,1.57287E+12,1.574,-0.057,67.489,0.664,3,0.02,18.199,0.003,0.128,75.155,0.234,-0.532
00:07.6,1.57287E+12,1.575,-0.056,67.489,0.664,3,0.02,18.225,0.003,0.128,75.459,0.234,-0.532
00:07.6,1.57287E+12,1.574,-0.055,68.661,0.664,3,0.02,18.251,0.003,0.129,75.763,0.234,-0.532
00:07.6,1.57287E+12,1.574,-0.054,68.661,0.664,3,0.02,18.278,0.003,0.129,76.067,0.234,-0.532
00:07.7,1.57287E+12,1.575,-0.052,68.661,0.664,3,0.02,18.304,0.003,0.129,76.372,0.234,-0.532
00:07.7,1.57287E+12,1.577,-0.051,68.661,0.664,3,0.02,18.33,0.003,0.129,76.677,0.234,-0.532
00:07.7,1.57287E+12,1.58,-0.049,68.661,0.664,3,0.02,18.357,0.003,0.13,76.983,0.234,-0.532
00:07.7,1.57287E+12,1.581,-0.046,68.661,0.664,3,0.02,18.383,0.003,0.13,77.289,0.234,-0.532
00:07.7,1.57287E+12,1.58,-0.044,69.98,0.664,3,0.02,18.409,0.003,0.13,77.596,0.234,-0.532
00:07.7,1.57287E+12,1.579,-0.041,69.98,0.664,3,0.019,18.436,0.003,0.131,77.903,0.234,-0.532
00:07.8,1.57287E+12,1.58,-0.039,69.98,0.664,3,0.019,18.462,0.003,0.131,78.21,0.234,-0.532
00:07.8,1.57287E+12,1.584,-0.036,69.98,0.664,3,0.019,18.488,0.003,0.131,78.518,0.234,-0.532
00:07.8,1.57287E+12,1.586,-0.033,69.98,0.664,3,0.019,18.515,0.003,0.132,78.826,0.233,-0.532
00:07.8,1.57287E+12,1.588,-0.031,69.98,0.664,3,0.019,18.541,0.003,0.132,79.135,0.233,-0.532
00:07.8,1.57287E+12,1.587,-0.028,70.492,0.664,3,0.018,18.568,0.003,0.132,79.445,0.233,-0.532
00:07.9,1.57287E+12,1.586,-0.025,70.492,0.664,3,0.018,18.594,0.003,0.133,79.754,0.233,-0.532
00:07.9,1.57287E+12,1.585,-0.022,70.492,0.664,3,0.018,18.621,0.003,0.133,80.064,0.233,-0.532
00:07.9,1.57287E+12,1.585,-0.019,70.492,0.664,3,0.017,18.647,0.003,0.133,80.375,0.233,-0.532
00:07.9,1.57287E+12,1.585,-0.016,70.492,0.664,3,0.017,18.673,0.003,0.133,80.686,0.233,-0.532
00:08.0,1.57287E+12,1.585,-0.013,70.492,0.664,3,0.017,18.7,0.003,0.134,80.997,0.233,-0.532
00:08.0,1.57287E+12,1.584,-0.01,71.005,0.664,3,0.016,18.726,0.003,0.134,81.309,0.232,-0.532
00:08.0,1.57287E+12,1.584,-0.006,71.005,0.664,3,0.016,18.753,0.003,0.134,81.622,0.232,-0.532
00:08.0,1.57287E+12,1.584,-0.003,71.005,0.664,3,0.015,18.779,0.003,0.135,81.934,0.232,-0.532
00:08.0,1.57287E+12,1.583,0,71.005,0.664,3,0.015,18.805,0.003,0.135,82.248,0.232,-0.532
00:08.0,1.57287E+12,1.583,0.003,71.005,0.664,3,0.014,18.832,0.003,0.135,82.561,0.232,-0.532
00:08.0,1.57287E+12,1.583,0.005,71.005,0.664,3,0.014,18.858,0.002,0.135,82.875,0.232,-0.532
00:08.0,1.57287E+12,1.582,0.007,72.323,0.664,3,0.013,18.885,0.002,0.135,83.19,0.231,-0.532
00:08.0,1.57287E+12,1.582,0.008,72.323,0.664,3,0.012,18.911,0.002,0.136,83.505,0.231,-0.532
00:08.1,1.57287E+12,1.582,0.01,72.323,0.664,3,0.012,18.937,0.002,0.136,83.82,0.231,-0.532
00:08.1,1.57287E+12,1.582,0.011,72.323,0.664,3,0.011,18.964,0.001,0.136,84.136,0.231,-0.532
00:08.1,1.57287E+12,1.581,0.012,72.323,0.664,3,0.01,18.99,0.001,0.136,84.452,0.231,-0.532
00:08.1,1.57287E+12,1.581,0.013,72.323,0.664,3,0.01,19.016,0.001,0.136,84.769,0.231,-0.532
00:08.1,1.57287E+12,1.581,0.014,74.667,0.664,3,0.009,19.043,0.001,0.136,85.086,0.231,-0.532
00:08.1,1.57287E+12,1.58,0.015,74.667,0.664,3,0.009,19.069,0,0.136,85.404,0.231,-0.532
00:08.1,1.57287E+12,1.58,0.016,74.667,0.664,3,0.008,19.095,0,0.136,85.722,0.23,-0.532
00:08.2,1.57287E+12,1.58,0.017,74.667,0.664,3,0.007,19.122,0,0.137,86.04,0.23,-0.532
00:08.2,1.57287E+12,1.579,0.018,74.667,0.664,3,0.007,19.148,-0.001,0.137,86.359,0.23,-0.532
00:08.2,1.57287E+12,1.579,0.019,74.667,0.664,3,0.006,19.174,-0.001,0.137,86.679,0.23,-0.532
00:08.2,1.57287E+12,1.579,0.019,76.498,0.664,3,0.006,19.201,-0.001,0.137,86.998,0.23,-0.532
00:08.2,1.57287E+12,1.578,0.02,76.498,0.664,3,0.005,19.227,-0.001,0.137,87.319,0.23,-0.532
00:08.2,1.57287E+12,1.578,0.021,76.498,0.664,3,0.005,19.253,-0.001,0.137,87.639,0.23,-0.532
00:08.3,1.57287E+12,1.578,0.021,76.498,0.664,3,0.004,19.279,-0.002,0.137,87.961,0.23,-0.532
00:08.3,1.57287E+12,1.577,0.021,76.498,0.664,3,0.004,19.306,-0.002,0.137,88.282,0.23,-0.532
00:08.3,1.57287E+12,1.577,0.021,76.498,0.664,3,0.003,19.332,-0.002,0.138,88.604,0.23,-0.532
00:08.3,1.57287E+12,1.577,0.021,77.158,0.664,3,0.003,19.358,-0.002,0.138,88.926,0.23,-0.532
00:08.4,1.57287E+12,1.577,0.021,77.158,0.664,3,0.003,19.385,-0.002,0.138,89.249,0.229,-0.532
00:08.4,1.57287E+12,1.576,0.021,77.158,0.664,3,0.002,19.411,-0.002,0.138,89.573,0.229,-0.532
00:08.4,1.57287E+12,1.576,0.021,77.158,0.664,3,0.002,19.437,-0.002,0.138,89.896,0.229,-0.532
00:08.4,1.57287E+12,1.576,0.02,77.158,0.664,3,0.001,19.463,-0.002,0.138,90.221,0.229,-0.532
00:08.4,1.57287E+12,1.575,0.02,77.158,0.664,3,0.001,19.49,-0.002,0.138,90.545,0.229,-0.532
00:08.4,1.57287E+12,1.575,0.019,78.183,0.664,3,0.001,19.516,-0.002,0.139,90.87,0.229,-0.532
00:08.4,1.57287E+12,1.575,0.019,78.183,0.664,3,0,19.542,-0.002,0.139,91.196,0.229,-0.532
00:08.4,1.57287E+12,1.574,0.018,78.183,0.664,3,0,19.568,-0.002,0.139,91.522,0.229,-0.532
00:08.5,1.57287E+12,1.574,0.017,78.183,0.664,3,0,19.595,-0.002,0.139,91.848,0.229,-0.532
00:08.5,1.57287E+12,1.574,0.017,78.183,0.664,3,0,19.621,-0.002,0.139,92.175,0.229,-0.532
00:08.5,1.57287E+12,1.573,0.016,78.183,0.664,3,-0.001,19.647,-0.002,0.139,92.502,0.229,-0.532
00:08.5,1.57287E+12,1.573,0.016,79.355,0.664,3,-0.001,19.673,-0.002,0.14,92.83,0.229,-0.532
00:08.5,1.57287E+12,1.573,0.015,79.355,0.664,3,-0.001,19.699,-0.002,0.14,93.158,0.229,-0.532
00:08.5,1.57287E+12,1.572,0.014,79.355,0.664,3,-0.001,19.726,-0.001,0.14,93.486,0.229,-0.532
00:08.6,1.57287E+12,1.572,0.014,79.355,0.664,3,-0.001,19.752,-0.001,0.14,93.815,0.229,-0.532
00:08.6,1.57287E+12,1.572,0.013,79.355,0.664,3,-0.001,19.778,-0.001,0.14,94.145,0.229,-0.532
00:08.6,1.57287E+12,1.571,0.012,79.355,0.664,3,-0.002,19.804,-0.001,0.14,94.475,0.229,-0.532
00:08.6,1.57287E+12,1.571,0.012,80.527,0.664,3,-0.002,19.83,-0.001,0.14,94.805,0.229,-0.532
00:08.7,1.57287E+12,1.571,0.011,80.527,0.664,3,-0.002,19.857,-0.001,0.141,95.136,0.229,-0.532
00:08.7,1.57287E+12,1.571,0.011,80.527,0.664,3,-0.002,19.883,-0.001,0.141,95.467,0.229,-0.532
00:08.7,1.57287E+12,1.571,0.01,80.527,0.664,3,-0.002,19.909,-0.001,0.141,95.798,0.229,-0.532
00:08.7,1.57287E+12,1.571,0.01,80.527,0.664,3,-0.002,19.935,-0.001,0.141,96.131,0.229,-0.532
00:08.7,1.57287E+12,1.571,0.009,80.527,0.664,3,-0.002,19.961,-0.001,0.141,96.463,0.229,-0.532
00:08.8,1.57287E+12,1.571,0.009,81.186,0.664,3,-0.002,19.987,-0.001,0.141,96.796,0.229,-0.532
00:08.8,1.57287E+12,1.571,0.008,81.186,0.664,3,-0.002,20.014,-0.001,0.142,97.129,0.229,-0.532
00:08.8,1.57287E+12,1.571,0.008,81.186,0.664,3,-0.002,20.04,-0.001,0.142,97.463,0.23,-0.532
00:08.8,1.57287E+12,1.571,0.007,81.186,0.664,3,-0.002,20.066,-0.001,0.142,97.797,0.23,-0.532
00:08.8,1.57287E+12,1.572,0.007,81.186,0.664,3,-0.002,20.092,-0.001,0.142,98.132,0.23,-0.532
00:08.8,1.57287E+12,1.572,0.007,81.186,0.664,3,-0.002,20.118,-0.001,0.142,98.467,0.23,-0.532
00:08.9,1.57287E+12,1.571,0.006,81.699,0.664,3,-0.002,20.145,-0.001,0.142,98.803,0.23,-0.532
00:08.9,1.57287E+12,1.571,0.006,81.699,0.664,3,-0.002,20.171,0,0.143,99.139,0.23,-0.532
00:08.9,1.57287E+12,1.571,0.005,81.699,0.664,3,-0.002,20.197,0,0.143,99.475,0.23,-0.532
00:08.9,1.57287E+12,1.571,0.005,81.699,0.664,3,-0.002,20.223,0,0.143,99.812,0.23,-0.532
00:08.9,1.57287E+12,1.572,0.005,81.699,0.664,3,-0.002,20.249,0,0.143,100.149,0.23,-0.532
00:08.9,1.57287E+12,1.572,0.004,81.699,0.664,3,-0.002,20.276,0,0.143,100.487,0.23,-0.532
00:09.0,1.57287E+12,1.571,0.004,81.845,0.664,3,-0.002,20.302,0,0.144,100.825,0.23,-0.532
00:09.0,1.57287E+12,1.571,0.004,81.845,0.664,3,-0.002,20.328,0,0.144,101.163,0.23,-0.532
00:09.0,1.57287E+12,1.57,0.003,81.845,0.664,3,-0.002,20.354,0,0.144,101.503,0.23,-0.532
00:09.0,1.57287E+12,1.57,0.003,81.845,0.664,3,-0.002,20.38,0,0.144,101.842,0.23,-0.532
00:09.0,1.57287E+12,1.57,0.003,81.845,0.664,3,-0.002,20.406,0,0.144,102.182,0.23,-0.532
00:09.0,1.57287E+12,1.569,0.003,81.845,0.664,3,-0.002,20.433,0,0.144,102.522,0.23,-0.532
00:09.1,1.57287E+12,1.569,0.002,81.992,0.664,3,-0.002,20.459,0,0.145,102.863,0.23,-0.532
00:09.1,1.57287E+12,1.568,0.002,81.992,0.664,3,-0.002,20.485,0,0.145,103.204,0.23,-0.532
00:09.1,1.57287E+12,1.568,0.001,81.992,0.664,3,-0.002,20.511,0,0.145,103.546,0.23,-0.532
00:09.1,1.57287E+12,1.568,0,81.992,0.664,3,-0.002,20.537,0,0.145,103.888,0.231,-0.532
00:09.1,1.57287E+12,1.567,-0.001,81.992,0.664,3,-0.002,20.563,0,0.145,104.23,0.231,-0.532
00:09.1,1.57287E+12,1.567,-0.001,81.992,0.664,3,-0.002,20.589,0,0.146,104.573,0.231,-0.532
00:09.1,1.57287E+12,1.566,-0.002,82.138,0.664,3,-0.002,20.615,0,0.146,104.917,0.231,-0.532
00:09.2,1.57287E+12,1.566,-0.003,82.138,0.664,3,-0.002,20.641,0,0.146,105.261,0.231,-0.532
00:09.2,1.57287E+12,1.565,-0.004,82.138,0.664,3,-0.002,20.668,0,0.146,105.605,0.231,-0.532
00:09.2,1.57287E+12,1.565,-0.005,82.138,0.664,3,-0.001,20.694,0,0.146,105.949,0.231,-0.532
00:09.2,1.57287E+12,1.565,-0.006,82.138,0.664,3,-0.001,20.72,0,0.146,106.295,0.231,-0.532
00:09.2,1.57287E+12,1.564,-0.007,82.138,0.664,3,-0.001,20.746,0,0.146,106.64,0.231,-0.532
00:09.2,1.57287E+12,1.564,-0.008,82.138,0.664,3,-0.001,20.772,0,0.147,106.986,0.231,-0.532
00:09.3,1.57287E+12,1.563,-0.009,82.138,0.664,3,-0.001,20.798,0,0.147,107.333,0.231,-0.533
00:09.3,1.57287E+12,1.563,-0.01,82.138,0.664,3,-0.001,20.824,0,0.147,107.679,0.231,-0.533
00:09.3,1.57287E+12,1.562,-0.011,82.138,0.664,3,-0.001,20.85,0,0.147,108.027,0.231,-0.533
00:09.3,1.57287E+12,1.562,-0.011,82.138,0.664,3,-0.001,20.876,0,0.147,108.374,0.231,-0.533
00:09.3,1.57287E+12,1.561,-0.012,82.138,0.664,3,0,20.902,0,0.147,108.723,0.231,-0.533
00:09.3,1.57287E+12,1.561,-0.012,82.358,0.664,3,0,20.928,0,0.147,109.071,0.231,-0.533
00:09.4,1.57287E+12,1.56,-0.013,82.358,0.664,3,0,20.954,0,0.148,109.42,0.231,-0.533
00:09.4,1.57287E+12,1.56,-0.013,82.358,0.664,3,0,20.98,0,0.148,109.77,0.231,-0.533
00:09.4,1.57287E+12,1.56,-0.013,82.358,0.664,3,0,21.006,0,0.148,110.12,0.231,-0.533
00:09.4,1.57287E+12,1.56,-0.014,82.358,0.664,3,0.001,21.032,0,0.148,110.47,0.231,-0.533
00:09.4,1.57287E+12,1.559,-0.014,82.358,0.664,3,0.001,21.045,0,0.148,110.645,0.231,-0.533
00:09.4,1.57287E+12,1.559,-0.014,82.358,0.664,3,0.001,21.069,0.001,0.148,110.974,0.231,-0.533
00:09.5,1.57287E+12,1.558,-0.015,82.504,0.664,3,0.001,21.095,0.001,0.148,111.326,0.231,-0.533
00:09.5,1.57287E+12,1.558,-0.015,82.504,0.664,3,0.001,21.121,0.001,0.148,111.677,0.231,-0.533
00:09.5,1.57287E+12,1.558,-0.016,82.504,0.664,3,0.001,21.147,0.001,0.148,112.03,0.231,-0.533
00:09.5,1.57287E+12,1.557,-0.016,82.504,0.664,3,0.002,21.173,0.001,0.149,112.382,0.231,-0.533
00:09.5,1.57287E+12,1.557,-0.016,82.504,0.664,3,0.002,21.199,0.001,0.149,112.735,0.231,-0.533
00:09.5,1.57287E+12,1.556,-0.017,82.504,0.664,3,0.002,21.225,0.001,0.149,113.089,0.231,-0.533
00:09.6,1.57287E+12,1.556,-0.017,82.651,0.664,3,0.002,21.251,0.001,0.149,113.443,0.231,-0.533
00:09.6,1.57287E+12,1.555,-0.017,82.651,0.664,3,0.002,21.277,0.001,0.149,113.797,0.231,-0.533
00:09.6,1.57287E+12,1.555,-0.017,82.651,0.664,3,0.002,21.303,0.001,0.149,114.152,0.231,-0.533
00:09.6,1.57287E+12,1.555,-0.018,82.651,0.664,3,0.002,21.329,0.002,0.149,114.507,0.231,-0.533
00:09.6,1.57287E+12,1.554,-0.018,82.651,0.664,3,0.003,21.355,0.002,0.15,114.863,0.231,-0.533
00:09.6,1.57287E+12,1.554,-0.018,82.651,0.664,3,0.003,21.38,0.002,0.15,115.219,0.231,-0.533
00:09.7,1.57287E+12,1.553,-0.018,82.651,0.664,3,0.003,21.406,0.002,0.15,115.576,0.231,-0.533
00:09.7,1.57287E+12,1.553,-0.018,82.651,0.664,3,0.003,21.432,0.002,0.15,115.933,0.231,-0.533
00:09.7,1.57287E+12,1.552,-0.018,82.651,0.664,3,0.003,21.458,0.002,0.15,116.29,0.231,-0.533
00:09.7,1.57287E+12,1.552,-0.018,82.651,0.664,3,0.003,21.482,0.002,0.15,116.626,0.231,-0.533
00:09.7,1.57287E+12,1.551,-0.018,82.651,0.664,3,0.003,21.508,0.002,0.15,116.984,0.231,-0.533
00:09.7,1.57287E+12,1.551,-0.017,82.651,0.664,3,0.004,21.534,0.002,0.15,117.343,0.231,-0.533
00:09.8,1.57287E+12,1.55,-0.017,82.651,0.664,3,0.004,21.56,0.002,0.151,117.702,0.231,-0.533
00:09.8,1.57287E+12,1.55,-0.018,82.651,0.664,3,0.004,21.586,0.002,0.151,118.061,0.231,-0.533
00:09.8,1.57287E+12,1.549,-0.018,82.651,0.664,3,0.004,21.611,0.002,0.151,118.421,0.231,-0.533
00:09.8,1.57287E+12,1.549,-0.018,82.651,0.664,3,0.004,21.637,0.002,0.151,118.782,0.231,-0.533
00:09.8,1.57287E+12,1.548,-0.018,82.651,0.664,3,0.004,21.663,0.002,0.151,119.143,0.23,-0.533
00:09.8,1.57287E+12,1.548,-0.017,82.651,0.664,3,0.004,21.689,0.002,0.151,119.504,0.23,-0.533
00:09.9,1.57287E+12,1.547,-0.017,82.871,0.664,3,0.004,21.715,0.002,0.151,119.866,0.23,-0.533
00:09.9,1.57287E+12,1.547,-0.017,82.871,0.664,3,0.004,21.74,0.002,0.152,120.228,0.23,-0.533
00:09.9,1.57287E+12,1.547,-0.017,82.871,0.664,3,0.004,21.766,0.002,0.152,120.59,0.23,-0.533
00:09.9,1.57287E+12,1.546,-0.016,82.871,0.664,3,0.004,21.792,0.001,0.152,120.953,0.23,-0.533
00:09.9,1.57287E+12,1.546,-0.016,82.871,0.664,3,0.005,21.818,0.001,0.152,121.317,0.23,-0.533
00:09.9,1.57287E+12,1.546,-0.016,82.871,0.664,3,0.005,21.844,0.001,0.152,121.681,0.23,-0.533
00:09.9,1.57287E+12,1.545,-0.016,84.189,0.664,3,0.005,21.869,0.001,0.152,122.045,0.229,-0.533
00:10.0,1.57287E+12,1.545,-0.016,84.189,0.664,3,0.005,21.895,0.001,0.152,122.41,0.229,-0.533
00:10.0,1.57287E+12,1.545,-0.016,84.189,0.664,3,0.005,21.921,0.001,0.152,122.775,0.229,-0.533
00:10.0,1.57287E+12,1.546,-0.016,84.189,0.664,3,0.005,21.947,0.001,0.153,123.14,0.229,-0.533
00:10.0,1.57287E+12,1.547,-0.016,84.189,0.664,3,0.005,21.972,0.001,0.153,123.506,0.229,-0.533
00:10.0,1.57287E+12,1.547,-0.016,84.189,0.664,3,0.005,21.998,0.001,0.153,123.873,0.229,-0.533
00:10.0,1.57287E+12,1.547,-0.016,84.482,0.664,3,0.005,22.024,0.001,0.153,124.24,0.229,-0.533
00:10.1,1.57287E+12,1.546,-0.016,84.482,0.664,3,0.005,22.05,0.001,0.153,124.607,0.228,-0.533
00:10.1,1.57287E+12,1.545,-0.016,84.482,0.664,3,0.005,22.077,0.001,0.153,124.998,0.228,-0.533
00:10.1,1.57287E+12,1.545,-0.015,84.482,0.664,3,0.005,22.101,0.001,0.153,125.343,0.228,-0.533
00:10.1,1.57287E+12,1.545,-0.015,84.482,0.664,3,0.005,22.127,0.001,0.154,125.711,0.228,-0.533
00:10.1,1.57287E+12,1.545,-0.015,84.482,0.664,3,0.005,22.149,0.001,0.154,126.034,0.228,-0.533
00:10.1,1.57287E+12,1.544,-0.015,84.702,0.664,3,0.005,22.175,0.001,0.154,126.404,0.228,-0.533
00:10.2,1.57287E+12,1.544,-0.015,84.702,0.664,3,0.005,22.201,0.001,0.154,126.773,0.227,-0.533
00:10.2,1.57287E+12,1.543,-0.015,84.702,0.664,3,0.005,22.227,0.001,0.154,127.144,0.227,-0.533
00:10.2,1.57287E+12,1.543,-0.015,84.702,0.664,3,0.005,22.252,0.001,0.154,127.514,0.227,-0.533
00:10.2,1.57287E+12,1.543,-0.015,84.702,0.664,3,0.005,22.278,0.001,0.155,127.885,0.227,-0.533
00:10.2,1.57287E+12,1.542,-0.015,84.702,0.664,3,0.005,22.304,0.001,0.155,128.257,0.227,-0.533
00:10.2,1.57287E+12,1.542,-0.015,84.995,0.664,3,0.005,22.329,0.001,0.155,128.629,0.226,-0.533
00:10.3,1.57287E+12,1.541,-0.015,84.995,0.664,3,0.005,22.355,0.001,0.155,129.001,0.226,-0.533
00:10.3,1.57287E+12,1.541,-0.015,84.995,0.664,3,0.005,22.381,0.001,0.155,129.374,0.226,-0.533
00:10.3,1.57287E+12,1.541,-0.015,84.995,0.664,3,0.005,22.406,0.001,0.155,129.747,0.226,-0.533
00:10.3,1.57287E+12,1.541,-0.015,84.995,0.664,3,0.005,22.432,0.001,0.155,130.121,0.225,-0.533
00:10.3,1.57287E+12,1.54,-0.015,84.995,0.664,3,0.005,22.458,0.001,0.156,130.495,0.225,-0.533
00:10.3,1.57287E+12,1.54,-0.015,84.995,0.664,3,0.005,22.483,0.001,0.156,130.869,0.225,-0.533
00:10.4,1.57287E+12,1.539,-0.016,84.995,0.664,3,0.005,22.509,0.001,0.156,131.244,0.225,-0.533
00:10.4,1.57287E+12,1.539,-0.016,84.995,0.664,3,0.005,22.535,0.001,0.156,131.62,0.224,-0.533
00:10.4,1.57287E+12,1.538,-0.016,84.995,0.664,3,0.005,22.562,0.001,0.156,132.019,0.224,-0.533
00:10.4,1.57287E+12,1.538,-0.017,84.995,0.664,3,0.005,22.588,0.001,0.156,132.395,0.224,-0.533
00:10.4,1.57287E+12,1.537,-0.018,84.995,0.664,3,0.005,22.612,0.001,0.156,132.749,0.224,-0.533
00:10.4,1.57287E+12,1.536,-0.018,81.845,0.664,3,0.005,22.639,0.001,0.157,133.149,0.223,-0.533
00:10.5,1.57287E+12,1.536,-0.019,81.845,0.664,3,0.005,22.663,0.001,0.157,133.503,0.223,-0.533
00:10.5,1.57287E+12,1.533,-0.021,81.845,0.664,3,0.005,22.69,0.001,0.157,133.905,0.223,-0.533
00:10.5,1.57287E+12,1.529,-0.023,81.845,0.664,3,0.005,22.715,0.001,0.157,134.283,0.222,-0.533
00:10.5,1.57287E+12,1.526,-0.025,81.845,0.664,3,0.005,22.741,0.001,0.157,134.662,0.222,-0.533
00:10.5,1.57287E+12,1.523,-0.029,81.845,0.664,3,0.005,22.766,0.001,0.157,135.041,0.222,-0.533
00:10.5,1.57287E+12,1.522,-0.032,42.806,0.664,3,0.005,22.791,0.001,0.157,135.421,0.222,-0.533
00:10.6,1.57287E+12,1.512,-0.036,42.806,0.664,3,0.005,22.816,0.001,0.157,135.801,0.221,-0.533
00:10.6,1.57287E+12,1.473,-0.039,42.806,0.664,3,0.005,22.839,0.001,0.157,136.157,0.221,-0.533
00:10.6,1.57287E+12,1.403,-0.042,42.806,0.664,3,0.005,22.862,0.001,0.156,136.562,0.221,-0.533
00:10.6,1.57287E+12,1.337,-0.045,42.806,0.664,3,0.006,22.884,0.001,0.155,136.943,0.22,-0.533
00:10.7,1.57287E+12,1.294,-0.047,42.806,0.664,3,0.006,22.905,0.001,0.154,137.325,0.22,-0.533
00:10.7,1.57287E+12,1.274,-0.049,3.254,0.664,3,0.007,22.926,0.001,0.152,137.707,0.219,-0.533
00:10.7,1.57287E+12,1.206,-0.05,3.254,0.664,3,0.007,22.944,0.001,0.15,138.089,0.219,-0.533
00:10.7,1.57287E+12,0.866,-0.052,3.254,0.664,3,0.008,22.952,0.001,0.146,138.472,0.219,-0.533
00:10.7,1.57287E+12,0.351,-0.055,3.254,0.664,3,0.008,22.951,0.001,0.139,138.854,0.218,-0.533
00:10.7,1.57287E+12,0.068,-0.058,3.254,0.664,3,0.009,22.95,0.002,0.131,139.237,0.218,-0.533
00:10.8,1.57287E+12,0.042,-0.061,3.254,0.664,3,0.009,22.952,0.002,0.121,139.619,0.217,-0.533
00:10.8,1.57287E+12,0.066,-0.063,1.13,0.664,3,0.01,22.953,0.002,0.111,140.002,0.217,-0.533
00:10.8,1.57287E+12,-0.007,-0.065,1.13,0.664,3,0.01,22.951,0.003,0.099,140.384,0.216,-0.533
00:10.8,1.57287E+12,-0.06,-0.067,1.13,0.664,3,0.011,22.95,0.003,0.087,140.767,0.216,-0.533
00:10.8,1.57287E+12,-0.097,-0.07,1.13,0.664,3,0.012,22.948,0.003,0.074,141.149,0.215,-0.533
00:10.8,1.57287E+12,-0.123,-0.072,1.13,0.664,3,0.012,22.946,0.003,0.061,141.532,0.215,-0.533
00:10.9,1.57287E+12,-0.142,-0.075,1.13,0.664,3,0.013,22.943,0.004,0.048,141.914,0.214,-0.533
00:10.9,1.57287E+12,-0.157,-0.077,1.13,0.664,3,0.013,22.94,0.004,0.034,142.297,0.213,-0.532
00:10.9,1.57287E+12,-0.17,-0.08,1.13,0.664,3,0.014,22.937,0.004,0.021,142.679,0.213,-0.532
00:10.9,1.57287E+12,-0.182,-0.083,1.13,0.664,3,0.015,22.934,0.004,0.007,143.061,0.212,-0.532
00:10.9,1.57287E+12,-0.192,-0.086,1.13,0.664,3,0.016,22.931,0.005,-0.006,143.443,0.211,-0.532
00:10.9,1.57287E+12,-0.201,-0.088,1.13,0.664,3,0.016,22.927,0.005,-0.019,143.825,0.211,-0.532
00:11.0,1.57287E+12,-0.21,-0.09,1.13,0.664,3,0.017,22.924,0.005,-0.032,144.208,0.21,-0.532
00:11.0,1.57287E+12,-0.218,-0.092,1.13,0.664,3,0.018,22.92,0.006,-0.044,144.59,0.209,-0.531
00:11.0,1.57287E+12,-0.225,-0.093,1.13,0.664,3,0.019,22.916,0.006,-0.056,144.972,0.208,-0.531
00:11.0,1.57287E+12,-0.232,-0.095,1.13,0.664,3,0.02,22.912,0.006,-0.067,145.353,0.208,-0.531
00:11.0,1.57287E+12,-0.238,-0.096,1.13,0.664,3,0.02,22.908,0.006,-0.077,145.735,0.207,-0.531
00:11.0,1.57287E+12,-0.243,-0.098,1.13,0.664,3,0.021,22.904,0.007,-0.087,146.117,0.206,-0.531
00:11.1,1.57287E+12,-0.248,-0.099,1.13,0.664,3,0.022,22.9,0.007,-0.095,146.499,0.205,-0.531
00:11.1,1.57287E+12,-0.253,-0.101,1.13,0.664,3,0.023,22.895,0.007,-0.103,146.88,0.204,-0.531
00:11.1,1.57287E+12,-0.257,-0.103,1.13,0.664,3,0.023,22.891,0.007,-0.11,147.262,0.203,-0.531
00:11.1,1.57287E+12,-0.261,-0.104,1.13,0.664,3,0.024,22.886,0.007,-0.116,147.643,0.202,-0.531
00:11.1,1.57287E+12,-0.264,-0.105,1.13,0.664,3,0.025,22.882,0.007,-0.121,148.025,0.201,-0.531
00:11.1,1.57287E+12,-0.267,-0.106,1.13,0.664,3,0.026,22.878,0.008,-0.125,148.406,0.2,-0.531
00:11.1,1.57287E+12,-0.27,-0.106,1.13,0.664,3,0.026,22.873,0.008,-0.128,148.787,0.199,-0.531
00:11.2,1.57287E+12,-0.273,-0.107,1.13,0.664,3,0.027,22.868,0.008,-0.13,149.169,0.198,-0.531
00:11.2,1.57287E+12,-0.275,-0.107,1.13,0.664,3,0.028,22.864,0.008,-0.131,149.55,0.197,-0.532
00:11.2,1.57287E+12,-0.277,-0.107,1.13,0.664,3,0.028,22.859,0.008,-0.131,149.931,0.196,-0.532
00:11.2,1.57287E+12,-0.279,-0.108,1.13,0.664,3,0.029,22.854,0.008,-0.131,150.312,0.195,-0.532
00:11.2,1.57287E+12,-0.28,-0.108,1.13,0.664,3,0.03,22.85,0.008,-0.13,150.692,0.193,-0.532
00:11.2,1.57287E+12,-0.282,-0.108,1.13,0.664,3,0.03,22.845,0.008,-0.128,151.073,0.192,-0.533
00:11.3,1.57287E+12,-0.283,-0.108,1.13,0.664,3,0.031,22.84,0.008,-0.126,151.454,0.191,-0.533
00:11.3,1.57287E+12,-0.284,-0.107,1.13,0.664,3,0.031,22.836,0.008,-0.123,151.835,0.19,-0.533
00:11.3,1.57287E+12,-0.286,-0.107,1.13,0.664,3,0.032,22.831,0.008,-0.12,152.215,0.188,-0.533
00:11.3,1.57287E+12,-0.287,-0.106,1.13,0.664,3,0.032,22.826,0.008,-0.117,152.596,0.187,-0.534
00:11.3,1.57287E+12,-0.288,-0.106,1.13,0.664,3,0.033,22.821,0.008,-0.114,152.976,0.186,-0.534
00:11.3,1.57287E+12,-0.289,-0.105,1.13,0.664,3,0.033,22.816,0.008,-0.11,153.356,0.184,-0.534
00:11.4,1.57287E+12,-0.29,-0.105,0.983,0.664,3,0.033,22.812,0.008,-0.107,153.737,0.183,-0.534
00:11.4,1.57287E+12,-0.293,-0.104,0.983,0.664,3,0.034,22.807,0.008,-0.104,154.117,0.181,-0.534
00:11.4,1.57287E+12,-0.295,-0.103,0.983,0.664,3,0.034,22.802,0.008,-0.101,154.497,0.18,-0.535
00:11.4,1.57287E+12,-0.297,-0.102,0.983,0.664,3,0.034,22.797,0.008,-0.098,154.877,0.178,-0.535
00:11.4,1.57287E+12,-0.298,-0.101,0.983,0.664,3,0.035,22.792,0.008,-0.095,155.257,0.177,-0.535
00:11.4,1.57287E+12,-0.298,-0.1,0.983,0.664,3,0.035,22.787,0.008,-0.093,155.637,0.175,-0.535
00:11.5,1.57287E+12,-0.299,-0.098,1.13,0.664,3,0.035,22.782,0.008,-0.09,156.016,0.173,-0.535
00:11.5,1.57287E+12,-0.297,-0.096,1.13,0.664,3,0.035,22.777,0.008,-0.088,156.396,0.172,-0.535
00:11.5,1.57287E+12,-0.296,-0.094,1.13,0.664,3,0.035,22.772,0.008,-0.086,156.776,0.17,-0.535
00:11.5,1.57287E+12,-0.296,-0.092,1.13,0.664,3,0.035,22.767,0.008,-0.085,157.155,0.168,-0.535
00:11.5,1.57287E+12,-0.296,-0.089,1.13,0.664,3,0.036,22.762,0.008,-0.083,157.534,0.167,-0.535
00:11.5,1.57287E+12,-0.296,-0.086,1.13,0.664,3,0.036,22.757,0.008,-0.082,157.914,0.165,-0.535
00:11.6,1.57287E+12,-0.297,-0.084,1.13,0.664,3,0.036,22.752,0.008,-0.081,158.293,0.163,-0.535
00:11.6,1.57287E+12,-0.297,-0.081,1.13,0.664,3,0.036,22.747,0.008,-0.081,158.672,0.161,-0.535
00:11.6,1.57287E+12,-0.297,-0.078,1.13,0.664,3,0.035,22.742,0.008,-0.08,159.051,0.16,-0.535
00:11.6,1.57287E+12,-0.298,-0.074,1.13,0.664,3,0.035,22.737,0.008,-0.08,159.43,0.158,-0.535
00:11.6,1.57287E+12,-0.298,-0.07,1.13,0.664,3,0.035,22.733,0.008,-0.08,159.809,0.156,-0.535
00:11.6,1.57287E+12,-0.298,-0.065,1.13,0.664,3,0.035,22.728,0.008,-0.079,160.188,0.154,-0.535
00:11.7,1.57287E+12,-0.298,-0.059,1.13,0.664,3,0.035,22.723,0.008,-0.08,160.567,0.152,-0.535
00:11.7,1.57287E+12,-0.298,-0.053,1.13,0.664,3,0.035,22.718,0.008,-0.08,160.945,0.15,-0.535
00:11.7,1.57287E+12,-0.299,-0.046,1.13,0.664,3,0.034,22.713,0.008,-0.08,161.324,0.149,-0.535
00:11.7,1.57287E+12,-0.299,-0.038,1.13,0.664,3,0.034,22.708,0.008,-0.081,161.702,0.147,-0.535
00:11.7,1.57287E+12,-0.299,-0.031,1.13,0.664,3,0.033,22.703,0.008,-0.081,162.081,0.145,-0.535
00:11.7,1.57287E+12,-0.299,-0.024,1.13,0.664,3,0.033,22.698,0.008,-0.082,162.459,0.143,-0.535
00:11.8,1.57287E+12,-0.299,-0.016,1.13,0.664,3,0.032,22.693,0.007,-0.083,162.837,0.141,-0.535
00:11.8,1.57287E+12,-0.299,-0.007,1.13,0.664,3,0.031,22.688,0.007,-0.083,163.216,0.139,-0.535
00:11.8,1.57287E+12,-0.299,0.002,1.13,0.664,3,0.03,22.683,0.007,-0.084,163.594,0.137,-0.535
00:11.8,1.57287E+12,-0.299,0.011,1.13,0.664,3,0.029,22.678,0.007,-0.085,163.972,0.135,-0.535
00:11.8,1.57287E+12,-0.299,0.021,1.13,0.664,3,0.027,22.673,0.007,-0.086,164.35,0.133,-0.535
00:11.8,1.57287E+12,-0.3,0.029,1.13,0.664,3,0.026,22.668,0.006,-0.087,164.727,0.131,-0.535
00:11.9,1.57287E+12,-0.3,0.038,1.13,1.128,3,0.024,22.663,0.006,-0.088,165.105,0.129,-0.534
00:11.9,1.57287E+12,-0.305,0.045,1.13,1.128,3,0.022,22.658,0.005,-0.089,165.483,0.128,-0.534
00:11.9,1.57287E+12,-0.309,0.052,1.13,1.128,3,0.02,22.652,0.005,-0.09,165.86,0.126,-0.534
00:11.9,1.57287E+12,-0.311,0.057,1.13,1.128,3,0.018,22.647,0.004,-0.091,166.238,0.124,-0.534
00:11.9,1.57287E+12,-0.312,0.061,1.13,1.128,3,0.016,22.642,0.003,-0.092,166.615,0.122,-0.534
00:11.9,1.57287E+12,-0.312,0.065,1.13,1.128,3,0.014,22.637,0.002,-0.092,166.993,0.12,-0.534
00:12.0,1.57287E+12,-0.312,0.069,0.983,0.664,3,0.012,22.632,0.001,-0.093,167.37,0.118,-0.534
00:12.0,1.57287E+12,-0.309,0.073,0.983,0.664,3,0.01,22.626,0,-0.094,167.747,0.117,-0.534
00:12.0,1.57287E+12,-0.307,0.076,0.983,0.664,3,0.008,22.621,-0.001,-0.094,168.124,0.115,-0.534
00:12.0,1.57287E+12,-0.306,0.08,0.983,0.664,3,0.007,22.616,-0.003,-0.095,168.501,0.113,-0.534
00:12.0,1.57287E+12,-0.305,0.084,0.983,0.664,3,0.005,22.611,-0.004,-0.095,168.878,0.112,-0.534
00:12.0,1.57287E+12,-0.305,0.088,0.983,0.664,3,0.003,22.606,-0.005,-0.096,169.255,0.11,-0.534
00:12.1,1.57287E+12,-0.305,0.092,0.983,0.664,3,0.001,22.601,-0.006,-0.096,169.632,0.108,-0.534
00:12.1,1.57287E+12,-0.305,0.096,0.983,0.664,3,0,22.596,-0.006,-0.096,170.008,0.107,-0.534
00:12.1,1.57287E+12,-0.305,0.099,0.983,0.664,3,-0.002,22.591,-0.007,-0.096,170.385,0.105,-0.534
00:12.1,1.57287E+12,-0.304,0.102,0.983,0.664,3,-0.004,22.586,-0.008,-0.096,170.761,0.103,-0.534
00:12.1,1.57287E+12,-0.304,0.104,0.983,0.664,3,-0.005,22.581,-0.008,-0.096,171.138,0.102,-0.534
00:12.1,1.57287E+12,-0.304,0.106,0.983,0.664,3,-0.007,22.576,-0.009,-0.095,171.49,0.101,-0.534
00:12.2,1.57287E+12,-0.304,0.107,1.13,0.664,3,-0.008,22.571,-0.009,-0.095,171.867,0.099,-0.534
00:12.2,1.57287E+12,-0.302,0.108,1.13,0.664,3,-0.01,22.566,-0.01,-0.095,172.243,0.098,-0.534
00:12.2,1.57287E+12,-0.3,0.109,1.13,0.664,3,-0.011,22.561,-0.01,-0.094,172.619,0.096,-0.535
00:12.2,1.57287E+12,-0.299,0.109,1.13,0.664,3,-0.012,22.556,-0.01,-0.094,172.995,0.095,-0.535
00:12.2,1.57287E+12,-0.299,0.109,1.13,0.664,3,-0.013,22.551,-0.01,-0.093,173.371,0.093,-0.535
00:12.2,1.57287E+12,-0.299,0.108,1.13,0.664,3,-0.015,22.546,-0.01,-0.093,173.746,0.092,-0.535
00:12.3,1.57287E+12,-0.298,0.107,1.423,0.664,3,-0.016,22.541,-0.01,-0.092,174.122,0.091,-0.535
00:12.3,1.57287E+12,-0.294,0.106,1.423,0.664,3,-0.017,22.536,-0.01,-0.092,174.498,0.09,-0.535
00:12.3,1.57287E+12,-0.29,0.105,1.423,0.664,3,-0.018,22.531,-0.01,-0.091,174.873,0.088,-0.535
00:12.3,1.57287E+12,-0.289,0.103,1.423,0.664,3,-0.019,22.527,-0.01,-0.091,175.249,0.087,-0.535
00:12.3,1.57287E+12,-0.288,0.102,1.423,0.664,3,-0.02,22.522,-0.01,-0.09,175.624,0.086,-0.535
00:12.3,1.57287E+12,-0.288,0.1,1.423,0.664,3,-0.02,22.517,-0.009,-0.09,176,0.085,-0.535
00:12.4,1.57287E+12,-0.287,0.098,1.789,0.664,3,-0.021,22.512,-0.009,-0.089,176.375,0.084,-0.535
00:12.4,1.57287E+12,-0.282,0.095,1.789,0.664,3,-0.022,22.508,-0.009,-0.089,176.75,0.083,-0.535
00:12.4,1.57287E+12,-0.277,0.092,1.789,0.664,3,-0.022,22.503,-0.009,-0.088,177.125,0.082,-0.535
00:12.4,1.57287E+12,-0.275,0.09,1.789,0.664,3,-0.023,22.499,-0.008,-0.088,177.5,0.081,-0.535
00:12.4,1.57287E+12,-0.274,0.088,1.789,0.664,3,-0.023,22.494,-0.008,-0.087,177.875,0.08,-0.535
00:12.4,1.57287E+12,-0.274,0.086,1.789,0.664,3,-0.024,22.489,-0.008,-0.087,178.25,0.079,-0.535
00:12.4,1.57287E+12,-0.274,0.083,2.302,0.664,3,-0.024,22.485,-0.008,-0.086,178.625,0.078,-0.535
00:12.5,1.57287E+12,-0.27,0.081,2.302,0.664,3,-0.025,22.48,-0.007,-0.086,178.999,0.077,-0.535
00:12.5,1.57287E+12,-0.259,0.078,2.302,0.664,3,-0.025,22.476,-0.007,-0.085,179.374,0.076,-0.535
00:12.5,1.57287E+12,-0.257,0.076,2.302,0.664,3,-0.025,22.472,-0.007,-0.085,179.749,0.075,-0.535
00:12.5,1.57287E+12,-0.255,0.074,2.302,0.664,3,-0.025,22.468,-0.007,-0.084,180.123,0.074,-0.535
00:12.5,1.57287E+12,-0.255,0.072,2.302,0.664,3,-0.025,22.464,-0.006,-0.084,180.498,0.073,-0.535
00:12.5,1.57287E+12,-0.255,0.071,3.474,0.664,3,-0.025,22.459,-0.006,-0.083,180.872,0.072,-0.535
00:12.6,1.57287E+12,-0.251,0.069,3.474,0.664,3,-0.025,22.455,-0.006,-0.083,181.246,0.071,-0.535
00:12.6,1.57287E+12,-0.242,0.066,3.474,0.664,3,-0.025,22.451,-0.006,-0.083,181.62,0.071,-0.535
00:12.6,1.57287E+12,-0.232,0.064,3.474,0.664,3,-0.025,22.448,-0.005,-0.082,181.995,0.07,-0.535
00:12.6,1.57287E+12,-0.223,0.062,3.474,0.664,3,-0.025,22.444,-0.005,-0.082,182.369,0.069,-0.535
00:12.6,1.57287E+12,-0.218,0.061,3.474,0.664,3,-0.025,22.44,-0.005,-0.081,182.743,0.068,-0.535
00:12.6,1.57287E+12,-0.214,0.06,8.088,0.664,3,-0.025,22.437,-0.005,-0.08,183.117,0.068,-0.535
00:12.7,1.57287E+12,-0.209,0.058,8.088,0.664,3,-0.025,22.433,-0.005,-0.08,183.491,0.067,-0.535
00:12.7,1.57287E+12,-0.197,0.056,8.088,0.664,3,-0.024,22.43,-0.004,-0.079,183.865,0.066,-0.535
00:12.7,1.57287E+12,-0.17,0.054,8.088,0.664,3,-0.024,22.428,-0.004,-0.078,184.238,0.065,-0.535
00:12.7,1.57287E+12,-0.131,0.053,8.088,0.664,3,-0.024,22.427,-0.004,-0.077,184.612,0.065,-0.535
00:12.7,1.57287E+12,-0.092,0.051,8.088,0.664,3,-0.024,22.425,-0.004,-0.076,184.986,0.064,-0.535
00:12.7,1.57287E+12,-0.064,0.05,11.311,0.664,3,-0.024,22.425,-0.004,-0.074,185.36,0.063,-0.535
00:12.8,1.57287E+12,-0.047,0.049,11.311,0.664,3,-0.024,22.424,-0.004,-0.072,185.733,0.063,-0.534
00:12.8,1.57287E+12,-0.031,0.048,11.311,0.664,3,-0.023,22.424,-0.004,-0.07,186.107,0.062,-0.534
00:12.8,1.57287E+12,-0.011,0.047,11.311,0.664,3,-0.023,22.424,-0.004,-0.068,186.481,0.062,-0.534
00:12.8,1.57287E+12,0.01,0.046,11.311,0.664,3,-0.023,22.424,-0.003,-0.065,186.855,0.061,-0.534
00:12.8,1.57287E+12,0.027,0.046,11.311,0.664,3,-0.023,22.425,-0.003,-0.063,187.228,0.06,-0.534
00:12.8,1.57287E+12,0.038,0.045,13.288,0.2,3,-0.022,22.426,-0.003,-0.06,187.602,0.06,-0.534
00:12.9,1.57287E+12,0.046,0.044,13.288,0.2,3,-0.022,22.427,-0.003,-0.057,187.976,0.059,-0.534
00:12.9,1.57287E+12,0.056,0.044,13.288,0.2,3,-0.022,22.428,-0.003,-0.054,188.35,0.059,-0.534
00:12.9,1.57287E+12,0.072,0.043,13.288,0.2,3,-0.022,22.429,-0.003,-0.051,188.723,0.058,-0.534
00:12.9,1.57287E+12,0.088,0.042,13.288,0.2,3,-0.021,22.431,-0.003,-0.047,189.097,0.058,-0.534
00:12.9,1.57287E+12,0.102,0.041,13.288,0.2,3,-0.021,22.433,-0.003,-0.044,189.471,0.057,-0.534
00:12.9,1.57287E+12,0.11,0.041,16.658,0.664,3,-0.021,22.435,-0.003,-0.041,189.845,0.057,-0.534
00:13.0,1.57287E+12,0.119,0.041,16.658,0.664,3,-0.021,22.437,-0.003,-0.038,190.219,0.056,-0.534
00:13.0,1.57287E+12,0.136,0.041,16.658,0.664,3,-0.02,22.439,-0.003,-0.035,190.593,0.056,-0.534
00:13.0,1.57287E+12,0.161,0.041,16.658,0.664,3,-0.02,22.443,-0.003,-0.032,190.967,0.055,-0.534
00:13.0,1.57287E+12,0.189,0.041,16.658,0.664,3,-0.02,22.446,-0.003,-0.029,191.341,0.055,-0.534
00:13.1,1.57287E+12,0.215,0.041,16.658,0.664,3,-0.02,22.45,-0.003,-0.027,191.715,0.054,-0.534
00:13.1,1.57287E+12,0.234,0.041,21.126,0.664,3,-0.02,22.454,-0.003,-0.024,192.089,0.054,-0.534
00:13.1,1.57287E+12,0.252,0.041,21.126,0.664,3,-0.019,22.459,-0.003,-0.021,192.464,0.053,-0.534
00:13.1,1.57287E+12,0.279,0.041,21.126,0.664,3,-0.019,22.464,-0.003,-0.018,192.838,0.053,-0.534
00:13.1,1.57287E+12,0.313,0.041,21.126,0.664,3,-0.019,22.469,-0.003,-0.015,193.212,0.053,-0.534
00:13.1,1.57287E+12,0.349,0.041,21.126,0.664,3,-0.019,22.476,-0.003,-0.012,193.587,0.052,-0.534
00:13.1,1.57287E+12,0.381,0.041,21.126,0.664,3,-0.019,22.482,-0.003,-0.009,193.962,0.052,-0.534
00:13.2,1.57287E+12,0.403,0.041,23.762,0.664,3,-0.018,22.489,-0.003,-0.006,194.336,0.051,-0.534
00:13.2,1.57287E+12,0.418,0.041,23.762,0.664,3,-0.018,22.497,-0.003,-0.003,194.711,0.051,-0.534
00:13.2,1.57287E+12,0.43,0.042,23.762,0.664,3,-0.018,22.504,-0.003,0,195.086,0.051,-0.534
00:13.2,1.57287E+12,0.439,0.042,23.762,0.664,3,-0.018,22.511,-0.003,0.003,195.461,0.05,-0.534
00:13.2,1.57287E+12,0.446,0.043,23.762,0.664,3,-0.018,22.519,-0.003,0.006,195.837,0.05,-0.534
00:13.2,1.57287E+12,0.451,0.043,23.762,0.664,3,-0.018,22.526,-0.003,0.009,196.212,0.05,-0.534
00:13.3,1.57287E+12,0.454,0.044,24.495,0.2,3,-0.018,22.534,-0.003,0.012,196.588,0.049,-0.534
00:13.3,1.57287E+12,0.455,0.045,24.495,0.2,3,-0.018,22.542,-0.003,0.014,196.963,0.049,-0.534
00:13.3,1.57287E+12,0.456,0.045,24.495,0.2,3,-0.018,22.549,-0.003,0.016,197.339,0.049,-0.534
00:13.3,1.57287E+12,0.458,0.046,24.495,0.2,3,-0.018,22.557,-0.003,0.018,197.715,0.049,-0.534
00:13.3,1.57287E+12,0.46,0.047,24.495,0.2,3,-0.018,22.565,-0.003,0.02,198.091,0.048,-0.534
00:13.3,1.57287E+12,0.461,0.047,24.495,0.2,3,-0.018,22.572,-0.003,0.021,198.467,0.048,-0.534
00:13.4,1.57287E+12,0.462,0.049,26.106,0.664,3,-0.018,22.58,-0.003,0.022,198.843,0.048,-0.534
00:13.4,1.57287E+12,0.464,0.05,26.106,0.664,3,-0.018,22.588,-0.003,0.023,199.22,0.048,-0.534
00:13.4,1.57287E+12,0.467,0.051,26.106,0.664,3,-0.017,22.596,-0.003,0.024,199.596,0.048,-0.534
00:13.4,1.57287E+12,0.473,0.053,26.106,0.664,3,-0.017,22.604,-0.003,0.024,199.973,0.047,-0.534
00:13.4,1.57287E+12,0.479,0.054,26.106,0.664,3,-0.017,22.612,-0.003,0.024,200.35,0.047,-0.534
00:13.4,1.57287E+12,0.485,0.055,26.106,0.664,3,-0.018,22.62,-0.003,0.024,200.727,0.047,-0.534
00:13.4,1.57287E+12,0.489,0.056,26.985,0.664,3,-0.018,22.628,-0.003,0.024,201.104,0.047,-0.534
00:13.5,1.57287E+12,0.492,0.056,26.985,0.664,3,-0.018,22.636,-0.003,0.024,201.481,0.047,-0.534
00:13.5,1.57287E+12,0.495,0.057,26.985,0.664,3,-0.018,22.645,-0.003,0.024,201.858,0.047,-0.534
00:13.5,1.57287E+12,0.498,0.057,26.985,0.664,3,-0.018,22.653,-0.004,0.023,202.236,0.047,-0.534
00:13.5,1.57287E+12,0.502,0.058,26.985,0.664,3,-0.018,22.661,-0.004,0.023,202.613,0.047,-0.534
00:13.5,1.57287E+12,0.504,0.058,26.985,0.664,3,-0.018,22.67,-0.004,0.023,202.991,0.047,-0.534
00:13.5,1.57287E+12,0.506,0.059,27.498,0.664,3,-0.018,22.678,-0.004,0.022,203.369,0.047,-0.534
00:13.6,1.57287E+12,0.507,0.059,27.498,0.664,3,-0.018,22.687,-0.004,0.022,203.747,0.046,-0.534
00:13.6,1.57287E+12,0.508,0.06,27.498,0.664,3,-0.019,22.695,-0.004,0.022,204.125,0.046,-0.534
00:13.6,1.57287E+12,0.51,0.061,27.498,0.664,3,-0.019,22.704,-0.004,0.021,204.503,0.046,-0.534
00:13.6,1.57287E+12,0.512,0.061,27.498,0.664,3,-0.019,22.712,-0.004,0.021,204.882,0.047,-0.534
00:13.6,1.57287E+12,0.513,0.062,27.498,0.664,3,-0.019,22.721,-0.004,0.021,205.26,0.047,-0.534
00:13.6,1.57287E+12,0.514,0.062,27.791,0.664,3,-0.019,22.729,-0.004,0.021,205.639,0.047,-0.534
00:13.7,1.57287E+12,0.515,0.062,27.791,0.664,3,-0.019,22.738,-0.005,0.02,206.018,0.047,-0.534
00:13.7,1.57287E+12,0.515,0.063,27.791,0.664,3,-0.019,22.746,-0.005,0.02,206.397,0.047,-0.534
00:13.7,1.57287E+12,0.516,0.063,27.791,0.664,3,-0.02,22.755,-0.005,0.02,206.776,0.047,-0.534
00:13.7,1.57287E+12,0.517,0.063,27.791,0.664,3,-0.02,22.764,-0.005,0.02,207.156,0.047,-0.534
00:13.7,1.57287E+12,0.518,0.063,27.791,0.664,3,-0.02,22.772,-0.005,0.019,207.535,0.047,-0.534
00:13.7,1.57287E+12,0.518,0.063,29.329,0.664,3,-0.02,22.781,-0.005,0.019,207.915,0.047,-0.534
00:13.8,1.57287E+12,0.519,0.063,29.329,0.664,3,-0.02,22.79,-0.005,0.019,208.294,0.048,-0.534
00:13.8,1.57287E+12,0.523,0.064,29.329,0.664,3,-0.02,22.798,-0.005,0.019,208.674,0.048,-0.534
00:13.8,1.57287E+12,0.529,0.064,29.329,0.664,3,-0.02,22.807,-0.005,0.019,209.054,0.048,-0.534
00:13.8,1.57287E+12,0.536,0.064,29.329,0.664,3,-0.02,22.816,-0.005,0.019,209.435,0.048,-0.534
00:13.8,1.57287E+12,0.542,0.064,29.329,0.664,3,-0.021,22.826,-0.005,0.019,209.815,0.049,-0.534
00:13.8,1.57287E+12,0.546,0.064,29.622,0.664,3,-0.021,22.835,-0.005,0.019,210.195,0.049,-0.534
00:13.9,1.57287E+12,0.549,0.064,29.622,0.664,3,-0.021,22.844,-0.005,0.019,210.576,0.049,-0.534
00:13.9,1.57287E+12,0.551,0.064,29.622,0.664,3,-0.021,22.853,-0.005,0.019,210.957,0.049,-0.534
00:13.9,1.57287E+12,0.552,0.064,29.622,0.664,3,-0.021,22.862,-0.005,0.02,211.338,0.05,-0.534
00:13.9,1.57287E+12,0.553,0.064,29.622,0.664,3,-0.021,22.871,-0.005,0.02,211.719,0.05,-0.534
00:13.9,1.57287E+12,0.553,0.064,29.622,0.664,3,-0.021,22.881,-0.005,0.02,212.1,0.05,-0.534
00:13.9,1.57287E+12,0.553,0.064,29.768,0.664,3,-0.021,22.89,-0.005,0.021,212.482,0.051,-0.534
00:14.0,1.57287E+12,0.552,0.064,29.768,0.664,3,-0.021,22.899,-0.005,0.021,212.863,0.051,-0.534
00:14.0,1.57287E+12,0.552,0.064,29.768,0.664,3,-0.021,22.908,-0.005,0.021,213.245,0.052,-0.534
00:14.0,1.57287E+12,0.552,0.064,29.768,0.664,3,-0.021,22.918,-0.005,0.022,213.627,0.052,-0.534
00:14.0,1.57287E+12,0.553,0.065,29.768,0.664,3,-0.022,22.927,-0.005,0.022,214.009,0.053,-0.534
00:14.0,1.57287E+12,0.553,0.066,29.768,0.664,3,-0.022,22.936,-0.005,0.023,214.391,0.053,-0.534
00:14.0,1.57287E+12,0.553,0.067,30.794,0.664,3,-0.022,22.945,-0.005,0.023,214.773,0.054,-0.534
00:14.1,1.57287E+12,0.553,0.068,30.794,0.664,3,-0.022,22.954,-0.005,0.023,215.156,0.054,-0.534
00:14.1,1.57287E+12,0.554,0.068,30.794,0.664,3,-0.022,22.964,-0.005,0.024,215.539,0.055,-0.534
00:14.1,1.57287E+12,0.556,0.068,30.794,0.664,3,-0.022,22.973,-0.005,0.024,215.921,0.055,-0.534
00:14.1,1.57287E+12,0.558,0.068,30.794,0.664,3,-0.022,22.982,-0.005,0.025,216.304,0.056,-0.534
00:14.1,1.57287E+12,0.559,0.068,30.794,0.664,3,-0.022,22.992,-0.005,0.025,216.687,0.056,-0.534
00:14.1,1.57287E+12,0.56,0.068,31.16,0.664,3,-0.022,23.001,-0.005,0.025,217.071,0.057,-0.534
00:14.2,1.57287E+12,0.561,0.068,31.16,0.664,3,-0.022,23.01,-0.005,0.025,217.454,0.058,-0.534
00:14.2,1.57287E+12,0.561,0.068,31.16,0.664,3,-0.022,23.02,-0.005,0.026,217.838,0.058,-0.534
00:14.2,1.57287E+12,0.561,0.068,31.16,0.664,3,-0.022,23.029,-0.005,0.026,218.222,0.059,-0.534
00:14.2,1.57287E+12,0.561,0.067,31.16,0.664,3,-0.023,23.038,-0.005,0.026,218.605,0.06,-0.534
00:14.2,1.57287E+12,0.561,0.067,31.16,0.664,3,-0.023,23.048,-0.005,0.026,218.989,0.06,-0.534
00:14.2,1.57287E+12,0.561,0.067,32.332,0.664,3,-0.023,23.057,-0.005,0.026,219.374,0.061,-0.534
00:14.3,1.57287E+12,0.561,0.067,32.332,0.664,3,-0.023,23.066,-0.005,0.026,219.758,0.062,-0.534
00:14.3,1.57287E+12,0.562,0.067,32.332,0.664,3,-0.023,23.076,-0.005,0.026,220.143,0.063,-0.534
00:14.3,1.57287E+12,0.563,0.067,32.332,0.664,3,-0.023,23.085,-0.005,0.026,220.527,0.063,-0.534
00:14.3,1.57287E+12,0.564,0.067,32.332,0.664,3,-0.023,23.095,-0.005,0.026,220.912,0.064,-0.534
00:14.3,1.57287E+12,0.565,0.066,32.332,0.664,3,-0.023,23.104,-0.005,0.026,221.297,0.065,-0.534
00:14.3,1.57287E+12,0.566,0.066,32.772,0.664,3,-0.023,23.113,-0.006,0.026,221.682,0.066,-0.534
00:14.4,1.57287E+12,0.566,0.065,32.772,0.664,3,-0.023,23.123,-0.006,0.026,222.067,0.067,-0.534
00:14.4,1.57287E+12,0.566,0.063,32.772,0.664,3,-0.023,23.132,-0.006,0.026,222.453,0.068,-0.534
00:14.4,1.57287E+12,0.566,0.062,32.772,0.664,3,-0.023,23.142,-0.006,0.026,222.839,0.068,-0.534
00:14.4,1.57287E+12,0.567,0.06,32.772,0.664,3,-0.024,23.151,-0.006,0.026,223.224,0.069,-0.534
00:14.4,1.57287E+12,0.567,0.058,32.772,0.664,3,-0.024,23.161,-0.006,0.026,223.61,0.07,-0.534
00:14.4,1.57287E+12,0.567,0.056,33.797,0.664,3,-0.024,23.17,-0.006,0.026,223.996,0.071,-0.534
00:14.5,1.57287E+12,0.567,0.054,33.797,0.664,3,-0.024,23.18,-0.006,0.026,224.383,0.072,-0.534
00:14.5,1.57287E+12,0.567,0.051,33.797,0.664,3,-0.024,23.189,-0.006,0.026,224.769,0.073,-0.534
00:14.5,1.57287E+12,0.568,0.049,33.797,0.664,3,-0.024,23.198,-0.006,0.026,225.156,0.074,-0.534
00:14.5,1.57287E+12,0.569,0.046,33.797,0.664,3,-0.023,23.208,-0.006,0.026,225.542,0.075,-0.534
00:14.5,1.57287E+12,0.57,0.044,33.797,0.664,3,-0.023,23.217,-0.006,0.026,225.929,0.076,-0.534
00:14.6,1.57287E+12,0.57,0.042,34.456,0.664,3,-0.023,23.227,-0.006,0.026,226.316,0.077,-0.534
00:14.6,1.57287E+12,0.571,0.039,34.456,0.664,3,-0.023,23.237,-0.006,0.027,226.703,0.078,-0.534
00:14.6,1.57287E+12,0.571,0.037,34.456,0.664,3,-0.022,23.246,-0.006,0.027,227.091,0.079,-0.534
00:14.6,1.57287E+12,0.572,0.035,34.456,0.664,3,-0.022,23.256,-0.006,0.027,227.478,0.08,-0.534
00:14.6,1.57287E+12,0.572,0.032,34.456,0.664,3,-0.022,23.265,-0.005,0.027,227.866,0.081,-0.534
00:14.6,1.57287E+12,0.573,0.029,34.456,0.664,3,-0.021,23.275,-0.005,0.027,228.254,0.082,-0.534
00:14.6,1.57287E+12,0.573,0.026,34.822,0.664,3,-0.021,23.284,-0.005,0.027,228.642,0.084,-0.534
00:14.6,1.57287E+12,0.573,0.023,34.822,0.664,3,-0.021,23.294,-0.005,0.027,229.03,0.085,-0.534
00:14.7,1.57287E+12,0.573,0.02,34.822,0.664,3,-0.02,23.303,-0.005,0.027,229.418,0.086,-0.534
00:14.7,1.57287E+12,0.573,0.018,34.822,0.664,3,-0.02,23.313,-0.004,0.027,229.807,0.087,-0.534
00:14.7,1.57287E+12,0.573,0.017,34.822,0.664,3,-0.019,23.322,-0.004,0.027,230.195,0.088,-0.534
00:14.7,1.57287E+12,0.573,0.016,34.822,0.664,3,-0.018,23.332,-0.004,0.027,230.584,0.089,-0.534
00:14.7,1.57287E+12,0.573,0.016,35.482,0.664,3,-0.018,23.34,-0.003,0.027,230.9,0.09,-0.534
00:14.7,1.57287E+12,0.573,0.017,35.482,0.664,3,-0.017,23.349,-0.003,0.027,231.289,0.091,-0.534
00:14.8,1.57287E+12,0.573,0.017,35.482,0.664,3,-0.017,23.359,-0.002,0.027,231.678,0.092,-0.534
00:14.8,1.57287E+12,0.574,0.018,35.482,0.664,3,-0.016,23.368,-0.002,0.027,232.068,0.093,-0.534
00:14.8,1.57287E+12,0.574,0.018,35.482,0.664,3,-0.016,23.378,-0.002,0.027,232.457,0.094,-0.534
00:14.9,1.57287E+12,0.574,0.019,35.482,0.664,3,-0.015,23.388,-0.001,0.027,232.847,0.096,-0.534
00:14.9,1.57287E+12,0.575,0.021,35.775,0.664,3,-0.015,23.397,-0.001,0.027,233.237,0.097,-0.534
00:14.9,1.57287E+12,0.575,0.023,35.775,0.664,3,-0.014,23.407,0,0.027,233.627,0.098,-0.534
00:14.9,1.57287E+12,0.575,0.027,35.775,0.664,3,-0.013,23.417,0,0.027,234.041,0.099,-0.534
00:14.9,1.57287E+12,0.575,0.029,35.775,0.664,3,-0.013,23.426,0.001,0.027,234.407,0.1,-0.534
00:14.9,1.57287E+12,0.575,0.032,35.775,0.664,3,-0.013,23.435,0.001,0.027,234.798,0.101,-0.534
00:14.9,1.57287E+12,0.575,0.036,35.775,0.664,3,-0.013,23.446,0.001,0.027,235.213,0.103,-0.534
00:14.9,1.57287E+12,0.575,0.038,36.653,0.664,3,-0.013,23.455,0.001,0.027,235.604,0.104,-0.534
00:15.0,1.57287E+12,0.575,0.041,36.653,0.664,3,-0.013,23.465,0.001,0.028,235.995,0.105,-0.534
00:15.0,1.57287E+12,0.575,0.045,36.653,0.664,3,-0.013,23.474,0.001,0.028,236.386,0.106,-0.534
00:15.0,1.57287E+12,0.576,0.048,36.653,0.664,3,-0.012,23.483,0.001,0.028,236.753,0.107,-0.534
00:15.0,1.57287E+12,0.576,0.052,36.653,0.664,3,-0.013,23.493,0.001,0.028,237.144,0.109,-0.534
00:15.0,1.57287E+12,0.577,0.056,36.653,0.664,3,-0.013,23.503,0.001,0.028,237.56,0.11,-0.534
00:15.1,1.57287E+12,0.578,0.06,37.166,0.664,3,-0.013,23.513,0,0.028,237.952,0.111,-0.534
00:15.1,1.57287E+12,0.577,0.062,37.166,0.664,3,-0.014,23.522,0,0.028,238.32,0.113,-0.534
00:15.1,1.57287E+12,0.573,0.065,37.166,0.664,3,-0.014,23.532,-0.001,0.028,238.736,0.114,-0.534
00:15.1,1.57287E+12,0.564,0.067,37.166,0.664,3,-0.015,23.541,-0.001,0.028,239.129,0.115,-0.534
00:15.1,1.57287E+12,0.554,0.069,37.166,0.664,3,-0.015,23.55,-0.002,0.028,239.521,0.117,-0.534
00:15.2,1.57287E+12,0.547,0.071,37.166,0.664,3,-0.016,23.559,-0.002,0.028,239.914,0.118,-0.534
00:15.2,1.57287E+12,0.543,0.072,37.459,0.664,3,-0.016,23.568,-0.003,0.028,240.306,0.119,-0.534
00:15.2,1.57287E+12,0.545,0.074,37.459,0.664,3,-0.017,23.577,-0.004,0.027,240.699,0.121,-0.534
00:15.2,1.57287E+12,0.551,0.075,37.459,0.664,3,-0.018,23.587,-0.005,0.027,241.092,0.122,-0.534
00:15.2,1.57287E+12,0.56,0.076,37.459,0.664,3,-0.018,23.596,-0.005,0.027,241.485,0.124,-0.534
00:15.2,1.57287E+12,0.571,0.078,37.459,0.664,3,-0.019,23.606,-0.006,0.027,241.879,0.125,-0.534
00:15.3,1.57287E+12,0.583,0.079,37.459,0.664,3,-0.019,23.616,-0.007,0.027,242.272,0.127,-0.534
00:15.3,1.57287E+12,0.595,0.08,37.606,0.664,3,-0.02,23.626,-0.007,0.027,242.666,0.128,-0.534
00:15.3,1.57287E+12,0.604,0.081,37.606,0.664,3,-0.02,23.635,-0.008,0.027,243.035,0.13,-0.534
00:15.3,1.57287E+12,0.613,0.081,37.606,0.664,3,-0.021,23.646,-0.008,0.027,243.454,0.131,-0.534
00:15.3,1.57287E+12,0.618,0.082,37.606,0.664,3,-0.021,23.657,-0.008,0.027,243.848,0.133,-0.534
00:15.3,1.57287E+12,0.622,0.082,37.606,0.664,3,-0.021,23.667,-0.009,0.028,244.242,0.135,-0.534
00:15.4,1.57287E+12,0.626,0.082,37.606,0.664,3,-0.022,23.678,-0.009,0.028,244.637,0.136,-0.534
00:15.4,1.57287E+12,0.632,0.082,37.972,0.664,3,-0.022,23.688,-0.009,0.029,245.032,0.138,-0.534
00:15.4,1.57287E+12,0.639,0.082,37.972,0.664,3,-0.022,23.699,-0.009,0.03,245.426,0.14,-0.534
00:15.4,1.57287E+12,0.648,0.082,37.972,0.664,3,-0.023,23.71,-0.009,0.03,245.822,0.141,-0.534
00:15.4,1.57287E+12,0.657,0.081,37.972,0.664,3,-0.023,23.721,-0.009,0.031,246.217,0.143,-0.534
00:15.4,1.57287E+12,0.666,0.08,37.972,0.664,3,-0.023,23.732,-0.009,0.032,246.612,0.145,-0.534
00:15.5,1.57287E+12,0.674,0.079,37.972,0.664,3,-0.023,23.744,-0.009,0.034,247.008,0.147,-0.534
00:15.5,1.57287E+12,0.681,0.078,38.118,0.664,3,-0.024,23.755,-0.009,0.035,247.404,0.149,-0.534
00:15.5,1.57287E+12,0.687,0.077,38.118,0.664,3,-0.024,23.767,-0.008,0.036,247.8,0.15,-0.534
00:15.5,1.57287E+12,0.692,0.076,38.118,0.664,3,-0.024,23.778,-0.008,0.038,248.196,0.152,-0.534
00:15.5,1.57287E+12,0.697,0.074,38.118,0.664,3,-0.024,23.79,-0.008,0.039,248.592,0.154,-0.534
00:15.5,1.57287E+12,0.702,0.073,38.118,0.664,3,-0.024,23.802,-0.008,0.04,248.989,0.156,-0.534
00:15.6,1.57287E+12,0.707,0.071,38.118,0.664,3,-0.024,23.813,-0.007,0.042,249.386,0.158,-0.534
00:15.6,1.57287E+12,0.711,0.069,38.485,0.664,3,-0.024,23.825,-0.007,0.043,249.783,0.16,-0.534
00:15.6,1.57287E+12,0.715,0.067,38.485,0.664,3,-0.024,23.837,-0.007,0.045,250.18,0.162,-0.534
00:15.6,1.57287E+12,0.719,0.065,38.485,0.664,3,-0.025,23.849,-0.007,0.046,250.577,0.164,-0.534
00:15.6,1.57287E+12,0.723,0.062,38.485,0.664,3,-0.025,23.861,-0.007,0.047,250.975,0.166,-0.534
00:15.6,1.57287E+12,0.727,0.06,38.485,0.664,3,-0.025,23.874,-0.006,0.049,251.373,0.168,-0.534
00:15.6,1.57287E+12,0.73,0.057,38.485,0.664,3,-0.025,23.886,-0.006,0.05,251.771,0.17,-0.534
00:15.7,1.57287E+12,0.733,0.055,38.631,0.664,3,-0.025,23.898,-0.006,0.051,252.169,0.172,-0.534
00:15.7,1.57287E+12,0.736,0.052,38.631,0.664,3,-0.025,23.91,-0.006,0.052,252.567,0.174,-0.534
00:15.7,1.57287E+12,0.738,0.05,38.631,0.664,3,-0.024,23.923,-0.006,0.053,252.966,0.176,-0.534
00:15.7,1.57287E+12,0.741,0.049,38.631,0.664,3,-0.024,23.935,-0.006,0.054,253.365,0.178,-0.534
00:15.7,1.57287E+12,0.743,0.048,38.631,0.664,3,-0.024,23.947,-0.006,0.055,253.764,0.18,-0.534
00:15.7,1.57287E+12,0.745,0.047,38.631,0.664,3,-0.024,23.96,-0.005,0.056,254.163,0.183,-0.534
00:15.8,1.57287E+12,0.747,0.047,38.997,0.664,3,-0.023,23.972,-0.005,0.056,254.562,0.185,-0.534
00:15.8,1.57287E+12,0.749,0.046,38.997,0.664,3,-0.023,23.985,-0.005,0.057,254.962,0.187,-0.534
00:15.8,1.57287E+12,0.75,0.045,38.997,0.664,3,-0.023,23.997,-0.005,0.057,255.362,0.189,-0.534
00:15.8,1.57287E+12,0.752,0.045,38.997,0.664,3,-0.023,24.01,-0.005,0.058,255.762,0.191,-0.534
00:15.8,1.57287E+12,0.754,0.044,38.997,0.664,3,-0.022,24.023,-0.004,0.058,256.162,0.193,-0.534
00:15.8,1.57287E+12,0.756,0.043,38.997,0.664,3,-0.022,24.035,-0.004,0.058,256.563,0.196,-0.534
00:15.9,1.57287E+12,0.758,0.042,39.144,0.664,3,-0.022,24.048,-0.004,0.058,256.963,0.198,-0.534
00:15.9,1.57287E+12,0.759,0.041,39.144,0.664,3,-0.022,24.06,-0.004,0.058,257.364,0.2,-0.534
00:15.9,1.57287E+12,0.76,0.04,39.144,0.664,3,-0.021,24.073,-0.004,0.058,257.765,0.202,-0.534
00:15.9,1.57287E+12,0.761,0.04,39.144,0.664,3,-0.021,24.086,-0.004,0.058,258.167,0.205,-0.534
00:15.9,1.57287E+12,0.762,0.039,39.144,0.664,3,-0.021,24.099,-0.004,0.058,258.568,0.207,-0.534
00:15.9,1.57287E+12,0.763,0.038,39.144,0.664,3,-0.021,24.111,-0.004,0.058,258.97,0.209,-0.534
00:15.9,1.57287E+12,0.764,0.038,39.29,0.664,3,-0.02,24.124,-0.004,0.058,259.372,0.211,-0.534
00:16.0,1.57287E+12,0.765,0.038,39.29,0.664,3,-0.02,24.137,-0.004,0.058,259.774,0.214,-0.534
00:16.0,1.57287E+12,0.765,0.037,39.29,0.664,3,-0.02,24.15,-0.004,0.058,260.176,0.216,-0.534
00:16.0,1.57287E+12,0.766,0.037,39.29,0.664,3,-0.02,24.162,-0.004,0.058,260.579,0.218,-0.534
00:16.0,1.57287E+12,0.767,0.037,39.29,0.664,3,-0.02,24.175,-0.004,0.058,260.982,0.221,-0.534
00:16.0,1.57287E+12,0.767,0.036,39.29,0.664,3,-0.019,24.188,-0.004,0.057,261.385,0.223,-0.534
00:16.0,1.57287E+12,0.768,0.035,39.29,0.664,3,-0.019,24.201,-0.004,0.057,261.788,0.225,-0.534
00:16.1,1.57287E+12,0.768,0.034,39.29,0.664,3,-0.019,24.214,-0.004,0.057,262.191,0.228,-0.534
00:16.1,1.57287E+12,0.769,0.033,39.29,0.664,3,-0.019,24.226,-0.004,0.057,262.595,0.23,-0.534
00:16.1,1.57287E+12,0.769,0.031,39.29,0.664,3,-0.019,24.239,-0.004,0.057,262.999,0.233,-0.534
00:16.1,1.57287E+12,0.769,0.03,39.29,0.664,3,-0.018,24.252,-0.004,0.057,263.403,0.235,-0.534
00:16.1,1.57287E+12,0.769,0.028,39.29,0.664,3,-0.018,24.265,-0.004,0.057,263.807,0.237,-0.534
00:16.1,1.57287E+12,0.769,0.026,39.51,0.664,3,-0.018,24.278,-0.004,0.057,264.212,0.24,-0.534
00:16.2,1.57287E+12,0.77,0.025,39.51,0.664,3,-0.018,24.29,-0.004,0.057,264.617,0.242,-0.534
00:16.2,1.57287E+12,0.77,0.023,39.51,0.664,3,-0.018,24.303,-0.004,0.057,265.022,0.245,-0.534
00:16.2,1.57287E+12,0.77,0.021,39.51,0.664,3,-0.017,24.316,-0.004,0.057,265.427,0.247,-0.534
00:16.2,1.57287E+12,0.771,0.019,39.51,0.664,3,-0.017,24.329,-0.004,0.057,265.832,0.25,-0.534
00:16.2,1.57287E+12,0.771,0.017,39.51,0.664,3,-0.017,24.342,-0.004,0.057,266.238,0.252,-0.534
00:16.2,1.57287E+12,0.772,0.015,39.51,0.664,3,-0.016,24.355,-0.004,0.057,266.643,0.255,-0.534
00:16.3,1.57287E+12,0.772,0.013,39.51,0.664,3,-0.016,24.368,-0.004,0.057,267.049,0.257,-0.534
00:16.3,1.57287E+12,0.772,0.011,39.51,0.664,3,-0.016,24.38,-0.004,0.057,267.456,0.259,-0.534
00:16.3,1.57287E+12,0.772,0.008,39.51,0.664,3,-0.015,24.393,-0.004,0.057,267.862,0.262,-0.534
00:16.3,1.57287E+12,0.772,0.006,39.51,0.664,3,-0.015,24.406,-0.004,0.057,268.269,0.264,-0.534
00:16.3,1.57287E+12,0.772,0.003,39.51,0.664,3,-0.014,24.419,-0.004,0.057,268.676,0.267,-0.534
00:16.3,1.57287E+12,0.771,0,39.51,0.664,3,-0.014,24.432,-0.003,0.057,269.083,0.269,-0.534
00:16.4,1.57287E+12,0.771,-0.002,39.51,0.664,3,-0.013,24.445,-0.003,0.057,269.49,0.272,-0.534
00:16.4,1.57287E+12,0.771,-0.005,39.51,0.664,3,-0.013,24.458,-0.003,0.057,269.898,0.274,-0.534
00:16.4,1.57287E+12,0.771,-0.008,39.51,0.664,3,-0.012,24.47,-0.003,0.057,270.305,0.277,-0.534
00:16.4,1.57287E+12,0.771,-0.01,39.51,0.664,3,-0.012,24.483,-0.002,0.057,270.713,0.279,-0.534
00:16.4,1.57287E+12,0.771,-0.013,39.51,0.664,3,-0.011,24.496,-0.002,0.057,271.121,0.282,-0.534
00:16.4,1.57287E+12,0.771,-0.016,39.51,0.664,3,-0.01,24.509,-0.002,0.058,271.53,0.284,-0.534
00:16.5,1.57287E+12,0.771,-0.019,39.51,0.664,3,-0.01,24.522,-0.001,0.058,271.938,0.287,-0.534
00:16.5,1.57287E+12,0.771,-0.022,39.51,0.664,3,-0.009,24.535,-0.001,0.058,272.347,0.289,-0.534
00:16.5,1.57287E+12,0.771,-0.024,39.51,0.664,3,-0.009,24.548,-0.001,0.058,272.756,0.292,-0.534
00:16.5,1.57287E+12,0.771,-0.027,39.51,0.664,3,-0.008,24.56,0,0.058,273.165,0.294,-0.534
00:16.5,1.57287E+12,0.771,-0.03,39.51,0.664,3,-0.007,24.573,0,0.058,273.575,0.296,-0.534
00:16.5,1.57287E+12,0.771,-0.032,39.51,0.664,3,-0.006,24.586,0.001,0.058,273.984,0.299,-0.534
00:16.6,1.57287E+12,0.77,-0.034,39.51,0.664,3,-0.005,24.599,0.001,0.058,274.394,0.301,-0.534
00:16.6,1.57287E+12,0.77,-0.037,39.51,0.664,3,-0.005,24.612,0.002,0.058,274.804,0.304,-0.534
00:16.6,1.57287E+12,0.77,-0.039,39.51,0.664,3,-0.004,24.625,0.002,0.058,275.215,0.306,-0.534
00:16.6,1.57287E+12,0.77,-0.041,39.51,0.664,3,-0.003,24.637,0.003,0.058,275.625,0.309,-0.534
00:16.6,1.57287E+12,0.77,-0.042,39.51,0.664,3,-0.002,24.65,0.003,0.058,276.036,0.311,-0.534
00:16.6,1.57287E+12,0.77,-0.043,39.51,0.664,3,-0.002,24.663,0.004,0.058,276.447,0.313,-0.534
00:16.7,1.57287E+12,0.77,-0.045,39.51,0.664,3,-0.001,24.676,0.004,0.058,276.858,0.316,-0.534
00:16.7,1.57287E+12,0.77,-0.046,39.51,0.664,3,0,24.689,0.004,0.058,277.269,0.318,-0.534
00:16.7,1.57287E+12,0.77,-0.047,39.51,0.664,3,0.001,24.702,0.005,0.058,277.681,0.32,-0.534
00:16.7,1.57287E+12,0.769,-0.048,39.51,0.664,3,0.002,24.714,0.005,0.058,278.093,0.323,-0.534
00:16.7,1.57287E+12,0.769,-0.048,39.51,0.664,3,0.002,24.727,0.006,0.058,278.505,0.325,-0.534
00:16.7,1.57287E+12,0.769,-0.049,39.51,0.664,3,0.003,24.74,0.006,0.058,278.917,0.327,-0.534
00:16.7,1.57287E+12,0.769,-0.05,39.51,0.664,3,0.004,24.753,0.006,0.058,279.329,0.33,-0.534
00:16.8,1.57287E+12,0.769,-0.05,39.51,0.664,3,0.004,24.766,0.006,0.058,279.742,0.332,-0.534
00:16.8,1.57287E+12,0.769,-0.051,39.51,0.664,3,0.005,24.778,0.006,0.058,280.155,0.334,-0.534
00:16.8,1.57287E+12,0.769,-0.051,39.51,0.664,3,0.005,24.791,0.006,0.058,280.568,0.336,-0.534
00:16.8,1.57287E+12,0.769,-0.051,39.51,0.664,3,0.006,24.804,0.007,0.058,280.981,0.339,-0.534
00:16.8,1.57287E+12,0.768,-0.05,23.323,0.664,3,0.007,24.817,0.007,0.058,281.395,0.341,-0.534
00:16.8,1.57287E+12,0.761,-0.05,23.323,0.664,3,0.007,24.829,0.007,0.058,281.808,0.343,-0.534
00:16.9,1.57287E+12,0.713,-0.049,23.323,0.664,3,0.008,24.84,0.007,0.058,282.222,0.345,-0.534
00:16.9,1.57287E+12,0.628,-0.049,23.323,0.664,3,0.008,24.849,0.007,0.057,282.636,0.347,-0.534
00:16.9,1.57287E+12,0.543,-0.048,23.323,0.664,3,0.008,24.857,0.006,0.056,283.051,0.35,-0.534
00:16.9,1.57287E+12,0.489,-0.047,23.323,0.664,3,0.009,24.865,0.006,0.054,283.465,0.352,-0.534
00:16.9,1.57287E+12,0.475,-0.046,5.818,0.664,3,0.009,24.873,0.006,0.052,283.88,0.354,-0.534
00:16.9,1.57287E+12,0.469,-0.045,5.818,0.664,3,0.01,24.88,0.006,0.05,284.294,0.356,-0.534
00:17.0,1.57287E+12,0.389,-0.043,5.818,0.664,3,0.01,24.885,0.006,0.047,284.709,0.358,-0.534
00:17.0,1.57287E+12,0.198,-0.043,5.818,0.664,3,0.01,24.885,0.006,0.043,285.124,0.36,-0.534
00:17.0,1.57287E+12,-0.025,-0.042,5.818,0.664,3,0.01,24.882,0.005,0.037,285.538,0.362,-0.534
00:17.1,1.57287E+12,-0.145,-0.04,5.818,0.664,3,0.011,24.879,0.005,0.031,285.953,0.365,-0.534
00:17.1,1.57287E+12,-0.162,-0.038,1.276,0.664,3,0.011,24.876,0.005,0.024,286.368,0.367,-0.534
00:17.1,1.57287E+12,-0.143,-0.037,1.276,0.664,3,0.011,24.874,0.005,0.017,286.782,0.369,-0.534
00:17.1,1.57287E+12,-0.156,-0.035,1.276,0.664,3,0.011,24.871,0.005,0.009,287.197,0.371,-0.534
00:17.1,1.57287E+12,-0.23,-0.035,1.276,0.664,3,0.011,24.866,0.004,0,287.611,0.373,-0.534
00:17.1,1.57287E+12,-0.287,-0.034,1.276,0.664,3,0.011,24.861,0.004,-0.008,288.026,0.375,-0.534
00:17.2,1.57287E+12,-0.283,-0.033,1.276,0.664,3,0.011,24.856,0.004,-0.017,288.44,0.377,-0.534
00:17.2,1.57287E+12,-0.283,-0.031,1.13,0.664,3,0.011,24.851,0.004,-0.026,288.854,0.379,-0.534
00:17.2,1.57287E+12,-0.289,-0.031,1.13,0.664,3,0.012,24.847,0.003,-0.035,289.268,0.381,-0.534
00:17.2,1.57287E+12,-0.295,-0.03,1.13,0.664,3,0.012,24.842,0.003,-0.044,289.682,0.383,-0.534
00:17.2,1.57287E+12,-0.299,-0.029,1.13,0.664,3,0.012,24.837,0.003,-0.053,290.096,0.385,-0.533
00:17.2,1.57287E+12,-0.302,-0.028,1.13,0.664,3,0.012,24.831,0.003,-0.061,290.51,0.387,-0.533
00:17.3,1.57287E+12,-0.304,-0.027,1.13,0.664,3,0.012,24.826,0.003,-0.069,290.924,0.389,-0.533
00:17.3,1.57287E+12,-0.306,-0.027,1.13,0.664,3,0.012,24.821,0.002,-0.077,291.338,0.391,-0.533
00:17.3,1.57287E+12,-0.308,-0.026,1.13,0.664,3,0.012,24.816,0.002,-0.085,291.751,0.393,-0.533
00:17.3,1.57287E+12,-0.31,-0.025,1.13,0.664,3,0.012,24.811,0.002,-0.092,292.165,0.395,-0.533
00:17.3,1.57287E+12,-0.312,-0.025,1.13,0.664,3,0.012,24.806,0.002,-0.098,292.578,0.397,-0.533
00:17.3,1.57287E+12,-0.313,-0.024,1.13,0.664,3,0.012,24.8,0.002,-0.104,292.992,0.399,-0.533
00:17.4,1.57287E+12,-0.315,-0.024,1.13,0.664,3,0.012,24.795,0.002,-0.109,293.405,0.401,-0.533
00:17.4,1.57287E+12,-0.316,-0.024,1.13,0.664,3,0.011,24.79,0.002,-0.114,293.818,0.403,-0.533
00:17.4,1.57287E+12,-0.317,-0.024,1.13,0.664,3,0.011,24.784,0.002,-0.118,294.231,0.405,-0.533
00:17.4,1.57287E+12,-0.318,-0.024,1.13,0.664,3,0.011,24.779,0.002,-0.122,294.644,0.406,-0.533
00:17.4,1.57287E+12,-0.319,-0.024,1.13,0.664,3,0.011,24.774,0.002,-0.125,295.057,0.408,-0.533
00:17.4,1.57287E+12,-0.32,-0.024,1.13,0.664,3,0.011,24.768,0.002,-0.127,295.47,0.41,-0.533
00:17.5,1.57287E+12,-0.321,-0.024,1.13,0.664,3,0.011,24.763,0.002,-0.129,295.883,0.412,-0.533
00:17.5,1.57287E+12,-0.322,-0.024,1.13,0.664,3,0.011,24.758,0.002,-0.13,296.296,0.414,-0.533
00:17.5,1.57287E+12,-0.322,-0.024,1.13,0.664,3,0.011,24.752,0.002,-0.13,296.708,0.416,-0.533
00:17.5,1.57287E+12,-0.323,-0.025,1.13,0.664,3,0.011,24.747,0.002,-0.13,297.121,0.418,-0.534
00:17.5,1.57287E+12,-0.323,-0.026,1.13,0.664,3,0.011,24.741,0.002,-0.129,297.533,0.42,-0.534
00:17.5,1.57287E+12,-0.324,-0.027,1.13,0.664,3,0.011,24.736,0.002,-0.128,297.945,0.422,-0.534
00:17.6,1.57287E+12,-0.324,-0.028,1.13,0.664,3,0.011,24.731,0.002,-0.127,298.358,0.423,-0.534
00:17.6,1.57287E+12,-0.325,-0.03,1.13,0.664,3,0.011,24.725,0.002,-0.125,298.77,0.425,-0.534
00:17.6,1.57287E+12,-0.325,-0.032,1.13,0.664,3,0.011,24.72,0.002,-0.123,299.182,0.427,-0.534
00:17.6,1.57287E+12,-0.325,-0.035,1.13,0.664,3,0.011,24.714,0.002,-0.121,299.594,0.429,-0.534
00:17.6,1.57287E+12,-0.326,-0.037,1.13,0.664,3,0.011,24.709,0.002,-0.119,300.006,0.431,-0.535
00:17.6,1.57287E+12,-0.326,-0.039,1.13,0.664,3,0.011,24.704,0.002,-0.117,300.417,0.432,-0.535
00:17.6,1.57287E+12,-0.326,-0.041,1.13,0.664,3,0.012,24.698,0.002,-0.115,300.829,0.434,-0.535
00:17.7,1.57287E+12,-0.326,-0.043,1.13,0.664,3,0.012,24.693,0.002,-0.113,301.241,0.436,-0.535
00:17.7,1.57287E+12,-0.327,-0.045,1.13,0.664,3,0.012,24.687,0.002,-0.111,301.652,0.438,-0.535
00:17.7,1.57287E+12,-0.327,-0.047,1.13,0.664,3,0.012,24.682,0.002,-0.108,302.064,0.44,-0.535
00:17.7,1.57287E+12,-0.327,-0.05,1.13,0.664,3,0.013,24.676,0.003,-0.107,302.475,0.441,-0.535
00:17.7,1.57287E+12,-0.327,-0.052,1.13,0.664,3,0.013,24.671,0.003,-0.105,302.886,0.443,-0.535
00:17.7,1.57287E+12,-0.327,-0.055,1.13,0.664,3,0.013,24.665,0.003,-0.103,303.297,0.445,-0.535
00:17.8,1.57287E+12,-0.328,-0.058,1.13,0.664,3,0.014,24.66,0.003,-0.101,303.708,0.446,-0.535
00:17.8,1.57287E+12,-0.328,-0.061,1.13,0.664,3,0.014,24.655,0.003,-0.1,304.119,0.448,-0.535
00:17.8,1.57287E+12,-0.328,-0.064,1.13,0.664,3,0.015,24.649,0.003,-0.099,304.53,0.45,-0.535
00:17.8,1.57287E+12,-0.328,-0.067,1.13,0.664,3,0.015,24.644,0.004,-0.098,304.941,0.451,-0.536
00:17.8,1.57287E+12,-0.328,-0.071,1.13,0.664,3,0.016,24.638,0.004,-0.097,305.352,0.453,-0.536
00:17.8,1.57287E+12,-0.328,-0.074,1.13,0.664,3,0.016,24.633,0.004,-0.096,305.762,0.455,-0.536
00:17.9,1.57287E+12,-0.328,-0.076,1.13,0.664,3,0.017,24.627,0.004,-0.095,306.173,0.456,-0.536
00:17.9,1.57287E+12,-0.328,-0.079,1.13,0.664,3,0.018,24.622,0.005,-0.095,306.583,0.458,-0.536
00:17.9,1.57287E+12,-0.329,-0.081,1.13,0.664,3,0.018,24.616,0.005,-0.094,306.993,0.459,-0.536
00:17.9,1.57287E+12,-0.329,-0.083,1.13,0.664,3,0.019,24.611,0.005,-0.094,307.404,0.461,-0.536
00:17.9,1.57287E+12,-0.329,-0.085,1.13,0.664,3,0.02,24.605,0.006,-0.094,307.814,0.462,-0.535
00:17.9,1.57287E+12,-0.329,-0.086,1.13,0.664,3,0.02,24.6,0.006,-0.094,308.224,0.464,-0.535
00:18.0,1.57287E+12,-0.329,-0.087,1.13,0.664,3,0.021,24.594,0.006,-0.094,308.634,0.465,-0.535
00:18.0,1.57287E+12,-0.329,-0.088,1.13,0.664,3,0.022,24.589,0.007,-0.094,309.044,0.466,-0.535
00:18.0,1.57287E+12,-0.329,-0.088,1.13,0.664,3,0.022,24.583,0.007,-0.095,309.453,0.468,-0.535
00:18.0,1.57287E+12,-0.329,-0.089,1.13,0.664,3,0.023,24.578,0.008,-0.095,309.863,0.469,-0.535
00:18.0,1.57287E+12,-0.329,-0.09,1.13,0.664,3,0.024,24.572,0.008,-0.095,310.273,0.471,-0.535
00:18.0,1.57287E+12,-0.329,-0.091,1.13,0.664,3,0.024,24.567,0.008,-0.096,310.682,0.472,-0.535
00:18.1,1.57287E+12,-0.329,-0.092,1.13,0.664,3,0.025,24.561,0.009,-0.097,311.092,0.473,-0.535
00:18.1,1.57287E+12,-0.329,-0.093,1.13,0.664,3,0.025,24.556,0.009,-0.097,311.501,0.474,-0.535
00:18.1,1.57287E+12,-0.329,-0.094,1.13,0.664,3,0.026,24.55,0.009,-0.098,311.91,0.476,-0.535
00:18.1,1.57287E+12,-0.329,-0.094,1.13,0.664,3,0.026,24.545,0.009,-0.099,312.319,0.477,-0.535
00:18.1,1.57287E+12,-0.329,-0.094,1.13,0.664,3,0.027,24.539,0.01,-0.099,312.728,0.478,-0.535
00:18.1,1.57287E+12,-0.329,-0.094,1.13,0.664,3,0.027,24.535,0.01,-0.1,313.086,0.479,-0.535
00:18.2,1.57287E+12,-0.329,-0.094,0.983,0.664,3,0.028,24.529,0.01,-0.101,313.495,0.48,-0.535
00:18.2,1.57287E+12,-0.33,-0.094,0.983,0.664,3,0.028,24.524,0.01,-0.101,313.904,0.481,-0.535
00:18.2,1.57287E+12,-0.332,-0.094,0.983,0.664,3,0.029,24.518,0.01,-0.102,314.312,0.482,-0.535
00:18.2,1.57287E+12,-0.333,-0.093,0.983,0.664,3,0.029,24.513,0.01,-0.103,314.721,0.483,-0.535
00:18.2,1.57287E+12,-0.333,-0.093,0.983,0.664,3,0.029,24.507,0.01,-0.103,315.129,0.484,-0.535
00:18.2,1.57287E+12,-0.333,-0.092,0.983,0.664,3,0.03,24.501,0.01,-0.104,315.538,0.485,-0.535
00:18.3,1.57287E+12,-0.333,-0.091,1.423,0.664,3,0.03,24.496,0.01,-0.104,315.946,0.486,-0.535
00:18.3,1.57287E+12,-0.328,-0.09,1.423,0.664,3,0.03,24.491,0.01,-0.105,316.354,0.487,-0.535
00:18.3,1.57287E+12,-0.322,-0.089,1.423,0.664,3,0.031,24.485,0.009,-0.105,316.763,0.488,-0.535
00:18.3,1.57287E+12,-0.32,-0.087,1.423,0.664,3,0.031,24.48,0.009,-0.105,317.171,0.489,-0.535
00:18.3,1.57287E+12,-0.319,-0.086,1.423,0.664,3,0.031,24.475,0.009,-0.105,317.579,0.49,-0.535
00:18.3,1.57287E+12,-0.318,-0.084,1.423,0.664,3,0.031,24.469,0.009,-0.105,317.986,0.491,-0.535
00:18.3,1.57287E+12,-0.318,-0.083,2.082,0.664,3,0.031,24.464,0.009,-0.105,318.394,0.492,-0.535
00:18.4,1.57287E+12,-0.312,-0.081,2.082,0.664,3,0.031,24.459,0.009,-0.105,318.802,0.492,-0.535
00:18.4,1.57287E+12,-0.303,-0.08,2.082,0.664,3,0.031,24.454,0.008,-0.105,319.209,0.493,-0.535
00:18.4,1.57287E+12,-0.298,-0.078,2.082,0.664,3,0.031,24.449,0.008,-0.104,319.617,0.494,-0.535
00:18.4,1.57287E+12,-0.296,-0.077,2.082,0.664,3,0.031,24.444,0.008,-0.104,320.024,0.495,-0.535
00:18.4,1.57287E+12,-0.296,-0.075,2.082,0.664,3,0.031,24.439,0.008,-0.103,320.432,0.495,-0.535
00:18.4,1.57287E+12,-0.296,-0.074,6.257,0.664,3,0.031,24.434,0.008,-0.102,320.839,0.496,-0.535
00:18.5,1.57287E+12,-0.29,-0.073,6.257,0.664,3,0.031,24.43,0.008,-0.101,321.246,0.497,-0.535
00:18.5,1.57287E+12,-0.271,-0.07,6.257,0.664,3,0.031,24.425,0.007,-0.101,321.653,0.497,-0.535
00:18.5,1.57287E+12,-0.243,-0.068,6.257,0.664,3,0.031,24.422,0.007,-0.099,322.061,0.498,-0.535
00:18.5,1.57287E+12,-0.214,-0.066,6.257,0.664,3,0.03,24.419,0.007,-0.098,322.467,0.499,-0.535
00:18.5,1.57287E+12,-0.188,-0.065,6.257,0.664,3,0.03,24.416,0.007,-0.096,322.874,0.499,-0.535
00:18.5,1.57287E+12,-0.169,-0.064,11.604,0.664,3,0.03,24.413,0.007,-0.095,323.281,0.5,-0.535
00:18.6,1.57287E+12,-0.155,-0.064,11.604,0.664,3,0.03,24.411,0.006,-0.093,323.688,0.5,-0.535
00:18.6,1.57287E+12,-0.133,-0.063,11.604,0.664,3,0.029,24.409,0.006,-0.09,324.095,0.501,-0.535
00:18.6,1.57287E+12,-0.093,-0.063,11.604,0.664,3,0.029,24.408,0.006,-0.088,324.502,0.501,-0.535
00:18.6,1.57287E+12,-0.048,-0.062,11.604,0.664,3,0.029,24.408,0.006,-0.084,324.909,0.502,-0.535
00:18.6,1.57287E+12,-0.01,-0.061,11.604,0.664,3,0.029,24.408,0.006,-0.081,325.315,0.502,-0.535
00:18.6,1.57287E+12,0.015,-0.061,12.117,0.664,3,0.028,24.409,0.005,-0.077,325.722,0.503,-0.535
00:18.7,1.57287E+12,0.026,-0.06,12.117,0.664,3,0.028,24.409,0.005,-0.073,326.129,0.503,-0.535
00:18.7,1.57287E+12,0.029,-0.059,12.117,0.664,3,0.028,24.41,0.005,-0.069,326.536,0.504,-0.535
00:18.7,1.57287E+12,0.028,-0.059,12.117,0.664,3,0.028,24.41,0.005,-0.065,326.943,0.504,-0.535
00:18.7,1.57287E+12,0.025,-0.058,12.117,0.664,3,0.027,24.411,0.005,-0.061,327.35,0.505,-0.535
00:18.7,1.57287E+12,0.024,-0.058,12.117,0.664,3,0.027,24.411,0.005,-0.057,327.756,0.505,-0.535
00:18.7,1.57287E+12,0.022,-0.058,13.435,0.664,3,0.027,24.411,0.005,-0.053,328.163,0.505,-0.535
00:18.8,1.57287E+12,0.022,-0.057,13.435,0.664,3,0.027,24.412,0.004,-0.05,328.57,0.506,-0.535
00:18.8,1.57287E+12,0.026,-0.057,13.435,0.664,3,0.027,24.412,0.004,-0.047,328.977,0.506,-0.535
00:18.8,1.57287E+12,0.034,-0.057,13.435,0.664,3,0.026,24.413,0.004,-0.043,329.384,0.506,-0.534
00:18.8,1.57287E+12,0.046,-0.057,13.435,0.664,3,0.026,24.414,0.004,-0.041,329.791,0.507,-0.534
00:18.8,1.57287E+12,0.056,-0.057,13.435,0.664,3,0.026,24.415,0.004,-0.038,330.198,0.507,-0.534
00:18.8,1.57287E+12,0.065,-0.057,13.655,0.664,3,0.026,24.416,0.004,-0.036,330.605,0.507,-0.534
00:18.9,1.57287E+12,0.069,-0.057,13.655,0.664,3,0.026,24.417,0.004,-0.034,331.012,0.508,-0.534
00:18.9,1.57287E+12,0.072,-0.057,13.655,0.664,3,0.025,24.419,0.004,-0.032,331.419,0.508,-0.534
00:18.9,1.57287E+12,0.073,-0.057,13.655,0.664,3,0.025,24.42,0.004,-0.03,331.826,0.508,-0.534
00:18.9,1.57287E+12,0.074,-0.058,13.655,0.664,3,0.025,24.421,0.004,-0.029,332.233,0.508,-0.534
00:18.9,1.57287E+12,0.074,-0.058,13.655,0.664,3,0.025,24.422,0.004,-0.028,332.64,0.508,-0.534
00:18.9,1.57287E+12,0.074,-0.058,13.655,0.664,3,0.025,24.424,0.004,-0.028,333.047,0.509,-0.534
00:19.0,1.57287E+12,0.074,-0.059,13.655,0.664,3,0.025,24.425,0.004,-0.028,333.454,0.509,-0.534
00:19.0,1.57287E+12,0.074,-0.059,13.655,0.664,3,0.025,24.426,0.004,-0.028,333.861,0.509,-0.534
00:19.0,1.57287E+12,0.074,-0.059,13.655,0.664,3,0.025,24.427,0.004,-0.028,334.268,0.509,-0.534
00:19.0,1.57287E+12,0.074,-0.06,13.655,0.664,3,0.024,24.429,0.005,-0.028,334.675,0.509,-0.534
00:19.0,1.57287E+12,0.074,-0.06,13.655,0.664,3,0.024,24.43,0.005,-0.029,335.082,0.509,-0.534
00:19.0,1.57287E+12,0.074,-0.061,13.948,0.664,3,0.024,24.431,0.005,-0.03,335.489,0.509,-0.534
00:19.1,1.57287E+12,0.075,-0.061,13.948,0.664,3,0.024,24.432,0.005,-0.03,335.922,0.51,-0.534
00:19.1,1.57287E+12,0.076,-0.061,13.948,0.664,3,0.024,24.434,0.005,-0.031,336.304,0.51,-0.534
00:19.1,1.57287E+12,0.078,-0.062,13.948,0.664,3,0.024,24.435,0.005,-0.032,336.711,0.51,-0.534
00:19.1,1.57287E+12,0.081,-0.062,13.948,0.664,3,0.024,24.436,0.005,-0.033,337.118,0.51,-0.534
00:19.1,1.57287E+12,0.083,-0.062,13.948,0.664,3,0.024,24.438,0.005,-0.034,337.526,0.51,-0.534
00:19.1,1.57287E+12,0.085,-0.063,14.094,0.664,3,0.024,24.439,0.005,-0.034,337.933,0.51,-0.534
00:19.2,1.57287E+12,0.086,-0.063,14.094,0.664,3,0.024,24.441,0.005,-0.035,338.366,0.51,-0.534
00:19.2,1.57287E+12,0.087,-0.063,14.094,0.664,3,0.024,24.442,0.005,-0.036,338.748,0.51,-0.534
00:19.2,1.57287E+12,0.088,-0.064,14.094,0.664,3,0.024,24.443,0.005,-0.036,339.155,0.509,-0.535
00:19.2,1.57287E+12,0.089,-0.064,14.094,0.664,3,0.024,24.445,0.005,-0.037,339.588,0.509,-0.535
00:19.2,1.57287E+12,0.09,-0.064,14.094,0.664,3,0.024,24.446,0.005,-0.038,339.97,0.509,-0.535
00:19.2,1.57287E+12,0.09,-0.065,13.948,0.2,3,0.024,24.448,0.005,-0.038,340.403,0.509,-0.535
00:19.3,1.57287E+12,0.09,-0.065,13.948,0.2,3,0.024,24.449,0.005,-0.039,340.785,0.509,-0.535
00:19.3,1.57287E+12,0.09,-0.065,13.948,0.2,3,0.024,24.451,0.005,-0.039,341.218,0.509,-0.535
00:19.3,1.57287E+12,0.089,-0.065,13.948,0.2,3,0.024,24.452,0.006,-0.04,341.6,0.509,-0.535
00:19.3,1.57287E+12,0.087,-0.066,13.948,0.2,3,0.024,24.454,0.006,-0.04,342.007,0.509,-0.535
00:19.3,1.57287E+12,0.086,-0.066,13.948,0.2,3,0.024,24.455,0.006,-0.041,342.44,0.508,-0.535
00:19.3,1.57287E+12,0.085,-0.066,11.604,0.664,3,0.024,24.457,0.006,-0.041,342.848,0.508,-0.535
00:19.3,1.57287E+12,0.083,-0.066,11.604,0.664,3,0.024,24.458,0.006,-0.041,343.23,0.508,-0.535
00:19.4,1.57287E+12,0.075,-0.066,11.604,0.664,3,0.024,24.459,0.006,-0.042,343.663,0.508,-0.535
00:19.4,1.57287E+12,0.058,-0.066,11.604,0.664,3,0.024,24.46,0.006,-0.042,344.071,0.507,-0.535
00:19.4,1.57287E+12,0.035,-0.066,11.604,0.664,3,0.024,24.46,0.006,-0.043,344.479,0.507,-0.535
00:19.4,1.57287E+12,0.013,-0.066,11.604,0.664,3,0.024,24.46,0.006,-0.043,344.886,0.507,-0.535
00:19.4,1.57287E+12,0,-0.066,2.082,0.664,3,0.024,24.46,0.006,-0.044,345.268,0.506,-0.535
00:19.4,1.57287E+12,-0.006,-0.066,2.082,0.664,3,0.024,24.46,0.006,-0.045,345.523,0.506,-0.535
00:19.5,1.57287E+12,-0.028,-0.066,2.082,0.664,3,0.024,24.459,0.006,-0.046,345.956,0.506,-0.535
00:19.5,1.57287E+12,-0.083,-0.066,2.082,0.664,3,0.024,24.456,0.006,-0.047,346.364,0.505,-0.535
00:19.5,1.57287E+12,-0.17,-0.068,2.082,0.664,3,0.024,24.452,0.006,-0.049,346.772,0.505,-0.535
00:19.6,1.57287E+12,-0.258,-0.072,2.082,0.664,3,0.025,24.447,0.005,-0.051,347.179,0.504,-0.535
00:19.6,1.57287E+12,-0.322,-0.073,2.082,0.664,3,0.025,24.441,0.005,-0.054,347.586,0.504,-0.535
00:19.6,1.57287E+12,-0.34,-0.073,1.13,0.664,3,0.025,24.435,0.005,-0.057,347.994,0.504,-0.535
00:19.6,1.57287E+12,-0.32,-0.072,1.13,0.664,3,0.026,24.43,0.005,-0.06,348.401,0.503,-0.535
00:19.6,1.57287E+12,-0.313,-0.071,1.13,0.664,3,0.026,24.425,0.006,-0.063,348.783,0.503,-0.535
00:19.6,1.57287E+12,-0.33,-0.071,1.13,0.664,3,0.026,24.419,0.006,-0.066,349.215,0.502,-0.535
00:19.6,1.57287E+12,-0.328,-0.071,1.13,0.664,3,0.026,24.414,0.006,-0.07,349.622,0.501,-0.535
00:19.7,1.57287E+12,-0.328,-0.072,1.13,0.664,3,0.026,24.408,0.006,-0.073,350.029,0.501,-0.535
00:19.7,1.57287E+12,-0.327,-0.072,1.13,0.664,3,0.027,24.403,0.006,-0.077,350.436,0.5,-0.535
00:19.7,1.57287E+12,-0.327,-0.072,1.13,0.664,3,0.027,24.397,0.006,-0.08,350.842,0.5,-0.535
00:19.7,1.57287E+12,-0.327,-0.072,1.13,0.664,3,0.027,24.392,0.006,-0.083,351.249,0.499,-0.534
00:19.7,1.57287E+12,-0.327,-0.073,1.13,0.664,3,0.027,24.386,0.006,-0.086,351.655,0.498,-0.534
00:19.8,1.57287E+12,-0.326,-0.073,1.13,0.664,3,0.027,24.381,0.006,-0.089,352.062,0.498,-0.534
00:19.8,1.57287E+12,-0.326,-0.074,1.13,0.664,3,0.027,24.376,0.006,-0.092,352.468,0.497,-0.534
00:19.8,1.57287E+12,-0.326,-0.074,1.13,0.664,3,0.028,24.37,0.007,-0.095,352.874,0.496,-0.534
00:19.8,1.57287E+12,-0.326,-0.074,1.13,0.664,3,0.028,24.365,0.007,-0.098,353.28,0.496,-0.534
00:19.8,1.57287E+12,-0.326,-0.075,1.13,0.664,3,0.028,24.359,0.007,-0.1,353.686,0.495,-0.534
00:19.8,1.57287E+12,-0.326,-0.075,1.13,0.664,3,0.028,24.354,0.007,-0.102,354.092,0.494,-0.534
00:19.9,1.57287E+12,-0.326,-0.075,1.13,0.664,3,0.028,24.348,0.007,-0.104,354.498,0.493,-0.534
00:19.9,1.57287E+12,-0.326,-0.075,1.13,0.664,3,0.028,24.343,0.007,-0.106,354.904,0.493,-0.534
00:19.9,1.57287E+12,-0.326,-0.076,1.13,0.664,3,0.028,24.337,0.007,-0.107,355.31,0.492,-0.534
00:19.9,1.57287E+12,-0.326,-0.076,1.13,0.664,3,0.028,24.332,0.007,-0.108,355.715,0.491,-0.534
00:19.9,1.57287E+12,-0.326,-0.076,1.13,0.664,3,0.029,24.327,0.007,-0.109,356.121,0.49,-0.534
00:19.9,1.57287E+12,-0.326,-0.076,1.13,0.664,3,0.029,24.321,0.007,-0.11,356.526,0.489,-0.534
00:20.0,1.57287E+12,-0.326,-0.076,1.13,0.664,3,0.029,24.316,0.007,-0.111,356.931,0.488,-0.534
00:20.0,1.57287E+12,-0.326,-0.075,1.13,0.664,3,0.029,24.31,0.007,-0.111,357.337,0.487,-0.534
00:20.0,1.57287E+12,-0.326,-0.075,1.13,0.664,3,0.029,24.305,0.007,-0.111,357.742,0.486,-0.534
00:20.0,1.57287E+12,-0.326,-0.075,1.13,0.664,3,0.029,24.299,0.007,-0.111,358.147,0.485,-0.534
00:20.0,1.57287E+12,-0.326,-0.075,1.13,0.664,3,0.029,24.294,0.007,-0.111,358.552,0.484,-0.535
00:20.0,1.57287E+12,-0.325,-0.075,1.13,0.664,3,0.029,24.289,0.007,-0.11,358.957,0.483,-0.535
00:20.0,1.57287E+12,-0.325,-0.075,1.13,0.664,3,0.029,24.283,0.007,-0.11,359.361,0.482,-0.535
00:20.1,1.57287E+12,-0.325,-0.074,1.13,0.664,3,0.029,24.278,0.007,-0.109,359.766,0.481,-0.535
00:20.1,1.57287E+12,-0.325,-0.074,1.13,0.664,3,0.029,24.272,0.007,-0.108,360.171,0.48,-0.535
00:20.1,1.57287E+12,-0.325,-0.073,1.13,0.664,3,0.029,24.267,0.007,-0.108,360.575,0.479,-0.535
00:20.1,1.57287E+12,-0.325,-0.073,1.13,0.664,3,0.029,24.261,0.007,-0.107,360.98,0.478,-0.535
00:20.1,1.57287E+12,-0.325,-0.072,1.13,0.664,3,0.029,24.256,0.007,-0.106,361.384,0.477,-0.535
00:20.1,1.57287E+12,-0.325,-0.072,1.13,0.664,3,0.029,24.251,0.007,-0.105,361.788,0.476,-0.535
00:20.2,1.57287E+12,-0.325,-0.072,1.13,0.664,3,0.029,24.245,0.007,-0.104,362.192,0.474,-0.535
00:20.2,1.57287E+12,-0.325,-0.071,1.13,0.664,3,0.029,24.24,0.007,-0.103,362.596,0.473,-0.535
00:20.2,1.57287E+12,-0.324,-0.07,1.13,0.664,3,0.029,24.234,0.007,-0.102,363,0.472,-0.535
00:20.2,1.57287E+12,-0.324,-0.07,1.13,0.664,3,0.029,24.229,0.007,-0.102,363.404,0.471,-0.535
00:20.2,1.57287E+12,-0.324,-0.069,1.13,0.664,3,0.029,24.224,0.007,-0.101,363.808,0.469,-0.535
00:20.2,1.57287E+12,-0.324,-0.068,1.13,0.664,3,0.029,24.218,0.007,-0.1,364.212,0.468,-0.535
00:20.3,1.57287E+12,-0.324,-0.067,1.13,0.664,3,0.029,24.213,0.007,-0.099,364.615,0.467,-0.535
00:20.3,1.57287E+12,-0.324,-0.066,1.13,0.664,3,0.029,24.207,0.007,-0.099,365.019,0.466,-0.535
00:20.3,1.57287E+12,-0.324,-0.064,1.13,0.664,3,0.029,24.202,0.007,-0.098,365.422,0.464,-0.535
00:20.3,1.57287E+12,-0.324,-0.063,1.13,0.664,3,0.029,24.197,0.006,-0.098,365.825,0.463,-0.535
00:20.3,1.57287E+12,-0.324,-0.061,1.13,0.664,3,0.029,24.191,0.006,-0.097,366.229,0.462,-0.535
00:20.3,1.57287E+12,-0.324,-0.059,1.13,0.664,3,0.029,24.186,0.006,-0.097,366.632,0.46,-0.535
00:20.4,1.57287E+12,-0.324,-0.058,1.13,0.664,3,0.029,24.181,0.006,-0.097,366.984,0.459,-0.535
00:20.4,1.57287E+12,-0.324,-0.056,0.983,0.664,3,0.029,24.176,0.006,-0.097,367.387,0.458,-0.535
00:20.4,1.57287E+12,-0.327,-0.054,0.983,0.664,3,0.028,24.17,0.006,-0.096,367.79,0.456,-0.535
00:20.4,1.57287E+12,-0.328,-0.053,0.983,0.664,3,0.028,24.165,0.006,-0.096,368.193,0.455,-0.535
00:20.4,1.57287E+12,-0.328,-0.051,0.983,0.664,3,0.028,24.159,0.006,-0.096,368.596,0.453,-0.535
00:20.4,1.57287E+12,-0.328,-0.05,0.983,0.664,3,0.028,24.154,0.006,-0.096,368.998,0.452,-0.535
00:20.5,1.57287E+12,-0.328,-0.049,0.983,0.664,3,0.027,24.148,0.006,-0.096,369.401,0.45,-0.535
00:20.5,1.57287E+12,-0.327,-0.048,1.13,0.664,3,0.027,24.143,0.006,-0.096,369.803,0.449,-0.535
00:20.5,1.57287E+12,-0.325,-0.047,1.13,0.664,3,0.027,24.138,0.006,-0.096,370.206,0.447,-0.535
00:20.5,1.57287E+12,-0.324,-0.046,1.13,0.664,3,0.026,24.132,0.005,-0.096,370.608,0.446,-0.535
00:20.5,1.57287E+12,-0.323,-0.045,1.13,0.664,3,0.026,24.127,0.005,-0.097,371.01,0.444,-0.535
00:20.5,1.57287E+12,-0.323,-0.044,1.13,0.664,3,0.026,24.121,0.005,-0.097,371.412,0.443,-0.535
00:20.6,1.57287E+12,-0.323,-0.044,1.13,0.664,3,0.025,24.116,0.005,-0.097,371.814,0.441,-0.535
00:20.6,1.57287E+12,-0.323,-0.043,1.13,0.664,3,0.025,24.111,0.005,-0.097,372.216,0.44,-0.535
00:20.6,1.57287E+12,-0.323,-0.042,1.13,0.664,3,0.025,24.105,0.004,-0.097,372.618,0.438,-0.535
00:20.6,1.57287E+12,-0.323,-0.041,1.13,0.664,3,0.024,24.1,0.004,-0.098,373.019,0.437,-0.535
00:20.6,1.57287E+12,-0.323,-0.04,1.13,0.664,3,0.024,24.094,0.004,-0.098,373.421,0.435,-0.535
00:20.6,1.57287E+12,-0.323,-0.039,1.13,0.664,3,0.024,24.089,0.004,-0.098,373.823,0.433,-0.535
00:20.7,1.57287E+12,-0.323,-0.038,1.13,0.664,3,0.023,24.084,0.004,-0.098,374.224,0.432,-0.535
00:20.7,1.57287E+12,-0.321,-0.037,1.643,0.664,3,0.023,24.078,0.004,-0.099,374.625,0.43,-0.535
00:20.7,1.57287E+12,-0.313,-0.036,1.643,0.664,3,0.023,24.073,0.004,-0.099,375.027,0.429,-0.535
00:20.7,1.57287E+12,-0.308,-0.034,1.643,0.664,3,0.022,24.068,0.003,-0.099,375.428,0.427,-0.535
00:20.7,1.57287E+12,-0.306,-0.034,1.643,0.664,3,0.022,24.063,0.003,-0.099,375.829,0.425,-0.535
00:20.7,1.57287E+12,-0.305,-0.033,1.643,0.664,3,0.022,24.058,0.003,-0.099,376.23,0.424,-0.535
00:20.8,1.57287E+12,-0.305,-0.033,1.643,0.664,3,0.021,24.053,0.003,-0.099,376.631,0.422,-0.535
00:20.8,1.57287E+12,-0.303,-0.032,2.302,0.664,3,0.021,24.048,0.003,-0.099,377.032,0.42,-0.535
00:20.8,1.57287E+12,-0.293,-0.031,2.302,0.664,3,0.021,24.043,0.003,-0.099,377.433,0.419,-0.535
00:20.8,1.57287E+12,-0.286,-0.031,2.302,0.664,3,0.02,24.039,0.003,-0.098,377.833,0.417,-0.535
00:20.8,1.57287E+12,-0.283,-0.031,2.302,0.664,3,0.02,24.034,0.003,-0.098,378.234,0.415,-0.535
00:20.8,1.57287E+12,-0.282,-0.031,2.302,0.664,3,0.02,24.029,0.003,-0.098,378.634,0.413,-0.535
00:20.9,1.57287E+12,-0.282,-0.031,2.302,0.664,3,0.019,24.025,0.003,-0.097,379.035,0.412,-0.535
00:20.9,1.57287E+12,-0.281,-0.03,2.961,0.664,3,0.019,24.02,0.003,-0.097,379.435,0.41,-0.535
00:20.9,1.57287E+12,-0.273,-0.03,2.961,0.664,3,0.019,24.016,0.003,-0.096,379.835,0.408,-0.535
00:20.9,1.57287E+12,-0.263,-0.03,2.961,0.664,3,0.018,24.011,0.003,-0.095,380.236,0.407,-0.535
00:20.9,1.57287E+12,-0.259,-0.03,2.961,0.664,3,0.018,24.007,0.003,-0.095,380.636,0.405,-0.535
00:20.9,1.57287E+12,-0.259,-0.03,2.961,0.664,3,0.018,24.003,0.003,-0.094,381.036,0.403,-0.535
00:21.0,1.57287E+12,-0.259,-0.03,2.961,0.664,3,0.018,23.999,0.003,-0.093,381.386,0.401,-0.535
00:21.0,1.57287E+12,-0.259,-0.03,3.913,0.664,3,0.017,23.995,0.003,-0.092,381.786,0.4,-0.535
00:21.0,1.57287E+12,-0.256,-0.03,3.913,0.664,3,0.017,23.99,0.003,-0.092,382.186,0.398,-0.535
00:21.0,1.57287E+12,-0.247,-0.03,3.913,0.664,3,0.017,23.986,0.003,-0.091,382.586,0.396,-0.535
00:21.0,1.57287E+12,-0.238,-0.03,3.913,0.664,3,0.017,23.983,0.003,-0.09,382.985,0.394,-0.535
00:21.0,1.57287E+12,-0.231,-0.03,3.913,0.664,3,0.016,23.979,0.003,-0.089,383.385,0.393,-0.535
00:21.1,1.57287E+12,-0.226,-0.031,3.913,0.664,3,0.016,23.975,0.003,-0.088,383.785,0.391,-0.535
00:21.1,1.57287E+12,-0.223,-0.031,5.305,0.664,3,0.016,23.971,0.003,-0.087,384.184,0.389,-0.535
00:21.1,1.57287E+12,-0.221,-0.031,5.305,0.664,3,0.016,23.968,0.003,-0.086,384.584,0.387,-0.535
00:21.1,1.57287E+12,-0.217,-0.031,5.305,0.664,3,0.016,23.964,0.003,-0.085,384.983,0.385,-0.535
00:21.1,1.57287E+12,-0.212,-0.031,5.305,0.664,3,0.016,23.961,0.003,-0.084,385.382,0.383,-0.535
00:21.1,1.57287E+12,-0.205,-0.031,5.305,0.664,3,0.015,23.957,0.003,-0.083,385.782,0.382,-0.535
00:21.1,1.57287E+12,-0.198,-0.032,5.305,0.664,3,0.015,23.954,0.003,-0.082,386.181,0.38,-0.535
00:21.2,1.57287E+12,-0.192,-0.032,6.477,0.664,3,0.015,23.951,0.003,-0.082,386.58,0.378,-0.535
00:21.2,1.57287E+12,-0.186,-0.032,6.477,0.664,3,0.015,23.948,0.003,-0.081,386.979,0.376,-0.535
00:21.2,1.57287E+12,-0.179,-0.032,6.477,0.664,3,0.015,23.945,0.003,-0.08,387.378,0.374,-0.535
00:21.2,1.57287E+12,-0.17,-0.033,6.477,0.664,3,0.015,23.943,0.003,-0.079,387.778,0.372,-0.535
00:21.2,1.57287E+12,-0.161,-0.033,6.477,0.664,3,0.015,23.94,0.003,-0.078,388.177,0.37,-0.535
00:21.2,1.57287E+12,-0.154,-0.033,6.477,0.664,3,0.015,23.938,0.003,-0.077,388.526,0.369,-0.535
00:21.3,1.57287E+12,-0.148,-0.033,7.649,0.664,3,0.015,23.935,0.003,-0.076,388.925,0.367,-0.535
00:21.3,1.57287E+12,-0.144,-0.034,7.649,0.664,3,0.014,23.933,0.003,-0.075,389.323,0.365,-0.535
00:21.3,1.57287E+12,-0.138,-0.034,7.649,0.664,3,0.014,23.931,0.003,-0.074,389.722,0.363,-0.535
00:21.3,1.57287E+12,-0.13,-0.034,7.649,0.664,3,0.014,23.929,0.003,-0.073,390.121,0.361,-0.535
00:21.3,1.57287E+12,-0.121,-0.033,7.649,0.664,3,0.014,23.927,0.003,-0.072,390.52,0.359,-0.535
00:21.3,1.57287E+12,-0.114,-0.033,7.649,0.664,3,0.014,23.925,0.003,-0.071,390.919,0.357,-0.535
00:21.4,1.57287E+12,-0.11,-0.033,8.308,0.664,3,0.014,23.923,0.003,-0.07,391.317,0.355,-0.535
00:21.4,1.57287E+12,-0.107,-0.032,8.308,0.664,3,0.014,23.922,0.003,-0.069,391.716,0.353,-0.535
00:21.4,1.57287E+12,-0.104,-0.031,8.308,0.664,3,0.014,23.92,0.003,-0.068,392.115,0.351,-0.535
00:21.4,1.57287E+12,-0.1,-0.03,8.308,0.664,3,0.014,23.918,0.003,-0.067,392.513,0.349,-0.535
00:21.4,1.57287E+12,-0.096,-0.029,8.308,0.664,3,0.014,23.917,0.003,-0.067,392.912,0.347,-0.535
00:21.4,1.57287E+12,-0.092,-0.028,8.308,0.664,3,0.014,23.915,0.003,-0.066,393.311,0.345,-0.535
00:21.5,1.57287E+12,-0.09,-0.026,9.48,0.664,3,0.014,23.914,0.003,-0.065,393.709,0.343,-0.535
00:21.5,1.57287E+12,-0.088,-0.025,9.48,0.664,3,0.014,23.912,0.003,-0.064,394.108,0.341,-0.535
00:21.5,1.57287E+12,-0.082,-0.023,9.48,0.664,3,0.014,23.911,0.003,-0.063,394.506,0.339,-0.535
00:21.5,1.57287E+12,-0.073,-0.021,9.48,0.664,3,0.014,23.91,0.003,-0.063,394.905,0.337,-0.535
00:21.5,1.57287E+12,-0.063,-0.019,9.48,0.664,3,0.013,23.909,0.003,-0.062,395.303,0.335,-0.535
00:21.5,1.57287E+12,-0.055,-0.017,9.48,0.664,3,0.013,23.908,0.003,-0.061,395.702,0.333,-0.535
00:21.6,1.57287E+12,-0.052,-0.015,10.798,0.664,3,0.013,23.908,0.003,-0.061,396.1,0.331,-0.535
00:21.6,1.57287E+12,-0.049,-0.013,10.798,0.664,3,0.013,23.907,0.003,-0.06,396.499,0.329,-0.535
00:21.6,1.57287E+12,-0.042,-0.01,10.798,0.664,3,0.013,23.906,0.003,-0.059,396.897,0.327,-0.535
00:21.6,1.57287E+12,-0.03,-0.008,10.798,0.664,3,0.012,23.906,0.003,-0.059,397.296,0.324,-0.535
00:21.6,1.57287E+12,-0.018,-0.006,10.798,0.664,3,0.012,23.906,0.003,-0.058,397.694,0.322,-0.535
00:21.6,1.57287E+12,-0.009,-0.003,10.798,0.664,3,0.012,23.906,0.003,-0.057,398.092,0.32,-0.535
00:21.7,1.57287E+12,-0.006,-0.001,11.457,0.664,3,0.011,23.906,0.003,-0.057,398.491,0.318,-0.535
00:21.7,1.57287E+12,-0.006,0.001,11.457,0.664,3,0.011,23.906,0.002,-0.056,398.889,0.316,-0.535
00:21.7,1.57287E+12,-0.004,0.003,11.457,0.664,3,0.01,23.905,0.002,-0.055,399.288,0.314,-0.535
00:21.7,1.57287E+12,0.001,0.005,11.457,0.664,3,0.01,23.906,0.002,-0.054,399.686,0.312,-0.535
00:21.7,1.57287E+12,0.006,0.007,11.457,0.664,3,0.009,23.906,0.002,-0.054,400.085,0.31,-0.535
00:21.7,1.57287E+12,0.01,0.009,11.457,0.664,3,0.009,23.906,0.001,-0.053,400.483,0.308,-0.535
00:21.8,1.57287E+12,0.012,0.01,12.263,0.664,3,0.008,23.906,0.001,-0.052,400.881,0.306,-0.535
00:21.8,1.57287E+12,0.014,0.011,12.263,0.664,3,0.008,23.906,0.001,-0.051,401.28,0.304,-0.535
00:21.8,1.57287E+12,0.017,0.013,12.263,0.664,3,0.007,23.907,0,-0.051,401.678,0.302,-0.535
00:21.8,1.57287E+12,0.022,0.014,12.263,0.664,3,0.007,23.907,0,-0.05,402.077,0.3,-0.535
00:21.8,1.57287E+12,0.028,0.016,12.263,0.664,3,0.006,23.908,0,-0.049,402.475,0.298,-0.535
00:21.8,1.57287E+12,0.034,0.018,12.263,0.664,3,0.006,23.908,-0.001,-0.049,402.874,0.296,-0.535
00:21.9,1.57287E+12,0.037,0.02,13.435,0.664,3,0.005,23.909,-0.001,-0.048,403.272,0.294,-0.535
00:21.9,1.57287E+12,0.041,0.022,13.435,0.664,3,0.005,23.91,-0.001,-0.048,403.671,0.292,-0.535
00:21.9,1.57287E+12,0.047,0.024,13.435,0.664,3,0.004,23.911,-0.001,-0.047,404.069,0.29,-0.535
00:21.9,1.57287E+12,0.056,0.027,13.435,0.664,3,0.004,23.912,-0.002,-0.046,404.468,0.288,-0.535
00:21.9,1.57287E+12,0.066,0.029,13.435,0.664,3,0.003,23.913,-0.002,-0.046,404.866,0.286,-0.535
00:21.9,1.57287E+12,0.074,0.031,13.435,0.664,3,0.003,23.914,-0.002,-0.045,405.265,0.284,-0.535
00:21.9,1.57287E+12,0.079,0.033,13.801,0.664,3,0.002,23.916,-0.002,-0.044,405.663,0.282,-0.535
00:22.0,1.57287E+12,0.082,0.035,13.801,0.664,3,0.002,23.917,-0.002,-0.044,406.062,0.28,-0.535
00:22.0,1.57287E+12,0.085,0.036,13.801,0.664,3,0.001,23.919,-0.002,-0.043,406.46,0.278,-0.535
00:22.0,1.57287E+12,0.087,0.037,13.801,0.664,3,0.001,23.92,-0.002,-0.042,406.859,0.276,-0.535
00:22.0,1.57287E+12,0.089,0.037,13.801,0.664,3,0,23.922,-0.002,-0.042,407.258,0.274,-0.535
00:22.0,1.57287E+12,0.09,0.037,13.801,0.664,3,-0.001,23.923,-0.003,-0.041,407.657,0.272,-0.534
00:22.0,1.57287E+12,0.091,0.037,14.827,0.664,3,-0.001,23.925,-0.003,-0.04,408.055,0.27,-0.534
00:22.1,1.57287E+12,0.093,0.037,14.827,0.664,3,-0.002,23.926,-0.003,-0.04,408.454,0.268,-0.534
00:22.1,1.57287E+12,0.098,0.037,14.827,0.664,3,-0.002,23.928,-0.003,-0.039,408.853,0.266,-0.534
00:22.1,1.57287E+12,0.107,0.037,14.827,0.664,3,-0.003,23.93,-0.003,-0.039,409.252,0.264,-0.534
00:22.1,1.57287E+12,0.116,0.037,14.827,0.664,3,-0.003,23.932,-0.003,-0.038,409.65,0.262,-0.534
00:22.1,1.57287E+12,0.124,0.037,14.827,0.664,3,-0.004,23.934,-0.003,-0.037,410.049,0.26,-0.534
00:22.1,1.57287E+12,0.129,0.037,15.779,0.664,3,-0.004,23.936,-0.004,-0.037,410.448,0.259,-0.534
00:22.2,1.57287E+12,0.132,0.037,15.779,0.664,3,-0.005,23.939,-0.004,-0.036,410.847,0.257,-0.534
00:22.2,1.57287E+12,0.138,0.037,15.779,0.664,3,-0.005,23.941,-0.004,-0.035,411.246,0.255,-0.534
00:22.2,1.57287E+12,0.147,0.037,15.779,0.664,3,-0.005,23.944,-0.004,-0.035,411.645,0.253,-0.534
00:22.2,1.57287E+12,0.155,0.037,15.779,0.664,3,-0.006,23.946,-0.004,-0.034,412.044,0.251,-0.534
00:22.3,1.57287E+12,0.162,0.037,15.779,0.664,3,-0.006,23.949,-0.004,-0.033,412.443,0.249,-0.534
00:22.3,1.57287E+12,0.166,0.036,16.658,0.664,3,-0.006,23.952,-0.004,-0.032,412.843,0.248,-0.534
00:22.3,1.57287E+12,0.169,0.036,16.658,0.664,3,-0.007,23.955,-0.004,-0.032,413.242,0.246,-0.534
00:22.3,1.57287E+12,0.173,0.036,16.658,0.664,3,-0.007,23.958,-0.004,-0.031,413.641,0.244,-0.534
00:22.3,1.57287E+12,0.179,0.035,16.658,0.664,3,-0.007,23.961,-0.004,-0.03,414.04,0.242,-0.534
00:22.3,1.57287E+12,0.186,0.035,16.658,0.664,3,-0.007,23.964,-0.004,-0.029,414.44,0.241,-0.534
00:22.4,1.57287E+12,0.192,0.034,16.658,0.664,3,-0.008,23.967,-0.004,-0.028,414.839,0.239,-0.534
00:22.4,1.57287E+12,0.196,0.033,16.951,0.664,3,-0.008,23.97,-0.004,-0.028,415.239,0.237,-0.534
00:22.4,1.57287E+12,0.199,0.032,16.951,0.664,3,-0.008,23.974,-0.003,-0.027,415.638,0.235,-0.534
00:22.4,1.57287E+12,0.202,0.031,16.951,0.664,3,-0.008,23.977,-0.003,-0.026,416.038,0.234,-0.534
00:22.4,1.57287E+12,0.205,0.03,16.951,0.664,3,-0.008,23.981,-0.003,-0.025,416.437,0.232,-0.534
00:22.5,1.57287E+12,0.207,0.029,16.951,0.664,3,-0.008,23.984,-0.003,-0.024,416.837,0.23,-0.534
00:22.5,1.57287E+12,0.209,0.028,16.951,0.664,3,-0.008,23.988,-0.003,-0.024,417.237,0.228,-0.534
00:22.5,1.57287E+12,0.21,0.027,17.756,0.664,3,-0.009,23.991,-0.003,-0.023,417.637,0.227,-0.534
00:22.5,1.57287E+12,0.212,0.026,17.756,0.664,3,-0.009,23.995,-0.003,-0.022,418.037,0.225,-0.534
00:22.5,1.57287E+12,0.216,0.026,17.756,0.664,3,-0.009,23.998,-0.003,-0.022,418.437,0.223,-0.534
00:22.5,1.57287E+12,0.223,0.025,17.756,0.664,3,-0.009,24.002,-0.003,-0.021,418.837,0.222,-0.534
00:22.6,1.57287E+12,0.23,0.024,17.756,0.664,3,-0.009,24.006,-0.003,-0.021,419.237,0.22,-0.534
00:22.6,1.57287E+12,0.236,0.024,17.756,0.664,3,-0.009,24.01,-0.003,-0.02,419.637,0.218,-0.534
00:22.6,1.57287E+12,0.241,0.023,17.976,0.664,3,-0.009,24.014,-0.003,-0.02,420.037,0.217,-0.534
00:22.6,1.57287E+12,0.244,0.023,17.976,0.664,3,-0.009,24.018,-0.003,-0.019,420.437,0.215,-0.534
00:22.6,1.57287E+12,0.247,0.022,17.976,0.664,3,-0.009,24.023,-0.002,-0.019,420.838,0.213,-0.534
00:22.6,1.57287E+12,0.249,0.022,17.976,0.664,3,-0.009,24.027,-0.002,-0.018,421.238,0.212,-0.534
00:22.6,1.57287E+12,0.25,0.022,17.976,0.664,3,-0.009,24.031,-0.002,-0.018,421.638,0.21,-0.534
00:22.7,1.57287E+12,0.251,0.023,17.976,0.664,3,-0.009,24.035,-0.002,-0.017,422.039,0.209,-0.534
00:22.7,1.57287E+12,0.252,0.024,18.635,0.664,3,-0.009,24.039,-0.002,-0.017,422.44,0.207,-0.534
00:22.7,1.57287E+12,0.253,0.025,18.635,0.664,3,-0.009,24.044,-0.002,-0.016,422.84,0.205,-0.534
00:22.7,1.57287E+12,0.257,0.027,18.635,0.664,3,-0.009,24.048,-0.002,-0.016,423.241,0.204,-0.534
00:22.7,1.57287E+12,0.263,0.028,18.635,0.664,3,-0.008,24.052,-0.002,-0.016,423.642,0.202,-0.534
00:22.7,1.57287E+12,0.269,0.029,18.635,0.664,3,-0.008,24.057,-0.001,-0.015,424.043,0.2,-0.534
00:22.8,1.57287E+12,0.274,0.03,18.635,0.664,3,-0.009,24.062,-0.001,-0.015,424.444,0.199,-0.534
00:22.8,1.57287E+12,0.278,0.031,19.148,0.664,3,-0.009,24.066,-0.001,-0.015,424.845,0.197,-0.534
00:22.8,1.57287E+12,0.281,0.032,19.148,0.664,3,-0.009,24.071,-0.001,-0.014,425.246,0.196,-0.534
00:22.8,1.57287E+12,0.285,0.032,19.148,0.664,3,-0.009,24.076,-0.001,-0.014,425.647,0.194,-0.534
00:22.8,1.57287E+12,0.289,0.032,19.148,0.664,3,-0.009,24.081,-0.001,-0.014,426.048,0.193,-0.534
00:22.8,1.57287E+12,0.294,0.032,19.148,0.664,3,-0.009,24.086,-0.002,-0.013,426.45,0.191,-0.534
00:22.9,1.57287E+12,0.297,0.032,19.148,0.664,3,-0.009,24.091,-0.002,-0.013,426.851,0.19,-0.534
00:22.9,1.57287E+12,0.3,0.032,19.295,0.664,3,-0.01,24.096,-0.002,-0.013,427.253,0.188,-0.534
00:22.9,1.57287E+12,0.301,0.033,19.295,0.664,3,-0.01,24.101,-0.002,-0.012,427.654,0.187,-0.534
00:22.9,1.57287E+12,0.303,0.034,19.295,0.664,3,-0.01,24.106,-0.002,-0.012,428.056,0.185,-0.534
00:22.9,1.57287E+12,0.304,0.036,19.295,0.664,3,-0.01,24.111,-0.002,-0.011,428.458,0.184,-0.534
00:22.9,1.57287E+12,0.305,0.037,19.295,0.664,3,-0.01,24.116,-0.003,-0.011,428.86,0.182,-0.534
00:23.0,1.57287E+12,0.305,0.038,19.295,0.664,3,-0.01,24.121,-0.003,-0.011,429.262,0.181,-0.534
00:23.0,1.57287E+12,0.306,0.04,20.32,0.664,3,-0.01,24.126,-0.003,-0.01,429.664,0.179,-0.534
00:23.0,1.57287E+12,0.307,0.041,20.32,0.664,3,-0.011,24.132,-0.003,-0.01,430.091,0.178,-0.534
00:23.0,1.57287E+12,0.312,0.042,20.32,0.664,3,-0.011,24.137,-0.003,-0.009,430.493,0.176,-0.534
00:23.0,1.57287E+12,0.319,0.043,20.32,0.664,3,-0.011,24.142,-0.003,-0.009,430.871,0.175,-0.534
00:23.0,1.57287E+12,0.327,0.043,20.32,0.664,3,-0.011,24.147,-0.003,-0.009,431.273,0.173,-0.534
00:23.1,1.57287E+12,0.334,0.044,20.32,0.664,3,-0.011,24.153,-0.004,-0.008,431.675,0.172,-0.534
00:23.1,1.57287E+12,0.339,0.044,20.759,0.664,3,-0.012,24.159,-0.004,-0.008,432.078,0.171,-0.534
00:23.1,1.57287E+12,0.342,0.044,20.759,0.664,3,-0.012,24.165,-0.004,-0.007,432.481,0.169,-0.534
00:23.1,1.57287E+12,0.344,0.045,20.759,0.664,3,-0.012,24.17,-0.004,-0.007,432.884,0.168,-0.534
00:23.1,1.57287E+12,0.345,0.045,20.759,0.664,3,-0.012,24.176,-0.004,-0.006,433.286,0.166,-0.534
00:23.1,1.57287E+12,0.346,0.045,20.759,0.664,3,-0.012,24.182,-0.004,-0.006,433.689,0.165,-0.534
00:23.2,1.57287E+12,0.346,0.046,20.759,0.664,3,-0.013,24.188,-0.004,-0.005,434.092,0.164,-0.534
00:23.2,1.57287E+12,0.346,0.047,21.272,0.664,3,-0.013,24.193,-0.004,-0.005,434.496,0.162,-0.534
00:23.2,1.57287E+12,0.346,0.048,21.272,0.664,3,-0.013,24.199,-0.004,-0.004,434.899,0.161,-0.534
00:23.2,1.57287E+12,0.347,0.05,21.272,0.664,3,-0.013,24.205,-0.004,-0.004,435.302,0.16,-0.534
00:23.2,1.57287E+12,0.348,0.053,21.272,0.664,3,-0.013,24.211,-0.004,-0.004,435.706,0.159,-0.534
00:23.2,1.57287E+12,0.35,0.055,21.272,0.664,3,-0.013,24.217,-0.004,-0.003,436.135,0.157,-0.534
00:23.3,1.57287E+12,0.351,0.058,21.272,0.664,3,-0.013,24.222,-0.004,-0.003,436.513,0.156,-0.534
00:23.3,1.57287E+12,0.352,0.061,21.638,0.664,3,-0.013,24.228,-0.004,-0.002,436.917,0.155,-0.534
00:23.3,1.57287E+12,0.353,0.064,21.638,0.664,3,-0.014,24.234,-0.004,-0.002,437.321,0.154,-0.534
00:23.3,1.57287E+12,0.354,0.067,21.638,0.664,3,-0.014,24.24,-0.004,-0.002,437.725,0.152,-0.534
00:23.3,1.57287E+12,0.355,0.069,21.638,0.664,3,-0.014,24.246,-0.004,-0.002,438.129,0.151,-0.534
00:23.3,1.57287E+12,0.356,0.071,21.638,0.664,3,-0.015,24.252,-0.004,-0.002,438.533,0.15,-0.534
00:23.4,1.57287E+12,0.356,0.073,21.638,0.664,3,-0.015,24.258,-0.004,-0.001,438.937,0.149,-0.534
00:23.4,1.57287E+12,0.357,0.074,21.785,0.664,3,-0.016,24.264,-0.004,-0.001,439.341,0.148,-0.534
00:23.4,1.57287E+12,0.357,0.075,21.785,0.664,3,-0.016,24.27,-0.004,-0.001,439.746,0.147,-0.534
00:23.4,1.57287E+12,0.358,0.077,21.785,0.664,3,-0.017,24.276,-0.004,-0.001,440.15,0.146,-0.534
00:23.4,1.57287E+12,0.358,0.078,21.785,0.664,3,-0.017,24.282,-0.004,-0.001,440.555,0.145,-0.534
00:23.4,1.57287E+12,0.358,0.079,21.785,0.664,3,-0.018,24.288,-0.005,-0.001,440.96,0.144,-0.534
00:23.5,1.57287E+12,0.358,0.081,21.785,0.664,3,-0.018,24.294,-0.005,-0.001,441.365,0.143,-0.534
00:23.5,1.57287E+12,0.358,0.083,22.151,0.664,3,-0.019,24.3,-0.005,-0.001,441.795,0.141,-0.534
00:23.5,1.57287E+12,0.359,0.085,22.151,0.664,3,-0.019,24.306,-0.005,-0.001,442.175,0.141,-0.534
00:23.5,1.57287E+12,0.359,0.087,22.151,0.664,3,-0.02,24.312,-0.006,-0.001,442.58,0.14,-0.534
00:23.5,1.57287E+12,0.36,0.089,22.151,0.664,3,-0.02,24.318,-0.006,-0.001,442.985,0.139,-0.534
00:23.5,1.57287E+12,0.361,0.092,22.151,0.664,3,-0.021,24.324,-0.006,-0.001,443.39,0.138,-0.534
00:23.6,1.57287E+12,0.362,0.094,22.151,0.664,3,-0.021,24.33,-0.007,-0.001,443.796,0.137,-0.534
00:23.6,1.57287E+12,0.363,0.096,22.298,0.664,3,-0.022,24.336,-0.007,-0.001,444.201,0.136,-0.534
00:23.6,1.57287E+12,0.363,0.098,22.298,0.664,3,-0.022,24.342,-0.007,-0.001,444.632,0.135,-0.534
00:23.6,1.57287E+12,0.364,0.099,22.298,0.664,3,-0.023,24.348,-0.007,-0.002,445.013,0.135,-0.534
00:23.6,1.57287E+12,0.364,0.1,22.298,0.664,3,-0.024,24.354,-0.008,-0.002,445.418,0.134,-0.534
00:23.6,1.57287E+12,0.364,0.101,22.298,0.664,3,-0.024,24.36,-0.008,-0.002,445.824,0.133,-0.534
00:23.7,1.57287E+12,0.365,0.101,22.298,0.664,3,-0.025,24.367,-0.008,-0.002,446.256,0.132,-0.534
00:23.7,1.57287E+12,0.365,0.102,22.444,0.664,3,-0.025,24.372,-0.008,-0.002,446.637,0.132,-0.534
00:23.7,1.57287E+12,0.365,0.102,22.444,0.664,3,-0.026,24.378,-0.008,-0.002,447.043,0.131,-0.534
00:23.7,1.57287E+12,0.365,0.102,22.444,0.664,3,-0.026,24.384,-0.009,-0.002,447.449,0.13,-0.534
00:23.7,1.57287E+12,0.365,0.103,22.444,0.664,3,-0.027,24.391,-0.009,-0.002,447.856,0.13,-0.534
00:23.7,1.57287E+12,0.365,0.104,22.444,0.664,3,-0.027,24.397,-0.009,-0.002,448.262,0.129,-0.534
00:23.7,1.57287E+12,0.366,0.105,22.444,0.664,3,-0.028,24.403,-0.009,-0.002,448.669,0.129,-0.534
00:23.8,1.57287E+12,0.366,0.106,22.81,0.664,3,-0.028,24.409,-0.009,-0.002,449.101,0.128,-0.534
00:23.8,1.57287E+12,0.366,0.107,22.81,0.664,3,-0.029,24.415,-0.009,-0.002,449.483,0.128,-0.534
00:23.8,1.57287E+12,0.367,0.108,22.81,0.664,3,-0.029,24.421,-0.009,-0.002,449.89,0.127,-0.534
00:23.8,1.57287E+12,0.368,0.109,22.81,0.664,3,-0.029,24.428,-0.009,-0.002,450.322,0.127,-0.534
00:23.8,1.57287E+12,0.369,0.11,22.81,0.664,3,-0.03,24.433,-0.009,-0.002,450.704,0.127,-0.534
00:23.8,1.57287E+12,0.37,0.111,22.81,0.664,3,-0.03,24.44,-0.009,-0.002,451.136,0.126,-0.534
00:23.9,1.57287E+12,0.37,0.111,22.957,0.664,3,-0.031,24.446,-0.009,-0.002,451.544,0.126,-0.534
00:23.9,1.57287E+12,0.371,0.111,22.957,0.664,3,-0.031,24.452,-0.009,-0.001,451.951,0.126,-0.534
00:23.9,1.57287E+12,0.371,0.111,22.957,0.664,3,-0.031,24.458,-0.009,-0.001,452.359,0.125,-0.534
00:23.9,1.57287E+12,0.372,0.111,22.957,0.664,3,-0.032,24.465,-0.009,-0.001,452.767,0.125,-0.534
00:23.9,1.57287E+12,0.372,0.11,22.957,0.664,3,-0.032,24.47,-0.009,-0.001,453.149,0.125,-0.534
00:23.9,1.57287E+12,0.372,0.11,22.957,0.664,3,-0.033,24.477,-0.009,-0.001,453.582,0.125,-0.534
00:24.0,1.57287E+12,0.372,0.109,23.103,0.664,3,-0.033,24.483,-0.009,-0.001,453.99,0.125,-0.534
00:24.0,1.57287E+12,0.372,0.108,23.103,0.664,3,-0.033,24.489,-0.009,-0.001,454.398,0.125,-0.534
00:24.0,1.57287E+12,0.372,0.107,23.103,0.664,3,-0.034,24.496,-0.009,-0.001,454.807,0.125,-0.534
00:24.0,1.57287E+12,0.372,0.106,23.103,0.664,3,-0.034,24.502,-0.009,-0.001,455.215,0.125,-0.534
00:24.0,1.57287E+12,0.373,0.105,23.103,0.664,3,-0.034,24.508,-0.01,-0.001,455.598,0.125,-0.534
00:24.0,1.57287E+12,0.373,0.103,23.103,0.664,3,-0.034,24.514,-0.01,-0.001,456.032,0.125,-0.534
00:24.1,1.57287E+12,0.373,0.102,23.103,0.664,3,-0.035,24.52,-0.01,0,456.441,0.125,-0.534
00:24.1,1.57287E+12,0.373,0.101,23.103,0.664,3,-0.035,24.527,-0.01,0,456.849,0.125,-0.534
00:24.1,1.57287E+12,0.373,0.099,23.103,0.664,3,-0.035,24.533,-0.01,0,457.258,0.125,-0.534
00:24.1,1.57287E+12,0.373,0.098,23.103,0.664,3,-0.035,24.539,-0.01,0,457.667,0.125,-0.534
00:24.1,1.57287E+12,0.373,0.096,23.103,0.664,3,-0.035,24.545,-0.01,0,458.076,0.125,-0.534
00:24.1,1.57287E+12,0.372,0.094,23.103,0.664,3,-0.035,24.552,-0.01,0,458.485,0.125,-0.534
00:24.2,1.57287E+12,0.372,0.093,23.323,0.664,3,-0.035,24.558,-0.01,0,458.894,0.125,-0.534
00:24.2,1.57287E+12,0.372,0.091,23.323,0.664,3,-0.035,24.564,-0.01,0,459.304,0.126,-0.534
00:24.2,1.57287E+12,0.372,0.089,23.323,0.664,3,-0.035,24.57,-0.009,0,459.713,0.126,-0.534
00:24.2,1.57287E+12,0.373,0.087,23.323,0.664,3,-0.035,24.576,-0.009,0,460.123,0.126,-0.534
00:24.2,1.57287E+12,0.373,0.085,23.323,0.664,3,-0.035,24.583,-0.009,0,460.532,0.127,-0.534
00:24.2,1.57287E+12,0.374,0.083,23.323,0.664,3,-0.035,24.589,-0.009,0,460.942,0.127,-0.534
00:24.3,1.57287E+12,0.374,0.08,23.323,0.664,3,-0.035,24.595,-0.009,0,461.352,0.127,-0.534
00:24.3,1.57287E+12,0.374,0.077,23.323,0.664,3,-0.035,24.601,-0.009,0,461.762,0.128,-0.534
00:24.3,1.57287E+12,0.374,0.074,23.323,0.664,3,-0.035,24.608,-0.009,0,462.172,0.128,-0.534
00:24.3,1.57287E+12,0.374,0.071,23.323,0.664,3,-0.035,24.614,-0.009,0,462.582,0.128,-0.534
00:24.3,1.57287E+12,0.374,0.068,23.323,0.664,3,-0.034,24.62,-0.008,0,462.993,0.129,-0.534
00:24.3,1.57287E+12,0.374,0.065,23.323,0.664,3,-0.034,24.626,-0.008,0,463.403,0.129,-0.534
00:24.3,1.57287E+12,0.373,0.061,23.103,0.664,3,-0.034,24.632,-0.008,0,463.813,0.13,-0.534
00:24.4,1.57287E+12,0.373,0.058,23.103,0.664,3,-0.033,24.639,-0.008,0,464.224,0.13,-0.534
00:24.4,1.57287E+12,0.372,0.056,23.103,0.664,3,-0.033,24.645,-0.008,0,464.635,0.131,-0.534
00:24.4,1.57287E+12,0.371,0.054,23.103,0.664,3,-0.032,24.651,-0.007,0,465.045,0.131,-0.534
00:24.4,1.57287E+12,0.37,0.052,23.103,0.664,3,-0.032,24.657,-0.007,0,465.456,0.132,-0.534
00:24.5,1.57287E+12,0.369,0.05,23.103,0.664,3,-0.031,24.663,-0.007,0,465.867,0.132,-0.534
00:24.5,1.57287E+12,0.368,0.049,23.323,0.664,3,-0.031,24.669,-0.006,0,466.279,0.133,-0.534
00:24.5,1.57287E+12,0.368,0.048,23.323,0.664,3,-0.03,24.676,-0.006,0,466.69,0.133,-0.534
00:24.5,1.57287E+12,0.368,0.047,23.323,0.664,3,-0.03,24.682,-0.006,0,467.101,0.134,-0.534
00:24.5,1.57287E+12,0.369,0.046,23.323,0.664,3,-0.029,24.688,-0.005,0,467.512,0.135,-0.534
00:24.5,1.57287E+12,0.37,0.045,23.323,0.664,3,-0.029,24.694,-0.005,0,467.924,0.135,-0.534
00:24.5,1.57287E+12,0.37,0.044,23.323,0.664,3,-0.028,24.7,-0.005,0,468.336,0.136,-0.534
00:24.5,1.57287E+12,0.371,0.043,23.103,0.664,3,-0.028,24.706,-0.004,0,468.747,0.136,-0.534
00:24.6,1.57287E+12,0.371,0.042,23.103,0.664,3,-0.027,24.713,-0.004,0,469.159,0.137,-0.534
00:24.6,1.57287E+12,0.37,0.041,23.103,0.664,3,-0.027,24.719,-0.004,-0.001,469.571,0.138,-0.534
00:24.6,1.57287E+12,0.369,0.04,23.103,0.664,3,-0.026,24.725,-0.003,-0.001,469.983,0.138,-0.534
00:24.6,1.57287E+12,0.368,0.039,23.103,0.664,3,-0.026,24.731,-0.003,-0.001,470.395,0.139,-0.534
00:24.6,1.57287E+12,0.367,0.039,23.103,0.664,3,-0.025,24.737,-0.003,-0.001,470.807,0.14,-0.534
00:24.6,1.57287E+12,0.366,0.038,23.323,0.664,3,-0.025,24.743,-0.003,-0.001,471.22,0.14,-0.534
00:24.7,1.57287E+12,0.366,0.038,23.323,0.664,3,-0.024,24.749,-0.003,-0.001,471.632,0.141,-0.534
00:24.7,1.57287E+12,0.366,0.038,23.323,0.664,3,-0.024,24.755,-0.003,-0.001,472.045,0.142,-0.534
00:24.7,1.57287E+12,0.367,0.038,23.323,0.664,3,-0.024,24.762,-0.003,-0.001,472.457,0.143,-0.534
00:24.7,1.57287E+12,0.367,0.039,23.323,0.664,3,-0.023,24.768,-0.003,-0.001,472.87,0.143,-0.534
00:24.7,1.57287E+12,0.368,0.039,23.323,0.664,3,-0.023,24.774,-0.003,-0.001,473.283,0.144,-0.534
00:24.8,1.57287E+12,0.368,0.039,23.323,0.664,3,-0.023,24.78,-0.003,-0.001,473.696,0.145,-0.534
00:24.8,1.57287E+12,0.369,0.04,23.323,0.664,3,-0.022,24.786,-0.003,-0.001,474.109,0.146,-0.534
00:24.8,1.57287E+12,0.369,0.041,23.323,0.664,3,-0.022,24.792,-0.003,-0.001,474.522,0.146,-0.534
00:24.8,1.57287E+12,0.368,0.041,23.323,0.664,3,-0.022,24.798,-0.003,-0.001,474.935,0.147,-0.534
00:24.9,1.57287E+12,0.368,0.042,23.323,0.664,3,-0.021,24.805,-0.003,-0.001,475.349,0.148,-0.534
00:24.9,1.57287E+12,0.368,0.042,23.323,0.664,3,-0.021,24.811,-0.003,-0.001,475.762,0.149,-0.534
00:24.9,1.57287E+12,0.368,0.043,23.103,0.664,3,-0.021,24.817,-0.003,-0.001,476.176,0.15,-0.534
00:24.9,1.57287E+12,0.367,0.043,23.103,0.664,3,-0.021,24.823,-0.003,-0.001,476.589,0.15,-0.534
00:24.9,1.57287E+12,0.366,0.044,23.103,0.664,3,-0.021,24.829,-0.004,-0.001,477.003,0.151,-0.534
00:24.9,1.57287E+12,0.365,0.044,23.103,0.664,3,-0.02,24.835,-0.004,-0.001,477.417,0.152,-0.534
00:25.0,1.57287E+12,0.364,0.044,23.103,0.664,3,-0.02,24.841,-0.004,-0.001,477.831,0.153,-0.534
00:25.0,1.57287E+12,0.363,0.044,23.103,0.664,3,-0.02,24.847,-0.004,-0.001,478.245,0.154,-0.534
00:25.0,1.57287E+12,0.363,0.045,22.957,0.664,3,-0.02,24.853,-0.004,-0.001,478.659,0.155,-0.534
00:25.0,1.57287E+12,0.362,0.045,22.957,0.664,3,-0.02,24.859,-0.004,-0.001,479.074,0.156,-0.534
00:25.0,1.57287E+12,0.361,0.046,22.957,0.664,3,-0.02,24.865,-0.004,-0.001,479.488,0.157,-0.534
00:25.0,1.57287E+12,0.361,0.047,22.957,0.664,3,-0.02,24.871,-0.004,-0.001,479.902,0.158,-0.534
00:25.1,1.57287E+12,0.36,0.047,22.957,0.664,3,-0.02,24.877,-0.005,-0.001,480.317,0.159,-0.534
00:25.1,1.57287E+12,0.359,0.048,22.957,0.664,3,-0.02,24.883,-0.005,-0.001,480.732,0.16,-0.534
00:25.1,1.57287E+12,0.358,0.048,11.091,0.664,3,-0.02,24.889,-0.005,-0.001,481.146,0.161,-0.534
00:25.1,1.57287E+12,0.338,0.049,11.091,0.664,3,-0.02,24.894,-0.005,-0.002,481.561,0.162,-0.534
00:25.1,1.57287E+12,0.281,0.049,11.091,0.664,3,-0.02,24.898,-0.005,-0.002,481.976,0.163,-0.534
00:25.1,1.57287E+12,0.192,0.05,11.091,0.664,3,-0.019,24.9,-0.005,-0.003,482.391,0.164,-0.534
00:25.2,1.57287E+12,0.094,0.05,11.091,0.664,3,-0.019,24.9,-0.005,-0.005,482.806,0.165,-0.534
00:25.2,1.57287E+12,0.011,0.05,11.091,0.664,3,-0.019,24.899,-0.005,-0.007,483.221,0.166,-0.534
00:25.2,1.57287E+12,-0.042,0.05,1.789,0.664,3,-0.019,24.898,-0.005,-0.01,483.636,0.167,-0.534
00:25.2,1.57287E+12,-0.075,0.049,1.789,0.664,3,-0.019,24.896,-0.005,-0.013,484.051,0.168,-0.534
00:25.2,1.57287E+12,-0.115,0.048,1.789,0.664,3,-0.019,24.894,-0.005,-0.017,484.466,0.169,-0.534
00:25.2,1.57287E+12,-0.183,0.047,1.789,0.664,3,-0.019,24.889,-0.005,-0.021,484.881,0.17,-0.534
00:25.3,1.57287E+12,-0.261,0.048,1.789,0.664,3,-0.019,24.884,-0.005,-0.026,485.296,0.171,-0.534
00:25.3,1.57287E+12,-0.325,0.047,1.789,0.664,3,-0.02,24.878,-0.005,-0.031,485.71,0.172,-0.534
00:25.3,1.57287E+12,-0.351,0.045,1.13,0.664,3,-0.02,24.872,-0.005,-0.037,486.125,0.173,-0.534
00:25.3,1.57287E+12,-0.334,0.042,1.13,0.664,3,-0.02,24.867,-0.005,-0.043,486.539,0.175,-0.534
00:25.3,1.57287E+12,-0.322,0.039,1.13,0.664,3,-0.02,24.861,-0.005,-0.049,486.954,0.176,-0.534
00:25.3,1.57287E+12,-0.334,0.037,1.13,0.664,3,-0.02,24.856,-0.005,-0.055,487.368,0.177,-0.534
00:25.3,1.57287E+12,-0.334,0.036,1.13,0.664,3,-0.02,24.85,-0.005,-0.061,487.782,0.178,-0.534
00:25.4,1.57287E+12,-0.335,0.034,1.13,0.664,3,-0.02,24.845,-0.005,-0.067,488.196,0.179,-0.534
00:25.4,1.57287E+12,-0.334,0.033,1.13,0.664,3,-0.019,24.839,-0.005,-0.073,488.61,0.181,-0.534
00:25.4,1.57287E+12,-0.333,0.032,1.13,0.664,3,-0.019,24.833,-0.005,-0.078,489.024,0.182,-0.534
00:25.4,1.57287E+12,-0.333,0.032,1.13,0.664,3,-0.019,24.828,-0.005,-0.084,489.438,0.183,-0.534
00:25.4,1.57287E+12,-0.333,0.031,1.13,0.664,3,-0.019,24.822,-0.005,-0.089,489.852,0.184,-0.534
00:25.4,1.57287E+12,-0.333,0.031,1.13,0.664,3,-0.018,24.817,-0.005,-0.094,490.266,0.185,-0.534
00:25.5,1.57287E+12,-0.333,0.031,1.13,0.664,3,-0.018,24.811,-0.005,-0.098,490.679,0.187,-0.534
00:25.5,1.57287E+12,-0.333,0.03,1.13,0.664,3,-0.018,24.806,-0.004,-0.103,491.093,0.188,-0.534
00:25.5,1.57287E+12,-0.333,0.03,1.13,0.664,3,-0.018,24.8,-0.004,-0.107,491.506,0.189,-0.534
00:25.5,1.57287E+12,-0.333,0.029,1.13,0.664,3,-0.017,24.794,-0.004,-0.11,491.919,0.191,-0.534
00:25.5,1.57287E+12,-0.333,0.028,1.13,0.664,3,-0.017,24.789,-0.004,-0.113,492.332,0.192,-0.534
00:25.5,1.57287E+12,-0.333,0.028,1.13,0.664,3,-0.017,24.783,-0.004,-0.116,492.746,0.193,-0.534
00:25.6,1.57287E+12,-0.333,0.027,1.13,0.664,3,-0.017,24.778,-0.003,-0.118,493.159,0.194,-0.534
00:25.6,1.57287E+12,-0.333,0.026,1.13,0.664,3,-0.016,24.772,-0.003,-0.12,493.572,0.196,-0.534
00:25.6,1.57287E+12,-0.333,0.025,1.13,0.664,3,-0.016,24.767,-0.003,-0.122,493.984,0.197,-0.534
00:25.6,1.57287E+12,-0.333,0.025,1.13,0.664,3,-0.016,24.761,-0.003,-0.123,494.397,0.198,-0.534
00:25.6,1.57287E+12,-0.333,0.024,1.13,0.664,3,-0.016,24.756,-0.003,-0.123,494.81,0.2,-0.534
00:25.6,1.57287E+12,-0.333,0.024,1.13,0.664,3,-0.016,24.75,-0.003,-0.123,495.222,0.201,-0.534
00:25.7,1.57287E+12,-0.332,0.023,1.13,0.664,3,-0.015,24.744,-0.002,-0.123,495.635,0.202,-0.534
00:25.7,1.57287E+12,-0.332,0.023,1.13,0.664,3,-0.015,24.739,-0.002,-0.122,496.047,0.204,-0.534
00:25.7,1.57287E+12,-0.332,0.023,1.13,0.664,3,-0.015,24.733,-0.002,-0.122,496.459,0.205,-0.534
00:25.7,1.57287E+12,-0.332,0.022,1.13,0.664,3,-0.015,24.728,-0.002,-0.121,496.872,0.206,-0.534
00:25.7,1.57287E+12,-0.332,0.022,1.13,0.664,3,-0.014,24.722,-0.002,-0.119,497.284,0.208,-0.534
00:25.7,1.57287E+12,-0.332,0.022,1.13,0.664,3,-0.014,24.717,-0.002,-0.118,497.696,0.209,-0.535
00:25.8,1.57287E+12,-0.332,0.022,1.13,0.664,3,-0.014,24.711,-0.002,-0.117,498.108,0.21,-0.535
00:25.8,1.57287E+12,-0.332,0.023,1.13,0.664,3,-0.014,24.706,-0.002,-0.115,498.519,0.212,-0.535
00:25.8,1.57287E+12,-0.331,0.023,1.13,0.664,3,-0.014,24.7,-0.002,-0.114,498.931,0.213,-0.535
00:25.8,1.57287E+12,-0.331,0.023,1.13,0.664,3,-0.014,24.695,-0.002,-0.112,499.343,0.214,-0.535
00:25.8,1.57287E+12,-0.331,0.023,1.13,0.664,3,-0.013,24.689,-0.002,-0.11,499.754,0.216,-0.535
00:25.8,1.57287E+12,-0.331,0.023,1.13,0.664,3,-0.013,24.684,-0.002,-0.109,500.166,0.217,-0.535
00:25.9,1.57287E+12,-0.331,0.023,1.13,0.664,3,-0.013,24.678,-0.002,-0.107,500.577,0.219,-0.535
00:25.9,1.57287E+12,-0.331,0.023,1.13,0.664,3,-0.013,24.673,-0.002,-0.106,500.988,0.22,-0.535
00:25.9,1.57287E+12,-0.331,0.023,1.13,0.664,3,-0.013,24.667,-0.002,-0.105,501.399,0.222,-0.535
00:25.9,1.57287E+12,-0.331,0.022,1.13,0.664,3,-0.013,24.662,-0.002,-0.103,501.811,0.223,-0.535
00:25.9,1.57287E+12,-0.331,0.022,1.13,0.664,3,-0.013,24.656,-0.002,-0.102,502.221,0.224,-0.535
00:25.9,1.57287E+12,-0.331,0.022,1.13,0.664,3,-0.013,24.651,-0.002,-0.101,502.632,0.226,-0.535
00:26.0,1.57287E+12,-0.331,0.022,1.13,0.664,3,-0.012,24.645,-0.002,-0.1,503.043,0.227,-0.535
00:26.0,1.57287E+12,-0.331,0.021,1.13,0.664,3,-0.012,24.64,-0.003,-0.099,503.454,0.229,-0.535
00:26.0,1.57287E+12,-0.331,0.021,1.13,0.664,3,-0.012,24.634,-0.003,-0.099,503.865,0.23,-0.535
00:26.0,1.57287E+12,-0.331,0.021,1.13,0.664,3,-0.012,24.629,-0.003,-0.098,504.275,0.232,-0.535
00:26.0,1.57287E+12,-0.33,0.022,1.13,0.664,3,-0.012,24.623,-0.003,-0.098,504.685,0.233,-0.535
00:26.0,1.57287E+12,-0.33,0.022,1.13,0.664,3,-0.012,24.618,-0.003,-0.097,505.096,0.235,-0.535
00:26.1,1.57287E+12,-0.33,0.021,1.13,0.664,3,-0.012,24.612,-0.003,-0.097,505.506,0.236,-0.535
00:26.1,1.57287E+12,-0.33,0.022,1.13,0.664,3,-0.012,24.607,-0.003,-0.097,505.916,0.237,-0.535
00:26.1,1.57287E+12,-0.33,0.022,1.13,0.664,3,-0.012,24.601,-0.003,-0.097,506.326,0.239,-0.535
00:26.1,1.57287E+12,-0.33,0.022,1.13,0.664,3,-0.011,24.596,-0.003,-0.097,506.736,0.24,-0.535
00:26.1,1.57287E+12,-0.33,0.021,1.13,0.664,3,-0.011,24.59,-0.003,-0.097,507.146,0.242,-0.535
00:26.1,1.57287E+12,-0.33,0.02,1.13,0.664,3,-0.011,24.585,-0.003,-0.097,507.556,0.243,-0.535
00:26.2,1.57287E+12,-0.33,0.019,1.13,0.664,3,-0.011,24.579,-0.003,-0.097,507.966,0.245,-0.535
00:26.2,1.57287E+12,-0.33,0.017,1.13,0.664,3,-0.011,24.574,-0.003,-0.097,508.375,0.246,-0.535
00:26.2,1.57287E+12,-0.33,0.014,1.13,0.664,3,-0.011,24.568,-0.003,-0.097,508.785,0.248,-0.535
00:26.2,1.57287E+12,-0.33,0.011,1.13,0.664,3,-0.011,24.563,-0.003,-0.098,509.194,0.249,-0.535
00:26.2,1.57287E+12,-0.33,0.008,1.13,0.664,3,-0.011,24.557,-0.003,-0.098,509.603,0.251,-0.535
00:26.2,1.57287E+12,-0.33,0.005,1.13,0.664,3,-0.011,24.552,-0.003,-0.098,510.013,0.252,-0.535
00:26.2,1.57287E+12,-0.329,0.003,1.13,0.664,3,-0.01,24.546,-0.003,-0.099,510.422,0.254,-0.535
00:26.3,1.57287E+12,-0.329,0.001,1.13,0.664,3,-0.01,24.541,-0.003,-0.099,510.831,0.256,-0.535
00:26.3,1.57287E+12,-0.329,-0.001,1.13,0.664,3,-0.01,24.535,-0.003,-0.1,511.24,0.257,-0.535
00:26.3,1.57287E+12,-0.329,-0.002,1.13,0.664,3,-0.009,24.53,-0.003,-0.1,511.649,0.259,-0.535
00:26.3,1.57287E+12,-0.329,-0.003,1.13,0.664,3,-0.009,24.524,-0.003,-0.101,512.058,0.26,-0.535
00:26.3,1.57287E+12,-0.329,-0.003,1.13,0.664,3,-0.008,24.519,-0.002,-0.101,512.466,0.262,-0.535
00:26.3,1.57287E+12,-0.329,-0.003,1.13,0.664,3,-0.008,24.513,-0.002,-0.101,512.875,0.263,-0.535
00:26.4,1.57287E+12,-0.329,-0.003,1.13,0.664,3,-0.007,24.508,-0.002,-0.102,513.283,0.265,-0.535
00:26.4,1.57287E+12,-0.329,-0.004,1.13,0.664,3,-0.007,24.502,-0.002,-0.102,513.692,0.266,-0.535
00:26.4,1.57287E+12,-0.329,-0.004,1.13,0.664,3,-0.007,24.497,-0.001,-0.102,514.1,0.268,-0.535
00:26.4,1.57287E+12,-0.329,-0.004,1.13,0.664,3,-0.006,24.491,-0.001,-0.103,514.508,0.269,-0.535
00:26.4,1.57287E+12,-0.329,-0.004,1.13,0.664,3,-0.006,24.486,0,-0.103,514.916,0.271,-0.535
00:26.4,1.57287E+12,-0.329,-0.004,1.13,0.664,3,-0.005,24.48,0,-0.103,515.325,0.272,-0.535
00:26.5,1.57287E+12,-0.328,-0.005,1.13,0.664,3,-0.005,24.475,0.001,-0.103,515.732,0.274,-0.535
00:26.5,1.57287E+12,-0.328,-0.006,1.13,0.664,3,-0.005,24.469,0.001,-0.103,516.14,0.275,-0.535
00:26.5,1.57287E+12,-0.328,-0.007,1.13,0.664,3,-0.004,24.464,0.001,-0.104,516.548,0.277,-0.535
00:26.5,1.57287E+12,-0.328,-0.008,1.13,0.664,3,-0.004,24.458,0.001,-0.104,516.956,0.278,-0.535
00:26.5,1.57287E+12,-0.328,-0.009,1.13,0.664,3,-0.004,24.453,0.002,-0.104,517.363,0.28,-0.535
00:26.5,1.57287E+12,-0.328,-0.01,1.13,0.664,3,-0.003,24.448,0.002,-0.103,517.771,0.281,-0.535
00:26.6,1.57287E+12,-0.328,-0.01,1.13,0.664,3,-0.003,24.442,0.002,-0.103,518.178,0.283,-0.535
00:26.6,1.57287E+12,-0.328,-0.011,1.13,0.664,3,-0.003,24.437,0.002,-0.103,518.586,0.284,-0.535
00:26.6,1.57287E+12,-0.328,-0.011,1.13,0.664,3,-0.002,24.431,0.002,-0.103,518.993,0.286,-0.535
00:26.6,1.57287E+12,-0.328,-0.011,1.13,0.664,3,-0.002,24.426,0.002,-0.103,519.4,0.287,-0.535
00:26.6,1.57287E+12,-0.328,-0.011,1.13,0.664,3,-0.002,24.42,0.002,-0.103,519.807,0.288,-0.535
00:26.6,1.57287E+12,-0.327,-0.011,1.13,0.664,3,-0.002,24.415,0.002,-0.102,520.214,0.29,-0.535
00:26.7,1.57287E+12,-0.327,-0.011,1.13,0.664,3,-0.001,24.409,0.002,-0.102,520.621,0.291,-0.535
00:26.7,1.57287E+12,-0.327,-0.011,1.13,0.664,3,-0.001,24.404,0.002,-0.102,521.028,0.293,-0.535
00:26.7,1.57287E+12,-0.327,-0.011,1.13,0.664,3,-0.001,24.398,0.002,-0.102,521.434,0.294,-0.535
00:26.7,1.57287E+12,-0.327,-0.01,1.13,0.664,3,-0.001,24.393,0.002,-0.101,521.841,0.296,-0.535
00:26.7,1.57287E+12,-0.327,-0.01,1.13,0.664,3,-0.001,24.388,0.002,-0.101,522.247,0.297,-0.535
00:26.7,1.57287E+12,-0.327,-0.009,1.13,0.664,3,0,24.382,0.002,-0.101,522.654,0.299,-0.535
00:26.8,1.57287E+12,-0.327,-0.008,1.13,0.664,3,0,24.377,0.002,-0.101,523.06,0.3,-0.535
00:26.8,1.57287E+12,-0.327,-0.008,1.13,0.664,3,0,24.371,0.002,-0.1,523.466,0.302,-0.535
00:26.8,1.57287E+12,-0.327,-0.007,1.13,0.664,3,0,24.366,0.002,-0.1,523.873,0.303,-0.535
00:26.8,1.57287E+12,-0.327,-0.007,1.13,0.664,3,0,24.36,0.002,-0.1,524.279,0.304,-0.535
00:26.8,1.57287E+12,-0.327,-0.007,1.13,0.664,3,0,24.355,0.002,-0.1,524.685,0.306,-0.535
00:26.8,1.57287E+12,-0.326,-0.006,1.13,0.664,3,0,24.349,0.001,-0.1,525.09,0.307,-0.535
00:26.9,1.57287E+12,-0.326,-0.006,1.13,0.664,3,0.001,24.344,0.001,-0.1,525.496,0.309,-0.535
00:26.9,1.57287E+12,-0.326,-0.006,1.13,0.664,3,0.001,24.339,0.001,-0.1,525.902,0.31,-0.535
00:26.9,1.57287E+12,-0.326,-0.006,1.13,0.664,3,0.001,24.333,0.001,-0.099,526.308,0.312,-0.535
00:26.9,1.57287E+12,-0.326,-0.006,1.13,0.664,3,0.001,24.328,0.001,-0.099,526.713,0.313,-0.535
00:26.9,1.57287E+12,-0.326,-0.006,1.13,0.664,3,0.001,24.322,0.001,-0.099,527.118,0.314,-0.535
00:26.9,1.57287E+12,-0.326,-0.006,1.13,0.664,3,0.001,24.317,0.001,-0.099,527.524,0.316,-0.535
00:27.0,1.57287E+12,-0.326,-0.006,1.276,0.664,3,0.001,24.311,0.001,-0.099,527.929,0.317,-0.535
00:27.0,1.57287E+12,-0.324,-0.005,1.276,0.664,3,0.001,24.306,0,-0.099,528.334,0.319,-0.535
00:27.0,1.57287E+12,-0.322,-0.005,1.276,0.664,3,0.001,24.301,0,-0.099,528.739,0.32,-0.535
00:27.0,1.57287E+12,-0.321,-0.004,1.276,0.664,3,0.001,24.295,0,-0.099,529.144,0.322,-0.535
00:27.0,1.57287E+12,-0.321,-0.004,1.276,0.664,3,0.001,24.29,0,-0.099,529.549,0.323,-0.535
00:27.0,1.57287E+12,-0.321,-0.004,1.276,0.664,3,0.001,24.285,0,-0.099,529.954,0.324,-0.535
00:27.1,1.57287E+12,-0.32,-0.004,1.936,0.664,3,0.001,24.279,0,-0.099,530.359,0.326,-0.535
00:27.1,1.57287E+12,-0.31,-0.004,1.936,0.664,3,0.001,24.274,0,-0.099,530.763,0.327,-0.535
00:27.1,1.57287E+12,-0.303,-0.004,1.936,0.664,3,0.001,24.269,0,-0.099,531.168,0.329,-0.535
00:27.1,1.57287E+12,-0.3,-0.004,1.936,0.664,3,0.001,24.264,0,-0.098,531.572,0.33,-0.535
00:27.1,1.57287E+12,-0.298,-0.004,1.936,0.664,3,0.001,24.26,0,-0.098,531.977,0.331,-0.535
00:27.1,1.57287E+12,-0.298,-0.004,1.936,0.664,3,0.001,24.255,0,-0.098,532.381,0.333,-0.535
00:27.2,1.57287E+12,-0.297,-0.005,5.818,0.664,3,0.001,24.25,0,-0.098,532.785,0.334,-0.535
00:27.2,1.57287E+12,-0.288,-0.006,5.818,0.664,3,0.001,24.245,0,-0.097,533.189,0.336,-0.535
00:27.2,1.57287E+12,-0.265,-0.007,5.818,0.664,3,0.001,24.241,0,-0.097,533.593,0.337,-0.535
00:27.2,1.57287E+12,-0.236,-0.009,5.818,0.664,3,0.001,24.237,0,-0.096,533.997,0.338,-0.535
00:27.2,1.57287E+12,-0.208,-0.011,5.818,0.664,3,0.001,24.234,0,-0.095,534.401,0.34,-0.535
00:27.2,1.57287E+12,-0.186,-0.013,5.818,0.664,3,0.001,24.232,0,-0.094,534.805,0.341,-0.535
00:27.3,1.57287E+12,-0.171,-0.016,9.919,0.664,3,0.001,24.229,0,-0.092,535.209,0.343,-0.535
00:27.3,1.57287E+12,-0.16,-0.019,9.919,0.664,3,0.001,24.226,0,-0.091,535.613,0.344,-0.535
00:27.3,1.57287E+12,-0.14,-0.022,9.919,0.664,3,0.001,24.224,0,-0.089,536.016,0.345,-0.535
00:27.3,1.57287E+12,-0.109,-0.024,9.919,0.664,3,0.001,24.223,0,-0.087,536.42,0.347,-0.535
00:27.3,1.57287E+12,-0.075,-0.027,9.919,0.664,3,0.002,24.222,0,-0.084,536.824,0.348,-0.535
00:27.3,1.57287E+12,-0.049,-0.029,9.919,0.664,3,0.002,24.222,0,-0.081,537.228,0.349,-0.535
00:27.4,1.57287E+12,-0.036,-0.032,12.483,0.664,3,0.002,24.221,0,-0.078,537.631,0.351,-0.535
00:27.4,1.57287E+12,-0.03,-0.034,12.483,0.664,3,0.003,24.221,0,-0.075,538.035,0.352,-0.535
00:27.4,1.57287E+12,-0.019,-0.035,12.483,0.664,3,0.003,24.221,0,-0.072,538.439,0.353,-0.535
00:27.4,1.57287E+12,-0.001,-0.037,12.483,0.664,3,0.004,24.221,0,-0.068,538.842,0.355,-0.535
00:27.4,1.57287E+12,0.018,-0.038,12.483,0.664,3,0.004,24.222,0.001,-0.065,539.246,0.356,-0.535
00:27.4,1.57287E+12,0.033,-0.039,12.483,0.664,3,0.005,24.222,0.001,-0.061,539.65,0.357,-0.535
00:27.5,1.57287E+12,0.043,-0.04,12.483,0.664,3,0.005,24.223,0.001,-0.057,540.079,0.359,-0.535
00:27.5,1.57287E+12,0.046,-0.041,12.483,0.664,3,0.005,24.224,0.002,-0.054,540.457,0.36,-0.535
00:27.5,1.57287E+12,0.046,-0.042,12.483,0.664,3,0.006,24.225,0.002,-0.051,540.861,0.361,-0.534
00:27.5,1.57287E+12,0.044,-0.043,12.483,0.664,3,0.006,24.225,0.002,-0.047,541.265,0.362,-0.534
00:27.5,1.57287E+12,0.042,-0.044,12.483,0.664,3,0.007,24.226,0.003,-0.044,541.668,0.364,-0.534
00:27.5,1.57287E+12,0.04,-0.046,12.483,0.664,3,0.007,24.227,0.003,-0.042,542.072,0.365,-0.534
00:27.6,1.57287E+12,0.038,-0.047,12.629,0.664,3,0.008,24.227,0.003,-0.039,542.476,0.366,-0.534
00:27.6,1.57287E+12,0.037,-0.048,12.629,0.664,3,0.008,24.228,0.004,-0.037,542.88,0.367,-0.534
00:27.6,1.57287E+12,0.037,-0.049,12.629,0.664,3,0.008,24.229,0.004,-0.035,543.283,0.368,-0.534
00:27.6,1.57287E+12,0.038,-0.05,12.629,0.664,3,0.009,24.229,0.004,-0.034,543.687,0.37,-0.534
00:27.6,1.57287E+12,0.04,-0.051,12.629,0.664,3,0.009,24.23,0.004,-0.033,544.091,0.371,-0.534
00:27.6,1.57287E+12,0.041,-0.051,12.629,0.664,3,0.01,24.231,0.005,-0.032,544.495,0.372,-0.534
00:27.7,1.57287E+12,0.042,-0.052,13.288,0.664,3,0.01,24.231,0.005,-0.031,544.899,0.373,-0.534
00:27.7,1.57287E+12,0.044,-0.051,13.288,0.664,3,0.01,24.232,0.005,-0.031,545.303,0.374,-0.534
00:27.7,1.57287E+12,0.047,-0.051,13.288,0.664,3,0.011,24.233,0.005,-0.031,545.732,0.375,-0.534
00:27.8,1.57287E+12,0.052,-0.051,13.288,0.664,3,0.011,24.234,0.005,-0.031,546.11,0.376,-0.534
00:27.8,1.57287E+12,0.058,-0.051,13.288,0.664,3,0.011,24.235,0.005,-0.032,546.514,0.377,-0.534
00:27.8,1.57287E+12,0.063,-0.05,13.288,0.664,3,0.012,24.236,0.005,-0.032,546.918,0.378,-0.534
00:27.8,1.57287E+12,0.066,-0.049,14.094,0.664,3,0.012,24.237,0.005,-0.033,547.322,0.379,-0.534
00:27.8,1.57287E+12,0.069,-0.048,14.094,0.664,3,0.012,24.238,0.005,-0.034,547.726,0.38,-0.534
00:27.8,1.57287E+12,0.073,-0.047,14.094,0.664,3,0.013,24.24,0.005,-0.034,548.13,0.381,-0.534
00:27.8,1.57287E+12,0.08,-0.046,14.094,0.664,3,0.013,24.241,0.005,-0.035,548.534,0.382,-0.534
00:27.9,1.57287E+12,0.086,-0.045,14.094,0.664,3,0.013,24.243,0.005,-0.035,548.938,0.383,-0.534
00:27.9,1.57287E+12,0.092,-0.044,14.094,0.664,3,0.013,24.244,0.005,-0.036,549.342,0.384,-0.534
00:27.9,1.57287E+12,0.096,-0.043,14.973,0.664,3,0.013,24.246,0.005,-0.036,549.746,0.385,-0.534
00:27.9,1.57287E+12,0.098,-0.042,14.973,0.664,3,0.013,24.248,0.005,-0.037,550.15,0.386,-0.534
00:27.9,1.57287E+12,0.103,-0.042,14.973,0.664,3,0.014,24.249,0.005,-0.037,550.554,0.387,-0.534
00:27.9,1.57287E+12,0.111,-0.041,14.973,0.664,3,0.014,24.251,0.005,-0.037,550.984,0.388,-0.535
00:28.0,1.57287E+12,0.118,-0.04,14.973,0.664,3,0.014,24.253,0.004,-0.038,551.363,0.389,-0.535
00:28.0,1.57287E+12,0.123,-0.038,14.973,0.664,3,0.014,24.255,0.004,-0.038,551.767,0.39,-0.535
00:28.0,1.57287E+12,0.127,-0.037,15.266,0.2,3,0.014,24.258,0.004,-0.038,552.171,0.391,-0.535
00:28.0,1.57287E+12,0.129,-0.035,15.266,0.2,3,0.014,24.26,0.004,-0.038,552.576,0.392,-0.535
00:28.0,1.57287E+12,0.13,-0.033,15.266,0.2,3,0.014,24.262,0.004,-0.038,552.98,0.393,-0.535
00:28.0,1.57287E+12,0.132,-0.031,15.266,0.2,3,0.014,24.264,0.004,-0.038,553.384,0.393,-0.535
00:28.1,1.57287E+12,0.134,-0.029,15.266,0.2,3,0.014,24.266,0.004,-0.038,553.789,0.394,-0.535
00:28.1,1.57287E+12,0.135,-0.027,15.266,0.2,3,0.014,24.269,0.004,-0.038,554.193,0.395,-0.535
00:28.1,1.57287E+12,0.136,-0.025,15.486,0.664,3,0.014,24.271,0.003,-0.037,554.623,0.396,-0.535
00:28.1,1.57287E+12,0.136,-0.024,15.486,0.664,3,0.014,24.273,0.003,-0.037,555.002,0.397,-0.535
00:28.1,1.57287E+12,0.138,-0.022,15.486,0.664,3,0.013,24.276,0.003,-0.037,555.407,0.398,-0.535
00:28.1,1.57287E+12,0.139,-0.021,15.486,0.664,3,0.013,24.278,0.003,-0.037,555.812,0.399,-0.535
00:28.1,1.57287E+12,0.141,-0.021,15.486,0.664,3,0.013,24.28,0.003,-0.036,556.216,0.399,-0.535
00:28.2,1.57287E+12,0.143,-0.02,15.486,0.664,3,0.013,24.283,0.003,-0.036,556.621,0.4,-0.535
00:28.2,1.57287E+12,0.144,-0.02,15.632,0.664,3,0.013,24.285,0.003,-0.035,557.051,0.401,-0.535
00:28.2,1.57287E+12,0.144,-0.019,15.632,0.664,3,0.012,24.287,0.002,-0.035,557.43,0.402,-0.535
00:28.2,1.57287E+12,0.145,-0.019,15.632,0.664,3,0.012,24.29,0.002,-0.035,557.86,0.403,-0.535
00:28.2,1.57287E+12,0.146,-0.019,15.632,0.664,3,0.012,24.293,0.002,-0.034,558.265,0.403,-0.535
00:28.2,1.57287E+12,0.147,-0.019,15.632,0.664,3,0.012,24.295,0.002,-0.034,558.67,0.404,-0.535
00:28.3,1.57287E+12,0.148,-0.018,15.632,0.664,3,0.012,24.297,0.002,-0.033,559.05,0.405,-0.535
00:28.3,1.57287E+12,0.148,-0.018,15.632,0.664,3,0.011,24.3,0.001,-0.033,559.455,0.406,-0.535
00:28.3,1.57287E+12,0.148,-0.018,15.632,0.664,3,0.011,24.302,0.001,-0.033,559.86,0.407,-0.535
00:28.3,1.57287E+12,0.148,-0.017,15.632,0.664,3,0.011,24.305,0.001,-0.032,560.265,0.407,-0.535
00:28.3,1.57287E+12,0.148,-0.017,15.632,0.664,3,0.011,24.307,0.001,-0.032,560.67,0.408,-0.535
00:28.3,1.57287E+12,0.148,-0.016,15.632,0.664,3,0.011,24.31,0.001,-0.032,561.1,0.409,-0.535
00:28.4,1.57287E+12,0.147,-0.016,15.632,0.664,3,0.01,24.312,0.001,-0.032,561.506,0.41,-0.535
00:28.4,1.57287E+12,0.147,-0.016,15.632,0.664,3,0.01,24.315,0.001,-0.031,561.886,0.41,-0.535
00:28.4,1.57287E+12,0.147,-0.016,15.632,0.664,3,0.01,24.317,0.001,-0.031,562.291,0.411,-0.535
00:28.4,1.57287E+12,0.147,-0.016,15.632,0.664,3,0.01,24.32,0.001,-0.031,562.721,0.412,-0.535
00:28.4,1.57287E+12,0.147,-0.015,15.632,0.664,3,0.01,24.322,0.001,-0.031,563.127,0.413,-0.535
00:28.4,1.57287E+12,0.147,-0.015,15.632,0.664,3,0.009,24.324,0.001,-0.031,563.532,0.413,-0.535
00:28.5,1.57287E+12,0.147,-0.015,15.632,0.664,3,0.009,24.327,0.001,-0.031,563.938,0.414,-0.535
00:28.5,1.57287E+12,0.147,-0.015,15.779,0.664,3,0.009,24.329,0.001,-0.031,564.343,0.415,-0.535
00:28.5,1.57287E+12,0.148,-0.015,15.779,0.664,3,0.009,24.334,0.001,-0.031,565.154,0.416,-0.535
00:28.5,1.57287E+12,0.149,-0.015,15.779,0.664,3,0.009,24.337,0.001,-0.031,565.56,0.417,-0.535
00:28.5,1.57287E+12,0.151,-0.015,15.779,0.664,3,0.009,24.339,0.001,-0.031,565.965,0.418,-0.535
00:28.6,1.57287E+12,0.152,-0.014,15.779,0.664,3,0.009,24.342,0.002,-0.031,566.371,0.418,-0.535
00:28.6,1.57287E+12,0.152,-0.014,15.779,0.664,3,0.009,24.344,0.002,-0.031,566.777,0.419,-0.535
00:28.6,1.57287E+12,0.153,-0.014,15.779,0.664,3,0.008,24.347,0.002,-0.031,567.182,0.42,-0.535
00:28.6,1.57287E+12,0.152,-0.013,15.779,0.664,3,0.008,24.35,0.002,-0.031,567.588,0.421,-0.535
00:28.6,1.57287E+12,0.152,-0.013,15.779,0.664,3,0.008,24.352,0.002,-0.031,567.994,0.421,-0.535
00:28.6,1.57287E+12,0.152,-0.012,15.779,0.664,3,0.008,24.355,0.002,-0.031,568.4,0.422,-0.535
00:28.7,1.57287E+12,0.152,-0.012,15.779,0.664,3,0.008,24.357,0.002,-0.032,568.806,0.423,-0.535
00:28.7,1.57287E+12,0.152,-0.012,15.779,0.664,3,0.008,24.36,0.002,-0.032,569.212,0.423,-0.535
00:28.7,1.57287E+12,0.152,-0.011,15.779,0.664,3,0.008,24.362,0.002,-0.032,569.618,0.424,-0.535
00:28.7,1.57287E+12,0.152,-0.01,15.779,0.664,3,0.008,24.365,0.002,-0.032,570.024,0.425,-0.535
00:28.7,1.57287E+12,0.152,-0.01,15.779,0.664,3,0.007,24.367,0.002,-0.032,570.43,0.425,-0.535
00:28.7,1.57287E+12,0.151,-0.009,15.779,0.664,3,0.007,24.37,0.002,-0.032,570.836,0.426,-0.535
00:28.7,1.57287E+12,0.151,-0.007,15.779,0.664,3,0.007,24.372,0.002,-0.032,571.242,0.427,-0.535
00:28.8,1.57287E+12,0.151,-0.006,15.779,0.664,3,0.007,24.375,0.002,-0.032,571.649,0.427,-0.535
00:28.8,1.57287E+12,0.151,-0.005,15.779,0.664,3,0.007,24.377,0.002,-0.032,572.055,0.428,-0.535
00:28.8,1.57287E+12,0.151,-0.004,15.779,0.664,3,0.007,24.38,0.002,-0.032,572.461,0.429,-0.535
00:28.8,1.57287E+12,0.151,-0.002,15.779,0.664,3,0.007,24.382,0.002,-0.032,572.868,0.429,-0.535
00:28.8,1.57287E+12,0.151,-0.001,15.779,0.664,3,0.006,24.385,0.002,-0.032,573.249,0.43,-0.535
00:28.8,1.57287E+12,0.151,0,15.779,0.664,3,0.006,24.387,0.001,-0.032,573.68,0.431,-0.535
00:28.9,1.57287E+12,0.151,0.002,15.779,0.664,3,0.006,24.39,0.001,-0.032,574.087,0.431,-0.535
00:28.9,1.57287E+12,0.151,0.003,15.779,0.664,3,0.006,24.392,0.001,-0.032,574.493,0.432,-0.535
00:28.9,1.57287E+12,0.151,0.004,15.779,0.664,3,0.005,24.395,0.001,-0.032,574.9,0.433,-0.535
00:28.9,1.57287E+12,0.151,0.005,15.779,0.664,3,0.005,24.397,0.001,-0.032,575.307,0.433,-0.535
00:28.9,1.57287E+12,0.151,0.007,15.779,0.664,3,0.005,24.4,0.001,-0.032,575.713,0.434,-0.535
00:28.9,1.57287E+12,0.151,0.008,15.779,0.664,3,0.005,24.402,0.001,-0.032,576.12,0.435,-0.535
00:29.0,1.57287E+12,0.151,0.009,15.779,0.664,3,0.004,24.405,0.001,-0.032,576.527,0.435,-0.535
00:29.0,1.57287E+12,0.151,0.01,15.779,0.664,3,0.004,24.407,0,-0.032,576.933,0.436,-0.535
00:29.0,1.57287E+12,0.151,0.011,15.779,0.664,3,0.004,24.41,0,-0.032,577.34,0.437,-0.535
00:29.0,1.57287E+12,0.15,0.011,15.779,0.664,3,0.003,24.412,0,-0.032,577.747,0.438,-0.535
00:29.0,1.57287E+12,0.15,0.012,15.779,0.664,3,0.003,24.415,0,-0.032,578.154,0.438,-0.535
00:29.0,1.57287E+12,0.15,0.013,15.779,0.664,3,0.003,24.417,0,-0.032,578.561,0.439,-0.535
00:29.1,1.57287E+12,0.15,0.014,15.925,0.664,3,0.002,24.42,-0.001,-0.032,578.968,0.44,-0.535
00:29.1,1.57287E+12,0.15,0.015,15.925,0.664,3,0.002,24.422,-0.001,-0.032,579.375,0.44,-0.535
00:29.1,1.57287E+12,0.151,0.016,15.925,0.664,3,0.002,24.425,-0.001,-0.032,579.782,0.441,-0.535
00:29.1,1.57287E+12,0.153,0.017,15.925,0.664,3,0.001,24.428,-0.001,-0.032,580.189,0.442,-0.535
00:29.1,1.57287E+12,0.154,0.018,15.925,0.664,3,0.001,24.43,-0.001,-0.032,580.596,0.442,-0.535
00:29.1,1.57287E+12,0.155,0.019,15.925,0.664,3,0.001,24.433,-0.002,-0.032,581.003,0.443,-0.535
00:29.1,1.57287E+12,0.156,0.02,16.145,0.664,3,0,24.435,-0.002,-0.032,581.411,0.444,-0.535
00:29.2,1.57287E+12,0.156,0.02,16.145,0.664,3,0,24.438,-0.002,-0.032,581.818,0.445,-0.535
00:29.2,1.57287E+12,0.158,0.021,16.145,0.664,3,0,24.441,-0.002,-0.032,582.225,0.445,-0.535
00:29.2,1.57287E+12,0.16,0.021,16.145,0.664,3,-0.001,24.443,-0.002,-0.032,582.633,0.446,-0.535
00:29.2,1.57287E+12,0.162,0.022,16.145,0.664,3,-0.001,24.446,-0.002,-0.032,583.04,0.447,-0.535
00:29.2,1.57287E+12,0.163,0.022,16.145,0.664,3,-0.001,24.449,-0.002,-0.032,583.447,0.448,-0.535
00:29.2,1.57287E+12,0.164,0.022,16.145,0.664,3,-0.002,24.452,-0.002,-0.032,583.855,0.448,-0.535
00:29.3,1.57287E+12,0.164,0.022,16.145,0.664,3,-0.002,24.454,-0.002,-0.032,584.263,0.449,-0.535
00:29.3,1.57287E+12,0.164,0.022,16.145,0.664,3,-0.002,24.457,-0.002,-0.031,584.67,0.45,-0.535
00:29.3,1.57287E+12,0.164,0.022,16.145,0.664,3,-0.002,24.46,-0.002,-0.031,585.078,0.451,-0.535
00:29.3,1.57287E+12,0.163,0.022,16.145,0.664,3,-0.003,24.462,-0.002,-0.031,585.485,0.452,-0.535
00:29.3,1.57287E+12,0.163,0.022,16.145,0.664,3,-0.003,24.465,-0.002,-0.031,585.893,0.452,-0.535
00:29.4,1.57287E+12,0.163,0.023,16.145,0.664,3,-0.003,24.468,-0.002,-0.031,586.301,0.453,-0.535
00:29.4,1.57287E+12,0.163,0.023,16.145,0.664,3,-0.003,24.471,-0.002,-0.031,586.709,0.454,-0.535
00:29.4,1.57287E+12,0.163,0.023,16.145,0.664,3,-0.003,24.473,-0.002,-0.031,587.117,0.455,-0.535
00:29.4,1.57287E+12,0.163,0.024,16.145,0.664,3,-0.004,24.476,-0.002,-0.03,587.525,0.456,-0.535
00:29.4,1.57287E+12,0.163,0.024,16.145,0.664,3,-0.004,24.479,-0.002,-0.03,587.932,0.456,-0.535
00:29.5,1.57287E+12,0.163,0.024,16.145,0.664,3,-0.004,24.481,-0.002,-0.03,588.34,0.457,-0.535
00:29.5,1.57287E+12,0.163,0.025,16.145,0.664,3,-0.004,24.484,-0.002,-0.03,588.749,0.458,-0.535
00:29.5,1.57287E+12,0.162,0.025,16.145,0.664,3,-0.004,24.487,-0.002,-0.03,589.157,0.459,-0.535
00:29.5,1.57287E+12,0.162,0.025,16.145,0.664,3,-0.005,24.49,-0.002,-0.03,589.565,0.46,-0.535
00:29.5,1.57287E+12,0.162,0.025,16.145,0.664,3,-0.005,24.492,-0.002,-0.03,589.973,0.461,-0.535
00:29.6,1.57287E+12,0.162,0.024,16.145,0.664,3,-0.005,24.495,-0.002,-0.03,590.381,0.462,-0.535
00:29.6,1.57287E+12,0.162,0.024,16.145,0.664,3,-0.005,24.498,-0.002,-0.03,590.789,0.462,-0.535
00:29.6,1.57287E+12,0.162,0.024,16.292,0.664,3,-0.005,24.5,-0.002,-0.03,591.198,0.463,-0.535
00:29.6,1.57287E+12,0.162,0.023,16.292,0.664,3,-0.005,24.503,-0.002,-0.03,591.606,0.464,-0.535
00:29.6,1.57287E+12,0.163,0.023,16.292,0.664,3,-0.006,24.506,-0.002,-0.03,592.014,0.465,-0.535
00:29.6,1.57287E+12,0.165,0.022,16.292,0.664,3,-0.006,24.509,-0.002,-0.03,592.423,0.466,-0.535
00:29.7,1.57287E+12,0.166,0.022,16.292,0.664,3,-0.006,24.511,-0.002,-0.03,592.831,0.467,-0.535
00:29.7,1.57287E+12,0.168,0.021,16.292,0.664,3,-0.006,24.514,-0.002,-0.03,593.24,0.468,-0.535
00:29.7,1.57287E+12,0.168,0.021,16.292,0.664,3,-0.006,24.517,-0.002,-0.03,593.649,0.469,-0.535
00:29.7,1.57287E+12,0.168,0.02,16.292,0.664,3,-0.006,24.52,-0.002,-0.03,594.057,0.47,-0.535
00:29.7,1.57287E+12,0.168,0.019,16.292,0.664,3,-0.006,24.523,-0.002,-0.03,594.466,0.471,-0.535
00:29.7,1.57287E+12,0.167,0.017,16.292,0.664,3,-0.006,24.525,-0.002,-0.03,594.875,0.472,-0.535
00:29.8,1.57287E+12,0.167,0.016,16.292,0.664,3,-0.006,24.528,-0.002,-0.03,595.283,0.473,-0.535
00:29.8,1.57287E+12,0.167,0.014,16.292,0.664,3,-0.007,24.531,-0.002,-0.03,595.692,0.473,-0.535
00:29.8,1.57287E+12,0.167,0.013,16.145,0.664,3,-0.007,24.534,-0.003,-0.03,596.101,0.474,-0.535
00:29.8,1.57287E+12,0.166,0.011,16.145,0.664,3,-0.007,24.536,-0.003,-0.03,596.51,0.475,-0.535
00:29.8,1.57287E+12,0.165,0.01,16.145,0.664,3,-0.007,24.539,-0.003,-0.03,596.919,0.476,-0.535
00:29.8,1.57287E+12,0.164,0.008,16.145,0.664,3,-0.006,24.542,-0.003,-0.03,597.328,0.477,-0.535
00:29.9,1.57287E+12,0.162,0.007,16.145,0.664,3,-0.006,24.545,-0.002,-0.03,597.737,0.478,-0.535
00:29.9,1.57287E+12,0.161,0.005,16.145,0.664,3,-0.006,24.547,-0.002,-0.03,598.146,0.479,-0.535
00:29.9,1.57287E+12,0.16,0.004,16.145,0.664,3,-0.006,24.55,-0.002,-0.03,598.555,0.48,-0.535
00:29.9,1.57287E+12,0.16,0.002,16.145,0.664,3,-0.006,24.553,-0.002,-0.03,598.964,0.481,-0.535
00:29.9,1.57287E+12,0.16,0,16.145,0.664,3,-0.006,24.555,-0.002,-0.03,599.374,0.482,-0.535
00:29.9,1.57287E+12,0.16,-0.003,16.145,0.664,3,-0.006,24.558,-0.002,-0.03,599.783,0.483,-0.535
00:29.9,1.57287E+12,0.16,-0.006,16.145,0.664,3,-0.006,24.561,-0.002,-0.03,600.192,0.484,-0.535
00:30.0,1.57287E+12,0.16,-0.01,16.145,0.664,3,-0.005,24.563,-0.002,-0.03,600.602,0.485,-0.535
00:30.0,1.57287E+12,0.16,-0.015,13.142,0.664,3,-0.005,24.566,-0.002,-0.03,601.011,0.486,-0.535
00:30.0,1.57287E+12,0.155,-0.019,13.142,0.664,3,-0.005,24.568,-0.002,-0.03,601.421,0.487,-0.535
00:30.0,1.57287E+12,0.138,-0.024,13.142,0.664,3,-0.005,24.57,-0.002,-0.031,601.83,0.488,-0.535
00:30.0,1.57287E+12,0.112,-0.028,13.142,0.664,3,-0.004,24.572,-0.001,-0.031,602.239,0.489,-0.535
00:30.0,1.57287E+12,0.086,-0.033,13.142,0.664,3,-0.004,24.573,-0.001,-0.032,602.649,0.49,-0.535
