rec-time,UTC,Acceleration,Lateral acceleration,Gas pedal position,Brake pedal force,Gear,Steering wheel position,Velocity,Lateral velocity,Vertical velocity,X axis position,Y axis position,Z axis position
00:00:00.337,1572870374898,0.0,0.0,0.983,138.66899999999998,3.0,-0.006,0.0,0.0,0.0,0.0,0.0,-0.527
00:00:00.389,1572870374950,0.0,0.0,0.983,138.66899999999998,3.0,-0.006,0.0,0.0,0.0,0.0,0.0,-0.527
00:00:00.390,1572870374951,0.0,0.0,0.983,138.66899999999998,3.0,-0.006,0.0,0.0,0.0,0.0,0.0,-0.527
00:00:00.391,1572870374952,0.0,0.0,0.983,138.66899999999998,3.0,-0.006,0.0,0.0,0.0,0.0,0.0,-0.527
00:00:00.440,1572870375001,0.0,0.0,0.983,138.66899999999998,3.0,-0.006,0.0,0.0,0.0,0.0,0.0,-0.527
00:00:00.441,1572870375002,0.0,0.0,0.983,138.66899999999998,3.0,-0.006,0.0,0.0,0.0,0.0,0.0,-0.527
00:00:00.442,1572870375003,0.0,0.0,0.983,138.66899999999998,3.0,-0.006,0.0,0.0,0.0,0.0,0.0,-0.527
00:00:00.495,1572870375056,0.0,0.0,0.983,138.66899999999998,3.0,-0.006,0.0,0.0,0.0,0.0,0.0,-0.527
00:00:00.496,1572870375057,0.0,0.0,0.983,138.66899999999998,3.0,-0.006999999999999999,0.0,0.0,0.0,0.0,0.0,-0.527
00:00:00.497,1572870375058,0.0,0.0,0.983,138.66899999999998,3.0,-0.006999999999999999,0.0,0.0,0.0,0.0,0.0,-0.527
00:00:00.539,1572870375100,0.0,0.0,0.983,138.66899999999998,3.0,-0.008,0.0,0.0,0.0,0.0,0.0,-0.527
00:00:00.540,1572870375101,0.0,0.0,0.983,138.66899999999998,3.0,-0.008,0.0,0.0,0.0,0.0,0.0,-0.527
00:00:00.541,1572870375102,0.0,0.0,0.983,137.045,3.0,-0.008,0.0,0.0,0.0,0.0,0.0,-0.527
00:00:00.589,1572870375150,0.0,0.0,0.983,137.045,3.0,-0.008,0.0,0.0,0.0,0.0,0.0,-0.527
00:00:00.590,1572870375151,0.0,0.0,0.983,137.045,3.0,-0.008,0.0,0.0,0.0,0.0,0.0,-0.527
00:00:00.591,1572870375152,0.0,0.0,0.983,137.045,3.0,-0.008,0.0,0.0,0.0,0.0,0.0,-0.527
00:00:00.640,1572870375201,0.0,0.0,0.983,137.045,3.0,-0.008,0.0,0.0,0.0,0.0,0.0,-0.527
00:00:00.641,1572870375202,0.0,0.0,0.983,137.045,3.0,-0.008,0.0,0.0,0.0,0.0,0.0,-0.527
00:00:00.642,1572870375203,0.0,0.0,0.983,123.361,3.0,-0.009000000000000001,0.0,0.0,0.0,0.0,0.0,-0.527
00:00:00.690,1572870375251,0.0,0.0,0.983,123.361,3.0,-0.009000000000000001,0.0,0.0,0.0,0.0,0.0,-0.527
00:00:00.691,1572870375252,0.0,0.0,0.983,123.361,3.0,-0.009000000000000001,0.0,0.0,0.0,0.0,0.0,-0.527
00:00:00.692,1572870375253,0.0,0.0,0.983,123.361,3.0,-0.009000000000000001,0.0,0.0,0.0,0.0,0.0,-0.527
00:00:00.748,1572870375309,0.0,0.0,0.983,123.361,3.0,-0.009000000000000001,0.0,0.0,0.0,0.0,0.0,-0.527
00:00:00.749,1572870375310,0.0,0.0,0.983,123.361,3.0,-0.009000000000000001,0.0,0.0,0.0,0.0,0.0,-0.527
00:00:00.750,1572870375311,0.0,0.0,0.983,77.669,3.0,-0.009000000000000001,0.0,0.0,0.0,0.0,0.0,-0.527
00:00:00.791,1572870375352,0.0,0.0,0.983,77.669,3.0,-0.009000000000000001,0.0,0.0,0.0,0.0,0.0,-0.527
00:00:00.792,1572870375353,0.0,0.0,0.983,77.669,3.0,-0.009000000000000001,0.0,0.0,0.0,0.0,0.0,-0.527
00:00:00.793,1572870375354,0.0,0.0,0.983,77.669,3.0,-0.009000000000000001,0.0,0.0,0.0,0.0,0.0,-0.527
00:00:00.855,1572870375416,0.0,0.0,0.983,77.669,3.0,-0.009000000000000001,0.0,0.0,0.0,0.0,0.0,-0.527
00:00:00.856,1572870375417,0.0,0.0,0.983,77.669,3.0,-0.009000000000000001,0.0,0.0,0.0,0.0,0.0,-0.527
00:00:00.857,1572870375418,0.0,0.0,0.983,28.033,3.0,-0.009000000000000001,0.0,0.0,0.0,0.0,0.0,-0.527
00:00:00.858,1572870375419,0.0,0.0,0.983,28.033,3.0,-0.009000000000000001,0.0,0.0,0.0,0.0,0.0,-0.527
00:00:00.900,1572870375461,0.0,0.0,0.983,28.033,3.0,-0.009000000000000001,0.0,0.0,0.0,0.0,0.0,-0.527
00:00:00.901,1572870375462,0.0,0.0,0.983,28.033,3.0,-0.009000000000000001,0.0,0.0,0.0,0.0,0.0,-0.527
00:00:00.902,1572870375463,0.0,0.0,0.983,28.033,3.0,-0.01,0.0,0.0,0.0,0.0,0.0,-0.527
00:00:00.949,1572870375510,0.0,0.0,0.983,28.033,3.0,-0.01,0.0,0.0,0.0,0.0,0.0,-0.527
00:00:00.950,1572870375511,-0.011,0.0,0.983,4.839,3.0,-0.01,-0.001,0.0,-0.001,0.0,0.0,-0.527
00:00:00.951,1572870375512,0.033,0.0,0.983,4.839,3.0,-0.01,0.002,0.0,-0.002,0.0,0.0,-0.527
00:00:00.999,1572870375560,0.194,0.0,0.983,4.839,3.0,-0.01,0.006999999999999999,0.0,-0.005,0.0,0.0,-0.527
00:00:01.000,1572870375561,0.262,0.0,0.983,4.839,3.0,-0.01,0.012,0.0,-0.008,0.0,0.0,-0.527
00:00:01.001,1572870375562,0.281,0.0,0.983,4.839,3.0,-0.011,0.017,0.0,-0.011,0.0,0.0,-0.527
00:00:01.050,1572870375611,0.267,0.0,0.983,4.839,3.0,-0.011,0.021,0.0,-0.014,0.0,0.0,-0.527
00:00:01.051,1572870375612,0.181,0.0,0.983,1.128,3.0,-0.011,0.02,0.0,-0.015,0.001,0.0,-0.528
00:00:01.052,1572870375613,0.08,0.0,0.983,1.128,3.0,-0.011,0.023,0.0,-0.016,0.001,0.0,-0.528
00:00:01.103,1572870375664,0.214,0.0,0.983,1.128,3.0,-0.011,0.029,0.0,-0.017,0.002,0.0,-0.528
00:00:01.104,1572870375665,0.297,0.0,0.983,1.128,3.0,-0.011,0.034,0.0,-0.017,0.002,0.0,-0.528
00:00:01.105,1572870375666,0.34,0.0,0.983,1.128,3.0,-0.011,0.04,0.0,-0.017,0.003,0.0,-0.529
00:00:01.155,1572870375716,0.363,0.0,0.983,1.128,3.0,-0.011,0.047,0.0,-0.017,0.003,0.0,-0.529
00:00:01.156,1572870375717,0.379,0.0,0.983,0.664,3.0,-0.012,0.053,0.0,-0.017,0.004,0.0,-0.529
00:00:01.157,1572870375718,0.395,0.0,0.983,0.664,3.0,-0.012,0.06,0.0,-0.016,0.005,0.0,-0.529
00:00:01.202,1572870375763,0.41,0.0,0.983,0.664,3.0,-0.012,0.067,0.0,-0.016,0.006,0.0,-0.53
00:00:01.203,1572870375764,0.422,0.0,0.983,0.664,3.0,-0.012,0.07400000000000001,0.0,-0.015,0.006999999999999999,0.0,-0.53
00:00:01.204,1572870375765,0.433,0.0,0.983,0.664,3.0,-0.013,0.08199999999999999,0.0,-0.014,0.009000000000000001,0.0,-0.53
00:00:01.252,1572870375813,0.444,0.0,0.983,0.664,3.0,-0.013,0.08900000000000001,0.0,-0.013,0.01,0.0,-0.53
00:00:01.253,1572870375814,0.455,0.0,0.983,0.664,3.0,-0.013,0.097,0.0,-0.011,0.012,0.0,-0.531
00:00:01.254,1572870375815,0.464,-0.001,0.983,0.664,3.0,-0.014,0.105,0.0,-0.01,0.013,0.0,-0.531
00:00:01.302,1572870375863,0.473,-0.001,0.983,0.664,3.0,-0.014,0.113,0.0,-0.009000000000000001,0.015,0.0,-0.531
00:00:01.303,1572870375864,0.481,-0.001,0.983,0.664,3.0,-0.014,0.121,0.0,-0.008,0.017,0.0,-0.531
00:00:01.304,1572870375865,0.489,-0.001,0.983,0.664,3.0,-0.015,0.129,0.0,-0.006999999999999999,0.019,0.0,-0.531
00:00:01.352,1572870375913,0.4970000000000001,-0.001,0.983,0.664,3.0,-0.015,0.13699999999999998,0.0,-0.006,0.021,0.0,-0.531
00:00:01.353,1572870375914,0.503,-0.001,0.983,0.664,3.0,-0.016,0.146,0.0,-0.005,0.024,0.0,-0.531
00:00:01.354,1572870375915,0.51,-0.001,0.983,0.664,3.0,-0.016,0.155,0.0,-0.004,0.026,0.0,-0.532
00:00:01.403,1572870375964,0.516,-0.001,0.983,0.664,3.0,-0.016,0.163,0.0,-0.003,0.029,0.0,-0.532
00:00:01.404,1572870375965,0.521,-0.001,0.983,0.664,3.0,-0.017,0.172,0.0,-0.003,0.032,0.0,-0.532
00:00:01.405,1572870375966,0.526,-0.001,0.983,0.664,3.0,-0.017,0.181,0.0,-0.002,0.035,0.0,-0.532
00:00:01.453,1572870376014,0.531,-0.001,0.983,0.664,3.0,-0.017,0.19,0.0,-0.001,0.038,0.0,-0.532
00:00:01.454,1572870376015,0.535,-0.001,0.983,0.664,3.0,-0.018000000000000002,0.199,0.0,-0.001,0.041,0.0,-0.532
00:00:01.455,1572870376016,0.539,-0.001,0.983,0.664,3.0,-0.018000000000000002,0.208,0.0,0.0,0.044,0.0,-0.532
00:00:01.503,1572870376064,0.542,-0.001,0.983,0.664,3.0,-0.018000000000000002,0.217,0.0,0.0,0.048,0.0,-0.532
00:00:01.504,1572870376065,0.545,-0.001,0.983,0.664,3.0,-0.018000000000000002,0.226,0.0,0.0,0.052000000000000005,0.0,-0.532
00:00:01.505,1572870376066,0.5479999999999999,-0.001,0.983,0.664,3.0,-0.019,0.235,0.0,0.001,0.055,0.0,-0.532
00:00:01.554,1572870376115,0.55,-0.001,0.983,0.664,3.0,-0.019,0.244,0.0,0.001,0.059,0.0,-0.532
00:00:01.555,1572870376116,0.5529999999999999,-0.001,0.983,0.664,3.0,-0.019,0.254,0.0,0.001,0.064,0.0,-0.532
00:00:01.556,1572870376117,0.5539999999999999,-0.001,0.983,0.664,3.0,-0.019,0.263,0.0,0.001,0.068,0.0,-0.532
00:00:01.606,1572870376167,0.556,-0.001,0.983,0.664,3.0,-0.02,0.272,0.0,0.001,0.07200000000000001,0.0,-0.532
00:00:01.607,1572870376168,0.557,-0.001,0.983,0.664,3.0,-0.02,0.281,0.0,0.001,0.077,0.0,-0.532
00:00:01.608,1572870376169,0.5579999999999999,-0.001,0.983,0.664,3.0,-0.021,0.29100000000000004,0.0,0.001,0.08199999999999999,0.0,-0.532
00:00:01.655,1572870376216,0.5589999999999999,-0.001,0.983,0.664,3.0,-0.021,0.3,0.0,0.002,0.087,0.0,-0.532
00:00:01.656,1572870376217,0.5589999999999999,-0.001,0.983,0.664,3.0,-0.021,0.309,0.0,0.002,0.092,0.0,-0.532
00:00:01.657,1572870376218,0.56,-0.001,0.983,0.664,3.0,-0.021,0.319,0.0,0.002,0.097,0.0,-0.532
00:00:01.705,1572870376266,0.56,-0.001,0.983,0.664,3.0,-0.022,0.328,0.0,0.002,0.102,0.0,-0.532
00:00:01.706,1572870376267,0.56,-0.001,0.983,0.664,3.0,-0.022,0.337,0.0,0.002,0.108,0.0,-0.532
00:00:01.707,1572870376268,0.5589999999999999,-0.001,0.983,0.664,3.0,-0.022,0.34700000000000003,0.0,0.002,0.114,0.0,-0.532
00:00:01.758,1572870376319,0.5589999999999999,-0.001,0.983,0.664,3.0,-0.022,0.35600000000000004,0.0,0.002,0.119,0.0,-0.532
00:00:01.759,1572870376320,0.5579999999999999,-0.001,1.643,0.664,3.0,-0.023,0.365,0.0,0.002,0.125,0.0,-0.532
00:00:01.760,1572870376321,0.5589999999999999,-0.001,1.643,0.664,3.0,-0.023,0.375,0.0,0.002,0.132,0.0,-0.532
00:00:01.809,1572870376370,0.564,-0.001,1.643,0.664,3.0,-0.023,0.384,0.0,0.002,0.138,0.0,-0.532
00:00:01.810,1572870376371,0.5760000000000001,-0.001,1.643,0.664,3.0,-0.024,0.394,-0.001,0.001,0.14400000000000002,0.0,-0.531
00:00:01.811,1572870376372,0.591,-0.001,1.643,0.664,3.0,-0.024,0.404,-0.001,0.001,0.151,0.0,-0.531
00:00:01.860,1572870376421,0.608,-0.002,1.643,0.664,3.0,-0.024,0.414,-0.001,0.001,0.158,0.0,-0.531
00:00:01.861,1572870376422,0.625,-0.002,3.62,0.664,3.0,-0.025,0.426,-0.001,0.001,0.165,0.0,-0.531
00:00:01.862,1572870376423,0.644,-0.002,3.62,0.664,3.0,-0.025,0.436,-0.001,0.001,0.172,0.0,-0.531
00:00:01.914,1572870376475,0.6829999999999999,-0.002,3.62,0.664,3.0,-0.026,0.449,-0.001,0.001,0.18,0.0,-0.531
00:00:01.915,1572870376476,0.738,-0.002,3.62,0.664,3.0,-0.026,0.462,-0.001,0.001,0.187,0.0,-0.531
00:00:01.916,1572870376477,0.8009999999999999,-0.002,3.62,0.664,3.0,-0.027000000000000003,0.476,-0.001,0.002,0.195,0.0,-0.531
00:00:01.960,1572870376521,0.861,-0.002,3.62,0.664,3.0,-0.027000000000000003,0.49,-0.001,0.002,0.203,0.0,-0.531
00:00:01.961,1572870376522,0.922,-0.002,13.435,0.664,3.0,-0.027000000000000003,0.508,-0.001,0.002,0.212,0.0,-0.531
00:00:01.962,1572870376523,0.997,-0.002,13.435,0.664,3.0,-0.028,0.526,-0.001,0.003,0.22,0.0,-0.531
00:00:02.010,1572870376571,1.149,-0.002,13.435,0.664,3.0,-0.028,0.546,-0.001,0.004,0.229,0.0,-0.531
00:00:02.011,1572870376572,1.413,-0.003,13.435,0.664,3.0,-0.028,0.574,-0.001,0.005,0.238,0.0,-0.531
00:00:02.012,1572870376573,1.7480000000000002,-0.003,13.435,0.664,3.0,-0.029,0.608,-0.001,0.006,0.248,0.0,-0.531
00:00:02.060,1572870376621,2.123,-0.004,13.435,0.664,3.0,-0.029,0.6509999999999999,-0.001,0.009000000000000001,0.259,0.0,-0.531
00:00:02.061,1572870376622,2.449,-0.004,18.123,0.664,3.0,-0.03,0.696,-0.001,0.011,0.27,0.0,-0.531
00:00:02.062,1572870376623,2.719,-0.005,18.123,0.664,3.0,-0.03,0.742,-0.001,0.013,0.281,0.0,-0.531
00:00:02.110,1572870376671,3.019,-0.005,18.123,0.664,3.0,-0.03,0.8,-0.001,0.016,0.295,0.0,-0.531
00:00:02.111,1572870376672,3.302,-0.006,18.123,0.664,3.0,-0.031,0.858,-0.001,0.019,0.309,0.0,-0.53
00:00:02.112,1572870376673,3.565,-0.006,18.123,0.664,3.0,-0.031,0.921,-0.001,0.022,0.324,0.0,-0.53
00:00:02.164,1572870376725,3.787,-0.006999999999999999,18.123,0.664,3.0,-0.031,0.987,-0.002,0.025,0.34,-0.001,-0.53
00:00:02.165,1572870376726,3.956,-0.006999999999999999,21.638,0.664,3.0,-0.032,1.055,-0.002,0.028,0.35700000000000004,-0.001,-0.53
00:00:02.166,1572870376727,4.081,-0.006999999999999999,21.638,0.664,3.0,-0.032,1.125,-0.002,0.031,0.375,-0.001,-0.529
00:00:02.213,1572870376774,4.1960000000000015,-0.006999999999999999,21.638,0.664,3.0,-0.032,1.196,-0.002,0.034,0.394,-0.001,-0.529
00:00:02.214,1572870376775,4.31,-0.008,21.638,0.664,3.0,-0.033,1.269,-0.002,0.037000000000000005,0.415,-0.001,-0.529
00:00:02.215,1572870376776,4.405,-0.008,21.638,0.664,3.0,-0.033,1.339,-0.002,0.04,0.435,-0.001,-0.528
00:00:02.216,1572870376777,4.488,-0.009000000000000001,21.638,0.664,3.0,-0.033,1.42,-0.002,0.043,0.459,-0.001,-0.528
00:00:02.264,1572870376825,4.534,-0.009000000000000001,25.301,0.664,3.0,-0.034,1.496,-0.002,0.045,0.484,-0.001,-0.528
00:00:02.265,1572870376826,4.551,-0.009000000000000001,25.301,0.664,3.0,-0.034,1.5719999999999998,-0.002,0.047,0.509,-0.001,-0.527
00:00:02.266,1572870376827,4.552,-0.01,25.301,0.664,3.0,-0.034,1.6469999999999998,-0.003,0.049,0.536,-0.001,-0.527
00:00:02.318,1572870376879,4.543,-0.01,25.301,0.664,3.0,-0.034,1.723,-0.003,0.051,0.564,-0.001,-0.527
00:00:02.319,1572870376880,4.527,-0.01,25.301,0.664,3.0,-0.035,1.798,-0.003,0.052000000000000005,0.594,-0.001,-0.527
00:00:02.320,1572870376881,4.506,-0.01,25.301,0.664,3.0,-0.035,1.873,-0.003,0.053,0.624,-0.001,-0.527
00:00:02.385,1572870376946,4.479,-0.01,28.304,0.664,3.0,-0.035,1.947,-0.003,0.053,0.6559999999999999,-0.001,-0.527
00:00:02.386,1572870376947,4.4510000000000005,-0.01,28.304,0.664,3.0,-0.035,2.021,-0.003,0.054000000000000006,0.6890000000000001,-0.001,-0.527
00:00:02.387,1572870376948,4.43,-0.01,28.304,0.664,3.0,-0.036000000000000004,2.094,-0.003,0.054000000000000006,0.723,-0.001,-0.527
00:00:02.388,1572870376949,4.417,-0.01,28.304,0.664,3.0,-0.036000000000000004,2.168,-0.003,0.054000000000000006,0.759,-0.001,-0.527
00:00:02.430,1572870376991,4.4060000000000015,-0.01,28.304,0.664,3.0,-0.036000000000000004,2.241,-0.003,0.054000000000000006,0.7959999999999999,-0.001,-0.527
00:00:02.431,1572870376992,4.395,-0.01,28.304,0.664,3.0,-0.036000000000000004,2.314,-0.004,0.054000000000000006,0.8340000000000001,-0.001,-0.527
00:00:02.432,1572870376993,4.378,-0.01,31.45300000000001,0.664,3.0,-0.036000000000000004,2.387,-0.004,0.053,0.873,-0.002,-0.527
00:00:02.480,1572870377041,4.359,-0.01,31.45300000000001,0.664,3.0,-0.037000000000000005,2.459,-0.004,0.054000000000000006,0.913,-0.002,-0.527
00:00:02.481,1572870377042,4.342,-0.01,31.45300000000001,0.664,3.0,-0.037000000000000005,2.531,-0.004,0.054000000000000006,0.955,-0.002,-0.528
00:00:02.482,1572870377043,4.3260000000000005,-0.01,31.45300000000001,0.664,3.0,-0.037000000000000005,2.603,-0.004,0.055,0.998,-0.002,-0.528
00:00:02.530,1572870377091,4.308,-0.011,31.45300000000001,0.664,3.0,-0.037000000000000005,2.675,-0.004,0.057,1.042,-0.002,-0.528
00:00:02.531,1572870377092,4.287,-0.011,31.45300000000001,0.664,3.0,-0.037000000000000005,2.7460000000000004,-0.004,0.059,1.087,-0.002,-0.529
00:00:02.532,1572870377093,4.2639999999999985,-0.011,32.772,0.664,3.0,-0.037000000000000005,2.817,-0.004,0.061,1.133,-0.002,-0.529
00:00:02.581,1572870377142,4.238,-0.011,32.772,0.664,3.0,-0.037000000000000005,2.887,-0.004,0.064,1.181,-0.002,-0.529
00:00:02.582,1572870377143,4.212,-0.011,32.772,0.664,3.0,-0.037000000000000005,2.957,-0.004,0.067,1.229,-0.002,-0.529
00:00:02.583,1572870377144,4.187,-0.012,32.772,0.664,3.0,-0.037000000000000005,3.026,-0.004,0.07,1.279,-0.003,-0.53
00:00:02.632,1572870377193,4.162,-0.012,32.772,0.664,3.0,-0.037000000000000005,3.095,-0.004,0.073,1.33,-0.003,-0.53
00:00:02.633,1572870377194,4.136,-0.012,32.772,0.664,3.0,-0.037000000000000005,3.164,-0.004,0.076,1.382,-0.003,-0.53
00:00:02.634,1572870377195,4.11,-0.013,34.603,0.664,3.0,-0.037000000000000005,3.232,-0.005,0.079,1.436,-0.003,-0.53
00:00:02.690,1572870377251,4.083,-0.013,34.603,0.664,3.0,-0.037000000000000005,3.3,-0.005,0.08199999999999999,1.49,-0.003,-0.53
00:00:02.691,1572870377252,4.056,-0.014,34.603,0.664,3.0,-0.037000000000000005,3.367,-0.005,0.085,1.546,-0.003,-0.53
00:00:02.692,1572870377253,4.03,-0.014,34.603,0.664,3.0,-0.037000000000000005,3.434,-0.005,0.087,1.602,-0.003,-0.53
00:00:02.734,1572870377295,4.005,-0.014,34.603,0.664,3.0,-0.036000000000000004,3.5,-0.005,0.08900000000000001,1.66,-0.004,-0.53
00:00:02.735,1572870377296,3.98,-0.014,34.603,0.664,3.0,-0.036000000000000004,3.5660000000000003,-0.005,0.091,1.719,-0.004,-0.53
00:00:02.736,1572870377297,3.956,-0.015,36.141,0.664,3.0,-0.036000000000000004,3.632,-0.005,0.093,1.779,-0.004,-0.529
00:00:02.784,1572870377345,3.933,-0.015,36.141,0.664,3.0,-0.036000000000000004,3.697,-0.005,0.094,1.84,-0.004,-0.529
00:00:02.785,1572870377346,3.912,-0.015,36.141,0.664,3.0,-0.036000000000000004,3.762,-0.005,0.095,1.902,-0.004,-0.529
00:00:02.786,1572870377347,3.894,-0.016,36.141,0.664,3.0,-0.036000000000000004,3.827,-0.005,0.095,1.966,-0.004,-0.529
00:00:02.834,1572870377395,3.877,-0.016,36.141,0.664,3.0,-0.036000000000000004,3.891,-0.005,0.096,2.03,-0.005,-0.529
00:00:02.835,1572870377396,3.859,-0.017,36.141,0.664,3.0,-0.036000000000000004,3.955,-0.005,0.096,2.095,-0.005,-0.529
00:00:02.836,1572870377397,3.84,-0.017,38.118,0.664,3.0,-0.036000000000000004,4.019,-0.005,0.096,2.162,-0.005,-0.528
00:00:02.888,1572870377449,3.82,-0.018000000000000002,38.118,0.664,3.0,-0.036000000000000004,4.082,-0.005,0.096,2.229,-0.005,-0.528
00:00:02.889,1572870377450,3.803,-0.019,38.118,0.664,3.0,-0.036000000000000004,4.146,-0.006,0.095,2.298,-0.005,-0.528
00:00:02.890,1572870377451,3.788,-0.019,38.118,0.664,3.0,-0.035,4.209,-0.006,0.095,2.3680000000000003,-0.006,-0.528
00:00:02.935,1572870377496,3.772,-0.02,38.118,0.664,3.0,-0.035,4.271,-0.006,0.094,2.438,-0.006,-0.528
00:00:02.936,1572870377497,3.755,-0.021,38.118,0.664,3.0,-0.035,4.334,-0.006,0.093,2.51,-0.006,-0.528
00:00:02.937,1572870377498,3.737,-0.021,39.51,0.664,3.0,-0.035,4.396,-0.006,0.092,2.583,-0.006,-0.528
00:00:02.991,1572870377552,3.718,-0.021,39.51,0.664,3.0,-0.035,4.457,-0.006,0.092,2.657,-0.006999999999999999,-0.528
00:00:02.992,1572870377553,3.7,-0.022,39.51,0.664,3.0,-0.035,4.519,-0.006,0.091,2.7310000000000003,-0.006999999999999999,-0.527
00:00:02.993,1572870377554,3.684,-0.022,39.51,0.664,3.0,-0.035,4.58,-0.006,0.09,2.807,-0.006999999999999999,-0.527
00:00:03.036,1572870377597,3.668,-0.022,39.51,0.664,3.0,-0.035,4.641,-0.006,0.08900000000000001,2.884,-0.008,-0.527
00:00:03.037,1572870377598,3.652,-0.022,39.51,0.664,3.0,-0.034,4.702,-0.006,0.08900000000000001,2.962,-0.008,-0.527
00:00:03.038,1572870377599,3.635,-0.022,40.975,0.664,3.0,-0.034,4.762,-0.006,0.08800000000000001,3.0410000000000004,-0.008,-0.528
00:00:03.094,1572870377655,3.617,-0.023,40.975,0.664,3.0,-0.034,4.822,-0.006,0.08800000000000001,3.1210000000000004,-0.008,-0.528
00:00:03.095,1572870377656,3.6,-0.023,40.975,0.664,3.0,-0.034,4.882,-0.006,0.08800000000000001,3.202,-0.009000000000000001,-0.528
00:00:03.096,1572870377657,3.584,-0.023,40.975,0.664,3.0,-0.034,4.941,-0.006,0.08800000000000001,3.283,-0.009000000000000001,-0.528
00:00:03.137,1572870377698,3.568,-0.023,40.975,0.664,3.0,-0.034,5.0,-0.006999999999999999,0.08800000000000001,3.366,-0.009000000000000001,-0.528
00:00:03.138,1572870377699,3.552,-0.022,40.975,0.664,3.0,-0.033,5.059,-0.006999999999999999,0.08900000000000001,3.45,-0.01,-0.528
00:00:03.139,1572870377700,3.535,-0.022,42.0,0.664,3.0,-0.033,5.118,-0.006999999999999999,0.08900000000000001,3.535,-0.01,-0.528
00:00:03.189,1572870377750,3.518,-0.021,42.0,0.664,3.0,-0.032,5.176,-0.006,0.09,3.621,-0.011,-0.528
00:00:03.190,1572870377751,3.5,-0.02,42.0,0.664,3.0,-0.032,5.235,-0.006,0.091,3.708,-0.011,-0.528
00:00:03.191,1572870377752,3.4810000000000003,-0.018000000000000002,42.0,0.664,3.0,-0.031,5.292000000000002,-0.006,0.092,3.795,-0.011,-0.529
00:00:03.237,1572870377798,3.46,-0.016,42.0,0.664,3.0,-0.03,5.35,-0.006,0.094,3.884,-0.012,-0.529
00:00:03.238,1572870377799,3.438,-0.013,42.0,0.664,3.0,-0.029,5.407,-0.006,0.095,3.974,-0.012,-0.529
00:00:03.239,1572870377800,3.4160000000000004,-0.01,42.293,0.664,3.0,-0.028,5.462999999999999,-0.006,0.096,4.064,-0.013,-0.529
00:00:03.296,1572870377857,3.397,-0.006,42.293,0.664,3.0,-0.027000000000000003,5.52,-0.006,0.097,4.1560000000000015,-0.013,-0.529
00:00:03.297,1572870377858,3.38,-0.002,42.293,0.664,3.0,-0.026,5.5760000000000005,-0.005,0.099,4.248,-0.013,-0.529
00:00:03.298,1572870377859,3.364,0.003,42.293,0.664,3.0,-0.025,5.6320000000000014,-0.005,0.1,4.342,-0.014,-0.529
00:00:03.338,1572870377899,3.35,0.008,42.293,0.664,3.0,-0.024,5.687,-0.004,0.101,4.436,-0.014,-0.529
00:00:03.339,1572870377900,3.3360000000000003,0.014,42.293,0.664,3.0,-0.022,5.7429999999999986,-0.004,0.103,4.5310000000000015,-0.015,-0.529
00:00:03.340,1572870377901,3.323,0.02,42.806,0.664,3.0,-0.021,5.797999999999999,-0.003,0.104,4.627,-0.015,-0.53
00:00:03.395,1572870377956,3.309,0.025,42.806,0.664,3.0,-0.02,5.853,-0.002,0.105,4.725,-0.015,-0.53
00:00:03.396,1572870377957,3.2960000000000003,0.031,42.806,0.664,3.0,-0.019,5.908,-0.002,0.107,4.823,-0.016,-0.53
00:00:03.397,1572870377958,3.282,0.036000000000000004,42.806,0.664,3.0,-0.018000000000000002,5.9620000000000015,-0.001,0.108,4.922,-0.016,-0.53
00:00:03.441,1572870378002,3.268,0.04,42.806,0.664,3.0,-0.018000000000000002,6.016,0.0,0.109,5.021,-0.017,-0.53
00:00:03.442,1572870378003,3.253,0.043,42.806,0.664,3.0,-0.017,6.07,0.001,0.11,5.122000000000001,-0.017,-0.53
00:00:03.443,1572870378004,3.237,0.045,43.172,0.664,3.0,-0.017,6.124,0.001,0.111,5.224,-0.017,-0.53
00:00:03.495,1572870378056,3.221,0.046,43.172,0.664,3.0,-0.016,6.178,0.002,0.112,5.3260000000000005,-0.018000000000000002,-0.53
00:00:03.496,1572870378057,3.205,0.047,43.172,0.664,3.0,-0.016,6.231,0.003,0.113,5.43,-0.018000000000000002,-0.53
00:00:03.497,1572870378058,3.189,0.047,43.172,0.664,3.0,-0.016,6.284,0.003,0.113,5.534,-0.018000000000000002,-0.53
00:00:03.542,1572870378103,3.174,0.047,43.172,0.664,3.0,-0.015,6.336,0.004,0.114,5.6389999999999985,-0.019,-0.53
00:00:03.543,1572870378104,3.159,0.046,43.172,0.664,3.0,-0.015,6.3889999999999985,0.004,0.115,5.745,-0.019,-0.53
00:00:03.544,1572870378105,3.143,0.046,43.465,0.664,3.0,-0.014,6.441,0.004,0.115,5.852,-0.019,-0.53
00:00:03.605,1572870378166,3.128,0.046,43.465,0.664,3.0,-0.013,6.4929999999999986,0.005,0.116,5.96,-0.02,-0.53
00:00:03.606,1572870378167,3.113,0.046,43.465,0.664,3.0,-0.012,6.545,0.005,0.116,6.069,-0.02,-0.53
00:00:03.607,1572870378168,3.0980000000000003,0.046,43.465,0.664,3.0,-0.011,6.596,0.005,0.116,6.178,-0.02,-0.53
00:00:03.643,1572870378204,3.084,0.046,43.465,0.664,3.0,-0.011,6.647,0.006,0.117,6.289,-0.021,-0.53
00:00:03.644,1572870378205,3.068,0.046,43.465,0.664,3.0,-0.01,6.698,0.006,0.117,6.4,-0.021,-0.53
00:00:03.645,1572870378206,3.054,0.046,44.49100000000001,0.664,3.0,-0.009000000000000001,6.749,0.006,0.117,6.5120000000000005,-0.021,-0.53
00:00:03.699,1572870378260,3.04,0.046,44.49100000000001,0.664,3.0,-0.008,6.8,0.006,0.117,6.625,-0.021,-0.529
00:00:03.700,1572870378261,3.028,0.046,44.49100000000001,0.664,3.0,-0.006999999999999999,6.85,0.006999999999999999,0.117,6.739,-0.022,-0.529
00:00:03.701,1572870378262,3.018,0.046,44.49100000000001,0.664,3.0,-0.006,6.9,0.006999999999999999,0.116,6.853,-0.022,-0.529
00:00:03.743,1572870378304,3.009,0.046,44.49100000000001,0.664,3.0,-0.005,6.95,0.006999999999999999,0.116,6.9689999999999985,-0.022,-0.529
00:00:03.744,1572870378305,3.0,0.046,44.49100000000001,0.664,3.0,-0.004,7.0,0.006999999999999999,0.116,7.085,-0.022,-0.529
00:00:03.745,1572870378306,2.99,0.046,45.15,0.664,3.0,-0.003,7.05,0.006999999999999999,0.116,7.202000000000001,-0.022,-0.529
00:00:03.794,1572870378355,2.98,0.046,45.15,0.664,3.0,-0.002,7.099,0.006999999999999999,0.115,7.32,-0.023,-0.529
00:00:03.795,1572870378356,2.971,0.046,45.15,0.664,3.0,-0.001,7.149,0.008,0.115,7.439,-0.023,-0.529
00:00:03.796,1572870378357,2.9610000000000003,0.047,45.15,0.664,3.0,0.0,7.198,0.008,0.115,7.558,-0.023,-0.529
00:00:03.852,1572870378413,2.951,0.048,45.15,0.664,3.0,0.001,7.247000000000001,0.008,0.114,7.6789999999999985,-0.023,-0.529
00:00:03.853,1572870378414,2.9410000000000003,0.049,45.15,0.664,3.0,0.002,7.296,0.008,0.114,7.8,-0.023,-0.529
00:00:03.854,1572870378415,2.93,0.051,45.809,0.664,3.0,0.003,7.3439999999999985,0.008,0.114,7.9220000000000015,-0.023,-0.529
00:00:03.896,1572870378457,2.919,0.053,45.809,0.664,3.0,0.004,7.393,0.008,0.114,8.045,-0.023,-0.529
00:00:03.897,1572870378458,2.906,0.055,45.809,0.664,3.0,0.005,7.441,0.009000000000000001,0.113,8.168,-0.024,-0.529
00:00:03.898,1572870378459,2.888,0.057,45.809,0.664,3.0,0.005,7.489,0.009000000000000001,0.113,8.293,-0.024,-0.529
00:00:03.944,1572870378505,2.8710000000000004,0.059,45.809,0.664,3.0,0.006,7.537000000000001,0.009000000000000001,0.113,8.418,-0.024,-0.529
00:00:03.945,1572870378506,2.858,0.06,45.809,0.664,3.0,0.006999999999999999,7.584,0.009000000000000001,0.113,8.544,-0.024,-0.529
00:00:03.946,1572870378507,2.85,0.061,46.175,0.664,3.0,0.006999999999999999,7.6320000000000014,0.009000000000000001,0.113,8.671,-0.024,-0.529
00:00:04.004,1572870378565,2.847,0.062,46.175,0.664,3.0,0.006999999999999999,7.6789999999999985,0.009000000000000001,0.113,8.798,-0.024,-0.529
00:00:04.005,1572870378566,2.845,0.062,46.175,0.664,3.0,0.006999999999999999,7.727,0.01,0.113,8.927,-0.024,-0.529
00:00:04.006,1572870378567,2.845,0.061,46.175,0.664,3.0,0.006999999999999999,7.774,0.01,0.113,9.056,-0.024,-0.529
00:00:04.007,1572870378568,2.845,0.061,46.175,0.664,3.0,0.008,7.8210000000000015,0.01,0.113,9.186,-0.024,-0.529
00:00:04.052,1572870378613,2.844,0.06,46.175,0.664,3.0,0.008,7.869,0.01,0.114,9.317,-0.024,-0.529
00:00:04.053,1572870378614,2.843,0.061,46.615,0.664,3.0,0.008,7.916,0.01,0.114,9.448,-0.024,-0.53
00:00:04.054,1572870378615,2.84,0.061,46.615,0.664,3.0,0.009000000000000001,7.962999999999999,0.01,0.114,9.581,-0.024,-0.53
00:00:04.102,1572870378663,2.838,0.062,46.615,0.664,3.0,0.009000000000000001,8.011000000000001,0.01,0.115,9.714,-0.024,-0.53
00:00:04.103,1572870378664,2.837,0.063,46.615,0.664,3.0,0.009000000000000001,8.058,0.01,0.116,9.848,-0.023,-0.53
00:00:04.104,1572870378665,2.8360000000000003,0.064,46.615,0.664,3.0,0.01,8.105,0.01,0.116,9.982,-0.023,-0.53
00:00:04.153,1572870378714,2.834,0.065,46.615,0.664,3.0,0.01,8.152000000000001,0.01,0.117,10.118,-0.023,-0.53
00:00:04.154,1572870378715,2.833,0.066,46.834,0.664,3.0,0.01,8.2,0.01,0.118,10.254,-0.023,-0.53
00:00:04.155,1572870378716,2.8310000000000004,0.067,46.834,0.664,3.0,0.011,8.247,0.01,0.118,10.390999999999998,-0.023,-0.53
00:00:04.208,1572870378769,2.829,0.067,46.834,0.664,3.0,0.011,8.294,0.01,0.119,10.529000000000002,-0.023,-0.53
00:00:04.209,1572870378770,2.827,0.067,46.834,0.664,3.0,0.011,8.341000000000001,0.01,0.12,10.668,-0.022,-0.53
00:00:04.210,1572870378771,2.825,0.067,46.834,0.664,3.0,0.011,8.388,0.01,0.121,10.807,-0.022,-0.53
00:00:04.263,1572870378824,2.823,0.067,46.834,0.664,3.0,0.011,8.435,0.01,0.122,10.947,-0.022,-0.53
00:00:04.264,1572870378825,2.821,0.066,47.347,0.664,3.0,0.011,8.482000000000001,0.01,0.123,11.088,-0.022,-0.53
00:00:04.265,1572870378826,2.819,0.066,47.347,0.664,3.0,0.011,8.529,0.01,0.123,11.23,-0.021,-0.53
00:00:04.309,1572870378870,2.818,0.066,47.347,0.664,3.0,0.011,8.576,0.01,0.124,11.373,-0.021,-0.53
00:00:04.310,1572870378871,2.817,0.066,47.347,0.664,3.0,0.011,8.623,0.01,0.125,11.515999999999998,-0.021,-0.53
00:00:04.311,1572870378872,2.817,0.067,47.347,0.664,3.0,0.012,8.67,0.01,0.126,11.66,-0.02,-0.53
00:00:04.361,1572870378922,2.817,0.067,47.347,0.664,3.0,0.012,8.717,0.01,0.127,11.805,-0.02,-0.53
00:00:04.362,1572870378923,2.817,0.067,47.347,0.664,3.0,0.012,8.764,0.01,0.128,11.951,-0.019,-0.53
00:00:04.363,1572870378924,2.8160000000000003,0.068,47.347,0.664,3.0,0.012,8.811,0.01,0.128,12.097,-0.019,-0.53
00:00:04.416,1572870378977,2.815,0.068,47.347,0.664,3.0,0.012,8.857999999999997,0.01,0.129,12.244000000000002,-0.019,-0.53
00:00:04.417,1572870378978,2.814,0.068,47.347,0.664,3.0,0.012,8.904,0.01,0.13,12.392,-0.018000000000000002,-0.53
00:00:04.418,1572870378979,2.8110000000000004,0.068,47.347,0.664,3.0,0.011,8.951,0.009000000000000001,0.131,12.541,-0.018000000000000002,-0.53
00:00:04.459,1572870379020,2.802,0.067,47.347,0.664,3.0,0.011,8.998,0.009000000000000001,0.131,12.691,-0.017,-0.53
00:00:04.460,1572870379021,2.7910000000000004,0.066,47.64,0.664,3.0,0.011,9.044,0.009000000000000001,0.132,12.841,-0.017,-0.53
00:00:04.461,1572870379022,2.784,0.065,47.64,0.664,3.0,0.011,9.091,0.009000000000000001,0.133,12.992,-0.016,-0.53
00:00:04.518,1572870379079,2.783,0.063,47.64,0.664,3.0,0.01,9.137,0.009000000000000001,0.133,13.144,-0.016,-0.53
00:00:04.519,1572870379080,2.783,0.06,47.64,0.664,3.0,0.01,9.183,0.009000000000000001,0.134,13.297,-0.015,-0.53
00:00:04.520,1572870379081,2.784,0.057,47.64,0.664,3.0,0.009000000000000001,9.23,0.008,0.134,13.45,-0.014,-0.53
00:00:04.521,1572870379082,2.783,0.054000000000000006,47.64,0.664,3.0,0.009000000000000001,9.276,0.008,0.135,13.605,-0.014,-0.53
00:00:04.569,1572870379130,2.782,0.051,47.787,0.664,3.0,0.009000000000000001,9.322,0.008,0.136,13.76,-0.013,-0.53
00:00:04.570,1572870379131,2.78,0.05,47.787,0.664,3.0,0.009000000000000001,9.369,0.008,0.136,13.915,-0.012,-0.53
00:00:04.571,1572870379132,2.778,0.049,47.787,0.664,3.0,0.009000000000000001,9.415,0.006999999999999999,0.13699999999999998,14.072,-0.012,-0.53
00:00:04.619,1572870379180,2.778,0.048,47.787,0.664,3.0,0.009000000000000001,9.461,0.006999999999999999,0.13699999999999998,14.229,-0.011,-0.53
00:00:04.620,1572870379181,2.777,0.049,47.787,0.664,3.0,0.009000000000000001,9.508,0.006999999999999999,0.138,14.387,-0.01,-0.53
00:00:04.621,1572870379182,2.775,0.049,47.787,0.664,3.0,0.009000000000000001,9.554,0.006999999999999999,0.138,14.546,-0.01,-0.53
00:00:04.669,1572870379230,2.774,0.05,48.006,0.664,3.0,0.009000000000000001,9.6,0.006999999999999999,0.139,14.706,-0.009000000000000001,-0.53
00:00:04.670,1572870379231,2.772,0.051,48.006,0.664,3.0,0.009000000000000001,9.646,0.006,0.139,14.866,-0.008,-0.53
00:00:04.671,1572870379232,2.7710000000000004,0.051,48.006,0.664,3.0,0.009000000000000001,9.692,0.006,0.14,15.027,-0.008,-0.53
00:00:04.719,1572870379280,2.7710000000000004,0.051,48.006,0.664,3.0,0.009000000000000001,9.73,0.006,0.14,15.159,-0.006999999999999999,-0.53
00:00:04.720,1572870379281,2.77,0.05,48.006,0.664,3.0,0.009000000000000001,9.776,0.006,0.14,15.321,-0.006,-0.53
00:00:04.721,1572870379282,2.769,0.049,48.006,0.664,3.0,0.009000000000000001,9.822,0.006,0.141,15.485,-0.005,-0.53
00:00:04.769,1572870379330,2.768,0.048,48.153,0.664,3.0,0.008,9.868,0.006,0.141,15.649,-0.004,-0.53
00:00:04.770,1572870379331,2.766,0.046,48.153,0.664,3.0,0.008,9.914,0.006,0.142,15.814,-0.004,-0.53
00:00:04.771,1572870379332,2.765,0.043,48.153,0.664,3.0,0.006999999999999999,9.96,0.006,0.142,15.979,-0.003,-0.53
00:00:04.820,1572870379381,2.764,0.04,48.153,0.664,3.0,0.006999999999999999,10.007,0.005,0.14300000000000002,16.146,-0.002,-0.53
00:00:04.821,1572870379382,2.763,0.036000000000000004,48.153,0.664,3.0,0.006,10.053,0.005,0.14300000000000002,16.313,-0.001,-0.53
00:00:04.822,1572870379383,2.762,0.033,48.153,0.664,3.0,0.006,10.099,0.005,0.14400000000000002,16.480999999999998,0.0,-0.53
00:00:04.870,1572870379431,2.76,0.029,48.299,0.664,3.0,0.005,10.145,0.004,0.14400000000000002,16.65,0.001,-0.53
00:00:04.871,1572870379432,2.759,0.025,48.299,0.664,3.0,0.005,10.191,0.004,0.145,16.819000000000006,0.002,-0.53
00:00:04.872,1572870379433,2.757,0.022,48.299,0.664,3.0,0.005,10.236,0.004,0.145,16.989,0.003,-0.53
00:00:04.921,1572870379482,2.756,0.019,48.299,0.664,3.0,0.004,10.282,0.003,0.146,17.16,0.004,-0.53
00:00:04.922,1572870379483,2.756,0.016,48.299,0.664,3.0,0.004,10.328,0.003,0.146,17.332,0.005,-0.53
00:00:04.923,1572870379484,2.754,0.013,48.299,0.664,3.0,0.004,10.374,0.003,0.147,17.505,0.006,-0.53
00:00:04.972,1572870379533,2.753,0.011,48.299,0.664,3.0,0.004,10.42,0.002,0.147,17.678,0.006999999999999999,-0.53
00:00:04.973,1572870379534,2.752,0.008,48.299,0.664,3.0,0.004,10.466,0.002,0.14800000000000002,17.852,0.008,-0.53
00:00:04.974,1572870379535,2.75,0.005,48.299,0.664,3.0,0.004,10.512,0.001,0.14800000000000002,18.027,0.009000000000000001,-0.53
00:00:05.021,1572870379582,2.749,0.002,48.299,0.664,3.0,0.003,10.557,0.001,0.149,18.202,0.01,-0.53
00:00:05.022,1572870379583,2.747,-0.002,48.299,0.664,3.0,0.003,10.603,0.001,0.15,18.379,0.011,-0.53
00:00:05.023,1572870379584,2.7460000000000004,-0.006,48.299,0.664,3.0,0.003,10.649,0.0,0.15,18.556,0.012,-0.53
00:00:05.075,1572870379636,2.744,-0.011,48.44600000000001,0.664,3.0,0.002,10.695,0.0,0.151,18.734,0.013,-0.53
00:00:05.076,1572870379637,2.7430000000000003,-0.016,48.44600000000001,0.664,3.0,0.002,10.74,0.0,0.151,18.912,0.013,-0.53
00:00:05.077,1572870379638,2.742,-0.021,48.44600000000001,0.664,3.0,0.002,10.786,-0.001,0.152,19.092,0.014,-0.53
00:00:05.130,1572870379691,2.741,-0.027000000000000003,48.44600000000001,0.664,3.0,0.002,10.832,-0.001,0.153,19.272,0.015,-0.53
00:00:05.131,1572870379692,2.74,-0.031,48.44600000000001,0.664,3.0,0.002,10.877,-0.002,0.153,19.453,0.016,-0.53
00:00:05.132,1572870379693,2.739,-0.036000000000000004,48.44600000000001,0.664,3.0,0.002,10.923,-0.002,0.154,19.635,0.017,-0.53
00:00:05.176,1572870379737,2.738,-0.04,48.44600000000001,0.664,3.0,0.002,10.969,-0.003,0.155,19.817,0.018000000000000002,-0.53
00:00:05.177,1572870379738,2.736,-0.043,48.44600000000001,0.664,3.0,0.002,11.014,-0.003,0.155,20.0,0.019,-0.53
00:00:05.178,1572870379739,2.735,-0.046,48.44600000000001,0.664,3.0,0.002,11.06,-0.003,0.156,20.184,0.02,-0.53
00:00:05.226,1572870379787,2.733,-0.048,48.44600000000001,0.664,3.0,0.003,11.105,-0.003,0.156,20.369,0.021,-0.53
00:00:05.227,1572870379788,2.732,-0.049,48.44600000000001,0.664,3.0,0.003,11.151,-0.004,0.157,20.554,0.022,-0.53
00:00:05.228,1572870379789,2.73,-0.05,48.44600000000001,0.664,3.0,0.003,11.196,-0.004,0.158,20.741,0.023,-0.53
00:00:05.287,1572870379848,2.729,-0.05,48.666,0.664,3.0,0.004,11.242,-0.004,0.158,20.928,0.024,-0.53
00:00:05.288,1572870379849,2.728,-0.05,48.666,0.664,3.0,0.004,11.287,-0.004,0.159,21.115,0.025,-0.53
00:00:05.289,1572870379850,2.727,-0.051,48.666,0.664,3.0,0.004,11.333,-0.004,0.159,21.304,0.026,-0.53
00:00:05.290,1572870379851,2.7260000000000004,-0.051,48.666,0.664,3.0,0.004,11.378,-0.004,0.16,21.493,0.027000000000000003,-0.53
00:00:05.340,1572870379901,2.725,-0.051,48.666,0.664,3.0,0.004,11.424,-0.004,0.161,21.683000000000003,0.027000000000000003,-0.53
00:00:05.341,1572870379902,2.724,-0.052000000000000005,48.666,0.664,3.0,0.004,11.469,-0.004,0.161,21.874,0.028,-0.53
00:00:05.342,1572870379903,2.722,-0.053,48.812,0.664,3.0,0.004,11.514,-0.004,0.162,22.066,0.029,-0.53
00:00:05.388,1572870379949,2.72,-0.054000000000000006,48.812,0.664,3.0,0.005,11.56,-0.004,0.162,22.25800000000001,0.03,-0.53
00:00:05.389,1572870379950,2.718,-0.055,48.812,0.664,3.0,0.005,11.605,-0.004,0.163,22.451,0.031,-0.53
00:00:05.390,1572870379951,2.716,-0.056,48.812,0.664,3.0,0.005,11.653,-0.004,0.163,22.657,0.032,-0.53
00:00:05.438,1572870379999,2.715,-0.057,48.812,0.664,3.0,0.005,11.695,-0.004,0.16399999999999998,22.839,0.032,-0.53
00:00:05.439,1572870380000,2.713,-0.058,48.812,0.664,3.0,0.005,11.74,-0.004,0.16399999999999998,23.035,0.033,-0.53
00:00:05.440,1572870380001,2.712,-0.058,49.325,0.664,3.0,0.005,11.786,-0.004,0.165,23.231,0.034,-0.53
00:00:05.490,1572870380051,2.71,-0.059,49.325,0.664,3.0,0.005,11.831,-0.004,0.165,23.427,0.035,-0.53
00:00:05.491,1572870380052,2.709,-0.059,49.325,0.664,3.0,0.005,11.876,-0.004,0.166,23.625,0.035,-0.53
00:00:05.492,1572870380053,2.709,-0.059,49.325,0.664,3.0,0.005,11.921,-0.004,0.166,23.823,0.036000000000000004,-0.53
00:00:05.538,1572870380099,2.709,-0.059,49.325,0.664,3.0,0.005,11.966,-0.004,0.16699999999999998,24.022,0.037000000000000005,-0.53
00:00:05.539,1572870380100,2.708,-0.058,49.325,0.664,3.0,0.005,12.011,-0.004,0.168,24.222,0.038,-0.53
00:00:05.540,1572870380101,2.707,-0.058,49.618,0.664,3.0,0.005,12.056,-0.004,0.168,24.423,0.038,-0.531
00:00:05.595,1572870380156,2.705,-0.057,49.618,0.664,3.0,0.005,12.101,-0.004,0.16899999999999998,24.624,0.039,-0.531
00:00:05.596,1572870380157,2.704,-0.056,49.618,0.664,3.0,0.005,12.147,-0.004,0.16899999999999998,24.826,0.04,-0.531
00:00:05.597,1572870380158,2.702,-0.055,49.618,0.664,3.0,0.005,12.192,-0.003,0.17,25.029,0.04,-0.531
00:00:05.641,1572870380202,2.702,-0.054000000000000006,49.618,0.664,3.0,0.006,12.237,-0.003,0.17,25.233,0.041,-0.531
00:00:05.642,1572870380203,2.7110000000000003,-0.053,49.618,0.664,3.0,0.006,12.282,-0.003,0.171,25.437,0.042,-0.531
00:00:05.643,1572870380204,2.825,-0.052000000000000005,50.79,0.664,3.0,0.006,12.332,-0.003,0.172,25.642,0.042,-0.531
00:00:05.696,1572870380257,3.0410000000000004,-0.051,50.79,0.664,3.0,0.006,12.386,-0.003,0.174,25.84800000000001,0.043,-0.531
00:00:05.697,1572870380258,3.2060000000000004,-0.049,50.79,0.664,3.0,0.006,12.441,-0.003,0.17600000000000002,26.055,0.043,-0.531
00:00:05.698,1572870380259,3.228,-0.047,50.79,0.664,3.0,0.006,12.494000000000002,-0.003,0.18,26.263,0.044,-0.53
00:00:05.743,1572870380304,3.134,-0.045,50.79,0.664,3.0,0.006999999999999999,12.544,-0.003,0.183,26.472,0.044,-0.53
00:00:05.744,1572870380305,2.991,-0.043,50.79,0.664,3.0,0.006999999999999999,12.595,-0.002,0.18600000000000005,26.69400000000001,0.045,-0.53
00:00:05.745,1572870380306,2.875,-0.04,53.133,0.664,3.0,0.006999999999999999,12.638,-0.002,0.188,26.891,0.046,-0.53
00:00:05.793,1572870380354,2.778,-0.037000000000000005,53.133,0.664,3.0,0.006999999999999999,12.684,-0.002,0.19,27.102,0.046,-0.53
00:00:05.794,1572870380355,2.702,-0.034,53.133,0.664,3.0,0.006999999999999999,12.728,-0.002,0.192,27.314,0.047,-0.53
00:00:05.795,1572870380356,2.633,-0.03,53.133,0.664,3.0,0.008,12.773,-0.001,0.193,27.54,0.047,-0.53
00:00:05.843,1572870380404,2.572,-0.025,53.133,0.664,3.0,0.008,12.813,-0.001,0.193,27.74,0.048,-0.53
00:00:05.844,1572870380405,2.505,-0.02,53.133,0.664,3.0,0.008,12.853,-0.001,0.193,27.954,0.048,-0.53
00:00:05.845,1572870380406,2.431,-0.014,53.793,0.664,3.0,0.008,12.895,0.0,0.193,28.182,0.049,-0.53
00:00:05.893,1572870380454,2.365,-0.008,53.793,0.664,3.0,0.009000000000000001,12.931,0.0,0.192,28.384,0.049,-0.53
00:00:05.894,1572870380455,2.297,-0.001,53.793,0.664,3.0,0.009000000000000001,12.969,0.001,0.19,28.599,0.05,-0.53
00:00:05.895,1572870380456,2.236,0.006,53.793,0.664,3.0,0.009000000000000001,13.005,0.001,0.188,28.816,0.05,-0.53
00:00:05.944,1572870380505,2.186,0.013,53.793,0.664,3.0,0.009000000000000001,13.041,0.002,0.18600000000000005,29.033,0.051,-0.53
00:00:05.945,1572870380506,2.145,0.02,53.793,0.664,3.0,0.008,13.077,0.002,0.184,29.251,0.051,-0.53
00:00:05.946,1572870380507,2.11,0.025,54.159,0.664,3.0,0.008,13.111,0.002,0.181,29.469,0.052000000000000005,-0.53
00:00:05.994,1572870380555,2.077,0.03,54.159,0.664,3.0,0.006999999999999999,13.146,0.003,0.179,29.688,0.053,-0.53
00:00:05.995,1572870380556,2.047,0.034,54.159,0.664,3.0,0.006999999999999999,13.179,0.003,0.17600000000000002,29.907,0.053,-0.53
00:00:05.996,1572870380557,2.019,0.037000000000000005,54.159,0.664,3.0,0.006,13.213,0.003,0.172,30.127,0.054000000000000006,-0.53
00:00:06.045,1572870380606,1.991,0.038,54.159,0.664,3.0,0.005,13.245,0.003,0.16899999999999998,30.34800000000001,0.054000000000000006,-0.53
00:00:06.046,1572870380607,1.964,0.039,54.159,0.664,3.0,0.004,13.278,0.003,0.165,30.56900000000001,0.055,-0.53
00:00:06.047,1572870380608,1.938,0.04,56.136,0.664,3.0,0.003,13.31,0.003,0.162,30.79,0.055,-0.53
00:00:06.095,1572870380656,1.913,0.04,56.136,0.664,3.0,0.002,13.344,0.003,0.158,31.026,0.056,-0.53
00:00:06.096,1572870380657,1.893,0.041,56.136,0.664,3.0,0.002,13.373,0.003,0.154,31.235,0.057,-0.53
00:00:06.097,1572870380658,1.875,0.042,56.136,0.664,3.0,0.001,13.406,0.003,0.15,31.472,0.057,-0.53
00:00:06.146,1572870380707,1.861,0.043,56.136,0.664,3.0,0.001,13.435,0.003,0.146,31.682,0.058,-0.53
00:00:06.147,1572870380708,1.846,0.044,56.136,0.664,3.0,0.0,13.467,0.002,0.141,31.92,0.059,-0.53
00:00:06.148,1572870380709,1.831,0.046,57.015,0.664,3.0,0.0,13.496,0.002,0.138,32.131,0.059,-0.53
00:00:06.149,1572870380710,1.815,0.048,57.015,0.664,3.0,-0.001,13.526,0.002,0.133,32.356,0.06,-0.529
00:00:06.196,1572870380757,1.8,0.049,57.015,0.664,3.0,-0.001,13.556,0.002,0.129,32.581,0.061,-0.529
00:00:06.197,1572870380758,1.786,0.051,57.015,0.664,3.0,-0.001,13.585,0.002,0.125,32.808,0.062,-0.529
00:00:06.198,1572870380759,1.774,0.052000000000000005,57.015,0.664,3.0,-0.002,13.615,0.002,0.122,33.034,0.062,-0.529
00:00:06.258,1572870380819,1.7619999999999998,0.053,57.015,0.664,3.0,-0.002,13.644,0.002,0.118,33.262,0.063,-0.529
00:00:06.259,1572870380820,1.751,0.053,57.455,0.664,3.0,-0.002,13.673,0.002,0.114,33.489000000000004,0.064,-0.529
00:00:06.260,1572870380821,1.74,0.053,57.455,0.664,3.0,-0.003,13.702,0.001,0.111,33.717,0.065,-0.529
00:00:06.298,1572870380859,1.73,0.054000000000000006,57.455,0.664,3.0,-0.003,13.731,0.001,0.108,33.946,0.066,-0.529
00:00:06.299,1572870380860,1.72,0.053,57.455,0.664,3.0,-0.003,13.759,0.001,0.105,34.175,0.066,-0.529
00:00:06.300,1572870380861,1.711,0.053,57.455,0.664,3.0,-0.004,13.788,0.001,0.103,34.405,0.067,-0.529
00:00:06.347,1572870380908,1.703,0.053,57.455,0.664,3.0,-0.004,13.816,0.001,0.1,34.635,0.068,-0.529
00:00:06.348,1572870380909,1.695,0.053,57.455,0.664,3.0,-0.004,13.844,0.001,0.098,34.865,0.069,-0.529
00:00:06.349,1572870380910,1.6869999999999998,0.052000000000000005,57.455,0.664,3.0,-0.005,13.872,0.001,0.097,35.096,0.07,-0.529
00:00:06.398,1572870380959,1.679,0.052000000000000005,57.455,0.664,3.0,-0.005,13.902,0.001,0.095,35.342,0.071,-0.53
00:00:06.399,1572870380960,1.672,0.052000000000000005,57.455,0.664,3.0,-0.005,13.929,0.001,0.094,35.574,0.07200000000000001,-0.53
00:00:06.400,1572870380961,1.666,0.051,57.455,0.664,3.0,-0.005,13.957,0.001,0.094,35.806,0.073,-0.53
00:00:06.449,1572870381010,1.659,0.051,57.455,0.664,3.0,-0.006,13.985,0.001,0.093,36.039,0.07400000000000001,-0.53
00:00:06.450,1572870381011,1.654,0.05,57.455,0.664,3.0,-0.006,14.012,0.001,0.093,36.272,0.075,-0.53
00:00:06.451,1572870381012,1.649,0.05,57.455,0.664,3.0,-0.006,14.04,0.001,0.093,36.506,0.076,-0.53
00:00:06.506,1572870381067,1.644,0.05,57.455,0.664,3.0,-0.006,14.065,0.001,0.094,36.726,0.077,-0.53
00:00:06.507,1572870381068,1.64,0.05,57.455,0.664,3.0,-0.006,14.093,0.001,0.094,36.96,0.078,-0.53
00:00:06.508,1572870381069,1.635,0.049,57.455,0.664,3.0,-0.006999999999999999,14.121,0.001,0.095,37.21,0.079,-0.531
00:00:06.554,1572870381115,1.631,0.049,57.455,0.664,3.0,-0.006999999999999999,14.149,0.001,0.096,37.446,0.08,-0.531
00:00:06.555,1572870381116,1.6269999999999998,0.049,57.455,0.664,3.0,-0.006999999999999999,14.175999999999998,0.001,0.097,37.682,0.081,-0.531
00:00:06.556,1572870381117,1.624,0.049,57.455,0.664,3.0,-0.006999999999999999,14.203,0.001,0.097,37.918,0.08199999999999999,-0.531
00:00:06.614,1572870381175,1.621,0.048,57.455,0.664,3.0,-0.006999999999999999,14.23,0.001,0.098,38.155,0.083,-0.531
00:00:06.615,1572870381176,1.617,0.048,57.455,0.664,3.0,-0.006999999999999999,14.257,0.001,0.099,38.393,0.084,-0.531
00:00:06.616,1572870381177,1.614,0.048,57.455,0.664,3.0,-0.008,14.283,0.001,0.1,38.631,0.086,-0.531
00:00:06.617,1572870381178,1.612,0.048,57.455,0.664,3.0,-0.008,14.31,0.001,0.101,38.869,0.087,-0.531
00:00:06.673,1572870381234,1.609,0.048,57.675,0.664,3.0,-0.008,14.337,0.001,0.102,39.108,0.08800000000000001,-0.531
00:00:06.674,1572870381235,1.606,0.048,57.675,0.664,3.0,-0.008,14.364,0.001,0.103,39.347,0.08900000000000001,-0.532
00:00:06.675,1572870381236,1.604,0.047,57.675,0.664,3.0,-0.008,14.39,0.001,0.104,39.586,0.09,-0.532
00:00:06.724,1572870381285,1.602,0.047,57.675,0.664,3.0,-0.008,14.417,0.001,0.105,39.826,0.092,-0.532
00:00:06.725,1572870381286,1.601,0.046,57.675,0.664,3.0,-0.008,14.444,0.001,0.106,40.067,0.093,-0.532
00:00:06.726,1572870381287,1.599,0.046,57.675,0.664,3.0,-0.008,14.47,0.001,0.106,40.308,0.094,-0.532
00:00:06.766,1572870381327,1.597,0.045,57.82100000000001,0.664,3.0,-0.009000000000000001,14.497,0.001,0.107,40.549,0.095,-0.532
00:00:06.767,1572870381328,1.595,0.045,57.82100000000001,0.664,3.0,-0.009000000000000001,14.524,0.001,0.107,40.791,0.097,-0.532
00:00:06.768,1572870381329,1.594,0.044,57.82100000000001,0.664,3.0,-0.009000000000000001,14.55,0.001,0.108,41.033,0.098,-0.532
00:00:06.817,1572870381378,1.592,0.044,57.82100000000001,0.664,3.0,-0.009000000000000001,14.577,0.001,0.108,41.276,0.099,-0.532
00:00:06.818,1572870381379,1.591,0.043,57.82100000000001,0.664,3.0,-0.009000000000000001,14.603,0.001,0.108,41.519,0.101,-0.532
00:00:06.819,1572870381380,1.589,0.043,57.82100000000001,0.664,3.0,-0.009000000000000001,14.63,0.001,0.109,41.76300000000001,0.102,-0.532
00:00:06.868,1572870381429,1.588,0.043,58.334,0.664,3.0,-0.009000000000000001,14.656,0.0,0.109,42.007,0.103,-0.532
00:00:06.869,1572870381430,1.587,0.043,58.334,0.664,3.0,-0.009000000000000001,14.682,0.0,0.109,42.25100000000001,0.105,-0.532
00:00:06.870,1572870381431,1.586,0.043,58.334,0.664,3.0,-0.009000000000000001,14.709,0.0,0.109,42.496,0.106,-0.532
00:00:06.918,1572870381479,1.585,0.043,58.334,0.664,3.0,-0.009000000000000001,14.735,0.0,0.109,42.742,0.107,-0.532
00:00:06.919,1572870381480,1.585,0.043,58.334,0.664,3.0,-0.009000000000000001,14.762,0.0,0.109,42.988,0.109,-0.532
00:00:06.920,1572870381481,1.585,0.042,58.334,0.664,3.0,-0.009000000000000001,14.788,0.0,0.109,43.234,0.11,-0.532
00:00:06.974,1572870381535,1.584,0.042,58.993,0.664,3.0,-0.009000000000000001,14.814,0.0,0.109,43.48,0.112,-0.532
00:00:06.975,1572870381536,1.5830000000000002,0.041,58.993,0.664,3.0,-0.009000000000000001,14.841,0.0,0.109,43.728,0.113,-0.532
00:00:06.976,1572870381537,1.5830000000000002,0.04,58.993,0.664,3.0,-0.01,14.867,0.0,0.109,43.975,0.115,-0.532
00:00:07.024,1572870381585,1.5830000000000002,0.039,58.993,0.664,3.0,-0.01,14.894,0.0,0.108,44.223,0.116,-0.532
00:00:07.025,1572870381586,1.5830000000000002,0.037000000000000005,58.993,0.664,3.0,-0.01,14.92,0.0,0.108,44.472,0.118,-0.532
00:00:07.026,1572870381587,1.5830000000000002,0.034,58.993,0.664,3.0,-0.01,14.946,0.0,0.108,44.721,0.119,-0.532
00:00:07.074,1572870381635,1.5830000000000002,0.032,59.506,0.664,3.0,-0.01,14.973,0.0,0.108,44.97,0.121,-0.532
00:00:07.075,1572870381636,1.582,0.03,59.506,0.664,3.0,-0.01,14.999,0.0,0.108,45.22,0.122,-0.532
00:00:07.076,1572870381637,1.581,0.028,59.506,0.664,3.0,-0.01,15.025,0.0,0.107,45.47,0.124,-0.532
00:00:07.125,1572870381686,1.581,0.027000000000000003,59.506,0.664,3.0,-0.01,15.052,-0.001,0.107,45.72,0.125,-0.532
00:00:07.126,1572870381687,1.581,0.026,59.506,0.664,3.0,-0.01,15.078,-0.001,0.107,45.972,0.127,-0.532
00:00:07.127,1572870381688,1.581,0.026,59.506,0.664,3.0,-0.01,15.105,-0.001,0.107,46.223,0.128,-0.531
00:00:07.175,1572870381736,1.581,0.026,60.31100000000001,0.664,3.0,-0.01,15.130999999999998,-0.001,0.106,46.475,0.13,-0.531
00:00:07.176,1572870381737,1.581,0.026,60.31100000000001,0.664,3.0,-0.009000000000000001,15.157,-0.001,0.106,46.727,0.132,-0.531
00:00:07.177,1572870381738,1.58,0.026,60.31100000000001,0.664,3.0,-0.009000000000000001,15.184,-0.001,0.106,46.98,0.133,-0.531
00:00:07.226,1572870381787,1.581,0.026,60.31100000000001,0.664,3.0,-0.009000000000000001,15.21,-0.001,0.106,47.234,0.135,-0.531
00:00:07.227,1572870381788,1.582,0.026,60.31100000000001,0.664,3.0,-0.009000000000000001,15.236,0.0,0.106,47.487,0.136,-0.531
00:00:07.228,1572870381789,1.582,0.026,60.31100000000001,0.664,3.0,-0.009000000000000001,15.263,0.0,0.106,47.74100000000001,0.138,-0.531
00:00:07.283,1572870381844,1.582,0.025,61.337,0.664,3.0,-0.009000000000000001,15.289,0.0,0.106,47.996,0.14,-0.531
00:00:07.284,1572870381845,1.582,0.025,61.337,0.664,3.0,-0.009000000000000001,15.315,0.0,0.106,48.25100000000001,0.141,-0.531
00:00:07.285,1572870381846,1.582,0.024,61.337,0.664,3.0,-0.009000000000000001,15.342,0.0,0.106,48.507,0.14300000000000002,-0.532
00:00:07.326,1572870381887,1.582,0.024,61.337,0.664,3.0,-0.008,15.368,0.0,0.106,48.762,0.145,-0.532
00:00:07.327,1572870381888,1.5830000000000002,0.023,61.337,0.664,3.0,-0.008,15.395,0.0,0.107,49.019,0.146,-0.532
00:00:07.328,1572870381889,1.584,0.023,61.337,0.664,3.0,-0.008,15.421,0.0,0.107,49.276,0.14800000000000002,-0.532
00:00:07.376,1572870381937,1.584,0.023,61.63,0.664,3.0,-0.008,15.447,0.0,0.107,49.533,0.15,-0.532
00:00:07.377,1572870381938,1.5830000000000002,0.022,61.63,0.664,3.0,-0.008,15.474,0.0,0.107,49.791,0.151,-0.532
00:00:07.378,1572870381939,1.5830000000000002,0.022,61.63,0.664,3.0,-0.008,15.5,0.0,0.108,50.049,0.153,-0.532
00:00:07.437,1572870381998,1.5830000000000002,0.021,61.63,0.664,3.0,-0.008,15.526,0.0,0.108,50.307,0.155,-0.532
00:00:07.438,1572870381999,1.582,0.021,61.63,0.664,3.0,-0.008,15.553,0.0,0.108,50.566,0.157,-0.532
00:00:07.439,1572870382000,1.582,0.02,61.63,0.664,3.0,-0.008,15.579,0.0,0.109,50.826,0.158,-0.532
00:00:07.440,1572870382001,1.582,0.02,62.289,0.664,3.0,-0.008,15.606,0.0,0.109,51.085,0.16,-0.532
00:00:07.490,1572870382051,1.582,0.02,62.289,0.664,3.0,-0.008,15.632,0.0,0.11,51.346,0.162,-0.532
00:00:07.491,1572870382052,1.582,0.019,62.289,0.664,3.0,-0.008,15.658,0.0,0.11,51.607,0.16399999999999998,-0.532
00:00:07.492,1572870382053,1.582,0.019,62.289,0.664,3.0,-0.008,15.685,0.0,0.11,51.868,0.165,-0.532
00:00:07.541,1572870382102,1.5830000000000002,0.02,62.289,0.664,3.0,-0.006999999999999999,15.711,0.0,0.111,52.129,0.16699999999999998,-0.532
00:00:07.542,1572870382103,1.5830000000000002,0.02,62.289,0.664,3.0,-0.006999999999999999,15.737,0.0,0.111,52.39100000000001,0.16899999999999998,-0.532
00:00:07.543,1572870382104,1.5830000000000002,0.02,62.802,0.664,3.0,-0.006999999999999999,15.764,0.0,0.111,52.654,0.171,-0.532
00:00:07.592,1572870382153,1.5830000000000002,0.019,62.802,0.664,3.0,-0.006999999999999999,15.79,0.0,0.112,52.917,0.173,-0.532
00:00:07.593,1572870382154,1.5830000000000002,0.019,62.802,0.664,3.0,-0.006999999999999999,15.817,0.0,0.112,53.18,0.174,-0.532
00:00:07.594,1572870382155,1.5830000000000002,0.019,62.802,0.664,3.0,-0.006999999999999999,15.843,0.0,0.112,53.444,0.17600000000000002,-0.532
00:00:07.649,1572870382210,1.5830000000000002,0.018000000000000002,62.802,0.664,3.0,-0.006999999999999999,15.869000000000002,0.0,0.113,53.708,0.17800000000000002,-0.532
00:00:07.650,1572870382211,1.5830000000000002,0.017,62.802,0.664,3.0,-0.006999999999999999,15.896,0.0,0.113,53.973,0.18,-0.532
00:00:07.651,1572870382212,1.5830000000000002,0.016,63.31399999999999,0.664,3.0,-0.006999999999999999,15.922,0.0,0.113,54.238,0.182,-0.532
00:00:07.692,1572870382253,1.5830000000000002,0.015,63.31399999999999,0.664,3.0,-0.006999999999999999,15.948,0.0,0.114,54.504,0.184,-0.532
00:00:07.693,1572870382254,1.5830000000000002,0.014,63.31399999999999,0.664,3.0,-0.006999999999999999,15.975,0.0,0.114,54.77,0.185,-0.532
00:00:07.694,1572870382255,1.5830000000000002,0.013,63.31399999999999,0.664,3.0,-0.006999999999999999,16.000999999999998,-0.001,0.114,55.036,0.187,-0.532
00:00:07.742,1572870382303,1.584,0.012,63.31399999999999,0.664,3.0,-0.006999999999999999,16.028,-0.001,0.114,55.303,0.189,-0.532
00:00:07.743,1572870382304,1.584,0.012,63.31399999999999,0.664,3.0,-0.006999999999999999,16.054000000000002,-0.001,0.114,55.57100000000001,0.191,-0.532
00:00:07.744,1572870382305,1.584,0.011,63.827,0.664,3.0,-0.006,16.08,-0.001,0.115,55.838,0.193,-0.532
00:00:07.792,1572870382353,1.584,0.012,63.827,0.664,3.0,-0.006,16.107,-0.001,0.115,56.107,0.195,-0.532
00:00:07.793,1572870382354,1.5830000000000002,0.012,63.827,0.664,3.0,-0.006,16.133,-0.001,0.115,56.375,0.197,-0.532
00:00:07.794,1572870382355,1.5830000000000002,0.012,63.827,0.664,3.0,-0.006,16.16,-0.001,0.115,56.644,0.199,-0.532
00:00:07.849,1572870382410,1.584,0.012,63.827,0.664,3.0,-0.006,16.186,-0.001,0.115,56.914,0.201,-0.532
00:00:07.850,1572870382411,1.584,0.011,63.827,0.664,3.0,-0.006,16.212,-0.001,0.116,57.184,0.202,-0.532
00:00:07.851,1572870382412,1.5830000000000002,0.011,63.974,0.664,3.0,-0.006,16.239,-0.001,0.116,57.45399999999999,0.204,-0.532
00:00:07.852,1572870382413,1.5830000000000002,0.009000000000000001,63.974,0.664,3.0,-0.006,16.265,-0.001,0.116,57.725,0.206,-0.532
00:00:07.899,1572870382460,1.582,0.008,63.974,0.664,3.0,-0.006,16.291,-0.001,0.116,57.996,0.208,-0.532
00:00:07.900,1572870382461,1.582,0.005,63.974,0.664,3.0,-0.006,16.317999999999998,-0.001,0.116,58.268,0.21,-0.532
00:00:07.901,1572870382462,1.582,0.003,63.974,0.664,3.0,-0.006,16.344,-0.001,0.116,58.54,0.212,-0.532
00:00:07.950,1572870382511,1.581,0.0,63.974,0.664,3.0,-0.006,16.371,-0.001,0.117,58.813,0.214,-0.532
00:00:07.951,1572870382512,1.581,-0.002,64.34,0.664,3.0,-0.006,16.397000000000002,-0.001,0.117,59.08600000000001,0.21600000000000005,-0.532
00:00:07.952,1572870382513,1.581,-0.005,64.34,0.664,3.0,-0.006,16.423,-0.001,0.117,59.36,0.218,-0.532
00:00:08.001,1572870382562,1.581,-0.008,64.34,0.664,3.0,-0.005,16.45,-0.001,0.117,59.633,0.22,-0.532
00:00:08.002,1572870382563,1.581,-0.011,64.34,0.664,3.0,-0.005,16.476,-0.001,0.117,59.908,0.222,-0.532
00:00:08.003,1572870382564,1.581,-0.014,64.34,0.664,3.0,-0.005,16.502,-0.001,0.117,60.183,0.224,-0.532
00:00:08.051,1572870382612,1.581,-0.016,64.34,0.664,3.0,-0.005,16.529,-0.001,0.117,60.458,0.226,-0.532
00:00:08.052,1572870382613,1.581,-0.019,64.486,0.664,3.0,-0.005,16.555,-0.002,0.118,60.734,0.228,-0.532
00:00:08.053,1572870382614,1.581,-0.022,64.486,0.664,3.0,-0.004,16.581,-0.002,0.118,61.01,0.23,-0.532
00:00:08.102,1572870382663,1.581,-0.025,64.486,0.664,3.0,-0.004,16.608,-0.002,0.118,61.286,0.232,-0.532
00:00:08.103,1572870382664,1.58,-0.028,64.486,0.664,3.0,-0.004,16.634,-0.002,0.118,61.563,0.234,-0.532
00:00:08.104,1572870382665,1.58,-0.031,64.486,0.664,3.0,-0.003,16.66,-0.002,0.118,61.841,0.235,-0.532
00:00:08.151,1572870382712,1.58,-0.033,64.486,0.664,3.0,-0.003,16.687,-0.002,0.119,62.119,0.237,-0.532
00:00:08.152,1572870382713,1.58,-0.036000000000000004,64.85300000000001,0.664,3.0,-0.002,16.713,-0.002,0.119,62.397,0.239,-0.532
00:00:08.153,1572870382714,1.58,-0.037000000000000005,64.85300000000001,0.664,3.0,-0.002,16.739,-0.002,0.119,62.676,0.241,-0.532
00:00:08.202,1572870382763,1.579,-0.039,64.85300000000001,0.664,3.0,-0.001,16.766,-0.002,0.119,62.955,0.243,-0.532
00:00:08.203,1572870382764,1.58,-0.041,64.85300000000001,0.664,3.0,-0.001,16.792,-0.001,0.119,63.235,0.245,-0.532
00:00:08.204,1572870382765,1.58,-0.042,64.85300000000001,0.664,3.0,0.0,16.817999999999998,-0.001,0.119,63.515,0.247,-0.532
00:00:08.255,1572870382816,1.58,-0.043,64.85300000000001,0.664,3.0,0.001,16.845,-0.001,0.12,63.795,0.249,-0.532
00:00:08.256,1572870382817,1.58,-0.044,64.999,0.664,3.0,0.001,16.871,-0.001,0.12,64.07600000000001,0.251,-0.532
00:00:08.257,1572870382818,1.58,-0.045,64.999,0.664,3.0,0.002,16.897000000000002,-0.001,0.12,64.358,0.252,-0.532
00:00:08.306,1572870382867,1.579,-0.047,64.999,0.664,3.0,0.002,16.924,0.0,0.12,64.639,0.254,-0.532
00:00:08.307,1572870382868,1.579,-0.048,64.999,0.664,3.0,0.003,16.95,0.0,0.12,64.922,0.256,-0.532
00:00:08.308,1572870382869,1.577,-0.05,64.999,0.664,3.0,0.003,16.976,0.0,0.12,65.204,0.258,-0.532
00:00:08.356,1572870382917,1.575,-0.052000000000000005,64.999,0.664,3.0,0.004,17.002,0.0,0.12,65.488,0.26,-0.532
00:00:08.357,1572870382918,1.574,-0.054000000000000006,65.292,0.664,3.0,0.004,17.029,0.0,0.12,65.771,0.262,-0.532
00:00:08.358,1572870382919,1.5730000000000002,-0.056,65.292,0.664,3.0,0.004,17.055,0.001,0.121,66.055,0.263,-0.532
00:00:08.406,1572870382967,1.574,-0.059,65.292,0.664,3.0,0.005,17.081,0.001,0.121,66.34,0.265,-0.532
00:00:08.407,1572870382968,1.574,-0.061,65.292,0.664,3.0,0.005,17.107,0.001,0.121,66.625,0.267,-0.532
00:00:08.408,1572870382969,1.575,-0.063,65.292,0.664,3.0,0.006,17.134,0.001,0.121,66.91,0.269,-0.532
00:00:08.456,1572870383017,1.575,-0.065,65.292,0.664,3.0,0.006,17.16,0.001,0.121,67.196,0.27,-0.532
00:00:08.457,1572870383018,1.574,-0.067,65.512,0.664,3.0,0.006999999999999999,17.186,0.001,0.121,67.482,0.272,-0.532
00:00:08.458,1572870383019,1.574,-0.068,65.512,0.664,3.0,0.006999999999999999,17.212,0.001,0.122,67.76899999999999,0.274,-0.532
00:00:08.506,1572870383067,1.5730000000000002,-0.069,65.512,0.664,3.0,0.008,17.238,0.001,0.122,68.056,0.275,-0.532
00:00:08.507,1572870383068,1.574,-0.069,65.512,0.664,3.0,0.008,17.265,0.001,0.122,68.343,0.277,-0.532
00:00:08.508,1572870383069,1.574,-0.07,65.512,0.664,3.0,0.009000000000000001,17.291,0.001,0.122,68.631,0.279,-0.532
00:00:08.556,1572870383117,1.574,-0.07,65.512,0.664,3.0,0.009000000000000001,17.317,0.001,0.122,68.92,0.28,-0.532
00:00:08.557,1572870383118,1.5730000000000002,-0.071,65.658,0.664,3.0,0.01,17.343,0.001,0.122,69.208,0.282,-0.532
00:00:08.558,1572870383119,1.5730000000000002,-0.07200000000000001,65.658,0.664,3.0,0.01,17.37,0.001,0.123,69.498,0.284,-0.532
00:00:08.615,1572870383176,1.5730000000000002,-0.07200000000000001,65.658,0.664,3.0,0.011,17.396,0.001,0.123,69.78699999999999,0.285,-0.532
00:00:08.616,1572870383177,1.5730000000000002,-0.073,65.658,0.664,3.0,0.011,17.422,0.001,0.123,70.078,0.287,-0.532
00:00:08.617,1572870383178,1.5730000000000002,-0.07400000000000001,65.658,0.664,3.0,0.011,17.448,0.001,0.123,70.368,0.28800000000000003,-0.532
00:00:08.618,1572870383179,1.5719999999999998,-0.075,65.658,0.664,3.0,0.012,17.474,0.001,0.123,70.65899999999998,0.29,-0.532
00:00:08.665,1572870383226,1.5719999999999998,-0.076,65.658,0.664,3.0,0.012,17.500999999999998,0.001,0.124,70.95100000000002,0.29100000000000004,-0.532
00:00:08.666,1572870383227,1.5719999999999998,-0.077,65.658,0.664,3.0,0.013,17.527,0.001,0.124,71.243,0.293,-0.532
00:00:08.667,1572870383228,1.571,-0.078,65.658,0.664,3.0,0.013,17.553,0.001,0.124,71.535,0.294,-0.532
00:00:08.716,1572870383277,1.571,-0.079,65.658,0.664,3.0,0.013,17.579,0.001,0.124,71.828,0.29600000000000004,-0.532
00:00:08.717,1572870383278,1.57,-0.081,65.658,0.664,3.0,0.014,17.605,0.001,0.124,72.12100000000002,0.297,-0.532
00:00:08.718,1572870383279,1.57,-0.08199999999999999,65.658,0.664,3.0,0.014,17.631,0.001,0.124,72.414,0.298,-0.532
00:00:08.773,1572870383334,1.57,-0.083,65.658,0.664,3.0,0.014,17.658,0.001,0.125,72.709,0.3,-0.532
00:00:08.774,1572870383335,1.569,-0.084,65.658,0.664,3.0,0.015,17.684,0.001,0.125,73.003,0.301,-0.532
00:00:08.775,1572870383336,1.569,-0.084,65.658,0.664,3.0,0.015,17.71,0.001,0.125,73.298,0.303,-0.532
00:00:08.821,1572870383382,1.569,-0.085,65.658,0.664,3.0,0.016,17.736,0.002,0.125,73.593,0.304,-0.532
00:00:08.822,1572870383383,1.568,-0.085,65.658,0.664,3.0,0.016,17.762,0.002,0.125,73.889,0.305,-0.532
00:00:08.823,1572870383384,1.568,-0.085,65.658,0.664,3.0,0.017,17.788,0.002,0.125,74.186,0.306,-0.532
00:00:08.867,1572870383428,1.568,-0.085,65.805,0.664,3.0,0.017,17.814,0.002,0.125,74.482,0.308,-0.532
00:00:08.868,1572870383429,1.567,-0.085,65.805,0.664,3.0,0.017,17.840999999999994,0.002,0.126,74.779,0.309,-0.532
00:00:08.869,1572870383430,1.567,-0.085,65.805,0.664,3.0,0.018000000000000002,17.867,0.002,0.126,75.077,0.31,-0.532
00:00:08.917,1572870383478,1.567,-0.085,65.805,0.664,3.0,0.018000000000000002,17.893,0.002,0.126,75.375,0.311,-0.532
00:00:08.918,1572870383479,1.567,-0.085,65.805,0.664,3.0,0.018000000000000002,17.919,0.002,0.126,75.673,0.312,-0.532
00:00:08.923,1572870383484,1.567,-0.085,65.805,0.664,3.0,0.019,17.945,0.002,0.126,75.972,0.314,-0.532
00:00:08.968,1572870383529,1.5659999999999998,-0.085,65.805,0.664,3.0,0.019,17.971,0.002,0.126,76.271,0.315,-0.532
00:00:08.969,1572870383530,1.5659999999999998,-0.085,65.805,0.664,3.0,0.019,17.997,0.002,0.127,76.571,0.316,-0.532
00:00:08.970,1572870383531,1.5659999999999998,-0.085,65.805,0.664,3.0,0.02,18.023,0.002,0.127,76.87100000000002,0.317,-0.532
00:00:09.019,1572870383580,1.565,-0.085,65.805,0.664,3.0,0.02,18.049,0.002,0.127,77.172,0.318,-0.532
00:00:09.020,1572870383581,1.565,-0.085,65.805,0.664,3.0,0.02,18.075,0.003,0.127,77.473,0.319,-0.532
00:00:09.021,1572870383582,1.565,-0.085,65.805,0.664,3.0,0.02,18.101,0.003,0.127,77.775,0.32,-0.532
00:00:09.070,1572870383631,1.564,-0.085,65.805,0.664,3.0,0.021,18.128,0.003,0.127,78.07600000000002,0.321,-0.532
00:00:09.071,1572870383632,1.564,-0.085,65.805,0.664,3.0,0.021,18.154,0.003,0.127,78.37899999999998,0.322,-0.532
00:00:09.072,1572870383633,1.564,-0.085,65.805,0.664,3.0,0.021,18.18,0.003,0.128,78.682,0.32299999999999995,-0.532
00:00:09.121,1572870383682,1.5630000000000002,-0.085,65.805,0.664,3.0,0.021,18.206,0.003,0.128,78.985,0.324,-0.532
00:00:09.122,1572870383683,1.5630000000000002,-0.086,65.805,0.664,3.0,0.021,18.232,0.003,0.128,79.288,0.325,-0.532
00:00:09.123,1572870383684,1.5619999999999998,-0.086,65.805,0.664,3.0,0.022,18.258,0.003,0.128,79.593,0.325,-0.532
00:00:09.171,1572870383732,1.5619999999999998,-0.087,65.805,0.664,3.0,0.022,18.284,0.003,0.128,79.89699999999998,0.326,-0.532
00:00:09.172,1572870383733,1.5619999999999998,-0.08900000000000001,65.805,0.664,3.0,0.022,18.31,0.003,0.128,80.202,0.327,-0.532
00:00:09.173,1572870383734,1.561,-0.09,65.805,0.664,3.0,0.022,18.336,0.003,0.129,80.507,0.328,-0.532
00:00:09.224,1572870383785,1.561,-0.091,65.805,0.664,3.0,0.022,18.362,0.003,0.129,80.813,0.329,-0.532
00:00:09.225,1572870383786,1.561,-0.092,65.805,0.664,3.0,0.022,18.388,0.002,0.129,81.119,0.329,-0.532
00:00:09.226,1572870383787,1.56,-0.093,65.805,0.664,3.0,0.022,18.414,0.002,0.129,81.426,0.33,-0.532
00:00:09.271,1572870383832,1.56,-0.093,66.024,0.664,3.0,0.023,18.44,0.002,0.129,81.733,0.331,-0.532
00:00:09.272,1572870383833,1.56,-0.093,66.024,0.664,3.0,0.023,18.466,0.002,0.129,82.041,0.332,-0.532
00:00:09.273,1572870383834,1.5590000000000002,-0.093,66.024,0.664,3.0,0.023,18.492,0.002,0.129,82.34899999999998,0.332,-0.532
00:00:09.322,1572870383883,1.56,-0.093,66.024,0.664,3.0,0.024,18.518,0.002,0.13,82.65700000000002,0.333,-0.532
00:00:09.323,1572870383884,1.56,-0.093,66.024,0.664,3.0,0.024,18.544,0.003,0.13,82.96600000000002,0.333,-0.532
00:00:09.324,1572870383885,1.56,-0.093,66.024,0.664,3.0,0.024,18.57,0.003,0.13,83.275,0.334,-0.532
00:00:09.372,1572870383933,1.5590000000000002,-0.093,66.024,0.664,3.0,0.024,18.596,0.003,0.13,83.585,0.335,-0.532
00:00:09.373,1572870383934,1.5590000000000002,-0.093,66.024,0.664,3.0,0.024,18.622,0.003,0.13,83.895,0.335,-0.532
00:00:09.374,1572870383935,1.558,-0.094,66.024,0.664,3.0,0.025,18.648,0.003,0.13,84.206,0.336,-0.532
00:00:09.423,1572870383984,1.558,-0.094,66.024,0.664,3.0,0.025,18.674,0.003,0.13,84.51700000000002,0.336,-0.532
00:00:09.424,1572870383985,1.558,-0.095,66.024,0.664,3.0,0.025,18.7,0.003,0.131,84.82799999999997,0.336,-0.532
00:00:09.425,1572870383986,1.557,-0.095,66.024,0.664,3.0,0.025,18.726,0.003,0.131,85.14,0.337,-0.532
00:00:09.477,1572870384038,1.557,-0.096,66.171,0.664,3.0,0.026,18.752,0.003,0.131,85.45299999999997,0.337,-0.532
00:00:09.478,1572870384039,1.557,-0.096,66.171,0.664,3.0,0.026,18.778,0.003,0.131,85.765,0.338,-0.532
00:00:09.479,1572870384040,1.557,-0.096,66.171,0.664,3.0,0.026,18.803,0.003,0.131,86.07799999999996,0.338,-0.532
00:00:09.533,1572870384094,1.557,-0.097,66.171,0.664,3.0,0.026,18.829,0.003,0.131,86.39200000000002,0.338,-0.532
00:00:09.534,1572870384095,1.557,-0.097,66.171,0.664,3.0,0.026,18.855,0.003,0.132,86.706,0.339,-0.532
00:00:09.535,1572870384096,1.556,-0.097,66.171,0.664,3.0,0.026,18.881,0.003,0.132,87.021,0.339,-0.532
00:00:09.536,1572870384097,1.556,-0.097,66.171,0.664,3.0,0.027000000000000003,18.907,0.003,0.132,87.335,0.339,-0.532
00:00:09.591,1572870384152,1.556,-0.097,66.171,0.664,3.0,0.027000000000000003,18.933,0.004,0.132,87.65100000000002,0.339,-0.532
00:00:09.592,1572870384153,1.555,-0.097,66.171,0.664,3.0,0.027000000000000003,18.959,0.004,0.132,87.96700000000001,0.34,-0.532
00:00:09.593,1572870384154,1.555,-0.097,66.171,0.664,3.0,0.027000000000000003,18.985,0.004,0.132,88.28299999999999,0.34,-0.532
00:00:09.643,1572870384204,1.554,-0.097,66.171,0.664,3.0,0.027000000000000003,19.011,0.004,0.133,88.59899999999998,0.34,-0.532
00:00:09.644,1572870384205,1.554,-0.097,66.171,0.664,3.0,0.027000000000000003,19.037,0.004,0.133,88.917,0.34,-0.532
00:00:09.645,1572870384206,1.554,-0.097,66.171,0.664,3.0,0.027000000000000003,19.063,0.004,0.133,89.234,0.34,-0.532
00:00:09.691,1572870384252,1.5530000000000002,-0.097,66.171,0.664,3.0,0.028,19.088,0.004,0.133,89.552,0.34,-0.532
00:00:09.692,1572870384253,1.5530000000000002,-0.097,66.171,0.664,3.0,0.028,19.114,0.004,0.133,89.87,0.34,-0.532
00:00:09.693,1572870384254,1.5530000000000002,-0.097,66.171,0.664,3.0,0.028,19.14,0.004,0.133,90.189,0.34,-0.532
00:00:09.742,1572870384303,1.5519999999999998,-0.097,66.171,0.664,3.0,0.028,19.166,0.004,0.133,90.508,0.34,-0.532
00:00:09.743,1572870384304,1.5519999999999998,-0.097,66.171,0.664,3.0,0.028,19.192,0.004,0.134,90.828,0.34,-0.532
00:00:09.744,1572870384305,1.5519999999999998,-0.097,66.171,0.664,3.0,0.028,19.218,0.004,0.134,91.148,0.34,-0.532
00:00:09.792,1572870384353,1.551,-0.097,66.171,0.664,3.0,0.028,19.245,0.004,0.134,91.489,0.34,-0.532
00:00:09.793,1572870384354,1.551,-0.097,66.171,0.664,3.0,0.029,19.27,0.004,0.134,91.79,0.34,-0.532
00:00:09.794,1572870384355,1.551,-0.097,66.171,0.664,3.0,0.029,19.295,0.004,0.134,92.111,0.339,-0.532
00:00:09.849,1572870384410,1.55,-0.097,66.171,0.664,3.0,0.029,19.321,0.004,0.134,92.433,0.339,-0.532
00:00:09.850,1572870384411,1.55,-0.097,66.171,0.664,3.0,0.029,19.347,0.004,0.134,92.755,0.339,-0.532
00:00:09.851,1572870384412,1.5490000000000002,-0.096,66.171,0.664,3.0,0.029,19.373,0.004,0.135,93.078,0.339,-0.532
00:00:09.897,1572870384458,1.5490000000000002,-0.096,66.171,0.664,3.0,0.029,19.399,0.004,0.135,93.401,0.338,-0.532
00:00:09.898,1572870384459,1.5490000000000002,-0.096,66.171,0.664,3.0,0.029,19.424,0.004,0.135,93.724,0.338,-0.532
00:00:09.899,1572870384460,1.548,-0.095,66.171,0.664,3.0,0.029,19.45,0.004,0.135,94.048,0.338,-0.532
00:00:09.943,1572870384504,1.548,-0.095,66.171,0.664,3.0,0.029,19.476,0.004,0.135,94.373,0.337,-0.532
00:00:09.944,1572870384505,1.548,-0.095,66.171,0.664,3.0,0.029,19.502,0.004,0.135,94.697,0.337,-0.532
00:00:09.945,1572870384506,1.547,-0.094,66.171,0.664,3.0,0.029,19.528,0.004,0.136,95.023,0.337,-0.532
00:00:09.993,1572870384554,1.547,-0.094,66.171,0.664,3.0,0.029,19.555,0.004,0.136,95.369,0.336,-0.532
00:00:09.994,1572870384555,1.547,-0.094,66.171,0.664,3.0,0.029,19.579,0.004,0.136,95.675,0.336,-0.532
00:00:09.995,1572870384556,1.546,-0.093,66.171,0.664,3.0,0.029,19.605,0.004,0.136,96.001,0.335,-0.532
00:00:10.043,1572870384604,1.546,-0.093,66.171,0.664,3.0,0.03,19.631,0.004,0.136,96.328,0.335,-0.532
00:00:10.044,1572870384605,1.545,-0.093,66.171,0.664,3.0,0.03,19.656,0.004,0.136,96.655,0.334,-0.532
00:00:10.045,1572870384606,1.545,-0.092,66.171,0.664,3.0,0.03,19.682,0.004,0.136,96.983,0.334,-0.532
00:00:10.099,1572870384660,1.545,-0.092,66.171,0.664,3.0,0.03,19.708,0.004,0.136,97.312,0.333,-0.532
00:00:10.100,1572870384661,1.544,-0.091,66.171,0.664,3.0,0.03,19.734,0.005,0.13699999999999998,97.64,0.332,-0.532
00:00:10.101,1572870384662,1.544,-0.091,66.171,0.664,3.0,0.03,19.761,0.005,0.13699999999999998,97.99,0.332,-0.532
00:00:10.102,1572870384663,1.544,-0.09,66.171,0.664,3.0,0.03,19.785,0.005,0.13699999999999998,98.299,0.331,-0.532
00:00:10.149,1572870384710,1.543,-0.09,66.171,0.664,3.0,0.03,19.811,0.005,0.13699999999999998,98.629,0.33,-0.532
00:00:10.150,1572870384711,1.543,-0.08900000000000001,66.317,0.664,3.0,0.03,19.837,0.005,0.13699999999999998,98.959,0.33,-0.532
00:00:10.151,1572870384712,1.543,-0.08800000000000001,66.317,0.664,3.0,0.03,19.862,0.005,0.13699999999999998,99.29,0.329,-0.532
00:00:10.200,1572870384761,1.5419999999999998,-0.08800000000000001,66.317,0.664,3.0,0.03,19.888,0.005,0.13699999999999998,99.621,0.328,-0.532
00:00:10.201,1572870384762,1.5419999999999998,-0.08800000000000001,66.317,0.664,3.0,0.03,19.914,0.005,0.138,99.953,0.327,-0.532
00:00:10.202,1572870384763,1.5419999999999998,-0.08800000000000001,66.317,0.664,3.0,0.03,19.939,0.005,0.138,100.285,0.326,-0.532
00:00:10.251,1572870384812,1.5419999999999998,-0.08800000000000001,66.317,0.664,3.0,0.03,19.965,0.005,0.138,100.618,0.326,-0.532
00:00:10.252,1572870384813,1.5419999999999998,-0.08800000000000001,66.317,0.664,3.0,0.03,19.991,0.005,0.138,100.951,0.325,-0.532
00:00:10.253,1572870384814,1.5419999999999998,-0.087,66.317,0.664,3.0,0.03,20.016,0.005,0.138,101.284,0.324,-0.532
00:00:10.301,1572870384862,1.541,-0.087,66.317,0.664,3.0,0.03,20.042,0.005,0.138,101.618,0.32299999999999995,-0.532
00:00:10.302,1572870384863,1.541,-0.086,66.317,0.664,3.0,0.03,20.068,0.005,0.138,101.952,0.322,-0.532
00:00:10.303,1572870384864,1.54,-0.086,66.317,0.664,3.0,0.03,20.093,0.005,0.139,102.287,0.321,-0.532
00:00:10.351,1572870384912,1.54,-0.086,66.317,0.664,3.0,0.03,20.119,0.005,0.139,102.622,0.32,-0.532
00:00:10.352,1572870384913,1.54,-0.086,66.317,0.664,3.0,0.029,20.146,0.005,0.139,102.978,0.319,-0.532
00:00:10.353,1572870384914,1.539,-0.086,66.317,0.664,3.0,0.029,20.17,0.005,0.139,103.293,0.318,-0.532
00:00:10.401,1572870384962,1.539,-0.085,66.317,0.664,3.0,0.029,20.196,0.005,0.139,103.63,0.317,-0.532
00:00:10.402,1572870384963,1.538,-0.085,66.317,0.664,3.0,0.029,20.223,0.005,0.139,103.988,0.316,-0.532
00:00:10.403,1572870384964,1.538,-0.085,66.317,0.664,3.0,0.029,20.247,0.005,0.139,104.304,0.314,-0.532
00:00:10.459,1572870385020,1.538,-0.084,66.317,0.664,3.0,0.029,20.273,0.005,0.14,104.642,0.313,-0.532
00:00:10.460,1572870385021,1.537,-0.084,66.317,0.664,3.0,0.029,20.299,0.005,0.14,104.98,0.312,-0.532
00:00:10.461,1572870385022,1.537,-0.084,66.317,0.664,3.0,0.029,20.324,0.005,0.14,105.318,0.311,-0.532
00:00:10.509,1572870385070,1.537,-0.084,66.317,0.664,3.0,0.029,20.35,0.005,0.14,105.657,0.31,-0.532
00:00:10.510,1572870385071,1.536,-0.084,66.317,0.664,3.0,0.029,20.375,0.005,0.14,105.996,0.308,-0.532
00:00:10.511,1572870385072,1.536,-0.084,66.317,0.664,3.0,0.029,20.401,0.005,0.14,106.336,0.307,-0.532
00:00:10.563,1572870385124,1.535,-0.084,66.317,0.664,3.0,0.029,20.427,0.005,0.14,106.677,0.306,-0.532
00:00:10.564,1572870385125,1.535,-0.084,66.317,0.664,3.0,0.029,20.452,0.005,0.141,107.017,0.304,-0.532
00:00:10.565,1572870385126,1.534,-0.084,66.317,0.664,3.0,0.029,20.479,0.005,0.141,107.38,0.303,-0.532
00:00:10.610,1572870385171,1.534,-0.084,66.317,0.664,3.0,0.029,20.503,0.005,0.141,107.7,0.302,-0.532
00:00:10.611,1572870385172,1.533,-0.084,66.317,0.664,3.0,0.029,20.529,0.005,0.141,108.042,0.3,-0.532
00:00:10.612,1572870385173,1.533,-0.084,66.317,0.664,3.0,0.029,20.554,0.005,0.141,108.384,0.299,-0.532
00:00:10.660,1572870385221,1.5319999999999998,-0.084,66.317,0.664,3.0,0.029,20.58,0.005,0.141,108.727,0.297,-0.532
00:00:10.661,1572870385222,1.5319999999999998,-0.084,66.317,0.664,3.0,0.029,20.607,0.005,0.141,109.092,0.29600000000000004,-0.532
00:00:10.662,1572870385223,1.531,-0.085,66.317,0.664,3.0,0.029,20.631,0.005,0.142,109.414,0.294,-0.532
00:00:10.710,1572870385271,1.531,-0.084,66.317,0.664,3.0,0.029,20.656,0.005,0.142,109.758,0.293,-0.5329999999999999
00:00:10.711,1572870385272,1.53,-0.084,66.317,0.664,3.0,0.029,20.683000000000003,0.005,0.142,110.124,0.29100000000000004,-0.5329999999999999
00:00:10.712,1572870385273,1.53,-0.084,66.317,0.664,3.0,0.029,20.709,0.005,0.142,110.469,0.29,-0.5329999999999999
00:00:10.760,1572870385321,1.529,-0.084,66.317,0.664,3.0,0.029,20.734,0.005,0.142,110.814,0.28800000000000003,-0.5329999999999999
00:00:10.761,1572870385322,1.529,-0.083,66.317,0.664,3.0,0.029,20.76,0.005,0.142,111.16,0.28600000000000003,-0.5329999999999999
00:00:10.762,1572870385323,1.528,-0.083,66.317,0.664,3.0,0.029,20.784,0.005,0.142,111.484,0.285,-0.5329999999999999
00:00:10.812,1572870385373,1.528,-0.08199999999999999,66.317,0.664,3.0,0.029,20.809,0.005,0.142,111.831,0.28300000000000003,-0.5329999999999999
00:00:10.813,1572870385374,1.527,-0.08199999999999999,66.317,0.664,3.0,0.029,20.836,0.005,0.14300000000000002,112.2,0.281,-0.5329999999999999
00:00:10.814,1572870385375,1.527,-0.081,66.317,0.664,3.0,0.029,20.862,0.005,0.14300000000000002,112.547,0.28,-0.5329999999999999
00:00:10.865,1572870385426,1.526,-0.08,66.317,0.664,3.0,0.029,20.887,0.005,0.14300000000000002,112.895,0.278,-0.5329999999999999
00:00:10.866,1572870385427,1.525,-0.08,66.317,0.664,3.0,0.029,20.912,0.005,0.14300000000000002,113.244,0.276,-0.5329999999999999
00:00:10.867,1572870385428,1.525,-0.079,66.317,0.664,3.0,0.029,20.938,0.005,0.14300000000000002,113.592,0.274,-0.5329999999999999
00:00:10.868,1572870385429,1.524,-0.077,66.317,0.664,3.0,0.029,20.963,0.005,0.14300000000000002,113.941,0.272,-0.5329999999999999
00:00:10.915,1572870385476,1.524,-0.075,66.317,0.664,3.0,0.029,20.989,0.006,0.14300000000000002,114.291,0.271,-0.5329999999999999
00:00:10.916,1572870385477,1.523,-0.073,66.317,0.664,3.0,0.029,21.014,0.006,0.14300000000000002,114.641,0.269,-0.5329999999999999
00:00:10.917,1572870385478,1.523,-0.069,66.317,0.664,3.0,0.029,21.039,0.006,0.14300000000000002,114.992,0.267,-0.5329999999999999
00:00:10.966,1572870385527,1.5219999999999998,-0.066,66.317,0.664,3.0,0.029,21.065,0.006,0.14400000000000002,115.342,0.265,-0.5329999999999999
00:00:10.967,1572870385528,1.5219999999999998,-0.062,66.317,0.664,3.0,0.029,21.089,0.006,0.14400000000000002,115.672,0.263,-0.5329999999999999
00:00:10.968,1572870385529,1.521,-0.057,66.317,0.664,3.0,0.029,21.115,0.006,0.14400000000000002,116.045,0.261,-0.5329999999999999
00:00:11.016,1572870385577,1.521,-0.053,66.317,0.664,3.0,0.029,21.141,0.006,0.14400000000000002,116.398,0.259,-0.5329999999999999
00:00:11.017,1572870385578,1.52,-0.049,66.317,0.664,3.0,0.029,21.166,0.006,0.14400000000000002,116.75,0.257,-0.5329999999999999
00:00:11.018,1572870385579,1.52,-0.044,66.317,0.664,3.0,0.028,21.191,0.006,0.14400000000000002,117.103,0.255,-0.5329999999999999
00:00:11.072,1572870385633,1.52,-0.04,66.317,0.664,3.0,0.028,21.217,0.006999999999999999,0.14400000000000002,117.457,0.253,-0.5329999999999999
00:00:11.073,1572870385634,1.519,-0.037000000000000005,66.317,0.664,3.0,0.028,21.242,0.006999999999999999,0.145,117.81,0.251,-0.5329999999999999
00:00:11.074,1572870385635,1.519,-0.033,66.317,0.664,3.0,0.027000000000000003,21.267,0.006,0.145,118.165,0.249,-0.5329999999999999
00:00:11.118,1572870385679,1.518,-0.03,66.317,0.664,3.0,0.026,21.293000000000006,0.006,0.145,118.519,0.247,-0.5329999999999999
00:00:11.119,1572870385680,1.518,-0.027000000000000003,66.317,0.664,3.0,0.026,21.318,0.006,0.145,118.874,0.245,-0.5329999999999999
00:00:11.120,1572870385681,1.517,-0.023,66.317,0.664,3.0,0.025,21.343000000000004,0.006,0.145,119.23,0.243,-0.5329999999999999
00:00:11.166,1572870385727,1.517,-0.02,66.317,0.2,3.0,0.024,21.369,0.006,0.145,119.586,0.241,-0.5329999999999999
00:00:11.167,1572870385728,1.516,-0.017,66.317,0.2,3.0,0.024,21.394,0.005,0.145,119.942,0.238,-0.5329999999999999
00:00:11.168,1572870385729,1.516,-0.013,66.317,0.2,3.0,0.023,21.419,0.005,0.145,120.299,0.236,-0.5329999999999999
00:00:11.224,1572870385785,1.515,-0.01,66.317,0.2,3.0,0.022,21.444000000000006,0.005,0.146,120.656,0.234,-0.5329999999999999
00:00:11.225,1572870385786,1.515,-0.006999999999999999,66.317,0.2,3.0,0.021,21.47,0.004,0.146,121.014,0.232,-0.5329999999999999
00:00:11.226,1572870385787,1.514,-0.004,66.317,0.2,3.0,0.021,21.495,0.004,0.146,121.372,0.23,-0.5329999999999999
00:00:11.277,1572870385838,1.513,-0.001,66.317,0.664,3.0,0.02,21.52,0.003,0.146,121.73,0.228,-0.5329999999999999
00:00:11.278,1572870385839,1.513,0.002,66.317,0.664,3.0,0.019,21.545,0.003,0.146,122.089,0.226,-0.5329999999999999
00:00:11.279,1572870385840,1.5119999999999998,0.005,66.317,0.664,3.0,0.018000000000000002,21.57,0.002,0.146,122.448,0.224,-0.5329999999999999
00:00:11.325,1572870385886,1.5119999999999998,0.006999999999999999,66.317,0.664,3.0,0.017,21.596,0.002,0.146,122.808,0.222,-0.5329999999999999
00:00:11.326,1572870385887,1.511,0.009000000000000001,66.317,0.664,3.0,0.017,21.621,0.001,0.146,123.168,0.219,-0.5329999999999999
00:00:11.327,1572870385888,1.511,0.011,66.317,0.664,3.0,0.016,21.646,0.001,0.146,123.529,0.217,-0.5329999999999999
00:00:11.376,1572870385937,1.51,0.013,66.317,0.664,3.0,0.015,21.671,0.0,0.146,123.89,0.215,-0.5329999999999999
00:00:11.377,1572870385938,1.51,0.015,66.317,0.664,3.0,0.014,21.696,0.0,0.146,124.251,0.213,-0.5329999999999999
00:00:11.378,1572870385939,1.509,0.016,66.317,0.664,3.0,0.013,21.721,0.0,0.146,124.613,0.211,-0.5329999999999999
00:00:11.426,1572870385987,1.509,0.018000000000000002,66.317,0.664,3.0,0.012,21.747,-0.001,0.146,124.975,0.209,-0.5329999999999999
00:00:11.427,1572870385988,1.508,0.019,66.317,0.664,3.0,0.012,21.772,-0.001,0.146,125.338,0.207,-0.5329999999999999
00:00:11.428,1572870385989,1.508,0.021,66.317,0.664,3.0,0.011,21.797,-0.002,0.146,125.701,0.205,-0.5329999999999999
00:00:11.476,1572870386037,1.507,0.022,66.464,0.664,3.0,0.01,21.822,-0.002,0.147,126.064,0.203,-0.5329999999999999
00:00:11.477,1572870386038,1.507,0.022,66.464,0.664,3.0,0.009000000000000001,21.847,-0.002,0.147,126.428,0.201,-0.5329999999999999
00:00:11.478,1572870386039,1.506,0.023,66.464,0.664,3.0,0.009000000000000001,21.872,-0.002,0.147,126.793,0.198,-0.5329999999999999
00:00:11.526,1572870386087,1.506,0.023,66.464,0.664,3.0,0.008,21.897,-0.003,0.147,127.157,0.196,-0.5329999999999999
00:00:11.527,1572870386088,1.506,0.024,66.464,0.664,3.0,0.006999999999999999,21.922,-0.003,0.147,127.523,0.194,-0.5329999999999999
00:00:11.528,1572870386089,1.506,0.024,66.464,0.664,3.0,0.006999999999999999,21.947,-0.003,0.147,127.888,0.192,-0.5329999999999999
00:00:11.577,1572870386138,1.505,0.024,66.684,0.664,3.0,0.006,21.972,-0.003,0.147,128.254,0.19,-0.5329999999999999
00:00:11.578,1572870386139,1.505,0.023,66.684,0.664,3.0,0.005,21.998,-0.003,0.147,128.621,0.188,-0.5329999999999999
00:00:11.579,1572870386140,1.505,0.023,66.684,0.664,3.0,0.005,22.023000000000003,-0.003,0.14800000000000002,128.987,0.18600000000000005,-0.5329999999999999
00:00:11.630,1572870386191,1.505,0.023,66.684,0.664,3.0,0.004,22.048,-0.003,0.14800000000000002,129.355,0.184,-0.5329999999999999
00:00:11.631,1572870386192,1.505,0.022,66.684,0.664,3.0,0.004,22.073,-0.003,0.14800000000000002,129.722,0.182,-0.5329999999999999
00:00:11.632,1572870386193,1.505,0.022,66.684,0.664,3.0,0.003,22.09800000000001,-0.003,0.14800000000000002,130.09,0.18,-0.5329999999999999
00:00:11.633,1572870386194,1.504,0.021,66.83,0.664,3.0,0.003,22.123,-0.003,0.14800000000000002,130.459,0.17800000000000002,-0.5329999999999999
00:00:11.681,1572870386242,1.504,0.02,66.83,0.664,3.0,0.002,22.148000000000003,-0.003,0.14800000000000002,130.828,0.17600000000000002,-0.5329999999999999
00:00:11.682,1572870386243,1.503,0.019,66.83,0.664,3.0,0.002,22.173,-0.003,0.149,131.197,0.174,-0.5329999999999999
00:00:11.683,1572870386244,1.503,0.018000000000000002,66.83,0.664,3.0,0.002,22.198,-0.003,0.149,131.567,0.172,-0.5329999999999999
00:00:11.732,1572870386293,1.503,0.017,66.83,0.664,3.0,0.001,22.22300000000001,-0.003,0.149,131.937,0.17,-0.5329999999999999
00:00:11.733,1572870386294,1.503,0.016,66.83,0.664,3.0,0.001,22.248,-0.003,0.149,132.308,0.168,-0.5329999999999999
00:00:11.734,1572870386295,1.5019999999999998,0.015,66.024,0.664,3.0,0.001,22.273000000000003,-0.003,0.149,132.679,0.166,-0.5329999999999999
00:00:11.782,1572870386343,1.5019999999999998,0.013,66.024,0.664,3.0,0.0,22.298,-0.003,0.149,133.05,0.16399999999999998,-0.5329999999999999
00:00:11.783,1572870386344,1.5,0.012,66.024,0.664,3.0,0.0,22.323,-0.002,0.149,133.422,0.162,-0.5329999999999999
00:00:11.784,1572870386345,1.4980000000000002,0.01,66.024,0.664,3.0,0.0,22.34800000000001,-0.002,0.15,133.79399999999998,0.159,-0.5329999999999999
00:00:11.832,1572870386393,1.495,0.009000000000000001,66.024,0.664,3.0,0.0,22.373,-0.002,0.15,134.167,0.157,-0.5329999999999999
00:00:11.833,1572870386394,1.493,0.006999999999999999,66.024,0.664,3.0,0.0,22.398000000000003,-0.002,0.15,134.54,0.155,-0.5329999999999999
00:00:11.834,1572870386395,1.492,0.006,35.482,0.664,3.0,-0.001,22.423,-0.002,0.15,134.914,0.153,-0.5329999999999999
00:00:11.882,1572870386443,1.489,0.004,35.482,0.664,3.0,-0.001,22.447,-0.002,0.15,135.28799999999998,0.151,-0.5329999999999999
00:00:11.883,1572870386444,1.484,0.002,35.482,0.664,3.0,-0.001,22.472,-0.002,0.15,135.662,0.149,-0.5329999999999999
00:00:11.884,1572870386445,1.483,0.001,35.482,0.664,3.0,-0.001,22.497,-0.001,0.15,136.037,0.147,-0.5329999999999999
00:00:11.938,1572870386499,1.4780000000000002,-0.002,35.482,0.664,3.0,-0.001,22.521,-0.001,0.15,136.412,0.145,-0.5329999999999999
00:00:11.939,1572870386500,1.418,-0.005,16.145,0.664,3.0,-0.001,22.568,-0.001,0.15,137.16299999999998,0.141,-0.5329999999999999
00:00:11.988,1572870386549,1.358,-0.006999999999999999,16.145,0.664,3.0,-0.001,22.59,-0.001,0.149,137.54,0.139,-0.5329999999999999
00:00:11.989,1572870386550,1.217,-0.009000000000000001,16.145,0.664,3.0,-0.001,22.607,-0.001,0.147,137.916,0.13699999999999998,-0.5329999999999999
00:00:11.990,1572870386551,0.999,-0.01,16.145,0.664,3.0,-0.001,22.621,-0.001,0.145,138.293,0.135,-0.5329999999999999
00:00:12.046,1572870386607,0.778,-0.01,16.145,0.664,3.0,0.0,22.631,0.0,0.141,138.67,0.133,-0.5329999999999999
00:00:12.047,1572870386608,0.607,-0.011,16.145,0.664,3.0,0.0,22.639,0.0,0.135,139.047,0.131,-0.5329999999999999
00:00:12.048,1572870386609,0.502,-0.01,1.936,0.664,3.0,0.0,22.646,0.0,0.129,139.425,0.129,-0.5329999999999999
00:00:12.049,1572870386610,0.448,-0.01,1.936,0.664,3.0,0.0,22.653,0.0,0.122,139.80200000000002,0.127,-0.5329999999999999
00:00:12.098,1572870386659,0.37,-0.009000000000000001,1.936,0.664,3.0,0.001,22.658,0.001,0.114,140.18,0.125,-0.5329999999999999
00:00:12.099,1572870386660,0.185,-0.009000000000000001,1.936,0.664,3.0,0.001,22.658,0.001,0.105,140.558,0.123,-0.5329999999999999
00:00:12.100,1572870386661,-0.051,-0.008,1.936,0.664,3.0,0.001,22.654,0.001,0.094,140.935,0.121,-0.5329999999999999
00:00:12.147,1572870386708,-0.191,-0.006999999999999999,1.936,0.664,3.0,0.001,22.65,0.001,0.08199999999999999,141.313,0.118,-0.5329999999999999
00:00:12.148,1572870386709,-0.201,-0.006,1.13,0.664,3.0,0.001,22.647,0.002,0.07,141.69,0.116,-0.5329999999999999
00:00:12.149,1572870386710,-0.163,-0.005,1.13,0.664,3.0,0.002,22.645,0.002,0.057,142.06799999999996,0.114,-0.5329999999999999
00:00:12.203,1572870386764,-0.172,-0.004,1.13,0.664,3.0,0.002,22.641,0.002,0.044,142.445,0.112,-0.5329999999999999
00:00:12.204,1572870386765,-0.211,-0.003,1.13,0.664,3.0,0.002,22.637,0.002,0.03,142.822,0.11,-0.532
00:00:12.205,1572870386766,-0.215,-0.002,1.13,0.664,3.0,0.002,22.634,0.002,0.017,143.2,0.108,-0.532
00:00:12.253,1572870386814,-0.227,-0.001,1.13,0.664,3.0,0.002,22.63,0.002,0.004,143.577,0.106,-0.532
00:00:12.254,1572870386815,-0.232,0.001,1.13,0.664,3.0,0.002,22.626,0.002,-0.009000000000000001,143.954,0.104,-0.532
00:00:12.255,1572870386816,-0.238,0.003,1.13,0.664,3.0,0.002,22.622,0.002,-0.022,144.33100000000005,0.102,-0.532
00:00:12.304,1572870386865,-0.243,0.005,1.13,0.664,3.0,0.001,22.618,0.002,-0.035,144.708,0.1,-0.532
00:00:12.305,1572870386866,-0.248,0.008,1.13,0.664,3.0,0.001,22.614,0.002,-0.047,145.085,0.098,-0.531
00:00:12.306,1572870386867,-0.252,0.01,1.13,0.664,3.0,0.001,22.609,0.002,-0.058,145.46200000000005,0.096,-0.531
00:00:12.353,1572870386914,-0.256,0.014,1.13,0.664,3.0,0.001,22.605,0.002,-0.069,145.839,0.093,-0.531
00:00:12.354,1572870386915,-0.259,0.017,1.13,0.664,3.0,0.001,22.601,0.002,-0.079,146.215,0.091,-0.531
00:00:12.355,1572870386916,-0.262,0.021,1.13,0.664,3.0,0.001,22.596,0.001,-0.08800000000000001,146.592,0.08900000000000001,-0.531
00:00:12.405,1572870386966,-0.265,0.025,1.13,0.664,3.0,0.0,22.592,0.001,-0.097,146.968,0.087,-0.531
00:00:12.406,1572870386967,-0.268,0.029,1.13,0.664,3.0,0.0,22.587,0.001,-0.104,147.345,0.085,-0.531
00:00:12.407,1572870386968,-0.27,0.034,1.13,0.664,3.0,0.0,22.583,0.001,-0.111,147.721,0.083,-0.531
00:00:12.454,1572870387015,-0.273,0.038,1.13,0.664,3.0,-0.001,22.57800000000001,0.001,-0.117,148.09799999999996,0.081,-0.531
00:00:12.455,1572870387016,-0.275,0.043,1.13,0.664,3.0,-0.002,22.573,0.001,-0.122,148.474,0.079,-0.531
00:00:12.456,1572870387017,-0.277,0.046,1.13,0.664,3.0,-0.002,22.56900000000001,0.001,-0.126,148.85,0.077,-0.531
00:00:12.505,1572870387066,-0.279,0.049,1.13,0.664,3.0,-0.003,22.564,0.0,-0.129,149.226,0.075,-0.531
00:00:12.506,1572870387067,-0.28,0.052000000000000005,1.13,0.664,3.0,-0.004,22.559,0.0,-0.131,149.602,0.073,-0.531
00:00:12.507,1572870387068,-0.281,0.054000000000000006,1.13,0.664,3.0,-0.005,22.555,-0.001,-0.132,149.97799999999995,0.071,-0.532
00:00:12.558,1572870387119,-0.282,0.056,1.13,0.664,3.0,-0.005,22.55,-0.001,-0.132,150.35399999999996,0.069,-0.532
00:00:12.559,1572870387120,-0.28300000000000003,0.057,1.13,0.664,3.0,-0.006,22.545,-0.002,-0.131,150.73,0.067,-0.532
00:00:12.560,1572870387121,-0.284,0.059,1.13,0.664,3.0,-0.006999999999999999,22.541,-0.002,-0.13,151.106,0.066,-0.532
00:00:12.605,1572870387166,-0.285,0.061,1.13,0.664,3.0,-0.008,22.536,-0.002,-0.128,151.481,0.064,-0.5329999999999999
00:00:12.606,1572870387167,-0.28600000000000003,0.062,1.13,0.664,3.0,-0.009000000000000001,22.531,-0.003,-0.126,151.857,0.062,-0.5329999999999999
00:00:12.607,1572870387168,-0.287,0.064,1.13,0.664,3.0,-0.009000000000000001,22.526,-0.003,-0.123,152.232,0.06,-0.5329999999999999
00:00:12.664,1572870387225,-0.287,0.067,1.13,0.664,3.0,-0.01,22.521,-0.004,-0.12,152.608,0.058,-0.5329999999999999
00:00:12.665,1572870387226,-0.28800000000000003,0.069,1.13,0.664,3.0,-0.011,22.517,-0.004,-0.117,152.983,0.056,-0.534
00:00:12.666,1572870387227,-0.289,0.071,1.13,0.664,3.0,-0.012,22.512,-0.005,-0.113,153.358,0.055,-0.534
00:00:12.709,1572870387270,-0.289,0.073,1.13,0.664,3.0,-0.012,22.507,-0.005,-0.11,153.733,0.053,-0.534
00:00:12.710,1572870387271,-0.29,0.075,1.13,0.664,3.0,-0.013,22.502,-0.005,-0.107,154.108,0.051,-0.534
00:00:12.711,1572870387272,-0.29,0.078,1.13,0.664,3.0,-0.014,22.497,-0.005,-0.104,154.483,0.049,-0.534
00:00:12.760,1572870387321,-0.29100000000000004,0.08,1.13,0.664,3.0,-0.014,22.493,-0.006,-0.1,154.858,0.048,-0.535
00:00:12.761,1572870387322,-0.29100000000000004,0.08199999999999999,1.423,0.664,3.0,-0.015,22.488000000000003,-0.006,-0.097,155.233,0.046,-0.535
00:00:12.762,1572870387323,-0.28800000000000003,0.083,1.423,0.664,3.0,-0.016,22.483,-0.006,-0.094,155.608,0.044,-0.535
00:00:12.812,1572870387373,-0.284,0.084,1.423,0.664,3.0,-0.016,22.478,-0.006,-0.092,155.983,0.043,-0.535
00:00:12.813,1572870387374,-0.28300000000000003,0.085,1.423,0.664,3.0,-0.017,22.474,-0.006,-0.08900000000000001,156.357,0.041,-0.535
00:00:12.814,1572870387375,-0.282,0.085,1.423,0.664,3.0,-0.018000000000000002,22.469,-0.006,-0.087,156.732,0.039,-0.535
00:00:12.863,1572870387424,-0.282,0.085,1.423,0.664,3.0,-0.018000000000000002,22.464,-0.006,-0.085,157.106,0.038,-0.535
00:00:12.864,1572870387425,-0.282,0.085,1.643,0.664,3.0,-0.019,22.459,-0.006,-0.083,157.481,0.036000000000000004,-0.535
00:00:12.865,1572870387426,-0.28,0.085,1.643,0.664,3.0,-0.02,22.455,-0.006,-0.081,157.855,0.035,-0.535
00:00:12.911,1572870387472,-0.278,0.084,1.643,0.664,3.0,-0.02,22.45,-0.006,-0.08,158.22899999999996,0.033,-0.535
00:00:12.912,1572870387473,-0.276,0.085,1.643,0.664,3.0,-0.021,22.446,-0.006,-0.079,158.60299999999995,0.032,-0.535
00:00:12.913,1572870387474,-0.276,0.085,1.643,0.664,3.0,-0.021,22.441,-0.006,-0.078,158.977,0.03,-0.535
00:00:12.965,1572870387526,-0.276,0.086,1.643,0.664,3.0,-0.022,22.436,-0.006,-0.077,159.351,0.029,-0.535
00:00:12.966,1572870387527,-0.276,0.087,1.936,0.664,3.0,-0.022,22.432,-0.006,-0.077,159.725,0.028,-0.535
00:00:12.967,1572870387528,-0.273,0.087,1.936,0.664,3.0,-0.023,22.427,-0.006,-0.076,160.099,0.026,-0.535
00:00:13.011,1572870387572,-0.269,0.087,1.936,0.664,3.0,-0.023,22.423,-0.006,-0.076,160.47299999999996,0.025,-0.535
00:00:13.012,1572870387573,-0.267,0.086,1.936,0.664,3.0,-0.023,22.419,-0.006,-0.076,160.846,0.024,-0.535
00:00:13.013,1572870387574,-0.266,0.086,1.936,0.664,3.0,-0.024,22.414,-0.006,-0.076,161.22,0.022,-0.535
00:00:13.061,1572870387622,-0.266,0.085,1.936,0.664,3.0,-0.024,22.41,-0.006,-0.076,161.593,0.021,-0.535
00:00:13.062,1572870387623,-0.266,0.084,1.936,0.664,3.0,-0.025,22.405,-0.006,-0.076,161.967,0.02,-0.535
00:00:13.063,1572870387624,-0.266,0.084,1.936,0.664,3.0,-0.025,22.401,-0.006,-0.077,162.34,0.019,-0.535
00:00:13.115,1572870387676,-0.266,0.083,1.936,0.664,3.0,-0.025,22.396,-0.006,-0.077,162.714,0.017,-0.535
00:00:13.116,1572870387677,-0.266,0.08199999999999999,1.936,0.664,3.0,-0.026,22.392,-0.006,-0.078,163.08700000000005,0.016,-0.535
00:00:13.117,1572870387678,-0.266,0.08199999999999999,1.936,0.664,3.0,-0.026,22.387,-0.006,-0.078,163.46,0.015,-0.535
00:00:13.118,1572870387679,-0.267,0.081,1.936,0.664,3.0,-0.026,22.38300000000001,-0.006,-0.079,163.833,0.014,-0.535
00:00:13.165,1572870387726,-0.267,0.081,2.302,0.664,3.0,-0.026,22.379,-0.006,-0.08,164.206,0.013,-0.535
00:00:13.166,1572870387727,-0.264,0.08,2.302,0.664,3.0,-0.027000000000000003,22.374,-0.006,-0.081,164.579,0.012,-0.535
00:00:13.167,1572870387728,-0.258,0.079,2.302,0.664,3.0,-0.027000000000000003,22.37,-0.006,-0.08199999999999999,164.952,0.011,-0.534
00:00:13.218,1572870387779,-0.255,0.078,2.302,0.664,3.0,-0.027000000000000003,22.366,-0.006,-0.08199999999999999,165.325,0.01,-0.534
00:00:13.219,1572870387780,-0.254,0.078,2.302,0.664,3.0,-0.027000000000000003,22.362,-0.006,-0.083,165.697,0.009000000000000001,-0.534
00:00:13.220,1572870387781,-0.253,0.077,2.302,0.664,3.0,-0.027000000000000003,22.357,-0.006,-0.084,166.07,0.008,-0.534
00:00:13.267,1572870387828,-0.253,0.077,2.448,0.664,3.0,-0.027000000000000003,22.353,-0.006,-0.085,166.44299999999996,0.006999999999999999,-0.534
00:00:13.268,1572870387829,-0.252,0.076,2.448,0.664,3.0,-0.027000000000000003,22.349,-0.006,-0.086,166.815,0.006,-0.534
00:00:13.269,1572870387830,-0.25,0.075,2.448,0.664,3.0,-0.027000000000000003,22.345,-0.006,-0.086,167.188,0.005,-0.534
00:00:13.317,1572870387878,-0.249,0.07400000000000001,2.448,0.664,3.0,-0.027000000000000003,22.34,-0.006,-0.087,167.607,0.004,-0.534
00:00:13.318,1572870387879,-0.248,0.073,2.448,0.664,3.0,-0.027000000000000003,22.337,-0.005,-0.087,167.93200000000004,0.003,-0.534
00:00:13.319,1572870387880,-0.248,0.07200000000000001,2.448,0.664,3.0,-0.027000000000000003,22.332,-0.005,-0.08800000000000001,168.305,0.002,-0.534
00:00:13.367,1572870387928,-0.248,0.071,2.448,0.664,3.0,-0.027000000000000003,22.32800000000001,-0.005,-0.08800000000000001,168.67700000000005,0.001,-0.534
00:00:13.368,1572870387929,-0.248,0.071,2.448,0.664,3.0,-0.027000000000000003,22.324,-0.005,-0.08800000000000001,169.049,0.0,-0.534
00:00:13.369,1572870387930,-0.248,0.07,2.448,0.664,3.0,-0.027000000000000003,22.32,-0.005,-0.08800000000000001,169.421,-0.001,-0.534
00:00:13.417,1572870387978,-0.248,0.069,2.448,0.664,3.0,-0.027000000000000003,22.316,-0.005,-0.08800000000000001,169.793,-0.001,-0.534
00:00:13.418,1572870387979,-0.248,0.069,2.448,0.664,3.0,-0.027000000000000003,22.312,-0.005,-0.08800000000000001,170.165,-0.002,-0.534
00:00:13.419,1572870387980,-0.248,0.068,2.448,0.664,3.0,-0.027000000000000003,22.308000000000003,-0.005,-0.08800000000000001,170.537,-0.003,-0.534
00:00:13.471,1572870388032,-0.248,0.067,2.9610000000000003,0.664,3.0,-0.027000000000000003,22.304,-0.005,-0.087,170.908,-0.004,-0.534
00:00:13.472,1572870388033,-0.246,0.065,2.9610000000000003,0.664,3.0,-0.027000000000000003,22.299,-0.005,-0.087,171.28,-0.004,-0.534
00:00:13.473,1572870388034,-0.241,0.062,2.9610000000000003,0.664,3.0,-0.027000000000000003,22.296,-0.005,-0.087,171.65200000000004,-0.005,-0.534
00:00:13.523,1572870388084,-0.234,0.06,2.9610000000000003,0.664,3.0,-0.027000000000000003,22.292,-0.005,-0.086,172.023,-0.006,-0.534
00:00:13.524,1572870388085,-0.228,0.057,2.9610000000000003,0.664,3.0,-0.027000000000000003,22.288,-0.005,-0.086,172.395,-0.006,-0.534
00:00:13.525,1572870388086,-0.225,0.056,2.9610000000000003,0.664,3.0,-0.027000000000000003,22.284,-0.005,-0.085,172.766,-0.006999999999999999,-0.534
00:00:13.570,1572870388131,-0.227,0.056,4.646,0.664,3.0,-0.026,22.28,-0.005,-0.084,173.138,-0.008,-0.534
00:00:13.571,1572870388132,-0.227,0.056,4.646,0.664,3.0,-0.026,22.277,-0.005,-0.084,173.509,-0.008,-0.535
00:00:13.572,1572870388133,-0.223,0.057,4.646,0.664,3.0,-0.026,22.273000000000003,-0.005,-0.083,173.88,-0.009000000000000001,-0.535
00:00:13.621,1572870388182,-0.21600000000000005,0.057,4.646,0.664,3.0,-0.026,22.27,-0.005,-0.08199999999999999,174.25099999999995,-0.01,-0.535
00:00:13.622,1572870388183,-0.207,0.057,4.646,0.664,3.0,-0.025,22.266,-0.004,-0.081,174.622,-0.01,-0.535
00:00:13.623,1572870388184,-0.197,0.056,4.646,0.664,3.0,-0.025,22.263,-0.004,-0.08,174.99400000000003,-0.011,-0.535
00:00:13.673,1572870388234,-0.189,0.054000000000000006,6.477,0.664,3.0,-0.025,22.26,-0.004,-0.079,175.365,-0.011,-0.535
00:00:13.674,1572870388235,-0.181,0.051,6.477,0.664,3.0,-0.025,22.257,-0.004,-0.078,175.736,-0.012,-0.535
00:00:13.675,1572870388236,-0.172,0.048,6.477,0.664,3.0,-0.025,22.254,-0.004,-0.077,176.106,-0.012,-0.535
00:00:13.723,1572870388284,-0.159,0.045,6.477,0.664,3.0,-0.025,22.252,-0.004,-0.076,176.477,-0.013,-0.535
00:00:13.724,1572870388285,-0.14300000000000002,0.043,6.477,0.664,3.0,-0.024,22.25,-0.004,-0.075,176.84799999999996,-0.013,-0.535
00:00:13.725,1572870388286,-0.128,0.04,6.477,0.664,3.0,-0.024,22.248,-0.004,-0.07400000000000001,177.21900000000005,-0.014,-0.535
00:00:13.773,1572870388334,-0.116,0.038,9.626,0.664,3.0,-0.024,22.246,-0.004,-0.07200000000000001,177.59,-0.014,-0.535
00:00:13.774,1572870388335,-0.109,0.036000000000000004,9.626,0.664,3.0,-0.024,22.244,-0.004,-0.071,177.96099999999996,-0.015,-0.535
00:00:13.775,1572870388336,-0.095,0.034,9.626,0.664,3.0,-0.023,22.243,-0.004,-0.069,178.331,-0.015,-0.535
00:00:13.824,1572870388385,-0.07200000000000001,0.033,9.626,0.664,3.0,-0.023,22.242,-0.004,-0.068,178.702,-0.016,-0.535
00:00:13.825,1572870388386,-0.046,0.032,9.626,0.664,3.0,-0.022,22.242,-0.004,-0.066,179.07299999999995,-0.016,-0.535
00:00:13.826,1572870388387,-0.025,0.032,9.626,0.664,3.0,-0.022,22.242,-0.004,-0.064,179.44299999999996,-0.016,-0.535
00:00:13.874,1572870388435,-0.011,0.032,11.824000000000002,0.664,3.0,-0.021,22.242,-0.003,-0.062,179.81400000000005,-0.017,-0.534
00:00:13.875,1572870388436,-0.004,0.032,11.824000000000002,0.664,3.0,-0.021,22.242,-0.003,-0.06,180.185,-0.017,-0.534
00:00:13.876,1572870388437,0.004,0.032,11.824000000000002,0.664,3.0,-0.02,22.242,-0.003,-0.057,180.556,-0.018000000000000002,-0.534
00:00:13.924,1572870388485,0.015,0.032,11.824000000000002,0.664,3.0,-0.02,22.242,-0.003,-0.055,180.926,-0.018000000000000002,-0.534
00:00:13.925,1572870388486,0.03,0.033,11.824000000000002,0.664,3.0,-0.019,22.243,-0.002,-0.053,181.297,-0.018000000000000002,-0.534
00:00:13.926,1572870388487,0.045,0.032,11.824000000000002,0.664,3.0,-0.019,22.244,-0.002,-0.05,181.668,-0.019,-0.534
00:00:13.975,1572870388536,0.056,0.032,14.314,0.664,3.0,-0.019,22.245,-0.002,-0.048,182.038,-0.019,-0.534
00:00:13.976,1572870388537,0.063,0.031,14.314,0.664,3.0,-0.018000000000000002,22.246,-0.002,-0.046,182.409,-0.02,-0.534
00:00:13.977,1572870388538,0.075,0.031,14.314,0.664,3.0,-0.018000000000000002,22.248,-0.002,-0.043,182.78,-0.02,-0.534
00:00:14.033,1572870388594,0.095,0.03,14.314,0.664,3.0,-0.018000000000000002,22.25,-0.001,-0.041,183.151,-0.02,-0.534
00:00:14.034,1572870388595,0.116,0.029,14.314,0.664,3.0,-0.017,22.252,-0.001,-0.039,183.522,-0.021,-0.534
00:00:14.035,1572870388596,0.134,0.029,14.314,0.664,3.0,-0.017,22.254,-0.001,-0.036000000000000004,183.892,-0.021,-0.534
00:00:14.036,1572870388597,0.147,0.029,15.925,0.664,3.0,-0.017,22.257,-0.001,-0.034,184.263,-0.021,-0.534
00:00:14.083,1572870388644,0.156,0.03,15.925,0.664,3.0,-0.017,22.26,-0.001,-0.032,184.634,-0.022,-0.534
00:00:14.084,1572870388645,0.166,0.03,15.925,0.664,3.0,-0.016,22.263,-0.001,-0.03,185.005,-0.022,-0.534
00:00:14.085,1572870388646,0.17800000000000002,0.03,15.925,0.664,3.0,-0.016,22.266,-0.001,-0.027000000000000003,185.376,-0.022,-0.534
00:00:14.137,1572870388698,0.191,0.031,15.925,0.664,3.0,-0.016,22.269,-0.001,-0.025,185.748,-0.022,-0.534
00:00:14.138,1572870388699,0.203,0.032,15.925,0.664,3.0,-0.016,22.273000000000003,-0.001,-0.023,186.11900000000003,-0.023,-0.534
00:00:14.139,1572870388700,0.212,0.033,16.438,0.664,3.0,-0.016,22.276,-0.001,-0.021,186.49,-0.023,-0.534
00:00:14.184,1572870388745,0.219,0.034,16.438,0.664,3.0,-0.015,22.28,-0.001,-0.02,186.861,-0.023,-0.534
00:00:14.185,1572870388746,0.224,0.035,16.438,0.664,3.0,-0.015,22.284,-0.001,-0.018000000000000002,187.233,-0.023,-0.534
00:00:14.186,1572870388747,0.229,0.036000000000000004,16.438,0.664,3.0,-0.015,22.288,-0.001,-0.016,187.604,-0.024,-0.534
00:00:14.234,1572870388795,0.233,0.038,16.438,0.664,3.0,-0.015,22.292,-0.001,-0.015,187.976,-0.024,-0.534
00:00:14.235,1572870388796,0.236,0.039,16.438,0.664,3.0,-0.015,22.296,-0.002,-0.014,188.347,-0.024,-0.534
00:00:14.236,1572870388797,0.239,0.04,16.438,0.664,3.0,-0.015,22.3,-0.002,-0.013,188.719,-0.024,-0.534
00:00:14.286,1572870388847,0.24,0.04,16.438,0.664,3.0,-0.015,22.304,-0.002,-0.012,189.09,-0.024,-0.534
00:00:14.287,1572870388848,0.24,0.041,16.438,0.664,3.0,-0.015,22.308000000000003,-0.002,-0.011,189.462,-0.025,-0.534
00:00:14.288,1572870388849,0.24,0.042,16.438,0.664,3.0,-0.015,22.312,-0.002,-0.011,189.834,-0.025,-0.534
00:00:14.335,1572870388896,0.24,0.042,16.438,0.664,3.0,-0.015,22.316,-0.002,-0.01,190.206,-0.025,-0.534
00:00:14.336,1572870388897,0.239,0.043,16.438,0.664,3.0,-0.015,22.32,-0.002,-0.01,190.578,-0.025,-0.534
00:00:14.337,1572870388898,0.239,0.044,16.438,0.664,3.0,-0.015,22.324,-0.002,-0.01,190.95,-0.025,-0.534
00:00:14.386,1572870388947,0.239,0.045,16.438,0.664,3.0,-0.015,22.327,-0.003,-0.01,191.322,-0.025,-0.534
00:00:14.387,1572870388948,0.238,0.045,16.438,0.664,3.0,-0.015,22.331,-0.003,-0.01,191.694,-0.025,-0.534
00:00:14.388,1572870388949,0.238,0.046,16.438,0.664,3.0,-0.015,22.335,-0.003,-0.01,192.066,-0.026,-0.534
00:00:14.442,1572870389003,0.238,0.046,16.438,0.664,3.0,-0.015,22.339,-0.003,-0.011,192.439,-0.026,-0.534
00:00:14.443,1572870389004,0.238,0.047,16.438,0.664,3.0,-0.015,22.343000000000004,-0.003,-0.011,192.811,-0.026,-0.534
00:00:14.444,1572870389005,0.238,0.048,16.658,0.664,3.0,-0.015,22.347,-0.003,-0.012,193.183,-0.026,-0.534
00:00:14.491,1572870389052,0.238,0.048,16.658,0.664,3.0,-0.015,22.351,-0.003,-0.012,193.556,-0.026,-0.534
00:00:14.492,1572870389053,0.239,0.048,16.658,0.664,3.0,-0.015,22.355,-0.003,-0.012,193.928,-0.026,-0.534
00:00:14.493,1572870389054,0.241,0.049,16.658,0.664,3.0,-0.015,22.359,-0.003,-0.013,194.301,-0.026,-0.534
00:00:14.536,1572870389097,0.243,0.049,16.658,0.664,3.0,-0.015,22.363000000000003,-0.003,-0.013,194.674,-0.026,-0.534
00:00:14.537,1572870389098,0.245,0.049,16.658,0.664,3.0,-0.016,22.368,-0.003,-0.014,195.047,-0.026,-0.534
00:00:14.538,1572870389099,0.246,0.049,16.658,0.664,3.0,-0.016,22.372,-0.003,-0.014,195.419,-0.026,-0.534
00:00:14.592,1572870389153,0.247,0.049,16.658,0.664,3.0,-0.016,22.376,-0.004,-0.014,195.792,-0.026,-0.534
00:00:14.593,1572870389154,0.248,0.05,16.658,0.664,3.0,-0.016,22.38,-0.004,-0.015,196.165,-0.026,-0.534
00:00:14.594,1572870389155,0.248,0.05,16.658,0.664,3.0,-0.016,22.384,-0.004,-0.015,196.538,-0.026,-0.534
00:00:14.637,1572870389198,0.248,0.05,16.658,0.664,3.0,-0.016,22.388,-0.004,-0.015,196.911,-0.026,-0.534
00:00:14.638,1572870389199,0.247,0.05,16.658,0.664,3.0,-0.016,22.392,-0.004,-0.016,197.285,-0.026,-0.534
00:00:14.639,1572870389200,0.247,0.049,16.804000000000002,0.664,3.0,-0.016,22.396,-0.004,-0.016,197.658,-0.025,-0.534
00:00:14.687,1572870389248,0.247,0.049,16.804000000000002,0.664,3.0,-0.016,22.401,-0.004,-0.016,198.031,-0.025,-0.534
00:00:14.688,1572870389249,0.247,0.049,16.804000000000002,0.664,3.0,-0.016,22.405,-0.004,-0.016,198.404,-0.025,-0.534
00:00:14.689,1572870389250,0.248,0.049,16.804000000000002,0.664,3.0,-0.016,22.409,-0.004,-0.017,198.778,-0.025,-0.534
00:00:14.740,1572870389301,0.249,0.049,16.804000000000002,0.664,3.0,-0.016,22.413,-0.004,-0.017,199.151,-0.025,-0.534
00:00:14.741,1572870389302,0.25,0.049,16.804000000000002,0.664,3.0,-0.016,22.417,-0.004,-0.017,199.525,-0.025,-0.534
00:00:14.742,1572870389303,0.251,0.049,16.804000000000002,0.2,3.0,-0.016,22.421,-0.004,-0.017,199.899,-0.024,-0.534
00:00:14.799,1572870389360,0.252,0.049,16.804000000000002,0.2,3.0,-0.016,22.426,-0.003,-0.018000000000000002,200.272,-0.024,-0.534
00:00:14.800,1572870389361,0.252,0.048,16.804000000000002,0.2,3.0,-0.017,22.43,-0.003,-0.018000000000000002,200.646,-0.024,-0.534
00:00:14.801,1572870389362,0.252,0.048,16.804000000000002,0.2,3.0,-0.017,22.434,-0.003,-0.018000000000000002,201.02,-0.024,-0.534
00:00:14.802,1572870389363,0.252,0.048,16.804000000000002,0.2,3.0,-0.017,22.438,-0.003,-0.018000000000000002,201.394,-0.024,-0.534
00:00:14.849,1572870389410,0.252,0.048,16.804000000000002,0.2,3.0,-0.017,22.442,-0.003,-0.018000000000000002,201.768,-0.023,-0.534
00:00:14.850,1572870389411,0.251,0.048,16.804000000000002,0.664,3.0,-0.017,22.447,-0.003,-0.018000000000000002,202.142,-0.023,-0.534
00:00:14.851,1572870389412,0.251,0.048,16.804000000000002,0.664,3.0,-0.017,22.451,-0.003,-0.018000000000000002,202.516,-0.023,-0.534
00:00:14.900,1572870389461,0.251,0.048,16.804000000000002,0.664,3.0,-0.017,22.455,-0.003,-0.018000000000000002,202.89,-0.022,-0.534
00:00:14.901,1572870389462,0.251,0.047,16.804000000000002,0.664,3.0,-0.017,22.459,-0.003,-0.018000000000000002,203.265,-0.022,-0.534
00:00:14.902,1572870389463,0.251,0.047,16.804000000000002,0.664,3.0,-0.017,22.463,-0.003,-0.018000000000000002,203.639,-0.022,-0.534
00:00:14.950,1572870389511,0.25,0.047,16.804000000000002,0.664,3.0,-0.017,22.467,-0.003,-0.018000000000000002,204.013,-0.021,-0.534
00:00:14.951,1572870389512,0.25,0.047,16.951,0.664,3.0,-0.017,22.472,-0.003,-0.018000000000000002,204.388,-0.021,-0.534
00:00:14.952,1572870389513,0.25,0.047,16.951,0.664,3.0,-0.017,22.476,-0.003,-0.018000000000000002,204.786,-0.021,-0.534
00:00:15.014,1572870389575,0.251,0.047,16.951,0.664,3.0,-0.017,22.48,-0.003,-0.018000000000000002,205.137,-0.02,-0.534
00:00:15.015,1572870389576,0.252,0.047,16.951,0.664,3.0,-0.017,22.484,-0.003,-0.018000000000000002,205.512,-0.02,-0.534
00:00:15.016,1572870389577,0.253,0.047,16.951,0.664,3.0,-0.017,22.488000000000003,-0.003,-0.018000000000000002,205.887,-0.02,-0.534
00:00:15.056,1572870389617,0.254,0.047,16.951,0.664,3.0,-0.017,22.493,-0.003,-0.018000000000000002,206.261,-0.019,-0.534
00:00:15.057,1572870389618,0.255,0.046,17.097,0.664,3.0,-0.017,22.497,-0.003,-0.018000000000000002,206.636,-0.019,-0.534
00:00:15.058,1572870389619,0.256,0.046,17.097,0.664,3.0,-0.017,22.501,-0.003,-0.017,207.011,-0.018000000000000002,-0.534
00:00:15.106,1572870389667,0.257,0.046,17.097,0.664,3.0,-0.017,22.505,-0.003,-0.017,207.386,-0.018000000000000002,-0.534
00:00:15.107,1572870389668,0.258,0.046,17.097,0.664,3.0,-0.017,22.51,-0.003,-0.017,207.762,-0.017,-0.534
00:00:15.108,1572870389669,0.259,0.046,17.097,0.664,3.0,-0.017,22.514,-0.003,-0.017,208.137,-0.017,-0.534
00:00:15.157,1572870389718,0.26,0.046,17.097,0.664,3.0,-0.017,22.518,-0.003,-0.017,208.512,-0.016,-0.534
00:00:15.158,1572870389719,0.261,0.046,17.097,0.664,3.0,-0.017,22.523000000000003,-0.003,-0.017,208.887,-0.016,-0.534
00:00:15.159,1572870389720,0.261,0.046,17.097,0.664,3.0,-0.017,22.527,-0.003,-0.016,209.263,-0.015,-0.534
00:00:15.208,1572870389769,0.262,0.046,17.097,0.664,3.0,-0.017,22.532,-0.003,-0.016,209.638,-0.015,-0.534
00:00:15.209,1572870389770,0.261,0.046,17.097,0.664,3.0,-0.017,22.536,-0.003,-0.016,210.037,-0.014,-0.534
00:00:15.210,1572870389771,0.261,0.046,17.097,0.664,3.0,-0.017,22.54,-0.003,-0.016,210.389,-0.014,-0.534
00:00:15.261,1572870389822,0.261,0.046,17.097,0.664,3.0,-0.017,22.545,-0.003,-0.016,210.765,-0.013,-0.534
00:00:15.262,1572870389823,0.261,0.046,17.317,0.664,3.0,-0.017,22.549,-0.003,-0.016,211.164,-0.013,-0.534
00:00:15.263,1572870389824,0.261,0.046,17.317,0.664,3.0,-0.017,22.554,-0.003,-0.015,211.54,-0.012,-0.534
00:00:15.308,1572870389869,0.261,0.046,17.317,0.664,3.0,-0.017,22.558000000000003,-0.003,-0.015,211.916,-0.011,-0.534
00:00:15.309,1572870389870,0.263,0.046,17.317,0.664,3.0,-0.017,22.562,-0.003,-0.015,212.292,-0.011,-0.534
00:00:15.310,1572870389871,0.265,0.046,17.317,0.664,3.0,-0.017,22.567,-0.003,-0.015,212.645,-0.01,-0.534
00:00:15.359,1572870389920,0.267,0.046,17.317,0.664,3.0,-0.017,22.571,-0.003,-0.015,213.021,-0.01,-0.534
00:00:15.360,1572870389921,0.268,0.046,17.463,0.664,3.0,-0.017,22.575,-0.003,-0.015,213.397,-0.009000000000000001,-0.534
00:00:15.361,1572870389922,0.269,0.046,17.463,0.664,3.0,-0.017,22.58,-0.003,-0.015,213.797,-0.008,-0.534
00:00:15.409,1572870389970,0.27,0.046,17.463,0.664,3.0,-0.017,22.585,-0.003,-0.015,214.173,-0.006999999999999999,-0.534
00:00:15.410,1572870389971,0.272,0.046,17.463,0.664,3.0,-0.017,22.589,-0.003,-0.015,214.55,-0.006999999999999999,-0.534
00:00:15.411,1572870389972,0.273,0.046,17.463,0.664,3.0,-0.017,22.594,-0.003,-0.014,214.926,-0.006,-0.534
00:00:15.460,1572870390021,0.274,0.046,17.463,0.664,3.0,-0.017,22.59800000000001,-0.003,-0.014,215.303,-0.005,-0.534
00:00:15.461,1572870390022,0.274,0.046,17.61,0.664,3.0,-0.017,22.603,-0.003,-0.014,215.68,-0.005,-0.534
00:00:15.462,1572870390023,0.275,0.046,17.61,0.664,3.0,-0.017,22.608,-0.003,-0.014,216.056,-0.004,-0.534
00:00:15.511,1572870390072,0.276,0.046,17.61,0.664,3.0,-0.017,22.612,-0.003,-0.014,216.433,-0.003,-0.534
00:00:15.512,1572870390073,0.277,0.047,17.61,0.664,3.0,-0.017,22.617,-0.003,-0.014,216.81,-0.002,-0.534
00:00:15.513,1572870390074,0.278,0.046,17.61,0.664,3.0,-0.017,22.621,-0.003,-0.014,217.163,-0.002,-0.534
00:00:15.562,1572870390123,0.279,0.046,17.61,0.664,3.0,-0.017,22.626,-0.003,-0.014,217.564,-0.001,-0.534
00:00:15.563,1572870390124,0.28,0.046,17.61,0.664,3.0,-0.017,22.631,-0.003,-0.013,217.941,0.0,-0.534
00:00:15.564,1572870390125,0.28,0.046,17.61,0.664,3.0,-0.017,22.636,-0.003,-0.013,218.318,0.001,-0.534
00:00:15.565,1572870390126,0.28,0.045,17.61,0.664,3.0,-0.017,22.64,-0.003,-0.013,218.696,0.002,-0.534
00:00:15.613,1572870390174,0.28,0.045,17.61,0.664,3.0,-0.017,22.645,-0.003,-0.013,219.073,0.003,-0.534
00:00:15.614,1572870390175,0.28,0.044,17.61,0.664,3.0,-0.017,22.649,-0.003,-0.013,219.451,0.004,-0.534
00:00:15.615,1572870390176,0.28,0.044,17.61,0.664,3.0,-0.017,22.654,-0.003,-0.013,219.828,0.005,-0.534
00:00:15.662,1572870390223,0.279,0.043,17.61,0.664,3.0,-0.017,22.659,-0.003,-0.013,220.206,0.005,-0.534
00:00:15.663,1572870390224,0.279,0.042,17.61,0.664,3.0,-0.017,22.663,-0.004,-0.013,220.583,0.006,-0.534
00:00:15.664,1572870390225,0.279,0.041,17.61,0.664,3.0,-0.017,22.66800000000001,-0.004,-0.013,220.961,0.006999999999999999,-0.534
00:00:15.713,1572870390274,0.279,0.04,17.61,0.664,3.0,-0.017,22.673,-0.004,-0.013,221.33900000000003,0.008,-0.534
00:00:15.714,1572870390275,0.279,0.039,17.61,0.664,3.0,-0.017,22.677,-0.004,-0.013,221.717,0.009000000000000001,-0.534
00:00:15.715,1572870390276,0.278,0.037000000000000005,17.61,0.664,3.0,-0.017,22.682,-0.004,-0.013,222.095,0.01,-0.534
00:00:15.762,1572870390323,0.278,0.037000000000000005,17.61,0.664,3.0,-0.017,22.687,-0.004,-0.013,222.473,0.011,-0.534
00:00:15.763,1572870390324,0.278,0.036000000000000004,17.61,0.664,3.0,-0.016,22.691,-0.004,-0.013,222.851,0.012,-0.534
00:00:15.764,1572870390325,0.278,0.036000000000000004,17.61,0.664,3.0,-0.016,22.696,-0.004,-0.013,223.229,0.013,-0.534
00:00:15.813,1572870390374,0.278,0.035,17.61,0.664,3.0,-0.016,22.701,-0.004,-0.013,223.608,0.014,-0.534
00:00:15.814,1572870390375,0.278,0.035,17.61,0.664,3.0,-0.016,22.705,-0.003,-0.013,223.986,0.015,-0.534
00:00:15.815,1572870390376,0.278,0.035,17.61,0.664,3.0,-0.016,22.71,-0.003,-0.013,224.365,0.016,-0.534
00:00:15.863,1572870390424,0.278,0.034,17.61,0.664,3.0,-0.016,22.714,-0.003,-0.013,224.743,0.017,-0.534
00:00:15.864,1572870390425,0.277,0.033,17.61,0.664,3.0,-0.016,22.719,-0.003,-0.013,225.122,0.018000000000000002,-0.534
00:00:15.865,1572870390426,0.277,0.031,17.61,0.664,3.0,-0.015,22.724,-0.003,-0.013,225.5,0.019,-0.534
00:00:15.913,1572870390474,0.277,0.029,17.61,0.664,3.0,-0.015,22.728,-0.003,-0.013,225.879,0.02,-0.534
00:00:15.914,1572870390475,0.277,0.027000000000000003,17.61,0.664,3.0,-0.015,22.733,-0.003,-0.013,226.258,0.021,-0.534
00:00:15.915,1572870390476,0.277,0.024,17.61,0.664,3.0,-0.015,22.737,-0.003,-0.013,226.637,0.022,-0.534
00:00:15.971,1572870390532,0.277,0.022,17.756,0.664,3.0,-0.015,22.742,-0.003,-0.013,227.016,0.023,-0.534
00:00:15.972,1572870390533,0.277,0.019,17.756,0.664,3.0,-0.015,22.747,-0.003,-0.013,227.395,0.024,-0.534
00:00:15.973,1572870390534,0.277,0.016,17.756,0.664,3.0,-0.015,22.751,-0.003,-0.013,227.774,0.025,-0.534
00:00:16.023,1572870390584,0.278,0.014,17.756,0.664,3.0,-0.014,22.756,-0.003,-0.013,228.153,0.027000000000000003,-0.534
00:00:16.024,1572870390585,0.28,0.011,17.756,0.664,3.0,-0.014,22.761,-0.003,-0.013,228.533,0.028,-0.534
00:00:16.025,1572870390586,0.281,0.009000000000000001,17.756,0.664,3.0,-0.014,22.765,-0.003,-0.013,228.912,0.029,-0.534
00:00:16.073,1572870390634,0.282,0.008,17.756,0.664,3.0,-0.013,22.77,-0.003,-0.013,229.291,0.03,-0.534
00:00:16.074,1572870390635,0.282,0.006,17.756,0.664,3.0,-0.013,22.775,-0.003,-0.013,229.671,0.031,-0.534
00:00:16.075,1572870390636,0.282,0.005,17.756,0.664,3.0,-0.012,22.779,-0.003,-0.013,230.051,0.032,-0.534
00:00:16.123,1572870390684,0.282,0.004,17.756,0.664,3.0,-0.012,22.784,-0.002,-0.013,230.43,0.033,-0.534
00:00:16.124,1572870390685,0.282,0.004,17.756,0.664,3.0,-0.012,22.789,-0.002,-0.013,230.81,0.034,-0.534
00:00:16.125,1572870390686,0.282,0.003,17.756,0.664,3.0,-0.011,22.794,-0.002,-0.013,231.19,0.035,-0.534
00:00:16.181,1572870390742,0.282,0.003,17.756,0.664,3.0,-0.011,22.798,-0.002,-0.013,231.57,0.036000000000000004,-0.534
00:00:16.182,1572870390743,0.281,0.002,17.756,0.664,3.0,-0.01,22.803,-0.001,-0.013,231.95,0.037000000000000005,-0.534
00:00:16.183,1572870390744,0.281,0.001,17.756,0.664,3.0,-0.01,22.808000000000003,-0.001,-0.013,232.33,0.039,-0.534
00:00:16.227,1572870390788,0.281,0.001,17.756,0.664,3.0,-0.009000000000000001,22.812,-0.001,-0.013,232.71,0.04,-0.534
00:00:16.228,1572870390789,0.281,0.0,17.756,0.664,3.0,-0.009000000000000001,22.817,-0.001,-0.013,233.09,0.041,-0.534
00:00:16.229,1572870390790,0.28,-0.001,17.756,0.664,3.0,-0.009000000000000001,22.822,0.0,-0.013,233.471,0.042,-0.534
00:00:16.283,1572870390844,0.28,-0.002,17.976,0.664,3.0,-0.008,22.826,0.0,-0.013,233.851,0.043,-0.534
00:00:16.284,1572870390845,0.28,-0.003,17.976,0.664,3.0,-0.008,22.831,0.0,-0.013,234.232,0.044,-0.534
00:00:16.285,1572870390846,0.281,-0.003,17.976,0.664,3.0,-0.006999999999999999,22.836,0.0,-0.013,234.612,0.045,-0.534
00:00:16.286,1572870390847,0.28300000000000003,-0.004,17.976,0.664,3.0,-0.006999999999999999,22.84,0.001,-0.013,234.993,0.046,-0.534
00:00:16.342,1572870390903,0.285,-0.004,17.976,0.664,3.0,-0.006999999999999999,22.845,0.001,-0.013,235.373,0.047,-0.534
00:00:16.343,1572870390904,0.287,-0.005,17.976,0.664,3.0,-0.006,22.85,0.001,-0.013,235.754,0.048,-0.534
00:00:16.344,1572870390905,0.28800000000000003,-0.005,18.123,0.664,3.0,-0.006,22.855,0.001,-0.013,236.135,0.049,-0.534
00:00:16.384,1572870390945,0.289,-0.005,18.123,0.664,3.0,-0.006,22.86,0.001,-0.013,236.516,0.051,-0.534
00:00:16.385,1572870390946,0.29,-0.005,18.123,0.664,3.0,-0.005,22.865,0.001,-0.013,236.897,0.052000000000000005,-0.534
00:00:16.386,1572870390947,0.29100000000000004,-0.005,18.123,0.664,3.0,-0.005,22.869,0.001,-0.013,237.278,0.053,-0.534
00:00:16.435,1572870390996,0.293,-0.005,18.123,0.664,3.0,-0.005,22.874,0.001,-0.013,237.659,0.054000000000000006,-0.534
00:00:16.436,1572870390997,0.294,-0.005,18.123,0.664,3.0,-0.005,22.879,0.001,-0.013,238.041,0.055,-0.534
00:00:16.437,1572870390998,0.294,-0.005,18.269,0.664,3.0,-0.004,22.884,0.001,-0.012,238.422,0.056,-0.534
00:00:16.484,1572870391045,0.295,-0.005,18.269,0.664,3.0,-0.004,22.889,0.001,-0.012,238.803,0.057,-0.534
00:00:16.485,1572870391046,0.295,-0.005,18.269,0.664,3.0,-0.004,22.894,0.001,-0.012,239.185,0.058,-0.534
00:00:16.486,1572870391047,0.29600000000000004,-0.006,18.269,0.664,3.0,-0.004,22.899,0.001,-0.012,239.567,0.059,-0.534
00:00:16.534,1572870391095,0.298,-0.006,18.269,0.664,3.0,-0.003,22.904,0.001,-0.012,239.948,0.06,-0.534
00:00:16.535,1572870391096,0.299,-0.006,18.269,0.664,3.0,-0.003,22.909,0.001,-0.012,240.33,0.061,-0.534
00:00:16.536,1572870391097,0.299,-0.006999999999999999,18.489,0.664,3.0,-0.003,22.914,0.001,-0.011,240.712,0.062,-0.534
00:00:16.595,1572870391156,0.3,-0.006999999999999999,18.489,0.664,3.0,-0.003,22.919,0.001,-0.011,241.094,0.063,-0.534
00:00:16.596,1572870391157,0.301,-0.008,18.489,0.664,3.0,-0.003,22.924,0.001,-0.011,241.476,0.065,-0.534
00:00:16.597,1572870391158,0.303,-0.009000000000000001,18.489,0.664,3.0,-0.003,22.929,0.001,-0.011,241.858,0.066,-0.534
00:00:16.641,1572870391202,0.305,-0.01,18.489,0.664,3.0,-0.002,22.934,0.001,-0.011,242.24,0.067,-0.534
00:00:16.642,1572870391203,0.307,-0.011,18.489,0.664,3.0,-0.002,22.939,0.0,-0.011,242.622,0.068,-0.534
00:00:16.643,1572870391204,0.308,-0.011,18.635,0.664,3.0,-0.002,22.94400000000001,0.0,-0.01,243.005,0.069,-0.534
00:00:16.692,1572870391253,0.309,-0.012,18.635,0.664,3.0,-0.002,22.95,0.0,-0.01,243.387,0.07,-0.534
00:00:16.693,1572870391254,0.31,-0.013,18.635,0.664,3.0,-0.002,22.955,0.0,-0.01,243.77,0.071,-0.534
00:00:16.694,1572870391255,0.311,-0.013,18.635,0.664,3.0,-0.001,22.96,0.0,-0.01,244.152,0.07200000000000001,-0.534
00:00:16.743,1572870391304,0.312,-0.014,18.635,0.664,3.0,-0.001,22.965,0.0,-0.009000000000000001,244.535,0.073,-0.534
00:00:16.744,1572870391305,0.313,-0.014,18.635,0.664,3.0,-0.001,22.97,0.0,-0.009000000000000001,244.918,0.07400000000000001,-0.534
00:00:16.745,1572870391306,0.314,-0.015,19.148,0.664,3.0,-0.001,22.976,0.0,-0.009000000000000001,245.301,0.075,-0.534
00:00:16.794,1572870391355,0.315,-0.015,19.148,0.664,3.0,0.0,22.981,0.0,-0.009000000000000001,245.68400000000003,0.076,-0.534
00:00:16.795,1572870391356,0.317,-0.015,19.148,0.664,3.0,0.0,22.986,0.0,-0.009000000000000001,246.067,0.077,-0.534
00:00:16.796,1572870391357,0.321,-0.015,19.148,0.664,3.0,0.0,22.992,0.0,-0.008,246.45,0.078,-0.534
00:00:16.850,1572870391411,0.326,-0.015,19.148,0.664,3.0,0.001,22.997,0.001,-0.008,246.833,0.079,-0.534
00:00:16.851,1572870391412,0.331,-0.016,19.148,0.664,3.0,0.001,23.003,0.001,-0.008,247.217,0.08,-0.534
00:00:16.852,1572870391413,0.334,-0.016,19.441,0.664,3.0,0.001,23.00800000000001,0.001,-0.008,247.6,0.081,-0.534
00:00:16.895,1572870391456,0.337,-0.016,19.441,0.664,3.0,0.001,23.014,0.001,-0.006999999999999999,247.983,0.08199999999999999,-0.534
00:00:16.896,1572870391457,0.339,-0.017,19.441,0.664,3.0,0.001,23.02,0.001,-0.006999999999999999,248.367,0.083,-0.534
00:00:16.897,1572870391458,0.342,-0.017,19.441,0.664,3.0,0.002,23.025,0.001,-0.006999999999999999,248.751,0.084,-0.534
00:00:16.898,1572870391459,0.344,-0.018000000000000002,19.441,0.664,3.0,0.002,23.031,0.001,-0.006,249.135,0.085,-0.534
00:00:16.946,1572870391507,0.34700000000000003,-0.018000000000000002,19.441,0.664,3.0,0.002,23.037,0.001,-0.006,249.518,0.086,-0.534
00:00:16.947,1572870391508,0.348,-0.019,20.32,0.664,3.0,0.002,23.04300000000001,0.002,-0.005,249.902,0.087,-0.534
00:00:16.948,1572870391509,0.35,-0.02,20.32,0.664,3.0,0.003,23.049,0.002,-0.005,250.287,0.08800000000000001,-0.534
00:00:16.999,1572870391560,0.353,-0.02,20.32,0.664,3.0,0.003,23.055,0.002,-0.005,250.671,0.08900000000000001,-0.534
00:00:17.000,1572870391561,0.359,-0.021,20.32,0.664,3.0,0.003,23.061,0.002,-0.004,251.055,0.09,-0.534
00:00:17.001,1572870391562,0.365,-0.021,20.32,0.664,3.0,0.003,23.067,0.002,-0.004,251.439,0.091,-0.534
00:00:17.059,1572870391620,0.37,-0.022,20.32,0.664,3.0,0.003,23.072,0.002,-0.003,251.776,0.092,-0.534
00:00:17.060,1572870391621,0.375,-0.022,21.126,0.664,3.0,0.003,23.079,0.002,-0.003,252.16,0.093,-0.534
00:00:17.061,1572870391622,0.378,-0.022,21.126,0.664,3.0,0.004,23.085,0.002,-0.002,252.545,0.094,-0.534
00:00:17.108,1572870391669,0.381,-0.022,21.126,0.664,3.0,0.004,23.091,0.002,-0.002,252.93,0.095,-0.534
00:00:17.109,1572870391670,0.383,-0.022,21.126,0.664,3.0,0.004,23.09800000000001,0.002,-0.001,253.315,0.096,-0.534
00:00:17.110,1572870391671,0.386,-0.022,21.126,0.664,3.0,0.004,23.104,0.002,-0.001,253.7,0.097,-0.534
00:00:17.150,1572870391711,0.387,-0.022,21.126,0.664,3.0,0.004,23.111,0.002,0.0,254.085,0.098,-0.534
00:00:17.151,1572870391712,0.389,-0.022,21.931,0.664,3.0,0.004,23.117,0.002,0.0,254.47,0.099,-0.534
00:00:17.152,1572870391713,0.39,-0.022,21.931,0.664,3.0,0.005,23.124,0.002,0.001,254.856,0.099,-0.534
00:00:17.198,1572870391759,0.391,-0.022,21.931,0.664,3.0,0.005,23.13,0.002,0.001,255.241,0.1,-0.534
00:00:17.199,1572870391760,0.393,-0.021,21.931,0.664,3.0,0.005,23.137,0.002,0.002,255.627,0.101,-0.534
00:00:17.200,1572870391761,0.395,-0.021,21.931,0.664,3.0,0.005,23.143,0.002,0.002,256.012,0.102,-0.534
00:00:17.261,1572870391822,0.398,-0.021,21.931,0.664,3.0,0.005,23.15,0.002,0.003,256.398,0.103,-0.534
00:00:17.262,1572870391823,0.399,-0.021,22.81,0.664,3.0,0.005,23.157,0.002,0.003,256.784,0.104,-0.534
00:00:17.263,1572870391824,0.401,-0.021,22.81,0.664,3.0,0.005,23.163,0.002,0.004,257.17,0.105,-0.534
00:00:17.306,1572870391867,0.402,-0.021,22.81,0.664,3.0,0.005,23.17,0.002,0.004,257.556,0.106,-0.534
00:00:17.307,1572870391868,0.405,-0.02,22.81,0.664,3.0,0.006,23.177,0.002,0.004,257.942,0.107,-0.534
00:00:17.308,1572870391869,0.408,-0.02,22.81,0.664,3.0,0.006,23.184,0.002,0.005,258.329,0.107,-0.534
00:00:17.356,1572870391917,0.41,-0.02,22.81,0.664,3.0,0.006,23.191,0.002,0.005,258.715,0.108,-0.534
00:00:17.357,1572870391918,0.412,-0.019,23.323,0.664,3.0,0.006,23.198,0.002,0.005,259.10200000000003,0.109,-0.534
00:00:17.358,1572870391919,0.414,-0.019,23.323,0.664,3.0,0.006,23.204,0.002,0.006,259.488,0.11,-0.534
00:00:17.406,1572870391967,0.415,-0.018000000000000002,23.323,0.664,3.0,0.006,23.211,0.002,0.006,259.875,0.111,-0.534
00:00:17.407,1572870391968,0.416,-0.017,23.323,0.664,3.0,0.006,23.218000000000004,0.002,0.006,260.262,0.112,-0.534
00:00:17.408,1572870391969,0.418,-0.016,23.323,0.664,3.0,0.006,23.225,0.002,0.006,260.649,0.112,-0.534
00:00:17.458,1572870392019,0.419,-0.015,23.323,0.664,3.0,0.006,23.232,0.002,0.006,261.036,0.113,-0.534
00:00:17.459,1572870392020,0.42,-0.014,23.469,0.664,3.0,0.006,23.239,0.002,0.006999999999999999,261.423,0.114,-0.534
00:00:17.460,1572870392021,0.421,-0.013,23.469,0.664,3.0,0.006,23.246,0.002,0.006999999999999999,261.811,0.115,-0.534
00:00:17.508,1572870392069,0.421,-0.011,23.469,0.664,3.0,0.006,23.253,0.002,0.006999999999999999,262.198,0.116,-0.534
00:00:17.509,1572870392070,0.421,-0.009000000000000001,23.469,0.664,3.0,0.006,23.26,0.002,0.006999999999999999,262.586,0.117,-0.534
00:00:17.510,1572870392071,0.422,-0.006999999999999999,23.469,0.664,3.0,0.006,23.267,0.002,0.006999999999999999,262.974,0.117,-0.534
00:00:17.558,1572870392119,0.422,-0.005,23.469,0.664,3.0,0.006,23.274,0.002,0.006999999999999999,263.361,0.118,-0.534
00:00:17.559,1572870392120,0.422,-0.003,23.616,0.664,3.0,0.006,23.282,0.002,0.006999999999999999,263.749,0.119,-0.534
00:00:17.560,1572870392121,0.422,-0.001,23.616,0.664,3.0,0.006,23.289,0.002,0.006999999999999999,264.138,0.12,-0.534
00:00:17.609,1572870392170,0.422,0.0,23.616,0.664,3.0,0.006,23.296,0.002,0.006999999999999999,264.526,0.121,-0.534
00:00:17.610,1572870392171,0.422,0.002,23.616,0.664,3.0,0.006,23.303,0.002,0.006999999999999999,264.914,0.121,-0.534
00:00:17.611,1572870392172,0.422,0.002,23.616,0.664,3.0,0.005,23.31,0.002,0.006999999999999999,265.302,0.122,-0.534
00:00:17.660,1572870392221,0.423,0.003,23.616,0.664,3.0,0.005,23.317,0.002,0.006999999999999999,265.691,0.123,-0.534
00:00:17.661,1572870392222,0.423,0.003,23.616,0.664,3.0,0.005,23.324,0.002,0.006999999999999999,266.08,0.124,-0.534
00:00:17.662,1572870392223,0.423,0.003,23.616,0.664,3.0,0.004,23.331,0.001,0.006999999999999999,266.468,0.125,-0.534
00:00:17.710,1572870392271,0.423,0.003,23.616,0.664,3.0,0.004,23.337,0.001,0.006999999999999999,266.784,0.125,-0.534
00:00:17.711,1572870392272,0.423,0.003,23.616,0.664,3.0,0.004,23.344,0.001,0.006999999999999999,267.173,0.126,-0.534
00:00:17.712,1572870392273,0.422,0.003,23.616,0.664,3.0,0.004,23.351,0.001,0.006999999999999999,267.563,0.127,-0.534
00:00:17.768,1572870392329,0.422,0.003,23.616,0.664,3.0,0.003,23.358,0.0,0.006999999999999999,267.952,0.128,-0.534
00:00:17.769,1572870392330,0.422,0.004,23.616,0.664,3.0,0.003,23.365,0.0,0.006999999999999999,268.341,0.129,-0.534
00:00:17.770,1572870392331,0.421,0.005,23.982,0.664,3.0,0.003,23.372,0.0,0.006999999999999999,268.731,0.13,-0.534
00:00:17.816,1572870392377,0.422,0.005,23.982,0.664,3.0,0.003,23.379,0.0,0.006999999999999999,269.12,0.13,-0.534
00:00:17.817,1572870392378,0.422,0.006,23.982,0.664,3.0,0.003,23.386,-0.001,0.006999999999999999,269.51,0.131,-0.534
00:00:17.818,1572870392379,0.424,0.006999999999999999,23.982,0.664,3.0,0.002,23.393,-0.001,0.006999999999999999,269.9,0.132,-0.534
00:00:17.861,1572870392422,0.425,0.008,23.982,0.664,3.0,0.002,23.4,-0.001,0.006999999999999999,270.29,0.133,-0.534
00:00:17.862,1572870392423,0.426,0.008,23.982,0.664,3.0,0.002,23.407,-0.001,0.006999999999999999,270.68,0.134,-0.534
00:00:17.863,1572870392424,0.426,0.008,23.982,0.664,3.0,0.002,23.414,-0.001,0.006999999999999999,271.07,0.135,-0.534
00:00:17.911,1572870392472,0.426,0.008,23.982,0.664,3.0,0.002,23.421,-0.001,0.006999999999999999,271.46,0.135,-0.534
00:00:17.912,1572870392473,0.426,0.006999999999999999,23.982,0.664,3.0,0.001,23.428,-0.002,0.006999999999999999,271.851,0.136,-0.534
00:00:17.913,1572870392474,0.426,0.006,23.982,0.664,3.0,0.001,23.435,-0.002,0.006999999999999999,272.241,0.13699999999999998,-0.534
00:00:17.961,1572870392522,0.426,0.005,23.982,0.664,3.0,0.001,23.443,-0.002,0.006999999999999999,272.632,0.138,-0.534
00:00:17.962,1572870392523,0.425,0.003,23.982,0.664,3.0,0.001,23.45,-0.002,0.006999999999999999,273.023,0.139,-0.534
00:00:17.963,1572870392524,0.425,0.002,24.129,0.664,3.0,0.0,23.457,-0.002,0.006999999999999999,273.413,0.14,-0.534
00:00:18.011,1572870392572,0.425,0.0,24.129,0.664,3.0,0.0,23.464,-0.002,0.006999999999999999,273.80400000000003,0.14,-0.534
00:00:18.012,1572870392573,0.425,-0.002,24.129,0.664,3.0,0.0,23.471,-0.002,0.006999999999999999,274.196,0.141,-0.534
00:00:18.013,1572870392574,0.425,-0.004,24.129,0.664,3.0,0.0,23.478,-0.002,0.006999999999999999,274.587,0.142,-0.534
00:00:18.067,1572870392628,0.426,-0.006,24.129,0.664,3.0,0.0,23.485,-0.002,0.006999999999999999,274.978,0.14300000000000002,-0.534
00:00:18.068,1572870392629,0.426,-0.008,24.129,0.664,3.0,0.0,23.492,-0.002,0.006999999999999999,275.37,0.14400000000000002,-0.534
00:00:18.069,1572870392630,0.426,-0.011,24.129,0.664,3.0,0.0,23.499,-0.002,0.006999999999999999,275.761,0.145,-0.534
00:00:18.070,1572870392631,0.426,-0.013,24.129,0.664,3.0,0.0,23.506,-0.002,0.006999999999999999,276.153,0.146,-0.534
00:00:18.121,1572870392682,0.426,-0.015,24.129,0.664,3.0,0.0,23.513,-0.002,0.006999999999999999,276.545,0.146,-0.534
00:00:18.122,1572870392683,0.426,-0.017,24.129,0.664,3.0,0.001,23.521,-0.002,0.006999999999999999,276.937,0.147,-0.534
00:00:18.123,1572870392684,0.425,-0.019,24.129,0.664,3.0,0.001,23.528,-0.001,0.006999999999999999,277.329,0.14800000000000002,-0.534
00:00:18.163,1572870392724,0.425,-0.021,24.129,0.664,3.0,0.001,23.535,-0.001,0.006999999999999999,277.721,0.149,-0.534
00:00:18.164,1572870392725,0.425,-0.022,24.129,0.664,3.0,0.001,23.542,-0.001,0.006999999999999999,278.113,0.15,-0.534
00:00:18.165,1572870392726,0.424,-0.025,24.129,0.664,3.0,0.002,23.549,-0.001,0.006999999999999999,278.506,0.151,-0.534
00:00:18.220,1572870392781,0.424,-0.027000000000000003,24.129,0.664,3.0,0.002,23.556,0.0,0.006999999999999999,278.898,0.151,-0.534
00:00:18.221,1572870392782,0.424,-0.03,24.129,0.664,3.0,0.002,23.563,0.0,0.006999999999999999,279.291,0.152,-0.534
00:00:18.222,1572870392783,0.423,-0.033,24.129,0.664,3.0,0.002,23.57,0.0,0.006999999999999999,279.684,0.153,-0.534
00:00:18.268,1572870392829,0.423,-0.036000000000000004,24.129,0.664,3.0,0.003,23.577,0.001,0.006999999999999999,280.077,0.154,-0.534
00:00:18.269,1572870392830,0.423,-0.039,24.129,0.664,3.0,0.003,23.585,0.001,0.006999999999999999,280.494,0.154,-0.534
00:00:18.270,1572870392831,0.423,-0.042,24.129,0.664,3.0,0.004,23.591,0.001,0.006999999999999999,280.863,0.155,-0.534
00:00:18.318,1572870392879,0.422,-0.044,24.129,0.664,3.0,0.004,23.59800000000001,0.002,0.006999999999999999,281.256,0.156,-0.534
00:00:18.319,1572870392880,0.422,-0.046,24.129,0.664,3.0,0.005,23.606,0.002,0.006999999999999999,281.6740000000001,0.157,-0.534
00:00:18.320,1572870392881,0.422,-0.047,24.129,0.664,3.0,0.005,23.612,0.003,0.006999999999999999,282.043,0.157,-0.534
00:00:18.374,1572870392935,0.422,-0.048,24.129,0.664,3.0,0.006,23.619,0.003,0.006999999999999999,282.436,0.158,-0.534
00:00:18.375,1572870392936,0.422,-0.049,24.129,0.664,3.0,0.006,23.626,0.003,0.006999999999999999,282.83,0.159,-0.534
00:00:18.376,1572870392937,0.421,-0.05,24.129,0.664,3.0,0.006999999999999999,23.63300000000001,0.004,0.006999999999999999,283.224,0.159,-0.534
00:00:18.422,1572870392983,0.421,-0.051,24.129,0.664,3.0,0.006999999999999999,23.64,0.004,0.006999999999999999,283.618,0.16,-0.534
00:00:18.423,1572870392984,0.421,-0.051,24.129,0.664,3.0,0.008,23.648000000000003,0.004,0.006999999999999999,284.0370000000001,0.161,-0.534
00:00:18.424,1572870392985,0.421,-0.051,24.129,0.664,3.0,0.008,23.654,0.005,0.006999999999999999,284.406,0.161,-0.534
00:00:18.469,1572870393030,0.42,-0.051,24.129,0.664,3.0,0.009000000000000001,23.661,0.005,0.006999999999999999,284.8,0.162,-0.534
00:00:18.470,1572870393031,0.42,-0.051,24.129,0.664,3.0,0.009000000000000001,23.66800000000001,0.005,0.006999999999999999,285.195,0.163,-0.534
00:00:18.471,1572870393032,0.42,-0.05,24.129,0.664,3.0,0.01,23.675,0.006,0.006,285.589,0.163,-0.534
00:00:18.520,1572870393081,0.42,-0.05,24.129,0.664,3.0,0.01,23.682,0.006,0.006,285.9840000000001,0.16399999999999998,-0.534
00:00:18.521,1572870393082,0.42,-0.049,24.129,0.664,3.0,0.011,23.689,0.006,0.006,286.379,0.16399999999999998,-0.534
00:00:18.522,1572870393083,0.419,-0.048,24.129,0.664,3.0,0.011,23.696,0.006,0.006,286.774,0.165,-0.534
00:00:18.571,1572870393132,0.419,-0.047,24.129,0.664,3.0,0.011,23.70300000000001,0.006,0.006,287.1690000000001,0.165,-0.534
00:00:18.572,1572870393133,0.419,-0.046,24.129,0.664,3.0,0.012,23.71,0.006,0.006,287.564,0.166,-0.534
00:00:18.573,1572870393134,0.419,-0.044,24.129,0.664,3.0,0.012,23.717,0.006,0.006,287.959,0.166,-0.534
00:00:18.623,1572870393184,0.418,-0.041,24.129,0.664,3.0,0.012,23.724,0.006,0.006,288.3540000000001,0.16699999999999998,-0.534
00:00:18.624,1572870393185,0.418,-0.039,24.129,0.664,3.0,0.012,23.732,0.006,0.006,288.774,0.16699999999999998,-0.534
00:00:18.625,1572870393186,0.418,-0.036000000000000004,24.129,0.664,3.0,0.013,23.738000000000003,0.006,0.006,289.145,0.168,-0.534
00:00:18.675,1572870393236,0.418,-0.034,24.129,0.664,3.0,0.013,23.745,0.006,0.006,289.541,0.168,-0.534
00:00:18.676,1572870393237,0.418,-0.031,24.129,0.664,3.0,0.013,23.752,0.006,0.006,289.937,0.16899999999999998,-0.534
00:00:18.677,1572870393238,0.417,-0.028,24.129,0.664,3.0,0.013,23.759,0.005,0.006,290.333,0.16899999999999998,-0.534
00:00:18.743,1572870393304,0.417,-0.026,24.129,0.664,3.0,0.013,23.766,0.005,0.006,290.7290000000001,0.17,-0.534
00:00:18.744,1572870393305,0.417,-0.024,24.129,0.664,3.0,0.013,23.773000000000003,0.005,0.006,291.125,0.17,-0.534
00:00:18.745,1572870393306,0.417,-0.022,24.129,0.664,3.0,0.012,23.78,0.005,0.006,291.521,0.171,-0.534
00:00:18.746,1572870393307,0.416,-0.02,24.129,0.664,3.0,0.012,23.787,0.004,0.006,291.918,0.171,-0.534
00:00:18.787,1572870393348,0.416,-0.018000000000000002,24.129,0.664,3.0,0.012,23.799,0.004,0.006,292.636,0.172,-0.534
00:00:18.788,1572870393349,0.416,-0.017,24.129,0.664,3.0,0.012,23.801,0.004,0.006,292.735,0.172,-0.534
00:00:18.789,1572870393350,0.416,-0.016,24.129,0.664,3.0,0.011,23.808000000000003,0.003,0.006,293.107,0.172,-0.534
00:00:18.834,1572870393395,0.416,-0.015,24.129,0.664,3.0,0.011,23.815,0.003,0.006,293.529,0.173,-0.534
00:00:18.835,1572870393396,0.415,-0.013,24.129,0.664,3.0,0.011,23.821,0.003,0.006,293.901,0.173,-0.534
00:00:18.836,1572870393397,0.415,-0.012,24.129,0.664,3.0,0.011,23.82800000000001,0.002,0.006,294.298,0.173,-0.534
00:00:18.893,1572870393454,0.415,-0.011,24.129,0.664,3.0,0.01,23.835,0.002,0.006,294.696,0.174,-0.534
00:00:18.894,1572870393455,0.415,-0.009000000000000001,24.129,0.664,3.0,0.01,23.842,0.002,0.006,295.093,0.174,-0.534
00:00:18.895,1572870393456,0.414,-0.008,24.129,0.664,3.0,0.01,23.849,0.001,0.006,295.49,0.175,-0.534
00:00:18.943,1572870393504,0.414,-0.006999999999999999,24.129,0.664,3.0,0.01,23.856,0.001,0.006,295.913,0.175,-0.534
00:00:18.944,1572870393505,0.414,-0.006,24.129,0.664,3.0,0.009000000000000001,23.863000000000003,0.001,0.006,296.285,0.175,-0.534
00:00:18.945,1572870393506,0.414,-0.005,24.129,0.664,3.0,0.009000000000000001,23.87,0.0,0.006,296.683,0.17600000000000002,-0.534
00:00:18.996,1572870393557,0.413,-0.004,24.129,0.664,3.0,0.009000000000000001,23.877,0.0,0.006,297.106,0.17600000000000002,-0.534
00:00:18.997,1572870393558,0.413,-0.003,24.129,0.664,3.0,0.008,23.88300000000001,0.0,0.006,297.4790000000001,0.177,-0.534
00:00:18.998,1572870393559,0.413,-0.003,24.129,0.664,3.0,0.008,23.89,0.0,0.005,297.877,0.177,-0.534
00:00:19.044,1572870393605,0.413,-0.003,24.129,0.664,3.0,0.008,23.898000000000003,0.0,0.005,298.3,0.177,-0.534
00:00:19.045,1572870393606,0.412,-0.003,24.129,0.664,3.0,0.008,23.904,-0.001,0.005,298.6740000000001,0.17800000000000002,-0.534
00:00:19.046,1572870393607,0.412,-0.003,24.129,0.664,3.0,0.006999999999999999,23.911,-0.001,0.005,299.072,0.17800000000000002,-0.534
00:00:19.098,1572870393659,0.412,-0.003,24.129,0.664,3.0,0.006999999999999999,23.91800000000001,-0.001,0.005,299.496,0.179,-0.534
00:00:19.099,1572870393660,0.412,-0.002,24.129,0.664,3.0,0.006999999999999999,23.925,-0.001,0.005,299.87,0.179,-0.534
00:00:19.100,1572870393661,0.411,-0.002,24.129,0.664,3.0,0.006999999999999999,23.932,-0.001,0.005,300.268,0.179,-0.534
00:00:19.144,1572870393705,0.411,-0.003,24.129,0.664,3.0,0.006,23.939,-0.001,0.005,300.692,0.18,-0.534
00:00:19.145,1572870393706,0.411,-0.003,24.129,0.664,3.0,0.006,23.945,-0.001,0.005,301.066,0.18,-0.534
00:00:19.146,1572870393707,0.411,-0.003,24.129,0.664,3.0,0.006,23.952,-0.001,0.005,301.465,0.181,-0.534
00:00:19.195,1572870393756,0.411,-0.003,24.129,0.664,3.0,0.006,23.959,-0.001,0.005,301.89,0.181,-0.534
00:00:19.196,1572870393757,0.41,-0.004,24.129,0.664,3.0,0.006,23.966,-0.001,0.005,302.264,0.181,-0.534
00:00:19.197,1572870393758,0.41,-0.004,24.129,0.664,3.0,0.005,23.97300000000001,-0.001,0.005,302.664,0.182,-0.534
00:00:19.245,1572870393806,0.41,-0.004,24.129,0.664,3.0,0.005,23.98,-0.001,0.005,303.088,0.182,-0.534
00:00:19.246,1572870393807,0.41,-0.005,24.129,0.664,3.0,0.005,23.987,0.0,0.005,303.488,0.182,-0.534
00:00:19.247,1572870393808,0.409,-0.005,24.129,0.664,3.0,0.005,23.993,0.0,0.005,303.863,0.183,-0.534
00:00:19.296,1572870393857,0.409,-0.006,24.129,0.664,3.0,0.005,24.0,0.0,0.005,304.288,0.183,-0.534
00:00:19.297,1572870393858,0.409,-0.006999999999999999,24.129,0.664,3.0,0.005,24.007,0.0,0.005,304.663,0.184,-0.534
00:00:19.298,1572870393859,0.409,-0.006999999999999999,24.129,0.664,3.0,0.005,24.014,0.0,0.005,305.088,0.184,-0.534
00:00:19.299,1572870393860,0.408,-0.008,24.129,0.664,3.0,0.005,24.021,0.0,0.005,305.488,0.184,-0.534
00:00:19.347,1572870393908,0.408,-0.008,24.129,0.664,3.0,0.005,24.027,0.0,0.005,305.889,0.185,-0.534
00:00:19.348,1572870393909,0.408,-0.009000000000000001,24.129,0.664,3.0,0.005,24.034,0.0,0.005,306.289,0.185,-0.534
00:00:19.349,1572870393910,0.408,-0.01,24.129,0.664,3.0,0.004,24.041,0.0,0.005,306.665,0.185,-0.534
00:00:19.398,1572870393959,0.407,-0.01,24.129,0.664,3.0,0.004,24.048,0.001,0.005,307.09,0.18600000000000005,-0.534
00:00:19.399,1572870393960,0.407,-0.011,24.129,0.664,3.0,0.004,24.055,0.001,0.005,307.491,0.18600000000000005,-0.534
00:00:19.400,1572870393961,0.407,-0.011,24.129,0.664,3.0,0.004,24.061,0.001,0.005,307.867,0.187,-0.534
00:00:19.448,1572870394009,0.407,-0.012,24.129,0.664,3.0,0.004,24.068,0.001,0.005,308.293,0.187,-0.534
00:00:19.449,1572870394010,0.407,-0.013,24.129,0.664,3.0,0.004,24.075,0.001,0.005,308.694,0.187,-0.534
00:00:19.450,1572870394011,0.406,-0.014,24.129,0.664,3.0,0.004,24.082,0.001,0.005,309.096,0.188,-0.534
00:00:19.498,1572870394059,0.406,-0.014,24.129,0.664,3.0,0.005,24.089,0.001,0.005,309.497,0.188,-0.534
00:00:19.499,1572870394060,0.406,-0.015,24.129,0.664,3.0,0.005,24.095,0.001,0.005,309.899,0.188,-0.534
00:00:19.500,1572870394061,0.406,-0.016,24.129,0.664,3.0,0.005,24.102,0.001,0.005,310.3,0.189,-0.534
00:00:19.549,1572870394110,0.405,-0.016,24.129,0.664,3.0,0.005,24.109,0.001,0.005,310.702,0.189,-0.534
00:00:19.550,1572870394111,0.405,-0.017,24.129,0.664,3.0,0.005,24.116,0.002,0.005,311.1040000000001,0.189,-0.534
00:00:19.551,1572870394112,0.405,-0.017,24.129,0.664,3.0,0.005,24.122,0.002,0.005,311.506,0.19,-0.534
00:00:19.613,1572870394174,0.405,-0.017,24.129,0.664,3.0,0.005,24.129,0.002,0.004,311.908,0.19,-0.534
00:00:19.614,1572870394175,0.405,-0.017,24.129,0.664,3.0,0.005,24.136,0.002,0.004,312.31,0.19,-0.534
00:00:19.615,1572870394176,0.404,-0.018000000000000002,24.129,0.664,3.0,0.005,24.142,0.002,0.004,312.713,0.191,-0.534
00:00:19.616,1572870394177,0.404,-0.018000000000000002,24.129,0.664,3.0,0.005,24.149,0.002,0.004,313.115,0.191,-0.534
00:00:19.663,1572870394224,0.404,-0.018000000000000002,24.129,0.664,3.0,0.005,24.156,0.002,0.004,313.518,0.191,-0.534
00:00:19.664,1572870394225,0.404,-0.018000000000000002,24.129,0.664,3.0,0.005,24.163,0.002,0.004,313.92,0.191,-0.534
00:00:19.665,1572870394226,0.403,-0.018000000000000002,24.129,0.664,3.0,0.005,24.169,0.002,0.004,314.323,0.192,-0.534
00:00:19.714,1572870394275,0.403,-0.019,24.129,0.664,3.0,0.005,24.176,0.002,0.004,314.726,0.192,-0.534
00:00:19.715,1572870394276,0.403,-0.019,24.129,0.664,3.0,0.005,24.183000000000003,0.002,0.004,315.129,0.192,-0.534
00:00:19.716,1572870394277,0.403,-0.019,24.129,0.664,3.0,0.005,24.19,0.002,0.004,315.532,0.193,-0.534
00:00:19.768,1572870394329,0.403,-0.019,24.275,0.664,3.0,0.006,24.196,0.002,0.004,315.935,0.193,-0.534
00:00:19.769,1572870394330,0.402,-0.019,24.275,0.664,3.0,0.006,24.20300000000001,0.002,0.004,316.339,0.193,-0.534
00:00:19.770,1572870394331,0.402,-0.019,24.275,0.664,3.0,0.006,24.21,0.002,0.004,316.742,0.193,-0.534
00:00:19.817,1572870394378,0.403,-0.018000000000000002,24.275,0.664,3.0,0.006,24.216,0.002,0.004,317.145,0.194,-0.534
00:00:19.818,1572870394379,0.403,-0.018000000000000002,24.275,0.664,3.0,0.006,24.22300000000001,0.002,0.004,317.5490000000001,0.194,-0.534
00:00:19.819,1572870394380,0.403,-0.018000000000000002,24.275,0.664,3.0,0.006,24.23,0.002,0.004,317.953,0.194,-0.534
00:00:19.865,1572870394426,0.403,-0.017,24.129,0.664,3.0,0.006,24.237,0.002,0.004,318.357,0.194,-0.534
00:00:19.866,1572870394427,0.404,-0.017,24.129,0.664,3.0,0.006,24.243,0.002,0.004,318.761,0.194,-0.534
00:00:19.867,1572870394428,0.403,-0.016,24.129,0.664,3.0,0.006,24.25,0.002,0.004,319.165,0.195,-0.534
00:00:19.916,1572870394477,0.403,-0.016,24.129,0.664,3.0,0.006,24.257,0.002,0.004,319.569,0.195,-0.534
00:00:19.917,1572870394478,0.402,-0.015,24.129,0.664,3.0,0.006,24.263,0.002,0.004,319.973,0.195,-0.534
00:00:19.918,1572870394479,0.401,-0.015,24.129,0.664,3.0,0.006,24.27,0.002,0.004,320.378,0.195,-0.534
00:00:19.970,1572870394531,0.4,-0.014,21.126,0.664,3.0,0.006,24.277,0.002,0.004,320.782,0.196,-0.534
00:00:19.971,1572870394532,0.399,-0.014,21.126,0.664,3.0,0.006,24.283,0.002,0.004,321.187,0.196,-0.534
00:00:19.972,1572870394533,0.395,-0.013,21.126,0.664,3.0,0.006,24.29,0.002,0.004,321.592,0.196,-0.534
00:00:20.021,1572870394582,0.385,-0.012,21.126,0.664,3.0,0.006,24.296,0.002,0.004,321.997,0.196,-0.534
00:00:20.022,1572870394583,0.374,-0.011,21.126,0.664,3.0,0.006,24.302,0.002,0.004,322.402,0.196,-0.534
00:00:20.023,1572870394584,0.363,-0.01,21.126,0.664,3.0,0.006,24.308000000000003,0.002,0.003,322.807,0.197,-0.534
00:00:20.072,1572870394633,0.354,-0.009000000000000001,12.263,0.664,3.0,0.006,24.314,0.002,0.003,323.212,0.197,-0.534
00:00:20.073,1572870394634,0.344,-0.006999999999999999,12.263,0.664,3.0,0.006,24.31900000000001,0.002,0.003,323.617,0.197,-0.534
00:00:20.074,1572870394635,0.313,-0.006,12.263,0.664,3.0,0.006,24.324,0.002,0.002,324.023,0.197,-0.534
00:00:20.123,1572870394684,0.254,-0.004,12.263,0.664,3.0,0.006,24.327,0.002,0.001,324.428,0.197,-0.534
00:00:20.124,1572870394685,0.174,-0.002,12.263,0.664,3.0,0.006,24.329,0.002,-0.001,324.8590000000001,0.198,-0.534
00:00:20.125,1572870394686,0.102,0.0,12.263,0.664,3.0,0.006,24.33,0.002,-0.002,325.2390000000001,0.198,-0.534
00:00:20.173,1572870394734,0.043,0.002,1.423,0.664,3.0,0.005,24.33,0.002,-0.005,325.645,0.198,-0.534
00:00:20.174,1572870394735,0.006999999999999999,0.003,1.423,0.664,3.0,0.005,24.33,0.002,-0.006999999999999999,326.05,0.198,-0.534
00:00:20.175,1572870394736,-0.029,0.005,1.423,0.664,3.0,0.005,24.32800000000001,0.002,-0.011,326.456,0.198,-0.534
00:00:20.223,1572870394784,-0.095,0.006,1.423,0.664,3.0,0.005,24.326,0.001,-0.014,326.861,0.198,-0.534
00:00:20.224,1572870394785,-0.18600000000000005,0.006999999999999999,1.423,0.664,3.0,0.004,24.321,0.001,-0.019,327.266,0.199,-0.534
00:00:20.225,1572870394786,-0.272,0.008,1.423,0.664,3.0,0.004,24.316,0.001,-0.024,327.672,0.199,-0.534
00:00:20.273,1572870394834,-0.333,0.008,1.13,0.664,3.0,0.004,24.309,0.001,-0.029,328.077,0.199,-0.534
00:00:20.274,1572870394835,-0.366,0.009000000000000001,1.13,0.664,3.0,0.004,24.303,0.0,-0.035,328.482,0.199,-0.534
00:00:20.275,1572870394836,-0.358,0.009000000000000001,1.13,0.664,3.0,0.003,24.297,0.0,-0.041,328.88699999999994,0.199,-0.534
00:00:20.324,1572870394885,-0.327,0.009000000000000001,1.13,0.664,3.0,0.003,24.292,0.0,-0.047,329.292,0.2,-0.534
00:00:20.325,1572870394886,-0.32,0.009000000000000001,1.13,0.664,3.0,0.003,24.287,0.0,-0.053,329.69699999999995,0.2,-0.534
00:00:20.326,1572870394887,-0.328,0.01,1.13,0.664,3.0,0.002,24.281,-0.001,-0.059,330.101,0.2,-0.534
00:00:20.380,1572870394941,-0.324,0.01,1.13,0.664,3.0,0.002,24.276,-0.001,-0.065,330.506,0.2,-0.534
00:00:20.381,1572870394942,-0.326,0.01,1.13,0.664,3.0,0.002,24.271,-0.001,-0.071,330.911,0.201,-0.534
00:00:20.382,1572870394943,-0.325,0.011,1.13,0.664,3.0,0.001,24.265,-0.001,-0.077,331.315,0.201,-0.534
00:00:20.383,1572870394944,-0.324,0.011,1.13,0.664,3.0,0.001,24.26,-0.002,-0.08199999999999999,331.72,0.201,-0.534
00:00:20.437,1572870394998,-0.324,0.012,1.13,0.664,3.0,0.001,24.254,-0.002,-0.087,332.124,0.201,-0.534
00:00:20.438,1572870394999,-0.324,0.012,1.13,0.664,3.0,0.001,24.249,-0.002,-0.092,332.528,0.201,-0.534
00:00:20.439,1572870395000,-0.324,0.012,1.13,0.664,3.0,0.0,24.244,-0.002,-0.096,332.932,0.202,-0.534
00:00:20.484,1572870395045,-0.324,0.012,1.13,0.664,3.0,0.0,24.238000000000003,-0.002,-0.101,333.336,0.202,-0.534
00:00:20.485,1572870395046,-0.324,0.011,1.13,0.664,3.0,0.0,24.233,-0.002,-0.104,333.74,0.202,-0.534
00:00:20.486,1572870395047,-0.324,0.011,1.13,0.664,3.0,0.0,24.227,-0.002,-0.108,334.144,0.202,-0.534
00:00:20.532,1572870395093,-0.324,0.01,1.13,0.664,3.0,0.0,24.222,-0.002,-0.111,334.548,0.203,-0.534
00:00:20.533,1572870395094,-0.324,0.009000000000000001,1.13,0.664,3.0,-0.001,24.216,-0.002,-0.113,334.951,0.203,-0.534
00:00:20.534,1572870395095,-0.324,0.008,1.13,0.664,3.0,-0.001,24.211,-0.002,-0.116,335.355,0.203,-0.534
00:00:20.582,1572870395143,-0.324,0.006,1.13,0.664,3.0,-0.001,24.206,-0.002,-0.117,335.7580000000001,0.203,-0.534
00:00:20.583,1572870395144,-0.324,0.004,1.13,0.664,3.0,-0.001,24.2,-0.002,-0.119,336.162,0.204,-0.534
00:00:20.584,1572870395145,-0.324,0.002,1.13,0.664,3.0,-0.001,24.195,-0.002,-0.119,336.565,0.204,-0.534
00:00:20.632,1572870395193,-0.324,0.0,1.13,0.664,3.0,-0.001,24.189,-0.002,-0.12,336.968,0.204,-0.534
00:00:20.633,1572870395194,-0.324,-0.002,1.13,0.664,3.0,-0.001,24.184,-0.002,-0.12,337.371,0.204,-0.534
00:00:20.634,1572870395195,-0.324,-0.004,1.423,0.664,3.0,-0.001,24.179,-0.002,-0.12,337.774,0.205,-0.534
00:00:20.685,1572870395246,-0.322,-0.006,1.423,0.664,3.0,-0.001,24.173,-0.002,-0.119,338.177,0.205,-0.534
00:00:20.686,1572870395247,-0.318,-0.006999999999999999,1.423,0.664,3.0,-0.001,24.16800000000001,-0.002,-0.118,338.58,0.205,-0.534
00:00:20.687,1572870395248,-0.315,-0.008,1.423,0.664,3.0,-0.001,24.163,-0.002,-0.117,338.983,0.205,-0.534
00:00:20.737,1572870395298,-0.314,-0.01,1.423,0.664,3.0,0.0,24.158,-0.002,-0.116,339.386,0.206,-0.534
00:00:20.738,1572870395299,-0.313,-0.011,1.423,0.664,3.0,0.0,24.152,-0.001,-0.114,339.788,0.206,-0.534
00:00:20.739,1572870395300,-0.313,-0.012,1.789,0.664,3.0,0.0,24.147,-0.001,-0.112,340.191,0.206,-0.535
00:00:20.788,1572870395349,-0.311,-0.013,1.789,0.664,3.0,0.0,24.142,-0.001,-0.111,340.593,0.206,-0.535
00:00:20.789,1572870395350,-0.306,-0.014,1.789,0.664,3.0,0.001,24.137,-0.001,-0.109,340.995,0.207,-0.535
00:00:20.790,1572870395351,-0.302,-0.016,1.789,0.664,3.0,0.001,24.132,0.0,-0.107,341.398,0.207,-0.535
00:00:20.843,1572870395404,-0.301,-0.017,1.789,0.664,3.0,0.001,24.127,0.0,-0.106,341.8,0.207,-0.535
00:00:20.844,1572870395405,-0.3,-0.019,1.789,0.664,3.0,0.001,24.122,0.0,-0.104,342.202,0.207,-0.535
00:00:20.845,1572870395406,-0.3,-0.02,2.082,0.664,3.0,0.002,24.117,0.001,-0.102,342.6040000000001,0.207,-0.535
00:00:20.893,1572870395454,-0.298,-0.022,2.082,0.664,3.0,0.002,24.112,0.001,-0.1,343.006,0.208,-0.535
00:00:20.894,1572870395455,-0.294,-0.023,2.082,0.664,3.0,0.002,24.107,0.001,-0.099,343.408,0.208,-0.535
00:00:20.895,1572870395456,-0.292,-0.024,2.082,0.664,3.0,0.002,24.103,0.002,-0.097,343.809,0.208,-0.535
00:00:20.943,1572870395504,-0.29100000000000004,-0.026,2.082,0.664,3.0,0.003,24.09800000000001,0.002,-0.096,344.211,0.208,-0.535
00:00:20.944,1572870395505,-0.29,-0.027000000000000003,2.082,0.664,3.0,0.003,24.093000000000004,0.002,-0.094,344.61300000000006,0.208,-0.535
00:00:20.945,1572870395506,-0.29,-0.028,2.815,0.664,3.0,0.003,24.088,0.002,-0.093,345.014,0.208,-0.535
00:00:20.995,1572870395556,-0.289,-0.029,2.815,0.664,3.0,0.004,24.083,0.003,-0.092,345.416,0.209,-0.535
00:00:20.996,1572870395557,-0.279,-0.029,2.815,0.664,3.0,0.004,24.079,0.003,-0.091,345.81699999999995,0.209,-0.535
00:00:20.997,1572870395558,-0.267,-0.03,2.815,0.664,3.0,0.004,24.075,0.003,-0.09,346.218,0.209,-0.535
00:00:21.044,1572870395605,-0.266,-0.03,2.815,0.664,3.0,0.004,24.07,0.003,-0.08900000000000001,346.619,0.209,-0.535
00:00:21.045,1572870395606,-0.264,-0.03,2.815,0.664,3.0,0.005,24.066,0.003,-0.08800000000000001,347.021,0.209,-0.535
00:00:21.046,1572870395607,-0.264,-0.03,4.133,0.664,3.0,0.005,24.061,0.004,-0.087,347.422,0.209,-0.535
00:00:21.094,1572870395655,-0.262,-0.03,4.133,0.664,3.0,0.005,24.057,0.004,-0.087,347.82300000000015,0.209,-0.535
00:00:21.095,1572870395656,-0.254,-0.03,4.133,0.664,3.0,0.006,24.053,0.004,-0.086,348.224,0.209,-0.535
00:00:21.096,1572870395657,-0.243,-0.03,4.133,0.664,3.0,0.006,24.049,0.004,-0.085,348.624,0.21,-0.535
00:00:21.144,1572870395705,-0.234,-0.029,4.133,0.664,3.0,0.006,24.045,0.004,-0.085,349.025,0.21,-0.535
00:00:21.145,1572870395706,-0.226,-0.029,4.133,0.664,3.0,0.006,24.042,0.004,-0.084,349.426,0.21,-0.535
00:00:21.146,1572870395707,-0.222,-0.028,6.477,0.664,3.0,0.006,24.038,0.004,-0.084,349.827,0.21,-0.535
00:00:21.194,1572870395755,-0.219,-0.027000000000000003,6.477,0.664,3.0,0.006999999999999999,24.034,0.004,-0.083,350.227,0.21,-0.535
00:00:21.195,1572870395756,-0.214,-0.026,6.477,0.664,3.0,0.006999999999999999,24.031,0.004,-0.083,350.62800000000016,0.21,-0.535
00:00:21.196,1572870395757,-0.206,-0.025,6.477,0.664,3.0,0.006999999999999999,24.028,0.004,-0.08199999999999999,351.028,0.21,-0.535
00:00:21.245,1572870395806,-0.194,-0.024,6.477,0.664,3.0,0.006999999999999999,24.024,0.004,-0.081,351.42900000000014,0.21,-0.535
00:00:21.246,1572870395807,-0.18,-0.023,6.477,0.664,3.0,0.006999999999999999,24.022,0.004,-0.081,351.829,0.21,-0.535
00:00:21.247,1572870395808,-0.166,-0.021,7.942,0.664,3.0,0.006999999999999999,24.019,0.003,-0.08,352.22900000000016,0.21,-0.535
00:00:21.298,1572870395859,-0.155,-0.019,7.942,0.664,3.0,0.006999999999999999,24.017,0.003,-0.079,352.63,0.21,-0.535
00:00:21.299,1572870395860,-0.145,-0.017,7.942,0.664,3.0,0.006999999999999999,24.014,0.003,-0.078,353.03,0.21,-0.535
00:00:21.300,1572870395861,-0.133,-0.015,7.942,0.664,3.0,0.006999999999999999,24.012,0.003,-0.077,353.43,0.21,-0.535
00:00:21.301,1572870395862,-0.12,-0.013,7.942,0.664,3.0,0.006999999999999999,24.011,0.003,-0.076,353.83,0.21,-0.535
00:00:21.349,1572870395910,-0.11,-0.011,7.942,0.664,3.0,0.006999999999999999,24.009,0.003,-0.075,354.231,0.21,-0.535
00:00:21.350,1572870395911,-0.102,-0.009000000000000001,8.967,0.664,3.0,0.006999999999999999,24.007,0.003,-0.07400000000000001,354.631,0.21,-0.535
00:00:21.351,1572870395912,-0.099,-0.006999999999999999,8.967,0.664,3.0,0.006999999999999999,24.006,0.003,-0.073,355.031,0.21,-0.535
00:00:21.407,1572870395968,-0.096,-0.005,8.967,0.664,3.0,0.006999999999999999,24.004,0.002,-0.071,355.431,0.21,-0.535
00:00:21.408,1572870395969,-0.091,-0.004,8.967,0.664,3.0,0.006999999999999999,24.003,0.002,-0.07,355.831,0.21,-0.535
00:00:21.409,1572870395970,-0.084,-0.003,8.967,0.664,3.0,0.006999999999999999,24.001,0.002,-0.069,356.231,0.21,-0.535
00:00:21.450,1572870396011,-0.077,-0.002,8.967,0.664,3.0,0.006,24.0,0.002,-0.067,356.631,0.21,-0.535
00:00:21.451,1572870396012,-0.07200000000000001,-0.001,10.139,0.664,3.0,0.006,23.999,0.001,-0.066,357.031,0.21,-0.535
00:00:21.452,1572870396013,-0.07,0.0,10.139,0.664,3.0,0.006,23.998,0.001,-0.065,357.431,0.21,-0.535
00:00:21.500,1572870396061,-0.066,0.0,10.139,0.664,3.0,0.006,23.997,0.001,-0.063,357.831,0.21,-0.535
00:00:21.501,1572870396062,-0.059,0.001,10.139,0.664,3.0,0.005,23.996,0.001,-0.062,358.231,0.21,-0.535
00:00:21.502,1572870396063,-0.049,0.002,10.139,0.664,3.0,0.005,23.995,0.0,-0.061,358.631,0.21,-0.535
00:00:21.550,1572870396111,-0.04,0.002,10.139,0.664,3.0,0.005,23.995,0.0,-0.06,359.031,0.21,-0.535
00:00:21.551,1572870396112,-0.034,0.002,11.091,0.664,3.0,0.005,23.994,0.0,-0.059,359.431,0.21,-0.535
00:00:21.552,1572870396113,-0.032,0.002,11.091,0.664,3.0,0.004,23.994,-0.001,-0.057,359.83,0.21,-0.535
00:00:21.601,1572870396162,-0.03,0.002,11.091,0.664,3.0,0.004,23.993,-0.001,-0.056,360.23,0.21,-0.535
00:00:21.602,1572870396163,-0.023,0.002,11.091,0.664,3.0,0.004,23.993,-0.001,-0.055,360.63,0.21,-0.535
00:00:21.603,1572870396164,-0.013,0.002,11.091,0.664,3.0,0.004,23.993,-0.001,-0.054000000000000006,361.03,0.21,-0.535
00:00:21.660,1572870396221,-0.005,0.002,11.091,0.664,3.0,0.003,23.993,-0.001,-0.054000000000000006,361.43,0.21,-0.535
00:00:21.661,1572870396222,0.0,0.002,13.142,0.664,3.0,0.003,23.993,-0.001,-0.053,361.83,0.21,-0.535
00:00:21.662,1572870396223,0.001,0.002,13.142,0.664,3.0,0.003,23.993,-0.001,-0.052000000000000005,362.23,0.21,-0.535
00:00:21.703,1572870396264,0.005,0.002,13.142,0.664,3.0,0.003,23.993,-0.001,-0.051,362.63,0.21,-0.535
00:00:21.704,1572870396265,0.016,0.002,13.142,0.664,3.0,0.003,23.994,-0.001,-0.05,363.03,0.21,-0.535
00:00:21.705,1572870396266,0.032,0.002,13.142,0.664,3.0,0.003,23.994,-0.001,-0.05,363.429,0.21,-0.535
00:00:21.753,1572870396314,0.049,0.001,13.142,0.664,3.0,0.002,23.995,-0.001,-0.049,363.829,0.21,-0.535
00:00:21.754,1572870396315,0.062,0.001,14.973,0.664,3.0,0.002,23.997,-0.001,-0.048,364.229,0.21,-0.535
00:00:21.755,1572870396316,0.07,0.0,14.973,0.664,3.0,0.002,23.998,-0.001,-0.047,364.629,0.21,-0.535
00:00:21.803,1572870396364,0.078,0.0,14.973,0.664,3.0,0.002,23.999,-0.001,-0.046,365.029,0.21,-0.535
00:00:21.804,1572870396365,0.09,-0.001,14.973,0.664,3.0,0.002,24.001,-0.001,-0.045,365.429,0.21,-0.535
00:00:21.805,1572870396366,0.106,-0.002,14.973,0.664,3.0,0.002,24.003,-0.001,-0.044,365.829,0.21,-0.535
00:00:21.856,1572870396417,0.121,-0.003,14.973,0.664,3.0,0.002,24.005,-0.001,-0.043,366.229,0.21,-0.535
00:00:21.857,1572870396418,0.131,-0.004,16.951,0.664,3.0,0.002,24.00800000000001,-0.001,-0.042,366.629,0.21,-0.535
00:00:21.858,1572870396419,0.13699999999999998,-0.005,16.951,0.664,3.0,0.002,24.01,0.0,-0.04,367.03,0.21,-0.535
00:00:21.907,1572870396468,0.145,-0.006,16.951,0.664,3.0,0.002,24.013,0.0,-0.039,367.43,0.21,-0.535
00:00:21.908,1572870396469,0.159,-0.006999999999999999,16.951,0.664,3.0,0.002,24.015,0.0,-0.038,367.83,0.21,-0.535
00:00:21.909,1572870396470,0.17600000000000002,-0.008,16.951,0.664,3.0,0.002,24.019,0.0,-0.036000000000000004,368.23,0.21,-0.534
00:00:21.960,1572870396521,0.191,-0.009000000000000001,16.951,0.664,3.0,0.002,24.022,0.0,-0.034,368.631,0.21,-0.534
00:00:21.961,1572870396522,0.203,-0.011,17.976,0.664,3.0,0.002,24.025,0.0,-0.033,369.031,0.21,-0.534
00:00:21.962,1572870396523,0.211,-0.012,17.976,0.664,3.0,0.002,24.029,0.0,-0.031,369.431,0.21,-0.534
00:00:22.009,1572870396570,0.217,-0.013,17.976,0.664,3.0,0.002,24.033,0.0,-0.029,369.832,0.21,-0.534
00:00:22.010,1572870396571,0.225,-0.014,17.976,0.664,3.0,0.002,24.037,0.0,-0.027000000000000003,370.233,0.21,-0.534
00:00:22.011,1572870396572,0.234,-0.015,17.976,0.664,3.0,0.002,24.041,0.001,-0.025,370.633,0.21,-0.534
00:00:22.063,1572870396624,0.242,-0.016,17.976,0.664,3.0,0.002,24.045,0.001,-0.024,371.034,0.21,-0.534
00:00:22.064,1572870396625,0.248,-0.016,20.32,0.664,3.0,0.003,24.049,0.001,-0.022,371.435,0.21,-0.534
00:00:22.065,1572870396626,0.252,-0.017,20.32,0.664,3.0,0.003,24.053,0.001,-0.02,371.836,0.21,-0.534
00:00:22.066,1572870396627,0.261,-0.018000000000000002,20.32,0.664,3.0,0.003,24.058000000000003,0.001,-0.018000000000000002,372.237,0.21,-0.534
00:00:22.114,1572870396675,0.277,-0.018000000000000002,20.32,0.664,3.0,0.003,24.063,0.001,-0.016,372.638,0.21,-0.534
00:00:22.115,1572870396676,0.298,-0.019,20.32,0.664,3.0,0.003,24.068,0.001,-0.015,373.039,0.21,-0.534
00:00:22.116,1572870396677,0.317,-0.019,20.32,0.664,3.0,0.003,24.073,0.001,-0.013,373.44,0.21,-0.534
00:00:22.174,1572870396735,0.333,-0.02,21.638,0.664,3.0,0.004,24.079,0.002,-0.011,373.841,0.21,-0.534
00:00:22.175,1572870396736,0.343,-0.02,21.638,0.664,3.0,0.004,24.085,0.002,-0.009000000000000001,374.242,0.209,-0.534
00:00:22.176,1572870396737,0.35,-0.021,21.638,0.664,3.0,0.004,24.091,0.002,-0.006999999999999999,374.644,0.209,-0.534
00:00:22.220,1572870396781,0.355,-0.022,21.638,0.664,3.0,0.004,24.097,0.002,-0.005,375.045,0.209,-0.534
00:00:22.221,1572870396782,0.359,-0.022,21.638,0.664,3.0,0.004,24.103,0.002,-0.004,375.447,0.209,-0.534
00:00:22.222,1572870396783,0.361,-0.023,21.638,0.664,3.0,0.004,24.109,0.002,-0.002,375.849,0.209,-0.534
00:00:22.266,1572870396827,0.362,-0.024,22.664,0.664,3.0,0.005,24.115,0.002,-0.001,376.251,0.209,-0.534
00:00:22.267,1572870396828,0.363,-0.025,22.664,0.664,3.0,0.005,24.121,0.002,0.001,376.653,0.209,-0.534
00:00:22.268,1572870396829,0.364,-0.025,22.664,0.664,3.0,0.005,24.127,0.002,0.002,377.055,0.209,-0.534
00:00:22.322,1572870396883,0.3670000000000001,-0.026,22.664,0.664,3.0,0.005,24.13300000000001,0.002,0.003,377.457,0.209,-0.534
00:00:22.323,1572870396884,0.37,-0.026,22.664,0.664,3.0,0.005,24.14,0.002,0.004,377.859,0.208,-0.534
00:00:22.324,1572870396885,0.373,-0.026,22.664,0.664,3.0,0.005,24.146,0.003,0.005,378.262,0.208,-0.534
00:00:22.368,1572870396929,0.376,-0.026,23.323,0.664,3.0,0.006,24.152,0.003,0.006,378.664,0.208,-0.534
00:00:22.369,1572870396930,0.377,-0.025,23.323,0.664,3.0,0.006,24.158,0.003,0.006,379.067,0.208,-0.534
00:00:22.370,1572870396931,0.379,-0.025,23.323,0.664,3.0,0.006,24.165,0.003,0.006999999999999999,379.469,0.208,-0.534
00:00:22.424,1572870396985,0.381,-0.025,23.323,0.664,3.0,0.006,24.171,0.003,0.006999999999999999,379.872,0.208,-0.534
00:00:22.425,1572870396986,0.383,-0.025,23.323,0.664,3.0,0.006,24.178,0.003,0.006999999999999999,380.275,0.208,-0.534
00:00:22.426,1572870396987,0.385,-0.025,23.323,0.664,3.0,0.006,24.184,0.003,0.006999999999999999,380.67800000000005,0.207,-0.534
00:00:22.471,1572870397032,0.387,-0.025,23.616,0.664,3.0,0.006,24.19,0.003,0.006999999999999999,381.081,0.207,-0.534
00:00:22.472,1572870397033,0.388,-0.025,23.616,0.664,3.0,0.006999999999999999,24.197,0.003,0.006999999999999999,381.484,0.207,-0.534
00:00:22.473,1572870397034,0.389,-0.025,23.616,0.664,3.0,0.006999999999999999,24.20300000000001,0.003,0.006999999999999999,381.86300000000006,0.207,-0.534
00:00:22.529,1572870397090,0.39,-0.025,23.616,0.664,3.0,0.006999999999999999,24.21,0.003,0.006999999999999999,382.266,0.207,-0.534
00:00:22.530,1572870397091,0.391,-0.025,23.616,0.664,3.0,0.006999999999999999,24.216,0.003,0.006999999999999999,382.67,0.206,-0.534
00:00:22.531,1572870397092,0.391,-0.024,23.616,0.664,3.0,0.006999999999999999,24.22300000000001,0.003,0.006999999999999999,383.073,0.206,-0.534
00:00:22.574,1572870397135,0.392,-0.024,23.616,0.664,3.0,0.006999999999999999,24.229,0.003,0.006,383.477,0.206,-0.534
00:00:22.575,1572870397136,0.392,-0.023,23.982,0.664,3.0,0.006999999999999999,24.236,0.003,0.006,383.881,0.206,-0.534
00:00:22.576,1572870397137,0.393,-0.023,23.982,0.664,3.0,0.006999999999999999,24.242,0.003,0.006,384.285,0.205,-0.534
00:00:22.630,1572870397191,0.394,-0.023,23.982,0.664,3.0,0.006999999999999999,24.249,0.003,0.006,384.689,0.205,-0.534
00:00:22.631,1572870397192,0.395,-0.022,23.982,0.664,3.0,0.006999999999999999,24.255,0.003,0.005,385.093,0.205,-0.534
00:00:22.632,1572870397193,0.396,-0.022,23.982,0.664,3.0,0.006999999999999999,24.262,0.003,0.005,385.497,0.205,-0.534
00:00:22.675,1572870397236,0.397,-0.022,23.982,0.664,3.0,0.006999999999999999,24.269,0.003,0.005,385.902,0.204,-0.534
00:00:22.676,1572870397237,0.397,-0.022,24.788,0.664,3.0,0.006999999999999999,24.275,0.003,0.005,386.306,0.204,-0.534
00:00:22.677,1572870397238,0.399,-0.021,24.788,0.664,3.0,0.006999999999999999,24.282,0.003,0.005,386.711,0.204,-0.534
00:00:22.727,1572870397288,0.401,-0.021,24.788,0.664,3.0,0.008,24.289,0.003,0.004,387.116,0.204,-0.534
00:00:22.728,1572870397289,0.404,-0.021,24.788,0.664,3.0,0.008,24.295,0.002,0.004,387.521,0.203,-0.534
00:00:22.729,1572870397290,0.407,-0.02,24.788,0.664,3.0,0.008,24.302,0.002,0.004,387.926,0.203,-0.534
00:00:22.778,1572870397339,0.409,-0.02,24.788,0.664,3.0,0.008,24.309,0.002,0.004,388.331,0.203,-0.534
00:00:22.779,1572870397340,0.411,-0.02,24.934,0.664,3.0,0.008,24.316,0.002,0.004,388.736,0.202,-0.534
00:00:22.780,1572870397341,0.412,-0.02,24.934,0.664,3.0,0.008,24.323,0.002,0.004,389.141,0.202,-0.534
00:00:22.828,1572870397389,0.412,-0.02,24.934,0.664,3.0,0.008,24.33,0.002,0.004,389.547,0.202,-0.534
00:00:22.829,1572870397390,0.412,-0.02,24.934,0.664,3.0,0.008,24.337,0.002,0.004,389.952,0.201,-0.534
00:00:22.830,1572870397391,0.412,-0.02,24.934,0.664,3.0,0.008,24.343000000000004,0.002,0.004,390.358,0.201,-0.534
00:00:22.880,1572870397441,0.412,-0.02,24.934,0.664,3.0,0.008,24.35,0.002,0.004,390.73800000000006,0.201,-0.534
00:00:22.881,1572870397442,0.412,-0.019,24.934,0.664,3.0,0.008,24.357,0.002,0.004,391.144,0.2,-0.534
00:00:22.882,1572870397443,0.412,-0.019,24.934,0.664,3.0,0.008,24.364,0.002,0.004,391.55,0.2,-0.534
00:00:22.883,1572870397444,0.412,-0.019,24.934,0.664,3.0,0.008,24.37,0.002,0.004,391.956,0.2,-0.534
00:00:22.937,1572870397498,0.411,-0.019,24.934,0.664,3.0,0.008,24.378,0.002,0.004,392.388,0.199,-0.534
00:00:22.938,1572870397499,0.411,-0.019,24.934,0.664,3.0,0.008,24.384,0.002,0.004,392.769,0.199,-0.534
00:00:22.939,1572870397500,0.411,-0.019,24.934,0.664,3.0,0.008,24.391,0.002,0.005,393.175,0.199,-0.534
00:00:22.981,1572870397542,0.41,-0.019,20.613000000000003,0.664,3.0,0.008,24.398000000000003,0.002,0.005,393.582,0.198,-0.534
00:00:22.982,1572870397543,0.404,-0.019,20.613000000000003,0.664,3.0,0.008,24.404,0.002,0.005,393.989,0.198,-0.534
00:00:22.983,1572870397544,0.392,-0.019,20.613000000000003,0.664,3.0,0.008,24.411,0.002,0.005,394.395,0.197,-0.534
00:00:23.031,1572870397592,0.376,-0.019,20.613000000000003,0.664,3.0,0.008,24.417,0.002,0.005,394.802,0.197,-0.534
00:00:23.032,1572870397593,0.359,-0.019,20.613000000000003,0.664,3.0,0.008,24.423,0.002,0.004,395.209,0.197,-0.534
00:00:23.033,1572870397594,0.34600000000000003,-0.019,20.613000000000003,0.664,3.0,0.008,24.428,0.002,0.004,395.616,0.196,-0.534
00:00:23.082,1572870397643,0.334,-0.019,11.311,0.664,3.0,0.008,24.434,0.002,0.003,396.024,0.196,-0.534
00:00:23.083,1572870397644,0.303,-0.019,11.311,0.664,3.0,0.008,24.438,0.002,0.003,396.431,0.195,-0.534
00:00:23.084,1572870397645,0.243,-0.019,11.311,0.664,3.0,0.008,24.441,0.002,0.002,396.838,0.195,-0.534
00:00:23.133,1572870397694,0.161,-0.019,11.311,0.664,3.0,0.008,24.442,0.002,0.0,397.245,0.195,-0.534
00:00:23.134,1572870397695,0.076,-0.02,11.311,0.664,3.0,0.008,24.443,0.002,-0.002,397.653,0.194,-0.534
00:00:23.135,1572870397696,0.009000000000000001,-0.02,11.311,0.664,3.0,0.008,24.442,0.002,-0.005,398.06,0.194,-0.534
00:00:23.183,1572870397744,-0.033,-0.02,2.9610000000000003,0.664,3.0,0.008,24.441,0.002,-0.008,398.49300000000005,0.193,-0.534
00:00:23.184,1572870397745,-0.059,-0.02,2.9610000000000003,0.664,3.0,0.008,24.44,0.002,-0.011,398.875,0.193,-0.534
00:00:23.185,1572870397746,-0.097,-0.019,2.9610000000000003,0.664,3.0,0.008,24.437,0.002,-0.015,399.282,0.192,-0.534
00:00:23.233,1572870397794,-0.16399999999999998,-0.019,2.9610000000000003,0.664,3.0,0.008,24.433000000000003,0.002,-0.02,399.715,0.192,-0.534
00:00:23.234,1572870397795,-0.235,-0.019,2.9610000000000003,0.664,3.0,0.008,24.429,0.002,-0.024,400.097,0.192,-0.534
00:00:23.235,1572870397796,-0.282,-0.019,2.9610000000000003,0.664,3.0,0.008,24.424,0.002,-0.03,400.504,0.191,-0.534
00:00:23.283,1572870397844,-0.28600000000000003,-0.019,1.423,0.664,3.0,0.008,24.419,0.002,-0.036000000000000004,400.936,0.191,-0.534
00:00:23.284,1572870397845,-0.278,-0.019,1.423,0.664,3.0,0.008,24.414,0.002,-0.041,401.318,0.19,-0.534
00:00:23.285,1572870397846,-0.295,-0.02,1.423,0.664,3.0,0.008,24.409,0.002,-0.047,401.725,0.19,-0.534
00:00:23.339,1572870397900,-0.321,-0.021,1.423,0.664,3.0,0.008,24.403,0.002,-0.053,402.157,0.189,-0.534
00:00:23.340,1572870397901,-0.318,-0.021,1.423,0.664,3.0,0.008,24.398000000000003,0.002,-0.058,402.538,0.189,-0.534
00:00:23.341,1572870397902,-0.316,-0.021,1.423,0.664,3.0,0.008,24.393,0.002,-0.064,402.945,0.188,-0.534
00:00:23.384,1572870397945,-0.317,-0.021,1.13,0.664,3.0,0.008,24.388,0.002,-0.07,403.351,0.188,-0.534
00:00:23.385,1572870397946,-0.32299999999999995,-0.021,1.13,0.664,3.0,0.008,24.382,0.002,-0.075,403.758,0.187,-0.534
00:00:23.386,1572870397947,-0.325,-0.021,1.13,0.664,3.0,0.008,24.377,0.002,-0.081,404.164,0.187,-0.534
00:00:23.444,1572870398005,-0.326,-0.022,1.13,0.664,3.0,0.008,24.371,0.002,-0.086,404.57,0.18600000000000005,-0.534
00:00:23.445,1572870398006,-0.326,-0.022,1.13,0.664,3.0,0.008,24.366,0.002,-0.091,404.976,0.18600000000000005,-0.534
00:00:23.446,1572870398007,-0.326,-0.022,1.13,0.664,3.0,0.008,24.361,0.002,-0.095,405.382,0.185,-0.534
00:00:23.489,1572870398050,-0.326,-0.023,1.13,0.664,3.0,0.008,24.355,0.002,-0.1,405.814,0.184,-0.534
00:00:23.490,1572870398051,-0.326,-0.023,1.13,0.664,3.0,0.008,24.35,0.002,-0.103,406.194,0.184,-0.534
00:00:23.491,1572870398052,-0.326,-0.024,1.13,0.664,3.0,0.008,24.344,0.002,-0.107,406.6,0.183,-0.534
00:00:23.537,1572870398098,-0.326,-0.024,1.13,0.664,3.0,0.008,24.339,0.002,-0.11,407.006,0.183,-0.534
00:00:23.538,1572870398099,-0.326,-0.025,1.13,0.664,3.0,0.009000000000000001,24.333,0.002,-0.112,407.411,0.182,-0.534
00:00:23.539,1572870398100,-0.326,-0.025,1.13,0.664,3.0,0.009000000000000001,24.32800000000001,0.002,-0.115,407.817,0.182,-0.534
00:00:23.599,1572870398160,-0.326,-0.026,1.13,0.664,3.0,0.009000000000000001,24.322,0.002,-0.116,408.24800000000016,0.181,-0.534
00:00:23.600,1572870398161,-0.326,-0.027000000000000003,1.13,0.664,3.0,0.009000000000000001,24.317,0.002,-0.118,408.628,0.181,-0.534
00:00:23.601,1572870398162,-0.326,-0.028,1.13,0.664,3.0,0.009000000000000001,24.312,0.002,-0.119,409.033,0.18,-0.534
00:00:23.602,1572870398163,-0.326,-0.029,1.13,0.664,3.0,0.009000000000000001,24.306,0.002,-0.119,409.43800000000016,0.179,-0.534
00:00:23.649,1572870398210,-0.326,-0.03,1.13,0.664,3.0,0.009000000000000001,24.301,0.002,-0.119,409.843,0.179,-0.534
00:00:23.650,1572870398211,-0.325,-0.032,1.13,0.664,3.0,0.009000000000000001,24.295,0.002,-0.119,410.24800000000016,0.17800000000000002,-0.534
00:00:23.651,1572870398212,-0.325,-0.033,1.13,0.664,3.0,0.009000000000000001,24.29,0.002,-0.119,410.67800000000005,0.177,-0.534
00:00:23.699,1572870398260,-0.325,-0.034,1.13,0.664,3.0,0.01,24.284,0.002,-0.118,411.05800000000005,0.177,-0.534
00:00:23.700,1572870398261,-0.325,-0.035,1.13,0.664,3.0,0.01,24.279,0.002,-0.117,411.462,0.17600000000000002,-0.534
00:00:23.701,1572870398262,-0.325,-0.036000000000000004,1.13,0.664,3.0,0.01,24.274,0.003,-0.116,411.867,0.175,-0.534
00:00:23.750,1572870398311,-0.325,-0.036000000000000004,1.13,0.664,3.0,0.01,24.268,0.003,-0.114,412.271,0.175,-0.535
00:00:23.751,1572870398312,-0.325,-0.036000000000000004,1.13,0.664,3.0,0.01,24.263,0.003,-0.113,412.676,0.174,-0.535
00:00:23.752,1572870398313,-0.325,-0.036000000000000004,1.13,0.664,3.0,0.011,24.257,0.003,-0.111,413.106,0.173,-0.535
00:00:23.801,1572870398362,-0.325,-0.035,1.13,0.664,3.0,0.011,24.252,0.003,-0.11,413.484,0.173,-0.535
00:00:23.802,1572870398363,-0.324,-0.035,1.13,0.664,3.0,0.011,24.247,0.003,-0.109,413.889,0.172,-0.535
00:00:23.803,1572870398364,-0.324,-0.034,1.13,0.664,3.0,0.011,24.241,0.003,-0.107,414.293,0.171,-0.535
00:00:23.860,1572870398421,-0.324,-0.033,1.13,0.664,3.0,0.011,24.235,0.004,-0.105,414.722,0.171,-0.535
00:00:23.861,1572870398422,-0.324,-0.032,1.13,0.664,3.0,0.012,24.23,0.004,-0.104,415.101,0.17,-0.535
00:00:23.862,1572870398423,-0.324,-0.031,1.13,0.664,3.0,0.012,24.225,0.004,-0.103,415.53,0.16899999999999998,-0.535
00:00:23.906,1572870398467,-0.324,-0.029,1.13,0.664,3.0,0.012,24.22,0.004,-0.102,415.908,0.168,-0.535
00:00:23.907,1572870398468,-0.324,-0.028,1.13,0.664,3.0,0.012,24.214,0.004,-0.1,416.312,0.168,-0.535
00:00:23.908,1572870398469,-0.324,-0.025,1.13,0.664,3.0,0.012,24.209,0.004,-0.099,416.715,0.16699999999999998,-0.535
00:00:23.952,1572870398513,-0.324,-0.023,1.13,0.664,3.0,0.012,24.20300000000001,0.004,-0.098,417.119,0.166,-0.535
00:00:23.953,1572870398514,-0.324,-0.019,1.13,0.664,3.0,0.012,24.198,0.005,-0.097,417.522,0.165,-0.535
00:00:23.954,1572870398515,-0.324,-0.015,1.13,0.664,3.0,0.012,24.192,0.005,-0.097,417.95,0.16399999999999998,-0.535
00:00:24.005,1572870398566,-0.324,-0.011,1.13,0.664,3.0,0.012,24.187,0.005,-0.096,418.328,0.16399999999999998,-0.535
00:00:24.006,1572870398567,-0.324,-0.006999999999999999,1.13,0.664,3.0,0.012,24.182,0.005,-0.096,418.732,0.163,-0.535
00:00:24.007,1572870398568,-0.324,-0.001,1.13,0.664,3.0,0.012,24.176,0.005,-0.095,419.16,0.162,-0.535
00:00:24.053,1572870398614,-0.324,0.004,1.13,0.664,3.0,0.011,24.171,0.005,-0.095,419.56300000000016,0.161,-0.535
00:00:24.054,1572870398615,-0.324,0.008,1.13,0.664,3.0,0.011,24.166,0.005,-0.094,419.94,0.161,-0.535
00:00:24.055,1572870398616,-0.324,0.011,1.13,0.664,3.0,0.01,24.16,0.005,-0.094,420.36800000000005,0.16,-0.535
00:00:24.103,1572870398664,-0.324,0.014,1.13,0.664,3.0,0.009000000000000001,24.155,0.004,-0.094,420.746,0.159,-0.535
00:00:24.104,1572870398665,-0.32299999999999995,0.016,1.13,0.664,3.0,0.008,24.149,0.004,-0.094,421.173,0.158,-0.535
00:00:24.105,1572870398666,-0.32299999999999995,0.017,1.13,0.664,3.0,0.008,24.144,0.003,-0.094,421.551,0.158,-0.535
00:00:24.153,1572870398714,-0.32299999999999995,0.018000000000000002,1.13,0.664,3.0,0.006999999999999999,24.138,0.003,-0.094,421.978,0.157,-0.535
00:00:24.154,1572870398715,-0.32299999999999995,0.018000000000000002,1.13,0.664,3.0,0.006,24.13300000000001,0.002,-0.094,422.355,0.156,-0.535
00:00:24.155,1572870398716,-0.32299999999999995,0.019,1.13,0.664,3.0,0.006,24.128,0.002,-0.094,422.782,0.155,-0.535
00:00:24.203,1572870398764,-0.32299999999999995,0.02,1.13,0.664,3.0,0.005,24.122,0.001,-0.095,423.185,0.155,-0.535
00:00:24.204,1572870398765,-0.32299999999999995,0.021,1.13,0.664,3.0,0.004,24.117,0.0,-0.095,423.561,0.154,-0.535
00:00:24.205,1572870398766,-0.32299999999999995,0.023,1.13,0.664,3.0,0.004,24.112,-0.001,-0.095,423.963,0.153,-0.535
00:00:24.254,1572870398815,-0.32299999999999995,0.026,1.13,0.664,3.0,0.003,24.106,-0.001,-0.096,424.39,0.152,-0.535
00:00:24.255,1572870398816,-0.32299999999999995,0.029,1.13,0.664,3.0,0.002,24.101,-0.002,-0.096,424.792,0.152,-0.535
00:00:24.256,1572870398817,-0.32299999999999995,0.031,0.983,0.664,3.0,0.002,24.096,-0.003,-0.096,425.169,0.151,-0.535
00:00:24.311,1572870398872,-0.325,0.034,0.983,0.664,3.0,0.001,24.09,-0.003,-0.097,425.57,0.15,-0.535
00:00:24.312,1572870398873,-0.327,0.036000000000000004,0.983,0.664,3.0,0.0,24.084,-0.004,-0.098,425.997,0.15,-0.535
00:00:24.313,1572870398874,-0.327,0.038,0.983,0.664,3.0,0.0,24.079,-0.004,-0.098,426.398,0.149,-0.535
00:00:24.354,1572870398915,-0.327,0.04,0.983,0.664,3.0,-0.001,24.074,-0.004,-0.099,426.799,0.14800000000000002,-0.535
00:00:24.355,1572870398916,-0.327,0.041,0.983,0.664,3.0,-0.002,24.068,-0.005,-0.099,427.2,0.14800000000000002,-0.535
00:00:24.356,1572870398917,-0.326,0.042,1.13,0.664,3.0,-0.002,24.063,-0.005,-0.099,427.602,0.147,-0.535
00:00:24.414,1572870398975,-0.324,0.042,1.13,0.664,3.0,-0.003,24.057,-0.005,-0.1,428.003,0.146,-0.535
00:00:24.415,1572870398976,-0.32299999999999995,0.043,1.13,0.664,3.0,-0.004,24.052,-0.005,-0.1,428.403,0.146,-0.535
00:00:24.416,1572870398977,-0.322,0.043,1.13,0.664,3.0,-0.004,24.047,-0.005,-0.1,428.779,0.145,-0.535
00:00:24.458,1572870399019,-0.322,0.043,1.13,0.664,3.0,-0.005,24.041,-0.005,-0.101,429.205,0.145,-0.535
00:00:24.459,1572870399020,-0.322,0.043,1.13,0.664,3.0,-0.005,24.036,-0.006,-0.101,429.606,0.14400000000000002,-0.535
00:00:24.460,1572870399021,-0.321,0.042,1.276,0.664,3.0,-0.006,24.031,-0.006,-0.101,430.006,0.14300000000000002,-0.535
00:00:24.510,1572870399071,-0.319,0.042,1.276,0.664,3.0,-0.006,24.025,-0.005,-0.101,430.407,0.14300000000000002,-0.535
00:00:24.511,1572870399072,-0.317,0.041,1.276,0.664,3.0,-0.006999999999999999,24.02,-0.005,-0.101,430.807,0.142,-0.535
00:00:24.512,1572870399073,-0.317,0.04,1.276,0.664,3.0,-0.006999999999999999,24.015,-0.005,-0.101,431.207,0.142,-0.535
00:00:24.566,1572870399127,-0.316,0.04,1.276,0.664,3.0,-0.006999999999999999,24.01,-0.005,-0.101,431.583,0.141,-0.535
00:00:24.567,1572870399128,-0.316,0.04,1.276,0.664,3.0,-0.008,24.004,-0.005,-0.101,432.008,0.141,-0.535
00:00:24.568,1572870399129,-0.314,0.04,1.789,0.664,3.0,-0.008,23.999,-0.005,-0.101,432.408,0.14,-0.535
00:00:24.569,1572870399130,-0.306,0.039,1.789,0.664,3.0,-0.008,23.994,-0.005,-0.1,432.783,0.14,-0.535
00:00:24.615,1572870399176,-0.301,0.039,1.789,0.664,3.0,-0.009000000000000001,23.989,-0.004,-0.1,433.208,0.139,-0.535
00:00:24.616,1572870399177,-0.299,0.039,1.789,0.664,3.0,-0.009000000000000001,23.984,-0.004,-0.1,433.607,0.139,-0.535
00:00:24.617,1572870399178,-0.299,0.039,1.789,0.664,3.0,-0.009000000000000001,23.979,-0.004,-0.099,434.007,0.138,-0.535
00:00:24.670,1572870399231,-0.298,0.04,1.789,0.664,3.0,-0.009000000000000001,23.974,-0.004,-0.099,434.407,0.138,-0.535
00:00:24.671,1572870399232,-0.29600000000000004,0.04,2.302,0.664,3.0,-0.009000000000000001,23.969,-0.004,-0.098,434.806,0.138,-0.535
00:00:24.672,1572870399233,-0.28800000000000003,0.039,2.302,0.664,3.0,-0.01,23.965,-0.003,-0.097,435.206,0.13699999999999998,-0.535
00:00:24.715,1572870399276,-0.28300000000000003,0.039,2.302,0.664,3.0,-0.01,23.96,-0.003,-0.097,435.605,0.13699999999999998,-0.535
00:00:24.716,1572870399277,-0.281,0.04,2.302,0.664,3.0,-0.01,23.955,-0.003,-0.096,436.004,0.136,-0.535
00:00:24.717,1572870399278,-0.281,0.04,2.302,0.664,3.0,-0.01,23.951,-0.003,-0.095,436.403,0.136,-0.535
00:00:24.765,1572870399326,-0.28,0.041,2.302,0.664,3.0,-0.01,23.946,-0.003,-0.095,436.80300000000005,0.136,-0.535
00:00:24.766,1572870399327,-0.279,0.042,2.9610000000000003,0.664,3.0,-0.011,23.941,-0.003,-0.094,437.202,0.135,-0.535
00:00:24.767,1572870399328,-0.27,0.042,2.9610000000000003,0.664,3.0,-0.011,23.937,-0.003,-0.093,437.601,0.135,-0.535
00:00:24.815,1572870399376,-0.261,0.042,2.9610000000000003,0.664,3.0,-0.011,23.933000000000003,-0.003,-0.093,438.0,0.135,-0.535
00:00:24.816,1572870399377,-0.259,0.043,2.9610000000000003,0.664,3.0,-0.011,23.928,-0.003,-0.092,438.398,0.134,-0.535
00:00:24.817,1572870399378,-0.257,0.044,2.9610000000000003,0.664,3.0,-0.011,23.924,-0.003,-0.091,438.797,0.134,-0.535
00:00:24.865,1572870399426,-0.257,0.045,2.9610000000000003,0.664,3.0,-0.012,23.92,-0.003,-0.09,439.196,0.134,-0.535
00:00:24.866,1572870399427,-0.257,0.045,3.474,0.664,3.0,-0.012,23.916,-0.003,-0.09,439.595,0.133,-0.535
00:00:24.867,1572870399428,-0.253,0.046,3.474,0.664,3.0,-0.012,23.911,-0.003,-0.08900000000000001,439.99300000000005,0.133,-0.535
00:00:24.916,1572870399477,-0.246,0.046,3.474,0.664,3.0,-0.012,23.907,-0.003,-0.08800000000000001,440.392,0.133,-0.535
00:00:24.917,1572870399478,-0.239,0.047,3.474,0.664,3.0,-0.013,23.904,-0.003,-0.087,440.79,0.132,-0.535
00:00:24.918,1572870399479,-0.237,0.047,3.474,0.664,3.0,-0.013,23.9,-0.003,-0.087,441.18800000000016,0.132,-0.535
00:00:24.981,1572870399542,-0.238,0.048,3.474,0.664,3.0,-0.013,23.896,-0.003,-0.086,441.587,0.132,-0.535
00:00:24.982,1572870399543,-0.239,0.049,4.792,0.664,3.0,-0.013,23.892,-0.003,-0.085,441.985,0.132,-0.535
00:00:24.983,1572870399544,-0.238,0.05,4.792,0.664,3.0,-0.014,23.888,-0.003,-0.085,442.383,0.132,-0.535
00:00:25.026,1572870399587,-0.232,0.051,4.792,0.664,3.0,-0.014,23.884,-0.004,-0.084,442.781,0.131,-0.535
00:00:25.027,1572870399588,-0.223,0.052000000000000005,4.792,0.664,3.0,-0.014,23.88,-0.004,-0.084,443.179,0.131,-0.535
00:00:25.028,1572870399589,-0.215,0.053,4.792,0.664,3.0,-0.014,23.877,-0.004,-0.083,443.577,0.131,-0.535
00:00:25.075,1572870399636,-0.208,0.054000000000000006,4.792,0.664,3.0,-0.015,23.873,-0.004,-0.083,443.975,0.131,-0.535
00:00:25.076,1572870399637,-0.202,0.055,6.1110000000000015,0.664,3.0,-0.015,23.87,-0.004,-0.08199999999999999,444.37300000000016,0.131,-0.535
00:00:25.077,1572870399638,-0.197,0.056,6.1110000000000015,0.664,3.0,-0.015,23.867,-0.004,-0.08199999999999999,444.771,0.131,-0.535
00:00:25.128,1572870399689,-0.19,0.057,6.1110000000000015,0.664,3.0,-0.015,23.864,-0.004,-0.081,445.169,0.131,-0.535
00:00:25.129,1572870399690,-0.181,0.057,6.1110000000000015,0.664,3.0,-0.015,23.861,-0.004,-0.08,445.566,0.131,-0.535
00:00:25.130,1572870399691,-0.172,0.058,6.1110000000000015,0.664,3.0,-0.016,23.858,-0.005,-0.08,445.964,0.131,-0.535
00:00:25.175,1572870399736,-0.165,0.058,6.1110000000000015,0.664,3.0,-0.016,23.856,-0.005,-0.079,446.362,0.13,-0.535
00:00:25.176,1572870399737,-0.158,0.058,8.308,0.664,3.0,-0.016,23.853,-0.005,-0.078,446.759,0.13,-0.535
00:00:25.177,1572870399738,-0.151,0.058,8.308,0.664,3.0,-0.016,23.851,-0.005,-0.077,447.157,0.13,-0.535
00:00:25.228,1572870399789,-0.138,0.059,8.308,0.664,3.0,-0.017,23.849,-0.005,-0.076,447.554,0.13,-0.535
00:00:25.229,1572870399790,-0.12,0.059,8.308,0.664,3.0,-0.017,23.847,-0.005,-0.075,447.952,0.13,-0.535
00:00:25.230,1572870399791,-0.103,0.059,8.308,0.664,3.0,-0.017,23.845,-0.005,-0.07400000000000001,448.349,0.131,-0.535
00:00:25.283,1572870399844,-0.09,0.06,8.308,0.2,3.0,-0.017,23.844,-0.005,-0.073,448.746,0.131,-0.535
00:00:25.284,1572870399845,-0.083,0.06,9.48,0.2,3.0,-0.017,23.843000000000004,-0.005,-0.07200000000000001,449.144,0.131,-0.535
00:00:25.285,1572870399846,-0.079,0.06,9.48,0.2,3.0,-0.018000000000000002,23.842,-0.005,-0.07,449.541,0.131,-0.535
00:00:25.340,1572870399901,-0.073,0.06,9.48,0.2,3.0,-0.018000000000000002,23.84,-0.005,-0.069,449.939,0.131,-0.535
00:00:25.341,1572870399902,-0.065,0.06,9.48,0.2,3.0,-0.018000000000000002,23.839,-0.005,-0.068,450.336,0.131,-0.535
00:00:25.342,1572870399903,-0.057,0.06,9.48,0.2,3.0,-0.018000000000000002,23.839,-0.005,-0.066,450.733,0.131,-0.535
00:00:25.343,1572870399904,-0.052000000000000005,0.06,9.48,0.664,3.0,-0.018000000000000002,23.838,-0.005,-0.065,451.13,0.131,-0.535
00:00:25.382,1572870399943,-0.05,0.06,10.139,0.664,3.0,-0.018000000000000002,23.837,-0.005,-0.063,451.528,0.131,-0.535
00:00:25.383,1572870399944,-0.049,0.06,10.139,0.664,3.0,-0.019,23.836,-0.005,-0.062,451.925,0.132,-0.535
00:00:25.384,1572870399945,-0.045,0.059,10.139,0.664,3.0,-0.019,23.835,-0.005,-0.06,452.322,0.132,-0.535
00:00:25.438,1572870399999,-0.04,0.059,10.139,0.664,3.0,-0.019,23.835,-0.005,-0.059,452.72,0.132,-0.535
00:00:25.439,1572870400000,-0.035,0.058,10.139,0.664,3.0,-0.019,23.834,-0.005,-0.058,453.117,0.132,-0.535
00:00:25.440,1572870400001,-0.032,0.057,10.139,0.664,3.0,-0.019,23.834,-0.005,-0.056,453.514,0.133,-0.535
00:00:25.487,1572870400048,-0.031,0.057,10.945,0.664,3.0,-0.019,23.833,-0.005,-0.055,453.911,0.133,-0.535
00:00:25.488,1572870400049,-0.029,0.056,10.945,0.664,3.0,-0.019,23.833,-0.005,-0.054000000000000006,454.30800000000005,0.133,-0.535
00:00:25.489,1572870400050,-0.022,0.055,10.945,0.664,3.0,-0.019,23.833,-0.005,-0.053,454.706,0.133,-0.535
00:00:25.534,1572870400095,-0.014,0.055,10.945,0.664,3.0,-0.019,23.833,-0.005,-0.052000000000000005,455.103,0.134,-0.535
00:00:25.535,1572870400096,-0.006,0.054000000000000006,10.945,0.664,3.0,-0.019,23.833,-0.005,-0.052000000000000005,455.5,0.134,-0.534
00:00:25.536,1572870400097,-0.002,0.054000000000000006,10.945,0.664,3.0,-0.019,23.833,-0.005,-0.051,455.897,0.134,-0.534
00:00:25.583,1572870400144,-0.001,0.054000000000000006,11.311,0.664,3.0,-0.02,23.833,-0.005,-0.05,456.295,0.135,-0.534
00:00:25.584,1572870400145,-0.001,0.053,11.311,0.664,3.0,-0.02,23.833,-0.005,-0.05,456.692,0.135,-0.534
00:00:25.585,1572870400146,0.0,0.053,11.311,0.664,3.0,-0.02,23.833,-0.005,-0.049,457.089,0.136,-0.534
00:00:25.632,1572870400193,0.003,0.052000000000000005,11.311,0.664,3.0,-0.02,23.833,-0.005,-0.049,457.486,0.136,-0.534
00:00:25.633,1572870400194,0.006,0.051,11.311,0.664,3.0,-0.02,23.833,-0.004,-0.048,457.883,0.136,-0.534
00:00:25.634,1572870400195,0.008,0.051,11.311,0.664,3.0,-0.02,23.833,-0.004,-0.048,458.281,0.13699999999999998,-0.534
00:00:25.683,1572870400244,0.009000000000000001,0.05,11.457,0.664,3.0,-0.019,23.833,-0.004,-0.048,458.67800000000005,0.13699999999999998,-0.534
00:00:25.684,1572870400245,0.009000000000000001,0.049,11.457,0.664,3.0,-0.019,23.833,-0.004,-0.048,459.075,0.138,-0.534
00:00:25.685,1572870400246,0.01,0.049,11.457,0.664,3.0,-0.019,23.833,-0.004,-0.048,459.472,0.138,-0.535
00:00:25.735,1572870400296,0.011,0.048,11.457,0.664,3.0,-0.019,23.834,-0.004,-0.048,459.869,0.139,-0.535
00:00:25.736,1572870400297,0.012,0.048,11.457,0.664,3.0,-0.019,23.834,-0.004,-0.048,460.267,0.139,-0.535
00:00:25.737,1572870400298,0.012,0.048,11.457,0.664,3.0,-0.019,23.834,-0.004,-0.048,460.664,0.14,-0.535
00:00:25.789,1572870400350,0.013,0.047,11.457,0.664,3.0,-0.019,23.834,-0.004,-0.048,461.061,0.14,-0.535
00:00:25.790,1572870400351,0.013,0.047,11.457,0.664,3.0,-0.019,23.834,-0.004,-0.048,461.458,0.141,-0.535
00:00:25.791,1572870400352,0.013,0.046,11.457,0.664,3.0,-0.019,23.835,-0.004,-0.048,461.856,0.141,-0.535
00:00:25.834,1572870400395,0.013,0.046,11.457,0.664,3.0,-0.019,23.835,-0.004,-0.048,462.253,0.142,-0.535
00:00:25.835,1572870400396,0.013,0.045,11.457,0.664,3.0,-0.019,23.835,-0.004,-0.049,462.65,0.142,-0.535
00:00:25.836,1572870400397,0.013,0.045,11.457,0.664,3.0,-0.019,23.835,-0.004,-0.049,463.047,0.14300000000000002,-0.535
00:00:25.884,1572870400445,0.013,0.044,11.97,0.664,3.0,-0.019,23.836,-0.004,-0.049,463.445,0.14400000000000002,-0.535
00:00:25.885,1572870400446,0.014,0.044,11.97,0.664,3.0,-0.019,23.836,-0.004,-0.049,463.842,0.14400000000000002,-0.535
00:00:25.886,1572870400447,0.016,0.043,11.97,0.664,3.0,-0.019,23.836,-0.004,-0.049,464.239,0.145,-0.535
00:00:25.941,1572870400502,0.02,0.043,11.97,0.664,3.0,-0.018000000000000002,23.837,-0.004,-0.049,464.636,0.145,-0.535
00:00:25.942,1572870400503,0.024,0.042,11.97,0.664,3.0,-0.018000000000000002,23.837,-0.004,-0.049,465.034,0.146,-0.535
00:00:25.943,1572870400504,0.028,0.041,11.97,0.664,3.0,-0.018000000000000002,23.837,-0.004,-0.049,465.431,0.147,-0.535
00:00:26.006,1572870400567,0.03,0.04,11.97,0.664,3.0,-0.018000000000000002,23.838,-0.004,-0.049,465.828,0.147,-0.535
00:00:26.007,1572870400568,0.031,0.039,11.97,0.664,3.0,-0.018000000000000002,23.839,-0.004,-0.049,466.226,0.14800000000000002,-0.535
00:00:26.008,1572870400569,0.031,0.038,11.97,0.664,3.0,-0.018000000000000002,23.839,-0.004,-0.049,466.62300000000016,0.149,-0.535
00:00:26.050,1572870400611,0.031,0.037000000000000005,11.97,0.664,3.0,-0.018000000000000002,23.84,-0.004,-0.049,467.02,0.15,-0.535
00:00:26.051,1572870400612,0.031,0.036000000000000004,11.97,0.664,3.0,-0.018000000000000002,23.84,-0.004,-0.049,467.418,0.15,-0.535
00:00:26.052,1572870400613,0.03,0.035,11.97,0.664,3.0,-0.018000000000000002,23.841,-0.004,-0.049,467.815,0.151,-0.535
00:00:26.053,1572870400614,0.03,0.034,11.97,0.664,3.0,-0.017,23.841,-0.004,-0.049,468.212,0.152,-0.535
00:00:26.104,1572870400665,0.03,0.034,11.97,0.664,3.0,-0.017,23.842,-0.003,-0.049,468.61,0.152,-0.535
00:00:26.105,1572870400666,0.029,0.033,11.97,0.664,3.0,-0.017,23.842,-0.003,-0.049,469.007,0.153,-0.535
00:00:26.106,1572870400667,0.029,0.032,11.97,0.664,3.0,-0.017,23.843000000000004,-0.003,-0.049,469.404,0.154,-0.535
00:00:26.153,1572870400714,0.029,0.032,11.97,0.664,3.0,-0.017,23.843000000000004,-0.003,-0.049,469.802,0.155,-0.535
00:00:26.154,1572870400715,0.03,0.031,11.97,0.664,3.0,-0.016,23.843000000000004,-0.003,-0.049,470.199,0.155,-0.535
00:00:26.155,1572870400716,0.03,0.03,12.263,0.664,3.0,-0.016,23.844,-0.003,-0.049,470.597,0.156,-0.535
00:00:26.208,1572870400769,0.03,0.029,12.263,0.664,3.0,-0.016,23.844,-0.003,-0.049,470.994,0.157,-0.535
00:00:26.209,1572870400770,0.032,0.029,12.263,0.664,3.0,-0.016,23.845,-0.003,-0.049,471.391,0.158,-0.535
00:00:26.210,1572870400771,0.034,0.028,12.263,0.664,3.0,-0.016,23.846,-0.003,-0.049,471.789,0.159,-0.535
00:00:26.258,1572870400819,0.037000000000000005,0.028,12.263,0.664,3.0,-0.015,23.846,-0.003,-0.049,472.186,0.159,-0.535
00:00:26.259,1572870400820,0.038,0.027000000000000003,12.263,0.664,3.0,-0.015,23.847,-0.003,-0.048,472.584,0.16,-0.535
00:00:26.260,1572870400821,0.04,0.026,12.483,0.664,3.0,-0.015,23.84800000000001,-0.003,-0.048,472.981,0.161,-0.535
00:00:26.308,1572870400869,0.041,0.026,12.483,0.664,3.0,-0.015,23.84800000000001,-0.002,-0.048,473.379,0.162,-0.535
00:00:26.309,1572870400870,0.042,0.026,12.483,0.664,3.0,-0.015,23.849,-0.002,-0.048,473.776,0.163,-0.535
00:00:26.310,1572870400871,0.044,0.025,12.483,0.664,3.0,-0.014,23.85,-0.002,-0.048,474.174,0.16399999999999998,-0.535
00:00:26.359,1572870400920,0.045,0.024,12.483,0.664,3.0,-0.014,23.851,-0.002,-0.048,474.571,0.165,-0.535
00:00:26.360,1572870400921,0.046,0.024,12.483,0.664,3.0,-0.014,23.851,-0.002,-0.047,474.969,0.165,-0.535
00:00:26.361,1572870400922,0.047,0.022,12.922,0.664,3.0,-0.014,23.852,-0.002,-0.047,475.366,0.166,-0.535
00:00:26.412,1572870400973,0.049,0.021,12.922,0.664,3.0,-0.014,23.853,-0.002,-0.047,475.764,0.16699999999999998,-0.535
00:00:26.413,1572870400974,0.051,0.02,12.922,0.664,3.0,-0.013,23.854,-0.002,-0.047,476.161,0.168,-0.535
00:00:26.414,1572870400975,0.055,0.019,12.922,0.664,3.0,-0.013,23.855,-0.002,-0.046,476.559,0.16899999999999998,-0.535
00:00:26.462,1572870401023,0.058,0.018000000000000002,12.922,0.664,3.0,-0.013,23.856,-0.002,-0.046,476.956,0.17,-0.535
00:00:26.463,1572870401024,0.061,0.017,12.922,0.664,3.0,-0.013,23.857,-0.002,-0.046,477.354,0.171,-0.535
00:00:26.464,1572870401025,0.063,0.016,13.142,0.664,3.0,-0.013,23.858,-0.002,-0.046,477.752,0.172,-0.535
00:00:26.513,1572870401074,0.064,0.016,13.142,0.664,3.0,-0.012,23.859,-0.002,-0.045,478.149,0.173,-0.535
00:00:26.514,1572870401075,0.065,0.015,13.142,0.664,3.0,-0.012,23.86,-0.002,-0.045,478.547,0.173,-0.535
00:00:26.515,1572870401076,0.067,0.015,13.142,0.664,3.0,-0.012,23.861,-0.002,-0.045,478.945,0.174,-0.535
00:00:26.516,1572870401077,0.068,0.015,13.142,0.664,3.0,-0.012,23.862,-0.002,-0.044,479.268,0.175,-0.535
00:00:26.563,1572870401124,0.069,0.015,13.142,0.664,3.0,-0.011,23.863000000000003,-0.002,-0.044,479.665,0.17600000000000002,-0.535
00:00:26.564,1572870401125,0.07,0.015,13.655,0.664,3.0,-0.011,23.865,-0.002,-0.044,480.06300000000016,0.177,-0.535
00:00:26.565,1572870401126,0.071,0.015,13.655,0.664,3.0,-0.011,23.866,-0.001,-0.043,480.461,0.17800000000000002,-0.535
00:00:26.614,1572870401175,0.07400000000000001,0.015,13.655,0.664,3.0,-0.011,23.867,-0.001,-0.043,480.859,0.179,-0.535
00:00:26.615,1572870401176,0.078,0.015,13.655,0.664,3.0,-0.01,23.868,-0.001,-0.043,481.256,0.18,-0.535
00:00:26.616,1572870401177,0.08199999999999999,0.014,13.655,0.664,3.0,-0.01,23.87,-0.001,-0.042,481.654,0.181,-0.535
00:00:26.666,1572870401227,0.086,0.013,13.655,0.664,3.0,-0.01,23.871,-0.001,-0.042,482.052,0.182,-0.535
00:00:26.667,1572870401228,0.08800000000000001,0.011,14.46,0.664,3.0,-0.01,23.873,-0.001,-0.042,482.45,0.183,-0.535
00:00:26.668,1572870401229,0.09,0.01,14.46,0.664,3.0,-0.01,23.874,-0.001,-0.041,482.848,0.184,-0.535
00:00:26.714,1572870401275,0.095,0.008,14.46,0.664,3.0,-0.01,23.876,-0.001,-0.041,483.246,0.185,-0.535
00:00:26.715,1572870401276,0.102,0.006,14.46,0.664,3.0,-0.009000000000000001,23.878,-0.001,-0.04,483.644,0.185,-0.535
00:00:26.716,1572870401277,0.109,0.004,14.46,0.664,3.0,-0.009000000000000001,23.88,-0.001,-0.04,484.042,0.18600000000000005,-0.534
00:00:26.764,1572870401325,0.114,0.003,14.46,0.664,3.0,-0.009000000000000001,23.882,-0.001,-0.039,484.44,0.187,-0.534
00:00:26.765,1572870401326,0.117,0.001,15.12,0.664,3.0,-0.009000000000000001,23.884,-0.001,-0.039,484.838,0.188,-0.534
00:00:26.766,1572870401327,0.12,0.0,15.12,0.664,3.0,-0.008,23.886,-0.001,-0.038,485.236,0.189,-0.534
00:00:26.818,1572870401379,0.123,-0.001,15.12,0.664,3.0,-0.008,23.888,-0.001,-0.038,485.634,0.19,-0.534
00:00:26.819,1572870401380,0.129,-0.001,15.12,0.664,3.0,-0.008,23.89,-0.001,-0.037000000000000005,486.032,0.191,-0.534
00:00:26.820,1572870401381,0.134,-0.002,15.12,0.664,3.0,-0.006999999999999999,23.892,-0.001,-0.037000000000000005,486.43,0.192,-0.534
00:00:26.869,1572870401430,0.138,-0.002,15.12,0.664,3.0,-0.006999999999999999,23.895,-0.001,-0.036000000000000004,486.828,0.193,-0.534
00:00:26.870,1572870401431,0.14,-0.003,15.265999999999998,0.664,3.0,-0.006999999999999999,23.897,-0.001,-0.035,487.227,0.194,-0.534
00:00:26.871,1572870401432,0.141,-0.003,15.265999999999998,0.664,3.0,-0.006,23.899,-0.001,-0.035,487.625,0.195,-0.534
00:00:26.922,1572870401483,0.142,-0.004,15.265999999999998,0.664,3.0,-0.006,23.902,-0.001,-0.034,488.023,0.196,-0.534
00:00:26.923,1572870401484,0.14300000000000002,-0.005,15.265999999999998,0.664,3.0,-0.006,23.904,-0.001,-0.034,488.422,0.197,-0.534
00:00:26.924,1572870401485,0.14300000000000002,-0.006,15.265999999999998,0.664,3.0,-0.005,23.907,0.0,-0.033,488.87,0.198,-0.534
00:00:26.969,1572870401530,0.14400000000000002,-0.006999999999999999,15.265999999999998,0.664,3.0,-0.005,23.909,0.0,-0.032,489.244,0.199,-0.534
00:00:26.970,1572870401531,0.14400000000000002,-0.009000000000000001,15.632,0.664,3.0,-0.005,23.911,0.0,-0.032,489.617,0.2,-0.534
00:00:26.971,1572870401532,0.145,-0.01,15.632,0.664,3.0,-0.005,23.914,0.0,-0.031,490.016,0.201,-0.534
00:00:27.019,1572870401580,0.14800000000000002,-0.012,15.632,0.664,3.0,-0.004,23.916,0.0,-0.031,490.414,0.202,-0.534
00:00:27.020,1572870401581,0.151,-0.013,15.632,0.664,3.0,-0.004,23.919,0.0,-0.031,490.81300000000016,0.203,-0.534
00:00:27.021,1572870401582,0.155,-0.014,15.632,0.664,3.0,-0.004,23.922,0.0,-0.03,491.212,0.204,-0.534
00:00:27.070,1572870401631,0.158,-0.015,15.632,0.664,3.0,-0.003,23.924,0.001,-0.03,491.61,0.204,-0.534
00:00:27.071,1572870401632,0.159,-0.015,15.925,0.664,3.0,-0.003,23.927,0.001,-0.03,492.009,0.205,-0.534
00:00:27.072,1572870401633,0.16,-0.015,15.925,0.664,3.0,-0.002,23.93,0.001,-0.029,492.408,0.206,-0.534
00:00:27.125,1572870401686,0.162,-0.016,15.925,0.664,3.0,-0.002,23.932,0.001,-0.029,492.807,0.207,-0.534
00:00:27.126,1572870401687,0.165,-0.016,15.925,0.664,3.0,-0.002,23.935,0.001,-0.029,493.206,0.208,-0.534
00:00:27.127,1572870401688,0.16699999999999998,-0.016,15.925,0.664,3.0,-0.001,23.938,0.001,-0.029,493.605,0.209,-0.534
00:00:27.171,1572870401732,0.16899999999999998,-0.016,15.925,0.664,3.0,-0.001,23.941,0.002,-0.028,494.003,0.21,-0.534
00:00:27.172,1572870401733,0.17,-0.017,16.438,0.664,3.0,-0.001,23.94400000000001,0.002,-0.028,494.403,0.211,-0.534
00:00:27.173,1572870401734,0.171,-0.017,16.438,0.664,3.0,0.0,23.946,0.002,-0.028,494.802,0.212,-0.534
00:00:27.224,1572870401785,0.174,-0.017,16.438,0.664,3.0,0.0,23.949,0.002,-0.028,495.201,0.213,-0.534
00:00:27.225,1572870401786,0.17800000000000002,-0.017,16.438,0.664,3.0,0.0,23.952,0.002,-0.028,495.6,0.214,-0.534
00:00:27.226,1572870401787,0.183,-0.017,16.438,0.664,3.0,0.0,23.956,0.002,-0.028,495.999,0.214,-0.534
00:00:27.275,1572870401836,0.18600000000000005,-0.018000000000000002,16.438,0.664,3.0,0.001,23.959,0.002,-0.028,496.398,0.215,-0.534
00:00:27.276,1572870401837,0.189,-0.018000000000000002,16.804000000000002,0.664,3.0,0.001,23.962,0.002,-0.027000000000000003,496.798,0.21600000000000005,-0.534
00:00:27.277,1572870401838,0.191,-0.017,16.804000000000002,0.664,3.0,0.001,23.965,0.002,-0.027000000000000003,497.197,0.217,-0.534
00:00:27.325,1572870401886,0.194,-0.017,16.804000000000002,0.664,3.0,0.001,23.968000000000004,0.002,-0.027000000000000003,497.597,0.218,-0.534
00:00:27.326,1572870401887,0.197,-0.017,16.804000000000002,0.664,3.0,0.002,23.972,0.002,-0.027000000000000003,497.996,0.219,-0.534
00:00:27.327,1572870401888,0.2,-0.017,16.804000000000002,0.664,3.0,0.002,23.975,0.002,-0.027000000000000003,498.396,0.22,-0.534
00:00:27.375,1572870401936,0.202,-0.017,16.804000000000002,0.664,3.0,0.002,23.978,0.002,-0.026,498.795,0.22,-0.534
00:00:27.376,1572870401937,0.204,-0.016,16.804000000000002,0.664,3.0,0.002,23.982,0.002,-0.026,499.195,0.221,-0.534
00:00:27.377,1572870401938,0.205,-0.016,16.804000000000002,0.664,3.0,0.002,23.985,0.002,-0.026,499.595,0.222,-0.534
00:00:27.425,1572870401986,0.205,-0.016,16.804000000000002,0.664,3.0,0.002,23.989,0.002,-0.025,499.994,0.223,-0.534
00:00:27.426,1572870401987,0.205,-0.015,16.804000000000002,0.664,3.0,0.003,23.992,0.002,-0.025,500.419,0.224,-0.534
00:00:27.427,1572870401988,0.205,-0.015,16.804000000000002,0.664,3.0,0.003,23.996,0.002,-0.025,500.794,0.225,-0.534
00:00:27.476,1572870402037,0.204,-0.014,16.804000000000002,0.664,3.0,0.003,23.999,0.002,-0.025,501.194,0.225,-0.534
00:00:27.477,1572870402038,0.204,-0.014,16.804000000000002,0.664,3.0,0.003,24.002,0.002,-0.024,501.594,0.226,-0.534
00:00:27.478,1572870402039,0.204,-0.013,16.804000000000002,0.664,3.0,0.003,24.006,0.002,-0.024,501.994,0.227,-0.534
00:00:27.526,1572870402087,0.203,-0.013,16.804000000000002,0.664,3.0,0.003,24.009,0.002,-0.024,502.394,0.228,-0.534
00:00:27.527,1572870402088,0.203,-0.013,16.804000000000002,0.664,3.0,0.003,24.012,0.002,-0.024,502.794,0.229,-0.534
00:00:27.528,1572870402089,0.203,-0.012,16.804000000000002,0.664,3.0,0.003,24.016,0.002,-0.024,503.195,0.23,-0.534
00:00:27.583,1572870402144,0.203,-0.012,16.804000000000002,0.664,3.0,0.003,24.019,0.002,-0.023,503.595,0.23,-0.534
00:00:27.584,1572870402145,0.203,-0.012,16.804000000000002,0.664,3.0,0.003,24.023000000000003,0.001,-0.023,503.995,0.231,-0.534
00:00:27.585,1572870402146,0.203,-0.013,16.804000000000002,0.664,3.0,0.003,24.026,0.001,-0.023,504.396,0.232,-0.534
00:00:27.586,1572870402147,0.203,-0.014,16.804000000000002,0.664,3.0,0.003,24.029,0.001,-0.023,504.796,0.233,-0.534
00:00:27.641,1572870402202,0.203,-0.014,16.804000000000002,0.664,3.0,0.003,24.033,0.001,-0.023,505.222,0.234,-0.534
00:00:27.642,1572870402203,0.203,-0.015,16.804000000000002,0.664,3.0,0.003,24.036,0.001,-0.023,505.597,0.234,-0.534
00:00:27.643,1572870402204,0.202,-0.016,16.804000000000002,0.664,3.0,0.003,24.039,0.001,-0.023,505.99800000000016,0.235,-0.534
00:00:27.689,1572870402250,0.202,-0.017,16.804000000000002,0.2,3.0,0.003,24.04300000000001,0.001,-0.023,506.424,0.236,-0.534
00:00:27.690,1572870402251,0.202,-0.018000000000000002,16.804000000000002,0.2,3.0,0.004,24.046,0.001,-0.023,506.799,0.237,-0.534
00:00:27.691,1572870402252,0.202,-0.019,16.804000000000002,0.2,3.0,0.004,24.05,0.001,-0.023,507.2,0.237,-0.534
00:00:27.738,1572870402299,0.202,-0.02,16.804000000000002,0.2,3.0,0.004,24.053,0.001,-0.023,507.601,0.238,-0.534
00:00:27.739,1572870402300,0.202,-0.021,16.804000000000002,0.2,3.0,0.004,24.056,0.001,-0.024,508.002,0.239,-0.534
00:00:27.740,1572870402301,0.202,-0.021,16.804000000000002,0.2,3.0,0.004,24.06,0.001,-0.024,508.403,0.24,-0.534
00:00:27.784,1572870402345,0.202,-0.022,16.804000000000002,0.664,3.0,0.004,24.063,0.001,-0.024,508.829,0.24,-0.534
00:00:27.785,1572870402346,0.202,-0.022,16.804000000000002,0.664,3.0,0.004,24.066,0.001,-0.024,509.205,0.241,-0.534
00:00:27.786,1572870402347,0.202,-0.023,16.804000000000002,0.664,3.0,0.005,24.07,0.001,-0.024,509.606,0.242,-0.534
00:00:27.834,1572870402395,0.201,-0.023,16.804000000000002,0.664,3.0,0.005,24.073,0.001,-0.024,510.007,0.243,-0.534
00:00:27.835,1572870402396,0.201,-0.023,16.804000000000002,0.664,3.0,0.005,24.076,0.001,-0.024,510.409,0.243,-0.534
00:00:27.836,1572870402397,0.201,-0.024,16.804000000000002,0.664,3.0,0.005,24.08,0.001,-0.024,510.81,0.244,-0.534
00:00:27.885,1572870402446,0.201,-0.024,16.804000000000002,0.664,3.0,0.005,24.083,0.001,-0.024,511.236,0.245,-0.534
00:00:27.886,1572870402447,0.201,-0.025,16.804000000000002,0.664,3.0,0.005,24.087,0.002,-0.024,511.61300000000006,0.245,-0.534
00:00:27.887,1572870402448,0.201,-0.025,16.804000000000002,0.664,3.0,0.006,24.09,0.002,-0.024,512.039,0.246,-0.534
00:00:27.937,1572870402498,0.201,-0.026,16.804000000000002,0.664,3.0,0.006,24.093000000000004,0.002,-0.025,512.441,0.247,-0.534
00:00:27.938,1572870402499,0.201,-0.027000000000000003,16.804000000000002,0.664,3.0,0.006,24.097,0.002,-0.025,512.817,0.247,-0.534
00:00:27.939,1572870402500,0.201,-0.027000000000000003,16.804000000000002,0.664,3.0,0.006,24.1,0.002,-0.025,513.219,0.248,-0.534
00:00:27.986,1572870402547,0.201,-0.028,16.804000000000002,0.664,3.0,0.006,24.103,0.002,-0.025,513.646,0.249,-0.534
00:00:27.987,1572870402548,0.2,-0.028,16.804000000000002,0.664,3.0,0.006,24.107,0.002,-0.025,514.0219999999998,0.249,-0.534
00:00:27.988,1572870402549,0.2,-0.029,16.804000000000002,0.664,3.0,0.006999999999999999,24.11,0.003,-0.025,514.424,0.25,-0.534
00:00:28.051,1572870402612,0.2,-0.029,16.804000000000002,0.664,3.0,0.006999999999999999,24.113000000000003,0.003,-0.025,514.851,0.251,-0.534
00:00:28.052,1572870402613,0.2,-0.029,16.804000000000002,0.664,3.0,0.006999999999999999,24.117,0.003,-0.025,515.2280000000002,0.251,-0.534
00:00:28.053,1572870402614,0.2,-0.029,16.804000000000002,0.664,3.0,0.006999999999999999,24.12,0.003,-0.025,515.63,0.252,-0.534
00:00:28.087,1572870402648,0.2,-0.03,16.804000000000002,0.664,3.0,0.006999999999999999,24.123,0.003,-0.025,516.0319999999998,0.253,-0.534
00:00:28.088,1572870402649,0.2,-0.03,16.804000000000002,0.664,3.0,0.006999999999999999,24.127,0.003,-0.025,516.434,0.253,-0.534
00:00:28.089,1572870402650,0.2,-0.03,16.804000000000002,0.664,3.0,0.008,24.13,0.003,-0.025,516.861,0.254,-0.534
00:00:28.137,1572870402698,0.2,-0.03,16.804000000000002,0.664,3.0,0.008,24.13300000000001,0.003,-0.025,517.263,0.254,-0.534
00:00:28.138,1572870402699,0.2,-0.03,16.804000000000002,0.664,3.0,0.008,24.137,0.003,-0.025,517.64,0.255,-0.534
00:00:28.139,1572870402700,0.199,-0.03,16.804000000000002,0.664,3.0,0.008,24.14,0.003,-0.025,518.043,0.256,-0.534
00:00:28.189,1572870402750,0.199,-0.029,16.804000000000002,0.664,3.0,0.008,24.143,0.003,-0.025,518.47,0.256,-0.534
00:00:28.190,1572870402751,0.199,-0.029,16.804000000000002,0.664,3.0,0.008,24.147,0.003,-0.025,518.8480000000002,0.257,-0.534
00:00:28.191,1572870402752,0.199,-0.029,16.804000000000002,0.664,3.0,0.008,24.15,0.003,-0.025,519.25,0.257,-0.534
00:00:28.240,1572870402801,0.199,-0.029,16.804000000000002,0.664,3.0,0.008,24.153,0.003,-0.025,519.653,0.258,-0.534
00:00:28.241,1572870402802,0.199,-0.029,16.804000000000002,0.664,3.0,0.009000000000000001,24.156,0.003,-0.025,520.055,0.258,-0.534
00:00:28.242,1572870402803,0.199,-0.028,16.804000000000002,0.664,3.0,0.009000000000000001,24.16,0.003,-0.025,520.4580000000002,0.259,-0.534
00:00:28.294,1572870402855,0.199,-0.028,16.804000000000002,0.664,3.0,0.009000000000000001,24.163,0.003,-0.025,520.86,0.259,-0.534
00:00:28.295,1572870402856,0.199,-0.027000000000000003,16.804000000000002,0.664,3.0,0.009000000000000001,24.166,0.003,-0.025,521.263,0.26,-0.534
00:00:28.341,1572870402902,0.198,-0.026,16.804000000000002,0.664,3.0,0.009000000000000001,24.172,0.003,-0.025,521.993,0.261,-0.534
00:00:28.342,1572870402903,0.198,-0.026,16.804000000000002,0.664,3.0,0.009000000000000001,24.173,0.003,-0.025,522.094,0.261,-0.534
00:00:28.343,1572870402904,0.198,-0.026,16.804000000000002,0.664,3.0,0.009000000000000001,24.176,0.003,-0.025,522.472,0.261,-0.534
00:00:28.344,1572870402905,0.198,-0.026,16.804000000000002,0.664,3.0,0.009000000000000001,24.18,0.003,-0.025,522.875,0.262,-0.534
00:00:28.409,1572870402970,0.198,-0.025,16.804000000000002,0.664,3.0,0.009000000000000001,24.183000000000003,0.003,-0.025,523.303,0.262,-0.534
00:00:28.410,1572870402971,0.198,-0.025,16.804000000000002,0.664,3.0,0.009000000000000001,24.186,0.003,-0.025,523.681,0.263,-0.534
00:00:28.411,1572870402972,0.198,-0.025,16.804000000000002,0.664,3.0,0.009000000000000001,24.189,0.003,-0.025,524.0840000000002,0.263,-0.534
00:00:28.447,1572870403008,0.198,-0.024,16.804000000000002,0.664,3.0,0.009000000000000001,24.193,0.002,-0.025,524.487,0.264,-0.534
00:00:28.448,1572870403009,0.198,-0.024,16.804000000000002,0.664,3.0,0.009000000000000001,24.196,0.002,-0.025,524.89,0.264,-0.534
00:00:28.449,1572870403010,0.198,-0.024,16.804000000000002,0.664,3.0,0.009000000000000001,24.199,0.002,-0.025,525.294,0.264,-0.534
00:00:28.504,1572870403065,0.198,-0.024,16.804000000000002,0.664,3.0,0.009000000000000001,24.20300000000001,0.002,-0.025,525.722,0.265,-0.534
00:00:28.505,1572870403066,0.197,-0.023,16.804000000000002,0.664,3.0,0.009000000000000001,24.206,0.002,-0.025,526.1,0.265,-0.534
00:00:28.506,1572870403067,0.197,-0.023,16.804000000000002,0.664,3.0,0.009000000000000001,24.209,0.002,-0.025,526.529,0.266,-0.534
00:00:28.543,1572870403104,0.197,-0.023,16.804000000000002,0.664,3.0,0.009000000000000001,24.213,0.002,-0.025,526.933,0.266,-0.534
00:00:28.544,1572870403105,0.197,-0.023,16.804000000000002,0.664,3.0,0.009000000000000001,24.216,0.002,-0.025,527.336,0.267,-0.534
00:00:28.545,1572870403106,0.197,-0.023,16.804000000000002,0.664,3.0,0.009000000000000001,24.219,0.002,-0.025,527.74,0.267,-0.534
00:00:28.592,1572870403153,0.197,-0.023,16.804000000000002,0.664,3.0,0.009000000000000001,24.222,0.002,-0.025,528.118,0.267,-0.534
00:00:28.593,1572870403154,0.197,-0.023,16.804000000000002,0.664,3.0,0.009000000000000001,24.226,0.002,-0.025,528.5219999999998,0.268,-0.534
00:00:28.594,1572870403155,0.197,-0.023,16.804000000000002,0.664,3.0,0.009000000000000001,24.229,0.002,-0.025,528.951,0.268,-0.534
00:00:28.643,1572870403204,0.197,-0.023,16.804000000000002,0.664,3.0,0.009000000000000001,24.232,0.002,-0.025,529.355,0.269,-0.534
00:00:28.644,1572870403205,0.197,-0.023,16.804000000000002,0.664,3.0,0.009000000000000001,24.235,0.002,-0.025,529.734,0.269,-0.534
00:00:28.645,1572870403206,0.196,-0.023,16.804000000000002,0.664,3.0,0.009000000000000001,24.239,0.002,-0.025,530.138,0.269,-0.534
00:00:28.695,1572870403256,0.196,-0.023,16.804000000000002,0.664,3.0,0.009000000000000001,24.242,0.002,-0.025,530.567,0.27,-0.534
00:00:28.696,1572870403257,0.196,-0.022,16.804000000000002,0.664,3.0,0.009000000000000001,24.245,0.002,-0.025,530.971,0.27,-0.534
00:00:28.697,1572870403258,0.196,-0.022,16.804000000000002,0.664,3.0,0.009000000000000001,24.249,0.002,-0.025,531.375,0.27,-0.534
00:00:28.745,1572870403306,0.196,-0.022,16.804000000000002,0.664,3.0,0.009000000000000001,24.252,0.002,-0.026,531.779,0.271,-0.534
00:00:28.746,1572870403307,0.196,-0.022,16.804000000000002,0.664,3.0,0.009000000000000001,24.255,0.002,-0.026,532.158,0.271,-0.534
00:00:28.747,1572870403308,0.196,-0.022,16.804000000000002,0.664,3.0,0.009000000000000001,24.259,0.002,-0.026,532.5880000000002,0.271,-0.534
00:00:28.796,1572870403357,0.196,-0.022,16.804000000000002,0.664,3.0,0.009000000000000001,24.262,0.002,-0.026,532.992,0.272,-0.534
00:00:28.797,1572870403358,0.196,-0.022,16.804000000000002,0.664,3.0,0.009000000000000001,24.265,0.002,-0.026,533.396,0.272,-0.534
00:00:28.798,1572870403359,0.196,-0.022,16.804000000000002,0.664,3.0,0.009000000000000001,24.268,0.002,-0.026,533.8009999999998,0.272,-0.534
00:00:28.799,1572870403360,0.195,-0.022,16.804000000000002,0.664,3.0,0.009000000000000001,24.272,0.002,-0.026,534.205,0.273,-0.534
00:00:28.846,1572870403407,0.195,-0.022,16.804000000000002,0.664,3.0,0.009000000000000001,24.275,0.002,-0.026,534.585,0.273,-0.534
00:00:28.847,1572870403408,0.195,-0.022,16.804000000000002,0.664,3.0,0.009000000000000001,24.278,0.002,-0.026,535.014,0.273,-0.534
00:00:28.848,1572870403409,0.195,-0.023,16.951,0.664,3.0,0.009000000000000001,24.281,0.002,-0.026,535.419,0.273,-0.534
00:00:28.906,1572870403467,0.195,-0.023,16.951,0.664,3.0,0.009000000000000001,24.285,0.002,-0.026,535.8240000000002,0.274,-0.534
00:00:28.907,1572870403468,0.196,-0.023,16.951,0.664,3.0,0.009000000000000001,24.288,0.002,-0.026,536.229,0.274,-0.534
00:00:28.908,1572870403469,0.197,-0.023,16.951,0.664,3.0,0.009000000000000001,24.291,0.002,-0.026,536.6080000000002,0.274,-0.534
00:00:28.957,1572870403518,0.199,-0.023,16.951,0.664,3.0,0.009000000000000001,24.295,0.002,-0.026,537.038,0.275,-0.534
00:00:28.958,1572870403519,0.2,-0.023,16.951,0.664,3.0,0.009000000000000001,24.298,0.002,-0.026,537.443,0.275,-0.534
00:00:28.959,1572870403520,0.2,-0.023,16.804000000000002,0.664,3.0,0.009000000000000001,24.301,0.002,-0.026,537.8480000000002,0.275,-0.534
00:00:29.008,1572870403569,0.2,-0.023,16.804000000000002,0.664,3.0,0.009000000000000001,24.305,0.002,-0.026,538.253,0.275,-0.534
00:00:29.009,1572870403570,0.2,-0.023,16.804000000000002,0.664,3.0,0.009000000000000001,24.308000000000003,0.002,-0.026,538.658,0.275,-0.534
00:00:29.010,1572870403571,0.198,-0.023,16.804000000000002,0.664,3.0,0.009000000000000001,24.311,0.002,-0.026,539.064,0.276,-0.534
00:00:29.059,1572870403620,0.197,-0.023,16.804000000000002,0.664,3.0,0.009000000000000001,24.314,0.002,-0.026,539.469,0.276,-0.534
00:00:29.060,1572870403621,0.195,-0.023,16.804000000000002,0.664,3.0,0.009000000000000001,24.318,0.002,-0.026,539.874,0.276,-0.534
00:00:29.061,1572870403622,0.194,-0.023,16.804000000000002,0.664,3.0,0.009000000000000001,24.321,0.002,-0.026,540.279,0.276,-0.534
00:00:29.112,1572870403673,0.194,-0.022,16.804000000000002,0.664,3.0,0.009000000000000001,24.324,0.002,-0.026,540.685,0.277,-0.534
00:00:29.113,1572870403674,0.193,-0.022,16.804000000000002,0.664,3.0,0.009000000000000001,24.327,0.002,-0.026,541.09,0.277,-0.534
00:00:29.114,1572870403675,0.193,-0.022,16.804000000000002,0.664,3.0,0.009000000000000001,24.331,0.002,-0.026,541.496,0.277,-0.534
00:00:29.163,1572870403724,0.193,-0.022,16.804000000000002,0.664,3.0,0.009000000000000001,24.334,0.002,-0.026,541.901,0.277,-0.534
00:00:29.164,1572870403725,0.193,-0.022,16.804000000000002,0.664,3.0,0.009000000000000001,24.337,0.002,-0.026,542.307,0.277,-0.534
00:00:29.165,1572870403726,0.193,-0.021,14.607,0.664,3.0,0.008,24.34,0.002,-0.026,542.712,0.277,-0.534
00:00:29.211,1572870403772,0.187,-0.021,14.607,0.664,3.0,0.008,24.343000000000004,0.002,-0.026,543.118,0.278,-0.534
00:00:29.212,1572870403773,0.172,-0.021,14.607,0.664,3.0,0.008,24.346,0.002,-0.026,543.524,0.278,-0.534
00:00:29.213,1572870403774,0.15,-0.021,14.607,0.664,3.0,0.008,24.34800000000001,0.002,-0.026,543.93,0.278,-0.534
00:00:29.265,1572870403826,0.129,-0.02,14.607,0.664,3.0,0.008,24.35,0.002,-0.027000000000000003,544.335,0.278,-0.534
00:00:29.266,1572870403827,0.114,-0.02,14.607,0.664,3.0,0.008,24.352,0.002,-0.027000000000000003,544.741,0.278,-0.535
00:00:29.267,1572870403828,0.103,-0.019,1.13,0.664,3.0,0.008,24.353,0.002,-0.028,545.1469999999998,0.278,-0.535
00:00:29.311,1572870403872,0.077,-0.019,1.13,0.664,3.0,0.008,24.354,0.002,-0.029,545.553,0.279,-0.535
00:00:29.312,1572870403873,0.013,-0.018000000000000002,1.13,0.664,3.0,0.008,24.353,0.002,-0.03,545.908,0.279,-0.535
00:00:29.313,1572870403874,-0.101,-0.018000000000000002,1.13,0.664,3.0,0.008,24.349,0.002,-0.032,546.314,0.279,-0.535
00:00:29.362,1572870403923,-0.215,-0.017,1.13,0.664,3.0,0.008,24.344,0.002,-0.034,546.72,0.279,-0.535
00:00:29.363,1572870403924,-0.303,-0.017,1.13,0.664,3.0,0.008,24.338,0.002,-0.038,547.125,0.279,-0.535
00:00:29.364,1572870403925,-0.36,-0.016,1.13,0.664,3.0,0.008,24.332,0.002,-0.041,547.531,0.279,-0.535
00:00:29.423,1572870403984,-0.39,-0.015,1.13,0.664,3.0,0.008,24.325,0.002,-0.046,547.937,0.279,-0.535
00:00:29.424,1572870403985,-0.39,-0.015,1.13,0.664,3.0,0.008,24.318,0.002,-0.05,548.342,0.279,-0.535
00:00:29.425,1572870403986,-0.35600000000000004,-0.016,1.13,0.664,3.0,0.008,24.313,0.002,-0.055,548.747,0.279,-0.535
00:00:29.426,1572870403987,-0.32,-0.015,1.13,0.664,3.0,0.008,24.308000000000003,0.002,-0.059,549.1519999999998,0.28,-0.534
00:00:29.477,1572870404038,-0.318,-0.015,1.13,0.664,3.0,0.008,24.303,0.002,-0.064,549.557,0.28,-0.534
00:00:29.478,1572870404039,-0.329,-0.015,1.13,0.664,3.0,0.008,24.297,0.002,-0.068,549.962,0.28,-0.534
00:00:29.479,1572870404040,-0.325,-0.015,1.13,0.664,3.0,0.008,24.292,0.002,-0.073,550.367,0.28,-0.534
00:00:29.524,1572870404085,-0.325,-0.015,1.13,0.664,3.0,0.008,24.286,0.002,-0.077,550.7719999999998,0.28,-0.534
00:00:29.525,1572870404086,-0.325,-0.015,1.13,0.664,3.0,0.008,24.281,0.002,-0.081,551.1519999999998,0.28,-0.534
00:00:29.526,1572870404087,-0.325,-0.014,1.13,0.664,3.0,0.008,24.275,0.002,-0.086,551.582,0.28,-0.534
00:00:29.574,1572870404135,-0.325,-0.014,1.13,0.664,3.0,0.008,24.27,0.002,-0.08900000000000001,551.986,0.28,-0.534
00:00:29.575,1572870404136,-0.325,-0.014,1.13,0.2,3.0,0.006999999999999999,24.265,0.001,-0.093,552.391,0.28,-0.534
00:00:29.576,1572870404137,-0.325,-0.014,1.13,0.2,3.0,0.006999999999999999,24.259,0.001,-0.097,552.795,0.28,-0.534
00:00:29.624,1572870404185,-0.325,-0.014,1.13,0.2,3.0,0.006999999999999999,24.254,0.001,-0.1,553.1990000000002,0.28,-0.534
00:00:29.625,1572870404186,-0.325,-0.013,1.13,0.2,3.0,0.006999999999999999,24.248,0.001,-0.103,553.6030000000002,0.28,-0.534
00:00:29.626,1572870404187,-0.325,-0.013,1.13,0.2,3.0,0.006999999999999999,24.243,0.001,-0.105,554.007,0.28,-0.534
00:00:29.674,1572870404235,-0.325,-0.013,1.13,0.2,3.0,0.006999999999999999,24.238000000000003,0.001,-0.108,554.411,0.28,-0.534
00:00:29.675,1572870404236,-0.324,-0.013,1.13,0.664,3.0,0.006999999999999999,24.232,0.001,-0.11,554.815,0.28,-0.534
00:00:29.676,1572870404237,-0.324,-0.013,1.13,0.664,3.0,0.006999999999999999,24.227,0.001,-0.112,555.219,0.28,-0.534
00:00:29.725,1572870404286,-0.324,-0.013,1.13,0.664,3.0,0.006999999999999999,24.221,0.001,-0.113,555.623,0.28,-0.534
00:00:29.726,1572870404287,-0.324,-0.013,1.13,0.664,3.0,0.006999999999999999,24.216,0.001,-0.114,556.0269999999998,0.28,-0.534
00:00:29.727,1572870404288,-0.324,-0.013,1.13,0.664,3.0,0.006999999999999999,24.21,0.001,-0.115,556.43,0.281,-0.534
00:00:29.775,1572870404336,-0.324,-0.013,1.13,0.664,3.0,0.006999999999999999,24.205,0.001,-0.115,556.8340000000002,0.281,-0.534
00:00:29.776,1572870404337,-0.324,-0.014,1.13,0.664,3.0,0.006999999999999999,24.2,0.001,-0.115,557.237,0.281,-0.534
00:00:29.777,1572870404338,-0.324,-0.014,1.13,0.664,3.0,0.006999999999999999,24.19400000000001,0.001,-0.115,557.64,0.281,-0.534
00:00:29.833,1572870404394,-0.324,-0.014,1.13,0.664,3.0,0.006999999999999999,24.189,0.001,-0.115,558.043,0.281,-0.534
00:00:29.834,1572870404395,-0.324,-0.014,1.13,0.664,3.0,0.006999999999999999,24.183000000000003,0.001,-0.114,558.447,0.281,-0.534
00:00:29.835,1572870404396,-0.324,-0.014,1.13,0.664,3.0,0.006999999999999999,24.178,0.001,-0.113,558.85,0.281,-0.534
00:00:29.836,1572870404397,-0.324,-0.014,1.13,0.664,3.0,0.006999999999999999,24.173,0.001,-0.112,559.252,0.281,-0.535
00:00:29.884,1572870404445,-0.32299999999999995,-0.014,1.13,0.664,3.0,0.006999999999999999,24.167,0.001,-0.111,559.655,0.281,-0.535
00:00:29.885,1572870404446,-0.32299999999999995,-0.014,1.13,0.664,3.0,0.006999999999999999,24.162,0.001,-0.11,560.058,0.281,-0.535
00:00:29.886,1572870404447,-0.32299999999999995,-0.014,1.13,0.664,3.0,0.006999999999999999,24.157,0.001,-0.109,560.461,0.281,-0.535
00:00:29.934,1572870404495,-0.32299999999999995,-0.015,1.13,0.664,3.0,0.006999999999999999,24.151,0.002,-0.108,560.863,0.281,-0.535
00:00:29.935,1572870404496,-0.32299999999999995,-0.015,1.13,0.664,3.0,0.006999999999999999,24.146,0.002,-0.107,561.266,0.281,-0.535
00:00:29.936,1572870404497,-0.32299999999999995,-0.015,1.13,0.664,3.0,0.006999999999999999,24.14,0.002,-0.105,561.668,0.28,-0.535
00:00:29.984,1572870404545,-0.32299999999999995,-0.015,1.13,0.664,3.0,0.006999999999999999,24.135,0.002,-0.104,562.07,0.28,-0.535
00:00:29.985,1572870404546,-0.32299999999999995,-0.015,1.13,0.664,3.0,0.006999999999999999,24.13,0.002,-0.103,562.4730000000002,0.28,-0.535
00:00:29.986,1572870404547,-0.32299999999999995,-0.015,1.13,0.664,3.0,0.006999999999999999,24.124,0.002,-0.102,562.875,0.28,-0.535
00:00:30.034,1572870404595,-0.32299999999999995,-0.015,1.13,0.664,3.0,0.006999999999999999,24.119,0.002,-0.101,563.2769999999998,0.28,-0.535
00:00:30.035,1572870404596,-0.32299999999999995,-0.015,1.13,0.664,3.0,0.006999999999999999,24.114,0.002,-0.1,563.679,0.28,-0.535
00:00:30.036,1572870404597,-0.322,-0.015,1.13,0.664,3.0,0.006999999999999999,24.108,0.002,-0.099,564.081,0.28,-0.535
00:00:30.097,1572870404658,-0.322,-0.016,1.13,0.664,3.0,0.006999999999999999,24.103,0.002,-0.098,564.482,0.28,-0.535
00:00:30.098,1572870404659,-0.322,-0.015,1.13,0.664,3.0,0.006999999999999999,24.097,0.002,-0.097,564.884,0.28,-0.535
00:00:30.099,1572870404660,-0.322,-0.015,1.13,0.664,3.0,0.006999999999999999,24.092,0.002,-0.097,565.286,0.28,-0.535
00:00:30.135,1572870404696,-0.322,-0.014,1.13,0.664,3.0,0.006999999999999999,24.087,0.002,-0.096,565.687,0.28,-0.535
00:00:30.136,1572870404697,-0.322,-0.014,1.13,0.664,3.0,0.006999999999999999,24.081,0.002,-0.096,566.089,0.28,-0.535
00:00:30.137,1572870404698,-0.322,-0.014,1.13,0.664,3.0,0.006999999999999999,24.076,0.002,-0.095,566.49,0.28,-0.535
00:00:30.193,1572870404754,-0.322,-0.013,1.13,0.664,3.0,0.006,24.071,0.002,-0.095,566.891,0.28,-0.535
00:00:30.194,1572870404755,-0.322,-0.013,1.13,0.664,3.0,0.006,24.065,0.002,-0.095,567.2919999999998,0.28,-0.535
00:00:30.195,1572870404756,-0.322,-0.012,1.13,0.664,3.0,0.006,24.06,0.002,-0.094,567.693,0.28,-0.535
00:00:30.244,1572870404805,-0.322,-0.012,1.13,0.664,3.0,0.006,24.055,0.002,-0.094,568.094,0.279,-0.535
00:00:30.245,1572870404806,-0.322,-0.012,1.13,0.664,3.0,0.006,24.049,0.002,-0.094,568.495,0.279,-0.535
00:00:30.246,1572870404807,-0.322,-0.011,1.13,0.664,3.0,0.006,24.044,0.002,-0.094,568.896,0.279,-0.535
00:00:30.295,1572870404856,-0.322,-0.011,1.13,0.664,3.0,0.006,24.038,0.002,-0.094,569.297,0.279,-0.535
00:00:30.296,1572870404857,-0.322,-0.011,1.13,0.664,3.0,0.006,24.033,0.002,-0.095,569.697,0.279,-0.535
00:00:30.297,1572870404858,-0.322,-0.01,1.13,0.664,3.0,0.006,24.028,0.002,-0.095,570.0980000000002,0.279,-0.535
