rec-time,UTC,Acceleration,Lateral acceleration,Gas pedal position,Brake pedal force,Gear,Steering wheel position,Velocity,Lateral velocity,Vertical velocity,X axis position,Y axis position,Z axis position
00:00:01.421,1572924925671,0.0,0.0,0.983,163.951,3.0,-0.15,0.0,0.0,0.0,0.0,0.0,-0.527
00:00:01.422,1572924925672,0.0,0.0,0.983,163.951,3.0,-0.15,0.0,0.0,0.0,0.0,0.0,-0.527
00:00:01.423,1572924925673,0.0,0.0,0.983,163.951,3.0,-0.15,0.0,0.0,0.0,0.0,0.0,-0.527
00:00:01.470,1572924925720,0.0,0.0,0.983,163.951,3.0,-0.15,0.0,0.0,0.0,0.0,0.0,-0.527
00:00:01.471,1572924925721,0.0,0.0,0.983,163.951,3.0,-0.15,0.0,0.0,0.0,0.0,0.0,-0.527
00:00:01.472,1572924925722,0.0,0.0,0.983,163.951,3.0,-0.15,0.0,0.0,0.0,0.0,0.0,-0.527
00:00:01.520,1572924925770,0.0,0.0,0.983,163.951,3.0,-0.15,0.0,0.0,0.0,0.0,0.0,-0.527
00:00:01.521,1572924925771,0.0,0.0,0.983,163.951,3.0,-0.15,0.0,0.0,0.0,0.0,0.0,-0.527
00:00:01.522,1572924925772,0.0,0.0,0.983,163.951,3.0,-0.15,0.0,0.0,0.0,0.0,0.0,-0.527
00:00:01.574,1572924925824,0.0,0.0,0.983,163.951,3.0,-0.15,0.0,0.0,0.0,0.0,0.0,-0.527
00:00:01.575,1572924925825,0.0,0.0,0.983,163.951,3.0,-0.15,0.0,0.0,0.0,0.0,0.0,-0.527
00:00:01.576,1572924925826,0.0,0.0,0.983,163.951,3.0,-0.15,0.0,0.0,0.0,0.0,0.0,-0.527
00:00:01.620,1572924925870,0.0,0.0,0.983,163.951,3.0,-0.15,0.0,0.0,0.0,0.0,0.0,-0.527
00:00:01.621,1572924925871,0.0,0.0,0.983,163.951,3.0,-0.15,0.0,0.0,0.0,0.0,0.0,-0.527
00:00:01.622,1572924925872,0.0,0.0,0.983,163.951,3.0,-0.15,0.0,0.0,0.0,0.0,0.0,-0.527
00:00:01.671,1572924925921,0.0,0.0,0.983,163.951,3.0,-0.15,0.0,0.0,0.0,0.0,0.0,-0.527
00:00:01.672,1572924925922,0.0,0.0,0.983,163.951,3.0,-0.15,0.0,0.0,0.0,0.0,0.0,-0.527
00:00:01.673,1572924925923,0.0,0.0,0.983,163.951,3.0,-0.15,0.0,0.0,0.0,0.0,0.0,-0.527
00:00:01.721,1572924925971,0.0,0.0,0.983,163.951,3.0,-0.15,0.0,0.0,0.0,0.0,0.0,-0.527
00:00:01.722,1572924925972,0.0,0.0,0.983,163.951,3.0,-0.15,0.0,0.0,0.0,0.0,0.0,-0.527
00:00:01.723,1572924925973,0.0,0.0,0.983,163.951,3.0,-0.15,0.0,0.0,0.0,0.0,0.0,-0.527
00:00:01.771,1572924926021,0.0,0.0,0.983,163.951,3.0,-0.15,0.0,0.0,0.0,0.0,0.0,-0.527
00:00:01.772,1572924926022,0.0,0.0,0.983,163.951,3.0,-0.15,0.0,0.0,0.0,0.0,0.0,-0.527
00:00:01.773,1572924926023,0.0,0.0,0.983,163.951,3.0,-0.15,0.0,0.0,0.0,0.0,0.0,-0.527
00:00:01.822,1572924926072,0.0,0.0,0.983,156.065,3.0,-0.15,0.0,0.0,0.0,0.0,0.0,-0.527
00:00:01.823,1572924926073,0.0,0.0,0.983,156.065,3.0,-0.15,0.0,0.0,0.0,0.0,0.0,-0.527
00:00:01.824,1572924926074,0.0,0.0,0.983,156.065,3.0,-0.15,0.0,0.0,0.0,0.0,0.0,-0.527
00:00:01.873,1572924926123,0.0,0.0,0.983,156.065,3.0,-0.15,0.0,0.0,0.0,0.0,0.0,-0.527
00:00:01.874,1572924926124,0.0,0.0,0.983,156.065,3.0,-0.15,0.0,0.0,0.0,0.0,0.0,-0.527
00:00:01.875,1572924926125,0.0,0.0,0.983,156.065,3.0,-0.15,0.0,0.0,0.0,0.0,0.0,-0.527
00:00:01.923,1572924926173,0.0,0.0,0.983,137.741,3.0,-0.15,0.0,0.0,0.0,0.0,0.0,-0.527
00:00:01.924,1572924926174,0.0,0.0,0.983,137.741,3.0,-0.15,0.0,0.0,0.0,0.0,0.0,-0.527
00:00:01.925,1572924926175,0.0,0.0,0.983,137.741,3.0,-0.15,0.0,0.0,0.0,0.0,0.0,-0.527
00:00:01.974,1572924926224,0.0,0.0,0.983,137.741,3.0,-0.15,0.0,0.0,0.0,0.0,0.0,-0.527
00:00:01.975,1572924926225,0.0,0.0,0.983,137.741,3.0,-0.15,0.0,0.0,0.0,0.0,0.0,-0.527
00:00:01.976,1572924926226,0.0,0.0,0.983,137.741,3.0,-0.15,0.0,0.0,0.0,0.0,0.0,-0.527
00:00:02.024,1572924926274,0.0,0.0,0.983,85.09100000000002,3.0,-0.15,0.0,0.0,0.0,0.0,0.0,-0.527
00:00:02.025,1572924926275,0.0,0.0,0.983,85.09100000000002,3.0,-0.15,0.0,0.0,0.0,0.0,0.0,-0.527
00:00:02.026,1572924926276,0.0,0.0,0.983,85.09100000000002,3.0,-0.15,0.0,0.0,0.0,0.0,0.0,-0.527
00:00:02.074,1572924926324,0.0,0.0,0.983,85.09100000000002,3.0,-0.15,0.0,0.0,0.0,0.0,0.0,-0.527
00:00:02.075,1572924926325,0.0,0.0,0.983,85.09100000000002,3.0,-0.15,0.0,0.0,0.0,0.0,0.0,-0.527
00:00:02.076,1572924926326,0.0,0.0,0.983,85.09100000000002,3.0,-0.15,0.0,0.0,0.0,0.0,0.0,-0.527
00:00:02.124,1572924926374,0.0,0.0,0.983,44.965,3.0,-0.15,0.0,0.0,0.0,0.0,0.0,-0.527
00:00:02.125,1572924926375,0.0,0.0,0.983,44.965,3.0,-0.15,0.0,0.0,0.0,0.0,0.0,-0.527
00:00:02.126,1572924926376,0.0,0.0,0.983,44.965,3.0,-0.15,0.0,0.0,0.0,0.0,0.0,-0.527
00:00:02.175,1572924926425,0.0,0.0,0.983,44.965,3.0,-0.15,0.0,0.0,0.0,0.0,0.0,-0.527
00:00:02.176,1572924926426,0.0,0.0,0.983,44.965,3.0,-0.15,0.0,0.0,0.0,0.0,0.0,-0.527
00:00:02.177,1572924926427,0.0,0.0,0.983,44.965,3.0,-0.15,0.0,0.0,0.0,0.0,0.0,-0.527
00:00:02.178,1572924926428,0.0,0.0,0.983,15.972,3.0,-0.15,0.0,0.0,0.0,0.0,0.0,-0.527
00:00:02.226,1572924926476,0.0,0.0,0.983,15.972,3.0,-0.15,0.0,0.0,0.0,0.0,0.0,-0.527
00:00:02.227,1572924926477,0.0,0.0,0.983,15.972,3.0,-0.15,0.0,0.0,0.0,0.0,0.0,-0.527
00:00:02.228,1572924926478,0.0,0.0,0.983,15.972,3.0,-0.15,0.0,0.0,0.0,0.0,0.0,-0.527
00:00:02.277,1572924926527,0.0,0.0,0.983,15.972,3.0,-0.15,0.0,0.0,0.0,0.0,0.0,-0.527
00:00:02.278,1572924926528,0.0,0.0,0.983,15.972,3.0,-0.15,0.0,0.0,0.0,0.0,0.0,-0.527
00:00:02.279,1572924926529,-0.003,0.0,0.983,2.2880000000000003,3.0,-0.15,0.0,0.0,-0.001,0.0,0.0,-0.527
00:00:02.327,1572924926577,0.175,-0.001,0.983,2.2880000000000003,3.0,-0.15,0.006,0.0,-0.004,0.0,0.0,-0.527
00:00:02.328,1572924926578,0.246,-0.002,0.983,2.2880000000000003,3.0,-0.15,0.01,0.0,-0.006,0.0,0.0,-0.527
00:00:02.329,1572924926579,0.209,-0.002,0.983,2.2880000000000003,3.0,-0.15,0.014,0.0,-0.009000000000000001,0.0,0.0,-0.527
00:00:02.377,1572924926627,0.249,-0.002,0.983,2.2880000000000003,3.0,-0.15,0.018000000000000002,0.0,-0.011,0.0,0.0,-0.527
00:00:02.378,1572924926628,0.282,-0.002,0.983,2.2880000000000003,3.0,-0.15,0.024,0.0,-0.013,0.001,0.0,-0.527
00:00:02.379,1572924926629,0.303,-0.002,0.983,1.128,3.0,-0.15,0.029,0.0,-0.015,0.001,0.0,-0.528
00:00:02.428,1572924926678,0.335,-0.002,0.983,1.128,3.0,-0.15,0.035,0.0,-0.016,0.002,0.0,-0.528
00:00:02.429,1572924926679,0.363,-0.002,0.983,1.128,3.0,-0.15,0.041,0.0,-0.017,0.002,0.0,-0.528
00:00:02.430,1572924926680,0.382,-0.002,0.983,1.128,3.0,-0.15,0.048,0.0,-0.017,0.003,0.0,-0.528
00:00:02.478,1572924926728,0.397,-0.002,0.983,1.128,3.0,-0.15,0.055,0.0,-0.017,0.004,0.0,-0.529
00:00:02.479,1572924926729,0.41,-0.003,0.983,1.128,3.0,-0.15,0.062,0.0,-0.017,0.005,0.0,-0.529
00:00:02.480,1572924926730,0.422,-0.003,0.983,0.664,3.0,-0.15,0.069,0.0,-0.017,0.006,0.0,-0.529
00:00:02.530,1572924926780,0.439,-0.003,0.983,0.664,3.0,-0.15,0.078,-0.001,-0.016,0.006999999999999999,0.0,-0.53
00:00:02.531,1572924926781,0.449,-0.003,0.983,0.664,3.0,-0.15,0.084,-0.001,-0.015,0.008,0.0,-0.53
00:00:02.532,1572924926782,0.46,-0.003,0.983,0.664,3.0,-0.15,0.092,-0.001,-0.014,0.01,0.0,-0.53
00:00:02.579,1572924926829,0.47,-0.003,0.983,0.664,3.0,-0.15,0.1,-0.001,-0.013,0.011,0.0,-0.53
00:00:02.580,1572924926830,0.479,-0.003,0.983,0.664,3.0,-0.15,0.108,-0.001,-0.012,0.013,0.0,-0.53
00:00:02.581,1572924926831,0.488,-0.003,0.983,0.664,3.0,-0.15,0.116,-0.001,-0.011,0.015,0.0,-0.531
00:00:02.630,1572924926880,0.496,-0.003,0.983,0.664,3.0,-0.15,0.125,-0.001,-0.01,0.017,0.0,-0.531
00:00:02.631,1572924926881,0.503,-0.003,0.983,0.664,3.0,-0.15,0.133,-0.001,-0.009000000000000001,0.019,0.0,-0.531
00:00:02.632,1572924926882,0.51,-0.003,0.983,0.664,3.0,-0.15,0.142,-0.001,-0.008,0.022,0.0,-0.531
00:00:02.681,1572924926931,0.516,-0.003,0.983,0.664,3.0,-0.15,0.15,-0.001,-0.006999999999999999,0.024,0.0,-0.531
00:00:02.682,1572924926932,0.522,-0.003,0.983,0.664,3.0,-0.15,0.159,-0.001,-0.006,0.027000000000000003,0.0,-0.531
00:00:02.683,1572924926933,0.527,-0.003,0.983,0.664,3.0,-0.15,0.168,-0.001,-0.005,0.029,0.0,-0.531
00:00:02.731,1572924926981,0.532,-0.003,0.983,0.664,3.0,-0.15,0.177,-0.001,-0.004,0.032,0.0,-0.532
00:00:02.732,1572924926982,0.536,-0.003,0.983,0.664,3.0,-0.15,0.18600000000000005,-0.001,-0.003,0.035,0.0,-0.532
00:00:02.733,1572924926983,0.54,-0.003,0.983,0.664,3.0,-0.15,0.195,-0.001,-0.002,0.038,0.0,-0.532
00:00:02.781,1572924927031,0.544,-0.003,0.983,0.664,3.0,-0.15,0.204,-0.001,-0.002,0.042,0.0,-0.532
00:00:02.782,1572924927032,0.547,-0.003,0.983,0.664,3.0,-0.15,0.213,-0.001,-0.001,0.045,0.0,-0.532
00:00:02.783,1572924927033,0.55,-0.003,0.983,0.664,3.0,-0.15,0.222,-0.001,-0.001,0.049,0.0,-0.532
00:00:02.832,1572924927082,0.5529999999999999,-0.004,0.983,0.664,3.0,-0.15,0.232,-0.001,0.0,0.053,0.0,-0.532
00:00:02.833,1572924927083,0.555,-0.004,0.983,0.664,3.0,-0.15,0.241,-0.002,0.0,0.056,0.0,-0.532
00:00:02.834,1572924927084,0.557,-0.004,0.983,0.664,3.0,-0.15,0.25,-0.002,0.0,0.061,0.0,-0.532
00:00:02.882,1572924927132,0.5579999999999999,-0.004,0.983,0.664,3.0,-0.15,0.26,-0.002,0.001,0.065,0.0,-0.532
00:00:02.883,1572924927133,0.56,-0.004,0.983,0.664,3.0,-0.15,0.269,-0.002,0.001,0.069,0.0,-0.532
00:00:02.884,1572924927134,0.561,-0.004,0.983,0.664,3.0,-0.15,0.278,-0.002,0.001,0.07400000000000001,-0.001,-0.532
00:00:02.933,1572924927183,0.562,-0.004,0.983,0.664,3.0,-0.15,0.28800000000000003,-0.002,0.001,0.078,-0.001,-0.532
00:00:02.934,1572924927184,0.562,-0.004,0.983,0.664,3.0,-0.15,0.297,-0.002,0.002,0.083,-0.001,-0.532
00:00:02.935,1572924927185,0.563,-0.004,0.983,0.664,3.0,-0.15,0.306,-0.002,0.002,0.08800000000000001,-0.001,-0.532
00:00:02.984,1572924927234,0.563,-0.004,0.983,0.664,3.0,-0.151,0.316,-0.002,0.002,0.094,-0.001,-0.532
00:00:02.985,1572924927235,0.563,-0.004,0.983,0.664,3.0,-0.151,0.325,-0.002,0.002,0.099,-0.001,-0.532
00:00:02.986,1572924927236,0.563,-0.004,0.983,0.664,3.0,-0.151,0.335,-0.002,0.002,0.104,-0.001,-0.532
00:00:03.034,1572924927284,0.562,-0.004,0.983,0.664,3.0,-0.151,0.344,-0.002,0.002,0.11,-0.001,-0.532
00:00:03.035,1572924927285,0.562,-0.004,0.983,0.664,3.0,-0.151,0.353,-0.002,0.002,0.116,-0.001,-0.532
00:00:03.036,1572924927286,0.561,-0.004,0.983,0.664,3.0,-0.151,0.363,-0.002,0.002,0.122,-0.001,-0.532
00:00:03.084,1572924927334,0.56,-0.004,0.983,0.664,3.0,-0.151,0.3720000000000001,-0.002,0.002,0.128,-0.001,-0.532
00:00:03.085,1572924927335,0.5589999999999999,-0.004,0.983,0.664,3.0,-0.151,0.381,-0.002,0.002,0.134,-0.001,-0.532
00:00:03.086,1572924927336,0.5579999999999999,-0.004,1.13,0.664,3.0,-0.151,0.39,-0.002,0.002,0.141,-0.001,-0.532
00:00:03.134,1572924927384,0.557,-0.004,1.13,0.664,3.0,-0.151,0.4,-0.002,0.002,0.147,-0.001,-0.531
00:00:03.135,1572924927385,0.557,-0.004,1.13,0.664,3.0,-0.151,0.409,-0.003,0.002,0.154,-0.001,-0.531
00:00:03.136,1572924927386,0.5579999999999999,-0.004,1.13,0.664,3.0,-0.151,0.418,-0.003,0.002,0.161,-0.001,-0.531
00:00:03.185,1572924927435,0.56,-0.004,1.13,0.664,3.0,-0.151,0.428,-0.003,0.001,0.168,-0.001,-0.531
00:00:03.186,1572924927436,0.562,-0.004,1.13,0.664,3.0,-0.151,0.4370000000000001,-0.003,0.001,0.175,-0.001,-0.531
00:00:03.187,1572924927437,0.564,-0.004,2.082,0.664,3.0,-0.151,0.446,-0.003,0.001,0.182,-0.001,-0.531
00:00:03.235,1572924927485,0.5670000000000001,-0.004,2.082,0.664,3.0,-0.151,0.455,-0.003,0.001,0.19,-0.001,-0.531
00:00:03.236,1572924927486,0.5770000000000001,-0.004,2.082,0.664,3.0,-0.151,0.465,-0.003,0.001,0.197,-0.001,-0.531
00:00:03.237,1572924927487,0.596,-0.004,2.082,0.664,3.0,-0.151,0.476,-0.003,0.001,0.205,-0.001,-0.531
00:00:03.288,1572924927538,0.621,-0.005,2.082,0.664,3.0,-0.151,0.486,-0.003,0.001,0.213,-0.001,-0.531
00:00:03.289,1572924927539,0.649,-0.005,2.082,0.664,3.0,-0.151,0.4970000000000001,-0.003,0.001,0.221,-0.001,-0.531
00:00:03.290,1572924927540,0.6759999999999999,-0.005,9.48,0.664,3.0,-0.151,0.509,-0.003,0.001,0.23,-0.002,-0.531
00:00:03.338,1572924927588,0.716,-0.005,9.48,0.664,3.0,-0.151,0.522,-0.003,0.001,0.238,-0.002,-0.531
00:00:03.339,1572924927589,0.826,-0.006,9.48,0.664,3.0,-0.151,0.5379999999999999,-0.003,0.001,0.247,-0.002,-0.531
00:00:03.340,1572924927590,1.027,-0.008,9.48,0.664,3.0,-0.152,0.5579999999999999,-0.003,0.002,0.256,-0.002,-0.531
00:00:03.386,1572924927636,1.296,-0.01,9.48,0.664,3.0,-0.152,0.584,-0.004,0.003,0.266,-0.002,-0.531
00:00:03.387,1572924927637,1.59,-0.011,9.48,0.664,3.0,-0.152,0.614,-0.004,0.005,0.276,-0.002,-0.531
00:00:03.388,1572924927638,1.869,-0.013,23.103,0.664,3.0,-0.152,0.649,-0.004,0.006999999999999999,0.28600000000000003,-0.002,-0.531
00:00:03.436,1572924927686,2.123,-0.015,23.103,0.664,3.0,-0.152,0.688,-0.004,0.009000000000000001,0.297,-0.002,-0.531
00:00:03.437,1572924927687,2.431,-0.017,23.103,0.664,3.0,-0.153,0.733,-0.005,0.011,0.309,-0.002,-0.531
00:00:03.438,1572924927688,2.826,-0.02,23.103,0.664,3.0,-0.153,0.7859999999999999,-0.005,0.014,0.322,-0.002,-0.531
00:00:03.486,1572924927736,3.275,-0.024,23.103,0.664,3.0,-0.153,0.847,-0.005,0.017,0.335,-0.002,-0.531
00:00:03.487,1572924927737,3.725,-0.027000000000000003,23.103,0.664,3.0,-0.154,0.916,-0.006,0.021,0.35,-0.002,-0.53
00:00:03.488,1572924927738,4.123,-0.029,29.109,0.664,3.0,-0.154,0.989,-0.006,0.025,0.366,-0.003,-0.53
00:00:03.537,1572924927787,4.436,-0.031,29.109,0.664,3.0,-0.155,1.067,-0.006999999999999999,0.029,0.383,-0.003,-0.53
00:00:03.538,1572924927788,4.667,-0.033,29.109,0.664,3.0,-0.155,1.148,-0.006999999999999999,0.034,0.402,-0.003,-0.53
00:00:03.539,1572924927789,4.823,-0.034,29.109,0.664,3.0,-0.155,1.23,-0.008,0.038,0.421,-0.003,-0.529
00:00:03.587,1572924927837,4.914,-0.036000000000000004,29.109,0.664,3.0,-0.156,1.3119999999999998,-0.008,0.043,0.443,-0.003,-0.529
00:00:03.588,1572924927838,4.9510000000000005,-0.037000000000000005,29.109,0.664,3.0,-0.156,1.395,-0.009000000000000001,0.047,0.465,-0.003,-0.528
00:00:03.589,1572924927839,4.948,-0.038,33.138000000000005,0.664,3.0,-0.157,1.477,-0.009000000000000001,0.051,0.489,-0.004,-0.528
00:00:03.637,1572924927887,4.917,-0.039,33.138000000000005,0.664,3.0,-0.157,1.558,-0.01,0.054000000000000006,0.514,-0.004,-0.527
00:00:03.638,1572924927888,4.875,-0.039,33.138000000000005,0.664,3.0,-0.158,1.639,-0.01,0.057,0.541,-0.004,-0.527
00:00:03.639,1572924927889,4.831,-0.04,33.138000000000005,0.664,3.0,-0.158,1.719,-0.011,0.059,0.569,-0.004,-0.527
00:00:03.692,1572924927942,4.791,-0.041,33.138000000000005,0.664,3.0,-0.158,1.798,-0.011,0.061,0.598,-0.004,-0.526
00:00:03.693,1572924927943,4.755,-0.041,33.138000000000005,0.664,3.0,-0.159,1.877,-0.012,0.063,0.629,-0.005,-0.526
00:00:03.694,1572924927944,4.722,-0.042,33.284,0.664,3.0,-0.159,1.955,-0.012,0.064,0.6609999999999999,-0.005,-0.526
00:00:03.738,1572924927988,4.689,-0.042,33.284,0.664,3.0,-0.16,2.033,-0.013,0.064,0.6940000000000001,-0.005,-0.526
00:00:03.739,1572924927989,4.657,-0.042,33.284,0.664,3.0,-0.16,2.11,-0.013,0.064,0.7290000000000001,-0.006,-0.526
00:00:03.740,1572924927990,4.625,-0.042,33.284,0.664,3.0,-0.16,2.186,-0.014,0.064,0.765,-0.006,-0.526
00:00:03.789,1572924928039,4.593,-0.042,33.284,0.664,3.0,-0.16,2.262,-0.014,0.064,0.802,-0.006,-0.526
00:00:03.790,1572924928040,4.56,-0.042,33.284,0.664,3.0,-0.16,2.338,-0.014,0.063,0.84,-0.006999999999999999,-0.526
00:00:03.791,1572924928041,4.525,-0.042,33.65,0.664,3.0,-0.161,2.4130000000000003,-0.015,0.062,0.88,-0.006999999999999999,-0.526
00:00:03.839,1572924928089,4.49,-0.042,33.65,0.664,3.0,-0.161,2.487,-0.015,0.061,0.92,-0.006999999999999999,-0.526
00:00:03.840,1572924928090,4.455,-0.043,33.65,0.664,3.0,-0.161,2.5610000000000004,-0.016,0.061,0.962,-0.008,-0.527
00:00:03.841,1572924928091,4.416,-0.043,33.65,0.664,3.0,-0.161,2.634,-0.016,0.061,1.006,-0.008,-0.527
00:00:03.894,1572924928144,4.375,-0.044,33.65,0.664,3.0,-0.161,2.7060000000000004,-0.016,0.062,1.05,-0.009000000000000001,-0.527
00:00:03.895,1572924928145,4.335,-0.045,33.65,0.664,3.0,-0.161,2.778,-0.017,0.063,1.096,-0.009000000000000001,-0.528
00:00:03.896,1572924928146,4.297,-0.047,34.603,0.664,3.0,-0.16,2.849,-0.017,0.065,1.143,-0.01,-0.528
00:00:03.940,1572924928190,4.262,-0.048,34.603,0.664,3.0,-0.16,2.92,-0.017,0.067,1.1909999999999998,-0.01,-0.528
00:00:03.941,1572924928191,4.23,-0.05,34.603,0.664,3.0,-0.16,2.99,-0.018000000000000002,0.07,1.24,-0.011,-0.529
00:00:03.942,1572924928192,4.202,-0.052000000000000005,34.603,0.664,3.0,-0.16,3.059,-0.018000000000000002,0.073,1.291,-0.011,-0.529
00:00:03.990,1572924928240,4.177,-0.054000000000000006,34.603,0.664,3.0,-0.159,3.129,-0.018000000000000002,0.077,1.342,-0.012,-0.529
00:00:03.991,1572924928241,4.152,-0.055,34.603,0.664,3.0,-0.159,3.198,-0.019,0.08,1.395,-0.012,-0.529
00:00:03.992,1572924928242,4.128,-0.057,36.946,0.664,3.0,-0.159,3.266,-0.019,0.083,1.449,-0.013,-0.529
00:00:04.040,1572924928290,4.101,-0.059,36.946,0.664,3.0,-0.158,3.334,-0.019,0.087,1.504,-0.013,-0.53
00:00:04.041,1572924928291,4.075,-0.06,36.946,0.664,3.0,-0.158,3.402,-0.02,0.08900000000000001,1.56,-0.014,-0.53
00:00:04.042,1572924928292,4.051,-0.061,36.946,0.664,3.0,-0.157,3.469,-0.02,0.092,1.617,-0.015,-0.529
00:00:04.091,1572924928341,4.0280000000000005,-0.062,36.946,0.664,3.0,-0.157,3.54,-0.02,0.095,1.679,-0.015,-0.529
00:00:04.092,1572924928342,4.009,-0.062,36.946,0.664,3.0,-0.156,3.603,-0.021,0.096,1.735,-0.016,-0.529
00:00:04.093,1572924928343,3.987,-0.063,38.118,0.664,3.0,-0.156,3.669,-0.021,0.098,1.796,-0.017,-0.529
00:00:04.094,1572924928344,3.965,-0.063,38.118,0.664,3.0,-0.155,3.735,-0.021,0.099,1.858,-0.018000000000000002,-0.529
00:00:04.142,1572924928392,3.945,-0.064,38.118,0.664,3.0,-0.155,3.8,-0.021,0.1,1.92,-0.018000000000000002,-0.529
00:00:04.143,1572924928393,3.926,-0.065,38.118,0.664,3.0,-0.154,3.865,-0.022,0.1,1.984,-0.019,-0.528
00:00:04.144,1572924928394,3.907,-0.066,38.118,0.664,3.0,-0.153,3.93,-0.022,0.1,2.049,-0.02,-0.528
00:00:04.192,1572924928442,3.89,-0.067,38.118,0.664,3.0,-0.153,3.987,-0.022,0.1,2.107,-0.021,-0.528
00:00:04.193,1572924928443,3.875,-0.067,38.118,0.664,3.0,-0.152,4.035,-0.022,0.1,2.157,-0.021,-0.528
00:00:04.194,1572924928444,3.854,-0.066,40.462,0.664,3.0,-0.15,4.099,-0.022,0.099,2.225,-0.022,-0.528
00:00:04.242,1572924928492,3.835,-0.064,40.462,0.664,3.0,-0.147,4.163,-0.022,0.098,2.294,-0.023,-0.527
00:00:04.243,1572924928493,3.819,-0.06,40.462,0.664,3.0,-0.14400000000000002,4.226,-0.022,0.097,2.364,-0.024,-0.527
00:00:04.244,1572924928494,3.804,-0.055,40.462,0.664,3.0,-0.142,4.289,-0.022,0.096,2.435,-0.025,-0.527
00:00:04.297,1572924928547,3.788,-0.049,40.462,0.664,3.0,-0.139,4.352,-0.022,0.095,2.507,-0.026,-0.527
00:00:04.298,1572924928548,3.772,-0.043,40.462,0.664,3.0,-0.13699999999999998,4.415,-0.022,0.093,2.58,-0.027000000000000003,-0.527
00:00:04.299,1572924928549,3.753,-0.037000000000000005,41.488,0.664,3.0,-0.134,4.477,-0.021,0.092,2.654,-0.028,-0.527
00:00:04.343,1572924928593,3.734,-0.03,41.488,0.664,3.0,-0.132,4.539,-0.02,0.09,2.729,-0.029,-0.527
00:00:04.344,1572924928594,3.715,-0.023,41.488,0.664,3.0,-0.129,4.601,-0.02,0.08900000000000001,2.805,-0.031,-0.527
00:00:04.345,1572924928595,3.697,-0.017,41.488,0.664,3.0,-0.127,4.662,-0.019,0.08800000000000001,2.882,-0.032,-0.527
00:00:04.393,1572924928643,3.677,-0.011,41.488,0.664,3.0,-0.125,4.723,-0.018000000000000002,0.087,2.9610000000000003,-0.033,-0.527
00:00:04.394,1572924928644,3.658,-0.006999999999999999,41.488,0.664,3.0,-0.124,4.784,-0.017,0.086,3.04,-0.034,-0.527
00:00:04.395,1572924928645,3.637,-0.005,41.63399999999999,0.664,3.0,-0.122,4.8439999999999985,-0.017,0.085,3.12,-0.035,-0.527
00:00:04.443,1572924928693,3.617,-0.003,41.63399999999999,0.664,3.0,-0.121,4.904,-0.016,0.085,3.201,-0.036000000000000004,-0.527
00:00:04.444,1572924928694,3.597,-0.002,41.63399999999999,0.664,3.0,-0.12,4.964,-0.015,0.085,3.284,-0.037000000000000005,-0.527
00:00:04.445,1572924928695,3.577,-0.002,41.63399999999999,0.664,3.0,-0.118,5.023,-0.014,0.085,3.367,-0.039,-0.527
00:00:04.494,1572924928744,3.557,-0.002,41.63399999999999,0.664,3.0,-0.116,5.082,-0.014,0.086,3.451,-0.04,-0.528
00:00:04.495,1572924928745,3.537,-0.002,41.63399999999999,0.664,3.0,-0.114,5.141,-0.013,0.087,3.536,-0.041,-0.528
00:00:04.496,1572924928746,3.518,-0.001,42.659,0.664,3.0,-0.112,5.199,-0.012,0.087,3.622,-0.042,-0.528
00:00:04.545,1572924928795,3.498,-0.001,42.659,0.664,3.0,-0.109,5.2570000000000014,-0.012,0.08900000000000001,3.71,-0.043,-0.528
00:00:04.546,1572924928796,3.477,0.0,42.659,0.664,3.0,-0.106,5.315,-0.011,0.09,3.798,-0.045,-0.528
00:00:04.547,1572924928797,3.455,0.001,42.659,0.664,3.0,-0.104,5.372000000000001,-0.011,0.091,3.887,-0.046,-0.529
00:00:04.594,1572924928844,3.435,0.003,42.659,0.664,3.0,-0.101,5.4289999999999985,-0.01,0.093,3.977,-0.047,-0.529
00:00:04.595,1572924928845,3.415,0.004,42.659,0.664,3.0,-0.098,5.4860000000000015,-0.009000000000000001,0.094,4.0680000000000005,-0.048,-0.529
00:00:04.596,1572924928846,3.397,0.006,42.806,0.664,3.0,-0.095,5.5420000000000025,-0.009000000000000001,0.096,4.16,-0.05,-0.529
00:00:04.644,1572924928894,3.381,0.006999999999999999,42.806,0.664,3.0,-0.092,5.598,-0.008,0.098,4.252,-0.051,-0.529
00:00:04.645,1572924928895,3.366,0.009000000000000001,42.806,0.664,3.0,-0.08900000000000001,5.654,-0.006999999999999999,0.099,4.346,-0.052000000000000005,-0.529
00:00:04.646,1572924928896,3.352,0.011,42.806,0.664,3.0,-0.086,5.71,-0.006999999999999999,0.101,4.441,-0.054000000000000006,-0.529
00:00:04.695,1572924928945,3.338,0.012,42.806,0.664,3.0,-0.084,5.765,-0.006,0.102,4.537,-0.055,-0.53
00:00:04.696,1572924928946,3.324,0.014,42.806,0.664,3.0,-0.081,5.8210000000000015,-0.005,0.104,4.633,-0.056,-0.53
00:00:04.697,1572924928947,3.31,0.015,42.952,0.664,3.0,-0.078,5.876,-0.005,0.105,4.731,-0.058,-0.53
00:00:04.745,1572924928995,3.295,0.017,42.952,0.664,3.0,-0.075,5.93,-0.004,0.107,4.829,-0.059,-0.53
00:00:04.746,1572924928996,3.28,0.019,42.952,0.664,3.0,-0.07200000000000001,5.985,-0.004,0.108,4.928,-0.06,-0.53
00:00:04.747,1572924928997,3.265,0.02,42.952,0.664,3.0,-0.07,6.039,-0.003,0.109,5.0280000000000005,-0.062,-0.53
00:00:04.795,1572924929045,3.25,0.022,42.952,0.664,3.0,-0.068,6.086,-0.003,0.11,5.117,-0.063,-0.53
00:00:04.796,1572924929046,3.238,0.023,42.952,0.664,3.0,-0.066,6.127000000000002,-0.002,0.111,5.193,-0.064,-0.53
00:00:04.797,1572924929047,3.221,0.024,43.172,0.664,3.0,-0.063,6.18,-0.002,0.112,5.296,-0.065,-0.53
00:00:04.846,1572924929096,3.205,0.026,43.172,0.664,3.0,-0.061,6.233,-0.001,0.113,5.399,-0.066,-0.53
00:00:04.847,1572924929097,3.189,0.027000000000000003,43.172,0.664,3.0,-0.059,6.2860000000000005,0.0,0.114,5.504,-0.068,-0.53
00:00:04.848,1572924929098,3.173,0.029,43.172,0.664,3.0,-0.056,6.339,0.0,0.115,5.609,-0.069,-0.53
00:00:04.897,1572924929147,3.157,0.031,43.172,0.664,3.0,-0.054000000000000006,6.391,0.001,0.116,5.715,-0.071,-0.53
00:00:04.898,1572924929148,3.142,0.034,43.172,0.664,3.0,-0.051,6.443,0.001,0.116,5.822,-0.07200000000000001,-0.53
00:00:04.899,1572924929149,3.127,0.037000000000000005,43.831,0.664,3.0,-0.048,6.495,0.002,0.117,5.93,-0.073,-0.53
00:00:04.947,1572924929197,3.112,0.04,43.831,0.664,3.0,-0.046,6.5470000000000015,0.002,0.117,6.0379999999999985,-0.075,-0.53
00:00:04.948,1572924929198,3.0980000000000003,0.044,43.831,0.664,3.0,-0.043,6.598,0.003,0.118,6.148,-0.076,-0.53
00:00:04.949,1572924929199,3.084,0.048,43.831,0.664,3.0,-0.041,6.65,0.003,0.118,6.257999999999999,-0.077,-0.53
00:00:04.997,1572924929247,3.07,0.052000000000000005,43.831,0.664,3.0,-0.038,6.7010000000000005,0.004,0.118,6.37,-0.079,-0.53
00:00:04.998,1572924929248,3.056,0.056,43.831,0.664,3.0,-0.036000000000000004,6.751,0.005,0.118,6.482,-0.08,-0.53
00:00:04.999,1572924929249,3.043,0.06,44.49100000000001,0.664,3.0,-0.034,6.8020000000000005,0.005,0.118,6.595,-0.08199999999999999,-0.53
00:00:05.048,1572924929298,3.03,0.065,44.49100000000001,0.664,3.0,-0.031,6.852,0.006,0.118,6.7079999999999975,-0.083,-0.529
00:00:05.049,1572924929299,3.019,0.07,44.49100000000001,0.664,3.0,-0.029,6.903,0.006999999999999999,0.117,6.823,-0.084,-0.529
00:00:05.050,1572924929300,3.009,0.075,44.49100000000001,0.664,3.0,-0.026,6.9529999999999985,0.006999999999999999,0.117,6.939,-0.086,-0.529
00:00:05.098,1572924929348,2.999,0.08,44.49100000000001,0.664,3.0,-0.024,7.002000000000002,0.008,0.117,7.055,-0.087,-0.529
00:00:05.099,1572924929349,2.989,0.087,44.49100000000001,0.664,3.0,-0.021,7.0520000000000005,0.009000000000000001,0.116,7.1720000000000015,-0.08800000000000001,-0.529
00:00:05.100,1572924929350,2.979,0.093,44.637,0.664,3.0,-0.019,7.102,0.01,0.116,7.29,-0.08900000000000001,-0.529
00:00:05.148,1572924929398,2.968,0.1,44.637,0.664,3.0,-0.016,7.151,0.011,0.116,7.409,-0.091,-0.529
00:00:05.149,1572924929399,2.957,0.108,44.637,0.664,3.0,-0.014,7.2,0.012,0.115,7.528,-0.092,-0.529
00:00:05.150,1572924929400,2.946,0.115,44.637,0.664,3.0,-0.012,7.249,0.013,0.115,7.649,-0.093,-0.529
00:00:05.198,1572924929448,2.935,0.121,44.637,0.664,3.0,-0.01,7.297999999999999,0.013,0.114,7.77,-0.094,-0.529
00:00:05.199,1572924929449,2.923,0.127,44.637,0.664,3.0,-0.009000000000000001,7.346,0.014,0.114,7.892,-0.096,-0.529
00:00:05.200,1572924929450,2.9130000000000003,0.131,44.784,0.664,3.0,-0.008,7.3889999999999985,0.015,0.114,7.999,-0.097,-0.529
00:00:05.250,1572924929500,2.899,0.135,44.784,0.664,3.0,-0.006999999999999999,7.434,0.016,0.113,8.115,-0.098,-0.529
00:00:05.251,1572924929501,2.88,0.13699999999999998,44.784,0.664,3.0,-0.006,7.482,0.017,0.113,8.24,-0.099,-0.529
00:00:05.252,1572924929502,2.861,0.139,44.784,0.664,3.0,-0.005,7.529,0.017,0.113,8.365,-0.1,-0.529
00:00:05.300,1572924929550,2.847,0.14,44.784,0.664,3.0,-0.004,7.576,0.018000000000000002,0.112,8.491,-0.101,-0.529
00:00:05.301,1572924929551,2.839,0.14,44.784,0.664,3.0,-0.003,7.624,0.019,0.112,8.617,-0.102,-0.529
00:00:05.302,1572924929552,2.8360000000000003,0.141,45.15,0.664,3.0,-0.002,7.671,0.019,0.112,8.745,-0.103,-0.529
00:00:05.354,1572924929604,2.834,0.141,45.15,0.664,3.0,-0.001,7.718,0.019,0.112,8.873,-0.104,-0.529
00:00:05.355,1572924929605,2.834,0.141,45.15,0.664,3.0,0.001,7.765,0.02,0.112,9.002,-0.105,-0.529
00:00:05.356,1572924929606,2.834,0.141,45.15,0.664,3.0,0.002,7.812,0.02,0.112,9.132,-0.105,-0.529
00:00:05.402,1572924929652,2.833,0.142,45.15,0.664,3.0,0.003,7.86,0.02,0.112,9.262,-0.106,-0.529
00:00:05.403,1572924929653,2.832,0.14300000000000002,45.15,0.664,3.0,0.004,7.91,0.021,0.113,9.402,-0.107,-0.529
00:00:05.404,1572924929654,2.83,0.14400000000000002,45.44300000000001,0.664,3.0,0.005,7.954,0.021,0.113,9.526,-0.108,-0.529
00:00:05.454,1572924929704,2.8280000000000003,0.145,45.44300000000001,0.664,3.0,0.006999999999999999,8.001,0.021,0.114,9.659,-0.109,-0.53
00:00:05.455,1572924929705,2.825,0.147,45.44300000000001,0.664,3.0,0.008,8.048,0.021,0.114,9.793,-0.109,-0.53
00:00:05.456,1572924929706,2.824,0.14800000000000002,45.44300000000001,0.664,3.0,0.009000000000000001,8.095,0.022,0.115,9.927,-0.11,-0.53
00:00:05.501,1572924929751,2.822,0.149,45.44300000000001,0.664,3.0,0.01,8.142000000000001,0.022,0.116,10.063,-0.111,-0.53
00:00:05.502,1572924929752,2.821,0.15,45.44300000000001,0.664,3.0,0.011,8.189,0.022,0.116,10.199,-0.111,-0.53
00:00:05.503,1572924929753,2.819,0.151,45.809,0.664,3.0,0.012,8.236,0.022,0.117,10.336,-0.112,-0.53
00:00:05.551,1572924929801,2.817,0.152,45.809,0.664,3.0,0.013,8.283,0.022,0.118,10.473,-0.112,-0.53
00:00:05.552,1572924929802,2.815,0.152,45.809,0.664,3.0,0.014,8.33,0.022,0.119,10.612,-0.113,-0.53
00:00:05.553,1572924929803,2.814,0.153,45.809,0.664,3.0,0.015,8.377,0.022,0.12,10.751,-0.113,-0.53
00:00:05.601,1572924929851,2.813,0.154,45.809,0.664,3.0,0.016,8.424,0.023,0.121,10.890999999999998,-0.114,-0.53
00:00:05.602,1572924929852,2.8110000000000004,0.155,45.809,0.664,3.0,0.017,8.471,0.023,0.122,11.032,-0.114,-0.53
00:00:05.603,1572924929853,2.809,0.156,45.809,0.664,3.0,0.018000000000000002,8.52,0.023,0.122,11.182,-0.114,-0.53
00:00:05.652,1572924929902,2.807,0.157,45.809,0.664,3.0,0.018000000000000002,8.564,0.023,0.123,11.316,-0.115,-0.53
00:00:05.653,1572924929903,2.806,0.158,45.809,0.664,3.0,0.019,8.611,0.023,0.124,11.459,-0.115,-0.53
00:00:05.654,1572924929904,2.804,0.159,45.809,0.664,3.0,0.019,8.658,0.023,0.125,11.603,-0.115,-0.53
00:00:05.702,1572924929952,2.803,0.161,45.809,0.664,3.0,0.02,8.707,0.023,0.126,11.757,-0.115,-0.53
00:00:05.703,1572924929953,2.802,0.163,45.809,0.664,3.0,0.02,8.754,0.023,0.127,11.902,-0.115,-0.53
00:00:05.704,1572924929954,2.801,0.16399999999999998,45.956,0.664,3.0,0.021,8.798,0.023,0.127,12.039,-0.115,-0.53
00:00:05.752,1572924930002,2.8,0.165,45.956,0.664,3.0,0.021,8.844,0.023,0.128,12.186,-0.115,-0.53
00:00:05.753,1572924930003,2.799,0.16699999999999998,45.956,0.664,3.0,0.021,8.891,0.023,0.129,12.334,-0.115,-0.53
00:00:05.754,1572924930004,2.7960000000000003,0.16899999999999998,45.956,0.664,3.0,0.021,8.94,0.023,0.13,12.492,-0.115,-0.53
00:00:05.802,1572924930052,2.787,0.17,45.956,0.664,3.0,0.022,8.984,0.023,0.13,12.632,-0.115,-0.53
00:00:05.803,1572924930053,2.777,0.172,45.956,0.664,3.0,0.022,9.03,0.023,0.131,12.782,-0.115,-0.53
00:00:05.804,1572924930054,2.7710000000000004,0.173,46.322,0.664,3.0,0.022,9.076,0.023,0.132,12.933,-0.115,-0.53
00:00:05.853,1572924930103,2.769,0.174,46.322,0.664,3.0,0.022,9.125,0.023,0.132,13.094,-0.115,-0.53
00:00:05.854,1572924930104,2.769,0.175,46.322,0.664,3.0,0.022,9.169,0.023,0.133,13.237,-0.114,-0.53
00:00:05.855,1572924930105,2.77,0.17600000000000002,46.322,0.664,3.0,0.022,9.218,0.023,0.134,13.4,-0.114,-0.53
00:00:05.903,1572924930153,2.77,0.17600000000000002,46.322,0.664,3.0,0.022,9.261,0.023,0.134,13.544,-0.114,-0.53
00:00:05.904,1572924930154,2.769,0.17600000000000002,46.322,0.664,3.0,0.021,9.307,0.023,0.135,13.699000000000002,-0.113,-0.53
00:00:05.905,1572924930155,2.767,0.17600000000000002,46.468,0.664,3.0,0.021,9.356,0.022,0.135,13.864,-0.113,-0.53
00:00:05.957,1572924930207,2.765,0.175,46.468,0.664,3.0,0.021,9.399,0.022,0.136,14.011,-0.112,-0.53
00:00:05.958,1572924930208,2.764,0.173,46.468,0.664,3.0,0.02,9.445,0.022,0.136,14.168,-0.112,-0.53
00:00:05.959,1572924930209,2.763,0.171,46.468,0.664,3.0,0.02,9.494,0.022,0.13699999999999998,14.336,-0.111,-0.53
00:00:06.005,1572924930255,2.762,0.168,46.468,0.664,3.0,0.019,9.54,0.022,0.13699999999999998,14.494000000000002,-0.11,-0.53
00:00:06.006,1572924930256,2.761,0.165,46.468,0.664,3.0,0.018000000000000002,9.583,0.021,0.138,14.644,-0.109,-0.53
00:00:06.007,1572924930257,2.759,0.16,46.834,0.664,3.0,0.018000000000000002,9.632,0.021,0.138,14.814,-0.109,-0.53
00:00:06.055,1572924930305,2.758,0.156,46.834,0.664,3.0,0.017,9.678,0.02,0.139,14.975,-0.108,-0.53
00:00:06.056,1572924930306,2.757,0.151,46.834,0.664,3.0,0.016,9.724,0.02,0.139,15.136,-0.107,-0.53
00:00:06.057,1572924930307,2.757,0.146,46.834,0.664,3.0,0.016,9.767,0.019,0.14,15.289,-0.106,-0.53
00:00:06.105,1572924930355,2.757,0.141,46.834,0.664,3.0,0.015,9.813,0.019,0.14,15.452,-0.105,-0.53
00:00:06.106,1572924930356,2.756,0.135,46.834,0.664,3.0,0.015,9.859,0.018000000000000002,0.14,15.616,-0.104,-0.53
00:00:06.107,1572924930357,2.754,0.129,46.981,0.664,3.0,0.014,9.908,0.017,0.141,15.791,-0.103,-0.53
00:00:06.155,1572924930405,2.752,0.123,46.981,0.664,3.0,0.013,9.954,0.017,0.141,15.956,-0.102,-0.53
00:00:06.156,1572924930406,2.7510000000000003,0.116,46.981,0.664,3.0,0.013,9.997,0.016,0.142,16.112000000000002,-0.101,-0.53
00:00:06.157,1572924930407,2.75,0.107,46.981,0.664,3.0,0.012,10.045,0.015,0.142,16.29,-0.1,-0.53
00:00:06.206,1572924930456,2.749,0.098,46.981,0.664,3.0,0.011,10.091,0.014,0.14300000000000002,16.458,-0.099,-0.53
00:00:06.207,1572924930457,2.748,0.08900000000000001,46.981,0.664,3.0,0.01,10.134,0.013,0.14300000000000002,16.616,-0.097,-0.53
00:00:06.208,1572924930458,2.7460000000000004,0.079,47.127,0.664,3.0,0.01,10.183,0.012,0.14400000000000002,16.795,-0.096,-0.53
00:00:06.256,1572924930506,2.745,0.069,47.127,0.664,3.0,0.009000000000000001,10.228,0.011,0.14400000000000002,16.965999999999998,-0.095,-0.53
00:00:06.257,1572924930507,2.744,0.061,47.127,0.664,3.0,0.009000000000000001,10.271,0.01,0.145,17.125999999999998,-0.094,-0.53
00:00:06.258,1572924930508,2.7430000000000003,0.053,47.127,0.664,3.0,0.009000000000000001,10.32,0.009000000000000001,0.146,17.308,-0.092,-0.53
00:00:06.306,1572924930556,2.742,0.046,47.127,0.664,3.0,0.009000000000000001,10.365,0.008,0.146,17.48,-0.091,-0.53
00:00:06.307,1572924930557,2.741,0.041,47.127,0.664,3.0,0.009000000000000001,10.408,0.008,0.147,17.643,-0.09,-0.53
00:00:06.308,1572924930558,2.739,0.037000000000000005,47.127,0.664,3.0,0.01,10.454,0.006999999999999999,0.147,17.817,-0.08800000000000001,-0.53
00:00:06.357,1572924930607,2.737,0.034,47.127,0.664,3.0,0.01,10.502,0.006,0.14800000000000002,18.002,-0.087,-0.53
00:00:06.358,1572924930608,2.736,0.033,47.127,0.664,3.0,0.011,10.548,0.006,0.14800000000000002,18.178,-0.086,-0.53
00:00:06.359,1572924930609,2.734,0.033,47.127,0.664,3.0,0.011,10.593,0.005,0.149,18.354,-0.084,-0.53
00:00:06.408,1572924930658,2.733,0.033,47.127,0.664,3.0,0.012,10.639,0.005,0.15,18.531,-0.083,-0.53
00:00:06.409,1572924930659,2.732,0.034,47.127,0.664,3.0,0.012,10.682,0.005,0.15,18.697,-0.081,-0.53
00:00:06.410,1572924930660,2.73,0.034,47.494,0.664,3.0,0.012,10.73,0.004,0.151,18.887,-0.08,-0.53
00:00:06.411,1572924930661,2.729,0.035,47.494,0.664,3.0,0.012,10.775,0.004,0.151,19.066,-0.079,-0.53
00:00:06.458,1572924930708,2.728,0.035,47.494,0.664,3.0,0.012,10.821,0.004,0.152,19.246,-0.077,-0.53
00:00:06.459,1572924930709,2.728,0.034,47.494,0.664,3.0,0.012,10.866,0.004,0.152,19.427,-0.076,-0.53
00:00:06.460,1572924930710,2.728,0.034,47.494,0.664,3.0,0.011,10.912,0.004,0.153,19.608,-0.07400000000000001,-0.53
00:00:06.508,1572924930758,2.727,0.033,47.494,0.664,3.0,0.011,10.957,0.004,0.153,19.791,-0.073,-0.53
00:00:06.509,1572924930759,2.725,0.032,47.787,0.664,3.0,0.01,11.003,0.004,0.154,19.974,-0.071,-0.53
00:00:06.510,1572924930760,2.724,0.031,47.787,0.664,3.0,0.01,11.048,0.004,0.154,20.157,-0.07,-0.53
00:00:06.559,1572924930809,2.7230000000000003,0.029,47.787,0.664,3.0,0.009000000000000001,11.093,0.003,0.155,20.342,-0.068,-0.53
00:00:06.560,1572924930810,2.7230000000000003,0.027000000000000003,47.787,0.664,3.0,0.009000000000000001,11.139,0.003,0.156,20.527,-0.066,-0.53
00:00:06.561,1572924930811,2.722,0.025,47.787,0.664,3.0,0.008,11.184,0.003,0.156,20.713,-0.065,-0.53
00:00:06.610,1572924930860,2.721,0.023,47.787,0.664,3.0,0.006999999999999999,11.229,0.003,0.157,20.9,-0.063,-0.53
00:00:06.611,1572924930861,2.72,0.02,48.299,0.664,3.0,0.006999999999999999,11.275,0.002,0.157,21.088,-0.062,-0.53
00:00:06.612,1572924930862,2.719,0.017,48.299,0.664,3.0,0.006,11.32,0.002,0.158,21.276,-0.06,-0.53
00:00:06.660,1572924930910,2.718,0.014,48.299,0.664,3.0,0.005,11.365,0.002,0.159,21.465,-0.058,-0.53
00:00:06.661,1572924930911,2.718,0.011,48.299,0.664,3.0,0.005,11.411,0.001,0.159,21.655,-0.057,-0.53
00:00:06.662,1572924930912,2.718,0.006,48.299,0.664,3.0,0.004,11.456,0.001,0.16,21.845,-0.055,-0.53
00:00:06.711,1572924930961,2.718,0.002,48.299,0.664,3.0,0.004,11.501,0.001,0.161,22.037,-0.053,-0.53
00:00:06.712,1572924930962,2.716,-0.003,48.812,0.664,3.0,0.003,11.547,0.0,0.161,22.229,-0.052000000000000005,-0.53
00:00:06.713,1572924930963,2.714,-0.006999999999999999,48.812,0.664,3.0,0.003,11.592,0.0,0.162,22.422,-0.05,-0.53
00:00:06.762,1572924931012,2.713,-0.012,48.812,0.664,3.0,0.003,11.637,-0.001,0.163,22.615,-0.049,-0.53
00:00:06.763,1572924931013,2.713,-0.016,48.812,0.664,3.0,0.002,11.682,-0.001,0.163,22.809,-0.047,-0.53
00:00:06.764,1572924931014,2.713,-0.02,48.812,0.664,3.0,0.002,11.727,-0.001,0.16399999999999998,23.005,-0.045,-0.53
00:00:06.812,1572924931062,2.712,-0.024,48.812,0.664,3.0,0.002,11.773,-0.002,0.165,23.2,-0.044,-0.53
00:00:06.813,1572924931063,2.7110000000000003,-0.028,48.959,0.664,3.0,0.002,11.818,-0.002,0.165,23.397,-0.042,-0.53
00:00:06.814,1572924931064,2.709,-0.031,48.959,0.664,3.0,0.002,11.863,-0.002,0.166,23.594,-0.04,-0.53
00:00:06.862,1572924931112,2.707,-0.034,48.959,0.664,3.0,0.003,11.908,-0.003,0.166,23.792,-0.039,-0.53
00:00:06.863,1572924931113,2.705,-0.036000000000000004,48.959,0.664,3.0,0.003,11.953,-0.003,0.16699999999999998,23.991,-0.037000000000000005,-0.53
00:00:06.864,1572924931114,2.704,-0.039,48.959,0.664,3.0,0.003,11.995,-0.003,0.168,24.178,-0.035,-0.53
00:00:06.912,1572924931162,2.702,-0.041,48.959,0.664,3.0,0.003,12.04,-0.003,0.168,24.379,-0.034,-0.53
00:00:06.913,1572924931163,2.701,-0.044,49.471,0.664,3.0,0.003,12.085,-0.003,0.16899999999999998,24.58,-0.032,-0.53
00:00:06.914,1572924931164,2.699,-0.046,49.471,0.664,3.0,0.004,12.13,-0.003,0.16899999999999998,24.782,-0.03,-0.53
00:00:06.965,1572924931215,2.698,-0.048,49.471,0.664,3.0,0.004,12.175,-0.003,0.17,24.984,-0.029,-0.53
00:00:06.966,1572924931216,2.698,-0.05,49.471,0.664,3.0,0.004,12.22,-0.003,0.17,25.187,-0.027000000000000003,-0.53
00:00:06.967,1572924931217,2.7060000000000004,-0.051,49.471,0.664,3.0,0.004,12.265999999999998,-0.003,0.171,25.391,-0.026,-0.53
00:00:07.013,1572924931263,2.812,-0.052000000000000005,49.471,0.664,3.0,0.004,12.315,-0.003,0.172,25.596,-0.024,-0.53
00:00:07.014,1572924931264,3.026,-0.053,49.984,0.664,3.0,0.005,12.368,-0.003,0.173,25.802,-0.022,-0.53
00:00:07.015,1572924931265,3.196,-0.054000000000000006,49.984,0.664,3.0,0.005,12.423,-0.003,0.17600000000000002,26.009,-0.021,-0.53
00:00:07.063,1572924931313,3.2230000000000003,-0.056,49.984,0.664,3.0,0.005,12.476,-0.003,0.179,26.216,-0.019,-0.53
00:00:07.064,1572924931314,3.132,-0.057,49.984,0.664,3.0,0.005,12.527,-0.003,0.182,26.425,-0.018000000000000002,-0.53
00:00:07.065,1572924931315,2.997,-0.058,49.984,0.664,3.0,0.005,12.575,-0.003,0.185,26.634,-0.016,-0.53
00:00:07.114,1572924931364,2.873,-0.059,49.984,0.664,3.0,0.005,12.621,-0.003,0.187,26.844,-0.015,-0.53
00:00:07.115,1572924931365,2.773,-0.06,50.643,0.664,3.0,0.005,12.666,-0.003,0.189,27.054,-0.013,-0.53
00:00:07.116,1572924931366,2.693,-0.061,50.643,0.664,3.0,0.006,12.71,-0.003,0.191,27.266,-0.012,-0.53
00:00:07.167,1572924931417,2.62,-0.062,50.643,0.664,3.0,0.006,12.753,-0.003,0.192,27.478,-0.01,-0.53
00:00:07.168,1572924931418,2.55,-0.062,50.643,0.664,3.0,0.006,12.794,-0.003,0.192,27.691,-0.009000000000000001,-0.53
00:00:07.169,1572924931419,2.482,-0.063,50.643,0.664,3.0,0.006,12.835,-0.003,0.192,27.905,-0.006999999999999999,-0.53
00:00:07.214,1572924931464,2.415,-0.064,50.643,0.664,3.0,0.006,12.874,-0.003,0.191,28.119,-0.006,-0.53
00:00:07.215,1572924931465,2.347,-0.066,51.15600000000001,0.664,3.0,0.006,12.912,-0.003,0.19,28.334,-0.004,-0.53
00:00:07.216,1572924931466,2.28,-0.067,51.15600000000001,0.664,3.0,0.006,12.949000000000002,-0.003,0.189,28.549,-0.003,-0.53
00:00:07.264,1572924931514,2.219,-0.068,51.15600000000001,0.664,3.0,0.006,12.985,-0.003,0.187,28.765,-0.001,-0.53
00:00:07.265,1572924931515,2.166,-0.069,51.15600000000001,0.664,3.0,0.006,13.021,-0.003,0.185,28.982,0.0,-0.53
00:00:07.266,1572924931516,2.123,-0.07,51.15600000000001,0.664,3.0,0.006999999999999999,13.056,-0.003,0.182,29.2,0.002,-0.53
00:00:07.315,1572924931565,2.087,-0.071,51.15600000000001,0.664,3.0,0.006999999999999999,13.09,-0.003,0.18,29.417,0.003,-0.53
00:00:07.316,1572924931566,2.055,-0.071,51.669,0.664,3.0,0.006999999999999999,13.124,-0.003,0.177,29.636,0.004,-0.53
00:00:07.317,1572924931567,2.025,-0.07200000000000001,51.669,0.664,3.0,0.006999999999999999,13.157,-0.003,0.174,29.855,0.006,-0.53
00:00:07.365,1572924931615,1.997,-0.07200000000000001,51.669,0.664,3.0,0.008,13.19,-0.003,0.171,30.075,0.006999999999999999,-0.53
00:00:07.366,1572924931616,1.97,-0.07200000000000001,51.669,0.664,3.0,0.008,13.223,-0.003,0.16699999999999998,30.295,0.008,-0.53
00:00:07.367,1572924931617,1.944,-0.07200000000000001,51.669,0.664,3.0,0.008,13.255,-0.003,0.16399999999999998,30.515,0.01,-0.53
00:00:07.415,1572924931665,1.919,-0.073,51.669,0.664,3.0,0.008,13.287,-0.003,0.16,30.736,0.011,-0.53
00:00:07.416,1572924931666,1.896,-0.073,51.815,0.664,3.0,0.009000000000000001,13.318,-0.003,0.156,30.958,0.012,-0.53
00:00:07.417,1572924931667,1.874,-0.073,51.815,0.664,3.0,0.009000000000000001,13.349,-0.003,0.152,31.18,0.013,-0.53
00:00:07.466,1572924931716,1.853,-0.073,51.815,0.664,3.0,0.009000000000000001,13.38,-0.003,0.14800000000000002,31.403,0.015,-0.53
00:00:07.467,1572924931717,1.833,-0.07400000000000001,51.815,0.664,3.0,0.009000000000000001,13.41,-0.003,0.14400000000000002,31.626,0.016,-0.53
00:00:07.468,1572924931718,1.815,-0.07400000000000001,51.815,0.664,3.0,0.009000000000000001,13.44,-0.003,0.14,31.85,0.017,-0.53
00:00:07.517,1572924931767,1.798,-0.075,51.815,0.664,3.0,0.009000000000000001,13.47,-0.003,0.135,32.074,0.018000000000000002,-0.53
00:00:07.518,1572924931768,1.7819999999999998,-0.077,51.815,0.664,3.0,0.01,13.499,-0.003,0.131,32.299,0.019,-0.529
00:00:07.519,1572924931769,1.767,-0.078,51.815,0.664,3.0,0.01,13.529000000000002,-0.003,0.127,32.524,0.02,-0.529
00:00:07.572,1572924931822,1.753,-0.079,51.815,0.664,3.0,0.01,13.558,-0.003,0.123,32.75,0.021,-0.529
00:00:07.573,1572924931823,1.74,-0.08,51.815,0.664,3.0,0.01,13.587,-0.003,0.119,32.976,0.023,-0.529
00:00:07.574,1572924931824,1.727,-0.08,51.815,0.664,3.0,0.01,13.615,-0.003,0.116,33.203,0.024,-0.529
00:00:07.617,1572924931867,1.715,-0.081,51.815,0.664,3.0,0.011,13.644,-0.003,0.112,33.43,0.025,-0.529
00:00:07.618,1572924931868,1.704,-0.081,51.815,0.664,3.0,0.011,13.672,-0.003,0.109,33.658,0.026,-0.529
00:00:07.619,1572924931869,1.694,-0.08199999999999999,51.815,0.664,3.0,0.011,13.7,-0.003,0.105,33.886,0.027000000000000003,-0.529
00:00:07.667,1572924931917,1.6840000000000002,-0.08199999999999999,51.815,0.664,3.0,0.011,13.728,-0.003,0.102,34.115,0.028,-0.529
00:00:07.668,1572924931918,1.675,-0.08199999999999999,51.815,0.664,3.0,0.011,13.755999999999998,-0.003,0.1,34.344,0.029,-0.529
00:00:07.669,1572924931919,1.666,-0.08199999999999999,51.815,0.664,3.0,0.012,13.783,-0.003,0.097,34.573,0.03,-0.529
00:00:07.718,1572924931968,1.658,-0.08199999999999999,51.815,0.664,3.0,0.012,13.811,-0.003,0.095,34.803000000000004,0.031,-0.529
00:00:07.719,1572924931969,1.65,-0.08199999999999999,51.815,0.664,3.0,0.012,13.838,-0.003,0.094,35.033,0.031,-0.529
00:00:07.720,1572924931970,1.643,-0.08199999999999999,51.815,0.664,3.0,0.012,13.866,-0.003,0.092,35.264,0.032,-0.53
00:00:07.770,1572924932020,1.636,-0.08199999999999999,51.815,0.664,3.0,0.013,13.893,-0.003,0.091,35.496,0.033,-0.53
00:00:07.771,1572924932021,1.63,-0.083,51.815,0.664,3.0,0.013,13.92,-0.003,0.09,35.727,0.034,-0.53
00:00:07.772,1572924932022,1.624,-0.083,51.815,0.664,3.0,0.013,13.947,-0.003,0.09,35.96,0.035,-0.53
00:00:07.818,1572924932068,1.618,-0.083,51.815,0.664,3.0,0.013,13.974,-0.003,0.09,36.192,0.036000000000000004,-0.53
00:00:07.819,1572924932069,1.6130000000000002,-0.083,51.815,0.664,3.0,0.013,14.001,-0.002,0.09,36.425,0.036000000000000004,-0.53
00:00:07.820,1572924932070,1.608,-0.084,51.815,0.664,3.0,0.013,14.027,-0.002,0.09,36.659,0.037000000000000005,-0.53
00:00:07.868,1572924932118,1.604,-0.084,51.815,0.664,3.0,0.014,14.054,-0.002,0.091,36.893,0.038,-0.53
00:00:07.869,1572924932119,1.6,-0.085,51.815,0.664,3.0,0.014,14.081,-0.002,0.091,37.127,0.039,-0.531
00:00:07.870,1572924932120,1.596,-0.086,51.815,0.664,3.0,0.014,14.107,-0.002,0.092,37.362,0.039,-0.531
00:00:07.919,1572924932169,1.592,-0.087,51.815,0.664,3.0,0.014,14.134,-0.002,0.093,37.598,0.04,-0.531
00:00:07.920,1572924932170,1.589,-0.08800000000000001,51.962,0.664,3.0,0.014,14.16,-0.002,0.094,37.833,0.041,-0.531
00:00:07.921,1572924932171,1.585,-0.08900000000000001,51.962,0.664,3.0,0.014,14.186,-0.002,0.095,38.07,0.041,-0.531
00:00:07.969,1572924932219,1.582,-0.08900000000000001,51.962,0.664,3.0,0.014,14.213,-0.002,0.096,38.306,0.042,-0.531
00:00:07.970,1572924932220,1.579,-0.09,51.962,0.664,3.0,0.015,14.239,-0.002,0.097,38.543,0.043,-0.531
00:00:07.971,1572924932221,1.577,-0.08900000000000001,51.962,0.664,3.0,0.015,14.265,-0.002,0.098,38.781,0.043,-0.531
00:00:08.019,1572924932269,1.574,-0.08900000000000001,51.962,0.664,3.0,0.015,14.291,-0.002,0.099,39.019,0.044,-0.532
00:00:08.020,1572924932270,1.5719999999999998,-0.08900000000000001,51.962,0.664,3.0,0.015,14.318,-0.002,0.1,39.257,0.044,-0.532
00:00:08.021,1572924932271,1.57,-0.08800000000000001,51.962,0.664,3.0,0.015,14.344,-0.002,0.101,39.496,0.045,-0.532
00:00:08.070,1572924932320,1.567,-0.08800000000000001,51.962,0.664,3.0,0.016,14.37,-0.002,0.101,39.736,0.045,-0.532
00:00:08.071,1572924932321,1.565,-0.08800000000000001,51.962,0.664,3.0,0.016,14.396,-0.002,0.102,39.975,0.045,-0.532
00:00:08.072,1572924932322,1.5630000000000002,-0.087,51.962,0.664,3.0,0.016,14.422,-0.002,0.103,40.215,0.046,-0.532
00:00:08.120,1572924932370,1.561,-0.086,51.962,0.664,3.0,0.016,14.448,-0.002,0.103,40.456,0.046,-0.532
00:00:08.121,1572924932371,1.5590000000000002,-0.085,52.328,0.664,3.0,0.017,14.474,-0.002,0.104,40.697,0.047,-0.532
00:00:08.122,1572924932372,1.557,-0.084,52.328,0.664,3.0,0.017,14.5,-0.002,0.104,40.938,0.047,-0.532
00:00:08.170,1572924932420,1.556,-0.08199999999999999,52.328,0.664,3.0,0.017,14.526,-0.002,0.105,41.18,0.047,-0.532
00:00:08.171,1572924932421,1.555,-0.079,52.328,0.664,3.0,0.018000000000000002,14.552,-0.001,0.105,41.423,0.048,-0.532
00:00:08.172,1572924932422,1.554,-0.077,52.328,0.664,3.0,0.018000000000000002,14.578,-0.001,0.105,41.665,0.048,-0.532
00:00:08.220,1572924932470,1.5530000000000002,-0.073,52.328,0.664,3.0,0.018000000000000002,14.603,-0.001,0.105,41.909,0.048,-0.532
00:00:08.221,1572924932471,1.5519999999999998,-0.069,52.621,0.664,3.0,0.019,14.629,-0.001,0.105,42.152,0.048,-0.532
00:00:08.222,1572924932472,1.551,-0.064,52.621,0.664,3.0,0.019,14.655,0.0,0.106,42.396,0.049,-0.532
00:00:08.271,1572924932521,1.5490000000000002,-0.058,52.621,0.664,3.0,0.019,14.681,0.0,0.106,42.64100000000001,0.049,-0.532
00:00:08.272,1572924932522,1.548,-0.051,52.621,0.664,3.0,0.02,14.707,0.0,0.106,42.886,0.049,-0.532
00:00:08.273,1572924932523,1.548,-0.043,52.621,0.664,3.0,0.02,14.732,0.001,0.106,43.131,0.049,-0.532
00:00:08.321,1572924932571,1.547,-0.035,52.621,0.664,3.0,0.02,14.758,0.001,0.105,43.377,0.049,-0.532
00:00:08.322,1572924932572,1.546,-0.025,52.987,0.664,3.0,0.02,14.784,0.002,0.105,43.62300000000001,0.049,-0.532
00:00:08.323,1572924932573,1.545,-0.016,52.987,0.664,3.0,0.02,14.81,0.002,0.105,43.87,0.05,-0.532
00:00:08.372,1572924932622,1.544,-0.006,52.987,0.664,3.0,0.02,14.835,0.003,0.105,44.117,0.05,-0.532
00:00:08.373,1572924932623,1.544,0.003,52.987,0.664,3.0,0.02,14.861,0.003,0.105,44.364,0.05,-0.532
00:00:08.374,1572924932624,1.544,0.011,52.987,0.664,3.0,0.019,14.887,0.004,0.105,44.612,0.05,-0.532
00:00:08.424,1572924932674,1.543,0.018000000000000002,52.987,0.664,3.0,0.018000000000000002,14.913,0.004,0.105,44.86,0.05,-0.532
00:00:08.425,1572924932675,1.543,0.025,53.5,0.664,3.0,0.017,14.938,0.005,0.104,45.109,0.051,-0.532
00:00:08.426,1572924932676,1.5419999999999998,0.03,53.5,0.664,3.0,0.016,14.964,0.005,0.104,45.358,0.051,-0.532
00:00:08.478,1572924932728,1.541,0.035,53.5,0.664,3.0,0.015,14.99,0.005,0.104,45.608,0.051,-0.532
00:00:08.479,1572924932729,1.541,0.039,53.5,0.664,3.0,0.014,15.015,0.005,0.104,45.858,0.051,-0.531
00:00:08.480,1572924932730,1.541,0.042,53.5,0.664,3.0,0.012,15.041,0.005,0.104,46.108,0.051,-0.531
00:00:08.525,1572924932775,1.541,0.044,53.5,0.664,3.0,0.011,15.067,0.005,0.103,46.359,0.052000000000000005,-0.531
00:00:08.526,1572924932776,1.541,0.047,53.646,0.664,3.0,0.01,15.092,0.004,0.103,46.611,0.052000000000000005,-0.531
00:00:08.527,1572924932777,1.54,0.048,53.646,0.664,3.0,0.009000000000000001,15.118,0.004,0.103,46.862,0.052000000000000005,-0.531
00:00:08.528,1572924932778,1.539,0.05,53.646,0.664,3.0,0.008,15.144,0.003,0.103,47.115,0.052000000000000005,-0.531
00:00:08.575,1572924932825,1.538,0.052000000000000005,53.646,0.664,3.0,0.006999999999999999,15.169,0.003,0.103,47.367,0.053,-0.531
00:00:08.576,1572924932826,1.538,0.054000000000000006,53.646,0.664,3.0,0.006,15.195,0.002,0.103,47.62,0.053,-0.531
00:00:08.577,1572924932827,1.537,0.057,53.646,0.664,3.0,0.005,15.220999999999998,0.002,0.102,47.874,0.053,-0.531
00:00:08.626,1572924932876,1.536,0.06,54.159,0.664,3.0,0.004,15.246,0.002,0.102,48.128,0.054000000000000006,-0.531
00:00:08.627,1572924932877,1.536,0.063,54.159,0.664,3.0,0.003,15.272,0.001,0.102,48.382,0.054000000000000006,-0.531
00:00:08.628,1572924932878,1.536,0.065,54.159,0.664,3.0,0.002,15.297,0.001,0.102,48.637,0.054000000000000006,-0.531
00:00:08.676,1572924932926,1.536,0.067,54.159,0.664,3.0,0.001,15.323,0.001,0.102,48.892,0.055,-0.531
00:00:08.677,1572924932927,1.536,0.067,54.159,0.664,3.0,0.0,15.349,0.0,0.103,49.147,0.055,-0.532
00:00:08.678,1572924932928,1.537,0.066,54.159,0.664,3.0,-0.001,15.374,0.0,0.103,49.403,0.056,-0.532
00:00:08.727,1572924932977,1.536,0.065,55.184,0.664,3.0,-0.002,15.4,0.0,0.103,49.66,0.056,-0.532
00:00:08.728,1572924932978,1.536,0.063,55.184,0.664,3.0,-0.002,15.425,-0.001,0.103,49.917,0.057,-0.532
00:00:08.729,1572924932979,1.536,0.061,55.184,0.664,3.0,-0.003,15.451,-0.001,0.103,50.174,0.057,-0.532
00:00:08.777,1572924933027,1.538,0.059,55.184,0.664,3.0,-0.004,15.477,-0.001,0.104,50.432,0.058,-0.532
00:00:08.778,1572924933028,1.539,0.057,55.184,0.664,3.0,-0.004,15.502,-0.001,0.104,50.69,0.058,-0.532
00:00:08.779,1572924933029,1.54,0.055,55.184,0.664,3.0,-0.005,15.528,-0.001,0.104,50.949,0.059,-0.532
00:00:08.827,1572924933077,1.541,0.054000000000000006,55.99,0.664,3.0,-0.005,15.554,-0.002,0.105,51.208,0.059,-0.532
00:00:08.828,1572924933078,1.54,0.052000000000000005,55.99,0.664,3.0,-0.005,15.579,-0.002,0.105,51.467,0.06,-0.532
00:00:08.829,1572924933079,1.541,0.051,55.99,0.664,3.0,-0.006,15.605,-0.002,0.105,51.727,0.06,-0.532
00:00:08.877,1572924933127,1.541,0.05,55.99,0.664,3.0,-0.006,15.630999999999998,-0.002,0.106,51.987,0.061,-0.532
00:00:08.878,1572924933128,1.5419999999999998,0.049,55.99,0.664,3.0,-0.006,15.656,-0.002,0.106,52.24800000000001,0.062,-0.532
00:00:08.879,1572924933129,1.543,0.048,55.99,0.664,3.0,-0.006,15.682,-0.001,0.107,52.50899999999999,0.062,-0.532
00:00:08.927,1572924933177,1.543,0.047,56.649,0.664,3.0,-0.006999999999999999,15.708,-0.001,0.107,52.771,0.063,-0.532
00:00:08.928,1572924933178,1.543,0.046,56.649,0.664,3.0,-0.006999999999999999,15.734000000000002,-0.001,0.107,53.033,0.064,-0.532
00:00:08.929,1572924933179,1.543,0.045,56.649,0.664,3.0,-0.006999999999999999,15.759,-0.001,0.108,53.295,0.064,-0.532
00:00:08.978,1572924933228,1.543,0.044,56.649,0.664,3.0,-0.006999999999999999,15.785,-0.001,0.108,53.558,0.065,-0.532
00:00:08.979,1572924933229,1.544,0.043,56.649,0.664,3.0,-0.008,15.811,-0.001,0.108,53.82100000000001,0.066,-0.532
00:00:08.980,1572924933230,1.544,0.042,56.649,0.664,3.0,-0.008,15.836,-0.001,0.109,54.085,0.066,-0.532
00:00:09.028,1572924933278,1.545,0.04,57.308,0.664,3.0,-0.008,15.862,-0.001,0.109,54.349,0.067,-0.532
00:00:09.029,1572924933279,1.544,0.039,57.308,0.664,3.0,-0.008,15.888,-0.001,0.109,54.614,0.068,-0.532
00:00:09.030,1572924933280,1.544,0.038,57.308,0.664,3.0,-0.008,15.914,-0.001,0.11,54.879,0.069,-0.532
00:00:09.078,1572924933328,1.545,0.037000000000000005,57.308,0.664,3.0,-0.008,15.939,0.0,0.11,55.144,0.069,-0.532
00:00:09.079,1572924933329,1.546,0.036000000000000004,57.308,0.664,3.0,-0.008,15.965,0.0,0.11,55.41,0.07,-0.532
00:00:09.080,1572924933330,1.546,0.035,57.308,0.664,3.0,-0.008,15.991,0.0,0.11,55.676,0.071,-0.532
00:00:09.129,1572924933379,1.546,0.034,57.82100000000001,0.664,3.0,-0.009000000000000001,16.017,0.0,0.111,55.94300000000001,0.07200000000000001,-0.532
00:00:09.130,1572924933380,1.546,0.034,57.82100000000001,0.664,3.0,-0.009000000000000001,16.043,0.0,0.111,56.21,0.073,-0.532
00:00:09.131,1572924933381,1.546,0.033,57.82100000000001,0.664,3.0,-0.009000000000000001,16.067999999999998,0.0,0.111,56.478,0.073,-0.532
00:00:09.179,1572924933429,1.546,0.033,57.82100000000001,0.664,3.0,-0.009000000000000001,16.094,0.0,0.111,56.746,0.07400000000000001,-0.532
00:00:09.180,1572924933430,1.547,0.032,57.82100000000001,0.664,3.0,-0.009000000000000001,16.12,0.0,0.111,57.014,0.075,-0.532
00:00:09.181,1572924933431,1.547,0.032,57.82100000000001,0.664,3.0,-0.009000000000000001,16.146,0.0,0.112,57.283,0.076,-0.532
00:00:09.232,1572924933482,1.547,0.032,58.48,0.664,3.0,-0.009000000000000001,16.171,0.0,0.112,57.553,0.077,-0.532
00:00:09.233,1572924933483,1.547,0.032,58.48,0.664,3.0,-0.009000000000000001,16.197,0.0,0.112,57.822,0.078,-0.532
00:00:09.234,1572924933484,1.547,0.033,58.48,0.664,3.0,-0.009000000000000001,16.223,0.0,0.112,58.093,0.078,-0.532
00:00:09.279,1572924933529,1.548,0.034,58.48,0.664,3.0,-0.008,16.249000000000002,0.0,0.112,58.363,0.079,-0.532
00:00:09.280,1572924933530,1.5490000000000002,0.036000000000000004,58.48,0.664,3.0,-0.008,16.275,0.0,0.112,58.63399999999999,0.08,-0.532
00:00:09.281,1572924933531,1.5490000000000002,0.037000000000000005,58.48,0.664,3.0,-0.008,16.301,0.0,0.113,58.90600000000001,0.081,-0.532
00:00:09.330,1572924933580,1.55,0.037000000000000005,58.847,0.664,3.0,-0.008,16.326,0.0,0.113,59.178,0.08199999999999999,-0.532
00:00:09.331,1572924933581,1.55,0.037000000000000005,58.847,0.664,3.0,-0.009000000000000001,16.359,0.0,0.113,59.518,0.083,-0.532
00:00:09.332,1572924933582,1.5490000000000002,0.037000000000000005,58.847,0.664,3.0,-0.009000000000000001,16.378,0.0,0.113,59.723,0.084,-0.532
00:00:09.380,1572924933630,1.55,0.037000000000000005,58.847,0.664,3.0,-0.009000000000000001,16.404,0.0,0.113,59.996,0.085,-0.532
00:00:09.381,1572924933631,1.55,0.039,58.847,0.664,3.0,-0.009000000000000001,16.43,0.0,0.113,60.269,0.086,-0.532
00:00:09.382,1572924933632,1.55,0.042,58.847,0.664,3.0,-0.008,16.455,0.0,0.114,60.543,0.087,-0.532
00:00:09.430,1572924933680,1.55,0.046,59.799,0.664,3.0,-0.008,16.480999999999998,0.0,0.114,60.81800000000001,0.08800000000000001,-0.532
00:00:09.431,1572924933681,1.55,0.051,59.799,0.664,3.0,-0.008,16.509,0.001,0.114,61.11,0.08900000000000001,-0.532
00:00:09.432,1572924933682,1.55,0.054000000000000006,59.799,0.664,3.0,-0.008,16.533,0.001,0.114,61.368,0.09,-0.532
00:00:09.481,1572924933731,1.551,0.057,59.799,0.664,3.0,-0.008,16.559,0.001,0.114,61.644,0.091,-0.532
00:00:09.482,1572924933732,1.5530000000000002,0.059,59.799,0.664,3.0,-0.009000000000000001,16.586,0.001,0.115,61.937,0.092,-0.532
00:00:09.483,1572924933733,1.554,0.059,59.799,0.664,3.0,-0.009000000000000001,16.611,0.001,0.115,62.197,0.093,-0.532
00:00:09.532,1572924933782,1.555,0.06,61.483,0.664,3.0,-0.01,16.637,0.001,0.115,62.474,0.094,-0.532
00:00:09.533,1572924933783,1.555,0.06,61.483,0.664,3.0,-0.01,16.662,0.001,0.115,62.75100000000001,0.095,-0.532
00:00:09.534,1572924933784,1.555,0.06,61.483,0.664,3.0,-0.01,16.688,0.001,0.115,63.029,0.097,-0.532
00:00:09.582,1572924933832,1.557,0.06,61.483,0.664,3.0,-0.011,16.715999999999998,0.001,0.116,63.325,0.098,-0.532
00:00:09.583,1572924933833,1.5590000000000002,0.06,61.483,0.664,3.0,-0.011,16.74,0.0,0.116,63.58600000000001,0.099,-0.532
00:00:09.584,1572924933834,1.561,0.06,61.483,0.664,3.0,-0.011,16.766,0.0,0.116,63.86600000000001,0.1,-0.532
00:00:09.632,1572924933882,1.5619999999999998,0.061,62.655,0.664,3.0,-0.012,16.792,0.0,0.116,64.145,0.101,-0.532
00:00:09.633,1572924933883,1.5630000000000002,0.061,62.655,0.664,3.0,-0.012,16.82,0.0,0.117,64.443,0.103,-0.532
00:00:09.634,1572924933884,1.5630000000000002,0.062,62.655,0.664,3.0,-0.012,16.845,0.0,0.117,64.706,0.104,-0.532
00:00:09.683,1572924933933,1.564,0.063,62.655,0.664,3.0,-0.012,16.871,-0.001,0.117,64.987,0.105,-0.532
00:00:09.684,1572924933934,1.564,0.064,62.655,0.664,3.0,-0.013,16.897000000000002,-0.001,0.117,65.268,0.106,-0.532
00:00:09.685,1572924933935,1.564,0.065,62.655,0.664,3.0,-0.013,16.924,-0.001,0.118,65.568,0.108,-0.532
00:00:09.733,1572924933983,1.5630000000000002,0.066,62.655,0.664,3.0,-0.013,16.949,-0.001,0.118,65.832,0.109,-0.532
00:00:09.734,1572924933984,1.561,0.067,62.655,0.664,3.0,-0.013,16.975,-0.001,0.118,66.115,0.11,-0.532
00:00:09.735,1572924933985,1.561,0.067,62.655,0.664,3.0,-0.014,17.000999999999998,-0.001,0.119,66.398,0.112,-0.532
00:00:09.783,1572924934033,1.56,0.068,62.655,0.664,3.0,-0.014,17.028,-0.001,0.119,66.7,0.113,-0.532
00:00:09.784,1572924934034,1.56,0.068,62.655,0.664,3.0,-0.014,17.053,-0.001,0.119,66.96600000000001,0.115,-0.532
00:00:09.785,1572924934035,1.56,0.068,62.655,0.664,3.0,-0.014,17.079,-0.001,0.119,67.25,0.116,-0.532
00:00:09.833,1572924934083,1.56,0.068,62.802,0.664,3.0,-0.014,17.105,-0.001,0.119,67.535,0.117,-0.532
00:00:09.834,1572924934084,1.5590000000000002,0.068,62.802,0.664,3.0,-0.015,17.132,-0.002,0.12,67.83800000000001,0.119,-0.532
00:00:09.835,1572924934085,1.5590000000000002,0.067,62.802,0.664,3.0,-0.015,17.157,-0.002,0.12,68.10600000000001,0.12,-0.532
00:00:09.883,1572924934133,1.5590000000000002,0.067,62.802,0.664,3.0,-0.015,17.183,-0.002,0.12,68.392,0.122,-0.532
00:00:09.884,1572924934134,1.5590000000000002,0.066,62.802,0.664,3.0,-0.015,17.209,-0.002,0.12,68.679,0.123,-0.532
00:00:09.885,1572924934135,1.5590000000000002,0.065,62.802,0.664,3.0,-0.016,17.236,-0.002,0.12,68.984,0.125,-0.532
00:00:09.933,1572924934183,1.558,0.064,63.021,0.664,3.0,-0.016,17.261,-0.002,0.121,69.253,0.127,-0.532
00:00:09.934,1572924934184,1.558,0.063,63.021,0.664,3.0,-0.016,17.287,-0.002,0.121,69.541,0.128,-0.532
00:00:09.935,1572924934185,1.558,0.062,63.021,0.664,3.0,-0.016,17.313,-0.002,0.121,69.83,0.13,-0.532
00:00:09.983,1572924934233,1.558,0.061,63.021,0.664,3.0,-0.016,17.34,-0.002,0.121,70.13600000000001,0.132,-0.532
00:00:09.984,1572924934234,1.558,0.06,63.021,0.664,3.0,-0.016,17.365,-0.002,0.121,70.408,0.133,-0.532
00:00:09.985,1572924934235,1.558,0.059,63.021,0.664,3.0,-0.016,17.39,-0.002,0.121,70.697,0.135,-0.532
00:00:10.034,1572924934284,1.557,0.057,63.31399999999999,0.664,3.0,-0.017,17.416,-0.002,0.122,70.987,0.13699999999999998,-0.532
00:00:10.035,1572924934285,1.557,0.055,63.31399999999999,0.664,3.0,-0.017,17.444000000000006,-0.002,0.122,71.296,0.138,-0.532
00:00:10.036,1572924934286,1.557,0.053,63.31399999999999,0.664,3.0,-0.017,17.47,-0.002,0.122,71.587,0.14,-0.532
00:00:10.084,1572924934334,1.557,0.051,63.31399999999999,0.664,3.0,-0.017,17.494,-0.002,0.122,71.86,0.142,-0.532
00:00:10.085,1572924934335,1.557,0.047,63.31399999999999,0.664,3.0,-0.017,17.522000000000002,-0.002,0.122,72.17,0.14400000000000002,-0.532
00:00:10.086,1572924934336,1.557,0.043,63.31399999999999,0.664,3.0,-0.018000000000000002,17.548,-0.003,0.122,72.462,0.145,-0.532
00:00:10.134,1572924934384,1.557,0.038,63.46100000000001,0.664,3.0,-0.018000000000000002,17.574,-0.003,0.123,72.755,0.147,-0.532
00:00:10.135,1572924934385,1.556,0.033,63.46100000000001,0.664,3.0,-0.018000000000000002,17.598,-0.003,0.123,73.03,0.149,-0.532
00:00:10.136,1572924934386,1.556,0.029,63.46100000000001,0.664,3.0,-0.018000000000000002,17.624000000000006,-0.003,0.123,73.32300000000002,0.151,-0.532
00:00:10.185,1572924934435,1.556,0.024,63.46100000000001,0.664,3.0,-0.018000000000000002,17.652,-0.003,0.123,73.63600000000002,0.153,-0.532
00:00:10.186,1572924934436,1.556,0.019,63.46100000000001,0.664,3.0,-0.017,17.677,-0.003,0.123,73.93,0.154,-0.532
00:00:10.187,1572924934437,1.556,0.015,63.46100000000001,0.664,3.0,-0.017,17.702,-0.004,0.124,74.206,0.156,-0.532
00:00:10.236,1572924934486,1.555,0.011,63.827,0.664,3.0,-0.016,17.729,-0.004,0.124,74.52,0.158,-0.532
00:00:10.237,1572924934487,1.555,0.008,63.827,0.664,3.0,-0.016,17.755,-0.004,0.124,74.816,0.16,-0.532
00:00:10.238,1572924934488,1.555,0.004,63.827,0.664,3.0,-0.016,17.781,-0.004,0.124,75.112,0.162,-0.532
00:00:10.286,1572924934536,1.556,0.0,63.827,0.664,3.0,-0.015,17.807000000000006,-0.004,0.124,75.40899999999998,0.16399999999999998,-0.532
00:00:10.287,1572924934537,1.556,-0.003,63.827,0.664,3.0,-0.015,17.831,-0.004,0.125,75.687,0.165,-0.532
00:00:10.288,1572924934538,1.556,-0.008,63.827,0.664,3.0,-0.014,17.857,-0.003,0.125,75.984,0.16699999999999998,-0.532
00:00:10.336,1572924934586,1.556,-0.013,64.34,0.664,3.0,-0.014,17.885,-0.003,0.125,76.301,0.16899999999999998,-0.532
00:00:10.337,1572924934587,1.555,-0.019,64.34,0.664,3.0,-0.013,17.909000000000006,-0.003,0.125,76.581,0.171,-0.532
00:00:10.338,1572924934588,1.555,-0.025,64.34,0.664,3.0,-0.013,17.935,-0.003,0.125,76.87899999999998,0.173,-0.532
00:00:10.387,1572924934637,1.556,-0.032,64.34,0.664,3.0,-0.012,17.963,-0.003,0.125,77.197,0.175,-0.532
00:00:10.388,1572924934638,1.557,-0.038,64.34,0.664,3.0,-0.011,17.989,-0.003,0.125,77.497,0.177,-0.532
00:00:10.389,1572924934639,1.557,-0.045,64.34,0.664,3.0,-0.011,18.015,-0.003,0.126,77.797,0.179,-0.532
00:00:10.437,1572924934687,1.557,-0.052000000000000005,64.486,0.664,3.0,-0.01,18.041,-0.003,0.126,78.097,0.18,-0.532
00:00:10.438,1572924934688,1.556,-0.058,64.486,0.664,3.0,-0.009000000000000001,18.065,-0.003,0.126,78.37899999999998,0.182,-0.532
00:00:10.439,1572924934689,1.555,-0.066,64.486,0.664,3.0,-0.008,18.092,-0.003,0.126,78.699,0.184,-0.532
00:00:10.487,1572924934737,1.555,-0.07200000000000001,64.486,0.664,3.0,-0.006999999999999999,18.118,-0.002,0.126,79.001,0.18600000000000005,-0.532
00:00:10.488,1572924934738,1.555,-0.078,64.486,0.664,3.0,-0.006,18.143,-0.002,0.127,79.28399999999998,0.187,-0.532
00:00:10.489,1572924934739,1.555,-0.084,64.486,0.664,3.0,-0.005,18.168,-0.002,0.127,79.587,0.189,-0.532
00:00:10.541,1572924934791,1.555,-0.08900000000000001,64.486,0.664,3.0,-0.003,18.196,-0.002,0.127,79.90899999999998,0.191,-0.532
00:00:10.542,1572924934792,1.554,-0.092,64.486,0.664,3.0,-0.002,18.222,-0.001,0.127,80.212,0.193,-0.532
00:00:10.543,1572924934793,1.554,-0.095,64.486,0.664,3.0,-0.001,18.246,-0.001,0.127,80.497,0.194,-0.532
00:00:10.588,1572924934838,1.5530000000000002,-0.097,64.486,0.664,3.0,0.001,18.274,0.0,0.127,80.821,0.196,-0.532
00:00:10.589,1572924934839,1.5530000000000002,-0.099,64.486,0.664,3.0,0.002,18.3,0.0,0.128,81.126,0.197,-0.532
00:00:10.590,1572924934840,1.5530000000000002,-0.101,64.486,0.664,3.0,0.004,18.325,0.001,0.128,81.431,0.199,-0.532
00:00:10.639,1572924934889,1.5519999999999998,-0.103,64.486,0.664,3.0,0.005,18.351,0.001,0.128,81.736,0.201,-0.532
00:00:10.640,1572924934890,1.5519999999999998,-0.105,64.486,0.664,3.0,0.006,18.377,0.002,0.128,82.042,0.202,-0.532
00:00:10.641,1572924934891,1.551,-0.107,64.486,0.664,3.0,0.006999999999999999,18.403,0.002,0.128,82.34899999999998,0.204,-0.532
00:00:10.689,1572924934939,1.551,-0.11,64.486,0.664,3.0,0.008,18.429,0.003,0.128,82.656,0.205,-0.532
00:00:10.690,1572924934940,1.551,-0.113,64.486,0.664,3.0,0.009000000000000001,18.453,0.003,0.128,82.944,0.206,-0.532
00:00:10.691,1572924934941,1.55,-0.116,64.486,0.664,3.0,0.01,18.48,0.003,0.128,83.271,0.208,-0.532
00:00:10.739,1572924934989,1.55,-0.118,64.486,0.664,3.0,0.011,18.506,0.004,0.128,83.579,0.209,-0.532
00:00:10.740,1572924934990,1.55,-0.121,64.486,0.664,3.0,0.012,18.532,0.004,0.129,83.88799999999998,0.211,-0.532
00:00:10.741,1572924934991,1.5490000000000002,-0.123,64.486,0.664,3.0,0.013,18.556,0.004,0.129,84.178,0.212,-0.532
00:00:10.790,1572924935040,1.5490000000000002,-0.124,64.486,0.664,3.0,0.014,18.584,0.004,0.129,84.507,0.213,-0.532
00:00:10.791,1572924935041,1.5490000000000002,-0.125,64.486,0.664,3.0,0.015,18.61,0.004,0.129,84.816,0.214,-0.532
00:00:10.792,1572924935042,1.548,-0.126,64.486,0.664,3.0,0.016,18.635,0.004,0.129,85.12700000000002,0.21600000000000005,-0.532
00:00:10.840,1572924935090,1.548,-0.127,64.486,0.664,3.0,0.017,18.661,0.004,0.129,85.43799999999997,0.217,-0.532
00:00:10.841,1572924935091,1.548,-0.127,64.486,0.664,3.0,0.018000000000000002,18.687,0.004,0.129,85.749,0.218,-0.532
00:00:10.842,1572924935092,1.547,-0.127,64.486,0.664,3.0,0.019,18.713,0.004,0.13,86.061,0.219,-0.532
00:00:10.890,1572924935140,1.547,-0.127,64.486,0.664,3.0,0.02,18.739,0.004,0.13,86.37299999999998,0.22,-0.532
00:00:10.891,1572924935141,1.546,-0.127,64.486,0.664,3.0,0.021,18.764,0.004,0.13,86.685,0.221,-0.532
00:00:10.892,1572924935142,1.546,-0.127,64.486,0.664,3.0,0.021,18.788,0.004,0.13,86.979,0.222,-0.532
00:00:10.941,1572924935191,1.546,-0.126,64.486,0.664,3.0,0.022,18.816,0.004,0.13,87.31200000000004,0.223,-0.532
00:00:10.942,1572924935192,1.545,-0.124,64.486,0.664,3.0,0.023,18.842,0.004,0.13,87.625,0.224,-0.532
00:00:10.943,1572924935193,1.545,-0.123,64.486,0.664,3.0,0.024,18.867,0.004,0.131,87.94,0.225,-0.532
00:00:10.944,1572924935194,1.545,-0.121,64.486,0.664,3.0,0.024,18.893,0.004,0.131,88.25399999999998,0.226,-0.532
00:00:10.991,1572924935241,1.544,-0.12,64.486,0.664,3.0,0.025,18.919,0.005,0.131,88.569,0.227,-0.532
00:00:10.992,1572924935242,1.544,-0.119,64.486,0.664,3.0,0.025,18.944000000000006,0.005,0.131,88.885,0.227,-0.532
00:00:10.993,1572924935243,1.543,-0.117,64.486,0.664,3.0,0.026,18.97,0.005,0.131,89.20100000000002,0.228,-0.532
00:00:11.045,1572924935295,1.543,-0.116,64.486,0.664,3.0,0.026,18.996,0.005,0.131,89.51700000000002,0.229,-0.532
00:00:11.046,1572924935296,1.543,-0.115,64.486,0.664,3.0,0.027000000000000003,19.022,0.005,0.132,89.834,0.23,-0.532
00:00:11.047,1572924935297,1.5419999999999998,-0.115,64.486,0.664,3.0,0.027000000000000003,19.047,0.005,0.132,90.151,0.23,-0.532
00:00:11.091,1572924935341,1.5419999999999998,-0.114,64.486,0.664,3.0,0.028,19.073,0.005,0.132,90.469,0.231,-0.532
00:00:11.092,1572924935342,1.5419999999999998,-0.113,64.486,0.664,3.0,0.028,19.097,0.005,0.132,90.767,0.232,-0.532
00:00:11.093,1572924935343,1.541,-0.113,64.486,0.664,3.0,0.028,19.124,0.005,0.132,91.106,0.232,-0.532
00:00:11.142,1572924935392,1.541,-0.112,64.486,0.664,3.0,0.029,19.15,0.005,0.132,91.425,0.233,-0.532
00:00:11.143,1572924935393,1.541,-0.111,64.486,0.664,3.0,0.029,19.176,0.005,0.132,91.744,0.233,-0.532
00:00:11.144,1572924935394,1.54,-0.11,64.486,0.664,3.0,0.029,19.201,0.005,0.132,92.064,0.234,-0.532
00:00:11.192,1572924935442,1.54,-0.11,64.486,0.664,3.0,0.03,19.227,0.005,0.133,92.384,0.234,-0.532
00:00:11.193,1572924935443,1.539,-0.109,64.486,0.664,3.0,0.03,19.253,0.005,0.133,92.705,0.235,-0.532
00:00:11.194,1572924935444,1.539,-0.108,64.486,0.664,3.0,0.03,19.278,0.005,0.133,93.026,0.235,-0.532
00:00:11.247,1572924935497,1.539,-0.108,64.486,0.664,3.0,0.03,19.304,0.005,0.133,93.347,0.236,-0.532
00:00:11.248,1572924935498,1.538,-0.107,64.486,0.664,3.0,0.03,19.33,0.005,0.133,93.669,0.236,-0.532
00:00:11.249,1572924935499,1.538,-0.106,64.486,0.664,3.0,0.031,19.355,0.005,0.133,93.992,0.236,-0.532
00:00:11.295,1572924935545,1.537,-0.106,64.486,0.664,3.0,0.031,19.381,0.005,0.133,94.315,0.236,-0.532
00:00:11.296,1572924935546,1.537,-0.105,64.486,0.664,3.0,0.031,19.406,0.005,0.133,94.638,0.237,-0.532
00:00:11.297,1572924935547,1.537,-0.105,64.486,0.664,3.0,0.031,19.432,0.004,0.134,94.961,0.237,-0.532
00:00:11.345,1572924935595,1.536,-0.104,64.486,0.664,3.0,0.031,19.458,0.004,0.134,95.285,0.237,-0.532
00:00:11.346,1572924935596,1.536,-0.104,64.486,0.664,3.0,0.031,19.483,0.004,0.134,95.61,0.237,-0.532
00:00:11.347,1572924935597,1.535,-0.103,64.486,0.664,3.0,0.031,19.509,0.004,0.134,95.935,0.238,-0.532
00:00:11.395,1572924935645,1.535,-0.103,64.486,0.664,3.0,0.032,19.534,0.004,0.134,96.26,0.238,-0.532
00:00:11.396,1572924935646,1.535,-0.103,64.486,0.664,3.0,0.032,19.56,0.004,0.134,96.586,0.238,-0.532
00:00:11.397,1572924935647,1.534,-0.102,64.486,0.664,3.0,0.032,19.586,0.004,0.134,96.912,0.238,-0.532
00:00:11.445,1572924935695,1.534,-0.102,64.486,0.664,3.0,0.032,19.611,0.004,0.134,97.239,0.238,-0.532
00:00:11.446,1572924935696,1.534,-0.102,64.486,0.664,3.0,0.032,19.637,0.004,0.135,97.566,0.238,-0.532
00:00:11.447,1572924935697,1.533,-0.102,64.486,0.664,3.0,0.032,19.662,0.005,0.135,97.894,0.238,-0.532
00:00:11.498,1572924935748,1.533,-0.102,64.486,0.664,3.0,0.032,19.688,0.005,0.135,98.221,0.238,-0.532
00:00:11.499,1572924935749,1.5319999999999998,-0.102,64.486,0.664,3.0,0.032,19.713,0.005,0.135,98.55,0.238,-0.532
00:00:11.500,1572924935750,1.5319999999999998,-0.102,64.633,0.664,3.0,0.032,19.739,0.005,0.135,98.879,0.238,-0.532
00:00:11.546,1572924935796,1.5319999999999998,-0.102,64.633,0.664,3.0,0.032,19.764,0.005,0.135,99.208,0.237,-0.532
00:00:11.547,1572924935797,1.531,-0.102,64.633,0.664,3.0,0.032,19.79,0.005,0.135,99.537,0.237,-0.532
00:00:11.548,1572924935798,1.531,-0.101,64.633,0.664,3.0,0.032,19.815,0.005,0.136,99.867,0.237,-0.532
00:00:11.596,1572924935846,1.531,-0.101,64.633,0.664,3.0,0.032,19.841,0.005,0.136,100.198,0.237,-0.532
00:00:11.597,1572924935847,1.531,-0.101,64.633,0.664,3.0,0.032,19.866,0.005,0.136,100.529,0.237,-0.532
00:00:11.598,1572924935848,1.531,-0.101,64.486,0.664,3.0,0.032,19.892,0.005,0.136,100.86,0.236,-0.532
00:00:11.653,1572924935903,1.53,-0.1,64.486,0.664,3.0,0.032,19.917,0.005,0.136,101.192,0.236,-0.532
00:00:11.654,1572924935904,1.53,-0.1,64.486,0.664,3.0,0.032,19.943,0.005,0.136,101.524,0.236,-0.532
00:00:11.655,1572924935905,1.529,-0.1,64.486,0.664,3.0,0.032,19.968,0.005,0.136,101.857,0.235,-0.532
00:00:11.698,1572924935948,1.528,-0.099,64.486,0.664,3.0,0.032,19.994,0.005,0.13699999999999998,102.19,0.235,-0.532
00:00:11.699,1572924935949,1.528,-0.099,64.486,0.664,3.0,0.033,20.019,0.005,0.13699999999999998,102.523,0.235,-0.532
00:00:11.700,1572924935950,1.527,-0.099,64.633,0.664,3.0,0.033,20.045,0.005,0.13699999999999998,102.857,0.234,-0.532
00:00:11.748,1572924935998,1.527,-0.099,64.633,0.664,3.0,0.033,20.07,0.005,0.13699999999999998,103.191,0.234,-0.532
00:00:11.749,1572924935999,1.527,-0.098,64.633,0.664,3.0,0.033,20.096,0.005,0.13699999999999998,103.526,0.233,-0.532
00:00:11.750,1572924936000,1.527,-0.098,64.633,0.664,3.0,0.033,20.121,0.005,0.13699999999999998,103.861,0.233,-0.532
00:00:11.798,1572924936048,1.527,-0.098,64.633,0.664,3.0,0.033,20.147,0.005,0.13699999999999998,104.197,0.232,-0.532
00:00:11.799,1572924936049,1.527,-0.097,64.633,0.664,3.0,0.033,20.172,0.005,0.138,104.533,0.231,-0.532
00:00:11.800,1572924936050,1.526,-0.097,64.486,0.664,3.0,0.033,20.197,0.005,0.138,104.869,0.231,-0.532
00:00:11.854,1572924936104,1.526,-0.097,64.486,0.664,3.0,0.033,20.223,0.005,0.138,105.206,0.23,-0.532
00:00:11.855,1572924936105,1.525,-0.096,64.486,0.664,3.0,0.033,20.248,0.005,0.138,105.543,0.23,-0.532
00:00:11.856,1572924936106,1.524,-0.096,64.486,0.664,3.0,0.033,20.274,0.005,0.138,105.881,0.229,-0.532
00:00:11.901,1572924936151,1.524,-0.095,64.486,0.664,3.0,0.033,20.299,0.005,0.138,106.219,0.228,-0.532
00:00:11.902,1572924936152,1.523,-0.094,64.486,0.664,3.0,0.033,20.324,0.005,0.138,106.558,0.227,-0.532
00:00:11.903,1572924936153,1.523,-0.093,64.486,0.664,3.0,0.033,20.35,0.005,0.139,106.897,0.227,-0.532
00:00:11.949,1572924936199,1.5219999999999998,-0.092,64.486,0.664,3.0,0.033,20.375,0.005,0.139,107.236,0.226,-0.532
00:00:11.950,1572924936200,1.5219999999999998,-0.091,64.486,0.664,3.0,0.033,20.4,0.005,0.139,107.576,0.225,-0.532
00:00:11.951,1572924936201,1.521,-0.08900000000000001,64.486,0.664,3.0,0.033,20.426,0.006,0.139,107.916,0.224,-0.532
00:00:11.999,1572924936249,1.521,-0.087,64.486,0.664,3.0,0.033,20.451,0.006,0.139,108.257,0.223,-0.532
00:00:12.000,1572924936250,1.52,-0.085,64.486,0.664,3.0,0.033,20.476,0.006,0.139,108.598,0.222,-0.532
00:00:12.001,1572924936251,1.52,-0.08199999999999999,64.486,0.664,3.0,0.033,20.502,0.006,0.139,108.939,0.221,-0.532
00:00:12.050,1572924936300,1.519,-0.08,64.486,0.664,3.0,0.033,20.527,0.006,0.139,109.281,0.22,-0.532
00:00:12.051,1572924936301,1.519,-0.078,64.486,0.664,3.0,0.032,20.552,0.006,0.14,109.623,0.219,-0.532
00:00:12.052,1572924936302,1.518,-0.075,64.486,0.664,3.0,0.032,20.578000000000007,0.006,0.14,109.966,0.218,-0.532
00:00:12.101,1572924936351,1.518,-0.073,64.486,0.664,3.0,0.032,20.603,0.006,0.14,110.309,0.217,-0.5329999999999999
00:00:12.102,1572924936352,1.517,-0.07,64.486,0.664,3.0,0.032,20.628,0.006,0.14,110.653,0.21600000000000005,-0.5329999999999999
00:00:12.103,1572924936353,1.517,-0.067,64.486,0.664,3.0,0.032,20.654,0.006,0.14,110.997,0.215,-0.5329999999999999
00:00:12.159,1572924936409,1.516,-0.063,64.486,0.664,3.0,0.032,20.679,0.006,0.14,111.341,0.214,-0.5329999999999999
00:00:12.160,1572924936410,1.516,-0.059,64.486,0.664,3.0,0.031,20.704,0.006,0.14,111.686,0.213,-0.5329999999999999
00:00:12.161,1572924936411,1.515,-0.055,64.486,0.664,3.0,0.031,20.729,0.006,0.14,112.032,0.212,-0.5329999999999999
00:00:12.203,1572924936453,1.515,-0.052000000000000005,64.486,0.664,3.0,0.031,20.755,0.006,0.141,112.377,0.211,-0.5329999999999999
00:00:12.204,1572924936454,1.514,-0.048,64.486,0.664,3.0,0.03,20.78,0.006,0.141,112.723,0.21,-0.5329999999999999
00:00:12.205,1572924936455,1.514,-0.044,64.486,0.664,3.0,0.03,20.805,0.006,0.141,113.07,0.209,-0.5329999999999999
00:00:12.251,1572924936501,1.513,-0.039,64.486,0.664,3.0,0.029,20.83,0.006,0.141,113.417,0.207,-0.5329999999999999
00:00:12.252,1572924936502,1.513,-0.035,64.486,0.664,3.0,0.029,20.855,0.006,0.141,113.764,0.206,-0.5329999999999999
00:00:12.253,1572924936503,1.5119999999999998,-0.031,64.486,0.664,3.0,0.028,20.881,0.006,0.141,114.112,0.205,-0.5329999999999999
00:00:12.302,1572924936552,1.5119999999999998,-0.026,64.486,0.664,3.0,0.028,20.906,0.006,0.141,114.46,0.204,-0.5329999999999999
00:00:12.303,1572924936553,1.511,-0.021,64.486,0.664,3.0,0.027000000000000003,20.931,0.005,0.141,114.809,0.203,-0.5329999999999999
00:00:12.304,1572924936554,1.511,-0.016,64.633,0.664,3.0,0.027000000000000003,20.956,0.005,0.141,115.158,0.201,-0.5329999999999999
00:00:12.352,1572924936602,1.51,-0.01,64.633,0.664,3.0,0.026,20.981,0.005,0.142,115.508,0.2,-0.5329999999999999
00:00:12.353,1572924936603,1.51,-0.003,64.633,0.664,3.0,0.025,21.006,0.005,0.142,115.857,0.199,-0.5329999999999999
00:00:12.354,1572924936604,1.51,0.002,64.633,0.664,3.0,0.025,21.027,0.005,0.142,116.142,0.198,-0.5329999999999999
00:00:12.402,1572924936652,1.51,0.01,64.633,0.664,3.0,0.024,21.055,0.005,0.142,116.537,0.197,-0.5329999999999999
00:00:12.403,1572924936653,1.509,0.017,64.633,0.664,3.0,0.023,21.08,0.004,0.142,116.888,0.195,-0.5329999999999999
00:00:12.404,1572924936654,1.509,0.025,64.633,0.664,3.0,0.022,21.106,0.004,0.142,117.239,0.194,-0.5329999999999999
00:00:12.453,1572924936703,1.508,0.032,64.633,0.664,3.0,0.021,21.131,0.004,0.142,117.591,0.193,-0.5329999999999999
00:00:12.454,1572924936704,1.508,0.038,64.633,0.664,3.0,0.02,21.156,0.004,0.142,117.944,0.192,-0.5329999999999999
00:00:12.455,1572924936705,1.507,0.045,64.633,0.664,3.0,0.019,21.181,0.003,0.14300000000000002,118.296,0.191,-0.5329999999999999
00:00:12.503,1572924936753,1.506,0.051,64.633,0.664,3.0,0.017,21.206,0.003,0.14300000000000002,118.65,0.19,-0.5329999999999999
00:00:12.504,1572924936754,1.506,0.056,64.633,0.664,3.0,0.016,21.231,0.002,0.14300000000000002,119.003,0.188,-0.5329999999999999
00:00:12.505,1572924936755,1.505,0.06,64.633,0.664,3.0,0.014,21.256,0.002,0.14300000000000002,119.357,0.187,-0.5329999999999999
00:00:12.553,1572924936803,1.505,0.064,64.633,0.664,3.0,0.013,21.281,0.001,0.14300000000000002,119.712,0.18600000000000005,-0.5329999999999999
00:00:12.554,1572924936804,1.504,0.067,64.633,0.664,3.0,0.011,21.306,0.001,0.14300000000000002,120.067,0.185,-0.5329999999999999
00:00:12.555,1572924936805,1.504,0.07,64.633,0.664,3.0,0.01,21.331,0.0,0.14300000000000002,120.422,0.184,-0.5329999999999999
00:00:12.603,1572924936853,1.503,0.07200000000000001,64.633,0.664,3.0,0.008,21.356,-0.001,0.14300000000000002,120.778,0.183,-0.5329999999999999
00:00:12.604,1572924936854,1.5019999999999998,0.07400000000000001,64.633,0.664,3.0,0.006,21.381,-0.002,0.14300000000000002,121.134,0.182,-0.5329999999999999
00:00:12.605,1572924936855,1.5019999999999998,0.077,64.486,0.664,3.0,0.005,21.406,-0.003,0.14400000000000002,121.491,0.181,-0.5329999999999999
00:00:12.654,1572924936904,1.501,0.079,64.486,0.664,3.0,0.004,21.431,-0.004,0.14400000000000002,121.848,0.18,-0.5329999999999999
00:00:12.655,1572924936905,1.501,0.081,64.486,0.664,3.0,0.002,21.456,-0.004,0.14400000000000002,122.205,0.179,-0.5329999999999999
00:00:12.656,1572924936906,1.5,0.083,64.486,0.664,3.0,0.001,21.481,-0.005,0.14400000000000002,122.563,0.17800000000000002,-0.5329999999999999
00:00:12.704,1572924936954,1.499,0.085,64.486,0.664,3.0,0.0,21.506,-0.006,0.14400000000000002,122.921,0.177,-0.5329999999999999
00:00:12.705,1572924936955,1.4980000000000002,0.087,64.486,0.664,3.0,-0.002,21.531,-0.006,0.14400000000000002,123.28,0.17600000000000002,-0.5329999999999999
00:00:12.706,1572924936956,1.4980000000000002,0.08900000000000001,64.633,0.664,3.0,-0.003,21.556,-0.006999999999999999,0.14400000000000002,123.639,0.175,-0.5329999999999999
00:00:12.754,1572924937004,1.497,0.091,64.633,0.664,3.0,-0.004,21.581,-0.006999999999999999,0.14400000000000002,123.998,0.174,-0.5329999999999999
00:00:12.755,1572924937005,1.497,0.092,64.633,0.664,3.0,-0.005,21.606,-0.008,0.14400000000000002,124.358,0.174,-0.5329999999999999
00:00:12.756,1572924937006,1.497,0.092,64.633,0.664,3.0,-0.006,21.631,-0.008,0.14400000000000002,124.718,0.173,-0.5329999999999999
00:00:12.805,1572924937055,1.497,0.093,64.633,0.664,3.0,-0.008,21.656,-0.008,0.14400000000000002,125.079,0.172,-0.5329999999999999
00:00:12.806,1572924937056,1.497,0.092,64.633,0.664,3.0,-0.009000000000000001,21.681,-0.008,0.14400000000000002,125.44,0.171,-0.5329999999999999
00:00:12.807,1572924937057,1.496,0.092,64.633,0.664,3.0,-0.01,21.706,-0.008,0.14400000000000002,125.802,0.17,-0.5329999999999999
00:00:12.855,1572924937105,1.496,0.091,64.633,0.664,3.0,-0.01,21.731,-0.008,0.14400000000000002,126.164,0.17,-0.5329999999999999
00:00:12.856,1572924937106,1.495,0.09,64.633,0.664,3.0,-0.011,21.756,-0.008,0.145,126.526,0.16899999999999998,-0.5329999999999999
00:00:12.857,1572924937107,1.495,0.08800000000000001,64.633,0.664,3.0,-0.012,21.782,-0.008,0.145,126.912,0.168,-0.5329999999999999
00:00:12.907,1572924937157,1.494,0.086,64.633,0.664,3.0,-0.013,21.806,-0.008,0.145,127.252,0.168,-0.5329999999999999
00:00:12.908,1572924937158,1.494,0.085,64.633,0.664,3.0,-0.014,21.83,-0.008,0.145,127.616,0.16699999999999998,-0.5329999999999999
00:00:12.909,1572924937159,1.493,0.083,64.633,0.664,3.0,-0.014,21.855,-0.008,0.145,127.98,0.16699999999999998,-0.5329999999999999
00:00:12.955,1572924937205,1.493,0.081,64.633,0.664,3.0,-0.015,21.88,-0.008,0.145,128.344,0.166,-0.5329999999999999
00:00:12.956,1572924937206,1.492,0.08,64.633,0.664,3.0,-0.016,21.905,-0.008,0.145,128.709,0.165,-0.5329999999999999
00:00:12.957,1572924937207,1.492,0.078,64.633,0.664,3.0,-0.016,21.93,-0.008,0.146,129.075,0.165,-0.5329999999999999
00:00:13.006,1572924937256,1.491,0.076,64.633,0.664,3.0,-0.017,21.955,-0.006999999999999999,0.146,129.44,0.16399999999999998,-0.5329999999999999
00:00:13.007,1572924937257,1.491,0.07400000000000001,64.633,0.664,3.0,-0.017,21.98,-0.006999999999999999,0.146,129.806,0.16399999999999998,-0.5329999999999999
00:00:13.008,1572924937258,1.49,0.071,64.633,0.664,3.0,-0.017,22.004,-0.006999999999999999,0.146,130.173,0.163,-0.5329999999999999
00:00:13.062,1572924937312,1.49,0.069,64.633,0.664,3.0,-0.018000000000000002,22.029,-0.006999999999999999,0.146,130.54,0.163,-0.5329999999999999
00:00:13.063,1572924937313,1.489,0.067,64.633,0.664,3.0,-0.018000000000000002,22.054,-0.006999999999999999,0.146,130.907,0.163,-0.5329999999999999
00:00:13.064,1572924937314,1.4880000000000002,0.065,64.633,0.664,3.0,-0.018000000000000002,22.079,-0.006,0.146,131.275,0.162,-0.5329999999999999
00:00:13.106,1572924937356,1.4880000000000002,0.062,64.633,0.664,3.0,-0.019,22.104,-0.006,0.147,131.643,0.162,-0.5329999999999999
00:00:13.107,1572924937357,1.487,0.06,64.633,0.664,3.0,-0.019,22.128,-0.006,0.147,132.012,0.161,-0.5329999999999999
00:00:13.108,1572924937358,1.487,0.057,64.633,0.664,3.0,-0.019,22.153,-0.006,0.147,132.381,0.161,-0.5329999999999999
00:00:13.156,1572924937406,1.486,0.054000000000000006,64.633,0.664,3.0,-0.019,22.178,-0.006,0.147,132.75,0.161,-0.5329999999999999
00:00:13.157,1572924937407,1.486,0.051,64.633,0.664,3.0,-0.019,22.20300000000001,-0.006,0.147,133.12,0.16,-0.5329999999999999
00:00:13.158,1572924937408,1.485,0.048,64.633,0.664,3.0,-0.019,22.227,-0.005,0.147,133.49,0.16,-0.5329999999999999
00:00:13.207,1572924937457,1.485,0.046,64.633,0.664,3.0,-0.019,22.252,-0.005,0.147,133.861,0.16,-0.5329999999999999
00:00:13.208,1572924937458,1.484,0.044,64.633,0.664,3.0,-0.019,22.275,-0.005,0.147,134.209,0.159,-0.5329999999999999
00:00:13.209,1572924937459,1.484,0.041,64.633,0.664,3.0,-0.019,22.3,-0.005,0.147,134.58,0.159,-0.5329999999999999
00:00:13.257,1572924937507,1.483,0.039,64.633,0.664,3.0,-0.019,22.325,-0.005,0.147,134.952,0.159,-0.5329999999999999
00:00:13.258,1572924937508,1.483,0.038,64.633,0.664,3.0,-0.019,22.35,-0.005,0.14800000000000002,135.325,0.159,-0.5329999999999999
00:00:13.259,1572924937509,1.482,0.036000000000000004,64.633,0.664,3.0,-0.019,22.374,-0.005,0.14800000000000002,135.697,0.158,-0.5329999999999999
00:00:13.308,1572924937558,1.482,0.035,64.633,0.664,3.0,-0.018000000000000002,22.399,-0.004,0.14800000000000002,136.07,0.158,-0.5329999999999999
00:00:13.309,1572924937559,1.481,0.034,64.633,0.664,3.0,-0.018000000000000002,22.424,-0.004,0.14800000000000002,136.444,0.158,-0.5329999999999999
00:00:13.310,1572924937560,1.481,0.033,64.633,0.664,3.0,-0.018000000000000002,22.448,-0.004,0.14800000000000002,136.81799999999998,0.158,-0.5329999999999999
00:00:13.311,1572924937561,1.48,0.032,64.633,0.664,3.0,-0.018000000000000002,22.47300000000001,-0.004,0.14800000000000002,137.192,0.157,-0.5329999999999999
00:00:13.358,1572924937608,1.48,0.031,64.633,0.664,3.0,-0.017,22.498,-0.004,0.14800000000000002,137.567,0.157,-0.5329999999999999
00:00:13.359,1572924937609,1.479,0.03,64.633,0.664,3.0,-0.017,22.522,-0.003,0.14800000000000002,137.942,0.157,-0.5329999999999999
00:00:13.360,1572924937610,1.479,0.029,64.633,0.664,3.0,-0.017,22.547,-0.003,0.14800000000000002,138.31799999999998,0.157,-0.5329999999999999
00:00:13.408,1572924937658,1.4780000000000002,0.028,64.633,0.664,3.0,-0.017,22.571,-0.003,0.14800000000000002,138.694,0.156,-0.5329999999999999
00:00:13.409,1572924937659,1.4780000000000002,0.027000000000000003,64.633,0.664,3.0,-0.016,22.596,-0.003,0.14800000000000002,139.07,0.156,-0.5329999999999999
00:00:13.410,1572924937660,1.477,0.025,64.633,0.664,3.0,-0.016,22.621,-0.003,0.14800000000000002,139.447,0.156,-0.5329999999999999
00:00:13.458,1572924937708,1.476,0.023,64.633,0.664,3.0,-0.016,22.645,-0.002,0.14800000000000002,139.82399999999998,0.156,-0.5329999999999999
00:00:13.459,1572924937709,1.476,0.021,64.633,0.664,3.0,-0.016,22.67,-0.002,0.14800000000000002,140.202,0.156,-0.5329999999999999
00:00:13.460,1572924937710,1.475,0.018000000000000002,64.633,0.664,3.0,-0.016,22.69400000000001,-0.002,0.14800000000000002,140.58,0.156,-0.5329999999999999
00:00:13.509,1572924937759,1.475,0.016,64.633,0.664,3.0,-0.015,22.721,-0.002,0.149,140.982,0.155,-0.5329999999999999
00:00:13.510,1572924937760,1.474,0.014,64.633,0.664,3.0,-0.015,22.744,-0.002,0.149,141.33700000000005,0.155,-0.5329999999999999
00:00:13.511,1572924937761,1.474,0.012,64.633,0.664,3.0,-0.015,22.768,-0.002,0.149,141.717,0.155,-0.5329999999999999
00:00:13.560,1572924937810,1.473,0.01,64.633,0.664,3.0,-0.014,22.79300000000001,-0.002,0.149,142.096,0.155,-0.5329999999999999
00:00:13.561,1572924937811,1.473,0.009000000000000001,64.633,0.664,3.0,-0.014,22.817,-0.002,0.149,142.476,0.155,-0.5329999999999999
00:00:13.562,1572924937812,1.472,0.008,64.633,0.664,3.0,-0.014,22.842,-0.002,0.149,142.857,0.155,-0.5329999999999999
00:00:13.610,1572924937860,1.472,0.008,64.633,0.664,3.0,-0.013,22.866,-0.002,0.149,143.238,0.155,-0.5329999999999999
00:00:13.611,1572924937861,1.471,0.008,64.633,0.664,3.0,-0.013,22.891,-0.002,0.149,143.619,0.154,-0.5329999999999999
00:00:13.612,1572924937862,1.471,0.008,64.633,0.664,3.0,-0.012,22.915,-0.002,0.149,144.001,0.154,-0.5329999999999999
00:00:13.660,1572924937910,1.47,0.008,64.633,0.664,3.0,-0.012,22.94,-0.002,0.15,144.38299999999995,0.154,-0.5329999999999999
00:00:13.661,1572924937911,1.47,0.008,64.633,0.664,3.0,-0.011,22.964,-0.001,0.15,144.765,0.154,-0.5329999999999999
00:00:13.662,1572924937912,1.469,0.008,64.633,0.664,3.0,-0.011,22.989,-0.001,0.15,145.148,0.154,-0.5329999999999999
00:00:13.710,1572924937960,1.469,0.008,64.633,0.664,3.0,-0.011,23.013,-0.001,0.15,145.532,0.154,-0.5329999999999999
00:00:13.711,1572924937961,1.4680000000000002,0.008,64.633,0.664,3.0,-0.01,23.038,-0.001,0.15,145.916,0.154,-0.5329999999999999
00:00:13.712,1572924937962,1.4680000000000002,0.008,64.633,0.664,3.0,-0.01,23.062,-0.001,0.15,146.3,0.153,-0.5329999999999999
00:00:13.761,1572924938011,1.467,0.008,64.633,0.664,3.0,-0.01,23.087,-0.001,0.15,146.684,0.153,-0.5329999999999999
00:00:13.762,1572924938012,1.467,0.008,64.633,0.664,3.0,-0.009000000000000001,23.111,0.0,0.15,147.069,0.153,-0.5329999999999999
00:00:13.763,1572924938013,1.466,0.008,64.633,0.664,3.0,-0.009000000000000001,23.135,0.0,0.15,147.455,0.153,-0.5329999999999999
00:00:13.811,1572924938061,1.466,0.006999999999999999,64.633,0.664,3.0,-0.009000000000000001,23.16,0.0,0.15,147.84,0.153,-0.5329999999999999
00:00:13.812,1572924938062,1.465,0.006999999999999999,64.633,0.664,3.0,-0.009000000000000001,23.184,0.0,0.151,148.227,0.153,-0.5329999999999999
00:00:13.813,1572924938063,1.465,0.006999999999999999,64.633,0.664,3.0,-0.008,23.209,0.0,0.151,148.613,0.153,-0.5329999999999999
00:00:13.861,1572924938111,1.464,0.006999999999999999,64.633,0.664,3.0,-0.008,23.235,0.0,0.151,149.024,0.153,-0.5329999999999999
00:00:13.862,1572924938112,1.463,0.006999999999999999,64.633,0.664,3.0,-0.008,23.25800000000001,0.0,0.151,149.388,0.152,-0.5329999999999999
00:00:13.863,1572924938113,1.463,0.006999999999999999,64.633,0.664,3.0,-0.008,23.282,0.0,0.151,149.776,0.152,-0.5329999999999999
00:00:13.912,1572924938162,1.462,0.008,64.633,0.664,3.0,-0.006999999999999999,23.306,0.0,0.151,150.164,0.152,-0.5329999999999999
00:00:13.913,1572924938163,1.462,0.008,64.85300000000001,0.664,3.0,-0.006999999999999999,23.332,0.0,0.151,150.577,0.152,-0.5329999999999999
00:00:13.914,1572924938164,1.461,0.008,64.85300000000001,0.664,3.0,-0.006999999999999999,23.355,0.0,0.151,150.941,0.152,-0.5329999999999999
00:00:13.963,1572924938213,1.461,0.009000000000000001,64.85300000000001,0.664,3.0,-0.006999999999999999,23.379,0.0,0.151,151.33100000000005,0.152,-0.5329999999999999
00:00:13.964,1572924938214,1.461,0.009000000000000001,64.85300000000001,0.664,3.0,-0.006999999999999999,23.404,0.0,0.152,151.721,0.152,-0.5329999999999999
00:00:13.965,1572924938215,1.461,0.01,64.85300000000001,0.664,3.0,-0.006999999999999999,23.43,0.0,0.152,152.135,0.152,-0.5329999999999999
00:00:14.013,1572924938263,1.461,0.01,64.85300000000001,0.664,3.0,-0.006,23.452,0.0,0.152,152.502,0.152,-0.5329999999999999
00:00:14.014,1572924938264,1.461,0.01,64.633,0.664,3.0,-0.006,23.477,0.0,0.152,152.893,0.152,-0.5329999999999999
00:00:14.015,1572924938265,1.46,0.011,64.633,0.664,3.0,-0.006,23.501,0.0,0.152,153.284,0.152,-0.5329999999999999
00:00:14.063,1572924938313,1.459,0.011,64.633,0.664,3.0,-0.006,23.527,-0.001,0.152,153.701,0.151,-0.5329999999999999
00:00:14.064,1572924938314,1.4580000000000002,0.012,64.633,0.664,3.0,-0.006,23.55,-0.001,0.152,154.069,0.151,-0.5329999999999999
00:00:14.065,1572924938315,1.457,0.012,64.633,0.664,3.0,-0.006,23.574,-0.001,0.152,154.461,0.151,-0.5329999999999999
00:00:14.113,1572924938363,1.456,0.013,64.633,0.664,3.0,-0.006,23.59800000000001,-0.001,0.152,154.85399999999996,0.151,-0.5329999999999999
00:00:14.114,1572924938364,1.455,0.013,57.455,0.664,3.0,-0.006,23.624,-0.001,0.152,155.27200000000005,0.151,-0.5329999999999999
00:00:14.115,1572924938365,1.454,0.014,57.455,0.664,3.0,-0.006,23.648000000000003,-0.001,0.153,155.666,0.151,-0.5329999999999999
00:00:14.164,1572924938414,1.4480000000000002,0.014,57.455,0.664,3.0,-0.006,23.671,-0.001,0.153,156.036,0.151,-0.5329999999999999
00:00:14.165,1572924938415,1.432,0.015,57.455,0.664,3.0,-0.006,23.69400000000001,-0.001,0.153,156.431,0.151,-0.5329999999999999
00:00:14.166,1572924938416,1.414,0.015,57.455,0.664,3.0,-0.006,23.718000000000004,-0.001,0.152,156.826,0.151,-0.5329999999999999
00:00:14.214,1572924938464,1.398,0.016,57.455,0.664,3.0,-0.006,23.741,-0.001,0.152,157.221,0.151,-0.5329999999999999
00:00:14.215,1572924938465,1.39,0.016,22.298,0.664,3.0,-0.006,23.764,-0.001,0.152,157.61700000000005,0.151,-0.5329999999999999
00:00:14.216,1572924938466,1.381,0.016,22.298,0.664,3.0,-0.006,23.787,-0.001,0.151,158.014,0.151,-0.5329999999999999
00:00:14.264,1572924938514,1.328,0.017,22.298,0.664,3.0,-0.006,23.809,-0.002,0.151,158.435,0.151,-0.5329999999999999
00:00:14.265,1572924938515,1.227,0.017,22.298,0.664,3.0,-0.006,23.826,-0.002,0.149,158.80700000000004,0.151,-0.5329999999999999
00:00:14.266,1572924938516,1.099,0.017,22.298,0.664,3.0,-0.006,23.843000000000004,-0.002,0.147,159.204,0.151,-0.5329999999999999
00:00:14.315,1572924938565,0.986,0.018000000000000002,22.298,0.664,3.0,-0.006,23.858,-0.002,0.14400000000000002,159.602,0.151,-0.5329999999999999
00:00:14.316,1572924938566,0.9,0.018000000000000002,1.13,0.664,3.0,-0.006,23.873,-0.002,0.141,160.025,0.151,-0.5329999999999999
00:00:14.317,1572924938567,0.84,0.018000000000000002,1.13,0.664,3.0,-0.006,23.886,-0.002,0.136,160.423,0.151,-0.5329999999999999
00:00:14.366,1572924938616,0.6920000000000001,0.018000000000000002,1.13,0.664,3.0,-0.006,23.894,-0.002,0.131,160.796,0.151,-0.5329999999999999
00:00:14.367,1572924938617,0.311,0.019,1.13,0.664,3.0,-0.006,23.893,-0.002,0.123,161.219,0.151,-0.5329999999999999
00:00:14.368,1572924938618,-0.037000000000000005,0.02,1.13,0.664,3.0,-0.006,23.889,-0.002,0.113,161.61700000000005,0.151,-0.5329999999999999
00:00:14.416,1572924938666,-0.146,0.02,1.13,0.664,3.0,-0.006,23.886,-0.002,0.102,162.015,0.151,-0.5329999999999999
00:00:14.417,1572924938667,-0.109,0.02,1.13,0.664,3.0,-0.006,23.886,-0.002,0.092,162.388,0.151,-0.5329999999999999
00:00:14.418,1572924938668,-0.108,0.02,1.13,0.664,3.0,-0.006,23.88300000000001,-0.002,0.079,162.787,0.151,-0.5329999999999999
00:00:14.466,1572924938716,-0.146,0.02,1.13,0.664,3.0,-0.006,23.881,-0.002,0.066,163.185,0.151,-0.5329999999999999
00:00:14.467,1572924938717,-0.163,0.02,1.13,0.664,3.0,-0.006,23.878,-0.002,0.052000000000000005,163.607,0.151,-0.5329999999999999
00:00:14.468,1572924938718,-0.17800000000000002,0.019,1.13,0.664,3.0,-0.006,23.875,-0.002,0.039,163.981,0.151,-0.5329999999999999
00:00:14.517,1572924938767,-0.192,0.019,1.13,0.664,3.0,-0.006,23.871,-0.002,0.026,164.378,0.151,-0.5329999999999999
00:00:14.518,1572924938768,-0.203,0.019,1.13,0.664,3.0,-0.006,23.868,-0.002,0.012,164.77599999999995,0.151,-0.5329999999999999
00:00:14.519,1572924938769,-0.214,0.019,1.13,0.664,3.0,-0.006,23.864,-0.002,-0.003,165.199,0.151,-0.532
00:00:14.567,1572924938817,-0.222,0.019,1.13,0.664,3.0,-0.006,23.86,-0.002,-0.015,165.572,0.151,-0.532
00:00:14.568,1572924938818,-0.23,0.019,1.13,0.664,3.0,-0.006,23.856,-0.002,-0.028,165.96900000000005,0.151,-0.532
00:00:14.569,1572924938819,-0.237,0.018000000000000002,1.13,0.664,3.0,-0.006,23.852,-0.002,-0.041,166.36700000000005,0.151,-0.532
00:00:14.617,1572924938867,-0.244,0.018000000000000002,1.13,0.664,3.0,-0.006,23.84800000000001,-0.002,-0.054000000000000006,166.78900000000004,0.151,-0.532
00:00:14.618,1572924938868,-0.25,0.018000000000000002,1.13,0.664,3.0,-0.006999999999999999,23.844,-0.002,-0.064,167.162,0.151,-0.532
00:00:14.619,1572924938869,-0.255,0.018000000000000002,1.13,0.664,3.0,-0.006999999999999999,23.839,-0.002,-0.075,167.55900000000003,0.151,-0.532
00:00:14.668,1572924938918,-0.261,0.018000000000000002,1.13,0.664,3.0,-0.006999999999999999,23.835,-0.001,-0.085,167.956,0.151,-0.531
00:00:14.669,1572924938919,-0.265,0.018000000000000002,1.13,0.664,3.0,-0.006999999999999999,23.83,-0.001,-0.095,168.37900000000005,0.151,-0.531
00:00:14.670,1572924938920,-0.27,0.017,1.13,0.664,3.0,-0.006999999999999999,23.826,-0.001,-0.103,168.77599999999995,0.152,-0.531
00:00:14.718,1572924938968,-0.273,0.017,1.13,0.664,3.0,-0.006999999999999999,23.821,-0.001,-0.11,169.148,0.152,-0.531
00:00:14.719,1572924938969,-0.277,0.017,0.983,0.664,3.0,-0.006999999999999999,23.817,-0.001,-0.117,169.545,0.152,-0.531
00:00:14.720,1572924938970,-0.282,0.017,0.983,0.664,3.0,-0.006999999999999999,23.811,-0.001,-0.123,169.967,0.152,-0.531
00:00:14.768,1572924939018,-0.28600000000000003,0.017,0.983,0.664,3.0,-0.006999999999999999,23.807,-0.001,-0.128,170.363,0.152,-0.531
00:00:14.769,1572924939019,-0.29,0.017,0.983,0.664,3.0,-0.006999999999999999,23.802,-0.001,-0.132,170.735,0.152,-0.531
00:00:14.770,1572924939020,-0.293,0.017,0.983,0.664,3.0,-0.006999999999999999,23.797,-0.001,-0.134,171.157,0.152,-0.532
00:00:14.818,1572924939068,-0.29600000000000004,0.017,0.983,0.664,3.0,-0.006999999999999999,23.792,-0.001,-0.136,171.553,0.152,-0.532
00:00:14.819,1572924939069,-0.297,0.018000000000000002,1.13,0.664,3.0,-0.006999999999999999,23.787,-0.001,-0.13699999999999998,171.95,0.153,-0.532
00:00:14.820,1572924939070,-0.298,0.017,1.13,0.664,3.0,-0.006999999999999999,23.782,-0.001,-0.13699999999999998,172.322,0.153,-0.532
00:00:14.868,1572924939118,-0.297,0.017,1.13,0.664,3.0,-0.006999999999999999,23.777,-0.001,-0.136,172.718,0.153,-0.532
00:00:14.869,1572924939119,-0.297,0.017,1.13,0.664,3.0,-0.006999999999999999,23.773000000000003,-0.001,-0.135,173.065,0.153,-0.5329999999999999
00:00:14.870,1572924939120,-0.298,0.018000000000000002,1.13,0.664,3.0,-0.006999999999999999,23.768,-0.001,-0.133,173.46099999999996,0.153,-0.5329999999999999
00:00:14.919,1572924939169,-0.299,0.018000000000000002,1.13,0.664,3.0,-0.006999999999999999,23.763,-0.001,-0.131,173.857,0.153,-0.5329999999999999
00:00:14.920,1572924939170,-0.3,0.018000000000000002,1.13,0.664,3.0,-0.006999999999999999,23.75800000000001,-0.002,-0.128,174.253,0.153,-0.5329999999999999
00:00:14.921,1572924939171,-0.301,0.018000000000000002,1.13,0.664,3.0,-0.006999999999999999,23.753,-0.002,-0.126,174.649,0.154,-0.534
00:00:14.969,1572924939219,-0.302,0.018000000000000002,1.13,0.664,3.0,-0.006999999999999999,23.748,-0.002,-0.122,175.045,0.154,-0.534
00:00:14.970,1572924939220,-0.303,0.018000000000000002,1.13,0.664,3.0,-0.006999999999999999,23.743,-0.002,-0.119,175.416,0.154,-0.534
00:00:14.971,1572924939221,-0.304,0.019,1.13,0.664,3.0,-0.006999999999999999,23.738000000000003,-0.002,-0.116,175.81099999999995,0.154,-0.534
00:00:15.020,1572924939270,-0.305,0.019,1.13,0.664,3.0,-0.006999999999999999,23.733,-0.002,-0.113,176.232,0.154,-0.534
00:00:15.021,1572924939271,-0.305,0.019,1.13,0.664,3.0,-0.006999999999999999,23.728,-0.002,-0.109,176.627,0.154,-0.535
00:00:15.022,1572924939272,-0.307,0.019,0.983,0.664,3.0,-0.006999999999999999,23.72300000000001,-0.002,-0.106,177.023,0.155,-0.535
00:00:15.071,1572924939321,-0.309,0.02,0.983,0.664,3.0,-0.006999999999999999,23.718000000000004,-0.002,-0.103,177.393,0.155,-0.535
00:00:15.072,1572924939322,-0.311,0.02,0.983,0.664,3.0,-0.006999999999999999,23.712,-0.002,-0.1,177.813,0.155,-0.535
00:00:15.073,1572924939323,-0.313,0.02,0.983,0.664,3.0,-0.006999999999999999,23.707,-0.002,-0.098,178.208,0.155,-0.535
00:00:15.121,1572924939371,-0.313,0.02,0.983,0.664,3.0,-0.006999999999999999,23.702,-0.002,-0.096,178.60299999999995,0.156,-0.535
00:00:15.122,1572924939372,-0.314,0.02,0.983,0.664,3.0,-0.006999999999999999,23.697,-0.002,-0.094,178.998,0.156,-0.535
00:00:15.123,1572924939373,-0.314,0.02,0.983,0.664,3.0,-0.006999999999999999,23.691,-0.002,-0.092,179.393,0.156,-0.535
00:00:15.172,1572924939422,-0.315,0.02,0.983,0.664,3.0,-0.006999999999999999,23.686,-0.002,-0.09,179.78799999999995,0.156,-0.536
00:00:15.173,1572924939423,-0.315,0.02,0.983,0.664,3.0,-0.006999999999999999,23.681,-0.002,-0.08900000000000001,180.183,0.156,-0.536
00:00:15.174,1572924939424,-0.315,0.02,0.983,0.664,3.0,-0.006999999999999999,23.676,-0.002,-0.08800000000000001,180.578,0.157,-0.536
00:00:15.221,1572924939471,-0.316,0.02,0.983,0.664,3.0,-0.006999999999999999,23.671,-0.002,-0.087,180.947,0.157,-0.536
00:00:15.222,1572924939472,-0.316,0.02,0.983,0.664,3.0,-0.006999999999999999,23.665,-0.002,-0.086,181.367,0.157,-0.536
00:00:15.223,1572924939473,-0.316,0.02,0.983,0.664,3.0,-0.006999999999999999,23.66,-0.002,-0.086,181.761,0.157,-0.536
00:00:15.272,1572924939522,-0.317,0.02,0.983,0.664,3.0,-0.008,23.655,-0.002,-0.086,182.131,0.158,-0.536
00:00:15.273,1572924939523,-0.317,0.02,0.983,0.664,3.0,-0.008,23.649,-0.002,-0.086,182.549,0.158,-0.536
00:00:15.274,1572924939524,-0.317,0.02,0.983,0.664,3.0,-0.008,23.644,-0.002,-0.086,182.943,0.158,-0.535
00:00:15.322,1572924939572,-0.317,0.02,0.983,0.664,3.0,-0.008,23.639,-0.002,-0.086,183.338,0.159,-0.535
00:00:15.323,1572924939573,-0.317,0.02,0.983,0.664,3.0,-0.008,23.63300000000001,-0.002,-0.086,183.731,0.159,-0.535
00:00:15.324,1572924939574,-0.317,0.02,1.13,0.664,3.0,-0.008,23.628,-0.002,-0.087,184.125,0.159,-0.535
00:00:15.375,1572924939625,-0.315,0.02,1.13,0.664,3.0,-0.008,23.623,-0.002,-0.087,184.519,0.159,-0.535
00:00:15.376,1572924939626,-0.313,0.019,1.13,0.664,3.0,-0.008,23.618,-0.002,-0.08800000000000001,184.913,0.16,-0.535
00:00:15.377,1572924939627,-0.313,0.019,1.13,0.664,3.0,-0.008,23.612,-0.002,-0.08900000000000001,185.306,0.16,-0.535
00:00:15.423,1572924939673,-0.313,0.019,1.13,0.664,3.0,-0.008,23.607,-0.002,-0.08900000000000001,185.675,0.16,-0.535
00:00:15.424,1572924939674,-0.313,0.019,1.13,0.664,3.0,-0.008,23.602,-0.002,-0.09,186.093,0.161,-0.535
00:00:15.425,1572924939675,-0.314,0.019,0.983,0.664,3.0,-0.008,23.597,-0.002,-0.091,186.487,0.161,-0.535
00:00:15.474,1572924939724,-0.316,0.019,0.983,0.664,3.0,-0.008,23.591,-0.002,-0.092,186.88,0.161,-0.535
00:00:15.475,1572924939725,-0.318,0.019,0.983,0.664,3.0,-0.008,23.586,-0.002,-0.093,187.273,0.162,-0.535
00:00:15.476,1572924939726,-0.318,0.019,0.983,0.664,3.0,-0.008,23.581,-0.002,-0.095,187.666,0.162,-0.535
00:00:15.477,1572924939727,-0.318,0.019,0.983,0.664,3.0,-0.008,23.575,-0.002,-0.096,188.05900000000003,0.162,-0.535
00:00:15.524,1572924939774,-0.319,0.018000000000000002,0.983,0.664,3.0,-0.008,23.57,-0.002,-0.097,188.452,0.163,-0.535
00:00:15.525,1572924939775,-0.319,0.018000000000000002,0.983,0.664,3.0,-0.008,23.565,-0.002,-0.098,188.845,0.163,-0.535
00:00:15.526,1572924939776,-0.319,0.017,0.983,0.664,3.0,-0.008,23.559,-0.002,-0.098,189.237,0.16399999999999998,-0.535
00:00:15.575,1572924939825,-0.319,0.017,0.983,0.664,3.0,-0.008,23.554,-0.002,-0.099,189.63,0.16399999999999998,-0.535
00:00:15.576,1572924939826,-0.319,0.017,0.983,0.664,3.0,-0.008,23.549,-0.002,-0.1,190.022,0.16399999999999998,-0.535
00:00:15.577,1572924939827,-0.319,0.017,0.983,0.664,3.0,-0.008,23.544,-0.002,-0.101,190.415,0.165,-0.535
00:00:15.625,1572924939875,-0.319,0.017,0.983,0.664,3.0,-0.008,23.538,-0.002,-0.101,190.807,0.165,-0.534
00:00:15.626,1572924939876,-0.318,0.016,1.13,0.664,3.0,-0.008,23.533,-0.002,-0.102,191.2,0.165,-0.534
00:00:15.627,1572924939877,-0.315,0.016,1.13,0.664,3.0,-0.008,23.528,-0.002,-0.102,191.592,0.166,-0.534
00:00:15.675,1572924939925,-0.314,0.015,1.13,0.664,3.0,-0.008,23.523000000000003,-0.002,-0.102,191.984,0.166,-0.535
00:00:15.676,1572924939926,-0.314,0.015,1.13,0.664,3.0,-0.006999999999999999,23.517,-0.002,-0.102,192.376,0.16699999999999998,-0.535
00:00:15.677,1572924939927,-0.313,0.015,1.13,0.664,3.0,-0.006999999999999999,23.512,-0.002,-0.102,192.768,0.16699999999999998,-0.535
00:00:15.725,1572924939975,-0.313,0.015,1.13,0.664,3.0,-0.006999999999999999,23.507,-0.002,-0.102,193.16,0.16699999999999998,-0.535
00:00:15.726,1572924939976,-0.312,0.015,1.276,0.664,3.0,-0.006999999999999999,23.502,-0.002,-0.102,193.551,0.168,-0.535
00:00:15.727,1572924939977,-0.31,0.015,1.276,0.664,3.0,-0.006999999999999999,23.497,-0.002,-0.102,193.943,0.168,-0.535
00:00:15.776,1572924940026,-0.309,0.015,1.276,0.664,3.0,-0.006999999999999999,23.491,-0.002,-0.101,194.334,0.16899999999999998,-0.535
00:00:15.777,1572924940027,-0.308,0.015,1.276,0.664,3.0,-0.006999999999999999,23.486,-0.002,-0.101,194.726,0.16899999999999998,-0.535
00:00:15.778,1572924940028,-0.308,0.015,1.276,0.664,3.0,-0.006999999999999999,23.481,-0.002,-0.1,195.117,0.17,-0.535
00:00:15.827,1572924940077,-0.308,0.014,1.276,0.664,3.0,-0.006999999999999999,23.476,-0.002,-0.1,195.509,0.17,-0.535
00:00:15.828,1572924940078,-0.308,0.014,1.276,0.664,3.0,-0.006999999999999999,23.471,-0.002,-0.099,195.9,0.17,-0.535
00:00:15.829,1572924940079,-0.308,0.014,1.276,0.664,3.0,-0.006999999999999999,23.466,-0.002,-0.098,196.291,0.171,-0.535
00:00:15.878,1572924940128,-0.308,0.013,1.276,0.664,3.0,-0.006999999999999999,23.461,-0.002,-0.098,196.682,0.171,-0.535
00:00:15.879,1572924940129,-0.308,0.013,1.276,0.664,3.0,-0.006999999999999999,23.456,-0.002,-0.097,197.073,0.172,-0.535
00:00:15.880,1572924940130,-0.307,0.013,1.276,0.664,3.0,-0.006999999999999999,23.45,-0.002,-0.096,197.46400000000003,0.172,-0.535
00:00:15.928,1572924940178,-0.307,0.013,1.276,0.664,3.0,-0.006999999999999999,23.445,-0.002,-0.096,197.855,0.173,-0.535
00:00:15.929,1572924940179,-0.308,0.013,1.13,0.664,3.0,-0.006999999999999999,23.44,-0.001,-0.095,198.245,0.173,-0.535
00:00:15.930,1572924940180,-0.31,0.013,1.13,0.664,3.0,-0.006999999999999999,23.435,-0.001,-0.095,198.636,0.174,-0.535
00:00:15.978,1572924940228,-0.312,0.012,1.13,0.664,3.0,-0.006999999999999999,23.43,-0.001,-0.094,199.027,0.174,-0.535
00:00:15.979,1572924940229,-0.312,0.012,1.13,0.664,3.0,-0.006999999999999999,23.425,-0.001,-0.094,199.417,0.174,-0.535
00:00:15.980,1572924940230,-0.312,0.012,1.13,0.664,3.0,-0.006,23.419,-0.001,-0.093,199.807,0.175,-0.535
00:00:16.028,1572924940278,-0.312,0.012,1.13,0.664,3.0,-0.006,23.414,-0.001,-0.093,200.198,0.175,-0.535
00:00:16.029,1572924940279,-0.311,0.012,1.276,0.664,3.0,-0.006,23.409,-0.001,-0.093,200.588,0.17600000000000002,-0.535
00:00:16.030,1572924940280,-0.309,0.012,1.276,0.664,3.0,-0.006,23.404,-0.001,-0.092,200.978,0.17600000000000002,-0.535
00:00:16.079,1572924940329,-0.308,0.011,1.276,0.664,3.0,-0.006,23.399,-0.001,-0.092,201.368,0.177,-0.535
00:00:16.080,1572924940330,-0.307,0.011,1.276,0.664,3.0,-0.006,23.394,-0.001,-0.092,201.758,0.177,-0.535
00:00:16.081,1572924940331,-0.307,0.011,1.276,0.664,3.0,-0.006,23.389,-0.001,-0.092,202.148,0.17800000000000002,-0.535
00:00:16.129,1572924940379,-0.307,0.01,1.276,0.664,3.0,-0.006,23.38300000000001,-0.001,-0.092,202.538,0.17800000000000002,-0.535
00:00:16.130,1572924940380,-0.307,0.01,1.276,0.664,3.0,-0.006,23.378,-0.001,-0.092,202.927,0.179,-0.535
00:00:16.131,1572924940381,-0.307,0.01,1.276,0.664,3.0,-0.006,23.373,-0.001,-0.092,203.366,0.179,-0.535
00:00:16.180,1572924940430,-0.307,0.01,1.276,0.664,3.0,-0.006,23.368,-0.001,-0.092,203.706,0.18,-0.535
00:00:16.181,1572924940431,-0.306,0.009000000000000001,1.276,0.664,3.0,-0.006,23.363000000000003,-0.001,-0.092,204.096,0.18,-0.535
00:00:16.182,1572924940432,-0.306,0.008,1.276,0.664,3.0,-0.006,23.358,-0.001,-0.092,204.485,0.181,-0.535
00:00:16.230,1572924940480,-0.306,0.006999999999999999,1.276,0.664,3.0,-0.006,23.353,-0.001,-0.092,204.874,0.181,-0.535
00:00:16.231,1572924940481,-0.306,0.006,1.276,0.664,3.0,-0.006,23.34800000000001,-0.001,-0.092,205.264,0.182,-0.535
00:00:16.232,1572924940482,-0.306,0.004,1.276,0.664,3.0,-0.005,23.343000000000004,-0.001,-0.092,205.653,0.182,-0.535
00:00:16.284,1572924940534,-0.306,0.003,1.276,0.664,3.0,-0.005,23.337,-0.001,-0.092,206.042,0.183,-0.535
00:00:16.285,1572924940535,-0.306,0.002,1.276,0.664,3.0,-0.005,23.332,-0.001,-0.092,206.431,0.183,-0.535
00:00:16.286,1572924940536,-0.306,0.001,1.276,0.664,3.0,-0.005,23.327,-0.001,-0.092,206.819,0.184,-0.535
00:00:16.330,1572924940580,-0.306,0.0,1.276,0.664,3.0,-0.005,23.322,-0.001,-0.092,207.208,0.184,-0.535
00:00:16.331,1572924940581,-0.304,-0.001,1.789,0.664,3.0,-0.005,23.317,-0.001,-0.093,207.597,0.185,-0.535
00:00:16.332,1572924940582,-0.295,-0.002,1.789,0.664,3.0,-0.005,23.312,-0.001,-0.093,207.985,0.185,-0.535
00:00:16.380,1572924940630,-0.29,-0.002,1.789,0.664,3.0,-0.004,23.308000000000003,-0.001,-0.093,208.374,0.18600000000000005,-0.535
00:00:16.381,1572924940631,-0.289,-0.002,1.789,0.664,3.0,-0.004,23.303,-0.001,-0.093,208.762,0.18600000000000005,-0.535
00:00:16.382,1572924940632,-0.28800000000000003,-0.003,1.789,0.664,3.0,-0.004,23.298,-0.001,-0.093,209.151,0.187,-0.535
00:00:16.431,1572924940681,-0.28800000000000003,-0.003,1.789,0.664,3.0,-0.004,23.29300000000001,-0.001,-0.093,209.539,0.187,-0.535
00:00:16.432,1572924940682,-0.28600000000000003,-0.003,2.815,0.664,3.0,-0.004,23.289,-0.001,-0.093,209.927,0.188,-0.535
00:00:16.433,1572924940683,-0.275,-0.003,2.815,0.664,3.0,-0.003,23.284,-0.001,-0.092,210.315,0.188,-0.535
00:00:16.481,1572924940731,-0.259,-0.004,2.815,0.664,3.0,-0.003,23.28,0.0,-0.092,210.703,0.189,-0.535
00:00:16.482,1572924940732,-0.248,-0.004,2.815,0.664,3.0,-0.003,23.276,0.0,-0.092,211.091,0.189,-0.535
00:00:16.483,1572924940733,-0.251,-0.005,2.815,0.664,3.0,-0.003,23.272,0.0,-0.091,211.479,0.19,-0.535
00:00:16.531,1572924940781,-0.25,-0.005,2.815,0.664,3.0,-0.003,23.268,0.0,-0.091,211.867,0.19,-0.535
00:00:16.532,1572924940782,-0.25,-0.006,5.818,0.664,3.0,-0.002,23.263,0.0,-0.09,212.255,0.191,-0.535
00:00:16.533,1572924940783,-0.244,-0.006999999999999999,5.818,0.664,3.0,-0.002,23.26,0.001,-0.08900000000000001,212.642,0.191,-0.535
00:00:16.582,1572924940832,-0.229,-0.006999999999999999,5.818,0.664,3.0,-0.002,23.256,0.001,-0.08900000000000001,213.03,0.192,-0.535
00:00:16.583,1572924940833,-0.21,-0.008,5.818,0.664,3.0,-0.002,23.253,0.001,-0.08800000000000001,213.418,0.192,-0.535
00:00:16.584,1572924940834,-0.19,-0.008,5.818,0.664,3.0,-0.002,23.25,0.001,-0.087,213.805,0.193,-0.535
00:00:16.632,1572924940882,-0.173,-0.009000000000000001,5.818,0.664,3.0,-0.002,23.247,0.001,-0.085,214.193,0.193,-0.535
00:00:16.633,1572924940883,-0.158,-0.009000000000000001,13.800999999999998,0.664,3.0,-0.001,23.245,0.001,-0.084,214.58,0.194,-0.535
00:00:16.634,1572924940884,-0.132,-0.009000000000000001,13.800999999999998,0.664,3.0,-0.001,23.243,0.001,-0.08199999999999999,214.968,0.194,-0.535
00:00:16.682,1572924940932,-0.077,-0.009000000000000001,13.800999999999998,0.664,3.0,-0.001,23.243,0.001,-0.08,215.355,0.195,-0.535
00:00:16.683,1572924940933,-0.006,-0.01,13.800999999999998,0.664,3.0,-0.001,23.244,0.001,-0.078,215.742,0.195,-0.535
00:00:16.684,1572924940934,0.06,-0.01,13.800999999999998,0.664,3.0,-0.001,23.245,0.001,-0.075,216.13,0.196,-0.535
00:00:16.732,1572924940982,0.106,-0.009000000000000001,13.800999999999998,0.664,3.0,0.0,23.248,0.001,-0.071,216.517,0.196,-0.535
00:00:16.733,1572924940983,0.132,-0.009000000000000001,14.607,0.664,3.0,0.0,23.25,0.001,-0.067,216.905,0.197,-0.535
00:00:16.734,1572924940984,0.14300000000000002,-0.008,14.607,0.664,3.0,0.0,23.253,0.001,-0.062,217.292,0.197,-0.535
00:00:16.783,1572924941033,0.145,-0.008,14.607,0.664,3.0,0.0,23.255,0.001,-0.058,217.68,0.198,-0.534
00:00:16.784,1572924941034,0.139,-0.006999999999999999,14.607,0.664,3.0,0.0,23.26,0.001,-0.048,218.455,0.198,-0.534
00:00:16.833,1572924941083,0.136,-0.006999999999999999,14.607,0.664,3.0,0.0,23.262,0.001,-0.044,218.843,0.199,-0.534
00:00:16.834,1572924941084,0.135,-0.006999999999999999,16.145,0.664,3.0,0.0,23.264,0.001,-0.039,219.23,0.199,-0.534
00:00:16.835,1572924941085,0.139,-0.006,16.145,0.664,3.0,0.001,23.267,0.001,-0.035,219.618,0.2,-0.534
00:00:16.883,1572924941133,0.149,-0.006,16.145,0.664,3.0,0.001,23.269,0.001,-0.031,219.982,0.2,-0.534
00:00:16.884,1572924941134,0.163,-0.005,16.145,0.664,3.0,0.001,23.272,0.001,-0.027000000000000003,220.37,0.201,-0.534
00:00:16.885,1572924941135,0.177,-0.005,16.145,0.664,3.0,0.001,23.275,0.001,-0.024,220.757,0.201,-0.534
00:00:16.934,1572924941184,0.188,-0.004,16.145,0.664,3.0,0.001,23.279,0.001,-0.02,221.145,0.202,-0.534
00:00:16.935,1572924941185,0.195,-0.003,16.658,0.664,3.0,0.001,23.282,0.001,-0.017,221.533,0.202,-0.534
00:00:16.936,1572924941186,0.201,-0.002,16.658,0.664,3.0,0.001,23.285,0.001,-0.014,221.921,0.202,-0.534
00:00:16.985,1572924941235,0.206,0.0,16.658,0.664,3.0,0.001,23.289,0.001,-0.012,222.31,0.203,-0.534
00:00:16.986,1572924941236,0.21,0.002,16.658,0.664,3.0,0.001,23.292,0.001,-0.01,222.698,0.203,-0.534
00:00:16.987,1572924941237,0.214,0.004,16.658,0.664,3.0,0.001,23.296,0.001,-0.008,223.086,0.204,-0.534
00:00:17.035,1572924941285,0.21600000000000005,0.006,16.658,0.664,3.0,0.001,23.3,0.001,-0.006,223.474,0.204,-0.534
00:00:17.036,1572924941286,0.218,0.008,16.804000000000002,0.664,3.0,0.001,23.303,0.001,-0.005,223.863,0.205,-0.534
00:00:17.037,1572924941287,0.219,0.01,16.804000000000002,0.664,3.0,0.001,23.307,0.001,-0.005,224.251,0.205,-0.534
00:00:17.085,1572924941335,0.22,0.013,16.804000000000002,0.664,3.0,0.001,23.311,0.001,-0.004,224.639,0.206,-0.534
00:00:17.086,1572924941336,0.221,0.015,16.804000000000002,0.664,3.0,0.001,23.314,0.001,-0.004,225.028,0.206,-0.534
00:00:17.087,1572924941337,0.222,0.018000000000000002,16.804000000000002,0.664,3.0,0.001,23.318,0.001,-0.004,225.417,0.207,-0.534
00:00:17.136,1572924941386,0.223,0.02,16.804000000000002,0.664,3.0,0.0,23.322,0.001,-0.005,225.805,0.207,-0.534
00:00:17.137,1572924941387,0.223,0.022,17.317,0.664,3.0,0.0,23.325,0.001,-0.005,226.194,0.208,-0.534
00:00:17.138,1572924941388,0.225,0.024,17.317,0.664,3.0,0.0,23.329,0.0,-0.006,226.583,0.208,-0.534
00:00:17.187,1572924941437,0.229,0.026,17.317,0.664,3.0,-0.001,23.333,0.0,-0.006999999999999999,226.972,0.209,-0.534
00:00:17.188,1572924941438,0.233,0.028,17.317,0.664,3.0,-0.001,23.337,0.0,-0.008,227.361,0.209,-0.534
00:00:17.189,1572924941439,0.238,0.029,17.317,0.664,3.0,-0.001,23.341,0.0,-0.008,227.75,0.21,-0.534
00:00:17.239,1572924941489,0.242,0.031,17.317,0.664,3.0,-0.002,23.345,0.0,-0.009000000000000001,228.139,0.21,-0.534
00:00:17.240,1572924941490,0.245,0.032,17.61,0.664,3.0,-0.002,23.349,-0.001,-0.01,228.528,0.211,-0.534
00:00:17.241,1572924941491,0.247,0.033,17.61,0.664,3.0,-0.003,23.353,-0.001,-0.011,228.917,0.211,-0.534
00:00:17.287,1572924941537,0.249,0.033,17.61,0.664,3.0,-0.003,23.358,-0.001,-0.011,229.306,0.212,-0.534
00:00:17.288,1572924941538,0.252,0.034,17.61,0.664,3.0,-0.004,23.362,-0.002,-0.012,229.695,0.212,-0.534
00:00:17.289,1572924941539,0.254,0.035,17.61,0.664,3.0,-0.004,23.366,-0.002,-0.013,230.085,0.213,-0.534
00:00:17.337,1572924941587,0.256,0.035,17.61,0.664,3.0,-0.004,23.37,-0.002,-0.013,230.474,0.213,-0.534
00:00:17.338,1572924941588,0.257,0.035,17.976,0.664,3.0,-0.005,23.375,-0.003,-0.014,230.864,0.214,-0.534
00:00:17.339,1572924941589,0.259,0.036000000000000004,17.976,0.664,3.0,-0.005,23.379,-0.003,-0.014,231.254,0.215,-0.534
00:00:17.387,1572924941637,0.261,0.035,17.976,0.664,3.0,-0.006,23.38300000000001,-0.003,-0.015,231.643,0.215,-0.534
00:00:17.388,1572924941638,0.265,0.035,17.976,0.664,3.0,-0.006,23.388,-0.004,-0.015,232.033,0.21600000000000005,-0.534
00:00:17.389,1572924941639,0.268,0.034,17.976,0.664,3.0,-0.006,23.392,-0.004,-0.015,232.423,0.21600000000000005,-0.534
00:00:17.437,1572924941687,0.27,0.033,17.976,0.664,3.0,-0.006999999999999999,23.397,-0.004,-0.016,232.813,0.217,-0.534
00:00:17.438,1572924941688,0.272,0.032,18.269,0.664,3.0,-0.006999999999999999,23.401,-0.004,-0.016,233.203,0.218,-0.534
00:00:17.439,1572924941689,0.274,0.03,18.269,0.664,3.0,-0.006999999999999999,23.406,-0.004,-0.016,233.593,0.218,-0.534
00:00:17.487,1572924941737,0.276,0.027000000000000003,18.269,0.664,3.0,-0.008,23.411,-0.005,-0.016,233.983,0.219,-0.534
00:00:17.488,1572924941738,0.278,0.024,18.269,0.664,3.0,-0.008,23.415,-0.005,-0.016,234.373,0.22,-0.534
00:00:17.489,1572924941739,0.281,0.019,18.269,0.664,3.0,-0.008,23.42,-0.005,-0.016,234.763,0.22,-0.534
00:00:17.537,1572924941787,0.28300000000000003,0.015,18.269,0.664,3.0,-0.009000000000000001,23.425,-0.005,-0.016,235.154,0.221,-0.534
00:00:17.538,1572924941788,0.284,0.01,18.782,0.664,3.0,-0.009000000000000001,23.43,-0.005,-0.016,235.544,0.222,-0.534
00:00:17.539,1572924941789,0.28600000000000003,0.005,18.782,0.664,3.0,-0.009000000000000001,23.434,-0.005,-0.016,235.935,0.222,-0.534
00:00:17.588,1572924941838,0.29,-0.001,18.782,0.664,3.0,-0.009000000000000001,23.439,-0.005,-0.016,236.325,0.223,-0.534
00:00:17.589,1572924941839,0.294,-0.006999999999999999,18.782,0.664,3.0,-0.009000000000000001,23.44400000000001,-0.005,-0.016,236.716,0.224,-0.534
00:00:17.590,1572924941840,0.299,-0.014,18.782,0.664,3.0,-0.008,23.449,-0.005,-0.015,237.107,0.224,-0.534
00:00:17.638,1572924941888,0.303,-0.02,18.782,0.664,3.0,-0.008,23.454,-0.005,-0.015,237.498,0.225,-0.534
00:00:17.639,1572924941889,0.305,-0.026,19.295,0.664,3.0,-0.008,23.459,-0.005,-0.014,237.889,0.226,-0.534
00:00:17.640,1572924941890,0.308,-0.032,19.295,0.664,3.0,-0.006999999999999999,23.465,-0.004,-0.014,238.28,0.226,-0.534
00:00:17.688,1572924941938,0.312,-0.038,19.295,0.664,3.0,-0.006,23.47,-0.004,-0.013,238.671,0.227,-0.534
00:00:17.689,1572924941939,0.317,-0.043,19.295,0.664,3.0,-0.005,23.475,-0.004,-0.013,239.062,0.228,-0.534
00:00:17.690,1572924941940,0.321,-0.048,19.295,0.664,3.0,-0.005,23.481,-0.003,-0.012,239.453,0.228,-0.534
00:00:17.738,1572924941988,0.324,-0.053,19.295,0.664,3.0,-0.004,23.486,-0.002,-0.011,239.845,0.229,-0.534
00:00:17.739,1572924941989,0.326,-0.057,19.807,0.664,3.0,-0.002,23.492,-0.002,-0.011,240.236,0.229,-0.534
00:00:17.740,1572924941990,0.329,-0.061,19.807,0.664,3.0,-0.001,23.497,-0.001,-0.01,240.628,0.23,-0.534
00:00:17.788,1572924942038,0.333,-0.065,19.807,0.664,3.0,0.0,23.503,0.0,-0.009000000000000001,241.019,0.231,-0.534
00:00:17.789,1572924942039,0.337,-0.068,19.807,0.664,3.0,0.001,23.50800000000001,0.001,-0.008,241.411,0.231,-0.534
00:00:17.790,1572924942040,0.342,-0.07200000000000001,19.807,0.664,3.0,0.002,23.514,0.002,-0.008,241.803,0.232,-0.534
00:00:17.838,1572924942088,0.345,-0.075,19.807,0.664,3.0,0.003,23.52,0.003,-0.006999999999999999,242.195,0.232,-0.534
00:00:17.839,1572924942089,0.348,-0.079,20.466,0.664,3.0,0.004,23.526,0.004,-0.006,242.587,0.233,-0.534
00:00:17.840,1572924942090,0.35,-0.08199999999999999,20.466,0.664,3.0,0.006,23.532,0.005,-0.006,242.979,0.233,-0.534
00:00:17.888,1572924942138,0.353,-0.086,20.466,0.664,3.0,0.006999999999999999,23.538,0.005,-0.005,243.371,0.233,-0.534
00:00:17.889,1572924942139,0.35600000000000004,-0.08900000000000001,20.466,0.664,3.0,0.008,23.544,0.006,-0.004,243.764,0.234,-0.534
00:00:17.890,1572924942140,0.359,-0.092,20.466,0.664,3.0,0.009000000000000001,23.55,0.006999999999999999,-0.003,244.156,0.234,-0.534
00:00:17.939,1572924942189,0.362,-0.094,20.466,0.664,3.0,0.01,23.556,0.008,-0.003,244.549,0.234,-0.534
00:00:17.940,1572924942190,0.363,-0.097,21.126,0.664,3.0,0.011,23.562,0.008,-0.002,244.941,0.235,-0.534
00:00:17.941,1572924942191,0.364,-0.098,21.126,0.664,3.0,0.012,23.568,0.009000000000000001,-0.002,245.334,0.235,-0.534
00:00:17.989,1572924942239,0.366,-0.1,21.126,0.664,3.0,0.013,23.574,0.009000000000000001,-0.001,245.727,0.235,-0.534
00:00:17.990,1572924942240,0.368,-0.101,21.126,0.664,3.0,0.014,23.58,0.009000000000000001,0.0,246.12,0.236,-0.534
00:00:17.991,1572924942241,0.37,-0.101,21.126,0.664,3.0,0.015,23.586,0.009000000000000001,0.0,246.513,0.236,-0.534
00:00:18.044,1572924942294,0.371,-0.101,21.126,0.664,3.0,0.016,23.592,0.01,0.001,246.906,0.236,-0.534
00:00:18.045,1572924942295,0.3720000000000001,-0.1,21.492,0.664,3.0,0.017,23.599,0.01,0.001,247.299,0.236,-0.534
00:00:18.046,1572924942296,0.373,-0.1,21.492,0.664,3.0,0.017,23.605,0.01,0.001,247.693,0.236,-0.534
00:00:18.047,1572924942297,0.374,-0.099,21.492,0.664,3.0,0.018000000000000002,23.611,0.01,0.001,248.086,0.236,-0.534
00:00:18.094,1572924942344,0.375,-0.098,21.492,0.664,3.0,0.019,23.617,0.01,0.002,248.48,0.236,-0.534
00:00:18.095,1572924942345,0.376,-0.096,21.492,0.664,3.0,0.02,23.624,0.01,0.002,248.873,0.236,-0.534
00:00:18.096,1572924942346,0.376,-0.095,21.492,0.664,3.0,0.02,23.63,0.01,0.002,249.267,0.236,-0.534
00:00:18.142,1572924942392,0.377,-0.093,21.638,0.664,3.0,0.021,23.636,0.01,0.002,249.661,0.236,-0.534
00:00:18.143,1572924942393,0.377,-0.091,21.638,0.664,3.0,0.021,23.642,0.01,0.002,250.055,0.236,-0.534
00:00:18.144,1572924942394,0.377,-0.08900000000000001,21.638,0.664,3.0,0.022,23.649,0.009000000000000001,0.002,250.449,0.236,-0.534
00:00:18.192,1572924942442,0.377,-0.087,21.638,0.664,3.0,0.022,23.655,0.009000000000000001,0.002,250.843,0.236,-0.534
00:00:18.193,1572924942443,0.378,-0.085,21.638,0.664,3.0,0.023,23.661,0.009000000000000001,0.002,251.238,0.236,-0.534
00:00:18.194,1572924942444,0.378,-0.083,21.638,0.664,3.0,0.023,23.66800000000001,0.009000000000000001,0.002,251.632,0.236,-0.534
00:00:18.242,1572924942492,0.378,-0.08,21.785,0.664,3.0,0.023,23.674,0.008,0.002,252.027,0.236,-0.534
00:00:18.243,1572924942493,0.378,-0.078,21.785,0.664,3.0,0.024,23.68,0.008,0.002,252.421,0.236,-0.534
00:00:18.244,1572924942494,0.378,-0.076,21.785,0.664,3.0,0.024,23.687,0.008,0.002,252.816,0.235,-0.534
00:00:18.293,1572924942543,0.378,-0.07400000000000001,21.785,0.664,3.0,0.024,23.693,0.008,0.002,253.211,0.235,-0.534
00:00:18.294,1572924942544,0.379,-0.07200000000000001,21.785,0.664,3.0,0.024,23.699,0.006999999999999999,0.002,253.606,0.235,-0.534
00:00:18.295,1572924942545,0.379,-0.07,21.785,0.664,3.0,0.024,23.705,0.006999999999999999,0.002,254.001,0.235,-0.534
00:00:18.343,1572924942593,0.379,-0.069,22.151,0.664,3.0,0.024,23.712,0.006999999999999999,0.002,254.396,0.234,-0.534
00:00:18.344,1572924942594,0.379,-0.067,22.151,0.664,3.0,0.024,23.718000000000004,0.006,0.001,254.791,0.234,-0.534
00:00:18.345,1572924942595,0.38,-0.065,22.151,0.664,3.0,0.024,23.724,0.006,0.001,255.186,0.234,-0.534
00:00:18.393,1572924942643,0.381,-0.063,22.151,0.664,3.0,0.024,23.731,0.006,0.001,255.582,0.233,-0.534
00:00:18.394,1572924942644,0.382,-0.061,22.151,0.664,3.0,0.024,23.737,0.006,0.001,255.977,0.233,-0.534
00:00:18.395,1572924942645,0.383,-0.059,22.151,0.664,3.0,0.024,23.744,0.005,0.001,256.373,0.233,-0.534
00:00:18.444,1572924942694,0.384,-0.057,22.151,0.664,3.0,0.024,23.75,0.005,0.001,256.769,0.232,-0.534
00:00:18.445,1572924942695,0.384,-0.055,22.151,0.664,3.0,0.024,23.756,0.005,0.001,257.165,0.232,-0.534
00:00:18.446,1572924942696,0.384,-0.054000000000000006,22.151,0.664,3.0,0.024,23.763,0.005,0.001,257.561,0.232,-0.534
00:00:18.495,1572924942745,0.383,-0.052000000000000005,22.151,0.664,3.0,0.024,23.769,0.005,0.001,257.957,0.231,-0.534
00:00:18.496,1572924942746,0.383,-0.051,22.151,0.664,3.0,0.024,23.776,0.005,0.001,258.353,0.231,-0.534
00:00:18.497,1572924942747,0.383,-0.049,22.151,0.664,3.0,0.024,23.782,0.005,0.001,258.749,0.23,-0.534
00:00:18.545,1572924942795,0.382,-0.048,22.151,0.664,3.0,0.023,23.788,0.004,0.001,259.146,0.23,-0.534
00:00:18.546,1572924942796,0.382,-0.047,22.151,0.664,3.0,0.023,23.795,0.004,0.001,259.54200000000003,0.229,-0.534
00:00:18.547,1572924942797,0.382,-0.045,22.151,0.664,3.0,0.023,23.801,0.004,0.001,259.939,0.229,-0.534
00:00:18.595,1572924942845,0.382,-0.044,22.151,0.664,3.0,0.023,23.807,0.004,0.001,260.336,0.228,-0.534
00:00:18.596,1572924942846,0.381,-0.042,22.151,0.664,3.0,0.023,23.814,0.004,0.001,260.733,0.228,-0.534
00:00:18.597,1572924942847,0.381,-0.04,22.151,0.664,3.0,0.022,23.82,0.004,0.001,261.13,0.227,-0.534
00:00:18.646,1572924942896,0.381,-0.037000000000000005,22.298,0.664,3.0,0.022,23.826,0.004,0.001,261.527,0.227,-0.534
00:00:18.647,1572924942897,0.381,-0.035,22.298,0.664,3.0,0.022,23.833,0.004,0.001,261.92400000000004,0.226,-0.534
00:00:18.648,1572924942898,0.381,-0.031,22.298,0.664,3.0,0.022,23.839,0.004,0.001,262.321,0.226,-0.534
00:00:18.696,1572924942946,0.381,-0.028,22.298,0.664,3.0,0.022,23.845,0.004,0.001,262.718,0.225,-0.534
00:00:18.697,1572924942947,0.382,-0.023,22.298,0.664,3.0,0.022,23.852,0.004,0.001,263.141,0.224,-0.534
00:00:18.698,1572924942948,0.382,-0.019,22.298,0.664,3.0,0.021,23.858,0.004,0.001,263.513,0.224,-0.534
00:00:18.746,1572924942996,0.382,-0.015,22.298,0.664,3.0,0.021,23.865,0.005,0.001,263.911,0.223,-0.534
00:00:18.747,1572924942997,0.382,-0.01,22.298,0.664,3.0,0.02,23.871,0.005,0.001,264.309,0.223,-0.534
00:00:18.748,1572924942998,0.382,-0.006,22.298,0.664,3.0,0.02,23.877,0.005,0.001,264.707,0.222,-0.534
00:00:18.796,1572924943046,0.382,-0.001,22.298,0.664,3.0,0.019,23.884,0.005,0.001,265.105,0.222,-0.534
00:00:18.797,1572924943047,0.381,0.003,22.298,0.664,3.0,0.019,23.89,0.004,0.001,265.503,0.221,-0.534
00:00:18.798,1572924943048,0.381,0.008,22.298,0.664,3.0,0.018000000000000002,23.896,0.004,0.001,265.901,0.22,-0.534
00:00:18.848,1572924943098,0.381,0.013,22.44400000000001,0.664,3.0,0.017,23.903,0.004,0.001,266.29900000000004,0.22,-0.534
00:00:18.849,1572924943099,0.381,0.017,22.44400000000001,0.664,3.0,0.017,23.909,0.004,0.001,266.698,0.219,-0.534
00:00:18.850,1572924943100,0.381,0.022,22.44400000000001,0.664,3.0,0.016,23.915,0.004,0.001,267.096,0.219,-0.534
00:00:18.897,1572924943147,0.381,0.026,22.44400000000001,0.664,3.0,0.015,23.922,0.003,0.001,267.495,0.218,-0.534
00:00:18.898,1572924943148,0.382,0.031,22.44400000000001,0.664,3.0,0.014,23.928,0.003,0.001,267.894,0.218,-0.534
00:00:18.899,1572924943149,0.382,0.035,22.44400000000001,0.664,3.0,0.013,23.934,0.002,0.001,268.293,0.217,-0.534
00:00:18.947,1572924943197,0.382,0.039,22.664,0.664,3.0,0.012,23.941,0.002,0.002,268.692,0.21600000000000005,-0.534
00:00:18.948,1572924943198,0.382,0.043,22.664,0.664,3.0,0.011,23.947,0.001,0.002,269.091,0.21600000000000005,-0.534
00:00:18.949,1572924943199,0.382,0.046,22.664,0.664,3.0,0.009000000000000001,23.954,0.001,0.002,269.49,0.215,-0.534
00:00:18.997,1572924943247,0.383,0.05,22.664,0.664,3.0,0.008,23.96,0.0,0.002,269.914,0.215,-0.534
00:00:18.998,1572924943248,0.383,0.053,22.664,0.664,3.0,0.006999999999999999,23.966,-0.001,0.002,270.289,0.215,-0.534
00:00:18.999,1572924943249,0.384,0.056,22.664,0.664,3.0,0.006,23.97300000000001,-0.002,0.002,270.688,0.214,-0.534
00:00:19.047,1572924943297,0.384,0.059,22.81,0.664,3.0,0.005,23.979,-0.002,0.002,271.088,0.214,-0.534
00:00:19.048,1572924943298,0.384,0.062,22.81,0.664,3.0,0.003,23.986,-0.003,0.002,271.487,0.213,-0.534
00:00:19.049,1572924943299,0.384,0.064,22.81,0.664,3.0,0.002,23.992,-0.004,0.002,271.91200000000003,0.213,-0.534
00:00:19.098,1572924943348,0.385,0.066,22.81,0.664,3.0,0.001,23.998,-0.004,0.002,272.28700000000003,0.212,-0.534
00:00:19.099,1572924943349,0.385,0.068,22.81,0.664,3.0,0.0,24.005,-0.005,0.001,272.687,0.212,-0.534
00:00:19.100,1572924943350,0.385,0.07,22.81,0.664,3.0,-0.001,24.011,-0.006,0.001,273.087,0.212,-0.534
00:00:19.148,1572924943398,0.385,0.07200000000000001,22.81,0.664,3.0,-0.002,24.018,-0.006,0.001,273.512,0.211,-0.534
00:00:19.149,1572924943399,0.385,0.073,22.81,0.664,3.0,-0.003,24.024,-0.006999999999999999,0.001,273.888,0.211,-0.534
00:00:19.150,1572924943400,0.385,0.073,22.81,0.664,3.0,-0.004,24.03,-0.006999999999999999,0.001,274.288,0.211,-0.534
00:00:19.200,1572924943450,0.385,0.07400000000000001,22.81,0.664,3.0,-0.005,24.037,-0.008,0.001,274.689,0.21,-0.534
00:00:19.201,1572924943451,0.385,0.075,22.81,0.664,3.0,-0.006,24.04300000000001,-0.008,0.001,275.064,0.21,-0.534
00:00:19.202,1572924943452,0.384,0.075,22.81,0.664,3.0,-0.006999999999999999,24.05,-0.008,0.001,275.49,0.21,-0.534
00:00:19.250,1572924943500,0.384,0.075,22.957,0.664,3.0,-0.008,24.056,-0.008,0.001,275.891,0.21,-0.534
00:00:19.251,1572924943501,0.384,0.07400000000000001,22.957,0.664,3.0,-0.009000000000000001,24.062,-0.009000000000000001,0.001,276.267,0.21,-0.534
00:00:19.252,1572924943502,0.384,0.073,22.957,0.664,3.0,-0.009000000000000001,24.06900000000001,-0.009000000000000001,0.001,276.668,0.209,-0.534
00:00:19.300,1572924943550,0.385,0.07200000000000001,22.957,0.664,3.0,-0.01,24.075,-0.009000000000000001,0.001,277.069,0.209,-0.534
00:00:19.301,1572924943551,0.385,0.07,22.957,0.664,3.0,-0.011,24.082,-0.009000000000000001,0.001,277.496,0.209,-0.534
00:00:19.302,1572924943552,0.385,0.068,22.957,0.664,3.0,-0.012,24.088,-0.009000000000000001,0.001,277.897,0.209,-0.534
00:00:19.350,1572924943600,0.385,0.066,23.103,0.664,3.0,-0.012,24.094,-0.008,0.001,278.274,0.209,-0.534
00:00:19.351,1572924943601,0.385,0.063,23.103,0.664,3.0,-0.013,24.101,-0.008,0.001,278.7,0.209,-0.534
00:00:19.352,1572924943602,0.386,0.061,23.103,0.664,3.0,-0.013,24.107,-0.008,0.001,279.077,0.209,-0.534
00:00:19.400,1572924943650,0.386,0.058,23.103,0.664,3.0,-0.014,24.113000000000003,-0.008,0.001,279.47900000000004,0.209,-0.534
00:00:19.401,1572924943651,0.386,0.055,23.103,0.664,3.0,-0.014,24.12,-0.008,0.001,279.881,0.209,-0.534
00:00:19.402,1572924943652,0.387,0.052000000000000005,23.103,0.664,3.0,-0.014,24.126,-0.006999999999999999,0.001,280.283,0.209,-0.534
00:00:19.451,1572924943701,0.387,0.049,23.323,0.664,3.0,-0.015,24.13300000000001,-0.006999999999999999,0.002,280.71,0.209,-0.534
00:00:19.452,1572924943702,0.387,0.046,23.323,0.664,3.0,-0.015,24.139,-0.006999999999999999,0.002,281.087,0.209,-0.534
00:00:19.453,1572924943703,0.387,0.042,23.323,0.664,3.0,-0.015,24.146,-0.006999999999999999,0.002,281.515,0.209,-0.534
00:00:19.501,1572924943751,0.388,0.04,23.323,0.664,3.0,-0.015,24.153,-0.006,0.002,281.9170000000001,0.209,-0.534
00:00:19.502,1572924943752,0.388,0.037000000000000005,23.323,0.664,3.0,-0.015,24.159,-0.006,0.002,282.295,0.209,-0.534
00:00:19.503,1572924943753,0.389,0.034,23.323,0.664,3.0,-0.015,24.166,-0.006,0.002,282.722,0.209,-0.534
00:00:19.551,1572924943801,0.389,0.031,23.469,0.664,3.0,-0.015,24.172,-0.005,0.002,283.125,0.209,-0.534
00:00:19.552,1572924943802,0.389,0.029,23.469,0.664,3.0,-0.015,24.178,-0.005,0.002,283.503,0.209,-0.534
00:00:19.553,1572924943803,0.39,0.026,23.469,0.664,3.0,-0.015,24.185,-0.005,0.002,283.931,0.209,-0.534
00:00:19.602,1572924943852,0.39,0.023,23.469,0.664,3.0,-0.015,24.192,-0.004,0.002,284.334,0.209,-0.534
00:00:19.603,1572924943853,0.39,0.021,23.469,0.664,3.0,-0.014,24.198,-0.004,0.002,284.712,0.209,-0.534
00:00:19.604,1572924943854,0.39,0.018000000000000002,23.469,0.664,3.0,-0.014,24.205,-0.003,0.002,285.141,0.209,-0.534
00:00:19.652,1572924943902,0.39,0.016,23.616,0.664,3.0,-0.014,24.211,-0.003,0.002,285.5440000000001,0.21,-0.534
00:00:19.653,1572924943903,0.391,0.014,23.616,0.664,3.0,-0.014,24.218000000000004,-0.003,0.002,285.948,0.21,-0.534
00:00:19.654,1572924943904,0.391,0.012,23.616,0.664,3.0,-0.013,24.224,-0.002,0.003,286.3520000000001,0.21,-0.534
00:00:19.702,1572924943952,0.391,0.01,23.616,0.664,3.0,-0.013,24.231,-0.002,0.003,286.756,0.21,-0.534
00:00:19.703,1572924943953,0.391,0.009000000000000001,23.616,0.664,3.0,-0.012,24.237,-0.002,0.003,287.159,0.21,-0.534
00:00:19.704,1572924943954,0.392,0.006999999999999999,23.616,0.664,3.0,-0.012,24.244,-0.002,0.003,287.563,0.21,-0.534
00:00:19.752,1572924944002,0.392,0.006,23.616,0.664,3.0,-0.012,24.25,-0.001,0.003,287.968,0.21,-0.534
00:00:19.753,1572924944003,0.391,0.005,23.616,0.664,3.0,-0.011,24.257,-0.001,0.003,288.372,0.21,-0.534
00:00:19.754,1572924944004,0.391,0.004,23.616,0.664,3.0,-0.011,24.263,-0.001,0.003,288.776,0.21,-0.534
00:00:19.803,1572924944053,0.391,0.003,23.616,0.664,3.0,-0.011,24.27,-0.001,0.002,289.181,0.211,-0.534
00:00:19.804,1572924944054,0.391,0.002,23.616,0.664,3.0,-0.01,24.276,0.0,0.002,289.56,0.211,-0.534
00:00:19.805,1572924944055,0.39,0.001,23.616,0.664,3.0,-0.01,24.283,0.0,0.002,289.99,0.211,-0.534
00:00:19.853,1572924944103,0.39,-0.001,23.616,0.664,3.0,-0.009000000000000001,24.289,0.0,0.002,290.394,0.211,-0.534
00:00:19.854,1572924944104,0.39,-0.002,23.616,0.664,3.0,-0.009000000000000001,24.295,0.0,0.002,290.774,0.211,-0.534
00:00:19.855,1572924944105,0.39,-0.003,23.616,0.664,3.0,-0.009000000000000001,24.302,0.0,0.002,291.204,0.211,-0.534
00:00:19.903,1572924944153,0.389,-0.004,23.616,0.664,3.0,-0.008,24.309,0.001,0.002,291.6090000000001,0.211,-0.534
00:00:19.904,1572924944154,0.389,-0.005,23.616,0.664,3.0,-0.008,24.315,0.001,0.002,292.015,0.211,-0.534
00:00:19.905,1572924944155,0.389,-0.005,23.616,0.664,3.0,-0.008,24.322,0.001,0.002,292.42,0.212,-0.534
00:00:19.954,1572924944204,0.389,-0.006,23.762,0.664,3.0,-0.006999999999999999,24.32800000000001,0.001,0.002,292.825,0.212,-0.534
00:00:19.955,1572924944205,0.389,-0.006,23.762,0.664,3.0,-0.006999999999999999,24.335,0.001,0.002,293.231,0.212,-0.534
00:00:19.956,1572924944206,0.389,-0.006,23.762,0.664,3.0,-0.006,24.341,0.001,0.002,293.636,0.212,-0.534
00:00:20.005,1572924944255,0.389,-0.006999999999999999,23.762,0.664,3.0,-0.006,24.34800000000001,0.001,0.002,294.0420000000001,0.212,-0.534
00:00:20.006,1572924944256,0.39,-0.006999999999999999,23.762,0.664,3.0,-0.006,24.354,0.001,0.002,294.448,0.212,-0.534
00:00:20.007,1572924944257,0.39,-0.006,23.762,0.664,3.0,-0.005,24.361,0.001,0.002,294.8540000000001,0.212,-0.534
00:00:20.055,1572924944305,0.39,-0.006,23.616,0.664,3.0,-0.005,24.367,0.001,0.002,295.26,0.212,-0.534
00:00:20.056,1572924944306,0.39,-0.006,23.616,0.664,3.0,-0.005,24.374,0.001,0.002,295.666,0.212,-0.534
00:00:20.057,1572924944307,0.389,-0.006,23.616,0.664,3.0,-0.004,24.38,0.001,0.002,296.073,0.213,-0.534
00:00:20.105,1572924944355,0.389,-0.005,23.616,0.664,3.0,-0.004,24.387,0.001,0.002,296.4790000000001,0.213,-0.534
00:00:20.106,1572924944356,0.388,-0.005,23.616,0.664,3.0,-0.004,24.393,0.001,0.002,296.885,0.213,-0.534
00:00:20.107,1572924944357,0.387,-0.005,23.616,0.664,3.0,-0.004,24.399,0.001,0.002,297.2920000000001,0.213,-0.534
00:00:20.155,1572924944405,0.386,-0.005,23.762,0.664,3.0,-0.003,24.406,0.001,0.002,297.699,0.213,-0.534
00:00:20.156,1572924944406,0.386,-0.004,23.762,0.664,3.0,-0.003,24.412,0.001,0.002,298.106,0.213,-0.534
00:00:20.157,1572924944407,0.386,-0.004,23.762,0.664,3.0,-0.003,24.419,0.001,0.002,298.513,0.213,-0.534
00:00:20.206,1572924944456,0.387,-0.004,23.762,0.664,3.0,-0.003,24.425,0.001,0.002,298.92,0.213,-0.534
00:00:20.207,1572924944457,0.387,-0.004,23.762,0.664,3.0,-0.003,24.432,0.001,0.002,299.327,0.213,-0.534
00:00:20.208,1572924944458,0.387,-0.003,23.762,0.664,3.0,-0.002,24.438,0.001,0.002,299.7340000000001,0.213,-0.534
00:00:20.256,1572924944506,0.387,-0.003,23.762,0.664,3.0,-0.002,24.445,0.001,0.002,300.141,0.213,-0.534
00:00:20.257,1572924944507,0.387,-0.003,23.762,0.664,3.0,-0.002,24.451,0.001,0.002,300.5490000000001,0.214,-0.534
00:00:20.258,1572924944508,0.387,-0.002,23.762,0.664,3.0,-0.002,24.457,0.001,0.002,300.956,0.214,-0.534
00:00:20.308,1572924944558,0.387,-0.002,23.762,0.664,3.0,-0.002,24.464,0.001,0.002,301.3640000000001,0.214,-0.534
00:00:20.309,1572924944559,0.387,-0.001,23.762,0.664,3.0,-0.002,24.47,0.001,0.002,301.772,0.214,-0.534
00:00:20.310,1572924944560,0.387,-0.001,23.762,0.664,3.0,-0.002,24.477,0.001,0.002,302.18,0.214,-0.534
00:00:20.311,1572924944561,0.386,-0.001,23.762,0.664,3.0,-0.002,24.483,0.001,0.002,302.588,0.214,-0.534
00:00:20.359,1572924944609,0.386,-0.001,23.762,0.664,3.0,-0.002,24.49,0.001,0.002,302.996,0.214,-0.534
00:00:20.360,1572924944610,0.386,-0.001,23.762,0.664,3.0,-0.001,24.496,0.0,0.002,303.404,0.214,-0.534
00:00:20.361,1572924944611,0.386,0.0,23.762,0.664,3.0,-0.001,24.503,0.0,0.002,303.812,0.214,-0.534
00:00:20.410,1572924944660,0.385,0.0,23.762,0.664,3.0,-0.001,24.509,0.0,0.002,304.221,0.214,-0.534
00:00:20.411,1572924944661,0.385,0.0,23.762,0.664,3.0,-0.001,24.515,0.0,0.002,304.629,0.214,-0.534
00:00:20.412,1572924944662,0.385,0.0,23.762,0.664,3.0,-0.001,24.522,0.0,0.002,305.038,0.214,-0.534
00:00:20.460,1572924944710,0.385,0.0,23.762,0.664,3.0,-0.001,24.528,0.0,0.002,305.447,0.215,-0.534
00:00:20.461,1572924944711,0.385,0.001,23.762,0.664,3.0,-0.001,24.535,0.0,0.002,305.856,0.215,-0.534
00:00:20.462,1572924944712,0.384,0.001,23.762,0.664,3.0,-0.001,24.541,0.0,0.002,306.264,0.215,-0.534
00:00:20.510,1572924944760,0.384,0.001,23.762,0.664,3.0,-0.001,24.547,0.0,0.002,306.6740000000001,0.215,-0.534
00:00:20.511,1572924944761,0.384,0.001,23.762,0.664,3.0,-0.001,24.554,0.0,0.002,307.083,0.215,-0.534
00:00:20.512,1572924944762,0.384,0.002,23.762,0.664,3.0,-0.001,24.56,0.0,0.002,307.492,0.215,-0.534
00:00:20.560,1572924944810,0.383,0.002,23.762,0.664,3.0,-0.001,24.567,0.0,0.001,307.901,0.215,-0.534
00:00:20.561,1572924944811,0.383,0.002,23.762,0.664,3.0,-0.001,24.573,0.0,0.001,308.311,0.215,-0.534
00:00:20.562,1572924944812,0.383,0.002,23.762,0.664,3.0,-0.001,24.579,0.0,0.001,308.72,0.215,-0.534
00:00:20.611,1572924944861,0.383,0.002,23.762,0.664,3.0,-0.001,24.586,0.0,0.001,309.13,0.215,-0.534
00:00:20.612,1572924944862,0.383,0.002,23.762,0.664,3.0,-0.001,24.592,0.0,0.001,309.514,0.215,-0.534
00:00:20.613,1572924944863,0.382,0.003,23.762,0.664,3.0,-0.001,24.59800000000001,0.0,0.001,309.9240000000001,0.21600000000000005,-0.534
00:00:20.661,1572924944911,0.382,0.003,23.762,0.664,3.0,-0.001,24.604,0.0,0.001,310.334,0.21600000000000005,-0.534
00:00:20.662,1572924944912,0.382,0.003,23.762,0.664,3.0,-0.001,24.611,0.0,0.001,310.744,0.21600000000000005,-0.534
00:00:20.663,1572924944913,0.382,0.003,23.762,0.664,3.0,-0.001,24.617,0.0,0.001,311.155,0.21600000000000005,-0.534
00:00:20.711,1572924944961,0.382,0.003,23.762,0.664,3.0,-0.001,24.623,0.0,0.001,311.565,0.21600000000000005,-0.534
00:00:20.712,1572924944962,0.381,0.003,23.762,0.664,3.0,-0.001,24.63,0.0,0.001,311.975,0.21600000000000005,-0.534
00:00:20.713,1572924944963,0.381,0.003,23.762,0.664,3.0,-0.001,24.636,0.0,0.001,312.386,0.21600000000000005,-0.534
00:00:20.763,1572924945013,0.381,0.003,23.762,0.664,3.0,-0.001,24.643,0.0,0.001,312.797,0.21600000000000005,-0.534
00:00:20.764,1572924945014,0.381,0.003,23.762,0.664,3.0,-0.001,24.649,0.0,0.001,313.207,0.21600000000000005,-0.534
00:00:20.765,1572924945015,0.38,0.003,23.762,0.664,3.0,-0.001,24.655,0.0,0.001,313.618,0.21600000000000005,-0.534
00:00:20.811,1572924945061,0.38,0.003,23.762,0.664,3.0,-0.001,24.662,0.0,0.001,314.029,0.217,-0.534
00:00:20.812,1572924945062,0.38,0.003,23.762,0.664,3.0,-0.001,24.66800000000001,0.0,0.001,314.44,0.217,-0.534
00:00:20.813,1572924945063,0.38,0.003,23.762,0.664,3.0,-0.001,24.674,0.0,0.001,314.8520000000001,0.217,-0.534
00:00:20.862,1572924945112,0.38,0.004,23.762,0.664,3.0,-0.001,24.681,0.0,0.001,315.263,0.217,-0.534
00:00:20.863,1572924945113,0.379,0.004,23.762,0.664,3.0,-0.001,24.687,0.0,0.001,315.6740000000001,0.217,-0.534
00:00:20.864,1572924945114,0.379,0.005,23.762,0.664,3.0,-0.001,24.693,0.0,0.001,316.086,0.217,-0.534
00:00:20.912,1572924945162,0.379,0.006,23.762,0.664,3.0,-0.001,24.699,0.0,0.001,316.497,0.217,-0.534
00:00:20.913,1572924945163,0.379,0.008,23.762,0.664,3.0,-0.001,24.706,0.0,0.001,316.909,0.217,-0.534
00:00:20.914,1572924945164,0.379,0.01,23.762,0.664,3.0,-0.001,24.712,0.0,0.001,317.321,0.217,-0.534
00:00:20.963,1572924945213,0.378,0.012,23.762,0.664,3.0,-0.001,24.718000000000004,0.0,0.001,317.733,0.217,-0.534
00:00:20.964,1572924945214,0.378,0.014,23.762,0.664,3.0,-0.001,24.725,0.0,0.001,318.145,0.218,-0.534
00:00:20.965,1572924945215,0.378,0.017,23.762,0.664,3.0,-0.001,24.731,0.0,0.001,318.557,0.218,-0.534
00:00:21.014,1572924945264,0.378,0.02,23.762,0.664,3.0,-0.001,24.737,0.0,0.001,318.969,0.218,-0.534
00:00:21.015,1572924945265,0.378,0.023,23.762,0.664,3.0,-0.001,24.744,0.0,0.001,319.381,0.218,-0.534
00:00:21.016,1572924945266,0.377,0.026,23.616,0.664,3.0,-0.001,24.75,0.0,0.001,319.7940000000001,0.218,-0.534
00:00:21.064,1572924945314,0.377,0.03,23.616,0.664,3.0,-0.002,24.756,0.0,0.001,320.206,0.218,-0.534
00:00:21.065,1572924945315,0.376,0.032,23.616,0.664,3.0,-0.002,24.762,0.0,0.001,320.619,0.218,-0.534
00:00:21.066,1572924945316,0.375,0.035,23.616,0.664,3.0,-0.002,24.769,0.0,0.001,321.032,0.219,-0.534
00:00:21.115,1572924945365,0.375,0.037000000000000005,23.616,0.664,3.0,-0.003,24.775,0.0,0.001,321.445,0.219,-0.534
00:00:21.116,1572924945366,0.374,0.039,23.616,0.664,3.0,-0.003,24.781,0.0,0.001,321.858,0.219,-0.534
00:00:21.117,1572924945367,0.3720000000000001,0.04,17.463,0.664,3.0,-0.004,24.787,-0.001,0.001,322.271,0.219,-0.534
00:00:21.164,1572924945414,0.361,0.041,17.463,0.664,3.0,-0.004,24.79300000000001,-0.001,0.001,322.684,0.219,-0.534
00:00:21.165,1572924945415,0.334,0.042,17.463,0.664,3.0,-0.005,24.798,-0.001,0.0,323.097,0.22,-0.534
00:00:21.166,1572924945416,0.297,0.043,17.463,0.664,3.0,-0.005,24.803,-0.002,0.0,323.511,0.22,-0.534
00:00:21.214,1572924945464,0.259,0.045,17.463,0.664,3.0,-0.006,24.806,-0.002,-0.001,323.9240000000001,0.22,-0.534
00:00:21.215,1572924945465,0.228,0.046,17.463,0.664,3.0,-0.006,24.81,-0.003,-0.002,324.337,0.22,-0.534
00:00:21.216,1572924945466,0.205,0.048,4.133,0.664,3.0,-0.006999999999999999,24.813,-0.003,-0.003,324.751,0.221,-0.534
00:00:21.265,1572924945515,0.16899999999999998,0.05,4.133,0.664,3.0,-0.006999999999999999,24.815,-0.004,-0.005,325.165,0.221,-0.534
00:00:21.266,1572924945516,0.08900000000000001,0.051,4.133,0.664,3.0,-0.008,24.815,-0.004,-0.006999999999999999,325.578,0.221,-0.534
00:00:21.267,1572924945517,-0.034,0.053,4.133,0.664,3.0,-0.008,24.813,-0.004,-0.01,325.992,0.222,-0.534
00:00:21.319,1572924945569,-0.16,0.055,4.133,0.664,3.0,-0.009000000000000001,24.808000000000003,-0.005,-0.014,326.405,0.222,-0.534
00:00:21.320,1572924945570,-0.254,0.058,4.133,0.664,3.0,-0.01,24.803,-0.005,-0.018000000000000002,326.819,0.222,-0.534
00:00:21.321,1572924945571,-0.285,0.059,1.423,0.664,3.0,-0.01,24.798,-0.005,-0.023,327.232,0.223,-0.534
00:00:21.366,1572924945616,-0.278,0.058,1.423,0.664,3.0,-0.011,24.794,-0.005,-0.028,327.645,0.223,-0.534
00:00:21.367,1572924945617,-0.279,0.059,1.423,0.664,3.0,-0.011,24.789,-0.006,-0.034,328.05800000000005,0.223,-0.534
00:00:21.368,1572924945618,-0.308,0.061,1.423,0.664,3.0,-0.012,24.783,-0.006,-0.039,328.472,0.224,-0.534
00:00:21.417,1572924945667,-0.332,0.063,1.423,0.664,3.0,-0.013,24.778,-0.006,-0.045,328.885,0.224,-0.534
00:00:21.418,1572924945668,-0.324,0.062,1.423,0.664,3.0,-0.013,24.772,-0.006,-0.051,329.297,0.225,-0.534
00:00:21.419,1572924945669,-0.32299999999999995,0.062,1.13,0.664,3.0,-0.014,24.767,-0.006,-0.057,329.71,0.225,-0.534
00:00:21.472,1572924945722,-0.328,0.062,1.13,0.664,3.0,-0.014,24.761,-0.006,-0.063,330.1230000000001,0.226,-0.534
00:00:21.473,1572924945723,-0.331,0.062,1.13,0.664,3.0,-0.015,24.756,-0.006999999999999999,-0.069,330.536,0.226,-0.534
00:00:21.474,1572924945724,-0.332,0.061,1.13,0.664,3.0,-0.015,24.75,-0.006999999999999999,-0.075,330.9480000000001,0.227,-0.534
00:00:21.517,1572924945767,-0.332,0.06,1.13,0.664,3.0,-0.016,24.745,-0.006999999999999999,-0.08,331.361,0.227,-0.534
00:00:21.518,1572924945768,-0.332,0.059,1.13,0.664,3.0,-0.016,24.739,-0.006999999999999999,-0.086,331.773,0.228,-0.534
00:00:21.519,1572924945769,-0.332,0.057,1.13,0.664,3.0,-0.016,24.734,-0.006999999999999999,-0.091,332.185,0.228,-0.534
00:00:21.567,1572924945817,-0.332,0.056,1.13,0.664,3.0,-0.017,24.728,-0.006999999999999999,-0.095,332.597,0.229,-0.534
00:00:21.568,1572924945818,-0.332,0.054000000000000006,1.13,0.664,3.0,-0.017,24.72300000000001,-0.006999999999999999,-0.1,333.01,0.23,-0.534
00:00:21.569,1572924945819,-0.332,0.053,1.13,0.664,3.0,-0.017,24.717,-0.006999999999999999,-0.104,333.422,0.23,-0.534
00:00:21.618,1572924945868,-0.332,0.051,1.13,0.664,3.0,-0.017,24.711,-0.006999999999999999,-0.107,333.833,0.231,-0.534
00:00:21.619,1572924945869,-0.332,0.049,1.13,0.664,3.0,-0.018000000000000002,24.706,-0.006999999999999999,-0.111,334.245,0.231,-0.534
00:00:21.620,1572924945870,-0.332,0.048,1.13,0.664,3.0,-0.018000000000000002,24.7,-0.006999999999999999,-0.114,334.657,0.232,-0.534
00:00:21.670,1572924945920,-0.332,0.046,1.13,0.664,3.0,-0.018000000000000002,24.695,-0.006999999999999999,-0.116,335.069,0.233,-0.534
00:00:21.671,1572924945921,-0.332,0.045,1.13,0.664,3.0,-0.018000000000000002,24.689,-0.006999999999999999,-0.118,335.48,0.233,-0.534
00:00:21.672,1572924945922,-0.332,0.043,1.13,0.664,3.0,-0.018000000000000002,24.684,-0.006,-0.12,335.892,0.234,-0.534
00:00:21.719,1572924945969,-0.332,0.042,1.13,0.664,3.0,-0.018000000000000002,24.678,-0.006,-0.121,336.30300000000005,0.235,-0.534
00:00:21.720,1572924945970,-0.332,0.04,1.13,0.664,3.0,-0.018000000000000002,24.674,-0.006,-0.122,336.63699999999994,0.235,-0.534
00:00:21.721,1572924945971,-0.331,0.038,1.13,0.664,3.0,-0.018000000000000002,24.66800000000001,-0.006,-0.122,337.074,0.236,-0.534
00:00:21.770,1572924946020,-0.331,0.036000000000000004,1.13,0.664,3.0,-0.018000000000000002,24.662,-0.006,-0.122,337.485,0.237,-0.534
00:00:21.771,1572924946021,-0.331,0.034,1.13,0.664,3.0,-0.018000000000000002,24.657,-0.005,-0.122,337.896,0.238,-0.534
00:00:21.772,1572924946022,-0.331,0.032,1.13,0.664,3.0,-0.017,24.651,-0.005,-0.121,338.307,0.238,-0.534
00:00:21.821,1572924946071,-0.331,0.03,1.13,0.664,3.0,-0.017,24.646,-0.005,-0.12,338.718,0.239,-0.534
00:00:21.822,1572924946072,-0.331,0.028,1.13,0.664,3.0,-0.017,24.64,-0.005,-0.119,339.129,0.24,-0.534
00:00:21.823,1572924946073,-0.331,0.026,1.13,0.664,3.0,-0.017,24.635,-0.004,-0.118,339.539,0.241,-0.535
00:00:21.877,1572924946127,-0.331,0.025,1.13,0.664,3.0,-0.016,24.629,-0.004,-0.117,339.95,0.242,-0.535
00:00:21.878,1572924946128,-0.33,0.024,1.13,0.664,3.0,-0.016,24.624,-0.004,-0.115,340.36,0.242,-0.535
00:00:21.879,1572924946129,-0.33,0.023,1.13,0.664,3.0,-0.016,24.618,-0.003,-0.114,340.77,0.243,-0.535
00:00:21.924,1572924946174,-0.33,0.022,1.13,0.664,3.0,-0.016,24.613000000000003,-0.003,-0.112,341.181,0.244,-0.535
00:00:21.925,1572924946175,-0.33,0.021,1.13,0.664,3.0,-0.015,24.607,-0.003,-0.111,341.591,0.245,-0.535
00:00:21.926,1572924946176,-0.33,0.02,1.13,0.664,3.0,-0.015,24.602,-0.003,-0.109,342.001,0.245,-0.535
00:00:21.972,1572924946222,-0.33,0.018000000000000002,1.13,0.664,3.0,-0.015,24.596,-0.002,-0.108,342.411,0.246,-0.535
00:00:21.973,1572924946223,-0.33,0.017,1.13,0.664,3.0,-0.015,24.591,-0.002,-0.106,342.821,0.247,-0.535
00:00:21.974,1572924946224,-0.33,0.016,1.13,0.664,3.0,-0.014,24.585,-0.002,-0.105,343.231,0.248,-0.535
00:00:22.022,1572924946272,-0.33,0.014,1.13,0.664,3.0,-0.014,24.58,-0.002,-0.103,343.64,0.249,-0.535
00:00:22.023,1572924946273,-0.33,0.013,1.13,0.664,3.0,-0.014,24.574,-0.002,-0.102,344.05,0.25,-0.535
00:00:22.024,1572924946274,-0.329,0.01,1.423,0.664,3.0,-0.013,24.56900000000001,-0.002,-0.101,344.46,0.25,-0.535
00:00:22.073,1572924946323,-0.325,0.008,1.423,0.664,3.0,-0.013,24.564,-0.002,-0.1,344.869,0.251,-0.535
00:00:22.074,1572924946324,-0.322,0.006,1.423,0.664,3.0,-0.013,24.558000000000003,-0.002,-0.099,345.278,0.252,-0.535
00:00:22.075,1572924946325,-0.32,0.003,1.423,0.664,3.0,-0.012,24.553,-0.002,-0.098,345.68800000000016,0.253,-0.535
00:00:22.123,1572924946373,-0.32,0.001,1.423,0.664,3.0,-0.012,24.548,-0.002,-0.098,346.097,0.254,-0.535
00:00:22.124,1572924946374,-0.319,-0.001,1.423,0.664,3.0,-0.012,24.542,-0.002,-0.097,346.506,0.255,-0.535
00:00:22.125,1572924946375,-0.319,-0.004,1.936,0.664,3.0,-0.011,24.537,-0.002,-0.096,346.915,0.255,-0.535
00:00:22.175,1572924946425,-0.311,-0.006,1.936,0.664,3.0,-0.011,24.532,-0.002,-0.096,347.324,0.256,-0.535
00:00:22.176,1572924946426,-0.305,-0.008,1.936,0.664,3.0,-0.01,24.527,-0.001,-0.096,347.733,0.257,-0.535
00:00:22.177,1572924946427,-0.303,-0.01,1.936,0.664,3.0,-0.01,24.522,-0.001,-0.095,348.141,0.258,-0.535
00:00:22.178,1572924946428,-0.302,-0.012,1.936,0.664,3.0,-0.009000000000000001,24.517,-0.001,-0.095,348.55,0.259,-0.535
00:00:22.225,1572924946475,-0.302,-0.014,1.936,0.664,3.0,-0.009000000000000001,24.512,-0.001,-0.094,348.959,0.26,-0.535
00:00:22.226,1572924946476,-0.301,-0.015,2.448,0.664,3.0,-0.008,24.507,-0.001,-0.094,349.367,0.26,-0.535
00:00:22.227,1572924946477,-0.294,-0.015,2.448,0.664,3.0,-0.008,24.502,-0.001,-0.094,349.776,0.261,-0.535
00:00:22.274,1572924946524,-0.28800000000000003,-0.016,2.448,0.664,3.0,-0.006999999999999999,24.497,0.0,-0.094,350.184,0.262,-0.535
00:00:22.275,1572924946525,-0.28600000000000003,-0.016,2.448,0.664,3.0,-0.006,24.493,0.0,-0.094,350.592,0.263,-0.535
00:00:22.276,1572924946526,-0.285,-0.016,2.448,0.664,3.0,-0.006,24.488000000000003,0.0,-0.093,351.0,0.264,-0.535
00:00:22.325,1572924946575,-0.284,-0.017,2.448,0.664,3.0,-0.005,24.483,0.001,-0.093,351.408,0.264,-0.535
00:00:22.326,1572924946576,-0.284,-0.018000000000000002,3.108,0.664,3.0,-0.005,24.478,0.001,-0.093,351.816,0.265,-0.535
00:00:22.327,1572924946577,-0.276,-0.018000000000000002,3.108,0.664,3.0,-0.004,24.474,0.001,-0.093,352.224,0.266,-0.535
00:00:22.375,1572924946625,-0.267,-0.019,3.108,0.664,3.0,-0.004,24.47,0.002,-0.093,352.63199999999995,0.267,-0.535
00:00:22.376,1572924946626,-0.263,-0.02,3.108,0.664,3.0,-0.003,24.465,0.002,-0.093,353.04,0.267,-0.535
00:00:22.377,1572924946627,-0.262,-0.022,3.108,0.664,3.0,-0.003,24.461,0.002,-0.093,353.44800000000015,0.268,-0.535
00:00:22.426,1572924946676,-0.262,-0.022,3.108,0.664,3.0,-0.002,24.457,0.002,-0.092,353.855,0.269,-0.535
00:00:22.427,1572924946677,-0.262,-0.023,5.818,0.664,3.0,-0.002,24.452,0.003,-0.092,354.26300000000015,0.27,-0.535
00:00:22.428,1572924946678,-0.255,-0.024,5.818,0.664,3.0,-0.001,24.448,0.003,-0.092,354.67,0.27,-0.535
00:00:22.476,1572924946726,-0.242,-0.025,5.818,0.664,3.0,-0.001,24.44400000000001,0.003,-0.092,355.07800000000015,0.271,-0.535
00:00:22.477,1572924946727,-0.225,-0.025,5.818,0.664,3.0,0.0,24.441,0.003,-0.091,355.485,0.272,-0.535
00:00:22.478,1572924946728,-0.209,-0.025,5.818,0.664,3.0,0.0,24.438,0.003,-0.091,355.89300000000014,0.273,-0.535
00:00:22.527,1572924946777,-0.194,-0.025,5.818,0.664,3.0,0.0,24.434,0.003,-0.09,356.3,0.273,-0.535
00:00:22.528,1572924946778,-0.183,-0.025,8.967,0.664,3.0,0.001,24.432,0.003,-0.08900000000000001,356.707,0.274,-0.535
00:00:22.529,1572924946779,-0.173,-0.025,8.967,0.664,3.0,0.001,24.429,0.003,-0.08800000000000001,357.11400000000015,0.275,-0.535
00:00:22.577,1572924946827,-0.156,-0.025,8.967,0.664,3.0,0.001,24.427,0.003,-0.087,357.521,0.275,-0.535
00:00:22.578,1572924946828,-0.133,-0.024,8.967,0.664,3.0,0.002,24.425,0.003,-0.086,357.92800000000005,0.276,-0.535
00:00:22.579,1572924946829,-0.107,-0.024,8.967,0.664,3.0,0.002,24.423,0.003,-0.084,358.335,0.277,-0.535
00:00:22.627,1572924946877,-0.086,-0.023,8.967,0.664,3.0,0.002,24.422,0.003,-0.08199999999999999,358.74300000000005,0.277,-0.535
00:00:22.628,1572924946878,-0.07400000000000001,-0.022,9.26,0.664,3.0,0.003,24.421,0.003,-0.08,359.15,0.278,-0.535
00:00:22.629,1572924946879,-0.07,-0.022,9.26,0.664,3.0,0.003,24.42,0.003,-0.078,359.557,0.279,-0.535
00:00:22.677,1572924946927,-0.071,-0.021,9.26,0.664,3.0,0.003,24.419,0.003,-0.075,359.964,0.279,-0.535
00:00:22.678,1572924946928,-0.07200000000000001,-0.02,9.26,0.664,3.0,0.003,24.417,0.003,-0.073,360.371,0.28,-0.535
00:00:22.679,1572924946929,-0.07400000000000001,-0.019,9.26,0.664,3.0,0.003,24.416,0.003,-0.071,360.777,0.281,-0.535
00:00:22.728,1572924946978,-0.07400000000000001,-0.019,9.26,0.664,3.0,0.004,24.415,0.003,-0.069,361.184,0.281,-0.535
00:00:22.729,1572924946979,-0.07400000000000001,-0.018000000000000002,9.48,0.664,3.0,0.004,24.414,0.002,-0.066,361.591,0.282,-0.535
00:00:22.730,1572924946980,-0.07400000000000001,-0.018000000000000002,9.48,0.664,3.0,0.004,24.413,0.002,-0.064,361.99800000000016,0.28300000000000003,-0.535
00:00:22.778,1572924947028,-0.07200000000000001,-0.018000000000000002,9.48,0.664,3.0,0.004,24.411,0.002,-0.063,362.405,0.28300000000000003,-0.535
00:00:22.779,1572924947029,-0.07,-0.017,9.48,0.664,3.0,0.004,24.41,0.002,-0.061,362.837,0.284,-0.535
00:00:22.780,1572924947030,-0.068,-0.017,9.48,0.664,3.0,0.004,24.409,0.002,-0.059,363.219,0.284,-0.535
00:00:22.828,1572924947078,-0.067,-0.017,9.48,0.664,3.0,0.004,24.408,0.002,-0.058,363.626,0.285,-0.535
00:00:22.829,1572924947079,-0.066,-0.016,9.26,0.664,3.0,0.004,24.407,0.002,-0.057,364.032,0.28600000000000003,-0.535
00:00:22.830,1572924947080,-0.066,-0.015,9.26,0.664,3.0,0.004,24.406,0.001,-0.056,364.439,0.28600000000000003,-0.535
00:00:22.879,1572924947129,-0.068,-0.015,9.26,0.664,3.0,0.004,24.405,0.001,-0.055,364.846,0.287,-0.535
00:00:22.880,1572924947130,-0.07,-0.015,9.26,0.664,3.0,0.004,24.403,0.001,-0.054000000000000006,365.253,0.287,-0.535
00:00:22.881,1572924947131,-0.07200000000000001,-0.014,9.26,0.664,3.0,0.004,24.402,0.001,-0.054000000000000006,365.659,0.28800000000000003,-0.535
00:00:22.930,1572924947180,-0.07400000000000001,-0.014,9.26,0.664,3.0,0.005,24.401,0.001,-0.054000000000000006,366.066,0.289,-0.535
00:00:22.931,1572924947181,-0.07400000000000001,-0.014,9.773,0.664,3.0,0.005,24.4,0.001,-0.054000000000000006,366.473,0.289,-0.535
00:00:22.932,1572924947182,-0.07400000000000001,-0.013,9.773,0.664,3.0,0.005,24.399,0.001,-0.054000000000000006,366.879,0.29,-0.535
00:00:22.980,1572924947230,-0.07,-0.013,9.773,0.664,3.0,0.005,24.397,0.001,-0.054000000000000006,367.286,0.29,-0.535
00:00:22.981,1572924947231,-0.065,-0.013,9.773,0.664,3.0,0.005,24.396,0.001,-0.055,367.693,0.29100000000000004,-0.535
00:00:22.982,1572924947232,-0.06,-0.013,9.773,0.664,3.0,0.005,24.395,0.001,-0.055,368.099,0.29100000000000004,-0.535
00:00:23.030,1572924947280,-0.057,-0.013,9.773,0.664,3.0,0.005,24.395,0.001,-0.055,368.506,0.292,-0.535
00:00:23.031,1572924947281,-0.055,-0.013,9.919,0.664,3.0,0.005,24.394,0.001,-0.056,368.912,0.293,-0.535
00:00:23.032,1572924947282,-0.055,-0.013,9.919,0.664,3.0,0.005,24.393,0.001,-0.056,369.319,0.293,-0.535
00:00:23.081,1572924947331,-0.055,-0.013,9.919,0.664,3.0,0.005,24.392,0.001,-0.057,369.725,0.294,-0.535
00:00:23.082,1572924947332,-0.055,-0.013,9.919,0.664,3.0,0.005,24.391,0.001,-0.057,370.132,0.294,-0.535
00:00:23.083,1572924947333,-0.054000000000000006,-0.013,9.919,0.664,3.0,0.005,24.39,0.001,-0.057,370.538,0.295,-0.535
00:00:23.131,1572924947381,-0.053,-0.013,9.919,0.664,3.0,0.005,24.389,0.001,-0.058,370.945,0.295,-0.535
00:00:23.132,1572924947382,-0.053,-0.013,10.139,0.664,3.0,0.005,24.388,0.001,-0.058,371.351,0.29600000000000004,-0.535
00:00:23.133,1572924947383,-0.052000000000000005,-0.013,10.139,0.664,3.0,0.005,24.387,0.001,-0.059,371.758,0.29600000000000004,-0.535
00:00:23.181,1572924947431,-0.051,-0.013,10.139,0.664,3.0,0.005,24.387,0.001,-0.059,372.164,0.297,-0.535
00:00:23.182,1572924947432,-0.049,-0.013,10.139,0.664,3.0,0.005,24.386,0.001,-0.059,372.571,0.297,-0.535
00:00:23.183,1572924947433,-0.046,-0.014,10.139,0.664,3.0,0.005,24.385,0.001,-0.059,372.977,0.298,-0.535
00:00:23.232,1572924947482,-0.045,-0.014,10.139,0.664,3.0,0.005,24.384,0.001,-0.06,373.384,0.298,-0.535
00:00:23.233,1572924947483,-0.045,-0.014,10.139,0.664,3.0,0.005,24.384,0.001,-0.06,373.79,0.299,-0.535
00:00:23.234,1572924947484,-0.045,-0.014,10.139,0.664,3.0,0.005,24.38300000000001,0.001,-0.06,374.196,0.299,-0.535
00:00:23.283,1572924947533,-0.045,-0.014,10.139,0.664,3.0,0.005,24.382,0.001,-0.06,374.628,0.3,-0.535
00:00:23.284,1572924947534,-0.045,-0.014,10.139,0.664,3.0,0.005,24.381,0.001,-0.061,375.035,0.301,-0.535
00:00:23.285,1572924947535,-0.046,-0.014,10.139,0.664,3.0,0.005,24.381,0.001,-0.061,375.415,0.301,-0.535
00:00:23.333,1572924947583,-0.046,-0.014,10.139,0.664,3.0,0.005,24.38,0.001,-0.061,375.822,0.301,-0.535
00:00:23.334,1572924947584,-0.046,-0.014,10.139,0.664,3.0,0.005,24.379,0.001,-0.061,376.228,0.302,-0.535
00:00:23.335,1572924947585,-0.046,-0.014,10.139,0.664,3.0,0.005,24.378,0.001,-0.061,376.634,0.302,-0.535
00:00:23.383,1572924947633,-0.045,-0.015,10.139,0.664,3.0,0.005,24.378,0.001,-0.061,377.041,0.303,-0.535
00:00:23.384,1572924947634,-0.045,-0.015,10.139,0.664,3.0,0.005,24.377,0.001,-0.061,377.447,0.303,-0.535
00:00:23.385,1572924947635,-0.045,-0.015,10.139,0.664,3.0,0.005,24.376,0.001,-0.061,377.853,0.304,-0.535
00:00:23.434,1572924947684,-0.045,-0.015,10.139,0.664,3.0,0.005,24.375,0.001,-0.061,378.26,0.304,-0.535
00:00:23.435,1572924947685,-0.045,-0.016,10.285,0.664,3.0,0.005,24.375,0.001,-0.061,378.666,0.305,-0.535
00:00:23.436,1572924947686,-0.045,-0.016,10.285,0.664,3.0,0.005,24.374,0.001,-0.061,379.072,0.305,-0.535
00:00:23.484,1572924947734,-0.044,-0.016,10.285,0.664,3.0,0.005,24.373,0.001,-0.061,379.478,0.306,-0.535
00:00:23.485,1572924947735,-0.042,-0.016,10.285,0.664,3.0,0.005,24.372,0.001,-0.061,379.884,0.306,-0.535
00:00:23.486,1572924947736,-0.041,-0.016,10.285,0.664,3.0,0.005,24.372,0.001,-0.061,380.291,0.307,-0.535
00:00:23.535,1572924947785,-0.04,-0.016,10.285,0.664,3.0,0.005,24.371,0.001,-0.061,380.697,0.307,-0.535
00:00:23.536,1572924947786,-0.039,-0.016,10.432,0.664,3.0,0.005,24.37,0.001,-0.061,381.103,0.308,-0.535
00:00:23.537,1572924947787,-0.039,-0.016,10.432,0.664,3.0,0.005,24.37,0.001,-0.061,381.509,0.308,-0.535
00:00:23.585,1572924947835,-0.038,-0.016,10.432,0.664,3.0,0.005,24.369,0.001,-0.061,381.941,0.308,-0.535
00:00:23.586,1572924947836,-0.037000000000000005,-0.016,10.432,0.664,3.0,0.005,24.369,0.001,-0.06,382.321,0.309,-0.535
00:00:23.587,1572924947837,-0.036000000000000004,-0.016,10.432,0.664,3.0,0.005,24.368,0.001,-0.06,382.728,0.309,-0.535
00:00:23.636,1572924947886,-0.035,-0.017,10.432,0.664,3.0,0.005,24.367,0.001,-0.06,383.159,0.31,-0.535
00:00:23.637,1572924947887,-0.034,-0.017,10.652,0.664,3.0,0.005,24.367,0.001,-0.06,383.54,0.31,-0.535
00:00:23.638,1572924947888,-0.034,-0.018000000000000002,10.652,0.664,3.0,0.005,24.366,0.001,-0.06,383.946,0.31,-0.535
00:00:23.686,1572924947936,-0.033,-0.018000000000000002,10.652,0.664,3.0,0.005,24.366,0.001,-0.059,384.352,0.311,-0.535
00:00:23.687,1572924947937,-0.03,-0.019,10.652,0.664,3.0,0.006,24.365,0.001,-0.059,384.758,0.311,-0.535
00:00:23.688,1572924947938,-0.028,-0.02,10.652,0.664,3.0,0.006,24.365,0.001,-0.059,385.19,0.312,-0.535
00:00:23.736,1572924947986,-0.027000000000000003,-0.02,10.652,0.664,3.0,0.006,24.364,0.001,-0.059,385.596,0.312,-0.535
00:00:23.737,1572924947987,-0.026,-0.021,10.432,0.664,3.0,0.006,24.364,0.001,-0.058,385.976,0.312,-0.535
00:00:23.738,1572924947988,-0.027000000000000003,-0.022,10.432,0.664,3.0,0.006,24.364,0.001,-0.058,386.382,0.313,-0.535
00:00:23.786,1572924948036,-0.029,-0.022,10.432,0.664,3.0,0.006,24.363000000000003,0.001,-0.058,386.814,0.313,-0.535
00:00:23.787,1572924948037,-0.032,-0.023,10.432,0.664,3.0,0.006,24.362,0.001,-0.058,387.22,0.314,-0.535
00:00:23.788,1572924948038,-0.034,-0.023,10.432,0.664,3.0,0.006,24.362,0.001,-0.058,387.601,0.314,-0.535
00:00:23.837,1572924948087,-0.036000000000000004,-0.023,10.432,0.664,3.0,0.006,24.361,0.001,-0.057,388.032,0.314,-0.535
00:00:23.838,1572924948088,-0.036000000000000004,-0.023,3.254,0.664,3.0,0.006,24.361,0.001,-0.057,388.413,0.315,-0.535
00:00:23.839,1572924948089,-0.047,-0.023,3.254,0.664,3.0,0.006,24.36,0.002,-0.057,388.844,0.315,-0.535
00:00:23.887,1572924948137,-0.08,-0.023,3.254,0.664,3.0,0.006,24.358,0.002,-0.058,389.25,0.315,-0.535
00:00:23.888,1572924948138,-0.136,-0.023,3.254,0.664,3.0,0.006,24.354,0.002,-0.058,389.631,0.316,-0.535
00:00:23.889,1572924948139,-0.218,-0.023,3.254,0.664,3.0,0.006999999999999999,24.35,0.002,-0.059,390.062,0.316,-0.535
00:00:23.937,1572924948187,-0.268,-0.024,3.254,0.664,3.0,0.006999999999999999,24.345,0.002,-0.061,390.468,0.316,-0.535
00:00:23.938,1572924948188,-0.275,-0.024,1.13,0.664,3.0,0.006999999999999999,24.34,0.002,-0.062,390.87300000000016,0.316,-0.535
00:00:23.939,1572924948189,-0.27,-0.024,1.13,0.664,3.0,0.006999999999999999,24.336,0.002,-0.064,391.254,0.317,-0.535
00:00:23.988,1572924948238,-0.289,-0.025,1.13,0.664,3.0,0.006999999999999999,24.33,0.002,-0.066,391.684,0.317,-0.535
00:00:23.989,1572924948239,-0.322,-0.026,1.13,0.664,3.0,0.006999999999999999,24.325,0.002,-0.068,392.065,0.317,-0.535
00:00:23.990,1572924948240,-0.337,-0.026,1.13,0.664,3.0,0.006999999999999999,24.31900000000001,0.002,-0.071,392.495,0.318,-0.535
00:00:24.039,1572924948289,-0.325,-0.026,1.13,0.664,3.0,0.008,24.314,0.002,-0.073,392.901,0.318,-0.535
00:00:24.040,1572924948290,-0.327,-0.026,1.13,0.664,3.0,0.008,24.308000000000003,0.003,-0.076,393.306,0.318,-0.535
00:00:24.041,1572924948291,-0.326,-0.026,1.13,0.664,3.0,0.008,24.303,0.003,-0.078,393.711,0.318,-0.535
00:00:24.089,1572924948339,-0.326,-0.026,1.13,0.664,3.0,0.008,24.297,0.003,-0.081,394.116,0.319,-0.535
00:00:24.090,1572924948340,-0.325,-0.025,1.13,0.664,3.0,0.008,24.292,0.003,-0.084,394.521,0.319,-0.535
00:00:24.091,1572924948341,-0.325,-0.025,1.13,0.664,3.0,0.008,24.286,0.003,-0.086,394.926,0.319,-0.535
00:00:24.139,1572924948389,-0.325,-0.024,1.13,0.664,3.0,0.008,24.281,0.003,-0.08900000000000001,395.33,0.319,-0.535
00:00:24.140,1572924948390,-0.325,-0.023,1.13,0.664,3.0,0.008,24.276,0.003,-0.091,395.71,0.319,-0.535
00:00:24.141,1572924948391,-0.325,-0.022,1.13,0.664,3.0,0.009000000000000001,24.27,0.003,-0.093,396.14,0.32,-0.535
00:00:24.190,1572924948440,-0.325,-0.022,1.13,0.664,3.0,0.009000000000000001,24.265,0.003,-0.095,396.544,0.32,-0.535
00:00:24.191,1572924948441,-0.325,-0.021,1.13,0.664,3.0,0.009000000000000001,24.259,0.003,-0.097,396.948,0.32,-0.534
00:00:24.192,1572924948442,-0.325,-0.02,1.13,0.664,3.0,0.009000000000000001,24.254,0.003,-0.099,397.353,0.32,-0.534
00:00:24.240,1572924948490,-0.325,-0.019,1.13,0.664,3.0,0.009000000000000001,24.248,0.003,-0.101,397.757,0.321,-0.534
00:00:24.241,1572924948491,-0.325,-0.018000000000000002,1.13,0.664,3.0,0.009000000000000001,24.243,0.003,-0.102,398.161,0.321,-0.534
00:00:24.242,1572924948492,-0.325,-0.017,1.13,0.664,3.0,0.009000000000000001,24.238000000000003,0.003,-0.104,398.54,0.321,-0.534
00:00:24.290,1572924948540,-0.325,-0.016,1.13,0.664,3.0,0.008,24.232,0.003,-0.105,398.969,0.321,-0.534
00:00:24.291,1572924948541,-0.325,-0.015,1.13,0.664,3.0,0.008,24.227,0.003,-0.106,399.37300000000016,0.321,-0.534
00:00:24.292,1572924948542,-0.325,-0.014,1.13,0.664,3.0,0.008,24.221,0.003,-0.107,399.776,0.321,-0.534
00:00:24.342,1572924948592,-0.325,-0.012,1.13,0.664,3.0,0.008,24.216,0.003,-0.108,400.18,0.322,-0.534
00:00:24.343,1572924948593,-0.325,-0.011,1.13,0.664,3.0,0.008,24.211,0.003,-0.108,400.584,0.322,-0.534
00:00:24.344,1572924948594,-0.324,-0.009000000000000001,1.13,0.664,3.0,0.008,24.205,0.003,-0.108,400.987,0.322,-0.535
00:00:24.345,1572924948595,-0.324,-0.008,1.13,0.664,3.0,0.008,24.2,0.003,-0.108,401.39,0.322,-0.535
00:00:24.393,1572924948643,-0.324,-0.006999999999999999,1.13,0.664,3.0,0.008,24.19400000000001,0.003,-0.108,401.794,0.322,-0.535
00:00:24.394,1572924948644,-0.324,-0.006,1.13,0.664,3.0,0.006999999999999999,24.189,0.002,-0.108,402.172,0.322,-0.535
00:00:24.395,1572924948645,-0.324,-0.005,1.13,0.664,3.0,0.006999999999999999,24.184,0.002,-0.108,402.6,0.322,-0.535
00:00:24.443,1572924948693,-0.324,-0.004,1.13,0.664,3.0,0.006999999999999999,24.178,0.002,-0.107,403.003,0.32299999999999995,-0.535
00:00:24.444,1572924948694,-0.324,-0.003,1.13,0.664,3.0,0.006999999999999999,24.173,0.002,-0.107,403.381,0.32299999999999995,-0.535
00:00:24.445,1572924948695,-0.324,-0.003,1.13,0.664,3.0,0.006999999999999999,24.167,0.002,-0.106,403.809,0.32299999999999995,-0.535
00:00:24.498,1572924948748,-0.324,-0.002,1.13,0.664,3.0,0.006,24.162,0.001,-0.106,404.212,0.32299999999999995,-0.535
00:00:24.499,1572924948749,-0.32299999999999995,-0.001,1.13,0.664,3.0,0.006,24.157,0.001,-0.105,404.614,0.32299999999999995,-0.535
00:00:24.500,1572924948750,-0.32299999999999995,-0.001,1.13,0.664,3.0,0.006,24.151,0.001,-0.104,405.017,0.32299999999999995,-0.535
00:00:24.543,1572924948793,-0.32299999999999995,0.0,1.13,0.664,3.0,0.006,24.146,0.001,-0.103,405.419,0.32299999999999995,-0.535
00:00:24.544,1572924948794,-0.32299999999999995,0.001,1.13,0.664,3.0,0.005,24.141,0.0,-0.103,405.822,0.324,-0.535
00:00:24.545,1572924948795,-0.32299999999999995,0.001,1.13,0.664,3.0,0.005,24.135,0.0,-0.102,406.224,0.324,-0.535
00:00:24.594,1572924948844,-0.32299999999999995,0.002,1.13,0.664,3.0,0.005,24.13,0.0,-0.101,406.626,0.324,-0.535
00:00:24.595,1572924948845,-0.32299999999999995,0.002,1.13,0.664,3.0,0.005,24.125,0.0,-0.101,407.003,0.324,-0.535
00:00:24.596,1572924948846,-0.32299999999999995,0.003,1.13,0.664,3.0,0.004,24.119,0.0,-0.1,407.43,0.324,-0.535
00:00:24.648,1572924948898,-0.322,0.003,1.276,0.664,3.0,0.004,24.114,-0.001,-0.099,407.832,0.324,-0.535
00:00:24.649,1572924948899,-0.32,0.004,1.276,0.664,3.0,0.004,24.108,-0.001,-0.099,408.234,0.325,-0.535
00:00:24.650,1572924948900,-0.319,0.003,1.276,0.664,3.0,0.004,24.103,-0.001,-0.098,408.636,0.325,-0.535
00:00:24.694,1572924948944,-0.318,0.003,1.276,0.664,3.0,0.004,24.09800000000001,-0.001,-0.098,409.038,0.325,-0.535
00:00:24.695,1572924948945,-0.318,0.003,1.276,0.664,3.0,0.003,24.092,-0.001,-0.097,409.439,0.325,-0.535
00:00:24.696,1572924948946,-0.317,0.003,1.276,0.664,3.0,0.003,24.087,-0.001,-0.097,409.841,0.325,-0.535
00:00:24.745,1572924948995,-0.317,0.003,1.423,0.664,3.0,0.003,24.082,-0.001,-0.097,410.217,0.325,-0.535
00:00:24.746,1572924948996,-0.315,0.002,1.423,0.664,3.0,0.003,24.077,-0.001,-0.096,410.643,0.325,-0.535
00:00:24.747,1572924948997,-0.313,0.002,1.423,0.664,3.0,0.003,24.072,-0.001,-0.096,411.045,0.326,-0.535
00:00:24.795,1572924949045,-0.312,0.001,1.423,0.664,3.0,0.003,24.066,-0.001,-0.096,411.446,0.326,-0.535
00:00:24.796,1572924949046,-0.312,0.001,1.423,0.664,3.0,0.002,24.061,-0.001,-0.096,411.847,0.326,-0.535
00:00:24.797,1572924949047,-0.312,0.0,1.423,0.664,3.0,0.002,24.056,-0.001,-0.095,412.24800000000016,0.326,-0.535
00:00:24.847,1572924949097,-0.311,-0.001,1.643,0.664,3.0,0.002,24.051,-0.001,-0.095,412.649,0.326,-0.535
00:00:24.848,1572924949098,-0.308,-0.001,1.643,0.664,3.0,0.002,24.046,-0.001,-0.095,413.05,0.326,-0.535
00:00:24.849,1572924949099,-0.306,-0.002,1.643,0.664,3.0,0.002,24.041,-0.001,-0.095,413.45,0.327,-0.535
00:00:24.895,1572924949145,-0.305,-0.003,1.643,0.664,3.0,0.002,24.036,-0.001,-0.095,413.851,0.327,-0.535
00:00:24.896,1572924949146,-0.304,-0.004,1.643,0.664,3.0,0.002,24.03,-0.001,-0.095,414.251,0.327,-0.535
00:00:24.897,1572924949147,-0.304,-0.006,1.643,0.664,3.0,0.002,24.025,-0.001,-0.095,414.652,0.327,-0.535
00:00:24.950,1572924949200,-0.304,-0.006999999999999999,1.789,0.664,3.0,0.002,24.02,-0.001,-0.095,415.052,0.327,-0.535
00:00:24.951,1572924949201,-0.301,-0.009000000000000001,1.789,0.664,3.0,0.002,24.015,-0.001,-0.094,415.453,0.327,-0.535
00:00:24.952,1572924949202,-0.3,-0.01,1.789,0.664,3.0,0.002,24.01,-0.001,-0.094,415.853,0.327,-0.535
00:00:24.996,1572924949246,-0.299,-0.012,1.789,0.664,3.0,0.002,24.005,-0.001,-0.094,416.253,0.328,-0.535
00:00:24.997,1572924949247,-0.299,-0.014,1.789,0.664,3.0,0.002,24.0,-0.001,-0.094,416.653,0.328,-0.535
00:00:24.998,1572924949248,-0.299,-0.016,1.789,0.664,3.0,0.002,23.995,0.0,-0.094,417.05300000000005,0.328,-0.535
00:00:25.046,1572924949296,-0.299,-0.018000000000000002,1.789,0.664,3.0,0.002,23.99,0.0,-0.094,417.453,0.328,-0.535
00:00:25.047,1572924949297,-0.299,-0.02,1.789,0.664,3.0,0.002,23.985,0.0,-0.094,417.853,0.328,-0.535
00:00:25.048,1572924949298,-0.298,-0.022,1.789,0.664,3.0,0.003,23.981,0.0,-0.094,418.252,0.328,-0.535
00:00:25.097,1572924949347,-0.298,-0.024,1.789,0.664,3.0,0.003,23.976,0.0,-0.094,418.652,0.328,-0.535
00:00:25.098,1572924949348,-0.298,-0.026,1.789,0.664,3.0,0.003,23.971,0.001,-0.094,419.052,0.328,-0.535
00:00:25.099,1572924949349,-0.298,-0.029,1.789,0.664,3.0,0.004,23.966,0.001,-0.094,419.451,0.329,-0.535
00:00:25.148,1572924949398,-0.298,-0.031,1.936,0.664,3.0,0.004,23.961,0.001,-0.094,419.85,0.329,-0.535
00:00:25.149,1572924949399,-0.29600000000000004,-0.034,1.936,0.664,3.0,0.004,23.956,0.001,-0.094,420.25,0.329,-0.535
00:00:25.150,1572924949400,-0.294,-0.036000000000000004,1.936,0.664,3.0,0.005,23.951,0.001,-0.094,420.649,0.329,-0.535
00:00:25.198,1572924949448,-0.293,-0.038,1.936,0.664,3.0,0.005,23.946,0.002,-0.094,421.048,0.329,-0.535
00:00:25.199,1572924949449,-0.293,-0.041,1.936,0.664,3.0,0.005,23.942,0.002,-0.094,421.397,0.329,-0.535
00:00:25.200,1572924949450,-0.293,-0.043,1.936,0.664,3.0,0.006,23.937,0.002,-0.094,421.796,0.329,-0.535
00:00:25.248,1572924949498,-0.293,-0.045,1.936,0.664,3.0,0.006,23.932,0.002,-0.094,422.195,0.329,-0.535
00:00:25.249,1572924949499,-0.293,-0.047,1.936,0.664,3.0,0.006999999999999999,23.927,0.003,-0.094,422.594,0.329,-0.535
00:00:25.250,1572924949500,-0.293,-0.049,1.936,0.664,3.0,0.006999999999999999,23.922,0.003,-0.094,422.99300000000005,0.329,-0.535
00:00:25.298,1572924949548,-0.293,-0.05,1.936,0.664,3.0,0.008,23.917,0.003,-0.094,423.391,0.329,-0.535
00:00:25.299,1572924949549,-0.293,-0.052000000000000005,1.936,0.664,3.0,0.009000000000000001,23.912,0.003,-0.094,423.79,0.329,-0.535
00:00:25.300,1572924949550,-0.292,-0.053,1.936,0.664,3.0,0.009000000000000001,23.908,0.004,-0.094,424.18800000000016,0.329,-0.535
00:00:25.349,1572924949599,-0.292,-0.054000000000000006,2.302,0.664,3.0,0.01,23.903,0.004,-0.094,424.587,0.329,-0.535
00:00:25.350,1572924949600,-0.287,-0.055,2.302,0.664,3.0,0.01,23.898000000000003,0.004,-0.094,424.985,0.329,-0.535
00:00:25.351,1572924949601,-0.282,-0.056,2.302,0.664,3.0,0.011,23.893,0.004,-0.094,425.384,0.328,-0.535
00:00:25.399,1572924949649,-0.281,-0.058,2.302,0.664,3.0,0.011,23.889,0.005,-0.094,425.782,0.328,-0.535
00:00:25.400,1572924949650,-0.28,-0.059,2.302,0.664,3.0,0.012,23.884,0.005,-0.093,426.18,0.328,-0.535
00:00:25.401,1572924949651,-0.28,-0.061,2.302,0.664,3.0,0.012,23.879,0.005,-0.093,426.578,0.328,-0.535
00:00:25.450,1572924949700,-0.279,-0.063,2.448,0.664,3.0,0.012,23.875,0.005,-0.093,426.976,0.328,-0.535
00:00:25.451,1572924949701,-0.277,-0.064,2.448,0.664,3.0,0.013,23.87,0.005,-0.093,427.374,0.328,-0.535
00:00:25.452,1572924949702,-0.275,-0.066,2.448,0.664,3.0,0.013,23.866,0.005,-0.093,427.771,0.328,-0.535
00:00:25.501,1572924949751,-0.275,-0.067,2.448,0.664,3.0,0.014,23.861,0.005,-0.092,428.169,0.327,-0.535
00:00:25.502,1572924949752,-0.274,-0.068,2.448,0.664,3.0,0.014,23.857,0.005,-0.092,428.567,0.327,-0.535
00:00:25.503,1572924949753,-0.274,-0.069,2.448,0.664,3.0,0.015,23.852,0.005,-0.092,428.964,0.327,-0.535
00:00:25.552,1572924949802,-0.274,-0.069,2.815,0.664,3.0,0.015,23.847,0.006,-0.092,429.362,0.327,-0.535
00:00:25.553,1572924949803,-0.269,-0.069,2.815,0.664,3.0,0.016,23.843000000000004,0.006,-0.091,429.759,0.326,-0.535
00:00:25.554,1572924949804,-0.264,-0.068,2.815,0.664,3.0,0.016,23.839,0.006,-0.091,430.157,0.326,-0.535
00:00:25.602,1572924949852,-0.262,-0.068,2.815,0.664,3.0,0.017,23.834,0.006,-0.091,430.554,0.326,-0.535
00:00:25.603,1572924949853,-0.261,-0.068,2.815,0.664,3.0,0.017,23.83,0.006,-0.09,430.951,0.325,-0.535
00:00:25.604,1572924949854,-0.261,-0.068,2.815,0.664,3.0,0.018000000000000002,23.826,0.006,-0.09,431.348,0.325,-0.535
00:00:25.659,1572924949909,-0.261,-0.068,3.254,0.664,3.0,0.018000000000000002,23.821,0.006,-0.09,431.745,0.324,-0.535
00:00:25.660,1572924949910,-0.257,-0.067,3.254,0.664,3.0,0.018000000000000002,23.817,0.006,-0.08900000000000001,432.142,0.324,-0.535
00:00:25.661,1572924949911,-0.249,-0.067,3.254,0.664,3.0,0.019,23.813,0.006,-0.08900000000000001,432.539,0.324,-0.535
00:00:25.703,1572924949953,-0.247,-0.066,3.254,0.664,3.0,0.019,23.809,0.006,-0.08900000000000001,432.936,0.32299999999999995,-0.535
00:00:25.704,1572924949954,-0.246,-0.066,3.254,0.664,3.0,0.019,23.805,0.006,-0.08800000000000001,433.333,0.32299999999999995,-0.535
00:00:25.705,1572924949955,-0.246,-0.066,3.254,0.664,3.0,0.019,23.801,0.006,-0.08800000000000001,433.73,0.322,-0.535
00:00:25.753,1572924950003,-0.246,-0.066,4.279,0.664,3.0,0.02,23.797,0.006,-0.087,434.126,0.322,-0.535
00:00:25.754,1572924950004,-0.243,-0.065,4.279,0.664,3.0,0.02,23.79300000000001,0.006,-0.087,434.523,0.321,-0.535
00:00:25.755,1572924950005,-0.236,-0.065,4.279,0.664,3.0,0.02,23.789,0.006,-0.087,434.919,0.321,-0.535
00:00:25.803,1572924950053,-0.23,-0.064,4.279,0.664,3.0,0.02,23.785,0.006,-0.086,435.316,0.32,-0.535
00:00:25.804,1572924950054,-0.224,-0.063,4.279,0.664,3.0,0.02,23.781,0.006,-0.086,435.712,0.32,-0.535
00:00:25.805,1572924950055,-0.219,-0.063,4.279,0.664,3.0,0.021,23.778,0.006,-0.085,436.109,0.319,-0.535
00:00:25.854,1572924950104,-0.215,-0.062,6.77,0.664,3.0,0.021,23.774,0.006,-0.085,436.505,0.318,-0.535
00:00:25.855,1572924950105,-0.211,-0.061,6.77,0.664,3.0,0.021,23.771,0.006,-0.084,436.901,0.318,-0.535
00:00:25.856,1572924950106,-0.203,-0.06,6.77,0.664,3.0,0.021,23.768,0.006,-0.084,437.297,0.317,-0.535
00:00:25.905,1572924950155,-0.189,-0.059,6.77,0.664,3.0,0.021,23.765,0.006,-0.083,437.693,0.316,-0.535
00:00:25.906,1572924950156,-0.173,-0.059,6.77,0.664,3.0,0.021,23.762,0.006,-0.08199999999999999,438.089,0.316,-0.535
00:00:25.907,1572924950157,-0.156,-0.058,6.77,0.664,3.0,0.021,23.76,0.005,-0.081,438.485,0.315,-0.535
00:00:25.956,1572924950206,-0.142,-0.057,9.114,0.664,3.0,0.021,23.75800000000001,0.005,-0.08,438.881,0.314,-0.535
00:00:25.957,1572924950207,-0.13,-0.057,9.114,0.664,3.0,0.021,23.756,0.005,-0.079,439.277,0.314,-0.535
00:00:25.958,1572924950208,-0.115,-0.056,9.114,0.664,3.0,0.021,23.754,0.005,-0.078,439.673,0.313,-0.535
00:00:26.006,1572924950256,-0.095,-0.056,9.114,0.664,3.0,0.021,23.753,0.005,-0.076,440.069,0.312,-0.535
00:00:26.007,1572924950257,-0.075,-0.055,9.114,0.664,3.0,0.021,23.752,0.005,-0.07400000000000001,440.465,0.311,-0.535
00:00:26.008,1572924950258,-0.061,-0.054000000000000006,9.114,0.664,3.0,0.021,23.751,0.005,-0.073,440.861,0.311,-0.535
00:00:26.056,1572924950306,-0.055,-0.053,9.48,0.664,3.0,0.021,23.75,0.005,-0.071,441.257,0.31,-0.535
00:00:26.057,1572924950307,-0.054000000000000006,-0.053,9.48,0.664,3.0,0.021,23.749,0.005,-0.069,441.652,0.309,-0.535
00:00:26.058,1572924950308,-0.055,-0.052000000000000005,9.48,0.664,3.0,0.021,23.748,0.004,-0.067,442.048,0.308,-0.535
00:00:26.108,1572924950358,-0.055,-0.051,9.48,0.664,3.0,0.021,23.747,0.004,-0.065,442.444,0.307,-0.535
00:00:26.109,1572924950359,-0.054000000000000006,-0.051,9.48,0.664,3.0,0.021,23.746,0.004,-0.063,442.84,0.306,-0.535
00:00:26.110,1572924950360,-0.053,-0.05,9.48,0.664,3.0,0.02,23.745,0.004,-0.061,443.236,0.306,-0.535
00:00:26.111,1572924950361,-0.052000000000000005,-0.049,9.919,0.664,3.0,0.02,23.745,0.004,-0.06,443.631,0.305,-0.535
00:00:26.159,1572924950409,-0.051,-0.048,9.919,0.664,3.0,0.02,23.744,0.004,-0.058,444.027,0.304,-0.535
00:00:26.160,1572924950410,-0.048,-0.046,9.919,0.664,3.0,0.02,23.743,0.004,-0.056,444.423,0.303,-0.535
00:00:26.161,1572924950411,-0.044,-0.044,9.919,0.664,3.0,0.02,23.742,0.004,-0.055,444.819,0.302,-0.534
00:00:26.209,1572924950459,-0.041,-0.042,9.919,0.664,3.0,0.02,23.742,0.004,-0.054000000000000006,445.214,0.301,-0.534
00:00:26.210,1572924950460,-0.038,-0.039,9.919,0.664,3.0,0.02,23.741,0.004,-0.053,445.61,0.3,-0.534
00:00:26.211,1572924950461,-0.037000000000000005,-0.036000000000000004,10.432,0.664,3.0,0.02,23.74,0.004,-0.052000000000000005,446.006,0.299,-0.534
00:00:26.260,1572924950510,-0.037000000000000005,-0.032,10.432,0.664,3.0,0.02,23.74,0.004,-0.051,446.401,0.298,-0.534
00:00:26.261,1572924950511,-0.034,-0.029,10.432,0.664,3.0,0.02,23.739,0.004,-0.05,446.797,0.297,-0.534
00:00:26.262,1572924950512,-0.029,-0.025,10.432,0.664,3.0,0.02,23.739,0.004,-0.05,447.193,0.29600000000000004,-0.534
00:00:26.310,1572924950560,-0.024,-0.021,10.432,0.664,3.0,0.02,23.739,0.004,-0.05,447.588,0.295,-0.534
00:00:26.311,1572924950561,-0.02,-0.018000000000000002,10.432,0.664,3.0,0.019,23.738000000000003,0.004,-0.049,447.984,0.294,-0.534
00:00:26.312,1572924950562,-0.019,-0.014,10.798,0.664,3.0,0.019,23.738000000000003,0.004,-0.049,448.379,0.293,-0.534
00:00:26.360,1572924950610,-0.019,-0.01,10.798,0.664,3.0,0.018000000000000002,23.738000000000003,0.004,-0.049,448.775,0.292,-0.534
00:00:26.361,1572924950611,-0.017,-0.006999999999999999,10.798,0.664,3.0,0.018000000000000002,23.737,0.004,-0.049,449.171,0.29100000000000004,-0.534
00:00:26.362,1572924950612,-0.013,-0.004,10.798,0.664,3.0,0.017,23.737,0.004,-0.049,449.566,0.29,-0.534
00:00:26.414,1572924950664,-0.01,-0.001,10.798,0.664,3.0,0.017,23.737,0.004,-0.049,449.962,0.289,-0.534
00:00:26.415,1572924950665,-0.006999999999999999,0.002,10.798,0.664,3.0,0.016,23.737,0.004,-0.049,450.358,0.28800000000000003,-0.534
00:00:26.416,1572924950666,-0.006,0.005,11.457,0.664,3.0,0.015,23.737,0.003,-0.05,450.753,0.287,-0.534
00:00:26.461,1572924950711,-0.005,0.006999999999999999,11.457,0.664,3.0,0.014,23.737,0.003,-0.05,451.149,0.28600000000000003,-0.534
00:00:26.462,1572924950712,-0.002,0.01,11.457,0.664,3.0,0.014,23.737,0.002,-0.05,451.544,0.285,-0.535
00:00:26.463,1572924950713,0.003,0.012,11.457,0.664,3.0,0.013,23.737,0.002,-0.05,451.94,0.284,-0.535
00:00:26.511,1572924950761,0.009000000000000001,0.014,11.457,0.664,3.0,0.012,23.737,0.002,-0.05,452.336,0.28300000000000003,-0.535
00:00:26.512,1572924950762,0.013,0.016,11.457,0.664,3.0,0.011,23.738000000000003,0.001,-0.05,452.731,0.28300000000000003,-0.535
00:00:26.513,1572924950763,0.016,0.018000000000000002,11.824000000000002,0.664,3.0,0.01,23.738000000000003,0.001,-0.05,453.127,0.282,-0.535
00:00:26.561,1572924950811,0.017,0.02,11.824000000000002,0.664,3.0,0.01,23.738000000000003,0.0,-0.051,453.523,0.281,-0.535
00:00:26.562,1572924950812,0.019,0.021,11.824000000000002,0.664,3.0,0.009000000000000001,23.739,0.0,-0.051,453.918,0.28,-0.535
00:00:26.563,1572924950813,0.021,0.023,11.824000000000002,0.664,3.0,0.008,23.739,-0.001,-0.051,454.314,0.279,-0.535
00:00:26.612,1572924950862,0.023,0.024,11.824000000000002,0.664,3.0,0.006999999999999999,23.739,-0.001,-0.051,454.709,0.278,-0.535
00:00:26.613,1572924950863,0.025,0.026,11.824000000000002,0.664,3.0,0.006999999999999999,23.74,-0.002,-0.051,455.105,0.277,-0.535
00:00:26.614,1572924950864,0.027000000000000003,0.027000000000000003,11.97,0.664,3.0,0.006,23.74,-0.002,-0.051,455.501,0.276,-0.535
00:00:26.666,1572924950916,0.028,0.029,11.97,0.664,3.0,0.005,23.741,-0.002,-0.05,455.897,0.275,-0.535
00:00:26.667,1572924950917,0.029,0.03,11.97,0.664,3.0,0.005,23.741,-0.003,-0.05,456.292,0.274,-0.535
00:00:26.668,1572924950918,0.029,0.031,11.97,0.664,3.0,0.004,23.742,-0.003,-0.05,456.68800000000016,0.273,-0.535
00:00:26.716,1572924950966,0.03,0.031,11.97,0.664,3.0,0.003,23.742,-0.003,-0.05,457.084,0.272,-0.535
00:00:26.717,1572924950967,0.031,0.031,11.97,0.664,3.0,0.003,23.743,-0.003,-0.05,457.479,0.271,-0.535
00:00:26.718,1572924950968,0.032,0.032,12.922,0.664,3.0,0.002,23.743,-0.004,-0.05,457.875,0.271,-0.535
00:00:26.763,1572924951013,0.033,0.032,12.922,0.664,3.0,0.002,23.744,-0.004,-0.049,458.271,0.27,-0.535
00:00:26.764,1572924951014,0.038,0.031,12.922,0.664,3.0,0.001,23.745,-0.004,-0.049,458.666,0.269,-0.535
00:00:26.765,1572924951015,0.045,0.031,12.922,0.664,3.0,0.001,23.745,-0.004,-0.049,459.062,0.268,-0.535
00:00:26.813,1572924951063,0.053,0.031,12.922,0.664,3.0,0.0,23.746,-0.004,-0.049,459.458,0.267,-0.535
00:00:26.814,1572924951064,0.06,0.03,12.922,0.664,3.0,0.0,23.748,-0.004,-0.048,459.854,0.266,-0.535
00:00:26.815,1572924951065,0.065,0.03,13.800999999999998,0.664,3.0,-0.001,23.749,-0.004,-0.048,460.25,0.265,-0.535
00:00:26.863,1572924951113,0.068,0.029,13.800999999999998,0.664,3.0,-0.001,23.75,-0.004,-0.047,460.645,0.265,-0.535
00:00:26.864,1572924951114,0.073,0.028,13.800999999999998,0.664,3.0,-0.002,23.751,-0.004,-0.047,461.041,0.264,-0.535
00:00:26.865,1572924951115,0.08,0.028,13.800999999999998,0.664,3.0,-0.002,23.753,-0.004,-0.046,461.437,0.263,-0.535
00:00:26.917,1572924951167,0.087,0.027000000000000003,13.800999999999998,0.664,3.0,-0.002,23.754,-0.003,-0.045,461.833,0.262,-0.535
00:00:26.918,1572924951168,0.093,0.027000000000000003,13.800999999999998,0.664,3.0,-0.003,23.756,-0.003,-0.044,462.229,0.261,-0.535
00:00:26.919,1572924951169,0.096,0.026,14.314,0.664,3.0,-0.003,23.757,-0.003,-0.044,462.625,0.261,-0.535
00:00:26.965,1572924951215,0.099,0.026,14.314,0.664,3.0,-0.003,23.759,-0.003,-0.043,463.021,0.26,-0.535
00:00:26.966,1572924951216,0.101,0.027000000000000003,14.314,0.664,3.0,-0.003,23.761,-0.003,-0.042,463.417,0.259,-0.534
00:00:26.967,1572924951217,0.105,0.027000000000000003,14.314,0.664,3.0,-0.004,23.763,-0.003,-0.041,463.81300000000016,0.258,-0.534
00:00:27.016,1572924951266,0.109,0.028,14.314,0.664,3.0,-0.004,23.764,-0.002,-0.04,464.209,0.258,-0.534
00:00:27.017,1572924951267,0.112,0.029,14.314,0.664,3.0,-0.004,23.766,-0.002,-0.039,464.605,0.257,-0.534
00:00:27.018,1572924951268,0.114,0.03,14.46,0.664,3.0,-0.004,23.768,-0.002,-0.038,465.001,0.256,-0.534
00:00:27.067,1572924951317,0.115,0.032,14.46,0.664,3.0,-0.004,23.77,-0.002,-0.037000000000000005,465.397,0.255,-0.534
00:00:27.068,1572924951318,0.115,0.033,14.46,0.664,3.0,-0.004,23.772,-0.001,-0.037000000000000005,465.793,0.255,-0.534
00:00:27.069,1572924951319,0.116,0.034,14.46,0.664,3.0,-0.005,23.774,-0.001,-0.036000000000000004,466.19,0.254,-0.534
00:00:27.117,1572924951367,0.117,0.036000000000000004,14.46,0.664,3.0,-0.005,23.776,-0.001,-0.035,466.586,0.253,-0.534
00:00:27.118,1572924951368,0.117,0.037000000000000005,14.46,0.664,3.0,-0.005,23.778,-0.001,-0.035,466.982,0.253,-0.534
00:00:27.119,1572924951369,0.118,0.038,14.607,0.664,3.0,-0.006,23.78,-0.001,-0.034,467.378,0.252,-0.534
00:00:27.167,1572924951417,0.118,0.038,14.607,0.664,3.0,-0.006,23.782,-0.001,-0.034,467.775,0.251,-0.534
00:00:27.168,1572924951418,0.119,0.039,14.607,0.664,3.0,-0.006,23.784,-0.001,-0.033,468.171,0.251,-0.534
00:00:27.169,1572924951419,0.12,0.039,14.607,0.664,3.0,-0.006999999999999999,23.786,-0.001,-0.033,468.568,0.25,-0.534
00:00:27.218,1572924951468,0.121,0.039,14.607,0.664,3.0,-0.006999999999999999,23.788,-0.001,-0.033,468.964,0.249,-0.534
00:00:27.219,1572924951469,0.122,0.04,14.607,0.664,3.0,-0.006999999999999999,23.79,-0.002,-0.032,469.361,0.249,-0.534
00:00:27.220,1572924951470,0.123,0.04,14.973,0.664,3.0,-0.008,23.792,-0.002,-0.032,469.757,0.248,-0.534
00:00:27.268,1572924951518,0.123,0.041,14.973,0.664,3.0,-0.008,23.794,-0.002,-0.032,470.154,0.248,-0.534
00:00:27.269,1572924951519,0.125,0.041,14.973,0.664,3.0,-0.008,23.796,-0.002,-0.032,470.55,0.247,-0.534
00:00:27.270,1572924951520,0.129,0.042,14.973,0.664,3.0,-0.009000000000000001,23.798,-0.002,-0.032,470.947,0.246,-0.534
00:00:27.318,1572924951568,0.132,0.043,14.973,0.664,3.0,-0.009000000000000001,23.801,-0.003,-0.032,471.36800000000005,0.246,-0.534
00:00:27.319,1572924951569,0.135,0.044,14.973,0.664,3.0,-0.009000000000000001,23.803,-0.003,-0.032,471.74,0.245,-0.534
00:00:27.320,1572924951570,0.136,0.045,15.12,0.664,3.0,-0.01,23.805,-0.003,-0.032,472.137,0.245,-0.534
00:00:27.368,1572924951618,0.13699999999999998,0.046,15.12,0.664,3.0,-0.01,23.808000000000003,-0.003,-0.032,472.534,0.244,-0.534
00:00:27.369,1572924951619,0.138,0.047,15.12,0.664,3.0,-0.01,23.81,-0.004,-0.032,472.93,0.244,-0.534
00:00:27.370,1572924951620,0.139,0.048,15.12,0.664,3.0,-0.011,23.812,-0.004,-0.032,473.327,0.243,-0.534
00:00:27.420,1572924951670,0.14,0.048,15.12,0.664,3.0,-0.011,23.814,-0.004,-0.032,473.724,0.243,-0.534
00:00:27.421,1572924951671,0.14,0.049,15.12,0.664,3.0,-0.011,23.817,-0.004,-0.032,474.121,0.242,-0.534
00:00:27.422,1572924951672,0.141,0.049,15.12,0.664,3.0,-0.011,23.81900000000001,-0.004,-0.033,474.518,0.242,-0.534
00:00:27.469,1572924951719,0.141,0.049,15.12,0.664,3.0,-0.012,23.822,-0.004,-0.033,474.915,0.241,-0.534
00:00:27.470,1572924951720,0.141,0.05,15.12,0.664,3.0,-0.012,23.824,-0.004,-0.033,475.312,0.241,-0.534
00:00:27.471,1572924951721,0.141,0.05,15.12,0.664,3.0,-0.012,23.826,-0.004,-0.033,475.709,0.241,-0.534
00:00:27.519,1572924951769,0.14,0.05,15.12,0.664,3.0,-0.013,23.829,-0.004,-0.033,476.106,0.24,-0.534
00:00:27.520,1572924951770,0.14,0.05,15.12,0.664,3.0,-0.013,23.831,-0.004,-0.033,476.504,0.24,-0.534
00:00:27.521,1572924951771,0.14,0.05,15.265999999999998,0.664,3.0,-0.013,23.833,-0.005,-0.033,476.901,0.239,-0.534
00:00:27.569,1572924951819,0.14,0.049,15.265999999999998,0.664,3.0,-0.013,23.836,-0.005,-0.033,477.298,0.239,-0.534
00:00:27.570,1572924951820,0.141,0.049,15.265999999999998,0.664,3.0,-0.013,23.838,-0.005,-0.033,477.695,0.239,-0.534
00:00:27.571,1572924951821,0.14300000000000002,0.048,15.265999999999998,0.664,3.0,-0.014,23.84,-0.005,-0.033,478.093,0.238,-0.534
00:00:27.620,1572924951870,0.14400000000000002,0.048,15.265999999999998,0.664,3.0,-0.014,23.843000000000004,-0.005,-0.033,478.49,0.238,-0.534
00:00:27.621,1572924951871,0.146,0.047,15.265999999999998,0.664,3.0,-0.014,23.845,-0.005,-0.033,478.887,0.238,-0.534
00:00:27.622,1572924951872,0.146,0.047,15.632,0.664,3.0,-0.014,23.84800000000001,-0.004,-0.033,479.285,0.237,-0.534
00:00:27.674,1572924951924,0.147,0.047,15.632,0.664,3.0,-0.014,23.85,-0.004,-0.033,479.682,0.237,-0.534
00:00:27.675,1572924951925,0.15,0.046,15.632,0.664,3.0,-0.014,23.853,-0.004,-0.033,480.08,0.237,-0.534
00:00:27.676,1572924951926,0.153,0.046,15.632,0.664,3.0,-0.014,23.855,-0.004,-0.033,480.477,0.237,-0.534
00:00:27.720,1572924951970,0.157,0.045,15.632,0.664,3.0,-0.014,23.858,-0.004,-0.033,480.875,0.236,-0.534
00:00:27.721,1572924951971,0.16,0.045,15.632,0.664,3.0,-0.015,23.861,-0.004,-0.032,481.273,0.236,-0.534
00:00:27.722,1572924951972,0.161,0.044,15.779000000000002,0.664,3.0,-0.015,23.863000000000003,-0.004,-0.032,481.67,0.236,-0.534
00:00:27.771,1572924952021,0.162,0.044,15.779000000000002,0.664,3.0,-0.015,23.866,-0.004,-0.032,482.068,0.236,-0.534
00:00:27.772,1572924952022,0.162,0.043,15.779000000000002,0.664,3.0,-0.015,23.869,-0.004,-0.032,482.466,0.235,-0.534
00:00:27.773,1572924952023,0.163,0.042,15.779000000000002,0.664,3.0,-0.015,23.871,-0.004,-0.032,482.864,0.235,-0.534
00:00:27.825,1572924952075,0.16399999999999998,0.042,15.779000000000002,0.664,3.0,-0.015,23.874,-0.004,-0.031,483.286,0.235,-0.534
00:00:27.826,1572924952076,0.165,0.041,15.779000000000002,0.664,3.0,-0.015,23.877,-0.004,-0.031,483.659,0.235,-0.534
00:00:27.827,1572924952077,0.165,0.04,15.925,0.664,3.0,-0.015,23.88,-0.004,-0.031,484.057,0.235,-0.534
00:00:27.871,1572924952121,0.166,0.039,15.925,0.664,3.0,-0.015,23.882,-0.004,-0.031,484.455,0.235,-0.534
00:00:27.872,1572924952122,0.16699999999999998,0.039,15.925,0.664,3.0,-0.015,23.885,-0.004,-0.03,484.854,0.235,-0.534
00:00:27.873,1572924952123,0.168,0.038,15.925,0.664,3.0,-0.015,23.888,-0.003,-0.03,485.252,0.234,-0.534
00:00:27.928,1572924952178,0.16899999999999998,0.037000000000000005,15.925,0.664,3.0,-0.015,23.891,-0.003,-0.03,485.65,0.234,-0.534
00:00:27.929,1572924952179,0.17,0.036000000000000004,15.925,0.664,3.0,-0.015,23.894,-0.003,-0.029,486.048,0.234,-0.534
00:00:27.930,1572924952180,0.171,0.036000000000000004,16.658,0.664,3.0,-0.015,23.897,-0.003,-0.029,486.446,0.234,-0.534
00:00:27.972,1572924952222,0.172,0.035,16.658,0.664,3.0,-0.015,23.9,-0.003,-0.029,486.845,0.234,-0.534
00:00:27.973,1572924952223,0.17600000000000002,0.034,16.658,0.664,3.0,-0.015,23.903,-0.003,-0.029,487.24300000000005,0.234,-0.534
00:00:27.974,1572924952224,0.182,0.034,16.658,0.664,3.0,-0.015,23.906,-0.003,-0.028,487.641,0.234,-0.534
00:00:28.022,1572924952272,0.188,0.033,16.658,0.664,3.0,-0.015,23.909,-0.003,-0.028,488.04,0.234,-0.534
00:00:28.023,1572924952273,0.194,0.033,16.658,0.664,3.0,-0.014,23.912,-0.003,-0.028,488.43800000000016,0.234,-0.534
00:00:28.024,1572924952274,0.198,0.033,16.951,0.664,3.0,-0.014,23.916,-0.003,-0.027000000000000003,488.837,0.234,-0.534
00:00:28.072,1572924952322,0.201,0.032,16.951,0.664,3.0,-0.014,23.919,-0.003,-0.027000000000000003,489.235,0.234,-0.534
00:00:28.073,1572924952323,0.204,0.032,16.951,0.664,3.0,-0.014,23.922,-0.003,-0.027000000000000003,489.634,0.234,-0.534
00:00:28.074,1572924952324,0.207,0.032,16.951,0.664,3.0,-0.014,23.926,-0.003,-0.026,490.05800000000005,0.234,-0.534
00:00:28.123,1572924952373,0.209,0.032,16.951,0.664,3.0,-0.014,23.93,-0.003,-0.026,490.457,0.234,-0.534
00:00:28.124,1572924952374,0.211,0.032,16.951,0.664,3.0,-0.014,23.933000000000003,-0.003,-0.025,490.855,0.234,-0.534
00:00:28.125,1572924952375,0.212,0.031,17.317,0.664,3.0,-0.014,23.936,-0.003,-0.025,491.229,0.234,-0.534
00:00:28.174,1572924952424,0.213,0.031,17.317,0.664,3.0,-0.014,23.94,-0.003,-0.024,491.628,0.234,-0.534
00:00:28.175,1572924952425,0.215,0.031,17.317,0.664,3.0,-0.014,23.94400000000001,-0.003,-0.024,492.027,0.234,-0.534
00:00:28.176,1572924952426,0.218,0.03,17.317,0.664,3.0,-0.014,23.948,-0.003,-0.023,492.451,0.234,-0.534
00:00:28.177,1572924952427,0.221,0.03,17.317,0.664,3.0,-0.014,23.951,-0.003,-0.023,492.826,0.234,-0.534
00:00:28.224,1572924952474,0.224,0.03,17.317,0.664,3.0,-0.013,23.955,-0.003,-0.022,493.225,0.234,-0.534
00:00:28.225,1572924952475,0.226,0.03,17.61,0.664,3.0,-0.013,23.959,-0.003,-0.022,493.649,0.234,-0.534
00:00:28.226,1572924952476,0.227,0.03,17.61,0.664,3.0,-0.013,23.962,-0.003,-0.021,494.023,0.234,-0.534
00:00:28.275,1572924952525,0.229,0.029,17.61,0.664,3.0,-0.013,23.966,-0.003,-0.021,494.423,0.234,-0.534
00:00:28.276,1572924952526,0.232,0.029,17.61,0.664,3.0,-0.013,23.97,-0.003,-0.021,494.822,0.234,-0.534
00:00:28.277,1572924952527,0.234,0.029,17.61,0.664,3.0,-0.013,23.974,-0.003,-0.02,495.247,0.234,-0.534
00:00:28.329,1572924952579,0.236,0.028,17.61,0.664,3.0,-0.013,23.978,-0.003,-0.02,495.621,0.235,-0.534
00:00:28.330,1572924952580,0.238,0.028,17.976,0.664,3.0,-0.013,23.982,-0.003,-0.019,496.046,0.235,-0.534
00:00:28.331,1572924952581,0.239,0.027000000000000003,17.976,0.664,3.0,-0.013,23.986,-0.003,-0.019,496.421,0.235,-0.534
00:00:28.375,1572924952625,0.241,0.027000000000000003,17.976,0.664,3.0,-0.013,23.99,-0.003,-0.019,496.821,0.235,-0.534
00:00:28.376,1572924952626,0.245,0.026,17.976,0.664,3.0,-0.013,23.994,-0.003,-0.018000000000000002,497.246,0.235,-0.534
00:00:28.377,1572924952627,0.248,0.026,17.976,0.664,3.0,-0.013,23.999,-0.003,-0.018000000000000002,497.645,0.235,-0.534
00:00:28.430,1572924952680,0.25,0.025,17.976,0.664,3.0,-0.012,24.003,-0.003,-0.018000000000000002,498.045,0.235,-0.534
00:00:28.431,1572924952681,0.252,0.024,18.269,0.664,3.0,-0.012,24.007,-0.003,-0.018000000000000002,498.446,0.236,-0.534
00:00:28.432,1572924952682,0.254,0.024,18.269,0.664,3.0,-0.012,24.011,-0.003,-0.017,498.846,0.236,-0.534
00:00:28.476,1572924952726,0.256,0.023,18.269,0.664,3.0,-0.012,24.016,-0.003,-0.017,499.246,0.236,-0.534
00:00:28.477,1572924952727,0.258,0.022,18.269,0.664,3.0,-0.012,24.02,-0.003,-0.017,499.646,0.236,-0.534
00:00:28.478,1572924952728,0.261,0.022,18.269,0.664,3.0,-0.012,24.024,-0.003,-0.017,500.047,0.236,-0.534
00:00:28.527,1572924952777,0.263,0.021,18.269,0.664,3.0,-0.012,24.029,-0.003,-0.016,500.447,0.236,-0.534
00:00:28.528,1572924952778,0.264,0.021,18.489,0.664,3.0,-0.012,24.033,-0.003,-0.016,500.848,0.237,-0.534
00:00:28.529,1572924952779,0.265,0.02,18.489,0.664,3.0,-0.011,24.037,-0.003,-0.016,501.223,0.237,-0.534
00:00:28.578,1572924952828,0.267,0.019,18.489,0.664,3.0,-0.011,24.042,-0.003,-0.016,501.649,0.237,-0.534
00:00:28.579,1572924952829,0.269,0.019,18.489,0.664,3.0,-0.011,24.047,-0.003,-0.015,502.05,0.237,-0.534
00:00:28.580,1572924952830,0.27,0.018000000000000002,18.489,0.664,3.0,-0.011,24.051,-0.003,-0.015,502.45,0.238,-0.534
00:00:28.628,1572924952878,0.272,0.017,18.489,0.664,3.0,-0.011,24.056,-0.002,-0.015,502.851,0.238,-0.534
00:00:28.629,1572924952879,0.273,0.015,18.489,0.664,3.0,-0.011,24.06,-0.002,-0.015,503.227,0.238,-0.534
00:00:28.630,1572924952880,0.273,0.014,18.489,0.664,3.0,-0.011,24.065,-0.002,-0.015,503.653,0.238,-0.534
00:00:28.678,1572924952928,0.273,0.012,18.489,0.664,3.0,-0.01,24.06900000000001,-0.002,-0.014,504.054,0.238,-0.534
00:00:28.679,1572924952929,0.273,0.009000000000000001,18.489,0.664,3.0,-0.01,24.074,-0.002,-0.014,504.456,0.239,-0.534
00:00:28.680,1572924952930,0.273,0.006999999999999999,18.489,0.664,3.0,-0.01,24.07800000000001,-0.002,-0.014,504.857,0.239,-0.534
00:00:28.729,1572924952979,0.273,0.004,18.489,0.664,3.0,-0.01,24.083,-0.002,-0.014,505.258,0.239,-0.534
00:00:28.730,1572924952980,0.272,0.002,18.489,0.664,3.0,-0.01,24.087,-0.002,-0.014,505.66,0.239,-0.534
00:00:28.731,1572924952981,0.272,0.0,18.489,0.664,3.0,-0.009000000000000001,24.092,-0.002,-0.014,506.061,0.24,-0.534
00:00:28.779,1572924953029,0.272,-0.001,18.489,0.664,3.0,-0.009000000000000001,24.097,-0.002,-0.014,506.463,0.24,-0.534
00:00:28.780,1572924953030,0.272,-0.002,18.489,0.664,3.0,-0.009000000000000001,24.101,-0.002,-0.014,506.864,0.24,-0.534
00:00:28.781,1572924953031,0.272,-0.003,18.489,0.664,3.0,-0.008,24.106,-0.002,-0.014,507.266,0.24,-0.534
00:00:28.830,1572924953080,0.271,-0.003,18.489,0.664,3.0,-0.008,24.11,-0.002,-0.014,507.668,0.241,-0.534
00:00:28.831,1572924953081,0.271,-0.004,18.635,0.664,3.0,-0.006999999999999999,24.115,-0.001,-0.014,508.07,0.241,-0.534
00:00:28.832,1572924953082,0.271,-0.004,18.635,0.664,3.0,-0.006999999999999999,24.119,-0.001,-0.014,508.472,0.241,-0.534
00:00:28.881,1572924953131,0.272,-0.005,18.635,0.664,3.0,-0.006999999999999999,24.124,-0.001,-0.014,508.874,0.241,-0.534
00:00:28.882,1572924953132,0.273,-0.005,18.635,0.664,3.0,-0.006,24.128,-0.001,-0.014,509.276,0.242,-0.534
00:00:28.883,1572924953133,0.275,-0.006,18.635,0.664,3.0,-0.006,24.13300000000001,0.0,-0.014,509.67800000000005,0.242,-0.534
00:00:28.931,1572924953181,0.276,-0.008,18.635,0.664,3.0,-0.006,24.137,0.0,-0.014,510.08,0.242,-0.534
00:00:28.932,1572924953182,0.276,-0.009000000000000001,18.635,0.664,3.0,-0.005,24.142,0.0,-0.014,510.483,0.242,-0.534
00:00:28.933,1572924953183,0.277,-0.011,18.635,0.664,3.0,-0.005,24.147,0.0,-0.014,510.885,0.242,-0.534
00:00:28.981,1572924953231,0.277,-0.014,18.635,0.664,3.0,-0.005,24.151,0.001,-0.014,511.287,0.243,-0.534
00:00:28.982,1572924953232,0.277,-0.017,18.635,0.664,3.0,-0.004,24.156,0.001,-0.014,511.69,0.243,-0.534
00:00:28.983,1572924953233,0.276,-0.02,18.635,0.664,3.0,-0.004,24.16,0.001,-0.014,512.0930000000002,0.243,-0.534
00:00:29.031,1572924953281,0.276,-0.023,18.635,0.664,3.0,-0.004,24.165,0.001,-0.014,512.495,0.243,-0.534
00:00:29.032,1572924953282,0.276,-0.026,18.635,0.664,3.0,-0.003,24.17,0.001,-0.014,512.898,0.244,-0.534
00:00:29.033,1572924953283,0.276,-0.029,18.635,0.664,3.0,-0.003,24.174,0.001,-0.014,513.3009999999998,0.244,-0.534
00:00:29.081,1572924953331,0.275,-0.031,18.635,0.664,3.0,-0.002,24.179,0.001,-0.014,513.7040000000002,0.244,-0.534
00:00:29.082,1572924953332,0.275,-0.033,18.635,0.664,3.0,-0.002,24.183000000000003,0.001,-0.014,514.107,0.244,-0.534
00:00:29.083,1572924953333,0.275,-0.035,18.635,0.664,3.0,-0.001,24.188,0.001,-0.014,514.51,0.244,-0.534
00:00:29.132,1572924953382,0.275,-0.036000000000000004,18.635,0.664,3.0,-0.001,24.193,0.002,-0.014,514.913,0.244,-0.534
00:00:29.133,1572924953383,0.275,-0.037000000000000005,18.635,0.664,3.0,0.0,24.197,0.002,-0.014,515.316,0.244,-0.534
00:00:29.134,1572924953384,0.275,-0.038,18.635,0.664,3.0,0.001,24.202,0.002,-0.014,515.72,0.245,-0.534
00:00:29.184,1572924953434,0.275,-0.038,18.635,0.664,3.0,0.001,24.206,0.002,-0.014,516.123,0.245,-0.534
00:00:29.185,1572924953435,0.274,-0.039,18.635,0.664,3.0,0.002,24.211,0.003,-0.014,516.5269999999998,0.245,-0.534
00:00:29.186,1572924953436,0.274,-0.039,18.635,0.664,3.0,0.002,24.215,0.003,-0.014,516.93,0.245,-0.534
00:00:29.233,1572924953483,0.274,-0.039,18.635,0.664,3.0,0.003,24.22,0.003,-0.014,517.3340000000002,0.245,-0.534
00:00:29.234,1572924953484,0.274,-0.039,18.635,0.664,3.0,0.003,24.225,0.003,-0.014,517.738,0.245,-0.534
00:00:29.235,1572924953485,0.274,-0.04,18.635,0.664,3.0,0.004,24.229,0.004,-0.014,518.141,0.245,-0.534
00:00:29.286,1572924953536,0.274,-0.04,18.635,0.664,3.0,0.004,24.234,0.004,-0.014,518.545,0.245,-0.534
00:00:29.287,1572924953537,0.274,-0.041,18.635,0.664,3.0,0.005,24.238000000000003,0.004,-0.014,518.9490000000002,0.245,-0.534
00:00:29.288,1572924953538,0.273,-0.041,18.635,0.664,3.0,0.005,24.243,0.004,-0.014,519.3530000000002,0.245,-0.534
00:00:29.334,1572924953584,0.273,-0.042,18.635,0.664,3.0,0.006,24.247,0.004,-0.014,519.757,0.245,-0.534
00:00:29.335,1572924953585,0.273,-0.042,18.635,0.664,3.0,0.006,24.252,0.004,-0.015,520.161,0.245,-0.534
00:00:29.336,1572924953586,0.273,-0.042,18.635,0.664,3.0,0.006999999999999999,24.256,0.004,-0.015,520.566,0.245,-0.534
00:00:29.384,1572924953634,0.273,-0.042,18.635,0.664,3.0,0.006999999999999999,24.261,0.005,-0.015,520.97,0.245,-0.534
00:00:29.385,1572924953635,0.273,-0.042,18.635,0.664,3.0,0.006999999999999999,24.266,0.005,-0.015,521.374,0.245,-0.534
00:00:29.386,1572924953636,0.273,-0.042,18.635,0.664,3.0,0.008,24.27,0.005,-0.015,521.779,0.245,-0.534
00:00:29.434,1572924953684,0.272,-0.042,18.635,0.664,3.0,0.008,24.275,0.005,-0.015,522.183,0.245,-0.534
00:00:29.435,1572924953685,0.272,-0.041,18.782,0.664,3.0,0.008,24.279,0.005,-0.015,522.5880000000002,0.245,-0.534
00:00:29.436,1572924953686,0.272,-0.041,18.782,0.664,3.0,0.009000000000000001,24.284,0.005,-0.015,522.993,0.245,-0.534
00:00:29.486,1572924953736,0.273,-0.04,18.782,0.664,3.0,0.009000000000000001,24.288,0.004,-0.015,523.3969999999998,0.245,-0.534
00:00:29.487,1572924953737,0.274,-0.039,18.782,0.664,3.0,0.009000000000000001,24.29300000000001,0.004,-0.015,523.802,0.245,-0.534
00:00:29.488,1572924953738,0.276,-0.039,18.782,0.664,3.0,0.009000000000000001,24.297,0.004,-0.015,524.207,0.245,-0.534
00:00:29.535,1572924953785,0.277,-0.038,18.782,0.664,3.0,0.009000000000000001,24.301,0.004,-0.015,524.536,0.245,-0.534
00:00:29.536,1572924953786,0.277,-0.037000000000000005,18.635,0.664,3.0,0.01,24.306,0.004,-0.015,524.967,0.244,-0.534
00:00:29.537,1572924953787,0.278,-0.037000000000000005,18.635,0.664,3.0,0.01,24.311,0.004,-0.015,525.372,0.244,-0.534
00:00:29.585,1572924953835,0.277,-0.036000000000000004,18.635,0.664,3.0,0.01,24.315,0.004,-0.015,525.7769999999998,0.244,-0.534
00:00:29.586,1572924953836,0.275,-0.035,18.635,0.664,3.0,0.01,24.32,0.004,-0.015,526.182,0.244,-0.534
00:00:29.587,1572924953837,0.274,-0.034,18.635,0.664,3.0,0.01,24.324,0.004,-0.015,526.5880000000002,0.244,-0.534
00:00:29.636,1572924953886,0.272,-0.034,18.635,0.664,3.0,0.01,24.329,0.004,-0.014,526.993,0.244,-0.534
00:00:29.637,1572924953887,0.271,-0.033,18.782,0.664,3.0,0.01,24.334,0.004,-0.014,527.399,0.244,-0.534
00:00:29.638,1572924953888,0.271,-0.032,18.782,0.664,3.0,0.011,24.338,0.003,-0.014,527.804,0.243,-0.534
00:00:29.686,1572924953936,0.271,-0.032,18.782,0.664,3.0,0.011,24.343000000000004,0.003,-0.014,528.21,0.243,-0.534
00:00:29.687,1572924953937,0.272,-0.031,18.782,0.664,3.0,0.011,24.347,0.003,-0.014,528.616,0.243,-0.534
00:00:29.688,1572924953938,0.273,-0.031,18.782,0.664,3.0,0.011,24.352,0.003,-0.014,529.021,0.243,-0.534
00:00:29.736,1572924953986,0.275,-0.03,18.782,0.664,3.0,0.011,24.356,0.003,-0.014,529.427,0.242,-0.534
00:00:29.737,1572924953987,0.275,-0.029,18.782,0.664,3.0,0.011,24.361,0.003,-0.014,529.8330000000002,0.242,-0.534
00:00:29.738,1572924953988,0.276,-0.029,18.782,0.664,3.0,0.011,24.365,0.003,-0.014,530.239,0.242,-0.534
00:00:29.786,1572924954036,0.276,-0.029,18.782,0.664,3.0,0.011,24.37,0.003,-0.014,530.645,0.242,-0.534
00:00:29.787,1572924954037,0.276,-0.028,18.782,0.664,3.0,0.011,24.375,0.003,-0.014,531.052,0.241,-0.534
00:00:29.788,1572924954038,0.276,-0.028,18.782,0.664,3.0,0.011,24.379,0.003,-0.014,531.4580000000002,0.241,-0.534
00:00:29.837,1572924954087,0.276,-0.027000000000000003,18.782,0.664,3.0,0.011,24.384,0.003,-0.014,531.864,0.241,-0.534
00:00:29.838,1572924954088,0.275,-0.027000000000000003,18.782,0.664,3.0,0.011,24.388,0.003,-0.014,532.271,0.241,-0.534
00:00:29.839,1572924954089,0.275,-0.027000000000000003,18.782,0.664,3.0,0.011,24.393,0.003,-0.014,532.677,0.24,-0.534
00:00:29.887,1572924954137,0.275,-0.027000000000000003,18.782,0.664,3.0,0.011,24.398000000000003,0.003,-0.014,533.0840000000002,0.24,-0.534
00:00:29.888,1572924954138,0.275,-0.027000000000000003,18.782,0.664,3.0,0.011,24.402,0.002,-0.014,533.49,0.24,-0.534
00:00:29.889,1572924954139,0.274,-0.026,18.782,0.664,3.0,0.011,24.407,0.002,-0.014,533.8969999999998,0.239,-0.534
00:00:29.937,1572924954187,0.274,-0.026,18.782,0.664,3.0,0.011,24.411,0.002,-0.014,534.304,0.239,-0.534
00:00:29.938,1572924954188,0.274,-0.026,18.782,0.664,3.0,0.011,24.416,0.002,-0.014,534.711,0.239,-0.534
00:00:29.939,1572924954189,0.274,-0.026,18.782,0.664,3.0,0.011,24.42,0.002,-0.014,535.118,0.238,-0.534
00:00:29.987,1572924954237,0.274,-0.026,18.782,0.664,3.0,0.011,24.425,0.002,-0.014,535.525,0.238,-0.534
00:00:29.988,1572924954238,0.274,-0.026,18.782,0.664,3.0,0.011,24.43,0.002,-0.014,535.932,0.238,-0.534
00:00:29.989,1572924954239,0.274,-0.026,18.782,0.664,3.0,0.011,24.434,0.002,-0.014,536.339,0.237,-0.534
00:00:30.038,1572924954288,0.273,-0.026,18.782,0.664,3.0,0.01,24.439,0.002,-0.014,536.747,0.237,-0.534
00:00:30.039,1572924954289,0.273,-0.026,18.782,0.664,3.0,0.01,24.443,0.002,-0.015,537.154,0.237,-0.534
00:00:30.040,1572924954290,0.273,-0.026,18.782,0.664,3.0,0.01,24.448,0.002,-0.015,537.561,0.236,-0.534
00:00:30.091,1572924954341,0.273,-0.026,18.782,0.664,3.0,0.01,24.452,0.002,-0.015,537.969,0.236,-0.534
00:00:30.092,1572924954342,0.273,-0.026,18.782,0.664,3.0,0.01,24.457,0.002,-0.015,538.376,0.235,-0.534
00:00:30.093,1572924954343,0.273,-0.026,18.782,0.664,3.0,0.01,24.461,0.002,-0.015,538.784,0.235,-0.534
00:00:30.138,1572924954388,0.273,-0.025,18.782,0.664,3.0,0.01,24.466,0.003,-0.015,539.192,0.235,-0.534
00:00:30.139,1572924954389,0.272,-0.024,18.782,0.664,3.0,0.01,24.47,0.003,-0.015,539.6,0.234,-0.534
00:00:30.140,1572924954390,0.272,-0.023,18.782,0.664,3.0,0.01,24.475,0.003,-0.015,540.007,0.234,-0.534
00:00:30.188,1572924954438,0.272,-0.022,18.782,0.664,3.0,0.01,24.48,0.003,-0.015,540.415,0.233,-0.534
00:00:30.189,1572924954439,0.272,-0.021,18.782,0.664,3.0,0.01,24.484,0.003,-0.015,540.823,0.233,-0.534
00:00:30.190,1572924954440,0.272,-0.019,18.782,0.664,3.0,0.01,24.489,0.003,-0.015,541.232,0.233,-0.534
00:00:30.239,1572924954489,0.272,-0.017,18.782,0.664,3.0,0.01,24.493,0.003,-0.015,541.64,0.232,-0.534
00:00:30.240,1572924954490,0.272,-0.016,18.782,0.664,3.0,0.01,24.498,0.003,-0.015,542.048,0.232,-0.534
00:00:30.241,1572924954491,0.271,-0.014,18.782,0.664,3.0,0.01,24.502,0.003,-0.015,542.456,0.231,-0.534
00:00:30.289,1572924954539,0.271,-0.012,18.782,0.664,3.0,0.01,24.507,0.003,-0.015,542.865,0.231,-0.534
00:00:30.290,1572924954540,0.271,-0.01,18.782,0.664,3.0,0.01,24.511,0.003,-0.015,543.273,0.23,-0.534
00:00:30.291,1572924954541,0.271,-0.008,18.782,0.664,3.0,0.01,24.516,0.003,-0.015,543.682,0.23,-0.534
00:00:30.339,1572924954589,0.271,-0.006,18.782,0.664,3.0,0.01,24.52,0.003,-0.015,544.09,0.229,-0.534
00:00:30.340,1572924954590,0.271,-0.003,18.782,0.664,3.0,0.009000000000000001,24.525,0.003,-0.015,544.499,0.229,-0.534
00:00:30.341,1572924954591,0.271,-0.001,18.782,0.664,3.0,0.009000000000000001,24.529,0.003,-0.015,544.908,0.228,-0.534
00:00:30.391,1572924954641,0.271,0.002,18.782,0.664,3.0,0.009000000000000001,24.534,0.003,-0.015,545.317,0.228,-0.534
00:00:30.392,1572924954642,0.27,0.005,18.782,0.664,3.0,0.009000000000000001,24.538,0.003,-0.015,545.726,0.228,-0.534
00:00:30.393,1572924954643,0.27,0.006999999999999999,18.782,0.664,3.0,0.008,24.54300000000001,0.003,-0.015,546.135,0.227,-0.534
00:00:30.394,1572924954644,0.27,0.011,18.782,0.664,3.0,0.008,24.547,0.002,-0.015,546.544,0.227,-0.534
00:00:30.446,1572924954696,0.27,0.014,18.782,0.664,3.0,0.006999999999999999,24.552,0.002,-0.015,546.953,0.226,-0.534
00:00:30.447,1572924954697,0.27,0.017,18.782,0.664,3.0,0.006999999999999999,24.556,0.002,-0.015,547.362,0.226,-0.534
00:00:30.448,1572924954698,0.27,0.02,18.782,0.664,3.0,0.006999999999999999,24.561,0.002,-0.015,547.771,0.225,-0.534
00:00:30.491,1572924954741,0.27,0.023,18.782,0.664,3.0,0.006,24.565,0.001,-0.015,548.181,0.225,-0.534
00:00:30.492,1572924954742,0.269,0.025,18.782,0.664,3.0,0.005,24.57,0.001,-0.015,548.59,0.224,-0.534
00:00:30.493,1572924954743,0.269,0.028,18.782,0.664,3.0,0.005,24.574,0.001,-0.015,549.0,0.224,-0.534
00:00:30.541,1572924954791,0.269,0.03,18.782,0.664,3.0,0.004,24.579,0.0,-0.015,549.409,0.224,-0.534
00:00:30.542,1572924954792,0.269,0.031,18.782,0.664,3.0,0.003,24.583,0.0,-0.015,549.819,0.223,-0.534
00:00:30.543,1572924954793,0.269,0.033,18.782,0.664,3.0,0.003,24.588,-0.001,-0.015,550.229,0.223,-0.534
00:00:30.592,1572924954842,0.268,0.035,18.782,0.664,3.0,0.002,24.592,-0.001,-0.015,550.639,0.222,-0.534
00:00:30.593,1572924954843,0.268,0.036000000000000004,18.782,0.664,3.0,0.001,24.597,-0.002,-0.015,551.0740000000002,0.222,-0.534
00:00:30.594,1572924954844,0.268,0.038,18.782,0.664,3.0,0.001,24.601,-0.002,-0.015,551.4590000000002,0.222,-0.534
00:00:30.642,1572924954892,0.267,0.039,19.295,1.128,3.0,0.0,24.606,-0.003,-0.015,551.869,0.221,-0.534
00:00:30.643,1572924954893,0.264,0.041,19.295,1.128,3.0,-0.001,24.61,-0.003,-0.015,552.279,0.221,-0.534
00:00:30.644,1572924954894,0.262,0.042,19.295,1.128,3.0,-0.001,24.614,-0.004,-0.015,552.689,0.221,-0.534
00:00:30.693,1572924954943,0.265,0.043,19.295,1.128,3.0,-0.002,24.619,-0.004,-0.015,553.099,0.22,-0.534
00:00:30.694,1572924954944,0.269,0.044,19.295,1.128,3.0,-0.003,24.623,-0.004,-0.015,553.51,0.22,-0.534
00:00:30.695,1572924954945,0.273,0.045,19.295,1.128,3.0,-0.003,24.628,-0.005,-0.015,553.92,0.22,-0.534
00:00:30.744,1572924954994,0.276,0.046,19.295,0.664,3.0,-0.004,24.632,-0.005,-0.015,554.33,0.219,-0.534
00:00:30.745,1572924954995,0.28300000000000003,0.047,19.295,0.664,3.0,-0.004,24.637,-0.005,-0.015,554.741,0.219,-0.534
00:00:30.746,1572924954996,0.287,0.048,19.295,0.664,3.0,-0.005,24.642,-0.005,-0.015,555.1519999999998,0.219,-0.534
00:00:30.797,1572924955047,0.289,0.048,19.295,0.664,3.0,-0.005,24.647,-0.006,-0.015,555.562,0.219,-0.534
00:00:30.798,1572924955048,0.29,0.049,19.295,0.664,3.0,-0.006,24.652,-0.006,-0.015,555.9730000000002,0.218,-0.534
00:00:30.799,1572924955049,0.289,0.048,19.295,0.664,3.0,-0.006,24.657,-0.006,-0.015,556.384,0.218,-0.534
00:00:30.845,1572924955095,0.289,0.048,19.295,0.664,3.0,-0.006999999999999999,24.661,-0.006,-0.015,556.795,0.218,-0.534
00:00:30.846,1572924955096,0.28800000000000003,0.048,19.295,0.664,3.0,-0.006999999999999999,24.666,-0.006,-0.014,557.206,0.218,-0.534
00:00:30.847,1572924955097,0.28800000000000003,0.047,19.295,0.664,3.0,-0.008,24.671,-0.006,-0.014,557.617,0.218,-0.534
00:00:30.898,1572924955148,0.28800000000000003,0.046,19.295,0.664,3.0,-0.008,24.676,-0.006,-0.014,558.029,0.218,-0.534
00:00:30.899,1572924955149,0.28800000000000003,0.046,19.295,0.664,3.0,-0.009000000000000001,24.681,-0.006,-0.014,558.44,0.217,-0.534
00:00:30.900,1572924955150,0.287,0.045,19.295,0.664,3.0,-0.009000000000000001,24.685,-0.006,-0.013,558.851,0.217,-0.534
00:00:30.950,1572924955200,0.287,0.044,19.295,1.128,3.0,-0.009000000000000001,24.69,-0.005,-0.013,559.263,0.217,-0.534
00:00:30.951,1572924955201,0.282,0.043,19.295,1.128,3.0,-0.01,24.695,-0.005,-0.013,559.674,0.217,-0.534
00:00:30.952,1572924955202,0.278,0.042,19.295,1.128,3.0,-0.01,24.7,-0.005,-0.013,560.112,0.217,-0.534
00:00:30.995,1572924955245,0.276,0.041,19.295,1.128,3.0,-0.01,24.704,-0.005,-0.013,560.498,0.217,-0.534
00:00:30.996,1572924955246,0.275,0.041,19.295,1.128,3.0,-0.01,24.708,-0.005,-0.013,560.909,0.217,-0.534
00:00:30.997,1572924955247,0.274,0.04,19.295,1.128,3.0,-0.011,24.713,-0.005,-0.013,561.321,0.217,-0.534
00:00:31.046,1572924955296,0.275,0.04,19.295,0.664,3.0,-0.011,24.718000000000004,-0.005,-0.013,561.7330000000002,0.217,-0.534
00:00:31.047,1572924955297,0.279,0.039,19.295,0.664,3.0,-0.011,24.722,-0.004,-0.013,562.145,0.217,-0.534
00:00:31.048,1572924955298,0.28300000000000003,0.039,19.295,0.664,3.0,-0.011,24.727,-0.004,-0.013,562.557,0.217,-0.534
00:00:31.096,1572924955346,0.285,0.038,19.295,0.664,3.0,-0.011,24.732,-0.004,-0.013,562.969,0.217,-0.534
00:00:31.097,1572924955347,0.285,0.038,19.295,0.664,3.0,-0.011,24.737,-0.004,-0.013,563.382,0.217,-0.534
00:00:31.098,1572924955348,0.28600000000000003,0.037000000000000005,19.295,0.664,3.0,-0.011,24.741,-0.004,-0.013,563.794,0.217,-0.534
00:00:31.147,1572924955397,0.28600000000000003,0.036000000000000004,19.295,0.664,3.0,-0.012,24.746,-0.004,-0.013,564.206,0.217,-0.534
00:00:31.148,1572924955398,0.285,0.036000000000000004,19.295,0.664,3.0,-0.012,24.751,-0.003,-0.013,564.619,0.217,-0.534
00:00:31.149,1572924955399,0.285,0.035,19.295,0.664,3.0,-0.012,24.756,-0.003,-0.013,565.031,0.217,-0.534
00:00:31.199,1572924955449,0.285,0.035,19.295,0.664,3.0,-0.012,24.76,-0.003,-0.013,565.444,0.217,-0.534
00:00:31.200,1572924955450,0.285,0.035,19.295,0.664,3.0,-0.012,24.765,-0.003,-0.013,565.857,0.217,-0.534
00:00:31.201,1572924955451,0.285,0.035,19.295,0.664,3.0,-0.012,24.77,-0.003,-0.013,566.27,0.217,-0.534
00:00:31.250,1572924955500,0.285,0.035,19.295,0.664,3.0,-0.012,24.775,-0.003,-0.013,566.682,0.217,-0.534
00:00:31.251,1572924955501,0.285,0.035,19.295,0.664,3.0,-0.012,24.779,-0.003,-0.013,567.095,0.217,-0.534
00:00:31.252,1572924955502,0.284,0.036000000000000004,19.295,0.664,3.0,-0.012,24.784,-0.003,-0.013,567.508,0.217,-0.534
00:00:31.304,1572924955554,0.284,0.036000000000000004,19.295,0.664,3.0,-0.012,24.789,-0.003,-0.013,567.9209999999998,0.217,-0.534
00:00:31.305,1572924955555,0.284,0.037000000000000005,19.295,0.664,3.0,-0.012,24.794,-0.003,-0.013,568.335,0.217,-0.534
00:00:31.306,1572924955556,0.284,0.038,19.295,0.664,3.0,-0.012,24.798,-0.003,-0.013,568.748,0.217,-0.534
00:00:31.349,1572924955599,0.284,0.039,19.295,0.664,3.0,-0.012,24.803,-0.003,-0.013,569.161,0.218,-0.534
00:00:31.350,1572924955600,0.284,0.039,19.295,0.664,3.0,-0.012,24.808000000000003,-0.003,-0.013,569.575,0.218,-0.534
00:00:31.351,1572924955601,0.284,0.041,19.295,0.664,3.0,-0.012,24.812,-0.003,-0.013,569.988,0.218,-0.534
00:00:31.399,1572924955649,0.28300000000000003,0.042,19.295,0.664,3.0,-0.012,24.817,-0.003,-0.013,570.4019999999998,0.218,-0.534
00:00:31.400,1572924955650,0.28300000000000003,0.043,19.295,0.664,3.0,-0.013,24.822,-0.003,-0.013,570.815,0.218,-0.534
00:00:31.401,1572924955651,0.28300000000000003,0.043,19.295,0.664,3.0,-0.013,24.827,-0.003,-0.013,571.229,0.218,-0.534
