rec-time,UTC,Acceleration,Lateral acceleration,Gas pedal position,Brake pedal force,Gear,Steering wheel position,Velocity,Lateral velocity,Vertical velocity,X axis position,Y axis position,Z axis position
00:00:01.349,1572871281259,0.0,0.0,0.983,150.266,3.0,0.133,0.0,0.0,0.0,0.0,0.0,-0.527
00:00:01.350,1572871281260,0.0,0.0,0.983,150.266,3.0,0.133,0.0,0.0,0.0,0.0,0.0,-0.527
00:00:01.351,1572871281261,0.0,0.0,0.983,150.266,3.0,0.133,0.0,0.0,0.0,0.0,0.0,-0.527
00:00:01.410,1572871281320,0.0,0.0,0.983,150.266,3.0,0.133,0.0,0.0,0.0,0.0,0.0,-0.527
00:00:01.411,1572871281321,0.0,0.0,0.983,150.266,3.0,0.133,0.0,0.0,0.0,0.0,0.0,-0.527
00:00:01.412,1572871281322,0.0,0.0,0.983,150.266,3.0,0.133,0.0,0.0,0.0,0.0,0.0,-0.527
00:00:01.449,1572871281359,0.0,0.0,0.983,149.80200000000005,3.0,0.133,0.0,0.0,0.0,0.0,0.0,-0.527
00:00:01.450,1572871281360,0.0,0.0,0.983,149.80200000000005,3.0,0.133,0.0,0.0,0.0,0.0,0.0,-0.527
00:00:01.451,1572871281361,0.0,0.0,0.983,149.80200000000005,3.0,0.133,0.0,0.0,0.0,0.0,0.0,-0.527
00:00:01.514,1572871281424,0.0,0.0,0.983,149.80200000000005,3.0,0.133,0.0,0.0,0.0,0.0,0.0,-0.527
00:00:01.515,1572871281425,0.0,0.0,0.983,149.80200000000005,3.0,0.133,0.0,0.0,0.0,0.0,0.0,-0.527
00:00:01.516,1572871281426,0.0,0.0,0.983,149.80200000000005,3.0,0.133,0.0,0.0,0.0,0.0,0.0,-0.527
00:00:01.517,1572871281427,0.0,0.0,0.983,141.452,3.0,0.133,0.0,0.0,0.0,0.0,0.0,-0.527
00:00:01.564,1572871281474,0.0,0.0,0.983,141.452,3.0,0.133,0.0,0.0,0.0,0.0,0.0,-0.527
00:00:01.565,1572871281475,0.0,0.0,0.983,141.452,3.0,0.133,0.0,0.0,0.0,0.0,0.0,-0.527
00:00:01.566,1572871281476,0.0,0.0,0.983,141.452,3.0,0.132,0.0,0.0,0.0,0.0,0.0,-0.527
00:00:01.614,1572871281524,0.0,0.0,0.983,141.452,3.0,0.132,0.0,0.0,0.0,0.0,0.0,-0.527
00:00:01.615,1572871281525,0.0,0.0,0.983,141.452,3.0,0.132,0.0,0.0,0.0,0.0,0.0,-0.527
00:00:01.616,1572871281526,0.0,0.0,0.983,122.897,3.0,0.132,0.0,0.0,0.0,0.0,0.0,-0.527
00:00:01.665,1572871281575,0.0,0.0,0.983,122.897,3.0,0.132,0.0,0.0,0.0,0.0,0.0,-0.527
00:00:01.666,1572871281576,0.0,0.0,0.983,122.897,3.0,0.132,0.0,0.0,0.0,0.0,0.0,-0.527
00:00:01.667,1572871281577,0.0,0.0,0.983,122.897,3.0,0.132,0.0,0.0,0.0,0.0,0.0,-0.527
00:00:01.721,1572871281631,0.0,0.0,0.983,122.897,3.0,0.132,0.0,0.0,0.0,0.0,0.0,-0.527
00:00:01.722,1572871281632,0.0,0.0,0.983,122.897,3.0,0.132,0.0,0.0,0.0,0.0,0.0,-0.527
00:00:01.723,1572871281633,0.0,0.0,0.983,43.341,3.0,0.132,0.0,0.0,0.0,0.0,0.0,-0.527
00:00:01.724,1572871281634,0.0,0.0,0.983,43.341,3.0,0.132,0.0,0.0,0.0,0.0,0.0,-0.527
00:00:01.767,1572871281677,0.0,0.0,0.983,43.341,3.0,0.132,0.0,0.0,0.0,0.0,0.0,-0.527
00:00:01.768,1572871281678,0.0,0.0,0.983,43.341,3.0,0.132,0.0,0.0,0.0,0.0,0.0,-0.527
00:00:01.769,1572871281679,0.0,0.0,0.983,43.341,3.0,0.132,0.0,0.0,0.0,0.0,0.0,-0.527
00:00:01.818,1572871281728,0.0,0.0,0.983,43.341,3.0,0.132,0.0,0.0,0.0,0.0,0.0,-0.527
00:00:01.819,1572871281729,-0.009000000000000001,0.0,0.983,7.622999999999997,3.0,0.132,-0.001,0.0,-0.001,0.0,0.0,-0.527
00:00:01.820,1572871281730,-0.006,0.001,0.983,7.622999999999997,3.0,0.132,0.0,0.0,-0.002,0.0,0.0,-0.527
00:00:01.869,1572871281779,0.016,0.001,0.983,7.622999999999997,3.0,0.132,0.0,0.0,-0.003,0.0,0.0,-0.527
00:00:01.870,1572871281780,0.027000000000000003,0.001,0.983,7.622999999999997,3.0,0.132,0.001,0.0,-0.004,0.0,0.0,-0.527
00:00:01.871,1572871281781,0.083,0.004,0.983,7.622999999999997,3.0,0.132,0.004,0.0,-0.006999999999999999,0.0,0.0,-0.527
00:00:01.919,1572871281829,0.191,0.001,0.983,7.622999999999997,3.0,0.132,0.008,0.0,-0.009000000000000001,0.0,0.0,-0.527
00:00:01.920,1572871281830,0.18600000000000005,0.0,0.983,1.128,3.0,0.132,0.009000000000000001,0.0,-0.012,0.0,0.0,-0.527
00:00:01.921,1572871281831,0.145,0.0,0.983,1.128,3.0,0.132,0.013,0.0,-0.013,0.0,0.0,-0.527
00:00:01.984,1572871281894,0.233,0.001,0.983,1.128,3.0,0.132,0.018000000000000002,0.0,-0.015,0.0,0.0,-0.528
00:00:01.985,1572871281895,0.289,0.001,0.983,1.128,3.0,0.132,0.023,0.0,-0.016,0.001,0.0,-0.528
00:00:01.986,1572871281896,0.32,0.001,0.983,1.128,3.0,0.132,0.029,0.0,-0.017,0.001,0.0,-0.528
00:00:01.987,1572871281897,0.339,0.002,0.983,1.128,3.0,0.132,0.035,0.0,-0.017,0.002,0.0,-0.529
00:00:02.041,1572871281951,0.354,0.002,0.983,0.664,3.0,0.132,0.041,0.0,-0.017,0.002,0.0,-0.529
00:00:02.042,1572871281952,0.37,0.002,0.983,0.664,3.0,0.132,0.047,0.0,-0.017,0.003,0.0,-0.529
00:00:02.043,1572871281953,0.385,0.002,0.983,0.664,3.0,0.132,0.054000000000000006,0.0,-0.017,0.004,0.0,-0.529
00:00:02.086,1572871281996,0.399,0.002,0.983,0.664,3.0,0.132,0.061,0.0,-0.016,0.005,0.0,-0.53
00:00:02.087,1572871281997,0.411,0.002,0.983,0.664,3.0,0.132,0.068,0.0,-0.015,0.006,0.0,-0.53
00:00:02.088,1572871281998,0.423,0.002,0.983,0.664,3.0,0.132,0.075,0.0,-0.014,0.006999999999999999,0.0,-0.53
00:00:02.136,1572871282046,0.434,0.002,0.983,0.664,3.0,0.132,0.08199999999999999,0.0,-0.013,0.008,0.0,-0.53
00:00:02.137,1572871282047,0.445,0.002,0.983,0.664,3.0,0.132,0.09,0.001,-0.012,0.01,0.0,-0.531
00:00:02.138,1572871282048,0.455,0.003,0.983,0.664,3.0,0.132,0.098,0.001,-0.011,0.011,0.0,-0.531
00:00:02.187,1572871282097,0.464,0.003,0.983,0.664,3.0,0.132,0.106,0.001,-0.01,0.013,0.0,-0.531
00:00:02.188,1572871282098,0.473,0.003,0.983,0.664,3.0,0.132,0.114,0.001,-0.009000000000000001,0.015,0.0,-0.531
00:00:02.189,1572871282099,0.481,0.003,0.983,0.664,3.0,0.132,0.122,0.001,-0.008,0.017,0.0,-0.531
00:00:02.237,1572871282147,0.489,0.003,0.983,0.664,3.0,0.132,0.13,0.001,-0.006999999999999999,0.019,0.0,-0.531
00:00:02.238,1572871282148,0.4970000000000001,0.003,0.983,0.664,3.0,0.132,0.139,0.001,-0.005,0.021,0.0,-0.531
00:00:02.239,1572871282149,0.503,0.003,0.983,0.664,3.0,0.132,0.147,0.001,-0.005,0.024,0.0,-0.532
00:00:02.287,1572871282197,0.51,0.003,0.983,0.664,3.0,0.132,0.155,0.001,-0.004,0.026,0.0,-0.532
00:00:02.288,1572871282198,0.516,0.003,0.983,0.664,3.0,0.132,0.16399999999999998,0.001,-0.003,0.029,0.0,-0.532
00:00:02.289,1572871282199,0.521,0.003,0.983,0.664,3.0,0.132,0.173,0.001,-0.002,0.032,0.0,-0.532
00:00:02.350,1572871282260,0.526,0.003,0.983,0.664,3.0,0.132,0.182,0.001,-0.002,0.035,0.0,-0.532
00:00:02.351,1572871282261,0.531,0.003,0.983,0.664,3.0,0.132,0.191,0.001,-0.001,0.038,0.0,-0.532
00:00:02.352,1572871282262,0.535,0.003,0.983,0.664,3.0,0.132,0.2,0.001,-0.001,0.041,0.0,-0.532
00:00:02.393,1572871282303,0.539,0.003,0.983,0.664,3.0,0.132,0.209,0.001,0.0,0.044,0.0,-0.532
00:00:02.394,1572871282304,0.542,0.003,0.983,0.664,3.0,0.132,0.218,0.001,0.0,0.048,0.0,-0.532
00:00:02.395,1572871282305,0.545,0.003,0.983,0.664,3.0,0.132,0.227,0.001,0.001,0.052000000000000005,0.0,-0.532
00:00:02.444,1572871282354,0.5479999999999999,0.003,1.789,0.664,3.0,0.132,0.236,0.001,0.001,0.055,0.0,-0.532
00:00:02.445,1572871282355,0.552,0.003,1.789,0.664,3.0,0.132,0.246,0.001,0.001,0.06,0.0,-0.532
00:00:02.446,1572871282356,0.561,0.003,1.789,0.664,3.0,0.132,0.255,0.001,0.001,0.064,0.0,-0.532
00:00:02.495,1572871282405,0.578,0.003,1.789,0.664,3.0,0.132,0.265,0.001,0.002,0.068,0.0,-0.532
00:00:02.496,1572871282406,0.597,0.003,1.789,0.664,3.0,0.132,0.275,0.002,0.002,0.07200000000000001,0.0,-0.532
00:00:02.497,1572871282407,0.619,0.003,1.789,0.664,3.0,0.132,0.285,0.002,0.002,0.077,0.0,-0.532
00:00:02.546,1572871282456,0.643,0.004,2.9610000000000003,0.664,3.0,0.132,0.297,0.002,0.002,0.08199999999999999,0.001,-0.532
00:00:02.547,1572871282457,0.6659999999999999,0.004,2.9610000000000003,0.664,3.0,0.132,0.309,0.002,0.002,0.087,0.001,-0.532
00:00:02.548,1572871282458,0.698,0.004,2.9610000000000003,0.664,3.0,0.132,0.321,0.002,0.002,0.092,0.001,-0.532
00:00:02.596,1572871282506,0.737,0.004,2.9610000000000003,0.664,3.0,0.132,0.333,0.002,0.003,0.098,0.001,-0.532
00:00:02.597,1572871282507,0.785,0.004,2.9610000000000003,0.664,3.0,0.131,0.34700000000000003,0.002,0.003,0.104,0.001,-0.532
00:00:02.598,1572871282508,0.8290000000000001,0.004,2.9610000000000003,0.664,3.0,0.131,0.362,0.002,0.003,0.11,0.001,-0.532
00:00:02.646,1572871282556,0.868,0.005,11.824000000000002,0.664,3.0,0.131,0.377,0.002,0.003,0.116,0.001,-0.531
00:00:02.647,1572871282557,0.917,0.005,11.824000000000002,0.664,3.0,0.131,0.392,0.002,0.004,0.122,0.001,-0.531
00:00:02.648,1572871282558,1.06,0.006,11.824000000000002,0.664,3.0,0.131,0.413,0.002,0.004,0.129,0.001,-0.531
00:00:02.705,1572871282615,1.295,0.008,11.824000000000002,0.664,3.0,0.13,0.439,0.002,0.005,0.136,0.001,-0.531
00:00:02.706,1572871282616,1.595,0.009000000000000001,11.824000000000002,0.664,3.0,0.13,0.47,0.003,0.006999999999999999,0.14300000000000002,0.001,-0.531
00:00:02.707,1572871282617,1.912,0.011,11.824000000000002,0.664,3.0,0.13,0.506,0.003,0.008,0.152,0.001,-0.531
00:00:02.749,1572871282659,2.205,0.012,21.785,0.664,3.0,0.13,0.547,0.003,0.01,0.16,0.001,-0.531
00:00:02.750,1572871282660,2.479,0.014,21.785,0.664,3.0,0.13,0.5920000000000001,0.003,0.012,0.17,0.001,-0.531
00:00:02.751,1572871282661,2.799,0.016,21.785,0.664,3.0,0.13,0.643,0.003,0.015,0.18,0.001,-0.531
00:00:02.801,1572871282711,3.176,0.018000000000000002,21.785,0.664,3.0,0.131,0.7020000000000001,0.004,0.017,0.191,0.001,-0.53
00:00:02.802,1572871282712,3.576,0.021,21.785,0.664,3.0,0.131,0.767,0.004,0.02,0.204,0.001,-0.53
00:00:02.803,1572871282713,3.954,0.023,21.785,0.664,3.0,0.131,0.838,0.004,0.024,0.217,0.001,-0.53
00:00:02.804,1572871282714,4.252,0.025,23.762,0.664,3.0,0.131,0.908,0.005,0.027000000000000003,0.231,0.001,-0.53
00:00:02.851,1572871282761,4.504,0.026,23.762,0.664,3.0,0.132,0.991,0.005,0.03,0.247,0.001,-0.529
00:00:02.852,1572871282762,4.658,0.027000000000000003,23.762,0.664,3.0,0.132,1.07,0.006,0.034,0.265,0.002,-0.529
00:00:02.853,1572871282763,4.745,0.027000000000000003,23.762,0.664,3.0,0.132,1.15,0.006,0.037000000000000005,0.28300000000000003,0.002,-0.529
00:00:02.902,1572871282812,4.776,0.027000000000000003,23.762,0.664,3.0,0.133,1.229,0.006,0.04,0.303,0.002,-0.528
00:00:02.903,1572871282813,4.769,0.028,23.762,0.664,3.0,0.133,1.308,0.006999999999999999,0.043,0.324,0.002,-0.528
00:00:02.904,1572871282814,4.739,0.028,28.157,0.664,3.0,0.133,1.3869999999999998,0.006999999999999999,0.045,0.34600000000000003,0.002,-0.528
00:00:02.961,1572871282871,4.702,0.028,28.157,0.664,3.0,0.134,1.465,0.008,0.047,0.37,0.002,-0.527
00:00:02.962,1572871282872,4.673,0.029,28.157,0.664,3.0,0.134,1.5419999999999998,0.008,0.049,0.395,0.002,-0.527
00:00:02.963,1572871282873,4.654,0.029,28.157,0.664,3.0,0.134,1.619,0.008,0.05,0.422,0.003,-0.527
00:00:03.003,1572871282913,4.6389999999999985,0.03,28.157,0.664,3.0,0.133,1.696,0.009000000000000001,0.051,0.449,0.003,-0.527
00:00:03.004,1572871282914,4.625,0.03,28.157,0.664,3.0,0.133,1.773,0.009000000000000001,0.052000000000000005,0.478,0.003,-0.527
00:00:03.005,1572871282915,4.61,0.031,30.94,0.664,3.0,0.133,1.85,0.009000000000000001,0.052000000000000005,0.508,0.003,-0.526
00:00:03.053,1572871282963,4.592,0.031,30.94,0.664,3.0,0.133,1.926,0.01,0.052000000000000005,0.54,0.003,-0.526
00:00:03.054,1572871282964,4.578,0.032,30.94,0.664,3.0,0.133,2.002,0.01,0.052000000000000005,0.573,0.004,-0.526
00:00:03.055,1572871282965,4.567,0.032,30.94,0.664,3.0,0.133,2.0780000000000003,0.01,0.052000000000000005,0.607,0.004,-0.527
00:00:03.104,1572871283014,4.556,0.032,30.94,0.664,3.0,0.133,2.154,0.011,0.052000000000000005,0.642,0.004,-0.527
00:00:03.105,1572871283015,4.542,0.032,30.94,0.664,3.0,0.133,2.229,0.011,0.051,0.6779999999999999,0.004,-0.527
00:00:03.106,1572871283016,4.523,0.032,34.969,0.664,3.0,0.133,2.3040000000000003,0.011,0.051,0.716,0.005,-0.527
00:00:03.153,1572871283063,4.502,0.032,34.969,0.664,3.0,0.133,2.379,0.012,0.051,0.755,0.005,-0.527
00:00:03.154,1572871283064,4.482,0.033,34.969,0.664,3.0,0.133,2.454,0.012,0.052000000000000005,0.7959999999999999,0.005,-0.528
00:00:03.155,1572871283065,4.461,0.033,34.969,0.664,3.0,0.133,2.528,0.012,0.054000000000000006,0.8370000000000001,0.005,-0.528
00:00:03.204,1572871283114,4.438,0.034,34.969,0.664,3.0,0.133,2.6010000000000004,0.012,0.055,0.88,0.006,-0.528
00:00:03.205,1572871283115,4.41,0.034,34.969,0.664,3.0,0.132,2.674,0.013,0.058,0.924,0.006,-0.529
00:00:03.206,1572871283116,4.378,0.035,36.141,0.664,3.0,0.132,2.747,0.013,0.06,0.969,0.006,-0.529
00:00:03.256,1572871283166,4.345,0.036000000000000004,36.141,0.664,3.0,0.132,2.819,0.013,0.064,1.015,0.006999999999999999,-0.529
00:00:03.257,1572871283167,4.312,0.037000000000000005,36.141,0.664,3.0,0.132,2.89,0.014,0.067,1.063,0.006999999999999999,-0.53
00:00:03.258,1572871283168,4.282,0.038,36.141,0.664,3.0,0.131,2.9610000000000003,0.014,0.07,1.112,0.008,-0.53
00:00:03.306,1572871283216,4.254,0.039,36.141,0.664,3.0,0.13,3.032,0.014,0.07400000000000001,1.162,0.008,-0.53
00:00:03.307,1572871283217,4.226,0.04,36.141,0.664,3.0,0.13,3.102,0.014,0.077,1.213,0.008,-0.53
00:00:03.308,1572871283218,4.2,0.041,37.313,0.664,3.0,0.129,3.172,0.014,0.08,1.265,0.009000000000000001,-0.53
00:00:03.359,1572871283269,4.173,0.041,37.313,0.664,3.0,0.128,3.241,0.015,0.083,1.319,0.009000000000000001,-0.53
00:00:03.360,1572871283270,4.147,0.041,37.313,0.664,3.0,0.127,3.31,0.015,0.086,1.3730000000000002,0.01,-0.53
00:00:03.361,1572871283271,4.12,0.041,37.313,0.664,3.0,0.126,3.378,0.015,0.08900000000000001,1.429,0.01,-0.53
00:00:03.412,1572871283322,4.092,0.041,37.313,0.664,3.0,0.126,3.446,0.015,0.091,1.486,0.011,-0.53
00:00:03.413,1572871283323,4.064,0.041,37.313,0.664,3.0,0.125,3.513,0.015,0.093,1.544,0.011,-0.53
00:00:03.414,1572871283324,4.0360000000000005,0.04,39.51,0.664,3.0,0.124,3.58,0.015,0.095,1.6030000000000002,0.012,-0.53
00:00:03.456,1572871283366,4.009,0.039,39.51,0.664,3.0,0.123,3.647,0.016,0.096,1.663,0.012,-0.529
00:00:03.457,1572871283367,3.988,0.039,39.51,0.664,3.0,0.122,3.713,0.016,0.097,1.725,0.013,-0.529
00:00:03.458,1572871283368,3.97,0.038,39.51,0.664,3.0,0.121,3.779,0.016,0.097,1.787,0.013,-0.529
00:00:03.508,1572871283418,3.955,0.037000000000000005,39.51,0.664,3.0,0.119,3.845,0.016,0.098,1.851,0.014,-0.529
00:00:03.509,1572871283419,3.939,0.035,39.51,0.664,3.0,0.118,3.91,0.016,0.098,1.915,0.015,-0.528
00:00:03.510,1572871283420,3.922,0.034,40.169,0.664,3.0,0.116,3.975,0.016,0.098,1.981,0.015,-0.528
00:00:03.558,1572871283468,3.903,0.033,40.169,0.664,3.0,0.115,4.04,0.015,0.097,2.048,0.016,-0.528
00:00:03.559,1572871283469,3.883,0.032,40.169,0.664,3.0,0.114,4.104,0.015,0.097,2.116,0.017,-0.528
00:00:03.560,1572871283470,3.863,0.031,40.169,0.664,3.0,0.112,4.169,0.015,0.096,2.185,0.017,-0.528
00:00:03.611,1572871283521,3.841,0.03,40.169,0.664,3.0,0.111,4.232,0.015,0.095,2.255,0.018000000000000002,-0.528
00:00:03.612,1572871283522,3.819,0.03,40.169,0.664,3.0,0.11,4.296,0.015,0.094,2.326,0.019,-0.527
00:00:03.613,1572871283523,3.795,0.03,41.341,0.664,3.0,0.109,4.359,0.015,0.093,2.398,0.019,-0.527
00:00:03.669,1572871283579,3.772,0.03,41.341,0.664,3.0,0.108,4.421,0.014,0.092,2.471,0.02,-0.527
00:00:03.670,1572871283580,3.75,0.031,41.341,0.664,3.0,0.106,4.4830000000000005,0.014,0.091,2.545,0.021,-0.527
00:00:03.671,1572871283581,3.73,0.031,41.341,0.664,3.0,0.105,4.545,0.014,0.09,2.62,0.022,-0.527
00:00:03.711,1572871283621,3.711,0.032,41.341,0.664,3.0,0.104,4.607,0.014,0.08900000000000001,2.697,0.022,-0.527
00:00:03.712,1572871283622,3.692,0.032,41.341,0.664,3.0,0.103,4.668,0.014,0.08900000000000001,2.774,0.023,-0.527
00:00:03.713,1572871283623,3.672,0.032,42.293,0.2,3.0,0.101,4.729,0.014,0.08800000000000001,2.852,0.024,-0.527
00:00:03.761,1572871283671,3.653,0.032,42.293,0.2,3.0,0.1,4.79,0.014,0.08800000000000001,2.932,0.025,-0.527
00:00:03.762,1572871283672,3.634,0.032,42.293,0.2,3.0,0.098,4.85,0.013,0.08800000000000001,3.012,0.026,-0.528
00:00:03.763,1572871283673,3.616,0.032,42.293,0.2,3.0,0.096,4.91,0.013,0.08800000000000001,3.093,0.027000000000000003,-0.528
00:00:03.811,1572871283721,3.599,0.031,42.293,0.2,3.0,0.095,4.97,0.013,0.08800000000000001,3.176,0.028,-0.528
00:00:03.812,1572871283722,3.5810000000000004,0.031,42.293,0.2,3.0,0.093,5.029,0.013,0.08800000000000001,3.259,0.028,-0.528
00:00:03.813,1572871283723,3.563,0.031,44.637,0.664,3.0,0.092,5.088,0.013,0.08900000000000001,3.343,0.029,-0.528
00:00:03.861,1572871283771,3.545,0.032,44.637,0.664,3.0,0.091,5.147,0.013,0.09,3.429,0.03,-0.528
00:00:03.862,1572871283772,3.53,0.032,44.637,0.664,3.0,0.08900000000000001,5.206,0.012,0.091,3.515,0.031,-0.528
00:00:03.863,1572871283773,3.516,0.033,44.637,0.664,3.0,0.08800000000000001,5.2639999999999985,0.012,0.092,3.602,0.032,-0.529
00:00:03.911,1572871283821,3.5,0.035,44.637,0.664,3.0,0.087,5.322,0.012,0.094,3.69,0.033,-0.529
00:00:03.912,1572871283822,3.482,0.036000000000000004,44.637,0.664,3.0,0.085,5.38,0.012,0.095,3.78,0.034,-0.529
00:00:03.913,1572871283823,3.462,0.037000000000000005,45.15,0.664,3.0,0.084,5.438,0.012,0.096,3.87,0.035,-0.529
00:00:03.962,1572871283872,3.443,0.038,45.15,0.664,3.0,0.083,5.495,0.012,0.098,3.961,0.036000000000000004,-0.529
00:00:03.963,1572871283873,3.425,0.039,45.15,0.664,3.0,0.081,5.5520000000000005,0.012,0.099,4.053,0.037000000000000005,-0.529
00:00:03.964,1572871283874,3.41,0.04,45.15,0.664,3.0,0.08,5.608,0.012,0.101,4.146,0.038,-0.529
00:00:04.014,1572871283924,3.395,0.041,45.15,0.664,3.0,0.078,5.665,0.012,0.102,4.24,0.04,-0.529
00:00:04.015,1572871283925,3.382,0.042,45.15,0.664,3.0,0.077,5.721,0.012,0.104,4.335,0.041,-0.529
00:00:04.016,1572871283926,3.3680000000000003,0.042,45.29600000000001,0.664,3.0,0.076,5.777,0.012,0.105,4.431,0.042,-0.53
00:00:04.065,1572871283975,3.354,0.042,45.29600000000001,0.664,3.0,0.07400000000000001,5.8320000000000025,0.012,0.106,4.527,0.043,-0.53
00:00:04.066,1572871283976,3.34,0.042,45.29600000000001,0.664,3.0,0.073,5.888,0.012,0.108,4.625,0.044,-0.53
00:00:04.067,1572871283977,3.325,0.042,45.29600000000001,0.664,3.0,0.071,5.943,0.012,0.109,4.724,0.045,-0.53
00:00:04.127,1572871284037,3.31,0.042,45.29600000000001,0.664,3.0,0.07,5.9979999999999976,0.011,0.11,4.823,0.047,-0.53
00:00:04.128,1572871284038,3.293,0.041,45.29600000000001,0.664,3.0,0.068,6.053,0.011,0.111,4.924,0.048,-0.53
00:00:04.129,1572871284039,3.276,0.041,46.468,0.664,3.0,0.067,6.107,0.011,0.112,5.025,0.049,-0.53
00:00:04.173,1572871284083,3.26,0.041,46.468,0.664,3.0,0.066,6.1610000000000005,0.011,0.113,5.127000000000002,0.051,-0.53
00:00:04.174,1572871284084,3.245,0.041,46.468,0.664,3.0,0.064,6.215,0.011,0.114,5.23,0.052000000000000005,-0.53
00:00:04.175,1572871284085,3.2310000000000003,0.041,46.468,0.664,3.0,0.063,6.269,0.011,0.115,5.334,0.053,-0.53
00:00:04.215,1572871284125,3.218,0.041,46.468,0.664,3.0,0.062,6.322,0.011,0.116,5.439,0.055,-0.53
00:00:04.216,1572871284126,3.205,0.041,46.468,0.664,3.0,0.061,6.375,0.011,0.116,5.545,0.056,-0.53
00:00:04.217,1572871284127,3.19,0.041,47.127,0.664,3.0,0.06,6.428,0.011,0.117,5.652,0.057,-0.53
00:00:04.266,1572871284176,3.176,0.041,47.127,0.664,3.0,0.059,6.481,0.011,0.117,5.759,0.059,-0.53
00:00:04.267,1572871284177,3.161,0.041,47.127,0.664,3.0,0.058,6.534,0.01,0.118,5.8679999999999986,0.06,-0.53
00:00:04.268,1572871284178,3.148,0.041,47.127,0.664,3.0,0.056,6.586,0.01,0.118,5.977,0.062,-0.53
00:00:04.317,1572871284227,3.134,0.041,47.127,0.664,3.0,0.055,6.638,0.01,0.118,6.0870000000000015,0.063,-0.53
00:00:04.318,1572871284228,3.119,0.04,47.127,0.664,3.0,0.054000000000000006,6.69,0.01,0.119,6.199,0.065,-0.53
00:00:04.319,1572871284229,3.104,0.04,47.64,0.664,3.0,0.053,6.7410000000000005,0.01,0.119,6.31,0.066,-0.53
00:00:04.370,1572871284280,3.089,0.04,47.64,0.664,3.0,0.052000000000000005,6.7929999999999975,0.01,0.119,6.422999999999999,0.068,-0.529
00:00:04.371,1572871284281,3.075,0.039,47.64,0.664,3.0,0.051,6.8439999999999985,0.01,0.119,6.537000000000001,0.069,-0.529
00:00:04.372,1572871284282,3.063,0.039,47.64,0.664,3.0,0.05,6.895,0.01,0.119,6.651,0.071,-0.529
00:00:04.417,1572871284327,3.052,0.039,47.64,0.664,3.0,0.049,6.945,0.009000000000000001,0.118,6.767,0.073,-0.529
00:00:04.418,1572871284328,3.0410000000000004,0.039,47.64,0.664,3.0,0.048,6.996,0.009000000000000001,0.118,6.882999999999999,0.07400000000000001,-0.529
00:00:04.419,1572871284329,3.03,0.039,48.44600000000001,0.664,3.0,0.047,7.046,0.009000000000000001,0.118,7.0,0.076,-0.529
00:00:04.420,1572871284330,3.019,0.039,48.44600000000001,0.664,3.0,0.046,7.096,0.009000000000000001,0.118,7.1179999999999986,0.078,-0.529
00:00:04.469,1572871284379,3.009,0.038,48.44600000000001,0.664,3.0,0.045,7.146,0.009000000000000001,0.117,7.2360000000000015,0.079,-0.529
00:00:04.470,1572871284380,3.0,0.038,48.44600000000001,0.664,3.0,0.044,7.1960000000000015,0.009000000000000001,0.117,7.356,0.081,-0.529
00:00:04.471,1572871284381,2.99,0.038,48.44600000000001,0.664,3.0,0.043,7.246,0.009000000000000001,0.117,7.476,0.083,-0.529
00:00:04.532,1572871284442,2.98,0.037000000000000005,48.44600000000001,0.664,3.0,0.042,7.296,0.008,0.116,7.598,0.085,-0.529
00:00:04.533,1572871284443,2.97,0.037000000000000005,49.325,0.664,3.0,0.041,7.345,0.008,0.116,7.72,0.087,-0.529
00:00:04.534,1572871284444,2.96,0.036000000000000004,49.325,0.664,3.0,0.04,7.394,0.008,0.116,7.842,0.08800000000000001,-0.529
00:00:04.576,1572871284486,2.949,0.036000000000000004,49.325,0.664,3.0,0.039,7.443,0.008,0.115,7.966,0.09,-0.529
00:00:04.577,1572871284487,2.935,0.035,49.325,0.664,3.0,0.038,7.492000000000001,0.008,0.115,8.09,0.092,-0.529
00:00:04.578,1572871284488,2.917,0.034,49.325,0.664,3.0,0.037000000000000005,7.54,0.008,0.115,8.216000000000001,0.094,-0.529
00:00:04.627,1572871284537,2.901,0.034,49.325,0.664,3.0,0.036000000000000004,7.587999999999999,0.008,0.115,8.342,0.096,-0.529
00:00:04.628,1572871284538,2.889,0.033,49.618,0.664,3.0,0.035,7.636,0.006999999999999999,0.115,8.469,0.098,-0.529
00:00:04.629,1572871284539,2.882,0.032,49.618,0.664,3.0,0.035,7.684,0.006999999999999999,0.115,8.596,0.1,-0.529
00:00:04.680,1572871284590,2.879,0.032,49.618,0.664,3.0,0.034,7.732,0.006999999999999999,0.115,8.725,0.102,-0.529
00:00:04.681,1572871284591,2.879,0.031,49.618,0.664,3.0,0.033,7.78,0.006999999999999999,0.115,8.854,0.104,-0.529
00:00:04.682,1572871284592,2.878,0.03,49.618,0.664,3.0,0.032,7.8279999999999985,0.006999999999999999,0.115,8.984,0.106,-0.529
00:00:04.734,1572871284644,2.878,0.03,49.618,0.664,3.0,0.031,7.876,0.006,0.115,9.115,0.108,-0.529
00:00:04.735,1572871284645,2.8760000000000003,0.029,50.13,0.664,3.0,0.031,7.923999999999999,0.006,0.116,9.247,0.11,-0.529
00:00:04.736,1572871284646,2.874,0.028,50.13,0.664,3.0,0.03,7.972,0.006,0.116,9.379,0.112,-0.53
00:00:04.786,1572871284696,2.872,0.027000000000000003,50.13,0.664,3.0,0.029,8.02,0.006,0.117,9.512,0.114,-0.53
00:00:04.787,1572871284697,2.8710000000000004,0.026,50.13,0.664,3.0,0.028,8.068,0.006,0.117,9.646,0.116,-0.53
00:00:04.788,1572871284698,2.87,0.025,50.13,0.664,3.0,0.027000000000000003,8.116,0.006,0.118,9.781,0.118,-0.53
00:00:04.852,1572871284762,2.8680000000000003,0.024,50.13,0.664,3.0,0.026,8.163,0.005,0.119,9.917,0.12,-0.53
00:00:04.853,1572871284763,2.867,0.022,51.449,0.664,3.0,0.026,8.211,0.005,0.12,10.053,0.122,-0.53
00:00:04.854,1572871284764,2.865,0.02,51.449,0.664,3.0,0.025,8.259,0.005,0.12,10.191,0.125,-0.53
00:00:04.855,1572871284765,2.865,0.018000000000000002,51.449,0.664,3.0,0.024,8.307,0.005,0.121,10.329,0.127,-0.53
00:00:04.889,1572871284799,2.867,0.015,51.449,0.664,3.0,0.023,8.354,0.004,0.122,10.468,0.129,-0.53
00:00:04.890,1572871284800,2.869,0.013,51.449,0.664,3.0,0.022,8.402000000000001,0.004,0.123,10.607,0.131,-0.53
00:00:04.891,1572871284801,2.87,0.01,51.449,0.664,3.0,0.021,8.45,0.004,0.124,10.748,0.134,-0.53
00:00:04.951,1572871284861,2.87,0.006999999999999999,52.474,0.664,3.0,0.02,8.498,0.003,0.125,10.889,0.136,-0.53
00:00:04.952,1572871284862,2.8680000000000003,0.004,52.474,0.664,3.0,0.02,8.546,0.003,0.126,11.031,0.138,-0.53
00:00:04.953,1572871284863,2.8680000000000003,0.002,52.474,0.664,3.0,0.019,8.593,0.003,0.126,11.174,0.14,-0.53
00:00:04.954,1572871284864,2.8680000000000003,-0.001,52.474,0.664,3.0,0.018000000000000002,8.641,0.002,0.127,11.317,0.14300000000000002,-0.53
00:00:05.015,1572871284925,2.87,-0.003,52.474,0.664,3.0,0.018000000000000002,8.689,0.002,0.128,11.462,0.145,-0.53
00:00:05.016,1572871284926,2.8710000000000004,-0.005,52.474,0.664,3.0,0.017,8.737,0.002,0.129,11.607,0.147,-0.53
00:00:05.017,1572871284927,2.8710000000000004,-0.006999999999999999,53.646,0.664,3.0,0.017,8.785,0.001,0.13,11.753,0.15,-0.53
00:00:05.068,1572871284978,2.8710000000000004,-0.009000000000000001,53.646,0.664,3.0,0.016,8.833,0.001,0.131,11.9,0.152,-0.53
00:00:05.069,1572871284979,2.872,-0.011,53.646,0.664,3.0,0.015,8.881,0.001,0.132,12.047,0.154,-0.53
00:00:05.070,1572871284980,2.875,-0.014,53.646,0.664,3.0,0.015,8.929,0.0,0.133,12.196,0.157,-0.53
00:00:05.071,1572871284981,2.878,-0.016,53.646,0.664,3.0,0.014,8.977,0.0,0.133,12.345,0.159,-0.53
00:00:05.131,1572871285041,2.88,-0.019,53.646,0.664,3.0,0.013,9.025,0.0,0.134,12.495,0.161,-0.53
00:00:05.132,1572871285042,2.875,-0.023,54.81800000000001,0.664,3.0,0.013,9.072,-0.001,0.135,12.646,0.16399999999999998,-0.53
00:00:05.133,1572871285043,2.865,-0.026,54.81800000000001,0.664,3.0,0.012,9.12,-0.001,0.136,12.797,0.166,-0.53
00:00:05.172,1572871285082,2.859,-0.03,54.81800000000001,0.664,3.0,0.011,9.168,-0.002,0.13699999999999998,12.95,0.16899999999999998,-0.53
00:00:05.173,1572871285083,2.86,-0.034,54.81800000000001,0.664,3.0,0.011,9.215,-0.002,0.138,13.103,0.171,-0.53
00:00:05.174,1572871285084,2.863,-0.038,54.81800000000001,0.664,3.0,0.01,9.263,-0.002,0.138,13.257,0.173,-0.53
00:00:05.223,1572871285133,2.865,-0.041,54.81800000000001,0.664,3.0,0.01,9.311,-0.003,0.139,13.412,0.17600000000000002,-0.53
00:00:05.224,1572871285134,2.864,-0.045,55.624,0.664,3.0,0.009000000000000001,9.359,-0.003,0.14,13.567,0.17800000000000002,-0.53
00:00:05.225,1572871285135,2.862,-0.047,55.624,0.664,3.0,0.009000000000000001,9.406,-0.004,0.141,13.724,0.181,-0.53
00:00:05.269,1572871285179,2.863,-0.05,55.624,0.664,3.0,0.009000000000000001,9.454,-0.004,0.141,13.880999999999998,0.183,-0.53
00:00:05.270,1572871285180,2.865,-0.052000000000000005,55.624,0.664,3.0,0.008,9.502,-0.004,0.142,14.039,0.185,-0.53
00:00:05.271,1572871285181,2.867,-0.053,55.624,0.664,3.0,0.008,9.55,-0.005,0.14300000000000002,14.198,0.188,-0.53
00:00:05.319,1572871285229,2.866,-0.055,55.624,0.664,3.0,0.008,9.597,-0.005,0.14300000000000002,14.357,0.19,-0.53
00:00:05.320,1572871285230,2.865,-0.056,55.624,0.664,3.0,0.008,9.645,-0.005,0.14400000000000002,14.518,0.192,-0.53
00:00:05.321,1572871285231,2.863,-0.057,55.624,0.664,3.0,0.006999999999999999,9.693,-0.005,0.145,14.679,0.195,-0.53
00:00:05.376,1572871285286,2.861,-0.059,55.624,0.664,3.0,0.006999999999999999,9.74,-0.005,0.145,14.841,0.197,-0.53
00:00:05.377,1572871285287,2.86,-0.06,55.624,0.664,3.0,0.006999999999999999,9.788,-0.006,0.146,15.003,0.2,-0.53
00:00:05.378,1572871285288,2.858,-0.062,55.624,0.664,3.0,0.006,9.836,-0.006,0.146,15.167,0.202,-0.53
00:00:05.424,1572871285334,2.857,-0.064,55.624,0.664,3.0,0.006,9.883,-0.006,0.147,15.331,0.204,-0.53
00:00:05.425,1572871285335,2.8560000000000003,-0.066,55.843,0.664,3.0,0.006,9.931,-0.006,0.14800000000000002,15.496,0.207,-0.53
00:00:05.426,1572871285336,2.854,-0.068,55.843,0.664,3.0,0.006,9.978,-0.006,0.14800000000000002,15.662,0.209,-0.53
00:00:05.483,1572871285393,2.854,-0.069,55.843,0.664,3.0,0.005,10.026,-0.006,0.149,15.829,0.211,-0.53
00:00:05.484,1572871285394,2.853,-0.07,55.843,0.664,3.0,0.005,10.073,-0.006999999999999999,0.149,15.996,0.214,-0.53
00:00:05.485,1572871285395,2.853,-0.071,55.843,0.664,3.0,0.005,10.121,-0.006999999999999999,0.15,16.165,0.21600000000000005,-0.53
00:00:05.526,1572871285436,2.852,-0.07200000000000001,55.843,0.664,3.0,0.005,10.169,-0.006999999999999999,0.15,16.334,0.218,-0.53
00:00:05.527,1572871285437,2.85,-0.073,55.843,0.664,3.0,0.005,10.216,-0.006999999999999999,0.151,16.504,0.22,-0.53
00:00:05.528,1572871285438,2.849,-0.07400000000000001,55.843,0.664,3.0,0.005,10.263,-0.006999999999999999,0.152,16.674,0.223,-0.53
00:00:05.582,1572871285492,2.847,-0.075,55.843,0.664,3.0,0.004,10.311,-0.006999999999999999,0.152,16.846,0.225,-0.53
00:00:05.583,1572871285493,2.846,-0.076,55.843,0.664,3.0,0.004,10.358,-0.006999999999999999,0.153,17.018,0.227,-0.53
00:00:05.584,1572871285494,2.844,-0.077,55.843,0.664,3.0,0.004,10.406,-0.006999999999999999,0.153,17.191,0.23,-0.53
00:00:05.628,1572871285538,2.843,-0.078,55.843,0.664,3.0,0.004,10.453,-0.006999999999999999,0.154,17.365,0.232,-0.53
00:00:05.629,1572871285539,2.842,-0.078,55.843,0.664,3.0,0.004,10.5,-0.006999999999999999,0.155,17.539,0.234,-0.53
00:00:05.630,1572871285540,2.84,-0.079,55.843,0.664,3.0,0.004,10.548,-0.006999999999999999,0.155,17.715,0.236,-0.53
00:00:05.677,1572871285587,2.839,-0.08,55.843,0.664,3.0,0.004,10.595,-0.006999999999999999,0.156,17.891,0.238,-0.53
00:00:05.678,1572871285588,2.838,-0.08,55.843,0.664,3.0,0.004,10.642,-0.006999999999999999,0.157,18.068,0.241,-0.53
00:00:05.679,1572871285589,2.8360000000000003,-0.081,55.843,0.664,3.0,0.003,10.687,-0.006999999999999999,0.157,18.235,0.243,-0.53
00:00:05.729,1572871285639,2.835,-0.08199999999999999,55.843,0.664,3.0,0.003,10.734000000000002,-0.006999999999999999,0.158,18.413,0.245,-0.53
00:00:05.730,1572871285640,2.834,-0.083,55.843,0.664,3.0,0.003,10.781,-0.006999999999999999,0.158,18.593,0.247,-0.53
00:00:05.731,1572871285641,2.832,-0.084,55.843,0.664,3.0,0.003,10.828,-0.006999999999999999,0.159,18.773,0.249,-0.53
00:00:05.779,1572871285689,2.8310000000000004,-0.085,55.843,0.664,3.0,0.003,10.875,-0.006999999999999999,0.16,18.953,0.251,-0.53
00:00:05.780,1572871285690,2.83,-0.086,55.843,0.664,3.0,0.003,10.923,-0.006999999999999999,0.16,19.135,0.253,-0.53
00:00:05.781,1572871285691,2.8280000000000003,-0.087,55.843,0.664,3.0,0.003,10.97,-0.006999999999999999,0.161,19.318,0.256,-0.53
00:00:05.832,1572871285742,2.827,-0.08800000000000001,55.843,0.664,3.0,0.003,11.017,-0.006999999999999999,0.162,19.501,0.258,-0.53
00:00:05.833,1572871285743,2.825,-0.08900000000000001,55.843,0.664,3.0,0.003,11.064,-0.006999999999999999,0.162,19.685,0.26,-0.53
00:00:05.834,1572871285744,2.824,-0.09,55.843,0.664,3.0,0.003,11.111,-0.006999999999999999,0.163,19.87,0.262,-0.53
00:00:05.901,1572871285811,2.823,-0.09,55.843,0.664,3.0,0.003,11.158,-0.006999999999999999,0.163,20.055,0.264,-0.53
00:00:05.902,1572871285812,2.821,-0.091,55.843,0.664,3.0,0.003,11.205,-0.006999999999999999,0.16399999999999998,20.242,0.266,-0.53
00:00:05.903,1572871285813,2.82,-0.092,55.843,0.664,3.0,0.003,11.252,-0.006999999999999999,0.165,20.429,0.268,-0.53
00:00:05.904,1572871285814,2.819,-0.092,55.843,0.664,3.0,0.004,11.299,-0.006999999999999999,0.165,20.617,0.27,-0.53
00:00:05.939,1572871285849,2.817,-0.093,56.136,0.664,3.0,0.004,11.345999999999998,-0.006999999999999999,0.166,20.805,0.272,-0.53
00:00:05.940,1572871285850,2.815,-0.093,56.136,0.664,3.0,0.004,11.393,-0.006999999999999999,0.16699999999999998,20.995,0.274,-0.53
00:00:05.941,1572871285851,2.814,-0.094,56.136,0.664,3.0,0.004,11.44,-0.006999999999999999,0.16699999999999998,21.185,0.276,-0.53
00:00:05.988,1572871285898,2.813,-0.094,56.136,0.664,3.0,0.004,11.486,-0.006999999999999999,0.168,21.376,0.278,-0.53
00:00:05.989,1572871285899,2.812,-0.095,56.136,0.664,3.0,0.004,11.533,-0.006999999999999999,0.168,21.568,0.28,-0.53
00:00:05.990,1572871285900,2.8110000000000004,-0.095,56.136,0.664,3.0,0.004,11.58,-0.006999999999999999,0.16899999999999998,21.761,0.281,-0.53
00:00:06.044,1572871285954,2.809,-0.096,56.356,0.664,3.0,0.004,11.627,-0.006999999999999999,0.17,21.954,0.28300000000000003,-0.53
00:00:06.045,1572871285955,2.807,-0.096,56.356,0.664,3.0,0.004,11.674,-0.006999999999999999,0.17,22.148000000000003,0.285,-0.53
00:00:06.046,1572871285956,2.805,-0.097,56.356,0.664,3.0,0.005,11.726,-0.006999999999999999,0.171,22.368,0.287,-0.53
00:00:06.098,1572871286008,2.804,-0.097,56.356,0.664,3.0,0.005,11.767,-0.006999999999999999,0.171,22.539,0.289,-0.53
00:00:06.099,1572871286009,2.803,-0.098,56.356,0.664,3.0,0.005,11.814,-0.006999999999999999,0.172,22.735,0.29100000000000004,-0.53
00:00:06.100,1572871286010,2.802,-0.098,56.356,0.664,3.0,0.005,11.86,-0.006999999999999999,0.172,22.933000000000003,0.292,-0.53
00:00:06.152,1572871286062,2.8,-0.098,56.503,0.664,3.0,0.005,11.907,-0.006999999999999999,0.173,23.131,0.294,-0.53
00:00:06.153,1572871286063,2.798,-0.099,56.503,0.664,3.0,0.005,11.954,-0.006999999999999999,0.174,23.33,0.29600000000000004,-0.53
00:00:06.154,1572871286064,2.7960000000000003,-0.099,56.503,0.664,3.0,0.006,12.0,-0.006999999999999999,0.174,23.529,0.298,-0.53
00:00:06.192,1572871286102,2.795,-0.1,56.503,0.664,3.0,0.006,12.047,-0.006999999999999999,0.175,23.73,0.299,-0.53
00:00:06.193,1572871286103,2.793,-0.1,56.503,0.664,3.0,0.006,12.093,-0.006999999999999999,0.175,23.931,0.301,-0.53
00:00:06.194,1572871286104,2.792,-0.1,56.503,0.664,3.0,0.006,12.14,-0.006,0.17600000000000002,24.13300000000001,0.302,-0.53
00:00:06.240,1572871286150,2.79,-0.101,56.79600000000001,0.664,3.0,0.006,12.186,-0.006,0.17600000000000002,24.336,0.304,-0.53
00:00:06.241,1572871286151,2.7880000000000003,-0.101,56.79600000000001,0.664,3.0,0.006999999999999999,12.233,-0.006,0.177,24.539,0.306,-0.53
00:00:06.242,1572871286152,2.787,-0.101,56.79600000000001,0.664,3.0,0.006999999999999999,12.279000000000002,-0.006,0.17800000000000002,24.743,0.307,-0.53
00:00:06.294,1572871286204,2.786,-0.102,56.79600000000001,0.664,3.0,0.006999999999999999,12.326,-0.006,0.17800000000000002,24.948,0.309,-0.53
00:00:06.295,1572871286205,2.785,-0.102,56.79600000000001,0.664,3.0,0.006999999999999999,12.372,-0.006,0.179,25.154,0.31,-0.53
00:00:06.296,1572871286206,2.784,-0.102,56.79600000000001,0.664,3.0,0.006999999999999999,12.421,-0.006,0.179,25.374,0.312,-0.53
00:00:06.354,1572871286264,2.782,-0.102,57.308,0.664,3.0,0.008,12.465,-0.006,0.18,25.568,0.313,-0.53
00:00:06.355,1572871286265,2.78,-0.101,57.308,0.664,3.0,0.008,12.511,-0.006,0.18,25.776,0.315,-0.53
00:00:06.356,1572871286266,2.779,-0.101,57.308,0.664,3.0,0.008,12.56,-0.006,0.181,25.998,0.316,-0.53
00:00:06.406,1572871286316,2.779,-0.101,57.308,0.664,3.0,0.008,12.604,-0.006,0.181,26.195,0.318,-0.53
00:00:06.407,1572871286317,2.779,-0.101,57.308,0.664,3.0,0.009000000000000001,12.65,-0.006,0.182,26.405,0.319,-0.531
00:00:06.408,1572871286318,2.778,-0.1,57.308,0.664,3.0,0.009000000000000001,12.696,-0.005,0.182,26.617,0.321,-0.531
00:00:06.447,1572871286357,2.777,-0.099,57.82100000000001,0.664,3.0,0.009000000000000001,12.743,-0.005,0.183,26.829,0.322,-0.531
00:00:06.448,1572871286358,2.775,-0.098,57.82100000000001,0.664,3.0,0.01,12.789,-0.005,0.184,27.041,0.32299999999999995,-0.531
00:00:06.449,1572871286359,2.774,-0.097,57.82100000000001,0.664,3.0,0.01,12.835,-0.005,0.184,27.255,0.325,-0.531
00:00:06.497,1572871286407,2.774,-0.096,57.82100000000001,0.664,3.0,0.01,12.880999999999998,-0.005,0.185,27.469,0.326,-0.531
00:00:06.498,1572871286408,2.774,-0.095,57.82100000000001,0.664,3.0,0.01,12.927,-0.005,0.185,27.684,0.327,-0.531
00:00:06.499,1572871286409,2.774,-0.094,57.82100000000001,0.664,3.0,0.01,12.974,-0.005,0.18600000000000005,27.9,0.328,-0.531
00:00:06.547,1572871286457,2.825,-0.093,58.334,0.664,3.0,0.011,13.022,-0.004,0.187,28.117,0.33,-0.531
00:00:06.548,1572871286458,3.007,-0.092,58.334,0.664,3.0,0.011,13.075,-0.004,0.188,28.334,0.331,-0.531
00:00:06.549,1572871286459,3.219,-0.09,58.334,0.664,3.0,0.011,13.132,-0.004,0.191,28.553,0.332,-0.531
00:00:06.595,1572871286505,3.319,-0.08900000000000001,58.334,0.664,3.0,0.011,13.188,-0.004,0.194,28.772,0.333,-0.531
00:00:06.596,1572871286506,3.278,-0.087,58.334,0.664,3.0,0.011,13.241,-0.004,0.197,28.992,0.334,-0.531
00:00:06.597,1572871286507,3.156,-0.086,58.334,0.664,3.0,0.012,13.291,-0.004,0.201,29.214,0.335,-0.53
00:00:06.656,1572871286566,3.0210000000000004,-0.085,58.48,0.664,3.0,0.012,13.34,-0.003,0.204,29.436,0.336,-0.53
00:00:06.657,1572871286567,2.907,-0.083,58.48,0.664,3.0,0.012,13.387,-0.003,0.206,29.658,0.338,-0.53
00:00:06.658,1572871286568,2.817,-0.081,58.48,0.664,3.0,0.012,13.433,-0.003,0.209,29.882,0.339,-0.53
00:00:06.702,1572871286612,2.74,-0.079,58.48,0.664,3.0,0.012,13.477,-0.003,0.21,30.106,0.34,-0.53
00:00:06.703,1572871286613,2.665,-0.076,58.48,0.664,3.0,0.013,13.521,-0.003,0.211,30.331,0.341,-0.53
00:00:06.704,1572871286614,2.591,-0.07400000000000001,58.48,0.664,3.0,0.013,13.563,-0.002,0.211,30.557,0.342,-0.53
00:00:06.705,1572871286615,2.521,-0.07200000000000001,58.627,0.664,3.0,0.013,13.604,-0.002,0.21,30.783,0.343,-0.53
00:00:06.752,1572871286662,2.456,-0.07,58.627,0.664,3.0,0.013,13.644,-0.002,0.21,31.01,0.344,-0.53
00:00:06.753,1572871286663,2.392,-0.068,58.627,0.664,3.0,0.013,13.686,-0.002,0.208,31.252,0.345,-0.53
00:00:06.754,1572871286664,2.341,-0.067,58.627,0.664,3.0,0.013,13.722,-0.002,0.206,31.466,0.34600000000000003,-0.53
00:00:06.821,1572871286731,2.29,-0.065,58.627,0.664,3.0,0.013,13.759,-0.002,0.204,31.696,0.34700000000000003,-0.53
00:00:06.822,1572871286732,2.235,-0.064,58.627,0.664,3.0,0.013,13.798,-0.002,0.202,31.94,0.348,-0.53
00:00:06.823,1572871286733,2.187,-0.063,58.627,0.664,3.0,0.013,13.831,-0.002,0.199,32.155,0.348,-0.53
00:00:06.870,1572871286780,2.134,-0.062,58.627,0.664,3.0,0.013,13.869000000000002,-0.002,0.196,32.401,0.349,-0.53
00:00:06.871,1572871286781,2.093,-0.061,58.627,0.664,3.0,0.013,13.901,-0.001,0.193,32.618,0.35,-0.53
00:00:06.872,1572871286782,2.055,-0.06,58.627,0.664,3.0,0.013,13.935,-0.001,0.19,32.85,0.35100000000000003,-0.53
00:00:06.912,1572871286822,2.024,-0.059,58.627,0.664,3.0,0.013,13.968,-0.001,0.18600000000000005,33.082,0.35200000000000004,-0.53
00:00:06.913,1572871286823,1.996,-0.058,58.627,0.664,3.0,0.012,14.001,-0.001,0.182,33.315,0.353,-0.53
00:00:06.914,1572871286824,1.972,-0.057,58.627,0.664,3.0,0.012,14.034,-0.001,0.17800000000000002,33.549,0.354,-0.53
00:00:06.974,1572871286884,1.947,-0.056,58.627,0.664,3.0,0.012,14.068,-0.001,0.173,33.798,0.354,-0.53
00:00:06.975,1572871286885,1.925,-0.055,58.627,0.664,3.0,0.012,14.1,-0.001,0.16899999999999998,34.032,0.355,-0.53
00:00:06.976,1572871286886,1.905,-0.054000000000000006,58.627,0.664,3.0,0.012,14.129,-0.001,0.165,34.253,0.35600000000000004,-0.53
00:00:07.019,1572871286929,1.883,-0.054000000000000006,58.627,0.664,3.0,0.012,14.162,-0.001,0.16,34.504,0.35700000000000004,-0.53
00:00:07.020,1572871286930,1.865,-0.053,58.627,0.664,3.0,0.012,14.191,-0.001,0.155,34.725,0.35700000000000004,-0.53
00:00:07.021,1572871286931,1.847,-0.051,58.627,0.664,3.0,0.012,14.222,-0.001,0.151,34.962,0.358,-0.53
00:00:07.068,1572871286978,1.828,-0.05,58.627,0.664,3.0,0.012,14.254,-0.001,0.146,35.214,0.359,-0.53
00:00:07.069,1572871286979,1.813,-0.048,58.627,0.664,3.0,0.012,14.282,-0.001,0.141,35.437,0.36,-0.529
00:00:07.070,1572871286980,1.796,-0.045,58.627,0.664,3.0,0.013,14.314,-0.001,0.13699999999999998,35.69,0.36,-0.529
00:00:07.113,1572871287023,1.783,-0.042,58.627,0.664,3.0,0.013,14.342,-0.001,0.132,35.914,0.361,-0.529
00:00:07.114,1572871287024,1.769,-0.039,58.627,0.664,3.0,0.013,14.371,-0.001,0.128,36.153,0.362,-0.529
00:00:07.115,1572871287025,1.756,-0.035,58.627,0.664,3.0,0.013,14.402,0.0,0.124,36.408,0.362,-0.529
00:00:07.164,1572871287074,1.744,-0.031,58.627,0.664,3.0,0.013,14.431,0.0,0.12,36.648,0.363,-0.529
00:00:07.165,1572871287075,1.733,-0.027000000000000003,58.627,0.664,3.0,0.013,14.46,0.0,0.116,36.889,0.364,-0.529
00:00:07.166,1572871287076,1.723,-0.022,58.627,0.664,3.0,0.013,14.486,0.0,0.113,37.115,0.364,-0.529
00:00:07.220,1572871287130,1.713,-0.018000000000000002,58.627,0.664,3.0,0.013,14.517,0.001,0.11,37.372,0.365,-0.529
00:00:07.221,1572871287131,1.704,-0.013,58.627,0.664,3.0,0.013,14.545,0.001,0.107,37.614,0.366,-0.529
00:00:07.222,1572871287132,1.695,-0.009000000000000001,58.627,0.664,3.0,0.013,14.573,0.001,0.104,37.857,0.366,-0.529
00:00:07.265,1572871287175,1.6869999999999998,-0.004,58.627,0.664,3.0,0.013,14.601,0.002,0.102,38.1,0.3670000000000001,-0.529
00:00:07.266,1572871287176,1.679,-0.001,58.627,0.664,3.0,0.012,14.629,0.002,0.1,38.344,0.368,-0.529
00:00:07.267,1572871287177,1.672,0.003,58.627,0.664,3.0,0.012,14.655,0.002,0.099,38.572,0.368,-0.53
00:00:07.316,1572871287226,1.665,0.006999999999999999,58.627,0.664,3.0,0.011,14.684,0.002,0.098,38.832,0.369,-0.53
00:00:07.317,1572871287227,1.658,0.01,58.627,0.664,3.0,0.011,14.712,0.002,0.097,39.077,0.37,-0.53
00:00:07.318,1572871287228,1.653,0.013,58.847,0.664,3.0,0.01,14.739,0.002,0.097,39.323,0.37,-0.53
00:00:07.365,1572871287275,1.6469999999999998,0.016,58.847,0.664,3.0,0.01,14.767,0.003,0.097,39.56800000000001,0.371,-0.53
00:00:07.366,1572871287276,1.642,0.019,58.847,0.664,3.0,0.009000000000000001,14.794,0.003,0.097,39.815,0.3720000000000001,-0.53
00:00:07.367,1572871287277,1.638,0.021,58.847,0.664,3.0,0.008,14.821,0.003,0.098,40.062,0.373,-0.53
00:00:07.420,1572871287330,1.634,0.024,58.847,0.664,3.0,0.008,14.848,0.002,0.098,40.309,0.373,-0.531
00:00:07.421,1572871287331,1.63,0.026,58.847,0.664,3.0,0.006999999999999999,14.876,0.002,0.099,40.557,0.374,-0.531
00:00:07.422,1572871287332,1.6269999999999998,0.028,59.286,0.664,3.0,0.006,14.903,0.002,0.1,40.805,0.375,-0.531
00:00:07.466,1572871287376,1.6230000000000002,0.03,59.286,0.664,3.0,0.006,14.93,0.002,0.101,41.053,0.375,-0.531
00:00:07.467,1572871287377,1.62,0.032,59.286,0.664,3.0,0.005,14.957,0.002,0.102,41.302,0.376,-0.531
00:00:07.468,1572871287378,1.617,0.033,59.286,0.664,3.0,0.005,14.983,0.002,0.103,41.552,0.377,-0.531
00:00:07.516,1572871287426,1.615,0.035,59.286,0.664,3.0,0.004,15.01,0.002,0.104,41.802,0.378,-0.531
00:00:07.517,1572871287427,1.6130000000000002,0.036000000000000004,59.286,0.664,3.0,0.003,15.037,0.001,0.105,42.052,0.378,-0.531
00:00:07.518,1572871287428,1.611,0.037000000000000005,59.652,0.664,3.0,0.003,15.064,0.001,0.106,42.303,0.379,-0.532
00:00:07.575,1572871287485,1.608,0.039,59.652,0.664,3.0,0.002,15.091,0.001,0.107,42.554,0.38,-0.532
00:00:07.576,1572871287486,1.606,0.04,59.652,0.664,3.0,0.002,15.117,0.001,0.108,42.806,0.381,-0.532
00:00:07.577,1572871287487,1.604,0.042,59.652,0.664,3.0,0.001,15.144,0.001,0.109,43.058,0.382,-0.532
00:00:07.578,1572871287488,1.6030000000000002,0.043,59.652,0.664,3.0,0.001,15.171,0.001,0.11,43.31100000000001,0.383,-0.532
00:00:07.623,1572871287533,1.601,0.044,59.652,0.664,3.0,0.0,15.198,0.001,0.111,43.56399999999999,0.383,-0.532
00:00:07.624,1572871287534,1.599,0.045,60.018,0.664,3.0,0.0,15.224,0.0,0.112,43.81800000000001,0.384,-0.532
00:00:07.625,1572871287535,1.598,0.046,60.018,0.664,3.0,-0.001,15.251,0.0,0.112,44.07100000000001,0.385,-0.532
00:00:07.674,1572871287584,1.596,0.047,60.018,0.664,3.0,-0.001,15.277,0.0,0.113,44.326,0.386,-0.532
00:00:07.675,1572871287585,1.595,0.048,60.018,0.664,3.0,-0.001,15.304,0.0,0.113,44.581,0.387,-0.532
00:00:07.676,1572871287586,1.594,0.049,60.018,0.664,3.0,-0.002,15.331,0.0,0.114,44.83600000000001,0.388,-0.532
00:00:07.725,1572871287635,1.5930000000000002,0.05,60.018,0.664,3.0,-0.002,15.357,0.0,0.114,45.092,0.389,-0.532
00:00:07.726,1572871287636,1.592,0.051,60.31100000000001,0.664,3.0,-0.003,15.384,0.0,0.114,45.348,0.39,-0.532
00:00:07.727,1572871287637,1.591,0.051,60.31100000000001,0.664,3.0,-0.003,15.41,0.0,0.115,45.605,0.391,-0.532
00:00:07.775,1572871287685,1.589,0.052000000000000005,60.31100000000001,0.664,3.0,-0.003,15.437,0.0,0.115,45.862,0.392,-0.532
00:00:07.776,1572871287686,1.588,0.052000000000000005,60.31100000000001,0.664,3.0,-0.004,15.463,0.0,0.115,46.119,0.393,-0.532
00:00:07.777,1572871287687,1.587,0.052000000000000005,60.31100000000001,0.664,3.0,-0.004,15.489,0.0,0.115,46.377,0.394,-0.532
00:00:07.825,1572871287735,1.587,0.052000000000000005,60.31100000000001,0.664,3.0,-0.005,15.515999999999998,0.0,0.115,46.635,0.395,-0.532
00:00:07.826,1572871287736,1.586,0.052000000000000005,60.678,0.664,3.0,-0.005,15.542,0.0,0.115,46.894,0.396,-0.532
00:00:07.827,1572871287737,1.585,0.051,60.678,0.664,3.0,-0.005,15.569,0.0,0.115,47.154,0.397,-0.532
00:00:07.875,1572871287785,1.584,0.051,60.678,0.664,3.0,-0.006,15.595,0.0,0.115,47.413,0.398,-0.532
00:00:07.887,1572871287797,1.5830000000000002,0.05,60.678,0.664,3.0,-0.006,15.621,0.0,0.114,47.673,0.399,-0.532
00:00:07.888,1572871287798,1.5830000000000002,0.049,60.678,0.664,3.0,-0.006,15.648,0.0,0.114,47.934,0.4,-0.532
00:00:07.935,1572871287845,1.582,0.048,60.678,0.664,3.0,-0.006999999999999999,15.674,0.0,0.114,48.195,0.401,-0.532
00:00:07.936,1572871287846,1.582,0.047,61.19,0.664,3.0,-0.006999999999999999,15.701,0.0,0.114,48.456,0.402,-0.532
00:00:07.937,1572871287847,1.581,0.046,61.19,0.664,3.0,-0.006999999999999999,15.727,0.0,0.113,48.718,0.404,-0.532
00:00:07.938,1572871287848,1.58,0.045,61.19,0.664,3.0,-0.008,15.753,0.0,0.113,48.981,0.405,-0.532
00:00:07.985,1572871287895,1.58,0.044,61.19,0.664,3.0,-0.008,15.78,-0.001,0.113,49.243,0.406,-0.532
00:00:07.986,1572871287896,1.58,0.044,61.19,0.664,3.0,-0.008,15.806,-0.001,0.113,49.507,0.407,-0.532
00:00:07.987,1572871287897,1.58,0.043,61.19,0.664,3.0,-0.008,15.832,-0.001,0.112,49.77,0.408,-0.532
00:00:08.036,1572871287946,1.58,0.042,61.996,0.664,3.0,-0.008,15.859000000000002,-0.001,0.112,50.034,0.41,-0.532
00:00:08.037,1572871287947,1.579,0.041,61.996,0.664,3.0,-0.009000000000000001,15.885,-0.001,0.112,50.299,0.411,-0.532
00:00:08.038,1572871287948,1.579,0.04,61.996,0.664,3.0,-0.009000000000000001,15.911,-0.001,0.112,50.56399999999999,0.412,-0.532
00:00:08.086,1572871287996,1.579,0.039,61.996,0.664,3.0,-0.009000000000000001,15.938,-0.001,0.111,50.82899999999999,0.413,-0.532
00:00:08.087,1572871287997,1.58,0.038,61.996,0.664,3.0,-0.009000000000000001,15.964,-0.001,0.111,51.095,0.415,-0.532
00:00:08.088,1572871287998,1.58,0.037000000000000005,61.996,0.664,3.0,-0.009000000000000001,15.99,-0.001,0.111,51.361,0.416,-0.532
00:00:08.143,1572871288053,1.58,0.035,62.50899999999999,0.664,3.0,-0.009000000000000001,16.017,-0.001,0.111,51.628,0.417,-0.532
00:00:08.144,1572871288054,1.58,0.033,62.50899999999999,0.664,3.0,-0.009000000000000001,16.041,-0.001,0.111,51.879,0.419,-0.532
00:00:08.145,1572871288055,1.58,0.03,62.50899999999999,0.664,3.0,-0.01,16.067999999999998,-0.001,0.111,52.146,0.42,-0.532
00:00:08.188,1572871288098,1.579,0.026,62.50899999999999,0.664,3.0,-0.01,16.094,-0.001,0.111,52.414,0.421,-0.532
00:00:08.189,1572871288099,1.579,0.021,62.50899999999999,0.664,3.0,-0.01,16.12,-0.001,0.111,52.683,0.423,-0.532
00:00:08.190,1572871288100,1.579,0.016,62.50899999999999,0.664,3.0,-0.011,16.147000000000002,-0.002,0.112,52.952,0.424,-0.532
00:00:08.238,1572871288148,1.579,0.01,63.168,0.664,3.0,-0.011,16.173,-0.002,0.112,53.221,0.425,-0.532
00:00:08.239,1572871288149,1.578,0.005,63.168,0.664,3.0,-0.01,16.199,-0.002,0.112,53.49100000000001,0.4270000000000001,-0.532
00:00:08.240,1572871288150,1.578,0.0,63.168,0.664,3.0,-0.01,16.225,-0.002,0.112,53.761,0.428,-0.532
00:00:08.289,1572871288199,1.578,-0.004,63.168,0.664,3.0,-0.01,16.252,-0.003,0.113,54.032,0.429,-0.532
00:00:08.290,1572871288200,1.579,-0.009000000000000001,63.168,0.664,3.0,-0.01,16.278,-0.003,0.113,54.303,0.431,-0.532
00:00:08.291,1572871288201,1.579,-0.014,63.168,0.664,3.0,-0.01,16.304000000000002,-0.003,0.114,54.574,0.4320000000000001,-0.532
00:00:08.339,1572871288249,1.579,-0.019,63.681,0.664,3.0,-0.009000000000000001,16.331,-0.003,0.114,54.846,0.433,-0.532
00:00:08.340,1572871288250,1.579,-0.024,63.681,0.664,3.0,-0.009000000000000001,16.357,-0.003,0.114,55.118,0.435,-0.532
00:00:08.341,1572871288251,1.579,-0.028,63.681,0.664,3.0,-0.008,16.383,-0.003,0.115,55.39100000000001,0.436,-0.532
00:00:08.393,1572871288303,1.579,-0.032,63.681,0.664,3.0,-0.008,16.41,-0.003,0.115,55.665,0.438,-0.532
00:00:08.394,1572871288304,1.579,-0.035,63.681,0.664,3.0,-0.006999999999999999,16.436,-0.003,0.116,55.938,0.439,-0.532
00:00:08.395,1572871288305,1.579,-0.038,63.681,0.664,3.0,-0.006,16.462,-0.003,0.116,56.212,0.44,-0.532
00:00:08.446,1572871288356,1.579,-0.041,64.34,0.664,3.0,-0.005,16.489,-0.003,0.117,56.487,0.441,-0.532
00:00:08.447,1572871288357,1.579,-0.043,64.34,0.664,3.0,-0.004,16.515,-0.003,0.117,56.762,0.443,-0.532
00:00:08.448,1572871288358,1.579,-0.045,64.34,0.664,3.0,-0.004,16.541,-0.002,0.117,57.038,0.444,-0.532
00:00:08.498,1572871288408,1.579,-0.047,64.34,0.664,3.0,-0.003,16.567999999999998,-0.002,0.118,57.313,0.445,-0.532
00:00:08.499,1572871288409,1.58,-0.048,64.34,0.664,3.0,-0.002,16.594,-0.002,0.118,57.59,0.447,-0.532
00:00:08.500,1572871288410,1.58,-0.05,64.34,0.664,3.0,-0.001,16.62,-0.001,0.118,57.867,0.448,-0.532
00:00:08.566,1572871288476,1.58,-0.052000000000000005,64.85300000000001,0.664,3.0,-0.001,16.647000000000002,-0.001,0.119,58.144,0.449,-0.532
00:00:08.567,1572871288477,1.58,-0.053,64.85300000000001,0.664,3.0,0.0,16.673,-0.001,0.119,58.42100000000001,0.45,-0.532
00:00:08.568,1572871288478,1.58,-0.055,64.85300000000001,0.664,3.0,0.001,16.699,0.0,0.119,58.7,0.452,-0.532
00:00:08.569,1572871288479,1.58,-0.057,64.85300000000001,0.664,3.0,0.001,16.726,0.0,0.119,58.978,0.453,-0.532
00:00:08.611,1572871288521,1.581,-0.058,64.85300000000001,0.664,3.0,0.002,16.752,0.0,0.12,59.257,0.454,-0.532
00:00:08.612,1572871288522,1.581,-0.06,64.85300000000001,0.664,3.0,0.003,16.778,0.001,0.12,59.537,0.455,-0.532
00:00:08.613,1572871288523,1.581,-0.061,65.146,0.664,3.0,0.003,16.805,0.001,0.12,59.816,0.456,-0.532
00:00:08.662,1572871288572,1.581,-0.062,65.146,0.664,3.0,0.004,16.831,0.001,0.12,60.097,0.457,-0.532
00:00:08.663,1572871288573,1.581,-0.063,65.146,0.664,3.0,0.004,16.857,0.001,0.12,60.377,0.459,-0.532
00:00:08.664,1572871288574,1.581,-0.063,65.146,0.664,3.0,0.005,16.884,0.001,0.121,60.659,0.46,-0.532
00:00:08.712,1572871288622,1.581,-0.063,65.146,0.664,3.0,0.006,16.91,0.002,0.121,60.94,0.461,-0.532
00:00:08.713,1572871288623,1.581,-0.063,65.146,0.664,3.0,0.006,16.936,0.002,0.121,61.222,0.462,-0.532
00:00:08.714,1572871288624,1.58,-0.063,65.512,0.664,3.0,0.006999999999999999,16.963,0.002,0.121,61.505,0.463,-0.532
00:00:08.762,1572871288672,1.578,-0.062,65.512,0.664,3.0,0.006999999999999999,16.989,0.002,0.121,61.788,0.464,-0.532
00:00:08.763,1572871288673,1.5759999999999998,-0.061,65.512,0.664,3.0,0.008,17.015,0.002,0.121,62.07100000000001,0.465,-0.532
00:00:08.764,1572871288674,1.5759999999999998,-0.06,65.512,0.664,3.0,0.008,17.041,0.002,0.121,62.355,0.466,-0.532
00:00:08.812,1572871288722,1.577,-0.059,65.512,0.664,3.0,0.008,17.067999999999998,0.002,0.121,62.639,0.467,-0.532
00:00:08.813,1572871288723,1.577,-0.058,65.512,0.664,3.0,0.009000000000000001,17.094,0.002,0.122,62.924,0.468,-0.532
00:00:08.814,1572871288724,1.577,-0.057,65.658,0.664,3.0,0.009000000000000001,17.12,0.002,0.122,63.209,0.469,-0.532
00:00:08.862,1572871288772,1.5759999999999998,-0.056,65.658,0.664,3.0,0.01,17.147000000000002,0.002,0.122,63.495,0.47,-0.532
00:00:08.863,1572871288773,1.5759999999999998,-0.055,65.658,0.664,3.0,0.01,17.173,0.002,0.122,63.78100000000001,0.471,-0.532
00:00:08.864,1572871288774,1.5759999999999998,-0.054000000000000006,65.658,0.664,3.0,0.01,17.199,0.002,0.122,64.067,0.472,-0.532
00:00:08.913,1572871288823,1.5759999999999998,-0.053,65.658,0.664,3.0,0.01,17.225,0.002,0.122,64.354,0.473,-0.532
00:00:08.914,1572871288824,1.5759999999999998,-0.052000000000000005,65.658,0.664,3.0,0.011,17.252,0.002,0.122,64.641,0.474,-0.532
00:00:08.915,1572871288825,1.575,-0.05,66.024,0.664,3.0,0.011,17.278,0.002,0.122,64.929,0.475,-0.532
00:00:08.981,1572871288891,1.575,-0.049,66.024,0.664,3.0,0.011,17.304000000000002,0.002,0.123,65.217,0.475,-0.532
00:00:08.982,1572871288892,1.575,-0.047,66.024,0.664,3.0,0.011,17.33,0.002,0.123,65.506,0.476,-0.532
00:00:08.983,1572871288893,1.575,-0.045,66.024,0.664,3.0,0.012,17.357,0.002,0.123,65.795,0.477,-0.532
00:00:08.984,1572871288894,1.5759999999999998,-0.044,66.024,0.664,3.0,0.012,17.383,0.002,0.123,66.084,0.478,-0.532
00:00:09.019,1572871288929,1.5759999999999998,-0.042,66.024,0.664,3.0,0.012,17.409000000000002,0.002,0.123,66.374,0.479,-0.532
00:00:09.020,1572871288930,1.575,-0.041,66.317,0.664,3.0,0.012,17.435,0.002,0.123,66.665,0.48,-0.532
00:00:09.021,1572871288931,1.575,-0.039,66.317,0.664,3.0,0.012,17.462,0.002,0.123,66.955,0.48,-0.532
00:00:09.078,1572871288988,1.575,-0.037000000000000005,66.317,0.664,3.0,0.012,17.488,0.002,0.124,67.247,0.481,-0.532
00:00:09.079,1572871288989,1.575,-0.036000000000000004,66.317,0.664,3.0,0.012,17.514,0.002,0.124,67.538,0.482,-0.532
00:00:09.080,1572871288990,1.5759999999999998,-0.034,66.317,0.664,3.0,0.012,17.54,0.002,0.124,67.83,0.483,-0.532
00:00:09.119,1572871289029,1.575,-0.033,66.317,0.664,3.0,0.012,17.567,0.002,0.124,68.123,0.484,-0.532
00:00:09.120,1572871289030,1.575,-0.031,66.684,0.664,3.0,0.012,17.593,0.002,0.124,68.416,0.484,-0.532
00:00:09.121,1572871289031,1.575,-0.03,66.684,0.664,3.0,0.012,17.619,0.002,0.124,68.709,0.485,-0.532
00:00:09.169,1572871289079,1.575,-0.028,66.684,0.664,3.0,0.012,17.645,0.002,0.125,69.003,0.486,-0.532
00:00:09.170,1572871289080,1.575,-0.027000000000000003,66.684,0.664,3.0,0.012,17.672,0.002,0.125,69.298,0.487,-0.532
00:00:09.171,1572871289081,1.5759999999999998,-0.025,66.684,0.664,3.0,0.012,17.698,0.002,0.125,69.592,0.488,-0.532
00:00:09.220,1572871289130,1.5759999999999998,-0.024,66.684,0.664,3.0,0.011,17.724,0.002,0.125,69.888,0.488,-0.532
00:00:09.221,1572871289131,1.575,-0.022,66.977,0.664,3.0,0.011,17.75,0.002,0.125,70.183,0.489,-0.532
00:00:09.222,1572871289132,1.575,-0.021,66.977,0.664,3.0,0.011,17.777,0.002,0.125,70.479,0.49,-0.532
00:00:09.271,1572871289181,1.575,-0.019,66.977,0.664,3.0,0.011,17.803,0.002,0.126,70.77600000000002,0.49,-0.532
00:00:09.272,1572871289182,1.575,-0.017,66.977,0.664,3.0,0.011,17.829,0.002,0.126,71.07300000000002,0.491,-0.532
00:00:09.273,1572871289183,1.575,-0.016,66.977,0.664,3.0,0.011,17.855,0.002,0.126,71.37,0.4920000000000001,-0.532
00:00:09.322,1572871289232,1.575,-0.015,66.977,0.664,3.0,0.011,17.882,0.002,0.126,71.668,0.493,-0.532
00:00:09.323,1572871289233,1.575,-0.014,67.343,0.664,3.0,0.01,17.908,0.001,0.126,71.96600000000002,0.493,-0.532
00:00:09.324,1572871289234,1.574,-0.013,67.343,0.664,3.0,0.01,17.934,0.001,0.127,72.265,0.494,-0.532
00:00:09.373,1572871289283,1.574,-0.013,67.343,0.664,3.0,0.01,17.96,0.001,0.127,72.564,0.495,-0.532
00:00:09.374,1572871289284,1.575,-0.012,67.343,0.664,3.0,0.01,17.987000000000005,0.001,0.127,72.86399999999998,0.496,-0.532
00:00:09.375,1572871289285,1.5759999999999998,-0.012,67.343,0.664,3.0,0.009000000000000001,18.012999999999995,0.001,0.127,73.164,0.496,-0.532
00:00:09.434,1572871289344,1.5759999999999998,-0.011,67.343,0.664,3.0,0.009000000000000001,18.039,0.001,0.128,73.464,0.4970000000000001,-0.532
00:00:09.435,1572871289345,1.575,-0.011,67.63600000000001,0.664,3.0,0.009000000000000001,18.065,0.001,0.128,73.765,0.498,-0.532
00:00:09.436,1572871289346,1.575,-0.011,67.63600000000001,0.664,3.0,0.009000000000000001,18.092,0.001,0.128,74.066,0.498,-0.532
00:00:09.437,1572871289347,1.575,-0.01,67.63600000000001,0.664,3.0,0.008,18.118,0.001,0.128,74.368,0.499,-0.532
00:00:09.485,1572871289395,1.575,-0.01,67.63600000000001,0.664,3.0,0.008,18.144,0.001,0.128,74.67,0.5,-0.532
00:00:09.486,1572871289396,1.575,-0.009000000000000001,67.63600000000001,0.664,3.0,0.008,18.17,0.001,0.129,74.973,0.5,-0.532
00:00:09.487,1572871289397,1.575,-0.009000000000000001,67.63600000000001,0.664,3.0,0.008,18.197,0.0,0.129,75.27600000000002,0.501,-0.532
00:00:09.536,1572871289446,1.575,-0.009000000000000001,67.85600000000001,0.664,3.0,0.008,18.223,0.0,0.129,75.579,0.502,-0.532
00:00:09.537,1572871289447,1.575,-0.009000000000000001,67.85600000000001,0.664,3.0,0.006999999999999999,18.249,0.0,0.129,75.883,0.503,-0.532
00:00:09.538,1572871289448,1.574,-0.009000000000000001,67.85600000000001,0.664,3.0,0.006999999999999999,18.275,0.0,0.129,76.188,0.503,-0.532
00:00:09.589,1572871289499,1.575,-0.009000000000000001,67.85600000000001,0.664,3.0,0.006999999999999999,18.302,0.0,0.13,76.492,0.504,-0.532
00:00:09.590,1572871289500,1.575,-0.009000000000000001,67.85600000000001,0.664,3.0,0.006999999999999999,18.328,0.0,0.13,76.798,0.505,-0.532
00:00:09.591,1572871289501,1.575,-0.009000000000000001,67.85600000000001,0.664,3.0,0.006999999999999999,18.354,0.0,0.13,77.10300000000002,0.505,-0.532
00:00:09.637,1572871289547,1.574,-0.009000000000000001,68.515,0.664,3.0,0.006999999999999999,18.38,0.0,0.13,77.40899999999998,0.506,-0.532
00:00:09.638,1572871289548,1.574,-0.009000000000000001,68.515,0.664,3.0,0.006,18.407,0.0,0.13,77.71600000000002,0.507,-0.532
00:00:09.639,1572871289549,1.575,-0.009000000000000001,68.515,0.664,3.0,0.006,18.433,0.0,0.13,78.023,0.507,-0.532
00:00:09.694,1572871289604,1.5759999999999998,-0.009000000000000001,68.515,0.664,3.0,0.006,18.459,0.0,0.131,78.331,0.508,-0.532
00:00:09.695,1572871289605,1.577,-0.01,68.515,0.664,3.0,0.006,18.482,0.0,0.131,78.6,0.509,-0.532
00:00:09.696,1572871289606,1.578,-0.01,68.515,0.664,3.0,0.006,18.508,0.0,0.131,78.908,0.509,-0.532
00:00:09.737,1572871289647,1.577,-0.011,68.808,0.664,3.0,0.006,18.535,0.0,0.131,79.217,0.51,-0.532
00:00:09.738,1572871289648,1.577,-0.012,68.808,0.664,3.0,0.006,18.561,0.0,0.131,79.52600000000002,0.511,-0.532
00:00:09.739,1572871289649,1.5759999999999998,-0.012,68.808,0.664,3.0,0.006,18.587,0.0,0.132,79.836,0.511,-0.532
00:00:09.792,1572871289702,1.577,-0.013,68.808,0.664,3.0,0.005,18.613,0.0,0.132,80.146,0.512,-0.532
00:00:09.793,1572871289703,1.577,-0.014,68.808,0.664,3.0,0.005,18.64,0.0,0.132,80.456,0.513,-0.532
00:00:09.794,1572871289704,1.577,-0.015,68.808,0.664,3.0,0.005,18.666,0.0,0.132,80.767,0.513,-0.532
00:00:09.842,1572871289752,1.577,-0.015,69.17399999999999,0.664,3.0,0.005,18.692,0.0,0.132,81.078,0.514,-0.532
00:00:09.843,1572871289753,1.577,-0.016,69.17399999999999,0.664,3.0,0.005,18.719,0.0,0.133,81.39,0.515,-0.532
00:00:09.844,1572871289754,1.5759999999999998,-0.017,69.17399999999999,0.664,3.0,0.005,18.745,0.0,0.133,81.702,0.515,-0.532
00:00:09.890,1572871289800,1.577,-0.018000000000000002,69.17399999999999,0.664,3.0,0.005,18.771,0.0,0.133,82.015,0.516,-0.532
00:00:09.891,1572871289801,1.578,-0.019,69.17399999999999,0.664,3.0,0.005,18.797,0.0,0.133,82.32799999999997,0.517,-0.532
00:00:09.892,1572871289802,1.578,-0.02,69.17399999999999,0.664,3.0,0.005,18.824,0.0,0.133,82.641,0.517,-0.532
00:00:09.943,1572871289853,1.578,-0.021,69.17399999999999,0.664,3.0,0.005,18.85,0.0,0.134,82.955,0.518,-0.532
00:00:09.944,1572871289854,1.577,-0.022,69.17399999999999,0.664,3.0,0.005,18.876,0.0,0.134,83.27,0.519,-0.532
00:00:09.945,1572871289855,1.577,-0.024,69.17399999999999,0.664,3.0,0.005,18.903,0.0,0.134,83.585,0.519,-0.532
00:00:09.990,1572871289900,1.5759999999999998,-0.026,69.17399999999999,0.664,3.0,0.005,18.929,0.0,0.134,83.9,0.52,-0.532
00:00:09.991,1572871289901,1.5759999999999998,-0.029,69.17399999999999,0.664,3.0,0.005,18.955,0.0,0.134,84.21600000000002,0.52,-0.532
00:00:09.992,1572871289902,1.5759999999999998,-0.031,69.17399999999999,0.664,3.0,0.005,18.981,0.0,0.135,84.53200000000002,0.521,-0.532
00:00:10.041,1572871289951,1.575,-0.034,69.17399999999999,0.664,3.0,0.005,19.008,0.0,0.135,84.848,0.522,-0.532
00:00:10.042,1572871289952,1.575,-0.037000000000000005,69.17399999999999,0.664,3.0,0.005,19.034,0.0,0.135,85.165,0.522,-0.532
00:00:10.043,1572871289953,1.575,-0.04,69.17399999999999,0.664,3.0,0.005,19.06,0.0,0.135,85.48299999999998,0.523,-0.532
00:00:10.092,1572871290002,1.574,-0.043,69.17399999999999,0.664,3.0,0.006,19.086,0.0,0.135,85.801,0.523,-0.532
00:00:10.093,1572871290003,1.574,-0.046,69.17399999999999,0.664,3.0,0.006,19.113,0.0,0.136,86.119,0.524,-0.532
00:00:10.094,1572871290004,1.574,-0.048,69.17399999999999,0.664,3.0,0.006,19.139,0.0,0.136,86.43799999999996,0.524,-0.532
00:00:10.143,1572871290053,1.5730000000000002,-0.05,69.17399999999999,0.664,3.0,0.006,19.165,0.0,0.136,86.757,0.525,-0.532
00:00:10.144,1572871290054,1.5730000000000002,-0.052000000000000005,69.17399999999999,0.664,3.0,0.006999999999999999,19.191,0.0,0.136,87.07700000000001,0.525,-0.532
00:00:10.145,1572871290055,1.5730000000000002,-0.054000000000000006,69.17399999999999,0.664,3.0,0.006999999999999999,19.217,0.0,0.136,87.397,0.526,-0.532
00:00:10.199,1572871290109,1.5719999999999998,-0.055,69.17399999999999,0.664,3.0,0.008,19.244,0.0,0.13699999999999998,87.71700000000001,0.526,-0.532
00:00:10.200,1572871290110,1.5719999999999998,-0.057,69.17399999999999,0.664,3.0,0.008,19.27,0.001,0.13699999999999998,88.038,0.527,-0.532
00:00:10.201,1572871290111,1.5719999999999998,-0.058,69.17399999999999,0.664,3.0,0.009000000000000001,19.296,0.001,0.13699999999999998,88.36,0.527,-0.532
00:00:10.246,1572871290156,1.571,-0.06,69.17399999999999,0.664,3.0,0.009000000000000001,19.322,0.001,0.13699999999999998,88.681,0.528,-0.532
00:00:10.247,1572871290157,1.571,-0.062,69.17399999999999,0.664,3.0,0.01,19.348,0.001,0.13699999999999998,89.00399999999998,0.528,-0.532
00:00:10.248,1572871290158,1.571,-0.064,69.17399999999999,0.664,3.0,0.01,19.375,0.001,0.13699999999999998,89.32600000000002,0.529,-0.532
00:00:10.294,1572871290204,1.57,-0.066,69.17399999999999,0.664,3.0,0.01,19.401,0.002,0.13699999999999998,89.649,0.529,-0.532
00:00:10.295,1572871290205,1.57,-0.068,69.17399999999999,0.664,3.0,0.011,19.427,0.002,0.138,89.973,0.529,-0.532
00:00:10.296,1572871290206,1.57,-0.071,69.17399999999999,0.664,3.0,0.011,19.453,0.002,0.138,90.297,0.53,-0.532
00:00:10.344,1572871290254,1.569,-0.073,69.17399999999999,0.664,3.0,0.012,19.479,0.002,0.138,90.621,0.53,-0.532
00:00:10.345,1572871290255,1.569,-0.075,69.17399999999999,0.664,3.0,0.012,19.505,0.002,0.138,90.946,0.53,-0.532
00:00:10.346,1572871290256,1.569,-0.077,69.17399999999999,0.664,3.0,0.013,19.531,0.003,0.138,91.272,0.531,-0.532
00:00:10.394,1572871290304,1.568,-0.079,69.17399999999999,0.664,3.0,0.013,19.558,0.003,0.138,91.597,0.531,-0.532
00:00:10.395,1572871290305,1.568,-0.08,69.17399999999999,0.664,3.0,0.014,19.584,0.003,0.138,91.924,0.531,-0.532
00:00:10.396,1572871290306,1.568,-0.08199999999999999,69.17399999999999,0.664,3.0,0.014,19.61,0.003,0.138,92.25,0.531,-0.532
00:00:10.445,1572871290355,1.567,-0.083,69.17399999999999,0.664,3.0,0.015,19.636,0.003,0.139,92.577,0.531,-0.532
00:00:10.446,1572871290356,1.567,-0.083,69.17399999999999,0.664,3.0,0.015,19.662,0.003,0.139,92.905,0.532,-0.532
00:00:10.447,1572871290357,1.567,-0.084,69.17399999999999,0.664,3.0,0.016,19.688,0.004,0.139,93.233,0.532,-0.532
00:00:10.495,1572871290405,1.5659999999999998,-0.084,69.17399999999999,0.664,3.0,0.016,19.714,0.004,0.139,93.561,0.532,-0.532
00:00:10.496,1572871290406,1.5659999999999998,-0.084,69.17399999999999,0.664,3.0,0.017,19.74,0.004,0.139,93.89,0.532,-0.532
00:00:10.497,1572871290407,1.5659999999999998,-0.085,69.17399999999999,0.664,3.0,0.017,19.766,0.004,0.139,94.219,0.532,-0.532
00:00:10.546,1572871290456,1.565,-0.085,69.17399999999999,0.664,3.0,0.018000000000000002,19.793,0.004,0.139,94.549,0.532,-0.532
00:00:10.547,1572871290457,1.565,-0.085,69.17399999999999,0.664,3.0,0.018000000000000002,19.819000000000006,0.004,0.139,94.879,0.532,-0.532
00:00:10.548,1572871290458,1.565,-0.085,69.17399999999999,0.664,3.0,0.018000000000000002,19.845,0.004,0.14,95.209,0.532,-0.532
00:00:10.596,1572871290506,1.564,-0.085,69.17399999999999,0.664,3.0,0.019,19.871,0.004,0.14,95.54,0.532,-0.532
00:00:10.597,1572871290507,1.564,-0.085,69.17399999999999,0.664,3.0,0.019,19.897,0.005,0.14,95.872,0.532,-0.532
00:00:10.598,1572871290508,1.564,-0.085,69.17399999999999,0.664,3.0,0.02,19.923,0.005,0.14,96.204,0.532,-0.532
00:00:10.646,1572871290556,1.5630000000000002,-0.085,69.17399999999999,0.664,3.0,0.02,19.949,0.005,0.14,96.536,0.532,-0.532
00:00:10.647,1572871290557,1.5630000000000002,-0.085,69.17399999999999,0.664,3.0,0.02,19.975,0.005,0.14,96.869,0.532,-0.532
00:00:10.648,1572871290558,1.5630000000000002,-0.085,69.17399999999999,0.664,3.0,0.021,20.003,0.005,0.141,97.223,0.532,-0.532
00:00:10.699,1572871290609,1.5630000000000002,-0.085,69.17399999999999,0.664,3.0,0.021,20.027,0.005,0.141,97.535,0.531,-0.532
00:00:10.700,1572871290610,1.5619999999999998,-0.084,69.17399999999999,0.664,3.0,0.021,20.053,0.005,0.141,97.869,0.531,-0.532
00:00:10.701,1572871290611,1.5619999999999998,-0.084,69.17399999999999,0.664,3.0,0.022,20.081,0.005,0.141,98.225,0.531,-0.532
00:00:10.751,1572871290661,1.5619999999999998,-0.083,69.32,0.664,3.0,0.022,20.105,0.005,0.141,98.539,0.531,-0.532
00:00:10.752,1572871290662,1.561,-0.083,69.32,0.664,3.0,0.022,20.131,0.005,0.141,98.874,0.531,-0.532
00:00:10.753,1572871290663,1.561,-0.083,69.32,0.664,3.0,0.022,20.157,0.005,0.142,99.21,0.53,-0.532
00:00:10.801,1572871290711,1.561,-0.08199999999999999,69.32,0.664,3.0,0.022,20.183,0.005,0.142,99.546,0.53,-0.532
00:00:10.802,1572871290712,1.561,-0.08199999999999999,69.32,0.664,3.0,0.023,20.209,0.005,0.142,99.882,0.53,-0.532
00:00:10.803,1572871290713,1.561,-0.081,69.32,0.664,3.0,0.023,20.235,0.005,0.142,100.22,0.529,-0.532
00:00:10.804,1572871290714,1.561,-0.081,69.98,0.664,3.0,0.023,20.261,0.005,0.142,100.557,0.529,-0.532
00:00:10.852,1572871290762,1.561,-0.08,69.98,0.664,3.0,0.023,20.287,0.005,0.142,100.895,0.528,-0.532
00:00:10.853,1572871290763,1.561,-0.08,69.98,0.664,3.0,0.023,20.313,0.005,0.14300000000000002,101.233,0.528,-0.532
00:00:10.854,1572871290764,1.5619999999999998,-0.079,69.98,0.664,3.0,0.024,20.339,0.005,0.14300000000000002,101.572,0.528,-0.532
00:00:10.902,1572871290812,1.5630000000000002,-0.079,69.98,0.664,3.0,0.024,20.365,0.005,0.14300000000000002,101.911,0.527,-0.532
00:00:10.903,1572871290813,1.564,-0.078,69.98,0.664,3.0,0.024,20.391,0.005,0.14300000000000002,102.251,0.527,-0.532
00:00:10.904,1572871290814,1.564,-0.077,70.199,0.664,3.0,0.024,20.418,0.005,0.14300000000000002,102.591,0.526,-0.532
00:00:10.952,1572871290862,1.5630000000000002,-0.077,70.199,0.664,3.0,0.024,20.444000000000006,0.005,0.14300000000000002,102.931,0.526,-0.532
00:00:10.953,1572871290863,1.5619999999999998,-0.076,70.199,0.664,3.0,0.024,20.47,0.005,0.14400000000000002,103.272,0.525,-0.532
00:00:10.954,1572871290864,1.5619999999999998,-0.076,70.199,0.664,3.0,0.024,20.496,0.005,0.14400000000000002,103.614,0.524,-0.532
00:00:11.002,1572871290912,1.561,-0.076,70.199,0.664,3.0,0.024,20.522,0.005,0.14400000000000002,103.956,0.524,-0.532
00:00:11.003,1572871290913,1.561,-0.076,70.199,0.664,3.0,0.024,20.548,0.005,0.14400000000000002,104.298,0.523,-0.532
00:00:11.004,1572871290914,1.56,-0.075,70.199,0.664,3.0,0.024,20.574,0.005,0.14400000000000002,104.641,0.523,-0.532
00:00:11.053,1572871290963,1.56,-0.075,70.199,0.664,3.0,0.024,20.6,0.005,0.145,104.984,0.522,-0.532
00:00:11.054,1572871290964,1.5590000000000002,-0.07400000000000001,70.199,0.664,3.0,0.024,20.626,0.005,0.145,105.327,0.521,-0.532
00:00:11.055,1572871290965,1.5590000000000002,-0.07400000000000001,70.199,0.664,3.0,0.024,20.652,0.005,0.145,105.671,0.521,-0.532
00:00:11.103,1572871291013,1.558,-0.07400000000000001,70.199,0.664,3.0,0.024,20.678,0.005,0.145,106.016,0.52,-0.532
00:00:11.104,1572871291014,1.558,-0.073,70.199,0.664,3.0,0.024,20.703000000000007,0.005,0.145,106.36,0.519,-0.532
00:00:11.105,1572871291015,1.557,-0.073,70.199,0.664,3.0,0.024,20.729,0.005,0.145,106.706,0.518,-0.532
00:00:11.154,1572871291064,1.557,-0.073,70.199,0.664,3.0,0.024,20.755,0.005,0.146,107.051,0.518,-0.5329999999999999
00:00:11.155,1572871291065,1.556,-0.073,70.199,0.664,3.0,0.024,20.781,0.005,0.146,107.398,0.517,-0.5329999999999999
00:00:11.156,1572871291066,1.556,-0.07200000000000001,70.199,0.664,3.0,0.024,20.807,0.005,0.146,107.744,0.516,-0.5329999999999999
00:00:11.204,1572871291114,1.556,-0.07200000000000001,70.199,0.664,3.0,0.024,20.833,0.005,0.146,108.091,0.515,-0.5329999999999999
00:00:11.205,1572871291115,1.555,-0.07200000000000001,70.199,0.664,3.0,0.025,20.861,0.005,0.146,108.46,0.514,-0.5329999999999999
00:00:11.206,1572871291116,1.555,-0.071,70.199,0.664,3.0,0.025,20.885,0.005,0.146,108.787,0.513,-0.5329999999999999
00:00:11.255,1572871291165,1.554,-0.071,70.199,0.664,3.0,0.025,20.911,0.005,0.146,109.135,0.512,-0.5329999999999999
00:00:11.256,1572871291166,1.554,-0.071,70.199,0.664,3.0,0.025,20.938,0.005,0.147,109.505,0.511,-0.5329999999999999
00:00:11.257,1572871291167,1.5530000000000002,-0.071,70.199,0.664,3.0,0.025,20.963,0.005,0.147,109.833,0.51,-0.5329999999999999
00:00:11.311,1572871291221,1.5530000000000002,-0.07,70.199,0.664,3.0,0.025,20.988000000000003,0.005,0.147,110.182,0.509,-0.5329999999999999
00:00:11.312,1572871291222,1.5519999999999998,-0.07,70.199,0.664,3.0,0.025,21.014,0.005,0.147,110.532,0.508,-0.5329999999999999
00:00:11.313,1572871291223,1.5519999999999998,-0.07,70.346,0.664,3.0,0.025,21.04,0.005,0.147,110.883,0.507,-0.5329999999999999
00:00:11.361,1572871291271,1.551,-0.07,70.346,0.664,3.0,0.025,21.066,0.005,0.147,111.234,0.506,-0.5329999999999999
00:00:11.362,1572871291272,1.551,-0.069,70.346,0.664,3.0,0.024,21.092,0.005,0.147,111.585,0.505,-0.5329999999999999
00:00:11.363,1572871291273,1.55,-0.069,70.346,0.664,3.0,0.024,21.119,0.005,0.147,111.959,0.504,-0.5329999999999999
00:00:11.409,1572871291319,1.55,-0.069,70.346,0.664,3.0,0.024,21.145,0.005,0.14800000000000002,112.311,0.503,-0.5329999999999999
00:00:11.410,1572871291320,1.5490000000000002,-0.069,70.346,0.664,3.0,0.024,21.169,0.005,0.14800000000000002,112.642,0.502,-0.5329999999999999
00:00:11.411,1572871291321,1.5490000000000002,-0.069,70.346,0.664,3.0,0.024,21.195,0.005,0.14800000000000002,112.995,0.501,-0.5329999999999999
00:00:11.456,1572871291366,1.548,-0.069,70.346,0.664,3.0,0.024,21.223000000000006,0.005,0.14800000000000002,113.37,0.5,-0.5329999999999999
00:00:11.457,1572871291367,1.548,-0.069,70.346,0.664,3.0,0.024,21.247,0.005,0.14800000000000002,113.702,0.498,-0.5329999999999999
00:00:11.458,1572871291368,1.547,-0.069,70.346,0.664,3.0,0.024,21.274,0.005,0.14800000000000002,114.078,0.4970000000000001,-0.5329999999999999
00:00:11.514,1572871291424,1.547,-0.069,70.346,0.664,3.0,0.024,21.3,0.005,0.14800000000000002,114.433,0.496,-0.5329999999999999
00:00:11.515,1572871291425,1.546,-0.069,70.346,0.664,3.0,0.024,21.326,0.005,0.14800000000000002,114.788,0.495,-0.5329999999999999
00:00:11.516,1572871291426,1.546,-0.069,70.492,0.664,3.0,0.024,21.351,0.005,0.149,115.144,0.493,-0.5329999999999999
00:00:11.563,1572871291473,1.545,-0.069,70.492,0.664,3.0,0.024,21.377,0.005,0.149,115.5,0.4920000000000001,-0.5329999999999999
00:00:11.564,1572871291474,1.545,-0.068,70.492,0.664,3.0,0.024,21.403,0.005,0.149,115.857,0.491,-0.5329999999999999
00:00:11.565,1572871291475,1.544,-0.068,70.492,0.664,3.0,0.024,21.429,0.005,0.149,116.214,0.489,-0.5329999999999999
00:00:11.607,1572871291517,1.544,-0.068,70.492,0.664,3.0,0.024,21.454,0.005,0.149,116.571,0.488,-0.5329999999999999
00:00:11.608,1572871291518,1.543,-0.068,70.492,0.664,3.0,0.024,21.48,0.005,0.149,116.929,0.487,-0.5329999999999999
00:00:11.609,1572871291519,1.543,-0.068,70.492,0.664,3.0,0.024,21.506,0.005,0.149,117.287,0.485,-0.5329999999999999
00:00:11.663,1572871291573,1.5419999999999998,-0.068,70.492,0.664,3.0,0.024,21.531,0.005,0.149,117.646,0.484,-0.5329999999999999
00:00:11.664,1572871291574,1.5419999999999998,-0.068,70.492,0.664,3.0,0.024,21.557,0.005,0.15,118.005,0.483,-0.5329999999999999
00:00:11.665,1572871291575,1.541,-0.068,70.492,0.664,3.0,0.024,21.583,0.005,0.15,118.364,0.481,-0.5329999999999999
00:00:11.714,1572871291624,1.541,-0.068,70.492,0.664,3.0,0.024,21.608,0.005,0.15,118.724,0.48,-0.5329999999999999
00:00:11.715,1572871291625,1.54,-0.068,70.492,0.664,3.0,0.024,21.634,0.005,0.15,119.085,0.478,-0.5329999999999999
00:00:11.716,1572871291626,1.54,-0.068,70.639,0.664,3.0,0.024,21.66,0.005,0.15,119.445,0.477,-0.5329999999999999
00:00:11.765,1572871291675,1.539,-0.069,70.639,0.664,3.0,0.024,21.685,0.005,0.15,119.807,0.475,-0.5329999999999999
00:00:11.766,1572871291676,1.539,-0.069,70.639,0.664,3.0,0.024,21.711,0.005,0.15,120.168,0.473,-0.5329999999999999
00:00:11.767,1572871291677,1.538,-0.069,70.639,0.664,3.0,0.024,21.737,0.005,0.15,120.53,0.472,-0.5329999999999999
00:00:11.815,1572871291725,1.538,-0.069,70.639,0.664,3.0,0.024,21.762,0.005,0.15,120.893,0.47,-0.5329999999999999
00:00:11.816,1572871291726,1.537,-0.069,70.639,0.664,3.0,0.024,21.788,0.005,0.151,121.256,0.469,-0.5329999999999999
00:00:11.817,1572871291727,1.537,-0.069,70.639,0.664,3.0,0.024,21.814,0.005,0.151,121.619,0.467,-0.5329999999999999
00:00:11.865,1572871291775,1.536,-0.069,70.639,0.664,3.0,0.024,21.839,0.005,0.151,121.983,0.465,-0.5329999999999999
00:00:11.866,1572871291776,1.536,-0.069,70.639,0.664,3.0,0.024,21.865,0.005,0.151,122.347,0.464,-0.5329999999999999
00:00:11.867,1572871291777,1.535,-0.069,70.639,0.664,3.0,0.024,21.89,0.005,0.151,122.712,0.462,-0.5329999999999999
00:00:11.915,1572871291825,1.535,-0.069,70.639,0.664,3.0,0.024,21.916,0.005,0.151,123.077,0.46,-0.5329999999999999
00:00:11.916,1572871291826,1.534,-0.069,70.639,0.664,3.0,0.024,21.941,0.005,0.151,123.442,0.458,-0.5329999999999999
00:00:11.917,1572871291827,1.534,-0.069,70.639,0.664,3.0,0.024,21.967,0.005,0.151,123.808,0.457,-0.5329999999999999
00:00:11.972,1572871291882,1.533,-0.069,70.639,0.664,3.0,0.024,21.993,0.005,0.152,124.174,0.455,-0.5329999999999999
00:00:11.973,1572871291883,1.533,-0.07,70.639,0.664,3.0,0.024,22.018,0.005,0.152,124.541,0.453,-0.5329999999999999
00:00:11.974,1572871291884,1.5319999999999998,-0.07,70.639,0.664,3.0,0.024,22.044,0.005,0.152,124.908,0.451,-0.5329999999999999
00:00:12.017,1572871291927,1.5319999999999998,-0.07,70.639,0.664,3.0,0.024,22.06900000000001,0.005,0.152,125.276,0.449,-0.5329999999999999
00:00:12.018,1572871291928,1.531,-0.07,70.639,0.664,3.0,0.024,22.095,0.005,0.152,125.644,0.447,-0.5329999999999999
00:00:12.019,1572871291929,1.531,-0.07,70.639,0.664,3.0,0.024,22.12,0.005,0.152,126.012,0.446,-0.5329999999999999
00:00:12.067,1572871291977,1.53,-0.07,70.639,0.664,3.0,0.024,22.146,0.005,0.152,126.381,0.444,-0.5329999999999999
00:00:12.068,1572871291978,1.53,-0.07,70.639,0.664,3.0,0.024,22.171,0.005,0.152,126.751,0.442,-0.5329999999999999
00:00:12.069,1572871291979,1.529,-0.07,70.639,0.664,3.0,0.024,22.197,0.005,0.152,127.12,0.44,-0.5329999999999999
00:00:12.070,1572871291980,1.529,-0.07,70.639,0.664,3.0,0.024,22.222,0.005,0.153,127.491,0.438,-0.5329999999999999
00:00:12.118,1572871292028,1.529,-0.07,70.639,0.664,3.0,0.024,22.248,0.005,0.153,127.861,0.436,-0.5329999999999999
00:00:12.119,1572871292029,1.528,-0.07,70.859,0.664,3.0,0.024,22.273000000000003,0.005,0.153,128.232,0.434,-0.5329999999999999
00:00:12.120,1572871292030,1.528,-0.07,70.859,0.664,3.0,0.025,22.299,0.005,0.153,128.60399999999998,0.4320000000000001,-0.5329999999999999
00:00:12.169,1572871292079,1.527,-0.07,70.859,0.664,3.0,0.025,22.322,0.005,0.153,128.952,0.43,-0.5329999999999999
00:00:12.170,1572871292080,1.527,-0.07,70.859,0.664,3.0,0.025,22.349,0.005,0.153,129.34799999999998,0.4270000000000001,-0.5329999999999999
00:00:12.171,1572871292081,1.526,-0.07,70.859,0.664,3.0,0.025,22.375,0.005,0.153,129.72,0.425,-0.5329999999999999
00:00:12.224,1572871292134,1.526,-0.07,70.859,0.664,3.0,0.025,22.4,0.006,0.153,130.094,0.423,-0.5329999999999999
00:00:12.225,1572871292135,1.525,-0.07,71.005,0.664,3.0,0.025,22.426,0.006,0.154,130.467,0.421,-0.5329999999999999
00:00:12.226,1572871292136,1.525,-0.07,71.005,0.664,3.0,0.025,22.451,0.006,0.154,130.841,0.419,-0.5329999999999999
00:00:12.273,1572871292183,1.524,-0.07,71.005,0.664,3.0,0.025,22.476,0.006,0.154,131.215,0.417,-0.5329999999999999
00:00:12.274,1572871292184,1.524,-0.071,71.005,0.664,3.0,0.025,22.502,0.006,0.154,131.59,0.414,-0.5329999999999999
00:00:12.275,1572871292185,1.523,-0.071,71.005,0.664,3.0,0.025,22.527,0.006,0.154,131.966,0.412,-0.5329999999999999
00:00:12.323,1572871292233,1.523,-0.071,71.005,0.664,3.0,0.025,22.553,0.006,0.154,132.341,0.41,-0.5329999999999999
00:00:12.324,1572871292234,1.5219999999999998,-0.071,71.298,0.664,3.0,0.025,22.57800000000001,0.006,0.154,132.717,0.407,-0.5329999999999999
00:00:12.325,1572871292235,1.5219999999999998,-0.071,71.298,0.664,3.0,0.025,22.603,0.006,0.154,133.094,0.405,-0.5329999999999999
00:00:12.374,1572871292284,1.521,-0.071,71.298,0.664,3.0,0.025,22.629,0.006,0.154,133.471,0.403,-0.5329999999999999
00:00:12.375,1572871292285,1.521,-0.071,71.298,0.664,3.0,0.025,22.654,0.006,0.155,133.84799999999998,0.4,-0.5329999999999999
00:00:12.376,1572871292286,1.52,-0.071,71.298,0.664,3.0,0.025,22.679,0.006,0.155,134.226,0.398,-0.5329999999999999
00:00:12.424,1572871292334,1.52,-0.07,71.298,0.664,3.0,0.025,22.705,0.006,0.155,134.60399999999998,0.396,-0.5329999999999999
00:00:12.425,1572871292335,1.519,-0.07,71.664,0.664,3.0,0.025,22.73,0.006,0.155,134.983,0.393,-0.5329999999999999
00:00:12.426,1572871292336,1.519,-0.069,71.664,0.664,3.0,0.025,22.755,0.006,0.155,135.362,0.391,-0.5329999999999999
00:00:12.478,1572871292388,1.518,-0.068,71.664,0.664,3.0,0.025,22.781,0.006,0.155,135.741,0.388,-0.5329999999999999
00:00:12.479,1572871292389,1.518,-0.066,71.664,0.664,3.0,0.025,22.806,0.006,0.155,136.121,0.386,-0.5329999999999999
00:00:12.480,1572871292390,1.517,-0.064,71.664,0.664,3.0,0.025,22.831,0.006,0.155,136.501,0.383,-0.5329999999999999
00:00:12.525,1572871292435,1.517,-0.061,71.664,0.664,3.0,0.025,22.856,0.006,0.155,136.882,0.381,-0.5329999999999999
00:00:12.526,1572871292436,1.516,-0.058,71.811,0.664,3.0,0.026,22.882,0.006,0.156,137.263,0.378,-0.5329999999999999
00:00:12.527,1572871292437,1.516,-0.054000000000000006,71.811,0.664,3.0,0.026,22.907,0.006999999999999999,0.156,137.645,0.376,-0.5329999999999999
00:00:12.575,1572871292485,1.515,-0.049,71.811,0.664,3.0,0.026,22.932,0.006999999999999999,0.156,138.02700000000002,0.373,-0.5329999999999999
00:00:12.576,1572871292486,1.515,-0.044,71.811,0.664,3.0,0.026,22.957,0.006999999999999999,0.156,138.409,0.37,-0.5329999999999999
00:00:12.577,1572871292487,1.514,-0.039,71.811,0.664,3.0,0.026,22.983,0.006999999999999999,0.156,138.792,0.368,-0.5329999999999999
00:00:12.625,1572871292535,1.514,-0.033,71.811,0.664,3.0,0.026,23.00800000000001,0.006999999999999999,0.156,139.175,0.365,-0.5329999999999999
00:00:12.626,1572871292536,1.513,-0.027000000000000003,72.031,0.664,3.0,0.025,23.033,0.006999999999999999,0.156,139.559,0.362,-0.5329999999999999
00:00:12.627,1572871292537,1.513,-0.021,72.031,0.664,3.0,0.025,23.058000000000003,0.006999999999999999,0.157,139.94299999999998,0.36,-0.5329999999999999
00:00:12.676,1572871292586,1.5119999999999998,-0.016,72.031,0.664,3.0,0.024,23.083,0.006999999999999999,0.157,140.328,0.35700000000000004,-0.5329999999999999
00:00:12.677,1572871292587,1.5119999999999998,-0.01,72.031,0.664,3.0,0.024,23.109,0.006999999999999999,0.157,140.713,0.354,-0.5329999999999999
00:00:12.678,1572871292588,1.5119999999999998,-0.004,72.031,0.664,3.0,0.023,23.134,0.006999999999999999,0.157,141.09799999999996,0.35200000000000004,-0.5329999999999999
00:00:12.731,1572871292641,1.511,0.003,72.031,0.664,3.0,0.023,23.159,0.006999999999999999,0.157,141.484,0.349,-0.5329999999999999
00:00:12.732,1572871292642,1.511,0.009000000000000001,72.32300000000002,0.664,3.0,0.022,23.184,0.006999999999999999,0.157,141.87,0.34600000000000003,-0.5329999999999999
00:00:12.733,1572871292643,1.51,0.015,72.32300000000002,0.664,3.0,0.021,23.209,0.006,0.158,142.256,0.344,-0.5329999999999999
00:00:12.781,1572871292691,1.51,0.02,72.32300000000002,0.664,3.0,0.02,23.235,0.006,0.158,142.644,0.341,-0.5329999999999999
00:00:12.782,1572871292692,1.509,0.025,72.32300000000002,0.664,3.0,0.019,23.26,0.005,0.158,143.031,0.338,-0.5329999999999999
00:00:12.783,1572871292693,1.509,0.03,72.32300000000002,0.664,3.0,0.018000000000000002,23.285,0.005,0.158,143.41899999999995,0.336,-0.5329999999999999
00:00:12.853,1572871292763,1.508,0.034,72.32300000000002,0.664,3.0,0.016,23.31,0.004,0.158,143.80700000000004,0.333,-0.5329999999999999
00:00:12.854,1572871292764,1.507,0.038,72.47,0.664,3.0,0.015,23.335,0.003,0.158,144.196,0.33,-0.5329999999999999
00:00:12.855,1572871292765,1.507,0.041,72.47,0.664,3.0,0.014,23.36,0.002,0.158,144.585,0.328,-0.5329999999999999
00:00:12.856,1572871292766,1.506,0.045,72.47,0.664,3.0,0.012,23.385,0.001,0.158,144.975,0.325,-0.5329999999999999
00:00:12.893,1572871292803,1.506,0.048,72.47,0.664,3.0,0.011,23.41,0.0,0.158,145.364,0.32299999999999995,-0.5329999999999999
00:00:12.894,1572871292804,1.505,0.052000000000000005,72.47,0.664,3.0,0.01,23.435,-0.001,0.158,145.755,0.32,-0.5329999999999999
00:00:12.895,1572871292805,1.505,0.055,72.47,0.664,3.0,0.009000000000000001,23.46,-0.002,0.158,146.14600000000004,0.317,-0.5329999999999999
00:00:12.943,1572871292853,1.504,0.059,72.47,0.664,3.0,0.006999999999999999,23.486,-0.003,0.158,146.537,0.315,-0.5329999999999999
00:00:12.944,1572871292854,1.503,0.062,72.47,0.664,3.0,0.006,23.511,-0.004,0.158,146.929,0.312,-0.5329999999999999
00:00:12.945,1572871292855,1.503,0.065,72.47,0.664,3.0,0.005,23.536,-0.005,0.158,147.321,0.31,-0.5329999999999999
00:00:12.993,1572871292903,1.5019999999999998,0.068,72.47,0.664,3.0,0.004,23.561,-0.005,0.158,147.713,0.307,-0.5329999999999999
00:00:12.994,1572871292904,1.5019999999999998,0.071,72.47,0.664,3.0,0.002,23.586,-0.006,0.158,148.106,0.305,-0.5329999999999999
00:00:12.995,1572871292905,1.501,0.073,72.47,0.664,3.0,0.001,23.611,-0.006999999999999999,0.158,148.499,0.302,-0.5329999999999999
00:00:13.044,1572871292954,1.501,0.075,64.193,0.664,3.0,0.0,23.636,-0.006999999999999999,0.159,148.893,0.3,-0.5329999999999999
00:00:13.045,1572871292955,1.5,0.077,64.193,0.664,3.0,-0.001,23.661,-0.008,0.159,149.287,0.297,-0.5329999999999999
00:00:13.046,1572871292956,1.493,0.079,64.193,0.664,3.0,-0.002,23.685,-0.009000000000000001,0.159,149.68200000000004,0.295,-0.5329999999999999
00:00:13.095,1572871293005,1.479,0.08,64.193,0.664,3.0,-0.004,23.71,-0.009000000000000001,0.159,150.077,0.292,-0.5329999999999999
00:00:13.096,1572871293006,1.463,0.08,64.193,0.664,3.0,-0.005,23.734,-0.009000000000000001,0.158,150.472,0.29,-0.5329999999999999
00:00:13.097,1572871293007,1.45,0.08,64.193,0.664,3.0,-0.006,23.75800000000001,-0.01,0.158,150.868,0.28800000000000003,-0.5329999999999999
00:00:13.146,1572871293056,1.443,0.08,29.329,0.664,3.0,-0.006999999999999999,23.782,-0.01,0.158,151.264,0.285,-0.5329999999999999
00:00:13.147,1572871293057,1.4380000000000002,0.079,29.329,0.664,3.0,-0.006999999999999999,23.806,-0.01,0.158,151.66,0.28300000000000003,-0.5329999999999999
00:00:13.148,1572871293058,1.419,0.078,29.329,0.664,3.0,-0.008,23.829,-0.01,0.157,152.05700000000004,0.281,-0.5329999999999999
00:00:13.196,1572871293106,1.384,0.077,29.329,0.664,3.0,-0.009000000000000001,23.852,-0.01,0.157,152.455,0.278,-0.5329999999999999
00:00:13.197,1572871293107,1.342,0.076,29.329,0.664,3.0,-0.01,23.873,-0.01,0.156,152.852,0.276,-0.5329999999999999
00:00:13.198,1572871293108,1.297,0.075,29.329,0.664,3.0,-0.011,23.894,-0.01,0.155,153.251,0.274,-0.5329999999999999
00:00:13.250,1572871293160,1.256,0.07400000000000001,1.643,0.664,3.0,-0.011,23.915,-0.01,0.153,153.649,0.272,-0.5329999999999999
00:00:13.251,1572871293161,1.2009999999999998,0.07200000000000001,1.643,0.664,3.0,-0.012,23.934,-0.009000000000000001,0.151,154.048,0.269,-0.5329999999999999
00:00:13.252,1572871293162,0.987,0.07,1.643,0.664,3.0,-0.013,23.946,-0.009000000000000001,0.14800000000000002,154.447,0.267,-0.5329999999999999
00:00:13.299,1572871293209,0.5329999999999999,0.07,1.643,0.664,3.0,-0.013,23.947,-0.009000000000000001,0.142,154.846,0.265,-0.5329999999999999
00:00:13.300,1572871293210,0.062,0.071,1.643,0.664,3.0,-0.014,23.943,-0.008,0.133,155.245,0.263,-0.5329999999999999
00:00:13.301,1572871293211,-0.171,0.07,1.643,0.664,3.0,-0.014,23.938,-0.008,0.123,155.644,0.261,-0.5329999999999999
00:00:13.349,1572871293259,-0.166,0.064,1.13,0.664,3.0,-0.015,23.937,-0.008,0.112,156.043,0.259,-0.5329999999999999
00:00:13.350,1572871293260,-0.095,0.06,1.13,0.664,3.0,-0.015,23.936,-0.006999999999999999,0.099,156.442,0.257,-0.5329999999999999
00:00:13.351,1572871293261,-0.118,0.056,1.13,0.664,3.0,-0.015,23.933000000000003,-0.006999999999999999,0.086,156.841,0.254,-0.5329999999999999
00:00:13.401,1572871293311,-0.165,0.053,1.13,0.664,3.0,-0.016,23.93,-0.006999999999999999,0.073,157.24,0.252,-0.5329999999999999
00:00:13.402,1572871293312,-0.173,0.05,1.13,0.664,3.0,-0.016,23.927,-0.006,0.059,157.638,0.25,-0.5329999999999999
00:00:13.403,1572871293313,-0.19,0.047,1.13,0.664,3.0,-0.016,23.924,-0.006,0.045,158.037,0.248,-0.5329999999999999
00:00:13.404,1572871293314,-0.202,0.045,1.13,0.664,3.0,-0.016,23.92,-0.006,0.03,158.436,0.246,-0.5329999999999999
00:00:13.452,1572871293362,-0.213,0.043,1.13,0.664,3.0,-0.016,23.917,-0.005,0.016,158.834,0.244,-0.5329999999999999
00:00:13.453,1572871293363,-0.223,0.041,1.13,0.664,3.0,-0.016,23.913,-0.005,0.002,159.233,0.242,-0.532
00:00:13.454,1572871293364,-0.231,0.039,1.13,0.664,3.0,-0.016,23.909,-0.005,-0.012,159.632,0.24,-0.532
00:00:13.503,1572871293413,-0.238,0.037000000000000005,1.13,0.664,3.0,-0.016,23.905,-0.004,-0.026,160.03,0.238,-0.532
00:00:13.504,1572871293414,-0.245,0.035,1.13,0.664,3.0,-0.016,23.901,-0.004,-0.039,160.428,0.236,-0.532
00:00:13.505,1572871293415,-0.251,0.033,0.983,0.664,3.0,-0.016,23.896,-0.004,-0.052000000000000005,160.827,0.234,-0.532
00:00:13.553,1572871293463,-0.257,0.03,0.983,0.664,3.0,-0.016,23.892,-0.003,-0.064,161.225,0.232,-0.532
00:00:13.554,1572871293464,-0.264,0.028,0.983,0.664,3.0,-0.016,23.887,-0.003,-0.076,161.623,0.23,-0.531
00:00:13.555,1572871293465,-0.27,0.027000000000000003,0.983,0.664,3.0,-0.016,23.88300000000001,-0.003,-0.086,162.02100000000004,0.228,-0.531
00:00:13.603,1572871293513,-0.275,0.025,0.983,0.664,3.0,-0.015,23.878,-0.003,-0.096,162.41899999999995,0.226,-0.531
00:00:13.604,1572871293514,-0.279,0.023,0.983,0.664,3.0,-0.015,23.873,-0.002,-0.105,162.817,0.224,-0.531
00:00:13.605,1572871293515,-0.28300000000000003,0.022,0.983,0.664,3.0,-0.015,23.869,-0.002,-0.113,163.215,0.223,-0.531
00:00:13.655,1572871293565,-0.28600000000000003,0.02,0.983,0.664,3.0,-0.015,23.864,-0.002,-0.12,163.613,0.221,-0.531
00:00:13.656,1572871293566,-0.289,0.019,0.983,0.664,3.0,-0.014,23.859,-0.002,-0.126,164.01,0.219,-0.531
00:00:13.657,1572871293567,-0.292,0.018000000000000002,0.983,0.664,3.0,-0.014,23.854,-0.002,-0.132,164.408,0.217,-0.531
00:00:13.705,1572871293615,-0.294,0.018000000000000002,0.983,0.664,3.0,-0.014,23.849,-0.002,-0.136,164.805,0.215,-0.531
00:00:13.706,1572871293616,-0.297,0.017,0.983,0.664,3.0,-0.014,23.844,-0.002,-0.139,165.203,0.213,-0.531
00:00:13.707,1572871293617,-0.298,0.017,0.983,0.664,3.0,-0.013,23.839,-0.001,-0.141,165.6,0.211,-0.532
00:00:13.756,1572871293666,-0.3,0.017,0.983,0.664,3.0,-0.013,23.834,-0.001,-0.142,165.998,0.209,-0.532
00:00:13.757,1572871293667,-0.301,0.016,0.983,0.664,3.0,-0.013,23.829,-0.001,-0.142,166.395,0.207,-0.532
00:00:13.758,1572871293668,-0.303,0.015,0.983,0.664,3.0,-0.013,23.824,-0.001,-0.141,166.792,0.205,-0.532
00:00:13.807,1572871293717,-0.304,0.015,0.983,0.664,3.0,-0.012,23.81900000000001,-0.001,-0.139,167.18900000000005,0.203,-0.5329999999999999
00:00:13.808,1572871293718,-0.305,0.014,0.983,0.664,3.0,-0.012,23.814,-0.001,-0.13699999999999998,167.58599999999996,0.202,-0.5329999999999999
00:00:13.809,1572871293719,-0.306,0.013,1.13,0.664,3.0,-0.012,23.809,-0.001,-0.135,167.983,0.2,-0.5329999999999999
00:00:13.866,1572871293776,-0.306,0.013,1.13,0.664,3.0,-0.012,23.804,-0.001,-0.132,168.37900000000005,0.198,-0.5329999999999999
00:00:13.867,1572871293777,-0.305,0.012,1.13,0.664,3.0,-0.011,23.798,-0.001,-0.129,168.77599999999995,0.196,-0.534
00:00:13.868,1572871293778,-0.305,0.012,1.13,0.664,3.0,-0.011,23.79300000000001,-0.001,-0.125,169.173,0.194,-0.534
00:00:13.911,1572871293821,-0.305,0.012,1.13,0.664,3.0,-0.011,23.788,-0.001,-0.122,169.56900000000005,0.192,-0.534
00:00:13.912,1572871293822,-0.305,0.012,1.13,0.664,3.0,-0.011,23.783,-0.001,-0.118,169.96599999999995,0.19,-0.534
00:00:13.913,1572871293823,-0.306,0.012,1.276,0.664,3.0,-0.01,23.778,-0.001,-0.115,170.362,0.189,-0.534
00:00:13.959,1572871293869,-0.305,0.013,1.276,0.664,3.0,-0.01,23.773000000000003,-0.001,-0.111,170.75799999999995,0.187,-0.535
00:00:13.960,1572871293870,-0.304,0.013,1.276,0.664,3.0,-0.01,23.768,-0.001,-0.108,171.15400000000002,0.185,-0.535
00:00:13.961,1572871293871,-0.304,0.013,1.276,0.664,3.0,-0.01,23.763,-0.001,-0.105,171.551,0.183,-0.535
00:00:14.009,1572871293919,-0.304,0.014,1.276,0.664,3.0,-0.01,23.75800000000001,-0.001,-0.102,171.947,0.181,-0.535
00:00:14.010,1572871293920,-0.304,0.014,1.276,0.664,3.0,-0.009000000000000001,23.753,-0.001,-0.099,172.342,0.179,-0.535
00:00:14.011,1572871293921,-0.304,0.014,1.276,0.664,3.0,-0.009000000000000001,23.748,-0.001,-0.096,172.738,0.17800000000000002,-0.535
00:00:14.059,1572871293969,-0.305,0.015,1.276,0.664,3.0,-0.009000000000000001,23.743,-0.001,-0.094,173.134,0.17600000000000002,-0.535
00:00:14.060,1572871293970,-0.305,0.016,1.276,0.664,3.0,-0.009000000000000001,23.738000000000003,-0.001,-0.092,173.53,0.174,-0.536
00:00:14.061,1572871293971,-0.306,0.016,1.276,0.664,3.0,-0.009000000000000001,23.733,-0.001,-0.09,173.925,0.172,-0.536
00:00:14.109,1572871294019,-0.306,0.016,1.276,0.664,3.0,-0.009000000000000001,23.727,-0.001,-0.08800000000000001,174.321,0.17,-0.536
00:00:14.110,1572871294020,-0.306,0.017,1.276,0.664,3.0,-0.009000000000000001,23.722,-0.001,-0.087,174.71599999999995,0.16899999999999998,-0.536
00:00:14.111,1572871294021,-0.307,0.017,1.423,0.664,3.0,-0.009000000000000001,23.717,-0.001,-0.086,175.112,0.16699999999999998,-0.536
00:00:14.160,1572871294070,-0.306,0.018000000000000002,1.423,0.664,3.0,-0.009000000000000001,23.712,-0.001,-0.085,175.507,0.165,-0.536
00:00:14.161,1572871294071,-0.304,0.018000000000000002,1.423,0.664,3.0,-0.009000000000000001,23.707,-0.001,-0.084,175.90200000000004,0.163,-0.536
00:00:14.162,1572871294072,-0.303,0.019,1.423,0.664,3.0,-0.009000000000000001,23.702,-0.001,-0.084,176.297,0.161,-0.536
00:00:14.217,1572871294127,-0.303,0.02,1.423,0.664,3.0,-0.009000000000000001,23.697,-0.001,-0.084,176.692,0.16,-0.536
00:00:14.218,1572871294128,-0.303,0.022,1.423,0.664,3.0,-0.009000000000000001,23.692,-0.001,-0.083,177.08700000000005,0.158,-0.536
00:00:14.219,1572871294129,-0.303,0.023,1.423,0.664,3.0,-0.008,23.687,-0.001,-0.084,177.482,0.156,-0.535
00:00:14.261,1572871294171,-0.303,0.024,1.423,0.664,3.0,-0.009000000000000001,23.682,-0.001,-0.084,177.87599999999995,0.154,-0.535
00:00:14.262,1572871294172,-0.303,0.025,1.423,0.664,3.0,-0.009000000000000001,23.677,-0.001,-0.084,178.271,0.153,-0.535
00:00:14.263,1572871294173,-0.303,0.026,1.423,0.664,3.0,-0.009000000000000001,23.672,-0.002,-0.085,178.666,0.151,-0.535
00:00:14.311,1572871294221,-0.304,0.027000000000000003,1.423,0.664,3.0,-0.009000000000000001,23.667,-0.002,-0.085,179.06,0.149,-0.535
00:00:14.312,1572871294222,-0.304,0.028,1.423,0.664,3.0,-0.009000000000000001,23.662,-0.002,-0.086,179.455,0.147,-0.535
00:00:14.313,1572871294223,-0.304,0.029,1.643,0.664,3.0,-0.009000000000000001,23.657,-0.002,-0.087,179.84900000000005,0.146,-0.535
00:00:14.365,1572871294275,-0.302,0.03,1.643,0.664,3.0,-0.009000000000000001,23.652,-0.002,-0.08800000000000001,180.243,0.14400000000000002,-0.535
00:00:14.366,1572871294276,-0.299,0.032,1.643,0.664,3.0,-0.009000000000000001,23.647,-0.002,-0.08900000000000001,180.637,0.142,-0.535
00:00:14.367,1572871294277,-0.297,0.033,1.643,0.664,3.0,-0.009000000000000001,23.642,-0.002,-0.09,181.031,0.141,-0.535
00:00:14.414,1572871294324,-0.297,0.035,1.643,0.664,3.0,-0.009000000000000001,23.637,-0.002,-0.091,181.425,0.139,-0.535
00:00:14.415,1572871294325,-0.297,0.037000000000000005,1.643,0.664,3.0,-0.01,23.632,-0.002,-0.092,181.819,0.13699999999999998,-0.535
00:00:14.416,1572871294326,-0.297,0.039,1.643,0.664,3.0,-0.01,23.627,-0.002,-0.093,182.213,0.136,-0.535
00:00:14.468,1572871294378,-0.297,0.041,1.643,0.664,3.0,-0.01,23.622,-0.002,-0.094,182.607,0.134,-0.535
00:00:14.469,1572871294379,-0.297,0.043,1.643,0.664,3.0,-0.01,23.617,-0.002,-0.095,183.0,0.132,-0.535
00:00:14.470,1572871294380,-0.297,0.044,1.643,0.664,3.0,-0.011,23.612,-0.002,-0.096,183.394,0.131,-0.535
00:00:14.471,1572871294381,-0.297,0.046,1.643,0.664,3.0,-0.011,23.607,-0.003,-0.097,183.788,0.129,-0.535
00:00:14.522,1572871294432,-0.297,0.047,1.643,0.664,3.0,-0.011,23.602,-0.003,-0.097,184.181,0.128,-0.534
00:00:14.523,1572871294433,-0.297,0.048,1.936,0.664,3.0,-0.012,23.597,-0.003,-0.098,184.574,0.126,-0.534
00:00:14.524,1572871294434,-0.294,0.049,1.936,0.664,3.0,-0.012,23.592,-0.003,-0.099,184.968,0.124,-0.534
00:00:14.570,1572871294480,-0.29,0.049,1.936,0.664,3.0,-0.012,23.588,-0.003,-0.099,185.361,0.123,-0.534
00:00:14.571,1572871294481,-0.28800000000000003,0.05,1.936,0.664,3.0,-0.013,23.583,-0.003,-0.099,185.754,0.121,-0.534
00:00:14.572,1572871294482,-0.287,0.051,1.936,0.664,3.0,-0.013,23.57800000000001,-0.004,-0.099,186.147,0.12,-0.534
00:00:14.627,1572871294537,-0.287,0.051,1.936,0.664,3.0,-0.013,23.573,-0.004,-0.1,186.54,0.118,-0.534
00:00:14.628,1572871294538,-0.287,0.052000000000000005,2.448,0.664,3.0,-0.014,23.568,-0.004,-0.099,186.933,0.117,-0.534
00:00:14.629,1572871294539,-0.284,0.052000000000000005,2.448,0.664,3.0,-0.014,23.564,-0.004,-0.099,187.325,0.115,-0.535
00:00:14.671,1572871294581,-0.275,0.052000000000000005,2.448,0.664,3.0,-0.014,23.559,-0.004,-0.099,187.718,0.114,-0.535
00:00:14.672,1572871294582,-0.271,0.052000000000000005,2.448,0.664,3.0,-0.014,23.555,-0.005,-0.098,188.111,0.112,-0.535
00:00:14.673,1572871294583,-0.269,0.053,2.448,0.664,3.0,-0.015,23.55,-0.005,-0.098,188.503,0.111,-0.535
00:00:14.722,1572871294632,-0.269,0.054000000000000006,2.448,0.664,3.0,-0.015,23.546,-0.005,-0.097,188.896,0.11,-0.535
00:00:14.723,1572871294633,-0.268,0.055,2.9610000000000003,0.664,3.0,-0.015,23.541,-0.005,-0.096,189.288,0.108,-0.535
00:00:14.724,1572871294634,-0.265,0.055,2.9610000000000003,0.664,3.0,-0.015,23.537,-0.005,-0.095,189.68,0.107,-0.535
00:00:14.773,1572871294683,-0.257,0.055,2.9610000000000003,0.664,3.0,-0.016,23.533,-0.005,-0.095,190.073,0.105,-0.535
00:00:14.774,1572871294684,-0.253,0.056,2.9610000000000003,0.664,3.0,-0.016,23.529,-0.005,-0.094,190.465,0.104,-0.535
00:00:14.775,1572871294685,-0.251,0.056,2.9610000000000003,0.664,3.0,-0.016,23.525,-0.005,-0.093,190.857,0.103,-0.535
00:00:14.827,1572871294737,-0.251,0.056,2.9610000000000003,0.664,3.0,-0.016,23.52,-0.005,-0.092,191.249,0.101,-0.535
00:00:14.828,1572871294738,-0.251,0.055,5.964,0.664,3.0,-0.016,23.516,-0.005,-0.091,191.641,0.1,-0.535
00:00:14.829,1572871294739,-0.249,0.055,5.964,0.664,3.0,-0.016,23.512,-0.005,-0.09,192.033,0.099,-0.535
00:00:14.877,1572871294787,-0.241,0.055,5.964,0.664,3.0,-0.017,23.50800000000001,-0.005,-0.08900000000000001,192.425,0.098,-0.535
00:00:14.878,1572871294788,-0.226,0.054000000000000006,5.964,0.664,3.0,-0.017,23.505,-0.005,-0.08800000000000001,192.816,0.096,-0.535
00:00:14.879,1572871294789,-0.207,0.053,5.964,0.664,3.0,-0.017,23.502,-0.005,-0.086,193.208,0.095,-0.535
00:00:14.928,1572871294838,-0.187,0.053,5.964,0.664,3.0,-0.017,23.499,-0.005,-0.085,193.6,0.094,-0.535
00:00:14.929,1572871294839,-0.171,0.052000000000000005,8.088,0.664,3.0,-0.017,23.496,-0.005,-0.084,193.991,0.093,-0.535
00:00:14.930,1572871294840,-0.158,0.052000000000000005,8.088,0.664,3.0,-0.017,23.494,-0.005,-0.08199999999999999,194.383,0.091,-0.535
00:00:14.979,1572871294889,-0.145,0.052000000000000005,8.088,0.664,3.0,-0.017,23.491,-0.005,-0.081,194.775,0.09,-0.535
00:00:14.980,1572871294890,-0.129,0.052000000000000005,8.088,0.664,3.0,-0.017,23.49,-0.005,-0.079,195.166,0.08900000000000001,-0.535
00:00:14.981,1572871294891,-0.111,0.052000000000000005,8.088,0.664,3.0,-0.017,23.488000000000003,-0.005,-0.077,195.558,0.08800000000000001,-0.535
00:00:15.038,1572871294948,-0.095,0.051,8.088,0.664,3.0,-0.017,23.487,-0.004,-0.075,195.949,0.087,-0.535
00:00:15.039,1572871294949,-0.085,0.051,9.114,0.664,3.0,-0.018000000000000002,23.485,-0.004,-0.073,196.34,0.086,-0.535
00:00:15.040,1572871294950,-0.081,0.051,9.114,0.664,3.0,-0.018000000000000002,23.484,-0.004,-0.071,196.732,0.085,-0.535
00:00:15.080,1572871294990,-0.078,0.05,9.114,0.664,3.0,-0.018000000000000002,23.483,-0.004,-0.069,197.123,0.083,-0.535
00:00:15.081,1572871294991,-0.073,0.05,9.114,0.664,3.0,-0.018000000000000002,23.482,-0.004,-0.067,197.515,0.08199999999999999,-0.535
00:00:15.082,1572871294992,-0.066,0.049,9.114,0.664,3.0,-0.018000000000000002,23.481,-0.004,-0.065,197.906,0.081,-0.535
00:00:15.130,1572871295040,-0.06,0.049,9.114,0.664,3.0,-0.018000000000000002,23.48,-0.004,-0.063,198.297,0.08,-0.535
00:00:15.131,1572871295041,-0.056,0.048,9.26,0.664,3.0,-0.018000000000000002,23.479,-0.004,-0.061,198.689,0.079,-0.535
00:00:15.132,1572871295042,-0.054000000000000006,0.048,9.26,0.664,3.0,-0.018000000000000002,23.478,-0.004,-0.059,199.08,0.078,-0.535
00:00:15.180,1572871295090,-0.054000000000000006,0.048,9.26,0.664,3.0,-0.018000000000000002,23.477,-0.004,-0.058,199.471,0.077,-0.535
00:00:15.181,1572871295091,-0.054000000000000006,0.047,9.26,0.664,3.0,-0.018000000000000002,23.476,-0.004,-0.056,199.862,0.076,-0.535
00:00:15.182,1572871295092,-0.054000000000000006,0.047,9.26,0.664,3.0,-0.018000000000000002,23.475,-0.004,-0.055,200.254,0.075,-0.534
00:00:15.234,1572871295144,-0.054000000000000006,0.047,9.26,0.664,3.0,-0.018000000000000002,23.474,-0.004,-0.053,200.645,0.07400000000000001,-0.534
00:00:15.235,1572871295145,-0.053,0.046,10.139,0.664,3.0,-0.018000000000000002,23.47300000000001,-0.004,-0.052000000000000005,201.036,0.073,-0.534
00:00:15.236,1572871295146,-0.053,0.046,10.139,0.664,3.0,-0.018000000000000002,23.47300000000001,-0.003,-0.051,201.427,0.07200000000000001,-0.534
00:00:15.280,1572871295190,-0.049,0.046,10.139,0.664,3.0,-0.018000000000000002,23.472,-0.003,-0.051,201.819,0.071,-0.534
00:00:15.281,1572871295191,-0.042,0.046,10.139,0.664,3.0,-0.018000000000000002,23.471,-0.003,-0.05,202.21,0.07,-0.534
00:00:15.282,1572871295192,-0.033,0.046,10.139,0.664,3.0,-0.018000000000000002,23.471,-0.003,-0.05,202.601,0.069,-0.534
00:00:15.331,1572871295241,-0.026,0.046,10.139,0.664,3.0,-0.017,23.471,-0.003,-0.049,202.992,0.069,-0.534
00:00:15.332,1572871295242,-0.022,0.046,11.091,0.664,3.0,-0.017,23.47,-0.003,-0.049,203.383,0.068,-0.534
00:00:15.333,1572871295243,-0.021,0.047,11.091,0.664,3.0,-0.017,23.47,-0.003,-0.049,203.774,0.067,-0.534
00:00:15.392,1572871295302,-0.018000000000000002,0.049,11.091,0.664,3.0,-0.017,23.47,-0.003,-0.049,204.19,0.066,-0.534
00:00:15.393,1572871295303,-0.012,0.051,11.091,0.664,3.0,-0.017,23.469,-0.003,-0.049,204.557,0.065,-0.534
00:00:15.394,1572871295304,-0.004,0.053,11.091,0.664,3.0,-0.017,23.47,-0.003,-0.049,204.948,0.064,-0.534
00:00:15.432,1572871295342,0.003,0.055,11.091,0.664,3.0,-0.017,23.47,-0.003,-0.049,205.33900000000003,0.063,-0.534
00:00:15.433,1572871295343,0.008,0.057,11.824000000000002,0.664,3.0,-0.017,23.47,-0.003,-0.049,205.73,0.063,-0.534
00:00:15.434,1572871295344,0.011,0.059,11.824000000000002,0.664,3.0,-0.017,23.47,-0.003,-0.049,206.121,0.062,-0.534
00:00:15.482,1572871295392,0.013,0.061,11.824000000000002,0.664,3.0,-0.017,23.47,-0.003,-0.049,206.513,0.061,-0.534
00:00:15.483,1572871295393,0.017,0.063,11.824000000000002,0.664,3.0,-0.017,23.471,-0.003,-0.049,206.904,0.06,-0.534
00:00:15.484,1572871295394,0.022,0.065,11.824000000000002,0.664,3.0,-0.018000000000000002,23.471,-0.003,-0.049,207.295,0.06,-0.534
00:00:15.533,1572871295443,0.027000000000000003,0.067,11.824000000000002,0.664,3.0,-0.018000000000000002,23.472,-0.003,-0.049,207.686,0.059,-0.534
00:00:15.534,1572871295444,0.031,0.069,13.288,0.664,3.0,-0.018000000000000002,23.472,-0.003,-0.049,208.077,0.058,-0.534
00:00:15.535,1572871295445,0.034,0.071,13.288,0.664,3.0,-0.018000000000000002,23.47300000000001,-0.003,-0.049,208.469,0.057,-0.534
00:00:15.583,1572871295493,0.039,0.073,13.288,0.664,3.0,-0.019,23.474,-0.003,-0.049,208.884,0.057,-0.534
00:00:15.584,1572871295494,0.049,0.075,13.288,0.664,3.0,-0.019,23.475,-0.003,-0.049,209.251,0.056,-0.534
00:00:15.585,1572871295495,0.061,0.078,13.288,0.664,3.0,-0.019,23.476,-0.003,-0.048,209.642,0.056,-0.535
00:00:15.634,1572871295544,0.07400000000000001,0.08199999999999999,13.288,0.664,3.0,-0.02,23.477,-0.004,-0.048,210.058,0.055,-0.535
00:00:15.635,1572871295545,0.08199999999999999,0.086,14.607,0.664,3.0,-0.02,23.479,-0.004,-0.047,210.425,0.054000000000000006,-0.535
00:00:15.636,1572871295546,0.08800000000000001,0.09,14.607,0.664,3.0,-0.02,23.48,-0.004,-0.047,210.816,0.054000000000000006,-0.535
00:00:15.637,1572871295547,0.094,0.095,14.607,0.664,3.0,-0.021,23.482,-0.004,-0.046,211.232,0.053,-0.535
00:00:15.692,1572871295602,0.103,0.098,14.607,0.664,3.0,-0.021,23.484,-0.004,-0.045,211.599,0.053,-0.535
00:00:15.693,1572871295603,0.113,0.102,14.607,0.664,3.0,-0.022,23.486,-0.004,-0.044,211.966,0.052000000000000005,-0.535
00:00:15.694,1572871295604,0.124,0.105,14.607,0.664,3.0,-0.022,23.488000000000003,-0.005,-0.043,212.357,0.052000000000000005,-0.534
00:00:15.737,1572871295647,0.131,0.108,16.438,0.664,3.0,-0.023,23.49,-0.005,-0.042,212.773,0.052000000000000005,-0.534
00:00:15.738,1572871295648,0.135,0.11,16.438,0.664,3.0,-0.024,23.492,-0.005,-0.041,213.14,0.051,-0.534
00:00:15.739,1572871295649,0.14300000000000002,0.112,16.438,0.664,3.0,-0.024,23.495,-0.006,-0.039,213.532,0.051,-0.534
00:00:15.787,1572871295697,0.156,0.114,16.438,0.664,3.0,-0.025,23.498,-0.006,-0.038,213.923,0.051,-0.534
00:00:15.788,1572871295698,0.171,0.116,16.438,0.664,3.0,-0.026,23.501,-0.006,-0.037000000000000005,214.315,0.05,-0.534
00:00:15.789,1572871295699,0.18600000000000005,0.117,16.438,0.664,3.0,-0.027000000000000003,23.504,-0.006999999999999999,-0.035,214.731,0.05,-0.534
00:00:15.838,1572871295748,0.196,0.119,17.61,0.664,3.0,-0.028,23.507,-0.006999999999999999,-0.033,215.099,0.05,-0.534
00:00:15.839,1572871295749,0.204,0.121,17.61,0.664,3.0,-0.028,23.511,-0.008,-0.031,215.515,0.05,-0.534
00:00:15.840,1572871295750,0.212,0.123,17.61,0.664,3.0,-0.029,23.514,-0.008,-0.03,215.882,0.05,-0.534
00:00:15.897,1572871295807,0.221,0.125,17.61,0.664,3.0,-0.03,23.518,-0.009000000000000001,-0.028,216.274,0.049,-0.534
00:00:15.898,1572871295808,0.232,0.128,17.61,0.664,3.0,-0.03,23.523000000000003,-0.009000000000000001,-0.026,216.691,0.049,-0.534
00:00:15.899,1572871295809,0.241,0.13,17.61,0.664,3.0,-0.031,23.527,-0.009000000000000001,-0.024,217.083,0.049,-0.534
00:00:15.940,1572871295850,0.248,0.132,18.269,0.664,3.0,-0.032,23.531,-0.01,-0.022,217.475,0.049,-0.534
00:00:15.941,1572871295851,0.253,0.134,18.269,0.664,3.0,-0.032,23.535,-0.01,-0.02,217.867,0.049,-0.534
00:00:15.942,1572871295852,0.257,0.136,18.269,0.664,3.0,-0.033,23.54,-0.01,-0.019,218.259,0.05,-0.534
00:00:15.988,1572871295898,0.263,0.13699999999999998,18.269,0.664,3.0,-0.034,23.544,-0.01,-0.017,218.652,0.05,-0.534
00:00:15.989,1572871295899,0.268,0.138,18.269,0.664,3.0,-0.034,23.549,-0.01,-0.015,219.044,0.05,-0.534
00:00:15.990,1572871295900,0.273,0.139,18.269,0.664,3.0,-0.035,23.553,-0.01,-0.014,219.437,0.05,-0.534
00:00:16.039,1572871295949,0.277,0.139,18.928,0.664,3.0,-0.036000000000000004,23.558000000000003,-0.011,-0.012,219.805,0.05,-0.534
00:00:16.040,1572871295950,0.28,0.139,18.928,0.664,3.0,-0.036000000000000004,23.563,-0.011,-0.011,220.222,0.051,-0.534
00:00:16.041,1572871295951,0.28300000000000003,0.139,18.928,0.664,3.0,-0.037000000000000005,23.567,-0.011,-0.01,220.615,0.051,-0.534
00:00:16.099,1572871296009,0.28800000000000003,0.139,18.928,0.664,3.0,-0.037000000000000005,23.572,-0.011,-0.008,221.008,0.051,-0.534
00:00:16.100,1572871296010,0.294,0.138,18.928,0.664,3.0,-0.038,23.577,-0.011,-0.008,221.376,0.052000000000000005,-0.534
00:00:16.101,1572871296011,0.3,0.138,18.928,0.664,3.0,-0.039,23.582,-0.011,-0.006999999999999999,221.793,0.052000000000000005,-0.534
00:00:16.148,1572871296058,0.304,0.138,20.1,0.664,3.0,-0.039,23.587,-0.011,-0.006,222.187,0.052000000000000005,-0.534
00:00:16.149,1572871296059,0.307,0.13699999999999998,20.1,0.664,3.0,-0.039,23.593000000000004,-0.011,-0.005,222.58,0.053,-0.534
00:00:16.150,1572871296060,0.313,0.136,20.1,0.664,3.0,-0.04,23.59800000000001,-0.011,-0.005,222.973,0.054000000000000006,-0.534
00:00:16.194,1572871296104,0.322,0.135,20.1,0.664,3.0,-0.04,23.603,-0.011,-0.004,223.342,0.054000000000000006,-0.534
00:00:16.195,1572871296105,0.333,0.134,20.1,0.664,3.0,-0.041,23.609,-0.011,-0.004,223.76,0.055,-0.534
00:00:16.196,1572871296106,0.343,0.133,20.1,0.664,3.0,-0.041,23.615,-0.011,-0.003,224.153,0.055,-0.534
00:00:16.249,1572871296159,0.35,0.132,20.613000000000003,0.664,3.0,-0.041,23.621,-0.011,-0.003,224.547,0.056,-0.534
00:00:16.250,1572871296160,0.355,0.131,20.613000000000003,0.664,3.0,-0.042,23.627,-0.011,-0.002,224.941,0.057,-0.534
00:00:16.251,1572871296161,0.358,0.13,20.613000000000003,0.664,3.0,-0.042,23.63300000000001,-0.011,-0.002,225.334,0.058,-0.534
00:00:16.296,1572871296206,0.36,0.129,20.613000000000003,0.664,3.0,-0.042,23.639,-0.011,-0.002,225.728,0.058,-0.534
00:00:16.297,1572871296207,0.362,0.128,20.613000000000003,0.664,3.0,-0.042,23.645,-0.011,-0.001,226.122,0.059,-0.534
00:00:16.298,1572871296208,0.362,0.127,20.613000000000003,0.664,3.0,-0.043,23.651,-0.011,-0.001,226.517,0.06,-0.534
00:00:16.344,1572871296254,0.363,0.126,21.931,0.664,3.0,-0.043,23.657,-0.011,-0.001,226.911,0.061,-0.534
00:00:16.345,1572871296255,0.363,0.125,21.931,0.664,3.0,-0.043,23.663,-0.01,-0.001,227.305,0.062,-0.534
00:00:16.346,1572871296256,0.364,0.124,21.931,0.664,3.0,-0.043,23.669,-0.01,-0.001,227.7,0.063,-0.534
00:00:16.394,1572871296304,0.368,0.122,21.931,0.664,3.0,-0.043,23.675,-0.01,-0.001,228.094,0.064,-0.534
00:00:16.395,1572871296305,0.3720000000000001,0.12,21.931,0.664,3.0,-0.043,23.682,-0.01,0.0,228.489,0.065,-0.534
00:00:16.396,1572871296306,0.376,0.118,21.931,0.664,3.0,-0.043,23.688,-0.01,0.0,228.883,0.066,-0.534
00:00:16.448,1572871296358,0.379,0.116,23.103,0.664,3.0,-0.044,23.69400000000001,-0.01,0.0,229.278,0.067,-0.534
00:00:16.449,1572871296359,0.382,0.113,23.103,0.664,3.0,-0.044,23.701,-0.01,0.0,229.673,0.068,-0.534
00:00:16.450,1572871296360,0.384,0.109,23.103,0.664,3.0,-0.044,23.707,-0.01,0.0,230.044,0.069,-0.534
00:00:16.502,1572871296412,0.388,0.106,23.103,0.664,3.0,-0.044,23.713,-0.01,0.0,230.439,0.071,-0.534
00:00:16.503,1572871296413,0.392,0.102,23.103,0.664,3.0,-0.044,23.72,-0.01,0.001,230.834,0.07200000000000001,-0.534
00:00:16.504,1572871296414,0.396,0.099,23.103,0.664,3.0,-0.044,23.726,-0.01,0.001,231.229,0.073,-0.534
00:00:16.505,1572871296415,0.399,0.095,23.323,0.664,3.0,-0.043,23.733,-0.01,0.001,231.625,0.07400000000000001,-0.534
00:00:16.565,1572871296475,0.4,0.091,23.323,0.664,3.0,-0.043,23.74,-0.01,0.002,232.021,0.076,-0.534
00:00:16.566,1572871296476,0.401,0.08800000000000001,23.323,0.664,3.0,-0.043,23.746,-0.01,0.002,232.416,0.077,-0.534
00:00:16.567,1572871296477,0.402,0.085,23.323,0.664,3.0,-0.043,23.753,-0.01,0.002,232.812,0.078,-0.534
00:00:16.612,1572871296522,0.403,0.083,23.323,0.664,3.0,-0.042,23.76,-0.009000000000000001,0.003,233.208,0.08,-0.534
00:00:16.613,1572871296523,0.403,0.08199999999999999,23.323,0.664,3.0,-0.042,23.767,-0.009000000000000001,0.003,233.604,0.081,-0.534
00:00:16.614,1572871296524,0.403,0.08,23.323,0.664,3.0,-0.041,23.773000000000003,-0.009000000000000001,0.003,234.0,0.083,-0.534
00:00:16.662,1572871296572,0.403,0.079,23.323,0.664,3.0,-0.04,23.78,-0.009000000000000001,0.003,234.397,0.084,-0.534
00:00:16.663,1572871296573,0.402,0.078,23.323,0.664,3.0,-0.04,23.787,-0.008,0.004,234.793,0.085,-0.534
00:00:16.664,1572871296574,0.402,0.075,23.323,0.664,3.0,-0.039,23.79300000000001,-0.008,0.004,235.189,0.087,-0.534
00:00:16.712,1572871296622,0.402,0.07200000000000001,23.323,0.664,3.0,-0.039,23.8,-0.008,0.004,235.586,0.08800000000000001,-0.534
00:00:16.713,1572871296623,0.401,0.068,23.323,0.664,3.0,-0.039,23.807,-0.006999999999999999,0.004,235.983,0.09,-0.534
00:00:16.714,1572871296624,0.401,0.063,23.469,0.664,3.0,-0.038,23.813,-0.006999999999999999,0.004,236.38,0.092,-0.534
00:00:16.763,1572871296673,0.401,0.058,23.469,0.664,3.0,-0.038,23.82,-0.006999999999999999,0.005,236.776,0.093,-0.534
00:00:16.764,1572871296674,0.401,0.054000000000000006,23.469,0.664,3.0,-0.037000000000000005,23.827,-0.006999999999999999,0.005,237.174,0.095,-0.534
00:00:16.765,1572871296675,0.401,0.05,23.469,0.664,3.0,-0.037000000000000005,23.834,-0.006,0.005,237.571,0.096,-0.534
00:00:16.814,1572871296724,0.401,0.046,23.469,0.664,3.0,-0.036000000000000004,23.84,-0.006,0.005,237.968,0.098,-0.534
00:00:16.815,1572871296725,0.402,0.043,23.469,0.664,3.0,-0.035,23.847,-0.006,0.005,238.365,0.1,-0.534
00:00:16.816,1572871296726,0.402,0.04,23.616,0.664,3.0,-0.034,23.854,-0.006,0.005,238.763,0.101,-0.534
00:00:16.866,1572871296776,0.402,0.037000000000000005,23.616,0.664,3.0,-0.034,23.86,-0.006,0.005,239.16,0.103,-0.534
00:00:16.867,1572871296777,0.402,0.035,23.616,0.664,3.0,-0.033,23.867,-0.005,0.005,239.558,0.104,-0.534
00:00:16.868,1572871296778,0.403,0.032,23.616,0.664,3.0,-0.032,23.874,-0.005,0.005,239.956,0.106,-0.534
00:00:16.929,1572871296839,0.403,0.03,23.616,0.664,3.0,-0.031,23.88,-0.005,0.005,240.354,0.108,-0.534
00:00:16.930,1572871296840,0.403,0.028,23.616,0.664,3.0,-0.03,23.887,-0.004,0.005,240.752,0.109,-0.534
00:00:16.931,1572871296841,0.403,0.027000000000000003,23.762,0.664,3.0,-0.029,23.894,-0.004,0.005,241.15,0.111,-0.534
00:00:16.932,1572871296842,0.404,0.025,23.762,0.664,3.0,-0.029,23.901,-0.004,0.005,241.549,0.113,-0.534
00:00:16.972,1572871296882,0.404,0.023,23.762,0.664,3.0,-0.028,23.907,-0.003,0.005,241.947,0.115,-0.534
00:00:16.973,1572871296883,0.404,0.022,23.762,0.664,3.0,-0.027000000000000003,23.914,-0.003,0.005,242.345,0.116,-0.534
00:00:16.974,1572871296884,0.404,0.02,23.762,0.664,3.0,-0.026,23.921,-0.003,0.004,242.74400000000003,0.118,-0.534
00:00:17.024,1572871296934,0.405,0.019,23.762,0.664,3.0,-0.025,23.928,-0.003,0.004,243.143,0.12,-0.534
00:00:17.025,1572871296935,0.405,0.018000000000000002,23.762,0.664,3.0,-0.025,23.934,-0.002,0.004,243.542,0.121,-0.534
00:00:17.026,1572871296936,0.405,0.017,23.762,0.664,3.0,-0.024,23.941,-0.002,0.004,243.941,0.123,-0.534
00:00:17.072,1572871296982,0.405,0.015,23.762,0.664,3.0,-0.023,23.948,-0.002,0.004,244.34,0.125,-0.534
00:00:17.073,1572871296983,0.404,0.015,23.762,0.664,3.0,-0.022,23.955,-0.002,0.004,244.739,0.127,-0.534
00:00:17.074,1572871296984,0.404,0.014,23.762,0.664,3.0,-0.022,23.961,-0.001,0.004,245.138,0.128,-0.534
00:00:17.122,1572871297032,0.404,0.013,23.762,0.664,3.0,-0.021,23.968000000000004,-0.001,0.004,245.538,0.13,-0.534
00:00:17.123,1572871297033,0.404,0.013,24.129,0.664,3.0,-0.02,23.975,-0.001,0.004,245.937,0.132,-0.534
00:00:17.124,1572871297034,0.403,0.013,24.129,0.664,3.0,-0.02,23.981,-0.001,0.004,246.337,0.134,-0.534
00:00:17.173,1572871297083,0.404,0.013,24.129,0.664,3.0,-0.019,23.988000000000003,-0.001,0.004,246.736,0.135,-0.534
00:00:17.174,1572871297084,0.405,0.012,24.129,0.664,3.0,-0.019,23.995,-0.001,0.004,247.136,0.13699999999999998,-0.534
00:00:17.175,1572871297085,0.406,0.012,24.129,0.664,3.0,-0.018000000000000002,24.002,-0.001,0.004,247.536,0.139,-0.534
00:00:17.224,1572871297134,0.407,0.012,24.129,0.664,3.0,-0.017,24.009,-0.001,0.004,247.936,0.141,-0.534
00:00:17.225,1572871297135,0.408,0.011,24.275,0.664,3.0,-0.017,24.015,-0.001,0.004,248.337,0.142,-0.534
00:00:17.226,1572871297136,0.408,0.011,24.275,0.664,3.0,-0.016,24.022,-0.001,0.004,248.737,0.14400000000000002,-0.534
00:00:17.274,1572871297184,0.409,0.01,24.275,0.664,3.0,-0.016,24.029,-0.001,0.004,249.137,0.146,-0.534
00:00:17.275,1572871297185,0.409,0.01,24.275,0.664,3.0,-0.015,24.036,-0.001,0.004,249.538,0.14800000000000002,-0.534
00:00:17.276,1572871297186,0.41,0.01,24.275,0.664,3.0,-0.015,24.04300000000001,-0.001,0.004,249.938,0.149,-0.534
00:00:17.327,1572871297237,0.41,0.01,24.275,0.664,3.0,-0.015,24.049,-0.001,0.004,250.33900000000003,0.151,-0.534
00:00:17.328,1572871297238,0.41,0.01,24.495,0.664,3.0,-0.014,24.056,-0.001,0.004,250.74,0.153,-0.534
00:00:17.329,1572871297239,0.41,0.01,24.495,0.664,3.0,-0.014,24.063,-0.001,0.004,251.141,0.155,-0.534
00:00:17.387,1572871297297,0.41,0.01,24.495,0.664,3.0,-0.013,24.07,-0.001,0.004,251.542,0.157,-0.534
00:00:17.388,1572871297298,0.41,0.01,24.495,0.664,3.0,-0.013,24.077,-0.001,0.005,251.943,0.158,-0.534
00:00:17.389,1572871297299,0.411,0.011,24.495,0.664,3.0,-0.013,24.084,-0.001,0.005,252.345,0.16,-0.534
00:00:17.428,1572871297338,0.412,0.011,24.495,0.664,3.0,-0.012,24.091,-0.001,0.005,252.746,0.162,-0.534
00:00:17.429,1572871297339,0.412,0.011,24.495,0.664,3.0,-0.012,24.097,-0.001,0.005,253.148,0.16399999999999998,-0.534
00:00:17.430,1572871297340,0.412,0.012,24.495,0.664,3.0,-0.012,24.104,-0.001,0.005,253.549,0.166,-0.534
00:00:17.478,1572871297388,0.412,0.011,24.495,0.664,3.0,-0.011,24.111,-0.001,0.005,253.951,0.16699999999999998,-0.534
00:00:17.479,1572871297389,0.412,0.011,24.495,0.664,3.0,-0.011,24.118,-0.001,0.005,254.353,0.16899999999999998,-0.534
00:00:17.480,1572871297390,0.412,0.01,24.495,0.664,3.0,-0.011,24.125,-0.001,0.005,254.755,0.171,-0.534
00:00:17.528,1572871297438,0.412,0.01,24.495,0.664,3.0,-0.011,24.132,-0.001,0.005,255.157,0.173,-0.534
00:00:17.529,1572871297439,0.411,0.009000000000000001,24.495,0.664,3.0,-0.01,24.139,-0.001,0.005,255.55900000000003,0.175,-0.534
00:00:17.530,1572871297440,0.411,0.008,24.495,0.664,3.0,-0.01,24.145,-0.002,0.005,255.962,0.177,-0.534
00:00:17.579,1572871297489,0.411,0.006999999999999999,24.495,0.664,3.0,-0.01,24.152,-0.002,0.005,256.36400000000003,0.17800000000000002,-0.534
00:00:17.580,1572871297490,0.41,0.006999999999999999,24.495,0.664,3.0,-0.01,24.159,-0.002,0.005,256.767,0.18,-0.534
00:00:17.581,1572871297491,0.41,0.006,24.495,0.664,3.0,-0.009000000000000001,24.166,-0.002,0.005,257.17,0.182,-0.534
00:00:17.632,1572871297542,0.41,0.006,24.495,0.664,3.0,-0.009000000000000001,24.173,-0.002,0.005,257.572,0.184,-0.534
00:00:17.633,1572871297543,0.41,0.005,24.495,0.664,3.0,-0.009000000000000001,24.18,-0.002,0.005,257.975,0.18600000000000005,-0.534
00:00:17.634,1572871297544,0.409,0.005,24.495,0.664,3.0,-0.009000000000000001,24.186,-0.002,0.005,258.378,0.188,-0.534
00:00:17.681,1572871297591,0.409,0.004,24.495,0.664,3.0,-0.008,24.193,-0.002,0.005,258.782,0.189,-0.534
00:00:17.682,1572871297592,0.409,0.004,24.495,0.664,3.0,-0.008,24.2,-0.002,0.005,259.185,0.191,-0.534
00:00:17.683,1572871297593,0.409,0.004,24.495,0.664,3.0,-0.008,24.207,-0.002,0.005,259.588,0.193,-0.534
00:00:17.733,1572871297643,0.409,0.003,24.495,0.664,3.0,-0.006999999999999999,24.214,-0.001,0.005,259.992,0.195,-0.534
00:00:17.734,1572871297644,0.408,0.003,24.641,0.664,3.0,-0.006999999999999999,24.22,-0.001,0.005,260.395,0.197,-0.534
00:00:17.735,1572871297645,0.408,0.003,24.641,0.664,3.0,-0.006999999999999999,24.227,-0.001,0.005,260.79900000000004,0.199,-0.534
00:00:17.783,1572871297693,0.408,0.002,24.641,0.664,3.0,-0.006999999999999999,24.234,-0.001,0.005,261.203,0.201,-0.534
00:00:17.784,1572871297694,0.408,0.001,24.641,0.664,3.0,-0.006,24.241,-0.001,0.005,261.607,0.202,-0.534
00:00:17.785,1572871297695,0.409,0.0,24.641,0.664,3.0,-0.006,24.248,-0.001,0.005,262.011,0.204,-0.534
00:00:17.834,1572871297744,0.409,-0.001,24.641,0.664,3.0,-0.006,24.254,-0.001,0.005,262.415,0.206,-0.534
00:00:17.835,1572871297745,0.409,-0.003,24.495,0.664,3.0,-0.006,24.261,-0.001,0.005,262.819,0.208,-0.534
00:00:17.836,1572871297746,0.409,-0.004,24.495,0.664,3.0,-0.006,24.268,-0.001,0.005,263.224,0.21,-0.534
00:00:17.837,1572871297747,0.409,-0.005,24.495,0.664,3.0,-0.005,24.275,-0.001,0.005,263.628,0.212,-0.534
00:00:17.885,1572871297795,0.408,-0.006,24.495,0.664,3.0,-0.005,24.282,0.0,0.005,264.033,0.214,-0.534
00:00:17.886,1572871297796,0.408,-0.006999999999999999,24.495,0.664,3.0,-0.005,24.289,0.0,0.005,264.438,0.215,-0.534
00:00:17.887,1572871297797,0.407,-0.006999999999999999,24.495,0.664,3.0,-0.004,24.295,0.0,0.005,264.843,0.217,-0.534
00:00:17.937,1572871297847,0.406,-0.008,24.641,0.664,3.0,-0.004,24.302,0.0,0.005,265.248,0.219,-0.534
00:00:17.938,1572871297848,0.405,-0.008,24.641,0.664,3.0,-0.004,24.309,0.0,0.005,265.653,0.221,-0.534
00:00:17.939,1572871297849,0.405,-0.008,24.641,0.664,3.0,-0.004,24.316,0.0,0.005,266.058,0.223,-0.534
00:00:17.986,1572871297896,0.405,-0.008,24.641,0.664,3.0,-0.003,24.322,0.001,0.005,266.463,0.225,-0.534
00:00:17.987,1572871297897,0.406,-0.008,24.641,0.664,3.0,-0.003,24.329,0.001,0.005,266.869,0.227,-0.534
00:00:17.988,1572871297898,0.406,-0.009000000000000001,24.641,0.664,3.0,-0.003,24.336,0.001,0.005,267.274,0.228,-0.534
00:00:18.045,1572871297955,0.406,-0.009000000000000001,24.788,0.664,3.0,-0.003,24.343000000000004,0.001,0.005,267.68,0.23,-0.534
00:00:18.046,1572871297956,0.407,-0.009000000000000001,24.788,0.664,3.0,-0.002,24.349,0.001,0.005,268.085,0.232,-0.534
00:00:18.047,1572871297957,0.407,-0.01,24.788,0.664,3.0,-0.002,24.356,0.001,0.005,268.491,0.234,-0.534
00:00:18.096,1572871298006,0.407,-0.01,24.788,0.664,3.0,-0.002,24.363000000000003,0.001,0.004,268.897,0.236,-0.534
00:00:18.097,1572871298007,0.408,-0.01,24.788,0.664,3.0,-0.002,24.37,0.001,0.004,269.303,0.238,-0.534
00:00:18.098,1572871298008,0.408,-0.01,24.788,0.664,3.0,-0.001,24.377,0.002,0.004,269.71,0.239,-0.534
00:00:18.148,1572871298058,0.408,-0.01,24.788,0.664,3.0,-0.001,24.38300000000001,0.002,0.004,270.116,0.241,-0.534
00:00:18.149,1572871298059,0.408,-0.011,24.788,0.664,3.0,-0.001,24.39,0.002,0.004,270.522,0.243,-0.534
00:00:18.150,1572871298060,0.408,-0.011,24.788,0.664,3.0,-0.001,24.397,0.002,0.004,270.92900000000003,0.245,-0.534
00:00:18.198,1572871298108,0.408,-0.011,24.788,0.664,3.0,-0.001,24.404,0.002,0.004,271.336,0.247,-0.534
00:00:18.199,1572871298109,0.408,-0.01,24.788,0.664,3.0,0.0,24.411,0.002,0.004,271.742,0.248,-0.534
00:00:18.200,1572871298110,0.407,-0.01,24.788,0.664,3.0,0.0,24.417,0.002,0.005,272.149,0.25,-0.534
00:00:18.257,1572871298167,0.407,-0.01,24.788,0.664,3.0,0.0,24.424,0.002,0.005,272.556,0.252,-0.534
00:00:18.258,1572871298168,0.407,-0.01,24.788,0.664,3.0,0.0,24.431,0.002,0.005,272.963,0.254,-0.534
00:00:18.259,1572871298169,0.407,-0.01,24.788,0.664,3.0,0.0,24.438,0.002,0.005,273.371,0.256,-0.534
00:00:18.299,1572871298209,0.406,-0.009000000000000001,24.788,0.664,3.0,0.001,24.44400000000001,0.002,0.005,273.778,0.257,-0.534
00:00:18.300,1572871298210,0.406,-0.009000000000000001,24.788,0.664,3.0,0.001,24.451,0.002,0.005,274.186,0.259,-0.534
00:00:18.301,1572871298211,0.406,-0.009000000000000001,24.788,0.664,3.0,0.001,24.458,0.002,0.005,274.593,0.261,-0.534
00:00:18.349,1572871298259,0.406,-0.008,24.934,0.664,3.0,0.001,24.465,0.002,0.005,275.001,0.263,-0.534
00:00:18.350,1572871298260,0.405,-0.008,24.934,0.664,3.0,0.001,24.471,0.002,0.005,275.409,0.265,-0.534
00:00:18.351,1572871298261,0.405,-0.008,24.934,0.664,3.0,0.001,24.478,0.001,0.005,275.816,0.266,-0.534
00:00:18.399,1572871298309,0.406,-0.006999999999999999,24.934,0.664,3.0,0.001,24.485,0.001,0.005,276.224,0.268,-0.534
00:00:18.400,1572871298310,0.406,-0.006999999999999999,24.934,0.664,3.0,0.001,24.492,0.001,0.005,276.633,0.27,-0.534
00:00:18.401,1572871298311,0.406,-0.006999999999999999,24.934,0.664,3.0,0.001,24.499,0.001,0.005,277.041,0.272,-0.534
00:00:18.452,1572871298362,0.407,-0.006,24.788,0.664,3.0,0.001,24.505,0.001,0.005,277.449,0.274,-0.534
00:00:18.453,1572871298363,0.407,-0.006,24.788,0.664,3.0,0.001,24.512,0.001,0.005,277.858,0.275,-0.534
00:00:18.454,1572871298364,0.406,-0.006,24.788,0.664,3.0,0.001,24.519,0.001,0.005,278.266,0.277,-0.534
00:00:18.500,1572871298410,0.406,-0.005,24.788,0.664,3.0,0.002,24.526,0.001,0.005,278.675,0.279,-0.534
00:00:18.501,1572871298411,0.405,-0.005,24.788,0.664,3.0,0.002,24.532,0.001,0.005,279.084,0.281,-0.534
00:00:18.502,1572871298412,0.404,-0.004,24.788,0.664,3.0,0.002,24.539,0.001,0.005,279.493,0.28300000000000003,-0.534
00:00:18.560,1572871298470,0.403,-0.004,24.934,0.664,3.0,0.002,24.546,0.001,0.005,279.902,0.284,-0.534
00:00:18.561,1572871298471,0.403,-0.004,24.934,0.664,3.0,0.002,24.552,0.001,0.005,280.311,0.28600000000000003,-0.534
00:00:18.562,1572871298472,0.403,-0.004,24.934,0.664,3.0,0.002,24.559,0.001,0.005,280.72,0.28800000000000003,-0.534
00:00:18.563,1572871298473,0.403,-0.003,24.934,0.664,3.0,0.002,24.566,0.001,0.005,281.13,0.29,-0.534
00:00:18.603,1572871298513,0.403,-0.003,24.934,0.664,3.0,0.002,24.573,0.001,0.004,281.539,0.29100000000000004,-0.534
00:00:18.604,1572871298514,0.403,-0.003,24.934,0.664,3.0,0.002,24.579,0.0,0.004,281.949,0.293,-0.534
00:00:18.605,1572871298515,0.404,-0.003,24.788,0.664,3.0,0.002,24.586,0.0,0.004,282.358,0.295,-0.534
00:00:18.654,1572871298564,0.404,-0.002,24.788,0.664,3.0,0.001,24.593000000000004,0.0,0.004,282.768,0.297,-0.534
00:00:18.655,1572871298565,0.404,-0.002,24.788,0.664,3.0,0.001,24.6,0.0,0.004,283.178,0.299,-0.534
00:00:18.656,1572871298566,0.403,-0.002,24.788,0.664,3.0,0.001,24.606,0.0,0.004,283.588,0.3,-0.534
00:00:18.705,1572871298615,0.402,-0.002,24.788,0.664,3.0,0.001,24.613000000000003,0.0,0.004,283.998,0.302,-0.534
00:00:18.706,1572871298616,0.401,-0.002,24.788,0.664,3.0,0.001,24.62,0.0,0.004,284.409,0.304,-0.534
00:00:18.707,1572871298617,0.401,-0.002,20.979,0.664,3.0,0.001,24.626,0.0,0.004,284.819,0.306,-0.534
00:00:18.755,1572871298665,0.399,-0.001,20.979,0.664,3.0,0.001,24.63300000000001,0.0,0.004,285.2290000000001,0.307,-0.534
00:00:18.756,1572871298666,0.393,-0.001,20.979,0.664,3.0,0.001,24.639,0.0,0.004,285.64,0.309,-0.534
00:00:18.757,1572871298667,0.381,-0.001,20.979,0.664,3.0,0.001,24.645,0.0,0.004,286.051,0.311,-0.534
00:00:18.809,1572871298719,0.366,-0.001,20.979,0.664,3.0,0.001,24.651,0.0,0.004,286.462,0.313,-0.534
00:00:18.810,1572871298720,0.35200000000000004,-0.001,20.979,0.664,3.0,0.001,24.657,0.0,0.003,286.872,0.315,-0.534
00:00:18.811,1572871298721,0.34,0.0,1.13,0.664,3.0,0.001,24.663,0.0,0.003,287.283,0.316,-0.534
00:00:18.865,1572871298775,0.325,0.0,1.13,0.664,3.0,0.001,24.66800000000001,0.0,0.002,287.694,0.318,-0.534
00:00:18.866,1572871298776,0.265,0.001,1.13,0.664,3.0,0.001,24.671,0.0,0.001,288.106,0.32,-0.534
00:00:18.867,1572871298777,0.134,0.001,1.13,0.664,3.0,0.001,24.671,0.0,0.0,288.517,0.322,-0.534
00:00:18.921,1572871298831,-0.034,0.001,1.13,0.664,3.0,0.001,24.66800000000001,0.0,-0.003,288.928,0.324,-0.534
00:00:18.922,1572871298832,-0.181,0.001,1.13,0.664,3.0,0.001,24.663,0.0,-0.006999999999999999,289.339,0.325,-0.534
00:00:18.923,1572871298833,-0.285,0.001,1.13,0.664,3.0,0.001,24.657,0.0,-0.011,289.75,0.327,-0.534
00:00:18.924,1572871298834,-0.35100000000000003,0.002,1.13,0.664,3.0,0.001,24.651,0.0,-0.017,290.161,0.329,-0.534
00:00:18.979,1572871298889,-0.392,0.002,1.13,0.664,3.0,0.001,24.644,0.0,-0.023,290.572,0.331,-0.534
00:00:18.980,1572871298890,-0.414,0.002,1.13,0.664,3.0,0.001,24.636,0.0,-0.029,290.982,0.332,-0.534
00:00:18.981,1572871298891,-0.418,0.003,1.13,0.664,3.0,0.001,24.63,0.0,-0.036000000000000004,291.393,0.334,-0.534
00:00:19.024,1572871298934,-0.387,0.003,1.13,0.664,3.0,0.001,24.624,0.0,-0.042,291.803,0.336,-0.534
00:00:19.025,1572871298935,-0.34,0.003,1.13,0.664,3.0,0.001,24.619,0.0,-0.049,292.214,0.338,-0.534
00:00:19.026,1572871298936,-0.316,0.003,1.13,0.664,3.0,0.0,24.614,0.0,-0.056,292.624,0.34,-0.534
00:00:19.076,1572871298986,-0.328,0.003,1.13,0.664,3.0,0.0,24.608,0.0,-0.062,293.034,0.341,-0.534
00:00:19.077,1572871298987,-0.332,0.003,1.13,0.664,3.0,0.0,24.602,0.0,-0.069,293.444,0.343,-0.534
00:00:19.078,1572871298988,-0.329,0.003,1.13,0.664,3.0,0.0,24.597,0.0,-0.075,293.8540000000001,0.345,-0.534
00:00:19.126,1572871299036,-0.329,0.003,1.13,0.664,3.0,0.0,24.591,0.0,-0.081,294.264,0.34700000000000003,-0.534
00:00:19.127,1572871299037,-0.33,0.003,1.13,0.664,3.0,0.0,24.586,0.0,-0.087,294.6740000000001,0.349,-0.534
00:00:19.128,1572871299038,-0.329,0.003,1.13,0.664,3.0,0.0,24.58,0.0,-0.092,295.084,0.35,-0.534
00:00:19.176,1572871299086,-0.329,0.004,1.13,0.664,3.0,0.0,24.575,0.0,-0.097,295.493,0.35200000000000004,-0.534
00:00:19.177,1572871299087,-0.329,0.004,1.13,0.664,3.0,0.0,24.56900000000001,0.0,-0.102,295.903,0.354,-0.534
00:00:19.178,1572871299088,-0.329,0.004,1.13,0.664,3.0,0.0,24.564,0.0,-0.106,296.312,0.35600000000000004,-0.534
00:00:19.226,1572871299136,-0.329,0.004,1.13,0.664,3.0,-0.001,24.558000000000003,0.0,-0.11,296.722,0.35700000000000004,-0.534
00:00:19.227,1572871299137,-0.329,0.004,1.13,0.664,3.0,-0.001,24.553,0.0,-0.113,297.131,0.359,-0.534
00:00:19.228,1572871299138,-0.329,0.004,1.13,0.664,3.0,-0.001,24.547,0.0,-0.116,297.54,0.361,-0.534
00:00:19.276,1572871299186,-0.329,0.004,1.13,0.664,3.0,-0.001,24.542,-0.001,-0.119,297.949,0.363,-0.534
00:00:19.277,1572871299187,-0.329,0.004,1.13,0.664,3.0,-0.001,24.536,-0.001,-0.121,298.358,0.365,-0.534
00:00:19.278,1572871299188,-0.329,0.004,1.13,0.664,3.0,-0.001,24.531,-0.001,-0.123,298.767,0.366,-0.534
00:00:19.326,1572871299236,-0.329,0.004,1.13,0.664,3.0,-0.001,24.525,-0.001,-0.124,299.176,0.368,-0.534
00:00:19.327,1572871299237,-0.329,0.004,1.13,0.664,3.0,-0.001,24.52,-0.001,-0.125,299.584,0.37,-0.534
00:00:19.328,1572871299238,-0.329,0.004,1.13,0.664,3.0,-0.001,24.514,-0.001,-0.125,299.993,0.3720000000000001,-0.534
00:00:19.376,1572871299286,-0.329,0.004,1.13,0.664,3.0,-0.001,24.509,-0.001,-0.125,300.402,0.374,-0.534
00:00:19.377,1572871299287,-0.329,0.004,1.13,0.664,3.0,-0.001,24.503,-0.001,-0.124,300.81,0.375,-0.534
00:00:19.378,1572871299288,-0.329,0.004,1.13,0.664,3.0,-0.001,24.498,-0.001,-0.123,301.218,0.377,-0.534
00:00:19.432,1572871299342,-0.328,0.004,1.13,0.664,3.0,-0.001,24.492,-0.001,-0.122,301.627,0.379,-0.534
00:00:19.433,1572871299343,-0.328,0.004,1.13,0.664,3.0,-0.001,24.487,-0.001,-0.121,302.035,0.381,-0.534
00:00:19.434,1572871299344,-0.328,0.004,1.13,0.664,3.0,-0.001,24.482,-0.001,-0.119,302.443,0.383,-0.534
00:00:19.478,1572871299388,-0.328,0.004,1.13,0.664,3.0,-0.001,24.476,-0.001,-0.118,302.851,0.384,-0.535
00:00:19.479,1572871299389,-0.328,0.004,1.13,0.664,3.0,-0.001,24.471,-0.001,-0.116,303.259,0.386,-0.535
00:00:19.480,1572871299390,-0.328,0.004,1.13,0.664,3.0,-0.001,24.465,-0.001,-0.114,303.6670000000001,0.388,-0.535
00:00:19.528,1572871299438,-0.328,0.004,1.13,0.664,3.0,-0.001,24.46,-0.001,-0.112,304.074,0.39,-0.535
00:00:19.529,1572871299439,-0.328,0.004,1.13,0.664,3.0,-0.001,24.454,-0.001,-0.11,304.482,0.392,-0.535
00:00:19.530,1572871299440,-0.328,0.003,1.13,0.664,3.0,-0.001,24.449,-0.001,-0.109,304.889,0.393,-0.535
00:00:19.579,1572871299489,-0.327,0.003,1.13,0.664,3.0,-0.001,24.443,-0.001,-0.107,305.322,0.395,-0.535
00:00:19.580,1572871299490,-0.327,0.002,1.13,0.664,3.0,-0.001,24.438,-0.001,-0.105,305.704,0.397,-0.535
00:00:19.581,1572871299491,-0.327,0.002,1.13,0.664,3.0,-0.001,24.432,-0.001,-0.104,306.111,0.399,-0.535
00:00:19.629,1572871299539,-0.327,0.001,1.13,0.664,3.0,-0.001,24.427,-0.001,-0.102,306.519,0.401,-0.535
00:00:19.630,1572871299540,-0.327,0.0,1.13,0.664,3.0,-0.001,24.422,-0.001,-0.101,306.926,0.402,-0.535
00:00:19.631,1572871299541,-0.327,-0.001,1.13,0.664,3.0,-0.001,24.416,-0.001,-0.1,307.333,0.404,-0.535
00:00:19.679,1572871299589,-0.327,-0.002,1.13,0.664,3.0,-0.001,24.411,-0.001,-0.099,307.74,0.406,-0.535
00:00:19.680,1572871299590,-0.327,-0.003,1.13,0.664,3.0,-0.001,24.405,-0.001,-0.098,308.146,0.408,-0.535
00:00:19.681,1572871299591,-0.327,-0.005,1.13,0.664,3.0,-0.001,24.399,-0.001,-0.097,308.578,0.41,-0.535
00:00:19.729,1572871299639,-0.327,-0.006,1.13,0.664,3.0,-0.001,24.394,-0.001,-0.096,308.985,0.412,-0.535
00:00:19.730,1572871299640,-0.327,-0.006,1.13,0.664,3.0,-0.001,24.389,-0.001,-0.096,309.366,0.413,-0.535
00:00:19.731,1572871299641,-0.327,-0.006999999999999999,1.13,0.664,3.0,-0.001,24.38300000000001,-0.001,-0.095,309.773,0.415,-0.535
00:00:19.780,1572871299690,-0.327,-0.008,1.13,0.664,3.0,0.0,24.378,-0.001,-0.095,310.1790000000001,0.417,-0.535
00:00:19.781,1572871299691,-0.327,-0.009000000000000001,1.13,0.664,3.0,0.0,24.373,-0.001,-0.095,310.585,0.419,-0.535
00:00:19.782,1572871299692,-0.327,-0.011,1.13,0.664,3.0,0.0,24.367,0.0,-0.094,310.991,0.42,-0.535
00:00:19.831,1572871299741,-0.327,-0.013,1.13,0.664,3.0,0.0,24.361,0.0,-0.094,311.423,0.422,-0.535
00:00:19.832,1572871299742,-0.327,-0.015,1.13,0.664,3.0,0.0,24.356,0.0,-0.094,311.803,0.424,-0.535
00:00:19.833,1572871299743,-0.326,-0.018000000000000002,1.13,0.664,3.0,0.0,24.351,0.0,-0.095,312.209,0.426,-0.535
00:00:19.882,1572871299792,-0.326,-0.023,1.13,0.664,3.0,0.001,24.345,0.0,-0.095,312.64,0.428,-0.535
00:00:19.883,1572871299793,-0.326,-0.029,1.13,0.664,3.0,0.001,24.34,0.0,-0.095,313.046,0.429,-0.535
00:00:19.884,1572871299794,-0.326,-0.036000000000000004,1.13,0.664,3.0,0.001,24.334,0.0,-0.095,313.426,0.431,-0.535
00:00:19.934,1572871299844,-0.326,-0.044,1.13,0.664,3.0,0.001,24.329,0.0,-0.096,313.857,0.433,-0.535
00:00:19.935,1572871299845,-0.326,-0.052000000000000005,0.983,0.664,3.0,0.002,24.324,0.0,-0.096,314.237,0.434,-0.535
00:00:19.936,1572871299846,-0.327,-0.06,0.983,0.664,3.0,0.002,24.318,0.0,-0.096,314.643,0.436,-0.535
00:00:19.937,1572871299847,-0.329,-0.067,0.983,0.664,3.0,0.003,24.312,0.0,-0.097,315.073,0.438,-0.535
00:00:19.994,1572871299904,-0.33,-0.073,0.983,0.664,3.0,0.004,24.307,0.0,-0.097,315.453,0.439,-0.535
00:00:19.995,1572871299905,-0.33,-0.078,0.983,0.664,3.0,0.005,24.302,0.0,-0.098,315.858,0.441,-0.535
00:00:19.996,1572871299906,-0.33,-0.08199999999999999,0.983,0.664,3.0,0.006999999999999999,24.296,0.001,-0.098,316.289,0.443,-0.535
00:00:20.039,1572871299949,-0.33,-0.085,0.983,0.664,3.0,0.008,24.291,0.001,-0.099,316.668,0.444,-0.535
00:00:20.040,1572871299950,-0.33,-0.08800000000000001,0.983,0.664,3.0,0.009000000000000001,24.285,0.002,-0.099,317.073,0.446,-0.535
00:00:20.041,1572871299951,-0.33,-0.09,0.983,0.664,3.0,0.011,24.28,0.002,-0.1,317.478,0.447,-0.535
00:00:20.091,1572871300001,-0.33,-0.092,0.983,0.664,3.0,0.012,24.274,0.003,-0.1,317.882,0.449,-0.535
00:00:20.092,1572871300002,-0.33,-0.095,0.983,0.664,3.0,0.014,24.268,0.004,-0.1,318.312,0.45,-0.535
00:00:20.093,1572871300003,-0.33,-0.097,0.983,0.664,3.0,0.015,24.263,0.005,-0.101,318.691,0.452,-0.535
00:00:20.140,1572871300050,-0.33,-0.1,1.13,0.664,3.0,0.016,24.257,0.006,-0.101,319.121,0.453,-0.535
00:00:20.141,1572871300051,-0.329,-0.103,1.13,0.664,3.0,0.017,24.252,0.006999999999999999,-0.101,319.5,0.455,-0.535
00:00:20.142,1572871300052,-0.327,-0.106,1.13,0.664,3.0,0.018000000000000002,24.246,0.008,-0.102,319.9290000000001,0.456,-0.535
00:00:20.191,1572871300101,-0.326,-0.109,1.13,0.664,3.0,0.019,24.241,0.008,-0.102,320.308,0.457,-0.535
00:00:20.192,1572871300102,-0.325,-0.112,1.13,0.664,3.0,0.021,24.236,0.009000000000000001,-0.102,320.712,0.459,-0.535
00:00:20.193,1572871300103,-0.325,-0.115,1.13,0.664,3.0,0.022,24.23,0.01,-0.102,321.116,0.46,-0.535
00:00:20.249,1572871300159,-0.325,-0.118,0.983,0.664,3.0,0.023,24.225,0.01,-0.102,321.52,0.461,-0.535
00:00:20.250,1572871300160,-0.326,-0.121,0.983,0.664,3.0,0.024,24.22,0.011,-0.102,321.923,0.462,-0.535
00:00:20.251,1572871300161,-0.328,-0.124,0.983,0.664,3.0,0.025,24.214,0.011,-0.102,322.3520000000001,0.464,-0.535
00:00:20.302,1572871300212,-0.329,-0.127,0.983,0.664,3.0,0.026,24.208,0.012,-0.102,322.756,0.465,-0.535
00:00:20.303,1572871300213,-0.329,-0.129,0.983,0.664,3.0,0.027000000000000003,24.20300000000001,0.012,-0.102,323.134,0.466,-0.535
00:00:20.304,1572871300214,-0.329,-0.131,0.983,0.664,3.0,0.028,24.197,0.012,-0.102,323.563,0.467,-0.535
00:00:20.351,1572871300261,-0.329,-0.133,0.983,0.664,3.0,0.029,24.192,0.012,-0.102,323.941,0.468,-0.535
00:00:20.352,1572871300262,-0.329,-0.134,0.983,0.664,3.0,0.03,24.186,0.012,-0.102,324.369,0.469,-0.535
00:00:20.353,1572871300263,-0.329,-0.134,0.983,0.664,3.0,0.031,24.181,0.012,-0.101,324.772,0.47,-0.535
00:00:20.393,1572871300303,-0.329,-0.134,0.983,0.664,3.0,0.032,24.175,0.013,-0.101,325.175,0.471,-0.535
00:00:20.394,1572871300304,-0.329,-0.134,0.983,0.664,3.0,0.033,24.17,0.013,-0.101,325.553,0.472,-0.535
00:00:20.395,1572871300305,-0.329,-0.133,0.983,0.664,3.0,0.034,24.164,0.013,-0.101,325.981,0.472,-0.535
00:00:20.443,1572871300353,-0.328,-0.132,1.13,0.664,3.0,0.035,24.159,0.013,-0.101,326.383,0.473,-0.535
00:00:20.444,1572871300354,-0.327,-0.13,1.13,0.664,3.0,0.036000000000000004,24.154,0.013,-0.1,326.761,0.474,-0.535
00:00:20.445,1572871300355,-0.325,-0.129,1.13,0.664,3.0,0.036000000000000004,24.148000000000003,0.012,-0.1,327.188,0.475,-0.535
00:00:20.493,1572871300403,-0.324,-0.129,1.13,0.664,3.0,0.037000000000000005,24.143,0.012,-0.1,327.591,0.475,-0.535
00:00:20.494,1572871300404,-0.32299999999999995,-0.129,1.13,0.664,3.0,0.038,24.137,0.012,-0.1,327.99300000000005,0.476,-0.535
00:00:20.495,1572871300405,-0.32299999999999995,-0.129,1.13,0.664,3.0,0.038,24.132,0.012,-0.099,328.395,0.477,-0.535
00:00:20.544,1572871300454,-0.32299999999999995,-0.13,0.983,0.664,3.0,0.039,24.127,0.012,-0.099,328.798,0.477,-0.535
00:00:20.545,1572871300455,-0.324,-0.13,0.983,0.664,3.0,0.039,24.121,0.012,-0.099,329.2,0.478,-0.535
00:00:20.546,1572871300456,-0.326,-0.13,0.983,0.664,3.0,0.04,24.116,0.012,-0.099,329.602,0.478,-0.535
00:00:20.595,1572871300505,-0.327,-0.13,0.983,0.664,3.0,0.04,24.11,0.011,-0.099,330.004,0.479,-0.535
00:00:20.596,1572871300506,-0.328,-0.13,0.983,0.664,3.0,0.041,24.105,0.011,-0.099,330.405,0.479,-0.535
00:00:20.597,1572871300507,-0.328,-0.13,0.983,0.664,3.0,0.041,24.099,0.011,-0.098,330.807,0.48,-0.535
00:00:20.648,1572871300558,-0.327,-0.129,0.983,0.664,3.0,0.042,24.094,0.011,-0.098,331.209,0.48,-0.535
00:00:20.649,1572871300559,-0.327,-0.128,0.983,0.664,3.0,0.042,24.088,0.011,-0.098,331.61,0.48,-0.535
00:00:20.650,1572871300560,-0.327,-0.127,0.983,0.664,3.0,0.043,24.083,0.011,-0.098,331.987,0.481,-0.535
00:00:20.698,1572871300608,-0.327,-0.126,0.983,0.664,3.0,0.043,24.07800000000001,0.011,-0.098,332.413,0.481,-0.535
00:00:20.699,1572871300609,-0.327,-0.125,0.983,0.664,3.0,0.044,24.072,0.01,-0.098,332.814,0.481,-0.535
00:00:20.700,1572871300610,-0.327,-0.125,0.983,0.664,3.0,0.044,24.067,0.01,-0.098,333.215,0.481,-0.535
00:00:20.749,1572871300659,-0.327,-0.125,0.983,0.664,3.0,0.044,24.061,0.01,-0.098,333.616,0.481,-0.535
00:00:20.750,1572871300660,-0.327,-0.124,0.983,0.664,3.0,0.045,24.056,0.01,-0.098,334.017,0.482,-0.535
00:00:20.751,1572871300661,-0.327,-0.124,0.983,0.664,3.0,0.045,24.05,0.01,-0.098,334.418,0.482,-0.535
00:00:20.807,1572871300717,-0.327,-0.123,0.983,0.664,3.0,0.045,24.045,0.01,-0.098,334.819,0.482,-0.535
00:00:20.808,1572871300718,-0.327,-0.123,0.983,0.664,3.0,0.045,24.039,0.01,-0.098,335.22,0.482,-0.535
00:00:20.809,1572871300719,-0.327,-0.122,0.983,0.664,3.0,0.046,24.034,0.01,-0.098,335.62,0.482,-0.535
00:00:20.849,1572871300759,-0.327,-0.122,0.983,0.664,3.0,0.046,24.028,0.01,-0.098,336.021,0.482,-0.535
00:00:20.850,1572871300760,-0.326,-0.122,0.983,0.664,3.0,0.046,24.023000000000003,0.01,-0.098,336.421,0.482,-0.535
00:00:20.851,1572871300761,-0.326,-0.121,0.983,0.664,3.0,0.046,24.018,0.01,-0.098,336.82199999999995,0.481,-0.535
00:00:20.899,1572871300809,-0.326,-0.121,0.983,0.664,3.0,0.046,24.012,0.01,-0.098,337.222,0.481,-0.535
00:00:20.900,1572871300810,-0.326,-0.121,0.983,0.664,3.0,0.046,24.007,0.01,-0.099,337.622,0.481,-0.535
00:00:20.901,1572871300811,-0.326,-0.121,0.983,0.664,3.0,0.046,24.001,0.01,-0.099,338.022,0.481,-0.535
00:00:20.949,1572871300859,-0.326,-0.12,1.13,0.664,3.0,0.047,23.996,0.01,-0.099,338.422,0.481,-0.535
00:00:20.950,1572871300860,-0.325,-0.12,1.13,0.664,3.0,0.047,23.99,0.01,-0.099,338.82199999999995,0.48,-0.535
00:00:20.951,1572871300861,-0.32299999999999995,-0.12,1.13,0.664,3.0,0.047,23.985,0.01,-0.099,339.222,0.48,-0.535
00:00:21.001,1572871300911,-0.321,-0.12,1.13,0.664,3.0,0.047,23.98,0.01,-0.099,339.622,0.48,-0.535
00:00:21.002,1572871300912,-0.321,-0.119,1.13,0.664,3.0,0.047,23.974,0.01,-0.099,340.021,0.479,-0.535
00:00:21.003,1572871300913,-0.321,-0.119,1.13,0.664,3.0,0.047,23.969,0.01,-0.099,340.421,0.479,-0.535
00:00:21.051,1572871300961,-0.321,-0.119,1.13,0.664,3.0,0.047,23.964,0.01,-0.099,340.82,0.478,-0.535
00:00:21.052,1572871300962,-0.321,-0.119,1.13,0.664,3.0,0.047,23.958,0.01,-0.099,341.219,0.478,-0.535
00:00:21.053,1572871300963,-0.32,-0.119,1.13,0.664,3.0,0.047,23.95300000000001,0.01,-0.099,341.619,0.477,-0.535
00:00:21.104,1572871301014,-0.32,-0.118,1.13,0.664,3.0,0.047,23.948,0.01,-0.099,342.01800000000014,0.477,-0.535
00:00:21.105,1572871301015,-0.32,-0.117,1.13,0.664,3.0,0.047,23.942,0.01,-0.099,342.417,0.476,-0.535
00:00:21.106,1572871301016,-0.32,-0.117,1.13,0.664,3.0,0.047,23.937,0.01,-0.098,342.816,0.476,-0.535
00:00:21.107,1572871301017,-0.32,-0.117,0.983,0.664,3.0,0.047,23.932,0.01,-0.098,343.215,0.475,-0.535
00:00:21.154,1572871301064,-0.321,-0.116,0.983,0.664,3.0,0.047,23.926,0.01,-0.098,343.61400000000015,0.474,-0.535
00:00:21.155,1572871301065,-0.32299999999999995,-0.116,0.983,0.664,3.0,0.047,23.921,0.01,-0.098,344.01199999999994,0.474,-0.535
00:00:21.156,1572871301066,-0.324,-0.116,0.983,0.664,3.0,0.047,23.916,0.01,-0.098,344.411,0.473,-0.535
00:00:21.204,1572871301114,-0.325,-0.116,0.983,0.664,3.0,0.047,23.91,0.01,-0.098,344.81,0.472,-0.535
00:00:21.205,1572871301115,-0.325,-0.116,0.983,0.664,3.0,0.047,23.905,0.01,-0.098,345.208,0.471,-0.535
00:00:21.206,1572871301116,-0.325,-0.116,1.13,0.664,3.0,0.047,23.899,0.01,-0.098,345.606,0.471,-0.535
00:00:21.254,1572871301164,-0.32299999999999995,-0.115,1.13,0.664,3.0,0.047,23.894,0.01,-0.098,346.005,0.47,-0.535
00:00:21.255,1572871301165,-0.321,-0.115,1.13,0.664,3.0,0.047,23.889,0.01,-0.098,346.403,0.469,-0.535
00:00:21.256,1572871301166,-0.32,-0.115,1.13,0.664,3.0,0.047,23.88300000000001,0.01,-0.098,346.801,0.468,-0.535
00:00:21.307,1572871301217,-0.319,-0.114,1.13,0.664,3.0,0.047,23.878,0.01,-0.098,347.199,0.467,-0.535
00:00:21.308,1572871301218,-0.319,-0.114,1.13,0.664,3.0,0.047,23.873,0.01,-0.098,347.597,0.466,-0.535
00:00:21.309,1572871301219,-0.319,-0.113,0.983,0.664,3.0,0.047,23.867,0.01,-0.097,347.995,0.465,-0.535
00:00:21.357,1572871301267,-0.32,-0.113,0.983,0.664,3.0,0.047,23.862,0.009000000000000001,-0.097,348.39300000000014,0.464,-0.535
00:00:21.358,1572871301268,-0.322,-0.113,0.983,0.664,3.0,0.047,23.857,0.009000000000000001,-0.097,348.79,0.463,-0.535
00:00:21.359,1572871301269,-0.32299999999999995,-0.113,0.983,0.664,3.0,0.047,23.851,0.009000000000000001,-0.097,349.18800000000016,0.462,-0.535
00:00:21.408,1572871301318,-0.324,-0.112,0.983,0.664,3.0,0.047,23.846,0.009000000000000001,-0.097,349.585,0.46,-0.535
00:00:21.409,1572871301319,-0.324,-0.112,0.983,0.664,3.0,0.047,23.836,0.009000000000000001,-0.097,350.33,0.458,-0.535
00:00:21.410,1572871301320,-0.324,-0.112,0.983,0.664,3.0,0.047,23.834,0.009000000000000001,-0.097,350.47900000000016,0.458,-0.535
00:00:21.458,1572871301368,-0.324,-0.112,0.983,0.664,3.0,0.047,23.83,0.009000000000000001,-0.097,350.777,0.457,-0.535
00:00:21.459,1572871301369,-0.32299999999999995,-0.112,0.983,0.664,3.0,0.047,23.824,0.009000000000000001,-0.097,351.17400000000015,0.456,-0.535
00:00:21.460,1572871301370,-0.32299999999999995,-0.112,0.983,0.664,3.0,0.047,23.81900000000001,0.009000000000000001,-0.097,351.571,0.454,-0.535
00:00:21.509,1572871301419,-0.32299999999999995,-0.112,0.983,0.664,3.0,0.047,23.813,0.009000000000000001,-0.097,351.968,0.453,-0.535
00:00:21.510,1572871301420,-0.32299999999999995,-0.112,0.983,0.664,3.0,0.047,23.808000000000003,0.009000000000000001,-0.097,352.365,0.452,-0.535
00:00:21.511,1572871301421,-0.32299999999999995,-0.111,0.983,0.664,3.0,0.047,23.803,0.009000000000000001,-0.097,352.76199999999994,0.45,-0.535
00:00:21.558,1572871301468,-0.32299999999999995,-0.111,0.983,0.664,3.0,0.047,23.797,0.009000000000000001,-0.097,353.158,0.449,-0.535
00:00:21.559,1572871301469,-0.32299999999999995,-0.11,0.983,0.664,3.0,0.047,23.792,0.009000000000000001,-0.097,353.555,0.447,-0.535
00:00:21.560,1572871301470,-0.32299999999999995,-0.11,0.983,0.664,3.0,0.047,23.786,0.009000000000000001,-0.097,353.952,0.446,-0.535
00:00:21.609,1572871301519,-0.32299999999999995,-0.11,0.983,0.664,3.0,0.046,23.781,0.009000000000000001,-0.097,354.348,0.444,-0.535
00:00:21.610,1572871301520,-0.32299999999999995,-0.11,0.983,0.664,3.0,0.046,23.776,0.009000000000000001,-0.097,354.744,0.443,-0.535
00:00:21.611,1572871301521,-0.32299999999999995,-0.11,1.13,0.664,3.0,0.046,23.77,0.009000000000000001,-0.097,355.14,0.441,-0.535
00:00:21.660,1572871301570,-0.321,-0.11,1.13,0.664,3.0,0.046,23.765,0.009000000000000001,-0.097,355.537,0.44,-0.535
00:00:21.661,1572871301571,-0.319,-0.11,1.13,0.664,3.0,0.046,23.76,0.009000000000000001,-0.097,355.93300000000005,0.438,-0.535
00:00:21.662,1572871301572,-0.318,-0.11,1.13,0.664,3.0,0.046,23.754,0.009000000000000001,-0.097,356.329,0.436,-0.535
00:00:21.711,1572871301621,-0.318,-0.109,1.13,0.664,3.0,0.046,23.749,0.009000000000000001,-0.097,356.724,0.435,-0.535
00:00:21.712,1572871301622,-0.317,-0.109,1.13,0.664,3.0,0.046,23.744,0.009000000000000001,-0.097,357.12,0.433,-0.535
00:00:21.713,1572871301623,-0.317,-0.109,0.983,0.664,3.0,0.046,23.739,0.009000000000000001,-0.097,357.516,0.431,-0.535
00:00:21.763,1572871301673,-0.319,-0.108,0.983,0.664,3.0,0.046,23.733,0.009000000000000001,-0.097,357.911,0.429,-0.535
00:00:21.764,1572871301674,-0.32,-0.108,0.983,0.664,3.0,0.046,23.728,0.009000000000000001,-0.097,358.307,0.4270000000000001,-0.535
00:00:21.765,1572871301675,-0.321,-0.107,0.983,0.664,3.0,0.046,23.72300000000001,0.009000000000000001,-0.097,358.702,0.426,-0.535
00:00:21.813,1572871301723,-0.322,-0.106,0.983,0.664,3.0,0.046,23.717,0.009000000000000001,-0.097,359.098,0.424,-0.535
00:00:21.814,1572871301724,-0.322,-0.105,0.983,0.664,3.0,0.046,23.712,0.009000000000000001,-0.097,359.49300000000005,0.422,-0.535
00:00:21.815,1572871301725,-0.322,-0.103,1.13,0.664,3.0,0.046,23.706,0.009000000000000001,-0.097,359.88800000000015,0.42,-0.535
00:00:21.868,1572871301778,-0.32,-0.1,1.13,0.664,3.0,0.046,23.701,0.009000000000000001,-0.097,360.283,0.418,-0.535
00:00:21.869,1572871301779,-0.318,-0.097,1.13,0.664,3.0,0.046,23.696,0.009000000000000001,-0.097,360.67800000000005,0.416,-0.535
00:00:21.870,1572871301780,-0.317,-0.094,1.13,0.664,3.0,0.045,23.691,0.009000000000000001,-0.097,361.073,0.414,-0.535
00:00:21.871,1572871301781,-0.317,-0.09,1.13,0.664,3.0,0.045,23.685,0.009000000000000001,-0.097,361.468,0.412,-0.535
00:00:21.921,1572871301831,-0.316,-0.086,1.13,0.664,3.0,0.045,23.68,0.01,-0.096,361.86300000000006,0.41,-0.535
00:00:21.922,1572871301832,-0.316,-0.081,0.983,0.664,3.0,0.045,23.675,0.01,-0.096,362.257,0.408,-0.535
00:00:21.923,1572871301833,-0.318,-0.076,0.983,0.664,3.0,0.045,23.669,0.01,-0.096,362.652,0.406,-0.535
00:00:21.971,1572871301881,-0.319,-0.07,0.983,0.664,3.0,0.044,23.664,0.01,-0.096,363.046,0.404,-0.535
00:00:21.972,1572871301882,-0.32,-0.063,0.983,0.664,3.0,0.044,23.659,0.01,-0.096,363.441,0.402,-0.535
00:00:21.973,1572871301883,-0.321,-0.056,0.983,0.664,3.0,0.043,23.653,0.01,-0.096,363.835,0.399,-0.535
00:00:22.021,1572871301931,-0.321,-0.048,0.983,0.664,3.0,0.042,23.648000000000003,0.01,-0.096,364.229,0.397,-0.535
00:00:22.022,1572871301932,-0.321,-0.041,0.983,0.664,3.0,0.042,23.643,0.01,-0.096,364.62300000000016,0.395,-0.535
00:00:22.023,1572871301933,-0.321,-0.033,0.983,0.664,3.0,0.041,23.637,0.01,-0.096,365.017,0.393,-0.535
00:00:22.072,1572871301982,-0.321,-0.026,0.983,0.664,3.0,0.04,23.632,0.01,-0.095,365.411,0.391,-0.535
00:00:22.073,1572871301983,-0.32,-0.019,0.983,0.664,3.0,0.038,23.627,0.009000000000000001,-0.095,365.805,0.388,-0.535
00:00:22.074,1572871301984,-0.32,-0.011,0.983,0.664,3.0,0.037000000000000005,23.621,0.009000000000000001,-0.095,366.199,0.386,-0.535
00:00:22.123,1572871302033,-0.32,-0.004,0.983,0.664,3.0,0.036000000000000004,23.616,0.009000000000000001,-0.095,366.592,0.384,-0.535
00:00:22.124,1572871302034,-0.32,0.003,1.423,0.664,3.0,0.034,23.611,0.008,-0.095,366.986,0.382,-0.535
00:00:22.125,1572871302035,-0.316,0.01,1.423,0.664,3.0,0.033,23.606,0.006999999999999999,-0.095,367.379,0.38,-0.535
00:00:22.175,1572871302085,-0.31,0.017,1.423,0.664,3.0,0.031,23.6,0.006999999999999999,-0.095,367.773,0.378,-0.535
00:00:22.176,1572871302086,-0.307,0.023,1.423,0.664,3.0,0.029,23.595,0.006,-0.095,368.166,0.375,-0.535
00:00:22.177,1572871302087,-0.306,0.029,1.423,0.664,3.0,0.027000000000000003,23.59,0.005,-0.095,368.559,0.373,-0.535
00:00:22.224,1572871302134,-0.305,0.035,1.423,0.664,3.0,0.026,23.585,0.004,-0.095,368.952,0.371,-0.535
00:00:22.225,1572871302135,-0.305,0.04,1.936,0.664,3.0,0.024,23.58,0.003,-0.094,369.345,0.369,-0.535
00:00:22.226,1572871302136,-0.302,0.045,1.936,0.664,3.0,0.022,23.575,0.002,-0.094,369.73800000000006,0.3670000000000001,-0.535
00:00:22.274,1572871302184,-0.292,0.049,1.936,0.664,3.0,0.02,23.57,0.001,-0.094,370.131,0.365,-0.535
00:00:22.275,1572871302185,-0.28800000000000003,0.054000000000000006,1.936,0.664,3.0,0.018000000000000002,23.566,0.0,-0.094,370.524,0.363,-0.535
00:00:22.276,1572871302186,-0.287,0.059,1.936,0.664,3.0,0.016,23.561,-0.001,-0.094,370.917,0.361,-0.535
00:00:22.327,1572871302237,-0.287,0.063,1.936,0.664,3.0,0.015,23.556,-0.002,-0.094,371.309,0.359,-0.535
00:00:22.328,1572871302238,-0.287,0.068,2.302,0.664,3.0,0.013,23.551,-0.003,-0.093,371.702,0.35600000000000004,-0.535
00:00:22.329,1572871302239,-0.28300000000000003,0.071,2.302,0.664,3.0,0.011,23.547,-0.004,-0.093,372.094,0.354,-0.535
00:00:22.377,1572871302287,-0.278,0.073,2.302,0.664,3.0,0.009000000000000001,23.542,-0.005,-0.093,372.487,0.35200000000000004,-0.535
00:00:22.378,1572871302288,-0.276,0.076,2.302,0.664,3.0,0.008,23.538,-0.006,-0.093,372.879,0.35,-0.535
00:00:22.379,1572871302289,-0.275,0.078,2.302,0.664,3.0,0.006,23.533,-0.006999999999999999,-0.092,373.271,0.349,-0.535
00:00:22.429,1572871302339,-0.274,0.08,2.302,0.664,3.0,0.004,23.528,-0.008,-0.092,373.663,0.34700000000000003,-0.535
00:00:22.430,1572871302340,-0.274,0.08199999999999999,2.815,0.664,3.0,0.003,23.524,-0.008,-0.092,374.055,0.345,-0.535
00:00:22.431,1572871302341,-0.272,0.083,2.815,0.664,3.0,0.001,23.519,-0.009000000000000001,-0.091,374.447,0.343,-0.535
00:00:22.479,1572871302389,-0.263,0.083,2.815,0.664,3.0,0.0,23.515,-0.009000000000000001,-0.091,374.839,0.341,-0.535
00:00:22.480,1572871302390,-0.258,0.083,2.815,0.664,3.0,-0.001,23.511,-0.009000000000000001,-0.09,375.231,0.339,-0.535
00:00:22.481,1572871302391,-0.256,0.084,2.815,0.664,3.0,-0.003,23.507,-0.01,-0.09,375.62300000000016,0.337,-0.535
00:00:22.529,1572871302439,-0.256,0.083,2.815,0.664,3.0,-0.004,23.502,-0.01,-0.08900000000000001,376.015,0.336,-0.535
00:00:22.530,1572871302440,-0.256,0.083,3.254,0.664,3.0,-0.005,23.498,-0.01,-0.08900000000000001,376.407,0.334,-0.535
00:00:22.531,1572871302441,-0.253,0.081,3.254,0.664,3.0,-0.006,23.494,-0.01,-0.08800000000000001,376.798,0.332,-0.535
00:00:22.587,1572871302497,-0.247,0.08,3.254,0.664,3.0,-0.006999999999999999,23.49,-0.01,-0.08800000000000001,377.19,0.33,-0.535
00:00:22.588,1572871302498,-0.242,0.078,3.254,0.664,3.0,-0.008,23.486,-0.01,-0.087,377.581,0.329,-0.535
00:00:22.589,1572871302499,-0.241,0.076,3.254,0.664,3.0,-0.009000000000000001,23.482,-0.01,-0.087,377.973,0.327,-0.535
00:00:22.630,1572871302540,-0.24,0.07400000000000001,3.254,0.664,3.0,-0.01,23.478,-0.009000000000000001,-0.086,378.364,0.325,-0.535
00:00:22.631,1572871302541,-0.24,0.07200000000000001,5.4510000000000005,0.664,3.0,-0.01,23.474,-0.009000000000000001,-0.086,378.755,0.324,-0.535
00:00:22.632,1572871302542,-0.239,0.069,5.4510000000000005,0.664,3.0,-0.011,23.47,-0.009000000000000001,-0.085,379.146,0.322,-0.535
00:00:22.680,1572871302590,-0.234,0.067,5.4510000000000005,0.664,3.0,-0.012,23.466,-0.008,-0.085,379.537,0.32,-0.535
00:00:22.681,1572871302591,-0.224,0.064,5.4510000000000005,0.664,3.0,-0.012,23.463,-0.008,-0.084,379.929,0.319,-0.535
00:00:22.682,1572871302592,-0.211,0.061,5.4510000000000005,0.664,3.0,-0.013,23.459,-0.008,-0.084,380.32,0.317,-0.535
00:00:22.730,1572871302640,-0.198,0.059,5.4510000000000005,0.664,3.0,-0.013,23.456,-0.006999999999999999,-0.083,380.711,0.316,-0.535
00:00:22.731,1572871302641,-0.18600000000000005,0.056,6.477,0.664,3.0,-0.013,23.45300000000001,-0.006999999999999999,-0.08199999999999999,381.101,0.314,-0.535
00:00:22.732,1572871302642,-0.177,0.053,6.477,0.664,3.0,-0.014,23.45,-0.006,-0.08199999999999999,381.492,0.313,-0.535
00:00:22.780,1572871302690,-0.168,0.051,6.477,0.664,3.0,-0.014,23.448,-0.006,-0.081,381.883,0.311,-0.535
00:00:22.781,1572871302691,-0.159,0.049,6.477,0.664,3.0,-0.014,23.445,-0.006,-0.08,382.274,0.31,-0.535
00:00:22.782,1572871302692,-0.15,0.047,6.477,0.664,3.0,-0.014,23.443,-0.005,-0.079,382.665,0.308,-0.535
00:00:22.831,1572871302741,-0.14300000000000002,0.045,6.477,0.664,3.0,-0.014,23.441,-0.005,-0.077,383.055,0.307,-0.535
00:00:22.832,1572871302742,-0.138,0.043,7.282,0.664,3.0,-0.014,23.438,-0.004,-0.076,383.446,0.305,-0.535
00:00:22.833,1572871302743,-0.134,0.041,7.282,0.664,3.0,-0.014,23.436,-0.004,-0.075,383.837,0.304,-0.535
00:00:22.882,1572871302792,-0.131,0.039,7.282,0.664,3.0,-0.014,23.434,-0.004,-0.07400000000000001,384.227,0.302,-0.535
00:00:22.883,1572871302793,-0.127,0.038,7.282,0.664,3.0,-0.014,23.432,-0.003,-0.073,384.61800000000005,0.301,-0.535
00:00:22.884,1572871302794,-0.122,0.036000000000000004,7.282,0.664,3.0,-0.014,23.43,-0.003,-0.071,385.008,0.3,-0.535
00:00:22.933,1572871302843,-0.117,0.035,7.282,0.664,3.0,-0.014,23.428,-0.003,-0.07,385.399,0.298,-0.535
00:00:22.934,1572871302844,-0.113,0.034,8.308,0.664,3.0,-0.014,23.426,-0.003,-0.069,385.789,0.297,-0.535
00:00:22.935,1572871302845,-0.11,0.033,8.308,0.664,3.0,-0.014,23.424,-0.002,-0.068,386.18,0.295,-0.535
00:00:22.983,1572871302893,-0.107,0.033,8.308,0.664,3.0,-0.014,23.423,-0.002,-0.067,386.57,0.294,-0.535
00:00:22.984,1572871302894,-0.1,0.032,8.308,0.664,3.0,-0.014,23.421,-0.002,-0.066,386.96,0.293,-0.535
00:00:22.985,1572871302895,-0.092,0.032,8.308,0.664,3.0,-0.014,23.42,-0.002,-0.065,387.351,0.29100000000000004,-0.535
00:00:23.039,1572871302949,-0.084,0.032,8.308,0.664,3.0,-0.014,23.41800000000001,-0.002,-0.064,387.741,0.29,-0.535
00:00:23.040,1572871302950,-0.079,0.032,8.967,0.664,3.0,-0.014,23.417,-0.002,-0.063,388.131,0.289,-0.535
00:00:23.041,1572871302951,-0.077,0.032,8.967,0.664,3.0,-0.014,23.416,-0.001,-0.062,388.522,0.287,-0.535
00:00:23.042,1572871302952,-0.075,0.031,8.967,0.664,3.0,-0.014,23.415,-0.001,-0.061,388.912,0.28600000000000003,-0.535
00:00:23.088,1572871302998,-0.071,0.031,8.967,0.664,3.0,-0.013,23.414,-0.001,-0.06,389.302,0.285,-0.535
00:00:23.089,1572871302999,-0.066,0.031,8.967,0.664,3.0,-0.013,23.413,-0.001,-0.059,389.692,0.28300000000000003,-0.535
00:00:23.090,1572871303000,-0.062,0.031,8.967,0.664,3.0,-0.013,23.412,-0.002,-0.059,390.082,0.282,-0.534
00:00:23.144,1572871303054,-0.059,0.032,9.919,0.664,3.0,-0.013,23.411,-0.002,-0.058,390.473,0.281,-0.534
00:00:23.145,1572871303055,-0.058,0.032,9.919,0.664,3.0,-0.013,23.41,-0.002,-0.057,390.86300000000006,0.28,-0.534
00:00:23.146,1572871303056,-0.055,0.032,9.919,0.664,3.0,-0.013,23.409,-0.002,-0.057,391.253,0.278,-0.534
00:00:23.192,1572871303102,-0.048,0.033,9.919,0.664,3.0,-0.013,23.408,-0.002,-0.056,391.643,0.277,-0.534
00:00:23.193,1572871303103,-0.039,0.033,9.919,0.664,3.0,-0.013,23.408,-0.002,-0.056,392.033,0.276,-0.534
00:00:23.194,1572871303104,-0.032,0.034,9.919,0.664,3.0,-0.013,23.407,-0.002,-0.056,392.423,0.275,-0.534
00:00:23.249,1572871303159,-0.028,0.035,11.97,0.664,3.0,-0.013,23.407,-0.002,-0.055,392.81300000000016,0.273,-0.534
00:00:23.250,1572871303160,-0.026,0.036000000000000004,11.97,0.664,3.0,-0.013,23.406,-0.002,-0.055,393.204,0.272,-0.534
00:00:23.251,1572871303161,-0.02,0.038,11.97,0.664,3.0,-0.013,23.406,-0.002,-0.054000000000000006,393.594,0.271,-0.534
00:00:23.311,1572871303221,-0.008,0.04,11.97,0.664,3.0,-0.013,23.406,-0.002,-0.054000000000000006,393.959,0.27,-0.534
00:00:23.312,1572871303222,0.009000000000000001,0.042,11.97,0.664,3.0,-0.013,23.407,-0.002,-0.054000000000000006,394.35,0.269,-0.534
00:00:23.313,1572871303223,0.025,0.044,11.97,0.664,3.0,-0.013,23.407,-0.002,-0.053,394.74,0.267,-0.534
00:00:23.314,1572871303224,0.036000000000000004,0.045,12.263,0.664,3.0,-0.013,23.408,-0.002,-0.052000000000000005,395.13,0.266,-0.534
00:00:23.364,1572871303274,0.043,0.046,12.263,0.664,3.0,-0.013,23.409,-0.002,-0.052000000000000005,395.52,0.265,-0.534
00:00:23.365,1572871303275,0.046,0.047,12.263,0.664,3.0,-0.013,23.41,-0.002,-0.051,395.91,0.264,-0.534
00:00:23.366,1572871303276,0.048,0.047,12.263,0.664,3.0,-0.013,23.41,-0.003,-0.05,396.3,0.263,-0.534
00:00:23.419,1572871303329,0.049,0.048,12.263,0.664,3.0,-0.014,23.411,-0.003,-0.049,396.69,0.262,-0.534
00:00:23.420,1572871303330,0.049,0.048,12.263,0.664,3.0,-0.014,23.412,-0.003,-0.048,397.081,0.261,-0.534
00:00:23.421,1572871303331,0.049,0.048,12.776,0.664,3.0,-0.014,23.413,-0.003,-0.047,397.471,0.26,-0.534
00:00:23.468,1572871303378,0.049,0.049,12.776,0.664,3.0,-0.014,23.414,-0.003,-0.047,397.861,0.258,-0.534
00:00:23.469,1572871303379,0.05,0.049,12.776,0.664,3.0,-0.014,23.415,-0.003,-0.046,398.251,0.257,-0.534
00:00:23.470,1572871303380,0.054000000000000006,0.05,12.776,0.664,3.0,-0.014,23.415,-0.003,-0.045,398.641,0.256,-0.534
00:00:23.471,1572871303381,0.058,0.05,12.776,0.664,3.0,-0.015,23.416,-0.003,-0.044,399.032,0.255,-0.534
00:00:23.529,1572871303439,0.062,0.051,12.776,0.664,3.0,-0.015,23.41800000000001,-0.004,-0.044,399.422,0.254,-0.534
00:00:23.530,1572871303440,0.065,0.051,13.948,0.664,3.0,-0.015,23.419,-0.004,-0.043,399.812,0.253,-0.534
00:00:23.531,1572871303441,0.068,0.052000000000000005,13.948,0.664,3.0,-0.015,23.42,-0.004,-0.042,400.203,0.252,-0.534
00:00:23.569,1572871303479,0.07200000000000001,0.052000000000000005,13.948,0.664,3.0,-0.015,23.421,-0.004,-0.042,400.593,0.251,-0.534
00:00:23.570,1572871303480,0.08,0.053,13.948,0.664,3.0,-0.015,23.423,-0.004,-0.041,400.983,0.25,-0.534
00:00:23.571,1572871303481,0.09,0.053,13.948,0.664,3.0,-0.016,23.424,-0.004,-0.04,401.374,0.25,-0.534
00:00:23.620,1572871303530,0.1,0.053,13.948,0.664,3.0,-0.016,23.426,-0.004,-0.04,401.764,0.249,-0.534
00:00:23.621,1572871303531,0.107,0.053,14.314,0.664,3.0,-0.016,23.428,-0.004,-0.039,402.155,0.248,-0.534
00:00:23.622,1572871303532,0.111,0.053,14.314,0.664,3.0,-0.016,23.43,-0.004,-0.038,402.545,0.247,-0.534
00:00:23.673,1572871303583,0.113,0.053,14.314,0.664,3.0,-0.016,23.432,-0.004,-0.038,402.936,0.246,-0.534
00:00:23.674,1572871303584,0.115,0.053,14.314,0.664,3.0,-0.016,23.434,-0.004,-0.037000000000000005,403.326,0.245,-0.534
00:00:23.675,1572871303585,0.117,0.053,14.314,0.664,3.0,-0.016,23.435,-0.004,-0.037000000000000005,403.668,0.244,-0.534
00:00:23.721,1572871303631,0.118,0.053,14.314,0.664,3.0,-0.017,23.437,-0.004,-0.036000000000000004,404.05800000000005,0.243,-0.534
00:00:23.722,1572871303632,0.12,0.053,14.314,0.664,3.0,-0.017,23.439,-0.004,-0.035,404.449,0.243,-0.534
00:00:23.723,1572871303633,0.121,0.052000000000000005,15.12,0.664,3.0,-0.017,23.441,-0.004,-0.035,404.84,0.242,-0.534
00:00:23.771,1572871303681,0.123,0.052000000000000005,15.12,0.664,3.0,-0.017,23.443,-0.004,-0.034,405.23,0.241,-0.534
00:00:23.772,1572871303682,0.13,0.051,15.12,0.664,3.0,-0.017,23.446,-0.004,-0.034,405.621,0.24,-0.534
00:00:23.773,1572871303683,0.138,0.05,15.12,0.664,3.0,-0.017,23.448,-0.004,-0.033,406.012,0.239,-0.534
00:00:23.827,1572871303737,0.146,0.05,15.12,0.664,3.0,-0.017,23.451,-0.004,-0.033,406.403,0.239,-0.534
00:00:23.828,1572871303738,0.151,0.049,15.12,0.664,3.0,-0.017,23.45300000000001,-0.004,-0.032,406.794,0.238,-0.534
00:00:23.829,1572871303739,0.154,0.049,15.265999999999998,0.664,3.0,-0.017,23.456,-0.004,-0.032,407.185,0.237,-0.534
00:00:23.877,1572871303787,0.155,0.048,15.265999999999998,0.664,3.0,-0.017,23.458,-0.004,-0.031,407.576,0.237,-0.534
00:00:23.878,1572871303788,0.155,0.048,15.265999999999998,0.664,3.0,-0.017,23.461,-0.004,-0.031,407.967,0.236,-0.534
00:00:23.879,1572871303789,0.155,0.047,15.265999999999998,0.664,3.0,-0.017,23.464,-0.004,-0.03,408.358,0.235,-0.534
00:00:23.931,1572871303841,0.156,0.047,15.265999999999998,0.664,3.0,-0.017,23.466,-0.004,-0.03,408.773,0.234,-0.534
00:00:23.932,1572871303842,0.156,0.046,15.486,0.664,3.0,-0.017,23.469,-0.004,-0.03,409.164,0.234,-0.534
00:00:23.933,1572871303843,0.156,0.046,15.486,0.664,3.0,-0.017,23.472,-0.004,-0.029,409.555,0.233,-0.534
00:00:23.979,1572871303889,0.157,0.046,15.486,0.664,3.0,-0.017,23.474,-0.004,-0.029,409.922,0.233,-0.534
00:00:23.980,1572871303890,0.158,0.045,15.486,0.664,3.0,-0.017,23.477,-0.004,-0.029,410.338,0.232,-0.534
00:00:23.981,1572871303891,0.16,0.045,15.486,0.664,3.0,-0.017,23.479,-0.004,-0.029,410.705,0.231,-0.534
00:00:24.036,1572871303946,0.162,0.044,15.486,0.664,3.0,-0.017,23.482,-0.004,-0.028,411.096,0.231,-0.534
00:00:24.037,1572871303947,0.163,0.044,15.486,0.664,3.0,-0.017,23.485,-0.004,-0.028,411.487,0.23,-0.534
00:00:24.038,1572871303948,0.16399999999999998,0.044,15.486,0.664,3.0,-0.017,23.488000000000003,-0.004,-0.028,411.879,0.23,-0.534
00:00:24.080,1572871303990,0.165,0.043,15.486,0.664,3.0,-0.017,23.49,-0.003,-0.028,412.27,0.229,-0.534
00:00:24.081,1572871303991,0.165,0.043,15.486,0.664,3.0,-0.017,23.493,-0.003,-0.028,412.662,0.228,-0.534
00:00:24.082,1572871303992,0.165,0.043,15.486,0.664,3.0,-0.017,23.496,-0.003,-0.028,413.05300000000005,0.228,-0.534
00:00:24.130,1572871304040,0.165,0.042,15.486,0.664,3.0,-0.017,23.499,-0.003,-0.028,413.445,0.227,-0.534
00:00:24.131,1572871304041,0.16399999999999998,0.042,15.486,0.664,3.0,-0.017,23.501,-0.003,-0.028,413.837,0.227,-0.534
00:00:24.132,1572871304042,0.16399999999999998,0.042,15.486,0.664,3.0,-0.017,23.504,-0.003,-0.028,414.229,0.226,-0.534
00:00:24.185,1572871304095,0.16399999999999998,0.042,15.486,0.664,3.0,-0.017,23.507,-0.003,-0.028,414.62,0.226,-0.534
00:00:24.186,1572871304096,0.16399999999999998,0.042,15.486,0.664,3.0,-0.017,23.51,-0.003,-0.028,415.012,0.225,-0.534
00:00:24.187,1572871304097,0.16399999999999998,0.042,15.486,0.664,3.0,-0.017,23.512,-0.003,-0.028,415.42800000000005,0.225,-0.534
00:00:24.188,1572871304098,0.16399999999999998,0.043,15.486,0.664,3.0,-0.017,23.515,-0.003,-0.028,415.796,0.224,-0.534
00:00:24.237,1572871304147,0.16399999999999998,0.043,15.486,0.664,3.0,-0.017,23.518,-0.003,-0.028,416.18800000000016,0.224,-0.534
00:00:24.238,1572871304148,0.16399999999999998,0.043,15.632,0.664,3.0,-0.017,23.52,-0.003,-0.028,416.58,0.224,-0.534
00:00:24.239,1572871304149,0.16399999999999998,0.043,15.632,0.664,3.0,-0.017,23.523000000000003,-0.003,-0.028,416.996,0.223,-0.534
00:00:24.296,1572871304206,0.165,0.043,15.632,0.664,3.0,-0.017,23.526,-0.003,-0.029,417.388,0.223,-0.534
00:00:24.297,1572871304207,0.166,0.043,15.632,0.664,3.0,-0.017,23.529,-0.003,-0.029,417.756,0.222,-0.534
00:00:24.298,1572871304208,0.16699999999999998,0.043,15.632,0.664,3.0,-0.017,23.532,-0.003,-0.029,418.173,0.222,-0.534
00:00:24.347,1572871304257,0.168,0.043,15.779000000000002,0.664,3.0,-0.017,23.535,-0.003,-0.029,418.565,0.222,-0.534
00:00:24.348,1572871304258,0.16899999999999998,0.044,15.779000000000002,0.664,3.0,-0.017,23.537,-0.003,-0.029,418.93300000000005,0.221,-0.534
00:00:24.349,1572871304259,0.17,0.044,15.779000000000002,0.664,3.0,-0.017,23.54,-0.003,-0.029,419.325,0.221,-0.534
00:00:24.398,1572871304308,0.171,0.045,15.779000000000002,0.664,3.0,-0.017,23.54300000000001,-0.003,-0.029,419.742,0.22,-0.534
00:00:24.399,1572871304309,0.172,0.046,15.779000000000002,0.664,3.0,-0.017,23.546,-0.003,-0.029,420.134,0.22,-0.534
00:00:24.400,1572871304310,0.173,0.047,15.779000000000002,0.664,3.0,-0.016,23.549,-0.003,-0.029,420.527,0.22,-0.534
00:00:24.449,1572871304359,0.174,0.048,16.145,0.664,3.0,-0.016,23.552,-0.003,-0.029,420.919,0.22,-0.534
00:00:24.450,1572871304360,0.175,0.05,16.145,0.664,3.0,-0.016,23.555,-0.003,-0.029,421.312,0.219,-0.534
00:00:24.451,1572871304361,0.17600000000000002,0.052000000000000005,16.145,0.664,3.0,-0.016,23.558000000000003,-0.003,-0.029,421.704,0.219,-0.534
00:00:24.499,1572871304409,0.179,0.054000000000000006,16.145,0.664,3.0,-0.016,23.561,-0.003,-0.029,422.097,0.219,-0.534
00:00:24.500,1572871304410,0.182,0.056,16.145,0.664,3.0,-0.016,23.564,-0.003,-0.029,422.49,0.218,-0.534
00:00:24.501,1572871304411,0.185,0.059,16.145,0.664,3.0,-0.016,23.567,-0.003,-0.028,422.882,0.218,-0.534
00:00:24.549,1572871304459,0.187,0.061,16.292,0.664,3.0,-0.017,23.57,-0.003,-0.028,423.275,0.218,-0.534
00:00:24.550,1572871304460,0.189,0.062,16.292,0.664,3.0,-0.017,23.573,-0.003,-0.028,423.668,0.218,-0.534
00:00:24.551,1572871304461,0.19,0.063,16.292,0.664,3.0,-0.017,23.576,-0.003,-0.028,424.061,0.218,-0.534
00:00:24.599,1572871304509,0.192,0.064,16.292,0.664,3.0,-0.017,23.58,-0.003,-0.028,424.454,0.218,-0.534
00:00:24.600,1572871304510,0.193,0.064,16.292,0.664,3.0,-0.018000000000000002,23.583,-0.003,-0.027000000000000003,424.847,0.217,-0.534
00:00:24.601,1572871304511,0.194,0.064,16.292,0.664,3.0,-0.018000000000000002,23.586,-0.004,-0.027000000000000003,425.24,0.217,-0.534
00:00:24.649,1572871304559,0.194,0.065,16.292,0.664,3.0,-0.018000000000000002,23.589,-0.004,-0.027000000000000003,425.633,0.217,-0.534
00:00:24.650,1572871304560,0.195,0.065,16.292,0.664,3.0,-0.018000000000000002,23.593000000000004,-0.004,-0.027000000000000003,426.026,0.217,-0.534
00:00:24.651,1572871304561,0.195,0.066,16.292,0.664,3.0,-0.019,23.596,-0.004,-0.026,426.42,0.217,-0.534
00:00:24.701,1572871304611,0.195,0.067,16.292,0.664,3.0,-0.019,23.599,-0.004,-0.026,426.81300000000016,0.217,-0.534
00:00:24.702,1572871304612,0.195,0.067,16.292,0.664,3.0,-0.019,23.602,-0.005,-0.026,427.206,0.217,-0.534
00:00:24.703,1572871304613,0.195,0.068,16.292,0.664,3.0,-0.019,23.606,-0.005,-0.025,427.6,0.217,-0.534
00:00:24.761,1572871304671,0.194,0.069,16.438,0.664,3.0,-0.02,23.609,-0.005,-0.025,427.99300000000005,0.217,-0.534
00:00:24.762,1572871304672,0.194,0.07,16.438,0.664,3.0,-0.02,23.612,-0.005,-0.025,428.387,0.217,-0.534
00:00:24.763,1572871304673,0.194,0.071,16.438,0.664,3.0,-0.02,23.615,-0.005,-0.025,428.78,0.217,-0.534
00:00:24.764,1572871304674,0.195,0.071,16.438,0.664,3.0,-0.02,23.619,-0.006,-0.025,429.174,0.217,-0.534
00:00:24.813,1572871304723,0.196,0.07200000000000001,16.438,0.664,3.0,-0.021,23.622,-0.006,-0.025,429.567,0.217,-0.534
00:00:24.814,1572871304724,0.198,0.07200000000000001,16.438,0.664,3.0,-0.021,23.625,-0.006,-0.024,429.961,0.217,-0.534
00:00:24.815,1572871304725,0.199,0.073,16.658,0.664,3.0,-0.021,23.628,-0.006,-0.024,430.355,0.217,-0.534
00:00:24.861,1572871304771,0.199,0.073,16.658,0.664,3.0,-0.021,23.632,-0.006,-0.024,430.749,0.218,-0.534
00:00:24.862,1572871304772,0.2,0.073,16.658,0.664,3.0,-0.022,23.635,-0.006,-0.024,431.143,0.218,-0.534
00:00:24.863,1572871304773,0.202,0.07400000000000001,16.658,0.664,3.0,-0.022,23.639,-0.006,-0.024,431.537,0.218,-0.534
00:00:24.912,1572871304822,0.204,0.07400000000000001,16.658,0.664,3.0,-0.022,23.642,-0.006,-0.024,431.931,0.218,-0.534
00:00:24.913,1572871304823,0.206,0.07400000000000001,16.658,0.664,3.0,-0.022,23.645,-0.006,-0.024,432.325,0.218,-0.534
00:00:24.914,1572871304824,0.207,0.075,16.951,0.664,3.0,-0.022,23.649,-0.006,-0.024,432.719,0.219,-0.534
00:00:24.962,1572871304872,0.208,0.075,16.951,0.664,3.0,-0.023,23.652,-0.006,-0.024,433.11300000000006,0.219,-0.534
00:00:24.963,1572871304873,0.209,0.075,16.951,0.664,3.0,-0.023,23.656,-0.006,-0.024,433.507,0.219,-0.534
00:00:24.964,1572871304874,0.212,0.075,16.951,0.664,3.0,-0.023,23.659,-0.006,-0.023,433.901,0.22,-0.534
00:00:25.015,1572871304925,0.214,0.075,16.951,0.664,3.0,-0.023,23.663,-0.006,-0.023,434.296,0.22,-0.534
00:00:25.016,1572871304926,0.217,0.07400000000000001,16.951,0.664,3.0,-0.023,23.667,-0.006,-0.023,434.69,0.22,-0.534
00:00:25.017,1572871304927,0.218,0.07400000000000001,17.463,0.664,3.0,-0.023,23.67,-0.006,-0.023,435.085,0.221,-0.534
00:00:25.066,1572871304976,0.22,0.07400000000000001,17.463,0.664,3.0,-0.024,23.674,-0.006,-0.023,435.479,0.221,-0.534
00:00:25.067,1572871304977,0.222,0.073,17.463,0.664,3.0,-0.024,23.678,-0.006,-0.023,435.874,0.222,-0.534
00:00:25.068,1572871304978,0.226,0.073,17.463,0.664,3.0,-0.024,23.682,-0.006,-0.023,436.269,0.222,-0.534
00:00:25.121,1572871305031,0.23,0.073,17.463,0.664,3.0,-0.024,23.685,-0.006,-0.022,436.663,0.222,-0.534
00:00:25.122,1572871305032,0.235,0.073,17.463,0.664,3.0,-0.024,23.689,-0.006,-0.022,437.05800000000005,0.223,-0.534
00:00:25.123,1572871305033,0.238,0.073,17.61,0.664,3.0,-0.024,23.693,-0.006,-0.022,437.453,0.223,-0.534
00:00:25.124,1572871305034,0.241,0.07400000000000001,17.61,0.664,3.0,-0.024,23.697,-0.006,-0.021,437.848,0.224,-0.534
00:00:25.179,1572871305089,0.242,0.07400000000000001,17.61,0.664,3.0,-0.024,23.702,-0.006,-0.021,438.24300000000005,0.224,-0.534
00:00:25.180,1572871305090,0.244,0.075,17.61,0.664,3.0,-0.024,23.706,-0.006,-0.021,438.638,0.225,-0.534
00:00:25.181,1572871305091,0.245,0.075,17.61,0.664,3.0,-0.025,23.71,-0.006,-0.02,439.033,0.226,-0.534
00:00:25.229,1572871305139,0.246,0.076,17.61,0.664,3.0,-0.025,23.714,-0.006,-0.02,439.42800000000005,0.226,-0.534
00:00:25.230,1572871305140,0.246,0.076,17.976,0.664,3.0,-0.025,23.718000000000004,-0.006,-0.02,439.823,0.227,-0.534
00:00:25.231,1572871305141,0.247,0.076,17.976,0.664,3.0,-0.025,23.722,-0.005,-0.019,440.219,0.228,-0.534
00:00:25.279,1572871305189,0.248,0.076,17.976,0.664,3.0,-0.025,23.726,-0.005,-0.019,440.614,0.228,-0.534
00:00:25.280,1572871305190,0.25,0.075,17.976,0.664,3.0,-0.025,23.73,-0.006,-0.018000000000000002,441.01,0.229,-0.534
00:00:25.281,1572871305191,0.253,0.075,17.976,0.664,3.0,-0.025,23.735,-0.006,-0.018000000000000002,441.405,0.23,-0.534
00:00:25.333,1572871305243,0.256,0.07400000000000001,17.976,0.664,3.0,-0.025,23.739,-0.006,-0.018000000000000002,441.801,0.23,-0.534
00:00:25.334,1572871305244,0.259,0.073,18.489,0.664,3.0,-0.025,23.743,-0.006,-0.017,442.196,0.231,-0.534
00:00:25.335,1572871305245,0.261,0.073,18.489,0.664,3.0,-0.025,23.748,-0.006,-0.017,442.592,0.232,-0.534
00:00:25.390,1572871305300,0.263,0.07200000000000001,18.489,0.664,3.0,-0.026,23.752,-0.006,-0.016,442.98800000000006,0.233,-0.534
00:00:25.391,1572871305301,0.267,0.071,18.489,0.664,3.0,-0.026,23.757,-0.006,-0.016,443.384,0.233,-0.534
00:00:25.392,1572871305302,0.272,0.071,18.489,0.664,3.0,-0.026,23.761,-0.006,-0.016,443.78,0.234,-0.534
00:00:25.393,1572871305303,0.276,0.07,18.489,0.664,3.0,-0.026,23.766,-0.006,-0.015,444.176,0.235,-0.534
00:00:25.440,1572871305350,0.28,0.069,18.635,0.664,3.0,-0.026,23.771,-0.006,-0.015,444.572,0.236,-0.534
00:00:25.441,1572871305351,0.282,0.069,18.635,0.664,3.0,-0.026,23.775,-0.006,-0.014,444.968,0.237,-0.534
00:00:25.442,1572871305352,0.284,0.068,18.635,0.664,3.0,-0.026,23.78,-0.006,-0.014,445.365,0.238,-0.534
00:00:25.501,1572871305411,0.285,0.067,18.635,0.664,3.0,-0.026,23.785,-0.006,-0.014,445.761,0.239,-0.534
00:00:25.502,1572871305412,0.28600000000000003,0.066,18.635,0.664,3.0,-0.026,23.79,-0.006,-0.013,446.157,0.24,-0.534
00:00:25.503,1572871305413,0.287,0.065,18.635,0.664,3.0,-0.026,23.794,-0.006,-0.013,446.554,0.241,-0.534
00:00:25.549,1572871305459,0.287,0.065,18.928,0.664,3.0,-0.026,23.799,-0.006,-0.012,446.951,0.242,-0.534
00:00:25.550,1572871305460,0.28800000000000003,0.064,18.928,0.664,3.0,-0.026,23.804,-0.006,-0.012,447.347,0.243,-0.534
00:00:25.551,1572871305461,0.289,0.064,18.928,0.664,3.0,-0.026,23.809,-0.006,-0.012,447.744,0.244,-0.534
00:00:25.601,1572871305511,0.29100000000000004,0.064,18.928,0.664,3.0,-0.026,23.814,-0.006,-0.012,448.141,0.245,-0.534
00:00:25.602,1572871305512,0.293,0.063,18.928,0.664,3.0,-0.025,23.81900000000001,-0.006,-0.011,448.538,0.246,-0.534
00:00:25.603,1572871305513,0.29600000000000004,0.063,18.928,0.664,3.0,-0.025,23.824,-0.006,-0.011,448.935,0.247,-0.534
00:00:25.651,1572871305561,0.298,0.062,19.148,0.664,3.0,-0.025,23.829,-0.006,-0.011,449.332,0.248,-0.534
00:00:25.652,1572871305562,0.299,0.062,19.148,0.664,3.0,-0.025,23.834,-0.005,-0.011,449.729,0.249,-0.534
00:00:25.653,1572871305563,0.3,0.061,19.148,0.664,3.0,-0.025,23.839,-0.005,-0.01,450.126,0.25,-0.534
00:00:25.654,1572871305564,0.302,0.061,19.148,0.664,3.0,-0.025,23.844,-0.005,-0.01,450.524,0.251,-0.534
00:00:25.702,1572871305612,0.304,0.06,19.148,0.664,3.0,-0.025,23.84800000000001,-0.005,-0.01,450.896,0.252,-0.534
00:00:25.703,1572871305613,0.306,0.06,19.148,0.664,3.0,-0.025,23.854,-0.005,-0.01,451.294,0.254,-0.534
00:00:25.704,1572871305614,0.307,0.059,19.148,0.664,3.0,-0.025,23.859,-0.005,-0.01,451.691,0.255,-0.534
00:00:25.752,1572871305662,0.308,0.058,19.661,0.664,3.0,-0.025,23.864,-0.005,-0.009000000000000001,452.089,0.256,-0.534
00:00:25.753,1572871305663,0.31,0.057,19.661,0.664,3.0,-0.024,23.869,-0.005,-0.009000000000000001,452.487,0.257,-0.534
00:00:25.754,1572871305664,0.314,0.056,19.661,0.664,3.0,-0.024,23.874,-0.005,-0.009000000000000001,452.885,0.258,-0.534
00:00:25.803,1572871305713,0.318,0.055,19.661,0.664,3.0,-0.024,23.88,-0.005,-0.009000000000000001,453.283,0.26,-0.534
00:00:25.804,1572871305714,0.32299999999999995,0.054000000000000006,19.661,0.664,3.0,-0.024,23.885,-0.005,-0.009000000000000001,453.681,0.261,-0.534
00:00:25.805,1572871305715,0.327,0.053,19.661,0.664,3.0,-0.024,23.891,-0.005,-0.009000000000000001,454.079,0.262,-0.534
00:00:25.854,1572871305764,0.329,0.052000000000000005,19.807,0.664,3.0,-0.024,23.896,-0.005,-0.008,454.477,0.264,-0.534
00:00:25.855,1572871305765,0.331,0.052000000000000005,19.807,0.664,3.0,-0.024,23.902,-0.005,-0.008,454.875,0.265,-0.534
00:00:25.856,1572871305766,0.332,0.052000000000000005,19.807,0.664,3.0,-0.024,23.907,-0.005,-0.008,455.274,0.266,-0.534
00:00:25.905,1572871305815,0.333,0.051,19.807,0.664,3.0,-0.023,23.913,-0.005,-0.008,455.672,0.268,-0.534
00:00:25.906,1572871305816,0.334,0.051,19.807,0.664,3.0,-0.023,23.91800000000001,-0.005,-0.006999999999999999,456.071,0.269,-0.534
00:00:25.907,1572871305817,0.334,0.051,19.807,0.664,3.0,-0.023,23.924,-0.005,-0.006999999999999999,456.47,0.27,-0.534
00:00:25.956,1572871305866,0.335,0.05,20.1,0.664,3.0,-0.023,23.929,-0.005,-0.006999999999999999,456.86800000000005,0.272,-0.534
00:00:25.957,1572871305867,0.335,0.05,20.1,0.664,3.0,-0.023,23.935,-0.004,-0.006,457.267,0.273,-0.534
00:00:25.958,1572871305868,0.337,0.048,20.1,0.664,3.0,-0.023,23.941,-0.004,-0.006,457.666,0.274,-0.534
00:00:26.006,1572871305916,0.339,0.047,20.1,0.664,3.0,-0.022,23.946,-0.004,-0.006,458.065,0.276,-0.534
00:00:26.007,1572871305917,0.341,0.046,20.1,0.664,3.0,-0.022,23.952,-0.004,-0.006,458.464,0.277,-0.534
00:00:26.008,1572871305918,0.342,0.045,20.1,0.664,3.0,-0.022,23.958,-0.004,-0.005,458.864,0.279,-0.534
00:00:26.061,1572871305971,0.343,0.044,20.466,0.664,3.0,-0.022,23.964,-0.004,-0.005,459.263,0.28,-0.534
00:00:26.062,1572871305972,0.344,0.043,20.466,0.664,3.0,-0.022,23.969,-0.004,-0.005,459.662,0.282,-0.534
00:00:26.063,1572871305973,0.345,0.042,20.466,0.664,3.0,-0.022,23.975,-0.004,-0.005,460.062,0.28300000000000003,-0.534
00:00:26.106,1572871306016,0.34600000000000003,0.041,20.466,0.664,3.0,-0.021,23.981,-0.004,-0.004,460.462,0.285,-0.534
00:00:26.107,1572871306017,0.34700000000000003,0.04,20.466,0.664,3.0,-0.021,23.987,-0.004,-0.004,460.861,0.28600000000000003,-0.534
00:00:26.108,1572871306018,0.34700000000000003,0.039,20.466,0.664,3.0,-0.021,23.992,-0.004,-0.004,461.261,0.28800000000000003,-0.534
00:00:26.162,1572871306072,0.348,0.038,20.759,0.664,3.0,-0.021,23.998,-0.004,-0.004,461.661,0.289,-0.534
00:00:26.163,1572871306073,0.348,0.037000000000000005,20.759,0.664,3.0,-0.02,24.004,-0.004,-0.004,462.061,0.29100000000000004,-0.534
00:00:26.164,1572871306074,0.349,0.036000000000000004,20.759,0.664,3.0,-0.02,24.01,-0.004,-0.003,462.461,0.292,-0.534
00:00:26.218,1572871306128,0.35,0.035,20.759,0.664,3.0,-0.02,24.016,-0.004,-0.003,462.861,0.294,-0.534
00:00:26.219,1572871306129,0.35,0.034,20.759,0.664,3.0,-0.02,24.022,-0.004,-0.003,463.262,0.29600000000000004,-0.534
00:00:26.220,1572871306130,0.35100000000000003,0.033,20.759,0.664,3.0,-0.019,24.027,-0.004,-0.003,463.662,0.297,-0.534
00:00:26.221,1572871306131,0.35100000000000003,0.031,20.979,0.664,3.0,-0.019,24.033,-0.004,-0.003,464.06300000000016,0.299,-0.534
00:00:26.274,1572871306184,0.35100000000000003,0.029,20.979,0.664,3.0,-0.019,24.039,-0.004,-0.003,464.463,0.3,-0.534
00:00:26.275,1572871306185,0.35200000000000004,0.027000000000000003,20.979,0.664,3.0,-0.019,24.045,-0.004,-0.003,464.864,0.302,-0.534
00:00:26.276,1572871306186,0.35200000000000004,0.025,20.979,0.664,3.0,-0.018000000000000002,24.051,-0.004,-0.003,465.265,0.304,-0.534
00:00:26.320,1572871306230,0.353,0.023,20.979,0.664,3.0,-0.018000000000000002,24.057,-0.004,-0.003,465.666,0.305,-0.534
00:00:26.321,1572871306231,0.353,0.022,20.979,0.664,3.0,-0.018000000000000002,24.063,-0.004,-0.003,466.067,0.307,-0.534
00:00:26.322,1572871306232,0.353,0.021,21.272,0.664,3.0,-0.017,24.06900000000001,-0.003,-0.003,466.468,0.308,-0.534
00:00:26.370,1572871306280,0.354,0.02,21.272,0.664,3.0,-0.017,24.074,-0.003,-0.003,466.869,0.31,-0.534
00:00:26.371,1572871306281,0.354,0.02,21.272,0.664,3.0,-0.017,24.08,-0.003,-0.003,467.27,0.312,-0.534
00:00:26.372,1572871306282,0.355,0.019,21.272,0.664,3.0,-0.016,24.086,-0.003,-0.003,467.672,0.313,-0.534
00:00:26.427,1572871306337,0.35600000000000004,0.019,21.272,0.664,3.0,-0.016,24.092,-0.003,-0.003,468.073,0.315,-0.534
00:00:26.428,1572871306338,0.35700000000000004,0.018000000000000002,21.272,0.664,3.0,-0.015,24.09800000000001,-0.003,-0.003,468.475,0.317,-0.534
00:00:26.429,1572871306339,0.35700000000000004,0.017,21.492,0.664,3.0,-0.015,24.104,-0.002,-0.003,468.876,0.318,-0.534
00:00:26.470,1572871306380,0.35700000000000004,0.016,21.492,0.664,3.0,-0.015,24.11,-0.002,-0.003,469.278,0.32,-0.534
00:00:26.471,1572871306381,0.358,0.015,21.492,0.664,3.0,-0.014,24.116,-0.002,-0.003,469.68,0.322,-0.534
00:00:26.472,1572871306382,0.358,0.013,21.492,0.664,3.0,-0.014,24.122,-0.002,-0.003,470.082,0.32299999999999995,-0.534
00:00:26.520,1572871306430,0.359,0.012,21.492,0.664,3.0,-0.014,24.128,-0.002,-0.003,470.484,0.325,-0.534
00:00:26.521,1572871306431,0.359,0.01,21.492,0.664,3.0,-0.013,24.134,-0.002,-0.003,470.886,0.327,-0.534
00:00:26.522,1572871306432,0.359,0.008,21.785,0.664,3.0,-0.013,24.14,-0.002,-0.003,471.288,0.329,-0.534
00:00:26.575,1572871306485,0.36,0.006,21.785,0.664,3.0,-0.013,24.146,-0.002,-0.003,471.691,0.33,-0.534
00:00:26.576,1572871306486,0.36,0.004,21.785,0.664,3.0,-0.012,24.152,-0.002,-0.002,472.093,0.332,-0.534
00:00:26.577,1572871306487,0.361,0.002,21.785,0.664,3.0,-0.012,24.158,-0.002,-0.002,472.496,0.334,-0.534
00:00:26.620,1572871306530,0.362,0.001,21.785,0.664,3.0,-0.012,24.164,-0.001,-0.002,472.899,0.335,-0.534
00:00:26.621,1572871306531,0.362,0.0,21.785,0.664,3.0,-0.011,24.17,-0.001,-0.002,473.301,0.337,-0.534
00:00:26.622,1572871306532,0.363,-0.001,21.785,0.664,3.0,-0.011,24.176,-0.001,-0.002,473.704,0.339,-0.534
00:00:26.678,1572871306588,0.363,-0.002,21.785,0.664,3.0,-0.01,24.182,-0.001,-0.002,474.107,0.34,-0.534
00:00:26.679,1572871306589,0.363,-0.003,21.785,0.664,3.0,-0.01,24.188,-0.001,-0.002,474.51,0.342,-0.534
00:00:26.680,1572871306590,0.362,-0.003,21.785,0.664,3.0,-0.009000000000000001,24.19400000000001,-0.001,-0.002,474.914,0.344,-0.534
00:00:26.722,1572871306632,0.362,-0.005,21.785,0.664,3.0,-0.009000000000000001,24.2,-0.001,-0.002,475.317,0.345,-0.534
00:00:26.723,1572871306633,0.362,-0.006999999999999999,21.785,0.664,3.0,-0.009000000000000001,24.206,-0.001,-0.002,475.72,0.34700000000000003,-0.534
00:00:26.724,1572871306634,0.362,-0.009000000000000001,21.931,0.664,3.0,-0.008,24.212,-0.001,-0.002,476.124,0.349,-0.534
00:00:26.772,1572871306682,0.362,-0.012,21.931,0.664,3.0,-0.008,24.218000000000004,0.0,-0.002,476.527,0.35100000000000003,-0.534
00:00:26.773,1572871306683,0.362,-0.015,21.931,0.664,3.0,-0.008,24.224,0.0,-0.002,476.931,0.35200000000000004,-0.534
00:00:26.774,1572871306684,0.362,-0.019,21.931,0.664,3.0,-0.006999999999999999,24.23,0.0,-0.002,477.335,0.354,-0.534
00:00:26.822,1572871306732,0.362,-0.023,21.931,0.664,3.0,-0.006999999999999999,24.236,0.0,-0.002,477.739,0.35600000000000004,-0.534
00:00:26.823,1572871306733,0.362,-0.027000000000000003,21.931,0.664,3.0,-0.006,24.243,0.0,-0.002,478.143,0.35700000000000004,-0.534
00:00:26.824,1572871306734,0.363,-0.031,21.785,0.664,3.0,-0.006,24.249,0.0,-0.002,478.547,0.359,-0.534
00:00:26.872,1572871306782,0.362,-0.034,21.785,0.664,3.0,-0.005,24.255,0.0,-0.002,478.951,0.361,-0.534
00:00:26.873,1572871306783,0.362,-0.038,21.785,0.664,3.0,-0.005,24.261,0.0,-0.002,479.355,0.362,-0.534
00:00:26.874,1572871306784,0.361,-0.04,21.785,0.664,3.0,-0.004,24.267,0.0,-0.002,479.76,0.364,-0.534
00:00:26.922,1572871306832,0.36,-0.043,21.785,0.664,3.0,-0.003,24.273000000000003,0.001,-0.001,480.164,0.365,-0.534
00:00:26.923,1572871306833,0.36,-0.046,21.785,0.664,3.0,-0.002,24.279,0.001,-0.001,480.569,0.3670000000000001,-0.534
00:00:26.924,1572871306834,0.359,-0.048,21.931,0.664,3.0,-0.001,24.285,0.001,-0.001,480.973,0.369,-0.534
00:00:26.973,1572871306883,0.359,-0.051,21.931,0.664,3.0,-0.001,24.291,0.002,-0.001,481.378,0.37,-0.534
00:00:26.974,1572871306884,0.359,-0.054000000000000006,21.931,0.664,3.0,0.0,24.297,0.002,-0.001,481.783,0.3720000000000001,-0.534
00:00:26.975,1572871306885,0.359,-0.056,21.931,0.664,3.0,0.001,24.303,0.002,-0.001,482.18800000000016,0.373,-0.534
00:00:27.030,1572871306940,0.359,-0.059,21.931,0.664,3.0,0.002,24.309,0.003,-0.002,482.593,0.375,-0.534
00:00:27.031,1572871306941,0.36,-0.061,21.931,0.664,3.0,0.003,24.315,0.003,-0.002,482.99800000000016,0.376,-0.534
00:00:27.032,1572871306942,0.36,-0.062,21.931,0.664,3.0,0.004,24.321,0.004,-0.002,483.404,0.378,-0.534
00:00:27.081,1572871306991,0.36,-0.064,21.931,0.664,3.0,0.005,24.327,0.004,-0.002,483.809,0.379,-0.534
00:00:27.082,1572871306992,0.36,-0.065,21.931,0.664,3.0,0.006,24.333,0.005,-0.002,484.214,0.381,-0.534
00:00:27.083,1572871306993,0.36,-0.066,21.931,0.664,3.0,0.006,24.339,0.005,-0.002,484.62,0.382,-0.534
00:00:27.131,1572871307041,0.359,-0.067,21.931,0.664,3.0,0.006999999999999999,24.344,0.005,-0.002,485.026,0.384,-0.534
00:00:27.132,1572871307042,0.359,-0.068,21.931,0.664,3.0,0.008,24.35,0.006,-0.002,485.431,0.385,-0.534
00:00:27.133,1572871307043,0.359,-0.069,21.931,0.664,3.0,0.009000000000000001,24.356,0.006,-0.002,485.837,0.386,-0.534
00:00:27.181,1572871307091,0.359,-0.07,21.931,0.664,3.0,0.009000000000000001,24.362,0.006999999999999999,-0.002,486.24300000000005,0.388,-0.534
00:00:27.182,1572871307092,0.358,-0.071,21.931,0.664,3.0,0.01,24.368,0.006999999999999999,-0.002,486.649,0.389,-0.534
00:00:27.183,1572871307093,0.358,-0.07200000000000001,21.931,0.664,3.0,0.011,24.374,0.006999999999999999,-0.002,487.056,0.391,-0.534
00:00:27.231,1572871307141,0.358,-0.07200000000000001,21.931,0.664,3.0,0.011,24.38,0.006999999999999999,-0.002,487.462,0.392,-0.534
00:00:27.232,1572871307142,0.358,-0.07200000000000001,21.931,0.664,3.0,0.012,24.386,0.006999999999999999,-0.002,487.86800000000005,0.393,-0.534
00:00:27.233,1572871307143,0.358,-0.07200000000000001,21.931,0.664,3.0,0.013,24.392,0.008,-0.002,488.275,0.394,-0.534
00:00:27.286,1572871307196,0.35700000000000004,-0.071,21.931,0.664,3.0,0.013,24.398000000000003,0.008,-0.003,488.681,0.396,-0.534
00:00:27.287,1572871307197,0.35700000000000004,-0.071,21.931,0.664,3.0,0.014,24.404,0.008,-0.003,489.088,0.397,-0.534
00:00:27.288,1572871307198,0.35700000000000004,-0.07,21.931,0.664,3.0,0.014,24.41,0.008,-0.003,489.495,0.398,-0.534
00:00:27.331,1572871307241,0.35700000000000004,-0.07,21.931,0.664,3.0,0.015,24.416,0.008,-0.003,489.902,0.399,-0.534
00:00:27.332,1572871307242,0.35700000000000004,-0.069,21.931,0.664,3.0,0.015,24.422,0.008,-0.003,490.309,0.4,-0.534
00:00:27.333,1572871307243,0.35700000000000004,-0.068,21.931,0.664,3.0,0.016,24.428,0.008,-0.003,490.716,0.402,-0.534
00:00:27.383,1572871307293,0.35600000000000004,-0.067,21.931,0.664,3.0,0.016,24.434,0.006999999999999999,-0.003,491.12300000000016,0.403,-0.534
00:00:27.384,1572871307294,0.35600000000000004,-0.066,21.931,0.664,3.0,0.016,24.44,0.006999999999999999,-0.003,491.53,0.404,-0.534
00:00:27.385,1572871307295,0.35600000000000004,-0.065,21.931,0.664,3.0,0.017,24.446,0.006999999999999999,-0.003,491.93800000000016,0.405,-0.534
00:00:27.435,1572871307345,0.35600000000000004,-0.064,21.931,0.664,3.0,0.017,24.452,0.006999999999999999,-0.003,492.345,0.406,-0.534
00:00:27.436,1572871307346,0.35600000000000004,-0.063,21.931,0.664,3.0,0.017,24.458,0.006999999999999999,-0.003,492.753,0.407,-0.534
00:00:27.437,1572871307347,0.355,-0.061,22.151,0.664,3.0,0.018000000000000002,24.463,0.006999999999999999,-0.003,493.16,0.408,-0.534
00:00:27.438,1572871307348,0.35600000000000004,-0.06,22.151,0.664,3.0,0.018000000000000002,24.469,0.006,-0.003,493.568,0.409,-0.534
00:00:27.497,1572871307407,0.35600000000000004,-0.059,22.151,0.664,3.0,0.018000000000000002,24.475,0.006,-0.003,493.976,0.41,-0.534
00:00:27.498,1572871307408,0.35700000000000004,-0.058,22.151,0.664,3.0,0.018000000000000002,24.481,0.006,-0.003,494.384,0.411,-0.534
00:00:27.499,1572871307409,0.35700000000000004,-0.057,22.151,0.664,3.0,0.018000000000000002,24.487,0.006,-0.003,494.792,0.412,-0.534
00:00:27.543,1572871307453,0.358,-0.055,22.151,0.664,3.0,0.018000000000000002,24.493,0.006,-0.003,495.2,0.413,-0.534
00:00:27.544,1572871307454,0.358,-0.054000000000000006,22.151,0.664,3.0,0.018000000000000002,24.499,0.006,-0.003,495.608,0.414,-0.534
00:00:27.545,1572871307455,0.358,-0.053,22.151,0.664,3.0,0.019,24.505,0.005,-0.003,496.017,0.415,-0.534
00:00:27.594,1572871307504,0.358,-0.052000000000000005,22.151,0.664,3.0,0.019,24.511,0.005,-0.003,496.425,0.416,-0.534
00:00:27.595,1572871307505,0.358,-0.051,22.151,0.664,3.0,0.019,24.517,0.005,-0.003,496.834,0.417,-0.534
00:00:27.596,1572871307506,0.35700000000000004,-0.05,22.151,0.664,3.0,0.019,24.523000000000003,0.005,-0.003,497.24300000000005,0.418,-0.534
00:00:27.646,1572871307556,0.35700000000000004,-0.049,22.151,0.664,3.0,0.019,24.529,0.005,-0.003,497.651,0.419,-0.534
00:00:27.647,1572871307557,0.35700000000000004,-0.048,22.151,0.664,3.0,0.019,24.535,0.005,-0.002,498.06,0.42,-0.534
00:00:27.648,1572871307558,0.35700000000000004,-0.047,22.151,0.664,3.0,0.019,24.541,0.005,-0.002,498.469,0.42,-0.534
00:00:27.702,1572871307612,0.35600000000000004,-0.047,22.151,0.664,3.0,0.019,24.547,0.004,-0.002,498.878,0.421,-0.534
00:00:27.703,1572871307613,0.35600000000000004,-0.046,22.151,0.664,3.0,0.019,24.552,0.004,-0.002,499.236,0.422,-0.534
00:00:27.704,1572871307614,0.35600000000000004,-0.045,22.151,0.664,3.0,0.019,24.558000000000003,0.004,-0.002,499.645,0.423,-0.534
00:00:27.705,1572871307615,0.35600000000000004,-0.044,22.151,0.664,3.0,0.019,24.564,0.004,-0.003,500.055,0.424,-0.534
00:00:27.752,1572871307662,0.35600000000000004,-0.043,22.151,0.664,3.0,0.018000000000000002,24.57,0.004,-0.003,500.464,0.424,-0.534
00:00:27.753,1572871307663,0.355,-0.042,22.151,0.664,3.0,0.018000000000000002,24.576,0.004,-0.003,500.874,0.425,-0.534
00:00:27.754,1572871307664,0.355,-0.042,22.151,0.664,3.0,0.018000000000000002,24.582,0.004,-0.003,501.283,0.426,-0.534
00:00:27.811,1572871307721,0.355,-0.041,22.151,0.664,3.0,0.018000000000000002,24.588,0.004,-0.003,501.693,0.4270000000000001,-0.534
00:00:27.812,1572871307722,0.355,-0.04,22.151,0.664,3.0,0.018000000000000002,24.593000000000004,0.004,-0.003,502.103,0.4270000000000001,-0.534
00:00:27.813,1572871307723,0.355,-0.039,22.151,0.664,3.0,0.018000000000000002,24.599,0.004,-0.003,502.513,0.428,-0.534
00:00:27.863,1572871307773,0.355,-0.039,22.151,0.664,3.0,0.018000000000000002,24.605,0.004,-0.003,502.923,0.429,-0.534
00:00:27.864,1572871307774,0.354,-0.038,22.151,0.664,3.0,0.018000000000000002,24.611,0.004,-0.003,503.333,0.43,-0.534
00:00:27.865,1572871307775,0.354,-0.038,22.151,0.664,3.0,0.018000000000000002,24.617,0.004,-0.003,503.74300000000005,0.43,-0.534
00:00:27.912,1572871307822,0.354,-0.037000000000000005,22.151,0.664,3.0,0.018000000000000002,24.623,0.004,-0.003,504.154,0.431,-0.534
00:00:27.913,1572871307823,0.354,-0.037000000000000005,22.151,0.664,3.0,0.017,24.629,0.004,-0.003,504.564,0.4320000000000001,-0.534
00:00:27.914,1572871307824,0.354,-0.037000000000000005,22.151,0.664,3.0,0.017,24.635,0.004,-0.003,504.975,0.4320000000000001,-0.534
00:00:27.962,1572871307872,0.353,-0.037000000000000005,22.298,0.664,3.0,0.017,24.641,0.004,-0.003,505.385,0.433,-0.534
00:00:27.963,1572871307873,0.353,-0.037000000000000005,22.298,0.664,3.0,0.017,24.647,0.004,-0.003,505.796,0.434,-0.534
00:00:27.964,1572871307874,0.354,-0.037000000000000005,22.298,0.664,3.0,0.017,24.652,0.004,-0.003,506.207,0.434,-0.534
00:00:28.012,1572871307922,0.354,-0.037000000000000005,22.298,0.664,3.0,0.017,24.658,0.004,-0.003,506.61800000000005,0.435,-0.534
00:00:28.013,1572871307923,0.354,-0.037000000000000005,22.298,0.664,3.0,0.017,24.664,0.004,-0.003,507.029,0.436,-0.534
00:00:28.014,1572871307924,0.355,-0.037000000000000005,22.298,0.664,3.0,0.017,24.67,0.004,-0.003,507.44,0.436,-0.534
00:00:28.062,1572871307972,0.355,-0.037000000000000005,22.298,0.664,3.0,0.016,24.676,0.004,-0.003,507.851,0.4370000000000001,-0.534
00:00:28.063,1572871307973,0.355,-0.036000000000000004,22.298,0.664,3.0,0.016,24.682,0.003,-0.003,508.262,0.438,-0.534
00:00:28.064,1572871307974,0.355,-0.036000000000000004,22.298,0.664,3.0,0.016,24.688,0.003,-0.003,508.674,0.438,-0.534
00:00:28.116,1572871308026,0.354,-0.036000000000000004,22.298,0.664,3.0,0.016,24.69400000000001,0.003,-0.003,509.085,0.439,-0.534
00:00:28.117,1572871308027,0.354,-0.036000000000000004,22.298,0.664,3.0,0.016,24.7,0.003,-0.003,509.497,0.439,-0.534
00:00:28.118,1572871308028,0.354,-0.036000000000000004,22.298,0.664,3.0,0.016,24.706,0.003,-0.003,509.909,0.44,-0.534
00:00:28.163,1572871308073,0.354,-0.036000000000000004,22.298,0.664,3.0,0.016,24.711,0.003,-0.003,510.32,0.44,-0.534
00:00:28.164,1572871308074,0.353,-0.036000000000000004,22.298,0.664,3.0,0.016,24.717,0.003,-0.003,510.732,0.441,-0.534
00:00:28.165,1572871308075,0.353,-0.037000000000000005,22.298,0.664,3.0,0.016,24.72300000000001,0.003,-0.003,511.144,0.441,-0.534
00:00:28.218,1572871308128,0.353,-0.037000000000000005,22.298,0.664,3.0,0.016,24.729,0.003,-0.003,511.556,0.442,-0.534
00:00:28.219,1572871308129,0.353,-0.037000000000000005,22.298,0.664,3.0,0.016,24.735,0.003,-0.003,511.969,0.443,-0.534
00:00:28.220,1572871308130,0.353,-0.037000000000000005,22.298,0.664,3.0,0.016,24.741,0.003,-0.003,512.381,0.443,-0.534
00:00:28.264,1572871308174,0.35200000000000004,-0.037000000000000005,22.298,0.664,3.0,0.016,24.747,0.003,-0.003,512.793,0.444,-0.534
00:00:28.265,1572871308175,0.35200000000000004,-0.037000000000000005,22.298,0.664,3.0,0.015,24.753,0.003,-0.003,513.206,0.444,-0.534
00:00:28.266,1572871308176,0.35200000000000004,-0.037000000000000005,22.298,0.664,3.0,0.015,24.75800000000001,0.003,-0.003,513.618,0.444,-0.534
00:00:28.315,1572871308225,0.35200000000000004,-0.037000000000000005,22.298,0.664,3.0,0.015,24.764,0.003,-0.003,514.031,0.445,-0.534
00:00:28.316,1572871308226,0.35200000000000004,-0.038,22.298,0.664,3.0,0.015,24.77,0.003,-0.003,514.444,0.445,-0.534
00:00:28.317,1572871308227,0.35200000000000004,-0.038,22.298,0.664,3.0,0.015,24.776,0.004,-0.003,514.857,0.446,-0.534
00:00:28.365,1572871308275,0.35100000000000003,-0.038,22.298,0.664,3.0,0.015,24.782,0.004,-0.003,515.27,0.446,-0.534
00:00:28.366,1572871308276,0.35100000000000003,-0.038,22.298,0.664,3.0,0.015,24.788,0.004,-0.003,515.683,0.447,-0.534
00:00:28.367,1572871308277,0.35100000000000003,-0.039,22.298,0.664,3.0,0.015,24.794,0.004,-0.003,516.122,0.447,-0.534
00:00:28.419,1572871308329,0.35100000000000003,-0.039,22.298,0.664,3.0,0.015,24.799,0.004,-0.003,516.509,0.447,-0.534
00:00:28.420,1572871308330,0.35100000000000003,-0.04,22.298,0.664,3.0,0.015,24.805,0.004,-0.003,516.923,0.448,-0.534
00:00:28.421,1572871308331,0.35,-0.04,22.298,0.664,3.0,0.015,24.811,0.004,-0.003,517.336,0.448,-0.534
00:00:28.473,1572871308383,0.35,-0.04,22.298,0.664,3.0,0.015,24.817,0.004,-0.003,517.75,0.449,-0.534
00:00:28.474,1572871308384,0.35,-0.04,22.298,0.664,3.0,0.015,24.823,0.004,-0.003,518.189,0.449,-0.534
00:00:28.475,1572871308385,0.35,-0.04,22.298,0.664,3.0,0.015,24.829,0.004,-0.003,518.577,0.449,-0.534
00:00:28.530,1572871308440,0.35,-0.04,22.298,0.664,3.0,0.015,24.834,0.004,-0.003,518.991,0.45,-0.534
00:00:28.531,1572871308441,0.35,-0.04,22.298,0.664,3.0,0.015,24.84,0.004,-0.003,519.405,0.45,-0.534
00:00:28.532,1572871308442,0.349,-0.04,22.298,0.664,3.0,0.015,24.846,0.004,-0.003,519.819,0.45,-0.534
00:00:28.533,1572871308443,0.349,-0.041,22.44400000000001,0.664,3.0,0.015,24.852,0.004,-0.003,520.2330000000002,0.451,-0.534
00:00:28.581,1572871308491,0.349,-0.041,22.44400000000001,0.664,3.0,0.015,24.858,0.004,-0.004,520.6469999999998,0.451,-0.534
00:00:28.582,1572871308492,0.349,-0.041,22.44400000000001,0.664,3.0,0.015,24.864,0.004,-0.004,521.062,0.451,-0.534
00:00:28.583,1572871308493,0.35,-0.041,22.44400000000001,0.664,3.0,0.015,24.87,0.004,-0.004,521.502,0.451,-0.534
00:00:28.631,1572871308541,0.35,-0.041,22.44400000000001,0.664,3.0,0.015,24.875,0.004,-0.004,521.891,0.452,-0.534
00:00:28.632,1572871308542,0.35,-0.041,22.44400000000001,0.664,3.0,0.015,24.881,0.004,-0.004,522.305,0.452,-0.534
00:00:28.633,1572871308543,0.35,-0.041,22.44400000000001,0.664,3.0,0.015,24.887,0.004,-0.004,522.72,0.452,-0.534
00:00:28.682,1572871308592,0.35,-0.041,22.44400000000001,0.664,3.0,0.015,24.893,0.004,-0.004,523.135,0.452,-0.534
00:00:28.683,1572871308593,0.35,-0.042,22.44400000000001,0.664,3.0,0.015,24.899,0.004,-0.004,523.55,0.453,-0.534
00:00:28.684,1572871308594,0.35,-0.042,22.44400000000001,0.664,3.0,0.015,24.904,0.004,-0.004,523.965,0.453,-0.534
00:00:28.732,1572871308642,0.35,-0.042,22.44400000000001,0.664,3.0,0.015,24.91,0.004,-0.004,524.38,0.453,-0.534
00:00:28.733,1572871308643,0.35,-0.042,22.44400000000001,0.664,3.0,0.015,24.916,0.004,-0.004,524.795,0.453,-0.534
00:00:28.734,1572871308644,0.349,-0.042,22.44400000000001,0.664,3.0,0.015,24.922,0.004,-0.004,525.236,0.453,-0.534
00:00:28.782,1572871308692,0.349,-0.042,22.44400000000001,0.664,3.0,0.015,24.928,0.004,-0.004,525.626,0.453,-0.534
00:00:28.783,1572871308693,0.349,-0.042,22.44400000000001,0.664,3.0,0.015,24.933000000000003,0.004,-0.004,526.0409999999998,0.454,-0.534
00:00:28.784,1572871308694,0.349,-0.042,22.44400000000001,0.664,3.0,0.016,24.939,0.004,-0.004,526.457,0.454,-0.534
00:00:28.835,1572871308745,0.349,-0.042,22.44400000000001,0.664,3.0,0.016,24.945,0.004,-0.004,526.873,0.454,-0.534
00:00:28.836,1572871308746,0.348,-0.042,22.44400000000001,0.664,3.0,0.016,24.951,0.004,-0.004,527.289,0.454,-0.534
00:00:28.837,1572871308747,0.348,-0.042,22.44400000000001,0.664,3.0,0.016,24.957,0.004,-0.004,527.7040000000002,0.454,-0.534
00:00:28.884,1572871308794,0.348,-0.042,22.44400000000001,0.664,3.0,0.016,24.963,0.004,-0.004,528.146,0.454,-0.534
00:00:28.885,1572871308795,0.348,-0.042,22.44400000000001,0.664,3.0,0.016,24.969,0.004,-0.004,528.562,0.454,-0.534
00:00:28.886,1572871308796,0.348,-0.042,22.44400000000001,0.664,3.0,0.016,24.974,0.004,-0.004,528.953,0.454,-0.534
00:00:28.887,1572871308797,0.348,-0.042,22.44400000000001,0.664,3.0,0.016,24.98,0.004,-0.004,529.369,0.454,-0.534
00:00:28.937,1572871308847,0.34700000000000003,-0.042,22.44400000000001,0.664,3.0,0.016,24.986,0.004,-0.004,529.785,0.454,-0.534
00:00:28.938,1572871308848,0.34700000000000003,-0.042,21.126,0.664,3.0,0.016,24.991,0.004,-0.004,530.202,0.454,-0.534
00:00:28.939,1572871308849,0.345,-0.042,21.126,0.664,3.0,0.016,24.998,0.004,-0.004,530.644,0.454,-0.534
00:00:28.987,1572871308897,0.342,-0.042,21.126,0.664,3.0,0.016,25.003,0.004,-0.004,531.035,0.454,-0.534
00:00:28.988,1572871308898,0.337,-0.041,21.126,0.664,3.0,0.016,25.00800000000001,0.004,-0.004,531.452,0.454,-0.534
00:00:28.989,1572871308899,0.332,-0.041,21.126,0.664,3.0,0.016,25.014,0.004,-0.004,531.895,0.454,-0.534
00:00:29.043,1572871308953,0.327,-0.041,21.126,0.664,3.0,0.016,25.02,0.004,-0.004,532.312,0.454,-0.534
00:00:29.044,1572871308954,0.321,-0.04,1.13,0.664,3.0,0.016,25.024,0.004,-0.004,532.703,0.454,-0.534
00:00:29.045,1572871308955,0.28,-0.04,1.13,0.664,3.0,0.016,25.028,0.004,-0.005,533.12,0.454,-0.534
00:00:29.089,1572871308999,0.16699999999999998,-0.039,1.13,0.664,3.0,0.016,25.029,0.004,-0.006,533.5369999999998,0.454,-0.534
00:00:29.090,1572871309000,0.001,-0.038,1.13,0.664,3.0,0.016,25.026,0.004,-0.008,533.9540000000002,0.454,-0.534
00:00:29.091,1572871309001,-0.163,-0.037000000000000005,1.13,0.664,3.0,0.016,25.022,0.004,-0.011,534.3969999999998,0.454,-0.534
00:00:29.138,1572871309048,-0.271,-0.037000000000000005,1.13,0.664,3.0,0.016,25.016,0.004,-0.015,534.788,0.454,-0.535
00:00:29.139,1572871309049,-0.34600000000000003,-0.035,1.13,0.664,3.0,0.016,25.009,0.004,-0.02,535.205,0.454,-0.535
00:00:29.140,1572871309050,-0.394,-0.033,1.13,0.664,3.0,0.016,25.002,0.004,-0.026,535.648,0.454,-0.535
00:00:29.188,1572871309098,-0.418,-0.032,1.13,0.664,3.0,0.016,24.995,0.004,-0.031,536.038,0.453,-0.535
00:00:29.189,1572871309099,-0.4270000000000001,-0.032,1.13,0.664,3.0,0.015,24.988000000000003,0.004,-0.038,536.455,0.453,-0.535
00:00:29.190,1572871309100,-0.402,-0.032,1.13,0.664,3.0,0.015,24.982,0.004,-0.044,536.871,0.453,-0.534
00:00:29.238,1572871309148,-0.35,-0.034,1.13,0.664,3.0,0.015,24.976,0.004,-0.051,537.314,0.453,-0.534
00:00:29.239,1572871309149,-0.321,-0.034,1.13,0.664,3.0,0.015,24.971,0.004,-0.057,537.73,0.453,-0.534
00:00:29.240,1572871309150,-0.331,-0.034,1.13,0.664,3.0,0.015,24.965,0.004,-0.064,538.146,0.453,-0.534
00:00:29.302,1572871309212,-0.34,-0.034,1.13,0.664,3.0,0.015,24.96,0.004,-0.07,538.562,0.452,-0.534
00:00:29.303,1572871309213,-0.334,-0.034,1.13,0.664,3.0,0.015,24.954,0.004,-0.076,538.9780000000002,0.452,-0.534
00:00:29.304,1572871309214,-0.336,-0.033,1.13,0.664,3.0,0.015,24.949,0.004,-0.08199999999999999,539.394,0.452,-0.534
00:00:29.346,1572871309256,-0.335,-0.032,1.13,0.664,3.0,0.015,24.943,0.003,-0.087,539.81,0.452,-0.534
00:00:29.347,1572871309257,-0.335,-0.031,1.13,0.664,3.0,0.015,24.938,0.003,-0.092,540.1990000000002,0.452,-0.534
00:00:29.348,1572871309258,-0.335,-0.03,1.13,0.664,3.0,0.015,24.932,0.003,-0.097,540.641,0.451,-0.534
00:00:29.408,1572871309318,-0.335,-0.03,1.13,0.664,3.0,0.015,24.926,0.003,-0.102,541.056,0.451,-0.534
00:00:29.409,1572871309319,-0.335,-0.029,1.13,0.664,3.0,0.015,24.921,0.003,-0.106,541.472,0.451,-0.534
00:00:29.410,1572871309320,-0.335,-0.029,1.13,0.664,3.0,0.015,24.915,0.003,-0.11,541.887,0.451,-0.534
00:00:29.411,1572871309321,-0.335,-0.028,1.13,0.664,3.0,0.015,24.909,0.003,-0.114,542.302,0.45,-0.534
00:00:29.456,1572871309366,-0.335,-0.027000000000000003,1.13,0.664,3.0,0.015,24.904,0.003,-0.117,542.717,0.45,-0.534
00:00:29.457,1572871309367,-0.335,-0.026,1.13,0.664,3.0,0.014,24.898000000000003,0.003,-0.119,543.132,0.45,-0.534
00:00:29.458,1572871309368,-0.335,-0.025,1.13,0.664,3.0,0.014,24.893,0.003,-0.122,543.547,0.45,-0.534
00:00:29.506,1572871309416,-0.335,-0.023,1.13,0.664,3.0,0.014,24.887,0.003,-0.123,543.962,0.449,-0.534
00:00:29.507,1572871309417,-0.335,-0.022,1.13,0.664,3.0,0.014,24.882,0.003,-0.125,544.377,0.449,-0.534
00:00:29.508,1572871309418,-0.335,-0.021,1.13,0.664,3.0,0.014,24.876,0.003,-0.126,544.7919999999998,0.449,-0.534
00:00:29.556,1572871309466,-0.335,-0.02,1.13,0.664,3.0,0.014,24.87,0.003,-0.126,545.206,0.448,-0.534
00:00:29.557,1572871309467,-0.334,-0.02,1.13,0.664,3.0,0.014,24.865,0.003,-0.126,545.621,0.448,-0.534
00:00:29.558,1572871309468,-0.334,-0.019,1.13,0.664,3.0,0.013,24.859,0.003,-0.126,546.035,0.448,-0.534
00:00:29.606,1572871309516,-0.334,-0.018000000000000002,1.13,0.664,3.0,0.013,24.854,0.003,-0.125,546.4490000000002,0.448,-0.534
00:00:29.607,1572871309517,-0.334,-0.017,1.13,0.664,3.0,0.013,24.84800000000001,0.003,-0.124,546.863,0.447,-0.534
00:00:29.608,1572871309518,-0.334,-0.017,1.13,0.664,3.0,0.013,24.843000000000004,0.003,-0.123,547.252,0.447,-0.534
00:00:29.657,1572871309567,-0.334,-0.016,1.13,0.664,3.0,0.012,24.837,0.003,-0.121,547.692,0.447,-0.534
00:00:29.658,1572871309568,-0.334,-0.015,1.13,0.664,3.0,0.012,24.831,0.003,-0.12,548.105,0.446,-0.535
00:00:29.659,1572871309569,-0.334,-0.014,1.13,0.664,3.0,0.012,24.826,0.003,-0.118,548.519,0.446,-0.535
00:00:29.708,1572871309618,-0.333,-0.013,1.13,0.664,3.0,0.012,24.82,0.003,-0.116,548.933,0.446,-0.535
00:00:29.709,1572871309619,-0.333,-0.012,1.13,0.664,3.0,0.011,24.815,0.003,-0.115,549.347,0.445,-0.535
00:00:29.710,1572871309620,-0.333,-0.011,1.13,0.664,3.0,0.011,24.809,0.002,-0.113,549.76,0.445,-0.535
00:00:29.760,1572871309670,-0.334,-0.011,0.983,0.664,3.0,0.011,24.804,0.002,-0.111,550.174,0.444,-0.535
00:00:29.761,1572871309671,-0.336,-0.011,0.983,0.664,3.0,0.011,24.798,0.002,-0.11,550.587,0.444,-0.535
00:00:29.762,1572871309672,-0.337,-0.01,0.983,0.664,3.0,0.01,24.792,0.002,-0.108,551.0,0.444,-0.535
00:00:29.811,1572871309721,-0.337,-0.01,0.983,0.664,3.0,0.01,24.787,0.002,-0.107,551.413,0.443,-0.535
00:00:29.812,1572871309722,-0.338,-0.01,0.983,0.664,3.0,0.01,24.781,0.002,-0.105,551.826,0.443,-0.535
00:00:29.813,1572871309723,-0.338,-0.009000000000000001,0.983,0.664,3.0,0.01,24.776,0.001,-0.104,552.239,0.443,-0.535
00:00:29.860,1572871309770,-0.337,-0.009000000000000001,1.13,0.664,3.0,0.009000000000000001,24.77,0.001,-0.103,552.6519999999998,0.442,-0.535
00:00:29.861,1572871309771,-0.335,-0.009000000000000001,1.13,0.664,3.0,0.009000000000000001,24.764,0.001,-0.102,553.065,0.442,-0.535
00:00:29.862,1572871309772,-0.333,-0.008,1.13,0.664,3.0,0.009000000000000001,24.759,0.001,-0.101,553.4780000000002,0.442,-0.535
00:00:29.910,1572871309820,-0.333,-0.008,1.13,0.664,3.0,0.009000000000000001,24.753,0.001,-0.1,553.89,0.441,-0.535
00:00:29.911,1572871309821,-0.332,-0.008,1.13,0.664,3.0,0.009000000000000001,24.748,0.001,-0.099,554.303,0.441,-0.535
00:00:29.912,1572871309822,-0.332,-0.008,1.13,0.664,3.0,0.008,24.742,0.001,-0.099,554.715,0.44,-0.535
00:00:29.979,1572871309889,-0.333,-0.006999999999999999,0.983,0.664,3.0,0.008,24.737,0.001,-0.098,555.128,0.44,-0.535
00:00:29.980,1572871309890,-0.335,-0.006999999999999999,0.983,0.664,3.0,0.008,24.731,0.001,-0.098,555.54,0.44,-0.535
00:00:29.981,1572871309891,-0.336,-0.006999999999999999,0.983,0.664,3.0,0.008,24.725,0.0,-0.097,555.952,0.439,-0.535
00:00:30.017,1572871309927,-0.337,-0.006999999999999999,0.983,0.664,3.0,0.008,24.72,0.0,-0.097,556.364,0.439,-0.535
00:00:30.018,1572871309928,-0.337,-0.006999999999999999,0.983,0.664,3.0,0.006999999999999999,24.714,0.0,-0.097,556.776,0.439,-0.535
00:00:30.019,1572871309929,-0.337,-0.006999999999999999,0.983,0.664,3.0,0.006999999999999999,24.709,0.0,-0.097,557.188,0.438,-0.535
00:00:30.068,1572871309978,-0.337,-0.006999999999999999,0.983,0.664,3.0,0.006999999999999999,24.70300000000001,0.0,-0.097,557.6,0.438,-0.535
00:00:30.069,1572871309979,-0.337,-0.006,0.983,0.664,3.0,0.006999999999999999,24.697,0.0,-0.098,558.011,0.4370000000000001,-0.535
00:00:30.070,1572871309980,-0.337,-0.006,0.983,0.664,3.0,0.006999999999999999,24.692,0.0,-0.098,558.423,0.4370000000000001,-0.535
00:00:30.071,1572871309981,-0.336,-0.006,0.983,0.664,3.0,0.006,24.686,0.0,-0.098,558.8340000000002,0.4370000000000001,-0.535
00:00:30.131,1572871310041,-0.336,-0.005,0.983,0.664,3.0,0.006,24.681,0.0,-0.098,559.246,0.436,-0.535
00:00:30.132,1572871310042,-0.336,-0.005,0.983,0.664,3.0,0.006,24.675,0.001,-0.099,559.6569999999998,0.436,-0.535
00:00:30.133,1572871310043,-0.336,-0.004,0.983,0.664,3.0,0.006,24.669,0.001,-0.099,560.068,0.435,-0.535
00:00:30.180,1572871310090,-0.336,-0.004,0.983,0.664,3.0,0.006,24.664,0.001,-0.1,560.479,0.435,-0.535
00:00:30.181,1572871310091,-0.336,-0.003,0.983,0.664,3.0,0.006,24.658,0.001,-0.1,560.89,0.435,-0.535
00:00:30.182,1572871310092,-0.336,-0.003,0.983,0.664,3.0,0.006,24.653,0.001,-0.101,561.3009999999998,0.434,-0.535
00:00:30.225,1572871310135,-0.336,-0.003,0.983,0.664,3.0,0.005,24.647,0.001,-0.101,561.712,0.434,-0.535
00:00:30.226,1572871310136,-0.336,-0.002,0.983,0.664,3.0,0.005,24.641,0.001,-0.102,562.123,0.433,-0.535
00:00:30.227,1572871310137,-0.336,-0.002,0.983,0.664,3.0,0.005,24.636,0.001,-0.102,562.534,0.433,-0.535
00:00:30.280,1572871310190,-0.336,-0.002,0.983,0.664,3.0,0.005,24.63,0.001,-0.103,562.944,0.433,-0.535
00:00:30.281,1572871310191,-0.336,-0.001,0.983,0.664,3.0,0.005,24.625,0.001,-0.103,563.355,0.4320000000000001,-0.535
00:00:30.282,1572871310192,-0.336,-0.001,0.983,0.664,3.0,0.005,24.619,0.001,-0.104,563.765,0.4320000000000001,-0.535
00:00:30.325,1572871310235,-0.335,0.0,0.983,0.664,3.0,0.004,24.613000000000003,0.001,-0.104,564.175,0.431,-0.535
00:00:30.326,1572871310236,-0.335,0.001,0.983,0.664,3.0,0.004,24.608,0.001,-0.105,564.585,0.431,-0.535
00:00:30.327,1572871310237,-0.335,0.002,0.983,0.664,3.0,0.004,24.602,0.001,-0.105,564.995,0.431,-0.535
00:00:30.375,1572871310285,-0.335,0.003,0.983,0.664,3.0,0.004,24.597,0.001,-0.105,565.405,0.43,-0.535
00:00:30.376,1572871310286,-0.335,0.004,0.983,0.664,3.0,0.004,24.591,0.001,-0.105,565.815,0.43,-0.535
00:00:30.377,1572871310287,-0.335,0.005,0.983,0.664,3.0,0.003,24.586,0.001,-0.105,566.225,0.429,-0.535
00:00:30.426,1572871310336,-0.335,0.006,0.983,0.664,3.0,0.003,24.58,0.001,-0.106,566.635,0.429,-0.535
00:00:30.427,1572871310337,-0.335,0.006999999999999999,0.983,0.664,3.0,0.003,24.574,0.001,-0.106,567.044,0.429,-0.535
00:00:30.428,1572871310338,-0.335,0.008,0.983,0.664,3.0,0.003,24.56900000000001,0.001,-0.106,567.4540000000002,0.428,-0.535
00:00:30.478,1572871310388,-0.335,0.008,0.983,0.664,3.0,0.003,24.563,0.0,-0.105,567.863,0.428,-0.535
00:00:30.479,1572871310389,-0.335,0.009000000000000001,0.983,0.664,3.0,0.002,24.558000000000003,0.0,-0.105,568.273,0.4270000000000001,-0.535
00:00:30.480,1572871310390,-0.334,0.009000000000000001,0.983,0.664,3.0,0.002,24.552,0.0,-0.105,568.682,0.4270000000000001,-0.535
00:00:30.529,1572871310439,-0.334,0.009000000000000001,0.983,0.664,3.0,0.002,24.546,0.0,-0.105,569.091,0.4270000000000001,-0.535
00:00:30.530,1572871310440,-0.334,0.009000000000000001,0.983,0.664,3.0,0.001,24.541,0.0,-0.105,569.5,0.426,-0.535
00:00:30.531,1572871310441,-0.333,0.01,1.13,0.664,3.0,0.001,24.535,0.0,-0.104,569.909,0.426,-0.535
00:00:30.578,1572871310488,-0.331,0.01,1.13,0.664,3.0,0.001,24.53,-0.001,-0.104,570.318,0.426,-0.535
00:00:30.579,1572871310489,-0.33,0.01,1.13,0.664,3.0,0.001,24.524,-0.001,-0.104,570.727,0.425,-0.535
00:00:30.580,1572871310490,-0.329,0.011,1.13,0.664,3.0,0.001,24.519,-0.001,-0.103,571.136,0.425,-0.535
00:00:30.629,1572871310539,-0.329,0.011,1.13,0.664,3.0,0.0,24.513,-0.001,-0.103,571.544,0.424,-0.535
00:00:30.630,1572871310540,-0.329,0.012,1.13,0.664,3.0,0.0,24.50800000000001,-0.001,-0.103,571.953,0.424,-0.535
00:00:30.631,1572871310541,-0.329,0.012,0.983,0.664,3.0,0.0,24.502,-0.001,-0.102,572.361,0.424,-0.535
00:00:30.687,1572871310597,-0.331,0.013,0.983,0.664,3.0,0.0,24.497,-0.002,-0.102,572.769,0.423,-0.535
00:00:30.688,1572871310598,-0.333,0.013,0.983,0.664,3.0,-0.001,24.491,-0.002,-0.102,573.178,0.423,-0.535
00:00:30.689,1572871310599,-0.333,0.013,0.983,0.664,3.0,-0.001,24.486,-0.002,-0.102,573.586,0.423,-0.535
00:00:30.690,1572871310600,-0.333,0.014,0.983,0.664,3.0,-0.001,24.48,-0.002,-0.101,573.994,0.422,-0.535
00:00:30.737,1572871310647,-0.333,0.014,0.983,0.664,3.0,-0.001,24.475,-0.002,-0.101,574.4019999999998,0.422,-0.535
00:00:30.738,1572871310648,-0.333,0.014,0.983,0.664,3.0,-0.001,24.469,-0.002,-0.101,574.81,0.422,-0.535
00:00:30.739,1572871310649,-0.333,0.014,0.983,0.664,3.0,-0.002,24.464,-0.002,-0.101,575.2180000000002,0.421,-0.535
00:00:30.788,1572871310698,-0.333,0.014,0.983,0.664,3.0,-0.002,24.458,-0.002,-0.101,575.625,0.421,-0.535
00:00:30.789,1572871310699,-0.333,0.014,0.983,0.664,3.0,-0.002,24.45300000000001,-0.002,-0.1,576.033,0.421,-0.535
00:00:30.790,1572871310700,-0.333,0.014,0.983,0.664,3.0,-0.002,24.447,-0.002,-0.1,576.44,0.42,-0.535
00:00:30.841,1572871310751,-0.333,0.014,0.983,0.664,3.0,-0.002,24.441,-0.002,-0.1,576.8480000000002,0.42,-0.535
00:00:30.842,1572871310752,-0.332,0.014,1.13,0.664,3.0,-0.002,24.436,-0.002,-0.1,577.255,0.42,-0.535
00:00:30.843,1572871310753,-0.33,0.013,1.13,0.664,3.0,-0.003,24.43,-0.002,-0.1,577.6619999999998,0.419,-0.535
00:00:30.893,1572871310803,-0.328,0.013,1.13,0.664,3.0,-0.003,24.425,-0.002,-0.1,578.069,0.419,-0.535
00:00:30.894,1572871310804,-0.328,0.013,1.13,0.664,3.0,-0.003,24.42,-0.002,-0.1,578.476,0.419,-0.535
00:00:30.895,1572871310805,-0.328,0.012,1.13,0.664,3.0,-0.003,24.414,-0.002,-0.1,578.883,0.418,-0.535
00:00:30.939,1572871310849,-0.327,0.012,1.13,0.664,3.0,-0.003,24.409,-0.002,-0.1,579.29,0.418,-0.535
00:00:30.940,1572871310850,-0.328,0.012,0.983,0.664,3.0,-0.003,24.403,-0.002,-0.1,579.697,0.418,-0.535
00:00:30.941,1572871310851,-0.33,0.012,0.983,0.664,3.0,-0.003,24.398000000000003,-0.002,-0.1,580.104,0.418,-0.535
00:00:30.990,1572871310900,-0.331,0.011,0.983,0.664,3.0,-0.003,24.392,-0.002,-0.1,580.51,0.417,-0.535
00:00:30.991,1572871310901,-0.332,0.01,0.983,0.664,3.0,-0.003,24.387,-0.002,-0.1,580.9169999999998,0.417,-0.535
00:00:30.992,1572871310902,-0.332,0.01,0.983,0.664,3.0,-0.003,24.381,-0.002,-0.1,581.323,0.417,-0.535
00:00:31.040,1572871310950,-0.332,0.009000000000000001,0.983,0.664,3.0,-0.003,24.376,-0.002,-0.1,581.729,0.417,-0.535
00:00:31.041,1572871310951,-0.332,0.009000000000000001,0.983,0.664,3.0,-0.003,24.37,-0.002,-0.1,582.136,0.416,-0.535
00:00:31.042,1572871310952,-0.332,0.008,0.983,0.664,3.0,-0.003,24.364,-0.002,-0.1,582.5419999999998,0.416,-0.535
00:00:31.090,1572871311000,-0.332,0.008,0.983,0.664,3.0,-0.003,24.359,-0.001,-0.1,582.948,0.416,-0.535
00:00:31.091,1572871311001,-0.331,0.008,0.983,0.664,3.0,-0.003,24.353,-0.001,-0.1,583.354,0.415,-0.535
00:00:31.092,1572871311002,-0.331,0.006999999999999999,0.983,0.664,3.0,-0.003,24.34800000000001,-0.001,-0.1,583.76,0.415,-0.535
00:00:31.141,1572871311051,-0.331,0.006999999999999999,0.983,0.664,3.0,-0.003,24.342,-0.001,-0.1,584.165,0.415,-0.535
00:00:31.142,1572871311052,-0.33,0.006999999999999999,1.13,0.664,3.0,-0.003,24.337,-0.001,-0.101,584.571,0.415,-0.535
00:00:31.143,1572871311053,-0.328,0.006,1.13,0.664,3.0,-0.003,24.331,-0.001,-0.101,584.977,0.414,-0.535
00:00:31.193,1572871311103,-0.327,0.006,1.13,0.664,3.0,-0.003,24.326,-0.001,-0.101,585.382,0.414,-0.535
00:00:31.194,1572871311104,-0.326,0.005,1.13,0.664,3.0,-0.003,24.321,-0.001,-0.101,585.7869999999998,0.414,-0.535
00:00:31.195,1572871311105,-0.326,0.005,1.13,0.664,3.0,-0.003,24.315,-0.001,-0.101,586.193,0.414,-0.535
00:00:31.242,1572871311152,-0.326,0.004,1.13,0.664,3.0,-0.003,24.31,-0.001,-0.101,586.5980000000002,0.413,-0.535
00:00:31.243,1572871311153,-0.325,0.003,1.276,0.664,3.0,-0.003,24.304,-0.001,-0.101,587.003,0.413,-0.535
00:00:31.244,1572871311154,-0.32299999999999995,0.003,1.276,0.664,3.0,-0.003,24.299,-0.001,-0.101,587.408,0.413,-0.535
00:00:31.294,1572871311204,-0.322,0.003,1.276,0.664,3.0,-0.003,24.294,-0.001,-0.101,587.813,0.413,-0.535
00:00:31.295,1572871311205,-0.321,0.003,1.276,0.664,3.0,-0.003,24.288,-0.001,-0.1,588.2180000000002,0.412,-0.535
00:00:31.296,1572871311206,-0.321,0.003,1.276,0.664,3.0,-0.003,24.283,-0.001,-0.1,588.623,0.412,-0.535
00:00:31.343,1572871311253,-0.32,0.002,1.276,0.664,3.0,-0.003,24.278,0.0,-0.1,589.0269999999998,0.412,-0.535
00:00:31.344,1572871311254,-0.32,0.002,1.423,0.664,3.0,-0.003,24.272,0.0,-0.1,589.432,0.412,-0.535
00:00:31.345,1572871311255,-0.318,0.002,1.423,0.664,3.0,-0.002,24.267,0.0,-0.1,589.836,0.411,-0.535
