rec-time,UTC,Acceleration,Lateral acceleration,Gas pedal position,Brake pedal force,Gear,Steering wheel position,Velocity,Lateral velocity,Vertical velocity,X axis position,Y axis position,Z axis position
00:00:02.047,1572922045650,0.0,0.0,0.764,132.407,3.0,-0.085,0.0,0.0,0.0,5.228,0.016,-0.531
00:00:02.048,1572922045651,0.0,0.0,0.764,132.407,3.0,-0.085,0.0,0.0,0.0,5.228,0.016,-0.531
00:00:02.049,1572922045652,0.0,0.0,0.764,132.407,3.0,-0.086,0.0,0.0,0.0,5.228,0.016,-0.531
00:00:02.098,1572922045701,0.0,0.0,0.764,132.407,3.0,-0.087,0.0,0.0,0.0,5.228,0.016,-0.531
00:00:02.099,1572922045702,0.0,0.0,0.764,132.407,3.0,-0.08800000000000001,0.0,0.0,0.0,5.228,0.016,-0.531
00:00:02.100,1572922045703,0.0,0.0,0.764,132.407,3.0,-0.08800000000000001,0.0,0.0,0.0,5.228,0.016,-0.531
00:00:02.150,1572922045753,0.0,0.0,0.983,133.334,3.0,-0.08900000000000001,0.0,0.0,0.0,5.228,0.016,-0.531
00:00:02.151,1572922045754,0.0,0.0,0.983,133.334,3.0,-0.09,0.0,0.0,0.0,5.228,0.016,-0.531
00:00:02.152,1572922045755,0.0,0.0,0.983,133.334,3.0,-0.09,0.0,0.0,0.0,5.228,0.016,-0.531
00:00:02.199,1572922045802,0.0,0.0,0.983,133.334,3.0,-0.091,0.0,0.0,0.0,5.228,0.016,-0.531
00:00:02.200,1572922045803,0.0,0.0,0.983,133.334,3.0,-0.091,0.0,0.0,0.0,5.228,0.016,-0.531
00:00:02.201,1572922045804,0.0,0.0,0.983,133.334,3.0,-0.092,0.0,0.0,0.0,5.228,0.016,-0.531
00:00:02.250,1572922045853,0.0,0.0,0.983,132.871,3.0,-0.092,0.0,0.0,0.0,5.228,0.016,-0.531
00:00:02.251,1572922045854,0.0,0.0,0.983,132.871,3.0,-0.093,0.0,0.0,0.0,5.228,0.016,-0.531
00:00:02.252,1572922045855,0.0,0.0,0.983,132.871,3.0,-0.094,0.0,0.0,0.0,5.228,0.016,-0.531
00:00:02.300,1572922045903,0.0,0.0,0.983,132.871,3.0,-0.095,0.0,0.0,0.0,5.228,0.016,-0.531
00:00:02.301,1572922045904,0.0,0.0,0.983,132.871,3.0,-0.096,0.0,0.0,0.0,5.228,0.016,-0.531
00:00:02.302,1572922045905,0.0,0.0,0.983,132.871,3.0,-0.098,0.0,0.0,0.0,5.228,0.016,-0.531
00:00:02.351,1572922045954,0.0,0.0,0.983,131.94299999999998,3.0,-0.099,0.0,0.0,0.0,5.228,0.016,-0.531
00:00:02.352,1572922045955,0.0,0.0,0.983,131.94299999999998,3.0,-0.101,0.0,0.0,0.0,5.228,0.016,-0.531
00:00:02.353,1572922045956,0.0,0.0,0.983,131.94299999999998,3.0,-0.102,0.0,0.0,0.0,5.228,0.016,-0.531
00:00:02.401,1572922046004,0.0,0.0,0.983,131.94299999999998,3.0,-0.104,0.0,0.0,0.0,5.228,0.016,-0.531
00:00:02.402,1572922046005,0.0,0.0,0.983,131.94299999999998,3.0,-0.105,0.0,0.0,0.0,5.228,0.016,-0.531
00:00:02.403,1572922046006,0.0,0.0,0.983,131.94299999999998,3.0,-0.106,0.0,0.0,0.0,5.228,0.016,-0.531
00:00:02.454,1572922046057,0.0,0.0,0.983,130.319,3.0,-0.108,0.0,0.0,0.0,5.228,0.016,-0.531
00:00:02.455,1572922046058,0.0,0.0,0.983,130.319,3.0,-0.109,0.0,0.0,0.0,5.228,0.016,-0.531
00:00:02.456,1572922046059,0.0,0.0,0.983,130.319,3.0,-0.11,0.0,0.0,0.0,5.228,0.016,-0.531
00:00:02.506,1572922046109,0.0,0.0,0.983,130.319,3.0,-0.111,0.0,0.0,0.0,5.228,0.016,-0.531
00:00:02.507,1572922046110,0.0,0.0,0.983,130.319,3.0,-0.112,0.0,0.0,0.0,5.228,0.016,-0.531
00:00:02.508,1572922046111,0.0,0.0,0.983,130.319,3.0,-0.112,0.0,0.0,0.0,5.228,0.016,-0.531
00:00:02.557,1572922046160,0.0,0.0,0.983,130.319,3.0,-0.113,0.0,0.0,0.0,5.228,0.016,-0.531
00:00:02.558,1572922046161,0.0,0.0,0.983,130.319,3.0,-0.114,0.0,0.0,0.0,5.228,0.016,-0.531
00:00:02.559,1572922046162,0.0,0.0,0.983,130.319,3.0,-0.115,0.0,0.0,0.0,5.228,0.016,-0.531
00:00:02.607,1572922046210,0.0,0.0,0.983,130.319,3.0,-0.116,0.0,0.0,0.0,5.228,0.016,-0.531
00:00:02.608,1572922046211,0.0,0.0,0.983,130.319,3.0,-0.116,0.0,0.0,0.0,5.228,0.016,-0.531
00:00:02.609,1572922046212,0.0,0.0,0.983,130.319,3.0,-0.117,0.0,0.0,0.0,5.228,0.016,-0.531
00:00:02.657,1572922046260,0.0,0.0,0.983,130.319,2.0,-0.118,0.0,0.0,0.0,5.228,0.016,-0.531
00:00:02.658,1572922046261,0.0,0.0,0.983,130.319,2.0,-0.119,0.0,0.0,0.0,5.228,0.016,-0.531
00:00:02.659,1572922046262,0.0,0.0,0.983,130.319,2.0,-0.119,0.0,0.0,0.0,5.228,0.016,-0.531
00:00:02.707,1572922046310,0.0,0.0,0.983,130.319,2.0,-0.12,0.0,0.0,0.0,5.228,0.016,-0.531
00:00:02.708,1572922046311,0.0,0.0,0.983,130.319,2.0,-0.121,0.0,0.0,0.0,5.228,0.016,-0.531
00:00:02.709,1572922046312,0.0,0.0,0.983,130.319,2.0,-0.121,0.0,0.0,0.0,5.228,0.016,-0.531
00:00:02.757,1572922046360,0.0,0.0,0.983,127.072,3.0,-0.122,0.0,0.0,0.0,5.228,0.016,-0.531
00:00:02.758,1572922046361,0.0,0.0,0.983,127.072,3.0,-0.122,0.0,0.0,0.0,5.228,0.016,-0.531
00:00:02.759,1572922046362,0.0,0.0,0.983,127.072,3.0,-0.123,0.0,0.0,0.0,5.228,0.016,-0.531
00:00:02.807,1572922046410,0.0,0.0,0.983,127.072,3.0,-0.124,0.0,0.0,0.0,5.228,0.016,-0.531
00:00:02.808,1572922046411,0.0,0.0,0.983,127.072,3.0,-0.124,0.0,0.0,0.0,5.228,0.016,-0.531
00:00:02.809,1572922046412,0.0,0.0,0.983,127.072,3.0,-0.125,0.0,0.0,0.0,5.228,0.016,-0.531
00:00:02.861,1572922046464,0.0,0.0,0.983,122.433,3.0,-0.125,0.0,0.0,0.0,5.228,0.016,-0.531
00:00:02.862,1572922046465,0.0,0.0,0.983,122.433,3.0,-0.126,0.0,0.0,0.0,5.228,0.016,-0.531
00:00:02.863,1572922046466,0.0,0.0,0.983,122.433,3.0,-0.126,0.0,0.0,0.0,5.228,0.016,-0.531
00:00:02.914,1572922046517,0.0,0.0,0.983,122.433,3.0,-0.127,0.0,0.0,0.0,5.228,0.016,-0.531
00:00:02.915,1572922046518,0.0,0.0,0.983,122.433,3.0,-0.127,0.0,0.0,0.0,5.228,0.016,-0.531
00:00:02.916,1572922046519,0.0,0.0,0.983,122.433,3.0,-0.128,0.0,0.0,0.0,5.228,0.016,-0.531
00:00:02.917,1572922046520,0.0,0.0,0.983,119.186,3.0,-0.128,0.0,0.0,0.0,5.228,0.016,-0.531
00:00:02.972,1572922046575,0.0,0.0,0.983,119.186,3.0,-0.129,0.0,0.0,0.0,5.228,0.016,-0.531
00:00:02.973,1572922046576,0.0,0.0,0.983,119.186,3.0,-0.129,0.0,0.0,0.0,5.228,0.016,-0.531
00:00:02.974,1572922046577,0.0,0.0,0.983,119.186,3.0,-0.13,0.0,0.0,0.0,5.228,0.016,-0.531
00:00:03.015,1572922046618,0.0,0.0,0.983,119.186,3.0,-0.13,0.0,0.0,0.0,5.228,0.016,-0.531
00:00:03.016,1572922046619,0.0,0.0,0.983,119.186,3.0,-0.131,0.0,0.0,0.0,5.228,0.016,-0.531
00:00:03.017,1572922046620,0.0,0.0,0.983,102.95,3.0,-0.131,0.0,0.0,0.0,5.228,0.016,-0.531
00:00:03.065,1572922046668,0.0,0.0,0.983,102.95,3.0,-0.131,0.0,0.0,0.0,5.228,0.016,-0.531
00:00:03.066,1572922046669,0.0,0.0,0.983,102.95,3.0,-0.132,0.0,0.0,0.0,5.228,0.016,-0.531
00:00:03.067,1572922046670,0.0,0.0,0.983,102.95,3.0,-0.132,0.0,0.0,0.0,5.228,0.016,-0.531
00:00:03.115,1572922046718,0.0,0.0,0.983,102.95,3.0,-0.133,0.0,0.0,0.0,5.228,0.016,-0.531
00:00:03.116,1572922046719,0.0,0.0,0.983,102.95,3.0,-0.133,0.0,0.0,0.0,5.228,0.016,-0.531
00:00:03.117,1572922046720,0.0,0.0,0.983,77.205,3.0,-0.133,0.0,0.0,0.0,5.228,0.016,-0.531
00:00:03.165,1572922046768,0.0,0.0,0.983,77.205,3.0,-0.134,0.0,0.0,0.0,5.228,0.016,-0.531
00:00:03.166,1572922046769,0.0,0.0,0.983,77.205,3.0,-0.134,0.0,0.0,0.0,5.228,0.016,-0.531
00:00:03.167,1572922046770,0.0,0.0,0.983,77.205,3.0,-0.134,0.0,0.0,0.0,5.228,0.016,-0.531
00:00:03.219,1572922046822,0.0,0.0,0.983,77.205,3.0,-0.135,0.0,0.0,0.0,5.228,0.016,-0.531
00:00:03.220,1572922046823,0.0,0.0,0.983,77.205,3.0,-0.135,0.0,0.0,0.0,5.228,0.016,-0.531
00:00:03.221,1572922046824,0.0,0.0,0.983,51.227,3.0,-0.135,0.0,0.0,0.0,5.228,0.016,-0.531
00:00:03.267,1572922046870,0.0,0.0,0.983,51.227,3.0,-0.135,0.0,0.0,0.0,5.228,0.016,-0.531
00:00:03.268,1572922046871,0.0,0.0,0.983,51.227,3.0,-0.136,0.0,0.0,0.0,5.228,0.016,-0.531
00:00:03.269,1572922046872,0.0,0.0,0.983,51.227,3.0,-0.136,0.0,0.0,0.0,5.228,0.016,-0.531
00:00:03.318,1572922046921,0.0,0.0,0.983,51.227,3.0,-0.136,0.0,0.0,0.0,5.228,0.016,-0.531
00:00:03.319,1572922046922,0.0,0.0,0.983,51.227,3.0,-0.136,0.0,0.0,0.0,5.228,0.016,-0.531
00:00:03.320,1572922046923,0.0,-0.002,0.983,20.147,3.0,-0.136,0.0,-0.001,0.0,5.228,0.016,-0.531
00:00:03.368,1572922046971,-0.009000000000000001,-0.189,0.983,20.147,3.0,-0.136,0.0,-0.006999999999999999,-0.001,5.228,0.016,-0.531
00:00:03.369,1572922046972,-0.011,-0.172,0.983,20.147,3.0,-0.13699999999999998,0.0,-0.008,-0.001,5.228,0.016,-0.531
00:00:03.370,1572922046973,0.009000000000000001,-0.095,0.983,20.147,3.0,-0.13699999999999998,0.0,-0.009000000000000001,-0.002,5.228,0.015,-0.531
00:00:03.419,1572922047022,0.027000000000000003,-0.041,0.983,20.147,3.0,-0.13699999999999998,0.001,-0.009000000000000001,-0.002,5.228,0.015,-0.531
00:00:03.420,1572922047023,0.036000000000000004,-0.012,0.983,20.147,3.0,-0.13699999999999998,0.001,-0.009000000000000001,-0.002,5.228,0.015,-0.531
00:00:03.421,1572922047024,0.035,0.006999999999999999,0.983,1.824,3.0,-0.13699999999999998,0.002,-0.008,-0.002,5.228,0.015,-0.531
00:00:03.471,1572922047074,0.161,0.194,0.983,1.824,3.0,-0.138,0.006999999999999999,-0.002,-0.001,5.228,0.015,-0.531
00:00:03.472,1572922047075,0.199,0.112,0.983,1.824,3.0,-0.138,0.011,-0.002,0.0,5.229,0.015,-0.531
00:00:03.473,1572922047076,0.222,0.08,0.983,1.824,3.0,-0.138,0.015,-0.001,0.001,5.229,0.015,-0.531
00:00:03.521,1572922047124,0.258,0.048,0.983,1.824,3.0,-0.138,0.019,-0.001,0.002,5.229,0.015,-0.531
00:00:03.522,1572922047125,0.28800000000000003,0.036000000000000004,0.983,1.824,3.0,-0.138,0.025,0.0,0.003,5.229,0.015,-0.531
00:00:03.523,1572922047126,0.31,0.031,0.983,0.664,3.0,-0.138,0.03,0.0,0.003,5.23,0.015,-0.531
00:00:03.571,1572922047174,0.34,0.026,0.983,0.664,3.0,-0.139,0.036000000000000004,0.001,0.004,5.23,0.015,-0.531
00:00:03.572,1572922047175,0.366,0.021,0.983,0.664,3.0,-0.139,0.043,0.001,0.004,5.231,0.015,-0.531
00:00:03.573,1572922047176,0.385,0.015,0.983,0.664,3.0,-0.139,0.049,0.001,0.004,5.232,0.015,-0.531
00:00:03.622,1572922047225,0.401,0.009000000000000001,0.983,0.664,3.0,-0.139,0.056,0.001,0.004,5.233,0.015,-0.531
00:00:03.623,1572922047226,0.414,0.003,0.983,0.664,3.0,-0.139,0.063,0.001,0.004,5.234,0.015,-0.531
00:00:03.624,1572922047227,0.4270000000000001,-0.002,0.983,0.664,3.0,-0.139,0.07,0.001,0.004,5.235,0.015,-0.531
00:00:03.676,1572922047279,0.438,-0.006999999999999999,0.983,0.664,3.0,-0.139,0.078,0.001,0.004,5.2360000000000015,0.015,-0.531
00:00:03.677,1572922047280,0.449,-0.011,0.983,0.664,3.0,-0.139,0.085,0.001,0.003,5.237,0.015,-0.531
00:00:03.678,1572922047281,0.459,-0.014,0.983,0.664,3.0,-0.139,0.093,0.001,0.003,5.239,0.015,-0.531
00:00:03.679,1572922047282,0.469,-0.016,0.983,0.664,3.0,-0.139,0.101,0.0,0.003,5.2410000000000005,0.015,-0.531
00:00:03.726,1572922047329,0.477,-0.017,0.983,0.664,3.0,-0.139,0.109,0.0,0.002,5.242000000000001,0.015,-0.531
00:00:03.727,1572922047330,0.485,-0.018000000000000002,0.983,0.664,3.0,-0.139,0.117,0.0,0.002,5.244,0.015,-0.531
00:00:03.728,1572922047331,0.493,-0.017,0.983,0.664,3.0,-0.139,0.126,-0.001,0.001,5.246,0.015,-0.531
00:00:03.780,1572922047383,0.501,-0.017,0.983,0.664,3.0,-0.139,0.135,-0.001,0.0,5.249,0.015,-0.531
00:00:03.781,1572922047384,0.507,-0.015,0.983,0.664,3.0,-0.139,0.14300000000000002,-0.001,0.0,5.251,0.015,-0.531
00:00:03.782,1572922047385,0.513,-0.014,0.983,0.664,3.0,-0.139,0.151,-0.001,-0.001,5.252999999999999,0.015,-0.531
00:00:03.837,1572922047440,0.519,-0.012,0.983,0.664,3.0,-0.139,0.161,-0.002,-0.001,5.256,0.015,-0.531
00:00:03.838,1572922047441,0.524,-0.01,0.983,0.664,3.0,-0.14,0.16899999999999998,-0.002,-0.002,5.257999999999999,0.015,-0.531
00:00:03.839,1572922047442,0.529,-0.008,0.983,0.664,3.0,-0.14,0.17800000000000002,-0.002,-0.002,5.261,0.015,-0.531
00:00:03.892,1572922047495,0.534,-0.006,0.983,0.664,3.0,-0.141,0.187,-0.002,-0.002,5.2639999999999985,0.015,-0.531
00:00:03.893,1572922047496,0.5379999999999999,-0.005,0.983,0.664,3.0,-0.142,0.196,-0.002,-0.003,5.268,0.015,-0.531
00:00:03.894,1572922047497,0.541,-0.003,0.983,0.664,3.0,-0.14300000000000002,0.205,-0.002,-0.003,5.271,0.015,-0.531
00:00:03.949,1572922047552,0.544,-0.001,0.983,0.664,3.0,-0.14400000000000002,0.214,-0.002,-0.003,5.274,0.015,-0.531
00:00:03.950,1572922047553,0.547,0.002,2.448,0.664,3.0,-0.145,0.223,-0.002,-0.003,5.278,0.015,-0.531
00:00:03.951,1572922047554,0.552,0.003,2.448,0.664,3.0,-0.145,0.232,-0.002,-0.003,5.282,0.015,-0.531
00:00:03.952,1572922047555,0.565,0.003,2.448,0.664,3.0,-0.146,0.242,-0.002,-0.003,5.2860000000000005,0.015,-0.531
00:00:03.998,1572922047601,0.591,0.002,2.448,0.664,3.0,-0.147,0.252,-0.002,-0.002,5.29,0.015,-0.531
00:00:03.999,1572922047602,0.626,0.001,2.448,0.664,3.0,-0.147,0.263,-0.002,-0.002,5.294,0.015,-0.531
00:00:04.000,1572922047603,0.667,0.0,2.448,0.664,3.0,-0.14800000000000002,0.275,-0.002,-0.002,5.299,0.015,-0.531
00:00:04.048,1572922047651,0.708,-0.002,5.598,0.664,3.0,-0.14800000000000002,0.287,-0.002,-0.001,5.303,0.015,-0.531
00:00:04.049,1572922047652,0.753,-0.002,5.598,0.664,3.0,-0.14800000000000002,0.301,-0.002,-0.001,5.308,0.015,-0.531
00:00:04.050,1572922047653,0.8190000000000001,-0.003,5.598,0.664,3.0,-0.149,0.315,-0.002,0.0,5.313,0.015,-0.531
00:00:04.098,1572922047701,0.913,-0.005,5.598,0.664,3.0,-0.149,0.332,-0.002,0.0,5.319,0.015,-0.531
00:00:04.099,1572922047702,1.024,-0.006,5.598,0.664,3.0,-0.149,0.35100000000000003,-0.002,0.001,5.324,0.015,-0.531
00:00:04.100,1572922047703,1.144,-0.006999999999999999,5.598,0.664,3.0,-0.149,0.373,-0.002,0.002,5.331,0.015,-0.531
00:00:04.149,1572922047752,1.242,-0.008,4.939,0.664,3.0,-0.149,0.393,-0.002,0.003,5.3370000000000015,0.015,-0.531
00:00:04.150,1572922047753,1.331,-0.009000000000000001,4.939,0.664,3.0,-0.149,0.417,-0.002,0.004,5.3439999999999985,0.015,-0.531
00:00:04.151,1572922047754,1.395,-0.011,4.939,0.664,3.0,-0.15,0.442,-0.003,0.005,5.351,0.015,-0.531
00:00:04.201,1572922047804,1.4269999999999998,-0.011,4.939,0.664,3.0,-0.15,0.465,-0.003,0.005,5.358,0.015,-0.531
00:00:04.202,1572922047805,1.439,-0.012,4.939,0.664,3.0,-0.15,0.489,-0.003,0.006,5.3660000000000005,0.015,-0.531
00:00:04.203,1572922047806,1.436,-0.012,4.939,0.664,3.0,-0.151,0.512,-0.003,0.006999999999999999,5.375,0.015,-0.531
00:00:04.252,1572922047855,1.4280000000000002,-0.012,0.983,0.664,3.0,-0.151,0.536,-0.003,0.006999999999999999,5.382999999999999,0.014,-0.531
00:00:04.253,1572922047856,1.409,-0.012,0.983,0.664,3.0,-0.152,0.5589999999999999,-0.004,0.006999999999999999,5.392,0.014,-0.531
00:00:04.254,1572922047857,1.344,-0.011,0.983,0.664,3.0,-0.152,0.58,-0.004,0.006999999999999999,5.402,0.014,-0.531
00:00:04.302,1572922047905,1.233,-0.009000000000000001,0.983,0.664,3.0,-0.152,0.599,-0.004,0.006999999999999999,5.412000000000001,0.014,-0.531
00:00:04.303,1572922047906,1.104,-0.008,0.983,0.664,3.0,-0.152,0.616,-0.004,0.006999999999999999,5.4220000000000015,0.014,-0.531
00:00:04.304,1572922047907,0.98,-0.006999999999999999,0.983,0.664,3.0,-0.152,0.63,-0.004,0.006,5.432,0.014,-0.531
00:00:04.352,1572922047955,0.8740000000000001,-0.006,0.983,0.664,3.0,-0.151,0.644,-0.004,0.005,5.443,0.014,-0.531
00:00:04.353,1572922047956,0.7879999999999999,-0.005,0.983,0.664,3.0,-0.151,0.6559999999999999,-0.004,0.004,5.454,0.014,-0.53
00:00:04.354,1572922047957,0.721,-0.005,0.983,0.664,3.0,-0.151,0.667,-0.004,0.003,5.465,0.014,-0.531
00:00:04.402,1572922048005,0.67,-0.004,0.983,0.664,3.0,-0.151,0.677,-0.004,0.002,5.476,0.014,-0.531
00:00:04.403,1572922048006,0.631,-0.002,0.983,0.664,3.0,-0.15,0.687,-0.004,0.002,5.487,0.014,-0.531
00:00:04.404,1572922048007,0.602,-0.001,0.983,0.664,3.0,-0.15,0.6970000000000001,-0.004,0.002,5.499,0.014,-0.531
00:00:04.452,1572922048055,0.58,-0.001,2.302,0.664,3.0,-0.149,0.7070000000000001,-0.004,0.002,5.511,0.014,-0.531
00:00:04.453,1572922048056,0.5670000000000001,-0.001,2.302,0.664,3.0,-0.14800000000000002,0.716,-0.004,0.002,5.522,0.014,-0.531
00:00:04.454,1572922048057,0.57,-0.001,2.302,0.664,3.0,-0.14800000000000002,0.726,-0.004,0.003,5.535,0.014,-0.531
00:00:04.502,1572922048105,0.5870000000000001,0.0,2.302,0.664,3.0,-0.147,0.736,-0.004,0.003,5.5470000000000015,0.014,-0.531
00:00:04.503,1572922048106,0.616,-0.001,2.302,0.664,3.0,-0.146,0.746,-0.004,0.004,5.559,0.014,-0.531
00:00:04.504,1572922048107,0.654,-0.001,2.302,0.664,3.0,-0.145,0.758,-0.004,0.005,5.572,0.014,-0.531
00:00:04.553,1572922048156,0.688,-0.002,5.818,0.664,3.0,-0.14400000000000002,0.77,-0.004,0.005,5.584,0.014,-0.531
00:00:04.554,1572922048157,0.7290000000000001,-0.004,5.818,0.664,3.0,-0.14400000000000002,0.782,-0.004,0.006,5.597,0.014,-0.531
00:00:04.555,1572922048158,0.799,-0.005,5.818,0.664,3.0,-0.14300000000000002,0.797,-0.004,0.006,5.61,0.014,-0.531
00:00:04.604,1572922048207,0.903,-0.006,5.818,0.664,3.0,-0.14300000000000002,0.8140000000000001,-0.004,0.006999999999999999,5.624,0.014,-0.53
00:00:04.605,1572922048208,1.028,-0.006999999999999999,5.818,0.664,3.0,-0.14300000000000002,0.833,-0.004,0.006999999999999999,5.6370000000000005,0.014,-0.53
00:00:04.606,1572922048209,1.156,-0.006999999999999999,5.818,0.664,3.0,-0.142,0.8540000000000001,-0.004,0.006999999999999999,5.651,0.013,-0.53
00:00:04.654,1572922048257,1.274,-0.006,8.821,0.664,3.0,-0.141,0.8759999999999999,-0.005,0.006,5.666,0.013,-0.53
00:00:04.655,1572922048258,1.383,-0.005,8.821,0.664,3.0,-0.14,0.901,-0.005,0.006,5.681,0.013,-0.53
00:00:04.656,1572922048259,1.515,-0.004,8.821,0.664,3.0,-0.139,0.928,-0.005,0.006,5.6960000000000015,0.013,-0.53
00:00:04.704,1572922048307,1.675,-0.003,8.821,0.664,3.0,-0.13699999999999998,0.959,-0.005,0.006,5.7120000000000015,0.013,-0.53
00:00:04.705,1572922048308,1.841,-0.002,8.821,0.664,3.0,-0.135,0.991,-0.005,0.006999999999999999,5.728,0.013,-0.53
00:00:04.706,1572922048309,1.984,-0.001,8.821,0.664,3.0,-0.133,1.024,-0.005,0.008,5.744,0.013,-0.53
00:00:04.754,1572922048357,2.109,-0.001,9.48,0.664,3.0,-0.13,1.061,-0.004,0.009000000000000001,5.761,0.013,-0.53
00:00:04.755,1572922048358,2.2030000000000003,0.0,9.48,0.664,3.0,-0.128,1.099,-0.004,0.01,5.779,0.013,-0.53
00:00:04.756,1572922048359,2.279,0.0,9.48,0.664,3.0,-0.125,1.14,-0.004,0.012,5.799,0.013,-0.53
00:00:04.805,1572922048408,2.331,0.0,9.48,0.664,3.0,-0.123,1.177,-0.004,0.013,5.817,0.013,-0.53
00:00:04.806,1572922048409,2.371,0.0,9.48,0.664,3.0,-0.121,1.217,-0.004,0.015,5.8370000000000015,0.013,-0.53
00:00:04.807,1572922048410,2.397,0.0,9.48,0.664,3.0,-0.119,1.257,-0.004,0.016,5.858,0.013,-0.529
00:00:04.867,1572922048470,2.4090000000000003,0.0,13.800999999999998,0.664,3.0,-0.117,1.298,-0.004,0.018000000000000002,5.879,0.013,-0.529
00:00:04.868,1572922048471,2.419,0.0,13.800999999999998,0.664,3.0,-0.115,1.338,-0.004,0.019,5.901,0.013,-0.529
00:00:04.869,1572922048472,2.469,0.0,13.800999999999998,0.664,3.0,-0.113,1.383,-0.004,0.021,5.925,0.013,-0.529
00:00:04.870,1572922048473,2.552,-0.001,13.800999999999998,0.664,3.0,-0.111,1.4240000000000002,-0.004,0.022,5.947,0.013,-0.529
00:00:04.918,1572922048521,2.6630000000000003,-0.001,13.800999999999998,0.664,3.0,-0.109,1.47,-0.004,0.023,5.971,0.013,-0.529
00:00:04.919,1572922048522,2.774,-0.001,13.800999999999998,0.664,3.0,-0.106,1.518,-0.004,0.025,5.996,0.013,-0.529
00:00:04.920,1572922048523,2.866,-0.001,15.265999999999998,0.664,3.0,-0.104,1.567,-0.004,0.026,6.022,0.013,-0.529
00:00:04.970,1572922048573,2.935,0.0,15.265999999999998,0.664,3.0,-0.102,1.616,-0.004,0.027000000000000003,6.047999999999999,0.013,-0.529
00:00:04.971,1572922048574,2.995,0.0,15.265999999999998,0.664,3.0,-0.1,1.6669999999999998,-0.004,0.029,6.075,0.012,-0.528
00:00:04.972,1572922048575,3.051,0.0,15.265999999999998,0.664,3.0,-0.098,1.719,-0.004,0.03,6.104,0.012,-0.528
00:00:05.019,1572922048622,3.1010000000000004,-0.001,15.265999999999998,0.664,3.0,-0.097,1.771,-0.004,0.031,6.132999999999999,0.012,-0.528
00:00:05.020,1572922048623,3.138,-0.001,15.265999999999998,0.664,3.0,-0.095,1.824,-0.004,0.032,6.1629999999999985,0.012,-0.528
00:00:05.021,1572922048624,3.159,-0.002,16.804000000000002,0.664,3.0,-0.093,1.877,-0.004,0.033,6.194,0.012,-0.528
00:00:05.071,1572922048674,3.1710000000000003,-0.003,16.804000000000002,0.664,3.0,-0.091,1.93,-0.004,0.034,6.225,0.012,-0.528
00:00:05.072,1572922048675,3.192,-0.004,16.804000000000002,0.664,3.0,-0.09,1.983,-0.004,0.034,6.257999999999999,0.012,-0.528
00:00:05.073,1572922048676,3.228,-0.005,16.804000000000002,0.664,3.0,-0.08800000000000001,2.037,-0.004,0.035,6.291,0.012,-0.528
00:00:05.121,1572922048724,3.27,-0.006,16.804000000000002,0.664,3.0,-0.086,2.093,-0.004,0.036000000000000004,6.3260000000000005,0.012,-0.528
00:00:05.122,1572922048725,3.307,-0.006,16.804000000000002,0.664,3.0,-0.083,2.148,-0.004,0.036000000000000004,6.3610000000000015,0.012,-0.528
00:00:05.123,1572922048726,3.335,-0.006,17.097,0.664,3.0,-0.081,2.204,-0.004,0.037000000000000005,6.397,0.012,-0.528
00:00:05.173,1572922048776,3.349,-0.005,17.097,0.664,3.0,-0.078,2.26,-0.004,0.038,6.435,0.012,-0.528
00:00:05.174,1572922048777,3.354,-0.004,17.097,0.664,3.0,-0.075,2.319,-0.004,0.038,6.475,0.012,-0.528
00:00:05.175,1572922048778,3.3510000000000004,-0.002,17.097,0.664,3.0,-0.07200000000000001,2.372,-0.004,0.039,6.5120000000000005,0.012,-0.529
00:00:05.225,1572922048828,3.342,0.001,17.097,0.664,3.0,-0.07,2.427,-0.003,0.04,6.5520000000000005,0.012,-0.529
00:00:05.226,1572922048829,3.3280000000000003,0.004,17.097,0.664,3.0,-0.067,2.482,-0.003,0.04,6.593,0.012,-0.529
00:00:05.227,1572922048830,3.3110000000000004,0.006999999999999999,17.097,0.664,3.0,-0.064,2.537,-0.003,0.041,6.635,0.012,-0.529
00:00:05.276,1572922048879,3.29,0.01,17.097,0.664,3.0,-0.061,2.592,-0.003,0.042,6.6770000000000005,0.012,-0.529
00:00:05.277,1572922048880,3.269,0.014,17.097,0.664,3.0,-0.058,2.6460000000000004,-0.002,0.043,6.721,0.012,-0.529
00:00:05.278,1572922048881,3.2460000000000004,0.017,17.097,0.664,3.0,-0.055,2.7,-0.002,0.044,6.766,0.012,-0.529
00:00:05.327,1572922048930,3.224,0.02,17.097,0.664,3.0,-0.053,2.753,-0.002,0.046,6.811,0.012,-0.529
00:00:05.328,1572922048931,3.201,0.023,17.097,0.664,3.0,-0.051,2.806,-0.001,0.047,6.857,0.012,-0.53
00:00:05.329,1572922048932,3.177,0.025,17.097,0.664,3.0,-0.049,2.859,-0.001,0.048,6.905,0.012,-0.53
00:00:05.330,1572922048933,3.153,0.026,17.097,0.664,3.0,-0.048,2.911,0.0,0.05,6.9529999999999985,0.012,-0.53
00:00:05.377,1572922048980,3.127,0.026,17.097,0.664,3.0,-0.046,2.963,0.0,0.051,7.002000000000002,0.012,-0.53
00:00:05.378,1572922048981,3.1,0.025,17.097,0.664,3.0,-0.044,3.014,0.001,0.053,7.051,0.012,-0.53
00:00:05.379,1572922048982,3.071,0.024,17.097,0.664,3.0,-0.043,3.065,0.001,0.054000000000000006,7.102,0.012,-0.53
00:00:05.427,1572922049030,3.042,0.023,17.097,0.664,3.0,-0.041,3.1180000000000003,0.001,0.056,7.157,0.012,-0.53
00:00:05.428,1572922049031,3.017,0.021,17.097,0.664,3.0,-0.039,3.165,0.002,0.057,7.206,0.012,-0.53
00:00:05.429,1572922049032,2.992,0.02,17.097,0.664,3.0,-0.037000000000000005,3.215,0.002,0.058,7.258999999999999,0.012,-0.53
00:00:05.477,1572922049080,2.966,0.018000000000000002,17.097,0.664,3.0,-0.035,3.267,0.002,0.059,7.316,0.012,-0.53
00:00:05.478,1572922049081,2.944,0.017,17.097,0.664,3.0,-0.034,3.313,0.002,0.06,7.3679999999999986,0.012,-0.53
00:00:05.479,1572922049082,2.9210000000000003,0.015,17.097,0.664,3.0,-0.032,3.361,0.002,0.061,7.423999999999999,0.012,-0.53
00:00:05.527,1572922049130,2.898,0.014,17.097,0.664,3.0,-0.029,3.412,0.002,0.061,7.484,0.012,-0.53
00:00:05.528,1572922049131,2.878,0.013,17.097,0.664,3.0,-0.028,3.457,0.003,0.062,7.537000000000001,0.012,-0.529
00:00:05.529,1572922049132,2.857,0.012,17.097,0.664,3.0,-0.026,3.504,0.003,0.062,7.595,0.012,-0.529
00:00:05.580,1572922049183,2.8360000000000003,0.012,17.097,0.664,3.0,-0.024,3.551,0.003,0.062,7.654,0.012,-0.529
00:00:05.581,1572922049184,2.815,0.011,17.097,0.664,3.0,-0.022,3.5980000000000003,0.003,0.062,7.713999999999999,0.012,-0.529
00:00:05.582,1572922049185,2.794,0.011,17.097,0.664,3.0,-0.02,3.644,0.003,0.062,7.774,0.012,-0.529
00:00:05.631,1572922049234,2.772,0.01,17.097,0.664,3.0,-0.018000000000000002,3.693,0.003,0.062,7.838999999999999,0.012,-0.529
00:00:05.632,1572922049235,2.753,0.01,17.097,0.664,3.0,-0.017,3.736,0.003,0.061,7.897,0.012,-0.529
00:00:05.633,1572922049236,2.732,0.009000000000000001,17.097,0.664,3.0,-0.015,3.781,0.003,0.061,7.96,0.013,-0.529
00:00:05.682,1572922049285,2.7110000000000003,0.009000000000000001,17.097,0.664,3.0,-0.014,3.826,0.003,0.06,8.023,0.013,-0.529
00:00:05.683,1572922049286,2.6910000000000003,0.008,17.097,0.664,3.0,-0.012,3.87,0.003,0.06,8.087,0.013,-0.529
00:00:05.684,1572922049287,2.672,0.008,17.097,0.664,3.0,-0.011,3.915,0.003,0.059,8.152000000000001,0.013,-0.529
00:00:05.733,1572922049336,2.651,0.006999999999999999,17.097,0.664,3.0,-0.01,3.961,0.003,0.058,8.222000000000001,0.013,-0.529
00:00:05.734,1572922049337,2.634,0.006999999999999999,17.097,0.664,3.0,-0.008,4.002,0.003,0.058,8.283999999999999,0.013,-0.529
00:00:05.735,1572922049338,2.615,0.006999999999999999,17.097,0.664,3.0,-0.006999999999999999,4.046,0.003,0.057,8.351,0.013,-0.529
00:00:05.783,1572922049386,2.596,0.006,17.097,0.664,3.0,-0.006,4.091,0.003,0.056,8.423,0.013,-0.529
00:00:05.784,1572922049387,2.579,0.006,17.097,0.664,3.0,-0.005,4.131,0.003,0.055,8.487,0.013,-0.528
00:00:05.785,1572922049388,2.562,0.006,17.097,0.664,3.0,-0.004,4.174,0.003,0.055,8.557,0.013,-0.529
00:00:05.833,1572922049436,2.543,0.006,17.097,0.664,3.0,-0.004,4.2189999999999985,0.003,0.054000000000000006,8.631,0.013,-0.529
00:00:05.834,1572922049437,2.527,0.006999999999999999,17.097,0.664,3.0,-0.003,4.258,0.003,0.053,8.697000000000001,0.014,-0.529
00:00:05.835,1572922049438,2.51,0.006999999999999999,17.097,0.664,3.0,-0.002,4.299,0.003,0.053,8.767999999999999,0.014,-0.529
00:00:05.885,1572922049488,2.4930000000000003,0.006999999999999999,17.097,0.664,3.0,-0.001,4.341,0.003,0.052000000000000005,8.84,0.014,-0.529
00:00:05.886,1572922049489,2.476,0.006999999999999999,17.097,0.664,3.0,-0.001,4.382,0.003,0.052000000000000005,8.913,0.014,-0.529
00:00:05.887,1572922049490,2.46,0.006999999999999999,17.097,0.664,3.0,0.0,4.423,0.003,0.052000000000000005,8.987,0.014,-0.529
00:00:05.935,1572922049538,2.443,0.006,17.097,0.664,3.0,0.0,4.463,0.003,0.052000000000000005,9.061,0.014,-0.529
00:00:05.936,1572922049539,2.424,0.006,17.097,0.664,3.0,0.001,4.503,0.003,0.052000000000000005,9.135,0.014,-0.529
00:00:05.937,1572922049540,2.405,0.005,17.097,0.664,3.0,0.001,4.543,0.003,0.052000000000000005,9.211,0.014,-0.529
00:00:05.985,1572922049588,2.383,0.004,17.097,0.664,3.0,0.001,4.585,0.003,0.052000000000000005,9.291,0.015,-0.529
00:00:05.986,1572922049589,2.365,0.003,17.097,0.664,3.0,0.001,4.622,0.003,0.052000000000000005,9.363,0.015,-0.529
00:00:05.987,1572922049590,2.347,0.002,17.097,0.664,3.0,0.001,4.66,0.002,0.052000000000000005,9.441,0.015,-0.529
00:00:06.035,1572922049638,2.329,0.0,17.097,0.664,3.0,0.002,4.699,0.002,0.052000000000000005,9.519,0.015,-0.529
00:00:06.036,1572922049639,2.313,-0.002,17.097,0.664,3.0,0.002,4.737,0.002,0.053,9.597,0.015,-0.53
00:00:06.037,1572922049640,2.298,-0.004,17.097,0.664,3.0,0.001,4.776,0.002,0.053,9.677,0.015,-0.53
00:00:06.087,1572922049690,2.283,-0.006,17.097,0.664,3.0,0.001,4.816,0.002,0.054000000000000006,9.762,0.015,-0.53
00:00:06.088,1572922049691,2.269,-0.009000000000000001,17.097,0.664,3.0,0.001,4.851,0.001,0.054000000000000006,9.837,0.015,-0.53
00:00:06.089,1572922049692,2.255,-0.011,17.097,0.664,3.0,0.001,4.888,0.001,0.055,9.918,0.016,-0.53
00:00:06.143,1572922049746,2.24,-0.014,17.097,0.664,3.0,0.001,4.928,0.001,0.055,10.005,0.016,-0.53
00:00:06.144,1572922049747,2.227,-0.016,17.097,0.664,3.0,0.001,4.962,0.001,0.055,10.083,0.016,-0.53
00:00:06.145,1572922049748,2.213,-0.018000000000000002,17.097,0.664,3.0,0.001,4.999,0.0,0.056,10.166,0.016,-0.53
00:00:06.188,1572922049791,2.198,-0.019,17.097,0.664,3.0,0.001,5.038,0.0,0.056,10.254,0.016,-0.53
00:00:06.189,1572922049792,2.184,-0.021,17.097,0.664,3.0,0.001,5.074,-0.001,0.057,10.339,0.016,-0.53
00:00:06.190,1572922049793,2.172,-0.021,17.097,0.664,3.0,0.001,5.1080000000000005,-0.001,0.057,10.418,0.016,-0.53
00:00:06.238,1572922049841,2.158,-0.022,17.097,0.664,3.0,0.001,5.144,-0.001,0.058,10.504,0.016,-0.53
00:00:06.239,1572922049842,2.145,-0.022,17.097,0.664,3.0,0.001,5.1789999999999985,-0.001,0.058,10.59,0.016,-0.53
00:00:06.240,1572922049843,2.132,-0.022,17.097,0.664,3.0,0.001,5.215,-0.002,0.058,10.675999999999998,0.016,-0.53
00:00:06.288,1572922049891,2.119,-0.022,17.097,0.664,3.0,0.001,5.25,-0.002,0.059,10.764,0.016,-0.53
00:00:06.289,1572922049892,2.106,-0.021,17.097,0.664,3.0,0.0,5.285,-0.002,0.059,10.851,0.017,-0.53
00:00:06.290,1572922049893,2.093,-0.02,17.097,0.664,3.0,0.0,5.319,-0.002,0.059,10.94,0.017,-0.53
00:00:06.339,1572922049942,2.08,-0.019,17.097,0.664,3.0,0.0,5.356,-0.002,0.059,11.034,0.017,-0.53
00:00:06.340,1572922049943,2.068,-0.018000000000000002,17.097,0.664,3.0,0.0,5.388,-0.003,0.059,11.118,0.017,-0.53
00:00:06.341,1572922049944,2.056,-0.017,17.097,0.664,3.0,0.0,5.4220000000000015,-0.003,0.059,11.208,0.017,-0.53
00:00:06.392,1572922049995,2.043,-0.017,17.097,0.664,3.0,-0.001,5.4579999999999975,-0.003,0.059,11.305,0.017,-0.53
00:00:06.393,1572922049996,2.032,-0.016,17.097,0.664,3.0,-0.001,5.49,-0.003,0.059,11.39,0.017,-0.53
00:00:06.394,1572922049997,2.019,-0.015,17.097,0.664,3.0,-0.001,5.525,-0.003,0.059,11.488,0.017,-0.53
00:00:06.441,1572922050044,2.006,-0.015,17.097,0.664,3.0,-0.002,5.559,-0.003,0.059,11.58,0.017,-0.53
00:00:06.442,1572922050045,1.995,-0.015,17.097,0.664,3.0,-0.002,5.59,-0.003,0.059,11.667,0.017,-0.53
00:00:06.443,1572922050046,1.983,-0.015,17.097,0.664,3.0,-0.003,5.6229999999999976,-0.003,0.058,11.761,0.017,-0.53
00:00:06.494,1572922050097,1.972,-0.016,17.097,0.664,3.0,-0.003,5.657,-0.003,0.058,11.86,0.017,-0.53
00:00:06.495,1572922050098,1.962,-0.017,17.097,0.664,3.0,-0.004,5.688,-0.003,0.058,11.949000000000002,0.017,-0.53
00:00:06.496,1572922050099,1.952,-0.019,17.097,0.664,3.0,-0.005,5.72,-0.003,0.057,12.044,0.017,-0.53
00:00:06.497,1572922050100,1.941,-0.021,17.097,0.664,3.0,-0.006,5.755,-0.004,0.057,12.146,0.017,-0.53
00:00:06.544,1572922050147,1.931,-0.023,17.097,0.664,3.0,-0.006,5.787000000000001,-0.004,0.057,12.242,0.017,-0.53
00:00:06.545,1572922050148,1.922,-0.025,17.097,0.664,3.0,-0.006999999999999999,5.816,-0.004,0.056,12.333,0.017,-0.53
00:00:06.546,1572922050149,1.912,-0.028,17.097,0.664,3.0,-0.008,5.85,-0.004,0.056,12.436,0.017,-0.53
00:00:06.594,1572922050197,1.903,-0.031,17.097,0.664,3.0,-0.008,5.88,-0.005,0.055,12.528,0.017,-0.53
00:00:06.595,1572922050198,1.893,-0.033,17.097,0.664,3.0,-0.009000000000000001,5.9129999999999985,-0.005,0.055,12.632,0.017,-0.53
00:00:06.596,1572922050199,1.884,-0.035,17.097,0.664,3.0,-0.009000000000000001,5.943,-0.005,0.054000000000000006,12.725,0.017,-0.53
00:00:06.644,1572922050247,1.875,-0.037000000000000005,17.097,0.664,3.0,-0.01,5.974,-0.005,0.054000000000000006,12.824000000000002,0.017,-0.53
00:00:06.645,1572922050248,1.866,-0.038,17.097,0.664,3.0,-0.01,6.005,-0.006,0.054000000000000006,12.924,0.017,-0.53
00:00:06.646,1572922050249,1.856,-0.039,17.097,0.664,3.0,-0.01,6.037000000000001,-0.006,0.053,13.03,0.017,-0.53
00:00:06.694,1572922050297,1.846,-0.039,17.097,0.664,3.0,-0.01,6.066,-0.006,0.053,13.125,0.017,-0.53
00:00:06.695,1572922050298,1.833,-0.039,17.097,0.664,3.0,-0.01,6.096,-0.006,0.053,13.226,0.017,-0.53
00:00:06.696,1572922050299,1.818,-0.039,17.097,0.664,3.0,-0.01,6.127999999999999,-0.006999999999999999,0.052000000000000005,13.335,0.017,-0.53
00:00:06.744,1572922050347,1.803,-0.039,17.097,0.664,3.0,-0.01,6.158,-0.006999999999999999,0.052000000000000005,13.437,0.016,-0.53
00:00:06.745,1572922050348,1.7919999999999998,-0.039,17.097,0.664,3.0,-0.011,6.188,-0.006999999999999999,0.052000000000000005,13.54,0.016,-0.53
00:00:06.746,1572922050349,1.784,-0.039,17.097,0.664,3.0,-0.011,6.218,-0.006999999999999999,0.052000000000000005,13.643,0.016,-0.53
00:00:06.795,1572922050398,1.779,-0.038,17.097,0.664,3.0,-0.011,6.245,-0.006999999999999999,0.051,13.741,0.016,-0.53
00:00:06.796,1572922050399,1.774,-0.038,17.097,0.664,3.0,-0.011,6.277,-0.006999999999999999,0.051,13.851,0.016,-0.53
00:00:06.797,1572922050400,1.769,-0.038,17.097,0.664,3.0,-0.012,6.306,-0.006999999999999999,0.051,13.956,0.016,-0.53
00:00:06.849,1572922050452,1.765,-0.039,16.951,0.664,3.0,-0.012,6.334,-0.006999999999999999,0.051,14.055,0.016,-0.53
00:00:06.850,1572922050453,1.76,-0.039,16.951,0.664,3.0,-0.012,6.363,-0.006999999999999999,0.051,14.161,0.015,-0.53
00:00:06.851,1572922050454,1.7519999999999998,-0.038,16.951,0.664,3.0,-0.013,6.394,-0.006999999999999999,0.051,14.274,0.015,-0.53
00:00:06.899,1572922050502,1.743,-0.038,16.951,0.664,3.0,-0.013,6.421,-0.006999999999999999,0.051,14.374,0.015,-0.53
00:00:06.900,1572922050503,1.731,-0.038,16.951,0.664,3.0,-0.013,6.45,-0.008,0.051,14.481,0.015,-0.53
00:00:06.901,1572922050504,1.742,-0.037000000000000005,16.951,0.664,3.0,-0.014,6.481,-0.008,0.052000000000000005,14.595999999999998,0.014,-0.53
00:00:06.949,1572922050552,1.793,-0.037000000000000005,16.658,0.664,3.0,-0.014,6.5120000000000005,-0.008,0.052000000000000005,14.704,0.014,-0.531
00:00:06.950,1572922050553,1.845,-0.037000000000000005,16.658,0.664,3.0,-0.014,6.5429999999999975,-0.008,0.052000000000000005,14.813,0.014,-0.531
00:00:06.951,1572922050554,1.872,-0.036000000000000004,16.658,0.664,3.0,-0.015,6.573,-0.008,0.053,14.915,0.014,-0.531
00:00:06.999,1572922050602,1.873,-0.035,16.658,0.664,3.0,-0.015,6.604,-0.008,0.053,15.025,0.013,-0.531
00:00:07.000,1572922050603,1.851,-0.034,16.658,0.664,3.0,-0.015,6.636,-0.008,0.054000000000000006,15.142,0.013,-0.531
00:00:07.001,1572922050604,1.819,-0.034,16.658,0.664,3.0,-0.015,6.666,-0.008,0.054000000000000006,15.253,0.013,-0.531
00:00:07.051,1572922050654,1.784,-0.033,15.779000000000002,0.664,3.0,-0.015,6.693,-0.008,0.054000000000000006,15.357,0.013,-0.531
00:00:07.052,1572922050655,1.746,-0.032,15.779000000000002,0.664,3.0,-0.015,6.722,-0.006999999999999999,0.055,15.469,0.012,-0.531
00:00:07.053,1572922050656,1.696,-0.032,15.779000000000002,0.664,3.0,-0.016,6.751,-0.006999999999999999,0.055,15.589,0.012,-0.531
00:00:07.099,1572922050702,1.644,-0.032,15.779000000000002,0.664,3.0,-0.016,6.778,-0.006999999999999999,0.055,15.701,0.012,-0.531
00:00:07.100,1572922050703,1.598,-0.033,15.779000000000002,0.664,3.0,-0.016,6.8020000000000005,-0.006999999999999999,0.055,15.807,0.011,-0.531
00:00:07.101,1572922050704,1.5519999999999998,-0.033,15.779000000000002,0.664,3.0,-0.016,6.829,-0.006999999999999999,0.055,15.928,0.011,-0.531
00:00:07.149,1572922050752,1.521,-0.033,15.779000000000002,0.664,3.0,-0.016,6.852,-0.006999999999999999,0.055,16.035,0.011,-0.531
00:00:07.150,1572922050753,1.494,-0.034,15.779000000000002,0.664,3.0,-0.016,6.877999999999999,-0.006999999999999999,0.054000000000000006,16.157,0.01,-0.531
00:00:07.151,1572922050754,1.476,-0.035,15.779000000000002,0.664,3.0,-0.017,6.901,-0.006999999999999999,0.054000000000000006,16.264,0.01,-0.531
00:00:07.200,1572922050803,1.462,-0.035,15.779000000000002,0.664,3.0,-0.017,6.926,-0.006999999999999999,0.054000000000000006,16.379,0.009000000000000001,-0.531
00:00:07.201,1572922050804,1.45,-0.036000000000000004,15.779000000000002,0.664,3.0,-0.017,6.9510000000000005,-0.006999999999999999,0.054000000000000006,16.502,0.009000000000000001,-0.531
00:00:07.202,1572922050805,1.439,-0.036000000000000004,15.779000000000002,0.664,3.0,-0.017,6.975,-0.006999999999999999,0.053,16.618,0.009000000000000001,-0.531
00:00:07.250,1572922050853,1.43,-0.037000000000000005,15.779000000000002,0.664,3.0,-0.017,6.997000000000001,-0.006999999999999999,0.053,16.727999999999998,0.008,-0.531
00:00:07.251,1572922050854,1.421,-0.037000000000000005,15.779000000000002,0.664,3.0,-0.017,7.021,-0.006999999999999999,0.053,16.844,0.008,-0.531
00:00:07.252,1572922050855,1.41,-0.036000000000000004,15.779000000000002,0.664,3.0,-0.017,7.046,-0.006999999999999999,0.052000000000000005,16.969,0.006999999999999999,-0.531
00:00:07.300,1572922050903,1.4,-0.036000000000000004,15.779000000000002,0.664,3.0,-0.016,7.069,-0.006999999999999999,0.052000000000000005,17.086,0.006999999999999999,-0.531
00:00:07.301,1572922050904,1.391,-0.035,15.779000000000002,0.664,3.0,-0.016,7.09,-0.006999999999999999,0.051,17.197,0.006,-0.531
00:00:07.302,1572922050905,1.381,-0.034,15.779000000000002,0.664,3.0,-0.016,7.113,-0.006999999999999999,0.05,17.315,0.006,-0.531
00:00:07.353,1572922050956,1.372,-0.032,15.925,0.664,3.0,-0.015,7.136,-0.006999999999999999,0.05,17.434,0.005,-0.531
00:00:07.354,1572922050957,1.362,-0.029,15.925,0.664,3.0,-0.015,7.16,-0.006999999999999999,0.049,17.561,0.005,-0.531
00:00:07.355,1572922050958,1.354,-0.026,15.925,0.664,3.0,-0.014,7.184,-0.006999999999999999,0.048,17.688,0.004,-0.531
00:00:07.403,1572922051006,1.349,-0.023,15.925,0.664,3.0,-0.014,7.205,-0.006,0.047,17.8,0.004,-0.531
00:00:07.404,1572922051007,1.344,-0.02,15.925,0.664,3.0,-0.013,7.226,-0.006,0.047,17.913,0.003,-0.53
00:00:07.405,1572922051008,1.339,-0.015,15.925,0.664,3.0,-0.013,7.249,-0.006,0.046,18.041,0.003,-0.53
00:00:07.453,1572922051056,1.334,-0.011,15.925,0.664,3.0,-0.012,7.272,-0.005,0.045,18.162,0.002,-0.53
00:00:07.454,1572922051057,1.328,-0.006999999999999999,15.925,0.664,3.0,-0.012,7.292000000000002,-0.005,0.044,18.276,0.002,-0.53
00:00:07.455,1572922051058,1.3219999999999998,-0.003,15.925,0.664,3.0,-0.012,7.316,-0.004,0.043,18.405,0.001,-0.53
00:00:07.503,1572922051106,1.315,0.002,15.925,0.664,3.0,-0.011,7.3370000000000015,-0.004,0.042,18.527,0.001,-0.53
00:00:07.504,1572922051107,1.308,0.006,15.925,0.664,3.0,-0.011,7.359,-0.003,0.041,18.65,0.0,-0.53
00:00:07.505,1572922051108,1.301,0.009000000000000001,15.925,0.664,3.0,-0.011,7.381,-0.003,0.04,18.773,-0.001,-0.53
00:00:07.556,1572922051159,1.295,0.013,15.925,0.664,3.0,-0.011,7.402,-0.002,0.039,18.896,-0.001,-0.53
00:00:07.557,1572922051160,1.288,0.017,15.925,0.664,3.0,-0.01,7.423999999999999,-0.002,0.039,19.019,-0.002,-0.53
00:00:07.558,1572922051161,1.2819999999999998,0.02,15.925,0.664,3.0,-0.01,7.445,-0.001,0.038,19.143,-0.002,-0.53
00:00:07.605,1572922051208,1.277,0.024,15.925,0.664,3.0,-0.01,7.466,-0.001,0.037000000000000005,19.268,-0.003,-0.53
00:00:07.606,1572922051209,1.271,0.027000000000000003,15.925,0.664,3.0,-0.009000000000000001,7.487,0.0,0.037000000000000005,19.392,-0.003,-0.53
00:00:07.607,1572922051210,1.266,0.031,15.925,0.664,3.0,-0.009000000000000001,7.507999999999999,0.0,0.036000000000000004,19.517,-0.004,-0.53
00:00:07.657,1572922051260,1.261,0.034,15.925,0.664,3.0,-0.009000000000000001,7.529,0.001,0.036000000000000004,19.642,-0.004,-0.53
00:00:07.658,1572922051261,1.256,0.036000000000000004,15.925,0.664,3.0,-0.009000000000000001,7.55,0.001,0.035,19.768,-0.005,-0.531
00:00:07.659,1572922051262,1.251,0.038,15.925,0.664,3.0,-0.009000000000000001,7.5710000000000015,0.002,0.035,19.894,-0.005,-0.531
00:00:07.706,1572922051309,1.247,0.04,15.925,0.664,3.0,-0.009000000000000001,7.592,0.002,0.035,20.02,-0.006,-0.531
00:00:07.707,1572922051310,1.243,0.04,15.925,0.664,3.0,-0.009000000000000001,7.612,0.003,0.035,20.147,-0.006,-0.531
00:00:07.708,1572922051311,1.238,0.04,15.925,0.664,3.0,-0.009000000000000001,7.633999999999999,0.003,0.035,20.282,-0.006999999999999999,-0.531
00:00:07.756,1572922051359,1.235,0.04,15.925,0.664,3.0,-0.009000000000000001,7.653,0.003,0.035,20.402,-0.006999999999999999,-0.531
00:00:07.757,1572922051360,1.23,0.039,15.925,0.664,3.0,-0.009000000000000001,7.673999999999999,0.004,0.035,20.529,-0.008,-0.531
00:00:07.758,1572922051361,1.226,0.037000000000000005,15.925,0.664,3.0,-0.009000000000000001,7.694,0.004,0.035,20.657,-0.008,-0.531
00:00:07.807,1572922051410,1.223,0.036000000000000004,15.925,0.664,3.0,-0.008,7.715,0.004,0.036000000000000004,20.786,-0.008,-0.531
00:00:07.808,1572922051411,1.219,0.035,15.925,0.664,3.0,-0.008,7.735,0.004,0.036000000000000004,20.915,-0.009000000000000001,-0.531
00:00:07.809,1572922051412,1.215,0.035,15.925,0.664,3.0,-0.006999999999999999,7.755,0.004,0.036000000000000004,21.044,-0.009000000000000001,-0.531
00:00:07.856,1572922051459,1.212,0.035,16.145,0.664,3.0,-0.006999999999999999,7.775,0.004,0.036000000000000004,21.173,-0.01,-0.531
00:00:07.857,1572922051460,1.209,0.035,16.145,0.664,3.0,-0.006,7.795,0.004,0.037000000000000005,21.303,-0.01,-0.531
00:00:07.858,1572922051461,1.208,0.036000000000000004,16.145,0.664,3.0,-0.006,7.815,0.005,0.037000000000000005,21.433000000000003,-0.01,-0.531
00:00:07.908,1572922051511,1.209,0.036000000000000004,16.145,0.664,3.0,-0.005,7.836,0.005,0.037000000000000005,21.563,-0.011,-0.531
00:00:07.909,1572922051512,1.211,0.036000000000000004,16.145,0.664,3.0,-0.004,7.856,0.005,0.037000000000000005,21.69400000000001,-0.011,-0.531
00:00:07.910,1572922051513,1.212,0.036000000000000004,16.145,0.664,3.0,-0.004,7.876,0.005,0.038,21.825,-0.011,-0.531
00:00:07.959,1572922051562,1.213,0.036000000000000004,16.145,0.664,3.0,-0.004,7.896,0.005,0.038,21.957,-0.012,-0.531
00:00:07.960,1572922051563,1.212,0.036000000000000004,16.145,0.664,3.0,-0.003,7.916,0.005,0.038,22.088,-0.012,-0.531
00:00:07.961,1572922051564,1.21,0.035,16.145,0.664,3.0,-0.003,7.936,0.005,0.038,22.22,-0.012,-0.531
00:00:08.010,1572922051613,1.207,0.034,16.145,0.664,3.0,-0.002,7.957000000000002,0.005,0.039,22.353,-0.013,-0.531
00:00:08.011,1572922051614,1.204,0.034,16.145,0.664,3.0,-0.002,7.977,0.005,0.039,22.486,-0.013,-0.531
00:00:08.012,1572922051615,1.2009999999999998,0.033,16.145,0.664,3.0,-0.002,7.997000000000001,0.005,0.039,22.619,-0.013,-0.531
00:00:08.013,1572922051616,1.197,0.032,16.292,0.664,3.0,-0.001,8.016,0.005,0.039,22.752,-0.014,-0.531
00:00:08.060,1572922051663,1.194,0.032,16.292,0.664,3.0,-0.001,8.036,0.005,0.039,22.886,-0.014,-0.531
00:00:08.061,1572922051664,1.193,0.032,16.292,0.664,3.0,-0.001,8.056000000000001,0.005,0.039,23.02,-0.014,-0.531
00:00:08.062,1572922051665,1.193,0.032,16.292,0.664,3.0,0.0,8.076,0.005,0.04,23.155,-0.014,-0.531
00:00:08.112,1572922051715,1.194,0.032,16.292,0.664,3.0,0.0,8.096,0.005,0.04,23.289,-0.015,-0.531
00:00:08.113,1572922051716,1.194,0.032,16.292,0.664,3.0,0.0,8.117,0.005,0.04,23.433000000000003,-0.015,-0.531
00:00:08.114,1572922051717,1.193,0.033,16.438,0.664,3.0,0.001,8.136000000000001,0.005,0.04,23.56,-0.015,-0.531
00:00:08.162,1572922051765,1.192,0.033,16.438,0.664,3.0,0.001,8.156,0.005,0.04,23.696,-0.015,-0.531
00:00:08.163,1572922051766,1.192,0.033,16.438,0.664,3.0,0.001,8.176,0.005,0.04,23.832,-0.016,-0.531
00:00:08.164,1572922051767,1.193,0.034,16.438,0.664,3.0,0.002,8.195,0.005,0.04,23.968000000000004,-0.016,-0.531
00:00:08.212,1572922051815,1.193,0.034,16.438,0.664,3.0,0.002,8.215,0.005,0.04,24.105,-0.016,-0.531
00:00:08.220,1572922051823,1.193,0.035,16.438,0.664,3.0,0.002,8.235,0.005,0.04,24.242,-0.016,-0.531
00:00:08.221,1572922051824,1.192,0.035,16.438,0.664,3.0,0.002,8.255,0.005,0.04,24.379,-0.016,-0.531
00:00:08.263,1572922051866,1.1909999999999998,0.035,16.438,0.664,3.0,0.002,8.275,0.005,0.04,24.517,-0.017,-0.531
00:00:08.264,1572922051867,1.189,0.035,16.438,0.664,3.0,0.003,8.295,0.005,0.04,24.655,-0.017,-0.531
00:00:08.265,1572922051868,1.186,0.035,16.438,0.664,3.0,0.003,8.314,0.005,0.04,24.794,-0.017,-0.531
00:00:08.314,1572922051917,1.183,0.034,16.438,0.664,3.0,0.003,8.334,0.005,0.04,24.932,-0.017,-0.531
00:00:08.315,1572922051918,1.18,0.034,16.438,0.664,3.0,0.003,8.354,0.005,0.04,25.071,-0.017,-0.531
00:00:08.316,1572922051919,1.177,0.034,16.804000000000002,0.664,3.0,0.003,8.373,0.005,0.04,25.211,-0.017,-0.531
00:00:08.369,1572922051972,1.175,0.033,16.804000000000002,0.664,3.0,0.003,8.392999999999999,0.005,0.04,25.351,-0.018000000000000002,-0.531
00:00:08.370,1572922051973,1.177,0.033,16.804000000000002,0.664,3.0,0.003,8.412,0.005,0.039,25.491,-0.018000000000000002,-0.531
00:00:08.371,1572922051974,1.182,0.032,16.804000000000002,0.664,3.0,0.003,8.432,0.005,0.039,25.631,-0.018000000000000002,-0.531
00:00:08.419,1572922052022,1.187,0.032,16.804000000000002,0.664,3.0,0.003,8.452,0.005,0.039,25.772,-0.018000000000000002,-0.531
00:00:08.420,1572922052023,1.193,0.031,16.804000000000002,0.664,3.0,0.003,8.472000000000001,0.005,0.039,25.913,-0.018000000000000002,-0.531
00:00:08.421,1572922052024,1.196,0.031,16.951,0.664,3.0,0.003,8.492,0.005,0.039,26.054,-0.018000000000000002,-0.531
00:00:08.470,1572922052073,1.197,0.031,16.951,0.664,3.0,0.003,8.512,0.005,0.039,26.196,-0.018000000000000002,-0.531
00:00:08.471,1572922052074,1.198,0.031,16.951,0.664,3.0,0.004,8.532,0.005,0.039,26.338,-0.018000000000000002,-0.531
00:00:08.472,1572922052075,1.199,0.03,16.951,0.664,3.0,0.004,8.552,0.005,0.039,26.48,-0.018000000000000002,-0.531
00:00:08.519,1572922052122,1.199,0.03,16.951,0.664,3.0,0.004,8.572000000000001,0.005,0.04,26.623,-0.018000000000000002,-0.531
00:00:08.520,1572922052123,1.199,0.03,16.951,0.664,3.0,0.004,8.592,0.005,0.04,26.766,-0.018000000000000002,-0.531
00:00:08.521,1572922052124,1.198,0.03,17.463,0.664,3.0,0.004,8.612,0.004,0.04,26.909,-0.018000000000000002,-0.531
00:00:08.569,1572922052172,1.197,0.03,17.463,0.664,3.0,0.004,8.632,0.004,0.04,27.053,-0.018000000000000002,-0.531
00:00:08.570,1572922052173,1.2009999999999998,0.03,17.463,0.664,3.0,0.004,8.652000000000001,0.004,0.04,27.197,-0.018000000000000002,-0.531
00:00:08.571,1572922052174,1.209,0.03,17.463,0.664,3.0,0.004,8.672,0.004,0.04,27.341,-0.018000000000000002,-0.531
00:00:08.620,1572922052223,1.218,0.03,17.463,0.664,3.0,0.004,8.693,0.004,0.04,27.486,-0.018000000000000002,-0.531
00:00:08.621,1572922052224,1.226,0.03,17.463,0.664,3.0,0.004,8.713,0.004,0.041,27.631,-0.018000000000000002,-0.531
00:00:08.622,1572922052225,1.231,0.029,17.756,0.664,3.0,0.004,8.734,0.004,0.041,27.777,-0.018000000000000002,-0.531
00:00:08.671,1572922052274,1.234,0.029,17.756,0.664,3.0,0.004,8.754,0.004,0.041,27.922,-0.018000000000000002,-0.531
00:00:08.672,1572922052275,1.238,0.029,17.756,0.664,3.0,0.004,8.776,0.004,0.042,28.077,-0.018000000000000002,-0.531
00:00:08.673,1572922052276,1.241,0.029,17.756,0.664,3.0,0.004,8.796,0.004,0.042,28.215,-0.018000000000000002,-0.531
00:00:08.722,1572922052325,1.245,0.028,17.756,0.664,3.0,0.004,8.817,0.004,0.043,28.362,-0.018000000000000002,-0.531
00:00:08.723,1572922052326,1.248,0.028,17.756,0.664,3.0,0.004,8.837,0.004,0.043,28.509,-0.018000000000000002,-0.531
00:00:08.724,1572922052327,1.249,0.028,18.269,0.664,3.0,0.004,8.857999999999997,0.004,0.043,28.656,-0.018000000000000002,-0.531
00:00:08.773,1572922052376,1.249,0.028,18.269,0.664,3.0,0.004,8.879,0.004,0.044,28.804,-0.018000000000000002,-0.531
00:00:08.774,1572922052377,1.253,0.028,18.269,0.664,3.0,0.004,8.9,0.004,0.044,28.952,-0.018000000000000002,-0.531
00:00:08.775,1572922052378,1.261,0.028,18.269,0.664,3.0,0.004,8.921,0.004,0.045,29.101,-0.018000000000000002,-0.531
00:00:08.823,1572922052426,1.27,0.029,18.269,0.664,3.0,0.004,8.942,0.004,0.045,29.249,-0.018000000000000002,-0.531
00:00:08.824,1572922052427,1.278,0.029,18.269,0.664,3.0,0.004,8.964,0.004,0.046,29.399,-0.018000000000000002,-0.531
00:00:08.825,1572922052428,1.2819999999999998,0.029,18.928,0.664,3.0,0.004,8.985,0.004,0.046,29.548,-0.018000000000000002,-0.531
00:00:08.873,1572922052476,1.286,0.029,18.928,0.664,3.0,0.004,9.007,0.004,0.047,29.698,-0.017,-0.531
00:00:08.874,1572922052477,1.293,0.029,18.928,0.664,3.0,0.004,9.028,0.004,0.047,29.84800000000001,-0.017,-0.531
00:00:08.875,1572922052478,1.304,0.029,18.928,0.664,3.0,0.004,9.05,0.004,0.048,29.999,-0.017,-0.531
00:00:08.923,1572922052526,1.315,0.029,18.928,0.664,3.0,0.004,9.068,0.004,0.048,30.122,-0.017,-0.531
00:00:08.924,1572922052527,1.325,0.029,18.928,0.664,3.0,0.004,9.09,0.004,0.049,30.273000000000003,-0.017,-0.531
00:00:08.925,1572922052528,1.3330000000000002,0.03,18.928,0.664,3.0,0.004,9.113,0.004,0.049,30.425,-0.017,-0.531
00:00:08.973,1572922052576,1.336,0.031,19.295,0.664,3.0,0.004,9.135,0.004,0.05,30.577,-0.017,-0.531
00:00:08.974,1572922052577,1.34,0.032,19.295,0.664,3.0,0.004,9.157,0.004,0.05,30.729,-0.016,-0.531
00:00:08.975,1572922052578,1.345,0.034,19.295,0.664,3.0,0.004,9.18,0.004,0.051,30.882,-0.016,-0.531
00:00:09.025,1572922052628,1.35,0.035,19.295,0.664,3.0,0.004,9.203,0.004,0.051,31.035,-0.016,-0.531
00:00:09.026,1572922052629,1.354,0.037000000000000005,19.295,0.664,3.0,0.004,9.227,0.004,0.052000000000000005,31.199,-0.016,-0.531
00:00:09.027,1572922052630,1.356,0.038,19.295,0.664,3.0,0.004,9.248,0.004,0.052000000000000005,31.343000000000004,-0.016,-0.531
00:00:09.077,1572922052680,1.357,0.039,20.1,0.664,3.0,0.004,9.27,0.004,0.053,31.497,-0.015,-0.531
00:00:09.078,1572922052681,1.362,0.039,20.1,0.664,3.0,0.004,9.293,0.004,0.053,31.652,-0.015,-0.531
00:00:09.079,1572922052682,1.374,0.039,20.1,0.664,3.0,0.004,9.316,0.004,0.054000000000000006,31.807,-0.015,-0.531
00:00:09.127,1572922052730,1.388,0.039,20.1,0.664,3.0,0.004,9.34,0.004,0.054000000000000006,31.962,-0.015,-0.531
00:00:09.128,1572922052731,1.401,0.039,20.1,0.664,3.0,0.004,9.363,0.004,0.055,32.118,-0.014,-0.531
00:00:09.129,1572922052732,1.41,0.039,20.1,0.664,3.0,0.003,9.387,0.004,0.055,32.275,-0.014,-0.531
00:00:09.130,1572922052733,1.414,0.038,20.466,0.664,3.0,0.003,9.41,0.004,0.056,32.431,-0.014,-0.531
00:00:09.180,1572922052783,1.416,0.038,20.466,0.664,3.0,0.003,9.434,0.004,0.056,32.588,-0.013,-0.531
00:00:09.181,1572922052784,1.416,0.038,20.466,0.664,3.0,0.003,9.457,0.004,0.057,32.746,-0.013,-0.531
00:00:09.182,1572922052785,1.414,0.038,20.466,0.664,3.0,0.003,9.481,0.004,0.057,32.903,-0.013,-0.531
00:00:09.230,1572922052833,1.412,0.039,20.466,0.664,3.0,0.003,9.505,0.004,0.058,33.062,-0.012,-0.531
00:00:09.231,1572922052834,1.409,0.04,20.466,0.664,3.0,0.003,9.528,0.004,0.058,33.22,-0.012,-0.531
00:00:09.232,1572922052835,1.406,0.042,20.613000000000003,0.664,3.0,0.003,9.551,0.004,0.059,33.379,-0.012,-0.531
00:00:09.280,1572922052883,1.403,0.044,20.613000000000003,0.664,3.0,0.004,9.575,0.005,0.059,33.539,-0.011,-0.531
00:00:09.281,1572922052884,1.401,0.046,20.613000000000003,0.664,3.0,0.004,9.598,0.005,0.059,33.698,-0.011,-0.531
00:00:09.282,1572922052885,1.398,0.049,20.613000000000003,0.664,3.0,0.004,9.621,0.005,0.059,33.859,-0.011,-0.531
00:00:09.330,1572922052933,1.396,0.051,20.613000000000003,0.664,3.0,0.004,9.646,0.005,0.059,34.029,-0.01,-0.531
00:00:09.331,1572922052934,1.394,0.053,20.613000000000003,0.664,3.0,0.004,9.668,0.005,0.06,34.18,-0.01,-0.531
00:00:09.332,1572922052935,1.391,0.055,20.759,0.664,3.0,0.004,9.691,0.005,0.06,34.341,-0.009000000000000001,-0.531
00:00:09.381,1572922052984,1.389,0.055,20.759,0.664,3.0,0.003,9.715,0.005,0.06,34.513000000000005,-0.009000000000000001,-0.531
00:00:09.382,1572922052985,1.3869999999999998,0.056,20.759,0.664,3.0,0.003,9.737,0.006,0.06,34.665,-0.008,-0.531
00:00:09.383,1572922052986,1.385,0.055,20.759,0.664,3.0,0.003,9.76,0.006,0.06,34.828,-0.008,-0.531
00:00:09.432,1572922053035,1.383,0.055,20.759,0.664,3.0,0.003,9.785,0.006,0.06,35.001,-0.006999999999999999,-0.531
00:00:09.433,1572922053036,1.381,0.053,20.759,0.664,3.0,0.002,9.806,0.006,0.06,35.154,-0.006999999999999999,-0.531
00:00:09.434,1572922053037,1.378,0.052000000000000005,20.979,0.664,3.0,0.002,9.829,0.006,0.06,35.317,-0.006,-0.531
00:00:09.483,1572922053086,1.376,0.051,20.979,0.664,3.0,0.002,9.852,0.006,0.06,35.481,-0.006,-0.531
00:00:09.484,1572922053087,1.375,0.049,20.979,0.664,3.0,0.001,9.875,0.006,0.06,35.646,-0.005,-0.531
00:00:09.485,1572922053088,1.374,0.048,20.979,0.664,3.0,0.001,9.898,0.005,0.06,35.811,-0.004,-0.531
00:00:09.534,1572922053137,1.372,0.047,20.979,0.664,3.0,0.001,9.921,0.005,0.06,35.976,-0.004,-0.531
00:00:09.535,1572922053138,1.37,0.046,20.979,0.664,3.0,0.001,9.943,0.005,0.06,36.141,-0.003,-0.531
00:00:09.536,1572922053139,1.368,0.045,21.126,0.664,3.0,0.001,9.966,0.005,0.06,36.307,-0.003,-0.531
00:00:09.584,1572922053187,1.366,0.044,21.126,0.664,3.0,0.001,9.989,0.005,0.06,36.473,-0.002,-0.531
00:00:09.585,1572922053188,1.364,0.044,21.126,0.664,3.0,0.001,10.012,0.005,0.06,36.64,-0.001,-0.531
00:00:09.586,1572922053189,1.362,0.043,21.126,0.664,3.0,0.001,10.034,0.005,0.059,36.807,-0.001,-0.531
00:00:09.634,1572922053237,1.36,0.042,21.126,0.664,3.0,0.001,10.057,0.005,0.059,36.975,0.0,-0.531
00:00:09.635,1572922053238,1.358,0.042,21.126,0.664,3.0,0.001,10.08,0.004,0.059,37.142,0.001,-0.531
00:00:09.636,1572922053239,1.356,0.041,21.126,0.664,3.0,0.001,10.102,0.004,0.059,37.311,0.002,-0.531
00:00:09.687,1572922053290,1.3530000000000002,0.04,21.126,0.664,3.0,0.001,10.126,0.004,0.059,37.49,0.002,-0.531
00:00:09.688,1572922053291,1.35,0.039,21.126,0.664,3.0,0.001,10.147,0.004,0.059,37.648,0.003,-0.531
00:00:09.689,1572922053292,1.347,0.038,21.126,0.664,3.0,0.0,10.17,0.004,0.059,37.817,0.004,-0.531
00:00:09.738,1572922053341,1.344,0.036000000000000004,21.126,0.664,3.0,0.0,10.193,0.004,0.059,37.99800000000001,0.005,-0.531
00:00:09.739,1572922053342,1.342,0.034,21.126,0.664,3.0,0.0,10.214,0.004,0.059,38.157,0.005,-0.531
00:00:09.740,1572922053343,1.339,0.032,21.272,0.664,3.0,0.0,10.237,0.004,0.059,38.328,0.006,-0.531
00:00:09.789,1572922053392,1.336,0.03,21.272,0.664,3.0,0.0,10.26,0.003,0.059,38.509,0.006999999999999999,-0.531
00:00:09.790,1572922053393,1.335,0.029,21.272,0.664,3.0,0.0,10.281,0.003,0.058,38.67,0.008,-0.531
00:00:09.791,1572922053394,1.3330000000000002,0.027000000000000003,21.272,0.664,3.0,0.0,10.303,0.003,0.058,38.841,0.009000000000000001,-0.531
00:00:09.840,1572922053443,1.331,0.025,21.272,0.664,3.0,0.0,10.325,0.003,0.058,39.01300000000001,0.009000000000000001,-0.531
00:00:09.841,1572922053444,1.329,0.024,21.272,0.664,3.0,0.0,10.347,0.003,0.058,39.185,0.01,-0.531
00:00:09.842,1572922053445,1.327,0.022,21.492,0.664,3.0,0.0,10.37,0.003,0.058,39.358,0.011,-0.531
00:00:09.891,1572922053494,1.325,0.02,21.492,0.664,3.0,0.0,10.392,0.002,0.058,39.531,0.012,-0.531
00:00:09.892,1572922053495,1.324,0.018000000000000002,21.492,0.664,3.0,0.0,10.414,0.002,0.058,39.704,0.013,-0.531
00:00:09.893,1572922053496,1.3230000000000002,0.017,21.492,0.664,3.0,0.0,10.436,0.002,0.058,39.878,0.014,-0.531
00:00:09.943,1572922053546,1.3219999999999998,0.015,21.492,0.664,3.0,0.0,10.458,0.002,0.058,40.052,0.015,-0.531
00:00:09.944,1572922053547,1.32,0.013,21.492,0.664,3.0,-0.001,10.48,0.002,0.058,40.227,0.015,-0.531
00:00:09.945,1572922053548,1.318,0.011,21.492,0.664,3.0,-0.001,10.502,0.002,0.058,40.401,0.016,-0.531
00:00:09.993,1572922053596,1.3159999999999998,0.009000000000000001,21.492,0.664,3.0,-0.001,10.525,0.001,0.058,40.588,0.017,-0.531
00:00:09.994,1572922053597,1.314,0.006999999999999999,21.492,0.664,3.0,-0.001,10.545,0.001,0.058,40.752,0.018000000000000002,-0.531
00:00:09.995,1572922053598,1.311,0.005,21.492,0.664,3.0,-0.001,10.567,0.001,0.058,40.928,0.019,-0.531
00:00:10.051,1572922053654,1.308,0.003,21.492,0.664,3.0,-0.001,10.59,0.001,0.058,41.11600000000001,0.02,-0.531
00:00:10.052,1572922053655,1.305,0.001,21.492,0.664,3.0,-0.001,10.611,0.001,0.058,41.28100000000001,0.021,-0.531
00:00:10.053,1572922053656,1.3030000000000002,-0.001,21.931,0.664,3.0,-0.001,10.632,0.0,0.058,41.458,0.022,-0.531
00:00:10.054,1572922053657,1.301,-0.003,21.931,0.664,3.0,-0.001,10.655,0.0,0.058,41.647,0.023,-0.531
00:00:10.101,1572922053704,1.3019999999999998,-0.004,21.931,0.664,3.0,0.0,10.675999999999998,0.0,0.058,41.813,0.023,-0.531
00:00:10.102,1572922053705,1.3030000000000002,-0.006,21.931,0.664,3.0,0.0,10.697,0.0,0.058,41.99100000000001,0.024,-0.531
00:00:10.103,1572922053706,1.3030000000000002,-0.006999999999999999,21.931,0.664,3.0,0.0,10.719,0.0,0.058,42.17,0.025,-0.531
00:00:10.157,1572922053760,1.3030000000000002,-0.008,21.931,0.664,3.0,0.0,10.741,0.0,0.058,42.349,0.026,-0.531
00:00:10.158,1572922053761,1.3030000000000002,-0.008,22.44400000000001,0.664,3.0,0.0,10.763,-0.001,0.058,42.528,0.027000000000000003,-0.531
00:00:10.159,1572922053762,1.3030000000000002,-0.008,22.44400000000001,0.664,3.0,0.0,10.784,-0.001,0.058,42.707,0.028,-0.531
00:00:10.204,1572922053807,1.304,-0.006999999999999999,22.44400000000001,0.664,3.0,0.001,10.806,-0.001,0.058,42.887,0.029,-0.531
00:00:10.205,1572922053808,1.305,-0.006999999999999999,22.44400000000001,0.664,3.0,0.001,10.828,-0.001,0.058,43.06800000000001,0.03,-0.531
00:00:10.206,1572922053809,1.306,-0.006,22.44400000000001,0.664,3.0,0.001,10.85,-0.001,0.058,43.24800000000001,0.031,-0.531
00:00:10.254,1572922053857,1.307,-0.005,22.44400000000001,0.664,3.0,0.001,10.871,-0.001,0.058,43.429,0.031,-0.531
00:00:10.255,1572922053858,1.306,-0.004,22.44400000000001,0.664,3.0,0.001,10.893,0.0,0.059,43.611,0.032,-0.531
00:00:10.256,1572922053859,1.304,-0.004,22.44400000000001,0.664,3.0,0.001,10.915,0.0,0.059,43.792,0.033,-0.531
00:00:10.304,1572922053907,1.3019999999999998,-0.004,22.44400000000001,0.664,3.0,0.001,10.937,0.0,0.059,43.975,0.034,-0.531
00:00:10.305,1572922053908,1.2990000000000002,-0.004,22.44400000000001,0.664,3.0,0.001,10.958,0.0,0.059,44.157,0.035,-0.531
00:00:10.306,1572922053909,1.296,-0.005,22.44400000000001,0.664,3.0,0.001,10.978,0.0,0.059,44.328,0.036000000000000004,-0.531
00:00:10.355,1572922053958,1.294,-0.005,22.44400000000001,0.664,3.0,0.001,10.999,0.0,0.059,44.5,0.037000000000000005,-0.531
00:00:10.356,1572922053959,1.291,-0.005,22.957,0.664,3.0,0.001,11.02,0.0,0.059,44.684,0.038,-0.531
00:00:10.357,1572922053960,1.29,-0.006,22.957,0.664,3.0,0.001,11.043,0.0,0.059,44.879,0.039,-0.531
00:00:10.405,1572922054008,1.291,-0.006,22.957,0.664,3.0,0.001,11.063,0.0,0.059,45.052,0.039,-0.531
00:00:10.406,1572922054009,1.293,-0.006,22.957,0.664,3.0,0.001,11.085,0.0,0.059,45.236,0.04,-0.531
00:00:10.407,1572922054010,1.295,-0.006999999999999999,22.957,0.664,3.0,0.001,11.106,0.0,0.06,45.42100000000001,0.041,-0.532
00:00:10.455,1572922054058,1.296,-0.006999999999999999,22.957,0.664,3.0,0.001,11.128,0.0,0.06,45.606,0.042,-0.532
00:00:10.456,1572922054059,1.296,-0.006999999999999999,22.957,0.664,3.0,0.001,11.149,0.0,0.06,45.792,0.043,-0.532
00:00:10.457,1572922054060,1.295,-0.006999999999999999,22.957,0.664,3.0,0.001,11.171,0.0,0.06,45.978,0.044,-0.532
00:00:10.505,1572922054108,1.293,-0.006999999999999999,22.957,0.664,3.0,0.001,11.193,0.0,0.06,46.164,0.045,-0.532
00:00:10.506,1572922054109,1.291,-0.008,22.957,0.664,3.0,0.001,11.214,-0.001,0.06,46.351000000000006,0.046,-0.532
00:00:10.507,1572922054110,1.288,-0.008,22.957,0.664,3.0,0.001,11.237,-0.001,0.06,46.55,0.047,-0.532
00:00:10.560,1572922054163,1.286,-0.008,22.957,0.664,3.0,0.001,11.257,-0.001,0.06,46.726000000000006,0.047,-0.532
00:00:10.561,1572922054164,1.283,-0.008,22.957,0.664,3.0,0.001,11.278,-0.001,0.06,46.913,0.048,-0.532
00:00:10.562,1572922054165,1.281,-0.008,22.957,0.664,3.0,0.001,11.3,-0.001,0.06,47.102,0.049,-0.532
00:00:10.607,1572922054210,1.279,-0.009000000000000001,22.957,0.664,3.0,0.001,11.321,-0.001,0.06,47.29,0.05,-0.532
00:00:10.608,1572922054211,1.277,-0.009000000000000001,22.957,0.664,3.0,0.001,11.342,-0.001,0.06,47.479,0.051,-0.532
00:00:10.609,1572922054212,1.274,-0.009000000000000001,22.957,0.664,3.0,0.001,11.365,-0.001,0.06,47.68,0.052000000000000005,-0.532
00:00:10.658,1572922054261,1.273,-0.01,22.957,0.664,3.0,0.001,11.384,-0.001,0.06,47.858,0.053,-0.532
00:00:10.659,1572922054262,1.271,-0.01,22.957,0.664,3.0,0.001,11.406,-0.001,0.06,48.048,0.054000000000000006,-0.532
00:00:10.660,1572922054263,1.268,-0.011,22.957,0.664,3.0,0.001,11.428,-0.001,0.061,48.25,0.055,-0.532
00:00:10.713,1572922054316,1.266,-0.012,22.957,0.664,3.0,0.001,11.448,-0.001,0.061,48.429,0.055,-0.532
00:00:10.714,1572922054317,1.264,-0.014,22.957,0.664,3.0,0.001,11.469,-0.001,0.061,48.619,0.056,-0.532
00:00:10.715,1572922054318,1.262,-0.015,22.957,0.664,3.0,0.0,11.491,-0.001,0.061,48.823,0.057,-0.532
00:00:10.716,1572922054319,1.26,-0.017,22.957,0.664,3.0,0.0,11.511,-0.001,0.06,49.002,0.058,-0.532
00:00:10.763,1572922054366,1.258,-0.019,22.957,0.664,3.0,0.0,11.532,-0.001,0.06,49.195,0.059,-0.532
00:00:10.764,1572922054367,1.256,-0.021,22.957,0.664,3.0,0.0,11.553,-0.001,0.06,49.387,0.06,-0.532
00:00:10.765,1572922054368,1.254,-0.023,22.957,0.664,3.0,0.0,11.574000000000002,-0.002,0.06,49.58,0.061,-0.532
00:00:10.813,1572922054416,1.252,-0.025,22.957,0.664,3.0,0.0,11.594,-0.002,0.06,49.773,0.062,-0.532
00:00:10.814,1572922054417,1.25,-0.026,22.957,0.664,3.0,0.0,11.617,-0.002,0.06,49.978,0.062,-0.532
00:00:10.815,1572922054418,1.248,-0.027000000000000003,22.957,0.664,3.0,0.001,11.636,-0.002,0.06,50.16,0.063,-0.532
00:00:10.863,1572922054466,1.246,-0.027000000000000003,22.957,0.664,3.0,0.001,11.657,-0.002,0.06,50.354,0.064,-0.532
00:00:10.864,1572922054467,1.244,-0.027000000000000003,22.957,0.664,3.0,0.001,11.679,-0.002,0.06,50.56100000000001,0.065,-0.532
00:00:10.865,1572922054468,1.242,-0.027000000000000003,22.957,0.664,3.0,0.001,11.698,-0.002,0.06,50.743,0.066,-0.532
00:00:10.914,1572922054517,1.24,-0.027000000000000003,22.957,0.664,3.0,0.001,11.719,-0.002,0.06,50.938,0.067,-0.532
00:00:10.915,1572922054518,1.238,-0.027000000000000003,22.957,0.664,3.0,0.002,11.741,-0.002,0.06,51.146,0.067,-0.532
00:00:10.916,1572922054519,1.236,-0.027000000000000003,22.957,0.664,3.0,0.002,11.76,-0.002,0.06,51.33,0.068,-0.532
00:00:10.969,1572922054572,1.234,-0.027000000000000003,22.957,0.664,3.0,0.002,11.782,-0.002,0.06,51.538,0.069,-0.532
00:00:10.970,1572922054573,1.232,-0.028,22.957,0.664,3.0,0.002,11.800999999999998,-0.002,0.06,51.722,0.07,-0.532
00:00:10.971,1572922054574,1.23,-0.028,22.957,0.664,3.0,0.002,11.821,-0.002,0.06,51.919,0.071,-0.532
00:00:11.016,1572922054619,1.228,-0.029,22.957,0.664,3.0,0.002,11.842,-0.002,0.06,52.11600000000001,0.071,-0.532
00:00:11.017,1572922054620,1.226,-0.03,22.957,0.664,3.0,0.002,11.864,-0.002,0.06,52.326,0.07200000000000001,-0.532
00:00:11.018,1572922054621,1.224,-0.031,22.957,0.664,3.0,0.002,11.883,-0.002,0.059,52.512,0.073,-0.532
00:00:11.067,1572922054670,1.222,-0.032,22.957,0.664,3.0,0.002,11.903,-0.002,0.059,52.71,0.07400000000000001,-0.532
00:00:11.068,1572922054671,1.22,-0.034,22.957,0.664,3.0,0.002,11.925,-0.002,0.059,52.92100000000001,0.07400000000000001,-0.532
00:00:11.069,1572922054672,1.218,-0.035,22.957,0.664,3.0,0.002,11.945,-0.002,0.059,53.12,0.075,-0.532
00:00:11.119,1572922054722,1.216,-0.037000000000000005,22.957,0.664,3.0,0.002,11.964,-0.002,0.059,53.307,0.076,-0.532
00:00:11.120,1572922054723,1.214,-0.039,22.957,0.664,3.0,0.002,11.984000000000002,-0.002,0.059,53.506,0.077,-0.532
00:00:11.121,1572922054724,1.212,-0.041,22.957,0.664,3.0,0.002,12.004,-0.002,0.059,53.706,0.077,-0.532
00:00:11.169,1572922054772,1.21,-0.042,22.957,0.664,3.0,0.002,12.024,-0.002,0.059,53.90600000000001,0.078,-0.532
00:00:11.170,1572922054773,1.209,-0.044,22.957,0.664,3.0,0.002,12.044,-0.003,0.059,54.107,0.079,-0.532
00:00:11.171,1572922054774,1.207,-0.045,22.957,0.664,3.0,0.002,12.065,-0.003,0.059,54.308,0.079,-0.532
00:00:11.224,1572922054827,1.205,-0.045,22.957,0.664,3.0,0.003,12.085,-0.003,0.059,54.50899999999999,0.08,-0.532
00:00:11.225,1572922054828,1.203,-0.046,22.957,0.664,3.0,0.003,12.106,-0.003,0.059,54.723,0.081,-0.532
00:00:11.226,1572922054829,1.2009999999999998,-0.046,22.957,0.664,3.0,0.003,12.125,-0.003,0.059,54.913,0.081,-0.532
00:00:11.270,1572922054873,1.199,-0.046,22.957,0.664,3.0,0.003,12.145,-0.003,0.059,55.115,0.08199999999999999,-0.532
00:00:11.271,1572922054874,1.197,-0.046,22.957,0.664,3.0,0.004,12.166,-0.003,0.059,55.33,0.083,-0.532
00:00:11.272,1572922054875,1.195,-0.046,22.957,0.664,3.0,0.004,12.186,-0.003,0.059,55.533,0.083,-0.532
00:00:11.320,1572922054923,1.193,-0.046,22.957,0.664,3.0,0.004,12.205,-0.003,0.059,55.736,0.084,-0.532
00:00:11.321,1572922054924,1.189,-0.046,22.957,0.664,3.0,0.004,12.226,-0.003,0.059,55.953,0.085,-0.532
00:00:11.322,1572922054925,1.187,-0.046,22.957,0.664,3.0,0.004,12.244000000000002,-0.003,0.059,56.131,0.085,-0.532
00:00:11.372,1572922054975,1.1840000000000002,-0.047,22.957,0.664,3.0,0.004,12.265,-0.003,0.059,56.348,0.086,-0.532
00:00:11.373,1572922054976,1.182,-0.047,22.957,0.664,3.0,0.005,12.284,-0.003,0.059,56.553,0.086,-0.532
00:00:11.374,1572922054977,1.181,-0.047,22.957,0.664,3.0,0.005,12.303,-0.003,0.059,56.745,0.087,-0.532
00:00:11.422,1572922055025,1.18,-0.048,22.957,0.664,3.0,0.005,12.322,-0.003,0.058,56.95,0.087,-0.532
00:00:11.423,1572922055026,1.179,-0.048,22.957,0.664,3.0,0.005,12.343,-0.003,0.058,57.168,0.08800000000000001,-0.532
00:00:11.424,1572922055027,1.178,-0.048,22.957,0.664,3.0,0.005,12.363,-0.003,0.058,57.374,0.08800000000000001,-0.532
00:00:11.475,1572922055078,1.176,-0.048,22.957,0.664,3.0,0.005,12.380999999999998,-0.003,0.058,57.567,0.08900000000000001,-0.532
00:00:11.476,1572922055079,1.175,-0.048,22.957,0.664,3.0,0.005,12.402,-0.002,0.058,57.787,0.08900000000000001,-0.532
00:00:11.477,1572922055080,1.1740000000000002,-0.048,22.957,0.664,3.0,0.005,12.42,-0.002,0.058,57.981,0.09,-0.532
00:00:11.525,1572922055128,1.172,-0.048,22.957,0.664,3.0,0.005,12.441,-0.002,0.058,58.201,0.09,-0.532
00:00:11.526,1572922055129,1.171,-0.048,22.957,0.664,3.0,0.006,12.459,-0.002,0.058,58.396,0.091,-0.532
00:00:11.527,1572922055130,1.17,-0.047,22.957,0.664,3.0,0.006,12.479,-0.002,0.058,58.603,0.091,-0.532
00:00:11.575,1572922055178,1.169,-0.047,22.957,0.664,3.0,0.006,12.498,-0.002,0.058,58.81100000000001,0.091,-0.532
00:00:11.576,1572922055179,1.168,-0.047,22.957,0.664,3.0,0.006,12.519,-0.002,0.058,59.033,0.092,-0.532
00:00:11.577,1572922055180,1.167,-0.046,22.957,0.664,3.0,0.006,12.537,-0.002,0.058,59.229,0.092,-0.532
00:00:11.626,1572922055229,1.166,-0.045,22.957,0.664,3.0,0.006,12.557,-0.002,0.058,59.438,0.093,-0.532
00:00:11.627,1572922055230,1.165,-0.044,22.957,0.664,3.0,0.006,12.577,-0.002,0.058,59.66,0.093,-0.532
00:00:11.628,1572922055231,1.164,-0.042,22.957,0.664,3.0,0.006999999999999999,12.597,-0.002,0.058,59.87,0.093,-0.532
00:00:11.629,1572922055232,1.164,-0.04,22.957,0.664,3.0,0.006999999999999999,12.616,-0.002,0.058,60.08,0.094,-0.532
00:00:11.679,1572922055282,1.163,-0.038,22.957,0.664,3.0,0.006999999999999999,12.635,-0.002,0.058,60.291,0.094,-0.532
00:00:11.680,1572922055283,1.162,-0.035,22.957,0.664,3.0,0.006999999999999999,12.654000000000002,-0.002,0.058,60.488,0.094,-0.532
00:00:11.681,1572922055284,1.161,-0.032,22.957,0.664,3.0,0.006999999999999999,12.674,-0.001,0.058,60.713,0.095,-0.532
00:00:11.729,1572922055332,1.16,-0.029,22.957,0.664,3.0,0.008,12.693,-0.001,0.058,60.924,0.095,-0.532
00:00:11.730,1572922055333,1.16,-0.026,22.957,0.664,3.0,0.008,12.713,-0.001,0.058,61.136,0.095,-0.532
00:00:11.731,1572922055334,1.159,-0.024,22.957,0.664,3.0,0.008,12.731,-0.001,0.058,61.334,0.096,-0.532
00:00:11.780,1572922055383,1.158,-0.021,22.957,0.664,3.0,0.008,12.751,-0.001,0.058,61.56,0.096,-0.532
00:00:11.781,1572922055384,1.157,-0.019,22.957,0.664,3.0,0.006999999999999999,12.771,0.0,0.058,61.773,0.096,-0.532
00:00:11.782,1572922055385,1.157,-0.018000000000000002,22.957,0.664,3.0,0.006999999999999999,12.789,0.0,0.058,61.972,0.096,-0.532
00:00:11.830,1572922055433,1.156,-0.017,22.957,0.664,3.0,0.006999999999999999,12.809,0.0,0.058,62.199,0.097,-0.532
00:00:11.831,1572922055434,1.155,-0.017,22.957,0.664,3.0,0.006,12.828,0.0,0.058,62.413,0.097,-0.532
00:00:11.832,1572922055435,1.154,-0.017,22.957,0.664,3.0,0.006,12.848,0.0,0.058,62.627,0.097,-0.532
00:00:11.880,1572922055483,1.154,-0.018000000000000002,22.957,0.664,3.0,0.006,12.866,0.0,0.058,62.828,0.098,-0.532
00:00:11.881,1572922055484,1.153,-0.018000000000000002,22.957,0.664,3.0,0.006,12.885,0.0,0.058,63.042,0.098,-0.532
00:00:11.882,1572922055485,1.152,-0.019,22.957,0.664,3.0,0.005,12.905,0.0,0.058,63.271,0.098,-0.532
00:00:11.930,1572922055533,1.151,-0.019,22.957,0.664,3.0,0.005,12.924,0.0,0.058,63.486,0.098,-0.532
00:00:11.931,1572922055534,1.151,-0.018000000000000002,22.957,0.664,3.0,0.005,12.944,0.0,0.058,63.701,0.099,-0.532
00:00:11.932,1572922055535,1.15,-0.018000000000000002,22.957,0.664,3.0,0.005,12.962,0.0,0.058,63.904,0.099,-0.532
00:00:11.981,1572922055584,1.149,-0.017,22.957,0.664,3.0,0.005,12.982,-0.001,0.058,64.133,0.099,-0.532
00:00:11.982,1572922055585,1.148,-0.017,22.957,0.664,3.0,0.005,13.001,-0.001,0.058,64.35,0.099,-0.532
00:00:11.983,1572922055586,1.147,-0.016,22.957,0.664,3.0,0.005,13.02,-0.001,0.058,64.567,0.1,-0.532
00:00:12.032,1572922055635,1.147,-0.015,22.957,0.664,3.0,0.005,13.039,-0.001,0.059,64.78399999999999,0.1,-0.532
00:00:12.033,1572922055636,1.146,-0.015,22.957,0.664,3.0,0.005,13.058,-0.001,0.059,65.001,0.1,-0.532
00:00:12.034,1572922055637,1.145,-0.015,22.957,0.664,3.0,0.004,13.077,-0.001,0.059,65.219,0.1,-0.532
00:00:12.083,1572922055686,1.144,-0.014,22.957,0.664,3.0,0.004,13.095999999999998,-0.001,0.059,65.437,0.101,-0.532
00:00:12.084,1572922055687,1.144,-0.014,22.957,0.664,3.0,0.004,13.115,-0.001,0.059,65.656,0.101,-0.532
00:00:12.085,1572922055688,1.143,-0.014,22.957,0.664,3.0,0.004,13.135,-0.001,0.059,65.875,0.101,-0.532
00:00:12.135,1572922055738,1.142,-0.013,22.957,0.664,3.0,0.004,13.154000000000002,-0.001,0.059,66.094,0.101,-0.532
00:00:12.136,1572922055739,1.141,-0.013,22.957,0.664,3.0,0.004,13.173,-0.001,0.059,66.313,0.101,-0.532
00:00:12.137,1572922055740,1.141,-0.011,22.957,0.664,3.0,0.004,13.192,-0.001,0.059,66.533,0.102,-0.532
00:00:12.185,1572922055788,1.14,-0.01,22.957,0.664,3.0,0.005,13.211,0.0,0.059,66.753,0.102,-0.532
00:00:12.186,1572922055789,1.139,-0.006999999999999999,22.957,0.664,3.0,0.005,13.23,0.0,0.059,66.973,0.102,-0.532
00:00:12.187,1572922055790,1.138,-0.004,22.957,0.664,3.0,0.005,13.248,0.0,0.059,67.194,0.102,-0.532
00:00:12.235,1572922055838,1.138,0.0,22.957,0.664,3.0,0.005,13.267,0.0,0.059,67.415,0.102,-0.532
00:00:12.236,1572922055839,1.137,0.005,22.957,0.664,3.0,0.005,13.286,0.0,0.059,67.63600000000001,0.103,-0.532
00:00:12.237,1572922055840,1.136,0.009000000000000001,22.957,0.664,3.0,0.006,13.305,0.001,0.059,67.858,0.103,-0.532
00:00:12.285,1572922055888,1.135,0.014,22.957,0.664,3.0,0.005,13.325,0.001,0.059,68.093,0.103,-0.532
00:00:12.286,1572922055889,1.135,0.017,22.957,0.664,3.0,0.005,13.343,0.001,0.059,68.30199999999999,0.103,-0.532
00:00:12.287,1572922055890,1.134,0.02,22.957,0.664,3.0,0.005,13.362,0.002,0.059,68.524,0.103,-0.532
00:00:12.335,1572922055938,1.133,0.022,22.957,0.664,3.0,0.004,13.380999999999998,0.002,0.059,68.747,0.104,-0.532
00:00:12.336,1572922055939,1.132,0.023,22.957,0.664,3.0,0.004,13.4,0.002,0.059,68.97,0.104,-0.532
00:00:12.337,1572922055940,1.132,0.022,22.957,0.664,3.0,0.003,13.419,0.002,0.06,69.194,0.104,-0.532
00:00:12.386,1572922055989,1.131,0.022,22.957,0.664,3.0,0.003,13.437,0.002,0.06,69.418,0.104,-0.532
00:00:12.387,1572922055990,1.13,0.02,22.957,0.664,3.0,0.002,13.456,0.002,0.06,69.642,0.105,-0.532
00:00:12.388,1572922055991,1.129,0.019,22.957,0.664,3.0,0.001,13.475,0.002,0.06,69.866,0.105,-0.532
00:00:12.437,1572922056040,1.129,0.018000000000000002,22.957,0.664,3.0,0.001,13.494000000000002,0.002,0.06,70.09100000000001,0.105,-0.532
00:00:12.438,1572922056041,1.128,0.017,22.957,0.664,3.0,0.001,13.513,0.001,0.06,70.316,0.105,-0.532
00:00:12.439,1572922056042,1.127,0.016,22.957,0.664,3.0,0.0,13.531,0.001,0.06,70.541,0.106,-0.532
00:00:12.488,1572922056091,1.126,0.017,22.957,0.664,3.0,0.0,13.55,0.001,0.06,70.767,0.106,-0.532
00:00:12.489,1572922056092,1.126,0.017,22.957,0.664,3.0,0.0,13.569,0.001,0.06,70.993,0.106,-0.532
00:00:12.490,1572922056093,1.125,0.018000000000000002,22.957,0.664,3.0,0.0,13.588,0.001,0.06,71.219,0.106,-0.532
00:00:12.538,1572922056141,1.124,0.019,22.957,0.664,3.0,0.0,13.606,0.001,0.06,71.446,0.107,-0.532
00:00:12.539,1572922056142,1.123,0.02,22.957,0.664,3.0,-0.001,13.625,0.0,0.059,71.673,0.107,-0.532
00:00:12.540,1572922056143,1.123,0.021,22.957,0.664,3.0,-0.001,13.644,0.0,0.059,71.9,0.107,-0.532
00:00:12.589,1572922056192,1.122,0.022,22.957,0.664,3.0,-0.001,13.664,0.0,0.059,72.142,0.108,-0.532
00:00:12.590,1572922056193,1.121,0.022,22.957,0.664,3.0,-0.001,13.681,0.0,0.059,72.355,0.108,-0.532
00:00:12.591,1572922056194,1.12,0.022,22.957,0.664,3.0,-0.001,13.7,0.0,0.059,72.584,0.108,-0.532
00:00:12.639,1572922056242,1.12,0.021,22.957,0.664,3.0,-0.001,13.72,0.0,0.059,72.82600000000002,0.109,-0.532
00:00:12.640,1572922056243,1.119,0.02,22.957,0.664,3.0,-0.002,13.737,0.0,0.059,73.041,0.109,-0.532
00:00:12.641,1572922056244,1.118,0.018000000000000002,22.957,0.664,3.0,-0.002,13.755999999999998,0.0,0.059,73.27,0.109,-0.532
00:00:12.689,1572922056292,1.118,0.017,22.957,0.664,3.0,-0.002,13.774,0.0,0.06,73.499,0.11,-0.532
00:00:12.690,1572922056293,1.117,0.015,22.957,0.664,3.0,-0.002,13.793,0.0,0.06,73.729,0.11,-0.532
00:00:12.691,1572922056294,1.116,0.013,22.957,0.664,3.0,-0.002,13.812,0.0,0.06,73.959,0.11,-0.532
00:00:12.744,1572922056347,1.115,0.011,22.957,0.664,3.0,-0.002,13.83,0.0,0.06,74.19,0.111,-0.532
00:00:12.745,1572922056348,1.115,0.009000000000000001,22.957,0.664,3.0,-0.003,13.849,0.0,0.06,74.42,0.111,-0.532
00:00:12.746,1572922056349,1.114,0.006999999999999999,22.957,0.664,3.0,-0.003,13.867,-0.001,0.06,74.65100000000002,0.112,-0.532
00:00:12.747,1572922056350,1.113,0.005,22.957,0.664,3.0,-0.003,13.886,-0.001,0.06,74.882,0.112,-0.532
00:00:12.795,1572922056398,1.112,0.003,22.957,0.664,3.0,-0.003,13.904000000000002,-0.001,0.06,75.11399999999998,0.112,-0.532
00:00:12.796,1572922056399,1.112,0.001,22.957,0.664,3.0,-0.003,13.923,-0.001,0.06,75.346,0.113,-0.532
00:00:12.797,1572922056400,1.111,-0.001,22.957,0.664,3.0,-0.003,13.941,-0.001,0.06,75.578,0.113,-0.532
00:00:12.846,1572922056449,1.11,-0.002,22.957,0.664,3.0,-0.002,13.96,-0.001,0.06,75.811,0.113,-0.532
00:00:12.847,1572922056450,1.11,-0.003,22.957,0.664,3.0,-0.002,13.978,-0.001,0.06,76.043,0.114,-0.532
00:00:12.848,1572922056451,1.109,-0.004,22.957,0.664,3.0,-0.002,13.997,-0.001,0.06,76.277,0.114,-0.532
00:00:12.897,1572922056500,1.108,-0.004,22.957,0.664,3.0,-0.002,14.015,-0.001,0.06,76.51,0.114,-0.532
00:00:12.898,1572922056501,1.108,-0.004,22.957,0.664,3.0,-0.002,14.034,-0.001,0.06,76.744,0.115,-0.532
00:00:12.899,1572922056502,1.107,-0.005,22.957,0.664,3.0,-0.002,14.053,-0.001,0.06,76.992,0.115,-0.532
00:00:12.947,1572922056550,1.106,-0.005,22.957,0.664,3.0,-0.002,14.071,-0.001,0.06,77.212,0.116,-0.532
00:00:12.948,1572922056551,1.106,-0.005,22.957,0.664,3.0,-0.001,14.089,-0.001,0.06,77.447,0.116,-0.532
00:00:12.949,1572922056552,1.105,-0.005,22.957,0.664,3.0,-0.001,14.107,-0.001,0.06,77.682,0.116,-0.532
00:00:12.997,1572922056600,1.105,-0.006,22.957,0.664,3.0,-0.001,14.126,-0.001,0.06,77.917,0.117,-0.532
00:00:12.998,1572922056601,1.104,-0.006,22.957,0.664,3.0,-0.001,14.144,0.0,0.06,78.153,0.117,-0.532
00:00:12.999,1572922056602,1.104,-0.006999999999999999,22.957,0.664,3.0,-0.001,14.163,0.0,0.06,78.389,0.117,-0.532
00:00:13.047,1572922056650,1.103,-0.006999999999999999,22.957,0.664,3.0,-0.001,14.181,0.0,0.06,78.625,0.118,-0.532
00:00:13.048,1572922056651,1.102,-0.008,22.957,0.664,3.0,-0.001,14.199000000000002,0.0,0.06,78.861,0.118,-0.532
00:00:13.049,1572922056652,1.102,-0.009000000000000001,22.957,0.664,3.0,-0.001,14.218,0.0,0.06,79.098,0.118,-0.532
00:00:13.097,1572922056700,1.101,-0.01,22.957,0.664,3.0,-0.001,14.236,0.0,0.06,79.335,0.119,-0.532
00:00:13.098,1572922056701,1.101,-0.01,22.957,0.664,3.0,0.0,14.254,0.0,0.06,79.57300000000002,0.119,-0.532
00:00:13.099,1572922056702,1.1,-0.01,22.957,0.664,3.0,0.0,14.273,0.0,0.06,79.81,0.119,-0.532
00:00:13.147,1572922056750,1.1,-0.011,22.957,0.664,3.0,0.0,14.291,0.0,0.06,80.048,0.12,-0.532
00:00:13.148,1572922056751,1.099,-0.011,22.957,0.664,3.0,0.0,14.309,0.0,0.06,80.28699999999998,0.12,-0.532
00:00:13.149,1572922056752,1.099,-0.011,22.957,0.664,3.0,0.0,14.328,0.0,0.06,80.525,0.12,-0.532
00:00:13.199,1572922056802,1.098,-0.011,22.957,0.664,3.0,0.0,14.345999999999998,0.0,0.06,80.764,0.121,-0.532
00:00:13.200,1572922056803,1.097,-0.011,22.957,0.664,3.0,0.0,14.364,0.0,0.06,81.00399999999998,0.121,-0.532
00:00:13.201,1572922056804,1.097,-0.011,22.957,0.664,3.0,0.0,14.382,0.0,0.06,81.243,0.121,-0.532
00:00:13.250,1572922056853,1.096,-0.011,22.957,0.664,3.0,0.0,14.401,0.0,0.061,81.483,0.122,-0.532
00:00:13.251,1572922056854,1.096,-0.01,22.957,0.664,3.0,0.001,14.419,0.0,0.061,81.723,0.122,-0.532
00:00:13.252,1572922056855,1.095,-0.01,22.957,0.664,3.0,0.001,14.438,0.0,0.061,81.979,0.122,-0.532
00:00:13.301,1572922056904,1.095,-0.01,22.957,0.664,3.0,0.001,14.455,0.0,0.061,82.204,0.123,-0.532
00:00:13.302,1572922056905,1.094,-0.01,22.957,0.664,3.0,0.001,14.474,0.0,0.061,82.445,0.123,-0.532
00:00:13.303,1572922056906,1.093,-0.01,22.957,0.664,3.0,0.001,14.493,0.0,0.061,82.70200000000001,0.123,-0.532
00:00:13.351,1572922056954,1.092,-0.01,22.957,0.664,3.0,0.001,14.51,0.0,0.061,82.929,0.124,-0.532
00:00:13.352,1572922056955,1.09,-0.01,22.957,0.664,3.0,0.001,14.528,0.0,0.061,83.171,0.124,-0.532
00:00:13.353,1572922056956,1.088,-0.01,22.957,0.664,3.0,0.001,14.546,0.0,0.061,83.413,0.124,-0.532
00:00:13.401,1572922057004,1.087,-0.01,22.957,0.664,3.0,0.001,14.564,0.0,0.061,83.655,0.125,-0.532
00:00:13.402,1572922057005,1.087,-0.01,22.957,0.664,3.0,0.001,14.583,0.0,0.061,83.898,0.125,-0.532
00:00:13.403,1572922057006,1.086,-0.009000000000000001,22.957,0.664,3.0,0.001,14.601,0.0,0.061,84.141,0.125,-0.532
00:00:13.451,1572922057054,1.086,-0.009000000000000001,22.957,0.664,3.0,0.001,14.619000000000002,0.0,0.061,84.385,0.126,-0.532
00:00:13.452,1572922057055,1.085,-0.009000000000000001,22.957,0.664,3.0,0.001,14.637,0.0,0.061,84.62899999999998,0.126,-0.532
00:00:13.453,1572922057056,1.085,-0.009000000000000001,22.957,0.664,3.0,0.001,14.655,0.0,0.061,84.87299999999998,0.126,-0.532
00:00:13.501,1572922057104,1.084,-0.009000000000000001,22.957,0.664,3.0,0.001,14.673,0.0,0.061,85.117,0.126,-0.532
00:00:13.502,1572922057105,1.083,-0.009000000000000001,22.957,0.664,3.0,0.001,14.691,0.0,0.061,85.36200000000002,0.127,-0.532
00:00:13.503,1572922057106,1.083,-0.009000000000000001,22.957,0.664,3.0,0.001,14.709,0.0,0.061,85.60700000000001,0.127,-0.532
00:00:13.554,1572922057157,1.082,-0.009000000000000001,22.957,0.664,3.0,0.001,14.727,0.0,0.061,85.852,0.127,-0.532
00:00:13.555,1572922057158,1.081,-0.009000000000000001,22.957,0.664,3.0,0.002,14.745,0.0,0.061,86.098,0.128,-0.532
00:00:13.556,1572922057159,1.081,-0.009000000000000001,22.957,0.664,3.0,0.002,14.764,0.0,0.061,86.359,0.128,-0.532
00:00:13.605,1572922057208,1.08,-0.009000000000000001,22.957,0.664,3.0,0.002,14.781,0.0,0.061,86.59,0.128,-0.532
00:00:13.606,1572922057209,1.079,-0.009000000000000001,22.957,0.664,3.0,0.002,14.799,0.0,0.061,86.836,0.128,-0.532
00:00:13.607,1572922057210,1.079,-0.009000000000000001,22.957,0.664,3.0,0.002,14.818,0.0,0.061,87.09899999999998,0.129,-0.532
00:00:13.656,1572922057259,1.078,-0.009000000000000001,22.957,0.664,3.0,0.002,14.836,0.0,0.061,87.346,0.129,-0.532
00:00:13.657,1572922057260,1.077,-0.009000000000000001,22.957,0.664,3.0,0.002,14.853,0.0,0.061,87.57799999999996,0.129,-0.532
00:00:13.658,1572922057261,1.077,-0.009000000000000001,22.957,0.664,3.0,0.002,14.872,0.0,0.061,87.84100000000002,0.13,-0.532
00:00:13.706,1572922057309,1.0759999999999998,-0.01,22.957,0.664,3.0,0.002,14.889,0.0,0.061,88.073,0.13,-0.532
00:00:13.707,1572922057310,1.075,-0.01,22.957,0.664,3.0,0.002,14.907,0.0,0.061,88.322,0.13,-0.532
00:00:13.708,1572922057311,1.075,-0.011,22.957,0.664,3.0,0.002,14.925,0.0,0.061,88.57,0.13,-0.532
00:00:13.759,1572922057362,1.074,-0.012,22.957,0.664,3.0,0.002,14.942,0.0,0.061,88.819,0.131,-0.532
00:00:13.760,1572922057363,1.073,-0.013,22.957,0.664,3.0,0.002,14.96,0.0,0.061,89.068,0.131,-0.532
00:00:13.761,1572922057364,1.073,-0.014,22.957,0.664,3.0,0.002,14.978,0.0,0.061,89.318,0.131,-0.532
00:00:13.806,1572922057409,1.072,-0.015,22.957,0.664,3.0,0.002,14.996,0.0,0.061,89.568,0.131,-0.532
00:00:13.807,1572922057410,1.071,-0.016,22.957,0.664,3.0,0.002,15.014,0.0,0.061,89.818,0.132,-0.532
00:00:13.808,1572922057411,1.071,-0.017,22.957,0.664,3.0,0.002,15.032,-0.001,0.061,90.068,0.132,-0.532
00:00:13.856,1572922057459,1.07,-0.017,22.957,0.664,3.0,0.002,15.05,-0.001,0.061,90.319,0.132,-0.532
00:00:13.857,1572922057460,1.069,-0.018000000000000002,22.957,0.664,3.0,0.002,15.067,-0.001,0.061,90.57,0.132,-0.532
00:00:13.858,1572922057461,1.069,-0.019,22.957,0.664,3.0,0.002,15.086,-0.001,0.061,90.837,0.133,-0.532
00:00:13.908,1572922057511,1.068,-0.02,22.957,0.664,3.0,0.002,15.103,-0.001,0.061,91.073,0.133,-0.532
00:00:13.909,1572922057512,1.067,-0.021,22.957,0.664,3.0,0.002,15.121,-0.001,0.061,91.325,0.133,-0.532
00:00:13.910,1572922057513,1.067,-0.022,22.957,0.664,3.0,0.002,15.14,-0.001,0.061,91.592,0.133,-0.532
00:00:13.959,1572922057562,1.0659999999999998,-0.022,22.957,0.664,3.0,0.002,15.156,-0.001,0.061,91.829,0.133,-0.532
00:00:13.960,1572922057563,1.065,-0.023,22.957,0.664,3.0,0.003,15.174,-0.001,0.061,92.082,0.134,-0.532
00:00:13.961,1572922057564,1.065,-0.023,22.957,0.664,3.0,0.003,15.193,-0.001,0.061,92.351,0.134,-0.532
00:00:14.010,1572922057613,1.064,-0.024,22.957,0.664,3.0,0.003,15.209,-0.001,0.061,92.588,0.134,-0.532
00:00:14.011,1572922057614,1.063,-0.025,22.957,0.664,3.0,0.003,15.227,-0.001,0.061,92.842,0.134,-0.532
00:00:14.012,1572922057615,1.063,-0.027000000000000003,22.957,0.664,3.0,0.003,15.245,-0.001,0.061,93.096,0.134,-0.532
00:00:14.013,1572922057616,1.062,-0.029,22.957,0.664,3.0,0.003,15.263,-0.001,0.061,93.35,0.134,-0.532
00:00:14.067,1572922057670,1.061,-0.031,22.957,0.664,3.0,0.003,15.28,-0.001,0.061,93.605,0.135,-0.532
00:00:14.068,1572922057671,1.061,-0.034,22.957,0.664,3.0,0.003,15.299,-0.001,0.061,93.875,0.135,-0.532
00:00:14.069,1572922057672,1.06,-0.037000000000000005,22.957,0.664,3.0,0.003,15.316,-0.001,0.061,94.115,0.135,-0.532
00:00:14.117,1572922057720,1.0590000000000002,-0.041,22.957,0.664,3.0,0.003,15.333,-0.001,0.061,94.37,0.135,-0.532
00:00:14.118,1572922057721,1.0590000000000002,-0.045,22.957,0.664,3.0,0.003,15.351,-0.001,0.061,94.626,0.135,-0.532
00:00:14.119,1572922057722,1.058,-0.049,22.957,0.664,3.0,0.003,15.368,-0.001,0.061,94.882,0.135,-0.532
00:00:14.174,1572922057777,1.057,-0.052000000000000005,22.957,0.664,3.0,0.004,15.386,-0.001,0.061,95.138,0.135,-0.532
00:00:14.175,1572922057778,1.057,-0.055,22.957,0.664,3.0,0.004,15.404000000000002,-0.002,0.061,95.395,0.135,-0.532
00:00:14.176,1572922057779,1.056,-0.056,22.957,0.664,3.0,0.005,15.421,-0.002,0.061,95.651,0.135,-0.532
00:00:14.221,1572922057824,1.055,-0.057,22.957,0.664,3.0,0.005,15.439,-0.002,0.061,95.909,0.135,-0.532
00:00:14.222,1572922057825,1.055,-0.058,22.957,0.664,3.0,0.006,15.458,-0.002,0.061,96.182,0.135,-0.532
00:00:14.223,1572922057826,1.054,-0.058,22.957,0.664,3.0,0.006,15.474,-0.002,0.062,96.424,0.135,-0.532
00:00:14.275,1572922057878,1.053,-0.058,22.957,0.664,3.0,0.006999999999999999,15.492,-0.001,0.062,96.682,0.135,-0.532
00:00:14.276,1572922057879,1.053,-0.058,22.957,0.664,3.0,0.006999999999999999,15.51,-0.001,0.062,96.956,0.135,-0.532
00:00:14.277,1572922057880,1.052,-0.058,22.957,0.664,3.0,0.006999999999999999,15.527,-0.001,0.062,97.199,0.135,-0.532
00:00:14.323,1572922057926,1.052,-0.059,22.957,0.664,3.0,0.008,15.544,-0.001,0.062,97.458,0.135,-0.532
00:00:14.324,1572922057927,1.051,-0.059,22.957,0.664,3.0,0.008,15.563,-0.001,0.061,97.733,0.135,-0.532
00:00:14.325,1572922057928,1.05,-0.06,22.957,0.664,3.0,0.009000000000000001,15.579,-0.001,0.061,97.976,0.135,-0.532
00:00:14.374,1572922057977,1.05,-0.061,22.957,0.664,3.0,0.009000000000000001,15.597,-0.001,0.061,98.236,0.135,-0.532
00:00:14.375,1572922057978,1.0490000000000002,-0.062,22.957,0.664,3.0,0.009000000000000001,15.614,0.0,0.061,98.496,0.135,-0.532
00:00:14.376,1572922057979,1.048,-0.063,22.957,0.664,3.0,0.01,15.632,0.0,0.061,98.757,0.135,-0.532
00:00:14.432,1572922058035,1.048,-0.064,22.957,0.664,3.0,0.01,15.649,0.0,0.061,99.017,0.135,-0.532
00:00:14.433,1572922058036,1.047,-0.065,22.957,0.664,3.0,0.01,15.666,0.0,0.061,99.278,0.134,-0.532
00:00:14.434,1572922058037,1.046,-0.065,22.957,0.664,3.0,0.01,15.684,0.0,0.061,99.54,0.134,-0.532
00:00:14.435,1572922058038,1.046,-0.065,22.957,0.664,3.0,0.011,15.701,0.0,0.061,99.801,0.134,-0.532
00:00:14.482,1572922058085,1.045,-0.065,22.957,0.664,3.0,0.011,15.719,0.0,0.061,100.063,0.134,-0.532
00:00:14.483,1572922058086,1.045,-0.065,22.957,0.664,3.0,0.011,15.736,0.0,0.061,100.325,0.133,-0.532
00:00:14.484,1572922058087,1.044,-0.065,22.957,0.664,3.0,0.011,15.753,0.0,0.061,100.588,0.133,-0.532
00:00:14.532,1572922058135,1.043,-0.064,22.957,0.664,3.0,0.012,15.772,0.0,0.061,100.867,0.133,-0.532
00:00:14.533,1572922058136,1.043,-0.064,22.957,0.664,3.0,0.012,15.788,0.0,0.061,101.113,0.133,-0.532
00:00:14.534,1572922058137,1.042,-0.063,22.957,0.664,3.0,0.012,15.806,0.0,0.061,101.377,0.132,-0.532
00:00:14.582,1572922058185,1.041,-0.063,22.957,0.664,3.0,0.012,15.823,0.0,0.061,101.64,0.132,-0.532
00:00:14.583,1572922058186,1.041,-0.062,22.957,0.664,3.0,0.013,15.84,0.0,0.062,101.904,0.132,-0.532
00:00:14.584,1572922058187,1.04,-0.062,22.957,0.664,3.0,0.013,15.858,0.0,0.062,102.168,0.131,-0.532
00:00:14.632,1572922058235,1.039,-0.061,22.957,0.664,3.0,0.013,15.876,0.0,0.062,102.449,0.131,-0.532
00:00:14.633,1572922058236,1.039,-0.06,22.957,0.664,3.0,0.013,15.892,0.0,0.062,102.697,0.13,-0.532
00:00:14.634,1572922058237,1.038,-0.059,22.957,0.664,3.0,0.013,15.909,0.0,0.062,102.962,0.13,-0.532
00:00:14.684,1572922058287,1.038,-0.058,22.957,0.664,3.0,0.013,15.927,0.0,0.062,103.228,0.129,-0.532
00:00:14.685,1572922058288,1.037,-0.058,22.957,0.664,3.0,0.014,15.944,0.001,0.062,103.493,0.129,-0.532
00:00:14.686,1572922058289,1.036,-0.057,22.957,0.664,3.0,0.014,15.962,0.001,0.062,103.776,0.128,-0.532
00:00:14.735,1572922058338,1.036,-0.057,22.957,0.664,3.0,0.014,15.979,0.001,0.062,104.025,0.128,-0.532
00:00:14.736,1572922058339,1.035,-0.057,22.957,0.664,3.0,0.014,15.996,0.001,0.062,104.292,0.127,-0.532
00:00:14.737,1572922058340,1.034,-0.056,22.957,0.664,3.0,0.014,16.014,0.001,0.062,104.575,0.127,-0.532
00:00:14.786,1572922058389,1.034,-0.056,22.957,0.664,3.0,0.014,16.03,0.001,0.062,104.825,0.126,-0.532
00:00:14.787,1572922058390,1.033,-0.056,22.957,0.664,3.0,0.014,16.047,0.0,0.062,105.093,0.126,-0.532
00:00:14.788,1572922058391,1.033,-0.056,22.957,0.664,3.0,0.014,16.065,0.0,0.062,105.36,0.125,-0.532
00:00:14.837,1572922058440,1.032,-0.055,22.957,0.664,3.0,0.014,16.082,0.0,0.062,105.628,0.125,-0.532
00:00:14.838,1572922058441,1.031,-0.055,22.957,0.664,3.0,0.014,16.099,0.0,0.062,105.896,0.124,-0.532
00:00:14.839,1572922058442,1.031,-0.055,22.957,0.664,3.0,0.014,16.116,0.0,0.062,106.165,0.123,-0.532
00:00:14.892,1572922058495,1.03,-0.055,22.957,0.664,3.0,0.014,16.134,0.0,0.062,106.45,0.123,-0.532
00:00:14.893,1572922058496,1.038,-0.054000000000000006,22.957,0.664,3.0,0.014,16.151,0.0,0.062,106.703,0.122,-0.532
00:00:14.894,1572922058497,1.086,-0.054000000000000006,22.957,0.664,3.0,0.015,16.171,0.0,0.062,106.989,0.121,-0.532
00:00:14.937,1572922058540,1.144,-0.053,22.957,0.664,3.0,0.015,16.19,0.0,0.063,107.242,0.121,-0.532
00:00:14.938,1572922058541,1.185,-0.053,22.957,0.664,3.0,0.015,16.21,0.0,0.063,107.512,0.12,-0.532
00:00:14.939,1572922058542,1.1909999999999998,-0.052000000000000005,22.957,0.664,3.0,0.015,16.230999999999998,0.001,0.064,107.799,0.119,-0.532
00:00:14.996,1572922058599,1.168,-0.051,22.957,0.664,3.0,0.015,16.249000000000002,0.001,0.065,108.053,0.119,-0.532
00:00:14.997,1572922058600,1.128,-0.05,22.957,0.664,3.0,0.015,16.267,0.001,0.066,108.324,0.118,-0.532
00:00:14.998,1572922058601,1.084,-0.049,22.957,0.664,3.0,0.015,16.284000000000002,0.001,0.067,108.595,0.117,-0.532
00:00:15.038,1572922058641,1.045,-0.049,22.957,0.664,3.0,0.015,16.301,0.001,0.068,108.866,0.116,-0.532
00:00:15.039,1572922058642,1.015,-0.048,22.957,0.664,3.0,0.015,16.317999999999998,0.001,0.068,109.138,0.115,-0.532
00:00:15.040,1572922058643,0.991,-0.046,22.957,0.664,3.0,0.015,16.334,0.001,0.068,109.41,0.115,-0.532
00:00:15.089,1572922058692,0.973,-0.045,22.957,0.664,3.0,0.015,16.35,0.001,0.068,109.683,0.114,-0.532
00:00:15.090,1572922058693,0.958,-0.043,22.957,0.664,3.0,0.015,16.366,0.001,0.068,109.955,0.113,-0.532
00:00:15.091,1572922058694,0.945,-0.041,22.957,0.664,3.0,0.015,16.381,0.001,0.067,110.228,0.112,-0.532
00:00:15.140,1572922058743,0.931,-0.04,22.957,0.664,3.0,0.015,16.398,0.001,0.067,110.518,0.111,-0.532
00:00:15.141,1572922058744,0.92,-0.038,22.957,0.664,3.0,0.015,16.412,0.001,0.066,110.775,0.11,-0.532
00:00:15.142,1572922058745,0.908,-0.037000000000000005,22.957,0.664,3.0,0.015,16.427,0.001,0.065,111.048,0.11,-0.532
00:00:15.190,1572922058793,0.895,-0.036000000000000004,22.957,0.664,3.0,0.015,16.442,0.001,0.064,111.339,0.109,-0.532
00:00:15.191,1572922058794,0.882,-0.035,22.957,0.664,3.0,0.014,16.457,0.001,0.063,111.614,0.108,-0.532
00:00:15.192,1572922058795,0.87,-0.035,22.957,0.664,3.0,0.014,16.47,0.001,0.062,111.871,0.107,-0.532
00:00:15.240,1572922058843,0.858,-0.035,22.957,0.664,3.0,0.014,16.484,0.001,0.061,112.145,0.106,-0.532
00:00:15.241,1572922058844,0.848,-0.035,22.957,0.664,3.0,0.014,16.498,0.001,0.06,112.42,0.105,-0.532
00:00:15.242,1572922058845,0.84,-0.036000000000000004,22.957,0.664,3.0,0.014,16.512,0.001,0.059,112.695,0.104,-0.532
00:00:15.291,1572922058894,0.833,-0.036000000000000004,22.957,0.664,3.0,0.013,16.527,0.001,0.057,112.988,0.103,-0.532
00:00:15.292,1572922058895,0.828,-0.036000000000000004,22.957,0.664,3.0,0.013,16.54,0.001,0.056,113.246,0.102,-0.532
00:00:15.293,1572922058896,0.823,-0.036000000000000004,22.957,0.664,3.0,0.013,16.554000000000002,0.001,0.055,113.522,0.101,-0.532
00:00:15.341,1572922058944,0.8190000000000001,-0.035,22.957,0.664,3.0,0.013,16.567999999999998,0.001,0.053,113.815,0.1,-0.532
00:00:15.342,1572922058945,0.816,-0.035,22.957,0.664,3.0,0.013,16.581,0.001,0.052000000000000005,114.074,0.099,-0.532
00:00:15.343,1572922058946,0.812,-0.034,22.957,0.664,3.0,0.013,16.594,0.001,0.05,114.351,0.098,-0.532
00:00:15.392,1572922058995,0.809,-0.033,22.957,0.664,3.0,0.012,16.608,0.001,0.049,114.627,0.097,-0.532
00:00:15.393,1572922058996,0.8059999999999999,-0.032,22.957,0.664,3.0,0.012,16.622,0.0,0.048,114.922,0.096,-0.532
00:00:15.394,1572922058997,0.8029999999999999,-0.031,22.957,0.664,3.0,0.012,16.634,0.0,0.046,115.181,0.095,-0.532
00:00:15.443,1572922059046,0.799,-0.031,22.957,0.664,3.0,0.012,16.648,0.0,0.045,115.459,0.094,-0.532
00:00:15.444,1572922059047,0.7959999999999999,-0.03,22.957,0.664,3.0,0.012,16.660999999999998,0.0,0.044,115.736,0.093,-0.532
00:00:15.445,1572922059048,0.7929999999999999,-0.03,22.957,0.664,3.0,0.012,16.675,0.0,0.042,116.032,0.092,-0.532
00:00:15.446,1572922059049,0.7909999999999999,-0.029,22.957,0.664,3.0,0.012,16.687,0.001,0.041,116.292,0.091,-0.532
00:00:15.494,1572922059097,0.7879999999999999,-0.029,22.957,0.664,3.0,0.012,16.7,0.001,0.04,116.57,0.09,-0.532
00:00:15.495,1572922059098,0.785,-0.029,22.957,0.664,3.0,0.012,16.713,0.001,0.039,116.849,0.08900000000000001,-0.532
00:00:15.496,1572922059099,0.7829999999999999,-0.029,22.957,0.664,3.0,0.012,16.727,0.001,0.038,117.145,0.087,-0.532
00:00:15.545,1572922059148,0.7809999999999999,-0.029,22.957,0.664,3.0,0.011,16.739,0.001,0.038,117.406,0.086,-0.532
00:00:15.546,1572922059149,0.779,-0.029,22.957,0.664,3.0,0.011,16.752,0.001,0.037000000000000005,117.686,0.085,-0.532
00:00:15.547,1572922059150,0.7759999999999999,-0.029,22.957,0.664,3.0,0.011,16.766,0.001,0.036000000000000004,117.982,0.084,-0.532
00:00:15.595,1572922059198,0.775,-0.029,22.957,0.664,3.0,0.011,16.778,0.001,0.036000000000000004,118.244,0.083,-0.532
00:00:15.596,1572922059199,0.772,-0.029,22.957,0.664,3.0,0.011,16.792,0.001,0.035,118.542,0.08199999999999999,-0.532
00:00:15.597,1572922059200,0.7709999999999999,-0.029,22.957,0.664,3.0,0.011,16.805,0.001,0.035,118.822,0.081,-0.532
00:00:15.647,1572922059250,0.769,-0.029,22.957,0.664,3.0,0.011,16.817,0.001,0.034,119.102,0.079,-0.532
00:00:15.648,1572922059251,0.767,-0.029,22.957,0.664,3.0,0.011,16.83,0.001,0.034,119.382,0.078,-0.532
00:00:15.649,1572922059252,0.7659999999999999,-0.029,22.957,0.664,3.0,0.011,16.843,0.001,0.034,119.663,0.077,-0.532
00:00:15.698,1572922059301,0.764,-0.029,22.957,0.664,3.0,0.011,16.855999999999998,0.001,0.034,119.944,0.076,-0.532
00:00:15.699,1572922059302,0.763,-0.029,22.957,0.664,3.0,0.011,16.868,0.001,0.034,120.225,0.075,-0.532
00:00:15.700,1572922059303,0.7609999999999999,-0.03,22.957,0.664,3.0,0.01,16.881,0.001,0.034,120.506,0.07400000000000001,-0.532
00:00:15.749,1572922059352,0.76,-0.03,22.957,0.664,3.0,0.01,16.894000000000002,0.001,0.035,120.787,0.07200000000000001,-0.532
00:00:15.750,1572922059353,0.759,-0.03,22.957,0.664,3.0,0.01,16.905,0.001,0.035,121.051,0.071,-0.532
00:00:15.751,1572922059354,0.757,-0.03,22.957,0.664,3.0,0.01,16.919,0.001,0.035,121.351,0.07,-0.532
00:00:15.800,1572922059403,0.7559999999999999,-0.031,22.957,0.664,3.0,0.01,16.930999999999994,0.001,0.035,121.633,0.069,-0.5329999999999999
00:00:15.801,1572922059404,0.755,-0.031,22.957,0.664,3.0,0.01,16.944000000000006,0.001,0.035,121.915,0.067,-0.5329999999999999
00:00:15.802,1572922059405,0.754,-0.031,22.957,0.664,3.0,0.01,16.956,0.001,0.036000000000000004,122.18,0.066,-0.5329999999999999
00:00:15.851,1572922059454,0.753,-0.031,22.957,0.664,3.0,0.01,16.968,0.001,0.036000000000000004,122.463,0.065,-0.5329999999999999
00:00:15.852,1572922059455,0.752,-0.031,22.957,0.664,3.0,0.01,16.980999999999998,0.001,0.036000000000000004,122.746,0.064,-0.5329999999999999
00:00:15.853,1572922059456,0.7509999999999999,-0.032,22.957,0.664,3.0,0.01,16.994,0.001,0.036000000000000004,123.046,0.062,-0.5329999999999999
00:00:15.903,1572922059506,0.75,-0.032,22.957,0.664,3.0,0.01,17.007,0.001,0.037000000000000005,123.33,0.061,-0.5329999999999999
00:00:15.904,1572922059507,0.7490000000000001,-0.032,22.957,0.664,3.0,0.01,17.018,0.001,0.037000000000000005,123.596,0.06,-0.5329999999999999
00:00:15.905,1572922059508,0.748,-0.032,22.957,0.664,3.0,0.01,17.032,0.001,0.037000000000000005,123.897,0.058,-0.5329999999999999
00:00:15.952,1572922059555,0.747,-0.032,22.957,0.664,3.0,0.01,17.044,0.001,0.037000000000000005,124.181,0.057,-0.5329999999999999
00:00:15.953,1572922059556,0.746,-0.032,22.957,0.664,3.0,0.01,17.055999999999994,0.001,0.037000000000000005,124.465,0.056,-0.5329999999999999
00:00:15.954,1572922059557,0.745,-0.032,22.957,0.664,3.0,0.01,17.069000000000006,0.001,0.037000000000000005,124.75,0.054000000000000006,-0.5329999999999999
00:00:16.002,1572922059605,0.7440000000000001,-0.033,22.957,0.664,3.0,0.01,17.081,0.001,0.037000000000000005,125.034,0.053,-0.5329999999999999
00:00:16.003,1572922059606,0.743,-0.033,22.957,0.664,3.0,0.01,17.094,0.001,0.038,125.319,0.051,-0.5329999999999999
00:00:16.004,1572922059607,0.743,-0.033,22.957,0.664,3.0,0.01,17.105999999999998,0.001,0.038,125.604,0.05,-0.5329999999999999
00:00:16.052,1572922059655,0.742,-0.033,22.957,0.664,3.0,0.01,17.118,0.001,0.038,125.889,0.049,-0.5329999999999999
00:00:16.053,1572922059656,0.741,-0.033,22.957,0.664,3.0,0.01,17.131,0.001,0.038,126.175,0.047,-0.5329999999999999
00:00:16.054,1572922059657,0.74,-0.033,22.957,0.664,3.0,0.01,17.143,0.001,0.038,126.46,0.046,-0.5329999999999999
00:00:16.102,1572922059705,0.7390000000000001,-0.033,22.957,0.664,3.0,0.01,17.155,0.001,0.038,126.746,0.044,-0.5329999999999999
00:00:16.103,1572922059706,0.7390000000000001,-0.034,22.957,0.664,3.0,0.01,17.167,0.001,0.037000000000000005,127.014,0.043,-0.5329999999999999
00:00:16.104,1572922059707,0.738,-0.034,22.957,0.664,3.0,0.01,17.18,0.001,0.037000000000000005,127.318,0.042,-0.5329999999999999
00:00:16.159,1572922059762,0.737,-0.034,22.957,0.664,3.0,0.01,17.192,0.001,0.037000000000000005,127.605,0.04,-0.5329999999999999
00:00:16.160,1572922059763,0.736,-0.034,22.957,0.664,3.0,0.01,17.204,0.001,0.037000000000000005,127.891,0.039,-0.5329999999999999
00:00:16.161,1572922059764,0.736,-0.034,22.957,0.664,3.0,0.01,17.217,0.001,0.037000000000000005,128.178,0.037000000000000005,-0.5329999999999999
00:00:16.162,1572922059765,0.735,-0.034,22.957,0.664,3.0,0.01,17.229,0.001,0.037000000000000005,128.465,0.036000000000000004,-0.5329999999999999
00:00:16.213,1572922059816,0.7340000000000001,-0.034,22.957,0.664,3.0,0.01,17.241,0.001,0.037000000000000005,128.752,0.034,-0.5329999999999999
00:00:16.214,1572922059817,0.7340000000000001,-0.034,22.957,0.664,3.0,0.01,17.253,0.001,0.037000000000000005,129.04,0.033,-0.5329999999999999
00:00:16.215,1572922059818,0.733,-0.034,22.957,0.664,3.0,0.01,17.265,0.001,0.037000000000000005,129.327,0.031,-0.5329999999999999
00:00:16.264,1572922059867,0.732,-0.034,22.957,0.664,3.0,0.01,17.278,0.001,0.036000000000000004,129.615,0.03,-0.5329999999999999
00:00:16.265,1572922059868,0.731,-0.033,22.957,0.664,3.0,0.01,17.29,0.001,0.036000000000000004,129.903,0.028,-0.5329999999999999
00:00:16.266,1572922059869,0.731,-0.033,22.957,0.664,3.0,0.01,17.302,0.001,0.036000000000000004,130.192,0.027000000000000003,-0.5329999999999999
00:00:16.314,1572922059917,0.73,-0.032,22.957,0.664,3.0,0.01,17.314,0.001,0.036000000000000004,130.48,0.025,-0.5329999999999999
00:00:16.315,1572922059918,0.7290000000000001,-0.032,22.957,0.664,3.0,0.01,17.326,0.001,0.036000000000000004,130.769,0.023,-0.5329999999999999
00:00:16.316,1572922059919,0.7290000000000001,-0.032,22.957,0.664,3.0,0.01,17.338,0.001,0.036000000000000004,131.058,0.022,-0.5329999999999999
00:00:16.364,1572922059967,0.728,-0.031,22.957,0.664,3.0,0.01,17.351,0.001,0.035,131.347,0.02,-0.5329999999999999
00:00:16.365,1572922059968,0.728,-0.031,22.957,0.664,3.0,0.01,17.362000000000002,0.001,0.035,131.618,0.019,-0.5329999999999999
00:00:16.366,1572922059969,0.727,-0.03,22.957,0.664,3.0,0.01,17.375,0.001,0.035,131.925,0.017,-0.5329999999999999
00:00:16.414,1572922060017,0.726,-0.03,22.957,0.664,3.0,0.01,17.387,0.001,0.035,132.215,0.015,-0.5329999999999999
00:00:16.415,1572922060018,0.726,-0.029,22.957,0.664,3.0,0.01,17.399,0.001,0.035,132.505,0.014,-0.5329999999999999
00:00:16.416,1572922060019,0.725,-0.029,22.957,0.664,3.0,0.01,17.41,0.001,0.035,132.77700000000002,0.012,-0.5329999999999999
00:00:16.464,1572922060067,0.7240000000000001,-0.028,22.957,0.664,3.0,0.01,17.422,0.001,0.035,133.049,0.011,-0.5329999999999999
00:00:16.465,1572922060068,0.7240000000000001,-0.027000000000000003,22.957,0.664,3.0,0.01,17.434,0.001,0.035,133.358,0.009000000000000001,-0.5329999999999999
00:00:16.466,1572922060069,0.723,-0.025,22.957,0.664,3.0,0.01,17.445999999999998,0.001,0.035,133.648,0.006999999999999999,-0.5329999999999999
00:00:16.521,1572922060124,0.723,-0.023,22.957,0.664,3.0,0.01,17.459,0.001,0.034,133.939,0.006,-0.5329999999999999
00:00:16.522,1572922060125,0.722,-0.021,22.957,0.664,3.0,0.01,17.471,0.001,0.034,134.23,0.004,-0.5329999999999999
00:00:16.523,1572922060126,0.721,-0.019,22.957,0.664,3.0,0.01,17.483,0.002,0.034,134.52200000000002,0.002,-0.5329999999999999
00:00:16.572,1572922060175,0.721,-0.016,22.957,0.664,3.0,0.01,17.494,0.002,0.034,134.795,0.001,-0.5329999999999999
00:00:16.573,1572922060176,0.72,-0.013,22.957,0.664,3.0,0.01,17.507,0.002,0.034,135.105,-0.001,-0.5329999999999999
00:00:16.574,1572922060177,0.72,-0.01,22.957,0.664,3.0,0.01,17.518,0.002,0.034,135.378,-0.003,-0.5329999999999999
00:00:16.627,1572922060230,0.7190000000000001,-0.006999999999999999,22.957,0.664,3.0,0.01,17.53,0.002,0.034,135.67,-0.005,-0.5329999999999999
00:00:16.628,1572922060231,0.718,-0.004,22.957,0.664,3.0,0.01,17.542,0.002,0.034,135.963,-0.006,-0.5329999999999999
00:00:16.629,1572922060232,0.718,0.0,22.957,0.664,3.0,0.01,17.554000000000002,0.002,0.034,136.255,-0.008,-0.5329999999999999
00:00:16.673,1572922060276,0.7170000000000001,0.002,22.957,0.664,3.0,0.009000000000000001,17.566,0.002,0.034,136.548,-0.01,-0.5329999999999999
00:00:16.674,1572922060277,0.7170000000000001,0.005,22.957,0.664,3.0,0.009000000000000001,17.578,0.002,0.034,136.841,-0.011,-0.5329999999999999
00:00:16.675,1572922060278,0.716,0.006999999999999999,22.957,0.664,3.0,0.009000000000000001,17.589000000000002,0.002,0.034,137.134,-0.013,-0.5329999999999999
00:00:16.727,1572922060330,0.716,0.008,22.957,0.664,3.0,0.008,17.601,0.002,0.035,137.42700000000002,-0.015,-0.5329999999999999
00:00:16.728,1572922060331,0.715,0.009000000000000001,22.957,0.664,3.0,0.008,17.613,0.002,0.035,137.72,-0.016,-0.5329999999999999
00:00:16.729,1572922060332,0.7140000000000001,0.01,22.957,0.664,3.0,0.006999999999999999,17.625,0.002,0.035,138.014,-0.018000000000000002,-0.5329999999999999
00:00:16.730,1572922060333,0.7140000000000001,0.01,22.957,0.664,3.0,0.006999999999999999,17.637,0.002,0.035,138.308,-0.02,-0.5329999999999999
00:00:16.777,1572922060380,0.713,0.011,22.957,0.664,3.0,0.006,17.649,0.002,0.035,138.602,-0.022,-0.5329999999999999
00:00:16.778,1572922060381,0.713,0.011,22.957,0.664,3.0,0.006,17.660999999999994,0.001,0.035,138.89600000000002,-0.023,-0.5329999999999999
00:00:16.779,1572922060382,0.7120000000000001,0.012,22.957,0.664,3.0,0.005,17.673,0.001,0.035,139.191,-0.025,-0.5329999999999999
00:00:16.827,1572922060430,0.711,0.013,22.957,0.664,3.0,0.005,17.685,0.001,0.035,139.485,-0.027000000000000003,-0.5329999999999999
00:00:16.828,1572922060431,0.711,0.014,22.957,0.664,3.0,0.004,17.695999999999994,0.001,0.035,139.78,-0.028,-0.5329999999999999
00:00:16.829,1572922060432,0.71,0.015,22.957,0.664,3.0,0.004,17.708,0.0,0.035,140.075,-0.03,-0.5329999999999999
00:00:16.878,1572922060481,0.71,0.016,22.957,0.664,3.0,0.004,17.72,0.0,0.035,140.37,-0.032,-0.5329999999999999
00:00:16.879,1572922060482,0.7090000000000001,0.018000000000000002,22.957,0.664,3.0,0.003,17.732,0.0,0.034,140.666,-0.033,-0.5329999999999999
00:00:16.880,1572922060483,0.708,0.019,22.957,0.664,3.0,0.003,17.744,0.0,0.034,140.961,-0.035,-0.5329999999999999
00:00:16.929,1572922060532,0.708,0.02,22.957,0.664,3.0,0.002,17.756,-0.001,0.034,141.276,-0.037000000000000005,-0.5329999999999999
00:00:16.930,1572922060533,0.7070000000000001,0.02,22.957,0.664,3.0,0.002,17.767,-0.001,0.034,141.553,-0.038,-0.5329999999999999
00:00:16.931,1572922060534,0.7070000000000001,0.021,22.957,0.664,3.0,0.002,17.779,-0.001,0.034,141.849,-0.04,-0.5329999999999999
00:00:16.980,1572922060583,0.706,0.022,22.957,0.664,3.0,0.001,17.791,-0.001,0.034,142.14600000000004,-0.042,-0.5329999999999999
00:00:16.981,1572922060584,0.706,0.022,22.957,0.664,3.0,0.001,17.802,-0.001,0.034,142.442,-0.043,-0.5329999999999999
00:00:16.982,1572922060585,0.705,0.023,22.957,0.664,3.0,0.001,17.814,-0.001,0.034,142.739,-0.045,-0.5329999999999999
00:00:17.033,1572922060636,0.705,0.024,22.957,0.664,3.0,0.0,17.826,-0.001,0.034,143.036,-0.046,-0.5329999999999999
00:00:17.034,1572922060637,0.7040000000000001,0.025,22.957,0.664,3.0,0.0,17.838,-0.001,0.034,143.333,-0.048,-0.5329999999999999
00:00:17.035,1572922060638,0.703,0.025,23.103,0.664,3.0,0.0,17.849,-0.001,0.034,143.631,-0.05,-0.5329999999999999
00:00:17.085,1572922060688,0.703,0.026,23.103,0.664,3.0,0.0,17.861,-0.001,0.034,143.928,-0.051,-0.5329999999999999
00:00:17.086,1572922060689,0.703,0.027000000000000003,23.103,0.664,3.0,-0.001,17.873,-0.001,0.034,144.226,-0.053,-0.5329999999999999
00:00:17.087,1572922060690,0.703,0.029,23.103,0.664,3.0,-0.001,17.885,-0.001,0.034,144.524,-0.055,-0.5329999999999999
00:00:17.137,1572922060740,0.7040000000000001,0.03,23.103,0.664,3.0,-0.001,17.896,-0.001,0.034,144.822,-0.056,-0.5329999999999999
00:00:17.138,1572922060741,0.7040000000000001,0.032,23.103,0.664,3.0,-0.001,17.908,-0.001,0.034,145.121,-0.058,-0.5329999999999999
00:00:17.139,1572922060742,0.7040000000000001,0.034,22.957,0.664,3.0,-0.001,17.92,-0.001,0.034,145.41899999999995,-0.059,-0.5329999999999999
00:00:17.187,1572922060790,0.703,0.036000000000000004,22.957,0.664,3.0,-0.002,17.930999999999994,-0.001,0.034,145.718,-0.061,-0.5329999999999999
00:00:17.188,1572922060791,0.7020000000000001,0.037000000000000005,22.957,0.664,3.0,-0.002,17.942999999999994,0.0,0.034,146.017,-0.062,-0.5329999999999999
00:00:17.189,1572922060792,0.701,0.039,22.957,0.664,3.0,-0.002,17.955,0.0,0.034,146.316,-0.064,-0.5329999999999999
00:00:17.243,1572922060846,0.6990000000000001,0.04,22.957,0.664,3.0,-0.003,17.965999999999994,0.0,0.034,146.615,-0.066,-0.5329999999999999
00:00:17.244,1572922060847,0.698,0.041,22.957,0.664,3.0,-0.003,17.977999999999994,0.0,0.034,146.915,-0.067,-0.5329999999999999
00:00:17.245,1572922060848,0.6970000000000001,0.041,22.957,0.664,3.0,-0.004,17.99,0.0,0.034,147.215,-0.069,-0.5329999999999999
00:00:17.288,1572922060891,0.696,0.041,22.957,0.664,3.0,-0.004,18.000999999999994,0.0,0.034,147.515,-0.07,-0.5329999999999999
00:00:17.289,1572922060892,0.695,0.041,22.957,0.664,3.0,-0.005,18.012999999999995,0.0,0.034,147.815,-0.07200000000000001,-0.5329999999999999
00:00:17.290,1572922060893,0.695,0.041,22.957,0.664,3.0,-0.005,18.024,0.0,0.034,148.115,-0.073,-0.5329999999999999
00:00:17.339,1572922060942,0.6940000000000001,0.041,22.957,0.664,3.0,-0.005,18.036,-0.001,0.034,148.416,-0.075,-0.5329999999999999
00:00:17.340,1572922060943,0.6940000000000001,0.041,22.957,0.664,3.0,-0.006,18.047,-0.001,0.033,148.716,-0.076,-0.5329999999999999
00:00:17.341,1572922060944,0.693,0.041,23.103,0.664,3.0,-0.006,18.059,-0.001,0.033,149.017,-0.077,-0.5329999999999999
00:00:17.394,1572922060997,0.693,0.041,23.103,0.664,3.0,-0.006,18.071,-0.001,0.033,149.31799999999996,-0.079,-0.5329999999999999
00:00:17.395,1572922060998,0.693,0.041,23.103,0.664,3.0,-0.006999999999999999,18.082,-0.001,0.033,149.619,-0.08,-0.5329999999999999
00:00:17.396,1572922060999,0.693,0.041,23.103,0.664,3.0,-0.006999999999999999,18.094,-0.001,0.033,149.921,-0.08199999999999999,-0.5329999999999999
00:00:17.397,1572922061000,0.6940000000000001,0.041,23.103,0.664,3.0,-0.006999999999999999,18.105,-0.001,0.033,150.22299999999996,-0.083,-0.5329999999999999
00:00:17.444,1572922061047,0.6940000000000001,0.04,23.103,0.664,3.0,-0.008,18.117,-0.001,0.033,150.524,-0.085,-0.5329999999999999
00:00:17.445,1572922061048,0.6940000000000001,0.04,22.957,0.664,3.0,-0.008,18.128,-0.002,0.033,150.826,-0.086,-0.5329999999999999
00:00:17.446,1572922061049,0.693,0.039,22.957,0.664,3.0,-0.008,18.14,-0.002,0.033,151.129,-0.087,-0.5329999999999999
00:00:17.494,1572922061097,0.6920000000000001,0.038,22.957,0.664,3.0,-0.008,18.151,-0.002,0.033,151.431,-0.08900000000000001,-0.5329999999999999
00:00:17.495,1572922061098,0.691,0.037000000000000005,22.957,0.664,3.0,-0.009000000000000001,18.163,-0.002,0.033,151.734,-0.09,-0.5329999999999999
00:00:17.496,1572922061099,0.6890000000000001,0.037000000000000005,22.957,0.664,3.0,-0.009000000000000001,18.174,-0.002,0.033,152.037,-0.091,-0.5329999999999999
00:00:17.551,1572922061154,0.688,0.036000000000000004,22.957,0.664,3.0,-0.009000000000000001,18.186,-0.002,0.033,152.34,-0.093,-0.5329999999999999
00:00:17.552,1572922061155,0.687,0.037000000000000005,22.957,0.664,3.0,-0.009000000000000001,18.197,-0.002,0.033,152.643,-0.094,-0.5329999999999999
00:00:17.553,1572922061156,0.6859999999999999,0.037000000000000005,22.957,0.664,3.0,-0.009000000000000001,18.209,-0.002,0.033,152.946,-0.095,-0.5329999999999999
00:00:17.594,1572922061197,0.685,0.037000000000000005,22.957,0.664,3.0,-0.009000000000000001,18.22,-0.002,0.033,153.25,-0.097,-0.5329999999999999
00:00:17.595,1572922061198,0.685,0.038,22.957,0.664,3.0,-0.009000000000000001,18.232,-0.002,0.033,153.553,-0.098,-0.5329999999999999
00:00:17.596,1572922061199,0.684,0.038,22.957,0.664,3.0,-0.009000000000000001,18.243,-0.002,0.033,153.857,-0.099,-0.5329999999999999
00:00:17.651,1572922061254,0.684,0.038,22.957,0.664,3.0,-0.009000000000000001,18.254,-0.002,0.033,154.162,-0.101,-0.5329999999999999
00:00:17.652,1572922061255,0.684,0.037000000000000005,22.957,0.664,3.0,-0.009000000000000001,18.266,-0.002,0.033,154.466,-0.102,-0.5329999999999999
00:00:17.653,1572922061256,0.6829999999999999,0.037000000000000005,22.957,0.664,3.0,-0.01,18.277,-0.002,0.033,154.77,-0.103,-0.5329999999999999
00:00:17.703,1572922061306,0.6829999999999999,0.036000000000000004,22.957,0.664,3.0,-0.01,18.288,-0.002,0.033,155.075,-0.104,-0.5329999999999999
00:00:17.704,1572922061307,0.682,0.036000000000000004,22.957,0.664,3.0,-0.01,18.3,-0.002,0.033,155.38,-0.106,-0.5329999999999999
00:00:17.705,1572922061308,0.682,0.035,22.957,0.664,3.0,-0.01,18.311,-0.001,0.033,155.685,-0.107,-0.5329999999999999
00:00:17.759,1572922061362,0.6809999999999999,0.035,22.957,0.664,3.0,-0.01,18.322,-0.001,0.033,155.99,-0.108,-0.5329999999999999
00:00:17.760,1572922061363,0.68,0.035,22.957,0.664,3.0,-0.01,18.334,-0.001,0.033,156.296,-0.109,-0.5329999999999999
00:00:17.761,1572922061364,0.68,0.034,22.957,0.664,3.0,-0.01,18.345,-0.001,0.032,156.601,-0.111,-0.5329999999999999
00:00:17.807,1572922061410,0.679,0.034,22.957,0.664,3.0,-0.01,18.356,-0.001,0.032,156.907,-0.112,-0.5329999999999999
00:00:17.808,1572922061411,0.679,0.034,22.957,0.664,3.0,-0.01,18.368,-0.001,0.032,157.213,-0.113,-0.5329999999999999
00:00:17.809,1572922061412,0.6779999999999999,0.033,22.957,0.664,3.0,-0.01,18.38,-0.001,0.032,157.539,-0.114,-0.5329999999999999
00:00:17.859,1572922061462,0.6779999999999999,0.033,22.957,0.664,3.0,-0.01,18.39,-0.001,0.032,157.826,-0.115,-0.5329999999999999
00:00:17.860,1572922061463,0.677,0.032,23.103,0.664,3.0,-0.01,18.402,-0.001,0.032,158.13299999999995,-0.117,-0.5329999999999999
00:00:17.861,1572922061464,0.677,0.032,23.103,0.664,3.0,-0.01,18.414,-0.001,0.032,158.459,-0.118,-0.5329999999999999
00:00:17.916,1572922061519,0.677,0.031,23.103,0.664,3.0,-0.01,18.424,-0.001,0.032,158.746,-0.119,-0.5329999999999999
00:00:17.917,1572922061520,0.677,0.031,23.103,0.664,3.0,-0.01,18.435,-0.001,0.032,159.054,-0.12,-0.5329999999999999
00:00:17.918,1572922061521,0.6779999999999999,0.031,23.103,0.664,3.0,-0.01,18.447,-0.001,0.032,159.361,-0.121,-0.5329999999999999
00:00:17.919,1572922061522,0.6779999999999999,0.031,23.103,0.664,3.0,-0.01,18.458,-0.001,0.032,159.668,-0.122,-0.5329999999999999
00:00:17.966,1572922061569,0.6779999999999999,0.031,23.103,0.664,3.0,-0.01,18.469,-0.001,0.032,159.976,-0.123,-0.5329999999999999
00:00:17.967,1572922061570,0.6779999999999999,0.031,23.103,0.664,3.0,-0.01,18.481,-0.001,0.032,160.284,-0.125,-0.5329999999999999
00:00:17.968,1572922061571,0.677,0.031,23.103,0.664,3.0,-0.01,18.492,-0.001,0.032,160.592,-0.126,-0.5329999999999999
00:00:18.016,1572922061619,0.677,0.031,23.103,0.664,3.0,-0.01,18.503,-0.001,0.032,160.9,-0.127,-0.5329999999999999
00:00:18.017,1572922061620,0.6759999999999999,0.031,23.103,0.664,3.0,-0.01,18.514,-0.001,0.032,161.209,-0.128,-0.5329999999999999
00:00:18.018,1572922061621,0.675,0.031,23.103,0.664,3.0,-0.01,18.526,-0.001,0.032,161.518,-0.129,-0.5329999999999999
00:00:18.067,1572922061670,0.675,0.031,23.103,0.664,3.0,-0.01,18.537,-0.001,0.032,161.826,-0.13,-0.5329999999999999
00:00:18.068,1572922061671,0.674,0.031,23.103,0.664,3.0,-0.01,18.548,-0.001,0.032,162.135,-0.131,-0.5329999999999999
00:00:18.069,1572922061672,0.674,0.03,23.103,0.664,3.0,-0.01,18.559,-0.001,0.032,162.445,-0.132,-0.5329999999999999
00:00:18.118,1572922061721,0.6729999999999999,0.03,23.103,0.664,3.0,-0.01,18.571,-0.001,0.032,162.754,-0.133,-0.5329999999999999
00:00:18.119,1572922061722,0.672,0.029,23.103,0.664,3.0,-0.01,18.582,-0.001,0.032,163.064,-0.134,-0.5329999999999999
00:00:18.120,1572922061723,0.672,0.028,23.103,0.664,3.0,-0.01,18.593,-0.001,0.032,163.374,-0.135,-0.5329999999999999
00:00:18.169,1572922061772,0.6709999999999999,0.028,22.957,0.664,3.0,-0.01,18.604,-0.001,0.032,163.683,-0.136,-0.5329999999999999
00:00:18.170,1572922061773,0.6709999999999999,0.026,22.957,0.664,3.0,-0.01,18.616,-0.001,0.032,164.013,-0.13699999999999998,-0.5329999999999999
00:00:18.171,1572922061774,0.67,0.026,22.957,0.664,3.0,-0.01,18.626,-0.002,0.032,164.304,-0.138,-0.5329999999999999
00:00:18.219,1572922061822,0.6679999999999999,0.025,22.957,0.664,3.0,-0.01,18.638,-0.002,0.032,164.615,-0.139,-0.5329999999999999
00:00:18.220,1572922061823,0.667,0.025,22.957,0.664,3.0,-0.01,18.649,-0.002,0.032,164.945,-0.14,-0.5329999999999999
00:00:18.221,1572922061824,0.6659999999999999,0.025,22.957,0.664,3.0,-0.01,18.66,-0.002,0.032,165.236,-0.141,-0.5329999999999999
00:00:18.269,1572922061872,0.665,0.025,23.103,0.664,3.0,-0.01,18.671,-0.002,0.032,165.547,-0.142,-0.5329999999999999
00:00:18.270,1572922061873,0.664,0.025,23.103,0.664,3.0,-0.01,18.682,-0.002,0.032,165.858,-0.14300000000000002,-0.5329999999999999
00:00:18.271,1572922061874,0.664,0.025,23.103,0.664,3.0,-0.01,18.693,-0.002,0.032,166.17,-0.14400000000000002,-0.5329999999999999
00:00:18.322,1572922061925,0.664,0.025,23.103,0.664,3.0,-0.01,18.704,-0.001,0.032,166.482,-0.145,-0.5329999999999999
00:00:18.323,1572922061926,0.665,0.025,23.103,0.664,3.0,-0.01,18.715,-0.001,0.032,166.793,-0.146,-0.5329999999999999
00:00:18.324,1572922061927,0.665,0.024,23.103,0.664,3.0,-0.01,18.726,-0.001,0.031,167.105,-0.147,-0.5329999999999999
00:00:18.373,1572922061976,0.665,0.024,23.103,0.664,3.0,-0.01,18.737,-0.001,0.031,167.418,-0.14800000000000002,-0.5329999999999999
00:00:18.374,1572922061977,0.665,0.023,23.103,0.664,3.0,-0.01,18.748,-0.001,0.031,167.73,-0.149,-0.5329999999999999
00:00:18.375,1572922061978,0.665,0.023,23.103,0.664,3.0,-0.009000000000000001,18.759,-0.001,0.031,168.043,-0.15,-0.5329999999999999
00:00:18.423,1572922062026,0.664,0.022,23.103,0.664,3.0,-0.009000000000000001,18.771,-0.001,0.031,168.355,-0.151,-0.5329999999999999
00:00:18.424,1572922062027,0.664,0.022,23.103,0.664,3.0,-0.009000000000000001,18.782,-0.001,0.031,168.668,-0.152,-0.5329999999999999
00:00:18.425,1572922062028,0.6629999999999999,0.022,23.103,0.664,3.0,-0.009000000000000001,18.793,-0.001,0.031,168.981,-0.153,-0.5329999999999999
00:00:18.474,1572922062077,0.662,0.021,23.103,0.664,3.0,-0.009000000000000001,18.804,-0.001,0.031,169.295,-0.154,-0.5329999999999999
00:00:18.475,1572922062078,0.662,0.021,23.103,0.664,3.0,-0.009000000000000001,18.815,-0.001,0.031,169.608,-0.155,-0.5329999999999999
00:00:18.476,1572922062079,0.6609999999999999,0.021,23.103,0.664,3.0,-0.009000000000000001,18.826,-0.001,0.031,169.922,-0.156,-0.5329999999999999
00:00:18.525,1572922062128,0.6609999999999999,0.021,23.103,0.664,3.0,-0.009000000000000001,18.837,-0.001,0.031,170.236,-0.157,-0.5329999999999999
00:00:18.526,1572922062129,0.66,0.021,23.103,0.664,3.0,-0.009000000000000001,18.848,-0.001,0.031,170.55,-0.157,-0.5329999999999999
00:00:18.527,1572922062130,0.66,0.021,23.103,0.664,3.0,-0.009000000000000001,18.859,-0.001,0.031,170.864,-0.158,-0.5329999999999999
00:00:18.575,1572922062178,0.659,0.021,23.103,0.664,3.0,-0.009000000000000001,18.87,-0.001,0.031,171.178,-0.159,-0.5329999999999999
00:00:18.576,1572922062179,0.659,0.021,23.103,0.664,3.0,-0.009000000000000001,18.881,-0.001,0.031,171.513,-0.16,-0.5329999999999999
00:00:18.577,1572922062180,0.6579999999999999,0.021,23.103,0.664,3.0,-0.009000000000000001,18.892,-0.001,0.031,171.808,-0.161,-0.5329999999999999
00:00:18.625,1572922062228,0.6579999999999999,0.02,23.103,0.664,3.0,-0.009000000000000001,18.902,-0.001,0.031,172.10299999999995,-0.162,-0.5329999999999999
00:00:18.626,1572922062229,0.6579999999999999,0.02,23.103,0.664,3.0,-0.009000000000000001,18.913,-0.001,0.031,172.418,-0.163,-0.5329999999999999
00:00:18.627,1572922062230,0.657,0.02,23.103,0.664,3.0,-0.008,18.924,-0.001,0.031,172.733,-0.16399999999999998,-0.5329999999999999
00:00:18.676,1572922062279,0.657,0.02,23.103,0.664,3.0,-0.008,18.935,-0.001,0.031,173.049,-0.16399999999999998,-0.5329999999999999
00:00:18.677,1572922062280,0.6559999999999999,0.02,23.103,0.664,3.0,-0.008,18.946,-0.001,0.031,173.365,-0.165,-0.5329999999999999
00:00:18.678,1572922062281,0.6559999999999999,0.02,23.103,0.664,3.0,-0.008,18.957,-0.001,0.031,173.68,-0.166,-0.5329999999999999
00:00:18.679,1572922062282,0.655,0.02,23.103,0.664,3.0,-0.008,18.967,-0.001,0.031,173.99599999999995,-0.16699999999999998,-0.5329999999999999
00:00:18.728,1572922062331,0.654,0.02,23.103,0.664,3.0,-0.008,18.978,-0.001,0.031,174.313,-0.168,-0.5329999999999999
00:00:18.729,1572922062332,0.653,0.02,23.103,0.664,3.0,-0.008,18.989,-0.001,0.031,174.62900000000005,-0.16899999999999998,-0.5329999999999999
00:00:18.730,1572922062333,0.653,0.021,23.103,0.664,3.0,-0.008,19.0,-0.001,0.031,174.946,-0.17,-0.5329999999999999
00:00:18.778,1572922062381,0.652,0.021,23.103,0.664,3.0,-0.008,19.012,-0.001,0.031,175.282,-0.17,-0.5329999999999999
00:00:18.779,1572922062382,0.652,0.021,23.103,0.664,3.0,-0.008,19.022,-0.001,0.031,175.579,-0.171,-0.5329999999999999
00:00:18.780,1572922062383,0.652,0.021,23.103,0.664,3.0,-0.008,19.033,-0.001,0.031,175.896,-0.172,-0.5329999999999999
00:00:18.830,1572922062433,0.6509999999999999,0.021,23.103,0.664,3.0,-0.008,19.044,-0.001,0.031,176.234,-0.173,-0.5329999999999999
00:00:18.831,1572922062434,0.6509999999999999,0.021,23.103,0.664,3.0,-0.008,19.054,-0.001,0.031,176.53099999999995,-0.174,-0.5329999999999999
00:00:18.832,1572922062435,0.6509999999999999,0.021,23.103,0.664,3.0,-0.008,19.065,-0.001,0.03,176.84900000000005,-0.174,-0.5329999999999999
00:00:18.880,1572922062483,0.65,0.021,23.103,0.664,3.0,-0.008,19.077,-0.001,0.03,177.187,-0.175,-0.5329999999999999
00:00:18.881,1572922062484,0.65,0.021,23.103,0.664,3.0,-0.008,19.087,-0.001,0.03,177.485,-0.17600000000000002,-0.5329999999999999
00:00:18.882,1572922062485,0.649,0.021,23.103,0.664,3.0,-0.008,19.098,-0.001,0.03,177.803,-0.177,-0.5329999999999999
00:00:18.931,1572922062534,0.649,0.021,23.103,0.664,3.0,-0.008,19.108,-0.001,0.03,178.12099999999995,-0.17800000000000002,-0.5329999999999999
00:00:18.932,1572922062535,0.649,0.021,23.103,0.664,3.0,-0.008,19.119,-0.001,0.03,178.44,-0.17800000000000002,-0.5329999999999999
00:00:18.933,1572922062536,0.648,0.021,23.323,0.664,3.0,-0.008,19.13,-0.001,0.03,178.759,-0.179,-0.5329999999999999
00:00:18.981,1572922062584,0.648,0.021,23.323,0.664,3.0,-0.008,19.142,-0.001,0.03,179.097,-0.18,-0.5329999999999999
00:00:18.982,1572922062585,0.649,0.021,23.323,0.664,3.0,-0.008,19.152,-0.001,0.03,179.39700000000005,-0.181,-0.5329999999999999
00:00:18.983,1572922062586,0.6509999999999999,0.021,23.323,0.664,3.0,-0.008,19.163,-0.001,0.03,179.71599999999995,-0.181,-0.5329999999999999
00:00:19.031,1572922062634,0.652,0.02,23.323,0.664,3.0,-0.008,19.173,-0.001,0.03,180.035,-0.182,-0.5329999999999999
00:00:19.032,1572922062635,0.652,0.02,23.323,0.664,3.0,-0.008,19.184,-0.001,0.03,180.355,-0.183,-0.5329999999999999
00:00:19.033,1572922062636,0.652,0.02,23.323,0.664,3.0,-0.008,19.195,-0.001,0.03,180.675,-0.184,-0.5329999999999999
00:00:19.088,1572922062691,0.652,0.02,23.323,0.664,3.0,-0.008,19.206,-0.001,0.03,180.995,-0.184,-0.5329999999999999
00:00:19.089,1572922062692,0.6509999999999999,0.02,23.323,0.664,3.0,-0.008,19.217,-0.001,0.03,181.315,-0.185,-0.5329999999999999
00:00:19.090,1572922062693,0.6509999999999999,0.02,23.323,0.664,3.0,-0.008,19.226,-0.001,0.03,181.575,-0.18600000000000005,-0.5329999999999999
00:00:19.138,1572922062741,0.65,0.02,23.323,0.664,3.0,-0.008,19.237,-0.001,0.03,181.916,-0.18600000000000005,-0.5329999999999999
00:00:19.139,1572922062742,0.65,0.019,23.323,0.664,3.0,-0.006999999999999999,19.247,-0.001,0.03,182.217,-0.187,-0.5329999999999999
00:00:19.140,1572922062743,0.649,0.019,23.323,0.664,3.0,-0.006999999999999999,19.258,-0.001,0.03,182.537,-0.188,-0.5329999999999999
00:00:19.189,1572922062792,0.649,0.019,23.323,0.664,3.0,-0.006999999999999999,19.269,-0.001,0.03,182.858,-0.188,-0.5329999999999999
00:00:19.190,1572922062793,0.648,0.018000000000000002,23.323,0.664,3.0,-0.006999999999999999,19.28,-0.001,0.03,183.18,-0.189,-0.5329999999999999
00:00:19.191,1572922062794,0.648,0.018000000000000002,23.323,0.664,3.0,-0.006999999999999999,19.291,-0.001,0.03,183.501,-0.19,-0.5329999999999999
00:00:19.242,1572922062845,0.648,0.018000000000000002,23.323,0.664,3.0,-0.006999999999999999,19.302,-0.001,0.03,183.843,-0.19,-0.5329999999999999
00:00:19.243,1572922062846,0.647,0.018000000000000002,23.323,0.664,3.0,-0.006999999999999999,19.312,-0.001,0.03,184.145,-0.191,-0.5329999999999999
00:00:19.244,1572922062847,0.647,0.017,23.323,0.664,3.0,-0.006999999999999999,19.323,-0.001,0.03,184.466,-0.192,-0.5329999999999999
00:00:19.291,1572922062894,0.647,0.017,23.323,0.664,3.0,-0.006999999999999999,19.334,-0.001,0.03,184.789,-0.192,-0.5329999999999999
00:00:19.292,1572922062895,0.6459999999999999,0.017,23.323,0.664,3.0,-0.006999999999999999,19.344,-0.001,0.03,185.111,-0.193,-0.5329999999999999
00:00:19.293,1572922062896,0.6459999999999999,0.017,23.323,0.664,3.0,-0.006999999999999999,19.355,-0.001,0.03,185.433,-0.194,-0.5329999999999999
00:00:19.341,1572922062944,0.6459999999999999,0.017,23.323,0.664,3.0,-0.006999999999999999,19.366,-0.001,0.03,185.756,-0.194,-0.5329999999999999
00:00:19.342,1572922062945,0.645,0.017,23.323,0.664,3.0,-0.006999999999999999,19.377,-0.001,0.03,186.079,-0.195,-0.5329999999999999
00:00:19.343,1572922062946,0.645,0.016,23.323,0.664,3.0,-0.006999999999999999,19.387,-0.001,0.03,186.402,-0.196,-0.5329999999999999
00:00:19.394,1572922062997,0.644,0.016,23.323,0.664,3.0,-0.006999999999999999,19.398,-0.001,0.03,186.725,-0.196,-0.5329999999999999
00:00:19.395,1572922062998,0.644,0.016,23.323,0.664,3.0,-0.006999999999999999,19.409,-0.001,0.03,187.049,-0.197,-0.5329999999999999
00:00:19.396,1572922062999,0.644,0.016,23.323,0.664,3.0,-0.006999999999999999,19.42,-0.001,0.03,187.372,-0.198,-0.5329999999999999
00:00:19.445,1572922063048,0.643,0.016,23.323,0.664,3.0,-0.006999999999999999,19.431,-0.001,0.03,187.716,-0.198,-0.5329999999999999
00:00:19.446,1572922063049,0.643,0.015,23.323,0.664,3.0,-0.006999999999999999,19.441,-0.001,0.03,188.02,-0.199,-0.5329999999999999
00:00:19.447,1572922063050,0.643,0.015,23.323,0.664,3.0,-0.006999999999999999,19.452,-0.001,0.03,188.344,-0.2,-0.5329999999999999
00:00:19.492,1572922063095,0.642,0.015,23.323,0.664,3.0,-0.006999999999999999,19.463,-0.001,0.03,188.689,-0.2,-0.5329999999999999
00:00:19.493,1572922063096,0.642,0.015,23.323,0.664,3.0,-0.006999999999999999,19.473,-0.001,0.03,188.993,-0.201,-0.5329999999999999
00:00:19.494,1572922063097,0.6409999999999999,0.015,23.323,0.664,3.0,-0.006999999999999999,19.484,-0.001,0.03,189.317,-0.201,-0.5329999999999999
00:00:19.559,1572922063162,0.6409999999999999,0.015,23.323,0.664,3.0,-0.006,19.495,-0.001,0.03,189.662,-0.202,-0.5329999999999999
00:00:19.560,1572922063163,0.6409999999999999,0.015,23.323,0.664,3.0,-0.006,19.505,-0.001,0.03,189.967,-0.203,-0.5329999999999999
00:00:19.561,1572922063164,0.6409999999999999,0.015,23.323,0.664,3.0,-0.006,19.516,-0.001,0.03,190.292,-0.203,-0.5329999999999999
00:00:19.562,1572922063165,0.64,0.015,23.323,0.664,3.0,-0.006,19.527,-0.001,0.03,190.618,-0.204,-0.5329999999999999
00:00:19.605,1572922063208,0.64,0.016,23.323,0.664,3.0,-0.006,19.538,-0.001,0.03,190.96400000000003,-0.205,-0.5329999999999999
00:00:19.606,1572922063209,0.64,0.017,23.323,0.664,3.0,-0.006,19.548,-0.001,0.03,191.269,-0.205,-0.5329999999999999
00:00:19.607,1572922063210,0.64,0.018000000000000002,23.323,0.664,3.0,-0.006,19.559,-0.001,0.03,191.595,-0.206,-0.5329999999999999
00:00:19.658,1572922063261,0.639,0.02,23.323,0.664,3.0,-0.006,19.569000000000006,-0.001,0.03,191.921,-0.206,-0.5329999999999999
00:00:19.659,1572922063262,0.639,0.022,23.323,0.664,3.0,-0.006,19.58,-0.001,0.03,192.247,-0.207,-0.5329999999999999
00:00:19.660,1572922063263,0.639,0.023,23.323,0.664,3.0,-0.006,19.591,0.0,0.03,192.594,-0.207,-0.5329999999999999
00:00:19.706,1572922063309,0.639,0.025,23.323,0.664,3.0,-0.006,19.601,0.0,0.03,192.9,-0.208,-0.5329999999999999
00:00:19.707,1572922063310,0.638,0.026,23.323,0.664,3.0,-0.006,19.612,0.0,0.03,193.227,-0.208,-0.5329999999999999
00:00:19.708,1572922063311,0.638,0.028,23.323,0.664,3.0,-0.006,19.622,0.0,0.03,193.554,-0.209,-0.5329999999999999
00:00:19.756,1572922063359,0.638,0.029,23.323,0.664,3.0,-0.006,19.634,0.0,0.03,193.901,-0.21,-0.5329999999999999
00:00:19.757,1572922063360,0.638,0.03,23.323,0.664,3.0,-0.006,19.644,0.0,0.03,194.208,-0.21,-0.5329999999999999
00:00:19.758,1572922063361,0.637,0.031,23.323,0.664,3.0,-0.006,19.655,0.0,0.03,194.556,-0.211,-0.5329999999999999
00:00:19.806,1572922063409,0.637,0.031,23.323,0.664,3.0,-0.006999999999999999,19.666,0.0,0.03,194.884,-0.211,-0.5329999999999999
00:00:19.807,1572922063410,0.637,0.032,23.323,0.664,3.0,-0.006999999999999999,19.675,0.0,0.03,195.191,-0.212,-0.5329999999999999
00:00:19.808,1572922063411,0.637,0.032,23.323,0.664,3.0,-0.006999999999999999,19.686,0.0,0.03,195.519,-0.212,-0.5329999999999999
00:00:19.860,1572922063463,0.636,0.033,23.323,0.664,3.0,-0.006999999999999999,19.697,-0.001,0.03,195.847,-0.213,-0.5329999999999999
00:00:19.861,1572922063464,0.636,0.034,23.323,0.664,3.0,-0.006999999999999999,19.707,-0.001,0.03,196.176,-0.213,-0.5329999999999999
00:00:19.862,1572922063465,0.636,0.036000000000000004,23.323,0.664,3.0,-0.008,19.719,-0.001,0.03,196.525,-0.214,-0.5329999999999999
00:00:19.907,1572922063510,0.635,0.038,23.323,0.664,3.0,-0.008,19.729,-0.001,0.03,196.854,-0.214,-0.5329999999999999
00:00:19.908,1572922063511,0.635,0.04,23.323,0.664,3.0,-0.008,19.739,-0.001,0.03,197.162,-0.214,-0.5329999999999999
00:00:19.909,1572922063512,0.635,0.042,23.323,0.664,3.0,-0.008,19.75,-0.001,0.03,197.491,-0.215,-0.5329999999999999
00:00:19.958,1572922063561,0.635,0.045,23.323,0.664,3.0,-0.008,19.76,-0.001,0.03,197.82,-0.215,-0.5329999999999999
00:00:19.959,1572922063562,0.635,0.047,23.323,0.664,3.0,-0.008,19.771,-0.001,0.03,198.17,-0.21600000000000005,-0.5329999999999999
00:00:19.960,1572922063563,0.634,0.049,23.323,0.664,3.0,-0.008,19.781,-0.001,0.03,198.479,-0.21600000000000005,-0.5329999999999999
00:00:20.009,1572922063612,0.634,0.052000000000000005,23.323,0.664,3.0,-0.009000000000000001,19.793,-0.001,0.03,198.83,-0.217,-0.5329999999999999
00:00:20.010,1572922063613,0.634,0.053,23.323,0.664,3.0,-0.009000000000000001,19.803,-0.001,0.03,199.16,-0.217,-0.5329999999999999
00:00:20.011,1572922063614,0.634,0.054000000000000006,23.323,0.664,3.0,-0.01,19.813,-0.002,0.03,199.469,-0.217,-0.5329999999999999
00:00:20.059,1572922063662,0.633,0.054000000000000006,23.323,0.664,3.0,-0.01,19.824,-0.002,0.03,199.799,-0.218,-0.5329999999999999
00:00:20.060,1572922063663,0.633,0.055,23.323,0.664,3.0,-0.01,19.834,-0.002,0.03,200.13,-0.218,-0.5329999999999999
00:00:20.061,1572922063664,0.633,0.055,23.323,0.664,3.0,-0.011,19.845,-0.002,0.03,200.461,-0.218,-0.5329999999999999
00:00:20.109,1572922063712,0.633,0.055,23.323,0.664,3.0,-0.011,19.856,-0.002,0.03,200.812,-0.219,-0.5329999999999999
00:00:20.110,1572922063713,0.632,0.055,23.323,0.664,3.0,-0.011,19.866,-0.002,0.03,201.122,-0.219,-0.5329999999999999
00:00:20.111,1572922063714,0.632,0.055,23.323,0.664,3.0,-0.012,19.877,-0.002,0.03,201.474,-0.219,-0.5329999999999999
00:00:20.167,1572922063770,0.632,0.055,23.323,0.664,3.0,-0.012,19.887,-0.003,0.029,201.785,-0.219,-0.5329999999999999
00:00:20.168,1572922063771,0.632,0.056,23.323,0.664,3.0,-0.012,19.898,-0.003,0.029,202.137,-0.22,-0.5329999999999999
00:00:20.169,1572922063772,0.631,0.056,23.323,0.664,3.0,-0.013,19.908,-0.003,0.029,202.448,-0.22,-0.5329999999999999
00:00:20.170,1572922063773,0.631,0.056,23.323,0.664,3.0,-0.013,19.919,-0.003,0.029,202.801,-0.22,-0.5329999999999999
00:00:20.220,1572922063823,0.631,0.056,23.323,0.664,3.0,-0.013,19.929,-0.003,0.029,203.112,-0.22,-0.5329999999999999
00:00:20.221,1572922063824,0.631,0.056,23.323,0.664,3.0,-0.013,19.94,-0.003,0.029,203.465,-0.22,-0.5329999999999999
00:00:20.222,1572922063825,0.63,0.056,23.323,0.664,3.0,-0.014,19.95,-0.003,0.029,203.777,-0.22,-0.5329999999999999
00:00:20.271,1572922063874,0.63,0.055,23.323,0.664,3.0,-0.014,19.96,-0.003,0.029,204.109,-0.221,-0.5329999999999999
00:00:20.272,1572922063875,0.63,0.054000000000000006,23.323,0.664,3.0,-0.014,19.971,-0.003,0.029,204.463,-0.221,-0.5329999999999999
00:00:20.273,1572922063876,0.63,0.053,23.323,0.664,3.0,-0.014,19.982,-0.003,0.029,204.796,-0.221,-0.5329999999999999
00:00:20.322,1572922063925,0.629,0.053,23.323,0.664,3.0,-0.015,19.992,-0.003,0.029,205.129,-0.221,-0.5329999999999999
00:00:20.323,1572922063926,0.629,0.052000000000000005,23.323,0.664,3.0,-0.015,20.002,-0.003,0.029,205.441,-0.221,-0.5329999999999999
00:00:20.324,1572922063927,0.629,0.051,23.323,0.664,3.0,-0.015,20.013,-0.003,0.029,205.796,-0.221,-0.5329999999999999
00:00:20.373,1572922063976,0.629,0.05,23.323,0.664,3.0,-0.015,20.024,-0.003,0.029,206.129,-0.221,-0.5329999999999999
00:00:20.374,1572922063977,0.628,0.05,23.323,0.664,3.0,-0.015,20.034,-0.003,0.029,206.463,-0.221,-0.5329999999999999
00:00:20.375,1572922063978,0.628,0.049,23.323,0.664,3.0,-0.015,20.044,-0.003,0.029,206.776,-0.221,-0.5329999999999999
00:00:20.424,1572922064027,0.628,0.049,23.323,0.664,3.0,-0.015,20.055,-0.003,0.029,207.111,-0.221,-0.5329999999999999
00:00:20.425,1572922064028,0.628,0.048,23.323,0.664,3.0,-0.015,20.066,-0.003,0.029,207.466,-0.221,-0.5329999999999999
00:00:20.426,1572922064029,0.627,0.048,23.323,0.664,3.0,-0.015,20.076,-0.003,0.029,207.8,-0.221,-0.5329999999999999
00:00:20.476,1572922064079,0.627,0.047,23.469,0.664,3.0,-0.015,20.086,-0.003,0.029,208.114,-0.221,-0.5329999999999999
00:00:20.477,1572922064080,0.627,0.046,23.469,0.664,3.0,-0.015,20.097,-0.003,0.029,208.47,-0.221,-0.5329999999999999
00:00:20.478,1572922064081,0.628,0.046,23.469,0.664,3.0,-0.015,20.108,-0.003,0.029,208.805,-0.221,-0.5329999999999999
00:00:20.524,1572922064127,0.628,0.045,23.469,0.664,3.0,-0.015,20.118,-0.003,0.029,209.14,-0.221,-0.5329999999999999
00:00:20.525,1572922064128,0.629,0.045,23.469,0.664,3.0,-0.015,20.129,-0.003,0.029,209.475,-0.221,-0.5329999999999999
00:00:20.526,1572922064129,0.63,0.044,23.469,0.664,3.0,-0.015,20.139,-0.003,0.029,209.811,-0.221,-0.5329999999999999
00:00:20.574,1572922064177,0.63,0.044,23.469,0.664,3.0,-0.015,20.15,-0.003,0.029,210.147,-0.221,-0.5329999999999999
00:00:20.575,1572922064178,0.629,0.043,23.469,0.664,3.0,-0.015,20.16,-0.003,0.029,210.483,-0.221,-0.5329999999999999
00:00:20.576,1572922064179,0.629,0.043,23.469,0.664,3.0,-0.015,20.17,-0.002,0.029,210.798,-0.221,-0.5329999999999999
00:00:20.624,1572922064227,0.629,0.042,23.469,0.664,3.0,-0.015,20.18,-0.002,0.029,211.134,-0.22,-0.5329999999999999
00:00:20.625,1572922064228,0.628,0.042,23.469,0.664,3.0,-0.015,20.191,-0.002,0.029,211.491,-0.22,-0.5329999999999999
00:00:20.626,1572922064229,0.628,0.042,23.469,0.664,3.0,-0.015,20.202,-0.002,0.029,211.828,-0.22,-0.5329999999999999
00:00:20.675,1572922064278,0.628,0.041,23.469,0.664,3.0,-0.015,20.212,-0.002,0.029,212.165,-0.22,-0.5329999999999999
00:00:20.676,1572922064279,0.627,0.041,23.469,0.664,3.0,-0.015,20.223,-0.002,0.029,212.502,-0.22,-0.5329999999999999
00:00:20.677,1572922064280,0.627,0.041,23.469,0.664,3.0,-0.015,20.233,-0.002,0.029,212.83900000000003,-0.22,-0.5329999999999999
00:00:20.729,1572922064332,0.627,0.041,23.469,0.664,3.0,-0.015,20.244,-0.002,0.029,213.176,-0.219,-0.5329999999999999
00:00:20.730,1572922064333,0.627,0.041,23.469,0.664,3.0,-0.015,20.255,-0.002,0.029,213.535,-0.219,-0.5329999999999999
00:00:20.731,1572922064334,0.627,0.041,23.469,0.664,3.0,-0.015,20.265,-0.002,0.029,213.851,-0.219,-0.5329999999999999
00:00:20.732,1572922064335,0.626,0.041,23.469,0.664,3.0,-0.015,20.275,-0.002,0.029,214.189,-0.219,-0.5329999999999999
00:00:20.780,1572922064383,0.626,0.041,23.469,0.664,3.0,-0.015,20.285,-0.002,0.029,214.527,-0.218,-0.5329999999999999
00:00:20.781,1572922064384,0.626,0.042,23.469,0.664,3.0,-0.015,20.296,-0.002,0.029,214.865,-0.218,-0.5329999999999999
00:00:20.782,1572922064385,0.626,0.042,23.469,0.664,3.0,-0.015,20.306,-0.002,0.029,215.183,-0.218,-0.5329999999999999
00:00:20.830,1572922064433,0.625,0.042,23.469,0.664,3.0,-0.015,20.317,-0.002,0.029,215.542,-0.218,-0.5329999999999999
00:00:20.831,1572922064434,0.625,0.042,23.469,0.664,3.0,-0.015,20.327,-0.002,0.029,215.881,-0.217,-0.5329999999999999
00:00:20.832,1572922064435,0.625,0.042,23.469,0.664,3.0,-0.015,20.338,-0.002,0.029,216.22,-0.217,-0.5329999999999999
00:00:20.880,1572922064483,0.625,0.042,23.469,0.664,3.0,-0.015,20.348,-0.002,0.029,216.55900000000003,-0.217,-0.5329999999999999
00:00:20.881,1572922064484,0.624,0.042,23.469,0.664,3.0,-0.015,20.358,-0.002,0.029,216.898,-0.21600000000000005,-0.5329999999999999
00:00:20.882,1572922064485,0.624,0.042,23.469,0.664,3.0,-0.015,20.369,-0.002,0.029,217.237,-0.21600000000000005,-0.5329999999999999
00:00:20.930,1572922064533,0.624,0.042,23.469,0.664,3.0,-0.015,20.379,-0.002,0.029,217.577,-0.21600000000000005,-0.5329999999999999
00:00:20.931,1572922064534,0.624,0.042,23.469,0.664,3.0,-0.015,20.389,-0.002,0.029,217.917,-0.215,-0.5329999999999999
00:00:20.932,1572922064535,0.623,0.042,23.469,0.664,3.0,-0.015,20.4,-0.002,0.029,218.257,-0.215,-0.5329999999999999
00:00:20.980,1572922064583,0.623,0.043,23.469,0.664,3.0,-0.015,20.41,-0.002,0.029,218.597,-0.214,-0.5329999999999999
00:00:20.981,1572922064584,0.623,0.043,23.469,0.664,3.0,-0.015,20.421,-0.002,0.029,218.937,-0.214,-0.5329999999999999
00:00:20.982,1572922064585,0.623,0.043,23.469,0.664,3.0,-0.015,20.431,-0.002,0.029,219.277,-0.214,-0.5329999999999999
00:00:21.030,1572922064633,0.622,0.044,23.469,0.664,3.0,-0.015,20.441,-0.002,0.029,219.618,-0.213,-0.5329999999999999
00:00:21.031,1572922064634,0.622,0.046,23.469,0.664,3.0,-0.015,20.452,-0.002,0.029,219.959,-0.213,-0.5329999999999999
00:00:21.032,1572922064635,0.622,0.048,23.469,0.664,3.0,-0.015,20.462,-0.002,0.029,220.3,-0.212,-0.5329999999999999
00:00:21.081,1572922064684,0.622,0.05,23.469,0.664,3.0,-0.015,20.472,-0.002,0.029,220.62,-0.212,-0.5329999999999999
00:00:21.082,1572922064685,0.621,0.053,23.469,0.664,3.0,-0.015,20.482,-0.002,0.029,220.94,-0.211,-0.5329999999999999
00:00:21.083,1572922064686,0.621,0.056,23.469,0.664,3.0,-0.015,20.492,-0.002,0.029,221.281,-0.211,-0.5329999999999999
00:00:21.135,1572922064738,0.621,0.058,23.469,0.664,3.0,-0.015,20.502,-0.002,0.029,221.623,-0.21,-0.5329999999999999
00:00:21.136,1572922064739,0.621,0.061,23.469,0.664,3.0,-0.015,20.513,-0.002,0.029,221.96400000000003,-0.21,-0.5329999999999999
00:00:21.137,1572922064740,0.62,0.062,23.469,0.664,3.0,-0.015,20.523000000000003,-0.002,0.029,222.306,-0.209,-0.5329999999999999
00:00:21.186,1572922064789,0.62,0.064,23.469,0.664,3.0,-0.015,20.533,-0.002,0.029,222.648,-0.209,-0.5329999999999999
00:00:21.187,1572922064790,0.62,0.064,23.469,0.664,3.0,-0.016,20.544,-0.002,0.029,222.991,-0.208,-0.5329999999999999
00:00:21.188,1572922064791,0.62,0.065,23.469,0.664,3.0,-0.016,20.554,-0.002,0.029,223.333,-0.207,-0.5329999999999999
00:00:21.236,1572922064839,0.619,0.065,23.469,0.664,3.0,-0.016,20.564,-0.002,0.029,223.676,-0.207,-0.5329999999999999
00:00:21.237,1572922064840,0.619,0.065,23.469,0.664,3.0,-0.017,20.574,-0.002,0.029,224.019,-0.206,-0.5329999999999999
00:00:21.238,1572922064841,0.619,0.066,23.469,0.664,3.0,-0.017,20.585,-0.002,0.029,224.362,-0.205,-0.5329999999999999
00:00:21.286,1572922064889,0.619,0.066,23.469,0.664,3.0,-0.017,20.595,-0.003,0.029,224.705,-0.205,-0.5329999999999999
00:00:21.287,1572922064890,0.618,0.068,23.469,0.664,3.0,-0.017,20.605,-0.003,0.029,225.048,-0.204,-0.5329999999999999
00:00:21.288,1572922064891,0.618,0.069,23.469,0.664,3.0,-0.018000000000000002,20.614,-0.003,0.029,225.327,-0.203,-0.5329999999999999
00:00:21.336,1572922064939,0.618,0.07,23.469,0.664,3.0,-0.018000000000000002,20.624,-0.003,0.029,225.671,-0.203,-0.5329999999999999
00:00:21.337,1572922064940,0.618,0.073,23.469,0.664,3.0,-0.018000000000000002,20.634,-0.003,0.029,226.015,-0.202,-0.5329999999999999
00:00:21.338,1572922064941,0.618,0.075,23.469,0.664,3.0,-0.018000000000000002,20.645,-0.003,0.029,226.359,-0.201,-0.5329999999999999
00:00:21.386,1572922064989,0.617,0.078,23.469,0.664,3.0,-0.018000000000000002,20.655,-0.003,0.029,226.703,-0.2,-0.5329999999999999
00:00:21.387,1572922064990,0.617,0.08,23.469,0.664,3.0,-0.019,20.665,-0.003,0.029,227.047,-0.2,-0.5329999999999999
00:00:21.388,1572922064991,0.617,0.083,23.469,0.664,3.0,-0.019,20.675,-0.003,0.029,227.392,-0.199,-0.5329999999999999
00:00:21.437,1572922065040,0.617,0.085,23.469,0.664,3.0,-0.019,20.686,-0.003,0.029,227.736,-0.198,-0.5329999999999999
00:00:21.438,1572922065041,0.616,0.086,23.469,0.664,3.0,-0.02,20.695,-0.004,0.029,228.06,-0.197,-0.5329999999999999
00:00:21.439,1572922065042,0.616,0.087,23.469,0.664,3.0,-0.02,20.706,-0.004,0.029,228.405,-0.196,-0.5329999999999999
00:00:21.491,1572922065094,0.616,0.08800000000000001,23.469,0.664,3.0,-0.021,20.717,-0.004,0.029,228.771,-0.195,-0.5329999999999999
00:00:21.492,1572922065095,0.616,0.08900000000000001,23.469,0.664,3.0,-0.021,20.726,-0.004,0.029,229.095,-0.194,-0.5329999999999999
00:00:21.493,1572922065096,0.615,0.08900000000000001,23.469,0.664,3.0,-0.021,20.736,-0.004,0.029,229.441,-0.193,-0.5329999999999999
00:00:21.541,1572922065144,0.615,0.08900000000000001,23.469,0.664,3.0,-0.022,20.747,-0.004,0.029,229.786,-0.192,-0.5329999999999999
00:00:21.542,1572922065145,0.615,0.09,23.469,0.664,3.0,-0.022,20.757,-0.004,0.029,230.132,-0.191,-0.5329999999999999
00:00:21.543,1572922065146,0.615,0.09,23.469,0.664,3.0,-0.023,20.767,-0.004,0.029,230.478,-0.19,-0.5329999999999999
00:00:21.591,1572922065194,0.614,0.091,23.469,0.664,3.0,-0.023,20.777,-0.004,0.029,230.825,-0.189,-0.5329999999999999
00:00:21.592,1572922065195,0.614,0.092,23.469,0.664,3.0,-0.023,20.788,-0.004,0.029,231.171,-0.188,-0.5329999999999999
00:00:21.598,1572922065201,0.614,0.094,23.469,0.664,3.0,-0.024,20.798,-0.005,0.029,231.517,-0.187,-0.5329999999999999
00:00:21.642,1572922065245,0.614,0.095,23.469,0.664,3.0,-0.024,20.808000000000003,-0.005,0.029,231.864,-0.185,-0.5329999999999999
00:00:21.643,1572922065246,0.614,0.096,23.469,0.664,3.0,-0.024,20.818,-0.005,0.029,232.211,-0.184,-0.5329999999999999
00:00:21.644,1572922065247,0.613,0.097,23.469,0.664,3.0,-0.025,20.829,-0.005,0.029,232.558,-0.183,-0.5329999999999999
00:00:21.691,1572922065294,0.613,0.097,23.469,0.664,3.0,-0.025,20.839,-0.005,0.029,232.905,-0.182,-0.5329999999999999
00:00:21.692,1572922065295,0.613,0.098,23.469,0.664,3.0,-0.025,20.849,-0.005,0.029,233.253,-0.18,-0.5329999999999999
00:00:21.693,1572922065296,0.613,0.098,23.469,0.664,3.0,-0.026,20.859,-0.005,0.029,233.6,-0.179,-0.5329999999999999
00:00:21.745,1572922065348,0.612,0.098,23.469,0.664,3.0,-0.026,20.869,-0.005,0.029,233.948,-0.17800000000000002,-0.5329999999999999
00:00:21.746,1572922065349,0.612,0.097,23.469,0.664,3.0,-0.026,20.88,-0.005,0.029,234.296,-0.17600000000000002,-0.5329999999999999
00:00:21.747,1572922065350,0.612,0.097,23.469,0.664,3.0,-0.027000000000000003,20.89,-0.005,0.029,234.644,-0.175,-0.5329999999999999
00:00:21.792,1572922065395,0.612,0.097,23.469,0.664,3.0,-0.027000000000000003,20.901,-0.005,0.029,235.014,-0.173,-0.5329999999999999
00:00:21.793,1572922065396,0.611,0.096,23.469,0.664,3.0,-0.027000000000000003,20.91,-0.005,0.029,235.341,-0.172,-0.5329999999999999
00:00:21.794,1572922065397,0.611,0.095,23.469,0.664,3.0,-0.027000000000000003,20.92,-0.005,0.029,235.689,-0.171,-0.5329999999999999
00:00:21.843,1572922065446,0.611,0.095,23.469,0.664,3.0,-0.028,20.931,-0.005,0.029,236.06,-0.16899999999999998,-0.5329999999999999
00:00:21.844,1572922065447,0.611,0.094,23.469,0.664,3.0,-0.028,20.941,-0.005,0.029,236.387,-0.168,-0.5329999999999999
00:00:21.845,1572922065448,0.61,0.094,23.469,0.664,3.0,-0.028,20.951,-0.005,0.029,236.736,-0.166,-0.5329999999999999
00:00:21.846,1572922065449,0.61,0.093,23.469,0.664,3.0,-0.028,20.961,-0.006,0.029,237.085,-0.16399999999999998,-0.5329999999999999
00:00:21.901,1572922065504,0.61,0.092,23.469,0.664,3.0,-0.028,20.971,-0.006,0.029,237.435,-0.163,-0.5329999999999999
00:00:21.902,1572922065505,0.61,0.091,23.469,0.664,3.0,-0.029,20.981,-0.006,0.029,237.784,-0.161,-0.5329999999999999
00:00:21.903,1572922065506,0.609,0.09,23.469,0.664,3.0,-0.029,20.991,-0.006,0.029,238.134,-0.159,-0.5329999999999999
00:00:21.952,1572922065555,0.609,0.08800000000000001,23.469,0.664,3.0,-0.029,21.002,-0.006,0.029,238.484,-0.158,-0.5329999999999999
00:00:21.953,1572922065556,0.609,0.087,23.469,0.664,3.0,-0.029,21.012,-0.006,0.029,238.834,-0.156,-0.5329999999999999
00:00:21.954,1572922065557,0.609,0.085,23.469,0.664,3.0,-0.029,21.022,-0.006,0.029,239.18400000000003,-0.154,-0.5329999999999999
00:00:22.002,1572922065605,0.609,0.083,23.469,0.664,3.0,-0.029,21.032,-0.006,0.029,239.535,-0.153,-0.5329999999999999
00:00:22.003,1572922065606,0.608,0.081,23.469,0.664,3.0,-0.029,21.042,-0.006,0.029,239.885,-0.151,-0.5329999999999999
00:00:22.004,1572922065607,0.608,0.079,23.469,0.664,3.0,-0.029,21.052,-0.006,0.029,240.236,-0.149,-0.5329999999999999
00:00:22.052,1572922065655,0.608,0.077,23.469,0.664,3.0,-0.029,21.062,-0.006,0.029,240.587,-0.147,-0.5329999999999999
00:00:22.053,1572922065656,0.608,0.075,23.469,0.664,3.0,-0.029,21.073,-0.006,0.029,240.938,-0.145,-0.5329999999999999
00:00:22.054,1572922065657,0.607,0.073,23.469,0.664,3.0,-0.029,21.083,-0.006,0.029,241.29,-0.14300000000000002,-0.5329999999999999
00:00:22.102,1572922065705,0.607,0.07200000000000001,23.469,0.664,3.0,-0.029,21.093000000000004,-0.006,0.029,241.641,-0.141,-0.5329999999999999
00:00:22.103,1572922065706,0.607,0.07,23.469,0.664,3.0,-0.029,21.103,-0.006,0.029,241.993,-0.14,-0.5329999999999999
00:00:22.104,1572922065707,0.607,0.068,23.469,0.664,3.0,-0.029,21.113000000000003,-0.005,0.029,242.344,-0.138,-0.5329999999999999
00:00:22.152,1572922065755,0.606,0.066,23.469,0.664,3.0,-0.029,21.123,-0.005,0.029,242.696,-0.136,-0.5329999999999999
00:00:22.153,1572922065756,0.606,0.064,23.469,0.664,3.0,-0.028,21.133000000000006,-0.005,0.029,243.049,-0.134,-0.5329999999999999
00:00:22.154,1572922065757,0.606,0.061,23.469,0.664,3.0,-0.028,21.143,-0.005,0.029,243.401,-0.132,-0.5329999999999999
00:00:22.203,1572922065806,0.606,0.059,23.469,0.664,3.0,-0.028,21.153,-0.005,0.029,243.753,-0.13,-0.5329999999999999
00:00:22.204,1572922065807,0.606,0.056,23.469,0.664,3.0,-0.028,21.163,-0.005,0.029,244.084,-0.128,-0.5329999999999999
00:00:22.205,1572922065808,0.605,0.053,23.469,0.664,3.0,-0.028,21.173,-0.005,0.029,244.437,-0.126,-0.5329999999999999
00:00:22.255,1572922065858,0.605,0.05,23.469,0.664,3.0,-0.027000000000000003,21.183000000000003,-0.005,0.028,244.79,-0.124,-0.5329999999999999
00:00:22.256,1572922065859,0.605,0.047,23.469,0.664,3.0,-0.027000000000000003,21.193,-0.005,0.028,245.143,-0.122,-0.5329999999999999
00:00:22.257,1572922065860,0.605,0.044,23.469,0.664,3.0,-0.027000000000000003,21.203000000000007,-0.005,0.028,245.496,-0.119,-0.5329999999999999
00:00:22.310,1572922065913,0.604,0.041,23.469,0.664,3.0,-0.026,21.213,-0.005,0.028,245.85,-0.117,-0.5329999999999999
00:00:22.311,1572922065914,0.604,0.039,23.469,0.664,3.0,-0.026,21.223000000000006,-0.004,0.028,246.203,-0.115,-0.5329999999999999
00:00:22.312,1572922065915,0.604,0.036000000000000004,23.469,0.664,3.0,-0.025,21.233,-0.004,0.028,246.557,-0.113,-0.5329999999999999
00:00:22.355,1572922065958,0.604,0.034,23.469,0.664,3.0,-0.025,21.243,-0.004,0.028,246.911,-0.111,-0.5329999999999999
00:00:22.356,1572922065959,0.603,0.031,23.469,0.664,3.0,-0.024,21.253,-0.004,0.028,247.265,-0.109,-0.5329999999999999
00:00:22.357,1572922065960,0.603,0.029,23.469,0.664,3.0,-0.024,21.263,-0.004,0.028,247.61900000000003,-0.107,-0.5329999999999999
00:00:22.418,1572922066021,0.603,0.026,23.469,0.664,3.0,-0.023,21.274,-0.004,0.028,247.974,-0.105,-0.5329999999999999
00:00:22.419,1572922066022,0.603,0.024,23.469,0.664,3.0,-0.023,21.284,-0.004,0.028,248.328,-0.102,-0.5329999999999999
00:00:22.420,1572922066023,0.603,0.021,23.469,0.664,3.0,-0.022,21.294,-0.003,0.028,248.683,-0.1,-0.5329999999999999
00:00:22.455,1572922066058,0.602,0.019,23.469,0.664,3.0,-0.022,21.304,-0.003,0.028,249.038,-0.098,-0.5329999999999999
00:00:22.456,1572922066059,0.602,0.016,23.469,0.664,3.0,-0.021,21.314,-0.003,0.028,249.393,-0.096,-0.5329999999999999
00:00:22.457,1572922066060,0.602,0.013,23.469,0.664,3.0,-0.021,21.324,-0.003,0.028,249.771,-0.094,-0.5329999999999999
00:00:22.505,1572922066108,0.602,0.01,23.469,0.664,3.0,-0.02,21.334,-0.003,0.028,250.104,-0.092,-0.5329999999999999
00:00:22.506,1572922066109,0.601,0.006999999999999999,23.469,0.664,3.0,-0.019,21.344,-0.003,0.028,250.46,-0.08900000000000001,-0.5329999999999999
00:00:22.507,1572922066110,0.601,0.004,23.469,0.664,3.0,-0.019,21.354,-0.003,0.028,250.816,-0.087,-0.5329999999999999
00:00:22.557,1572922066160,0.601,0.001,23.469,0.664,3.0,-0.018000000000000002,21.364,-0.002,0.028,251.172,-0.085,-0.5329999999999999
00:00:22.558,1572922066161,0.601,-0.001,23.469,0.664,3.0,-0.018000000000000002,21.374,-0.002,0.028,251.528,-0.083,-0.5329999999999999
00:00:22.559,1572922066162,0.6,-0.004,23.469,0.664,3.0,-0.017,21.384,-0.002,0.028,251.884,-0.081,-0.5329999999999999
00:00:22.608,1572922066211,0.6,-0.006,23.469,0.664,3.0,-0.016,21.394,-0.002,0.028,252.241,-0.078,-0.5329999999999999
00:00:22.609,1572922066212,0.6,-0.006999999999999999,23.469,0.664,3.0,-0.015,21.404,-0.002,0.028,252.597,-0.076,-0.5329999999999999
00:00:22.610,1572922066213,0.6,-0.009000000000000001,23.469,0.664,3.0,-0.015,21.414,-0.001,0.028,252.954,-0.07400000000000001,-0.5329999999999999
00:00:22.659,1572922066262,0.599,-0.01,23.469,0.664,3.0,-0.014,21.424,-0.001,0.028,253.311,-0.07200000000000001,-0.5329999999999999
00:00:22.660,1572922066263,0.599,-0.011,23.469,0.664,3.0,-0.013,21.434,-0.001,0.028,253.668,-0.07,-0.5329999999999999
00:00:22.661,1572922066264,0.599,-0.011,23.469,0.664,3.0,-0.012,21.444000000000006,-0.001,0.028,254.025,-0.067,-0.5329999999999999
00:00:22.710,1572922066313,0.599,-0.012,23.469,0.664,3.0,-0.012,21.454,0.0,0.028,254.383,-0.065,-0.5329999999999999
00:00:22.711,1572922066314,0.598,-0.012,23.469,0.664,3.0,-0.011,21.464,0.0,0.028,254.74,-0.063,-0.5329999999999999
00:00:22.712,1572922066315,0.598,-0.013,23.469,0.664,3.0,-0.01,21.474,0.0,0.028,255.098,-0.061,-0.5329999999999999
00:00:22.713,1572922066316,0.598,-0.013,23.469,0.664,3.0,-0.01,21.484,0.001,0.028,255.456,-0.059,-0.5329999999999999
00:00:22.768,1572922066371,0.598,-0.014,23.469,0.664,3.0,-0.009000000000000001,21.494,0.001,0.028,255.814,-0.057,-0.534
00:00:22.769,1572922066372,0.597,-0.014,23.469,0.664,3.0,-0.008,21.503,0.001,0.028,256.173,-0.054000000000000006,-0.534
00:00:22.770,1572922066373,0.597,-0.015,23.469,0.664,3.0,-0.008,21.513,0.002,0.028,256.531,-0.052000000000000005,-0.534
00:00:22.818,1572922066421,0.597,-0.015,23.469,0.664,3.0,-0.006999999999999999,21.523000000000003,0.002,0.028,256.89,-0.05,-0.534
00:00:22.819,1572922066422,0.597,-0.016,23.469,0.664,3.0,-0.006999999999999999,21.533,0.002,0.028,257.249,-0.048,-0.534
00:00:22.820,1572922066423,0.597,-0.016,23.469,0.664,3.0,-0.006,21.54300000000001,0.002,0.028,257.608,-0.046,-0.534
00:00:22.872,1572922066475,0.596,-0.016,23.469,0.664,3.0,-0.006,21.553,0.002,0.028,257.967,-0.044,-0.534
00:00:22.873,1572922066476,0.596,-0.016,23.469,0.664,3.0,-0.005,21.563,0.002,0.028,258.326,-0.041,-0.534
00:00:22.874,1572922066477,0.596,-0.016,23.469,0.664,3.0,-0.005,21.573,0.002,0.028,258.685,-0.039,-0.534
00:00:22.923,1572922066526,0.596,-0.016,23.469,0.664,3.0,-0.004,21.583,0.002,0.028,259.045,-0.037000000000000005,-0.534
00:00:22.924,1572922066527,0.595,-0.015,23.469,0.664,3.0,-0.004,21.593000000000004,0.002,0.028,259.405,-0.035,-0.534
00:00:22.925,1572922066528,0.595,-0.014,23.469,0.664,3.0,-0.004,21.603,0.002,0.028,259.765,-0.033,-0.534
00:00:22.970,1572922066573,0.595,-0.014,23.469,0.664,3.0,-0.003,21.613000000000003,0.002,0.028,260.125,-0.031,-0.534
00:00:22.971,1572922066574,0.595,-0.013,23.469,0.664,3.0,-0.003,21.623,0.002,0.028,260.485,-0.029,-0.534
00:00:22.972,1572922066575,0.595,-0.012,23.469,0.664,3.0,-0.003,21.63300000000001,0.002,0.028,260.846,-0.026,-0.534
00:00:23.022,1572922066625,0.594,-0.011,23.469,0.664,3.0,-0.002,21.642,0.002,0.028,261.206,-0.024,-0.534
00:00:23.023,1572922066626,0.594,-0.01,23.469,0.664,3.0,-0.002,21.653,0.002,0.028,261.59,-0.022,-0.534
00:00:23.024,1572922066627,0.594,-0.009000000000000001,23.469,0.664,3.0,-0.002,21.662,0.002,0.028,261.928,-0.02,-0.534
00:00:23.073,1572922066676,0.594,-0.008,23.469,0.664,3.0,-0.002,21.672,0.002,0.028,262.289,-0.018000000000000002,-0.534
00:00:23.074,1572922066677,0.593,-0.008,23.469,0.664,3.0,-0.001,21.683000000000003,0.002,0.028,262.673,-0.016,-0.534
00:00:23.075,1572922066678,0.593,-0.006999999999999999,23.469,0.664,3.0,-0.001,21.692,0.002,0.028,263.012,-0.014,-0.534
00:00:23.123,1572922066726,0.593,-0.006,23.469,0.664,3.0,-0.001,21.702,0.002,0.028,263.373,-0.012,-0.534
00:00:23.124,1572922066727,0.593,-0.005,23.469,0.664,3.0,-0.001,21.712,0.002,0.028,263.758,-0.009000000000000001,-0.534
00:00:23.125,1572922066728,0.5920000000000001,-0.004,23.469,0.664,3.0,-0.001,21.722,0.001,0.028,264.12,-0.006999999999999999,-0.534
00:00:23.180,1572922066783,0.5920000000000001,-0.003,23.469,0.664,3.0,-0.001,21.731,0.001,0.028,264.459,-0.005,-0.534
00:00:23.181,1572922066784,0.5920000000000001,-0.002,23.469,0.664,3.0,-0.001,21.741,0.001,0.028,264.822,-0.003,-0.534
00:00:23.182,1572922066785,0.5920000000000001,-0.001,23.469,0.664,3.0,0.0,21.751,0.001,0.028,265.184,-0.001,-0.534
00:00:23.183,1572922066786,0.591,0.0,23.469,0.664,3.0,0.0,21.761,0.001,0.028,265.547,0.001,-0.534
00:00:23.233,1572922066836,0.591,0.001,23.469,0.664,3.0,0.0,21.771,0.001,0.028,265.909,0.003,-0.534
00:00:23.234,1572922066837,0.591,0.001,23.469,0.664,3.0,0.0,21.781,0.001,0.028,266.272,0.005,-0.534
00:00:23.235,1572922066838,0.591,0.002,23.469,0.664,3.0,0.0,21.79,0.0,0.027000000000000003,266.635,0.008,-0.534
00:00:23.283,1572922066886,0.591,0.003,23.469,0.664,3.0,0.0,21.8,0.0,0.027000000000000003,266.999,0.01,-0.534
00:00:23.284,1572922066887,0.59,0.004,23.469,0.664,3.0,0.0,21.811,0.0,0.027000000000000003,267.385,0.012,-0.534
00:00:23.285,1572922066888,0.59,0.004,23.469,0.664,3.0,0.0,21.82,0.0,0.027000000000000003,267.726,0.014,-0.534
00:00:23.337,1572922066940,0.59,0.005,23.469,0.664,3.0,0.0,21.83,0.0,0.027000000000000003,268.089,0.016,-0.534
00:00:23.338,1572922066941,0.59,0.005,23.469,0.664,3.0,-0.001,21.84,0.0,0.027000000000000003,268.453,0.018000000000000002,-0.534
00:00:23.339,1572922066942,0.589,0.006,23.469,0.664,3.0,-0.001,21.849,0.0,0.027000000000000003,268.817,0.02,-0.534
00:00:23.388,1572922066991,0.589,0.006,23.469,0.664,3.0,-0.001,21.86,0.0,0.027000000000000003,269.204,0.023,-0.534
00:00:23.389,1572922066992,0.589,0.006,23.469,0.664,3.0,-0.001,21.869,-0.001,0.027000000000000003,269.546,0.025,-0.534
00:00:23.390,1572922066993,0.589,0.006,23.469,0.664,3.0,-0.001,21.879,-0.001,0.027000000000000003,269.91,0.027000000000000003,-0.534
00:00:23.439,1572922067042,0.588,0.006,23.469,0.664,3.0,-0.001,21.889,-0.001,0.027000000000000003,270.298,0.029,-0.534
00:00:23.440,1572922067043,0.588,0.006,23.469,0.664,3.0,-0.001,21.898000000000003,-0.001,0.027000000000000003,270.64,0.031,-0.534
00:00:23.441,1572922067044,0.588,0.006,23.469,0.664,3.0,-0.001,21.908,-0.001,0.027000000000000003,271.005,0.033,-0.534
00:00:23.491,1572922067094,0.588,0.006,23.469,0.664,3.0,-0.001,21.91800000000001,-0.001,0.027000000000000003,271.37,0.035,-0.534
00:00:23.492,1572922067095,0.588,0.006,23.469,0.664,3.0,-0.001,21.928,-0.001,0.027000000000000003,271.759,0.038,-0.534
00:00:23.493,1572922067096,0.5870000000000001,0.006,23.469,0.664,3.0,-0.001,21.938,-0.001,0.027000000000000003,272.101,0.04,-0.534
00:00:23.541,1572922067144,0.5870000000000001,0.006,23.469,0.664,3.0,-0.001,21.947,-0.001,0.027000000000000003,272.467,0.042,-0.534
00:00:23.542,1572922067145,0.5870000000000001,0.006,23.469,0.664,3.0,-0.001,21.958,-0.001,0.027000000000000003,272.856,0.044,-0.534
00:00:23.543,1572922067146,0.5870000000000001,0.006,23.469,0.664,3.0,-0.001,21.967,-0.001,0.027000000000000003,273.199,0.046,-0.534
00:00:23.603,1572922067206,0.5870000000000001,0.006999999999999999,23.469,0.664,3.0,-0.001,21.977,-0.001,0.027000000000000003,273.565,0.048,-0.534
00:00:23.604,1572922067207,0.586,0.006999999999999999,23.469,0.664,3.0,-0.001,21.987,-0.001,0.027000000000000003,273.931,0.051,-0.534
00:00:23.605,1572922067208,0.586,0.006999999999999999,23.469,0.664,3.0,-0.001,21.996,-0.001,0.027000000000000003,274.298,0.053,-0.534
00:00:23.606,1572922067209,0.586,0.006999999999999999,23.469,0.664,3.0,-0.002,22.007,-0.001,0.027000000000000003,274.688,0.055,-0.534
00:00:23.649,1572922067252,0.586,0.006,23.469,0.664,3.0,-0.002,22.016,-0.001,0.027000000000000003,275.031,0.057,-0.534
00:00:23.650,1572922067253,0.586,0.006,23.469,1.128,3.0,-0.002,22.026,-0.001,0.027000000000000003,275.398,0.059,-0.534
00:00:23.651,1572922067254,0.5820000000000001,0.006,23.469,1.128,3.0,-0.002,22.035,-0.001,0.027000000000000003,275.766,0.062,-0.534
00:00:23.700,1572922067303,0.5770000000000001,0.006,23.469,1.128,3.0,-0.002,22.045,-0.001,0.027000000000000003,276.133,0.064,-0.534
00:00:23.701,1572922067304,0.574,0.005,23.469,1.128,3.0,-0.002,22.054,-0.001,0.027000000000000003,276.5,0.066,-0.534
00:00:23.702,1572922067305,0.573,0.005,23.469,1.128,3.0,-0.002,22.064,-0.001,0.027000000000000003,276.868,0.068,-0.534
00:00:23.758,1572922067361,0.573,0.005,23.469,1.128,3.0,-0.002,22.073,-0.001,0.027000000000000003,277.236,0.07,-0.534
00:00:23.759,1572922067362,0.5720000000000001,0.005,23.469,0.664,3.0,-0.002,22.083,-0.001,0.027000000000000003,277.60400000000004,0.073,-0.534
00:00:23.760,1572922067363,0.575,0.004,23.469,0.664,3.0,-0.002,22.093000000000004,-0.001,0.027000000000000003,277.995,0.075,-0.534
00:00:23.807,1572922067410,0.58,0.004,23.469,0.664,3.0,-0.002,22.102,-0.001,0.027000000000000003,278.34,0.077,-0.534
00:00:23.808,1572922067411,0.5820000000000001,0.004,23.469,0.664,3.0,-0.002,22.112,-0.001,0.027000000000000003,278.709,0.079,-0.534
00:00:23.809,1572922067412,0.583,0.004,23.469,0.664,3.0,-0.002,22.122,0.0,0.027000000000000003,279.077,0.081,-0.534
00:00:23.854,1572922067457,0.583,0.004,23.469,0.664,3.0,-0.002,22.131,0.0,0.026,279.446,0.084,-0.534
00:00:23.855,1572922067458,0.583,0.004,23.469,0.664,3.0,-0.002,22.141,0.0,0.026,279.815,0.086,-0.534
00:00:23.856,1572922067459,0.583,0.003,23.469,0.664,3.0,-0.002,22.151,0.0,0.026,280.184,0.08800000000000001,-0.534
00:00:23.905,1572922067508,0.583,0.003,23.469,0.664,3.0,-0.002,22.161,0.0,0.026,280.553,0.09,-0.534
00:00:23.906,1572922067509,0.583,0.003,23.469,0.664,3.0,-0.002,22.17,0.0,0.026,280.923,0.092,-0.534
00:00:23.907,1572922067510,0.583,0.003,23.469,0.664,3.0,-0.002,22.18,0.0,0.026,281.29200000000003,0.095,-0.534
00:00:23.955,1572922067558,0.5820000000000001,0.003,23.469,0.664,3.0,-0.002,22.19,0.0,0.026,281.6620000000001,0.097,-0.534
00:00:23.956,1572922067559,0.5820000000000001,0.003,23.469,0.664,3.0,-0.002,22.199,0.0,0.026,282.032,0.099,-0.534
00:00:23.957,1572922067560,0.5820000000000001,0.003,23.469,0.664,3.0,-0.002,22.21,0.0,0.026,282.425,0.102,-0.534
00:00:24.007,1572922067610,0.5820000000000001,0.003,23.469,0.664,3.0,-0.002,22.219,0.0,0.026,282.772,0.104,-0.534
00:00:24.008,1572922067611,0.5820000000000001,0.003,23.469,0.664,3.0,-0.002,22.228,0.0,0.026,283.143,0.106,-0.534
00:00:24.009,1572922067612,0.581,0.003,23.469,0.664,3.0,-0.002,22.239,0.0,0.026,283.536,0.108,-0.534
00:00:24.057,1572922067660,0.581,0.003,23.469,0.664,3.0,-0.002,22.248,0.0,0.026,283.907,0.11,-0.534
00:00:24.058,1572922067661,0.581,0.003,23.469,0.664,3.0,-0.002,22.25800000000001,0.0,0.026,284.255,0.113,-0.534
00:00:24.059,1572922067662,0.581,0.003,23.469,0.664,3.0,-0.002,22.268,0.0,0.027000000000000003,284.649,0.115,-0.534
00:00:24.108,1572922067711,0.581,0.003,23.469,0.664,3.0,-0.002,22.277,0.0,0.027000000000000003,284.997,0.117,-0.534
00:00:24.109,1572922067712,0.58,0.003,23.469,0.664,3.0,-0.001,22.287,0.0,0.027000000000000003,285.368,0.119,-0.534
00:00:24.110,1572922067713,0.58,0.003,23.469,0.664,3.0,-0.001,22.297,0.0,0.027000000000000003,285.763,0.122,-0.534
00:00:24.159,1572922067762,0.58,0.003,23.469,0.664,3.0,-0.001,22.306,0.0,0.027000000000000003,286.112,0.124,-0.534
00:00:24.160,1572922067763,0.58,0.003,23.323,0.664,3.0,-0.001,22.316,0.0,0.027000000000000003,286.483,0.126,-0.534
00:00:24.161,1572922067764,0.58,0.003,23.323,0.664,3.0,-0.001,22.326,0.0,0.027000000000000003,286.879,0.128,-0.534
00:00:24.209,1572922067812,0.579,0.003,23.323,0.664,3.0,-0.001,22.335,0.0,0.027000000000000003,287.228,0.13,-0.534
00:00:24.210,1572922067813,0.578,0.003,23.323,0.664,3.0,-0.001,22.344,0.0,0.027000000000000003,287.6,0.133,-0.534
00:00:24.211,1572922067814,0.5770000000000001,0.003,23.323,0.664,3.0,-0.001,22.354,0.0,0.027000000000000003,287.972,0.135,-0.534
00:00:24.260,1572922067863,0.5760000000000001,0.003,23.323,0.664,3.0,-0.001,22.364,0.0,0.027000000000000003,288.368,0.13699999999999998,-0.534
00:00:24.261,1572922067864,0.575,0.003,15.265999999999998,0.664,3.0,-0.001,22.373,0.0,0.027000000000000003,288.718,0.14,-0.534
00:00:24.262,1572922067865,0.57,0.003,15.265999999999998,0.664,3.0,-0.001,22.38300000000001,0.0,0.027000000000000003,289.091,0.142,-0.534
00:00:24.263,1572922067866,0.53,0.003,15.265999999999998,0.664,3.0,-0.001,22.391,0.0,0.026,289.487,0.14400000000000002,-0.534
00:00:24.321,1572922067924,0.461,0.003,15.265999999999998,0.664,3.0,-0.001,22.397,0.0,0.026,289.837,0.146,-0.534
00:00:24.322,1572922067925,0.377,0.003,15.265999999999998,0.664,3.0,-0.001,22.403,0.0,0.025,290.2340000000001,0.149,-0.534
00:00:24.323,1572922067926,0.32299999999999995,0.003,15.265999999999998,0.664,3.0,-0.001,22.407,0.0,0.023,290.584,0.151,-0.534
00:00:24.371,1572922067974,0.295,0.003,2.082,0.664,3.0,-0.001,22.412,0.0,0.022,290.957,0.153,-0.534
00:00:24.372,1572922067975,0.282,0.003,2.082,0.664,3.0,-0.001,22.417,0.0,0.019,291.3540000000001,0.155,-0.534
00:00:24.373,1572922067976,0.225,0.002,2.082,0.664,3.0,-0.001,22.419,0.0,0.017,291.728,0.158,-0.534
00:00:24.421,1572922068024,0.102,0.002,2.082,0.664,3.0,-0.001,22.419,0.0,0.014,292.078,0.16,-0.534
00:00:24.422,1572922068025,-0.077,0.002,2.082,0.664,3.0,-0.001,22.415,0.0,0.01,292.475,0.162,-0.534
00:00:24.423,1572922068026,-0.211,0.002,2.082,0.664,3.0,-0.001,22.41,0.0,0.005,292.825,0.16399999999999998,-0.534
00:00:24.472,1572922068075,-0.287,0.003,1.13,0.664,3.0,-0.001,22.404,0.0,-0.001,293.222,0.16699999999999998,-0.534
00:00:24.473,1572922068076,-0.279,0.003,1.13,0.664,3.0,-0.001,22.4,0.0,-0.006999999999999999,293.595,0.16899999999999998,-0.534
00:00:24.474,1572922068077,-0.246,0.003,1.13,0.664,3.0,-0.001,22.397,0.0,-0.013,293.945,0.171,-0.534
00:00:24.524,1572922068127,-0.233,0.003,1.13,0.664,3.0,-0.001,22.393,0.0,-0.019,294.319,0.173,-0.534
00:00:24.525,1572922068128,-0.261,0.003,1.13,0.664,3.0,-0.001,22.388,0.0,-0.026,294.715,0.17600000000000002,-0.534
00:00:24.526,1572922068129,-0.271,0.003,1.13,0.664,3.0,-0.001,22.384,0.0,-0.032,295.065,0.17800000000000002,-0.534
00:00:24.575,1572922068178,-0.268,0.002,1.13,0.664,3.0,-0.001,22.379,0.0,-0.038,295.438,0.18,-0.534
00:00:24.576,1572922068179,-0.271,0.002,1.13,0.664,3.0,-0.001,22.374,0.0,-0.045,295.834,0.183,-0.5329999999999999
00:00:24.577,1572922068180,-0.274,0.002,1.13,0.664,3.0,-0.001,22.37,0.0,-0.051,296.184,0.185,-0.5329999999999999
00:00:24.625,1572922068228,-0.276,0.002,1.13,0.664,3.0,-0.001,22.365,0.0,-0.058,296.58,0.187,-0.5329999999999999
00:00:24.626,1572922068229,-0.277,0.002,1.13,0.664,3.0,-0.001,22.361,0.0,-0.064,296.9290000000001,0.189,-0.5329999999999999
00:00:24.627,1572922068230,-0.278,0.002,1.13,0.664,3.0,-0.001,22.356,0.0,-0.07,297.325,0.192,-0.5329999999999999
00:00:24.675,1572922068278,-0.28,0.002,1.13,0.664,3.0,-0.001,22.351,0.0,-0.075,297.6740000000001,0.194,-0.5329999999999999
00:00:24.676,1572922068279,-0.281,0.002,1.13,0.664,3.0,-0.001,22.346,0.0,-0.08,298.07,0.196,-0.5329999999999999
00:00:24.677,1572922068280,-0.282,0.002,1.13,0.664,3.0,-0.001,22.342,0.0,-0.085,298.4190000000001,0.198,-0.5329999999999999
00:00:24.726,1572922068329,-0.28300000000000003,0.002,1.13,0.664,3.0,-0.001,22.337,0.0,-0.08900000000000001,298.7920000000001,0.201,-0.5329999999999999
00:00:24.727,1572922068330,-0.284,0.002,1.13,0.664,3.0,-0.001,22.332,0.0,-0.093,299.187,0.203,-0.5329999999999999
00:00:24.728,1572922068331,-0.285,0.002,1.13,0.664,3.0,-0.001,22.32800000000001,0.0,-0.097,299.536,0.205,-0.5329999999999999
00:00:24.780,1572922068383,-0.28600000000000003,0.002,0.983,0.664,3.0,-0.001,22.323,0.0,-0.1,299.908,0.208,-0.5329999999999999
00:00:24.781,1572922068384,-0.28800000000000003,0.002,0.983,0.664,3.0,-0.001,22.318,0.0,-0.103,300.303,0.21,-0.5329999999999999
00:00:24.782,1572922068385,-0.29100000000000004,0.002,0.983,0.664,3.0,-0.001,22.313,0.0,-0.105,300.652,0.212,-0.5329999999999999
00:00:24.783,1572922068386,-0.292,0.002,0.983,0.664,3.0,-0.001,22.308000000000003,0.0,-0.107,301.047,0.214,-0.5329999999999999
00:00:24.834,1572922068437,-0.293,0.002,0.983,0.664,3.0,-0.001,22.303,0.0,-0.108,301.396,0.217,-0.5329999999999999
00:00:24.835,1572922068438,-0.294,0.002,0.983,0.664,3.0,-0.001,22.298,0.0,-0.109,301.791,0.219,-0.5329999999999999
00:00:24.836,1572922068439,-0.294,0.002,1.13,0.664,3.0,-0.001,22.29300000000001,0.0,-0.11,302.139,0.221,-0.5329999999999999
00:00:24.885,1572922068488,-0.293,0.002,1.13,0.664,3.0,-0.001,22.288,0.0,-0.11,302.534,0.224,-0.5329999999999999
00:00:24.886,1572922068489,-0.29100000000000004,0.002,1.13,0.664,3.0,-0.001,22.284,0.0,-0.109,302.882,0.226,-0.5329999999999999
00:00:24.887,1572922068490,-0.29,0.002,1.13,0.664,3.0,-0.001,22.279,0.0,-0.109,303.253,0.228,-0.534
00:00:24.935,1572922068538,-0.29,0.002,1.13,0.664,3.0,-0.001,22.274,0.0,-0.107,303.648,0.23,-0.534
00:00:24.936,1572922068539,-0.29,0.002,1.13,0.664,3.0,-0.001,22.269,0.0,-0.106,304.019,0.233,-0.534
00:00:24.937,1572922068540,-0.29,0.002,0.983,0.664,3.0,-0.001,22.264,0.0,-0.105,304.367,0.235,-0.534
00:00:24.987,1572922068590,-0.292,0.001,0.983,0.664,3.0,-0.001,22.259,0.0,-0.103,304.761,0.237,-0.534
00:00:24.988,1572922068591,-0.294,0.0,0.983,0.664,3.0,-0.001,22.254,0.0,-0.102,305.132,0.239,-0.534
00:00:24.989,1572922068592,-0.295,-0.001,0.983,0.664,3.0,-0.001,22.249,0.0,-0.1,305.503,0.242,-0.534
00:00:25.037,1572922068640,-0.29600000000000004,-0.004,0.983,0.664,3.0,-0.001,22.244,0.0,-0.098,305.897,0.244,-0.534
00:00:25.038,1572922068641,-0.29600000000000004,-0.006,0.983,0.664,3.0,-0.001,22.24,-0.001,-0.097,306.221,0.246,-0.534
00:00:25.039,1572922068642,-0.29600000000000004,-0.01,0.983,0.664,3.0,-0.001,22.235,-0.001,-0.095,306.615,0.249,-0.535
00:00:25.087,1572922068690,-0.29600000000000004,-0.014,0.983,0.664,3.0,-0.001,22.23,-0.001,-0.094,306.985,0.251,-0.535
00:00:25.088,1572922068691,-0.297,-0.018000000000000002,0.983,0.664,3.0,-0.001,22.225,-0.001,-0.092,307.333,0.253,-0.535
00:00:25.089,1572922068692,-0.297,-0.022,0.983,0.664,3.0,-0.001,22.22,-0.001,-0.091,307.703,0.255,-0.535
00:00:25.137,1572922068740,-0.297,-0.026,0.983,0.664,3.0,-0.001,22.215,-0.001,-0.08900000000000001,308.096,0.258,-0.535
00:00:25.138,1572922068741,-0.297,-0.029,0.983,0.664,3.0,0.0,22.21,-0.001,-0.08800000000000001,308.467,0.26,-0.535
00:00:25.139,1572922068742,-0.297,-0.032,1.13,0.664,3.0,0.001,22.205,-0.001,-0.087,308.837,0.262,-0.535
00:00:25.194,1572922068797,-0.29600000000000004,-0.033,1.13,0.664,3.0,0.001,22.2,-0.001,-0.086,309.184,0.264,-0.535
00:00:25.195,1572922068798,-0.293,-0.033,1.13,0.664,3.0,0.002,22.195,-0.001,-0.085,309.577,0.266,-0.535
00:00:25.196,1572922068799,-0.292,-0.033,1.13,0.664,3.0,0.002,22.19,-0.001,-0.084,309.947,0.269,-0.535
00:00:25.239,1572922068842,-0.292,-0.033,1.13,0.664,3.0,0.003,22.186,-0.001,-0.084,310.316,0.271,-0.535
00:00:25.240,1572922068843,-0.292,-0.033,1.13,0.664,3.0,0.003,22.181,0.0,-0.083,310.686,0.273,-0.535
00:00:25.241,1572922068844,-0.292,-0.034,0.983,0.664,3.0,0.004,22.176,0.0,-0.083,311.056,0.275,-0.535
00:00:25.291,1572922068894,-0.294,-0.036000000000000004,0.983,0.664,3.0,0.005,22.171,0.001,-0.08199999999999999,311.425,0.277,-0.535
00:00:25.292,1572922068895,-0.29600000000000004,-0.038,0.983,0.664,3.0,0.005,22.166,0.001,-0.08199999999999999,311.795,0.279,-0.535
00:00:25.293,1572922068896,-0.297,-0.039,0.983,0.664,3.0,0.005,22.161,0.002,-0.08199999999999999,312.164,0.281,-0.535
00:00:25.341,1572922068944,-0.297,-0.041,0.983,0.664,3.0,0.006,22.156,0.002,-0.08199999999999999,312.534,0.284,-0.535
00:00:25.342,1572922068945,-0.297,-0.043,0.983,0.664,3.0,0.006,22.151,0.002,-0.08199999999999999,312.903,0.28600000000000003,-0.535
00:00:25.343,1572922068946,-0.297,-0.044,1.13,0.664,3.0,0.006999999999999999,22.146,0.003,-0.08199999999999999,313.272,0.28800000000000003,-0.535
00:00:25.391,1572922068994,-0.29600000000000004,-0.046,1.13,0.664,3.0,0.006999999999999999,22.141,0.003,-0.08199999999999999,313.641,0.29,-0.535
00:00:25.392,1572922068995,-0.294,-0.047,1.13,0.664,3.0,0.008,22.136,0.003,-0.083,314.01,0.292,-0.535
00:00:25.393,1572922068996,-0.293,-0.048,1.13,0.664,3.0,0.008,22.131,0.004,-0.083,314.379,0.294,-0.535
00:00:25.447,1572922069050,-0.292,-0.049,1.13,0.664,3.0,0.009000000000000001,22.127,0.004,-0.083,314.748,0.29600000000000004,-0.535
00:00:25.448,1572922069051,-0.292,-0.05,1.13,0.664,3.0,0.009000000000000001,22.122,0.004,-0.084,315.116,0.298,-0.535
00:00:25.449,1572922069052,-0.292,-0.05,1.13,0.664,3.0,0.01,22.117,0.004,-0.084,315.485,0.3,-0.535
00:00:25.450,1572922069053,-0.292,-0.051,1.13,0.664,3.0,0.01,22.112,0.004,-0.085,315.8540000000001,0.302,-0.535
00:00:25.497,1572922069100,-0.292,-0.051,1.13,0.664,3.0,0.01,22.107,0.004,-0.085,316.222,0.304,-0.535
00:00:25.498,1572922069101,-0.292,-0.051,1.13,0.664,3.0,0.011,22.102,0.004,-0.086,316.59,0.306,-0.535
00:00:25.499,1572922069102,-0.292,-0.051,1.13,0.664,3.0,0.011,22.097,0.004,-0.086,316.959,0.308,-0.535
00:00:25.550,1572922069153,-0.292,-0.051,1.13,0.664,3.0,0.011,22.092,0.005,-0.087,317.327,0.31,-0.535
00:00:25.551,1572922069154,-0.292,-0.05,1.13,0.664,3.0,0.012,22.088,0.005,-0.087,317.695,0.312,-0.534
00:00:25.552,1572922069155,-0.292,-0.05,1.13,0.664,3.0,0.012,22.083,0.005,-0.087,318.063,0.314,-0.534
00:00:25.599,1572922069202,-0.292,-0.049,1.13,0.664,3.0,0.012,22.07800000000001,0.004,-0.08800000000000001,318.431,0.316,-0.534
00:00:25.600,1572922069203,-0.292,-0.049,1.13,0.664,3.0,0.013,22.073,0.004,-0.08800000000000001,318.776,0.317,-0.534
00:00:25.601,1572922069204,-0.292,-0.048,1.13,0.664,3.0,0.013,22.068,0.004,-0.08900000000000001,319.1670000000001,0.319,-0.534
00:00:25.650,1572922069253,-0.292,-0.047,1.13,0.664,3.0,0.013,22.063,0.004,-0.08900000000000001,319.535,0.321,-0.534
00:00:25.651,1572922069254,-0.292,-0.047,1.423,0.664,3.0,0.013,22.058000000000003,0.004,-0.08900000000000001,319.903,0.32299999999999995,-0.534
00:00:25.652,1572922069255,-0.28800000000000003,-0.046,1.423,0.664,3.0,0.014,22.054,0.004,-0.08900000000000001,320.27,0.325,-0.534
00:00:25.701,1572922069304,-0.284,-0.044,1.423,0.664,3.0,0.014,22.049,0.004,-0.09,320.638,0.327,-0.534
00:00:25.702,1572922069305,-0.282,-0.043,1.423,0.664,3.0,0.014,22.044,0.004,-0.09,321.005,0.328,-0.534
00:00:25.703,1572922069306,-0.281,-0.043,1.423,0.664,3.0,0.014,22.039,0.004,-0.09,321.395,0.33,-0.534
00:00:25.751,1572922069354,-0.281,-0.042,1.423,0.664,3.0,0.014,22.035,0.004,-0.08900000000000001,321.74,0.332,-0.534
00:00:25.752,1572922069355,-0.281,-0.041,1.936,0.664,3.0,0.014,22.03,0.004,-0.08900000000000001,322.107,0.334,-0.534
00:00:25.753,1572922069356,-0.277,-0.04,1.936,0.664,3.0,0.014,22.026,0.003,-0.08900000000000001,322.474,0.335,-0.534
00:00:25.803,1572922069406,-0.267,-0.039,1.936,0.664,3.0,0.014,22.021,0.003,-0.08900000000000001,322.841,0.337,-0.534
00:00:25.804,1572922069407,-0.263,-0.038,1.936,0.664,3.0,0.014,22.017,0.003,-0.08800000000000001,323.208,0.339,-0.534
00:00:25.805,1572922069408,-0.262,-0.037000000000000005,1.936,0.664,3.0,0.014,22.013,0.003,-0.08800000000000001,323.575,0.341,-0.534
00:00:25.853,1572922069456,-0.261,-0.038,1.936,0.664,3.0,0.014,22.00800000000001,0.003,-0.087,323.942,0.342,-0.535
00:00:25.854,1572922069457,-0.261,-0.038,2.448,0.664,3.0,0.014,22.004,0.003,-0.087,324.309,0.344,-0.535
00:00:25.855,1572922069458,-0.259,-0.039,2.448,0.664,3.0,0.014,22.0,0.003,-0.086,324.675,0.34600000000000003,-0.535
00:00:25.905,1572922069508,-0.251,-0.04,2.448,0.664,3.0,0.014,21.996,0.003,-0.086,325.0420000000001,0.34700000000000003,-0.535
00:00:25.906,1572922069509,-0.242,-0.042,2.448,0.664,3.0,0.014,21.992,0.002,-0.085,325.409,0.349,-0.535
00:00:25.907,1572922069510,-0.242,-0.044,2.448,0.664,3.0,0.014,21.988000000000003,0.002,-0.084,325.775,0.35100000000000003,-0.535
00:00:25.957,1572922069560,-0.241,-0.047,2.448,0.664,3.0,0.014,21.984,0.002,-0.083,326.141,0.35200000000000004,-0.535
00:00:25.958,1572922069561,-0.241,-0.05,3.254,0.664,3.0,0.014,21.98,0.002,-0.083,326.508,0.354,-0.535
00:00:25.959,1572922069562,-0.241,-0.053,3.254,0.664,3.0,0.014,21.976,0.002,-0.08199999999999999,326.874,0.35600000000000004,-0.535
00:00:26.010,1572922069613,-0.236,-0.054000000000000006,3.254,0.664,3.0,0.014,21.972,0.001,-0.081,327.24,0.35700000000000004,-0.535
00:00:26.011,1572922069614,-0.229,-0.054000000000000006,3.254,0.664,3.0,0.014,21.968000000000004,0.001,-0.08,327.606,0.359,-0.535
00:00:26.012,1572922069615,-0.222,-0.054000000000000006,3.254,0.664,3.0,0.015,21.965,0.001,-0.08,327.973,0.36,-0.535
00:00:26.013,1572922069616,-0.218,-0.054000000000000006,3.254,0.664,3.0,0.015,21.961,0.002,-0.079,328.339,0.362,-0.535
00:00:26.061,1572922069664,-0.214,-0.054000000000000006,6.2570000000000014,0.664,3.0,0.015,21.958,0.002,-0.078,328.705,0.363,-0.535
00:00:26.062,1572922069665,-0.212,-0.054000000000000006,6.2570000000000014,0.664,3.0,0.015,21.954,0.002,-0.077,329.071,0.365,-0.535
00:00:26.063,1572922069666,-0.205,-0.054000000000000006,6.2570000000000014,0.664,3.0,0.016,21.951,0.002,-0.077,329.436,0.366,-0.535
00:00:26.111,1572922069714,-0.193,-0.055,6.2570000000000014,0.664,3.0,0.016,21.948,0.002,-0.076,329.802,0.368,-0.535
00:00:26.112,1572922069715,-0.174,-0.055,6.2570000000000014,0.664,3.0,0.016,21.945,0.003,-0.075,330.168,0.369,-0.535
00:00:26.113,1572922069716,-0.152,-0.056,6.2570000000000014,0.664,3.0,0.016,21.943,0.003,-0.07400000000000001,330.534,0.371,-0.535
00:00:26.165,1572922069768,-0.131,-0.057,7.4289999999999985,0.664,3.0,0.016,21.941,0.003,-0.073,330.899,0.3720000000000001,-0.534
00:00:26.166,1572922069769,-0.116,-0.058,7.4289999999999985,0.664,3.0,0.017,21.939,0.003,-0.07200000000000001,331.265,0.374,-0.534
00:00:26.167,1572922069770,-0.105,-0.059,7.4289999999999985,0.664,3.0,0.017,21.938,0.003,-0.07,331.631,0.375,-0.534
00:00:26.211,1572922069814,-0.094,-0.06,7.4289999999999985,0.664,3.0,0.017,21.936,0.004,-0.069,331.996,0.376,-0.534
00:00:26.212,1572922069815,-0.084,-0.061,7.4289999999999985,0.664,3.0,0.017,21.935,0.004,-0.067,332.362,0.378,-0.534
00:00:26.213,1572922069816,-0.078,-0.062,7.4289999999999985,0.664,3.0,0.017,21.934,0.004,-0.066,332.728,0.379,-0.534
00:00:26.268,1572922069871,-0.075,-0.063,8.967,0.664,3.0,0.018000000000000002,21.933000000000003,0.004,-0.064,333.093,0.38,-0.534
00:00:26.269,1572922069872,-0.073,-0.063,8.967,0.664,3.0,0.018000000000000002,21.931,0.004,-0.063,333.481,0.382,-0.534
00:00:26.270,1572922069873,-0.069,-0.064,8.967,0.664,3.0,0.018000000000000002,21.93,0.004,-0.061,333.824,0.383,-0.534
00:00:26.312,1572922069915,-0.057,-0.064,8.967,0.664,3.0,0.018000000000000002,21.93,0.004,-0.06,334.19,0.384,-0.534
00:00:26.313,1572922069916,-0.043,-0.064,8.967,0.664,3.0,0.018000000000000002,21.929,0.004,-0.058,334.5780000000001,0.386,-0.534
00:00:26.314,1572922069917,-0.033,-0.064,8.967,0.664,3.0,0.019,21.929,0.004,-0.056,334.921,0.387,-0.534
00:00:26.370,1572922069973,-0.026,-0.063,9.626,0.664,3.0,0.019,21.928,0.004,-0.055,335.286,0.388,-0.534
00:00:26.371,1572922069974,-0.022,-0.063,9.626,0.664,3.0,0.019,21.928,0.004,-0.053,335.652,0.389,-0.534
00:00:26.372,1572922069975,-0.02,-0.063,9.626,0.664,3.0,0.019,21.928,0.004,-0.052000000000000005,336.017,0.39,-0.534
00:00:26.421,1572922070024,-0.018000000000000002,-0.063,9.626,0.664,3.0,0.019,21.927,0.004,-0.05,336.38199999999995,0.392,-0.534
00:00:26.422,1572922070025,-0.016,-0.062,9.626,0.664,3.0,0.019,21.927,0.004,-0.049,336.7480000000001,0.393,-0.534
00:00:26.423,1572922070026,-0.013,-0.062,9.626,0.664,3.0,0.019,21.927,0.004,-0.048,337.11300000000006,0.394,-0.534
00:00:26.472,1572922070075,-0.011,-0.062,10.139,0.664,3.0,0.019,21.927,0.004,-0.047,337.4790000000001,0.395,-0.534
00:00:26.473,1572922070076,-0.009000000000000001,-0.062,10.139,0.664,3.0,0.02,21.927,0.004,-0.046,337.844,0.396,-0.534
00:00:26.474,1572922070077,-0.006999999999999999,-0.061,10.139,0.664,3.0,0.02,21.927,0.004,-0.045,338.21,0.397,-0.534
00:00:26.522,1572922070125,-0.004,-0.061,10.139,0.664,3.0,0.02,21.927,0.004,-0.044,338.575,0.398,-0.534
00:00:26.523,1572922070126,0.0,-0.061,10.139,0.664,3.0,0.02,21.927,0.004,-0.044,338.941,0.399,-0.534
00:00:26.524,1572922070127,0.003,-0.061,10.139,0.664,3.0,0.02,21.927,0.004,-0.043,339.306,0.4,-0.534
00:00:26.572,1572922070175,0.006,-0.061,10.139,0.664,3.0,0.02,21.927,0.004,-0.043,339.671,0.401,-0.534
00:00:26.573,1572922070176,0.006999999999999999,-0.061,10.139,0.664,3.0,0.02,21.927,0.004,-0.043,340.037,0.402,-0.534
00:00:26.574,1572922070177,0.008,-0.061,10.139,0.664,3.0,0.02,21.927,0.004,-0.043,340.402,0.403,-0.534
00:00:26.622,1572922070225,0.008,-0.061,10.139,0.664,3.0,0.02,21.927,0.004,-0.042,340.76800000000014,0.404,-0.534
00:00:26.623,1572922070226,0.008,-0.062,10.139,0.664,3.0,0.02,21.927,0.004,-0.043,341.1330000000001,0.405,-0.534
00:00:26.624,1572922070227,0.008,-0.062,10.139,0.664,3.0,0.02,21.928,0.003,-0.043,341.499,0.406,-0.534
00:00:26.674,1572922070277,0.008,-0.062,10.139,0.664,3.0,0.02,21.928,0.003,-0.043,341.8640000000001,0.407,-0.534
00:00:26.675,1572922070278,0.006999999999999999,-0.062,10.139,0.664,3.0,0.02,21.928,0.003,-0.043,342.2519999999999,0.408,-0.534
00:00:26.676,1572922070279,0.006999999999999999,-0.062,10.139,0.664,3.0,0.02,21.928,0.003,-0.043,342.595,0.409,-0.534
00:00:26.724,1572922070327,0.006999999999999999,-0.063,10.139,0.664,3.0,0.021,21.928,0.003,-0.043,342.961,0.41,-0.534
00:00:26.725,1572922070328,0.006999999999999999,-0.063,10.139,0.664,3.0,0.021,21.928,0.003,-0.044,343.326,0.411,-0.534
00:00:26.726,1572922070329,0.006999999999999999,-0.063,10.139,0.664,3.0,0.021,21.928,0.003,-0.044,343.691,0.412,-0.534
00:00:26.775,1572922070378,0.006999999999999999,-0.063,10.432,0.664,3.0,0.021,21.928,0.003,-0.044,344.057,0.412,-0.534
00:00:26.776,1572922070379,0.008,-0.064,10.432,0.664,3.0,0.021,21.928,0.003,-0.045,344.422,0.413,-0.534
00:00:26.777,1572922070380,0.009000000000000001,-0.064,10.432,0.664,3.0,0.021,21.929,0.003,-0.045,344.788,0.414,-0.534
00:00:26.826,1572922070429,0.01,-0.065,10.432,0.664,3.0,0.021,21.929,0.003,-0.045,345.153,0.415,-0.534
00:00:26.827,1572922070430,0.013,-0.067,10.432,0.664,3.0,0.021,21.929,0.003,-0.045,345.519,0.415,-0.534
00:00:26.828,1572922070431,0.015,-0.068,10.432,0.664,3.0,0.021,21.929,0.003,-0.045,345.884,0.416,-0.534
00:00:26.829,1572922070432,0.017,-0.068,10.652,0.664,3.0,0.021,21.93,0.003,-0.046,346.25,0.417,-0.534
00:00:26.876,1572922070479,0.018000000000000002,-0.069,10.652,0.664,3.0,0.021,21.93,0.003,-0.046,346.615,0.418,-0.534
00:00:26.877,1572922070480,0.019,-0.069,10.652,0.664,3.0,0.021,21.93,0.003,-0.046,346.981,0.418,-0.534
00:00:26.878,1572922070481,0.021,-0.069,10.652,0.664,3.0,0.022,21.931,0.004,-0.046,347.346,0.419,-0.534
00:00:26.926,1572922070529,0.022,-0.069,10.652,0.664,3.0,0.022,21.931,0.004,-0.046,347.712,0.419,-0.534
00:00:26.927,1572922070530,0.024,-0.069,10.652,0.664,3.0,0.022,21.931,0.004,-0.046,348.077,0.42,-0.534
00:00:26.928,1572922070531,0.025,-0.07,10.652,0.664,3.0,0.022,21.932,0.004,-0.046,348.44300000000015,0.421,-0.534
00:00:26.976,1572922070579,0.025,-0.07,10.652,0.664,3.0,0.022,21.932,0.004,-0.047,348.80800000000005,0.421,-0.534
00:00:26.977,1572922070580,0.026,-0.07,10.652,0.664,3.0,0.022,21.933000000000003,0.004,-0.047,349.17400000000015,0.422,-0.534
00:00:26.978,1572922070581,0.026,-0.071,10.652,0.664,3.0,0.022,21.933000000000003,0.004,-0.047,349.54,0.422,-0.534
00:00:27.029,1572922070632,0.025,-0.071,10.652,0.664,3.0,0.022,21.934,0.004,-0.047,349.92800000000005,0.423,-0.534
00:00:27.030,1572922070633,0.025,-0.071,10.652,0.664,3.0,0.023,21.934,0.004,-0.047,350.271,0.423,-0.534
00:00:27.031,1572922070634,0.025,-0.07200000000000001,10.945,0.664,3.0,0.023,21.934,0.004,-0.047,350.636,0.424,-0.534
00:00:27.080,1572922070683,0.025,-0.07200000000000001,10.945,0.664,3.0,0.023,21.935,0.004,-0.047,351.00199999999984,0.424,-0.534
00:00:27.081,1572922070684,0.026,-0.07200000000000001,10.945,0.664,3.0,0.023,21.935,0.004,-0.047,351.367,0.425,-0.534
00:00:27.082,1572922070685,0.028,-0.07200000000000001,10.945,0.664,3.0,0.023,21.936,0.004,-0.047,351.733,0.425,-0.534
00:00:27.135,1572922070738,0.03,-0.073,10.945,0.664,3.0,0.023,21.936,0.005,-0.046,352.099,0.425,-0.534
00:00:27.136,1572922070739,0.033,-0.073,10.945,0.664,3.0,0.023,21.937,0.005,-0.046,352.464,0.426,-0.534
00:00:27.137,1572922070740,0.034,-0.073,10.945,0.664,3.0,0.023,21.937,0.005,-0.046,352.83,0.426,-0.534
00:00:27.186,1572922070789,0.035,-0.073,10.945,0.664,3.0,0.023,21.938,0.005,-0.046,353.195,0.426,-0.534
00:00:27.187,1572922070790,0.036000000000000004,-0.07200000000000001,10.945,0.664,3.0,0.024,21.939,0.005,-0.046,353.561,0.4270000000000001,-0.534
00:00:27.188,1572922070791,0.036000000000000004,-0.07200000000000001,10.945,0.664,3.0,0.024,21.939,0.005,-0.046,353.927,0.4270000000000001,-0.534
00:00:27.237,1572922070840,0.035,-0.07200000000000001,10.945,0.664,3.0,0.024,21.94,0.005,-0.045,354.292,0.4270000000000001,-0.534
00:00:27.238,1572922070841,0.035,-0.071,10.945,0.664,3.0,0.024,21.94,0.005,-0.045,354.658,0.428,-0.534
00:00:27.239,1572922070842,0.035,-0.071,10.945,0.664,3.0,0.024,21.941,0.005,-0.045,355.024,0.428,-0.534
00:00:27.286,1572922070889,0.035,-0.07,10.945,0.664,3.0,0.024,21.942,0.005,-0.045,355.412,0.428,-0.534
00:00:27.287,1572922070890,0.035,-0.07,10.945,0.664,3.0,0.024,21.942,0.005,-0.045,355.755,0.428,-0.534
00:00:27.288,1572922070891,0.035,-0.069,10.945,0.664,3.0,0.024,21.943,0.005,-0.044,356.121,0.428,-0.534
00:00:27.289,1572922070892,0.035,-0.069,10.945,0.664,3.0,0.024,21.943,0.005,-0.044,356.121,0.428,-0.534
00:00:27.338,1572922070941,0.035,-0.069,10.945,0.664,3.0,0.024,21.943,0.005,-0.044,356.509,0.429,-0.534
00:00:27.339,1572922070942,0.035,-0.068,10.945,0.664,3.0,0.024,21.94400000000001,0.005,-0.044,356.852,0.429,-0.534
00:00:27.340,1572922070943,0.035,-0.067,11.091,0.664,3.0,0.024,21.94400000000001,0.005,-0.044,357.218,0.429,-0.534
00:00:27.388,1572922070991,0.035,-0.066,11.091,0.664,3.0,0.024,21.945,0.005,-0.044,357.607,0.429,-0.534
00:00:27.389,1572922070992,0.035,-0.065,11.091,0.664,3.0,0.024,21.946,0.005,-0.044,357.949,0.429,-0.534
00:00:27.390,1572922070993,0.036000000000000004,-0.064,11.091,0.664,3.0,0.024,21.946,0.005,-0.044,358.292,0.429,-0.534
00:00:27.439,1572922071042,0.037000000000000005,-0.063,11.091,0.664,3.0,0.024,21.947,0.005,-0.044,358.658,0.429,-0.534
00:00:27.440,1572922071043,0.038,-0.062,11.091,0.664,3.0,0.024,21.948,0.005,-0.044,359.024,0.429,-0.534
00:00:27.441,1572922071044,0.039,-0.061,11.091,0.664,3.0,0.024,21.948,0.005,-0.044,359.39,0.429,-0.534
00:00:27.490,1572922071093,0.04,-0.06,11.091,0.664,3.0,0.024,21.949,0.004,-0.043,359.756,0.429,-0.534
00:00:27.491,1572922071094,0.04,-0.059,11.091,0.664,3.0,0.024,21.95,0.004,-0.043,360.121,0.429,-0.534
00:00:27.492,1572922071095,0.04,-0.058,11.091,0.664,3.0,0.024,21.95,0.004,-0.043,360.487,0.429,-0.534
00:00:27.541,1572922071144,0.04,-0.057,11.091,0.664,3.0,0.024,21.951,0.004,-0.043,360.853,0.429,-0.534
00:00:27.542,1572922071145,0.04,-0.056,11.091,0.664,3.0,0.024,21.951,0.004,-0.043,361.219,0.429,-0.534
00:00:27.543,1572922071146,0.04,-0.055,11.311,0.664,3.0,0.023,21.952,0.004,-0.043,361.585,0.429,-0.534
00:00:27.592,1572922071195,0.04,-0.054000000000000006,11.311,0.664,3.0,0.023,21.95300000000001,0.004,-0.043,361.974,0.429,-0.534
00:00:27.593,1572922071196,0.04,-0.053,11.311,0.664,3.0,0.023,21.95300000000001,0.004,-0.043,362.317,0.429,-0.534
00:00:27.594,1572922071197,0.042,-0.052000000000000005,11.311,0.664,3.0,0.023,21.954,0.004,-0.043,362.682,0.429,-0.534
00:00:27.642,1572922071245,0.044,-0.051,11.311,0.664,3.0,0.023,21.955,0.004,-0.043,363.071,0.428,-0.534
00:00:27.643,1572922071246,0.045,-0.051,11.311,0.664,3.0,0.023,21.956,0.004,-0.043,363.437,0.428,-0.534
00:00:27.644,1572922071247,0.047,-0.05,11.311,0.664,3.0,0.022,21.957,0.004,-0.043,363.78,0.428,-0.534
00:00:27.692,1572922071295,0.047,-0.05,11.311,0.664,3.0,0.022,21.957,0.003,-0.043,364.169,0.428,-0.534
00:00:27.693,1572922071296,0.048,-0.05,11.311,0.664,3.0,0.022,21.958,0.003,-0.043,364.512,0.428,-0.534
00:00:27.694,1572922071297,0.048,-0.049,11.311,0.664,3.0,0.022,21.959,0.003,-0.043,364.878,0.4270000000000001,-0.534
00:00:27.744,1572922071347,0.048,-0.049,11.311,0.664,3.0,0.022,21.96,0.003,-0.043,365.244,0.4270000000000001,-0.534
00:00:27.745,1572922071348,0.047,-0.048,11.311,0.664,3.0,0.022,21.96,0.003,-0.043,365.61,0.4270000000000001,-0.534
00:00:27.746,1572922071349,0.047,-0.048,11.311,0.664,3.0,0.021,21.961,0.003,-0.043,365.976,0.4270000000000001,-0.534
00:00:27.747,1572922071350,0.047,-0.048,11.311,0.664,3.0,0.021,21.962,0.003,-0.043,366.365,0.426,-0.534
00:00:27.794,1572922071397,0.047,-0.047,11.311,0.664,3.0,0.021,21.963,0.003,-0.043,366.708,0.426,-0.534
00:00:27.795,1572922071398,0.047,-0.047,11.311,0.664,3.0,0.021,21.964,0.003,-0.043,367.074,0.426,-0.534
00:00:27.796,1572922071399,0.047,-0.047,11.311,0.664,3.0,0.021,21.964,0.003,-0.043,367.44,0.426,-0.534
00:00:27.844,1572922071447,0.047,-0.047,11.311,0.664,3.0,0.021,21.965,0.003,-0.043,367.806,0.425,-0.534
00:00:27.845,1572922071448,0.047,-0.047,11.311,0.664,3.0,0.02,21.966,0.003,-0.043,368.172,0.425,-0.534
00:00:27.846,1572922071449,0.047,-0.047,11.311,0.664,3.0,0.02,21.967,0.003,-0.043,368.539,0.425,-0.534
00:00:27.895,1572922071498,0.047,-0.047,11.311,0.664,3.0,0.02,21.967,0.003,-0.043,368.905,0.424,-0.534
00:00:27.896,1572922071499,0.047,-0.047,11.311,0.664,3.0,0.02,21.968000000000004,0.003,-0.043,369.271,0.424,-0.534
00:00:27.897,1572922071500,0.047,-0.047,11.311,0.664,3.0,0.02,21.969,0.003,-0.043,369.637,0.423,-0.534
00:00:27.948,1572922071551,0.047,-0.047,11.311,0.664,3.0,0.02,21.97,0.003,-0.043,370.003,0.423,-0.534
00:00:27.949,1572922071552,0.047,-0.047,11.311,0.664,3.0,0.02,21.971,0.003,-0.043,370.369,0.423,-0.534
00:00:27.950,1572922071553,0.047,-0.047,11.311,0.664,3.0,0.019,21.971,0.003,-0.043,370.758,0.422,-0.534
00:00:27.996,1572922071599,0.047,-0.047,11.311,0.664,3.0,0.019,21.972,0.003,-0.043,371.102,0.422,-0.534
00:00:27.997,1572922071600,0.047,-0.047,11.311,0.664,3.0,0.019,21.97300000000001,0.003,-0.043,371.468,0.421,-0.534
00:00:27.998,1572922071601,0.047,-0.047,11.311,0.664,3.0,0.019,21.974,0.003,-0.043,371.857,0.421,-0.534
00:00:28.053,1572922071656,0.047,-0.047,11.311,0.664,3.0,0.019,21.974,0.003,-0.043,372.2,0.42,-0.534
00:00:28.054,1572922071657,0.047,-0.047,11.311,0.664,3.0,0.019,21.975,0.003,-0.043,372.567,0.42,-0.534
00:00:28.055,1572922071658,0.047,-0.047,11.311,0.664,3.0,0.019,21.976,0.003,-0.043,372.93300000000005,0.419,-0.534
00:00:28.097,1572922071700,0.047,-0.046,11.311,0.664,3.0,0.019,21.977,0.003,-0.043,373.299,0.419,-0.534
00:00:28.098,1572922071701,0.047,-0.045,11.311,0.664,3.0,0.019,21.978,0.003,-0.043,373.665,0.418,-0.534
00:00:28.099,1572922071702,0.047,-0.044,11.311,0.664,3.0,0.019,21.978,0.003,-0.043,374.032,0.418,-0.534
00:00:28.146,1572922071749,0.047,-0.043,11.311,0.664,3.0,0.019,21.979,0.003,-0.043,374.398,0.417,-0.534
00:00:28.147,1572922071750,0.047,-0.042,11.311,0.664,3.0,0.019,21.98,0.003,-0.043,374.764,0.417,-0.534
00:00:28.148,1572922071751,0.046,-0.041,11.311,0.664,3.0,0.019,21.981,0.003,-0.043,375.131,0.416,-0.534
00:00:28.203,1572922071806,0.046,-0.039,11.311,0.664,3.0,0.019,21.981,0.003,-0.043,375.497,0.416,-0.534
00:00:28.204,1572922071807,0.046,-0.038,11.311,0.664,3.0,0.018000000000000002,21.982,0.003,-0.043,375.86300000000006,0.415,-0.534
00:00:28.205,1572922071808,0.046,-0.038,11.311,0.664,3.0,0.018000000000000002,21.983,0.003,-0.043,376.253,0.414,-0.534
00:00:28.254,1572922071857,0.046,-0.038,11.311,0.664,3.0,0.018000000000000002,21.984,0.003,-0.043,376.596,0.414,-0.534
00:00:28.255,1572922071858,0.046,-0.038,11.311,0.664,3.0,0.018000000000000002,21.985,0.003,-0.043,376.963,0.413,-0.534
00:00:28.256,1572922071859,0.046,-0.038,11.311,0.664,3.0,0.018000000000000002,21.985,0.003,-0.043,377.329,0.413,-0.534
00:00:28.305,1572922071908,0.046,-0.038,11.311,0.664,3.0,0.017,21.986,0.003,-0.043,377.695,0.412,-0.534
00:00:28.306,1572922071909,0.046,-0.039,11.311,0.664,3.0,0.017,21.987,0.003,-0.043,378.062,0.411,-0.534
00:00:28.307,1572922071910,0.046,-0.039,11.311,0.664,3.0,0.017,21.988000000000003,0.003,-0.043,378.451,0.411,-0.534
00:00:28.355,1572922071958,0.046,-0.04,11.311,0.664,3.0,0.017,21.988000000000003,0.003,-0.043,378.795,0.41,-0.534
00:00:28.356,1572922071959,0.046,-0.04,11.311,0.664,3.0,0.017,21.989,0.003,-0.043,379.161,0.409,-0.534
00:00:28.357,1572922071960,0.046,-0.04,11.311,0.664,3.0,0.017,21.99,0.002,-0.043,379.528,0.408,-0.534
00:00:28.405,1572922072008,0.046,-0.04,11.311,0.664,3.0,0.016,21.991,0.002,-0.043,379.894,0.408,-0.534
00:00:28.406,1572922072009,0.046,-0.039,11.311,0.664,3.0,0.016,21.991,0.002,-0.043,380.261,0.407,-0.534
00:00:28.407,1572922072010,0.046,-0.039,11.311,0.664,3.0,0.016,21.992,0.002,-0.043,380.627,0.406,-0.534
00:00:28.455,1572922072058,0.046,-0.039,11.311,0.664,3.0,0.016,21.993,0.002,-0.043,380.994,0.406,-0.534
00:00:28.456,1572922072059,0.046,-0.038,11.311,0.664,3.0,0.016,21.994,0.002,-0.043,381.36,0.405,-0.534
00:00:28.457,1572922072060,0.046,-0.038,11.311,0.664,3.0,0.016,21.995,0.002,-0.043,381.727,0.404,-0.534
00:00:28.508,1572922072111,0.046,-0.038,11.311,0.664,3.0,0.016,21.995,0.002,-0.043,382.094,0.403,-0.534
00:00:28.509,1572922072112,0.046,-0.038,11.311,0.664,3.0,0.016,21.996,0.002,-0.043,382.46,0.402,-0.534
00:00:28.510,1572922072113,0.046,-0.038,11.311,0.664,3.0,0.016,21.997,0.002,-0.043,382.85,0.402,-0.534
00:00:28.560,1572922072163,0.046,-0.038,11.311,0.664,3.0,0.015,21.998,0.002,-0.043,383.216,0.401,-0.534
00:00:28.561,1572922072164,0.046,-0.038,11.311,0.664,3.0,0.015,21.998,0.002,-0.043,383.56,0.4,-0.534
00:00:28.562,1572922072165,0.046,-0.038,11.311,0.664,3.0,0.015,21.999,0.002,-0.043,383.95,0.399,-0.534
00:00:28.563,1572922072166,0.046,-0.039,11.311,0.664,3.0,0.015,22.0,0.002,-0.043,384.293,0.398,-0.534
00:00:28.610,1572922072213,0.046,-0.039,11.311,0.664,3.0,0.015,22.001,0.002,-0.043,384.66,0.398,-0.534
00:00:28.611,1572922072214,0.046,-0.039,11.311,0.664,3.0,0.015,22.002,0.002,-0.043,385.05,0.397,-0.534
00:00:28.612,1572922072215,0.046,-0.039,11.311,0.664,3.0,0.015,22.002,0.002,-0.043,385.393,0.396,-0.534
00:00:28.662,1572922072265,0.046,-0.04,11.311,0.664,3.0,0.015,22.003,0.002,-0.043,385.76,0.395,-0.534
00:00:28.663,1572922072266,0.046,-0.04,11.311,0.664,3.0,0.015,22.004,0.002,-0.043,386.127,0.394,-0.534
00:00:28.664,1572922072267,0.046,-0.04,11.311,0.664,3.0,0.015,22.005,0.002,-0.043,386.49300000000005,0.393,-0.534
00:00:28.714,1572922072317,0.046,-0.04,11.311,0.664,3.0,0.015,22.005,0.002,-0.043,386.86,0.392,-0.534
00:00:28.715,1572922072318,0.046,-0.04,11.311,0.664,3.0,0.015,22.006,0.002,-0.043,387.25,0.391,-0.534
00:00:28.716,1572922072319,0.046,-0.04,11.311,0.664,3.0,0.015,22.007,0.002,-0.043,387.617,0.39,-0.534
00:00:28.764,1572922072367,0.046,-0.04,11.457,0.664,3.0,0.015,22.00800000000001,0.002,-0.043,387.961,0.389,-0.534
00:00:28.765,1572922072368,0.046,-0.039,11.457,0.664,3.0,0.015,22.00800000000001,0.002,-0.043,388.327,0.388,-0.534
00:00:28.766,1572922072369,0.046,-0.039,11.457,0.664,3.0,0.015,22.009,0.003,-0.043,388.717,0.387,-0.534
00:00:28.814,1572922072417,0.047,-0.039,11.457,0.664,3.0,0.015,22.01,0.003,-0.043,389.061,0.386,-0.534
00:00:28.815,1572922072418,0.049,-0.038,11.457,0.664,3.0,0.015,22.011,0.003,-0.043,389.451,0.385,-0.534
00:00:28.816,1572922072419,0.05,-0.038,11.457,0.664,3.0,0.015,22.012,0.003,-0.043,389.795,0.384,-0.534
00:00:28.864,1572922072467,0.051,-0.038,11.457,0.664,3.0,0.015,22.012,0.003,-0.043,390.162,0.383,-0.534
00:00:28.865,1572922072468,0.051,-0.038,11.457,0.664,3.0,0.015,22.013,0.003,-0.043,390.551,0.382,-0.534
00:00:28.866,1572922072469,0.051,-0.037000000000000005,11.457,0.664,3.0,0.015,22.014,0.003,-0.043,390.895,0.381,-0.534
00:00:28.914,1572922072517,0.051,-0.037000000000000005,11.457,0.664,3.0,0.015,22.015,0.003,-0.043,391.262,0.38,-0.534
00:00:28.915,1572922072518,0.051,-0.036000000000000004,11.457,0.664,3.0,0.015,22.016,0.003,-0.043,391.629,0.379,-0.534
00:00:28.916,1572922072519,0.051,-0.034,11.457,0.664,3.0,0.015,22.017,0.003,-0.043,391.996,0.378,-0.534
00:00:28.970,1572922072573,0.051,-0.032,11.457,0.664,3.0,0.015,22.018,0.003,-0.043,392.386,0.377,-0.534
00:00:28.971,1572922072574,0.051,-0.03,11.457,0.664,3.0,0.015,22.018,0.003,-0.043,392.753,0.376,-0.534
00:00:28.972,1572922072575,0.051,-0.027000000000000003,11.457,0.664,3.0,0.015,22.019,0.003,-0.043,393.097,0.375,-0.534
00:00:29.020,1572922072623,0.051,-0.023,11.457,0.664,3.0,0.015,22.02,0.003,-0.042,393.464,0.374,-0.534
00:00:29.021,1572922072624,0.051,-0.019,11.457,0.664,3.0,0.015,22.021,0.003,-0.042,393.854,0.373,-0.534
00:00:29.022,1572922072625,0.051,-0.016,11.457,0.664,3.0,0.015,22.022,0.003,-0.042,394.198,0.3720000000000001,-0.534
00:00:29.071,1572922072674,0.051,-0.012,11.457,0.664,3.0,0.014,22.023000000000003,0.003,-0.042,394.565,0.371,-0.534
00:00:29.072,1572922072675,0.051,-0.009000000000000001,11.457,0.664,3.0,0.014,22.024,0.003,-0.042,394.932,0.369,-0.534
00:00:29.073,1572922072676,0.051,-0.006,11.457,0.664,3.0,0.014,22.024,0.003,-0.042,395.322,0.368,-0.534
00:00:29.122,1572922072725,0.051,-0.004,11.457,0.664,3.0,0.013,22.025,0.003,-0.042,395.666,0.3670000000000001,-0.534
00:00:29.123,1572922072726,0.051,-0.001,11.457,0.664,3.0,0.013,22.026,0.003,-0.042,396.033,0.366,-0.534
00:00:29.124,1572922072727,0.051,0.0,11.457,0.664,3.0,0.012,22.027,0.003,-0.042,396.4,0.365,-0.534
00:00:29.179,1572922072782,0.051,0.001,11.457,0.664,3.0,0.011,22.028,0.003,-0.042,396.791,0.364,-0.534
00:00:29.180,1572922072783,0.051,0.002,11.457,0.664,3.0,0.011,22.029,0.002,-0.042,397.135,0.363,-0.534
00:00:29.181,1572922072784,0.051,0.003,11.457,0.664,3.0,0.01,22.029,0.002,-0.042,397.502,0.362,-0.534
00:00:29.226,1572922072829,0.051,0.004,11.457,0.664,3.0,0.01,22.03,0.002,-0.042,397.869,0.361,-0.534
00:00:29.227,1572922072830,0.051,0.004,11.457,0.664,3.0,0.009000000000000001,22.031,0.001,-0.042,398.259,0.359,-0.534
00:00:29.228,1572922072831,0.051,0.004,11.457,0.664,3.0,0.009000000000000001,22.032,0.001,-0.042,398.626,0.358,-0.534
00:00:29.280,1572922072883,0.05,0.005,11.457,0.664,3.0,0.008,22.033,0.0,-0.042,398.971,0.35700000000000004,-0.534
00:00:29.281,1572922072884,0.05,0.005,11.457,0.664,3.0,0.008,22.034,0.0,-0.042,399.361,0.35600000000000004,-0.534
00:00:29.282,1572922072885,0.05,0.006,11.457,0.664,3.0,0.006999999999999999,22.034,0.0,-0.042,399.728,0.355,-0.534
00:00:29.283,1572922072886,0.05,0.006999999999999999,11.457,0.664,3.0,0.006999999999999999,22.035,-0.001,-0.042,400.072,0.354,-0.534
00:00:29.330,1572922072933,0.05,0.008,11.457,0.664,3.0,0.006,22.036,-0.001,-0.042,400.462,0.353,-0.534
00:00:29.331,1572922072934,0.05,0.008,11.457,0.664,3.0,0.006,22.037,-0.001,-0.042,400.83,0.35200000000000004,-0.534
00:00:29.332,1572922072935,0.05,0.008,11.604,0.664,3.0,0.005,22.038,-0.002,-0.042,401.197,0.35100000000000003,-0.534
00:00:29.385,1572922072988,0.05,0.008,11.604,0.664,3.0,0.005,22.039,-0.002,-0.042,401.564,0.349,-0.534
00:00:29.386,1572922072989,0.051,0.008,11.604,0.664,3.0,0.005,22.039,-0.002,-0.043,401.909,0.348,-0.534
00:00:29.387,1572922072990,0.052000000000000005,0.008,11.604,0.664,3.0,0.004,22.04,-0.002,-0.043,402.276,0.34700000000000003,-0.534
00:00:29.436,1572922073039,0.053,0.006999999999999999,11.604,0.664,3.0,0.004,22.041,-0.002,-0.043,402.666,0.34600000000000003,-0.534
00:00:29.437,1572922073040,0.054000000000000006,0.006999999999999999,11.604,0.664,3.0,0.004,22.042,-0.002,-0.043,403.034,0.345,-0.534
00:00:29.438,1572922073041,0.055,0.006,11.604,0.664,3.0,0.004,22.04300000000001,-0.002,-0.043,403.401,0.344,-0.534
00:00:29.486,1572922073089,0.056,0.004,11.604,0.664,3.0,0.003,22.044,-0.002,-0.043,403.768,0.343,-0.534
00:00:29.487,1572922073090,0.056,0.003,11.604,0.664,3.0,0.003,22.045,-0.002,-0.043,404.136,0.342,-0.534
00:00:29.488,1572922073091,0.056,0.001,11.604,0.664,3.0,0.003,22.046,-0.002,-0.043,404.503,0.341,-0.534
00:00:29.536,1572922073139,0.056,-0.002,11.604,0.664,3.0,0.003,22.047,-0.002,-0.042,404.871,0.34,-0.534
00:00:29.537,1572922073140,0.055,-0.004,11.604,0.664,3.0,0.003,22.048,-0.002,-0.042,405.215,0.339,-0.534
00:00:29.538,1572922073141,0.055,-0.006999999999999999,11.824000000000002,0.664,3.0,0.002,22.049,-0.002,-0.042,405.606,0.338,-0.534
00:00:29.586,1572922073189,0.055,-0.011,11.824000000000002,0.664,3.0,0.002,22.05,-0.002,-0.042,405.996,0.336,-0.534
00:00:29.587,1572922073190,0.056,-0.014,11.824000000000002,0.664,3.0,0.002,22.051,-0.002,-0.042,406.341,0.335,-0.534
00:00:29.588,1572922073191,0.057,-0.017,11.824000000000002,0.664,3.0,0.002,22.052,-0.002,-0.042,406.685,0.334,-0.534
00:00:29.641,1572922073244,0.06,-0.021,11.824000000000002,0.664,3.0,0.002,22.053,-0.001,-0.042,407.076,0.333,-0.534
00:00:29.642,1572922073245,0.061,-0.024,11.824000000000002,0.664,3.0,0.002,22.054,-0.001,-0.042,407.443,0.332,-0.534
00:00:29.643,1572922073246,0.063,-0.026,11.824000000000002,0.664,3.0,0.003,22.055,-0.001,-0.042,407.811,0.331,-0.534
00:00:29.686,1572922073289,0.063,-0.028,11.824000000000002,0.664,3.0,0.003,22.056,-0.001,-0.042,408.17800000000005,0.33,-0.534
00:00:29.687,1572922073290,0.063,-0.03,11.824000000000002,0.664,3.0,0.003,22.057,-0.001,-0.041,408.546,0.329,-0.534
00:00:29.688,1572922073291,0.063,-0.032,11.824000000000002,0.664,3.0,0.004,22.058000000000003,0.0,-0.041,408.914,0.328,-0.534
00:00:29.737,1572922073340,0.063,-0.033,11.824000000000002,0.664,3.0,0.004,22.059,0.0,-0.041,409.281,0.326,-0.534
00:00:29.738,1572922073341,0.063,-0.034,11.824000000000002,0.664,3.0,0.004,22.06,0.0,-0.041,409.649,0.325,-0.534
00:00:29.739,1572922073342,0.063,-0.036000000000000004,11.824000000000002,0.664,3.0,0.005,22.061,0.001,-0.041,409.994,0.324,-0.534
00:00:29.788,1572922073391,0.062,-0.037000000000000005,11.824000000000002,0.664,3.0,0.005,22.062,0.001,-0.041,410.384,0.32299999999999995,-0.534
00:00:29.789,1572922073392,0.062,-0.038,11.824000000000002,0.664,3.0,0.006,22.063,0.001,-0.041,410.752,0.322,-0.534
00:00:29.790,1572922073393,0.062,-0.04,11.824000000000002,0.664,3.0,0.006,22.064,0.002,-0.041,411.097,0.321,-0.534
00:00:29.838,1572922073441,0.062,-0.041,11.824000000000002,0.664,3.0,0.006,22.065,0.002,-0.041,411.487,0.319,-0.534
00:00:29.839,1572922073442,0.062,-0.043,11.824000000000002,0.664,3.0,0.006999999999999999,22.066,0.002,-0.041,411.855,0.318,-0.534
00:00:29.840,1572922073443,0.062,-0.044,11.824000000000002,0.664,3.0,0.006999999999999999,22.067,0.003,-0.041,412.223,0.317,-0.534
00:00:29.888,1572922073491,0.062,-0.045,11.824000000000002,0.664,3.0,0.006999999999999999,22.068,0.003,-0.041,412.591,0.315,-0.534
00:00:29.889,1572922073492,0.062,-0.046,11.824000000000002,0.664,3.0,0.008,22.06900000000001,0.003,-0.041,412.959,0.314,-0.534
00:00:29.890,1572922073493,0.062,-0.048,11.824000000000002,0.664,3.0,0.008,22.07,0.003,-0.041,413.326,0.313,-0.534
00:00:29.941,1572922073544,0.062,-0.049,11.824000000000002,0.664,3.0,0.008,22.071,0.003,-0.041,413.717,0.312,-0.534
00:00:29.942,1572922073545,0.062,-0.05,11.824000000000002,0.664,3.0,0.009000000000000001,22.072,0.003,-0.041,414.039,0.31,-0.534
00:00:29.943,1572922073546,0.062,-0.05,11.824000000000002,0.664,3.0,0.009000000000000001,22.073,0.004,-0.041,414.43,0.309,-0.534
00:00:29.988,1572922073591,0.062,-0.051,11.824000000000002,0.664,3.0,0.01,22.074,0.004,-0.041,414.798,0.308,-0.534
00:00:29.989,1572922073592,0.062,-0.052000000000000005,11.824000000000002,0.664,3.0,0.01,22.076,0.004,-0.041,415.166,0.306,-0.534
00:00:29.990,1572922073593,0.062,-0.052000000000000005,11.824000000000002,0.664,3.0,0.01,22.077,0.004,-0.041,415.534,0.305,-0.534
00:00:30.038,1572922073641,0.062,-0.052000000000000005,11.824000000000002,0.664,3.0,0.01,22.07800000000001,0.004,-0.041,415.902,0.304,-0.534
00:00:30.039,1572922073642,0.062,-0.051,11.824000000000002,0.664,3.0,0.011,22.079,0.004,-0.041,416.27,0.302,-0.534
00:00:30.040,1572922073643,0.062,-0.051,11.824000000000002,0.664,3.0,0.011,22.08,0.004,-0.041,416.638,0.301,-0.534
00:00:30.089,1572922073692,0.062,-0.051,11.824000000000002,0.664,3.0,0.011,22.081,0.004,-0.041,417.006,0.299,-0.534
00:00:30.090,1572922073693,0.062,-0.05,11.824000000000002,0.664,3.0,0.012,22.082,0.004,-0.041,417.374,0.298,-0.534
00:00:30.091,1572922073694,0.062,-0.05,11.824000000000002,0.664,3.0,0.012,22.083,0.004,-0.041,417.742,0.29600000000000004,-0.534
00:00:30.140,1572922073743,0.062,-0.049,11.824000000000002,0.664,3.0,0.012,22.084,0.004,-0.041,418.11,0.295,-0.534
00:00:30.141,1572922073744,0.062,-0.049,11.824000000000002,0.664,3.0,0.012,22.085,0.004,-0.041,418.478,0.294,-0.534
00:00:30.142,1572922073745,0.062,-0.048,11.97,0.664,3.0,0.013,22.086,0.004,-0.041,418.846,0.292,-0.534
00:00:30.192,1572922073795,0.062,-0.048,11.97,0.664,3.0,0.013,22.087,0.003,-0.041,419.214,0.29100000000000004,-0.534
00:00:30.193,1572922073796,0.063,-0.047,11.97,0.664,3.0,0.013,22.088,0.003,-0.041,419.582,0.289,-0.534
00:00:30.194,1572922073797,0.064,-0.047,11.97,0.664,3.0,0.013,22.089,0.003,-0.041,419.95,0.287,-0.534
00:00:30.247,1572922073850,0.065,-0.046,11.97,0.664,3.0,0.013,22.09,0.003,-0.041,420.318,0.28600000000000003,-0.534
00:00:30.248,1572922073851,0.066,-0.046,11.97,0.664,3.0,0.013,22.091,0.003,-0.041,420.687,0.284,-0.534
00:00:30.249,1572922073852,0.067,-0.045,11.97,0.664,3.0,0.013,22.092,0.003,-0.041,421.055,0.28300000000000003,-0.534
00:00:30.292,1572922073895,0.067,-0.045,11.97,0.664,3.0,0.014,22.094,0.003,-0.041,421.423,0.281,-0.534
00:00:30.293,1572922073896,0.068,-0.044,11.97,0.664,3.0,0.014,22.095,0.003,-0.041,421.791,0.28,-0.534
00:00:30.294,1572922073897,0.067,-0.044,11.97,0.664,3.0,0.014,22.096,0.003,-0.041,422.159,0.278,-0.534
00:00:30.348,1572922073951,0.067,-0.044,11.97,0.664,3.0,0.014,22.097,0.003,-0.041,422.528,0.276,-0.534
00:00:30.349,1572922073952,0.067,-0.044,11.97,0.664,3.0,0.014,22.09800000000001,0.003,-0.041,422.896,0.275,-0.534
00:00:30.350,1572922073953,0.067,-0.044,12.117,0.664,3.0,0.014,22.099,0.003,-0.041,423.264,0.273,-0.534
00:00:30.351,1572922073954,0.067,-0.043,12.117,0.664,3.0,0.014,22.1,0.003,-0.041,423.633,0.271,-0.534
00:00:30.404,1572922074007,0.067,-0.043,12.117,0.664,3.0,0.014,22.101,0.003,-0.041,424.001,0.27,-0.534
00:00:30.405,1572922074008,0.068,-0.042,12.117,0.664,3.0,0.014,22.103,0.003,-0.041,424.369,0.268,-0.534
00:00:30.406,1572922074009,0.07,-0.042,12.117,0.664,3.0,0.014,22.104,0.003,-0.041,424.73800000000006,0.266,-0.534
00:00:30.447,1572922074050,0.071,-0.042,12.117,0.664,3.0,0.014,22.105,0.003,-0.04,425.106,0.265,-0.534
00:00:30.448,1572922074051,0.07200000000000001,-0.041,12.117,0.664,3.0,0.014,22.106,0.003,-0.04,425.475,0.263,-0.534
00:00:30.449,1572922074052,0.07200000000000001,-0.041,12.117,0.664,3.0,0.014,22.107,0.003,-0.04,425.843,0.261,-0.534
00:00:30.499,1572922074102,0.07200000000000001,-0.041,12.117,0.664,3.0,0.014,22.108,0.003,-0.04,426.211,0.26,-0.534
00:00:30.500,1572922074103,0.07200000000000001,-0.041,12.117,0.664,3.0,0.014,22.11,0.003,-0.04,426.58,0.258,-0.534
00:00:30.501,1572922074104,0.07200000000000001,-0.041,12.117,0.664,3.0,0.014,22.111,0.003,-0.04,426.948,0.256,-0.534
00:00:30.550,1572922074153,0.07200000000000001,-0.041,12.117,0.664,3.0,0.014,22.112,0.003,-0.04,427.317,0.254,-0.534
00:00:30.551,1572922074154,0.07200000000000001,-0.04,12.117,0.664,3.0,0.014,22.113000000000003,0.002,-0.04,427.686,0.252,-0.534
00:00:30.552,1572922074155,0.07200000000000001,-0.04,12.117,0.664,3.0,0.014,22.114,0.002,-0.04,428.054,0.251,-0.534
00:00:30.600,1572922074203,0.07200000000000001,-0.04,12.117,0.664,3.0,0.014,22.116,0.002,-0.04,428.423,0.249,-0.534
00:00:30.601,1572922074204,0.07200000000000001,-0.04,12.117,0.664,3.0,0.014,22.117,0.002,-0.04,428.791,0.247,-0.534
00:00:30.602,1572922074205,0.07200000000000001,-0.04,12.117,0.664,3.0,0.014,22.118,0.002,-0.04,429.16,0.245,-0.534
00:00:30.654,1572922074257,0.07200000000000001,-0.04,12.117,0.664,3.0,0.014,22.119,0.002,-0.04,429.529,0.243,-0.534
00:00:30.655,1572922074258,0.07200000000000001,-0.04,12.117,0.664,3.0,0.014,22.12,0.002,-0.04,429.897,0.242,-0.534
00:00:30.656,1572922074259,0.071,-0.04,12.117,0.664,3.0,0.014,22.122,0.002,-0.04,430.266,0.24,-0.534
00:00:30.703,1572922074306,0.071,-0.04,12.117,0.664,3.0,0.014,22.123,0.002,-0.04,430.635,0.238,-0.534
00:00:30.704,1572922074307,0.071,-0.04,12.117,0.664,3.0,0.014,22.124,0.002,-0.04,431.003,0.236,-0.534
00:00:30.705,1572922074308,0.071,-0.04,12.117,0.664,3.0,0.014,22.125,0.002,-0.04,431.372,0.234,-0.534
00:00:30.753,1572922074356,0.071,-0.04,12.117,0.664,3.0,0.014,22.126,0.003,-0.04,431.741,0.232,-0.534
00:00:30.754,1572922074357,0.071,-0.04,12.117,0.664,3.0,0.014,22.128,0.003,-0.04,432.11,0.23,-0.534
00:00:30.755,1572922074358,0.071,-0.04,12.117,0.664,3.0,0.014,22.129,0.003,-0.04,432.478,0.228,-0.534
00:00:30.807,1572922074410,0.071,-0.04,12.117,0.664,3.0,0.014,22.13,0.003,-0.04,432.847,0.226,-0.534
00:00:30.808,1572922074411,0.071,-0.04,12.117,0.664,3.0,0.014,22.131,0.003,-0.04,433.216,0.224,-0.534
00:00:30.809,1572922074412,0.071,-0.04,12.117,0.664,3.0,0.014,22.132,0.003,-0.04,433.585,0.222,-0.534
00:00:30.855,1572922074458,0.071,-0.04,12.117,0.664,3.0,0.014,22.13300000000001,0.003,-0.04,433.954,0.22,-0.534
00:00:30.856,1572922074459,0.071,-0.04,12.117,0.664,3.0,0.014,22.135,0.003,-0.04,434.323,0.218,-0.534
00:00:30.857,1572922074460,0.071,-0.04,12.117,0.664,3.0,0.014,22.136,0.003,-0.04,434.692,0.21600000000000005,-0.534
00:00:30.906,1572922074509,0.071,-0.04,12.117,0.664,3.0,0.014,22.137,0.003,-0.04,435.06,0.214,-0.534
00:00:30.907,1572922074510,0.071,-0.04,12.117,0.664,3.0,0.014,22.138,0.003,-0.04,435.429,0.212,-0.534
00:00:30.908,1572922074511,0.071,-0.04,12.117,0.664,3.0,0.014,22.139,0.003,-0.04,435.821,0.21,-0.534
00:00:30.966,1572922074569,0.071,-0.04,12.117,0.664,3.0,0.014,22.141,0.003,-0.04,436.167,0.208,-0.534
00:00:30.967,1572922074570,0.071,-0.04,12.117,0.664,3.0,0.014,22.142,0.003,-0.04,436.536,0.206,-0.534
00:00:30.968,1572922074571,0.071,-0.04,12.117,0.664,3.0,0.014,22.143,0.003,-0.04,436.905,0.204,-0.534
00:00:30.969,1572922074572,0.071,-0.04,12.117,0.664,3.0,0.014,22.144,0.003,-0.04,437.274,0.202,-0.534
00:00:31.013,1572922074616,0.071,-0.04,12.117,0.664,3.0,0.014,22.145,0.003,-0.04,437.644,0.2,-0.534
00:00:31.014,1572922074617,0.071,-0.04,12.117,0.664,3.0,0.014,22.147,0.003,-0.04,438.013,0.198,-0.534
00:00:31.015,1572922074618,0.071,-0.039,12.117,0.664,3.0,0.014,22.148000000000003,0.003,-0.04,438.382,0.196,-0.534
00:00:31.063,1572922074666,0.071,-0.039,12.117,0.664,3.0,0.014,22.149,0.003,-0.04,438.751,0.194,-0.534
00:00:31.064,1572922074667,0.071,-0.039,12.117,0.664,3.0,0.014,22.15,0.003,-0.04,439.12,0.192,-0.534
00:00:31.065,1572922074668,0.071,-0.039,12.117,0.664,3.0,0.014,22.151,0.003,-0.04,439.489,0.189,-0.534
00:00:31.114,1572922074717,0.071,-0.038,12.117,0.664,3.0,0.014,22.152,0.003,-0.04,439.858,0.187,-0.534
00:00:31.115,1572922074718,0.071,-0.038,12.117,0.664,3.0,0.014,22.154,0.003,-0.04,440.228,0.185,-0.534
00:00:31.116,1572922074719,0.071,-0.038,12.117,0.664,3.0,0.014,22.155,0.003,-0.04,440.597,0.183,-0.534
00:00:31.166,1572922074769,0.071,-0.037000000000000005,12.117,0.664,3.0,0.014,22.156,0.003,-0.04,440.966,0.181,-0.534
00:00:31.167,1572922074770,0.071,-0.037000000000000005,12.117,0.664,3.0,0.014,22.157,0.003,-0.04,441.358,0.17800000000000002,-0.534
00:00:31.168,1572922074771,0.071,-0.037000000000000005,12.117,0.664,3.0,0.014,22.158,0.003,-0.04,441.705,0.17600000000000002,-0.534
00:00:31.216,1572922074819,0.071,-0.036000000000000004,12.117,0.664,3.0,0.014,22.159,0.003,-0.04,442.074,0.174,-0.534
00:00:31.217,1572922074820,0.071,-0.035,12.117,0.664,3.0,0.014,22.161,0.003,-0.04,442.466,0.172,-0.534
00:00:31.218,1572922074821,0.071,-0.034,12.117,0.664,3.0,0.014,22.162,0.003,-0.04,442.81300000000016,0.17,-0.534
00:00:31.267,1572922074870,0.071,-0.033,12.117,0.664,3.0,0.014,22.163,0.003,-0.04,443.182,0.168,-0.534
00:00:31.268,1572922074871,0.071,-0.032,12.117,0.664,3.0,0.014,22.164,0.003,-0.04,443.551,0.165,-0.534
00:00:31.269,1572922074872,0.071,-0.031,12.117,0.664,3.0,0.014,22.165,0.003,-0.04,443.921,0.163,-0.534
00:00:31.318,1572922074921,0.071,-0.03,12.117,0.664,3.0,0.014,22.167,0.003,-0.04,444.29,0.161,-0.534
00:00:31.319,1572922074922,0.071,-0.029,12.117,0.664,3.0,0.014,22.16800000000001,0.003,-0.04,444.66,0.158,-0.534
00:00:31.320,1572922074923,0.07,-0.029,12.117,0.664,3.0,0.014,22.169,0.003,-0.04,445.052,0.156,-0.534
00:00:31.369,1572922074972,0.07,-0.028,12.117,0.664,3.0,0.013,22.17,0.003,-0.04,445.399,0.154,-0.534
00:00:31.370,1572922074973,0.07,-0.028,12.117,0.664,3.0,0.013,22.171,0.003,-0.04,445.768,0.152,-0.534
00:00:31.371,1572922074974,0.07,-0.027000000000000003,12.117,0.664,3.0,0.013,22.172,0.002,-0.04,446.138,0.149,-0.534
00:00:31.419,1572922075022,0.07,-0.026,12.117,0.664,3.0,0.013,22.174,0.002,-0.04,446.484,0.147,-0.534
00:00:31.420,1572922075023,0.07,-0.026,12.117,0.664,3.0,0.013,22.175,0.002,-0.04,446.807,0.145,-0.534
00:00:31.421,1572922075024,0.07,-0.024,12.117,0.664,3.0,0.013,22.176,0.002,-0.04,447.177,0.14300000000000002,-0.534
00:00:31.469,1572922075072,0.07,-0.023,12.263,0.664,3.0,0.013,22.177,0.002,-0.04,447.547,0.14,-0.534
00:00:31.470,1572922075073,0.07,-0.021,12.263,0.664,3.0,0.013,22.178,0.002,-0.04,447.916,0.138,-0.534
00:00:31.471,1572922075074,0.071,-0.02,12.263,0.664,3.0,0.012,22.179,0.002,-0.04,448.286,0.136,-0.534
00:00:31.523,1572922075126,0.07200000000000001,-0.018000000000000002,12.263,0.664,3.0,0.012,22.18,0.002,-0.04,448.656,0.133,-0.534
00:00:31.524,1572922075127,0.073,-0.015,12.263,0.664,3.0,0.012,22.182,0.002,-0.04,449.048,0.131,-0.534
00:00:31.525,1572922075128,0.07400000000000001,-0.013,12.263,0.664,3.0,0.012,22.183000000000003,0.002,-0.04,449.395,0.129,-0.534
00:00:31.570,1572922075173,0.075,-0.011,12.117,0.664,3.0,0.012,22.184,0.002,-0.04,449.765,0.126,-0.534
00:00:31.571,1572922075174,0.076,-0.008,12.117,0.664,3.0,0.012,22.186,0.002,-0.04,450.157,0.124,-0.534
00:00:31.572,1572922075175,0.075,-0.005,12.117,0.664,3.0,0.011,22.187,0.002,-0.04,450.504,0.122,-0.534
00:00:31.621,1572922075224,0.07400000000000001,-0.002,12.117,0.664,3.0,0.011,22.188,0.002,-0.04,450.874,0.119,-0.534
00:00:31.622,1572922075225,0.073,0.0,12.117,0.664,3.0,0.011,22.189,0.002,-0.04,451.244,0.117,-0.534
00:00:31.623,1572922075226,0.071,0.003,12.117,0.664,3.0,0.01,22.19,0.002,-0.04,451.614,0.114,-0.534
00:00:31.672,1572922075275,0.07,0.005,12.117,0.664,3.0,0.01,22.191,0.002,-0.04,451.983,0.112,-0.534
00:00:31.673,1572922075276,0.07,0.006,12.117,0.664,3.0,0.009000000000000001,22.193,0.002,-0.04,452.353,0.11,-0.534
00:00:31.674,1572922075277,0.069,0.008,12.117,0.664,3.0,0.009000000000000001,22.19400000000001,0.002,-0.04,452.723,0.107,-0.534
00:00:31.723,1572922075326,0.069,0.009000000000000001,12.117,0.664,3.0,0.008,22.195,0.001,-0.04,453.093,0.105,-0.534
00:00:31.724,1572922075327,0.07,0.01,12.117,0.664,3.0,0.008,22.196,0.001,-0.04,453.463,0.103,-0.534
00:00:31.725,1572922075328,0.07,0.011,12.117,0.664,3.0,0.006999999999999999,22.197,0.001,-0.04,453.833,0.1,-0.534
00:00:31.775,1572922075378,0.07,0.011,12.263,0.664,3.0,0.006999999999999999,22.198,0.001,-0.04,454.203,0.098,-0.534
00:00:31.776,1572922075379,0.07,0.012,12.263,0.664,3.0,0.006,22.2,0.0,-0.04,454.573,0.096,-0.534
00:00:31.777,1572922075380,0.07,0.014,12.263,0.664,3.0,0.006,22.201,0.0,-0.04,454.943,0.093,-0.534
00:00:31.825,1572922075428,0.071,0.016,12.263,0.664,3.0,0.005,22.202,0.0,-0.04,455.31300000000016,0.091,-0.534
00:00:31.826,1572922075429,0.073,0.019,12.263,0.664,3.0,0.005,22.20300000000001,0.0,-0.04,455.706,0.08800000000000001,-0.534
00:00:31.827,1572922075430,0.07400000000000001,0.022,12.263,0.664,3.0,0.005,22.204,-0.001,-0.04,456.05300000000005,0.086,-0.534
00:00:31.875,1572922075478,0.075,0.026,12.263,0.664,3.0,0.004,22.206,-0.001,-0.04,456.423,0.084,-0.534
00:00:31.876,1572922075479,0.075,0.031,12.263,0.664,3.0,0.004,22.207,-0.001,-0.04,456.816,0.08199999999999999,-0.534
00:00:31.877,1572922075480,0.075,0.037000000000000005,12.263,0.664,3.0,0.004,22.208,-0.001,-0.04,457.163,0.079,-0.534
00:00:31.926,1572922075529,0.075,0.042,12.263,0.664,3.0,0.004,22.209,-0.001,-0.04,457.533,0.077,-0.534
00:00:31.927,1572922075530,0.075,0.049,12.263,0.664,3.0,0.003,22.211,-0.001,-0.04,457.927,0.075,-0.534
00:00:31.928,1572922075531,0.075,0.054000000000000006,12.263,0.664,3.0,0.002,22.212,0.0,-0.04,458.274,0.073,-0.534
00:00:31.977,1572922075580,0.075,0.059,12.263,0.664,3.0,0.002,22.213,0.0,-0.04,458.644,0.07,-0.534
00:00:31.978,1572922075581,0.075,0.063,12.263,0.664,3.0,0.001,22.214,0.0,-0.04,459.014,0.068,-0.534
00:00:31.979,1572922075582,0.075,0.066,12.263,0.664,3.0,0.0,22.216,-0.001,-0.04,459.407,0.066,-0.534
00:00:31.980,1572922075583,0.075,0.068,12.263,0.664,3.0,-0.001,22.217,-0.001,-0.04,459.755,0.064,-0.534
00:00:32.032,1572922075635,0.075,0.069,12.263,0.664,3.0,-0.002,22.218000000000004,-0.001,-0.039,460.125,0.062,-0.534
00:00:32.033,1572922075636,0.075,0.07,12.263,0.664,3.0,-0.003,22.219,-0.001,-0.039,460.495,0.059,-0.534
00:00:32.034,1572922075637,0.07400000000000001,0.07,12.263,0.664,3.0,-0.005,22.221,-0.002,-0.039,460.866,0.057,-0.534
