rec-time,UTC,Acceleration,Lateral acceleration,Gas pedal position,Brake pedal force,Gear,Steering wheel position,Velocity,Lateral velocity,Vertical velocity,X axis position,Y axis position,Z axis position
00:00:01.341,1572923991708,0.0,0.0,0.983,120.81,3.0,-0.182,0.0,0.0,0.0,0.0,0.0,-0.527
00:00:01.390,1572923991757,0.0,0.0,0.983,120.81,3.0,-0.181,0.0,0.0,0.0,0.0,0.0,-0.527
00:00:01.391,1572923991758,0.0,0.0,0.983,120.81,3.0,-0.181,0.0,0.0,0.0,0.0,0.0,-0.527
00:00:01.392,1572923991759,0.0,0.0,0.983,120.81,3.0,-0.18,0.0,0.0,0.0,0.0,0.0,-0.527
00:00:01.441,1572923991808,0.0,0.0,0.983,120.81,3.0,-0.18,0.0,0.0,0.0,0.0,0.0,-0.527
00:00:01.442,1572923991809,0.0,0.0,0.983,120.81,3.0,-0.179,0.0,0.0,0.0,0.0,0.0,-0.527
00:00:01.443,1572923991810,0.0,0.0,0.983,120.81,3.0,-0.17800000000000002,0.0,0.0,0.0,0.0,0.0,-0.527
00:00:01.491,1572923991858,0.0,0.0,0.983,120.81,3.0,-0.17800000000000002,0.0,0.0,0.0,0.0,0.0,-0.527
00:00:01.492,1572923991859,0.0,0.0,0.983,120.81,3.0,-0.177,0.0,0.0,0.0,0.0,0.0,-0.527
00:00:01.493,1572923991860,0.0,0.0,0.983,120.81,3.0,-0.17600000000000002,0.0,0.0,0.0,0.0,0.0,-0.527
00:00:01.543,1572923991910,0.0,0.0,0.983,120.81,3.0,-0.17600000000000002,0.0,0.0,0.0,0.0,0.0,-0.527
00:00:01.544,1572923991911,0.0,0.0,0.983,120.81,3.0,-0.175,0.0,0.0,0.0,0.0,0.0,-0.527
00:00:01.545,1572923991912,0.0,0.0,0.983,119.65,3.0,-0.175,0.0,0.0,0.0,0.0,0.0,-0.527
00:00:01.593,1572923991960,0.0,0.0,0.983,119.65,3.0,-0.174,0.0,0.0,0.0,0.0,0.0,-0.527
00:00:01.594,1572923991961,0.0,0.0,0.983,119.65,3.0,-0.174,0.0,0.0,0.0,0.0,0.0,-0.527
00:00:01.595,1572923991962,0.0,0.0,0.983,119.65,3.0,-0.174,0.0,0.0,0.0,0.0,0.0,-0.527
00:00:01.643,1572923992010,0.0,0.0,0.983,119.65,3.0,-0.174,0.0,0.0,0.0,0.0,0.0,-0.527
00:00:01.644,1572923992011,0.0,0.0,0.983,119.65,3.0,-0.174,0.0,0.0,0.0,0.0,0.0,-0.527
00:00:01.645,1572923992012,0.0,0.0,0.983,113.388,3.0,-0.174,0.0,0.0,0.0,0.0,0.0,-0.527
00:00:01.694,1572923992061,0.0,0.0,0.983,113.388,3.0,-0.174,0.0,0.0,0.0,0.0,0.0,-0.527
00:00:01.695,1572923992062,0.0,0.0,0.983,113.388,3.0,-0.174,0.0,0.0,0.0,0.0,0.0,-0.527
00:00:01.696,1572923992063,0.0,0.0,0.983,113.388,3.0,-0.174,0.0,0.0,0.0,0.0,0.0,-0.527
00:00:01.745,1572923992112,0.0,0.0,0.983,113.388,3.0,-0.173,0.0,0.0,0.0,0.0,0.0,-0.527
00:00:01.746,1572923992113,0.0,0.0,0.983,113.388,3.0,-0.173,0.0,0.0,0.0,0.0,0.0,-0.527
00:00:01.747,1572923992114,0.0,0.0,0.983,112.46,3.0,-0.173,0.0,0.0,0.0,0.0,0.0,-0.527
00:00:01.796,1572923992163,0.0,0.0,0.983,112.46,3.0,-0.173,0.0,0.0,0.0,0.0,0.0,-0.527
00:00:01.797,1572923992164,0.0,0.0,0.983,112.46,3.0,-0.173,0.0,0.0,0.0,0.0,0.0,-0.527
00:00:01.798,1572923992165,0.0,0.0,0.983,112.46,3.0,-0.173,0.0,0.0,0.0,0.0,0.0,-0.527
00:00:01.847,1572923992214,0.0,0.0,0.983,112.46,3.0,-0.173,0.0,0.0,0.0,0.0,0.0,-0.527
00:00:01.848,1572923992215,0.0,0.0,0.983,112.46,3.0,-0.172,0.0,0.0,0.0,0.0,0.0,-0.527
00:00:01.849,1572923992216,0.0,0.0,0.983,112.46,2.0,-0.172,0.0,0.0,0.0,0.0,0.0,-0.527
00:00:01.897,1572923992264,0.0,0.0,0.983,112.46,2.0,-0.172,0.0,0.0,0.0,0.0,0.0,-0.527
00:00:01.898,1572923992265,0.0,0.0,0.983,112.46,2.0,-0.172,0.0,0.0,0.0,0.0,0.0,-0.527
00:00:01.899,1572923992266,0.0,0.0,0.983,112.46,2.0,-0.171,0.0,0.0,0.0,0.0,0.0,-0.527
00:00:01.947,1572923992314,0.0,0.0,0.983,112.46,2.0,-0.171,0.0,0.0,0.0,0.0,0.0,-0.527
00:00:01.948,1572923992315,0.0,0.0,0.983,112.46,2.0,-0.171,0.0,0.0,0.0,0.0,0.0,-0.527
00:00:01.949,1572923992316,0.0,0.0,0.983,112.46,3.0,-0.171,0.0,0.0,0.0,0.0,0.0,-0.527
00:00:01.997,1572923992364,0.0,0.0,0.983,112.46,3.0,-0.171,0.0,0.0,0.0,0.0,0.0,-0.527
00:00:01.998,1572923992365,0.0,0.0,0.983,112.46,3.0,-0.17,0.0,0.0,0.0,0.0,0.0,-0.527
00:00:01.999,1572923992366,0.0,0.0,0.983,112.46,3.0,-0.17,0.0,0.0,0.0,0.0,0.0,-0.527
00:00:02.048,1572923992415,0.0,0.0,0.983,112.46,3.0,-0.17,0.0,0.0,0.0,0.0,0.0,-0.527
00:00:02.049,1572923992416,0.0,0.0,0.983,112.46,3.0,-0.17,0.0,0.0,0.0,0.0,0.0,-0.527
00:00:02.050,1572923992417,0.0,0.0,0.983,111.764,3.0,-0.17,0.0,0.0,0.0,0.0,0.0,-0.527
00:00:02.101,1572923992468,0.0,0.0,0.983,111.764,3.0,-0.17,0.0,0.0,0.0,0.0,0.0,-0.527
00:00:02.102,1572923992469,0.0,0.0,0.983,111.764,3.0,-0.17,0.0,0.0,0.0,0.0,0.0,-0.527
00:00:02.103,1572923992470,0.0,0.0,0.983,111.764,3.0,-0.17,0.0,0.0,0.0,0.0,0.0,-0.527
00:00:02.148,1572923992515,0.0,0.0,0.983,111.764,3.0,-0.17,0.0,0.0,0.0,0.0,0.0,-0.527
00:00:02.149,1572923992516,0.0,0.0,0.983,111.764,3.0,-0.16899999999999998,0.0,0.0,0.0,0.0,0.0,-0.527
00:00:02.150,1572923992517,0.0,0.0,0.983,100.863,3.0,-0.16899999999999998,0.0,0.0,0.0,0.0,0.0,-0.527
00:00:02.199,1572923992566,0.0,0.0,0.983,100.863,3.0,-0.16899999999999998,0.0,0.0,0.0,0.0,0.0,-0.527
00:00:02.200,1572923992567,0.0,0.0,0.983,100.863,3.0,-0.16899999999999998,0.0,0.0,0.0,0.0,0.0,-0.527
00:00:02.201,1572923992568,0.0,0.0,0.983,100.863,3.0,-0.16899999999999998,0.0,0.0,0.0,0.0,0.0,-0.527
00:00:02.253,1572923992620,0.0,0.0,0.983,100.863,3.0,-0.16899999999999998,0.0,0.0,0.0,0.0,0.0,-0.527
00:00:02.254,1572923992621,0.0,0.0,0.983,100.863,3.0,-0.16899999999999998,0.0,0.0,0.0,0.0,0.0,-0.527
00:00:02.255,1572923992622,0.0,0.0,0.983,74.885,3.0,-0.16899999999999998,0.0,0.0,0.0,0.0,0.0,-0.527
00:00:02.299,1572923992666,0.0,0.0,0.983,74.885,3.0,-0.16899999999999998,0.0,0.0,0.0,0.0,0.0,-0.527
00:00:02.300,1572923992667,0.0,0.0,0.983,74.885,3.0,-0.16899999999999998,0.0,0.0,0.0,0.0,0.0,-0.527
00:00:02.301,1572923992668,0.0,0.0,0.983,74.885,3.0,-0.16899999999999998,0.0,0.0,0.0,0.0,0.0,-0.527
00:00:02.349,1572923992716,0.0,0.0,0.983,74.885,3.0,-0.16899999999999998,0.0,0.0,0.0,0.0,0.0,-0.527
00:00:02.350,1572923992717,0.0,0.0,0.983,74.885,3.0,-0.16899999999999998,0.0,0.0,0.0,0.0,0.0,-0.527
00:00:02.351,1572923992718,0.0,0.0,0.983,46.125,3.0,-0.16899999999999998,0.0,0.0,0.0,0.0,0.0,-0.527
00:00:02.403,1572923992770,0.0,0.0,0.983,46.125,3.0,-0.16899999999999998,0.0,0.0,0.0,0.0,0.0,-0.527
00:00:02.404,1572923992771,0.0,0.0,0.983,46.125,3.0,-0.16899999999999998,0.0,0.0,0.0,0.0,0.0,-0.527
00:00:02.405,1572923992772,0.0,0.0,0.983,46.125,3.0,-0.168,0.0,0.0,0.0,0.0,0.0,-0.527
00:00:02.465,1572923992832,0.0,0.0,0.983,46.125,3.0,-0.168,0.0,0.0,0.0,0.0,0.0,-0.527
00:00:02.466,1572923992833,0.0,0.0,0.983,46.125,3.0,-0.168,0.0,0.0,0.0,0.0,0.0,-0.527
00:00:02.467,1572923992834,0.0,0.0,0.983,15.972,3.0,-0.168,0.0,0.0,0.0,0.0,0.0,-0.527
00:00:02.468,1572923992835,0.0,0.0,0.983,15.972,3.0,-0.168,0.0,0.0,0.0,0.0,0.0,-0.527
00:00:02.516,1572923992883,0.0,0.0,0.983,15.972,3.0,-0.168,0.0,0.0,0.0,0.0,0.0,-0.527
00:00:02.517,1572923992884,0.0,0.0,0.983,15.972,3.0,-0.16699999999999998,0.0,0.0,0.0,0.0,0.0,-0.527
00:00:02.518,1572923992885,0.0,0.0,0.983,15.972,3.0,-0.16699999999999998,0.0,0.0,0.0,0.0,0.0,-0.527
00:00:02.567,1572923992934,0.0,0.0,0.983,15.972,3.0,-0.16699999999999998,0.0,0.0,0.0,0.0,0.0,-0.527
00:00:02.568,1572923992935,-0.009000000000000001,-0.001,0.983,5.535,3.0,-0.16699999999999998,0.0,0.0,-0.001,0.0,0.0,-0.527
00:00:02.569,1572923992936,0.077,-0.005,0.983,5.535,3.0,-0.16699999999999998,0.003,0.0,-0.003,0.0,0.0,-0.527
00:00:02.617,1572923992984,0.217,-0.002,0.983,5.535,3.0,-0.166,0.008,0.0,-0.006,0.0,0.0,-0.527
00:00:02.618,1572923992985,0.264,0.0,0.983,5.535,3.0,-0.166,0.013,0.0,-0.009000000000000001,0.0,0.0,-0.527
00:00:02.619,1572923992986,0.274,-0.001,0.983,5.535,3.0,-0.165,0.018000000000000002,0.0,-0.012,0.0,0.0,-0.527
00:00:02.668,1572923993035,0.276,-0.001,0.983,5.535,3.0,-0.165,0.021,0.0,-0.014,0.0,0.0,-0.527
00:00:02.669,1572923993036,0.065,-0.002,0.983,0.664,3.0,-0.16399999999999998,0.02,0.0,-0.015,0.001,0.0,-0.528
00:00:02.670,1572923993037,0.138,-0.001,0.983,0.664,3.0,-0.163,0.025,0.0,-0.016,0.001,0.0,-0.528
00:00:02.717,1572923993084,0.262,-0.001,0.983,0.664,3.0,-0.163,0.031,0.0,-0.017,0.002,0.0,-0.528
00:00:02.718,1572923993085,0.329,-0.002,0.983,0.664,3.0,-0.162,0.037000000000000005,0.0,-0.017,0.002,0.0,-0.528
00:00:02.719,1572923993086,0.362,-0.002,0.983,0.664,3.0,-0.162,0.043,0.0,-0.017,0.003,0.0,-0.529
00:00:02.768,1572923993135,0.382,-0.002,0.983,0.664,3.0,-0.161,0.05,0.0,-0.017,0.004,0.0,-0.529
00:00:02.769,1572923993136,0.396,-0.002,0.983,0.664,3.0,-0.161,0.056,0.0,-0.017,0.005,0.0,-0.529
00:00:02.770,1572923993137,0.409,-0.002,0.983,0.664,3.0,-0.161,0.063,0.0,-0.016,0.006,0.0,-0.53
00:00:02.822,1572923993189,0.421,-0.003,0.983,0.664,3.0,-0.16,0.071,-0.001,-0.015,0.006999999999999999,0.0,-0.53
00:00:02.823,1572923993190,0.4320000000000001,-0.003,0.983,0.664,3.0,-0.16,0.078,-0.001,-0.014,0.008,0.0,-0.53
00:00:02.824,1572923993191,0.443,-0.003,0.983,0.664,3.0,-0.159,0.086,-0.001,-0.013,0.009000000000000001,0.0,-0.53
00:00:02.825,1572923993192,0.453,-0.003,0.983,0.664,3.0,-0.159,0.093,-0.001,-0.012,0.011,0.0,-0.53
00:00:02.873,1572923993240,0.463,-0.002,0.983,0.664,3.0,-0.158,0.101,-0.001,-0.011,0.012,0.0,-0.531
00:00:02.874,1572923993241,0.472,-0.002,0.983,0.664,3.0,-0.157,0.109,-0.001,-0.01,0.014,0.0,-0.531
00:00:02.875,1572923993242,0.481,-0.002,0.983,0.664,3.0,-0.155,0.117,-0.001,-0.009000000000000001,0.016,0.0,-0.531
00:00:02.934,1572923993301,0.489,-0.002,0.983,0.664,3.0,-0.154,0.125,-0.001,-0.008,0.018000000000000002,0.0,-0.531
00:00:02.935,1572923993302,0.496,-0.002,0.983,0.664,3.0,-0.152,0.134,-0.001,-0.006999999999999999,0.02,0.0,-0.531
00:00:02.936,1572923993303,0.503,-0.002,0.983,0.664,3.0,-0.15,0.142,-0.001,-0.006,0.022,0.0,-0.531
00:00:02.980,1572923993347,0.51,-0.001,0.983,0.664,3.0,-0.14800000000000002,0.151,-0.001,-0.005,0.025,0.0,-0.531
00:00:02.981,1572923993348,0.516,-0.001,0.983,0.664,3.0,-0.145,0.16,-0.001,-0.004,0.028,0.0,-0.532
00:00:02.982,1572923993349,0.521,0.0,0.983,0.664,3.0,-0.14300000000000002,0.168,-0.001,-0.003,0.03,0.0,-0.532
00:00:03.035,1572923993402,0.526,0.0,0.983,0.664,3.0,-0.139,0.177,-0.001,-0.002,0.033,0.0,-0.532
00:00:03.036,1572923993403,0.531,0.0,0.983,0.664,3.0,-0.136,0.18600000000000005,-0.001,-0.002,0.036000000000000004,0.0,-0.532
00:00:03.037,1572923993404,0.535,0.001,0.983,0.664,3.0,-0.133,0.195,-0.001,-0.001,0.039,0.0,-0.532
00:00:03.088,1572923993455,0.539,0.001,0.983,0.664,3.0,-0.13,0.204,-0.001,-0.001,0.043,0.0,-0.532
00:00:03.089,1572923993456,0.5429999999999999,0.0,0.983,0.664,3.0,-0.127,0.213,-0.001,0.0,0.046,0.0,-0.532
00:00:03.090,1572923993457,0.546,0.0,0.983,0.664,3.0,-0.124,0.222,-0.001,0.0,0.05,0.0,-0.532
00:00:03.091,1572923993458,0.5489999999999999,0.0,0.983,0.664,3.0,-0.122,0.232,-0.001,0.0,0.054000000000000006,0.0,-0.532
00:00:03.138,1572923993505,0.551,-0.001,0.983,0.664,3.0,-0.12,0.241,-0.001,0.001,0.057,0.0,-0.532
00:00:03.139,1572923993506,0.5529999999999999,-0.001,0.983,0.664,3.0,-0.118,0.25,-0.001,0.001,0.062,0.0,-0.532
00:00:03.140,1572923993507,0.555,-0.001,2.448,0.664,3.0,-0.117,0.259,-0.001,0.001,0.066,0.0,-0.532
00:00:03.189,1572923993556,0.563,-0.001,2.448,0.664,3.0,-0.115,0.269,-0.001,0.001,0.07,0.0,-0.532
00:00:03.190,1572923993557,0.583,-0.002,2.448,0.664,3.0,-0.114,0.279,-0.001,0.001,0.075,0.0,-0.532
00:00:03.191,1572923993558,0.615,-0.002,2.448,0.664,3.0,-0.112,0.29,-0.001,0.002,0.08,0.0,-0.532
00:00:03.240,1572923993607,0.654,-0.002,2.448,0.664,3.0,-0.111,0.301,-0.001,0.002,0.084,0.0,-0.532
00:00:03.241,1572923993608,0.695,-0.002,2.448,0.664,3.0,-0.109,0.313,-0.001,0.002,0.09,0.0,-0.532
00:00:03.242,1572923993609,0.7340000000000001,-0.002,3.108,0.664,3.0,-0.108,0.325,-0.001,0.002,0.095,0.0,-0.532
00:00:03.293,1572923993660,0.774,-0.002,3.108,0.664,3.0,-0.107,0.339,-0.001,0.003,0.1,0.0,-0.532
00:00:03.294,1572923993661,0.8170000000000001,-0.002,3.108,0.664,3.0,-0.105,0.353,-0.001,0.003,0.106,0.0,-0.532
00:00:03.295,1572923993662,0.858,-0.002,3.108,0.664,3.0,-0.104,0.368,-0.001,0.003,0.112,0.0,-0.532
00:00:03.344,1572923993711,0.895,-0.003,3.108,0.664,3.0,-0.102,0.383,-0.001,0.004,0.118,-0.001,-0.531
00:00:03.345,1572923993712,0.926,-0.003,3.108,0.664,3.0,-0.101,0.399,-0.001,0.004,0.125,-0.001,-0.531
00:00:03.346,1572923993713,0.952,-0.003,8.088,0.664,3.0,-0.1,0.415,-0.001,0.004,0.131,-0.001,-0.531
00:00:03.394,1572923993761,1.0,-0.004,8.088,0.664,3.0,-0.099,0.433,-0.001,0.004,0.138,-0.001,-0.531
00:00:03.395,1572923993762,1.106,-0.004,8.088,0.664,3.0,-0.099,0.453,-0.001,0.005,0.146,-0.001,-0.531
00:00:03.396,1572923993763,1.267,-0.005,8.088,0.664,3.0,-0.098,0.477,-0.001,0.006,0.154,-0.001,-0.531
00:00:03.444,1572923993811,1.454,-0.006,8.088,0.664,3.0,-0.097,0.504,-0.002,0.006,0.162,-0.001,-0.531
00:00:03.445,1572923993812,1.64,-0.006,8.088,0.664,3.0,-0.096,0.5329999999999999,-0.002,0.006999999999999999,0.17,-0.001,-0.531
00:00:03.446,1572923993813,1.809,-0.006999999999999999,9.773,0.664,3.0,-0.096,0.5660000000000001,-0.002,0.009000000000000001,0.18,-0.001,-0.531
00:00:03.495,1572923993862,1.962,-0.006999999999999999,9.773,0.664,3.0,-0.095,0.601,-0.002,0.01,0.189,-0.001,-0.531
00:00:03.496,1572923993863,2.109,-0.008,9.773,0.664,3.0,-0.095,0.638,-0.002,0.011,0.2,-0.001,-0.531
00:00:03.497,1572923993864,2.246,-0.008,9.773,0.664,3.0,-0.094,0.677,-0.002,0.012,0.211,-0.001,-0.531
00:00:03.546,1572923993913,2.362,-0.008,9.773,0.664,3.0,-0.094,0.718,-0.002,0.014,0.222,-0.001,-0.53
00:00:03.547,1572923993914,2.45,-0.008,9.773,0.664,3.0,-0.093,0.76,-0.002,0.015,0.234,-0.001,-0.53
00:00:03.548,1572923993915,2.512,-0.009000000000000001,11.457,0.664,3.0,-0.093,0.802,-0.003,0.016,0.247,-0.001,-0.53
00:00:03.597,1572923993964,2.559,-0.01,11.457,0.664,3.0,-0.092,0.846,-0.003,0.017,0.261,-0.001,-0.53
00:00:03.598,1572923993965,2.6060000000000003,-0.012,11.457,0.664,3.0,-0.092,0.89,-0.003,0.018000000000000002,0.276,-0.001,-0.53
00:00:03.599,1572923993966,2.654,-0.013,11.457,0.664,3.0,-0.092,0.934,-0.003,0.018000000000000002,0.29100000000000004,-0.001,-0.53
00:00:03.651,1572923994018,2.696,-0.013,11.457,0.664,3.0,-0.092,0.98,-0.003,0.019,0.307,-0.001,-0.529
00:00:03.652,1572923994019,2.728,-0.013,11.457,0.664,3.0,-0.092,1.026,-0.004,0.02,0.324,-0.001,-0.529
00:00:03.653,1572923994020,2.7510000000000003,-0.013,16.438,0.664,3.0,-0.092,1.072,-0.004,0.02,0.341,-0.001,-0.529
00:00:03.702,1572923994069,2.795,-0.013,16.438,0.664,3.0,-0.092,1.119,-0.004,0.02,0.359,-0.001,-0.529
00:00:03.703,1572923994070,2.894,-0.013,16.438,0.664,3.0,-0.091,1.169,-0.004,0.021,0.378,-0.001,-0.529
00:00:03.704,1572923994071,3.037,-0.013,16.438,0.664,3.0,-0.09,1.222,-0.004,0.021,0.398,-0.002,-0.529
00:00:03.752,1572923994119,3.194,-0.013,16.438,0.664,3.0,-0.09,1.277,-0.004,0.022,0.419,-0.002,-0.529
00:00:03.753,1572923994120,3.3480000000000003,-0.013,16.438,0.664,3.0,-0.08900000000000001,1.339,-0.005,0.022,0.442,-0.002,-0.529
00:00:03.754,1572923994121,3.459,-0.013,17.61,0.664,3.0,-0.08800000000000001,1.394,-0.005,0.023,0.464,-0.002,-0.529
00:00:03.803,1572923994170,3.556,-0.012,17.61,0.664,3.0,-0.08800000000000001,1.455,-0.005,0.024,0.487,-0.002,-0.529
00:00:03.804,1572923994171,3.64,-0.012,17.61,0.664,3.0,-0.087,1.516,-0.005,0.025,0.512,-0.002,-0.529
00:00:03.805,1572923994172,3.709,-0.012,17.61,0.664,3.0,-0.087,1.579,-0.005,0.026,0.5379999999999999,-0.002,-0.529
00:00:03.852,1572923994219,3.758,-0.012,17.61,0.664,3.0,-0.087,1.642,-0.005,0.028,0.565,-0.002,-0.529
00:00:03.853,1572923994220,3.785,-0.012,17.61,0.664,3.0,-0.087,1.706,-0.005,0.029,0.593,-0.002,-0.529
00:00:03.854,1572923994221,3.794,-0.012,18.123,0.664,3.0,-0.086,1.769,-0.005,0.031,0.622,-0.003,-0.529
00:00:03.902,1572923994269,3.793,-0.012,18.123,0.664,3.0,-0.086,1.832,-0.006,0.032,0.652,-0.003,-0.529
00:00:03.903,1572923994270,3.791,-0.011,18.123,0.664,3.0,-0.085,1.899,-0.006,0.033,0.685,-0.003,-0.529
00:00:03.904,1572923994271,3.789,-0.011,18.123,0.664,3.0,-0.084,1.946,-0.006,0.035,0.7090000000000001,-0.003,-0.529
00:00:03.953,1572923994320,3.785,-0.009000000000000001,18.123,0.664,3.0,-0.08199999999999999,2.009,-0.006,0.036000000000000004,0.742,-0.003,-0.529
00:00:03.954,1572923994321,3.778,-0.006,18.123,0.664,3.0,-0.08,2.076,-0.006,0.037000000000000005,0.778,-0.003,-0.529
00:00:03.955,1572923994322,3.766,-0.004,18.123,0.664,3.0,-0.078,2.135,-0.006,0.039,0.8109999999999999,-0.003,-0.529
00:00:04.003,1572923994370,3.747,-0.001,18.123,0.664,3.0,-0.076,2.201,-0.005,0.04,0.8490000000000001,-0.003,-0.529
00:00:04.004,1572923994371,3.725,0.002,18.123,0.664,3.0,-0.07400000000000001,2.259,-0.005,0.041,0.884,-0.004,-0.529
00:00:04.005,1572923994372,3.697,0.006,18.123,0.664,3.0,-0.07200000000000001,2.32,-0.005,0.042,0.922,-0.004,-0.529
00:00:04.055,1572923994422,3.665,0.009000000000000001,18.123,0.664,3.0,-0.07,2.38,-0.005,0.043,0.961,-0.004,-0.529
00:00:04.056,1572923994423,3.628,0.012,18.123,0.664,3.0,-0.067,2.44,-0.004,0.045,1.002,-0.004,-0.529
00:00:04.057,1572923994424,3.591,0.016,18.123,0.664,3.0,-0.065,2.5,-0.004,0.046,1.043,-0.004,-0.53
00:00:04.105,1572923994472,3.553,0.019,18.123,0.664,3.0,-0.062,2.5580000000000003,-0.003,0.047,1.085,-0.004,-0.53
00:00:04.106,1572923994473,3.518,0.023,18.123,0.664,3.0,-0.059,2.617,-0.003,0.048,1.128,-0.004,-0.53
00:00:04.107,1572923994474,3.485,0.027000000000000003,18.123,0.664,3.0,-0.056,2.674,-0.002,0.05,1.172,-0.005,-0.53
00:00:04.108,1572923994475,3.4530000000000003,0.031,18.123,0.664,3.0,-0.053,2.7310000000000003,-0.002,0.051,1.217,-0.005,-0.53
00:00:04.155,1572923994522,3.424,0.034,18.123,0.664,3.0,-0.051,2.7880000000000003,-0.001,0.053,1.263,-0.005,-0.53
00:00:04.156,1572923994523,3.3960000000000004,0.037000000000000005,18.635,0.664,3.0,-0.048,2.844,0.0,0.055,1.31,-0.005,-0.53
00:00:04.157,1572923994524,3.373,0.039,18.635,0.664,3.0,-0.046,2.9,0.0,0.056,1.358,-0.005,-0.53
00:00:04.205,1572923994572,3.36,0.04,18.635,0.664,3.0,-0.044,2.96,0.001,0.058,1.41,-0.005,-0.53
00:00:04.206,1572923994573,3.355,0.041,18.635,0.664,3.0,-0.042,3.012,0.002,0.06,1.456,-0.005,-0.53
00:00:04.207,1572923994574,3.349,0.04,18.635,0.664,3.0,-0.04,3.068,0.002,0.061,1.507,-0.005,-0.53
00:00:04.258,1572923994625,3.338,0.04,18.635,0.664,3.0,-0.038,3.123,0.003,0.063,1.5590000000000002,-0.005,-0.53
00:00:04.259,1572923994626,3.321,0.039,19.295,0.664,3.0,-0.035,3.178,0.003,0.064,1.611,-0.005,-0.53
00:00:04.260,1572923994627,3.306,0.039,19.295,0.664,3.0,-0.033,3.233,0.004,0.065,1.665,-0.005,-0.53
00:00:04.306,1572923994673,3.3,0.039,19.295,0.664,3.0,-0.03,3.2880000000000003,0.004,0.066,1.719,-0.005,-0.53
00:00:04.307,1572923994674,3.301,0.039,19.295,0.664,3.0,-0.027000000000000003,3.343,0.005,0.067,1.774,-0.005,-0.53
00:00:04.308,1572923994675,3.302,0.04,19.295,0.664,3.0,-0.023,3.398,0.005,0.068,1.831,-0.006,-0.53
00:00:04.356,1572923994723,3.298,0.041,19.295,0.664,3.0,-0.02,3.4530000000000003,0.006,0.068,1.888,-0.006,-0.529
00:00:04.357,1572923994724,3.2880000000000003,0.043,19.661,0.664,3.0,-0.016,3.508,0.006,0.069,1.946,-0.005,-0.529
00:00:04.358,1572923994725,3.274,0.046,19.661,0.664,3.0,-0.012,3.5660000000000003,0.006999999999999999,0.069,2.008,-0.005,-0.529
00:00:04.406,1572923994773,3.263,0.049,19.661,0.664,3.0,-0.008,3.62,0.008,0.069,2.068,-0.005,-0.529
00:00:04.407,1572923994774,3.254,0.052000000000000005,19.661,0.664,3.0,-0.004,3.671,0.008,0.069,2.125,-0.005,-0.529
00:00:04.408,1572923994775,3.2430000000000003,0.056,19.661,0.664,3.0,-0.001,3.725,0.009000000000000001,0.069,2.187,-0.005,-0.529
00:00:04.459,1572923994826,3.229,0.06,19.661,0.664,3.0,0.003,3.778,0.009000000000000001,0.068,2.249,-0.005,-0.529
00:00:04.460,1572923994827,3.212,0.064,19.807,0.664,3.0,0.006999999999999999,3.831,0.01,0.068,2.313,-0.005,-0.529
00:00:04.461,1572923994828,3.192,0.067,19.807,0.664,3.0,0.01,3.884,0.011,0.068,2.377,-0.005,-0.529
00:00:04.511,1572923994878,3.173,0.07,19.807,0.664,3.0,0.013,3.937,0.012,0.067,2.442,-0.005,-0.529
00:00:04.512,1572923994879,3.153,0.07200000000000001,19.807,0.664,3.0,0.015,3.989,0.012,0.067,2.508,-0.005,-0.529
00:00:04.513,1572923994880,3.132,0.07200000000000001,19.807,0.664,3.0,0.017,4.044,0.013,0.067,2.579,-0.005,-0.529
00:00:04.563,1572923994930,3.112,0.07200000000000001,19.807,0.664,3.0,0.019,4.096,0.014,0.066,2.647,-0.004,-0.529
00:00:04.564,1572923994931,3.092,0.071,19.807,0.664,3.0,0.021,4.144,0.014,0.066,2.712,-0.004,-0.529
00:00:04.565,1572923994932,3.07,0.069,19.807,0.664,3.0,0.023,4.195,0.015,0.066,2.781,-0.004,-0.529
00:00:04.611,1572923994978,3.047,0.068,19.807,0.664,3.0,0.025,4.245,0.015,0.066,2.852,-0.004,-0.529
00:00:04.612,1572923994979,3.023,0.065,19.807,0.664,3.0,0.027000000000000003,4.299,0.016,0.066,2.927,-0.003,-0.529
00:00:04.613,1572923994980,3.0010000000000003,0.064,19.807,0.664,3.0,0.029,4.348,0.016,0.066,2.999,-0.003,-0.529
00:00:04.661,1572923995028,2.98,0.063,19.807,0.664,3.0,0.031,4.395,0.016,0.066,3.068,-0.003,-0.529
00:00:04.662,1572923995029,2.958,0.062,19.807,0.664,3.0,0.033,4.444,0.016,0.066,3.141,-0.003,-0.529
00:00:04.663,1572923995030,2.937,0.061,19.807,0.664,3.0,0.035,4.492,0.017,0.066,3.216,-0.002,-0.529
00:00:04.712,1572923995079,2.914,0.06,19.807,0.664,3.0,0.037000000000000005,4.544,0.017,0.067,3.2960000000000003,-0.002,-0.529
00:00:04.713,1572923995080,2.895,0.058,19.807,0.664,3.0,0.038,4.589,0.017,0.067,3.367,-0.002,-0.529
00:00:04.714,1572923995081,2.874,0.056,19.807,0.664,3.0,0.039,4.636,0.017,0.068,3.444,-0.001,-0.529
00:00:04.762,1572923995129,2.854,0.053,19.807,0.664,3.0,0.04,4.683,0.017,0.068,3.522,-0.001,-0.529
00:00:04.763,1572923995130,2.833,0.05,19.807,0.664,3.0,0.041,4.7330000000000005,0.017,0.069,3.605,0.0,-0.529
00:00:04.764,1572923995131,2.814,0.046,19.807,0.664,3.0,0.042,4.777,0.017,0.07,3.679,0.0,-0.529
00:00:04.813,1572923995180,2.7910000000000004,0.043,19.807,0.664,3.0,0.043,4.823,0.016,0.07,3.759,0.001,-0.53
00:00:04.814,1572923995181,2.767,0.039,19.807,0.664,3.0,0.044,4.869,0.016,0.071,3.84,0.001,-0.53
00:00:04.815,1572923995182,2.741,0.036000000000000004,19.807,0.664,3.0,0.045,4.917,0.016,0.07200000000000001,3.927,0.002,-0.53
00:00:04.865,1572923995232,2.719,0.034,19.807,0.664,3.0,0.047,4.962,0.016,0.07200000000000001,4.009,0.002,-0.53
00:00:04.866,1572923995233,2.699,0.033,19.807,0.664,3.0,0.048,5.004,0.015,0.073,4.087,0.003,-0.53
00:00:04.867,1572923995234,2.679,0.033,19.807,0.664,3.0,0.05,5.049,0.015,0.073,4.171,0.003,-0.53
00:00:04.915,1572923995282,2.659,0.032,19.807,0.664,3.0,0.05,5.095,0.015,0.07400000000000001,4.261,0.004,-0.53
00:00:04.916,1572923995283,2.642,0.031,19.807,0.664,3.0,0.05,5.1389999999999985,0.015,0.075,4.346,0.004,-0.53
00:00:04.917,1572923995284,2.6260000000000003,0.028,19.807,0.664,3.0,0.049,5.18,0.014,0.075,4.426,0.005,-0.53
00:00:04.980,1572923995347,2.608,0.022,19.807,0.664,3.0,0.047,5.226,0.014,0.076,4.519,0.005,-0.53
00:00:04.981,1572923995348,2.591,0.015,19.807,0.664,3.0,0.046,5.269,0.013,0.076,4.606,0.006,-0.53
00:00:04.982,1572923995349,2.575,0.006999999999999999,19.807,0.664,3.0,0.045,5.309,0.012,0.076,4.689,0.006,-0.53
00:00:04.983,1572923995350,2.557,0.0,19.807,0.664,3.0,0.044,5.354,0.012,0.077,4.783,0.006999999999999999,-0.53
00:00:05.025,1572923995392,2.541,-0.005,19.807,0.664,3.0,0.045,5.396,0.011,0.077,4.873,0.006999999999999999,-0.53
00:00:05.026,1572923995393,2.525,-0.006999999999999999,19.807,0.664,3.0,0.046,5.435,0.01,0.077,4.957,0.008,-0.53
00:00:05.027,1572923995394,2.508,-0.006,19.807,0.664,3.0,0.047,5.479,0.009000000000000001,0.077,5.0539999999999985,0.009000000000000001,-0.53
00:00:05.076,1572923995443,2.4930000000000003,-0.003,19.807,0.664,3.0,0.048,5.518,0.009000000000000001,0.077,5.14,0.009000000000000001,-0.53
00:00:05.077,1572923995444,2.477,0.001,19.807,0.664,3.0,0.049,5.559,0.009000000000000001,0.077,5.232,0.01,-0.53
00:00:05.078,1572923995445,2.46,0.006,19.807,0.664,3.0,0.049,5.603,0.008,0.077,5.331,0.01,-0.53
00:00:05.126,1572923995493,2.444,0.011,19.807,0.664,3.0,0.049,5.643,0.008,0.077,5.425,0.011,-0.53
00:00:05.127,1572923995494,2.43,0.015,19.807,0.664,3.0,0.049,5.681,0.008,0.076,5.513,0.011,-0.53
00:00:05.128,1572923995495,2.414,0.02,19.807,0.664,3.0,0.049,5.723,0.008,0.076,5.614,0.012,-0.53
00:00:05.177,1572923995544,2.399,0.023,19.807,0.664,3.0,0.048,5.761,0.008,0.076,5.704,0.013,-0.53
00:00:05.178,1572923995545,2.384,0.025,19.807,0.664,3.0,0.048,5.803,0.008,0.075,5.806,0.013,-0.53
00:00:05.179,1572923995546,2.37,0.027000000000000003,19.807,0.664,3.0,0.047,5.84,0.008,0.075,5.897,0.014,-0.529
00:00:05.228,1572923995595,2.355,0.027000000000000003,19.807,0.664,3.0,0.046,5.879,0.008,0.07400000000000001,5.995,0.015,-0.529
00:00:05.229,1572923995596,2.339,0.026,19.807,0.664,3.0,0.044,5.92,0.008,0.07400000000000001,6.099,0.015,-0.529
00:00:05.230,1572923995597,2.325,0.025,19.807,0.664,3.0,0.043,5.9579999999999975,0.006999999999999999,0.073,6.198,0.016,-0.529
00:00:05.278,1572923995645,2.31,0.023,19.807,0.664,3.0,0.042,5.997000000000001,0.006999999999999999,0.073,6.297999999999999,0.017,-0.529
00:00:05.279,1572923995646,2.297,0.022,19.807,0.664,3.0,0.041,6.032,0.006999999999999999,0.07200000000000001,6.392,0.017,-0.529
00:00:05.280,1572923995647,2.283,0.021,19.807,0.664,3.0,0.04,6.073,0.006999999999999999,0.07200000000000001,6.499,0.018000000000000002,-0.529
00:00:05.328,1572923995695,2.271,0.021,19.807,0.664,3.0,0.039,6.11,0.006999999999999999,0.071,6.601,0.019,-0.529
00:00:05.329,1572923995696,2.258,0.021,19.807,0.664,3.0,0.039,6.15,0.006999999999999999,0.07,6.709,0.019,-0.529
00:00:05.330,1572923995697,2.247,0.022,19.807,0.664,3.0,0.038,6.185,0.006999999999999999,0.07,6.806,0.02,-0.529
00:00:05.378,1572923995745,2.236,0.022,20.1,0.664,3.0,0.037000000000000005,6.22,0.006,0.07,6.903,0.021,-0.529
00:00:05.379,1572923995746,2.226,0.022,20.1,0.664,3.0,0.036000000000000004,6.259,0.006,0.069,7.013,0.021,-0.529
00:00:05.380,1572923995747,2.22,0.021,20.1,0.664,3.0,0.035,6.296,0.006,0.069,7.1179999999999986,0.022,-0.529
00:00:05.429,1572923995796,2.218,0.019,20.1,0.664,3.0,0.033,6.331,0.006,0.069,7.216,0.023,-0.53
00:00:05.430,1572923995797,2.215,0.016,20.1,0.664,3.0,0.032,6.3679999999999986,0.006,0.068,7.322,0.024,-0.53
00:00:05.431,1572923995798,2.21,0.012,20.1,0.664,3.0,0.03,6.407,0.005,0.068,7.435,0.025,-0.53
00:00:05.480,1572923995847,2.2030000000000003,0.006999999999999999,20.759,0.664,3.0,0.029,6.443,0.005,0.068,7.542000000000002,0.025,-0.53
00:00:05.481,1572923995848,2.196,0.003,20.759,0.664,3.0,0.028,6.478,0.005,0.068,7.643,0.026,-0.53
00:00:05.482,1572923995849,2.192,-0.004,20.759,0.664,3.0,0.026,6.516,0.004,0.068,7.757999999999999,0.027000000000000003,-0.53
00:00:05.529,1572923995896,2.189,-0.009000000000000001,20.759,0.664,3.0,0.025,6.551,0.004,0.068,7.8610000000000015,0.028,-0.53
00:00:05.530,1572923995897,2.1830000000000003,-0.016,20.759,0.664,3.0,0.024,6.585,0.003,0.068,7.962999999999999,0.028,-0.53
00:00:05.531,1572923995898,2.173,-0.022,20.759,0.664,3.0,0.023,6.621,0.002,0.068,8.073,0.029,-0.53
00:00:05.583,1572923995950,2.16,-0.028,21.272,0.664,3.0,0.022,6.6560000000000015,0.002,0.069,8.184,0.03,-0.53
00:00:05.584,1572923995951,2.149,-0.033,21.272,0.664,3.0,0.021,6.692,0.001,0.069,8.295,0.031,-0.53
00:00:05.585,1572923995952,2.145,-0.037000000000000005,21.272,0.664,3.0,0.021,6.728,0.0,0.069,8.407,0.031,-0.53
00:00:05.637,1572923996004,2.145,-0.039,21.272,0.664,3.0,0.021,6.7639999999999985,0.0,0.069,8.519,0.032,-0.53
00:00:05.638,1572923996005,2.147,-0.039,21.272,0.664,3.0,0.021,6.799,-0.001,0.07,8.632,0.033,-0.53
00:00:05.639,1572923996006,2.147,-0.038,21.272,0.664,3.0,0.021,6.835,-0.001,0.07,8.746,0.034,-0.53
00:00:05.692,1572923996059,2.145,-0.036000000000000004,21.785,0.664,3.0,0.021,6.871,-0.002,0.071,8.86,0.034,-0.53
00:00:05.693,1572923996060,2.142,-0.033,21.785,0.664,3.0,0.021,6.907,-0.002,0.071,8.975,0.035,-0.53
00:00:05.694,1572923996061,2.143,-0.03,21.785,0.664,3.0,0.021,6.942,-0.002,0.07200000000000001,9.09,0.036000000000000004,-0.53
00:00:05.695,1572923996062,2.146,-0.027000000000000003,21.785,0.664,3.0,0.02,6.978,-0.002,0.07200000000000001,9.207,0.037000000000000005,-0.53
00:00:05.743,1572923996110,2.15,-0.025,21.785,0.664,3.0,0.02,7.0139999999999985,-0.003,0.07200000000000001,9.323,0.037000000000000005,-0.53
00:00:05.744,1572923996111,2.151,-0.024,21.785,0.664,3.0,0.019,7.05,-0.003,0.073,9.44,0.038,-0.53
00:00:05.745,1572923996112,2.15,-0.024,21.931,0.664,3.0,0.017,7.086,-0.003,0.073,9.558,0.039,-0.53
00:00:05.793,1572923996160,2.147,-0.024,21.931,0.664,3.0,0.016,7.121,-0.003,0.07400000000000001,9.677,0.039,-0.53
00:00:05.794,1572923996161,2.144,-0.024,21.931,0.664,3.0,0.015,7.157,-0.003,0.07400000000000001,9.796,0.04,-0.531
00:00:05.795,1572923996162,2.141,-0.024,21.931,0.664,3.0,0.014,7.193,-0.003,0.075,9.915,0.041,-0.531
00:00:05.843,1572923996210,2.139,-0.024,21.931,0.664,3.0,0.013,7.228,-0.003,0.075,10.035,0.042,-0.531
00:00:05.844,1572923996211,2.136,-0.024,21.931,0.664,3.0,0.013,7.2639999999999985,-0.003,0.076,10.156,0.042,-0.531
00:00:05.845,1572923996212,2.133,-0.024,22.298,0.664,3.0,0.012,7.298999999999999,-0.003,0.076,10.277,0.043,-0.531
00:00:05.893,1572923996260,2.13,-0.024,22.298,0.664,3.0,0.011,7.335,-0.003,0.077,10.399,0.044,-0.531
00:00:05.894,1572923996261,2.13,-0.024,22.298,0.664,3.0,0.01,7.37,-0.004,0.077,10.522,0.044,-0.531
00:00:05.895,1572923996262,2.132,-0.023,22.298,0.664,3.0,0.009000000000000001,7.4060000000000015,-0.004,0.077,10.645,0.045,-0.531
00:00:05.943,1572923996310,2.134,-0.023,22.298,0.664,3.0,0.009000000000000001,7.442,-0.004,0.078,10.769,0.046,-0.531
00:00:05.944,1572923996311,2.135,-0.023,22.298,0.664,3.0,0.008,7.477,-0.004,0.078,10.893,0.046,-0.531
00:00:05.945,1572923996312,2.134,-0.023,22.298,0.664,3.0,0.006999999999999999,7.513,-0.004,0.078,11.018,0.047,-0.531
00:00:05.994,1572923996361,2.13,-0.023,22.298,0.664,3.0,0.006999999999999999,7.547999999999999,-0.004,0.079,11.144,0.048,-0.531
00:00:05.995,1572923996362,2.126,-0.022,22.298,0.664,3.0,0.006,7.584,-0.004,0.079,11.27,0.049,-0.531
00:00:05.996,1572923996363,2.122,-0.021,22.298,0.664,3.0,0.006,7.619,-0.004,0.079,11.396,0.049,-0.531
00:00:06.045,1572923996412,2.1180000000000003,-0.02,22.298,0.664,3.0,0.006,7.654,-0.004,0.08,11.524,0.05,-0.531
00:00:06.046,1572923996413,2.115,-0.018000000000000002,22.298,0.664,3.0,0.005,7.689,-0.004,0.08,11.651,0.051,-0.531
00:00:06.047,1572923996414,2.111,-0.016,23.469,0.664,3.0,0.005,7.724,-0.004,0.08,11.78,0.051,-0.531
00:00:06.096,1572923996463,2.111,-0.014,23.469,0.664,3.0,0.005,7.762,-0.003,0.081,11.917,0.052000000000000005,-0.531
00:00:06.097,1572923996464,2.119,-0.012,23.469,0.664,3.0,0.005,7.795,-0.003,0.081,12.039,0.053,-0.531
00:00:06.098,1572923996465,2.135,-0.01,23.469,0.664,3.0,0.005,7.831,-0.003,0.081,12.169,0.053,-0.531
00:00:06.147,1572923996514,2.153,-0.006999999999999999,23.469,0.664,3.0,0.005,7.867000000000001,-0.003,0.08199999999999999,12.3,0.054000000000000006,-0.531
00:00:06.148,1572923996515,2.167,-0.005,23.469,0.664,3.0,0.005,7.903,-0.003,0.08199999999999999,12.431,0.055,-0.531
00:00:06.149,1572923996516,2.174,-0.002,23.982,0.664,3.0,0.004,7.94,-0.002,0.08199999999999999,12.563,0.055,-0.531
00:00:06.199,1572923996566,2.176,-0.001,23.982,0.664,3.0,0.004,7.976,-0.002,0.083,12.696,0.056,-0.531
00:00:06.200,1572923996567,2.177,0.001,23.982,0.664,3.0,0.004,8.012,-0.002,0.083,12.829,0.057,-0.531
00:00:06.201,1572923996568,2.177,0.002,23.982,0.664,3.0,0.003,8.049,-0.002,0.084,12.963,0.057,-0.531
00:00:06.249,1572923996616,2.175,0.003,23.982,0.664,3.0,0.003,8.085,-0.001,0.084,13.097,0.058,-0.531
00:00:06.250,1572923996617,2.171,0.004,23.982,0.664,3.0,0.003,8.121,-0.001,0.085,13.232,0.059,-0.531
00:00:06.251,1572923996618,2.167,0.005,24.275,0.664,3.0,0.002,8.157,-0.001,0.085,13.368,0.059,-0.531
00:00:06.305,1572923996672,2.164,0.006,24.275,0.664,3.0,0.002,8.193,-0.001,0.086,13.504,0.06,-0.531
00:00:06.306,1572923996673,2.166,0.006,24.275,0.664,3.0,0.002,8.229,-0.001,0.086,13.640999999999998,0.061,-0.531
00:00:06.307,1572923996674,2.171,0.005,24.275,0.664,3.0,0.001,8.265,0.0,0.087,13.779000000000002,0.062,-0.531
00:00:06.350,1572923996717,2.174,0.005,24.275,0.664,3.0,0.001,8.302,0.0,0.087,13.917,0.062,-0.531
00:00:06.351,1572923996718,2.173,0.004,24.275,0.664,3.0,0.001,8.338,0.0,0.08800000000000001,14.055,0.063,-0.531
00:00:06.352,1572923996719,2.17,0.003,24.495,0.664,3.0,0.0,8.374,0.0,0.08800000000000001,14.195,0.064,-0.531
00:00:06.400,1572923996767,2.166,0.003,24.495,0.664,3.0,0.0,8.41,0.0,0.08900000000000001,14.334,0.064,-0.531
00:00:06.401,1572923996768,2.166,0.002,24.495,0.664,3.0,0.0,8.446,0.0,0.08900000000000001,14.475,0.065,-0.531
00:00:06.402,1572923996769,2.169,0.002,24.495,0.664,3.0,0.0,8.482000000000001,0.0,0.09,14.616,0.066,-0.531
00:00:06.451,1572923996818,2.205,0.001,24.495,0.664,3.0,0.0,8.52,0.0,0.09,14.758,0.067,-0.531
00:00:06.452,1572923996819,2.293,0.001,24.495,0.664,3.0,0.0,8.56,0.0,0.091,14.9,0.067,-0.531
00:00:06.453,1572923996820,2.388,0.002,24.495,0.664,3.0,0.0,8.601,0.0,0.092,15.043,0.068,-0.531
00:00:06.502,1572923996869,2.443,0.002,24.495,0.664,3.0,0.0,8.642000000000001,0.0,0.094,15.187,0.069,-0.531
00:00:06.503,1572923996870,2.438,0.003,24.495,0.664,3.0,0.0,8.682,0.0,0.095,15.331,0.07,-0.531
00:00:06.504,1572923996871,2.385,0.004,24.495,0.664,3.0,0.0,8.721,0.0,0.097,15.476,0.07,-0.53
00:00:06.552,1572923996919,2.3080000000000003,0.005,24.495,0.664,3.0,0.0,8.758,0.0,0.098,15.622,0.071,-0.53
00:00:06.553,1572923996920,2.228,0.006999999999999999,24.495,0.664,3.0,0.001,8.794,0.0,0.099,15.768,0.07200000000000001,-0.53
00:00:06.554,1572923996921,2.158,0.009000000000000001,24.495,0.664,3.0,0.001,8.829,0.0,0.1,15.915,0.073,-0.53
00:00:06.602,1572923996969,2.097,0.011,24.495,0.664,3.0,0.001,8.863,0.001,0.1,16.062,0.07400000000000001,-0.53
00:00:06.603,1572923996970,2.042,0.013,24.495,0.664,3.0,0.001,8.897,0.001,0.1,16.21,0.07400000000000001,-0.53
00:00:06.604,1572923996971,1.994,0.015,24.495,0.664,3.0,0.002,8.929,0.001,0.1,16.359,0.075,-0.53
00:00:06.655,1572923997022,1.954,0.016,24.495,0.664,3.0,0.001,8.961,0.001,0.1,16.508,0.076,-0.53
00:00:06.656,1572923997023,1.921,0.017,24.495,0.664,3.0,0.001,8.993,0.001,0.099,16.658,0.077,-0.53
00:00:06.657,1572923997024,1.893,0.017,24.495,0.664,3.0,0.001,9.024,0.002,0.099,16.808,0.078,-0.53
00:00:06.658,1572923997025,1.87,0.017,24.495,0.664,3.0,0.001,9.055,0.002,0.098,16.958,0.078,-0.53
00:00:06.706,1572923997073,1.849,0.016,24.495,0.664,3.0,0.001,9.085,0.002,0.098,17.11,0.079,-0.531
00:00:06.707,1572923997074,1.83,0.015,24.495,0.664,3.0,0.0,9.116,0.002,0.097,17.261,0.08,-0.531
00:00:06.708,1572923997075,1.812,0.013,24.495,0.664,3.0,0.0,9.146,0.002,0.096,17.413,0.081,-0.531
00:00:06.762,1572923997129,1.795,0.012,24.495,0.664,3.0,0.0,9.175,0.002,0.095,17.566,0.08199999999999999,-0.53
00:00:06.763,1572923997130,1.778,0.011,24.495,0.664,3.0,0.0,9.205,0.002,0.094,17.719,0.083,-0.53
00:00:06.764,1572923997131,1.761,0.01,24.495,0.664,3.0,0.0,9.234,0.002,0.093,17.873,0.084,-0.53
00:00:06.812,1572923997179,1.745,0.01,24.495,0.664,3.0,0.0,9.263,0.001,0.092,18.027,0.084,-0.53
00:00:06.813,1572923997180,1.73,0.009000000000000001,24.495,0.664,3.0,0.0,9.292,0.001,0.091,18.182,0.085,-0.53
00:00:06.814,1572923997181,1.716,0.009000000000000001,24.495,0.664,3.0,0.0,9.32,0.001,0.08900000000000001,18.337,0.086,-0.53
00:00:06.863,1572923997230,1.703,0.009000000000000001,24.495,0.664,3.0,0.0,9.348,0.001,0.08800000000000001,18.492,0.087,-0.53
00:00:06.864,1572923997231,1.6909999999999998,0.01,24.641,0.664,3.0,0.0,9.376,0.001,0.086,18.648,0.08800000000000001,-0.53
00:00:06.865,1572923997232,1.68,0.01,24.641,0.664,3.0,0.0,9.404,0.001,0.085,18.805,0.08900000000000001,-0.53
00:00:06.918,1572923997285,1.67,0.01,24.641,0.664,3.0,0.0,9.432,0.001,0.083,18.962,0.09,-0.53
00:00:06.919,1572923997286,1.662,0.01,24.641,0.664,3.0,0.0,9.459,0.001,0.08199999999999999,19.119,0.091,-0.53
00:00:06.920,1572923997287,1.653,0.01,24.641,0.664,3.0,0.0,9.487,0.001,0.08,19.277,0.092,-0.53
00:00:06.969,1572923997336,1.645,0.01,24.641,0.664,3.0,0.0,9.514,0.001,0.079,19.436,0.093,-0.53
00:00:06.970,1572923997337,1.6369999999999998,0.01,24.641,0.664,3.0,0.0,9.541,0.001,0.077,19.594,0.093,-0.53
00:00:06.971,1572923997338,1.628,0.009000000000000001,24.641,0.664,3.0,0.0,9.568,0.001,0.075,19.754,0.094,-0.53
00:00:07.014,1572923997381,1.62,0.008,24.641,0.664,3.0,0.0,9.595,0.001,0.07400000000000001,19.913,0.095,-0.53
00:00:07.015,1572923997382,1.612,0.006999999999999999,24.641,0.664,3.0,0.0,9.622,0.001,0.07200000000000001,20.074,0.096,-0.53
00:00:07.016,1572923997383,1.604,0.006,24.641,0.664,3.0,0.0,9.649,0.001,0.071,20.234,0.097,-0.53
00:00:07.065,1572923997432,1.596,0.005,24.641,0.664,3.0,0.0,9.675,0.001,0.069,20.395,0.098,-0.53
00:00:07.066,1572923997433,1.588,0.003,24.641,0.664,3.0,0.0,9.702,0.001,0.068,20.557,0.099,-0.53
00:00:07.067,1572923997434,1.581,0.001,24.641,0.664,3.0,0.0,9.728,0.001,0.067,20.719,0.1,-0.53
00:00:07.115,1572923997482,1.574,-0.001,24.641,0.664,3.0,-0.001,9.754,0.001,0.066,20.881,0.101,-0.53
00:00:07.116,1572923997483,1.568,-0.002,24.641,0.664,3.0,-0.001,9.78,0.0,0.065,21.044,0.102,-0.53
00:00:07.117,1572923997484,1.561,-0.003,24.641,0.664,3.0,0.0,9.806,0.0,0.064,21.207,0.103,-0.53
00:00:07.166,1572923997533,1.555,-0.004,24.641,0.664,3.0,0.0,9.832,0.0,0.063,21.371,0.104,-0.53
00:00:07.167,1572923997534,1.5490000000000002,-0.005,24.641,0.664,3.0,0.0,9.857,0.0,0.063,21.535,0.105,-0.53
00:00:07.168,1572923997535,1.543,-0.005,24.641,0.664,3.0,0.0,9.883,0.0,0.062,21.699,0.106,-0.53
00:00:07.217,1572923997584,1.538,-0.005,24.641,0.664,3.0,0.0,9.909,0.0,0.062,21.864,0.107,-0.53
00:00:07.218,1572923997585,1.533,-0.005,24.641,0.664,3.0,0.0,9.934,0.0,0.062,22.029,0.108,-0.53
00:00:07.219,1572923997586,1.527,-0.005,24.641,0.664,3.0,0.0,9.96,0.0,0.062,22.195,0.109,-0.53
00:00:07.268,1572923997635,1.5219999999999998,-0.006,24.641,0.664,3.0,0.0,9.985,0.0,0.062,22.361,0.11,-0.53
00:00:07.269,1572923997636,1.518,-0.006,24.641,0.664,3.0,0.0,10.01,0.0,0.062,22.528,0.111,-0.531
00:00:07.270,1572923997637,1.513,-0.006,24.641,0.664,3.0,0.0,10.035,-0.001,0.062,22.695,0.112,-0.531
00:00:07.318,1572923997685,1.508,-0.006999999999999999,24.641,0.664,3.0,0.0,10.06,-0.001,0.063,22.862,0.113,-0.531
00:00:07.319,1572923997686,1.504,-0.008,24.641,0.664,3.0,0.0,10.085,-0.001,0.063,23.03,0.114,-0.531
00:00:07.320,1572923997687,1.5,-0.009000000000000001,24.641,0.664,3.0,0.0,10.11,-0.001,0.064,23.199,0.115,-0.531
00:00:07.368,1572923997735,1.495,-0.01,24.641,0.664,3.0,0.0,10.135,-0.001,0.064,23.367,0.115,-0.531
00:00:07.369,1572923997736,1.491,-0.012,24.641,0.664,3.0,0.0,10.16,-0.001,0.064,23.537,0.116,-0.531
00:00:07.370,1572923997737,1.487,-0.013,24.641,0.664,3.0,0.0,10.185,-0.001,0.065,23.706,0.117,-0.531
00:00:07.418,1572923997785,1.483,-0.014,24.641,0.664,3.0,0.0,10.209,-0.001,0.065,23.876,0.118,-0.531
00:00:07.419,1572923997786,1.48,-0.015,24.641,0.664,3.0,0.0,10.234,-0.001,0.066,24.046,0.119,-0.531
00:00:07.420,1572923997787,1.476,-0.016,24.641,0.664,3.0,0.0,10.258,-0.001,0.066,24.217,0.12,-0.531
00:00:07.469,1572923997836,1.472,-0.017,24.641,0.664,3.0,0.0,10.283,-0.001,0.067,24.388,0.121,-0.531
00:00:07.470,1572923997837,1.4680000000000002,-0.017,24.641,0.664,3.0,0.0,10.307,-0.001,0.067,24.56,0.122,-0.531
00:00:07.471,1572923997838,1.465,-0.018000000000000002,24.641,0.664,3.0,0.0,10.332,-0.001,0.067,24.732,0.123,-0.531
00:00:07.519,1572923997886,1.461,-0.018000000000000002,24.641,0.664,3.0,0.0,10.356,-0.002,0.067,24.904,0.124,-0.531
00:00:07.520,1572923997887,1.4580000000000002,-0.018000000000000002,24.641,0.664,3.0,0.0,10.38,-0.002,0.068,25.077,0.125,-0.531
00:00:07.521,1572923997888,1.454,-0.018000000000000002,24.641,0.664,3.0,0.0,10.404000000000002,-0.002,0.068,25.25,0.126,-0.531
00:00:07.570,1572923997937,1.4509999999999998,-0.018000000000000002,24.641,0.664,3.0,0.001,10.429,-0.002,0.068,25.424,0.127,-0.531
00:00:07.571,1572923997938,1.4480000000000002,-0.018000000000000002,24.641,0.664,3.0,0.001,10.453,-0.002,0.068,25.59800000000001,0.128,-0.531
00:00:07.572,1572923997939,1.444,-0.018000000000000002,24.641,0.664,3.0,0.001,10.477,-0.002,0.068,25.772,0.129,-0.531
00:00:07.621,1572923997988,1.4409999999999998,-0.018000000000000002,24.641,0.664,3.0,0.001,10.501,-0.002,0.068,25.947,0.13,-0.531
00:00:07.622,1572923997989,1.4380000000000002,-0.019,24.641,0.664,3.0,0.001,10.525,-0.002,0.069,26.122,0.131,-0.531
00:00:07.623,1572923997990,1.435,-0.019,24.641,0.664,3.0,0.001,10.549,-0.002,0.069,26.298,0.132,-0.531
00:00:07.624,1572923997991,1.432,-0.02,24.641,0.664,3.0,0.001,10.572,-0.002,0.069,26.474,0.133,-0.531
00:00:07.671,1572923998038,1.429,-0.02,24.788,0.664,3.0,0.001,10.595999999999998,-0.002,0.069,26.65,0.133,-0.531
00:00:07.672,1572923998039,1.426,-0.021,24.788,0.664,3.0,0.001,10.62,-0.002,0.068,26.827,0.134,-0.531
00:00:07.673,1572923998040,1.4240000000000002,-0.021,24.788,0.664,3.0,0.001,10.644,-0.002,0.068,27.004,0.135,-0.531
00:00:07.721,1572923998088,1.422,-0.022,24.788,0.664,3.0,0.001,10.667,-0.002,0.068,27.182,0.136,-0.531
00:00:07.722,1572923998089,1.42,-0.022,24.788,0.664,3.0,0.001,10.691,-0.002,0.068,27.36,0.13699999999999998,-0.531
00:00:07.723,1572923998090,1.419,-0.023,24.788,0.664,3.0,0.001,10.714,-0.002,0.068,27.538,0.138,-0.531
00:00:07.771,1572923998138,1.4169999999999998,-0.023,24.788,0.664,3.0,0.001,10.738,-0.002,0.068,27.717,0.139,-0.531
00:00:07.772,1572923998139,1.414,-0.024,24.788,0.664,3.0,0.001,10.762,-0.002,0.068,27.896,0.14,-0.531
00:00:07.773,1572923998140,1.412,-0.024,24.788,0.664,3.0,0.001,10.785,-0.002,0.067,28.076,0.141,-0.531
00:00:07.822,1572923998189,1.409,-0.024,24.788,0.664,3.0,0.001,10.809,-0.002,0.067,28.256,0.142,-0.531
00:00:07.823,1572923998190,1.4069999999999998,-0.025,24.788,0.664,3.0,0.001,10.823,-0.002,0.067,28.368,0.142,-0.531
00:00:07.824,1572923998191,1.404,-0.025,24.788,0.664,3.0,0.001,10.847,-0.002,0.067,28.549,0.14300000000000002,-0.531
00:00:07.887,1572923998254,1.401,-0.026,24.788,0.664,3.0,0.001,10.87,-0.002,0.067,28.73,0.14400000000000002,-0.531
00:00:07.888,1572923998255,1.398,-0.027000000000000003,24.934,0.664,3.0,0.001,10.893,-0.002,0.066,28.911,0.145,-0.531
00:00:07.889,1572923998256,1.396,-0.028,24.934,0.664,3.0,0.001,10.916,-0.002,0.066,29.093000000000004,0.146,-0.531
00:00:07.938,1572923998305,1.394,-0.029,24.934,0.664,3.0,0.001,10.94,-0.002,0.066,29.275,0.146,-0.531
00:00:07.939,1572923998306,1.393,-0.03,24.934,0.664,3.0,0.001,10.963,-0.002,0.066,29.458,0.147,-0.531
00:00:07.940,1572923998307,1.391,-0.031,24.934,0.664,3.0,0.001,10.987,-0.002,0.065,29.652,0.14800000000000002,-0.531
00:00:07.941,1572923998308,1.39,-0.031,24.934,0.664,3.0,0.001,11.009,-0.002,0.065,29.824,0.149,-0.531
00:00:07.990,1572923998357,1.388,-0.032,24.934,0.664,3.0,0.001,11.032,-0.002,0.065,30.00800000000001,0.15,-0.531
00:00:07.991,1572923998358,1.385,-0.032,24.934,0.664,3.0,0.001,11.055,-0.002,0.065,30.192,0.151,-0.531
00:00:07.992,1572923998359,1.383,-0.032,24.934,0.664,3.0,0.001,11.078,-0.003,0.065,30.376,0.151,-0.531
00:00:08.044,1572923998411,1.38,-0.032,24.934,0.664,3.0,0.001,11.101,-0.003,0.065,30.561,0.152,-0.531
00:00:08.045,1572923998412,1.3769999999999998,-0.032,24.934,0.664,3.0,0.002,11.124,-0.003,0.065,30.746,0.153,-0.531
00:00:08.046,1572923998413,1.375,-0.032,24.934,0.664,3.0,0.002,11.147,-0.003,0.064,30.932,0.154,-0.531
00:00:08.090,1572923998457,1.372,-0.032,24.934,0.664,3.0,0.002,11.17,-0.002,0.064,31.118,0.155,-0.531
00:00:08.091,1572923998458,1.369,-0.032,24.934,0.664,3.0,0.002,11.193,-0.002,0.064,31.304,0.155,-0.531
00:00:08.092,1572923998459,1.366,-0.032,24.934,0.664,3.0,0.002,11.215,-0.002,0.064,31.491,0.156,-0.531
00:00:08.140,1572923998507,1.364,-0.032,24.934,0.664,3.0,0.002,11.238,-0.002,0.064,31.678,0.157,-0.531
00:00:08.141,1572923998508,1.362,-0.033,24.934,0.664,3.0,0.002,11.261,-0.002,0.064,31.865,0.158,-0.531
00:00:08.142,1572923998509,1.359,-0.033,24.934,0.664,3.0,0.002,11.283,-0.002,0.065,32.053000000000004,0.158,-0.531
00:00:08.191,1572923998558,1.357,-0.033,24.934,0.664,3.0,0.002,11.306,-0.002,0.065,32.242,0.159,-0.531
00:00:08.192,1572923998559,1.355,-0.033,24.934,0.664,3.0,0.002,11.328,-0.002,0.065,32.43,0.16,-0.531
00:00:08.193,1572923998560,1.3530000000000002,-0.034,24.934,0.664,3.0,0.002,11.351,-0.002,0.065,32.619,0.161,-0.531
00:00:08.241,1572923998608,1.351,-0.034,24.934,0.664,3.0,0.002,11.373,-0.002,0.065,32.809,0.161,-0.531
00:00:08.242,1572923998609,1.349,-0.034,24.934,0.664,3.0,0.002,11.396,-0.002,0.065,32.998000000000005,0.162,-0.531
00:00:08.243,1572923998610,1.347,-0.035,24.934,0.664,3.0,0.002,11.418,-0.002,0.065,33.188,0.163,-0.531
00:00:08.291,1572923998658,1.345,-0.035,25.154,0.664,3.0,0.002,11.441,-0.002,0.065,33.379,0.163,-0.531
00:00:08.292,1572923998659,1.3430000000000002,-0.035,25.154,0.664,3.0,0.002,11.463,-0.002,0.065,33.57,0.16399999999999998,-0.531
00:00:08.293,1572923998660,1.3430000000000002,-0.035,25.154,0.664,3.0,0.002,11.485,-0.002,0.065,33.761,0.165,-0.531
00:00:08.342,1572923998709,1.3430000000000002,-0.035,25.154,0.664,3.0,0.002,11.508,-0.002,0.065,33.953,0.165,-0.531
00:00:08.343,1572923998710,1.3430000000000002,-0.035,25.154,0.664,3.0,0.003,11.53,-0.002,0.066,34.145,0.166,-0.531
00:00:08.344,1572923998711,1.342,-0.035,25.154,0.664,3.0,0.003,11.553,-0.002,0.066,34.337,0.16699999999999998,-0.531
00:00:08.393,1572923998760,1.341,-0.035,25.154,0.664,3.0,0.003,11.575,-0.002,0.066,34.53,0.16699999999999998,-0.531
00:00:08.394,1572923998761,1.34,-0.034,25.154,0.664,3.0,0.003,11.597,-0.002,0.066,34.723,0.168,-0.531
00:00:08.395,1572923998762,1.338,-0.034,25.154,0.664,3.0,0.003,11.619000000000002,-0.002,0.066,34.916,0.16899999999999998,-0.532
00:00:08.443,1572923998810,1.335,-0.034,25.154,0.664,3.0,0.003,11.642,-0.002,0.066,35.11,0.16899999999999998,-0.532
00:00:08.444,1572923998811,1.3330000000000002,-0.034,25.154,0.664,3.0,0.003,11.665,-0.002,0.066,35.316,0.17,-0.532
00:00:08.445,1572923998812,1.331,-0.033,25.154,0.664,3.0,0.003,11.686,-0.002,0.066,35.499,0.17,-0.532
00:00:08.493,1572923998860,1.329,-0.032,25.301,0.664,3.0,0.003,11.708,-0.002,0.066,35.694,0.171,-0.532
00:00:08.494,1572923998861,1.327,-0.031,25.301,0.664,3.0,0.003,11.73,-0.002,0.066,35.889,0.172,-0.532
00:00:08.495,1572923998862,1.3259999999999998,-0.03,25.301,0.664,3.0,0.003,11.752,-0.002,0.066,36.085,0.172,-0.532
00:00:08.543,1572923998910,1.3259999999999998,-0.029,25.301,0.664,3.0,0.004,11.776,-0.002,0.066,36.293,0.173,-0.532
00:00:08.544,1572923998911,1.325,-0.029,25.301,0.664,3.0,0.004,11.797,-0.002,0.066,36.477,0.173,-0.532
00:00:08.545,1572923998912,1.324,-0.028,25.301,0.664,3.0,0.004,11.819,-0.002,0.066,36.674,0.174,-0.532
00:00:08.593,1572923998960,1.3230000000000002,-0.028,25.447,0.664,3.0,0.004,11.841,-0.002,0.066,36.871,0.174,-0.532
00:00:08.594,1572923998961,1.3219999999999998,-0.028,25.447,0.664,3.0,0.004,11.863,-0.002,0.066,37.069,0.175,-0.532
00:00:08.595,1572923998962,1.321,-0.027000000000000003,25.447,0.664,3.0,0.004,11.886,-0.002,0.066,37.279,0.175,-0.532
00:00:08.644,1572923999011,1.321,-0.026,25.447,0.664,3.0,0.004,11.907,-0.002,0.066,37.465,0.17600000000000002,-0.532
00:00:08.645,1572923999012,1.32,-0.025,25.447,0.664,3.0,0.004,11.93,-0.001,0.066,37.676,0.177,-0.532
00:00:08.646,1572923999013,1.319,-0.024,25.447,0.664,3.0,0.004,11.951,-0.001,0.066,37.863,0.177,-0.532
00:00:08.696,1572923999063,1.318,-0.022,25.447,0.664,3.0,0.004,11.973,-0.001,0.066,38.062,0.17800000000000002,-0.532
00:00:08.697,1572923999064,1.3159999999999998,-0.02,25.447,0.664,3.0,0.004,11.994000000000002,-0.001,0.066,38.262,0.17800000000000002,-0.532
00:00:08.698,1572923999065,1.314,-0.018000000000000002,25.447,0.664,3.0,0.004,12.015,-0.001,0.066,38.449,0.17800000000000002,-0.532
00:00:08.747,1572923999114,1.3119999999999998,-0.016,25.447,0.664,3.0,0.004,12.037,-0.001,0.066,38.65,0.179,-0.532
00:00:08.748,1572923999115,1.31,-0.014,25.447,0.664,3.0,0.004,12.059,-0.001,0.066,38.85,0.179,-0.532
00:00:08.749,1572923999116,1.308,-0.012,25.447,0.664,3.0,0.004,12.08,-0.001,0.066,39.052,0.18,-0.532
00:00:08.797,1572923999164,1.306,-0.011,25.447,0.664,3.0,0.004,12.102,-0.001,0.066,39.253,0.18,-0.532
00:00:08.798,1572923999165,1.304,-0.01,25.447,0.664,3.0,0.004,12.124,0.0,0.066,39.455,0.181,-0.532
00:00:08.799,1572923999166,1.3019999999999998,-0.009000000000000001,25.447,0.664,3.0,0.004,12.145,0.0,0.066,39.657,0.181,-0.532
00:00:08.850,1572923999217,1.3,-0.009000000000000001,25.447,0.664,3.0,0.003,12.167,0.0,0.066,39.86,0.182,-0.532
00:00:08.851,1572923999218,1.298,-0.01,25.447,0.664,3.0,0.003,12.19,0.0,0.066,40.076,0.182,-0.532
00:00:08.852,1572923999219,1.296,-0.01,25.447,0.664,3.0,0.003,12.21,0.0,0.066,40.266,0.183,-0.532
00:00:08.897,1572923999264,1.295,-0.01,25.667,0.664,3.0,0.003,12.232,0.0,0.066,40.47,0.183,-0.532
00:00:08.898,1572923999265,1.294,-0.01,25.667,0.664,3.0,0.003,12.253,0.0,0.066,40.674,0.184,-0.532
00:00:08.899,1572923999266,1.294,-0.01,25.667,0.664,3.0,0.003,12.275,0.0,0.066,40.878,0.184,-0.532
00:00:08.947,1572923999314,1.294,-0.01,25.667,0.664,3.0,0.003,12.297,0.0,0.066,41.083,0.185,-0.532
00:00:08.948,1572923999315,1.294,-0.01,25.667,0.664,3.0,0.003,12.318,0.0,0.066,41.288,0.185,-0.532
00:00:08.949,1572923999316,1.294,-0.01,25.667,0.664,3.0,0.003,12.34,0.0,0.066,41.494,0.18600000000000005,-0.532
00:00:08.998,1572923999365,1.293,-0.011,25.667,0.664,3.0,0.002,12.361,-0.001,0.066,41.7,0.18600000000000005,-0.532
00:00:08.999,1572923999366,1.2919999999999998,-0.011,25.667,0.664,3.0,0.002,12.384,-0.001,0.066,41.919,0.187,-0.532
00:00:09.000,1572923999367,1.29,-0.011,25.667,0.664,3.0,0.002,12.404000000000002,-0.001,0.066,42.112,0.187,-0.532
00:00:09.054,1572923999421,1.288,-0.012,25.667,0.664,3.0,0.002,12.425999999999998,-0.001,0.066,42.319,0.188,-0.532
00:00:09.055,1572923999422,1.286,-0.012,25.667,0.664,3.0,0.002,12.448,-0.001,0.066,42.539,0.188,-0.532
00:00:09.056,1572923999423,1.284,-0.012,25.667,0.664,3.0,0.002,12.468,-0.001,0.066,42.734,0.189,-0.532
00:00:09.057,1572923999424,1.2819999999999998,-0.012,25.667,0.664,3.0,0.002,12.49,-0.001,0.066,42.942,0.189,-0.532
00:00:09.108,1572923999475,1.28,-0.013,25.667,0.664,3.0,0.002,12.511,-0.001,0.066,43.15,0.189,-0.532
00:00:09.109,1572923999476,1.278,-0.013,25.667,0.664,3.0,0.002,12.532,-0.001,0.066,43.359,0.19,-0.532
00:00:09.110,1572923999477,1.276,-0.013,25.667,0.664,3.0,0.002,12.554,-0.001,0.066,43.56800000000001,0.19,-0.532
00:00:09.156,1572923999523,1.273,-0.014,25.667,0.664,3.0,0.002,12.575,-0.001,0.067,43.778,0.191,-0.532
00:00:09.157,1572923999524,1.27,-0.014,25.667,0.664,3.0,0.002,12.595999999999998,-0.001,0.067,43.987,0.191,-0.532
00:00:09.158,1572923999525,1.267,-0.015,25.667,0.664,3.0,0.002,12.617,-0.001,0.067,44.197,0.192,-0.532
00:00:09.206,1572923999573,1.265,-0.015,25.667,0.664,3.0,0.002,12.639,-0.001,0.067,44.42100000000001,0.192,-0.532
00:00:09.207,1572923999574,1.264,-0.015,25.667,0.664,3.0,0.002,12.659,-0.001,0.067,44.619,0.193,-0.532
00:00:09.208,1572923999575,1.263,-0.016,25.667,0.664,3.0,0.002,12.68,-0.001,0.067,44.83,0.193,-0.532
00:00:09.256,1572923999623,1.262,-0.016,25.667,0.664,3.0,0.002,12.701,-0.001,0.067,45.041,0.193,-0.532
00:00:09.257,1572923999624,1.26,-0.016,25.667,0.664,3.0,0.002,12.722,-0.001,0.067,45.253,0.194,-0.532
00:00:09.258,1572923999625,1.259,-0.017,25.667,0.664,3.0,0.002,12.746,-0.001,0.067,45.492,0.194,-0.532
00:00:09.306,1572923999673,1.258,-0.017,25.667,0.664,3.0,0.002,12.764,-0.001,0.067,45.678,0.195,-0.532
00:00:09.307,1572923999674,1.257,-0.017,25.667,0.664,3.0,0.002,12.785,-0.001,0.067,45.89100000000001,0.195,-0.532
00:00:09.308,1572923999675,1.255,-0.018000000000000002,25.667,0.664,3.0,0.002,12.806,-0.001,0.067,46.104,0.196,-0.532
00:00:09.357,1572923999724,1.254,-0.018000000000000002,25.667,0.664,3.0,0.002,12.828,-0.001,0.067,46.331,0.196,-0.532
00:00:09.358,1572923999725,1.253,-0.018000000000000002,25.667,0.664,3.0,0.002,12.848,-0.001,0.067,46.532,0.196,-0.532
00:00:09.359,1572923999726,1.252,-0.019,25.667,0.664,3.0,0.003,12.868,-0.001,0.067,46.746,0.197,-0.532
00:00:09.407,1572923999774,1.251,-0.019,25.667,0.664,3.0,0.003,12.890999999999998,-0.001,0.067,46.974,0.197,-0.532
00:00:09.408,1572923999775,1.25,-0.02,25.667,0.664,3.0,0.003,12.91,-0.001,0.067,47.176,0.197,-0.532
00:00:09.409,1572923999776,1.249,-0.02,25.667,0.664,3.0,0.003,12.932,-0.001,0.067,47.405,0.198,-0.532
00:00:09.458,1572923999825,1.249,-0.021,25.667,0.664,3.0,0.003,12.952,-0.001,0.067,47.607,0.198,-0.532
00:00:09.459,1572923999826,1.248,-0.021,25.667,0.664,3.0,0.003,12.972,-0.001,0.066,47.823,0.199,-0.532
00:00:09.460,1572923999827,1.247,-0.021,25.667,0.664,3.0,0.003,12.993,-0.001,0.066,48.039,0.199,-0.532
00:00:09.509,1572923999876,1.246,-0.021,25.667,0.664,3.0,0.003,13.015,-0.001,0.066,48.269,0.199,-0.532
00:00:09.510,1572923999877,1.246,-0.021,25.667,0.664,3.0,0.003,13.041,-0.001,0.066,48.541,0.2,-0.532
00:00:09.511,1572923999878,1.245,-0.021,25.667,0.664,3.0,0.003,13.057,-0.001,0.066,48.70399999999999,0.2,-0.532
00:00:09.559,1572923999926,1.244,-0.021,25.667,0.664,3.0,0.003,13.078,-0.001,0.066,48.922,0.2,-0.532
00:00:09.560,1572923999927,1.244,-0.021,25.667,0.664,3.0,0.003,13.098,-0.001,0.066,49.14,0.201,-0.532
00:00:09.561,1572923999928,1.243,-0.021,25.667,0.664,3.0,0.003,13.119000000000002,-0.001,0.066,49.358,0.201,-0.532
00:00:09.609,1572923999976,1.242,-0.021,25.667,0.664,3.0,0.003,13.14,-0.001,0.066,49.577,0.201,-0.532
00:00:09.610,1572923999977,1.241,-0.021,25.667,0.664,3.0,0.003,13.159,-0.001,0.067,49.783,0.202,-0.532
00:00:09.611,1572923999978,1.241,-0.021,25.667,0.664,3.0,0.003,13.18,-0.001,0.067,50.002,0.202,-0.532
00:00:09.659,1572924000026,1.24,-0.021,25.667,0.664,3.0,0.003,13.202,-0.001,0.067,50.236,0.202,-0.532
00:00:09.660,1572924000027,1.239,-0.022,25.667,0.664,3.0,0.003,13.222,-0.001,0.067,50.456,0.203,-0.532
00:00:09.661,1572924000028,1.239,-0.022,25.667,0.664,3.0,0.003,13.242,-0.001,0.067,50.663,0.203,-0.532
00:00:09.718,1572924000085,1.238,-0.022,25.667,0.664,3.0,0.003,13.264,-0.001,0.067,50.897,0.203,-0.532
00:00:09.719,1572924000086,1.237,-0.022,25.667,0.664,3.0,0.003,13.284,-0.001,0.067,51.119,0.203,-0.532
00:00:09.720,1572924000087,1.236,-0.022,25.667,0.664,3.0,0.003,13.305,-0.001,0.067,51.34,0.204,-0.532
00:00:09.760,1572924000127,1.236,-0.022,25.667,0.664,3.0,0.003,13.325,-0.001,0.067,51.562,0.204,-0.532
00:00:09.761,1572924000128,1.235,-0.022,25.667,0.664,3.0,0.003,13.345,-0.001,0.067,51.77,0.204,-0.532
00:00:09.762,1572924000129,1.234,-0.022,25.667,0.664,3.0,0.003,13.365,-0.001,0.067,51.993,0.204,-0.532
00:00:09.812,1572924000179,1.234,-0.022,25.667,0.664,3.0,0.004,13.387,-0.001,0.067,52.23,0.205,-0.532
00:00:09.813,1572924000180,1.233,-0.022,25.667,0.664,3.0,0.004,13.408,-0.001,0.067,52.453,0.205,-0.532
00:00:09.814,1572924000181,1.232,-0.022,25.667,0.664,3.0,0.004,13.427,-0.001,0.067,52.663,0.205,-0.532
00:00:09.862,1572924000229,1.232,-0.022,25.667,0.664,3.0,0.004,13.449000000000002,-0.001,0.067,52.901,0.206,-0.532
00:00:09.863,1572924000230,1.231,-0.022,25.667,0.664,3.0,0.004,13.469,-0.001,0.067,53.125,0.206,-0.532
00:00:09.864,1572924000231,1.23,-0.022,25.667,0.664,3.0,0.004,13.49,-0.001,0.067,53.35,0.206,-0.532
00:00:09.914,1572924000281,1.23,-0.022,25.667,0.664,3.0,0.004,13.51,-0.001,0.067,53.575,0.206,-0.532
00:00:09.915,1572924000282,1.229,-0.022,25.667,0.664,3.0,0.004,13.529000000000002,-0.001,0.067,53.786,0.206,-0.532
00:00:09.916,1572924000283,1.228,-0.023,25.667,0.664,3.0,0.004,13.550999999999998,-0.001,0.068,54.026,0.207,-0.532
00:00:09.963,1572924000330,1.227,-0.023,25.667,0.664,3.0,0.004,13.571,-0.001,0.068,54.252,0.207,-0.532
00:00:09.964,1572924000331,1.227,-0.023,25.667,0.664,3.0,0.004,13.591,-0.001,0.068,54.464,0.207,-0.532
00:00:09.965,1572924000332,1.226,-0.023,25.667,0.664,3.0,0.004,13.612,-0.001,0.068,54.705,0.207,-0.532
00:00:10.013,1572924000380,1.225,-0.023,25.667,0.664,3.0,0.004,13.633,-0.001,0.068,54.932,0.207,-0.532
00:00:10.014,1572924000381,1.225,-0.024,25.667,0.664,3.0,0.004,13.653,-0.001,0.068,55.159,0.208,-0.532
00:00:10.015,1572924000382,1.224,-0.024,25.667,0.664,3.0,0.004,13.672,-0.001,0.068,55.37300000000001,0.208,-0.532
00:00:10.063,1572924000430,1.223,-0.024,25.667,0.664,3.0,0.004,13.694,-0.001,0.068,55.615,0.208,-0.532
00:00:10.064,1572924000431,1.223,-0.024,25.667,0.664,3.0,0.004,13.714,-0.001,0.068,55.844,0.208,-0.532
00:00:10.065,1572924000432,1.222,-0.024,25.667,0.664,3.0,0.004,13.735,-0.001,0.068,56.072,0.208,-0.532
00:00:10.115,1572924000482,1.221,-0.024,25.667,0.664,3.0,0.004,13.755,-0.001,0.068,56.301,0.208,-0.532
00:00:10.116,1572924000483,1.221,-0.024,25.667,0.664,3.0,0.004,13.775,-0.001,0.068,56.53100000000001,0.209,-0.532
00:00:10.117,1572924000484,1.22,-0.024,25.667,0.664,3.0,0.004,13.796,-0.001,0.068,56.761,0.209,-0.532
00:00:10.170,1572924000537,1.219,-0.024,25.667,0.664,3.0,0.004,13.816,-0.001,0.068,56.99100000000001,0.209,-0.532
00:00:10.171,1572924000538,1.219,-0.024,25.667,0.664,3.0,0.004,13.835,-0.001,0.068,57.207,0.209,-0.532
00:00:10.172,1572924000539,1.218,-0.024,25.667,0.664,3.0,0.004,13.857,-0.001,0.068,57.452,0.209,-0.532
00:00:10.217,1572924000584,1.217,-0.025,25.667,0.664,3.0,0.004,13.877,-0.001,0.068,57.683,0.209,-0.532
00:00:10.218,1572924000585,1.216,-0.025,25.667,0.664,3.0,0.004,13.897,-0.001,0.069,57.914,0.209,-0.532
00:00:10.219,1572924000586,1.216,-0.025,25.667,0.664,3.0,0.004,13.916,-0.001,0.069,58.132,0.209,-0.532
00:00:10.269,1572924000636,1.215,-0.025,25.667,0.664,3.0,0.005,13.938,-0.001,0.069,58.378,0.209,-0.532
00:00:10.270,1572924000637,1.214,-0.025,25.667,0.664,3.0,0.005,13.958,-0.001,0.069,58.611,0.209,-0.532
00:00:10.271,1572924000638,1.214,-0.025,26.106,0.664,3.0,0.005,13.978,-0.001,0.069,58.844,0.21,-0.532
00:00:10.324,1572924000691,1.215,-0.025,26.106,0.664,3.0,0.005,13.998,-0.001,0.069,59.077,0.21,-0.532
00:00:10.325,1572924000692,1.218,-0.025,26.106,0.664,3.0,0.005,14.019,-0.001,0.069,59.31,0.21,-0.532
00:00:10.326,1572924000693,1.223,-0.025,26.106,0.664,3.0,0.005,14.039,-0.001,0.069,59.544,0.21,-0.532
00:00:10.327,1572924000694,1.226,-0.025,26.106,0.664,3.0,0.005,14.06,-0.001,0.069,59.778,0.21,-0.532
00:00:10.385,1572924000752,1.229,-0.025,26.106,0.664,3.0,0.005,14.08,-0.001,0.069,60.01300000000001,0.21,-0.532
00:00:10.386,1572924000753,1.229,-0.025,26.765,0.664,3.0,0.005,14.101,-0.001,0.069,60.247,0.21,-0.532
00:00:10.387,1572924000754,1.231,-0.025,26.765,0.664,3.0,0.005,14.121,-0.001,0.069,60.483,0.21,-0.532
00:00:10.437,1572924000804,1.236,-0.025,26.765,0.664,3.0,0.005,14.142,-0.001,0.069,60.718,0.21,-0.532
00:00:10.438,1572924000805,1.242,-0.025,26.765,0.664,3.0,0.005,14.163,-0.001,0.07,60.95399999999999,0.21,-0.532
00:00:10.439,1572924000806,1.248,-0.025,26.765,0.664,3.0,0.005,14.183,-0.001,0.07,61.19,0.21,-0.532
00:00:10.498,1572924000865,1.251,-0.025,26.765,0.664,3.0,0.005,14.204,-0.001,0.07,61.427,0.21,-0.532
00:00:10.499,1572924000866,1.252,-0.025,26.765,0.664,3.0,0.005,14.225,-0.001,0.07,61.664,0.21,-0.532
00:00:10.500,1572924000867,1.252,-0.025,26.765,0.664,3.0,0.005,14.246,0.0,0.071,61.901,0.21,-0.532
00:00:10.501,1572924000868,1.25,-0.025,26.765,0.664,3.0,0.005,14.267,0.0,0.071,62.139,0.21,-0.532
00:00:10.547,1572924000914,1.248,-0.026,26.765,0.664,3.0,0.005,14.288,0.0,0.071,62.377,0.21,-0.532
00:00:10.548,1572924000915,1.247,-0.026,26.765,0.664,3.0,0.005,14.308,-0.001,0.07200000000000001,62.615,0.21,-0.532
00:00:10.549,1572924000916,1.245,-0.026,26.765,0.664,3.0,0.005,14.329,-0.001,0.07200000000000001,62.854,0.21,-0.532
00:00:10.596,1572924000963,1.245,-0.027000000000000003,26.765,0.664,3.0,0.005,14.35,-0.001,0.07200000000000001,63.093,0.21,-0.532
00:00:10.597,1572924000964,1.244,-0.027000000000000003,26.765,0.664,3.0,0.005,14.371,-0.001,0.073,63.332,0.21,-0.532
00:00:10.598,1572924000965,1.244,-0.027000000000000003,26.765,0.664,3.0,0.005,14.390999999999998,-0.001,0.073,63.572,0.21,-0.532
00:00:10.647,1572924001014,1.243,-0.028,26.765,0.664,3.0,0.005,14.412,-0.001,0.073,63.812,0.209,-0.532
00:00:10.648,1572924001015,1.243,-0.028,26.765,0.664,3.0,0.005,14.433,-0.001,0.073,64.05199999999999,0.209,-0.532
00:00:10.649,1572924001016,1.242,-0.028,26.765,0.664,3.0,0.005,14.453,-0.001,0.07400000000000001,64.293,0.209,-0.532
00:00:10.697,1572924001064,1.241,-0.029,26.765,0.664,3.0,0.005,14.474,-0.001,0.07400000000000001,64.53399999999999,0.209,-0.532
00:00:10.698,1572924001065,1.241,-0.029,26.765,0.664,3.0,0.006,14.495,-0.001,0.07400000000000001,64.775,0.209,-0.532
00:00:10.699,1572924001066,1.24,-0.029,26.765,0.664,3.0,0.006,14.515,-0.001,0.07400000000000001,65.017,0.209,-0.532
00:00:10.747,1572924001114,1.239,-0.029,26.765,0.664,3.0,0.006,14.536,-0.001,0.07400000000000001,65.259,0.209,-0.532
00:00:10.748,1572924001115,1.239,-0.029,26.765,0.664,3.0,0.006,14.557,-0.001,0.07400000000000001,65.501,0.209,-0.532
00:00:10.749,1572924001116,1.238,-0.029,26.765,0.664,3.0,0.006,14.577,-0.001,0.07400000000000001,65.744,0.209,-0.532
00:00:10.797,1572924001164,1.237,-0.029,26.765,0.664,3.0,0.006,14.598,-0.001,0.07400000000000001,65.987,0.208,-0.532
00:00:10.798,1572924001165,1.237,-0.029,26.765,0.664,3.0,0.006,14.619000000000002,-0.001,0.075,66.23100000000001,0.208,-0.532
00:00:10.799,1572924001166,1.236,-0.029,26.765,0.664,3.0,0.006,14.639,-0.001,0.075,66.475,0.208,-0.532
00:00:10.852,1572924001219,1.236,-0.029,26.765,0.664,3.0,0.006,14.66,0.0,0.075,66.719,0.208,-0.532
00:00:10.853,1572924001220,1.235,-0.029,26.765,0.664,3.0,0.006,14.68,0.0,0.075,66.96300000000001,0.208,-0.532
00:00:10.854,1572924001221,1.234,-0.029,26.765,0.664,3.0,0.006,14.701,0.0,0.075,67.208,0.208,-0.532
00:00:10.898,1572924001265,1.234,-0.03,26.765,0.664,3.0,0.006,14.720999999999998,0.0,0.075,67.453,0.207,-0.532
00:00:10.899,1572924001266,1.234,-0.03,26.765,0.664,3.0,0.006,14.742,0.0,0.075,67.699,0.207,-0.532
00:00:10.900,1572924001267,1.233,-0.03,26.765,0.664,3.0,0.006,14.762,0.0,0.075,67.945,0.207,-0.532
00:00:10.958,1572924001325,1.233,-0.03,26.765,0.664,3.0,0.006,14.783,0.0,0.075,68.191,0.207,-0.532
00:00:10.959,1572924001326,1.232,-0.031,26.765,0.664,3.0,0.006,14.804,0.0,0.075,68.438,0.206,-0.532
00:00:10.960,1572924001327,1.232,-0.031,26.765,0.664,3.0,0.006,14.824000000000002,0.0,0.075,68.684,0.206,-0.532
00:00:10.961,1572924001328,1.231,-0.031,26.765,0.664,3.0,0.006,14.845,0.0,0.075,68.932,0.206,-0.532
00:00:11.007,1572924001374,1.231,-0.031,26.765,0.664,3.0,0.006,14.865,0.0,0.075,69.179,0.206,-0.532
00:00:11.008,1572924001375,1.23,-0.031,26.765,0.664,3.0,0.006999999999999999,14.886,0.0,0.075,69.42699999999999,0.205,-0.532
00:00:11.009,1572924001376,1.23,-0.031,26.765,0.664,3.0,0.006999999999999999,14.906,0.0,0.075,69.675,0.205,-0.532
00:00:11.058,1572924001425,1.229,-0.031,26.765,0.664,3.0,0.006999999999999999,14.927,0.0,0.075,69.92399999999999,0.205,-0.532
00:00:11.059,1572924001426,1.229,-0.031,26.765,0.664,3.0,0.006999999999999999,14.947,0.0,0.075,70.173,0.205,-0.532
00:00:11.060,1572924001427,1.229,-0.031,26.765,0.664,3.0,0.006999999999999999,14.968,0.0,0.075,70.422,0.204,-0.532
00:00:11.108,1572924001475,1.228,-0.031,26.765,0.664,3.0,0.006999999999999999,14.988,0.0,0.075,70.672,0.204,-0.532
00:00:11.109,1572924001476,1.228,-0.031,26.765,0.664,3.0,0.006999999999999999,15.008,0.0,0.075,70.922,0.204,-0.532
00:00:11.110,1572924001477,1.227,-0.031,26.765,0.664,3.0,0.006999999999999999,15.029000000000002,0.0,0.075,71.172,0.203,-0.532
00:00:11.158,1572924001525,1.227,-0.031,26.765,0.664,3.0,0.006999999999999999,15.049,0.0,0.075,71.423,0.203,-0.532
00:00:11.159,1572924001526,1.226,-0.031,26.765,0.664,3.0,0.006999999999999999,15.07,0.0,0.075,71.67399999999998,0.203,-0.532
00:00:11.160,1572924001527,1.226,-0.031,26.765,0.664,3.0,0.006999999999999999,15.09,0.0,0.075,71.925,0.202,-0.532
00:00:11.210,1572924001577,1.225,-0.031,26.765,0.664,3.0,0.006999999999999999,15.111,0.0,0.075,72.17699999999998,0.202,-0.532
00:00:11.211,1572924001578,1.225,-0.031,26.765,0.664,3.0,0.006999999999999999,15.130999999999998,0.0,0.075,72.429,0.202,-0.532
00:00:11.212,1572924001579,1.224,-0.031,26.765,0.664,3.0,0.006999999999999999,15.151,0.0,0.075,72.681,0.201,-0.532
00:00:11.258,1572924001625,1.224,-0.031,26.765,0.664,3.0,0.006999999999999999,15.172,0.0,0.075,72.934,0.201,-0.532
00:00:11.259,1572924001626,1.223,-0.031,26.765,0.664,3.0,0.006999999999999999,15.192,0.0,0.075,73.187,0.2,-0.532
00:00:11.260,1572924001627,1.222,-0.031,26.765,0.664,3.0,0.006999999999999999,15.212,0.0,0.075,73.44,0.2,-0.532
00:00:11.310,1572924001677,1.22,-0.031,26.765,0.664,3.0,0.006999999999999999,15.233,0.0,0.075,73.694,0.2,-0.532
00:00:11.311,1572924001678,1.219,-0.031,26.765,0.664,3.0,0.006999999999999999,15.249,0.0,0.075,73.9,0.199,-0.532
00:00:11.312,1572924001679,1.218,-0.031,26.765,0.664,3.0,0.006999999999999999,15.27,0.0,0.075,74.155,0.199,-0.532
00:00:11.360,1572924001727,1.217,-0.031,26.765,0.664,3.0,0.006999999999999999,15.29,0.0,0.075,74.40899999999998,0.198,-0.532
00:00:11.361,1572924001728,1.217,-0.031,26.765,0.664,3.0,0.006999999999999999,15.31,0.0,0.075,74.664,0.198,-0.532
00:00:11.362,1572924001729,1.217,-0.031,26.765,0.664,3.0,0.006999999999999999,15.33,0.0,0.076,74.92,0.197,-0.532
00:00:11.413,1572924001780,1.216,-0.031,26.765,0.664,3.0,0.006999999999999999,15.351,0.0,0.076,75.175,0.197,-0.532
00:00:11.414,1572924001781,1.215,-0.031,26.765,0.664,3.0,0.006999999999999999,15.371,0.0,0.076,75.431,0.196,-0.532
00:00:11.415,1572924001782,1.215,-0.031,26.765,0.664,3.0,0.006999999999999999,15.390999999999998,0.0,0.076,75.688,0.196,-0.532
00:00:11.463,1572924001830,1.214,-0.031,26.765,0.664,3.0,0.008,15.411,0.0,0.076,75.944,0.195,-0.532
00:00:11.464,1572924001831,1.214,-0.031,26.765,0.664,3.0,0.008,15.432,0.0,0.076,76.202,0.195,-0.532
00:00:11.465,1572924001832,1.213,-0.031,26.765,0.664,3.0,0.008,15.452,0.0,0.076,76.459,0.194,-0.532
00:00:11.513,1572924001880,1.213,-0.031,26.765,0.664,3.0,0.008,15.472,0.0,0.076,76.717,0.194,-0.532
00:00:11.514,1572924001881,1.212,-0.031,26.765,0.664,3.0,0.008,15.492,0.0,0.076,76.975,0.193,-0.532
00:00:11.515,1572924001882,1.212,-0.031,26.765,0.664,3.0,0.008,15.514,0.0,0.076,77.249,0.193,-0.532
00:00:11.563,1572924001930,1.211,-0.031,26.765,0.664,3.0,0.008,15.533,0.0,0.076,77.492,0.192,-0.532
00:00:11.564,1572924001931,1.211,-0.031,26.765,0.664,3.0,0.008,15.553,0.0,0.076,77.751,0.192,-0.532
00:00:11.565,1572924001932,1.21,-0.031,26.765,0.664,3.0,0.008,15.573,0.0,0.076,78.01,0.191,-0.532
00:00:11.614,1572924001981,1.209,-0.031,26.765,0.664,3.0,0.008,15.593,0.0,0.076,78.27,0.19,-0.532
00:00:11.615,1572924001982,1.209,-0.031,26.765,0.664,3.0,0.008,15.613,0.0,0.076,78.53,0.19,-0.532
00:00:11.616,1572924001983,1.208,-0.031,26.765,0.664,3.0,0.008,15.633,0.0,0.076,78.79,0.189,-0.532
00:00:11.665,1572924002032,1.208,-0.031,26.765,0.664,3.0,0.008,15.653,0.0,0.076,79.051,0.189,-0.532
00:00:11.666,1572924002033,1.207,-0.031,26.765,0.664,3.0,0.008,15.674,0.0,0.076,79.312,0.188,-0.532
00:00:11.667,1572924002034,1.207,-0.031,26.765,0.664,3.0,0.008,15.694,0.0,0.077,79.57300000000002,0.187,-0.532
00:00:11.716,1572924002083,1.206,-0.031,26.765,0.664,3.0,0.008,15.714,0.0,0.077,79.835,0.187,-0.532
00:00:11.717,1572924002084,1.206,-0.031,26.765,0.664,3.0,0.008,15.734000000000002,0.0,0.077,80.097,0.18600000000000005,-0.532
00:00:11.718,1572924002085,1.205,-0.031,26.765,0.664,3.0,0.008,15.754,0.0,0.077,80.36,0.185,-0.532
00:00:11.767,1572924002134,1.205,-0.031,26.765,0.664,3.0,0.008,15.774,0.0,0.077,80.622,0.185,-0.532
00:00:11.768,1572924002135,1.204,-0.031,26.765,0.664,3.0,0.008,15.794,0.0,0.077,80.885,0.184,-0.532
00:00:11.769,1572924002136,1.204,-0.031,26.765,0.664,3.0,0.008,15.814,0.0,0.077,81.149,0.183,-0.532
00:00:11.817,1572924002184,1.203,-0.031,26.765,0.664,3.0,0.008,15.834,0.0,0.077,81.413,0.183,-0.532
00:00:11.818,1572924002185,1.202,-0.031,26.765,0.664,3.0,0.008,15.854,0.0,0.077,81.67699999999998,0.182,-0.532
00:00:11.819,1572924002186,1.202,-0.031,26.765,0.664,3.0,0.008,15.874,0.0,0.077,81.941,0.181,-0.532
00:00:11.871,1572924002238,1.2009999999999998,-0.031,26.765,0.664,3.0,0.008,15.894,0.0,0.077,82.206,0.18,-0.532
00:00:11.872,1572924002239,1.2009999999999998,-0.031,26.765,0.664,3.0,0.008,15.914,0.0,0.077,82.471,0.18,-0.532
00:00:11.873,1572924002240,1.2,-0.032,26.765,0.664,3.0,0.008,15.934,0.0,0.077,82.736,0.179,-0.532
00:00:11.874,1572924002241,1.2,-0.032,26.765,0.664,3.0,0.008,15.954,0.0,0.077,83.00200000000002,0.17800000000000002,-0.532
00:00:11.921,1572924002288,1.199,-0.032,26.765,0.664,3.0,0.008,15.974,0.0,0.077,83.26799999999999,0.177,-0.532
00:00:11.922,1572924002289,1.199,-0.032,26.765,0.664,3.0,0.008,15.994000000000002,0.0,0.077,83.53399999999998,0.177,-0.532
00:00:11.923,1572924002290,1.198,-0.032,26.765,0.664,3.0,0.008,16.015,0.0,0.077,83.818,0.17600000000000002,-0.532
00:00:11.977,1572924002344,1.198,-0.033,26.765,0.664,3.0,0.008,16.034000000000002,0.0,0.077,84.068,0.175,-0.532
00:00:11.978,1572924002345,1.197,-0.033,26.765,0.664,3.0,0.008,16.054000000000002,0.0,0.077,84.336,0.174,-0.532
00:00:11.979,1572924002346,1.197,-0.033,26.765,0.664,3.0,0.008,16.074,0.0,0.077,84.603,0.173,-0.532
00:00:12.022,1572924002389,1.196,-0.033,26.765,0.664,3.0,0.008,16.094,0.0,0.077,84.87100000000002,0.173,-0.532
00:00:12.023,1572924002390,1.195,-0.033,26.765,0.664,3.0,0.008,16.114,0.0,0.078,85.14,0.172,-0.532
00:00:12.024,1572924002391,1.195,-0.033,26.765,0.664,3.0,0.009000000000000001,16.134,0.0,0.078,85.40899999999998,0.171,-0.532
00:00:12.073,1572924002440,1.194,-0.034,26.765,0.664,3.0,0.009000000000000001,16.154,0.0,0.078,85.678,0.17,-0.532
00:00:12.074,1572924002441,1.194,-0.034,26.765,0.664,3.0,0.009000000000000001,16.173,0.0,0.078,85.947,0.16899999999999998,-0.532
00:00:12.075,1572924002442,1.193,-0.034,26.765,0.664,3.0,0.009000000000000001,16.192999999999998,0.0,0.078,86.21700000000001,0.168,-0.532
00:00:12.124,1572924002491,1.193,-0.034,26.765,0.664,3.0,0.009000000000000001,16.213,0.0,0.078,86.48700000000002,0.16699999999999998,-0.532
00:00:12.125,1572924002492,1.192,-0.034,26.765,0.664,3.0,0.009000000000000001,16.233,0.0,0.078,86.757,0.166,-0.532
00:00:12.126,1572924002493,1.192,-0.034,26.765,0.664,3.0,0.009000000000000001,16.253,0.0,0.078,87.02799999999998,0.165,-0.532
00:00:12.175,1572924002542,1.1909999999999998,-0.034,26.765,0.664,3.0,0.009000000000000001,16.273,0.0,0.078,87.29899999999998,0.165,-0.532
00:00:12.176,1572924002543,1.1909999999999998,-0.035,26.765,0.664,3.0,0.009000000000000001,16.293,0.0,0.078,87.57,0.16399999999999998,-0.532
00:00:12.177,1572924002544,1.19,-0.035,26.765,0.664,3.0,0.009000000000000001,16.312,0.0,0.078,87.84200000000001,0.163,-0.532
00:00:12.230,1572924002597,1.19,-0.035,26.765,0.664,3.0,0.009000000000000001,16.332,0.0,0.078,88.11399999999998,0.162,-0.532
00:00:12.231,1572924002598,1.189,-0.035,26.765,0.664,3.0,0.009000000000000001,16.352,0.0,0.078,88.387,0.161,-0.532
00:00:12.232,1572924002599,1.189,-0.035,26.765,0.664,3.0,0.009000000000000001,16.372,0.0,0.078,88.65899999999998,0.16,-0.532
00:00:12.280,1572924002647,1.188,-0.035,26.765,0.664,3.0,0.009000000000000001,16.392,0.0,0.078,88.932,0.159,-0.532
00:00:12.281,1572924002648,1.187,-0.035,26.765,0.664,3.0,0.009000000000000001,16.410999999999998,0.0,0.078,89.206,0.158,-0.532
00:00:12.282,1572924002649,1.187,-0.035,26.765,0.664,3.0,0.009000000000000001,16.432000000000002,0.0,0.078,89.49600000000002,0.157,-0.532
00:00:12.334,1572924002701,1.186,-0.035,26.765,0.664,3.0,0.009000000000000001,16.451,0.0,0.078,89.75299999999999,0.156,-0.532
00:00:12.335,1572924002702,1.186,-0.035,26.765,0.664,3.0,0.009000000000000001,16.471,0.001,0.078,90.02799999999998,0.155,-0.532
00:00:12.336,1572924002703,1.185,-0.035,26.765,0.664,3.0,0.009000000000000001,16.492,0.001,0.078,90.32,0.154,-0.532
00:00:12.381,1572924002748,1.185,-0.035,26.765,0.664,3.0,0.009000000000000001,16.51,0.001,0.078,90.577,0.153,-0.532
00:00:12.382,1572924002749,1.1840000000000002,-0.036000000000000004,26.765,0.664,3.0,0.009000000000000001,16.53,0.001,0.078,90.853,0.151,-0.532
00:00:12.383,1572924002750,1.1840000000000002,-0.036000000000000004,26.765,0.664,3.0,0.009000000000000001,16.55,0.001,0.078,91.128,0.15,-0.532
00:00:12.431,1572924002798,1.183,-0.036000000000000004,26.765,0.664,3.0,0.009000000000000001,16.569000000000006,0.001,0.079,91.404,0.149,-0.532
00:00:12.432,1572924002799,1.183,-0.036000000000000004,26.765,0.664,3.0,0.009000000000000001,16.589000000000002,0.001,0.079,91.681,0.14800000000000002,-0.532
00:00:12.433,1572924002800,1.182,-0.036000000000000004,26.765,0.664,3.0,0.009000000000000001,16.609,0.001,0.079,91.957,0.147,-0.532
00:00:12.482,1572924002849,1.182,-0.036000000000000004,26.765,0.664,3.0,0.009000000000000001,16.628,0.001,0.079,92.234,0.146,-0.532
00:00:12.483,1572924002850,1.181,-0.035,26.765,0.664,3.0,0.009000000000000001,16.648,0.001,0.079,92.512,0.145,-0.532
00:00:12.484,1572924002851,1.18,-0.035,26.765,0.664,3.0,0.01,16.668,0.001,0.079,92.789,0.14400000000000002,-0.532
00:00:12.533,1572924002900,1.179,-0.034,26.765,0.664,3.0,0.01,16.687,0.001,0.079,93.067,0.142,-0.532
00:00:12.534,1572924002901,1.179,-0.034,26.765,0.664,3.0,0.01,16.707,0.001,0.079,93.345,0.141,-0.532
00:00:12.535,1572924002902,1.178,-0.034,26.765,0.664,3.0,0.01,16.727,0.001,0.079,93.624,0.14,-0.532
00:00:12.583,1572924002950,1.177,-0.034,26.765,0.664,3.0,0.01,16.746,0.001,0.079,93.903,0.139,-0.532
00:00:12.584,1572924002951,1.176,-0.033,26.765,0.664,3.0,0.01,16.766,0.001,0.079,94.182,0.138,-0.532
00:00:12.585,1572924002952,1.175,-0.033,26.765,0.664,3.0,0.01,16.785,0.001,0.079,94.462,0.13699999999999998,-0.532
00:00:12.633,1572924003000,1.175,-0.032,26.765,0.664,3.0,0.01,16.805,0.001,0.079,94.742,0.135,-0.532
00:00:12.634,1572924003001,1.1740000000000002,-0.032,26.765,0.664,3.0,0.01,16.825,0.001,0.079,95.022,0.134,-0.532
00:00:12.635,1572924003002,1.173,-0.031,26.765,0.664,3.0,0.01,16.844,0.001,0.079,95.303,0.133,-0.532
00:00:12.683,1572924003050,1.172,-0.03,26.765,0.664,3.0,0.01,16.864,0.001,0.079,95.584,0.132,-0.532
00:00:12.684,1572924003051,1.172,-0.029,26.765,0.664,3.0,0.01,16.883,0.001,0.079,95.865,0.13,-0.532
00:00:12.685,1572924003052,1.171,-0.029,26.765,0.664,3.0,0.01,16.904,0.001,0.079,96.164,0.129,-0.532
00:00:12.734,1572924003101,1.17,-0.028,26.765,0.664,3.0,0.01,16.922,0.001,0.079,96.428,0.128,-0.532
00:00:12.735,1572924003102,1.169,-0.028,26.765,0.664,3.0,0.01,16.942,0.001,0.079,96.71,0.126,-0.532
00:00:12.736,1572924003103,1.168,-0.028,26.765,0.664,3.0,0.01,16.961,0.001,0.079,96.993,0.125,-0.532
00:00:12.788,1572924003155,1.168,-0.028,26.765,0.664,3.0,0.01,16.980999999999998,0.001,0.079,97.276,0.124,-0.532
00:00:12.789,1572924003156,1.167,-0.028,26.765,0.664,3.0,0.01,17.0,0.001,0.079,97.559,0.123,-0.532
00:00:12.790,1572924003157,1.166,-0.028,26.765,0.664,3.0,0.009000000000000001,17.019000000000002,0.001,0.079,97.842,0.121,-0.532
00:00:12.837,1572924003204,1.165,-0.028,26.765,0.664,3.0,0.009000000000000001,17.038,0.001,0.079,98.108,0.12,-0.532
00:00:12.838,1572924003205,1.165,-0.027000000000000003,26.765,0.664,3.0,0.009000000000000001,17.057000000000002,0.001,0.079,98.393,0.119,-0.532
00:00:12.839,1572924003206,1.164,-0.027000000000000003,26.765,0.664,3.0,0.009000000000000001,17.076,0.001,0.079,98.677,0.117,-0.532
00:00:12.886,1572924003253,1.163,-0.027000000000000003,26.765,0.664,3.0,0.009000000000000001,17.096,0.001,0.079,98.962,0.116,-0.532
00:00:12.887,1572924003254,1.162,-0.027000000000000003,26.765,0.664,3.0,0.009000000000000001,17.115,0.001,0.079,99.247,0.115,-0.532
00:00:12.888,1572924003255,1.162,-0.027000000000000003,26.765,0.664,3.0,0.009000000000000001,17.134,0.001,0.079,99.532,0.113,-0.532
00:00:12.936,1572924003303,1.161,-0.026,26.765,0.664,3.0,0.009000000000000001,17.154,0.001,0.079,99.818,0.112,-0.532
00:00:12.937,1572924003304,1.16,-0.026,26.765,0.664,3.0,0.009000000000000001,17.173,0.001,0.079,100.104,0.11,-0.532
00:00:12.938,1572924003305,1.159,-0.026,26.765,0.664,3.0,0.009000000000000001,17.192,0.001,0.079,100.39,0.109,-0.532
00:00:12.987,1572924003354,1.158,-0.026,26.765,0.664,3.0,0.009000000000000001,17.212,0.001,0.079,100.677,0.108,-0.532
00:00:12.988,1572924003355,1.158,-0.026,26.619,0.664,3.0,0.009000000000000001,17.232,0.001,0.079,100.982,0.106,-0.532
00:00:12.989,1572924003356,1.156,-0.025,26.619,0.664,3.0,0.009000000000000001,17.25,0.001,0.079,101.252,0.105,-0.532
00:00:12.990,1572924003357,1.154,-0.025,26.619,0.664,3.0,0.009000000000000001,17.269000000000002,0.001,0.079,101.539,0.103,-0.532
00:00:13.037,1572924003404,1.151,-0.025,26.619,0.664,3.0,0.009000000000000001,17.289,0.001,0.079,101.827,0.102,-0.532
00:00:13.038,1572924003405,1.148,-0.024,26.619,0.664,3.0,0.009000000000000001,17.308,0.001,0.079,102.115,0.1,-0.532
00:00:13.039,1572924003406,1.146,-0.024,26.619,0.664,3.0,0.009000000000000001,17.327,0.001,0.079,102.404,0.099,-0.532
00:00:13.089,1572924003456,1.146,-0.025,26.765,0.664,3.0,0.009000000000000001,17.346,0.001,0.079,102.693,0.097,-0.532
00:00:13.090,1572924003457,1.146,-0.025,26.765,0.664,3.0,0.009000000000000001,17.366,0.001,0.079,103.0,0.096,-0.532
00:00:13.091,1572924003458,1.147,-0.025,26.765,0.664,3.0,0.009000000000000001,17.384,0.001,0.079,103.272,0.094,-0.532
00:00:13.140,1572924003507,1.149,-0.025,26.765,0.664,3.0,0.009000000000000001,17.403,0.001,0.079,103.562,0.093,-0.532
00:00:13.141,1572924003508,1.15,-0.024,26.765,0.664,3.0,0.009000000000000001,17.422,0.001,0.079,103.852,0.091,-0.532
00:00:13.142,1572924003509,1.15,-0.024,26.765,0.664,3.0,0.008,17.442,0.001,0.079,104.142,0.09,-0.532
00:00:13.190,1572924003557,1.149,-0.024,26.765,0.664,3.0,0.008,17.461,0.001,0.079,104.433,0.08800000000000001,-0.532
00:00:13.191,1572924003558,1.148,-0.024,26.765,0.664,3.0,0.008,17.48,0.001,0.079,104.724,0.087,-0.532
00:00:13.192,1572924003559,1.147,-0.024,26.765,0.664,3.0,0.008,17.499000000000002,0.001,0.079,105.016,0.085,-0.532
00:00:13.244,1572924003611,1.146,-0.024,26.765,0.664,3.0,0.008,17.518,0.001,0.079,105.308,0.084,-0.532
00:00:13.245,1572924003612,1.145,-0.024,26.765,0.664,3.0,0.008,17.538,0.001,0.079,105.618,0.08199999999999999,-0.532
00:00:13.246,1572924003613,1.145,-0.024,26.765,0.664,3.0,0.008,17.555999999999994,0.001,0.079,105.892,0.081,-0.532
00:00:13.292,1572924003659,1.144,-0.024,26.765,0.664,3.0,0.008,17.576,0.001,0.079,106.203,0.079,-0.532
00:00:13.293,1572924003660,1.143,-0.023,26.765,0.664,3.0,0.008,17.594,0.001,0.079,106.478,0.077,-0.532
00:00:13.294,1572924003661,1.143,-0.023,26.765,0.664,3.0,0.008,17.613,0.001,0.079,106.772,0.076,-0.532
00:00:13.342,1572924003709,1.142,-0.023,26.765,0.664,3.0,0.008,17.632,0.001,0.079,107.065,0.07400000000000001,-0.532
00:00:13.343,1572924003710,1.141,-0.023,26.765,0.664,3.0,0.008,17.651,0.001,0.079,107.359,0.073,-0.532
00:00:13.344,1572924003711,1.14,-0.023,26.765,0.664,3.0,0.008,17.67,0.001,0.079,107.654,0.071,-0.532
00:00:13.392,1572924003759,1.139,-0.024,26.765,0.664,3.0,0.008,17.691,0.001,0.079,107.967,0.069,-0.532
00:00:13.393,1572924003760,1.139,-0.024,26.765,0.664,3.0,0.008,17.71,0.001,0.079,108.262,0.068,-0.532
00:00:13.394,1572924003761,1.138,-0.024,26.765,0.664,3.0,0.008,17.727,0.001,0.079,108.539,0.066,-0.532
00:00:13.442,1572924003809,1.137,-0.024,26.765,0.664,3.0,0.008,17.746,0.001,0.08,108.834,0.064,-0.532
00:00:13.443,1572924003810,1.136,-0.024,26.765,0.664,3.0,0.008,17.766,0.001,0.08,109.149,0.063,-0.532
00:00:13.444,1572924003811,1.136,-0.024,26.765,0.664,3.0,0.008,17.784000000000006,0.001,0.08,109.426,0.061,-0.532
00:00:13.493,1572924003860,1.135,-0.024,26.765,0.664,3.0,0.008,17.804000000000006,0.001,0.08,109.741,0.059,-0.532
00:00:13.494,1572924003861,1.134,-0.024,26.765,0.664,3.0,0.008,17.822,0.001,0.08,110.02,0.058,-0.532
00:00:13.495,1572924003862,1.133,-0.024,26.765,0.664,3.0,0.008,17.840999999999994,0.001,0.08,110.317,0.056,-0.532
00:00:13.543,1572924003910,1.133,-0.024,26.765,0.664,3.0,0.008,17.861,0.001,0.08,110.633,0.054000000000000006,-0.532
00:00:13.544,1572924003911,1.132,-0.024,26.765,0.664,3.0,0.008,17.88,0.001,0.08,110.931,0.052000000000000005,-0.532
00:00:13.545,1572924003912,1.131,-0.024,26.765,0.664,3.0,0.008,17.897000000000006,0.001,0.08,111.21,0.051,-0.532
00:00:13.594,1572924003961,1.13,-0.024,26.765,0.664,3.0,0.008,17.916,0.001,0.08,111.509,0.049,-0.532
00:00:13.595,1572924003962,1.13,-0.024,26.765,0.664,3.0,0.008,17.936,0.001,0.08,111.826,0.047,-0.532
00:00:13.596,1572924003963,1.129,-0.024,26.765,0.664,3.0,0.008,17.954,0.001,0.08,112.107,0.046,-0.532
00:00:13.645,1572924004012,1.128,-0.024,26.765,0.664,3.0,0.008,17.973,0.001,0.08,112.406,0.044,-0.532
00:00:13.646,1572924004013,1.127,-0.024,26.765,0.664,3.0,0.008,17.993,0.001,0.08,112.725,0.042,-0.532
00:00:13.647,1572924004014,1.127,-0.024,26.765,0.664,3.0,0.008,18.01,0.001,0.08,113.006,0.04,-0.532
00:00:13.695,1572924004062,1.126,-0.024,26.765,0.664,3.0,0.008,18.03,0.001,0.08,113.325,0.038,-0.532
00:00:13.696,1572924004063,1.125,-0.024,26.765,0.664,3.0,0.008,18.048,0.001,0.08,113.607,0.037000000000000005,-0.532
00:00:13.697,1572924004064,1.125,-0.024,26.765,0.664,3.0,0.008,18.066,0.001,0.08,113.908,0.035,-0.532
00:00:13.745,1572924004112,1.124,-0.024,26.765,0.664,3.0,0.008,18.086,0.001,0.08,114.228,0.033,-0.532
00:00:13.746,1572924004113,1.123,-0.024,26.765,0.664,3.0,0.008,18.105,0.001,0.08,114.529,0.031,-0.532
00:00:13.747,1572924004114,1.122,-0.024,26.765,0.664,3.0,0.008,18.122,0.001,0.08,114.812,0.03,-0.532
00:00:13.795,1572924004162,1.122,-0.024,26.765,0.664,3.0,0.008,18.141,0.001,0.08,115.115,0.028,-0.532
00:00:13.796,1572924004163,1.121,-0.023,26.765,0.664,3.0,0.008,18.161,0.001,0.08,115.436,0.026,-0.532
00:00:13.797,1572924004164,1.12,-0.023,26.765,0.664,3.0,0.008,18.18,0.001,0.08,115.739,0.024,-0.532
00:00:13.846,1572924004213,1.119,-0.023,26.765,0.664,3.0,0.008,18.199,0.001,0.08,116.061,0.022,-0.532
00:00:13.847,1572924004214,1.119,-0.023,26.765,0.664,3.0,0.008,18.216,0.001,0.08,116.326,0.02,-0.532
00:00:13.848,1572924004215,1.118,-0.023,26.765,0.664,3.0,0.008,18.234,0.001,0.08,116.63,0.018000000000000002,-0.532
00:00:13.897,1572924004264,1.117,-0.023,26.765,0.664,3.0,0.008,18.255,0.001,0.08,116.972,0.016,-0.532
00:00:13.898,1572924004265,1.116,-0.023,26.765,0.664,3.0,0.008,18.273,0.001,0.08,117.258,0.015,-0.532
00:00:13.899,1572924004266,1.116,-0.023,26.765,0.664,3.0,0.008,18.29,0.001,0.08,117.543,0.013,-0.532
00:00:13.950,1572924004317,1.12,-0.023,26.765,0.664,3.0,0.008,18.31,0.001,0.08,117.867,0.011,-0.532
00:00:13.951,1572924004318,1.161,-0.023,26.765,0.664,3.0,0.008,18.329,0.001,0.08,118.154,0.009000000000000001,-0.532
00:00:13.952,1572924004319,1.257,-0.023,26.765,0.664,3.0,0.008,18.353,0.001,0.081,118.478,0.006999999999999999,-0.532
00:00:13.998,1572924004365,1.328,-0.023,26.765,0.664,3.0,0.008,18.374,0.001,0.08199999999999999,118.765,0.005,-0.532
00:00:13.999,1572924004366,1.3430000000000002,-0.023,26.765,0.664,3.0,0.008,18.398,0.001,0.083,119.091,0.003,-0.532
00:00:14.000,1572924004367,1.306,-0.023,26.765,0.664,3.0,0.008,18.418,0.001,0.085,119.379,0.001,-0.532
00:00:14.049,1572924004416,1.243,-0.023,26.765,0.664,3.0,0.008,18.439,0.001,0.086,119.705,-0.001,-0.532
00:00:14.050,1572924004417,1.196,-0.023,26.765,0.664,3.0,0.008,18.457,0.001,0.08800000000000001,119.993,-0.003,-0.532
00:00:14.051,1572924004418,1.156,-0.023,26.765,0.664,3.0,0.008,18.476,0.001,0.08900000000000001,120.301,-0.005,-0.532
00:00:14.099,1572924004466,1.12,-0.023,26.765,0.664,3.0,0.008,18.495,0.001,0.08900000000000001,120.628,-0.006999999999999999,-0.532
00:00:14.100,1572924004467,1.092,-0.023,26.765,0.664,3.0,0.008,18.512,0.001,0.09,120.917,-0.009000000000000001,-0.532
00:00:14.101,1572924004468,1.065,-0.023,26.765,0.664,3.0,0.008,18.529,0.001,0.09,121.226,-0.011,-0.532
00:00:14.149,1572924004516,1.039,-0.023,26.765,0.664,3.0,0.008,18.548,0.001,0.08900000000000001,121.574,-0.013,-0.532
00:00:14.150,1572924004517,1.02,-0.023,26.765,0.664,3.0,0.008,18.564,0.001,0.08900000000000001,121.864,-0.015,-0.532
00:00:14.151,1572924004518,1.001,-0.023,26.765,0.664,3.0,0.008,18.58,0.001,0.08800000000000001,122.173,-0.017,-0.532
00:00:14.199,1572924004566,0.983,-0.023,26.765,0.664,3.0,0.008,18.597,0.001,0.087,122.502,-0.019,-0.532
00:00:14.200,1572924004567,0.969,-0.023,26.765,0.664,3.0,0.008,18.612,0.001,0.086,122.793,-0.021,-0.532
00:00:14.201,1572924004568,0.955,-0.023,26.765,0.664,3.0,0.008,18.627,0.001,0.085,123.084,-0.023,-0.532
00:00:14.249,1572924004616,0.939,-0.023,26.765,0.664,3.0,0.008,18.645,0.001,0.083,123.433,-0.025,-0.532
00:00:14.250,1572924004617,0.927,-0.023,26.765,0.664,3.0,0.008,18.658,0.001,0.08199999999999999,123.705,-0.027000000000000003,-0.532
00:00:14.251,1572924004618,0.914,-0.023,26.765,0.664,3.0,0.008,18.674,0.001,0.08,124.036,-0.029,-0.532
00:00:14.307,1572924004674,0.903,-0.023,26.765,0.664,3.0,0.008,18.689,0.001,0.078,124.347,-0.031,-0.532
00:00:14.308,1572924004675,0.892,-0.023,26.765,0.664,3.0,0.008,18.704,0.001,0.077,124.659,-0.033,-0.532
00:00:14.309,1572924004676,0.882,-0.023,26.765,0.664,3.0,0.008,18.718,0.001,0.075,124.971,-0.035,-0.532
00:00:14.352,1572924004719,0.872,-0.023,26.765,0.664,3.0,0.008,18.733,0.001,0.073,125.283,-0.038,-0.532
00:00:14.353,1572924004720,0.863,-0.023,26.765,0.664,3.0,0.008,18.747,0.001,0.071,125.595,-0.04,-0.532
00:00:14.354,1572924004721,0.855,-0.024,26.765,0.664,3.0,0.008,18.761,0.001,0.069,125.908,-0.042,-0.532
00:00:14.402,1572924004769,0.847,-0.024,26.765,0.664,3.0,0.008,18.775,0.001,0.067,126.22,-0.044,-0.532
00:00:14.403,1572924004770,0.841,-0.024,26.765,0.664,3.0,0.008,18.789,0.001,0.064,126.533,-0.046,-0.532
00:00:14.404,1572924004771,0.835,-0.024,26.765,0.664,3.0,0.008,18.803,0.001,0.062,126.847,-0.048,-0.532
00:00:14.452,1572924004819,0.8290000000000001,-0.024,26.765,0.664,3.0,0.008,18.817,0.001,0.06,127.16,-0.05,-0.532
00:00:14.453,1572924004820,0.8240000000000001,-0.024,26.765,0.664,3.0,0.008,18.83,0.001,0.058,127.474,-0.053,-0.532
00:00:14.454,1572924004821,0.8190000000000001,-0.024,26.765,0.664,3.0,0.008,18.844,0.001,0.056,127.788,-0.055,-0.532
00:00:14.511,1572924004878,0.8140000000000001,-0.024,26.765,0.664,3.0,0.008,18.858,0.001,0.054000000000000006,128.122,-0.057,-0.532
00:00:14.512,1572924004879,0.809,-0.024,26.765,0.664,3.0,0.008,18.871,0.001,0.053,128.416,-0.059,-0.532
00:00:14.513,1572924004880,0.805,-0.024,26.765,0.664,3.0,0.008,18.884,0.001,0.051,128.731,-0.061,-0.532
00:00:14.514,1572924004881,0.802,-0.024,26.765,0.664,3.0,0.008,18.896,0.001,0.049,129.006,-0.063,-0.532
00:00:14.564,1572924004931,0.797,-0.024,26.765,0.664,3.0,0.008,18.911,0.001,0.048,129.361,-0.066,-0.532
00:00:14.565,1572924004932,0.7929999999999999,-0.024,26.765,0.664,3.0,0.008,18.924,0.001,0.046,129.67600000000002,-0.068,-0.532
00:00:14.566,1572924004933,0.789,-0.024,26.765,0.664,3.0,0.008,18.937,0.001,0.045,129.99200000000002,-0.07,-0.532
00:00:14.612,1572924004979,0.785,-0.024,26.765,0.664,3.0,0.008,18.95,0.001,0.044,130.30700000000002,-0.07200000000000001,-0.532
00:00:14.613,1572924004980,0.782,-0.024,26.765,0.664,3.0,0.008,18.963,0.001,0.042,130.623,-0.075,-0.532
00:00:14.614,1572924004981,0.78,-0.024,26.765,0.664,3.0,0.008,18.976,0.001,0.042,130.939,-0.077,-0.532
00:00:14.662,1572924005029,0.777,-0.024,26.765,0.664,3.0,0.008,18.989,0.001,0.041,131.256,-0.079,-0.532
00:00:14.663,1572924005030,0.775,-0.024,26.765,0.664,3.0,0.008,19.002,0.001,0.04,131.572,-0.081,-0.532
00:00:14.664,1572924005031,0.773,-0.024,26.765,0.664,3.0,0.008,19.015,0.001,0.039,131.889,-0.084,-0.532
00:00:14.712,1572924005079,0.772,-0.024,26.765,0.664,3.0,0.008,19.027,0.001,0.039,132.20600000000002,-0.086,-0.532
00:00:14.713,1572924005080,0.77,-0.024,26.765,0.664,3.0,0.008,19.04,0.001,0.039,132.523,-0.08800000000000001,-0.532
00:00:14.714,1572924005081,0.769,-0.024,26.765,0.664,3.0,0.008,19.053,0.001,0.039,132.841,-0.091,-0.532
00:00:14.763,1572924005130,0.767,-0.024,26.765,0.664,3.0,0.008,19.066,0.001,0.039,133.159,-0.093,-0.5329999999999999
00:00:14.764,1572924005131,0.7659999999999999,-0.024,26.765,0.664,3.0,0.008,19.078,0.001,0.039,133.476,-0.095,-0.5329999999999999
00:00:14.765,1572924005132,0.764,-0.024,26.765,0.664,3.0,0.008,19.091,0.001,0.039,133.79399999999998,-0.098,-0.5329999999999999
00:00:14.813,1572924005180,0.763,-0.024,26.765,0.664,3.0,0.008,19.104,0.001,0.039,134.113,-0.1,-0.5329999999999999
00:00:14.814,1572924005181,0.762,-0.024,26.765,0.664,3.0,0.008,19.117,0.001,0.039,134.431,-0.102,-0.5329999999999999
00:00:14.815,1572924005182,0.76,-0.024,26.765,0.664,3.0,0.008,19.13,0.001,0.04,134.77,-0.105,-0.5329999999999999
00:00:14.863,1572924005230,0.759,-0.024,26.765,0.664,3.0,0.008,19.142,0.001,0.04,135.069,-0.107,-0.5329999999999999
00:00:14.864,1572924005231,0.758,-0.024,26.765,0.664,3.0,0.008,19.154,0.001,0.04,135.368,-0.109,-0.5329999999999999
00:00:14.865,1572924005232,0.757,-0.024,26.765,0.664,3.0,0.008,19.167,0.001,0.041,135.707,-0.112,-0.5329999999999999
00:00:14.915,1572924005282,0.7559999999999999,-0.024,26.765,0.664,3.0,0.008,19.18,0.001,0.041,136.02700000000002,-0.114,-0.5329999999999999
00:00:14.916,1572924005283,0.755,-0.024,26.765,0.664,3.0,0.008,19.192,0.001,0.041,136.347,-0.116,-0.5329999999999999
00:00:14.917,1572924005284,0.754,-0.024,26.765,0.664,3.0,0.008,19.205,0.001,0.042,136.667,-0.119,-0.5329999999999999
00:00:14.966,1572924005333,0.753,-0.024,26.765,0.664,3.0,0.008,19.217,0.001,0.042,136.987,-0.121,-0.5329999999999999
00:00:14.967,1572924005334,0.752,-0.024,26.765,0.664,3.0,0.008,19.23,0.001,0.042,137.30700000000002,-0.124,-0.5329999999999999
00:00:14.968,1572924005335,0.7509999999999999,-0.024,26.765,0.664,3.0,0.008,19.242,0.001,0.042,137.628,-0.126,-0.5329999999999999
00:00:15.030,1572924005397,0.75,-0.024,26.765,0.664,3.0,0.008,19.255,0.001,0.043,137.94899999999998,-0.129,-0.5329999999999999
00:00:15.031,1572924005398,0.7490000000000001,-0.024,26.765,0.664,3.0,0.008,19.267,0.001,0.043,138.27,-0.131,-0.5329999999999999
00:00:15.032,1572924005399,0.748,-0.024,26.765,0.664,3.0,0.008,19.28,0.001,0.043,138.591,-0.133,-0.5329999999999999
00:00:15.033,1572924005400,0.747,-0.024,26.765,0.664,3.0,0.008,19.292,0.001,0.043,138.912,-0.136,-0.5329999999999999
00:00:15.081,1572924005448,0.747,-0.024,26.765,0.664,3.0,0.008,19.305,0.001,0.043,139.234,-0.138,-0.5329999999999999
00:00:15.082,1572924005449,0.746,-0.024,26.765,0.664,3.0,0.008,19.317,0.001,0.043,139.556,-0.141,-0.5329999999999999
00:00:15.083,1572924005450,0.745,-0.024,26.765,0.664,3.0,0.008,19.329,0.001,0.043,139.878,-0.14300000000000002,-0.5329999999999999
00:00:15.129,1572924005496,0.7440000000000001,-0.024,26.765,0.664,3.0,0.008,19.342,0.001,0.043,140.2,-0.146,-0.5329999999999999
00:00:15.130,1572924005497,0.743,-0.024,26.765,0.664,3.0,0.008,19.354,0.001,0.043,140.52200000000002,-0.14800000000000002,-0.5329999999999999
00:00:15.131,1572924005498,0.743,-0.024,26.765,0.664,3.0,0.008,19.367,0.001,0.043,140.845,-0.151,-0.5329999999999999
00:00:15.180,1572924005547,0.742,-0.024,26.765,0.664,3.0,0.008,19.379,0.001,0.043,141.168,-0.153,-0.5329999999999999
00:00:15.181,1572924005548,0.741,-0.024,26.765,0.664,3.0,0.008,19.391,0.001,0.043,141.491,-0.156,-0.5329999999999999
00:00:15.182,1572924005549,0.741,-0.024,26.765,0.664,3.0,0.008,19.404,0.001,0.043,141.814,-0.158,-0.5329999999999999
00:00:15.230,1572924005597,0.74,-0.024,26.765,0.664,3.0,0.008,19.416,0.001,0.043,142.138,-0.161,-0.5329999999999999
00:00:15.231,1572924005598,0.7390000000000001,-0.024,26.765,0.664,3.0,0.008,19.428,0.001,0.043,142.461,-0.163,-0.5329999999999999
00:00:15.232,1572924005599,0.7390000000000001,-0.024,26.765,0.664,3.0,0.008,19.441,0.001,0.043,142.785,-0.166,-0.5329999999999999
00:00:15.280,1572924005647,0.738,-0.024,26.765,0.664,3.0,0.008,19.453,0.001,0.043,143.109,-0.16899999999999998,-0.5329999999999999
00:00:15.281,1572924005648,0.737,-0.024,26.765,0.664,3.0,0.008,19.465,0.001,0.042,143.434,-0.171,-0.5329999999999999
00:00:15.282,1572924005649,0.737,-0.024,26.765,0.664,3.0,0.008,19.477,0.001,0.042,143.75799999999995,-0.174,-0.5329999999999999
00:00:15.330,1572924005697,0.736,-0.024,26.765,0.664,3.0,0.008,19.49,0.001,0.042,144.083,-0.17600000000000002,-0.5329999999999999
00:00:15.331,1572924005698,0.735,-0.024,26.765,0.664,3.0,0.008,19.502,0.001,0.042,144.408,-0.179,-0.5329999999999999
00:00:15.332,1572924005699,0.735,-0.024,26.765,0.664,3.0,0.008,19.514,0.001,0.042,144.733,-0.182,-0.5329999999999999
00:00:15.384,1572924005751,0.7340000000000001,-0.024,26.765,0.664,3.0,0.008,19.526,0.001,0.041,145.058,-0.184,-0.5329999999999999
00:00:15.385,1572924005752,0.7340000000000001,-0.024,26.765,0.664,3.0,0.008,19.539,0.001,0.041,145.384,-0.187,-0.5329999999999999
00:00:15.386,1572924005753,0.733,-0.024,26.765,0.664,3.0,0.008,19.551,0.001,0.041,145.71,-0.189,-0.5329999999999999
00:00:15.435,1572924005802,0.732,-0.024,26.765,0.664,3.0,0.008,19.563,0.001,0.041,146.036,-0.192,-0.5329999999999999
00:00:15.436,1572924005803,0.732,-0.024,26.765,0.664,3.0,0.008,19.576,0.001,0.041,146.382,-0.195,-0.5329999999999999
00:00:15.437,1572924005804,0.731,-0.024,26.765,0.664,3.0,0.008,19.587,0.001,0.04,146.688,-0.197,-0.5329999999999999
00:00:15.486,1572924005853,0.731,-0.024,26.765,0.664,3.0,0.008,19.599,0.001,0.04,147.015,-0.2,-0.5329999999999999
00:00:15.487,1572924005854,0.73,-0.024,26.765,0.664,3.0,0.008,19.612,0.001,0.04,147.341,-0.203,-0.5329999999999999
00:00:15.488,1572924005855,0.73,-0.024,26.765,0.664,3.0,0.008,19.624,0.001,0.04,147.668,-0.205,-0.5329999999999999
00:00:15.537,1572924005904,0.7290000000000001,-0.025,26.765,0.664,3.0,0.008,19.636,0.001,0.04,147.995,-0.208,-0.5329999999999999
00:00:15.538,1572924005905,0.728,-0.025,26.765,0.664,3.0,0.008,19.648,0.001,0.04,148.32299999999995,-0.211,-0.5329999999999999
00:00:15.539,1572924005906,0.728,-0.025,26.765,0.664,3.0,0.008,19.66,0.001,0.04,148.65,-0.213,-0.5329999999999999
00:00:15.540,1572924005907,0.727,-0.026,26.765,0.664,3.0,0.008,19.67,0.001,0.04,148.917,-0.21600000000000005,-0.5329999999999999
00:00:15.587,1572924005954,0.727,-0.027000000000000003,26.765,0.664,3.0,0.008,19.682,0.001,0.039,149.245,-0.218,-0.5329999999999999
00:00:15.588,1572924005955,0.726,-0.028,26.765,0.664,3.0,0.008,19.694000000000006,0.001,0.039,149.57299999999995,-0.221,-0.5329999999999999
00:00:15.589,1572924005956,0.726,-0.029,26.765,0.664,3.0,0.008,19.706,0.001,0.039,149.901,-0.224,-0.5329999999999999
00:00:15.637,1572924006004,0.725,-0.03,26.765,0.664,3.0,0.008,19.718,0.001,0.039,150.23,-0.227,-0.5329999999999999
00:00:15.638,1572924006005,0.7240000000000001,-0.031,26.765,0.664,3.0,0.008,19.73,0.001,0.039,150.558,-0.229,-0.5329999999999999
00:00:15.639,1572924006006,0.723,-0.031,26.765,0.664,3.0,0.008,19.742,0.001,0.039,150.887,-0.232,-0.5329999999999999
00:00:15.687,1572924006054,0.723,-0.031,26.765,0.664,3.0,0.008,19.755,0.001,0.039,151.216,-0.235,-0.5329999999999999
00:00:15.688,1572924006055,0.722,-0.03,26.765,0.664,3.0,0.008,19.767,0.001,0.039,151.546,-0.238,-0.5329999999999999
00:00:15.689,1572924006056,0.722,-0.029,26.765,0.664,3.0,0.009000000000000001,19.779,0.001,0.039,151.875,-0.241,-0.5329999999999999
00:00:15.738,1572924006105,0.722,-0.028,26.765,0.664,3.0,0.009000000000000001,19.791,0.001,0.04,152.205,-0.243,-0.5329999999999999
00:00:15.739,1572924006106,0.721,-0.026,26.765,0.664,3.0,0.009000000000000001,19.803,0.002,0.04,152.535,-0.246,-0.5329999999999999
00:00:15.740,1572924006107,0.721,-0.023,26.765,0.664,3.0,0.009000000000000001,19.815,0.002,0.04,152.865,-0.249,-0.5329999999999999
00:00:15.789,1572924006156,0.72,-0.02,26.765,0.664,3.0,0.01,19.827,0.002,0.04,153.195,-0.252,-0.5329999999999999
00:00:15.790,1572924006157,0.72,-0.016,26.765,0.664,3.0,0.01,19.839,0.002,0.04,153.526,-0.255,-0.5329999999999999
00:00:15.791,1572924006158,0.72,-0.011,26.765,0.664,3.0,0.01,19.851,0.002,0.04,153.857,-0.258,-0.5329999999999999
00:00:15.838,1572924006205,0.7190000000000001,-0.006,26.765,0.664,3.0,0.01,19.863,0.003,0.04,154.187,-0.26,-0.5329999999999999
00:00:15.839,1572924006206,0.7190000000000001,0.001,26.765,0.664,3.0,0.011,19.875,0.003,0.04,154.519,-0.263,-0.5329999999999999
00:00:15.840,1572924006207,0.718,0.009000000000000001,26.765,0.664,3.0,0.011,19.886,0.003,0.04,154.85,-0.266,-0.5329999999999999
00:00:15.889,1572924006256,0.718,0.017,26.765,0.664,3.0,0.011,19.898,0.004,0.04,155.181,-0.269,-0.5329999999999999
00:00:15.890,1572924006257,0.718,0.025,26.765,0.664,3.0,0.01,19.91,0.004,0.04,155.513,-0.272,-0.5329999999999999
00:00:15.891,1572924006258,0.7170000000000001,0.033,26.765,0.664,3.0,0.01,19.922,0.004,0.04,155.845,-0.275,-0.5329999999999999
00:00:15.939,1572924006306,0.7170000000000001,0.04,26.765,0.664,3.0,0.009000000000000001,19.934,0.005,0.04,156.17700000000005,-0.277,-0.5329999999999999
00:00:15.940,1572924006307,0.7170000000000001,0.047,26.765,0.664,3.0,0.009000000000000001,19.946,0.005,0.04,156.51,-0.28,-0.5329999999999999
00:00:15.941,1572924006308,0.716,0.054000000000000006,26.765,0.664,3.0,0.008,19.958,0.005,0.04,156.842,-0.28300000000000003,-0.5329999999999999
00:00:15.992,1572924006359,0.716,0.057,26.765,0.664,3.0,0.006999999999999999,19.966,0.005,0.041,157.05,-0.285,-0.5329999999999999
00:00:15.993,1572924006360,0.716,0.062,26.765,0.664,3.0,0.006,19.978,0.005,0.041,157.38299999999995,-0.28800000000000003,-0.5329999999999999
00:00:15.994,1572924006361,0.715,0.067,26.765,0.664,3.0,0.005,19.989,0.004,0.041,157.716,-0.29,-0.5329999999999999
00:00:16.042,1572924006409,0.715,0.07200000000000001,26.765,0.664,3.0,0.003,20.001,0.004,0.041,158.049,-0.293,-0.5329999999999999
00:00:16.043,1572924006410,0.7140000000000001,0.076,26.765,0.664,3.0,0.002,20.013,0.003,0.041,158.38299999999995,-0.29600000000000004,-0.5329999999999999
00:00:16.044,1572924006411,0.7140000000000001,0.081,26.765,0.664,3.0,0.001,20.025,0.003,0.041,158.716,-0.298,-0.5329999999999999
00:00:16.093,1572924006460,0.713,0.087,26.765,0.664,3.0,0.0,20.037,0.002,0.041,159.05,-0.301,-0.5329999999999999
00:00:16.094,1572924006461,0.713,0.093,26.765,0.664,3.0,-0.002,20.049,0.001,0.041,159.384,-0.304,-0.5329999999999999
00:00:16.095,1572924006462,0.7120000000000001,0.099,26.765,0.664,3.0,-0.003,20.061,0.001,0.041,159.718,-0.306,-0.5329999999999999
00:00:16.143,1572924006510,0.7120000000000001,0.105,26.765,0.664,3.0,-0.004,20.073,0.0,0.04,160.053,-0.309,-0.5329999999999999
00:00:16.144,1572924006511,0.711,0.111,26.765,0.664,3.0,-0.006,20.084,-0.001,0.04,160.387,-0.311,-0.5329999999999999
00:00:16.145,1572924006512,0.711,0.116,26.765,0.664,3.0,-0.006999999999999999,20.096,-0.002,0.04,160.722,-0.314,-0.5329999999999999
00:00:16.194,1572924006561,0.711,0.122,26.765,0.664,3.0,-0.009000000000000001,20.108,-0.002,0.04,161.05700000000004,-0.317,-0.5329999999999999
00:00:16.195,1572924006562,0.71,0.127,26.765,0.664,3.0,-0.01,20.12,-0.003,0.04,161.393,-0.319,-0.5329999999999999
00:00:16.196,1572924006563,0.71,0.132,26.765,0.664,3.0,-0.011,20.132,-0.004,0.04,161.72799999999995,-0.321,-0.5329999999999999
00:00:16.245,1572924006612,0.71,0.138,26.765,0.664,3.0,-0.012,20.144,-0.004,0.04,162.064,-0.324,-0.5329999999999999
00:00:16.246,1572924006613,0.7090000000000001,0.14400000000000002,26.765,0.664,3.0,-0.014,20.155,-0.005,0.04,162.399,-0.326,-0.5329999999999999
00:00:16.247,1572924006614,0.7090000000000001,0.151,26.765,0.664,3.0,-0.015,20.167,-0.005,0.039,162.735,-0.328,-0.5329999999999999
00:00:16.296,1572924006663,0.7090000000000001,0.157,26.765,0.664,3.0,-0.016,20.179,-0.005,0.039,163.072,-0.331,-0.5329999999999999
00:00:16.297,1572924006664,0.708,0.16399999999999998,26.765,0.664,3.0,-0.017,20.191,-0.005,0.039,163.408,-0.333,-0.5329999999999999
00:00:16.298,1572924006665,0.708,0.17,26.765,0.664,3.0,-0.018000000000000002,20.203,-0.006,0.039,163.745,-0.335,-0.5329999999999999
00:00:16.346,1572924006713,0.708,0.17600000000000002,26.765,0.664,3.0,-0.02,20.214,-0.006,0.039,164.081,-0.337,-0.5329999999999999
00:00:16.347,1572924006714,0.7070000000000001,0.181,26.765,0.664,3.0,-0.021,20.226,-0.006,0.039,164.418,-0.339,-0.5329999999999999
00:00:16.348,1572924006715,0.7070000000000001,0.185,26.765,0.664,3.0,-0.023,20.238,-0.006,0.039,164.75599999999997,-0.341,-0.5329999999999999
00:00:16.402,1572924006769,0.7070000000000001,0.189,26.765,0.664,3.0,-0.025,20.25,-0.006,0.039,165.093,-0.343,-0.5329999999999999
00:00:16.403,1572924006770,0.706,0.192,26.765,0.664,3.0,-0.026,20.262,-0.006,0.039,165.43099999999995,-0.345,-0.5329999999999999
00:00:16.404,1572924006771,0.706,0.194,26.765,0.664,3.0,-0.028,20.273,-0.006,0.039,165.768,-0.34700000000000003,-0.5329999999999999
00:00:16.452,1572924006819,0.706,0.195,26.765,0.664,3.0,-0.029,20.285,-0.006,0.039,166.106,-0.349,-0.5329999999999999
00:00:16.453,1572924006820,0.705,0.196,26.765,0.664,3.0,-0.031,20.297,-0.006999999999999999,0.039,166.445,-0.35100000000000003,-0.5329999999999999
00:00:16.454,1572924006821,0.705,0.197,26.765,0.664,3.0,-0.033,20.309,-0.006999999999999999,0.039,166.783,-0.35200000000000004,-0.5329999999999999
00:00:16.506,1572924006873,0.705,0.197,26.765,0.664,3.0,-0.034,20.32,-0.006999999999999999,0.039,167.12099999999995,-0.354,-0.5329999999999999
00:00:16.507,1572924006874,0.705,0.196,26.765,0.664,3.0,-0.036000000000000004,20.332,-0.008,0.039,167.46,-0.35600000000000004,-0.5329999999999999
00:00:16.508,1572924006875,0.7040000000000001,0.195,26.765,0.664,3.0,-0.037000000000000005,20.344,-0.008,0.039,167.799,-0.35700000000000004,-0.5329999999999999
00:00:16.553,1572924006920,0.7040000000000001,0.192,26.765,0.664,3.0,-0.039,20.356,-0.008,0.039,168.16,-0.359,-0.5329999999999999
00:00:16.554,1572924006921,0.7040000000000001,0.19,26.765,0.664,3.0,-0.04,20.367,-0.009000000000000001,0.039,168.47799999999995,-0.36,-0.5329999999999999
00:00:16.555,1572924006922,0.7040000000000001,0.188,26.765,0.664,3.0,-0.041,20.379,-0.009000000000000001,0.039,168.817,-0.361,-0.5329999999999999
00:00:16.603,1572924006970,0.703,0.185,26.765,0.664,3.0,-0.042,20.391,-0.009000000000000001,0.039,169.157,-0.363,-0.5329999999999999
00:00:16.604,1572924006971,0.703,0.182,26.765,0.664,3.0,-0.043,20.402,-0.01,0.039,169.497,-0.364,-0.5329999999999999
00:00:16.605,1572924006972,0.703,0.177,26.765,0.664,3.0,-0.045,20.414,-0.01,0.039,169.83700000000005,-0.365,-0.5329999999999999
00:00:16.654,1572924007021,0.703,0.171,26.765,0.664,3.0,-0.046,20.426,-0.01,0.039,170.17700000000005,-0.3670000000000001,-0.5329999999999999
00:00:16.655,1572924007022,0.7020000000000001,0.16399999999999998,26.765,0.664,3.0,-0.047,20.437,-0.011,0.039,170.518,-0.368,-0.5329999999999999
00:00:16.656,1572924007023,0.7020000000000001,0.154,26.765,0.664,3.0,-0.048,20.449,-0.011,0.039,170.859,-0.369,-0.5329999999999999
00:00:16.657,1572924007024,0.7020000000000001,0.14300000000000002,24.129,0.664,3.0,-0.049,20.461,-0.012,0.039,171.2,-0.37,-0.5329999999999999
00:00:16.704,1572924007071,0.701,0.132,24.129,0.664,3.0,-0.049,20.473,-0.012,0.039,171.541,-0.371,-0.5329999999999999
00:00:16.705,1572924007072,0.693,0.12,24.129,0.664,3.0,-0.05,20.484,-0.012,0.039,171.882,-0.3720000000000001,-0.5329999999999999
00:00:16.761,1572924007128,0.6759999999999999,0.11,24.129,0.664,3.0,-0.05,20.495,-0.013,0.039,172.22299999999996,-0.373,-0.5329999999999999
00:00:16.762,1572924007129,0.657,0.101,24.129,0.664,3.0,-0.049,20.506,-0.013,0.039,172.565,-0.374,-0.5329999999999999
00:00:16.763,1572924007130,0.64,0.095,24.129,0.664,3.0,-0.048,20.516,-0.013,0.039,172.907,-0.375,-0.5329999999999999
00:00:16.764,1572924007131,0.63,0.092,11.604,0.664,3.0,-0.047,20.526,-0.012,0.039,173.24900000000005,-0.376,-0.5329999999999999
00:00:16.811,1572924007178,0.618,0.09,11.604,0.664,3.0,-0.046,20.536,-0.012,0.038,173.59099999999995,-0.377,-0.5329999999999999
00:00:16.812,1572924007179,0.562,0.08900000000000001,11.604,0.664,3.0,-0.045,20.545,-0.011,0.037000000000000005,173.93400000000003,-0.377,-0.5329999999999999
00:00:16.813,1572924007180,0.448,0.08800000000000001,11.604,0.664,3.0,-0.044,20.55,-0.01,0.036000000000000004,174.27599999999995,-0.378,-0.5329999999999999
00:00:16.861,1572924007228,0.318,0.087,11.604,0.664,3.0,-0.043,20.554,-0.009000000000000001,0.034,174.61900000000003,-0.379,-0.5329999999999999
00:00:16.862,1572924007229,0.214,0.084,11.604,0.664,3.0,-0.042,20.556,-0.008,0.031,174.96099999999996,-0.38,-0.5329999999999999
00:00:16.863,1572924007230,0.152,0.08,2.595,0.664,3.0,-0.041,20.558000000000003,-0.006999999999999999,0.028,175.304,-0.381,-0.5329999999999999
00:00:16.912,1572924007279,0.127,0.076,2.595,0.664,3.0,-0.04,20.56,-0.006,0.024,175.646,-0.381,-0.5329999999999999
00:00:16.913,1572924007280,0.096,0.07,2.595,0.664,3.0,-0.04,20.561,-0.005,0.02,175.989,-0.382,-0.5329999999999999
00:00:16.914,1572924007281,0.037000000000000005,0.065,2.595,0.664,3.0,-0.039,20.561,-0.005,0.016,176.332,-0.383,-0.5329999999999999
00:00:16.963,1572924007330,-0.064,0.06,2.595,0.664,3.0,-0.038,20.558000000000003,-0.004,0.011,176.696,-0.383,-0.5329999999999999
00:00:16.964,1572924007331,-0.153,0.057,2.595,0.664,3.0,-0.038,20.555,-0.003,0.006,177.017,-0.384,-0.5329999999999999
00:00:16.965,1572924007332,-0.195,0.053,1.643,0.664,3.0,-0.037000000000000005,20.551,-0.003,0.0,177.36,-0.385,-0.5329999999999999
00:00:17.014,1572924007381,-0.196,0.049,1.643,0.664,3.0,-0.036000000000000004,20.548,-0.002,-0.006,177.702,-0.385,-0.5329999999999999
00:00:17.015,1572924007382,-0.187,0.045,1.643,0.664,3.0,-0.036000000000000004,20.545,-0.002,-0.013,178.045,-0.386,-0.5329999999999999
00:00:17.016,1572924007383,-0.202,0.042,1.643,0.664,3.0,-0.035,20.541,-0.001,-0.019,178.387,-0.387,-0.5329999999999999
00:00:17.065,1572924007432,-0.22,0.041,1.643,0.664,3.0,-0.034,20.537,-0.001,-0.025,178.729,-0.387,-0.5329999999999999
00:00:17.066,1572924007433,-0.22,0.04,1.643,0.664,3.0,-0.033,20.534,-0.001,-0.031,179.071,-0.388,-0.5329999999999999
00:00:17.067,1572924007434,-0.225,0.039,1.13,0.664,3.0,-0.033,20.53,-0.001,-0.038,179.41400000000004,-0.388,-0.5329999999999999
00:00:17.115,1572924007482,-0.231,0.039,1.13,0.664,3.0,-0.032,20.526,-0.001,-0.044,179.77700000000004,-0.389,-0.5329999999999999
00:00:17.116,1572924007483,-0.245,0.04,1.13,0.664,3.0,-0.031,20.522,-0.001,-0.05,180.09799999999996,-0.389,-0.5329999999999999
00:00:17.117,1572924007484,-0.248,0.041,1.13,0.664,3.0,-0.031,20.517,0.0,-0.055,180.44,-0.39,-0.5329999999999999
00:00:17.165,1572924007532,-0.251,0.041,1.13,0.664,3.0,-0.03,20.513,0.0,-0.061,180.782,-0.391,-0.5329999999999999
00:00:17.166,1572924007533,-0.252,0.042,1.13,0.664,3.0,-0.03,20.509,0.0,-0.066,181.124,-0.391,-0.532
00:00:17.167,1572924007534,-0.254,0.043,1.13,0.664,3.0,-0.029,20.505,0.0,-0.071,181.465,-0.392,-0.532
00:00:17.215,1572924007582,-0.255,0.044,1.13,0.664,3.0,-0.029,20.5,0.0,-0.075,181.807,-0.392,-0.532
00:00:17.216,1572924007583,-0.256,0.045,1.13,0.664,3.0,-0.028,20.496,-0.001,-0.08,182.149,-0.393,-0.532
00:00:17.217,1572924007584,-0.257,0.047,1.13,0.664,3.0,-0.028,20.492,-0.001,-0.083,182.49,-0.393,-0.532
00:00:17.266,1572924007633,-0.258,0.05,1.13,0.664,3.0,-0.027000000000000003,20.487,-0.001,-0.087,182.853,-0.394,-0.532
00:00:17.267,1572924007634,-0.258,0.055,1.13,0.664,3.0,-0.027000000000000003,20.483,-0.001,-0.09,183.173,-0.394,-0.532
00:00:17.268,1572924007635,-0.259,0.061,1.643,0.664,3.0,-0.026,20.479,-0.001,-0.092,183.515,-0.394,-0.532
00:00:17.317,1572924007684,-0.255,0.069,1.643,0.664,3.0,-0.025,20.474,-0.001,-0.094,183.877,-0.395,-0.5329999999999999
00:00:17.318,1572924007685,-0.246,0.076,1.643,0.664,3.0,-0.025,20.471,0.0,-0.096,184.197,-0.395,-0.5329999999999999
00:00:17.319,1572924007686,-0.242,0.083,1.643,0.664,3.0,-0.025,20.467,0.0,-0.097,184.538,-0.396,-0.5329999999999999
00:00:17.368,1572924007735,-0.241,0.08800000000000001,1.643,0.664,3.0,-0.026,20.463,0.0,-0.097,184.879,-0.396,-0.5329999999999999
00:00:17.369,1572924007736,-0.241,0.091,1.643,0.664,3.0,-0.026,20.459,0.0,-0.097,185.22,-0.396,-0.5329999999999999
00:00:17.370,1572924007737,-0.242,0.092,2.082,0.664,3.0,-0.027000000000000003,20.455,-0.001,-0.097,185.561,-0.397,-0.5329999999999999
00:00:17.419,1572924007786,-0.24,0.093,2.082,0.664,3.0,-0.027000000000000003,20.451,-0.001,-0.096,185.902,-0.397,-0.5329999999999999
00:00:17.420,1572924007787,-0.233,0.093,2.082,0.664,3.0,-0.028,20.447,-0.001,-0.095,186.243,-0.397,-0.5329999999999999
00:00:17.421,1572924007788,-0.225,0.095,2.082,0.664,3.0,-0.028,20.443,-0.002,-0.094,186.584,-0.397,-0.5329999999999999
00:00:17.471,1572924007838,-0.225,0.101,2.082,0.664,3.0,-0.028,20.439,-0.002,-0.093,186.946,-0.397,-0.5329999999999999
00:00:17.472,1572924007839,-0.225,0.109,2.082,0.664,3.0,-0.028,20.436,-0.002,-0.091,187.265,-0.398,-0.534
00:00:17.473,1572924007840,-0.226,0.121,3.108,0.664,3.0,-0.028,20.432,-0.002,-0.09,187.606,-0.398,-0.534
00:00:17.519,1572924007886,-0.224,0.135,3.108,0.664,3.0,-0.028,20.428,-0.002,-0.08800000000000001,187.946,-0.398,-0.534
00:00:17.520,1572924007887,-0.218,0.151,3.108,0.664,3.0,-0.028,20.425,-0.002,-0.086,188.287,-0.398,-0.534
00:00:17.521,1572924007888,-0.212,0.16699999999999998,3.108,0.664,3.0,-0.029,20.421,-0.002,-0.084,188.648,-0.398,-0.534
00:00:17.569,1572924007936,-0.206,0.182,3.108,0.664,3.0,-0.03,20.418,-0.001,-0.08199999999999999,188.967,-0.398,-0.534
00:00:17.570,1572924007937,-0.202,0.193,3.108,0.664,3.0,-0.031,20.415,-0.001,-0.08,189.24400000000003,-0.398,-0.534
00:00:17.571,1572924007938,-0.198,0.205,9.919,0.664,3.0,-0.033,20.412,-0.001,-0.078,189.584,-0.397,-0.534
00:00:17.619,1572924007986,-0.193,0.21600000000000005,9.919,0.664,3.0,-0.035,20.409,-0.001,-0.076,189.924,-0.397,-0.534
00:00:17.620,1572924007987,-0.177,0.223,9.919,0.664,3.0,-0.037000000000000005,20.406,-0.001,-0.07400000000000001,190.264,-0.397,-0.534
00:00:17.621,1572924007988,-0.136,0.225,9.919,0.664,3.0,-0.039,20.405,-0.002,-0.07200000000000001,190.604,-0.397,-0.534
00:00:17.670,1572924008037,-0.075,0.225,9.919,0.664,3.0,-0.041,20.404,-0.002,-0.069,190.966,-0.396,-0.534
00:00:17.671,1572924008038,-0.021,0.224,9.919,0.664,3.0,-0.043,20.405,-0.003,-0.067,191.285,-0.396,-0.534
00:00:17.672,1572924008039,0.023,0.225,10.432,0.664,3.0,-0.045,20.406,-0.004,-0.064,191.625,-0.395,-0.534
00:00:17.721,1572924008088,0.058,0.227,10.432,0.664,3.0,-0.048,20.408,-0.006,-0.058,192.199,-0.394,-0.534
00:00:17.722,1572924008089,0.061,0.227,10.432,0.664,3.0,-0.048,20.408,-0.006,-0.057,192.326,-0.394,-0.534
00:00:17.723,1572924008090,0.063,0.229,10.432,0.664,3.0,-0.05,20.409,-0.008,-0.054000000000000006,192.645,-0.393,-0.534
00:00:17.724,1572924008091,0.061,0.23,10.432,0.664,3.0,-0.052000000000000005,20.41,-0.009000000000000001,-0.05,193.006,-0.392,-0.534
00:00:17.772,1572924008139,0.058,0.232,10.432,0.664,3.0,-0.053,20.411,-0.01,-0.047,193.325,-0.391,-0.534
00:00:17.773,1572924008140,0.054000000000000006,0.233,10.798,0.664,3.0,-0.055,20.412,-0.011,-0.044,193.666,-0.39,-0.534
00:00:17.774,1572924008141,0.051,0.234,10.798,0.664,3.0,-0.056,20.413,-0.012,-0.04,194.027,-0.389,-0.534
00:00:17.823,1572924008190,0.051,0.233,10.798,0.664,3.0,-0.057,20.413,-0.013,-0.038,194.346,-0.388,-0.534
00:00:17.824,1572924008191,0.052000000000000005,0.231,10.798,0.664,3.0,-0.059,20.414,-0.013,-0.035,194.707,-0.387,-0.534
00:00:17.825,1572924008192,0.056,0.228,10.798,0.664,3.0,-0.06,20.415,-0.014,-0.033,195.048,-0.386,-0.534
00:00:17.873,1572924008240,0.059,0.223,10.798,0.664,3.0,-0.061,20.416,-0.015,-0.03,195.367,-0.385,-0.534
00:00:17.874,1572924008241,0.062,0.218,10.798,0.664,3.0,-0.062,20.417,-0.015,-0.029,195.707,-0.384,-0.534
00:00:17.875,1572924008242,0.063,0.212,10.798,0.664,3.0,-0.063,20.418,-0.016,-0.027000000000000003,196.069,-0.382,-0.534
00:00:17.924,1572924008291,0.064,0.208,10.798,0.664,3.0,-0.063,20.419,-0.016,-0.026,196.388,-0.381,-0.534
00:00:17.925,1572924008292,0.063,0.205,10.798,0.664,3.0,-0.063,20.421,-0.016,-0.024,196.749,-0.379,-0.534
00:00:17.926,1572924008293,0.063,0.202,10.798,0.664,3.0,-0.063,20.422,-0.016,-0.024,197.08900000000003,-0.378,-0.534
00:00:17.974,1572924008341,0.062,0.199,10.798,0.664,3.0,-0.063,20.423,-0.015,-0.023,197.409,-0.376,-0.534
00:00:17.975,1572924008342,0.062,0.194,10.798,0.664,3.0,-0.064,20.424,-0.015,-0.023,197.749,-0.375,-0.534
00:00:17.976,1572924008343,0.061,0.184,10.798,0.664,3.0,-0.064,20.425,-0.015,-0.023,198.111,-0.373,-0.534
00:00:18.025,1572924008392,0.061,0.173,10.798,0.664,3.0,-0.065,20.426,-0.014,-0.023,198.451,-0.371,-0.534
00:00:18.026,1572924008393,0.061,0.159,10.798,0.664,3.0,-0.065,20.427,-0.014,-0.024,198.791,-0.369,-0.534
00:00:18.027,1572924008394,0.061,0.146,10.798,0.664,3.0,-0.065,20.428,-0.014,-0.024,199.111,-0.3670000000000001,-0.534
00:00:18.085,1572924008452,0.061,0.133,10.798,0.664,3.0,-0.065,20.429,-0.014,-0.025,199.451,-0.366,-0.534
00:00:18.086,1572924008453,0.061,0.12,11.311,0.664,3.0,-0.064,20.43,-0.013,-0.026,199.813,-0.364,-0.534
00:00:18.087,1572924008454,0.062,0.11,11.311,0.664,3.0,-0.063,20.431,-0.013,-0.027000000000000003,200.132,-0.362,-0.534
00:00:18.136,1572924008503,0.064,0.101,11.311,0.664,3.0,-0.062,20.432,-0.012,-0.028,200.473,-0.36,-0.534
00:00:18.137,1572924008504,0.069,0.093,11.311,0.664,3.0,-0.061,20.433,-0.012,-0.029,200.834,-0.358,-0.534
00:00:18.138,1572924008505,0.07400000000000001,0.086,11.311,0.664,3.0,-0.059,20.434,-0.011,-0.03,201.175,-0.35600000000000004,-0.534
00:00:18.187,1572924008554,0.078,0.08,11.311,0.664,3.0,-0.058,20.436,-0.01,-0.031,201.516,-0.354,-0.534
00:00:18.188,1572924008555,0.081,0.075,11.604,0.664,3.0,-0.056,20.437,-0.01,-0.031,201.856,-0.35200000000000004,-0.534
00:00:18.189,1572924008556,0.083,0.07,11.604,0.664,3.0,-0.055,20.438,-0.009000000000000001,-0.032,202.197,-0.35,-0.534
00:00:18.190,1572924008557,0.085,0.065,11.604,0.664,3.0,-0.053,20.44,-0.008,-0.033,202.537,-0.348,-0.534
00:00:18.237,1572924008604,0.087,0.061,11.604,0.664,3.0,-0.052000000000000005,20.441,-0.006999999999999999,-0.034,202.857,-0.34600000000000003,-0.534
00:00:18.238,1572924008605,0.08900000000000001,0.057,11.604,0.664,3.0,-0.05,20.443,-0.006,-0.034,203.219,-0.343,-0.534
00:00:18.239,1572924008606,0.091,0.054000000000000006,11.604,0.664,3.0,-0.049,20.444000000000006,-0.005,-0.035,203.538,-0.341,-0.534
00:00:18.292,1572924008659,0.092,0.05,11.824000000000002,0.664,3.0,-0.048,20.446,-0.004,-0.035,203.9,-0.339,-0.534
00:00:18.293,1572924008660,0.093,0.047,11.824000000000002,0.664,3.0,-0.046,20.448,-0.003,-0.036000000000000004,204.241,-0.337,-0.534
00:00:18.294,1572924008661,0.095,0.045,11.824000000000002,0.664,3.0,-0.045,20.449,-0.002,-0.036000000000000004,204.561,-0.335,-0.534
00:00:18.342,1572924008709,0.096,0.042,11.824000000000002,0.664,3.0,-0.044,20.451,-0.002,-0.037000000000000005,204.923,-0.333,-0.534
00:00:18.343,1572924008710,0.098,0.039,11.824000000000002,0.664,3.0,-0.042,20.452,-0.001,-0.037000000000000005,205.264,-0.33,-0.534
00:00:18.344,1572924008711,0.1,0.037000000000000005,11.824000000000002,0.664,3.0,-0.041,20.454,-0.001,-0.037000000000000005,205.583,-0.328,-0.534
00:00:18.393,1572924008760,0.101,0.035,11.97,0.664,3.0,-0.04,20.456,0.0,-0.037000000000000005,205.945,-0.326,-0.534
00:00:18.394,1572924008761,0.102,0.034,11.97,0.664,3.0,-0.039,20.457,0.0,-0.037000000000000005,206.265,-0.324,-0.534
00:00:18.395,1572924008762,0.103,0.033,11.97,0.664,3.0,-0.038,20.459,0.0,-0.037000000000000005,206.627,-0.322,-0.534
00:00:18.443,1572924008810,0.103,0.032,11.97,0.664,3.0,-0.037000000000000005,20.46,0.001,-0.037000000000000005,206.84,-0.32,-0.534
00:00:18.444,1572924008811,0.105,0.032,11.97,0.664,3.0,-0.036000000000000004,20.462,0.001,-0.037000000000000005,207.16,-0.318,-0.534
00:00:18.445,1572924008812,0.106,0.032,11.97,0.664,3.0,-0.035,20.464,0.001,-0.037000000000000005,207.501,-0.316,-0.534
00:00:18.495,1572924008862,0.107,0.032,11.97,0.664,3.0,-0.034,20.466,0.001,-0.037000000000000005,207.863,-0.313,-0.534
00:00:18.496,1572924008863,0.107,0.032,12.483,0.664,3.0,-0.033,20.467,0.001,-0.036000000000000004,208.205,-0.311,-0.534
00:00:18.497,1572924008864,0.108,0.033,12.483,0.664,3.0,-0.032,20.469,0.001,-0.036000000000000004,208.524,-0.309,-0.534
00:00:18.546,1572924008913,0.112,0.034,12.483,0.664,3.0,-0.031,20.471,0.001,-0.036000000000000004,208.887,-0.307,-0.534
00:00:18.547,1572924008914,0.116,0.034,12.483,0.664,3.0,-0.031,20.473,0.0,-0.035,209.228,-0.304,-0.534
00:00:18.548,1572924008915,0.12,0.035,12.483,0.664,3.0,-0.03,20.475,0.0,-0.035,209.569,-0.302,-0.534
00:00:18.596,1572924008963,0.123,0.036000000000000004,12.483,0.664,3.0,-0.029,20.477,0.0,-0.035,209.889,-0.3,-0.534
00:00:18.597,1572924008964,0.126,0.037000000000000005,12.629,0.664,3.0,-0.029,20.479,0.0,-0.034,210.252,-0.297,-0.534
00:00:18.598,1572924008965,0.128,0.037000000000000005,12.629,0.664,3.0,-0.028,20.482,-0.001,-0.034,210.593,-0.295,-0.534
00:00:18.646,1572924009013,0.13,0.038,12.629,0.664,3.0,-0.027000000000000003,20.484,-0.001,-0.033,210.935,-0.293,-0.534
00:00:18.647,1572924009014,0.131,0.038,12.629,0.664,3.0,-0.027000000000000003,20.486,-0.001,-0.033,211.255,-0.29,-0.534
00:00:18.648,1572924009015,0.132,0.038,12.629,0.664,3.0,-0.026,20.488000000000003,-0.001,-0.032,211.596,-0.28800000000000003,-0.534
00:00:18.696,1572924009063,0.133,0.038,12.629,0.664,3.0,-0.026,20.49,-0.002,-0.032,211.959,-0.285,-0.534
00:00:18.697,1572924009064,0.134,0.037000000000000005,13.655,0.664,3.0,-0.026,20.493,-0.002,-0.031,212.279,-0.28300000000000003,-0.534
00:00:18.698,1572924009065,0.136,0.036000000000000004,13.655,0.664,3.0,-0.025,20.495,-0.002,-0.031,212.621,-0.281,-0.534
00:00:18.746,1572924009113,0.141,0.035,13.655,0.664,3.0,-0.025,20.497,-0.002,-0.03,212.962,-0.278,-0.534
00:00:18.747,1572924009114,0.149,0.034,13.655,0.664,3.0,-0.024,20.5,-0.003,-0.03,213.304,-0.276,-0.534
00:00:18.748,1572924009115,0.158,0.033,13.655,0.664,3.0,-0.024,20.503,-0.003,-0.029,213.645,-0.274,-0.534
00:00:18.797,1572924009164,0.166,0.033,13.655,0.664,3.0,-0.023,20.506,-0.003,-0.028,213.987,-0.271,-0.534
00:00:18.798,1572924009165,0.172,0.033,13.800999999999998,0.664,3.0,-0.023,20.509,-0.003,-0.028,214.329,-0.269,-0.534
00:00:18.799,1572924009166,0.17600000000000002,0.033,13.800999999999998,0.664,3.0,-0.022,20.511,-0.003,-0.027000000000000003,214.649,-0.266,-0.534
00:00:18.849,1572924009216,0.179,0.033,13.800999999999998,0.664,3.0,-0.022,20.515,-0.003,-0.027000000000000003,215.013,-0.264,-0.534
00:00:18.850,1572924009217,0.18,0.033,13.800999999999998,0.664,3.0,-0.021,20.517,-0.003,-0.026,215.333,-0.261,-0.534
00:00:18.851,1572924009218,0.181,0.034,13.800999999999998,0.664,3.0,-0.021,20.521,-0.003,-0.025,215.697,-0.259,-0.534
00:00:18.899,1572924009266,0.182,0.034,13.800999999999998,0.664,3.0,-0.02,20.524,-0.003,-0.025,216.039,-0.256,-0.534
00:00:18.900,1572924009267,0.182,0.033,14.46,0.664,3.0,-0.02,20.527,-0.003,-0.024,216.381,-0.254,-0.534
00:00:18.901,1572924009268,0.183,0.032,14.46,0.664,3.0,-0.02,20.53,-0.003,-0.024,216.723,-0.251,-0.534
00:00:18.949,1572924009316,0.187,0.03,14.46,0.664,3.0,-0.019,20.533,-0.002,-0.023,217.065,-0.249,-0.534
00:00:18.950,1572924009317,0.192,0.027000000000000003,14.46,0.664,3.0,-0.019,20.536,-0.002,-0.023,217.407,-0.246,-0.534
00:00:18.951,1572924009318,0.197,0.024,14.46,0.664,3.0,-0.019,20.54,-0.002,-0.022,217.75,-0.244,-0.534
00:00:18.999,1572924009366,0.202,0.019,14.46,0.664,3.0,-0.019,20.543000000000006,-0.002,-0.022,218.092,-0.241,-0.534
00:00:19.000,1572924009367,0.206,0.014,14.46,0.664,3.0,-0.019,20.546,-0.002,-0.021,218.43400000000003,-0.239,-0.534
00:00:19.001,1572924009368,0.208,0.009000000000000001,14.46,0.664,3.0,-0.018000000000000002,20.55,-0.003,-0.021,218.777,-0.236,-0.534
00:00:19.053,1572924009420,0.21,0.005,14.46,0.664,3.0,-0.018000000000000002,20.553,-0.003,-0.02,219.11900000000003,-0.233,-0.534
00:00:19.054,1572924009421,0.21,0.001,14.46,0.664,3.0,-0.017,20.557,-0.003,-0.02,219.44,-0.231,-0.534
00:00:19.055,1572924009422,0.21,-0.003,14.46,0.664,3.0,-0.017,20.56,-0.003,-0.02,219.804,-0.228,-0.534
00:00:19.100,1572924009467,0.209,-0.006,14.46,0.664,3.0,-0.016,20.564,-0.003,-0.019,220.147,-0.226,-0.534
00:00:19.101,1572924009468,0.209,-0.011,14.46,0.664,3.0,-0.016,20.567,-0.003,-0.019,220.49,-0.223,-0.534
00:00:19.102,1572924009469,0.208,-0.015,14.46,0.664,3.0,-0.015,20.571,-0.003,-0.019,220.833,-0.221,-0.534
00:00:19.150,1572924009517,0.208,-0.021,14.46,0.664,3.0,-0.015,20.574,-0.003,-0.019,221.176,-0.218,-0.534
00:00:19.151,1572924009518,0.208,-0.027000000000000003,14.46,0.664,3.0,-0.014,20.578000000000007,-0.003,-0.019,221.518,-0.21600000000000005,-0.534
00:00:19.152,1572924009519,0.208,-0.035,14.46,0.664,3.0,-0.013,20.581,-0.003,-0.019,221.861,-0.213,-0.534
00:00:19.201,1572924009568,0.208,-0.042,14.46,0.664,3.0,-0.013,20.585,-0.003,-0.018000000000000002,222.205,-0.211,-0.534
00:00:19.202,1572924009569,0.207,-0.05,14.607,0.664,3.0,-0.012,20.588,-0.003,-0.018000000000000002,222.548,-0.208,-0.534
00:00:19.203,1572924009570,0.208,-0.059,14.607,0.664,3.0,-0.011,20.592,-0.003,-0.018000000000000002,222.891,-0.206,-0.534
00:00:19.252,1572924009619,0.208,-0.067,14.607,0.664,3.0,-0.01,20.595,-0.003,-0.018000000000000002,223.234,-0.203,-0.534
00:00:19.253,1572924009620,0.209,-0.07400000000000001,14.607,0.664,3.0,-0.009000000000000001,20.599,-0.002,-0.019,223.577,-0.201,-0.534
00:00:19.254,1572924009621,0.21,-0.08,14.607,0.664,3.0,-0.006999999999999999,20.602,-0.002,-0.019,223.921,-0.198,-0.534
00:00:19.302,1572924009669,0.212,-0.085,14.607,0.664,3.0,-0.006,20.606,-0.002,-0.019,224.264,-0.196,-0.534
00:00:19.303,1572924009670,0.212,-0.08900000000000001,14.607,0.664,3.0,-0.004,20.609,-0.001,-0.019,224.607,-0.194,-0.534
00:00:19.304,1572924009671,0.213,-0.091,14.607,0.664,3.0,-0.002,20.613000000000003,-0.001,-0.019,224.951,-0.191,-0.534
00:00:19.354,1572924009721,0.213,-0.093,14.607,0.664,3.0,0.0,20.616,0.0,-0.019,225.294,-0.189,-0.534
00:00:19.355,1572924009722,0.213,-0.094,14.607,0.664,3.0,0.001,20.62,0.001,-0.019,225.638,-0.187,-0.534
00:00:19.356,1572924009723,0.213,-0.095,14.607,0.664,3.0,0.003,20.623,0.001,-0.019,225.982,-0.184,-0.534
00:00:19.357,1572924009724,0.213,-0.097,14.607,0.664,3.0,0.004,20.627,0.002,-0.019,226.347,-0.182,-0.534
00:00:19.405,1572924009772,0.213,-0.099,14.607,0.664,3.0,0.006,20.63,0.003,-0.02,226.669,-0.18,-0.534
00:00:19.406,1572924009773,0.212,-0.102,14.607,0.664,3.0,0.006999999999999999,20.634,0.004,-0.02,227.013,-0.17800000000000002,-0.534
00:00:19.407,1572924009774,0.212,-0.104,14.607,0.664,3.0,0.008,20.638,0.004,-0.02,227.357,-0.17600000000000002,-0.534
00:00:19.459,1572924009826,0.212,-0.107,14.607,0.664,3.0,0.01,20.641,0.005,-0.02,227.701,-0.173,-0.534
00:00:19.460,1572924009827,0.212,-0.109,14.607,0.664,3.0,0.011,20.645,0.005,-0.02,228.045,-0.171,-0.534
00:00:19.461,1572924009828,0.212,-0.111,14.607,0.664,3.0,0.012,20.648000000000003,0.006,-0.02,228.389,-0.16899999999999998,-0.534
00:00:19.505,1572924009872,0.212,-0.112,14.827,0.664,3.0,0.013,20.652,0.006,-0.021,228.733,-0.16699999999999998,-0.534
00:00:19.506,1572924009873,0.212,-0.112,14.827,0.664,3.0,0.014,20.655,0.006999999999999999,-0.021,229.078,-0.165,-0.534
00:00:19.507,1572924009874,0.213,-0.112,14.827,0.664,3.0,0.015,20.659,0.006999999999999999,-0.021,229.422,-0.163,-0.534
00:00:19.555,1572924009922,0.215,-0.111,14.827,0.664,3.0,0.016,20.662,0.006999999999999999,-0.021,229.766,-0.161,-0.534
00:00:19.556,1572924009923,0.217,-0.11,14.827,0.664,3.0,0.017,20.666,0.006999999999999999,-0.021,230.111,-0.159,-0.534
00:00:19.557,1572924009924,0.218,-0.107,14.827,0.664,3.0,0.018000000000000002,20.67,0.006999999999999999,-0.021,230.455,-0.158,-0.534
00:00:19.606,1572924009973,0.22,-0.104,14.827,0.664,3.0,0.019,20.673,0.008,-0.021,230.8,-0.156,-0.534
00:00:19.607,1572924009974,0.22,-0.099,14.827,0.664,3.0,0.02,20.677,0.008,-0.021,231.144,-0.154,-0.534
00:00:19.608,1572924009975,0.221,-0.094,14.827,0.664,3.0,0.021,20.681,0.008,-0.021,231.489,-0.152,-0.534
00:00:19.657,1572924010024,0.221,-0.08800000000000001,14.827,0.664,3.0,0.022,20.684,0.008,-0.021,231.834,-0.15,-0.534
00:00:19.658,1572924010025,0.221,-0.08199999999999999,14.827,0.664,3.0,0.022,20.688,0.008,-0.021,232.178,-0.149,-0.534
00:00:19.659,1572924010026,0.221,-0.076,14.827,0.664,3.0,0.023,20.692,0.008,-0.02,232.523,-0.147,-0.534
00:00:19.709,1572924010076,0.22,-0.069,14.607,0.664,3.0,0.023,20.695,0.008,-0.02,232.868,-0.145,-0.534
00:00:19.710,1572924010077,0.22,-0.062,14.607,0.664,3.0,0.023,20.699,0.008,-0.02,233.213,-0.14300000000000002,-0.534
00:00:19.711,1572924010078,0.218,-0.055,14.607,0.664,3.0,0.024,20.703000000000007,0.008,-0.02,233.58,-0.142,-0.534
00:00:19.757,1572924010124,0.21600000000000005,-0.048,14.607,0.664,3.0,0.024,20.706,0.008,-0.02,233.903,-0.14,-0.534
00:00:19.758,1572924010125,0.214,-0.042,14.607,0.664,3.0,0.023,20.71,0.008,-0.02,234.248,-0.138,-0.534
00:00:19.759,1572924010126,0.212,-0.035,14.607,0.664,3.0,0.023,20.713,0.008,-0.019,234.593,-0.13699999999999998,-0.534
00:00:19.807,1572924010174,0.211,-0.029,14.827,0.664,3.0,0.023,20.717,0.006999999999999999,-0.019,234.939,-0.135,-0.534
00:00:19.808,1572924010175,0.21,-0.024,14.827,0.664,3.0,0.022,20.72,0.006999999999999999,-0.019,235.284,-0.133,-0.534
00:00:19.809,1572924010176,0.211,-0.018000000000000002,14.827,0.664,3.0,0.021,20.724,0.006,-0.019,235.629,-0.132,-0.534
00:00:19.857,1572924010224,0.212,-0.013,14.827,0.664,3.0,0.021,20.727,0.006,-0.019,235.975,-0.13,-0.534
00:00:19.858,1572924010225,0.214,-0.008,14.827,0.664,3.0,0.02,20.731,0.005,-0.019,236.32,-0.128,-0.534
00:00:19.859,1572924010226,0.21600000000000005,-0.003,14.827,0.664,3.0,0.019,20.735,0.005,-0.019,236.666,-0.127,-0.534
00:00:19.908,1572924010275,0.217,0.002,14.827,0.664,3.0,0.019,20.738000000000003,0.004,-0.019,237.011,-0.125,-0.534
00:00:19.909,1572924010276,0.218,0.006999999999999999,14.827,0.664,3.0,0.018000000000000002,20.742,0.004,-0.019,237.357,-0.124,-0.534
00:00:19.910,1572924010277,0.219,0.013,14.827,0.664,3.0,0.017,20.746,0.003,-0.019,237.703,-0.122,-0.534
00:00:19.958,1572924010325,0.219,0.018000000000000002,14.827,0.664,3.0,0.016,20.749,0.002,-0.019,238.049,-0.12,-0.534
00:00:19.959,1572924010326,0.219,0.024,14.827,0.664,3.0,0.015,20.753,0.002,-0.019,238.394,-0.119,-0.534
00:00:19.960,1572924010327,0.219,0.03,14.827,0.664,3.0,0.015,20.756,0.001,-0.019,238.74,-0.117,-0.534
00:00:20.011,1572924010378,0.218,0.037000000000000005,14.827,0.664,3.0,0.014,20.76,0.001,-0.019,239.086,-0.115,-0.534
00:00:20.012,1572924010379,0.218,0.046,14.827,0.664,3.0,0.013,20.764,0.001,-0.019,239.432,-0.114,-0.534
00:00:20.013,1572924010380,0.218,0.055,14.827,0.664,3.0,0.012,20.767,0.0,-0.019,239.778,-0.112,-0.534
00:00:20.062,1572924010429,0.218,0.064,14.827,0.664,3.0,0.011,20.771,0.0,-0.019,240.124,-0.11,-0.534
00:00:20.063,1572924010430,0.218,0.07400000000000001,14.827,0.664,3.0,0.01,20.775,0.0,-0.019,240.471,-0.108,-0.534
00:00:20.064,1572924010431,0.218,0.083,14.827,0.664,3.0,0.009000000000000001,20.778,0.0,-0.02,240.83900000000003,-0.107,-0.534
00:00:20.114,1572924010481,0.217,0.09,14.827,0.664,3.0,0.008,20.782,0.0,-0.02,241.163,-0.105,-0.534
00:00:20.115,1572924010482,0.217,0.097,14.827,0.664,3.0,0.006,20.785,-0.001,-0.02,241.51,-0.103,-0.534
00:00:20.116,1572924010483,0.217,0.103,14.827,0.664,3.0,0.005,20.789,-0.001,-0.02,241.856,-0.101,-0.534
00:00:20.165,1572924010532,0.217,0.106,14.827,0.664,3.0,0.003,20.793000000000006,-0.001,-0.02,242.203,-0.099,-0.534
00:00:20.166,1572924010533,0.217,0.108,14.827,0.664,3.0,0.001,20.796,-0.001,-0.02,242.549,-0.097,-0.534
00:00:20.167,1572924010534,0.217,0.109,14.827,0.664,3.0,-0.001,20.8,-0.002,-0.02,242.896,-0.095,-0.534
00:00:20.216,1572924010583,0.21600000000000005,0.109,14.827,0.664,3.0,-0.003,20.804,-0.003,-0.02,243.243,-0.093,-0.534
00:00:20.217,1572924010584,0.21600000000000005,0.109,14.827,0.664,3.0,-0.005,20.807,-0.003,-0.02,243.58900000000003,-0.091,-0.534
00:00:20.218,1572924010585,0.21600000000000005,0.108,14.827,0.664,3.0,-0.006,20.811,-0.004,-0.02,243.936,-0.08900000000000001,-0.534
00:00:20.267,1572924010634,0.21600000000000005,0.108,14.827,0.664,3.0,-0.008,20.814,-0.004,-0.02,244.283,-0.087,-0.534
00:00:20.268,1572924010635,0.21600000000000005,0.109,14.827,0.664,3.0,-0.009000000000000001,20.818,-0.005,-0.02,244.63,-0.085,-0.534
00:00:20.269,1572924010636,0.21600000000000005,0.11,14.827,0.664,3.0,-0.011,20.822,-0.006,-0.02,244.977,-0.083,-0.534
00:00:20.317,1572924010684,0.21600000000000005,0.111,14.827,0.664,3.0,-0.012,20.825,-0.006,-0.02,245.324,-0.081,-0.534
00:00:20.318,1572924010685,0.21600000000000005,0.112,14.827,0.664,3.0,-0.013,20.829,-0.006,-0.02,245.671,-0.079,-0.534
00:00:20.319,1572924010686,0.21600000000000005,0.113,14.827,0.664,3.0,-0.014,20.832,-0.006999999999999999,-0.02,246.018,-0.077,-0.534
00:00:20.370,1572924010737,0.21600000000000005,0.113,14.827,0.664,3.0,-0.015,20.836,-0.006999999999999999,-0.02,246.365,-0.07400000000000001,-0.534
00:00:20.371,1572924010738,0.215,0.114,14.827,0.664,3.0,-0.016,20.839,-0.006999999999999999,-0.02,246.713,-0.07200000000000001,-0.534
00:00:20.372,1572924010739,0.215,0.113,14.827,0.664,3.0,-0.017,20.843000000000004,-0.008,-0.02,247.06,-0.07,-0.534
00:00:20.424,1572924010791,0.215,0.112,14.827,0.664,3.0,-0.018000000000000002,20.847,-0.008,-0.02,247.407,-0.067,-0.534
00:00:20.425,1572924010792,0.215,0.11,14.827,0.664,3.0,-0.019,20.85,-0.008,-0.02,247.755,-0.065,-0.534
00:00:20.426,1572924010793,0.215,0.107,14.827,0.664,3.0,-0.02,20.854,-0.008,-0.02,248.102,-0.063,-0.534
00:00:20.470,1572924010837,0.215,0.104,14.827,0.664,3.0,-0.021,20.857,-0.008,-0.02,248.45,-0.06,-0.534
00:00:20.471,1572924010838,0.215,0.101,14.827,0.664,3.0,-0.021,20.861,-0.008,-0.02,248.798,-0.058,-0.534
00:00:20.472,1572924010839,0.215,0.098,14.827,0.664,3.0,-0.022,20.865,-0.008,-0.02,249.145,-0.055,-0.534
00:00:20.473,1572924010840,0.215,0.095,14.827,0.664,3.0,-0.023,20.868,-0.008,-0.02,249.493,-0.053,-0.534
00:00:20.520,1572924010887,0.214,0.092,14.827,0.664,3.0,-0.023,20.872,-0.008,-0.02,249.841,-0.05,-0.534
00:00:20.521,1572924010888,0.214,0.09,14.827,0.664,3.0,-0.023,20.874,-0.008,-0.02,250.058,-0.048,-0.534
00:00:20.570,1572924010937,0.214,0.087,14.827,0.664,3.0,-0.024,20.877,-0.006999999999999999,-0.02,250.406,-0.046,-0.534
00:00:20.571,1572924010938,0.214,0.085,14.827,0.664,3.0,-0.024,20.881,-0.006999999999999999,-0.02,250.754,-0.043,-0.534
00:00:20.572,1572924010939,0.214,0.083,14.827,0.664,3.0,-0.024,20.885,-0.006999999999999999,-0.02,251.102,-0.041,-0.534
00:00:20.621,1572924010988,0.214,0.08,14.827,0.664,3.0,-0.024,20.888,-0.006999999999999999,-0.02,251.45,-0.038,-0.534
00:00:20.622,1572924010989,0.214,0.078,14.827,0.664,3.0,-0.024,20.892,-0.006,-0.02,251.799,-0.035,-0.534
00:00:20.623,1572924010990,0.214,0.076,14.827,0.664,3.0,-0.024,20.895,-0.006,-0.02,252.147,-0.033,-0.534
00:00:20.624,1572924010991,0.214,0.07400000000000001,14.827,0.664,3.0,-0.025,20.899,-0.006,-0.02,252.495,-0.03,-0.534
00:00:20.671,1572924011038,0.213,0.07200000000000001,14.827,0.664,3.0,-0.025,20.902,-0.005,-0.02,252.843,-0.027000000000000003,-0.534
00:00:20.672,1572924011039,0.213,0.07,14.827,0.664,3.0,-0.025,20.906,-0.005,-0.02,253.192,-0.024,-0.534
00:00:20.673,1572924011040,0.213,0.068,14.827,0.664,3.0,-0.025,20.909,-0.005,-0.02,253.54,-0.022,-0.534
00:00:20.726,1572924011093,0.213,0.066,14.827,0.664,3.0,-0.025,20.913,-0.004,-0.02,253.889,-0.019,-0.534
00:00:20.727,1572924011094,0.213,0.064,14.827,0.664,3.0,-0.024,20.917,-0.004,-0.02,254.237,-0.016,-0.534
00:00:20.728,1572924011095,0.213,0.062,14.827,0.664,3.0,-0.024,20.92,-0.004,-0.02,254.586,-0.013,-0.534
00:00:20.775,1572924011142,0.213,0.06,14.827,0.664,3.0,-0.024,20.924,-0.004,-0.02,254.935,-0.01,-0.534
00:00:20.776,1572924011143,0.213,0.058,14.827,0.664,3.0,-0.024,20.927,-0.003,-0.02,255.283,-0.006999999999999999,-0.534
00:00:20.777,1572924011144,0.213,0.056,14.827,0.664,3.0,-0.024,20.931,-0.003,-0.02,255.632,-0.005,-0.534
00:00:20.825,1572924011192,0.212,0.054000000000000006,14.827,0.664,3.0,-0.024,20.934,-0.003,-0.02,255.981,-0.002,-0.534
00:00:20.826,1572924011193,0.212,0.052000000000000005,14.827,0.664,3.0,-0.024,20.938,-0.003,-0.02,256.33,0.001,-0.534
00:00:20.827,1572924011194,0.212,0.05,14.827,0.664,3.0,-0.024,20.941,-0.003,-0.02,256.67900000000003,0.004,-0.534
00:00:20.875,1572924011242,0.212,0.049,14.827,0.664,3.0,-0.023,20.945,-0.003,-0.02,257.028,0.006999999999999999,-0.534
00:00:20.876,1572924011243,0.212,0.047,14.827,0.664,3.0,-0.023,20.948,-0.003,-0.021,257.377,0.01,-0.534
00:00:20.877,1572924011244,0.212,0.045,14.827,0.664,3.0,-0.023,20.952,-0.003,-0.021,257.726,0.013,-0.534
00:00:20.925,1572924011292,0.212,0.044,14.827,0.664,3.0,-0.023,20.955,-0.003,-0.021,258.075,0.016,-0.534
00:00:20.926,1572924011293,0.212,0.042,14.827,0.664,3.0,-0.022,20.959,-0.003,-0.021,258.425,0.019,-0.534
00:00:20.927,1572924011294,0.212,0.04,14.827,0.664,3.0,-0.022,20.963,-0.003,-0.021,258.774,0.022,-0.534
00:00:20.980,1572924011347,0.212,0.037000000000000005,14.827,0.664,3.0,-0.022,20.966,-0.003,-0.021,259.123,0.025,-0.534
00:00:20.981,1572924011348,0.211,0.034,14.827,0.664,3.0,-0.022,20.97,-0.003,-0.021,259.473,0.028,-0.534
00:00:20.982,1572924011349,0.211,0.031,14.973,0.664,3.0,-0.022,20.973000000000006,-0.003,-0.021,259.822,0.031,-0.534
00:00:21.031,1572924011398,0.211,0.027000000000000003,14.973,0.664,3.0,-0.022,20.977,-0.003,-0.021,260.172,0.034,-0.534
00:00:21.032,1572924011399,0.212,0.022,14.973,0.664,3.0,-0.021,20.98,-0.003,-0.021,260.522,0.037000000000000005,-0.534
00:00:21.033,1572924011400,0.213,0.017,14.973,0.664,3.0,-0.021,20.984,-0.003,-0.021,260.871,0.04,-0.534
00:00:21.090,1572924011457,0.214,0.011,14.973,0.664,3.0,-0.021,20.987,-0.003,-0.021,261.221,0.043,-0.534
00:00:21.091,1572924011458,0.215,0.005,14.973,0.664,3.0,-0.02,20.991,-0.004,-0.021,261.571,0.046,-0.534
00:00:21.092,1572924011459,0.21600000000000005,-0.001,14.973,0.664,3.0,-0.02,20.995,-0.004,-0.021,261.921,0.05,-0.534
00:00:21.093,1572924011460,0.217,-0.006999999999999999,14.973,0.664,3.0,-0.019,20.998,-0.004,-0.021,262.271,0.053,-0.534
00:00:21.140,1572924011507,0.217,-0.014,14.973,0.664,3.0,-0.019,21.002,-0.004,-0.021,262.621,0.056,-0.534
00:00:21.141,1572924011508,0.217,-0.02,14.973,0.664,3.0,-0.018000000000000002,21.005,-0.004,-0.02,262.971,0.059,-0.534
00:00:21.142,1572924011509,0.217,-0.027000000000000003,14.973,0.664,3.0,-0.017,21.009,-0.004,-0.02,263.321,0.062,-0.534
00:00:21.191,1572924011558,0.217,-0.033,14.973,0.664,3.0,-0.016,21.013,-0.004,-0.02,263.671,0.065,-0.534
00:00:21.192,1572924011559,0.217,-0.04,14.973,0.664,3.0,-0.015,21.016,-0.004,-0.02,264.021,0.068,-0.534
00:00:21.193,1572924011560,0.217,-0.045,14.973,0.664,3.0,-0.014,21.02,-0.004,-0.02,264.371,0.071,-0.534
00:00:21.241,1572924011608,0.21600000000000005,-0.049,14.973,0.664,3.0,-0.013,21.023000000000003,-0.003,-0.02,264.722,0.07400000000000001,-0.534
00:00:21.242,1572924011609,0.21600000000000005,-0.053,14.973,0.664,3.0,-0.011,21.027,-0.003,-0.02,265.072,0.077,-0.534
00:00:21.243,1572924011610,0.21600000000000005,-0.055,14.973,0.664,3.0,-0.01,21.031,-0.002,-0.02,265.423,0.08,-0.534
00:00:21.291,1572924011658,0.215,-0.057,14.973,0.664,3.0,-0.008,21.034,-0.002,-0.02,265.773,0.083,-0.534
00:00:21.292,1572924011659,0.215,-0.059,14.973,0.664,3.0,-0.006999999999999999,21.038,-0.001,-0.02,266.124,0.086,-0.534
00:00:21.293,1572924011660,0.215,-0.061,14.973,0.664,3.0,-0.006,21.041,0.0,-0.02,266.474,0.08800000000000001,-0.534
00:00:21.345,1572924011712,0.215,-0.064,14.973,0.664,3.0,-0.004,21.045,0.0,-0.02,266.847,0.092,-0.534
00:00:21.346,1572924011713,0.215,-0.067,14.973,0.664,3.0,-0.003,21.049,0.001,-0.02,267.176,0.094,-0.534
00:00:21.347,1572924011714,0.215,-0.07,14.973,0.664,3.0,-0.002,21.052,0.002,-0.02,267.527,0.097,-0.534
00:00:21.394,1572924011761,0.215,-0.073,14.973,0.664,3.0,-0.001,21.056,0.003,-0.02,267.878,0.1,-0.534
00:00:21.395,1572924011762,0.215,-0.076,14.973,0.664,3.0,0.001,21.059,0.003,-0.02,268.22900000000004,0.103,-0.534
00:00:21.396,1572924011763,0.215,-0.079,14.973,0.664,3.0,0.002,21.063,0.004,-0.02,268.58,0.106,-0.534
00:00:21.445,1572924011812,0.215,-0.083,14.973,0.664,3.0,0.003,21.066,0.004,-0.02,268.931,0.108,-0.534
00:00:21.446,1572924011813,0.215,-0.086,14.973,0.664,3.0,0.004,21.07,0.005,-0.02,269.282,0.111,-0.534
00:00:21.447,1572924011814,0.215,-0.08800000000000001,14.973,0.664,3.0,0.005,21.074,0.005,-0.02,269.633,0.114,-0.534
00:00:21.501,1572924011868,0.214,-0.091,14.973,0.664,3.0,0.006,21.077,0.005,-0.02,270.006,0.117,-0.534
00:00:21.502,1572924011869,0.214,-0.093,14.973,0.664,3.0,0.006999999999999999,21.081,0.005,-0.02,270.357,0.119,-0.534
00:00:21.503,1572924011870,0.214,-0.094,14.973,0.664,3.0,0.008,21.084,0.006,-0.021,270.687,0.122,-0.534
00:00:21.547,1572924011914,0.214,-0.095,14.973,0.664,3.0,0.009000000000000001,21.088,0.006,-0.021,271.038,0.124,-0.534
00:00:21.548,1572924011915,0.214,-0.096,14.973,0.664,3.0,0.01,21.091,0.006,-0.021,271.39,0.127,-0.534
00:00:21.549,1572924011916,0.214,-0.096,14.973,0.664,3.0,0.011,21.095,0.006,-0.021,271.741,0.13,-0.534
00:00:21.597,1572924011964,0.214,-0.096,14.973,0.664,3.0,0.012,21.099,0.006,-0.021,272.093,0.132,-0.534
00:00:21.598,1572924011965,0.214,-0.095,14.973,0.664,3.0,0.012,21.102,0.006,-0.021,272.445,0.135,-0.534
00:00:21.599,1572924011966,0.214,-0.095,14.973,0.664,3.0,0.013,21.106,0.006,-0.021,272.796,0.13699999999999998,-0.534
00:00:21.647,1572924012014,0.214,-0.094,14.973,0.664,3.0,0.014,21.109,0.006,-0.021,273.148,0.14,-0.534
00:00:21.648,1572924012015,0.213,-0.093,14.973,0.664,3.0,0.015,21.113000000000003,0.006,-0.021,273.5,0.142,-0.534
00:00:21.649,1572924012016,0.213,-0.093,14.973,0.664,3.0,0.016,21.116,0.006,-0.021,273.85200000000003,0.14400000000000002,-0.534
00:00:21.697,1572924012064,0.213,-0.092,14.973,0.664,3.0,0.016,21.12,0.006,-0.021,274.204,0.147,-0.534
00:00:21.698,1572924012065,0.213,-0.092,14.973,0.664,3.0,0.017,21.123,0.006,-0.021,274.556,0.149,-0.534
00:00:21.699,1572924012066,0.213,-0.093,14.973,0.664,3.0,0.018000000000000002,21.127,0.006,-0.021,274.908,0.152,-0.534
00:00:21.754,1572924012121,0.213,-0.093,14.973,0.664,3.0,0.018000000000000002,21.131,0.005,-0.021,275.26,0.154,-0.534
00:00:21.755,1572924012122,0.213,-0.093,14.973,0.664,3.0,0.019,21.134,0.005,-0.021,275.612,0.156,-0.534
00:00:21.756,1572924012123,0.213,-0.093,14.973,0.664,3.0,0.019,21.138,0.005,-0.021,275.964,0.158,-0.534
00:00:21.757,1572924012124,0.213,-0.094,14.973,0.664,3.0,0.02,21.141,0.005,-0.021,276.317,0.161,-0.534
00:00:21.811,1572924012178,0.213,-0.093,14.973,0.664,3.0,0.02,21.145,0.005,-0.021,276.66900000000004,0.163,-0.534
00:00:21.812,1572924012179,0.212,-0.093,14.973,0.664,3.0,0.021,21.148000000000003,0.005,-0.021,277.022,0.165,-0.534
00:00:21.813,1572924012180,0.212,-0.092,14.973,0.664,3.0,0.021,21.152,0.005,-0.021,277.374,0.16699999999999998,-0.534
00:00:21.863,1572924012230,0.212,-0.091,14.973,0.664,3.0,0.022,21.155,0.005,-0.021,277.72700000000003,0.16899999999999998,-0.534
00:00:21.864,1572924012231,0.212,-0.09,14.973,0.664,3.0,0.022,21.159,0.005,-0.021,278.079,0.171,-0.534
00:00:21.865,1572924012232,0.212,-0.08900000000000001,14.973,0.664,3.0,0.023,21.162,0.005,-0.021,278.432,0.174,-0.534
00:00:21.914,1572924012281,0.212,-0.08800000000000001,15.12,0.664,3.0,0.023,21.166,0.005,-0.021,278.807,0.17600000000000002,-0.534
00:00:21.915,1572924012282,0.212,-0.08800000000000001,15.12,0.664,3.0,0.023,21.169,0.005,-0.021,279.137,0.17800000000000002,-0.534
00:00:21.916,1572924012283,0.212,-0.087,15.12,0.664,3.0,0.024,21.173,0.005,-0.021,279.49,0.18,-0.534
00:00:21.961,1572924012328,0.214,-0.087,15.12,0.664,3.0,0.024,21.177,0.005,-0.021,279.865,0.182,-0.534
00:00:21.962,1572924012329,0.215,-0.087,15.12,0.664,3.0,0.024,21.18,0.005,-0.021,280.196,0.184,-0.534
00:00:21.963,1572924012330,0.21600000000000005,-0.087,15.12,0.664,3.0,0.024,21.184,0.005,-0.021,280.54900000000004,0.18600000000000005,-0.534
00:00:22.011,1572924012378,0.217,-0.086,14.973,0.664,3.0,0.025,21.187,0.005,-0.021,280.902,0.188,-0.534
00:00:22.012,1572924012379,0.217,-0.086,14.973,0.664,3.0,0.025,21.191,0.005,-0.021,281.255,0.189,-0.534
00:00:22.013,1572924012380,0.217,-0.086,14.973,0.664,3.0,0.025,21.195,0.005,-0.021,281.631,0.191,-0.534
00:00:22.061,1572924012428,0.21600000000000005,-0.085,14.973,0.664,3.0,0.025,21.198,0.005,-0.021,281.9840000000001,0.193,-0.534
00:00:22.062,1572924012429,0.214,-0.085,14.973,0.664,3.0,0.026,21.202,0.005,-0.021,282.315,0.195,-0.534
00:00:22.063,1572924012430,0.213,-0.085,14.973,0.664,3.0,0.026,21.205,0.005,-0.021,282.6690000000001,0.197,-0.534
00:00:22.111,1572924012478,0.211,-0.085,14.973,0.664,3.0,0.026,21.209,0.005,-0.021,283.0440000000001,0.199,-0.534
00:00:22.112,1572924012479,0.211,-0.084,14.973,0.664,3.0,0.026,21.212,0.005,-0.021,283.398,0.2,-0.534
00:00:22.113,1572924012480,0.21,-0.084,14.973,0.664,3.0,0.026,21.216,0.005,-0.021,283.7290000000001,0.202,-0.534
00:00:22.162,1572924012529,0.21,-0.084,14.973,0.664,3.0,0.026,21.219,0.005,-0.021,284.105,0.204,-0.534
00:00:22.163,1572924012530,0.21,-0.084,14.973,0.664,3.0,0.026,21.223000000000006,0.005,-0.021,284.436,0.205,-0.534
00:00:22.164,1572924012531,0.21,-0.083,14.973,0.664,3.0,0.026,21.226,0.005,-0.021,284.812,0.207,-0.534
00:00:22.212,1572924012579,0.21,-0.083,14.973,0.664,3.0,0.027000000000000003,21.23,0.005,-0.021,285.144,0.209,-0.534
00:00:22.213,1572924012580,0.21,-0.083,14.973,0.664,3.0,0.027000000000000003,21.233,0.005,-0.021,285.498,0.21,-0.534
00:00:22.214,1572924012581,0.21,-0.083,14.973,0.664,3.0,0.027000000000000003,21.237,0.005,-0.021,285.8520000000001,0.212,-0.534
00:00:22.267,1572924012634,0.21,-0.083,14.973,0.664,3.0,0.027000000000000003,21.24,0.005,-0.021,286.206,0.214,-0.534
00:00:22.268,1572924012635,0.21,-0.083,14.973,0.664,3.0,0.027000000000000003,21.244,0.005,-0.021,286.582,0.215,-0.534
00:00:22.269,1572924012636,0.209,-0.084,14.973,0.664,3.0,0.027000000000000003,21.247,0.004,-0.021,286.914,0.217,-0.534
00:00:22.313,1572924012680,0.209,-0.084,14.973,0.664,3.0,0.027000000000000003,21.251,0.004,-0.021,287.29,0.218,-0.534
00:00:22.314,1572924012681,0.209,-0.085,14.973,0.664,3.0,0.027000000000000003,21.254,0.004,-0.021,287.622,0.22,-0.534
00:00:22.315,1572924012682,0.209,-0.086,14.973,0.664,3.0,0.027000000000000003,21.258000000000006,0.004,-0.021,287.976,0.221,-0.534
00:00:22.363,1572924012730,0.209,-0.087,14.973,0.664,3.0,0.027000000000000003,21.261,0.004,-0.021,288.331,0.223,-0.534
00:00:22.364,1572924012731,0.209,-0.08900000000000001,14.973,0.664,3.0,0.027000000000000003,21.265,0.004,-0.021,288.685,0.224,-0.534
00:00:22.365,1572924012732,0.209,-0.091,14.973,0.664,3.0,0.027000000000000003,21.268,0.004,-0.021,289.04,0.225,-0.534
00:00:22.413,1572924012780,0.209,-0.093,15.12,0.664,3.0,0.027000000000000003,21.272,0.004,-0.021,289.416,0.227,-0.534
00:00:22.414,1572924012781,0.209,-0.095,15.12,0.664,3.0,0.027000000000000003,21.275,0.004,-0.021,289.749,0.228,-0.534
00:00:22.415,1572924012782,0.209,-0.097,15.12,0.664,3.0,0.028,21.279,0.004,-0.021,290.103,0.229,-0.534
00:00:22.468,1572924012835,0.21,-0.099,15.12,0.664,3.0,0.028,21.282,0.004,-0.021,290.458,0.231,-0.534
00:00:22.469,1572924012836,0.212,-0.1,15.12,0.664,3.0,0.028,21.286,0.004,-0.021,290.813,0.232,-0.534
00:00:22.470,1572924012837,0.213,-0.101,15.12,0.664,3.0,0.028,21.289,0.004,-0.021,291.19,0.233,-0.534
00:00:22.514,1572924012881,0.214,-0.101,15.12,0.664,3.0,0.029,21.293000000000006,0.004,-0.021,291.522,0.234,-0.534
00:00:22.515,1572924012882,0.214,-0.101,15.12,0.664,3.0,0.029,21.296,0.004,-0.021,291.877,0.235,-0.534
00:00:22.516,1572924012883,0.214,-0.102,15.12,0.664,3.0,0.029,21.3,0.004,-0.021,292.254,0.237,-0.534
00:00:22.565,1572924012932,0.214,-0.102,15.12,0.664,3.0,0.03,21.303,0.004,-0.021,292.587,0.238,-0.534
00:00:22.566,1572924012933,0.214,-0.102,15.12,0.664,3.0,0.03,21.307,0.004,-0.021,292.942,0.239,-0.534
00:00:22.567,1572924012934,0.214,-0.103,15.12,0.664,3.0,0.03,21.311,0.005,-0.021,293.32,0.24,-0.534
00:00:22.616,1572924012983,0.214,-0.104,15.12,0.664,3.0,0.031,21.314,0.005,-0.021,293.675,0.241,-0.534
00:00:22.617,1572924012984,0.214,-0.104,15.12,0.664,3.0,0.031,21.318,0.005,-0.021,294.03,0.242,-0.534
00:00:22.618,1572924012985,0.213,-0.105,15.12,0.664,3.0,0.031,21.321,0.005,-0.021,294.385,0.243,-0.534
00:00:22.667,1572924013034,0.213,-0.106,15.12,0.664,3.0,0.031,21.325,0.005,-0.021,294.719,0.244,-0.534
00:00:22.668,1572924013035,0.213,-0.107,15.12,0.664,3.0,0.032,21.328000000000007,0.005,-0.021,295.074,0.245,-0.534
00:00:22.669,1572924013036,0.213,-0.107,15.12,0.664,3.0,0.032,21.332,0.006,-0.021,295.474,0.246,-0.534
00:00:22.720,1572924013087,0.213,-0.108,15.12,0.664,3.0,0.032,21.335,0.006,-0.021,295.785,0.246,-0.534
00:00:22.721,1572924013088,0.213,-0.108,15.12,0.664,3.0,0.032,21.338,0.006,-0.021,296.074,0.247,-0.534
00:00:22.722,1572924013089,0.213,-0.109,15.12,0.664,3.0,0.032,21.342,0.006,-0.021,296.452,0.248,-0.534
00:00:22.770,1572924013137,0.213,-0.109,15.12,0.664,3.0,0.033,21.346,0.006,-0.021,296.808,0.249,-0.534
00:00:22.771,1572924013138,0.213,-0.11,15.12,0.664,3.0,0.033,21.349,0.006,-0.021,297.141,0.249,-0.534
00:00:22.772,1572924013139,0.213,-0.111,15.12,0.664,3.0,0.033,21.353,0.006,-0.021,297.519,0.25,-0.534
00:00:22.820,1572924013187,0.212,-0.112,15.12,0.664,3.0,0.033,21.356,0.006,-0.021,297.875,0.251,-0.534
00:00:22.821,1572924013188,0.212,-0.114,15.12,0.664,3.0,0.033,21.36,0.006,-0.021,298.209,0.251,-0.534
00:00:22.822,1572924013189,0.212,-0.116,15.12,0.664,3.0,0.034,21.363000000000003,0.006,-0.021,298.565,0.252,-0.534
00:00:22.870,1572924013237,0.212,-0.118,15.12,0.664,3.0,0.034,21.367,0.006,-0.021,298.943,0.253,-0.534
00:00:22.871,1572924013238,0.212,-0.12,15.12,0.664,3.0,0.034,21.37,0.006,-0.021,299.277,0.253,-0.534
00:00:22.872,1572924013239,0.212,-0.122,15.12,0.664,3.0,0.034,21.374,0.006,-0.021,299.656,0.254,-0.534
00:00:22.873,1572924013240,0.212,-0.124,15.12,0.664,3.0,0.034,21.377,0.006,-0.021,300.012,0.254,-0.534
00:00:22.921,1572924013288,0.212,-0.125,15.12,0.664,3.0,0.035,21.381,0.006,-0.021,300.346,0.254,-0.534
00:00:22.922,1572924013289,0.212,-0.126,15.12,0.664,3.0,0.035,21.385,0.006,-0.021,300.747,0.255,-0.534
00:00:22.923,1572924013290,0.212,-0.127,15.12,0.664,3.0,0.035,21.388,0.006,-0.021,301.081,0.255,-0.534
00:00:22.972,1572924013339,0.211,-0.127,15.12,0.664,3.0,0.036000000000000004,21.392,0.006,-0.021,301.437,0.256,-0.534
00:00:22.973,1572924013340,0.211,-0.128,15.12,0.664,3.0,0.036000000000000004,21.395,0.006,-0.021,301.7940000000001,0.256,-0.534
00:00:22.974,1572924013341,0.211,-0.128,15.12,0.664,3.0,0.037000000000000005,21.399,0.006,-0.021,302.151,0.256,-0.534
00:00:23.023,1572924013390,0.211,-0.129,15.12,0.664,3.0,0.037000000000000005,21.402,0.006,-0.021,302.507,0.256,-0.534
00:00:23.024,1572924013391,0.211,-0.13,15.12,0.664,3.0,0.037000000000000005,21.406,0.006,-0.021,302.8640000000001,0.257,-0.534
00:00:23.025,1572924013392,0.211,-0.131,15.12,0.664,3.0,0.038,21.409,0.006,-0.021,303.221,0.257,-0.534
00:00:23.074,1572924013441,0.211,-0.132,15.12,0.664,3.0,0.038,21.412,0.006,-0.021,303.555,0.257,-0.534
00:00:23.075,1572924013442,0.211,-0.133,15.12,0.664,3.0,0.038,21.416,0.006,-0.021,303.935,0.257,-0.534
00:00:23.076,1572924013443,0.211,-0.134,15.12,0.664,3.0,0.039,21.42,0.006,-0.021,304.2920000000001,0.257,-0.534
00:00:23.124,1572924013491,0.21,-0.135,15.12,0.664,3.0,0.039,21.423,0.006999999999999999,-0.021,304.626,0.257,-0.534
00:00:23.125,1572924013492,0.21,-0.136,15.12,0.664,3.0,0.04,21.427,0.006999999999999999,-0.021,305.006,0.257,-0.534
00:00:23.126,1572924013493,0.21,-0.136,15.12,0.664,3.0,0.04,21.43,0.006999999999999999,-0.021,305.363,0.257,-0.534
00:00:23.174,1572924013541,0.21,-0.136,15.12,0.664,3.0,0.04,21.434,0.006999999999999999,-0.021,305.72,0.257,-0.534
00:00:23.175,1572924013542,0.21,-0.136,15.12,0.664,3.0,0.041,21.437,0.006999999999999999,-0.021,306.055,0.257,-0.534
00:00:23.176,1572924013543,0.21,-0.135,15.12,0.664,3.0,0.041,21.441,0.006999999999999999,-0.021,306.435,0.256,-0.534
00:00:23.224,1572924013591,0.21,-0.134,15.12,0.664,3.0,0.041,21.444000000000006,0.008,-0.021,306.7920000000001,0.256,-0.534
00:00:23.225,1572924013592,0.21,-0.134,15.12,0.664,3.0,0.042,21.448,0.008,-0.021,307.149,0.256,-0.534
00:00:23.226,1572924013593,0.21,-0.133,15.12,0.664,3.0,0.042,21.451,0.008,-0.021,307.507,0.256,-0.534
00:00:23.275,1572924013642,0.209,-0.131,15.12,0.664,3.0,0.042,21.454,0.008,-0.022,307.842,0.255,-0.534
00:00:23.276,1572924013643,0.209,-0.13,15.12,0.664,3.0,0.042,21.458,0.008,-0.022,308.222,0.255,-0.534
00:00:23.277,1572924013644,0.209,-0.129,15.12,0.664,3.0,0.043,21.462,0.008,-0.022,308.58,0.254,-0.534
00:00:23.328,1572924013695,0.209,-0.127,15.12,0.664,3.0,0.043,21.465,0.008,-0.022,308.937,0.254,-0.534
00:00:23.329,1572924013696,0.209,-0.125,15.12,0.664,3.0,0.043,21.469,0.008,-0.022,309.295,0.254,-0.534
00:00:23.330,1572924013697,0.209,-0.123,15.12,0.664,3.0,0.043,21.472,0.009000000000000001,-0.022,309.653,0.253,-0.534
00:00:23.379,1572924013746,0.209,-0.12,15.12,0.664,3.0,0.043,21.475,0.009000000000000001,-0.022,310.011,0.252,-0.534
00:00:23.380,1572924013747,0.209,-0.117,15.12,0.664,3.0,0.043,21.479,0.009000000000000001,-0.022,310.369,0.252,-0.534
00:00:23.381,1572924013748,0.209,-0.113,15.265999999999998,0.664,3.0,0.044,21.482,0.009000000000000001,-0.022,310.7270000000001,0.251,-0.534
00:00:23.433,1572924013800,0.209,-0.109,15.265999999999998,0.664,3.0,0.044,21.486,0.009000000000000001,-0.022,311.085,0.251,-0.534
00:00:23.434,1572924013801,0.209,-0.104,15.265999999999998,0.664,3.0,0.044,21.489,0.009000000000000001,-0.022,311.443,0.25,-0.534
00:00:23.435,1572924013802,0.21,-0.099,15.265999999999998,0.664,3.0,0.044,21.493,0.009000000000000001,-0.021,311.801,0.249,-0.534
00:00:23.485,1572924013852,0.211,-0.094,15.265999999999998,0.664,3.0,0.043,21.496,0.009000000000000001,-0.021,312.159,0.249,-0.534
00:00:23.486,1572924013853,0.212,-0.08900000000000001,15.265999999999998,0.664,3.0,0.043,21.5,0.009000000000000001,-0.021,312.518,0.248,-0.534
00:00:23.487,1572924013854,0.213,-0.084,15.265999999999998,0.664,3.0,0.043,21.504,0.009000000000000001,-0.021,312.876,0.247,-0.534
00:00:23.537,1572924013904,0.214,-0.079,15.265999999999998,0.664,3.0,0.042,21.507,0.009000000000000001,-0.021,313.235,0.246,-0.534
00:00:23.538,1572924013905,0.214,-0.07400000000000001,15.265999999999998,0.664,3.0,0.042,21.51,0.008,-0.021,313.571,0.246,-0.534
00:00:23.539,1572924013906,0.214,-0.069,15.265999999999998,0.664,3.0,0.041,21.514,0.008,-0.021,313.952,0.245,-0.534
00:00:23.540,1572924013907,0.214,-0.064,15.265999999999998,0.664,3.0,0.041,21.518,0.008,-0.021,314.31,0.244,-0.534
00:00:23.590,1572924013957,0.214,-0.06,15.265999999999998,0.664,3.0,0.04,21.522,0.008,-0.021,314.691,0.243,-0.534
00:00:23.591,1572924013958,0.214,-0.057,15.486,0.664,3.0,0.039,21.525,0.006999999999999999,-0.021,315.028,0.242,-0.534
00:00:23.592,1572924013959,0.214,-0.053,15.486,0.664,3.0,0.038,21.529,0.006999999999999999,-0.021,315.386,0.241,-0.534
00:00:23.638,1572924014005,0.214,-0.05,15.486,0.664,3.0,0.037000000000000005,21.532,0.006999999999999999,-0.021,315.745,0.24,-0.534
00:00:23.639,1572924014006,0.21600000000000005,-0.046,15.486,0.664,3.0,0.036000000000000004,21.536,0.006,-0.021,316.1040000000001,0.239,-0.534
00:00:23.640,1572924014007,0.218,-0.043,15.486,0.664,3.0,0.035,21.539,0.006,-0.02,316.463,0.238,-0.534
00:00:23.688,1572924014055,0.22,-0.039,15.486,0.664,3.0,0.035,21.54300000000001,0.005,-0.02,316.822,0.237,-0.534
00:00:23.689,1572924014056,0.221,-0.034,15.486,0.664,3.0,0.034,21.547,0.005,-0.02,317.181,0.237,-0.534
00:00:23.690,1572924014057,0.222,-0.03,15.486,0.664,3.0,0.033,21.55,0.004,-0.02,317.54,0.236,-0.534
00:00:23.738,1572924014105,0.222,-0.024,15.486,0.664,3.0,0.032,21.554,0.004,-0.02,317.899,0.235,-0.534
00:00:23.739,1572924014106,0.223,-0.019,15.486,0.664,3.0,0.031,21.558000000000003,0.003,-0.02,318.259,0.234,-0.534
00:00:23.740,1572924014107,0.222,-0.012,15.486,0.664,3.0,0.031,21.562,0.003,-0.02,318.618,0.233,-0.534
00:00:23.793,1572924014160,0.222,-0.006,15.486,0.664,3.0,0.03,21.565,0.003,-0.02,318.9770000000001,0.232,-0.534
00:00:23.794,1572924014161,0.222,0.002,15.486,0.664,3.0,0.029,21.56900000000001,0.003,-0.02,319.337,0.231,-0.534
00:00:23.795,1572924014162,0.222,0.01,15.486,0.664,3.0,0.028,21.573,0.003,-0.02,319.696,0.23,-0.534
00:00:23.840,1572924014207,0.222,0.018000000000000002,15.486,0.664,3.0,0.027000000000000003,21.576,0.003,-0.02,320.056,0.229,-0.534
00:00:23.841,1572924014208,0.222,0.027000000000000003,15.486,0.664,3.0,0.026,21.58,0.003,-0.02,320.416,0.228,-0.534
00:00:23.842,1572924014209,0.221,0.035,15.486,0.664,3.0,0.025,21.584,0.003,-0.02,320.775,0.227,-0.534
00:00:23.890,1572924014257,0.221,0.043,15.486,0.664,3.0,0.024,21.587,0.003,-0.02,321.135,0.226,-0.534
00:00:23.891,1572924014258,0.221,0.05,15.486,0.664,3.0,0.023,21.591,0.002,-0.02,321.495,0.225,-0.534
00:00:23.892,1572924014259,0.221,0.056,15.486,0.664,3.0,0.021,21.595,0.002,-0.02,321.855,0.224,-0.534
00:00:23.940,1572924014307,0.221,0.06,15.486,0.664,3.0,0.019,21.59800000000001,0.002,-0.019,322.215,0.223,-0.534
00:00:23.941,1572924014308,0.22,0.063,15.486,0.664,3.0,0.017,21.602,0.002,-0.019,322.575,0.222,-0.534
00:00:23.942,1572924014309,0.22,0.064,15.486,0.664,3.0,0.015,21.606,0.001,-0.019,322.935,0.222,-0.534
00:00:23.990,1572924014357,0.22,0.064,15.486,0.664,3.0,0.013,21.609,0.0,-0.019,323.295,0.221,-0.534
00:00:23.991,1572924014358,0.22,0.063,15.632,0.664,3.0,0.011,21.613000000000003,0.0,-0.019,323.655,0.22,-0.534
00:00:23.992,1572924014359,0.22,0.062,15.632,0.664,3.0,0.009000000000000001,21.617,-0.001,-0.019,324.015,0.219,-0.534
00:00:24.041,1572924014408,0.22,0.06,15.632,0.664,3.0,0.006999999999999999,21.621,-0.002,-0.019,324.398,0.218,-0.534
00:00:24.042,1572924014409,0.221,0.059,15.632,0.664,3.0,0.006,21.624,-0.003,-0.019,324.736,0.218,-0.534
00:00:24.043,1572924014410,0.223,0.059,15.632,0.664,3.0,0.005,21.628,-0.004,-0.02,325.096,0.217,-0.534
00:00:24.091,1572924014458,0.224,0.059,15.632,0.664,3.0,0.003,21.632,-0.005,-0.02,325.457,0.21600000000000005,-0.534
00:00:24.092,1572924014459,0.225,0.059,15.632,0.664,3.0,0.002,21.635,-0.005,-0.02,325.817,0.215,-0.534
00:00:24.093,1572924014460,0.225,0.059,15.632,0.664,3.0,0.001,21.639,-0.006,-0.02,326.178,0.215,-0.534
00:00:24.142,1572924014509,0.226,0.059,15.632,0.664,3.0,0.0,21.643,-0.006,-0.02,326.539,0.214,-0.534
00:00:24.143,1572924014510,0.226,0.058,15.632,0.664,3.0,-0.001,21.647,-0.006999999999999999,-0.02,326.9,0.213,-0.534
00:00:24.144,1572924014511,0.226,0.056,15.632,0.664,3.0,-0.002,21.65,-0.006999999999999999,-0.02,327.26,0.213,-0.534
00:00:24.193,1572924014560,0.226,0.054000000000000006,15.632,0.664,3.0,-0.003,21.654,-0.006999999999999999,-0.02,327.621,0.212,-0.534
00:00:24.194,1572924014561,0.225,0.051,15.632,0.664,3.0,-0.003,21.658,-0.006999999999999999,-0.02,327.982,0.211,-0.534
00:00:24.195,1572924014562,0.225,0.047,15.632,0.664,3.0,-0.004,21.662,-0.006999999999999999,-0.02,328.343,0.211,-0.534
00:00:24.245,1572924014612,0.225,0.044,15.632,0.664,3.0,-0.005,21.665,-0.006999999999999999,-0.02,328.704,0.21,-0.534
00:00:24.246,1572924014613,0.225,0.041,15.632,0.664,3.0,-0.005,21.669,-0.006999999999999999,-0.02,329.065,0.21,-0.534
00:00:24.247,1572924014614,0.225,0.038,15.632,0.664,3.0,-0.005,21.673,-0.006999999999999999,-0.02,329.427,0.209,-0.534
00:00:24.295,1572924014662,0.225,0.036000000000000004,15.632,0.664,3.0,-0.006,21.677,-0.006999999999999999,-0.02,329.788,0.208,-0.534
00:00:24.296,1572924014663,0.224,0.033,15.486,0.664,3.0,-0.006,21.68,-0.006,-0.02,330.149,0.208,-0.534
00:00:24.297,1572924014664,0.224,0.031,15.486,0.664,3.0,-0.006,21.684,-0.006,-0.02,330.51,0.207,-0.534
00:00:24.347,1572924014714,0.224,0.029,15.486,0.664,3.0,-0.006,21.688,-0.005,-0.02,330.894,0.207,-0.534
00:00:24.348,1572924014715,0.222,0.026,15.486,0.664,3.0,-0.006,21.692,-0.005,-0.02,331.233,0.206,-0.534
00:00:24.349,1572924014716,0.221,0.023,15.486,0.664,3.0,-0.006,21.695,-0.004,-0.02,331.595,0.206,-0.534
00:00:24.396,1572924014763,0.22,0.02,15.486,0.664,3.0,-0.006,21.699,-0.004,-0.02,331.957,0.205,-0.534
00:00:24.397,1572924014764,0.218,0.016,15.632,0.664,3.0,-0.006,21.70300000000001,-0.003,-0.02,332.3180000000001,0.205,-0.534
00:00:24.398,1572924014765,0.218,0.013,15.632,0.664,3.0,-0.006,21.706,-0.003,-0.02,332.68,0.204,-0.534
00:00:24.446,1572924014813,0.218,0.01,15.632,0.664,3.0,-0.006,21.71,-0.002,-0.02,333.042,0.204,-0.534
00:00:24.447,1572924014814,0.219,0.008,15.632,0.664,3.0,-0.006,21.713,-0.002,-0.02,333.404,0.203,-0.534
00:00:24.448,1572924014815,0.22,0.006,15.632,0.664,3.0,-0.006,21.717,-0.002,-0.02,333.766,0.203,-0.534
00:00:24.497,1572924014864,0.221,0.005,15.632,0.664,3.0,-0.006,21.721,-0.001,-0.02,334.1280000000001,0.202,-0.534
00:00:24.498,1572924014865,0.222,0.005,15.632,0.664,3.0,-0.006,21.725,-0.001,-0.02,334.49,0.202,-0.534
00:00:24.499,1572924014866,0.223,0.005,15.632,0.664,3.0,-0.005,21.728,0.0,-0.02,334.852,0.201,-0.534
00:00:24.549,1572924014916,0.223,0.005,15.632,0.664,3.0,-0.005,21.732,0.0,-0.02,335.214,0.201,-0.534
00:00:24.550,1572924014917,0.223,0.006,15.632,0.664,3.0,-0.005,21.736,0.001,-0.02,335.576,0.2,-0.534
00:00:24.551,1572924014918,0.223,0.006,15.632,0.664,3.0,-0.005,21.739,0.001,-0.02,335.9380000000001,0.2,-0.534
00:00:24.601,1572924014968,0.223,0.006,15.632,0.664,3.0,-0.004,21.743,0.001,-0.02,336.3230000000001,0.199,-0.534
00:00:24.602,1572924014969,0.223,0.006999999999999999,15.486,0.664,3.0,-0.004,21.747,0.001,-0.02,336.663,0.199,-0.534
00:00:24.603,1572924014970,0.222,0.006,15.486,0.664,3.0,-0.004,21.751,0.002,-0.02,337.026,0.198,-0.534
00:00:24.651,1572924015018,0.222,0.005,15.486,0.664,3.0,-0.004,21.754,0.002,-0.02,337.411,0.198,-0.534
00:00:24.652,1572924015019,0.22,0.003,15.486,0.664,3.0,-0.004,21.75800000000001,0.002,-0.02,337.751,0.197,-0.534
00:00:24.653,1572924015020,0.219,0.001,15.486,0.664,3.0,-0.004,21.761,0.002,-0.02,338.11300000000006,0.197,-0.534
00:00:24.699,1572924015066,0.218,-0.002,15.486,0.664,3.0,-0.004,21.765,0.001,-0.02,338.476,0.196,-0.534
00:00:24.700,1572924015067,0.21600000000000005,-0.004,15.632,0.664,3.0,-0.004,21.769,0.001,-0.02,338.839,0.196,-0.534
00:00:24.701,1572924015068,0.21600000000000005,-0.006999999999999999,15.632,0.664,3.0,-0.004,21.772,0.001,-0.02,339.202,0.195,-0.534
00:00:24.749,1572924015116,0.21600000000000005,-0.01,15.632,0.664,3.0,-0.004,21.776,0.001,-0.021,339.565,0.195,-0.534
00:00:24.750,1572924015117,0.217,-0.012,15.632,0.664,3.0,-0.004,21.78,0.0,-0.021,339.92800000000005,0.194,-0.534
00:00:24.751,1572924015118,0.218,-0.013,15.632,0.664,3.0,-0.004,21.783,0.0,-0.021,340.291,0.194,-0.534
00:00:24.803,1572924015170,0.219,-0.015,15.632,0.664,3.0,-0.004,21.787,0.0,-0.021,340.654,0.193,-0.534
00:00:24.804,1572924015171,0.22,-0.015,15.632,0.664,3.0,-0.003,21.791,0.0,-0.021,341.017,0.192,-0.534
00:00:24.805,1572924015172,0.221,-0.015,15.632,0.664,3.0,-0.003,21.794,0.0,-0.021,341.38,0.192,-0.534
00:00:24.854,1572924015221,0.221,-0.015,15.632,0.664,3.0,-0.003,21.798,-0.001,-0.021,341.74300000000005,0.191,-0.534
00:00:24.855,1572924015222,0.221,-0.015,15.632,0.664,3.0,-0.002,21.802,-0.001,-0.021,342.107,0.191,-0.534
00:00:24.856,1572924015223,0.221,-0.015,15.632,0.664,3.0,-0.002,21.805,-0.001,-0.021,342.47,0.19,-0.534
00:00:24.857,1572924015224,0.221,-0.015,15.632,0.664,3.0,-0.001,21.809,-0.001,-0.021,342.833,0.19,-0.534
00:00:24.905,1572924015272,0.221,-0.015,15.632,0.664,3.0,-0.001,21.813,0.0,-0.02,343.19699999999995,0.189,-0.534
00:00:24.906,1572924015273,0.221,-0.016,15.632,0.664,3.0,-0.001,21.816,0.0,-0.02,343.561,0.189,-0.534
00:00:24.907,1572924015274,0.22,-0.018000000000000002,15.632,0.664,3.0,-0.001,21.82,0.0,-0.02,343.94699999999995,0.188,-0.534
00:00:24.960,1572924015327,0.22,-0.02,15.632,0.664,3.0,0.0,21.824,0.0,-0.02,344.288,0.188,-0.534
00:00:24.961,1572924015328,0.22,-0.023,15.632,0.664,3.0,0.0,21.827,0.0,-0.02,344.652,0.187,-0.534
00:00:24.962,1572924015329,0.22,-0.027000000000000003,15.632,0.664,3.0,0.0,21.831,0.0,-0.02,345.038,0.18600000000000005,-0.534
00:00:25.006,1572924015373,0.22,-0.031,15.486,0.664,3.0,0.0,21.835,0.0,-0.02,345.379,0.18600000000000005,-0.534
00:00:25.007,1572924015374,0.22,-0.035,15.486,0.664,3.0,0.0,21.838,0.0,-0.02,345.74300000000005,0.185,-0.534
00:00:25.008,1572924015375,0.219,-0.04,15.486,0.664,3.0,0.001,21.842,0.0,-0.02,346.107,0.185,-0.534
00:00:25.059,1572924015426,0.218,-0.044,15.486,0.664,3.0,0.001,21.846,0.0,-0.02,346.471,0.184,-0.534
00:00:25.060,1572924015427,0.21600000000000005,-0.048,15.486,0.664,3.0,0.002,21.849,0.0,-0.02,346.835,0.183,-0.534
00:00:25.061,1572924015428,0.215,-0.052000000000000005,15.486,0.664,3.0,0.002,21.853,0.0,-0.02,347.2,0.183,-0.534
00:00:25.111,1572924015478,0.214,-0.055,15.632,0.664,3.0,0.003,21.856,0.0,-0.02,347.564,0.182,-0.534
00:00:25.112,1572924015479,0.213,-0.058,15.632,0.664,3.0,0.004,21.86,0.0,-0.02,347.92800000000005,0.181,-0.534
00:00:25.113,1572924015480,0.213,-0.059,15.632,0.664,3.0,0.004,21.863000000000003,0.001,-0.02,348.293,0.181,-0.534
00:00:25.163,1572924015530,0.214,-0.06,15.632,0.664,3.0,0.005,21.867,0.001,-0.02,348.657,0.18,-0.534
00:00:25.164,1572924015531,0.215,-0.061,15.632,0.664,3.0,0.006,21.87,0.001,-0.02,349.021,0.179,-0.534
00:00:25.165,1572924015532,0.21600000000000005,-0.062,15.632,0.664,3.0,0.006999999999999999,21.874,0.002,-0.02,349.386,0.179,-0.534
00:00:25.215,1572924015582,0.217,-0.063,15.632,0.664,3.0,0.006999999999999999,21.878,0.002,-0.02,349.751,0.17800000000000002,-0.534
00:00:25.216,1572924015583,0.218,-0.064,15.632,0.664,3.0,0.008,21.881,0.003,-0.02,350.115,0.177,-0.534
00:00:25.217,1572924015584,0.219,-0.066,15.632,0.664,3.0,0.009000000000000001,21.885,0.003,-0.021,350.50300000000016,0.17600000000000002,-0.534
00:00:25.266,1572924015633,0.219,-0.067,15.632,0.664,3.0,0.009000000000000001,21.889,0.003,-0.021,350.845,0.175,-0.534
00:00:25.267,1572924015634,0.219,-0.068,15.632,0.664,3.0,0.01,21.892,0.004,-0.021,351.21,0.174,-0.534
00:00:25.268,1572924015635,0.218,-0.07,15.632,0.664,3.0,0.011,21.896,0.004,-0.021,351.597,0.174,-0.534
00:00:25.316,1572924015683,0.218,-0.071,15.632,0.664,3.0,0.011,21.9,0.004,-0.021,351.939,0.173,-0.534
00:00:25.317,1572924015684,0.218,-0.07200000000000001,15.632,0.664,3.0,0.012,21.903,0.005,-0.021,352.30400000000014,0.172,-0.534
00:00:25.318,1572924015685,0.218,-0.073,15.632,0.664,3.0,0.012,21.907,0.005,-0.021,352.69199999999995,0.171,-0.534
00:00:25.370,1572924015737,0.218,-0.07400000000000001,15.632,0.664,3.0,0.013,21.91,0.005,-0.021,353.035,0.17,-0.534
00:00:25.371,1572924015738,0.217,-0.07400000000000001,15.632,0.664,3.0,0.014,21.914,0.005,-0.021,353.4,0.16899999999999998,-0.534
00:00:25.372,1572924015739,0.217,-0.07400000000000001,15.632,0.664,3.0,0.014,21.91800000000001,0.005,-0.021,353.765,0.168,-0.534
00:00:25.418,1572924015785,0.217,-0.075,15.632,0.664,3.0,0.015,21.921,0.005,-0.021,354.13,0.16699999999999998,-0.534
00:00:25.419,1572924015786,0.217,-0.075,15.632,0.664,3.0,0.015,21.925,0.005,-0.021,354.496,0.166,-0.534
00:00:25.420,1572924015787,0.217,-0.075,15.632,0.664,3.0,0.016,21.929,0.005,-0.021,354.861,0.165,-0.534
00:00:25.468,1572924015835,0.217,-0.075,15.632,0.664,3.0,0.016,21.932,0.005,-0.021,355.227,0.16399999999999998,-0.534
00:00:25.469,1572924015836,0.217,-0.075,15.632,0.664,3.0,0.016,21.936,0.005,-0.021,355.592,0.163,-0.534
00:00:25.470,1572924015837,0.217,-0.075,15.632,0.664,3.0,0.017,21.939,0.005,-0.021,355.958,0.162,-0.534
00:00:25.528,1572924015895,0.217,-0.07400000000000001,15.632,0.664,3.0,0.017,21.943,0.005,-0.021,356.324,0.161,-0.534
00:00:25.529,1572924015896,0.21600000000000005,-0.07400000000000001,15.632,0.664,3.0,0.018000000000000002,21.947,0.005,-0.021,356.689,0.159,-0.534
00:00:25.530,1572924015897,0.21600000000000005,-0.073,15.632,0.664,3.0,0.018000000000000002,21.95,0.005,-0.021,357.07800000000015,0.158,-0.534
00:00:25.531,1572924015898,0.21600000000000005,-0.07200000000000001,15.632,0.664,3.0,0.018000000000000002,21.954,0.005,-0.021,357.421,0.157,-0.534
00:00:25.579,1572924015946,0.21600000000000005,-0.071,15.632,0.664,3.0,0.018000000000000002,21.957,0.005,-0.021,357.787,0.156,-0.534
00:00:25.580,1572924015947,0.21600000000000005,-0.07,15.632,0.664,3.0,0.019,21.961,0.005,-0.021,358.176,0.155,-0.534
00:00:25.581,1572924015948,0.21600000000000005,-0.069,15.632,0.664,3.0,0.019,21.965,0.005,-0.021,358.519,0.153,-0.534
00:00:25.629,1572924015996,0.21600000000000005,-0.068,15.632,0.664,3.0,0.019,21.968000000000004,0.005,-0.021,358.885,0.152,-0.534
00:00:25.630,1572924015997,0.21600000000000005,-0.068,15.632,0.664,3.0,0.019,21.972,0.005,-0.021,359.274,0.151,-0.534
00:00:25.631,1572924015998,0.21600000000000005,-0.067,15.632,0.664,3.0,0.02,21.975,0.005,-0.021,359.61800000000005,0.149,-0.534
00:00:25.680,1572924016047,0.21600000000000005,-0.066,15.632,0.664,3.0,0.02,21.979,0.005,-0.021,359.98400000000015,0.14800000000000002,-0.534
00:00:25.681,1572924016048,0.215,-0.064,15.632,0.664,3.0,0.02,21.983,0.005,-0.021,360.35,0.147,-0.534
00:00:25.682,1572924016049,0.215,-0.063,15.632,0.664,3.0,0.02,21.986,0.004,-0.021,360.717,0.145,-0.534
00:00:25.731,1572924016098,0.215,-0.062,15.632,0.664,3.0,0.02,21.99,0.004,-0.021,361.083,0.14400000000000002,-0.534
00:00:25.732,1572924016099,0.215,-0.06,15.632,0.664,3.0,0.02,21.993,0.004,-0.021,361.45,0.14300000000000002,-0.534
00:00:25.733,1572924016100,0.215,-0.058,15.632,0.664,3.0,0.02,21.997,0.004,-0.021,361.816,0.141,-0.534
00:00:25.780,1572924016147,0.215,-0.056,15.632,0.664,3.0,0.021,22.0,0.004,-0.021,362.18300000000005,0.14,-0.534
00:00:25.781,1572924016148,0.215,-0.054000000000000006,15.632,0.664,3.0,0.021,22.004,0.004,-0.021,362.549,0.138,-0.534
00:00:25.782,1572924016149,0.215,-0.051,15.632,0.664,3.0,0.021,22.00800000000001,0.004,-0.021,362.939,0.13699999999999998,-0.534
00:00:25.830,1572924016197,0.215,-0.049,15.632,0.664,3.0,0.021,22.01,0.004,-0.021,363.214,0.136,-0.534
00:00:25.831,1572924016198,0.214,-0.046,15.632,0.664,3.0,0.021,22.014,0.004,-0.021,363.581,0.134,-0.534
00:00:25.832,1572924016199,0.214,-0.042,15.632,0.664,3.0,0.021,22.018,0.004,-0.021,363.948,0.133,-0.534
00:00:25.888,1572924016255,0.214,-0.039,15.632,0.664,3.0,0.021,22.021,0.004,-0.021,364.315,0.131,-0.534
00:00:25.889,1572924016256,0.214,-0.035,15.632,0.664,3.0,0.021,22.025,0.005,-0.021,364.705,0.13,-0.534
00:00:25.890,1572924016257,0.214,-0.031,15.632,0.664,3.0,0.02,22.028,0.005,-0.021,365.049,0.128,-0.534
00:00:25.934,1572924016301,0.214,-0.026,15.632,0.664,3.0,0.02,22.032,0.005,-0.021,365.416,0.127,-0.534
00:00:25.935,1572924016302,0.214,-0.021,15.632,0.664,3.0,0.02,22.036,0.005,-0.021,365.807,0.125,-0.534
00:00:25.936,1572924016303,0.214,-0.016,15.632,0.664,3.0,0.02,22.039,0.005,-0.021,366.151,0.124,-0.534
00:00:25.985,1572924016352,0.214,-0.011,15.632,0.664,3.0,0.019,22.04300000000001,0.005,-0.021,366.518,0.122,-0.534
00:00:25.986,1572924016353,0.214,-0.005,15.632,0.664,3.0,0.019,22.046,0.005,-0.021,366.909,0.12,-0.534
00:00:25.987,1572924016354,0.213,0.0,15.632,0.664,3.0,0.018000000000000002,22.05,0.004,-0.021,367.276,0.119,-0.534
00:00:26.036,1572924016403,0.213,0.004,15.632,0.664,3.0,0.018000000000000002,22.053,0.004,-0.021,367.621,0.117,-0.534
00:00:26.037,1572924016404,0.213,0.008,15.632,0.664,3.0,0.017,22.057,0.004,-0.021,368.011,0.116,-0.534
00:00:26.038,1572924016405,0.213,0.01,15.632,0.664,3.0,0.016,22.06,0.004,-0.021,368.356,0.114,-0.534
00:00:26.091,1572924016458,0.213,0.013,15.632,0.664,3.0,0.015,22.064,0.003,-0.021,368.723,0.113,-0.534
00:00:26.092,1572924016459,0.213,0.014,15.632,0.664,3.0,0.014,22.068,0.003,-0.021,369.114,0.111,-0.534
00:00:26.093,1572924016460,0.213,0.016,15.632,0.664,3.0,0.013,22.071,0.002,-0.021,369.459,0.11,-0.534
00:00:26.094,1572924016461,0.213,0.016,15.632,0.664,3.0,0.012,22.075,0.002,-0.021,369.827,0.108,-0.534
00:00:26.138,1572924016505,0.213,0.017,15.632,0.664,3.0,0.011,22.07800000000001,0.001,-0.021,370.195,0.107,-0.534
00:00:26.139,1572924016506,0.212,0.017,15.632,0.664,3.0,0.01,22.082,0.001,-0.021,370.56300000000016,0.105,-0.534
00:00:26.140,1572924016507,0.212,0.018000000000000002,15.632,0.664,3.0,0.01,22.085,0.0,-0.021,370.931,0.104,-0.534
00:00:26.187,1572924016554,0.212,0.02,15.632,0.664,3.0,0.009000000000000001,22.089,-0.001,-0.021,371.299,0.102,-0.534
00:00:26.188,1572924016555,0.212,0.021,15.632,0.664,3.0,0.008,22.092,-0.001,-0.021,371.667,0.101,-0.534
00:00:26.189,1572924016556,0.212,0.023,15.632,0.664,3.0,0.006999999999999999,22.096,-0.002,-0.022,372.035,0.099,-0.534
00:00:26.237,1572924016604,0.212,0.025,15.632,0.664,3.0,0.006999999999999999,22.099,-0.002,-0.022,372.427,0.098,-0.534
00:00:26.238,1572924016605,0.212,0.026,15.632,0.664,3.0,0.006,22.103,-0.002,-0.022,372.772,0.096,-0.534
00:00:26.239,1572924016606,0.212,0.027000000000000003,15.632,0.664,3.0,0.005,22.106,-0.003,-0.022,373.14,0.095,-0.534
00:00:26.287,1572924016654,0.212,0.028,15.632,0.664,3.0,0.005,22.11,-0.003,-0.022,373.532,0.093,-0.534
00:00:26.288,1572924016655,0.211,0.028,15.632,0.664,3.0,0.004,22.113000000000003,-0.003,-0.022,373.877,0.092,-0.534
00:00:26.289,1572924016656,0.211,0.028,15.632,0.664,3.0,0.003,22.117,-0.004,-0.022,374.246,0.09,-0.534
00:00:26.338,1572924016705,0.211,0.027000000000000003,15.632,0.664,3.0,0.003,22.12,-0.004,-0.022,374.615,0.08900000000000001,-0.534
00:00:26.339,1572924016706,0.211,0.026,15.632,0.664,3.0,0.002,22.124,-0.004,-0.022,374.983,0.08800000000000001,-0.534
00:00:26.340,1572924016707,0.211,0.024,15.632,0.664,3.0,0.002,22.128,-0.004,-0.022,375.375,0.086,-0.534
00:00:26.393,1572924016760,0.211,0.023,15.632,0.664,3.0,0.001,22.131,-0.004,-0.022,375.721,0.085,-0.534
00:00:26.394,1572924016761,0.211,0.021,15.632,0.664,3.0,0.001,22.134,-0.004,-0.022,376.09,0.083,-0.534
00:00:26.395,1572924016762,0.211,0.02,15.632,0.664,3.0,0.001,22.138,-0.004,-0.022,376.459,0.08199999999999999,-0.534
00:00:26.444,1572924016811,0.211,0.018000000000000002,15.632,0.664,3.0,0.0,22.141,-0.004,-0.022,376.828,0.081,-0.534
00:00:26.445,1572924016812,0.211,0.017,15.632,0.664,3.0,0.0,22.145,-0.004,-0.022,377.22,0.079,-0.534
00:00:26.446,1572924016813,0.21,0.015,15.632,0.664,3.0,0.0,22.148000000000003,-0.003,-0.022,377.566,0.078,-0.534
00:00:26.494,1572924016861,0.21,0.013,15.632,0.664,3.0,-0.001,22.152,-0.003,-0.022,377.958,0.076,-0.534
00:00:26.495,1572924016862,0.21,0.01,15.632,0.664,3.0,-0.001,22.156,-0.003,-0.022,378.327,0.075,-0.534
00:00:26.496,1572924016863,0.21,0.008,15.632,0.664,3.0,-0.001,22.159,-0.003,-0.022,378.697,0.073,-0.534
00:00:26.544,1572924016911,0.21,0.006,15.632,0.664,3.0,-0.001,22.163,-0.003,-0.022,379.066,0.07200000000000001,-0.534
00:00:26.545,1572924016912,0.21,0.003,15.632,0.664,3.0,-0.001,22.166,-0.002,-0.022,379.435,0.071,-0.534
00:00:26.546,1572924016913,0.21,0.001,15.632,0.664,3.0,-0.001,22.169,-0.002,-0.022,379.782,0.069,-0.534
00:00:26.594,1572924016961,0.21,-0.001,15.632,0.664,3.0,-0.001,22.173,-0.002,-0.022,380.174,0.068,-0.534
00:00:26.595,1572924016962,0.21,-0.003,15.632,0.664,3.0,-0.001,22.176,-0.002,-0.022,380.521,0.067,-0.534
00:00:26.596,1572924016963,0.21,-0.005,15.632,0.664,3.0,-0.001,22.18,-0.002,-0.022,380.891,0.065,-0.534
00:00:26.645,1572924017012,0.21,-0.006999999999999999,15.632,0.664,3.0,-0.001,22.184,-0.001,-0.022,381.283,0.064,-0.534
00:00:26.646,1572924017013,0.209,-0.008,15.632,0.664,3.0,-0.001,22.187,-0.001,-0.022,381.63,0.062,-0.534
00:00:26.647,1572924017014,0.209,-0.009000000000000001,15.632,0.664,3.0,-0.001,22.19,-0.001,-0.022,382.0,0.061,-0.534
00:00:26.695,1572924017062,0.209,-0.01,15.632,0.664,3.0,-0.001,22.19400000000001,0.0,-0.022,382.393,0.06,-0.534
00:00:26.696,1572924017063,0.209,-0.012,15.632,0.664,3.0,0.0,22.198,0.0,-0.022,382.763,0.058,-0.534
00:00:26.697,1572924017064,0.209,-0.013,15.632,0.664,3.0,0.0,22.201,0.0,-0.022,383.11,0.057,-0.534
00:00:26.746,1572924017113,0.209,-0.014,15.632,0.664,3.0,0.0,22.205,0.0,-0.022,383.503,0.055,-0.534
00:00:26.747,1572924017114,0.209,-0.015,15.632,0.664,3.0,0.0,22.208,0.001,-0.022,383.85,0.054000000000000006,-0.534
00:00:26.748,1572924017115,0.208,-0.016,15.632,0.664,3.0,0.001,22.211,0.001,-0.022,384.22,0.053,-0.534
00:00:26.797,1572924017164,0.208,-0.017,15.632,0.664,3.0,0.001,22.215,0.001,-0.022,384.61300000000006,0.051,-0.534
00:00:26.798,1572924017165,0.208,-0.018000000000000002,15.632,0.664,3.0,0.001,22.218000000000004,0.001,-0.022,384.96,0.05,-0.534
00:00:26.799,1572924017166,0.208,-0.019,15.632,0.664,3.0,0.001,22.222,0.002,-0.022,385.331,0.048,-0.534
00:00:26.847,1572924017214,0.208,-0.019,15.632,0.664,3.0,0.001,22.226,0.002,-0.022,385.747,0.047,-0.534
00:00:26.848,1572924017215,0.208,-0.018000000000000002,15.632,0.664,3.0,0.002,22.229,0.002,-0.022,386.071,0.045,-0.534
00:00:26.849,1572924017216,0.208,-0.017,15.632,0.664,3.0,0.002,22.232,0.002,-0.022,386.465,0.044,-0.534
00:00:26.902,1572924017269,0.208,-0.016,15.632,0.664,3.0,0.002,22.236,0.002,-0.022,386.836,0.042,-0.534
00:00:26.903,1572924017270,0.208,-0.014,15.632,0.664,3.0,0.003,22.239,0.002,-0.022,387.18300000000005,0.041,-0.534
00:00:26.904,1572924017271,0.208,-0.013,15.632,0.664,3.0,0.003,22.242,0.003,-0.022,387.554,0.04,-0.534
00:00:26.952,1572924017319,0.208,-0.011,15.632,0.664,3.0,0.003,22.246,0.003,-0.022,387.948,0.038,-0.534
00:00:26.953,1572924017320,0.207,-0.009000000000000001,15.632,0.664,3.0,0.003,22.249,0.003,-0.022,388.295,0.037000000000000005,-0.534
00:00:26.954,1572924017321,0.207,-0.008,15.632,0.664,3.0,0.003,22.253,0.003,-0.022,388.666,0.035,-0.534
00:00:27.007,1572924017374,0.207,-0.006999999999999999,15.632,0.664,3.0,0.003,22.257,0.003,-0.022,389.06,0.034,-0.534
00:00:27.008,1572924017375,0.207,-0.006,15.632,0.664,3.0,0.003,22.26,0.003,-0.022,389.431,0.032,-0.534
00:00:27.009,1572924017376,0.207,-0.005,15.632,0.664,3.0,0.003,22.263,0.003,-0.022,389.779,0.031,-0.534
00:00:27.054,1572924017421,0.207,-0.005,15.632,0.664,3.0,0.003,22.267,0.002,-0.022,390.173,0.029,-0.534
00:00:27.055,1572924017422,0.207,-0.004,15.632,0.664,3.0,0.003,22.27,0.002,-0.022,390.545,0.028,-0.534
00:00:27.056,1572924017423,0.207,-0.003,15.632,0.664,3.0,0.003,22.274,0.002,-0.022,390.893,0.026,-0.534
00:00:27.103,1572924017470,0.207,-0.002,15.632,0.664,3.0,0.003,22.277,0.002,-0.022,391.287,0.025,-0.534
00:00:27.104,1572924017471,0.207,0.0,15.632,0.664,3.0,0.003,22.281,0.002,-0.023,391.658,0.023,-0.534
00:00:27.105,1572924017472,0.207,0.002,15.632,0.664,3.0,0.003,22.284,0.001,-0.023,392.03,0.022,-0.534
00:00:27.154,1572924017521,0.206,0.004,15.632,0.664,3.0,0.003,22.287,0.001,-0.023,392.378,0.02,-0.534
00:00:27.155,1572924017522,0.206,0.006999999999999999,15.632,0.664,3.0,0.003,22.291,0.001,-0.023,392.773,0.019,-0.534
00:00:27.156,1572924017523,0.206,0.009000000000000001,15.632,0.664,3.0,0.002,22.294,0.001,-0.023,393.121,0.017,-0.534
00:00:27.205,1572924017572,0.206,0.013,15.632,0.664,3.0,0.002,22.298,0.001,-0.023,393.516,0.016,-0.534
00:00:27.206,1572924017573,0.206,0.017,15.632,0.664,3.0,0.002,22.301,0.001,-0.023,393.887,0.014,-0.534
00:00:27.207,1572924017574,0.206,0.021,15.632,0.664,3.0,0.002,22.305,0.001,-0.023,394.259,0.013,-0.534
00:00:27.208,1572924017575,0.206,0.026,15.632,0.664,3.0,0.002,22.308000000000003,0.001,-0.023,394.654,0.011,-0.534
00:00:27.256,1572924017623,0.206,0.03,15.632,0.664,3.0,0.002,22.312,0.001,-0.022,395.003,0.01,-0.534
00:00:27.257,1572924017624,0.205,0.033,15.632,0.664,3.0,0.001,22.315,0.0,-0.022,395.351,0.009000000000000001,-0.534
00:00:27.258,1572924017625,0.205,0.036000000000000004,15.632,0.664,3.0,0.001,22.318,0.0,-0.022,395.746,0.006999999999999999,-0.534
00:00:27.305,1572924017672,0.205,0.038,15.486,0.664,3.0,0.0,22.322,0.0,-0.022,396.11800000000005,0.006,-0.534
00:00:27.306,1572924017673,0.205,0.039,15.486,0.664,3.0,-0.001,22.325,0.0,-0.022,396.467,0.004,-0.534
00:00:27.307,1572924017674,0.204,0.04,15.486,0.664,3.0,-0.001,22.329,-0.001,-0.022,396.86300000000006,0.003,-0.534
00:00:27.357,1572924017724,0.203,0.041,15.486,0.664,3.0,-0.002,22.332,-0.001,-0.022,397.235,0.001,-0.534
00:00:27.358,1572924017725,0.202,0.041,15.486,0.664,3.0,-0.003,22.335,-0.001,-0.022,397.607,0.0,-0.534
00:00:27.359,1572924017726,0.2,0.041,15.486,0.664,3.0,-0.003,22.339,-0.002,-0.022,397.979,-0.001,-0.534
00:00:27.408,1572924017775,0.199,0.041,15.632,0.664,3.0,-0.004,22.342,-0.002,-0.022,398.352,-0.003,-0.534
00:00:27.409,1572924017776,0.199,0.042,15.632,0.664,3.0,-0.004,22.345,-0.002,-0.023,398.724,-0.004,-0.534
00:00:27.410,1572924017777,0.199,0.043,15.632,0.664,3.0,-0.005,22.349,-0.003,-0.023,399.096,-0.005,-0.534
00:00:27.461,1572924017828,0.199,0.044,15.632,0.664,3.0,-0.005,22.352,-0.003,-0.023,399.469,-0.006999999999999999,-0.534
00:00:27.462,1572924017829,0.2,0.045,15.632,0.664,3.0,-0.006,22.355,-0.003,-0.023,399.842,-0.008,-0.534
00:00:27.463,1572924017830,0.202,0.046,15.632,0.664,3.0,-0.006,22.359,-0.004,-0.023,400.214,-0.009000000000000001,-0.534
00:00:27.509,1572924017876,0.203,0.046,15.632,0.664,3.0,-0.006999999999999999,22.362,-0.004,-0.023,400.587,-0.011,-0.534
00:00:27.510,1572924017877,0.204,0.046,15.632,0.664,3.0,-0.006999999999999999,22.365,-0.004,-0.023,400.96,-0.012,-0.534
00:00:27.511,1572924017878,0.204,0.046,15.632,0.664,3.0,-0.008,22.369,-0.004,-0.023,401.332,-0.013,-0.534
00:00:27.560,1572924017927,0.204,0.045,15.632,0.664,3.0,-0.008,22.372,-0.004,-0.023,401.705,-0.014,-0.534
00:00:27.561,1572924017928,0.204,0.044,15.632,0.664,3.0,-0.008,22.376,-0.004,-0.023,402.078,-0.016,-0.534
00:00:27.562,1572924017929,0.204,0.043,15.632,0.664,3.0,-0.009000000000000001,22.379,-0.004,-0.023,402.451,-0.017,-0.534
00:00:27.610,1572924017977,0.204,0.042,15.632,0.664,3.0,-0.009000000000000001,22.382,-0.005,-0.023,402.824,-0.018000000000000002,-0.534
00:00:27.611,1572924017978,0.204,0.041,15.632,0.664,3.0,-0.009000000000000001,22.386,-0.005,-0.023,403.197,-0.019,-0.534
00:00:27.612,1572924017979,0.203,0.04,15.632,0.664,3.0,-0.01,22.389,-0.004,-0.023,403.57,-0.02,-0.534
00:00:27.660,1572924018027,0.203,0.038,15.632,0.664,3.0,-0.01,22.393,-0.004,-0.023,403.943,-0.021,-0.534
00:00:27.661,1572924018028,0.203,0.037000000000000005,15.632,0.664,3.0,-0.01,22.396,-0.004,-0.023,404.317,-0.023,-0.534
00:00:27.662,1572924018029,0.203,0.035,15.632,0.664,3.0,-0.01,22.399,-0.004,-0.023,404.69,-0.024,-0.534
00:00:27.715,1572924018082,0.203,0.033,15.632,0.664,3.0,-0.01,22.403,-0.004,-0.023,405.06300000000016,-0.025,-0.534
00:00:27.716,1572924018083,0.203,0.032,15.632,0.664,3.0,-0.01,22.406,-0.004,-0.023,405.437,-0.026,-0.534
00:00:27.717,1572924018084,0.203,0.03,15.632,0.664,3.0,-0.01,22.409,-0.004,-0.023,405.81,-0.027000000000000003,-0.534
00:00:27.760,1572924018127,0.203,0.028,15.632,0.664,3.0,-0.01,22.413,-0.004,-0.023,406.16,-0.028,-0.534
00:00:27.761,1572924018128,0.202,0.026,15.632,0.664,3.0,-0.01,22.416,-0.004,-0.023,406.557,-0.029,-0.534
00:00:27.762,1572924018129,0.202,0.024,15.632,0.664,3.0,-0.01,22.42,-0.003,-0.023,406.931,-0.031,-0.534
00:00:27.811,1572924018178,0.202,0.022,15.632,0.664,3.0,-0.01,22.423,-0.003,-0.023,407.305,-0.032,-0.534
00:00:27.812,1572924018179,0.202,0.02,15.632,0.664,3.0,-0.01,22.426,-0.003,-0.023,407.67800000000005,-0.033,-0.534
00:00:27.813,1572924018180,0.202,0.018000000000000002,15.632,0.664,3.0,-0.01,22.43,-0.003,-0.023,408.052,-0.034,-0.534
00:00:27.867,1572924018234,0.202,0.016,15.632,0.664,3.0,-0.01,22.433000000000003,-0.003,-0.023,408.426,-0.035,-0.534
00:00:27.868,1572924018235,0.202,0.014,15.632,0.664,3.0,-0.01,22.436,-0.002,-0.023,408.8,-0.036000000000000004,-0.534
00:00:27.869,1572924018236,0.202,0.011,15.632,0.664,3.0,-0.01,22.44,-0.002,-0.023,409.174,-0.037000000000000005,-0.534
00:00:27.913,1572924018280,0.202,0.009000000000000001,15.632,0.664,3.0,-0.01,22.443,-0.002,-0.023,409.548,-0.038,-0.534
00:00:27.914,1572924018281,0.202,0.006999999999999999,15.632,0.664,3.0,-0.009000000000000001,22.446,-0.002,-0.023,409.922,-0.039,-0.534
00:00:27.915,1572924018282,0.202,0.006,15.632,0.664,3.0,-0.009000000000000001,22.45,-0.002,-0.023,410.296,-0.04,-0.534
00:00:27.963,1572924018330,0.201,0.004,15.632,0.664,3.0,-0.009000000000000001,22.45300000000001,-0.002,-0.023,410.67,-0.041,-0.534
00:00:27.964,1572924018331,0.201,0.003,15.632,0.664,3.0,-0.009000000000000001,22.457,-0.001,-0.023,411.044,-0.042,-0.534
00:00:27.965,1572924018332,0.201,0.002,15.632,0.664,3.0,-0.008,22.46,-0.001,-0.023,411.419,-0.044,-0.534
00:00:28.013,1572924018380,0.201,0.0,15.632,0.664,3.0,-0.008,22.463,-0.001,-0.023,411.793,-0.045,-0.534
00:00:28.014,1572924018381,0.201,-0.001,15.632,0.664,3.0,-0.008,22.467,-0.001,-0.023,412.168,-0.046,-0.534
00:00:28.015,1572924018382,0.201,-0.001,15.632,0.664,3.0,-0.006999999999999999,22.47,-0.001,-0.023,412.542,-0.047,-0.534
00:00:28.063,1572924018430,0.201,-0.002,15.632,0.664,3.0,-0.006999999999999999,22.47300000000001,-0.001,-0.023,412.917,-0.048,-0.534
00:00:28.064,1572924018431,0.201,-0.002,15.632,0.664,3.0,-0.006999999999999999,22.477,0.0,-0.023,413.291,-0.049,-0.534
00:00:28.065,1572924018432,0.201,-0.002,15.632,0.664,3.0,-0.006,22.48,0.0,-0.023,413.666,-0.05,-0.534
00:00:28.113,1572924018480,0.2,-0.002,15.632,0.664,3.0,-0.006,22.483,0.0,-0.023,414.04,-0.051,-0.534
00:00:28.114,1572924018481,0.2,-0.002,15.632,0.664,3.0,-0.006,22.487,0.0,-0.023,414.415,-0.052000000000000005,-0.534
00:00:28.115,1572924018482,0.2,-0.001,15.632,0.664,3.0,-0.005,22.49,0.001,-0.023,414.79,-0.053,-0.534
00:00:28.164,1572924018531,0.2,0.0,15.632,0.664,3.0,-0.005,22.493,0.001,-0.023,415.165,-0.054000000000000006,-0.534
00:00:28.165,1572924018532,0.2,0.001,15.632,0.664,3.0,-0.005,22.497,0.001,-0.023,415.54,-0.055,-0.534
00:00:28.166,1572924018533,0.2,0.003,15.632,0.664,3.0,-0.004,22.5,0.001,-0.024,415.93800000000016,-0.057,-0.534
00:00:28.214,1572924018581,0.2,0.004,15.632,0.664,3.0,-0.004,22.503,0.001,-0.024,416.29,-0.058,-0.534
00:00:28.215,1572924018582,0.2,0.006,15.632,0.664,3.0,-0.004,22.507,0.001,-0.024,416.665,-0.059,-0.534
00:00:28.216,1572924018583,0.2,0.006999999999999999,15.632,0.664,3.0,-0.004,22.51,0.002,-0.024,417.04,-0.06,-0.534
00:00:28.265,1572924018632,0.2,0.009000000000000001,15.632,0.664,3.0,-0.004,22.513,0.002,-0.024,417.415,-0.061,-0.534
00:00:28.266,1572924018633,0.2,0.01,15.632,0.664,3.0,-0.004,22.517,0.002,-0.024,417.79,-0.062,-0.534
00:00:28.267,1572924018634,0.199,0.011,15.632,0.664,3.0,-0.004,22.52,0.002,-0.024,418.166,-0.063,-0.534
00:00:28.316,1572924018683,0.199,0.012,15.632,0.664,3.0,-0.004,22.523000000000003,0.002,-0.024,418.541,-0.064,-0.534
00:00:28.317,1572924018684,0.199,0.013,15.632,0.664,3.0,-0.004,22.527,0.001,-0.024,418.916,-0.065,-0.534
00:00:28.318,1572924018685,0.199,0.013,15.632,0.664,3.0,-0.004,22.53,0.001,-0.024,419.292,-0.066,-0.534
00:00:28.366,1572924018733,0.199,0.014,15.632,0.664,3.0,-0.004,22.533,0.001,-0.024,419.667,-0.067,-0.534
00:00:28.367,1572924018734,0.199,0.015,15.632,0.664,3.0,-0.004,22.536,0.001,-0.024,420.043,-0.068,-0.534
00:00:28.368,1572924018735,0.199,0.015,15.632,0.664,3.0,-0.004,22.54,0.001,-0.024,420.419,-0.069,-0.534
00:00:28.418,1572924018785,0.199,0.016,15.486,0.664,3.0,-0.004,22.54300000000001,0.0,-0.024,420.794,-0.07,-0.534
00:00:28.419,1572924018786,0.198,0.018000000000000002,15.486,0.664,3.0,-0.004,22.546,0.0,-0.024,421.17,-0.071,-0.534
00:00:28.420,1572924018787,0.198,0.019,15.486,0.664,3.0,-0.004,22.55,0.0,-0.024,421.546,-0.07200000000000001,-0.534
00:00:28.468,1572924018835,0.197,0.021,15.486,0.664,3.0,-0.004,22.553,-0.001,-0.024,421.922,-0.073,-0.534
00:00:28.469,1572924018836,0.195,0.024,15.486,0.664,3.0,-0.005,22.556,-0.001,-0.024,422.298,-0.07400000000000001,-0.534
00:00:28.470,1572924018837,0.194,0.028,15.486,0.664,3.0,-0.004,22.56,-0.001,-0.024,422.697,-0.075,-0.534
00:00:28.518,1572924018885,0.193,0.032,15.632,0.664,3.0,-0.004,22.563,-0.001,-0.024,423.05,-0.076,-0.534
00:00:28.519,1572924018886,0.192,0.038,15.632,0.664,3.0,-0.004,22.566,-0.001,-0.024,423.426,-0.077,-0.534
00:00:28.520,1572924018887,0.192,0.041,15.632,0.664,3.0,-0.004,22.568,-0.001,-0.024,423.661,-0.078,-0.534
00:00:28.569,1572924018936,0.193,0.047,15.632,0.664,3.0,-0.005,22.571,-0.001,-0.024,424.037,-0.079,-0.534
00:00:28.570,1572924018937,0.194,0.053,15.632,0.664,3.0,-0.005,22.574,-0.001,-0.024,424.413,-0.08,-0.534
00:00:28.571,1572924018938,0.195,0.057,15.632,0.664,3.0,-0.005,22.57800000000001,-0.001,-0.024,424.789,-0.081,-0.534
00:00:28.620,1572924018987,0.196,0.06,15.632,0.664,3.0,-0.006,22.581,-0.001,-0.024,425.166,-0.08199999999999999,-0.534
00:00:28.621,1572924018988,0.197,0.062,15.632,0.664,3.0,-0.006999999999999999,22.584,-0.001,-0.024,425.542,-0.083,-0.534
00:00:28.622,1572924018989,0.197,0.062,15.632,0.664,3.0,-0.008,22.587,-0.001,-0.024,425.919,-0.084,-0.534
00:00:28.671,1572924019038,0.198,0.061,15.632,0.664,3.0,-0.008,22.591,-0.002,-0.024,426.295,-0.084,-0.534
00:00:28.672,1572924019039,0.197,0.059,15.632,0.664,3.0,-0.009000000000000001,22.594,-0.002,-0.024,426.672,-0.085,-0.534
00:00:28.673,1572924019040,0.197,0.057,15.632,0.664,3.0,-0.01,22.597,-0.003,-0.024,427.048,-0.086,-0.534
00:00:28.674,1572924019041,0.197,0.055,15.632,0.664,3.0,-0.011,22.601,-0.003,-0.024,427.425,-0.087,-0.534
00:00:28.724,1572924019091,0.197,0.055,15.632,0.664,3.0,-0.011,22.604,-0.004,-0.024,427.801,-0.08800000000000001,-0.534
00:00:28.725,1572924019092,0.197,0.055,15.632,0.664,3.0,-0.012,22.607,-0.004,-0.024,428.17800000000005,-0.08900000000000001,-0.534
00:00:28.726,1572924019093,0.197,0.056,15.632,0.664,3.0,-0.012,22.61,-0.004,-0.024,428.555,-0.08900000000000001,-0.534
00:00:28.772,1572924019139,0.196,0.06,15.632,0.664,3.0,-0.013,22.617,-0.005,-0.024,429.309,-0.091,-0.534
00:00:28.773,1572924019140,0.196,0.062,15.632,0.664,3.0,-0.013,22.62,-0.005,-0.024,429.686,-0.092,-0.534
00:00:28.822,1572924019189,0.196,0.064,15.632,0.664,3.0,-0.014,22.623,-0.005,-0.024,430.06300000000016,-0.092,-0.534
00:00:28.823,1572924019190,0.196,0.066,15.632,0.664,3.0,-0.014,22.627,-0.005,-0.024,430.463,-0.093,-0.534
00:00:28.824,1572924019191,0.196,0.067,15.632,0.664,3.0,-0.014,22.63,-0.005,-0.024,430.817,-0.094,-0.534
00:00:28.876,1572924019243,0.196,0.066,15.632,0.664,3.0,-0.015,22.63300000000001,-0.005,-0.024,431.194,-0.094,-0.534
00:00:28.877,1572924019244,0.196,0.066,15.632,0.664,3.0,-0.015,22.636,-0.005,-0.024,431.571,-0.095,-0.534
00:00:28.878,1572924019245,0.196,0.065,15.632,0.664,3.0,-0.015,22.64,-0.005,-0.024,431.949,-0.096,-0.534
00:00:28.923,1572924019290,0.196,0.064,15.632,0.664,3.0,-0.016,22.643,-0.005,-0.024,432.326,-0.096,-0.534
00:00:28.924,1572924019291,0.196,0.063,15.632,0.664,3.0,-0.016,22.646,-0.005,-0.024,432.704,-0.097,-0.534
00:00:28.925,1572924019292,0.195,0.062,15.632,0.664,3.0,-0.016,22.65,-0.005,-0.024,433.081,-0.097,-0.534
00:00:28.973,1572924019340,0.195,0.061,15.632,0.664,3.0,-0.016,22.653,-0.005,-0.024,433.459,-0.098,-0.534
00:00:28.974,1572924019341,0.195,0.06,15.632,0.664,3.0,-0.017,22.656,-0.005,-0.024,433.836,-0.098,-0.534
00:00:28.975,1572924019342,0.195,0.06,15.632,0.664,3.0,-0.017,22.659,-0.005,-0.024,434.214,-0.099,-0.534
00:00:29.024,1572924019391,0.195,0.059,15.486,0.664,3.0,-0.017,22.663,-0.005,-0.024,434.591,-0.099,-0.534
00:00:29.025,1572924019392,0.195,0.058,15.486,0.664,3.0,-0.017,22.666,-0.005,-0.024,434.969,-0.1,-0.534
00:00:29.026,1572924019393,0.194,0.057,15.486,0.664,3.0,-0.017,22.669,-0.005,-0.024,435.347,-0.1,-0.534
00:00:29.075,1572924019442,0.192,0.056,15.486,0.664,3.0,-0.018000000000000002,22.672,-0.005,-0.024,435.725,-0.101,-0.534
00:00:29.076,1572924019443,0.191,0.055,15.486,0.664,3.0,-0.018000000000000002,22.675,-0.005,-0.024,436.103,-0.101,-0.534
00:00:29.077,1572924019444,0.19,0.054000000000000006,15.486,0.664,3.0,-0.018000000000000002,22.678,-0.004,-0.024,436.481,-0.102,-0.534
00:00:29.129,1572924019496,0.189,0.053,15.632,0.664,3.0,-0.018000000000000002,22.682,-0.004,-0.024,436.859,-0.102,-0.534
00:00:29.130,1572924019497,0.189,0.052000000000000005,15.632,0.664,3.0,-0.018000000000000002,22.685,-0.004,-0.025,437.26,-0.102,-0.534
00:00:29.131,1572924019498,0.189,0.051,15.632,0.664,3.0,-0.018000000000000002,22.688,-0.004,-0.025,437.615,-0.103,-0.534
00:00:29.175,1572924019542,0.19,0.05,15.632,0.664,3.0,-0.018000000000000002,22.691,-0.004,-0.025,437.99300000000005,-0.103,-0.534
00:00:29.176,1572924019543,0.191,0.049,15.632,0.664,3.0,-0.018000000000000002,22.69400000000001,-0.004,-0.025,438.395,-0.104,-0.534
00:00:29.177,1572924019544,0.192,0.048,15.632,0.664,3.0,-0.018000000000000002,22.698,-0.004,-0.025,438.749,-0.104,-0.534
00:00:29.225,1572924019592,0.193,0.047,15.632,0.664,3.0,-0.018000000000000002,22.701,-0.004,-0.025,439.128,-0.104,-0.534
00:00:29.226,1572924019593,0.194,0.046,15.632,0.664,3.0,-0.018000000000000002,22.704,-0.004,-0.025,439.53,-0.105,-0.534
00:00:29.227,1572924019594,0.194,0.046,15.632,0.664,3.0,-0.018000000000000002,22.707,-0.004,-0.025,439.885,-0.105,-0.534
00:00:29.275,1572924019642,0.194,0.045,15.632,0.664,3.0,-0.018000000000000002,22.71,-0.004,-0.025,440.263,-0.105,-0.534
00:00:29.276,1572924019643,0.194,0.045,15.632,0.664,3.0,-0.018000000000000002,22.714,-0.003,-0.025,440.642,-0.105,-0.534
00:00:29.277,1572924019644,0.194,0.044,15.632,0.664,3.0,-0.018000000000000002,22.717,-0.003,-0.025,441.02,-0.106,-0.534
00:00:29.326,1572924019693,0.194,0.044,15.632,0.664,3.0,-0.018000000000000002,22.72,-0.003,-0.025,441.399,-0.106,-0.534
00:00:29.327,1572924019694,0.193,0.043,15.632,0.664,3.0,-0.018000000000000002,22.72300000000001,-0.003,-0.025,441.777,-0.106,-0.534
00:00:29.328,1572924019695,0.193,0.043,15.632,0.664,3.0,-0.018000000000000002,22.727,-0.003,-0.025,442.156,-0.106,-0.534
00:00:29.383,1572924019750,0.193,0.042,15.632,0.664,3.0,-0.018000000000000002,22.73,-0.003,-0.025,442.535,-0.107,-0.534
00:00:29.384,1572924019751,0.193,0.042,15.632,0.664,3.0,-0.017,22.733,-0.003,-0.025,442.914,-0.107,-0.534
00:00:29.385,1572924019752,0.193,0.041,15.632,0.664,3.0,-0.017,22.736,-0.003,-0.025,443.293,-0.107,-0.534
00:00:29.434,1572924019801,0.193,0.041,15.632,0.664,3.0,-0.017,22.739,-0.003,-0.025,443.672,-0.107,-0.534
00:00:29.435,1572924019802,0.193,0.041,15.632,0.664,3.0,-0.017,22.743,-0.003,-0.025,444.051,-0.107,-0.534
00:00:29.436,1572924019803,0.193,0.04,15.632,0.664,3.0,-0.017,22.746,-0.003,-0.025,444.43,-0.107,-0.534
00:00:29.484,1572924019851,0.193,0.04,15.632,0.664,3.0,-0.017,22.749,-0.003,-0.025,444.809,-0.108,-0.534
00:00:29.485,1572924019852,0.192,0.041,15.632,0.664,3.0,-0.017,22.752,-0.003,-0.025,445.18800000000016,-0.108,-0.534
00:00:29.486,1572924019853,0.192,0.042,15.632,0.664,3.0,-0.017,22.755,-0.003,-0.025,445.567,-0.108,-0.534
00:00:29.534,1572924019901,0.192,0.043,15.632,0.664,3.0,-0.017,22.759,-0.003,-0.025,445.947,-0.108,-0.534
00:00:29.535,1572924019902,0.192,0.044,15.632,0.664,3.0,-0.017,22.762,-0.003,-0.025,446.35,-0.108,-0.534
00:00:29.536,1572924019903,0.192,0.046,15.632,0.664,3.0,-0.016,22.765,-0.002,-0.025,446.705,-0.108,-0.534
00:00:29.584,1572924019951,0.192,0.048,15.632,0.664,3.0,-0.016,22.768,-0.002,-0.025,447.085,-0.108,-0.534
00:00:29.585,1572924019952,0.192,0.05,15.632,0.664,3.0,-0.016,22.771,-0.002,-0.025,447.464,-0.108,-0.534
00:00:29.586,1572924019953,0.192,0.051,15.632,0.664,3.0,-0.016,22.775,-0.002,-0.025,447.844,-0.108,-0.534
00:00:29.637,1572924020004,0.192,0.053,15.632,0.664,3.0,-0.016,22.778,-0.002,-0.025,448.223,-0.108,-0.534
00:00:29.638,1572924020005,0.192,0.055,15.632,0.664,3.0,-0.016,22.781,-0.002,-0.025,448.603,-0.108,-0.534
00:00:29.639,1572924020006,0.192,0.056,15.632,0.664,3.0,-0.016,22.784,-0.002,-0.025,448.983,-0.108,-0.534
00:00:29.687,1572924020054,0.191,0.057,15.632,0.664,3.0,-0.017,22.787,-0.002,-0.025,449.36300000000006,-0.108,-0.534
00:00:29.688,1572924020055,0.191,0.059,15.632,0.664,3.0,-0.017,22.791,-0.002,-0.025,449.742,-0.108,-0.534
00:00:29.689,1572924020056,0.191,0.06,15.632,0.664,3.0,-0.017,22.794,-0.002,-0.025,450.122,-0.108,-0.534
00:00:29.738,1572924020105,0.191,0.061,15.632,0.664,3.0,-0.017,22.797,-0.003,-0.025,450.502,-0.108,-0.534
00:00:29.739,1572924020106,0.191,0.063,15.632,0.664,3.0,-0.017,22.8,-0.003,-0.025,450.882,-0.108,-0.534
00:00:29.740,1572924020107,0.191,0.065,15.632,0.664,3.0,-0.018000000000000002,22.803,-0.003,-0.025,451.262,-0.108,-0.534
00:00:29.741,1572924020108,0.191,0.066,15.632,0.664,3.0,-0.018000000000000002,22.807,-0.003,-0.025,451.642,-0.108,-0.534
00:00:29.789,1572924020156,0.191,0.068,15.632,0.664,3.0,-0.018000000000000002,22.81,-0.003,-0.025,452.046,-0.108,-0.534
00:00:29.790,1572924020157,0.191,0.069,15.632,0.664,3.0,-0.018000000000000002,22.813,-0.003,-0.025,452.403,-0.108,-0.534
00:00:29.791,1572924020158,0.191,0.07,15.632,0.664,3.0,-0.019,22.816,-0.004,-0.025,452.783,-0.107,-0.534
00:00:29.840,1572924020207,0.19,0.07200000000000001,15.632,0.664,3.0,-0.019,22.81900000000001,-0.004,-0.025,453.187,-0.107,-0.534
00:00:29.841,1572924020208,0.19,0.073,15.632,0.664,3.0,-0.019,22.823,-0.004,-0.025,453.567,-0.107,-0.534
00:00:29.842,1572924020209,0.19,0.07400000000000001,15.632,0.664,3.0,-0.02,22.826,-0.004,-0.025,453.924,-0.107,-0.534
00:00:29.890,1572924020257,0.19,0.075,15.632,0.664,3.0,-0.02,22.829,-0.004,-0.025,454.304,-0.107,-0.534
00:00:29.891,1572924020258,0.19,0.075,15.632,0.664,3.0,-0.02,22.832,-0.005,-0.025,454.685,-0.106,-0.534
00:00:29.892,1572924020259,0.19,0.076,15.632,0.664,3.0,-0.02,22.835,-0.005,-0.025,455.065,-0.106,-0.534
00:00:29.940,1572924020307,0.19,0.076,15.632,0.664,3.0,-0.021,22.838,-0.005,-0.025,455.446,-0.106,-0.534
00:00:29.941,1572924020308,0.19,0.077,15.632,0.664,3.0,-0.021,22.841,-0.005,-0.025,455.827,-0.105,-0.534
00:00:29.942,1572924020309,0.19,0.077,15.632,0.664,3.0,-0.021,22.845,-0.005,-0.025,456.207,-0.105,-0.534
00:00:29.990,1572924020357,0.19,0.077,15.632,0.664,3.0,-0.022,22.84800000000001,-0.006,-0.025,456.588,-0.105,-0.534
00:00:29.991,1572924020358,0.189,0.077,15.632,0.664,3.0,-0.022,22.851,-0.006,-0.025,456.969,-0.104,-0.534
00:00:29.992,1572924020359,0.189,0.077,15.486,0.664,3.0,-0.022,22.854,-0.006,-0.025,457.35,-0.104,-0.534
00:00:30.042,1572924020409,0.189,0.077,15.486,0.664,3.0,-0.022,22.857,-0.006,-0.025,457.731,-0.103,-0.534
00:00:30.043,1572924020410,0.188,0.077,15.486,0.664,3.0,-0.023,22.86,-0.006,-0.025,458.112,-0.103,-0.534
00:00:30.044,1572924020411,0.187,0.077,15.486,0.664,3.0,-0.023,22.863000000000003,-0.006,-0.025,458.49300000000005,-0.102,-0.534
00:00:30.093,1572924020460,0.185,0.076,15.486,0.664,3.0,-0.023,22.866,-0.006,-0.025,458.874,-0.102,-0.534
00:00:30.094,1572924020461,0.184,0.076,15.486,0.664,3.0,-0.023,22.869,-0.006,-0.025,459.255,-0.101,-0.534
00:00:30.095,1572924020462,0.183,0.075,15.632,0.664,3.0,-0.023,22.872,-0.006,-0.026,459.636,-0.101,-0.534
00:00:30.144,1572924020511,0.183,0.075,15.632,0.664,3.0,-0.024,22.876,-0.006,-0.026,460.041,-0.1,-0.534
00:00:30.145,1572924020512,0.183,0.07400000000000001,15.632,0.664,3.0,-0.024,22.879,-0.006,-0.026,460.399,-0.099,-0.534
00:00:30.146,1572924020513,0.184,0.073,15.632,0.664,3.0,-0.024,22.882,-0.006,-0.026,460.78,-0.099,-0.534
00:00:30.195,1572924020562,0.18600000000000005,0.071,15.632,0.664,3.0,-0.024,22.885,-0.006,-0.026,461.185,-0.098,-0.534
00:00:30.196,1572924020563,0.187,0.07,15.632,0.664,3.0,-0.024,22.888,-0.006,-0.026,461.543,-0.098,-0.534
00:00:30.197,1572924020564,0.187,0.069,15.632,0.664,3.0,-0.024,22.89,-0.006,-0.026,461.853,-0.097,-0.534
00:00:30.245,1572924020612,0.188,0.068,15.632,0.664,3.0,-0.024,22.894,-0.006,-0.026,462.234,-0.096,-0.534
00:00:30.246,1572924020613,0.188,0.066,15.632,0.664,3.0,-0.024,22.897,-0.006,-0.026,462.616,-0.096,-0.534
00:00:30.247,1572924020614,0.188,0.064,15.632,0.664,3.0,-0.024,22.9,-0.006,-0.026,462.99800000000016,-0.095,-0.534
00:00:30.295,1572924020662,0.188,0.062,15.632,0.664,3.0,-0.024,22.903,-0.006,-0.026,463.379,-0.094,-0.534
00:00:30.296,1572924020663,0.188,0.06,15.632,0.664,3.0,-0.024,22.906,-0.006,-0.026,463.761,-0.093,-0.534
00:00:30.297,1572924020664,0.188,0.057,15.632,0.664,3.0,-0.024,22.909,-0.006,-0.026,464.143,-0.093,-0.534
00:00:30.345,1572924020712,0.188,0.054000000000000006,15.632,0.664,3.0,-0.024,22.913,-0.006,-0.026,464.549,-0.092,-0.534
00:00:30.346,1572924020713,0.188,0.051,15.632,0.664,3.0,-0.024,22.916,-0.006,-0.026,464.907,-0.091,-0.534
00:00:30.347,1572924020714,0.187,0.047,15.632,0.664,3.0,-0.024,22.919,-0.005,-0.026,465.288,-0.09,-0.534
00:00:30.396,1572924020763,0.187,0.043,15.632,0.664,3.0,-0.024,22.922,-0.005,-0.026,465.67,-0.08900000000000001,-0.534
00:00:30.397,1572924020764,0.187,0.04,15.632,0.664,3.0,-0.024,22.925,-0.005,-0.026,466.05300000000005,-0.08800000000000001,-0.534
00:00:30.398,1572924020765,0.187,0.037000000000000005,15.632,0.664,3.0,-0.024,22.928,-0.005,-0.025,466.435,-0.08800000000000001,-0.534
00:00:30.446,1572924020813,0.187,0.034,15.632,0.664,3.0,-0.023,22.931,-0.005,-0.025,466.817,-0.087,-0.534
00:00:30.447,1572924020814,0.187,0.033,15.632,0.664,3.0,-0.023,22.934,-0.005,-0.025,467.199,-0.086,-0.534
00:00:30.448,1572924020815,0.187,0.032,15.632,0.664,3.0,-0.022,22.937,-0.005,-0.025,467.581,-0.085,-0.534
00:00:30.497,1572924020864,0.187,0.031,15.632,0.664,3.0,-0.022,22.94,-0.004,-0.025,467.964,-0.084,-0.534
00:00:30.498,1572924020865,0.187,0.03,15.632,0.664,3.0,-0.021,22.94400000000001,-0.004,-0.025,468.37,-0.083,-0.534
00:00:30.499,1572924020866,0.187,0.03,15.632,0.664,3.0,-0.021,22.947,-0.004,-0.025,468.728,-0.08199999999999999,-0.534
00:00:30.551,1572924020918,0.187,0.029,15.632,0.664,3.0,-0.02,22.95,-0.003,-0.025,469.135,-0.081,-0.534
00:00:30.552,1572924020919,0.18600000000000005,0.027000000000000003,15.632,0.664,3.0,-0.02,22.95300000000001,-0.003,-0.025,469.517,-0.08,-0.534
00:00:30.553,1572924020920,0.18600000000000005,0.026,15.632,0.664,3.0,-0.019,22.956,-0.003,-0.025,469.876,-0.08,-0.534
00:00:30.599,1572924020966,0.18600000000000005,0.025,15.632,0.664,3.0,-0.019,22.959,-0.002,-0.025,470.259,-0.079,-0.534
00:00:30.600,1572924020967,0.18600000000000005,0.024,15.632,0.664,3.0,-0.019,22.962,-0.002,-0.026,470.641,-0.078,-0.534
00:00:30.601,1572924020968,0.18600000000000005,0.022,15.632,0.664,3.0,-0.018000000000000002,22.965,-0.002,-0.026,471.024,-0.077,-0.534
00:00:30.648,1572924021015,0.18600000000000005,0.021,15.632,0.664,3.0,-0.018000000000000002,22.969,-0.002,-0.026,471.431,-0.076,-0.534
00:00:30.649,1572924021016,0.18600000000000005,0.02,15.632,0.664,3.0,-0.017,22.972,-0.001,-0.026,471.79,-0.075,-0.534
00:00:30.650,1572924021017,0.18600000000000005,0.02,15.632,0.664,3.0,-0.017,22.975,-0.001,-0.026,472.172,-0.07400000000000001,-0.534
00:00:30.698,1572924021065,0.18600000000000005,0.019,15.632,0.664,3.0,-0.016,22.978,-0.001,-0.026,472.579,-0.073,-0.534
00:00:30.699,1572924021066,0.18600000000000005,0.018000000000000002,15.632,0.664,3.0,-0.016,22.981,-0.001,-0.026,472.93800000000016,-0.07200000000000001,-0.534
00:00:30.700,1572924021067,0.18600000000000005,0.018000000000000002,15.632,0.664,3.0,-0.016,22.984,-0.001,-0.026,473.321,-0.071,-0.534
00:00:30.748,1572924021115,0.185,0.017,15.632,0.664,3.0,-0.015,22.987,-0.001,-0.026,473.728,-0.07,-0.534
00:00:30.749,1572924021116,0.185,0.017,15.632,0.664,3.0,-0.015,22.99,-0.001,-0.026,474.112,-0.069,-0.534
00:00:30.750,1572924021117,0.185,0.016,15.632,0.664,3.0,-0.015,22.993,-0.001,-0.026,474.495,-0.068,-0.534
00:00:30.798,1572924021165,0.185,0.016,15.632,0.664,3.0,-0.014,22.996,-0.001,-0.026,474.878,-0.067,-0.534
00:00:30.799,1572924021166,0.185,0.016,15.632,0.664,3.0,-0.014,22.999,-0.001,-0.026,475.237,-0.066,-0.534
00:00:30.800,1572924021167,0.185,0.015,15.632,0.664,3.0,-0.014,23.002,-0.001,-0.026,475.621,-0.065,-0.534
00:00:30.849,1572924021216,0.185,0.015,15.632,0.664,3.0,-0.013,23.006,-0.001,-0.026,476.028,-0.064,-0.534
00:00:30.850,1572924021217,0.185,0.016,15.632,0.664,3.0,-0.013,23.009,-0.001,-0.026,476.388,-0.063,-0.534
00:00:30.851,1572924021218,0.185,0.016,15.632,0.664,3.0,-0.013,23.012,-0.001,-0.026,476.771,-0.062,-0.534
00:00:30.903,1572924021270,0.185,0.017,15.632,0.664,3.0,-0.013,23.015,-0.001,-0.026,477.179,-0.061,-0.534
00:00:30.904,1572924021271,0.185,0.017,15.632,0.664,3.0,-0.012,23.018,-0.001,-0.026,477.562,-0.06,-0.534
00:00:30.905,1572924021272,0.184,0.018000000000000002,15.632,0.664,3.0,-0.012,23.021,-0.001,-0.026,477.922,-0.059,-0.534
00:00:30.950,1572924021317,0.184,0.018000000000000002,15.632,0.664,3.0,-0.012,23.024,-0.001,-0.026,478.306,-0.058,-0.534
00:00:30.951,1572924021318,0.184,0.019,15.632,0.664,3.0,-0.012,23.027,-0.001,-0.026,478.689,-0.057,-0.534
00:00:30.952,1572924021319,0.184,0.019,15.632,0.664,3.0,-0.011,23.03,-0.001,-0.026,479.097,-0.056,-0.534
00:00:31.009,1572924021376,0.184,0.02,15.632,0.664,3.0,-0.011,23.033,-0.001,-0.026,479.457,-0.055,-0.534
00:00:31.010,1572924021377,0.184,0.02,15.632,0.664,3.0,-0.011,23.036,-0.001,-0.026,479.841,-0.053,-0.534
00:00:31.011,1572924021378,0.184,0.021,15.632,0.664,3.0,-0.011,23.039,-0.001,-0.026,480.225,-0.052000000000000005,-0.534
00:00:31.012,1572924021379,0.184,0.021,15.632,0.664,3.0,-0.011,23.042,-0.001,-0.026,480.609,-0.051,-0.534
00:00:31.059,1572924021426,0.184,0.022,15.632,0.664,3.0,-0.011,23.046,-0.001,-0.026,481.017,-0.05,-0.534
00:00:31.060,1572924021427,0.184,0.022,15.632,0.664,3.0,-0.011,23.048,-0.002,-0.026,481.377,-0.049,-0.534
00:00:31.061,1572924021428,0.184,0.021,15.632,0.664,3.0,-0.01,23.052,-0.002,-0.026,481.785,-0.048,-0.534
00:00:31.109,1572924021476,0.183,0.021,15.632,0.664,3.0,-0.01,23.055,-0.002,-0.026,482.145,-0.047,-0.534
00:00:31.110,1572924021477,0.183,0.021,15.632,0.664,3.0,-0.01,23.058000000000003,-0.002,-0.026,482.53,-0.046,-0.534
00:00:31.111,1572924021478,0.183,0.021,15.632,0.664,3.0,-0.01,23.061,-0.002,-0.026,482.93800000000016,-0.045,-0.534
00:00:31.160,1572924021527,0.183,0.021,15.632,0.664,3.0,-0.01,23.064,-0.002,-0.026,483.322,-0.044,-0.534
00:00:31.161,1572924021528,0.183,0.021,15.632,0.664,3.0,-0.01,23.066,-0.002,-0.026,483.611,-0.043,-0.534
00:00:31.162,1572924021529,0.183,0.021,15.632,0.664,3.0,-0.01,23.06900000000001,-0.002,-0.026,484.019,-0.042,-0.534
00:00:31.214,1572924021581,0.183,0.021,15.632,0.664,3.0,-0.01,23.072,-0.002,-0.026,484.404,-0.04,-0.534
00:00:31.215,1572924021582,0.183,0.022,15.632,0.664,3.0,-0.01,23.075,-0.002,-0.026,484.764,-0.039,-0.534
00:00:31.216,1572924021583,0.183,0.022,15.632,0.664,3.0,-0.01,23.07800000000001,-0.002,-0.026,485.149,-0.038,-0.534
00:00:31.265,1572924021632,0.183,0.021,15.632,0.664,3.0,-0.01,23.081,-0.002,-0.026,485.533,-0.037000000000000005,-0.534
00:00:31.266,1572924021633,0.183,0.021,15.632,0.664,3.0,-0.01,23.084,-0.002,-0.026,485.918,-0.036000000000000004,-0.534
00:00:31.267,1572924021634,0.182,0.021,15.632,0.664,3.0,-0.01,23.088,-0.002,-0.026,486.327,-0.035,-0.534
00:00:31.316,1572924021683,0.182,0.02,15.632,0.664,3.0,-0.009000000000000001,23.091,-0.002,-0.026,486.712,-0.033,-0.534
00:00:31.317,1572924021684,0.182,0.02,15.632,0.664,3.0,-0.009000000000000001,23.094,-0.002,-0.026,487.073,-0.032,-0.534
00:00:31.318,1572924021685,0.182,0.019,15.632,0.664,3.0,-0.009000000000000001,23.097,-0.002,-0.026,487.458,-0.031,-0.534
