rec-time,UTC,Acceleration,Lateral acceleration,Gas pedal position,Brake pedal force,Gear,Steering wheel position,Velocity,Lateral velocity,Vertical velocity,X axis position,Y axis position,Z axis position
00:00:02.736,1572923038081,0.0,0.0,0.983,124.985,3.0,-0.136,0.0,0.0,0.0,0.0,0.0,-0.527
00:00:02.794,1572923038139,0.0,0.0,0.983,124.985,3.0,-0.136,0.0,0.0,0.0,0.0,0.0,-0.527
00:00:02.795,1572923038140,0.0,0.0,0.983,124.985,3.0,-0.13699999999999998,0.0,0.0,0.0,0.0,0.0,-0.527
00:00:02.796,1572923038141,0.0,0.0,0.983,124.985,3.0,-0.13699999999999998,0.0,0.0,0.0,0.0,0.0,-0.527
00:00:02.797,1572923038142,0.0,0.0,0.983,124.985,3.0,-0.138,0.0,0.0,0.0,0.0,0.0,-0.527
00:00:02.845,1572923038190,0.0,0.0,0.983,124.985,3.0,-0.138,0.0,0.0,0.0,0.0,0.0,-0.527
00:00:02.846,1572923038191,0.0,0.0,0.983,125.448,3.0,-0.139,0.0,0.0,0.0,0.0,0.0,-0.527
00:00:02.847,1572923038192,0.0,0.0,0.983,125.448,3.0,-0.139,0.0,0.0,0.0,0.0,0.0,-0.527
00:00:02.895,1572923038240,0.0,0.0,0.983,125.448,3.0,-0.139,0.0,0.0,0.0,0.0,0.0,-0.527
00:00:02.896,1572923038241,0.0,0.0,0.983,125.448,3.0,-0.139,0.0,0.0,0.0,0.0,0.0,-0.527
00:00:02.897,1572923038242,0.0,0.0,0.983,125.448,3.0,-0.14,0.0,0.0,0.0,0.0,0.0,-0.527
00:00:02.947,1572923038292,0.0,0.0,0.983,125.448,3.0,-0.14,0.0,0.0,0.0,0.0,0.0,-0.527
00:00:02.948,1572923038293,0.0,0.0,0.983,125.448,3.0,-0.14,0.0,0.0,0.0,0.0,0.0,-0.527
00:00:02.949,1572923038294,0.0,0.0,0.983,125.448,3.0,-0.14,0.0,0.0,0.0,0.0,0.0,-0.527
00:00:02.998,1572923038343,0.0,0.0,0.983,125.448,3.0,-0.14,0.0,0.0,0.0,0.0,0.0,-0.527
00:00:02.999,1572923038344,0.0,0.0,0.983,125.448,3.0,-0.141,0.0,0.0,0.0,0.0,0.0,-0.527
00:00:03.000,1572923038345,0.0,0.0,0.983,125.448,3.0,-0.141,0.0,0.0,0.0,0.0,0.0,-0.527
00:00:03.049,1572923038394,0.0,0.0,0.983,125.448,3.0,-0.141,0.0,0.0,0.0,0.0,0.0,-0.527
00:00:03.050,1572923038395,0.0,0.0,0.983,122.433,3.0,-0.141,0.0,0.0,0.0,0.0,0.0,-0.527
00:00:03.051,1572923038396,0.0,0.0,0.983,122.433,3.0,-0.142,0.0,0.0,0.0,0.0,0.0,-0.527
00:00:03.100,1572923038445,0.0,0.0,0.983,122.433,3.0,-0.142,0.0,0.0,0.0,0.0,0.0,-0.527
00:00:03.101,1572923038446,0.0,0.0,0.983,122.433,3.0,-0.142,0.0,0.0,0.0,0.0,0.0,-0.527
00:00:03.102,1572923038447,0.0,0.0,0.983,122.433,3.0,-0.14300000000000002,0.0,0.0,0.0,0.0,0.0,-0.527
00:00:03.151,1572923038496,0.0,0.0,0.983,122.433,3.0,-0.14300000000000002,0.0,0.0,0.0,0.0,0.0,-0.527
00:00:03.152,1572923038497,0.0,0.0,0.983,120.346,3.0,-0.14300000000000002,0.0,0.0,0.0,0.0,0.0,-0.527
00:00:03.153,1572923038498,0.0,0.0,0.983,120.346,3.0,-0.14400000000000002,0.0,0.0,0.0,0.0,0.0,-0.527
00:00:03.202,1572923038547,0.0,0.0,0.983,120.346,3.0,-0.14400000000000002,0.0,0.0,0.0,0.0,0.0,-0.527
00:00:03.203,1572923038548,0.0,0.0,0.983,120.346,3.0,-0.14400000000000002,0.0,0.0,0.0,0.0,0.0,-0.527
00:00:03.204,1572923038549,0.0,0.0,0.983,120.346,3.0,-0.14400000000000002,0.0,0.0,0.0,0.0,0.0,-0.527
00:00:03.252,1572923038597,0.0,0.0,0.983,120.346,3.0,-0.145,0.0,0.0,0.0,0.0,0.0,-0.527
00:00:03.253,1572923038598,0.0,0.0,0.983,119.186,3.0,-0.145,0.0,0.0,0.0,0.0,0.0,-0.527
00:00:03.254,1572923038599,0.0,0.0,0.983,119.186,3.0,-0.145,0.0,0.0,0.0,0.0,0.0,-0.527
00:00:03.302,1572923038647,0.0,0.0,0.983,119.186,3.0,-0.145,0.0,0.0,0.0,0.0,0.0,-0.527
00:00:03.303,1572923038648,0.0,0.0,0.983,119.186,3.0,-0.145,0.0,0.0,0.0,0.0,0.0,-0.527
00:00:03.304,1572923038649,0.0,0.0,0.983,119.186,3.0,-0.146,0.0,0.0,0.0,0.0,0.0,-0.527
00:00:03.352,1572923038697,0.0,0.0,0.983,119.186,3.0,-0.146,0.0,0.0,0.0,0.0,0.0,-0.527
00:00:03.353,1572923038698,0.0,0.0,0.983,119.186,2.0,-0.146,0.0,0.0,0.0,0.0,0.0,-0.527
00:00:03.354,1572923038699,0.0,0.0,0.983,119.186,2.0,-0.146,0.0,0.0,0.0,0.0,0.0,-0.527
00:00:03.413,1572923038758,0.0,0.0,0.983,119.186,2.0,-0.146,0.0,0.0,0.0,0.0,0.0,-0.527
00:00:03.414,1572923038759,0.0,0.0,0.983,119.186,2.0,-0.146,0.0,0.0,0.0,0.0,0.0,-0.527
00:00:03.415,1572923038760,0.0,0.0,0.983,119.186,2.0,-0.147,0.0,0.0,0.0,0.0,0.0,-0.527
00:00:03.416,1572923038761,0.0,0.0,0.983,119.186,2.0,-0.147,0.0,0.0,0.0,0.0,0.0,-0.527
00:00:03.458,1572923038803,0.0,0.0,0.983,118.722,2.0,-0.147,0.0,0.0,0.0,0.0,0.0,-0.527
00:00:03.459,1572923038804,0.0,0.0,0.983,118.722,2.0,-0.147,0.0,0.0,0.0,0.0,0.0,-0.527
00:00:03.460,1572923038805,0.0,0.0,0.983,118.722,2.0,-0.147,0.0,0.0,0.0,0.0,0.0,-0.527
00:00:03.509,1572923038854,0.0,0.0,0.983,118.722,2.0,-0.147,0.0,0.0,0.0,0.0,0.0,-0.527
00:00:03.510,1572923038855,0.0,0.0,0.983,118.722,2.0,-0.14800000000000002,0.0,0.0,0.0,0.0,0.0,-0.527
00:00:03.511,1572923038856,0.0,0.0,0.983,118.722,2.0,-0.14800000000000002,0.0,0.0,0.0,0.0,0.0,-0.527
00:00:03.561,1572923038906,0.0,0.0,0.983,118.722,2.0,-0.14800000000000002,0.0,0.0,0.0,0.0,0.0,-0.527
00:00:03.562,1572923038907,0.0,0.0,0.983,118.258,3.0,-0.14800000000000002,0.0,0.0,0.0,0.0,0.0,-0.527
00:00:03.563,1572923038908,0.0,0.0,0.983,118.258,3.0,-0.14800000000000002,0.0,0.0,0.0,0.0,0.0,-0.527
00:00:03.611,1572923038956,0.0,0.0,0.983,118.258,3.0,-0.14800000000000002,0.0,0.0,0.0,0.0,0.0,-0.527
00:00:03.612,1572923038957,0.0,0.0,0.983,118.258,3.0,-0.14800000000000002,0.0,0.0,0.0,0.0,0.0,-0.527
00:00:03.613,1572923038958,0.0,0.0,0.983,118.258,3.0,-0.14800000000000002,0.0,0.0,0.0,0.0,0.0,-0.527
00:00:03.661,1572923039006,0.0,0.0,0.983,118.258,3.0,-0.149,0.0,0.0,0.0,0.0,0.0,-0.527
00:00:03.662,1572923039007,0.0,0.0,0.983,117.562,3.0,-0.149,0.0,0.0,0.0,0.0,0.0,-0.527
00:00:03.663,1572923039008,0.0,0.0,0.983,117.562,3.0,-0.149,0.0,0.0,0.0,0.0,0.0,-0.527
00:00:03.711,1572923039056,0.0,0.0,0.983,117.562,3.0,-0.149,0.0,0.0,0.0,0.0,0.0,-0.527
00:00:03.712,1572923039057,0.0,0.0,0.983,117.562,3.0,-0.149,0.0,0.0,0.0,0.0,0.0,-0.527
00:00:03.713,1572923039058,0.0,0.0,0.983,117.562,3.0,-0.149,0.0,0.0,0.0,0.0,0.0,-0.527
00:00:03.761,1572923039106,0.0,0.0,0.983,117.562,3.0,-0.149,0.0,0.0,0.0,0.0,0.0,-0.527
00:00:03.762,1572923039107,0.0,0.0,0.983,115.475,3.0,-0.149,0.0,0.0,0.0,0.0,0.0,-0.527
00:00:03.763,1572923039108,0.0,0.0,0.983,115.475,3.0,-0.15,0.0,0.0,0.0,0.0,0.0,-0.527
00:00:03.812,1572923039157,0.0,0.0,0.983,115.475,3.0,-0.15,0.0,0.0,0.0,0.0,0.0,-0.527
00:00:03.813,1572923039158,0.0,0.0,0.983,115.475,3.0,-0.15,0.0,0.0,0.0,0.0,0.0,-0.527
00:00:03.814,1572923039159,0.0,0.0,0.983,115.475,3.0,-0.15,0.0,0.0,0.0,0.0,0.0,-0.527
00:00:03.863,1572923039208,0.0,0.0,0.983,115.475,3.0,-0.15,0.0,0.0,0.0,0.0,0.0,-0.527
00:00:03.864,1572923039209,0.0,0.0,0.983,111.3,3.0,-0.15,0.0,0.0,0.0,0.0,0.0,-0.527
00:00:03.865,1572923039210,0.0,0.0,0.983,111.3,3.0,-0.15,0.0,0.0,0.0,0.0,0.0,-0.527
00:00:03.914,1572923039259,0.0,0.0,0.983,111.3,3.0,-0.15,0.0,0.0,0.0,0.0,0.0,-0.527
00:00:03.915,1572923039260,0.0,0.0,0.983,111.3,3.0,-0.15,0.0,0.0,0.0,0.0,0.0,-0.527
00:00:03.916,1572923039261,0.0,0.0,0.983,111.3,3.0,-0.15,0.0,0.0,0.0,0.0,0.0,-0.527
00:00:03.965,1572923039310,0.0,0.0,0.983,111.3,3.0,-0.15,0.0,0.0,0.0,0.0,0.0,-0.527
00:00:03.966,1572923039311,0.0,0.0,0.983,96.688,3.0,-0.151,0.0,0.0,0.0,0.0,0.0,-0.527
00:00:03.967,1572923039312,0.0,0.0,0.983,96.688,3.0,-0.151,0.0,0.0,0.0,0.0,0.0,-0.527
00:00:04.015,1572923039360,0.0,0.0,0.983,96.688,3.0,-0.151,0.0,0.0,0.0,0.0,0.0,-0.527
00:00:04.016,1572923039361,0.0,0.0,0.983,96.688,3.0,-0.151,0.0,0.0,0.0,0.0,0.0,-0.527
00:00:04.017,1572923039362,0.0,0.0,0.983,96.688,3.0,-0.151,0.0,0.0,0.0,0.0,0.0,-0.527
00:00:04.065,1572923039410,0.0,0.0,0.983,96.688,3.0,-0.151,0.0,0.0,0.0,0.0,0.0,-0.527
00:00:04.066,1572923039411,0.0,0.0,0.983,77.669,3.0,-0.151,0.0,0.0,0.0,0.0,0.0,-0.527
00:00:04.067,1572923039412,0.0,0.0,0.983,77.669,3.0,-0.151,0.0,0.0,0.0,0.0,0.0,-0.527
00:00:04.115,1572923039460,0.0,0.0,0.983,77.669,3.0,-0.151,0.0,0.0,0.0,0.0,0.0,-0.527
00:00:04.116,1572923039461,0.0,0.0,0.983,77.669,3.0,-0.151,0.0,0.0,0.0,0.0,0.0,-0.527
00:00:04.117,1572923039462,0.0,0.0,0.983,77.669,3.0,-0.151,0.0,0.0,0.0,0.0,0.0,-0.527
00:00:04.165,1572923039510,0.0,0.0,0.983,77.669,3.0,-0.151,0.0,0.0,0.0,0.0,0.0,-0.527
00:00:04.166,1572923039511,0.0,0.0,0.983,27.56900000000001,3.0,-0.151,0.0,0.0,0.0,0.0,0.0,-0.527
00:00:04.167,1572923039512,0.0,0.0,0.983,27.56900000000001,3.0,-0.152,0.0,0.0,0.0,0.0,0.0,-0.527
00:00:04.216,1572923039561,0.0,0.0,0.983,27.56900000000001,3.0,-0.152,0.0,0.0,0.0,0.0,0.0,-0.527
00:00:04.217,1572923039562,0.0,0.0,0.983,27.56900000000001,3.0,-0.152,0.0,0.0,0.0,0.0,0.0,-0.527
00:00:04.218,1572923039563,0.0,0.0,0.983,27.56900000000001,3.0,-0.152,0.0,0.0,0.0,0.0,0.0,-0.527
00:00:04.267,1572923039612,0.0,0.0,0.983,27.56900000000001,3.0,-0.152,0.0,0.0,0.0,0.0,0.0,-0.527
00:00:04.268,1572923039613,0.12,-0.001,0.983,2.2880000000000003,3.0,-0.152,0.005,0.0,-0.003,0.0,0.0,-0.527
00:00:04.269,1572923039614,0.253,-0.002,0.983,2.2880000000000003,3.0,-0.152,0.009000000000000001,0.0,-0.006,0.0,0.0,-0.527
00:00:04.318,1572923039663,0.2,-0.002,0.983,2.2880000000000003,3.0,-0.153,0.012,0.0,-0.008,0.0,0.0,-0.527
00:00:04.319,1572923039664,0.226,-0.002,0.983,2.2880000000000003,3.0,-0.153,0.017,0.0,-0.011,0.0,0.0,-0.527
00:00:04.320,1572923039665,0.263,-0.002,0.983,2.2880000000000003,3.0,-0.153,0.021,0.0,-0.013,0.001,0.0,-0.527
00:00:04.368,1572923039713,0.287,-0.002,0.983,2.2880000000000003,3.0,-0.153,0.026,0.0,-0.015,0.001,0.0,-0.528
00:00:04.369,1572923039714,0.318,-0.002,0.983,0.664,3.0,-0.153,0.032,0.0,-0.016,0.001,0.0,-0.528
00:00:04.370,1572923039715,0.35100000000000003,-0.002,0.983,0.664,3.0,-0.153,0.039,0.0,-0.017,0.002,0.0,-0.528
00:00:04.418,1572923039763,0.373,-0.002,0.983,0.664,3.0,-0.153,0.045,0.0,-0.017,0.003,0.0,-0.528
00:00:04.419,1572923039764,0.389,-0.002,0.983,0.664,3.0,-0.153,0.052000000000000005,0.0,-0.018000000000000002,0.003,0.0,-0.529
00:00:04.420,1572923039765,0.403,-0.003,0.983,0.664,3.0,-0.153,0.059,0.0,-0.017,0.004,0.0,-0.529
00:00:04.468,1572923039813,0.416,-0.003,0.983,0.664,3.0,-0.153,0.066,0.0,-0.017,0.005,0.0,-0.529
00:00:04.469,1572923039814,0.428,-0.003,0.983,0.664,3.0,-0.153,0.073,-0.001,-0.016,0.006999999999999999,0.0,-0.529
00:00:04.470,1572923039815,0.439,-0.003,0.983,0.664,3.0,-0.153,0.08,-0.001,-0.016,0.008,0.0,-0.53
00:00:04.518,1572923039863,0.45,-0.003,0.983,0.664,3.0,-0.154,0.08800000000000001,-0.001,-0.015,0.009000000000000001,0.0,-0.53
00:00:04.519,1572923039864,0.46,-0.003,0.983,0.664,3.0,-0.154,0.096,-0.001,-0.014,0.011,0.0,-0.53
00:00:04.520,1572923039865,0.469,-0.003,0.983,0.664,3.0,-0.154,0.104,-0.001,-0.012,0.012,0.0,-0.53
00:00:04.568,1572923039913,0.478,-0.003,0.983,0.664,3.0,-0.154,0.112,-0.001,-0.011,0.014,0.0,-0.531
00:00:04.569,1572923039914,0.487,-0.003,0.983,0.664,3.0,-0.154,0.12,-0.001,-0.01,0.016,0.0,-0.531
00:00:04.570,1572923039915,0.494,-0.003,0.983,0.664,3.0,-0.154,0.129,-0.001,-0.009000000000000001,0.018000000000000002,0.0,-0.531
00:00:04.619,1572923039964,0.502,-0.003,0.983,0.664,3.0,-0.154,0.13699999999999998,-0.001,-0.008,0.02,0.0,-0.531
00:00:04.620,1572923039965,0.508,-0.003,0.983,0.664,3.0,-0.153,0.146,-0.001,-0.006999999999999999,0.023,0.0,-0.531
00:00:04.621,1572923039966,0.515,-0.003,0.983,0.664,3.0,-0.153,0.154,-0.001,-0.006,0.025,0.0,-0.531
00:00:04.671,1572923040016,0.52,-0.003,0.983,0.664,3.0,-0.153,0.163,-0.001,-0.005,0.028,0.0,-0.531
00:00:04.672,1572923040017,0.526,-0.003,0.983,0.664,3.0,-0.152,0.172,-0.001,-0.004,0.031,0.0,-0.532
00:00:04.673,1572923040018,0.53,-0.003,0.983,0.664,3.0,-0.152,0.181,-0.001,-0.003,0.034,0.0,-0.532
00:00:04.721,1572923040066,0.535,-0.003,0.983,0.664,3.0,-0.152,0.19,-0.001,-0.003,0.037000000000000005,0.0,-0.532
00:00:04.722,1572923040067,0.539,-0.003,0.983,0.664,3.0,-0.152,0.199,-0.001,-0.002,0.04,0.0,-0.532
00:00:04.723,1572923040068,0.542,-0.003,0.983,0.664,3.0,-0.152,0.208,-0.001,-0.001,0.043,0.0,-0.532
00:00:04.724,1572923040069,0.546,-0.003,0.983,0.664,3.0,-0.151,0.217,-0.001,-0.001,0.047,0.0,-0.532
00:00:04.772,1572923040117,0.55,-0.002,3.108,0.664,3.0,-0.15,0.226,-0.001,0.0,0.051,0.0,-0.532
00:00:04.773,1572923040118,0.565,-0.002,3.108,0.664,3.0,-0.149,0.236,-0.001,0.0,0.054000000000000006,0.0,-0.532
00:00:04.774,1572923040119,0.599,-0.002,3.108,0.664,3.0,-0.14800000000000002,0.246,-0.001,0.001,0.058,0.0,-0.532
00:00:04.822,1572923040167,0.648,-0.002,3.108,0.664,3.0,-0.146,0.258,-0.001,0.001,0.063,0.0,-0.532
00:00:04.823,1572923040168,0.7070000000000001,-0.002,3.108,0.664,3.0,-0.145,0.271,-0.001,0.001,0.067,0.0,-0.532
00:00:04.824,1572923040169,0.767,-0.002,3.108,0.664,3.0,-0.14300000000000002,0.284,-0.002,0.002,0.07200000000000001,0.0,-0.532
00:00:04.872,1572923040217,0.8270000000000001,-0.002,6.6229999999999976,0.664,3.0,-0.141,0.299,-0.002,0.003,0.077,-0.001,-0.532
00:00:04.873,1572923040218,0.906,-0.002,6.6229999999999976,0.664,3.0,-0.139,0.315,-0.002,0.003,0.08199999999999999,-0.001,-0.532
00:00:04.874,1572923040219,1.018,-0.002,6.6229999999999976,0.664,3.0,-0.13699999999999998,0.334,-0.002,0.004,0.087,-0.001,-0.532
00:00:04.922,1572923040267,1.154,-0.003,6.6229999999999976,0.664,3.0,-0.135,0.355,-0.002,0.005,0.093,-0.001,-0.532
00:00:04.923,1572923040268,1.296,-0.003,6.6229999999999976,0.664,3.0,-0.133,0.379,-0.002,0.006,0.099,-0.001,-0.531
00:00:04.924,1572923040269,1.429,-0.004,6.6229999999999976,0.664,3.0,-0.132,0.404,-0.002,0.006999999999999999,0.105,-0.001,-0.531
00:00:04.973,1572923040318,1.5519999999999998,-0.005,15.486,0.664,3.0,-0.13,0.4320000000000001,-0.002,0.008,0.112,-0.001,-0.531
00:00:04.974,1572923040319,1.73,-0.006999999999999999,15.486,0.664,3.0,-0.129,0.465,-0.002,0.009000000000000001,0.12,-0.001,-0.531
00:00:04.975,1572923040320,1.961,-0.008,15.486,0.664,3.0,-0.128,0.5,-0.002,0.011,0.128,-0.001,-0.531
00:00:05.029,1572923040374,2.259,-0.008,15.486,0.664,3.0,-0.127,0.542,-0.002,0.012,0.13699999999999998,-0.001,-0.531
00:00:05.030,1572923040375,2.577,-0.008,15.486,0.664,3.0,-0.125,0.589,-0.002,0.014,0.146,-0.001,-0.531
00:00:05.031,1572923040376,2.874,-0.009000000000000001,15.486,0.664,3.0,-0.123,0.6409999999999999,-0.003,0.017,0.156,-0.001,-0.531
00:00:05.077,1572923040422,3.123,-0.01,15.632,0.664,3.0,-0.122,0.696,-0.003,0.019,0.16699999999999998,-0.001,-0.53
00:00:05.078,1572923040423,3.312,-0.012,15.632,0.664,3.0,-0.12,0.754,-0.003,0.021,0.179,-0.001,-0.53
00:00:05.079,1572923040424,3.444,-0.014,15.632,0.664,3.0,-0.12,0.812,-0.003,0.023,0.193,-0.001,-0.53
00:00:05.127,1572923040472,3.524,-0.016,15.632,0.664,3.0,-0.119,0.872,-0.003,0.025,0.207,-0.001,-0.53
00:00:05.128,1572923040473,3.564,-0.016,15.632,0.664,3.0,-0.119,0.932,-0.004,0.026,0.222,-0.001,-0.529
00:00:05.129,1572923040474,3.576,-0.016,15.632,0.664,3.0,-0.118,0.991,-0.004,0.028,0.238,-0.001,-0.529
00:00:05.177,1572923040522,3.568,-0.015,15.486,0.664,3.0,-0.117,1.051,-0.004,0.029,0.255,-0.001,-0.529
00:00:05.178,1572923040523,3.547,-0.015,15.486,0.664,3.0,-0.116,1.109,-0.004,0.029,0.273,-0.001,-0.529
00:00:05.179,1572923040524,3.519,-0.014,15.486,0.664,3.0,-0.116,1.167,-0.004,0.03,0.292,-0.001,-0.528
00:00:05.236,1572923040581,3.489,-0.014,15.486,0.664,3.0,-0.115,1.225,-0.005,0.03,0.312,-0.002,-0.528
00:00:05.237,1572923040582,3.4610000000000003,-0.014,15.486,0.664,3.0,-0.114,1.2819999999999998,-0.005,0.03,0.332,-0.002,-0.528
00:00:05.238,1572923040583,3.4360000000000004,-0.014,15.486,0.664,3.0,-0.113,1.339,-0.005,0.029,0.354,-0.002,-0.528
00:00:05.286,1572923040631,3.414,-0.014,15.632,0.664,3.0,-0.112,1.396,-0.005,0.029,0.377,-0.002,-0.528
00:00:05.287,1572923040632,3.398,-0.014,15.632,0.664,3.0,-0.111,1.452,-0.005,0.028,0.401,-0.002,-0.528
00:00:05.288,1572923040633,3.386,-0.014,15.632,0.664,3.0,-0.111,1.509,-0.006,0.027000000000000003,0.426,-0.002,-0.528
00:00:05.337,1572923040682,3.375,-0.015,15.632,0.664,3.0,-0.11,1.565,-0.006,0.026,0.451,-0.002,-0.528
00:00:05.338,1572923040683,3.362,-0.014,15.632,0.664,3.0,-0.109,1.621,-0.006,0.025,0.478,-0.002,-0.528
00:00:05.339,1572923040684,3.346,-0.014,15.632,0.664,3.0,-0.108,1.676,-0.006,0.024,0.505,-0.002,-0.528
00:00:05.388,1572923040733,3.33,-0.014,15.632,0.664,3.0,-0.107,1.731,-0.006,0.023,0.534,-0.003,-0.528
00:00:05.389,1572923040734,3.312,-0.013,15.632,0.664,3.0,-0.106,1.786,-0.006,0.023,0.563,-0.003,-0.529
00:00:05.390,1572923040735,3.292,-0.013,15.632,0.664,3.0,-0.105,1.841,-0.006,0.023,0.593,-0.003,-0.529
00:00:05.391,1572923040736,3.2710000000000004,-0.012,15.632,0.664,3.0,-0.104,1.895,-0.006,0.024,0.624,-0.003,-0.529
00:00:05.439,1572923040784,3.25,-0.011,15.632,0.664,3.0,-0.102,1.949,-0.006,0.025,0.6559999999999999,-0.003,-0.529
00:00:05.440,1572923040785,3.228,-0.01,15.632,0.664,3.0,-0.101,2.002,-0.006,0.026,0.6890000000000001,-0.003,-0.53
00:00:05.441,1572923040786,3.2060000000000004,-0.01,15.632,0.664,3.0,-0.1,2.056,-0.006999999999999999,0.028,0.723,-0.004,-0.53
00:00:05.490,1572923040835,3.1830000000000003,-0.009000000000000001,15.632,0.664,3.0,-0.099,2.108,-0.006999999999999999,0.03,0.758,-0.004,-0.53
00:00:05.491,1572923040836,3.16,-0.009000000000000001,15.632,0.664,3.0,-0.098,2.161,-0.006999999999999999,0.032,0.7929999999999999,-0.004,-0.53
00:00:05.492,1572923040837,3.135,-0.009000000000000001,15.632,0.664,3.0,-0.097,2.213,-0.006999999999999999,0.035,0.83,-0.004,-0.53
00:00:05.540,1572923040885,3.108,-0.009000000000000001,15.632,0.664,3.0,-0.096,2.264,-0.006999999999999999,0.037000000000000005,0.867,-0.004,-0.53
00:00:05.541,1572923040886,3.0810000000000004,-0.01,15.632,0.664,3.0,-0.095,2.315,-0.006999999999999999,0.039,0.905,-0.004,-0.53
00:00:05.542,1572923040887,3.054,-0.01,15.779000000000002,0.664,3.0,-0.095,2.366,-0.006999999999999999,0.041,0.944,-0.005,-0.53
00:00:05.590,1572923040935,3.03,-0.011,15.779000000000002,0.664,3.0,-0.094,2.416,-0.006999999999999999,0.043,0.984,-0.005,-0.53
00:00:05.591,1572923040936,3.01,-0.012,15.779000000000002,0.664,3.0,-0.093,2.466,-0.006999999999999999,0.044,1.025,-0.005,-0.53
00:00:05.592,1572923040937,2.9930000000000003,-0.013,15.779000000000002,0.664,3.0,-0.092,2.515,-0.006999999999999999,0.046,1.0659999999999998,-0.005,-0.53
00:00:05.640,1572923040985,2.978,-0.014,15.779000000000002,0.664,3.0,-0.091,2.565,-0.006999999999999999,0.047,1.109,-0.005,-0.53
00:00:05.641,1572923040986,2.962,-0.015,15.779000000000002,0.664,3.0,-0.09,2.614,-0.006999999999999999,0.048,1.152,-0.006,-0.53
00:00:05.642,1572923040987,2.949,-0.016,17.097,0.664,3.0,-0.08900000000000001,2.6630000000000003,-0.006999999999999999,0.049,1.196,-0.006,-0.53
00:00:05.691,1572923041036,2.954,-0.017,17.097,0.664,3.0,-0.08800000000000001,2.712,-0.006999999999999999,0.05,1.241,-0.006,-0.53
00:00:05.692,1572923041037,2.9810000000000003,-0.018000000000000002,17.097,0.664,3.0,-0.08800000000000001,2.763,-0.006999999999999999,0.05,1.286,-0.006,-0.53
00:00:05.693,1572923041038,3.02,-0.019,17.097,0.664,3.0,-0.087,2.814,-0.006999999999999999,0.05,1.3330000000000002,-0.006999999999999999,-0.529
00:00:05.741,1572923041086,3.0580000000000003,-0.02,17.097,0.664,3.0,-0.086,2.865,-0.006999999999999999,0.05,1.38,-0.006999999999999999,-0.529
00:00:05.742,1572923041087,3.087,-0.02,17.097,0.664,3.0,-0.085,2.917,-0.008,0.05,1.4280000000000002,-0.006999999999999999,-0.529
00:00:05.743,1572923041088,3.1060000000000003,-0.021,19.807,0.664,3.0,-0.084,2.969,-0.008,0.05,1.477,-0.006999999999999999,-0.529
00:00:05.791,1572923041136,3.152,-0.022,19.807,0.664,3.0,-0.084,3.022,-0.008,0.05,1.527,-0.008,-0.529
00:00:05.792,1572923041137,3.235,-0.023,19.807,0.664,3.0,-0.083,3.077,-0.008,0.05,1.578,-0.008,-0.529
00:00:05.793,1572923041138,3.33,-0.023,19.807,0.664,3.0,-0.08199999999999999,3.134,-0.008,0.05,1.63,-0.008,-0.529
00:00:05.842,1572923041187,3.4130000000000003,-0.024,19.807,0.664,3.0,-0.081,3.192,-0.008,0.05,1.682,-0.009000000000000001,-0.529
00:00:05.843,1572923041188,3.468,-0.024,19.807,0.664,3.0,-0.08,3.2510000000000003,-0.008,0.05,1.736,-0.009000000000000001,-0.529
00:00:05.844,1572923041189,3.495,-0.024,20.979,0.664,3.0,-0.08,3.309,-0.009000000000000001,0.051,1.791,-0.009000000000000001,-0.529
00:00:05.893,1572923041238,3.503,-0.025,20.979,0.664,3.0,-0.079,3.367,-0.009000000000000001,0.052000000000000005,1.846,-0.01,-0.528
00:00:05.894,1572923041239,3.498,-0.025,20.979,0.664,3.0,-0.078,3.426,-0.009000000000000001,0.053,1.903,-0.01,-0.528
00:00:05.895,1572923041240,3.484,-0.025,20.979,0.664,3.0,-0.077,3.483,-0.009000000000000001,0.055,1.961,-0.01,-0.528
00:00:05.946,1572923041291,3.464,-0.025,20.979,0.664,3.0,-0.077,3.5410000000000004,-0.009000000000000001,0.056,2.019,-0.011,-0.528
00:00:05.947,1572923041292,3.439,-0.025,20.979,0.664,3.0,-0.076,3.5980000000000003,-0.009000000000000001,0.058,2.079,-0.011,-0.528
00:00:05.948,1572923041293,3.412,-0.025,23.616,0.664,3.0,-0.075,3.654,-0.009000000000000001,0.06,2.139,-0.011,-0.528
00:00:05.996,1572923041341,3.394,-0.025,23.616,0.664,3.0,-0.075,3.711,-0.009000000000000001,0.061,2.201,-0.012,-0.528
00:00:05.997,1572923041342,3.387,-0.025,23.616,0.664,3.0,-0.07400000000000001,3.767,-0.009000000000000001,0.063,2.263,-0.012,-0.528
00:00:05.998,1572923041343,3.385,-0.024,23.616,0.664,3.0,-0.073,3.823,-0.009000000000000001,0.065,2.326,-0.013,-0.528
00:00:06.049,1572923041394,3.382,-0.024,23.616,0.664,3.0,-0.07200000000000001,3.88,-0.009000000000000001,0.066,2.39,-0.013,-0.529
00:00:06.050,1572923041395,3.3760000000000003,-0.023,23.616,0.664,3.0,-0.071,3.936,-0.009000000000000001,0.068,2.455,-0.013,-0.529
00:00:06.051,1572923041396,3.364,-0.022,24.495,0.664,3.0,-0.07,3.992,-0.009000000000000001,0.07,2.522,-0.014,-0.529
00:00:06.100,1572923041445,3.35,-0.021,24.495,0.664,3.0,-0.069,4.047,-0.009000000000000001,0.071,2.589,-0.014,-0.529
00:00:06.101,1572923041446,3.337,-0.019,24.495,0.664,3.0,-0.068,4.103,-0.009000000000000001,0.073,2.656,-0.015,-0.529
00:00:06.102,1572923041447,3.322,-0.018000000000000002,24.495,0.664,3.0,-0.067,4.158,-0.009000000000000001,0.07400000000000001,2.725,-0.015,-0.529
00:00:06.151,1572923041496,3.305,-0.016,24.495,0.664,3.0,-0.066,4.216,-0.009000000000000001,0.075,2.799,-0.016,-0.529
00:00:06.152,1572923041497,3.289,-0.014,24.495,0.664,3.0,-0.065,4.267,-0.009000000000000001,0.076,2.866,-0.016,-0.529
00:00:06.153,1572923041498,3.269,-0.013,25.447,0.664,3.0,-0.064,4.325,-0.009000000000000001,0.077,2.942,-0.017,-0.529
00:00:06.203,1572923041548,3.254,-0.012,25.447,0.664,3.0,-0.063,4.376,-0.008,0.078,3.01,-0.017,-0.529
00:00:06.204,1572923041549,3.2430000000000003,-0.011,25.447,0.664,3.0,-0.062,4.4289999999999985,-0.008,0.079,3.083,-0.018000000000000002,-0.529
00:00:06.205,1572923041550,3.232,-0.01,25.447,0.664,3.0,-0.062,4.4830000000000005,-0.008,0.08,3.157,-0.018000000000000002,-0.529
00:00:06.253,1572923041598,3.221,-0.01,25.447,0.664,3.0,-0.061,4.537,-0.008,0.081,3.233,-0.019,-0.529
00:00:06.254,1572923041599,3.209,-0.01,25.447,0.664,3.0,-0.06,4.59,-0.008,0.08199999999999999,3.309,-0.02,-0.529
00:00:06.255,1572923041600,3.194,-0.011,25.667,0.664,3.0,-0.059,4.643,-0.006999999999999999,0.083,3.386,-0.02,-0.53
00:00:06.303,1572923041648,3.178,-0.012,25.667,0.664,3.0,-0.059,4.6960000000000015,-0.006999999999999999,0.084,3.463,-0.021,-0.53
00:00:06.304,1572923041649,3.161,-0.013,25.667,0.664,3.0,-0.058,4.748,-0.006999999999999999,0.085,3.542,-0.021,-0.53
00:00:06.305,1572923041650,3.144,-0.014,25.667,0.664,3.0,-0.057,4.8,-0.006999999999999999,0.086,3.622,-0.022,-0.53
00:00:06.353,1572923041698,3.1260000000000003,-0.016,25.667,0.664,3.0,-0.057,4.852,-0.006999999999999999,0.087,3.702,-0.022,-0.53
00:00:06.354,1572923041699,3.107,-0.017,25.667,0.664,3.0,-0.056,4.907,-0.006999999999999999,0.08800000000000001,3.789,-0.023,-0.53
00:00:06.355,1572923041700,3.092,-0.017,26.765,0.664,3.0,-0.055,4.949,-0.006999999999999999,0.08900000000000001,3.855,-0.024,-0.53
00:00:06.411,1572923041756,3.076,-0.018000000000000002,26.765,0.664,3.0,-0.054000000000000006,5.0,-0.006999999999999999,0.09,3.938,-0.024,-0.53
00:00:06.412,1572923041757,3.065,-0.018000000000000002,26.765,0.664,3.0,-0.053,5.051,-0.006999999999999999,0.09,4.022,-0.025,-0.53
00:00:06.413,1572923041758,3.056,-0.018000000000000002,26.765,0.664,3.0,-0.051,5.105,-0.006999999999999999,0.091,4.112,-0.025,-0.53
00:00:06.414,1572923041759,3.048,-0.018000000000000002,26.765,0.664,3.0,-0.05,5.155,-0.006999999999999999,0.092,4.198,-0.026,-0.53
00:00:06.459,1572923041804,3.039,-0.018000000000000002,26.765,0.664,3.0,-0.049,5.2029999999999985,-0.006999999999999999,0.092,4.2780000000000005,-0.027000000000000003,-0.53
00:00:06.460,1572923041805,3.028,-0.018000000000000002,29.768,0.664,3.0,-0.049,5.252999999999999,-0.006,0.092,4.3660000000000005,-0.027000000000000003,-0.53
00:00:06.461,1572923041806,3.033,-0.017,29.768,0.664,3.0,-0.048,5.307,-0.006,0.093,4.459,-0.028,-0.53
00:00:06.510,1572923041855,3.057,-0.017,29.768,0.664,3.0,-0.047,5.358,-0.006,0.093,4.548,-0.029,-0.529
00:00:06.511,1572923041856,3.089,-0.017,29.768,0.664,3.0,-0.046,5.41,-0.006,0.093,4.638,-0.03,-0.529
00:00:06.512,1572923041857,3.117,-0.017,29.768,0.664,3.0,-0.045,5.459,-0.006,0.093,4.723,-0.03,-0.529
00:00:06.562,1572923041907,3.136,-0.018000000000000002,29.768,0.664,3.0,-0.044,5.5120000000000005,-0.006,0.093,4.814,-0.031,-0.529
00:00:06.563,1572923041908,3.144,-0.017,32.625,0.664,3.0,-0.043,5.568,-0.006,0.093,4.912,-0.032,-0.529
00:00:06.564,1572923041909,3.1460000000000004,-0.017,32.625,0.664,3.0,-0.042,5.62,-0.006,0.093,5.005,-0.032,-0.529
00:00:06.612,1572923041957,3.147,-0.017,32.625,0.664,3.0,-0.041,5.669,-0.006,0.093,5.0939999999999985,-0.033,-0.529
00:00:06.613,1572923041958,3.1460000000000004,-0.016,32.625,0.664,3.0,-0.04,5.725,-0.006,0.093,5.195,-0.034,-0.529
00:00:06.614,1572923041959,3.142,-0.014,32.625,0.664,3.0,-0.039,5.777,-0.006,0.093,5.29,-0.035,-0.529
00:00:06.662,1572923042007,3.134,-0.012,32.625,0.664,3.0,-0.037000000000000005,5.8260000000000005,-0.005,0.093,5.381,-0.036000000000000004,-0.529
00:00:06.663,1572923042008,3.123,-0.01,33.797,0.664,3.0,-0.036000000000000004,5.877999999999999,-0.005,0.093,5.479,-0.036000000000000004,-0.529
00:00:06.664,1572923042009,3.111,-0.006,33.797,0.664,3.0,-0.034,5.933,-0.005,0.093,5.5829999999999975,-0.037000000000000005,-0.529
00:00:06.712,1572923042057,3.1,-0.001,33.797,0.664,3.0,-0.032,5.981,-0.004,0.093,5.676,-0.038,-0.529
00:00:06.713,1572923042058,3.089,0.004,33.797,0.664,3.0,-0.03,6.0360000000000005,-0.004,0.093,5.783,-0.039,-0.529
00:00:06.714,1572923042059,3.079,0.01,33.797,0.664,3.0,-0.029,6.084,-0.004,0.094,5.877000000000002,-0.04,-0.529
00:00:06.767,1572923042112,3.067,0.017,33.797,0.664,3.0,-0.027000000000000003,6.135,-0.003,0.094,5.979,-0.04,-0.529
00:00:06.768,1572923042113,3.052,0.024,33.943000000000005,0.664,3.0,-0.025,6.189,-0.002,0.095,6.087999999999999,-0.041,-0.529
00:00:06.769,1572923042114,3.0380000000000003,0.031,33.943000000000005,0.664,3.0,-0.024,6.239,-0.001,0.095,6.192,-0.042,-0.529
00:00:06.818,1572923042163,3.024,0.037000000000000005,33.943000000000005,0.664,3.0,-0.022,6.2860000000000005,-0.001,0.096,6.29,-0.043,-0.529
00:00:06.819,1572923042164,3.009,0.044,33.943000000000005,0.664,3.0,-0.021,6.339,0.0,0.097,6.402,-0.044,-0.529
00:00:06.820,1572923042165,2.994,0.049,33.943000000000005,0.664,3.0,-0.02,6.3889999999999985,0.001,0.097,6.507999999999999,-0.044,-0.529
00:00:06.869,1572923042214,2.979,0.054000000000000006,33.943000000000005,0.664,3.0,-0.019,6.438,0.002,0.098,6.615,-0.045,-0.529
00:00:06.870,1572923042215,2.964,0.057,34.456,0.664,3.0,-0.019,6.487,0.003,0.099,6.722,-0.046,-0.53
00:00:06.871,1572923042216,2.95,0.059,34.456,0.664,3.0,-0.018000000000000002,6.5360000000000005,0.004,0.1,6.831,-0.047,-0.53
00:00:06.921,1572923042266,2.937,0.06,34.456,0.664,3.0,-0.018000000000000002,6.5820000000000025,0.004,0.101,6.933,-0.048,-0.53
00:00:06.922,1572923042267,2.924,0.061,34.456,0.664,3.0,-0.017,6.634,0.005,0.102,7.05,-0.048,-0.53
00:00:06.923,1572923042268,2.9130000000000003,0.061,34.456,0.664,3.0,-0.017,6.682,0.005,0.102,7.1610000000000005,-0.049,-0.53
00:00:06.971,1572923042316,2.902,0.06,34.456,0.664,3.0,-0.016,6.727,0.006,0.103,7.266,-0.05,-0.53
00:00:06.972,1572923042317,2.891,0.06,35.115,0.664,3.0,-0.015,6.778,0.006,0.104,7.386,-0.051,-0.53
00:00:06.973,1572923042318,2.881,0.06,35.115,0.664,3.0,-0.014,6.8260000000000005,0.006999999999999999,0.105,7.499,-0.051,-0.53
00:00:07.021,1572923042366,2.873,0.06,35.115,0.664,3.0,-0.013,6.871,0.006999999999999999,0.105,7.606,-0.052000000000000005,-0.53
00:00:07.022,1572923042367,2.865,0.06,35.115,0.664,3.0,-0.012,6.9220000000000015,0.006999999999999999,0.106,7.728,-0.053,-0.53
00:00:07.023,1572923042368,2.8560000000000003,0.061,35.115,0.664,3.0,-0.011,6.9689999999999985,0.008,0.107,7.8439999999999985,-0.053,-0.53
00:00:07.071,1572923042416,2.8480000000000003,0.062,35.115,0.664,3.0,-0.01,7.0139999999999985,0.008,0.108,7.9529999999999985,-0.054000000000000006,-0.53
00:00:07.072,1572923042417,2.838,0.063,35.628,0.664,3.0,-0.008,7.064,0.008,0.108,8.078,-0.055,-0.53
00:00:07.073,1572923042418,2.829,0.065,35.628,0.664,3.0,-0.006999999999999999,7.1110000000000015,0.009000000000000001,0.109,8.196,-0.055,-0.53
00:00:07.121,1572923042466,2.82,0.067,35.628,0.664,3.0,-0.006,7.158,0.009000000000000001,0.109,8.315,-0.056,-0.53
00:00:07.122,1572923042467,2.8110000000000004,0.07,35.628,0.664,3.0,-0.004,7.204,0.009000000000000001,0.11,8.435,-0.056,-0.53
00:00:07.123,1572923042468,2.802,0.073,35.628,0.664,3.0,-0.002,7.251,0.01,0.11,8.555,-0.057,-0.53
00:00:07.124,1572923042469,2.79,0.077,35.628,0.664,3.0,-0.001,7.2970000000000015,0.01,0.111,8.676,-0.058,-0.53
00:00:07.171,1572923042516,2.773,0.081,35.994,0.664,3.0,0.001,7.343,0.011,0.111,8.798,-0.058,-0.53
00:00:07.172,1572923042517,2.756,0.085,35.994,0.664,3.0,0.002,7.3889999999999985,0.011,0.111,8.921,-0.059,-0.53
00:00:07.173,1572923042518,2.7430000000000003,0.08900000000000001,35.994,0.664,3.0,0.004,7.432,0.012,0.112,9.037,-0.059,-0.53
00:00:07.222,1572923042567,2.735,0.094,35.994,0.664,3.0,0.005,7.48,0.012,0.112,9.169,-0.06,-0.53
00:00:07.223,1572923042568,2.732,0.099,35.994,0.664,3.0,0.006,7.525,0.013,0.112,9.294,-0.06,-0.53
00:00:07.224,1572923042569,2.7310000000000003,0.103,35.994,0.664,3.0,0.006999999999999999,7.568,0.013,0.112,9.412,-0.061,-0.53
00:00:07.274,1572923042619,2.73,0.107,36.141,0.664,3.0,0.008,7.617000000000001,0.014,0.112,9.546,-0.061,-0.53
00:00:07.275,1572923042620,2.729,0.111,36.141,0.664,3.0,0.009000000000000001,7.662000000000001,0.015,0.112,9.674,-0.061,-0.53
00:00:07.276,1572923042621,2.728,0.115,36.141,0.664,3.0,0.01,7.707000000000002,0.015,0.112,9.802,-0.062,-0.53
00:00:07.323,1572923042668,2.727,0.119,36.141,0.664,3.0,0.011,7.752999999999999,0.016,0.112,9.931,-0.062,-0.53
00:00:07.324,1572923042669,2.725,0.122,36.141,0.664,3.0,0.011,7.797999999999999,0.016,0.112,10.06,-0.062,-0.53
00:00:07.325,1572923042670,2.722,0.125,36.141,0.664,3.0,0.012,7.8439999999999985,0.017,0.112,10.191,-0.063,-0.53
00:00:07.377,1572923042722,2.72,0.127,36.287,0.664,3.0,0.012,7.8889999999999985,0.017,0.112,10.322,-0.063,-0.53
00:00:07.378,1572923042723,2.718,0.129,36.287,0.664,3.0,0.013,7.934,0.017,0.112,10.454,-0.063,-0.53
00:00:07.379,1572923042724,2.716,0.131,36.287,0.664,3.0,0.013,7.979,0.018000000000000002,0.112,10.586,-0.063,-0.53
00:00:07.432,1572923042777,2.714,0.132,36.287,0.664,3.0,0.013,8.025,0.018000000000000002,0.112,10.72,-0.063,-0.53
00:00:07.433,1572923042778,2.713,0.133,36.287,0.664,3.0,0.013,8.07,0.018000000000000002,0.112,10.854,-0.063,-0.53
00:00:07.434,1572923042779,2.7110000000000003,0.133,36.287,0.664,3.0,0.014,8.115,0.019,0.112,10.989,-0.063,-0.53
00:00:07.480,1572923042825,2.709,0.134,36.653,0.664,3.0,0.014,8.16,0.019,0.112,11.124,-0.063,-0.53
00:00:07.481,1572923042826,2.707,0.135,36.653,0.664,3.0,0.015,8.205,0.019,0.112,11.261,-0.063,-0.53
00:00:07.482,1572923042827,2.7060000000000004,0.136,36.653,0.664,3.0,0.015,8.25,0.019,0.112,11.398,-0.063,-0.53
00:00:07.527,1572923042872,2.705,0.13699999999999998,36.653,0.664,3.0,0.016,8.295,0.019,0.112,11.536,-0.063,-0.53
00:00:07.528,1572923042873,2.704,0.13699999999999998,36.653,0.664,3.0,0.016,8.341000000000001,0.019,0.113,11.674,-0.063,-0.53
00:00:07.529,1572923042874,2.7030000000000003,0.138,36.653,0.664,3.0,0.017,8.386000000000001,0.019,0.113,11.814,-0.063,-0.53
00:00:07.578,1572923042923,2.701,0.139,36.946,0.664,3.0,0.017,8.431000000000001,0.02,0.114,11.954,-0.063,-0.53
00:00:07.579,1572923042924,2.7,0.14,36.946,0.664,3.0,0.018000000000000002,8.476,0.02,0.114,12.095,-0.063,-0.53
00:00:07.580,1572923042925,2.699,0.14,36.946,0.664,3.0,0.018000000000000002,8.521,0.02,0.115,12.236,-0.062,-0.53
00:00:07.628,1572923042973,2.699,0.141,36.946,0.664,3.0,0.019,8.565,0.02,0.115,12.379,-0.062,-0.53
00:00:07.629,1572923042974,2.699,0.142,36.946,0.664,3.0,0.019,8.61,0.02,0.116,12.522,-0.062,-0.53
00:00:07.630,1572923042975,2.699,0.142,36.946,0.664,3.0,0.019,8.655,0.02,0.117,12.666,-0.061,-0.53
00:00:07.679,1572923043024,2.698,0.142,36.946,0.664,3.0,0.02,8.7,0.02,0.117,12.811,-0.061,-0.53
00:00:07.680,1572923043025,2.697,0.14300000000000002,36.946,0.664,3.0,0.02,8.745,0.02,0.118,12.956,-0.06,-0.53
00:00:07.681,1572923043026,2.694,0.14300000000000002,36.946,0.664,3.0,0.02,8.79,0.02,0.119,13.102,-0.06,-0.53
00:00:07.737,1572923043082,2.685,0.14300000000000002,36.946,0.664,3.0,0.02,8.835,0.02,0.12,13.249,-0.059,-0.53
00:00:07.738,1572923043083,2.675,0.14400000000000002,36.946,0.664,3.0,0.02,8.879,0.02,0.12,13.397,-0.059,-0.53
00:00:07.739,1572923043084,2.669,0.14400000000000002,36.946,0.664,3.0,0.02,8.924,0.02,0.121,13.545,-0.058,-0.53
00:00:07.787,1572923043132,2.6660000000000004,0.14400000000000002,36.946,0.664,3.0,0.02,8.968,0.02,0.122,13.694,-0.057,-0.53
00:00:07.788,1572923043133,2.667,0.145,36.946,0.664,3.0,0.02,9.013,0.02,0.123,13.844,-0.057,-0.53
00:00:07.789,1572923043134,2.667,0.145,36.946,0.664,3.0,0.02,9.057,0.02,0.124,13.995,-0.056,-0.53
00:00:07.837,1572923043182,2.6660000000000004,0.146,36.946,0.664,3.0,0.02,9.101,0.02,0.124,14.146,-0.055,-0.53
00:00:07.838,1572923043183,2.6630000000000003,0.146,36.946,0.664,3.0,0.02,9.146,0.02,0.125,14.298,-0.054000000000000006,-0.53
00:00:07.839,1572923043184,2.661,0.146,36.946,0.664,3.0,0.02,9.19,0.019,0.126,14.451,-0.053,-0.53
00:00:07.887,1572923043232,2.658,0.145,36.946,0.664,3.0,0.02,9.234,0.019,0.126,14.604,-0.052000000000000005,-0.53
00:00:07.888,1572923043233,2.655,0.14400000000000002,36.946,0.664,3.0,0.019,9.279,0.019,0.127,14.759,-0.051,-0.53
00:00:07.889,1572923043234,2.653,0.14300000000000002,36.946,0.664,3.0,0.019,9.323,0.019,0.128,14.914,-0.05,-0.53
00:00:07.938,1572923043283,2.65,0.142,36.946,0.664,3.0,0.019,9.367,0.019,0.128,15.069,-0.049,-0.53
00:00:07.939,1572923043284,2.648,0.14,36.946,0.664,3.0,0.018000000000000002,9.411,0.018000000000000002,0.129,15.226,-0.048,-0.53
00:00:07.940,1572923043285,2.645,0.138,36.946,0.664,3.0,0.018000000000000002,9.455,0.018000000000000002,0.129,15.383,-0.047,-0.53
00:00:07.941,1572923043286,2.643,0.136,36.946,0.664,3.0,0.018000000000000002,9.499,0.018000000000000002,0.13,15.541,-0.046,-0.53
00:00:07.989,1572923043334,2.64,0.134,36.946,0.664,3.0,0.017,9.543,0.018000000000000002,0.131,15.7,-0.045,-0.53
00:00:07.990,1572923043335,2.638,0.131,36.946,0.664,3.0,0.017,9.587,0.017,0.131,15.859000000000002,-0.043,-0.53
00:00:07.991,1572923043336,2.635,0.128,36.946,0.664,3.0,0.016,9.631,0.017,0.132,16.019000000000002,-0.042,-0.53
00:00:08.040,1572923043385,2.633,0.125,36.946,0.664,3.0,0.016,9.675,0.016,0.132,16.18,-0.041,-0.53
00:00:08.041,1572923043386,2.63,0.12,36.946,0.664,3.0,0.015,9.719,0.016,0.133,16.342,-0.039,-0.53
00:00:08.042,1572923043387,2.628,0.115,36.946,0.664,3.0,0.014,9.762,0.015,0.133,16.504,-0.038,-0.53
00:00:08.096,1572923043441,2.6260000000000003,0.108,36.946,0.664,3.0,0.013,9.806,0.015,0.133,16.667,-0.036000000000000004,-0.53
00:00:08.097,1572923043442,2.623,0.101,36.946,0.664,3.0,0.012,9.85,0.014,0.134,16.831,-0.035,-0.53
00:00:08.098,1572923043443,2.6210000000000004,0.093,36.946,0.664,3.0,0.011,9.893,0.013,0.134,16.996,-0.033,-0.53
00:00:08.150,1572923043495,2.6180000000000003,0.084,36.946,0.664,3.0,0.011,9.937,0.013,0.135,17.160999999999998,-0.032,-0.53
00:00:08.151,1572923043496,2.613,0.069,36.946,0.664,3.0,0.01,10.024,0.011,0.135,17.494,-0.029,-0.53
00:00:08.203,1572923043548,2.611,0.062,36.946,0.664,3.0,0.01,10.068,0.01,0.136,17.660999999999994,-0.027000000000000003,-0.53
00:00:08.204,1572923043549,2.608,0.057,36.946,0.664,3.0,0.01,10.111,0.009000000000000001,0.136,17.829,-0.025,-0.53
00:00:08.205,1572923043550,2.6060000000000003,0.052000000000000005,36.946,0.664,3.0,0.01,10.154,0.009000000000000001,0.136,17.998,-0.024,-0.53
00:00:08.246,1572923043591,2.604,0.048,36.946,0.664,3.0,0.01,10.198,0.008,0.13699999999999998,18.168,-0.022,-0.53
00:00:08.247,1572923043592,2.6010000000000004,0.045,36.946,0.664,3.0,0.01,10.241,0.006999999999999999,0.13699999999999998,18.338,-0.02,-0.53
00:00:08.248,1572923043593,2.599,0.043,36.946,0.664,3.0,0.011,10.284,0.006999999999999999,0.13699999999999998,18.509,-0.018000000000000002,-0.53
00:00:08.296,1572923043641,2.596,0.042,36.946,0.664,3.0,0.011,10.328,0.006,0.138,18.681,-0.017,-0.53
00:00:08.297,1572923043642,2.594,0.04,36.946,0.664,3.0,0.011,10.371,0.006,0.138,18.853,-0.015,-0.53
00:00:08.298,1572923043643,2.592,0.038,36.946,0.664,3.0,0.011,10.414,0.006,0.138,19.027,-0.013,-0.53
00:00:08.347,1572923043692,2.589,0.036000000000000004,36.946,0.664,3.0,0.011,10.457,0.005,0.139,19.2,-0.011,-0.53
00:00:08.348,1572923043693,2.587,0.034,36.946,0.664,3.0,0.01,10.5,0.005,0.139,19.375,-0.009000000000000001,-0.53
00:00:08.349,1572923043694,2.584,0.031,36.946,0.664,3.0,0.01,10.543,0.005,0.139,19.55,-0.008,-0.53
00:00:08.398,1572923043743,2.582,0.027000000000000003,36.946,0.664,3.0,0.01,10.586,0.004,0.139,19.727,-0.006,-0.53
00:00:08.399,1572923043744,2.579,0.023,36.946,0.664,3.0,0.009000000000000001,10.629,0.004,0.14,19.903,-0.004,-0.53
00:00:08.400,1572923043745,2.577,0.019,36.946,0.664,3.0,0.009000000000000001,10.672,0.003,0.14,20.081,-0.002,-0.53
00:00:08.450,1572923043795,2.574,0.014,36.946,0.664,3.0,0.008,10.715,0.003,0.14,20.259,0.0,-0.53
00:00:08.451,1572923043796,2.572,0.009000000000000001,36.946,0.664,3.0,0.008,10.758,0.003,0.141,20.438,0.002,-0.53
00:00:08.452,1572923043797,2.5810000000000004,0.004,36.946,0.664,3.0,0.006999999999999999,10.800999999999998,0.002,0.141,20.618,0.004,-0.53
00:00:08.500,1572923043845,2.702,-0.002,36.946,0.664,3.0,0.006,10.849,0.002,0.142,20.798,0.006,-0.53
00:00:08.501,1572923043846,2.91,-0.008,36.946,0.664,3.0,0.006,10.9,0.001,0.14400000000000002,20.979,0.008,-0.53
00:00:08.502,1572923043847,3.048,-0.015,36.946,0.664,3.0,0.005,10.952,0.0,0.146,21.161,0.01,-0.53
00:00:08.550,1572923043895,3.0410000000000004,-0.021,36.946,0.664,3.0,0.004,11.002,0.0,0.14800000000000002,21.344,0.012,-0.53
00:00:08.551,1572923043896,2.932,-0.028,36.946,0.664,3.0,0.004,11.049,-0.001,0.151,21.528,0.013,-0.53
00:00:08.552,1572923043897,2.799,-0.035,37.166,0.664,3.0,0.004,11.094,-0.002,0.153,21.713,0.015,-0.53
00:00:08.600,1572923043945,2.681,-0.041,37.166,0.664,3.0,0.003,11.137,-0.002,0.155,21.898000000000003,0.017,-0.53
00:00:08.601,1572923043946,2.58,-0.047,37.166,0.664,3.0,0.003,11.178,-0.003,0.156,22.084,0.019,-0.53
00:00:08.602,1572923043947,2.494,-0.053,37.166,0.664,3.0,0.003,11.219,-0.003,0.157,22.271,0.021,-0.53
00:00:08.650,1572923043995,2.422,-0.057,37.166,0.664,3.0,0.004,11.258,-0.004,0.158,22.458,0.023,-0.53
00:00:08.651,1572923043996,2.361,-0.06,37.166,0.664,3.0,0.004,11.297,-0.004,0.157,22.646,0.025,-0.53
00:00:08.652,1572923043997,2.307,-0.062,37.166,0.664,3.0,0.005,11.335,-0.005,0.157,22.834,0.027000000000000003,-0.53
00:00:08.700,1572923044045,2.257,-0.063,37.166,0.664,3.0,0.005,11.372,-0.005,0.156,23.024,0.029,-0.53
00:00:08.701,1572923044046,2.21,-0.064,37.166,0.664,3.0,0.006,11.408,-0.005,0.155,23.214,0.03,-0.53
00:00:08.702,1572923044047,2.164,-0.063,37.166,0.664,3.0,0.006,11.443,-0.005,0.154,23.404,0.032,-0.53
00:00:08.751,1572923044096,2.12,-0.063,37.166,0.664,3.0,0.006999999999999999,11.478,-0.005,0.153,23.595,0.034,-0.53
00:00:08.752,1572923044097,2.079,-0.062,37.166,0.664,3.0,0.006999999999999999,11.512,-0.005,0.151,23.787,0.036000000000000004,-0.53
00:00:08.753,1572923044098,2.04,-0.061,37.166,0.664,3.0,0.008,11.546,-0.005,0.149,23.979,0.038,-0.53
00:00:08.802,1572923044147,2.005,-0.061,37.166,0.664,3.0,0.008,11.579,-0.005,0.147,24.171,0.04,-0.53
00:00:08.803,1572923044148,1.972,-0.061,37.166,0.664,3.0,0.008,11.611,-0.004,0.145,24.365,0.041,-0.53
00:00:08.804,1572923044149,1.944,-0.061,37.166,0.664,3.0,0.008,11.643,-0.004,0.14300000000000002,24.559,0.043,-0.53
00:00:08.853,1572923044198,1.918,-0.061,37.166,0.664,3.0,0.008,11.675,-0.004,0.141,24.753,0.045,-0.53
00:00:08.854,1572923044199,1.894,-0.062,37.166,0.664,3.0,0.008,11.706,-0.004,0.138,24.948,0.047,-0.53
00:00:08.855,1572923044200,1.871,-0.063,37.313,0.664,3.0,0.008,11.737,-0.004,0.135,25.143,0.048,-0.53
00:00:08.907,1572923044252,1.849,-0.063,37.313,0.664,3.0,0.008,11.768,-0.004,0.132,25.339,0.05,-0.53
00:00:08.908,1572923044253,1.827,-0.064,37.313,0.664,3.0,0.008,11.798,-0.004,0.129,25.535,0.052000000000000005,-0.53
00:00:08.909,1572923044254,1.808,-0.064,37.313,0.664,3.0,0.008,11.824000000000002,-0.004,0.127,25.708,0.053,-0.53
00:00:08.957,1572923044302,1.788,-0.065,37.313,0.664,3.0,0.008,11.854,-0.004,0.123,25.905,0.055,-0.53
00:00:08.958,1572923044303,1.77,-0.065,37.313,0.664,3.0,0.008,11.883,-0.004,0.12,26.103,0.057,-0.53
00:00:08.959,1572923044304,1.755,-0.065,37.166,0.664,3.0,0.008,11.912,-0.004,0.117,26.301,0.058,-0.53
00:00:09.004,1572923044349,1.742,-0.064,37.166,0.664,3.0,0.008,11.941,-0.004,0.114,26.5,0.06,-0.53
00:00:09.005,1572923044350,1.731,-0.064,37.166,0.664,3.0,0.008,11.97,-0.004,0.11,26.699,0.062,-0.53
00:00:09.006,1572923044351,1.72,-0.063,37.166,0.664,3.0,0.008,11.998,-0.004,0.107,26.899,0.063,-0.529
00:00:09.054,1572923044399,1.71,-0.062,37.166,0.664,3.0,0.008,12.026,-0.004,0.104,27.099,0.065,-0.529
00:00:09.055,1572923044400,1.699,-0.061,37.166,0.664,3.0,0.008,12.058,-0.004,0.101,27.325,0.067,-0.529
00:00:09.056,1572923044401,1.6909999999999998,-0.059,37.313,0.664,3.0,0.008,12.083,-0.004,0.098,27.501,0.068,-0.529
00:00:09.057,1572923044402,1.683,-0.057,37.313,0.664,3.0,0.008,12.111,-0.004,0.095,27.702,0.07,-0.529
00:00:09.105,1572923044450,1.675,-0.055,37.313,0.664,3.0,0.009000000000000001,12.139,-0.004,0.093,27.904,0.071,-0.529
00:00:09.106,1572923044451,1.6669999999999998,-0.052000000000000005,37.313,0.664,3.0,0.009000000000000001,12.166,-0.003,0.09,28.107,0.073,-0.529
00:00:09.107,1572923044452,1.66,-0.05,37.313,0.664,3.0,0.009000000000000001,12.194,-0.003,0.08800000000000001,28.31,0.07400000000000001,-0.529
00:00:09.157,1572923044502,1.652,-0.047,37.313,0.664,3.0,0.009000000000000001,12.220999999999998,-0.003,0.086,28.513,0.076,-0.529
00:00:09.158,1572923044503,1.645,-0.045,37.313,0.664,3.0,0.009000000000000001,12.249,-0.003,0.084,28.717,0.077,-0.529
00:00:09.159,1572923044504,1.639,-0.044,37.313,0.664,3.0,0.009000000000000001,12.276,-0.003,0.08199999999999999,28.922,0.079,-0.529
00:00:09.208,1572923044553,1.632,-0.043,37.313,0.664,3.0,0.009000000000000001,12.303,-0.002,0.081,29.127,0.08,-0.53
00:00:09.209,1572923044554,1.626,-0.043,37.313,0.664,3.0,0.008,12.33,-0.002,0.08,29.332,0.08199999999999999,-0.53
00:00:09.210,1572923044555,1.619,-0.043,37.313,0.664,3.0,0.008,12.357,-0.002,0.079,29.538,0.083,-0.53
00:00:09.258,1572923044603,1.614,-0.043,37.313,0.664,3.0,0.008,12.384,-0.002,0.079,29.744,0.085,-0.53
00:00:09.259,1572923044604,1.608,-0.044,37.313,0.664,3.0,0.008,12.41,-0.002,0.079,29.95,0.086,-0.53
00:00:09.260,1572923044605,1.6030000000000002,-0.045,37.313,0.664,3.0,0.008,12.437,-0.002,0.079,30.157,0.08800000000000001,-0.53
00:00:09.308,1572923044653,1.598,-0.045,37.313,0.664,3.0,0.008,12.464,-0.002,0.079,30.365,0.08900000000000001,-0.53
00:00:09.309,1572923044654,1.594,-0.046,37.313,0.664,3.0,0.006999999999999999,12.49,-0.002,0.079,30.573,0.09,-0.53
00:00:09.310,1572923044655,1.589,-0.046,37.313,0.664,3.0,0.006999999999999999,12.517,-0.002,0.08,30.781,0.092,-0.53
00:00:09.359,1572923044704,1.585,-0.047,37.313,0.664,3.0,0.006999999999999999,12.543,-0.002,0.081,30.99,0.093,-0.531
00:00:09.360,1572923044705,1.58,-0.047,37.313,0.664,3.0,0.006999999999999999,12.569,-0.002,0.081,31.199,0.095,-0.531
00:00:09.361,1572923044706,1.5759999999999998,-0.046,37.313,0.664,3.0,0.006999999999999999,12.595,-0.002,0.08199999999999999,31.409,0.096,-0.531
00:00:09.409,1572923044754,1.5730000000000002,-0.046,37.313,0.664,3.0,0.006999999999999999,12.622,-0.002,0.083,31.619,0.097,-0.531
00:00:09.410,1572923044755,1.569,-0.046,37.313,0.664,3.0,0.006999999999999999,12.648,-0.002,0.084,31.83,0.099,-0.531
00:00:09.411,1572923044756,1.565,-0.046,37.313,0.664,3.0,0.006999999999999999,12.674,-0.002,0.085,32.041,0.1,-0.531
00:00:09.459,1572923044804,1.5619999999999998,-0.045,37.313,0.664,3.0,0.006999999999999999,12.7,-0.002,0.086,32.251999999999995,0.102,-0.531
00:00:09.460,1572923044805,1.558,-0.045,37.313,0.664,3.0,0.006999999999999999,12.726,-0.002,0.086,32.464,0.103,-0.531
00:00:09.461,1572923044806,1.555,-0.045,37.313,0.664,3.0,0.006999999999999999,12.751,-0.002,0.087,32.676,0.104,-0.531
00:00:09.512,1572923044857,1.551,-0.045,37.313,0.664,3.0,0.006999999999999999,12.777,-0.002,0.08800000000000001,32.889,0.106,-0.531
00:00:09.513,1572923044858,1.548,-0.045,37.313,0.664,3.0,0.006999999999999999,12.803,-0.002,0.08900000000000001,33.102,0.107,-0.532
00:00:09.514,1572923044859,1.545,-0.045,37.313,0.664,3.0,0.006999999999999999,12.829,-0.002,0.08900000000000001,33.316,0.108,-0.532
00:00:09.562,1572923044907,1.5419999999999998,-0.045,37.313,0.664,3.0,0.006999999999999999,12.854,-0.002,0.09,33.53,0.109,-0.532
00:00:09.563,1572923044908,1.539,-0.045,35.628,0.664,3.0,0.006999999999999999,12.88,-0.002,0.09,33.744,0.111,-0.532
00:00:09.564,1572923044909,1.535,-0.045,35.628,0.664,3.0,0.006999999999999999,12.905,-0.002,0.091,33.959,0.112,-0.532
00:00:09.612,1572923044957,1.529,-0.045,35.628,0.664,3.0,0.006999999999999999,12.931,-0.002,0.091,34.175,0.113,-0.532
00:00:09.613,1572923044958,1.521,-0.044,35.628,0.664,3.0,0.008,12.956,-0.002,0.091,34.39,0.115,-0.532
00:00:09.614,1572923044959,1.514,-0.044,35.628,0.664,3.0,0.008,12.981,-0.002,0.092,34.606,0.116,-0.532
00:00:09.662,1572923045007,1.508,-0.043,35.628,0.664,3.0,0.008,13.005999999999998,-0.002,0.092,34.823,0.117,-0.532
00:00:09.663,1572923045008,1.4980000000000002,-0.043,12.117,0.664,3.0,0.008,13.031,-0.002,0.092,35.04,0.118,-0.532
00:00:09.664,1572923045009,1.414,-0.043,12.117,0.664,3.0,0.008,13.053,-0.002,0.092,35.257,0.119,-0.532
00:00:09.712,1572923045057,1.206,-0.042,12.117,0.664,3.0,0.008,13.069,-0.002,0.091,35.475,0.121,-0.532
00:00:09.713,1572923045058,0.929,-0.042,12.117,0.664,3.0,0.008,13.081,-0.002,0.08900000000000001,35.69300000000001,0.122,-0.532
00:00:09.714,1572923045059,0.6829999999999999,-0.042,12.117,0.664,3.0,0.008,13.089,-0.002,0.086,35.911,0.123,-0.532
00:00:09.762,1572923045107,0.523,-0.042,12.117,0.664,3.0,0.008,13.095999999999998,-0.002,0.083,36.129,0.124,-0.532
00:00:09.763,1572923045108,0.456,-0.041,2.082,0.664,3.0,0.008,13.103,-0.002,0.079,36.348,0.125,-0.532
00:00:09.764,1572923045109,0.417,-0.04,2.082,0.664,3.0,0.008,13.11,-0.002,0.07400000000000001,36.566,0.127,-0.532
00:00:09.812,1572923045157,0.328,-0.04,2.082,0.664,3.0,0.008,13.114,-0.002,0.07,36.785,0.128,-0.532
00:00:09.813,1572923045158,0.188,-0.039,2.082,0.664,3.0,0.008,13.115,-0.002,0.064,37.003,0.129,-0.532
00:00:09.814,1572923045159,0.014,-0.038,2.082,0.664,3.0,0.008,13.112,-0.002,0.058,37.222,0.13,-0.531
00:00:09.863,1572923045208,-0.098,-0.038,2.082,0.664,3.0,0.008,13.11,-0.002,0.051,37.44,0.131,-0.531
00:00:09.864,1572923045209,-0.118,-0.036000000000000004,2.448,0.664,3.0,0.008,13.108,-0.002,0.045,37.659,0.132,-0.531
00:00:09.865,1572923045210,-0.102,-0.035,2.448,0.664,3.0,0.008,13.107,-0.002,0.038,37.877,0.133,-0.531
00:00:09.914,1572923045259,-0.08199999999999999,-0.033,2.448,0.664,3.0,0.008,13.106,-0.001,0.03,38.096,0.134,-0.531
00:00:09.915,1572923045260,-0.069,-0.032,2.448,0.664,3.0,0.008,13.105,-0.001,0.023,38.314,0.135,-0.531
00:00:09.916,1572923045261,-0.064,-0.03,2.448,0.664,3.0,0.008,13.104,-0.001,0.016,38.532,0.136,-0.531
00:00:09.965,1572923045310,-0.063,-0.028,2.448,0.664,3.0,0.008,13.102,-0.001,0.009000000000000001,38.751,0.138,-0.531
00:00:09.966,1572923045311,-0.066,-0.026,7.282,0.664,3.0,0.008,13.101,-0.001,0.001,38.969,0.139,-0.53
00:00:09.967,1572923045312,-0.062,-0.023,7.282,0.664,3.0,0.008,13.1,-0.001,-0.006,39.187,0.14,-0.53
00:00:10.015,1572923045360,-0.036000000000000004,-0.02,7.282,0.664,3.0,0.008,13.1,-0.001,-0.013,39.406,0.141,-0.53
00:00:10.016,1572923045361,0.018000000000000002,-0.017,7.282,0.664,3.0,0.009000000000000001,13.102,-0.001,-0.019,39.624,0.142,-0.53
00:00:10.017,1572923045362,0.084,-0.013,7.282,0.664,3.0,0.009000000000000001,13.104,-0.001,-0.025,39.842,0.14300000000000002,-0.53
00:00:10.065,1572923045410,0.138,-0.006999999999999999,7.282,0.664,3.0,0.009000000000000001,13.107,0.0,-0.031,40.061,0.14400000000000002,-0.53
00:00:10.066,1572923045411,0.172,-0.002,14.094,0.664,3.0,0.009000000000000001,13.11,0.0,-0.036000000000000004,40.279,0.145,-0.529
00:00:10.067,1572923045412,0.207,0.005,14.094,0.664,3.0,0.009000000000000001,13.114,0.001,-0.04,40.49800000000001,0.146,-0.529
00:00:10.115,1572923045460,0.27,0.012,14.094,0.664,3.0,0.009000000000000001,13.12,0.001,-0.044,40.717,0.147,-0.529
00:00:10.116,1572923045461,0.35100000000000003,0.019,14.094,0.664,3.0,0.009000000000000001,13.127,0.001,-0.047,40.935,0.14800000000000002,-0.529
00:00:10.117,1572923045462,0.428,0.026,14.094,0.664,3.0,0.009000000000000001,13.135,0.002,-0.049,41.154,0.149,-0.529
00:00:10.174,1572923045519,0.491,0.033,14.094,0.664,3.0,0.008,13.144,0.002,-0.05,41.387,0.15,-0.529
00:00:10.175,1572923045520,0.529,0.039,18.928,0.664,3.0,0.008,13.153,0.003,-0.05,41.592,0.151,-0.53
00:00:10.176,1572923045521,0.573,0.043,18.928,0.664,3.0,0.006999999999999999,13.164,0.003,-0.049,41.825,0.152,-0.53
00:00:10.177,1572923045522,0.63,0.045,18.928,0.664,3.0,0.006,13.174,0.003,-0.047,42.03100000000001,0.153,-0.53
00:00:10.224,1572923045569,0.7040000000000001,0.046,18.928,0.664,3.0,0.005,13.188,0.004,-0.044,42.264,0.155,-0.53
00:00:10.225,1572923045570,0.767,0.046,18.928,0.664,3.0,0.004,13.201,0.004,-0.04,42.471,0.156,-0.53
00:00:10.226,1572923045571,0.8190000000000001,0.045,18.928,0.664,3.0,0.003,13.215,0.004,-0.034,42.691,0.157,-0.53
00:00:10.275,1572923045620,0.8540000000000001,0.044,20.979,0.664,3.0,0.002,13.23,0.003,-0.028,42.911,0.158,-0.531
00:00:10.276,1572923045621,0.88,0.042,20.979,0.664,3.0,0.001,13.246,0.003,-0.021,43.145,0.159,-0.531
00:00:10.277,1572923045622,0.899,0.041,20.979,0.664,3.0,0.0,13.26,0.003,-0.014,43.353,0.16,-0.531
00:00:10.331,1572923045676,0.917,0.04,20.979,0.664,3.0,-0.001,13.275,0.003,-0.006999999999999999,43.574,0.161,-0.531
00:00:10.332,1572923045677,0.931,0.04,20.979,0.664,3.0,-0.001,13.291,0.002,0.001,43.795,0.163,-0.531
00:00:10.333,1572923045678,0.939,0.039,20.979,0.664,3.0,-0.002,13.307,0.002,0.009000000000000001,44.017,0.16399999999999998,-0.531
00:00:10.378,1572923045723,0.942,0.039,23.469,0.664,3.0,-0.002,13.323,0.002,0.017,44.239,0.165,-0.531
00:00:10.379,1572923045724,0.945,0.039,23.469,0.664,3.0,-0.002,13.338,0.001,0.024,44.46100000000001,0.166,-0.531
00:00:10.380,1572923045725,0.951,0.038,23.469,0.664,3.0,-0.003,13.354,0.001,0.032,44.683,0.168,-0.531
00:00:10.427,1572923045772,0.959,0.038,23.469,0.664,3.0,-0.003,13.371,0.001,0.039,44.92,0.16899999999999998,-0.531
00:00:10.428,1572923045773,0.966,0.037000000000000005,23.469,0.664,3.0,-0.003,13.387,0.001,0.045,45.129,0.17,-0.532
00:00:10.429,1572923045774,0.971,0.036000000000000004,23.469,0.664,3.0,-0.003,13.403,0.001,0.051,45.352,0.171,-0.532
00:00:10.479,1572923045824,0.974,0.034,25.667,0.664,3.0,-0.003,13.42,0.001,0.056,45.59,0.173,-0.532
00:00:10.480,1572923045825,0.978,0.032,25.667,0.664,3.0,-0.004,13.435,0.001,0.061,45.799,0.174,-0.532
00:00:10.481,1572923045826,0.984,0.031,25.667,0.664,3.0,-0.004,13.452,0.001,0.065,46.023,0.175,-0.532
00:00:10.535,1572923045880,0.993,0.028,25.667,0.664,3.0,-0.004,13.468,0.0,0.068,46.24800000000001,0.177,-0.532
00:00:10.536,1572923045881,1.002,0.026,25.667,0.664,3.0,-0.004,13.486,0.0,0.071,46.486,0.17800000000000002,-0.532
00:00:10.537,1572923045882,1.008,0.024,25.667,0.664,3.0,-0.004,13.502,0.0,0.073,46.697,0.179,-0.532
00:00:10.583,1572923045928,1.012,0.022,26.472,0.664,3.0,-0.004,13.519,0.0,0.075,46.922,0.181,-0.532
00:00:10.584,1572923045929,1.016,0.02,26.472,0.664,3.0,-0.004,13.536,0.0,0.076,47.148,0.182,-0.532
00:00:10.585,1572923045930,1.019,0.018000000000000002,26.472,0.664,3.0,-0.004,13.553,0.0,0.077,47.374,0.184,-0.532
00:00:10.634,1572923045979,1.022,0.016,26.472,0.664,3.0,-0.004,13.57,0.0,0.077,47.6,0.185,-0.532
00:00:10.635,1572923045980,1.024,0.014,26.472,0.664,3.0,-0.004,13.587,0.0,0.076,47.826,0.18600000000000005,-0.532
00:00:10.636,1572923045981,1.026,0.012,26.472,0.664,3.0,-0.004,13.604,0.0,0.076,48.053,0.188,-0.532
00:00:10.685,1572923046030,1.027,0.01,27.937,0.664,3.0,-0.004,13.623,0.0,0.075,48.294,0.189,-0.532
00:00:10.686,1572923046031,1.029,0.008,27.937,0.664,3.0,-0.004,13.639,0.0,0.07400000000000001,48.507,0.19,-0.532
00:00:10.687,1572923046032,1.03,0.006,27.937,0.664,3.0,-0.004,13.656,0.0,0.073,48.734,0.192,-0.532
00:00:10.736,1572923046081,1.024,0.003,27.937,0.664,3.0,-0.004,13.673,0.0,0.07200000000000001,48.962,0.193,-0.532
00:00:10.737,1572923046082,1.017,0.0,27.937,0.664,3.0,-0.004,13.691,0.0,0.071,49.20399999999999,0.195,-0.532
00:00:10.738,1572923046083,1.014,-0.003,27.937,0.664,3.0,-0.004,13.707,-0.001,0.07,49.418,0.196,-0.532
00:00:10.786,1572923046131,1.016,-0.006,29.988000000000003,0.664,3.0,-0.004,13.724,-0.001,0.068,49.647,0.197,-0.532
00:00:10.787,1572923046132,1.028,-0.01,29.988000000000003,0.664,3.0,-0.004,13.741,-0.001,0.067,49.87600000000001,0.199,-0.532
00:00:10.788,1572923046133,1.051,-0.013,29.988000000000003,0.664,3.0,-0.004,13.759,-0.001,0.066,50.105,0.2,-0.532
00:00:10.836,1572923046181,1.084,-0.018000000000000002,29.988000000000003,0.664,3.0,-0.004,13.779000000000002,-0.001,0.065,50.349,0.202,-0.532
00:00:10.837,1572923046182,1.115,-0.022,29.988000000000003,0.664,3.0,-0.004,13.796,-0.002,0.064,50.56399999999999,0.203,-0.532
00:00:10.838,1572923046183,1.145,-0.026,29.988000000000003,0.664,3.0,-0.004,13.816,-0.002,0.063,50.794,0.204,-0.532
00:00:10.886,1572923046231,1.17,-0.03,30.794,0.664,3.0,-0.004,13.836,-0.002,0.062,51.025,0.206,-0.532
00:00:10.887,1572923046232,1.1909999999999998,-0.035,30.794,0.664,3.0,-0.003,13.857,-0.002,0.061,51.27,0.207,-0.532
00:00:10.888,1572923046233,1.206,-0.039,30.794,0.664,3.0,-0.003,13.877,-0.003,0.06,51.50100000000001,0.209,-0.532
00:00:10.936,1572923046281,1.216,-0.042,30.794,0.664,3.0,-0.003,13.896,-0.003,0.06,51.718,0.21,-0.531
00:00:10.937,1572923046282,1.224,-0.045,30.794,0.664,3.0,-0.002,13.917,-0.003,0.059,51.95,0.211,-0.531
00:00:10.938,1572923046283,1.232,-0.048,30.794,0.664,3.0,-0.001,13.939,-0.003,0.059,52.19600000000001,0.213,-0.531
00:00:11.002,1572923046347,1.238,-0.05,31.6,0.664,3.0,-0.001,13.96,-0.003,0.059,52.429,0.214,-0.531
00:00:11.003,1572923046348,1.244,-0.052000000000000005,31.6,0.664,3.0,0.0,13.979,-0.003,0.059,52.647,0.215,-0.531
00:00:11.004,1572923046349,1.251,-0.053,31.6,0.664,3.0,0.0,14.0,-0.003,0.059,52.88,0.21600000000000005,-0.531
00:00:11.005,1572923046350,1.259,-0.054000000000000006,31.6,0.664,3.0,0.001,14.022,-0.003,0.06,53.128,0.218,-0.531
00:00:11.054,1572923046399,1.266,-0.055,31.6,0.664,3.0,0.002,14.042,-0.003,0.06,53.347,0.219,-0.531
00:00:11.055,1572923046400,1.273,-0.056,31.6,0.664,3.0,0.002,14.064,-0.003,0.061,53.582,0.22,-0.531
00:00:11.056,1572923046401,1.279,-0.057,32.991,0.664,3.0,0.003,14.086,-0.002,0.062,53.831,0.222,-0.531
00:00:11.106,1572923046451,1.284,-0.059,32.991,0.664,3.0,0.003,14.108,-0.002,0.063,54.066,0.223,-0.531
00:00:11.107,1572923046452,1.287,-0.06,32.991,0.664,3.0,0.004,14.129,-0.002,0.065,54.301,0.224,-0.531
00:00:11.108,1572923046453,1.291,-0.061,32.991,0.664,3.0,0.004,14.151,-0.002,0.066,54.537,0.225,-0.531
00:00:11.154,1572923046499,1.295,-0.063,32.991,0.664,3.0,0.005,14.171,-0.002,0.067,54.758,0.226,-0.531
00:00:11.155,1572923046500,1.2990000000000002,-0.064,32.991,0.664,3.0,0.005,14.193,-0.002,0.069,54.994,0.227,-0.531
00:00:11.156,1572923046501,1.306,-0.065,34.163000000000004,0.664,3.0,0.005,14.216,-0.002,0.07,55.246,0.229,-0.531
00:00:11.204,1572923046549,1.3119999999999998,-0.066,34.163000000000004,0.664,3.0,0.006,14.237,-0.001,0.07200000000000001,55.468,0.23,-0.531
00:00:11.205,1572923046550,1.321,-0.067,34.163000000000004,0.664,3.0,0.006,14.26,-0.001,0.073,55.721,0.231,-0.532
00:00:11.206,1572923046551,1.33,-0.067,34.163000000000004,0.664,3.0,0.006999999999999999,14.282,-0.001,0.075,55.958,0.232,-0.532
00:00:11.255,1572923046600,1.338,-0.067,34.163000000000004,0.664,3.0,0.006999999999999999,14.305,-0.001,0.076,56.197,0.233,-0.532
00:00:11.256,1572923046601,1.344,-0.068,34.163000000000004,0.664,3.0,0.006999999999999999,14.327,-0.001,0.078,56.435,0.234,-0.532
00:00:11.257,1572923046602,1.349,-0.068,35.115,0.664,3.0,0.008,14.35,-0.001,0.079,56.674,0.235,-0.532
00:00:11.304,1572923046649,1.3530000000000002,-0.069,35.115,0.664,3.0,0.008,14.372,-0.001,0.081,56.914,0.236,-0.532
00:00:11.305,1572923046650,1.358,-0.069,35.115,0.664,3.0,0.008,14.392,-0.001,0.08199999999999999,57.12300000000001,0.237,-0.532
00:00:11.306,1572923046651,1.3630000000000002,-0.07,35.115,0.664,3.0,0.008,14.415,-0.001,0.083,57.363,0.238,-0.532
00:00:11.359,1572923046704,1.369,-0.071,35.115,0.664,3.0,0.009000000000000001,14.439,-0.001,0.084,57.619,0.239,-0.532
00:00:11.360,1572923046705,1.3730000000000002,-0.07200000000000001,35.115,0.664,3.0,0.009000000000000001,14.461,-0.001,0.085,57.845,0.24,-0.532
00:00:11.361,1572923046706,1.376,-0.073,35.994,0.664,3.0,0.009000000000000001,14.485,-0.001,0.086,58.101000000000006,0.241,-0.532
00:00:11.362,1572923046707,1.38,-0.07400000000000001,35.994,0.664,3.0,0.009000000000000001,14.508,-0.002,0.087,58.343,0.242,-0.532
00:00:11.406,1572923046751,1.383,-0.076,35.994,0.664,3.0,0.009000000000000001,14.53,-0.002,0.08800000000000001,58.569,0.243,-0.532
00:00:11.407,1572923046752,1.388,-0.077,35.994,0.664,3.0,0.01,14.555,-0.002,0.08900000000000001,58.827,0.244,-0.532
00:00:11.408,1572923046753,1.392,-0.079,35.994,0.664,3.0,0.01,14.578,-0.002,0.08900000000000001,59.07,0.245,-0.532
00:00:11.461,1572923046806,1.395,-0.08,35.994,0.664,3.0,0.01,14.601,-0.002,0.09,59.313,0.245,-0.532
00:00:11.462,1572923046807,1.3969999999999998,-0.08199999999999999,36.507,0.664,3.0,0.011,14.624,-0.002,0.09,59.556,0.246,-0.532
00:00:11.463,1572923046808,1.399,-0.083,36.507,0.664,3.0,0.011,14.648,-0.002,0.091,59.8,0.247,-0.532
00:00:11.508,1572923046853,1.401,-0.084,36.507,0.664,3.0,0.011,14.67,-0.002,0.091,60.029,0.248,-0.532
00:00:11.509,1572923046854,1.403,-0.084,36.507,0.664,3.0,0.012,14.695,-0.002,0.091,60.289,0.248,-0.532
00:00:11.510,1572923046855,1.406,-0.085,36.507,0.664,3.0,0.012,14.718,-0.002,0.092,60.535,0.249,-0.532
00:00:11.558,1572923046903,1.4069999999999998,-0.085,36.507,0.664,3.0,0.012,14.74,-0.002,0.092,60.765,0.25,-0.532
00:00:11.559,1572923046904,1.409,-0.085,36.946,0.664,3.0,0.013,14.765,-0.002,0.092,61.026,0.251,-0.532
00:00:11.560,1572923046905,1.41,-0.085,36.946,0.664,3.0,0.013,14.789,-0.002,0.092,61.272,0.251,-0.532
00:00:11.608,1572923046953,1.412,-0.085,36.946,0.664,3.0,0.014,14.812,-0.002,0.092,61.519,0.252,-0.532
00:00:11.609,1572923046954,1.413,-0.085,36.946,0.664,3.0,0.014,14.836,-0.002,0.092,61.76600000000001,0.253,-0.532
00:00:11.610,1572923046955,1.415,-0.086,36.946,0.664,3.0,0.014,14.859000000000002,-0.002,0.092,62.01300000000001,0.253,-0.532
00:00:11.658,1572923047003,1.416,-0.086,36.946,0.664,3.0,0.014,14.880999999999998,-0.002,0.092,62.246,0.254,-0.532
00:00:11.659,1572923047004,1.4169999999999998,-0.086,37.313,0.664,3.0,0.015,14.906,-0.002,0.092,62.51,0.254,-0.532
00:00:11.660,1572923047005,1.418,-0.086,37.313,0.664,3.0,0.015,14.93,-0.001,0.092,62.758,0.255,-0.532
00:00:11.708,1572923047053,1.419,-0.086,37.313,0.664,3.0,0.015,14.954,-0.001,0.092,63.007,0.255,-0.532
00:00:11.709,1572923047054,1.42,-0.086,37.313,0.664,3.0,0.015,14.97,-0.001,0.093,63.179,0.256,-0.532
00:00:11.710,1572923047055,1.421,-0.086,37.313,0.664,3.0,0.016,14.991,-0.001,0.093,63.397,0.256,-0.532
00:00:11.759,1572923047104,1.421,-0.086,37.313,0.664,3.0,0.016,15.013,-0.001,0.093,63.632,0.256,-0.532
00:00:11.760,1572923047105,1.422,-0.086,37.313,0.664,3.0,0.016,15.038,-0.001,0.093,63.898,0.257,-0.532
00:00:11.761,1572923047106,1.422,-0.086,37.313,0.664,3.0,0.016,15.062,-0.001,0.093,64.148,0.257,-0.532
00:00:11.813,1572923047158,1.422,-0.086,37.313,0.664,3.0,0.017,15.086,-0.001,0.093,64.4,0.258,-0.532
00:00:11.814,1572923047159,1.422,-0.086,37.313,0.664,3.0,0.017,15.109000000000002,-0.001,0.093,64.65100000000001,0.258,-0.532
00:00:11.815,1572923047160,1.422,-0.086,37.313,0.664,3.0,0.017,15.133,-0.001,0.093,64.903,0.258,-0.532
00:00:11.861,1572923047206,1.422,-0.086,37.313,0.664,3.0,0.017,15.157,-0.001,0.093,65.156,0.259,-0.532
00:00:11.862,1572923047207,1.422,-0.085,37.313,0.664,3.0,0.017,15.18,-0.001,0.093,65.40899999999999,0.259,-0.532
00:00:11.863,1572923047208,1.422,-0.085,37.313,0.664,3.0,0.017,15.204,-0.001,0.093,65.66199999999999,0.259,-0.532
00:00:11.911,1572923047256,1.422,-0.085,37.313,0.664,3.0,0.018000000000000002,15.228,-0.001,0.093,65.915,0.259,-0.532
00:00:11.912,1572923047257,1.421,-0.084,37.313,0.664,3.0,0.018000000000000002,15.251,-0.001,0.093,66.169,0.259,-0.532
00:00:11.913,1572923047258,1.421,-0.084,37.313,0.664,3.0,0.018000000000000002,15.275,-0.001,0.093,66.42399999999999,0.26,-0.532
00:00:11.961,1572923047306,1.421,-0.083,37.313,0.664,3.0,0.018000000000000002,15.297,-0.001,0.093,66.663,0.26,-0.532
00:00:11.962,1572923047307,1.421,-0.083,37.459,0.664,3.0,0.018000000000000002,15.323,-0.001,0.094,66.934,0.26,-0.532
00:00:11.963,1572923047308,1.421,-0.08199999999999999,37.459,0.664,3.0,0.018000000000000002,15.345999999999998,-0.001,0.094,67.189,0.26,-0.532
00:00:12.011,1572923047356,1.421,-0.08199999999999999,37.459,0.664,3.0,0.018000000000000002,15.37,-0.001,0.094,67.445,0.26,-0.532
00:00:12.012,1572923047357,1.421,-0.081,37.459,0.664,3.0,0.019,15.394,0.0,0.094,67.702,0.26,-0.532
00:00:12.013,1572923047358,1.421,-0.08,37.459,0.664,3.0,0.019,15.417,0.0,0.094,67.958,0.26,-0.532
00:00:12.061,1572923047406,1.421,-0.079,37.459,0.664,3.0,0.019,15.441,0.0,0.094,68.21600000000001,0.26,-0.532
00:00:12.062,1572923047407,1.421,-0.079,37.459,0.664,3.0,0.019,15.465,0.0,0.094,68.473,0.26,-0.532
00:00:12.063,1572923047408,1.42,-0.078,37.459,0.664,3.0,0.019,15.488,0.0,0.094,68.73100000000001,0.26,-0.532
00:00:12.113,1572923047458,1.42,-0.078,37.459,0.664,3.0,0.019,15.512,0.0,0.095,68.98899999999999,0.26,-0.532
00:00:12.114,1572923047459,1.42,-0.077,37.459,0.664,3.0,0.019,15.536,0.0,0.095,69.248,0.26,-0.532
00:00:12.115,1572923047460,1.419,-0.077,37.459,0.664,3.0,0.019,15.559,0.0,0.095,69.507,0.26,-0.532
00:00:12.162,1572923047507,1.419,-0.076,37.459,0.664,3.0,0.019,15.583,0.0,0.095,69.767,0.26,-0.532
00:00:12.163,1572923047508,1.419,-0.076,37.606,0.664,3.0,0.019,15.607,0.0,0.095,70.027,0.26,-0.532
00:00:12.164,1572923047509,1.418,-0.075,37.606,0.664,3.0,0.019,15.63,0.0,0.095,70.28699999999999,0.26,-0.532
00:00:12.218,1572923047563,1.418,-0.075,37.606,0.664,3.0,0.019,15.654000000000002,0.0,0.096,70.548,0.26,-0.532
00:00:12.219,1572923047564,1.418,-0.07400000000000001,37.606,0.664,3.0,0.019,15.677,0.0,0.096,70.809,0.259,-0.532
00:00:12.220,1572923047565,1.419,-0.07400000000000001,37.606,0.664,3.0,0.019,15.701,0.0,0.096,71.07,0.259,-0.532
00:00:12.273,1572923047618,1.419,-0.073,37.606,0.664,3.0,0.019,15.725,0.0,0.096,71.332,0.259,-0.532
00:00:12.274,1572923047619,1.419,-0.073,37.825,0.664,3.0,0.019,15.748,0.0,0.096,71.594,0.259,-0.532
00:00:12.275,1572923047620,1.419,-0.07200000000000001,37.825,0.664,3.0,0.019,15.772,0.0,0.096,71.857,0.258,-0.532
00:00:12.318,1572923047663,1.419,-0.07200000000000001,37.825,0.664,3.0,0.019,15.796,0.0,0.097,72.12,0.258,-0.532
00:00:12.319,1572923047664,1.419,-0.07200000000000001,37.825,0.664,3.0,0.019,15.819,0.0,0.097,72.384,0.258,-0.532
00:00:12.320,1572923047665,1.419,-0.071,37.825,0.664,3.0,0.019,15.843,0.0,0.097,72.648,0.257,-0.532
00:00:12.368,1572923047713,1.419,-0.07,37.825,0.664,3.0,0.019,15.867,0.0,0.097,72.91199999999998,0.257,-0.532
00:00:12.369,1572923047714,1.419,-0.07,38.118,0.664,3.0,0.019,15.89,0.0,0.097,73.176,0.257,-0.532
00:00:12.370,1572923047715,1.419,-0.068,38.118,0.664,3.0,0.02,15.914,0.0,0.097,73.441,0.256,-0.532
00:00:12.418,1572923047763,1.419,-0.066,38.118,0.664,3.0,0.02,15.938,0.0,0.098,73.707,0.256,-0.532
00:00:12.419,1572923047764,1.42,-0.064,38.118,0.664,3.0,0.02,15.961,0.001,0.098,73.973,0.255,-0.532
00:00:12.420,1572923047765,1.42,-0.062,38.118,0.664,3.0,0.02,15.985,0.001,0.098,74.23899999999998,0.255,-0.532
00:00:12.469,1572923047814,1.421,-0.059,38.118,0.664,3.0,0.02,16.009,0.001,0.098,74.506,0.255,-0.532
00:00:12.470,1572923047815,1.421,-0.057,38.485,0.664,3.0,0.02,16.032,0.001,0.098,74.773,0.254,-0.532
00:00:12.471,1572923047816,1.421,-0.055,38.485,0.664,3.0,0.02,16.055999999999994,0.001,0.098,75.04,0.254,-0.532
00:00:12.520,1572923047865,1.421,-0.053,38.485,0.664,3.0,0.02,16.08,0.001,0.099,75.308,0.253,-0.532
00:00:12.521,1572923047866,1.421,-0.051,38.485,0.664,3.0,0.019,16.102999999999998,0.001,0.099,75.57600000000002,0.253,-0.532
00:00:12.522,1572923047867,1.422,-0.051,38.485,0.664,3.0,0.019,16.127,0.001,0.099,75.845,0.252,-0.532
00:00:12.571,1572923047916,1.422,-0.05,38.485,0.664,3.0,0.019,16.151,0.001,0.099,76.11399999999998,0.251,-0.532
00:00:12.572,1572923047917,1.423,-0.051,38.997,0.664,3.0,0.019,16.174,0.001,0.099,76.383,0.251,-0.532
00:00:12.573,1572923047918,1.423,-0.051,38.997,0.664,3.0,0.018000000000000002,16.198,0.001,0.099,76.653,0.25,-0.532
00:00:12.574,1572923047919,1.422,-0.052000000000000005,38.997,0.664,3.0,0.018000000000000002,16.222,0.001,0.1,76.923,0.25,-0.532
00:00:12.621,1572923047966,1.422,-0.052000000000000005,38.997,0.664,3.0,0.018000000000000002,16.246,0.001,0.1,77.193,0.249,-0.532
00:00:12.622,1572923047967,1.422,-0.053,38.997,0.664,3.0,0.018000000000000002,16.269000000000002,0.001,0.1,77.464,0.248,-0.532
00:00:12.623,1572923047968,1.422,-0.053,38.997,0.664,3.0,0.017,16.293,0.001,0.1,77.736,0.248,-0.532
00:00:12.672,1572923048017,1.422,-0.053,39.656,0.664,3.0,0.017,16.317,0.001,0.1,78.008,0.247,-0.532
00:00:12.673,1572923048018,1.421,-0.053,39.656,0.664,3.0,0.017,16.34,0.001,0.1,78.28,0.246,-0.532
00:00:12.674,1572923048019,1.423,-0.052000000000000005,39.656,0.664,3.0,0.017,16.364,0.001,0.101,78.55199999999998,0.246,-0.532
00:00:12.722,1572923048067,1.425,-0.052000000000000005,39.656,0.664,3.0,0.017,16.387999999999998,0.0,0.101,78.825,0.245,-0.532
00:00:12.723,1572923048068,1.4269999999999998,-0.051,39.656,0.664,3.0,0.017,16.412,0.0,0.101,79.098,0.244,-0.532
00:00:12.724,1572923048069,1.4269999999999998,-0.051,39.656,0.664,3.0,0.017,16.435,0.0,0.101,79.372,0.244,-0.532
00:00:12.780,1572923048125,1.426,-0.05,40.316,0.664,3.0,0.017,16.459,0.0,0.101,79.646,0.243,-0.532
00:00:12.781,1572923048126,1.425,-0.05,40.316,0.664,3.0,0.016,16.483,0.0,0.101,79.921,0.242,-0.532
00:00:12.782,1572923048127,1.426,-0.05,40.316,0.664,3.0,0.016,16.507,0.0,0.101,80.196,0.241,-0.532
00:00:12.823,1572923048168,1.4269999999999998,-0.05,40.316,0.664,3.0,0.016,16.531,0.0,0.102,80.471,0.24,-0.532
00:00:12.824,1572923048169,1.429,-0.05,40.316,0.664,3.0,0.016,16.554000000000002,0.0,0.102,80.747,0.24,-0.532
00:00:12.825,1572923048170,1.429,-0.05,40.316,0.664,3.0,0.016,16.578,0.0,0.102,81.023,0.239,-0.532
00:00:12.876,1572923048221,1.4280000000000002,-0.051,42.147,0.664,3.0,0.016,16.602,0.0,0.102,81.29899999999998,0.238,-0.532
00:00:12.877,1572923048222,1.4280000000000002,-0.051,42.147,0.664,3.0,0.016,16.625999999999998,0.0,0.102,81.57600000000002,0.237,-0.532
00:00:12.878,1572923048223,1.429,-0.051,42.147,0.664,3.0,0.016,16.65,0.0,0.103,81.854,0.236,-0.532
00:00:12.927,1572923048272,1.433,-0.052000000000000005,42.147,0.664,3.0,0.016,16.674,0.0,0.103,82.131,0.235,-0.532
00:00:12.928,1572923048273,1.436,-0.052000000000000005,42.147,0.664,3.0,0.016,16.698,0.001,0.103,82.40899999999998,0.234,-0.532
00:00:12.929,1572923048274,1.4369999999999998,-0.052000000000000005,42.147,0.664,3.0,0.016,16.721,0.001,0.103,82.68799999999997,0.233,-0.532
00:00:12.984,1572923048329,1.436,-0.053,45.809,0.664,3.0,0.016,16.745,0.001,0.103,82.96700000000001,0.233,-0.532
00:00:12.985,1572923048330,1.435,-0.053,45.809,0.664,3.0,0.016,16.769000000000002,0.001,0.104,83.24600000000002,0.232,-0.532
00:00:12.986,1572923048331,1.439,-0.053,45.809,0.664,3.0,0.016,16.793,0.001,0.104,83.52600000000002,0.231,-0.532
00:00:13.034,1572923048379,1.4469999999999998,-0.053,45.809,0.664,3.0,0.016,16.817999999999998,0.001,0.104,83.806,0.23,-0.532
00:00:13.035,1572923048380,1.454,-0.054000000000000006,45.809,0.664,3.0,0.016,16.842,0.001,0.105,84.086,0.229,-0.532
00:00:13.036,1572923048381,1.456,-0.054000000000000006,45.809,0.664,3.0,0.016,16.866,0.001,0.105,84.367,0.228,-0.532
00:00:13.084,1572923048429,1.455,-0.054000000000000006,46.175,0.664,3.0,0.016,16.89,0.001,0.105,84.649,0.227,-0.532
00:00:13.085,1572923048430,1.452,-0.054000000000000006,46.175,0.664,3.0,0.016,16.915,0.001,0.106,84.93,0.225,-0.532
00:00:13.086,1572923048431,1.4509999999999998,-0.055,46.175,0.664,3.0,0.016,16.939,0.001,0.106,85.212,0.224,-0.532
00:00:13.134,1572923048479,1.452,-0.055,46.175,0.664,3.0,0.016,16.963,0.001,0.106,85.495,0.223,-0.532
00:00:13.135,1572923048480,1.453,-0.055,46.175,0.664,3.0,0.016,16.987000000000002,0.001,0.107,85.77799999999998,0.222,-0.532
00:00:13.136,1572923048481,1.453,-0.055,46.175,0.664,3.0,0.016,17.011,0.001,0.107,86.061,0.221,-0.532
00:00:13.185,1572923048530,1.452,-0.055,48.812,0.664,3.0,0.016,17.035999999999998,0.001,0.107,86.345,0.22,-0.532
00:00:13.186,1572923048531,1.452,-0.056,48.812,0.664,3.0,0.016,17.06,0.001,0.108,86.62899999999998,0.219,-0.532
00:00:13.187,1572923048532,1.455,-0.056,48.812,0.664,3.0,0.016,17.084,0.001,0.108,86.914,0.218,-0.532
00:00:13.235,1572923048580,1.461,-0.056,48.812,0.664,3.0,0.016,17.108,0.001,0.109,87.198,0.21600000000000005,-0.532
00:00:13.236,1572923048581,1.465,-0.056,48.812,0.664,3.0,0.016,17.133,0.001,0.109,87.484,0.215,-0.532
00:00:13.237,1572923048582,1.467,-0.056,48.812,0.664,3.0,0.016,17.157,0.001,0.109,87.77,0.214,-0.532
00:00:13.287,1572923048632,1.466,-0.056,51.962,0.664,3.0,0.016,17.182000000000002,0.001,0.11,88.056,0.213,-0.532
00:00:13.288,1572923048633,1.465,-0.056,51.962,0.664,3.0,0.016,17.206,0.001,0.11,88.34200000000001,0.211,-0.532
00:00:13.289,1572923048634,1.469,-0.056,51.962,0.664,3.0,0.016,17.230999999999998,0.001,0.11,88.62899999999998,0.21,-0.532
00:00:13.338,1572923048683,1.477,-0.056,51.962,0.664,3.0,0.016,17.256,0.001,0.111,88.917,0.209,-0.532
00:00:13.339,1572923048684,1.484,-0.056,51.962,0.664,3.0,0.016,17.28,0.001,0.111,89.204,0.208,-0.532
00:00:13.340,1572923048685,1.486,-0.057,51.962,0.664,3.0,0.016,17.305,0.001,0.111,89.493,0.206,-0.532
00:00:13.388,1572923048733,1.485,-0.057,52.474,0.664,3.0,0.016,17.33,0.001,0.112,89.781,0.205,-0.532
00:00:13.389,1572923048734,1.483,-0.057,52.474,0.664,3.0,0.016,17.355,0.001,0.112,90.07,0.204,-0.532
00:00:13.390,1572923048735,1.482,-0.057,52.474,0.664,3.0,0.016,17.379,0.001,0.113,90.36,0.202,-0.532
00:00:13.391,1572923048736,1.483,-0.057,52.474,0.664,3.0,0.016,17.404,0.001,0.113,90.65,0.201,-0.532
00:00:13.440,1572923048785,1.484,-0.057,52.474,0.664,3.0,0.016,17.429000000000002,0.001,0.113,90.94,0.199,-0.532
00:00:13.441,1572923048786,1.485,-0.057,52.474,0.664,3.0,0.016,17.453,0.001,0.114,91.231,0.198,-0.532
00:00:13.442,1572923048787,1.485,-0.056,52.328,0.664,3.0,0.016,17.477999999999998,0.001,0.114,91.522,0.196,-0.532
00:00:13.490,1572923048835,1.484,-0.056,52.328,0.664,3.0,0.016,17.503,0.001,0.114,91.813,0.195,-0.532
00:00:13.491,1572923048836,1.483,-0.056,52.328,0.664,3.0,0.016,17.528,0.001,0.115,92.105,0.193,-0.532
00:00:13.492,1572923048837,1.482,-0.056,52.328,0.664,3.0,0.016,17.552,0.001,0.115,92.398,0.192,-0.532
00:00:13.540,1572923048885,1.481,-0.056,52.328,0.664,3.0,0.016,17.577,0.001,0.115,92.69,0.19,-0.532
00:00:13.541,1572923048886,1.481,-0.056,52.328,0.664,3.0,0.016,17.602,0.002,0.115,92.983,0.189,-0.532
00:00:13.542,1572923048887,1.48,-0.056,46.981,0.664,3.0,0.016,17.625999999999994,0.002,0.116,93.277,0.187,-0.532
00:00:13.590,1572923048935,1.479,-0.056,46.981,0.664,3.0,0.016,17.651,0.002,0.116,93.571,0.18600000000000005,-0.532
00:00:13.591,1572923048936,1.471,-0.056,46.981,0.664,3.0,0.016,17.675,0.002,0.116,93.865,0.184,-0.532
00:00:13.592,1572923048937,1.457,-0.056,46.981,0.664,3.0,0.016,17.699,0.002,0.116,94.16,0.183,-0.532
00:00:13.641,1572923048986,1.445,-0.056,46.981,0.664,3.0,0.016,17.723,0.002,0.116,94.455,0.181,-0.532
00:00:13.642,1572923048987,1.439,-0.056,46.981,0.664,3.0,0.016,17.747,0.002,0.116,94.751,0.179,-0.532
00:00:13.643,1572923048988,1.439,-0.056,44.124,0.664,3.0,0.016,17.771,0.002,0.116,95.047,0.17800000000000002,-0.532
00:00:13.692,1572923049037,1.4409999999999998,-0.056,44.124,0.664,3.0,0.017,17.795,0.002,0.116,95.343,0.17600000000000002,-0.532
00:00:13.693,1572923049038,1.439,-0.056,44.124,0.664,3.0,0.017,17.819000000000006,0.002,0.116,95.64,0.174,-0.532
00:00:13.694,1572923049039,1.433,-0.056,44.124,0.664,3.0,0.017,17.843,0.002,0.115,95.937,0.172,-0.532
00:00:13.743,1572923049088,1.426,-0.056,44.124,0.664,3.0,0.017,17.867,0.002,0.115,96.235,0.171,-0.532
00:00:13.744,1572923049089,1.422,-0.056,44.124,0.664,3.0,0.017,17.89,0.002,0.115,96.533,0.16899999999999998,-0.532
00:00:13.745,1572923049090,1.421,-0.056,46.981,0.664,3.0,0.017,17.914,0.002,0.115,96.831,0.16699999999999998,-0.532
00:00:13.793,1572923049138,1.423,-0.056,46.981,0.664,3.0,0.017,17.938,0.002,0.115,97.13,0.165,-0.532
00:00:13.794,1572923049139,1.4269999999999998,-0.056,46.981,0.664,3.0,0.017,17.962,0.002,0.114,97.429,0.16399999999999998,-0.532
00:00:13.795,1572923049140,1.4340000000000002,-0.056,46.981,0.664,3.0,0.017,17.986,0.002,0.114,97.729,0.162,-0.532
00:00:13.843,1572923049188,1.44,-0.056,46.981,0.664,3.0,0.017,18.01,0.002,0.114,98.029,0.16,-0.532
00:00:13.844,1572923049189,1.4409999999999998,-0.056,46.981,0.664,3.0,0.017,18.034,0.002,0.114,98.329,0.158,-0.532
00:00:13.845,1572923049190,1.4409999999999998,-0.056,51.669,0.664,3.0,0.017,18.058,0.002,0.114,98.63,0.156,-0.532
00:00:13.900,1572923049245,1.44,-0.056,51.669,0.664,3.0,0.017,18.082,0.002,0.113,98.931,0.154,-0.532
00:00:13.901,1572923049246,1.445,-0.056,51.669,0.664,3.0,0.017,18.106,0.002,0.113,99.232,0.152,-0.532
00:00:13.902,1572923049247,1.456,-0.056,51.669,0.664,3.0,0.017,18.13,0.002,0.113,99.534,0.15,-0.532
00:00:13.944,1572923049289,1.466,-0.056,51.669,0.664,3.0,0.017,18.155,0.002,0.113,99.837,0.14800000000000002,-0.532
00:00:13.945,1572923049290,1.471,-0.056,51.669,0.664,3.0,0.017,18.179,0.002,0.113,100.14,0.146,-0.532
00:00:13.946,1572923049291,1.47,-0.056,55.624,0.664,3.0,0.017,18.204,0.002,0.114,100.443,0.14400000000000002,-0.532
00:00:13.995,1572923049340,1.4680000000000002,-0.056,55.624,0.664,3.0,0.017,18.228,0.002,0.114,100.746,0.142,-0.532
00:00:13.996,1572923049341,1.472,-0.057,55.624,0.664,3.0,0.017,18.253,0.002,0.114,101.05,0.14,-0.532
00:00:13.997,1572923049342,1.481,-0.057,55.624,0.664,3.0,0.017,18.276,0.002,0.114,101.336,0.138,-0.532
00:00:14.046,1572923049391,1.491,-0.057,55.624,0.664,3.0,0.017,18.301,0.002,0.115,101.641,0.136,-0.532
00:00:14.047,1572923049392,1.496,-0.057,55.624,0.664,3.0,0.017,18.326,0.002,0.115,101.946,0.134,-0.532
00:00:14.048,1572923049393,1.496,-0.057,61.63,0.664,3.0,0.017,18.351,0.002,0.116,102.251,0.132,-0.532
00:00:14.105,1572923049450,1.494,-0.057,61.63,0.664,3.0,0.017,18.376,0.002,0.117,102.558,0.13,-0.532
00:00:14.106,1572923049451,1.5,-0.057,61.63,0.664,3.0,0.017,18.401,0.002,0.117,102.864,0.128,-0.532
00:00:14.107,1572923049452,1.515,-0.057,61.63,0.664,3.0,0.017,18.427,0.002,0.118,103.171,0.126,-0.532
00:00:14.108,1572923049453,1.53,-0.057,61.63,0.664,3.0,0.017,18.452,0.002,0.119,103.478,0.124,-0.532
00:00:14.156,1572923049501,1.537,-0.057,61.63,0.664,3.0,0.017,18.478,0.002,0.12,103.786,0.121,-0.532
00:00:14.157,1572923049502,1.537,-0.057,63.31399999999999,0.664,3.0,0.017,18.504,0.002,0.121,104.094,0.119,-0.532
00:00:14.158,1572923049503,1.533,-0.057,63.31399999999999,0.664,3.0,0.017,18.529,0.002,0.122,104.403,0.117,-0.532
00:00:14.206,1572923049551,1.5319999999999998,-0.057,63.31399999999999,0.664,3.0,0.017,18.555,0.002,0.123,104.712,0.115,-0.532
00:00:14.207,1572923049552,1.535,-0.057,63.31399999999999,0.664,3.0,0.017,18.58,0.002,0.124,105.021,0.112,-0.532
00:00:14.208,1572923049553,1.539,-0.057,63.31399999999999,0.664,3.0,0.017,18.606,0.002,0.125,105.331,0.11,-0.532
00:00:14.256,1572923049601,1.5419999999999998,-0.057,63.31399999999999,0.664,3.0,0.017,18.632,0.002,0.126,105.641,0.108,-0.532
00:00:14.257,1572923049602,1.5419999999999998,-0.057,72.17699999999998,0.664,3.0,0.017,18.657,0.002,0.127,105.952,0.105,-0.532
00:00:14.258,1572923049603,1.5419999999999998,-0.057,72.17699999999998,0.664,3.0,0.018000000000000002,18.683,0.002,0.128,106.263,0.103,-0.532
00:00:14.306,1572923049651,1.5490000000000002,-0.057,72.17699999999998,0.664,3.0,0.018000000000000002,18.709,0.002,0.129,106.575,0.101,-0.532
00:00:14.307,1572923049652,1.5659999999999998,-0.057,72.17699999999998,0.664,3.0,0.018000000000000002,18.735,0.002,0.13,106.887,0.098,-0.532
00:00:14.308,1572923049653,1.582,-0.057,72.17699999999998,0.664,3.0,0.018000000000000002,18.762,0.002,0.131,107.199,0.096,-0.532
00:00:14.359,1572923049704,1.589,-0.057,72.17699999999998,0.664,3.0,0.018000000000000002,18.788,0.002,0.132,107.512,0.094,-0.532
00:00:14.360,1572923049705,1.589,-0.057,78.842,0.664,3.0,0.018000000000000002,18.815,0.002,0.133,107.826,0.091,-0.532
00:00:14.361,1572923049706,1.584,-0.057,78.842,0.664,3.0,0.018000000000000002,18.841,0.002,0.134,108.14,0.08900000000000001,-0.532
00:00:14.408,1572923049753,1.581,-0.057,78.842,0.664,3.0,0.018000000000000002,18.867,0.002,0.135,108.454,0.086,-0.532
00:00:14.409,1572923049754,1.58,-0.057,78.842,0.664,3.0,0.018000000000000002,18.894,0.002,0.135,108.768,0.084,-0.532
00:00:14.410,1572923049755,1.581,-0.057,78.842,0.664,3.0,0.018000000000000002,18.92,0.002,0.136,109.084,0.081,-0.532
00:00:14.459,1572923049804,1.581,-0.057,78.842,0.664,3.0,0.018000000000000002,18.947,0.002,0.13699999999999998,109.399,0.079,-0.532
00:00:14.460,1572923049805,1.582,-0.057,86.53299999999999,0.664,3.0,0.018000000000000002,18.973,0.002,0.13699999999999998,109.715,0.076,-0.532
00:00:14.461,1572923049806,1.582,-0.057,86.53299999999999,0.664,3.0,0.018000000000000002,18.996,0.002,0.138,109.992,0.07400000000000001,-0.532
00:00:14.510,1572923049855,1.5830000000000002,-0.057,86.53299999999999,0.664,3.0,0.018000000000000002,19.014,0.002,0.138,110.21,0.07200000000000001,-0.532
00:00:14.511,1572923049856,1.587,-0.057,86.53299999999999,0.664,3.0,0.018000000000000002,19.041,0.002,0.139,110.527,0.069,-0.532
00:00:14.512,1572923049857,1.5930000000000002,-0.058,86.53299999999999,0.664,3.0,0.018000000000000002,19.069000000000006,0.002,0.139,110.864,0.066,-0.532
00:00:14.560,1572923049905,1.597,-0.058,86.53299999999999,0.664,3.0,0.018000000000000002,19.094,0.003,0.139,111.162,0.064,-0.532
00:00:14.561,1572923049906,1.598,-0.058,86.53299999999999,0.664,3.0,0.018000000000000002,19.121,0.003,0.14,111.481,0.061,-0.532
00:00:14.562,1572923049907,1.597,-0.058,90.0,0.664,3.0,0.018000000000000002,19.147,0.003,0.14,111.8,0.059,-0.532
00:00:14.610,1572923049955,1.596,-0.058,90.0,0.664,3.0,0.018000000000000002,19.175,0.003,0.14,112.139,0.056,-0.532
00:00:14.611,1572923049956,1.598,-0.058,90.0,0.664,3.0,0.018000000000000002,19.2,0.003,0.14,112.439,0.053,-0.532
00:00:14.612,1572923049957,1.602,-0.058,90.0,0.664,3.0,0.018000000000000002,19.227,0.003,0.141,112.759,0.05,-0.532
00:00:14.660,1572923050005,1.604,-0.058,90.0,0.664,3.0,0.018000000000000002,19.254,0.003,0.141,113.08,0.048,-0.532
00:00:14.661,1572923050006,1.605,-0.058,90.0,0.664,3.0,0.018000000000000002,19.282,0.003,0.141,113.421,0.045,-0.532
00:00:14.662,1572923050007,1.605,-0.058,90.0,0.664,3.0,0.018000000000000002,19.307,0.003,0.141,113.722,0.042,-0.532
00:00:14.710,1572923050055,1.604,-0.057,90.0,0.664,3.0,0.018000000000000002,19.334,0.003,0.141,114.044,0.039,-0.532
00:00:14.711,1572923050056,1.6030000000000002,-0.057,90.0,0.664,3.0,0.018000000000000002,19.361,0.003,0.142,114.367,0.036000000000000004,-0.532
00:00:14.712,1572923050057,1.6030000000000002,-0.057,90.0,0.664,3.0,0.018000000000000002,19.389,0.003,0.142,114.71,0.033,-0.532
00:00:14.761,1572923050106,1.6030000000000002,-0.057,90.0,0.664,3.0,0.018000000000000002,19.414,0.003,0.142,115.013,0.031,-0.532
00:00:14.762,1572923050107,1.6030000000000002,-0.057,90.0,0.664,3.0,0.018000000000000002,19.441,0.003,0.142,115.337,0.028,-0.532
00:00:14.763,1572923050108,1.6030000000000002,-0.057,90.0,0.664,3.0,0.018000000000000002,19.468,0.003,0.142,115.661,0.025,-0.532
00:00:14.816,1572923050161,1.6030000000000002,-0.057,90.0,0.664,3.0,0.018000000000000002,19.494,0.003,0.142,115.986,0.022,-0.532
00:00:14.817,1572923050162,1.6030000000000002,-0.057,90.0,0.664,3.0,0.018000000000000002,19.523,0.003,0.142,116.331,0.019,-0.532
00:00:14.818,1572923050163,1.6030000000000002,-0.056,90.0,0.664,3.0,0.018000000000000002,19.548,0.003,0.14300000000000002,116.637,0.016,-0.532
00:00:14.863,1572923050208,1.6030000000000002,-0.055,90.0,0.664,3.0,0.018000000000000002,19.575,0.003,0.14300000000000002,116.963,0.013,-0.532
00:00:14.864,1572923050209,1.6030000000000002,-0.054000000000000006,90.0,0.664,3.0,0.019,19.601,0.003,0.14300000000000002,117.289,0.01,-0.532
00:00:14.865,1572923050210,1.6030000000000002,-0.051,90.0,0.664,3.0,0.019,19.63,0.003,0.14300000000000002,117.636,0.006999999999999999,-0.532
00:00:14.917,1572923050262,1.6030000000000002,-0.048,90.0,0.664,3.0,0.019,19.655,0.003,0.14300000000000002,117.943,0.004,-0.532
00:00:14.918,1572923050263,1.602,-0.044,90.0,0.664,3.0,0.019,19.681,0.003,0.14300000000000002,118.271,0.001,-0.532
00:00:14.919,1572923050264,1.602,-0.04,90.0,0.664,3.0,0.019,19.708,0.004,0.14300000000000002,118.599,-0.003,-0.532
00:00:14.967,1572923050312,1.602,-0.035,90.0,0.664,3.0,0.019,19.736,0.004,0.14400000000000002,118.948,-0.006,-0.532
00:00:14.968,1572923050313,1.602,-0.031,90.0,0.664,3.0,0.019,19.761,0.004,0.14400000000000002,119.257,-0.009000000000000001,-0.532
00:00:14.969,1572923050314,1.602,-0.025,90.0,0.664,3.0,0.019,19.79,0.004,0.14400000000000002,119.607,-0.012,-0.532
00:00:15.017,1572923050362,1.602,-0.02,90.0,0.664,3.0,0.019,19.815,0.005,0.14400000000000002,119.917,-0.015,-0.532
00:00:15.018,1572923050363,1.602,-0.014,90.0,0.664,3.0,0.019,19.843,0.005,0.14400000000000002,120.268,-0.019,-0.532
00:00:15.019,1572923050364,1.602,-0.008,90.0,0.664,3.0,0.019,19.868,0.005,0.145,120.578,-0.021,-0.532
00:00:15.068,1572923050413,1.602,-0.002,90.0,0.664,3.0,0.019,19.895,0.005,0.145,120.909,-0.025,-0.532
00:00:15.069,1572923050414,1.602,0.004,90.0,0.664,3.0,0.018000000000000002,19.922,0.005,0.145,121.241,-0.028,-0.532
00:00:15.070,1572923050415,1.602,0.01,90.0,0.664,3.0,0.017,19.95,0.005,0.145,121.594,-0.031,-0.532
00:00:15.126,1572923050471,1.602,0.015,90.0,0.664,3.0,0.017,19.975,0.005,0.145,121.906,-0.034,-0.532
00:00:15.127,1572923050472,1.601,0.02,90.0,0.664,3.0,0.016,20.002,0.005,0.146,122.239,-0.037000000000000005,-0.532
00:00:15.128,1572923050473,1.601,0.024,90.0,0.664,3.0,0.015,20.028,0.005,0.146,122.573,-0.04,-0.532
00:00:15.129,1572923050474,1.601,0.027000000000000003,90.0,0.664,3.0,0.014,20.055,0.004,0.146,122.907,-0.044,-0.532
00:00:15.180,1572923050525,1.601,0.03,90.0,0.664,3.0,0.013,20.083,0.004,0.146,123.262,-0.047,-0.532
00:00:15.181,1572923050526,1.601,0.032,90.0,0.664,3.0,0.012,20.108,0.003,0.146,123.576,-0.05,-0.532
00:00:15.182,1572923050527,1.601,0.034,90.0,0.664,3.0,0.011,20.135,0.003,0.147,123.912,-0.053,-0.532
00:00:15.230,1572923050575,1.601,0.036000000000000004,90.0,0.664,3.0,0.009000000000000001,20.162,0.002,0.147,124.247,-0.056,-0.532
00:00:15.231,1572923050576,1.6,0.038,90.0,0.664,3.0,0.008,20.19,0.002,0.147,124.605,-0.06,-0.532
00:00:15.232,1572923050577,1.6,0.04,90.0,0.664,3.0,0.006999999999999999,20.215,0.001,0.147,124.92,-0.062,-0.532
00:00:15.281,1572923050626,1.6,0.043,90.0,0.664,3.0,0.006999999999999999,20.242,0.0,0.147,125.257,-0.066,-0.532
00:00:15.282,1572923050627,1.6,0.046,90.0,0.664,3.0,0.006,20.268,-0.001,0.147,125.595,-0.069,-0.532
00:00:15.283,1572923050628,1.6,0.049,90.0,0.664,3.0,0.005,20.295,-0.001,0.147,125.933,-0.07200000000000001,-0.532
00:00:15.330,1572923050675,1.599,0.053,90.0,0.664,3.0,0.004,20.323,-0.002,0.147,126.293,-0.075,-0.532
00:00:15.331,1572923050676,1.599,0.056,90.0,0.664,3.0,0.003,20.348,-0.002,0.147,126.61,-0.078,-0.532
00:00:15.332,1572923050677,1.598,0.059,90.0,0.664,3.0,0.002,20.375,-0.003,0.14800000000000002,126.95,-0.081,-0.532
00:00:15.389,1572923050734,1.597,0.062,90.0,0.664,3.0,0.001,20.403,-0.003,0.14800000000000002,127.311,-0.084,-0.532
00:00:15.390,1572923050735,1.597,0.065,90.0,0.664,3.0,0.0,20.43,-0.004,0.14800000000000002,127.651,-0.087,-0.532
00:00:15.391,1572923050736,1.596,0.067,90.0,0.664,3.0,-0.001,20.457,-0.004,0.14800000000000002,127.992,-0.09,-0.532
00:00:15.392,1572923050737,1.596,0.068,90.0,0.664,3.0,-0.002,20.483,-0.004,0.14800000000000002,128.333,-0.093,-0.532
00:00:15.439,1572923050784,1.595,0.069,90.0,0.664,3.0,-0.003,20.51,-0.005,0.14800000000000002,128.675,-0.096,-0.532
00:00:15.440,1572923050785,1.595,0.07,90.0,0.664,3.0,-0.003,20.536,-0.005,0.14800000000000002,129.017,-0.099,-0.532
00:00:15.441,1572923050786,1.594,0.07,90.0,0.664,3.0,-0.004,20.561,-0.005,0.149,129.338,-0.102,-0.532
00:00:15.489,1572923050834,1.594,0.071,90.0,0.664,3.0,-0.005,20.588,-0.005,0.149,129.681,-0.105,-0.532
00:00:15.490,1572923050835,1.5930000000000002,0.07,90.0,0.664,3.0,-0.006,20.614,-0.005,0.149,130.024,-0.108,-0.532
00:00:15.491,1572923050836,1.5930000000000002,0.07,90.0,0.664,3.0,-0.006999999999999999,20.642,-0.005,0.149,130.389,-0.111,-0.532
00:00:15.545,1572923050890,1.592,0.07,90.0,0.664,3.0,-0.006999999999999999,20.667,-0.005,0.149,130.71200000000002,-0.114,-0.532
00:00:15.546,1572923050891,1.592,0.07,90.0,0.664,3.0,-0.008,20.694000000000006,-0.005,0.149,131.05700000000002,-0.117,-0.532
00:00:15.547,1572923050892,1.591,0.07,90.0,0.664,3.0,-0.009000000000000001,20.72,-0.005,0.15,131.40200000000002,-0.119,-0.532
00:00:15.596,1572923050941,1.591,0.07,90.0,0.664,3.0,-0.009000000000000001,20.749,-0.005,0.15,131.769,-0.123,-0.532
00:00:15.597,1572923050942,1.59,0.069,90.0,0.664,3.0,-0.01,20.773000000000003,-0.005,0.15,132.093,-0.125,-0.532
00:00:15.598,1572923050943,1.59,0.069,90.0,0.664,3.0,-0.01,20.802,-0.005,0.15,132.461,-0.128,-0.532
00:00:15.646,1572923050991,1.589,0.069,90.0,0.664,3.0,-0.011,20.828000000000007,-0.005,0.15,132.808,-0.131,-0.532
00:00:15.647,1572923050992,1.589,0.069,90.0,0.664,3.0,-0.011,20.853,-0.005,0.15,133.134,-0.134,-0.532
00:00:15.648,1572923050993,1.588,0.069,90.0,0.664,3.0,-0.012,20.881,-0.005,0.151,133.503,-0.136,-0.532
00:00:15.696,1572923051041,1.588,0.068,90.0,0.664,3.0,-0.012,20.907,-0.005,0.151,133.852,-0.139,-0.5329999999999999
00:00:15.697,1572923051042,1.587,0.068,90.0,0.664,3.0,-0.013,20.932,-0.005,0.151,134.179,-0.142,-0.5329999999999999
00:00:15.698,1572923051043,1.587,0.066,90.0,0.664,3.0,-0.013,20.96,-0.005,0.151,134.55,-0.145,-0.5329999999999999
00:00:15.749,1572923051094,1.586,0.065,90.0,0.664,3.0,-0.014,20.987,-0.005,0.151,134.899,-0.147,-0.5329999999999999
00:00:15.750,1572923051095,1.585,0.064,90.0,0.664,3.0,-0.014,21.011,-0.005,0.151,135.227,-0.15,-0.5329999999999999
00:00:15.751,1572923051096,1.585,0.063,90.0,0.664,3.0,-0.014,21.04,-0.005,0.152,135.599,-0.153,-0.5329999999999999
00:00:15.796,1572923051141,1.584,0.063,90.0,0.664,3.0,-0.015,21.066,-0.004,0.152,135.95,-0.155,-0.5329999999999999
00:00:15.797,1572923051142,1.584,0.062,90.0,0.664,3.0,-0.015,21.091,-0.004,0.152,136.28,-0.158,-0.5329999999999999
00:00:15.798,1572923051143,1.5830000000000002,0.061,90.0,0.664,3.0,-0.015,21.119,-0.004,0.152,136.653,-0.161,-0.5329999999999999
00:00:15.846,1572923051191,1.5830000000000002,0.06,90.0,0.664,3.0,-0.016,21.145,-0.004,0.152,137.006,-0.163,-0.5329999999999999
00:00:15.847,1572923051192,1.582,0.06,90.0,0.664,3.0,-0.016,21.17,-0.004,0.152,137.336,-0.166,-0.5329999999999999
00:00:15.848,1572923051193,1.582,0.059,90.0,0.664,3.0,-0.016,21.198,-0.004,0.152,137.711,-0.16899999999999998,-0.5329999999999999
00:00:15.899,1572923051244,1.581,0.06,90.0,0.664,3.0,-0.016,21.224,-0.004,0.152,138.065,-0.171,-0.5329999999999999
00:00:15.900,1572923051245,1.581,0.06,90.0,0.664,3.0,-0.016,21.25,-0.004,0.152,138.41899999999998,-0.174,-0.5329999999999999
00:00:15.901,1572923051246,1.58,0.061,90.0,0.664,3.0,-0.016,21.277,-0.004,0.153,138.773,-0.17600000000000002,-0.5329999999999999
00:00:15.956,1572923051301,1.58,0.063,90.0,0.664,3.0,-0.016,21.303,-0.004,0.153,139.128,-0.179,-0.5329999999999999
00:00:15.957,1572923051302,1.579,0.064,90.0,0.664,3.0,-0.016,21.329,-0.004,0.153,139.483,-0.181,-0.5329999999999999
00:00:15.958,1572923051303,1.579,0.065,90.0,0.664,3.0,-0.017,21.356,-0.004,0.153,139.839,-0.184,-0.5329999999999999
00:00:15.999,1572923051344,1.578,0.065,90.0,0.664,3.0,-0.017,21.382,-0.004,0.153,140.195,-0.18600000000000005,-0.5329999999999999
00:00:16.000,1572923051345,1.577,0.065,90.0,0.664,3.0,-0.017,21.408,-0.004,0.153,140.55200000000002,-0.189,-0.5329999999999999
00:00:16.001,1572923051346,1.577,0.065,90.0,0.664,3.0,-0.017,21.435,-0.004,0.153,140.909,-0.191,-0.5329999999999999
00:00:16.049,1572923051394,1.5759999999999998,0.064,90.0,0.664,3.0,-0.018000000000000002,21.461,-0.004,0.153,141.266,-0.194,-0.5329999999999999
00:00:16.050,1572923051395,1.5759999999999998,0.064,90.0,0.664,3.0,-0.018000000000000002,21.487,-0.004,0.153,141.624,-0.196,-0.5329999999999999
00:00:16.051,1572923051396,1.575,0.063,90.0,0.664,3.0,-0.018000000000000002,21.513,-0.004,0.154,141.982,-0.199,-0.5329999999999999
00:00:16.101,1572923051446,1.575,0.062,90.0,0.664,3.0,-0.018000000000000002,21.54,-0.004,0.154,142.341,-0.201,-0.5329999999999999
00:00:16.102,1572923051447,1.574,0.061,90.0,0.664,3.0,-0.018000000000000002,21.564,-0.004,0.154,142.678,-0.203,-0.5329999999999999
00:00:16.103,1572923051448,1.574,0.061,90.0,0.664,3.0,-0.019,21.592,-0.004,0.154,143.06,-0.206,-0.5329999999999999
00:00:16.149,1572923051494,1.5730000000000002,0.06,90.0,0.664,3.0,-0.019,21.618,-0.004,0.154,143.42,-0.208,-0.5329999999999999
00:00:16.150,1572923051495,1.5730000000000002,0.06,90.0,0.664,3.0,-0.019,21.644,-0.004,0.154,143.781,-0.21,-0.5329999999999999
00:00:16.151,1572923051496,1.5719999999999998,0.06,90.0,0.664,3.0,-0.019,21.671,-0.005,0.154,144.142,-0.213,-0.5329999999999999
00:00:16.199,1572923051544,1.571,0.061,90.0,0.664,3.0,-0.019,21.697,-0.005,0.154,144.503,-0.215,-0.5329999999999999
00:00:16.200,1572923051545,1.571,0.061,90.0,0.664,3.0,-0.019,21.72300000000001,-0.005,0.154,144.865,-0.217,-0.5329999999999999
00:00:16.201,1572923051546,1.57,0.061,90.0,0.664,3.0,-0.019,21.749,-0.005,0.155,145.227,-0.22,-0.5329999999999999
00:00:16.250,1572923051595,1.57,0.061,90.0,0.664,3.0,-0.019,21.775,-0.005,0.155,145.59,-0.222,-0.5329999999999999
00:00:16.251,1572923051596,1.569,0.061,90.0,0.664,3.0,-0.02,21.801,-0.005,0.155,145.953,-0.224,-0.5329999999999999
00:00:16.252,1572923051597,1.569,0.061,90.0,0.664,3.0,-0.02,21.82800000000001,-0.005,0.155,146.317,-0.227,-0.5329999999999999
00:00:16.301,1572923051646,1.568,0.061,90.0,0.664,3.0,-0.02,21.854,-0.005,0.155,146.681,-0.229,-0.5329999999999999
00:00:16.302,1572923051647,1.568,0.06,90.0,0.664,3.0,-0.02,21.878,-0.005,0.155,147.02200000000005,-0.231,-0.5329999999999999
00:00:16.303,1572923051648,1.567,0.06,90.0,0.664,3.0,-0.02,21.906,-0.005,0.155,147.41,-0.233,-0.5329999999999999
00:00:16.351,1572923051696,1.567,0.06,90.0,0.664,3.0,-0.02,21.932,-0.005,0.155,147.775,-0.235,-0.5329999999999999
00:00:16.352,1572923051697,1.5659999999999998,0.06,90.0,0.664,3.0,-0.02,21.958,-0.005,0.156,148.141,-0.238,-0.5329999999999999
00:00:16.353,1572923051698,1.5659999999999998,0.06,90.0,0.664,3.0,-0.02,21.984,-0.005,0.156,148.507,-0.24,-0.5329999999999999
00:00:16.407,1572923051752,1.565,0.059,90.0,0.664,3.0,-0.02,22.01,-0.005,0.156,148.874,-0.242,-0.5329999999999999
00:00:16.408,1572923051753,1.565,0.059,90.0,0.664,3.0,-0.02,22.035,-0.005,0.156,149.218,-0.244,-0.5329999999999999
00:00:16.409,1572923051754,1.564,0.059,90.0,0.664,3.0,-0.02,22.062,-0.005,0.156,149.608,-0.246,-0.5329999999999999
00:00:16.455,1572923051800,1.5630000000000002,0.059,90.0,0.664,3.0,-0.02,22.088,-0.005,0.156,149.976,-0.248,-0.5329999999999999
00:00:16.456,1572923051801,1.5630000000000002,0.059,90.0,0.664,3.0,-0.02,22.113000000000003,-0.005,0.156,150.322,-0.25,-0.5329999999999999
00:00:16.457,1572923051802,1.5619999999999998,0.058,90.0,0.664,3.0,-0.02,22.141,-0.005,0.156,150.713,-0.252,-0.5329999999999999
00:00:16.458,1572923051803,1.5619999999999998,0.057,78.98899999999998,0.664,3.0,-0.02,22.167,-0.005,0.157,151.083,-0.254,-0.5329999999999999
00:00:16.507,1572923051852,1.558,0.057,78.98899999999998,0.664,3.0,-0.02,22.192,-0.005,0.157,151.452,-0.257,-0.5329999999999999
00:00:16.508,1572923051853,1.55,0.056,78.98899999999998,0.664,3.0,-0.02,22.218000000000004,-0.005,0.157,151.822,-0.259,-0.5329999999999999
00:00:16.509,1572923051854,1.538,0.055,78.98899999999998,0.664,3.0,-0.02,22.244,-0.005,0.157,152.19299999999996,-0.261,-0.5329999999999999
00:00:16.557,1572923051902,1.529,0.054000000000000006,78.98899999999998,0.664,3.0,-0.02,22.269,-0.005,0.157,152.564,-0.263,-0.5329999999999999
00:00:16.558,1572923051903,1.524,0.053,78.98899999999998,0.664,3.0,-0.02,22.294,-0.005,0.157,152.935,-0.265,-0.5329999999999999
00:00:16.559,1572923051904,1.516,0.051,5.085,0.664,3.0,-0.02,22.31900000000001,-0.005,0.157,153.30700000000004,-0.267,-0.5329999999999999
00:00:16.606,1572923051951,1.382,0.05,5.085,0.664,3.0,-0.02,22.339,-0.005,0.156,153.679,-0.269,-0.5329999999999999
00:00:16.607,1572923051952,0.927,0.049,5.085,0.664,3.0,-0.02,22.346,-0.005,0.152,154.05200000000005,-0.271,-0.5329999999999999
00:00:16.608,1572923051953,0.364,0.049,5.085,0.664,3.0,-0.02,22.345,-0.005,0.146,154.424,-0.273,-0.5329999999999999
00:00:16.657,1572923052002,0.086,0.049,5.085,0.664,3.0,-0.02,22.345,-0.005,0.138,154.796,-0.274,-0.5329999999999999
00:00:16.658,1572923052003,0.061,0.047,5.085,0.664,3.0,-0.02,22.347,-0.005,0.129,155.16899999999995,-0.276,-0.5329999999999999
00:00:16.659,1572923052004,0.108,0.045,0.983,0.664,3.0,-0.02,22.349,-0.004,0.119,155.541,-0.278,-0.5329999999999999
00:00:16.708,1572923052053,0.064,0.043,0.983,0.664,3.0,-0.02,22.349,-0.004,0.108,155.914,-0.28,-0.5329999999999999
00:00:16.709,1572923052054,-0.066,0.041,0.983,0.664,3.0,-0.02,22.346,-0.004,0.097,156.286,-0.282,-0.5329999999999999
00:00:16.710,1572923052055,-0.106,0.039,0.983,0.664,3.0,-0.02,22.344,-0.004,0.084,156.659,-0.284,-0.5329999999999999
00:00:16.760,1572923052105,-0.118,0.037000000000000005,0.983,0.664,3.0,-0.019,22.342,-0.004,0.071,157.031,-0.28600000000000003,-0.5329999999999999
00:00:16.761,1572923052106,-0.139,0.036000000000000004,0.983,0.664,3.0,-0.019,22.34,-0.004,0.058,157.403,-0.28800000000000003,-0.5329999999999999
00:00:16.762,1572923052107,-0.157,0.034,0.983,0.664,3.0,-0.019,22.337,-0.004,0.044,157.776,-0.29,-0.532
00:00:16.809,1572923052154,-0.171,0.033,0.983,0.664,3.0,-0.019,22.334,-0.003,0.03,158.148,-0.29100000000000004,-0.532
00:00:16.810,1572923052155,-0.183,0.032,0.983,0.664,3.0,-0.018000000000000002,22.331,-0.003,0.017,158.52,-0.293,-0.532
00:00:16.811,1572923052156,-0.192,0.03,0.983,0.664,3.0,-0.018000000000000002,22.327,-0.003,0.003,158.892,-0.295,-0.532
00:00:16.859,1572923052204,-0.202,0.029,0.983,0.664,3.0,-0.018000000000000002,22.324,-0.003,-0.01,159.264,-0.297,-0.532
00:00:16.860,1572923052205,-0.21,0.028,0.983,0.664,3.0,-0.018000000000000002,22.32,-0.003,-0.023,159.636,-0.299,-0.532
00:00:16.861,1572923052206,-0.218,0.027000000000000003,0.983,0.664,3.0,-0.017,22.316,-0.003,-0.036000000000000004,160.00799999999995,-0.3,-0.531
00:00:16.909,1572923052254,-0.225,0.026,0.983,0.664,3.0,-0.017,22.313,-0.002,-0.048,160.38,-0.302,-0.531
00:00:16.910,1572923052255,-0.231,0.025,0.983,0.664,3.0,-0.017,22.309,-0.002,-0.059,160.752,-0.304,-0.531
00:00:16.911,1572923052256,-0.237,0.024,0.983,0.664,3.0,-0.016,22.305,-0.002,-0.07,161.124,-0.306,-0.531
00:00:16.963,1572923052308,-0.242,0.023,0.983,0.664,3.0,-0.016,22.3,-0.002,-0.08,161.496,-0.308,-0.531
00:00:16.964,1572923052309,-0.247,0.022,0.983,0.664,3.0,-0.016,22.296,-0.002,-0.09,161.86700000000005,-0.309,-0.531
00:00:16.965,1572923052310,-0.251,0.021,0.983,0.664,3.0,-0.015,22.292,-0.002,-0.098,162.239,-0.311,-0.531
00:00:17.010,1572923052355,-0.255,0.021,0.983,0.664,3.0,-0.015,22.288,-0.001,-0.106,162.61,-0.313,-0.531
00:00:17.011,1572923052356,-0.259,0.021,0.983,0.664,3.0,-0.015,22.283,-0.001,-0.112,162.982,-0.315,-0.531
00:00:17.012,1572923052357,-0.262,0.02,0.983,0.664,3.0,-0.015,22.279,-0.001,-0.118,163.35299999999995,-0.316,-0.531
00:00:17.062,1572923052407,-0.265,0.02,0.983,0.664,3.0,-0.014,22.274,-0.001,-0.123,163.724,-0.318,-0.531
00:00:17.063,1572923052408,-0.268,0.02,0.983,0.664,3.0,-0.014,22.27,-0.001,-0.126,164.09599999999998,-0.32,-0.531
00:00:17.064,1572923052409,-0.271,0.019,0.983,0.664,3.0,-0.014,22.265,-0.001,-0.129,164.467,-0.322,-0.531
00:00:17.111,1572923052456,-0.273,0.019,0.983,0.664,3.0,-0.013,22.261,-0.001,-0.13,164.838,-0.32299999999999995,-0.531
00:00:17.112,1572923052457,-0.274,0.019,0.983,0.664,3.0,-0.013,22.256,-0.001,-0.131,165.209,-0.325,-0.531
00:00:17.113,1572923052458,-0.276,0.019,0.983,0.664,3.0,-0.013,22.252,-0.001,-0.131,165.58,-0.327,-0.532
00:00:17.162,1572923052507,-0.278,0.02,0.983,0.664,3.0,-0.013,22.247,-0.001,-0.13,165.95,-0.328,-0.532
00:00:17.163,1572923052508,-0.279,0.02,0.983,0.664,3.0,-0.013,22.242,-0.001,-0.128,166.321,-0.33,-0.532
00:00:17.164,1572923052509,-0.28,0.02,0.983,0.664,3.0,-0.012,22.238000000000003,-0.001,-0.126,166.692,-0.332,-0.5329999999999999
00:00:17.213,1572923052558,-0.281,0.021,0.983,0.664,3.0,-0.012,22.233,-0.001,-0.124,167.062,-0.334,-0.5329999999999999
00:00:17.214,1572923052559,-0.28300000000000003,0.021,0.983,0.664,3.0,-0.012,22.228,-0.001,-0.121,167.433,-0.335,-0.5329999999999999
00:00:17.215,1572923052560,-0.284,0.022,0.983,0.664,3.0,-0.012,22.22300000000001,-0.001,-0.118,167.803,-0.337,-0.5329999999999999
00:00:17.263,1572923052608,-0.285,0.022,0.983,0.664,3.0,-0.012,22.219,-0.001,-0.114,168.174,-0.339,-0.534
00:00:17.264,1572923052609,-0.28600000000000003,0.023,0.983,0.664,3.0,-0.012,22.214,-0.001,-0.111,168.544,-0.34,-0.534
00:00:17.265,1572923052610,-0.28600000000000003,0.024,1.13,0.664,3.0,-0.012,22.209,-0.001,-0.108,168.91400000000004,-0.342,-0.534
00:00:17.313,1572923052658,-0.284,0.026,1.13,0.664,3.0,-0.012,22.205,-0.001,-0.104,169.28400000000005,-0.343,-0.534
00:00:17.314,1572923052659,-0.28300000000000003,0.028,1.13,0.664,3.0,-0.011,22.2,-0.001,-0.101,169.65400000000002,-0.345,-0.534
00:00:17.315,1572923052660,-0.28300000000000003,0.031,1.13,0.664,3.0,-0.011,22.195,-0.001,-0.098,170.024,-0.34700000000000003,-0.535
00:00:17.363,1572923052708,-0.284,0.035,1.13,0.664,3.0,-0.011,22.19,-0.001,-0.094,170.394,-0.348,-0.535
00:00:17.364,1572923052709,-0.284,0.039,1.13,0.664,3.0,-0.011,22.186,-0.001,-0.092,170.764,-0.35,-0.535
00:00:17.365,1572923052710,-0.28300000000000003,0.044,2.302,0.664,3.0,-0.011,22.181,-0.001,-0.08900000000000001,171.134,-0.35200000000000004,-0.535
00:00:17.414,1572923052759,-0.271,0.048,2.302,0.664,3.0,-0.011,22.177,-0.001,-0.086,171.503,-0.353,-0.535
00:00:17.415,1572923052760,-0.253,0.053,2.302,0.664,3.0,-0.011,22.173,-0.001,-0.084,171.873,-0.355,-0.535
00:00:17.416,1572923052761,-0.239,0.058,2.302,0.664,3.0,-0.011,22.169,-0.001,-0.08199999999999999,172.24200000000005,-0.35600000000000004,-0.535
00:00:17.470,1572923052815,-0.242,0.065,2.302,0.664,3.0,-0.012,22.165,-0.001,-0.08,172.612,-0.358,-0.535
00:00:17.471,1572923052816,-0.242,0.071,2.302,0.664,3.0,-0.012,22.161,-0.001,-0.078,172.981,-0.359,-0.535
00:00:17.472,1572923052817,-0.243,0.077,4.646,0.664,3.0,-0.013,22.157,-0.001,-0.076,173.351,-0.361,-0.535
00:00:17.518,1572923052863,-0.238,0.08199999999999999,4.646,0.664,3.0,-0.013,22.153,-0.001,-0.075,173.72,-0.362,-0.535
00:00:17.519,1572923052864,-0.224,0.086,4.646,0.664,3.0,-0.014,22.149,-0.001,-0.07400000000000001,174.08900000000003,-0.364,-0.535
00:00:17.520,1572923052865,-0.209,0.08900000000000001,4.646,0.664,3.0,-0.015,22.146,-0.001,-0.07200000000000001,174.458,-0.365,-0.535
00:00:17.578,1572923052923,-0.194,0.092,4.646,0.664,3.0,-0.016,22.143,-0.001,-0.071,174.827,-0.366,-0.535
00:00:17.579,1572923052924,-0.181,0.096,4.646,0.664,3.0,-0.016,22.14,-0.002,-0.07,175.196,-0.368,-0.535
00:00:17.583,1572923052928,-0.172,0.099,8.821,0.664,3.0,-0.017,22.137,-0.002,-0.069,175.565,-0.369,-0.535
00:00:17.584,1572923052929,-0.161,0.103,8.821,0.664,3.0,-0.018000000000000002,22.135,-0.003,-0.068,175.93400000000003,-0.37,-0.535
00:00:17.629,1572923052974,-0.13699999999999998,0.106,8.821,0.664,3.0,-0.019,22.13300000000001,-0.003,-0.067,176.303,-0.3720000000000001,-0.535
00:00:17.630,1572923052975,-0.1,0.108,8.821,0.664,3.0,-0.02,22.132,-0.004,-0.066,176.672,-0.373,-0.535
00:00:17.631,1572923052976,-0.063,0.111,8.821,0.664,3.0,-0.021,22.131,-0.004,-0.064,177.041,-0.374,-0.535
00:00:17.679,1572923053024,-0.035,0.115,8.821,0.664,3.0,-0.021,22.131,-0.005,-0.063,177.41,-0.375,-0.535
00:00:17.680,1572923053025,-0.019,0.118,9.919,0.664,3.0,-0.022,22.131,-0.005,-0.061,177.778,-0.376,-0.535
00:00:17.681,1572923053026,-0.012,0.121,9.919,0.664,3.0,-0.023,22.131,-0.006,-0.06,178.14700000000005,-0.378,-0.535
00:00:17.736,1572923053081,-0.01,0.123,9.919,0.664,3.0,-0.024,22.131,-0.006,-0.059,178.40099999999995,-0.378,-0.534
00:00:17.737,1572923053082,-0.006999999999999999,0.126,9.919,0.664,3.0,-0.025,22.131,-0.006999999999999999,-0.057,178.793,-0.379,-0.534
00:00:17.738,1572923053083,-0.005,0.128,9.919,0.664,3.0,-0.026,22.131,-0.006999999999999999,-0.055,179.162,-0.38,-0.534
00:00:17.788,1572923053133,-0.003,0.13,9.919,0.664,3.0,-0.027000000000000003,22.131,-0.008,-0.053,179.53099999999995,-0.381,-0.534
00:00:17.789,1572923053134,-0.002,0.131,13.288,0.664,3.0,-0.028,22.131,-0.008,-0.052000000000000005,179.899,-0.382,-0.534
00:00:17.790,1572923053135,0.002,0.133,13.288,0.664,3.0,-0.028,22.131,-0.008,-0.05,180.268,-0.383,-0.534
00:00:17.791,1572923053136,0.017,0.135,13.288,0.664,3.0,-0.029,22.131,-0.009000000000000001,-0.048,180.637,-0.384,-0.534
00:00:17.839,1572923053184,0.045,0.136,13.288,0.664,3.0,-0.03,22.13300000000001,-0.009000000000000001,-0.046,181.006,-0.385,-0.534
00:00:17.840,1572923053185,0.076,0.13699999999999998,13.288,0.664,3.0,-0.031,22.134,-0.009000000000000001,-0.045,181.375,-0.386,-0.534
00:00:17.841,1572923053186,0.102,0.138,13.288,0.664,3.0,-0.032,22.136,-0.009000000000000001,-0.043,181.74400000000003,-0.387,-0.534
00:00:17.890,1572923053235,0.119,0.139,15.486,0.664,3.0,-0.032,22.138,-0.01,-0.041,182.113,-0.387,-0.534
00:00:17.891,1572923053236,0.131,0.139,15.486,0.664,3.0,-0.033,22.141,-0.01,-0.039,182.482,-0.388,-0.534
00:00:17.892,1572923053237,0.14400000000000002,0.139,15.486,0.664,3.0,-0.034,22.143,-0.01,-0.037000000000000005,182.851,-0.389,-0.534
00:00:17.940,1572923053285,0.16,0.138,15.486,0.664,3.0,-0.034,22.146,-0.01,-0.034,183.22,-0.389,-0.534
00:00:17.941,1572923053286,0.17600000000000002,0.13699999999999998,15.486,0.664,3.0,-0.035,22.149,-0.01,-0.032,183.58900000000003,-0.39,-0.534
00:00:17.942,1572923053287,0.189,0.135,15.486,0.664,3.0,-0.035,22.153,-0.01,-0.03,183.958,-0.39,-0.534
00:00:17.990,1572923053335,0.199,0.133,17.317,0.664,3.0,-0.036000000000000004,22.156,-0.01,-0.028,184.327,-0.391,-0.534
00:00:17.991,1572923053336,0.209,0.131,17.317,0.664,3.0,-0.037000000000000005,22.16,-0.01,-0.026,184.697,-0.391,-0.534
00:00:17.992,1572923053337,0.222,0.128,17.317,0.664,3.0,-0.037000000000000005,22.164,-0.01,-0.024,185.066,-0.392,-0.534
00:00:18.040,1572923053385,0.238,0.125,17.317,0.664,3.0,-0.038,22.16800000000001,-0.01,-0.022,185.435,-0.392,-0.534
00:00:18.041,1572923053386,0.255,0.123,17.317,0.664,3.0,-0.038,22.172,-0.01,-0.02,185.805,-0.392,-0.534
00:00:18.042,1572923053387,0.269,0.121,17.317,0.664,3.0,-0.038,22.177,-0.01,-0.018000000000000002,186.174,-0.393,-0.534
00:00:18.090,1572923053435,0.279,0.119,17.756,0.664,3.0,-0.038,22.182,-0.01,-0.016,186.544,-0.393,-0.534
00:00:18.091,1572923053436,0.285,0.117,17.756,0.664,3.0,-0.039,22.187,-0.009000000000000001,-0.014,186.914,-0.393,-0.534
00:00:18.092,1572923053437,0.29,0.115,17.756,0.664,3.0,-0.039,22.192,-0.009000000000000001,-0.012,187.284,-0.393,-0.534
00:00:18.142,1572923053487,0.294,0.114,17.756,0.664,3.0,-0.039,22.196,-0.009000000000000001,-0.01,187.654,-0.394,-0.534
00:00:18.143,1572923053488,0.298,0.112,17.756,0.664,3.0,-0.039,22.201,-0.009000000000000001,-0.009000000000000001,188.024,-0.394,-0.534
00:00:18.144,1572923053489,0.3,0.111,17.756,0.664,3.0,-0.039,22.206,-0.009000000000000001,-0.008,188.394,-0.394,-0.534
00:00:18.193,1572923053538,0.301,0.11,18.123,0.664,3.0,-0.039,22.212,-0.008,-0.006,188.764,-0.394,-0.534
00:00:18.194,1572923053539,0.302,0.108,18.123,0.664,3.0,-0.039,22.217,-0.008,-0.005,189.134,-0.394,-0.534
00:00:18.195,1572923053540,0.304,0.107,18.123,0.664,3.0,-0.039,22.222,-0.008,-0.004,189.504,-0.394,-0.534
00:00:18.252,1572923053597,0.307,0.105,18.123,0.664,3.0,-0.039,22.227,-0.006999999999999999,-0.004,189.875,-0.394,-0.534
00:00:18.253,1572923053598,0.311,0.104,18.123,0.664,3.0,-0.039,22.232,-0.006999999999999999,-0.003,190.245,-0.394,-0.534
00:00:18.254,1572923053599,0.313,0.102,18.123,0.664,3.0,-0.039,22.237,-0.006999999999999999,-0.003,190.616,-0.394,-0.534
00:00:18.299,1572923053644,0.315,0.101,18.782,0.664,3.0,-0.039,22.243,-0.006999999999999999,-0.002,190.986,-0.394,-0.534
00:00:18.300,1572923053645,0.318,0.101,18.782,0.664,3.0,-0.039,22.248,-0.006999999999999999,-0.002,191.357,-0.394,-0.534
00:00:18.301,1572923053646,0.322,0.1,18.782,0.664,3.0,-0.038,22.253,-0.006,-0.002,191.728,-0.394,-0.534
00:00:18.349,1572923053694,0.328,0.1,18.782,0.664,3.0,-0.038,22.259,-0.006,-0.002,192.099,-0.393,-0.534
00:00:18.350,1572923053695,0.335,0.1,18.782,0.664,3.0,-0.038,22.265,-0.006,-0.002,192.47,-0.393,-0.534
00:00:18.351,1572923053696,0.34,0.1,18.782,0.664,3.0,-0.038,22.27,-0.006,-0.002,192.841,-0.393,-0.534
00:00:18.399,1572923053744,0.344,0.101,19.954,0.664,3.0,-0.038,22.276,-0.006,-0.002,193.212,-0.393,-0.534
00:00:18.400,1572923053745,0.349,0.102,19.954,0.664,3.0,-0.038,22.282,-0.005,-0.002,193.584,-0.392,-0.534
00:00:18.401,1572923053746,0.35700000000000004,0.103,19.954,0.664,3.0,-0.037000000000000005,22.288,-0.005,-0.002,193.955,-0.392,-0.534
00:00:18.449,1572923053794,0.368,0.105,19.954,0.664,3.0,-0.037000000000000005,22.294,-0.005,-0.002,194.327,-0.392,-0.534
00:00:18.450,1572923053795,0.38,0.106,19.954,0.664,3.0,-0.037000000000000005,22.301,-0.005,-0.002,194.698,-0.391,-0.534
00:00:18.451,1572923053796,0.39,0.107,19.954,0.664,3.0,-0.037000000000000005,22.307,-0.005,-0.002,195.07,-0.391,-0.534
00:00:18.499,1572923053844,0.397,0.109,20.613000000000003,0.664,3.0,-0.037000000000000005,22.314,-0.005,-0.001,195.442,-0.391,-0.534
00:00:18.500,1572923053845,0.401,0.11,20.613000000000003,0.664,3.0,-0.037000000000000005,22.321,-0.005,-0.001,195.814,-0.39,-0.534
00:00:18.501,1572923053846,0.404,0.111,20.613000000000003,0.664,3.0,-0.037000000000000005,22.32800000000001,-0.005,-0.001,196.186,-0.39,-0.534
00:00:18.550,1572923053895,0.407,0.112,20.613000000000003,0.664,3.0,-0.038,22.334,-0.005,0.0,196.558,-0.389,-0.534
00:00:18.551,1572923053896,0.408,0.113,20.613000000000003,0.664,3.0,-0.038,22.341,-0.005,0.0,196.93,-0.389,-0.534
00:00:18.552,1572923053897,0.409,0.114,20.613000000000003,0.664,3.0,-0.038,22.34800000000001,-0.006,0.001,197.303,-0.388,-0.534
00:00:18.601,1572923053946,0.409,0.115,21.492,0.664,3.0,-0.038,22.355,-0.006,0.001,197.675,-0.387,-0.534
00:00:18.602,1572923053947,0.41,0.116,21.492,0.664,3.0,-0.038,22.362,-0.006,0.002,198.048,-0.387,-0.534
00:00:18.603,1572923053948,0.411,0.117,21.492,0.664,3.0,-0.038,22.369,-0.006,0.002,198.421,-0.386,-0.534
00:00:18.658,1572923054003,0.414,0.119,21.492,0.664,3.0,-0.038,22.376,-0.006,0.003,198.794,-0.385,-0.534
00:00:18.659,1572923054004,0.416,0.12,21.492,0.664,3.0,-0.039,22.38300000000001,-0.006999999999999999,0.003,199.167,-0.385,-0.534
00:00:18.660,1572923054005,0.418,0.122,21.492,0.664,3.0,-0.039,22.39,-0.006999999999999999,0.004,199.54,-0.384,-0.534
00:00:18.661,1572923054006,0.42,0.123,22.298,0.664,3.0,-0.039,22.397,-0.006999999999999999,0.004,199.913,-0.383,-0.534
00:00:18.708,1572923054053,0.421,0.125,22.298,0.664,3.0,-0.039,22.404,-0.006999999999999999,0.005,200.286,-0.382,-0.534
00:00:18.709,1572923054054,0.423,0.126,22.298,0.664,3.0,-0.039,22.411,-0.006999999999999999,0.005,200.66,-0.381,-0.534
00:00:18.710,1572923054055,0.426,0.127,22.298,0.664,3.0,-0.04,22.41800000000001,-0.008,0.006,201.057,-0.38,-0.534
00:00:18.758,1572923054103,0.428,0.128,22.298,0.664,3.0,-0.04,22.425,-0.008,0.006,201.407,-0.379,-0.534
00:00:18.759,1572923054104,0.43,0.129,22.298,0.664,3.0,-0.04,22.432,-0.008,0.006999999999999999,201.781,-0.378,-0.534
00:00:18.760,1572923054105,0.43,0.129,22.44400000000001,1.128,3.0,-0.04,22.439,-0.008,0.006999999999999999,202.155,-0.377,-0.534
00:00:18.808,1572923054153,0.426,0.129,22.44400000000001,1.128,3.0,-0.041,22.447,-0.008,0.008,202.552,-0.376,-0.534
00:00:18.809,1572923054154,0.423,0.129,22.44400000000001,1.128,3.0,-0.041,22.45300000000001,-0.008,0.008,202.903,-0.375,-0.534
00:00:18.810,1572923054155,0.421,0.128,22.44400000000001,1.128,3.0,-0.041,22.46,-0.009000000000000001,0.008,203.277,-0.374,-0.534
00:00:18.858,1572923054203,0.42,0.127,22.44400000000001,1.128,3.0,-0.041,22.467,-0.009000000000000001,0.008,203.651,-0.373,-0.534
00:00:18.859,1572923054204,0.42,0.126,22.44400000000001,1.128,3.0,-0.042,22.474,-0.009000000000000001,0.009000000000000001,204.026,-0.3720000000000001,-0.534
00:00:18.860,1572923054205,0.421,0.126,22.664,0.664,3.0,-0.042,22.481,-0.009000000000000001,0.009000000000000001,204.401,-0.37,-0.534
00:00:18.914,1572923054259,0.425,0.125,22.664,0.664,3.0,-0.042,22.489,-0.009000000000000001,0.009000000000000001,204.775,-0.369,-0.534
00:00:18.915,1572923054260,0.43,0.125,22.664,0.664,3.0,-0.042,22.496,-0.009000000000000001,0.009000000000000001,205.15,-0.368,-0.534
00:00:18.916,1572923054261,0.4320000000000001,0.124,22.664,0.664,3.0,-0.042,22.503,-0.009000000000000001,0.009000000000000001,205.549,-0.366,-0.534
00:00:18.964,1572923054309,0.433,0.124,22.664,0.664,3.0,-0.042,22.51,-0.009000000000000001,0.009000000000000001,205.9,-0.365,-0.534
00:00:18.965,1572923054310,0.434,0.123,22.664,0.664,3.0,-0.042,22.517,-0.009000000000000001,0.009000000000000001,206.276,-0.364,-0.534
00:00:18.966,1572923054311,0.434,0.123,22.81,0.664,3.0,-0.043,22.525,-0.009000000000000001,0.009000000000000001,206.651,-0.362,-0.534
00:00:19.011,1572923054356,0.434,0.123,22.81,0.664,3.0,-0.043,22.532,-0.009000000000000001,0.009000000000000001,207.026,-0.361,-0.534
00:00:19.012,1572923054357,0.435,0.122,22.81,0.664,3.0,-0.043,22.539,-0.009000000000000001,0.009000000000000001,207.402,-0.359,-0.534
00:00:19.013,1572923054358,0.435,0.122,22.81,0.664,3.0,-0.043,22.546,-0.009000000000000001,0.008,207.778,-0.358,-0.534
00:00:19.061,1572923054406,0.435,0.121,22.81,0.664,3.0,-0.043,22.554,-0.009000000000000001,0.008,208.154,-0.35600000000000004,-0.534
00:00:19.062,1572923054407,0.435,0.12,22.81,0.664,3.0,-0.043,22.561,-0.009000000000000001,0.008,208.529,-0.354,-0.534
00:00:19.063,1572923054408,0.435,0.119,23.762,0.664,3.0,-0.043,22.568,-0.009000000000000001,0.008,208.906,-0.353,-0.534
00:00:19.111,1572923054456,0.436,0.118,23.762,0.664,3.0,-0.043,22.575,-0.009000000000000001,0.008,209.282,-0.35100000000000003,-0.534
00:00:19.112,1572923054457,0.438,0.116,23.762,0.664,3.0,-0.043,22.583,-0.008,0.008,209.658,-0.349,-0.534
00:00:19.113,1572923054458,0.441,0.115,23.762,0.664,3.0,-0.043,22.59,-0.008,0.008,210.034,-0.348,-0.534
00:00:19.161,1572923054506,0.444,0.114,23.762,0.664,3.0,-0.043,22.59800000000001,-0.008,0.008,210.435,-0.34600000000000003,-0.534
00:00:19.162,1572923054507,0.447,0.112,23.762,0.664,3.0,-0.043,22.605,-0.008,0.008,210.788,-0.344,-0.534
00:00:19.163,1572923054508,0.449,0.111,24.788,0.664,3.0,-0.042,22.613000000000003,-0.008,0.008,211.165,-0.342,-0.534
00:00:19.211,1572923054556,0.451,0.109,24.788,0.664,3.0,-0.042,22.621,-0.008,0.008,211.565,-0.34,-0.534
00:00:19.212,1572923054557,0.454,0.108,24.788,0.664,3.0,-0.042,22.628,-0.008,0.008,211.919,-0.338,-0.534
00:00:19.213,1572923054558,0.457,0.107,24.788,0.664,3.0,-0.042,22.635,-0.008,0.009000000000000001,212.296,-0.336,-0.534
00:00:19.262,1572923054607,0.461,0.106,24.788,0.664,3.0,-0.042,22.643,-0.008,0.009000000000000001,212.673,-0.334,-0.534
00:00:19.263,1572923054608,0.464,0.105,24.788,0.664,3.0,-0.042,22.651,-0.008,0.009000000000000001,213.05,-0.332,-0.534
00:00:19.264,1572923054609,0.466,0.104,25.813,0.664,3.0,-0.042,22.659,-0.008,0.009000000000000001,213.428,-0.33,-0.534
00:00:19.313,1572923054658,0.468,0.103,25.813,0.664,3.0,-0.042,22.667,-0.008,0.01,213.806,-0.328,-0.534
00:00:19.314,1572923054659,0.47,0.103,25.813,0.664,3.0,-0.041,22.674,-0.006999999999999999,0.01,214.18400000000003,-0.326,-0.534
00:00:19.315,1572923054660,0.474,0.102,25.813,0.664,3.0,-0.041,22.682,-0.006999999999999999,0.01,214.562,-0.324,-0.534
00:00:19.364,1572923054709,0.478,0.101,25.813,0.664,3.0,-0.041,22.691,-0.006999999999999999,0.011,214.963,-0.322,-0.534
00:00:19.365,1572923054710,0.48,0.099,25.813,0.664,3.0,-0.041,22.698,-0.006999999999999999,0.011,215.318,-0.32,-0.534
00:00:19.366,1572923054711,0.482,0.097,26.765,0.664,3.0,-0.041,22.706,-0.006999999999999999,0.011,215.696,-0.318,-0.534
00:00:19.415,1572923054760,0.484,0.094,26.765,0.664,3.0,-0.041,22.715,-0.006999999999999999,0.012,216.098,-0.315,-0.534
00:00:19.422,1572923054767,0.487,0.09,26.765,0.664,3.0,-0.041,22.72300000000001,-0.006999999999999999,0.012,216.453,-0.313,-0.534
00:00:19.423,1572923054768,0.491,0.086,26.765,0.664,3.0,-0.041,22.731,-0.006999999999999999,0.013,216.856,-0.311,-0.534
00:00:19.471,1572923054816,0.494,0.081,26.765,0.664,3.0,-0.041,22.739,-0.008,0.013,217.211,-0.308,-0.534
00:00:19.472,1572923054817,0.4970000000000001,0.076,26.765,0.664,3.0,-0.04,22.748,-0.008,0.014,217.59,-0.306,-0.534
00:00:19.473,1572923054818,0.499,0.07,26.985,0.664,3.0,-0.04,22.756,-0.008,0.014,217.969,-0.304,-0.534
00:00:19.521,1572923054866,0.5,0.065,26.985,0.664,3.0,-0.04,22.765,-0.008,0.015,218.372,-0.301,-0.534
00:00:19.522,1572923054867,0.501,0.06,26.985,0.664,3.0,-0.039,22.773000000000003,-0.008,0.015,218.728,-0.299,-0.534
00:00:19.523,1572923054868,0.501,0.056,26.985,0.664,3.0,-0.039,22.781,-0.008,0.016,219.108,-0.297,-0.534
00:00:19.571,1572923054916,0.502,0.053,26.985,0.664,3.0,-0.038,22.79,-0.008,0.017,219.511,-0.294,-0.534
00:00:19.572,1572923054917,0.502,0.051,26.985,0.664,3.0,-0.037000000000000005,22.798,-0.008,0.017,219.891,-0.292,-0.534
00:00:19.573,1572923054918,0.502,0.049,27.498,0.664,3.0,-0.036000000000000004,22.806,-0.008,0.017,220.247,-0.289,-0.534
00:00:19.574,1572923054919,0.502,0.049,27.498,0.664,3.0,-0.035,22.814,-0.006999999999999999,0.018000000000000002,220.628,-0.287,-0.534
00:00:19.621,1572923054966,0.503,0.048,27.498,0.664,3.0,-0.034,22.823,-0.006999999999999999,0.018000000000000002,221.008,-0.284,-0.534
00:00:19.622,1572923054967,0.505,0.047,27.498,0.664,3.0,-0.033,22.832,-0.006,0.018000000000000002,221.412,-0.282,-0.534
00:00:19.623,1572923054968,0.507,0.046,27.498,0.664,3.0,-0.033,22.84,-0.006,0.019,221.793,-0.279,-0.534
00:00:19.672,1572923055017,0.508,0.044,27.498,0.664,3.0,-0.032,22.84800000000001,-0.005,0.019,222.15,-0.277,-0.534
00:00:19.673,1572923055018,0.509,0.042,27.498,0.664,3.0,-0.031,22.857,-0.005,0.019,222.53,-0.274,-0.534
00:00:19.674,1572923055019,0.51,0.039,27.498,0.664,3.0,-0.03,22.866,-0.004,0.019,222.935,-0.272,-0.534
00:00:19.727,1572923055072,0.51,0.036000000000000004,27.498,0.664,3.0,-0.03,22.874,-0.004,0.019,223.316,-0.269,-0.534
00:00:19.728,1572923055073,0.51,0.033,27.498,0.664,3.0,-0.029,22.882,-0.004,0.019,223.674,-0.267,-0.534
00:00:19.729,1572923055074,0.509,0.029,27.498,0.664,3.0,-0.029,22.891,-0.003,0.019,224.055,-0.264,-0.534
00:00:19.774,1572923055119,0.509,0.026,27.498,0.664,3.0,-0.028,22.9,-0.003,0.019,224.461,-0.261,-0.534
00:00:19.775,1572923055120,0.508,0.022,27.498,0.664,3.0,-0.027000000000000003,22.908,-0.003,0.019,224.842,-0.259,-0.534
00:00:19.776,1572923055121,0.508,0.018000000000000002,27.498,0.664,3.0,-0.027000000000000003,22.917,-0.003,0.019,225.224,-0.256,-0.534
00:00:19.829,1572923055174,0.508,0.015,27.498,0.664,3.0,-0.026,22.925,-0.003,0.019,225.606,-0.254,-0.534
00:00:19.830,1572923055175,0.507,0.012,27.498,0.664,3.0,-0.025,22.933000000000003,-0.002,0.019,225.988,-0.251,-0.534
00:00:19.831,1572923055176,0.507,0.01,27.498,0.664,3.0,-0.025,22.942,-0.002,0.019,226.371,-0.249,-0.534
00:00:19.877,1572923055222,0.507,0.008,27.498,0.664,3.0,-0.024,22.95,-0.002,0.019,226.753,-0.246,-0.534
00:00:19.878,1572923055223,0.507,0.006999999999999999,27.644,0.664,3.0,-0.023,22.959,-0.002,0.019,227.136,-0.243,-0.534
00:00:19.879,1572923055224,0.506,0.006,27.644,0.664,3.0,-0.022,22.967,-0.002,0.019,227.518,-0.241,-0.534
00:00:19.931,1572923055276,0.507,0.006,27.644,0.664,3.0,-0.021,22.976,-0.002,0.019,227.901,-0.238,-0.534
00:00:19.932,1572923055277,0.507,0.006,27.644,0.664,3.0,-0.02,22.984,-0.001,0.019,228.284,-0.236,-0.534
00:00:19.933,1572923055278,0.507,0.006999999999999999,27.644,0.664,3.0,-0.02,22.993,-0.001,0.019,228.667,-0.233,-0.534
00:00:19.977,1572923055322,0.508,0.006999999999999999,27.644,0.664,3.0,-0.019,23.001,-0.001,0.018000000000000002,229.027,-0.23,-0.534
00:00:19.978,1572923055323,0.508,0.006999999999999999,29.109,0.664,3.0,-0.018000000000000002,23.01,-0.001,0.018000000000000002,229.43400000000003,-0.228,-0.534
00:00:19.979,1572923055324,0.509,0.006999999999999999,29.109,0.664,3.0,-0.017,23.018,-0.001,0.018000000000000002,229.818,-0.225,-0.534
00:00:20.027,1572923055372,0.513,0.006999999999999999,29.109,0.664,3.0,-0.017,23.027,0.0,0.018000000000000002,230.201,-0.222,-0.534
00:00:20.028,1572923055373,0.519,0.006999999999999999,29.109,0.664,3.0,-0.016,23.035,0.0,0.018000000000000002,230.585,-0.22,-0.534
00:00:20.029,1572923055374,0.526,0.006999999999999999,29.109,0.664,3.0,-0.016,23.044,0.0,0.018000000000000002,230.969,-0.217,-0.534
00:00:20.083,1572923055428,0.531,0.006999999999999999,29.109,0.664,3.0,-0.015,23.053,0.0,0.018000000000000002,231.329,-0.215,-0.534
00:00:20.084,1572923055429,0.535,0.006999999999999999,31.16,0.664,3.0,-0.014,23.062,0.0,0.018000000000000002,231.738,-0.212,-0.534
00:00:20.085,1572923055430,0.539,0.006999999999999999,31.16,0.664,3.0,-0.014,23.071,0.0,0.019,232.122,-0.209,-0.534
00:00:20.129,1572923055474,0.5429999999999999,0.006999999999999999,31.16,0.664,3.0,-0.013,23.08,0.0,0.019,232.507,-0.207,-0.534
00:00:20.130,1572923055475,0.5479999999999999,0.006999999999999999,31.16,0.664,3.0,-0.013,23.089,0.0,0.019,232.891,-0.204,-0.534
00:00:20.131,1572923055476,0.5529999999999999,0.006999999999999999,31.16,0.664,3.0,-0.013,23.099,0.001,0.02,233.276,-0.201,-0.534
00:00:20.179,1572923055524,0.557,0.008,31.16,0.664,3.0,-0.012,23.108,0.001,0.02,233.661,-0.199,-0.534
00:00:20.180,1572923055525,0.56,0.008,31.966,0.664,3.0,-0.012,23.117,0.0,0.02,234.046,-0.196,-0.534
00:00:20.181,1572923055526,0.561,0.008,31.966,0.664,3.0,-0.011,23.127,0.0,0.021,234.432,-0.193,-0.534
00:00:20.229,1572923055574,0.562,0.008,31.966,0.664,3.0,-0.011,23.136,0.0,0.022,234.817,-0.191,-0.534
00:00:20.230,1572923055575,0.563,0.008,31.966,0.664,3.0,-0.011,23.146,0.0,0.022,235.203,-0.188,-0.534
00:00:20.231,1572923055576,0.563,0.008,31.966,0.664,3.0,-0.01,23.155,0.0,0.023,235.58900000000003,-0.185,-0.534
00:00:20.280,1572923055625,0.563,0.006999999999999999,31.966,0.664,3.0,-0.01,23.164,0.0,0.023,235.975,-0.183,-0.534
00:00:20.281,1572923055626,0.562,0.006,32.111999999999995,0.664,3.0,-0.01,23.174,0.0,0.024,236.361,-0.18,-0.534
00:00:20.282,1572923055627,0.562,0.004,32.111999999999995,0.664,3.0,-0.01,23.183000000000003,0.0,0.025,236.747,-0.177,-0.534
00:00:20.330,1572923055675,0.562,0.002,32.111999999999995,0.664,3.0,-0.01,23.192,-0.001,0.025,237.134,-0.175,-0.534
00:00:20.331,1572923055676,0.561,-0.001,32.111999999999995,0.664,3.0,-0.01,23.202,-0.001,0.026,237.52,-0.172,-0.534
00:00:20.332,1572923055677,0.561,-0.004,32.111999999999995,0.664,3.0,-0.01,23.211,-0.001,0.026,237.907,-0.16899999999999998,-0.534
00:00:20.381,1572923055726,0.561,-0.006999999999999999,32.111999999999995,0.664,3.0,-0.009000000000000001,23.22,-0.002,0.027000000000000003,238.294,-0.16699999999999998,-0.534
00:00:20.382,1572923055727,0.561,-0.011,31.966,0.664,3.0,-0.009000000000000001,23.23,-0.002,0.027000000000000003,238.681,-0.16399999999999998,-0.534
00:00:20.383,1572923055728,0.561,-0.015,31.966,0.664,3.0,-0.009000000000000001,23.239,-0.002,0.027000000000000003,239.068,-0.161,-0.534
00:00:20.436,1572923055781,0.56,-0.018000000000000002,31.966,0.664,3.0,-0.008,23.248,-0.002,0.027000000000000003,239.456,-0.159,-0.534
00:00:20.437,1572923055782,0.56,-0.021,31.966,0.664,3.0,-0.008,23.25800000000001,-0.002,0.028,239.843,-0.156,-0.534
00:00:20.438,1572923055783,0.5589999999999999,-0.024,31.966,0.664,3.0,-0.006999999999999999,23.267,-0.002,0.028,240.207,-0.153,-0.534
00:00:20.483,1572923055828,0.5589999999999999,-0.027000000000000003,31.966,0.664,3.0,-0.006999999999999999,23.276,-0.002,0.028,240.61900000000003,-0.151,-0.534
00:00:20.484,1572923055829,0.5589999999999999,-0.028,31.966,0.664,3.0,-0.006,23.286,-0.002,0.028,241.007,-0.14800000000000002,-0.534
00:00:20.485,1572923055830,0.5579999999999999,-0.029,31.966,0.664,3.0,-0.005,23.295,-0.002,0.028,241.395,-0.145,-0.534
00:00:20.534,1572923055879,0.5579999999999999,-0.03,31.966,0.664,3.0,-0.004,23.304,-0.002,0.028,241.783,-0.14300000000000002,-0.534
00:00:20.535,1572923055880,0.5579999999999999,-0.03,31.966,0.664,3.0,-0.004,23.314,-0.001,0.028,242.172,-0.14,-0.534
00:00:20.536,1572923055881,0.557,-0.03,31.966,0.664,3.0,-0.003,23.323,-0.001,0.028,242.56,-0.13699999999999998,-0.534
00:00:20.584,1572923055929,0.557,-0.03,31.966,0.664,3.0,-0.002,23.332,0.0,0.028,242.949,-0.135,-0.534
00:00:20.585,1572923055930,0.557,-0.031,31.966,0.664,3.0,-0.002,23.341,0.0,0.027000000000000003,243.338,-0.132,-0.534
00:00:20.586,1572923055931,0.556,-0.033,31.966,0.664,3.0,-0.001,23.351,0.001,0.027000000000000003,243.727,-0.13,-0.534
00:00:20.634,1572923055979,0.556,-0.034,31.966,0.664,3.0,0.0,23.36,0.002,0.027000000000000003,244.116,-0.127,-0.534
00:00:20.635,1572923055980,0.556,-0.036000000000000004,31.966,0.664,3.0,0.0,23.369,0.002,0.027000000000000003,244.506,-0.124,-0.534
00:00:20.636,1572923055981,0.556,-0.039,31.966,0.664,3.0,0.001,23.378,0.003,0.027000000000000003,244.895,-0.122,-0.534
00:00:20.687,1572923056032,0.555,-0.041,31.966,0.664,3.0,0.002,23.388,0.003,0.026,245.285,-0.119,-0.534
00:00:20.688,1572923056033,0.555,-0.043,31.966,0.664,3.0,0.002,23.397,0.003,0.026,245.675,-0.117,-0.534
00:00:20.689,1572923056034,0.555,-0.045,31.966,0.664,3.0,0.003,23.406,0.004,0.026,246.065,-0.114,-0.534
00:00:20.737,1572923056082,0.555,-0.047,31.966,0.664,3.0,0.003,23.415,0.004,0.026,246.455,-0.112,-0.534
00:00:20.738,1572923056083,0.5539999999999999,-0.049,31.966,0.664,3.0,0.004,23.425,0.004,0.026,246.845,-0.109,-0.534
00:00:20.739,1572923056084,0.5539999999999999,-0.05,31.966,0.664,3.0,0.005,23.433000000000003,0.005,0.026,247.212,-0.107,-0.534
00:00:20.788,1572923056133,0.5539999999999999,-0.051,31.966,0.664,3.0,0.005,23.443,0.005,0.025,247.627,-0.104,-0.534
00:00:20.789,1572923056134,0.5539999999999999,-0.051,31.966,0.664,3.0,0.006,23.452,0.005,0.025,248.017,-0.102,-0.534
00:00:20.790,1572923056135,0.5529999999999999,-0.051,31.966,0.664,3.0,0.006,23.462,0.005,0.025,248.408,-0.099,-0.534
00:00:20.791,1572923056136,0.5529999999999999,-0.051,31.966,0.664,3.0,0.006999999999999999,23.471,0.005,0.025,248.799,-0.097,-0.534
00:00:20.839,1572923056184,0.5529999999999999,-0.051,31.966,0.664,3.0,0.006999999999999999,23.479,0.005,0.025,249.166,-0.095,-0.534
00:00:20.840,1572923056185,0.5529999999999999,-0.051,31.966,0.664,3.0,0.008,23.488000000000003,0.005,0.025,249.533,-0.092,-0.534
00:00:20.841,1572923056186,0.552,-0.05,31.966,0.664,3.0,0.008,23.498,0.005,0.025,249.949,-0.09,-0.534
00:00:20.889,1572923056234,0.552,-0.05,31.966,0.664,3.0,0.008,23.507,0.006,0.025,250.341,-0.087,-0.534
00:00:20.890,1572923056235,0.552,-0.05,31.966,0.664,3.0,0.009000000000000001,23.516,0.006,0.024,250.733,-0.085,-0.534
00:00:20.891,1572923056236,0.551,-0.049,31.966,0.664,3.0,0.009000000000000001,23.525,0.005,0.024,251.125,-0.083,-0.534
00:00:20.940,1572923056285,0.551,-0.048,31.966,0.664,3.0,0.01,23.535,0.005,0.024,251.517,-0.08,-0.534
00:00:20.941,1572923056286,0.551,-0.047,31.966,0.664,3.0,0.01,23.544,0.005,0.024,251.909,-0.078,-0.534
00:00:20.942,1572923056287,0.551,-0.046,31.966,0.664,3.0,0.01,23.553,0.005,0.024,252.302,-0.076,-0.534
00:00:20.990,1572923056335,0.55,-0.044,31.966,0.664,3.0,0.011,23.562,0.005,0.024,252.694,-0.073,-0.534
00:00:20.991,1572923056336,0.55,-0.042,31.966,0.664,3.0,0.011,23.571,0.005,0.024,253.087,-0.071,-0.534
00:00:20.992,1572923056337,0.55,-0.041,31.966,0.664,3.0,0.011,23.58,0.005,0.024,253.48,-0.069,-0.534
00:00:21.040,1572923056385,0.55,-0.039,31.966,0.664,3.0,0.011,23.59,0.005,0.024,253.873,-0.067,-0.534
00:00:21.041,1572923056386,0.5489999999999999,-0.038,31.966,0.664,3.0,0.012,23.599,0.005,0.024,254.266,-0.064,-0.534
00:00:21.042,1572923056387,0.5489999999999999,-0.037000000000000005,31.966,0.664,3.0,0.012,23.608,0.005,0.024,254.66,-0.062,-0.534
00:00:21.090,1572923056435,0.5489999999999999,-0.036000000000000004,32.111999999999995,0.664,3.0,0.012,23.617,0.005,0.024,255.053,-0.06,-0.534
00:00:21.091,1572923056436,0.5489999999999999,-0.035,32.111999999999995,0.664,3.0,0.012,23.626,0.004,0.024,255.447,-0.057,-0.534
00:00:21.092,1572923056437,0.5479999999999999,-0.034,32.111999999999995,0.664,3.0,0.012,23.635,0.004,0.024,255.841,-0.055,-0.534
00:00:21.141,1572923056486,0.5479999999999999,-0.033,32.111999999999995,0.664,3.0,0.012,23.644,0.004,0.024,256.235,-0.053,-0.534
00:00:21.142,1572923056487,0.5479999999999999,-0.032,32.111999999999995,0.664,3.0,0.012,23.654,0.004,0.024,256.629,-0.051,-0.534
00:00:21.143,1572923056488,0.5479999999999999,-0.031,32.111999999999995,0.664,3.0,0.012,23.663,0.004,0.024,257.023,-0.049,-0.534
00:00:21.199,1572923056544,0.5479999999999999,-0.03,32.332,0.664,3.0,0.012,23.672,0.004,0.024,257.418,-0.046,-0.534
00:00:21.200,1572923056545,0.5479999999999999,-0.029,32.332,0.664,3.0,0.012,23.681,0.003,0.024,257.812,-0.044,-0.534
00:00:21.201,1572923056546,0.5479999999999999,-0.028,32.332,0.664,3.0,0.012,23.69,0.003,0.024,258.207,-0.042,-0.534
00:00:21.250,1572923056595,0.5479999999999999,-0.027000000000000003,32.332,0.664,3.0,0.012,23.699,0.003,0.024,258.60200000000003,-0.04,-0.534
00:00:21.251,1572923056596,0.5479999999999999,-0.026,32.332,0.664,3.0,0.012,23.708,0.003,0.024,258.997,-0.038,-0.534
00:00:21.252,1572923056597,0.5479999999999999,-0.025,32.332,0.664,3.0,0.012,23.717,0.003,0.024,259.392,-0.035,-0.534
00:00:21.300,1572923056645,0.547,-0.025,32.111999999999995,0.664,3.0,0.012,23.727,0.003,0.024,259.78700000000003,-0.033,-0.534
00:00:21.301,1572923056646,0.547,-0.024,32.111999999999995,0.664,3.0,0.011,23.736,0.003,0.024,260.183,-0.031,-0.534
00:00:21.302,1572923056647,0.547,-0.023,32.111999999999995,0.664,3.0,0.011,23.745,0.002,0.024,260.579,-0.029,-0.534
00:00:21.355,1572923056700,0.546,-0.022,32.111999999999995,0.664,3.0,0.011,23.754,0.002,0.024,260.974,-0.027000000000000003,-0.534
00:00:21.356,1572923056701,0.546,-0.022,32.111999999999995,0.664,3.0,0.011,23.763,0.002,0.024,261.37,-0.025,-0.534
00:00:21.357,1572923056702,0.545,-0.021,32.111999999999995,0.664,3.0,0.011,23.769,0.002,0.024,261.643,-0.023,-0.534
00:00:21.404,1572923056749,0.545,-0.021,4.133,0.664,3.0,0.011,23.777,0.002,0.024,261.98900000000003,-0.021,-0.534
00:00:21.405,1572923056750,0.53,-0.021,4.133,0.664,3.0,0.011,23.786,0.002,0.024,262.386,-0.019,-0.534
00:00:21.406,1572923056751,0.45,-0.021,4.133,0.664,3.0,0.011,23.791,0.002,0.023,262.782,-0.017,-0.534
00:00:21.455,1572923056800,0.305,-0.021,4.133,0.664,3.0,0.011,23.794,0.002,0.022,263.17900000000003,-0.015,-0.534
00:00:21.456,1572923056801,0.116,-0.021,4.133,0.664,3.0,0.011,23.79300000000001,0.002,0.02,263.575,-0.013,-0.534
00:00:21.457,1572923056802,-0.065,-0.021,4.133,0.664,3.0,0.01,23.79,0.002,0.016,263.972,-0.011,-0.534
00:00:21.458,1572923056803,-0.203,-0.021,0.983,0.664,3.0,0.01,23.785,0.002,0.011,264.368,-0.009000000000000001,-0.534
00:00:21.505,1572923056850,-0.287,-0.022,0.983,0.664,3.0,0.01,23.779,0.002,0.006,264.765,-0.006,-0.534
00:00:21.506,1572923056851,-0.312,-0.022,0.983,0.664,3.0,0.01,23.774,0.002,0.0,265.161,-0.004,-0.534
00:00:21.507,1572923056852,-0.321,-0.022,0.983,0.664,3.0,0.01,23.769,0.002,-0.006,265.508,-0.003,-0.534
00:00:21.556,1572923056901,-0.32299999999999995,-0.022,0.983,0.664,3.0,0.01,23.764,0.002,-0.013,265.904,0.0,-0.534
00:00:21.557,1572923056902,-0.32299999999999995,-0.022,0.983,0.664,3.0,0.01,23.759,0.002,-0.02,266.3,0.002,-0.534
00:00:21.558,1572923056903,-0.32299999999999995,-0.022,0.983,0.664,3.0,0.01,23.753,0.002,-0.027000000000000003,266.696,0.004,-0.534
00:00:21.607,1572923056952,-0.322,-0.021,0.983,0.664,3.0,0.01,23.748,0.002,-0.035,267.092,0.006,-0.534
00:00:21.608,1572923056953,-0.322,-0.021,0.983,0.664,3.0,0.01,23.742,0.002,-0.042,267.487,0.008,-0.534
00:00:21.609,1572923056954,-0.321,-0.02,0.983,0.664,3.0,0.01,23.737,0.002,-0.049,267.883,0.01,-0.534
00:00:21.658,1572923057003,-0.321,-0.02,0.983,0.664,3.0,0.01,23.732,0.002,-0.057,268.278,0.012,-0.534
00:00:21.659,1572923057004,-0.321,-0.019,0.983,0.664,3.0,0.01,23.726,0.002,-0.064,268.67400000000004,0.014,-0.534
00:00:21.660,1572923057005,-0.321,-0.019,0.983,0.664,3.0,0.01,23.721,0.002,-0.071,269.069,0.016,-0.534
00:00:21.708,1572923057053,-0.321,-0.019,0.983,0.664,3.0,0.01,23.716,0.002,-0.077,269.465,0.018000000000000002,-0.5329999999999999
00:00:21.709,1572923057054,-0.321,-0.019,0.983,0.664,3.0,0.01,23.71,0.002,-0.083,269.86,0.02,-0.5329999999999999
00:00:21.710,1572923057055,-0.321,-0.019,0.983,0.664,3.0,0.01,23.705,0.002,-0.08900000000000001,270.255,0.022,-0.5329999999999999
00:00:21.758,1572923057103,-0.321,-0.02,0.983,0.664,3.0,0.01,23.7,0.002,-0.095,270.65,0.024,-0.5329999999999999
00:00:21.759,1572923057104,-0.321,-0.02,0.983,0.664,3.0,0.01,23.69400000000001,0.002,-0.1,271.045,0.026,-0.5329999999999999
00:00:21.760,1572923057105,-0.321,-0.02,0.983,0.664,3.0,0.01,23.689,0.002,-0.104,271.44,0.028,-0.5329999999999999
00:00:21.808,1572923057153,-0.321,-0.02,0.983,0.664,3.0,0.01,23.683000000000003,0.002,-0.109,271.835,0.03,-0.5329999999999999
00:00:21.809,1572923057154,-0.321,-0.02,0.983,0.664,3.0,0.01,23.678,0.002,-0.112,272.22900000000004,0.032,-0.5329999999999999
00:00:21.810,1572923057155,-0.321,-0.02,0.983,0.664,3.0,0.009000000000000001,23.673,0.002,-0.115,272.624,0.034,-0.5329999999999999
00:00:21.858,1572923057203,-0.321,-0.021,0.983,0.664,3.0,0.009000000000000001,23.667,0.002,-0.118,273.018,0.036000000000000004,-0.5329999999999999
00:00:21.859,1572923057204,-0.321,-0.021,0.983,0.664,3.0,0.009000000000000001,23.662,0.002,-0.12,273.413,0.038,-0.5329999999999999
00:00:21.860,1572923057205,-0.321,-0.022,0.983,0.664,3.0,0.009000000000000001,23.657,0.002,-0.122,273.807,0.04,-0.5329999999999999
00:00:21.908,1572923057253,-0.321,-0.022,0.983,0.664,3.0,0.009000000000000001,23.651,0.002,-0.123,274.201,0.042,-0.5329999999999999
00:00:21.909,1572923057254,-0.321,-0.023,0.983,0.664,3.0,0.009000000000000001,23.646,0.002,-0.123,274.595,0.044,-0.5329999999999999
00:00:21.910,1572923057255,-0.321,-0.024,0.983,0.664,3.0,0.009000000000000001,23.641,0.002,-0.123,274.99,0.046,-0.5329999999999999
00:00:21.959,1572923057304,-0.321,-0.024,0.983,0.664,3.0,0.009000000000000001,23.635,0.002,-0.123,275.384,0.048,-0.534
00:00:21.960,1572923057305,-0.32,-0.024,0.983,0.664,3.0,0.009000000000000001,23.63,0.002,-0.122,275.777,0.05,-0.534
00:00:21.961,1572923057306,-0.32,-0.024,0.983,0.664,3.0,0.009000000000000001,23.625,0.002,-0.121,276.171,0.052000000000000005,-0.534
00:00:22.010,1572923057355,-0.32,-0.024,0.983,0.664,3.0,0.01,23.619,0.002,-0.119,276.565,0.054000000000000006,-0.534
00:00:22.011,1572923057356,-0.32,-0.024,0.983,0.664,3.0,0.01,23.614,0.002,-0.117,276.958,0.055,-0.534
00:00:22.012,1572923057357,-0.32,-0.025,0.983,0.664,3.0,0.01,23.609,0.002,-0.116,277.35200000000003,0.057,-0.534
00:00:22.060,1572923057405,-0.32,-0.025,0.983,0.664,3.0,0.01,23.603,0.002,-0.114,277.745,0.059,-0.534
00:00:22.061,1572923057406,-0.32,-0.025,0.983,0.664,3.0,0.01,23.59800000000001,0.002,-0.112,278.139,0.061,-0.534
00:00:22.062,1572923057407,-0.32,-0.025,0.983,0.664,3.0,0.01,23.593000000000004,0.002,-0.11,278.532,0.063,-0.535
00:00:22.110,1572923057455,-0.319,-0.025,0.983,0.664,3.0,0.01,23.587,0.002,-0.108,278.925,0.065,-0.535
00:00:22.111,1572923057456,-0.319,-0.026,0.983,0.664,3.0,0.01,23.582,0.002,-0.106,279.318,0.067,-0.535
00:00:22.112,1572923057457,-0.319,-0.026,0.983,0.664,3.0,0.01,23.577,0.002,-0.104,279.711,0.069,-0.535
00:00:22.160,1572923057505,-0.319,-0.026,0.983,0.664,3.0,0.01,23.571,0.002,-0.102,280.10400000000004,0.07,-0.535
00:00:22.161,1572923057506,-0.319,-0.026,0.983,0.664,3.0,0.01,23.566,0.002,-0.1,280.497,0.07200000000000001,-0.535
00:00:22.162,1572923057507,-0.319,-0.027000000000000003,0.983,0.664,3.0,0.01,23.561,0.003,-0.099,280.89,0.07400000000000001,-0.535
00:00:22.210,1572923057555,-0.319,-0.027000000000000003,0.983,0.664,3.0,0.01,23.556,0.003,-0.097,281.282,0.076,-0.535
00:00:22.211,1572923057556,-0.319,-0.027000000000000003,0.983,0.664,3.0,0.01,23.55,0.003,-0.096,281.675,0.078,-0.535
00:00:22.212,1572923057557,-0.319,-0.027000000000000003,0.983,0.664,3.0,0.01,23.545,0.003,-0.094,282.067,0.079,-0.535
00:00:22.262,1572923057607,-0.319,-0.027000000000000003,0.983,0.664,3.0,0.01,23.54,0.003,-0.093,282.46,0.081,-0.535
00:00:22.263,1572923057608,-0.319,-0.027000000000000003,0.983,0.664,3.0,0.01,23.534,0.003,-0.092,282.8520000000001,0.083,-0.535
00:00:22.264,1572923057609,-0.319,-0.027000000000000003,0.983,0.664,3.0,0.01,23.529,0.003,-0.092,283.244,0.085,-0.535
00:00:22.313,1572923057658,-0.319,-0.027000000000000003,0.983,0.664,3.0,0.01,23.524,0.003,-0.091,283.636,0.087,-0.535
00:00:22.314,1572923057659,-0.319,-0.028,0.983,0.664,3.0,0.01,23.518,0.003,-0.09,284.028,0.08800000000000001,-0.535
00:00:22.315,1572923057660,-0.319,-0.028,0.983,0.664,3.0,0.01,23.513,0.003,-0.09,284.42,0.09,-0.535
00:00:22.364,1572923057709,-0.319,-0.029,0.983,0.664,3.0,0.01,23.50800000000001,0.003,-0.09,284.812,0.092,-0.535
00:00:22.365,1572923057710,-0.319,-0.03,0.983,0.664,3.0,0.01,23.502,0.003,-0.08900000000000001,285.204,0.094,-0.535
00:00:22.366,1572923057711,-0.319,-0.031,0.983,0.664,3.0,0.01,23.497,0.003,-0.08900000000000001,285.595,0.095,-0.535
00:00:22.417,1572923057762,-0.318,-0.033,0.983,0.664,3.0,0.01,23.492,0.002,-0.08900000000000001,285.987,0.097,-0.535
00:00:22.418,1572923057763,-0.318,-0.035,0.983,0.664,3.0,0.011,23.487,0.002,-0.08900000000000001,286.379,0.099,-0.535
00:00:22.419,1572923057764,-0.318,-0.037000000000000005,0.983,0.664,3.0,0.011,23.481,0.002,-0.09,286.77,0.101,-0.535
00:00:22.467,1572923057812,-0.318,-0.038,0.983,0.664,3.0,0.011,23.476,0.002,-0.09,287.161,0.102,-0.535
00:00:22.468,1572923057813,-0.318,-0.04,0.983,0.664,3.0,0.011,23.471,0.002,-0.09,287.552,0.104,-0.535
00:00:22.469,1572923057814,-0.318,-0.042,0.983,0.664,3.0,0.011,23.465,0.002,-0.091,287.944,0.106,-0.535
00:00:22.535,1572923057880,-0.318,-0.045,0.983,0.664,3.0,0.011,23.46,0.002,-0.091,288.335,0.107,-0.535
00:00:22.536,1572923057881,-0.318,-0.047,0.983,0.664,3.0,0.012,23.455,0.002,-0.091,288.726,0.109,-0.535
00:00:22.537,1572923057882,-0.318,-0.05,0.983,0.664,3.0,0.012,23.449,0.002,-0.092,289.116,0.11,-0.535
00:00:22.538,1572923057883,-0.318,-0.054000000000000006,0.983,0.664,3.0,0.012,23.44400000000001,0.002,-0.093,289.507,0.112,-0.535
00:00:22.583,1572923057928,-0.318,-0.057,0.983,0.664,3.0,0.012,23.439,0.002,-0.093,289.898,0.114,-0.535
00:00:22.584,1572923057929,-0.318,-0.06,0.983,0.664,3.0,0.013,23.434,0.002,-0.094,290.289,0.115,-0.535
00:00:22.585,1572923057930,-0.318,-0.062,0.983,0.664,3.0,0.013,23.428,0.002,-0.094,290.6790000000001,0.117,-0.535
00:00:22.641,1572923057986,-0.318,-0.064,0.983,0.664,3.0,0.014,23.423,0.002,-0.095,291.069,0.118,-0.535
00:00:22.642,1572923057987,-0.317,-0.065,0.983,0.664,3.0,0.015,23.41800000000001,0.003,-0.095,291.46,0.12,-0.535
00:00:22.643,1572923057988,-0.317,-0.065,0.983,0.664,3.0,0.015,23.412,0.003,-0.096,291.85,0.121,-0.535
00:00:22.644,1572923057989,-0.317,-0.066,0.983,0.664,3.0,0.016,23.407,0.003,-0.096,292.24,0.123,-0.535
00:00:22.691,1572923058036,-0.317,-0.067,0.983,1.128,3.0,0.016,23.402,0.004,-0.097,292.63,0.124,-0.535
00:00:22.692,1572923058037,-0.32,-0.067,0.983,1.128,3.0,0.017,23.396,0.004,-0.097,293.02,0.126,-0.535
00:00:22.693,1572923058038,-0.325,-0.068,0.983,1.128,3.0,0.017,23.391,0.004,-0.098,293.41,0.127,-0.535
00:00:22.743,1572923058088,-0.328,-0.069,0.983,1.128,3.0,0.018000000000000002,23.385,0.005,-0.098,293.8,0.129,-0.535
00:00:22.744,1572923058089,-0.329,-0.071,0.983,1.128,3.0,0.018000000000000002,23.38,0.005,-0.098,294.19,0.13,-0.535
00:00:22.745,1572923058090,-0.329,-0.07200000000000001,0.983,1.128,3.0,0.019,23.374,0.005,-0.098,294.579,0.131,-0.535
00:00:22.793,1572923058138,-0.329,-0.07400000000000001,0.983,1.128,3.0,0.019,23.369,0.006,-0.099,294.969,0.133,-0.535
00:00:22.794,1572923058139,-0.329,-0.076,0.983,1.128,3.0,0.02,23.363000000000003,0.006,-0.099,295.358,0.134,-0.535
00:00:22.795,1572923058140,-0.329,-0.078,0.983,1.128,3.0,0.02,23.358,0.006,-0.099,295.748,0.135,-0.535
00:00:22.844,1572923058189,-0.329,-0.08,0.983,1.128,3.0,0.021,23.352,0.006,-0.099,296.137,0.13699999999999998,-0.535
00:00:22.845,1572923058190,-0.329,-0.08199999999999999,0.983,1.128,3.0,0.021,23.347,0.006,-0.099,296.526,0.138,-0.535
00:00:22.846,1572923058191,-0.329,-0.083,0.983,1.128,3.0,0.022,23.342,0.006,-0.099,296.915,0.139,-0.535
00:00:22.894,1572923058239,-0.329,-0.084,0.983,1.128,3.0,0.022,23.336,0.006,-0.099,297.3040000000001,0.14,-0.535
00:00:22.895,1572923058240,-0.329,-0.086,0.983,1.128,3.0,0.022,23.331,0.006,-0.099,297.693,0.141,-0.535
00:00:22.896,1572923058241,-0.328,-0.086,0.983,1.128,3.0,0.023,23.325,0.006999999999999999,-0.098,298.082,0.14300000000000002,-0.535
00:00:22.944,1572923058289,-0.328,-0.087,0.983,1.128,3.0,0.023,23.32,0.006999999999999999,-0.098,298.47,0.14400000000000002,-0.535
00:00:22.945,1572923058290,-0.328,-0.087,0.983,1.128,3.0,0.024,23.314,0.006999999999999999,-0.098,298.883,0.145,-0.535
00:00:22.946,1572923058291,-0.328,-0.086,0.983,1.128,3.0,0.024,23.309,0.006999999999999999,-0.098,299.248,0.146,-0.535
00:00:22.994,1572923058339,-0.328,-0.086,0.983,1.128,3.0,0.025,23.303,0.006999999999999999,-0.098,299.636,0.147,-0.535
00:00:22.995,1572923058340,-0.328,-0.086,0.983,1.128,3.0,0.025,23.298,0.006999999999999999,-0.097,300.024,0.14800000000000002,-0.535
00:00:22.996,1572923058341,-0.328,-0.085,0.983,1.128,3.0,0.026,23.292,0.006999999999999999,-0.097,300.413,0.149,-0.535
00:00:23.045,1572923058390,-0.328,-0.084,0.983,1.128,3.0,0.026,23.287,0.006999999999999999,-0.097,300.801,0.15,-0.535
00:00:23.046,1572923058391,-0.328,-0.084,0.983,1.128,3.0,0.026,23.281,0.006999999999999999,-0.097,301.189,0.151,-0.535
00:00:23.047,1572923058392,-0.328,-0.083,0.983,1.128,3.0,0.027000000000000003,23.276,0.006999999999999999,-0.096,301.577,0.152,-0.535
00:00:23.095,1572923058440,-0.328,-0.08199999999999999,0.983,1.128,3.0,0.027000000000000003,23.27,0.006999999999999999,-0.096,301.965,0.153,-0.535
00:00:23.096,1572923058441,-0.328,-0.081,0.983,1.128,3.0,0.027000000000000003,23.265,0.006999999999999999,-0.096,302.353,0.154,-0.535
00:00:23.097,1572923058442,-0.327,-0.08,0.983,1.128,3.0,0.027000000000000003,23.26,0.006999999999999999,-0.096,302.74,0.155,-0.535
00:00:23.148,1572923058493,-0.327,-0.079,0.983,1.128,3.0,0.028,23.254,0.006999999999999999,-0.096,303.128,0.156,-0.535
00:00:23.149,1572923058494,-0.327,-0.078,0.983,1.128,3.0,0.028,23.249,0.006999999999999999,-0.095,303.515,0.156,-0.535
00:00:23.150,1572923058495,-0.327,-0.077,0.983,1.128,3.0,0.028,23.243,0.006999999999999999,-0.095,303.903,0.157,-0.535
00:00:23.198,1572923058543,-0.327,-0.076,0.983,1.128,3.0,0.028,23.238000000000003,0.006999999999999999,-0.095,304.29,0.158,-0.535
00:00:23.199,1572923058544,-0.327,-0.075,0.983,1.128,3.0,0.028,23.232,0.006999999999999999,-0.095,304.677,0.159,-0.535
00:00:23.200,1572923058545,-0.327,-0.07400000000000001,0.983,1.128,3.0,0.028,23.227,0.006999999999999999,-0.095,305.065,0.159,-0.535
00:00:23.248,1572923058593,-0.327,-0.073,0.983,1.128,3.0,0.028,23.221,0.006999999999999999,-0.095,305.452,0.16,-0.535
00:00:23.249,1572923058594,-0.327,-0.07200000000000001,0.983,1.128,3.0,0.028,23.216,0.006999999999999999,-0.095,305.839,0.161,-0.535
00:00:23.250,1572923058595,-0.327,-0.07,0.983,1.128,3.0,0.028,23.211,0.006999999999999999,-0.095,306.226,0.162,-0.535
00:00:23.303,1572923058648,-0.327,-0.069,0.983,1.128,3.0,0.028,23.205,0.006999999999999999,-0.095,306.612,0.162,-0.535
00:00:23.304,1572923058649,-0.327,-0.067,0.983,1.128,3.0,0.028,23.2,0.006,-0.095,306.999,0.163,-0.535
00:00:23.305,1572923058650,-0.326,-0.065,0.983,1.128,3.0,0.028,23.19400000000001,0.006,-0.095,307.386,0.16399999999999998,-0.535
00:00:23.349,1572923058694,-0.326,-0.063,0.983,1.128,3.0,0.028,23.189,0.006,-0.095,307.772,0.16399999999999998,-0.535
00:00:23.350,1572923058695,-0.326,-0.061,0.983,1.128,3.0,0.028,23.183000000000003,0.006,-0.095,308.159,0.165,-0.535
00:00:23.351,1572923058696,-0.326,-0.06,0.983,1.128,3.0,0.028,23.178,0.006,-0.095,308.545,0.165,-0.535
00:00:23.404,1572923058749,-0.326,-0.058,0.983,1.128,3.0,0.028,23.172,0.006,-0.095,308.931,0.166,-0.535
00:00:23.405,1572923058750,-0.326,-0.056,0.983,1.128,3.0,0.028,23.167,0.006,-0.095,309.317,0.166,-0.535
00:00:23.406,1572923058751,-0.326,-0.055,0.983,1.128,3.0,0.028,23.162,0.006,-0.095,309.703,0.16699999999999998,-0.535
00:00:23.456,1572923058801,-0.326,-0.053,0.983,1.128,3.0,0.027000000000000003,23.156,0.005,-0.095,310.089,0.168,-0.535
00:00:23.457,1572923058802,-0.326,-0.052000000000000005,0.983,1.128,3.0,0.027000000000000003,23.15,0.005,-0.095,310.499,0.168,-0.535
00:00:23.458,1572923058803,-0.326,-0.051,0.983,1.128,3.0,0.027000000000000003,23.145,0.005,-0.095,310.861,0.16899999999999998,-0.535
00:00:23.459,1572923058804,-0.326,-0.049,0.983,1.128,3.0,0.026,23.14,0.005,-0.095,311.271,0.16899999999999998,-0.535
00:00:23.505,1572923058850,-0.326,-0.048,0.983,1.128,3.0,0.026,23.134,0.005,-0.095,311.632,0.16899999999999998,-0.535
00:00:23.506,1572923058851,-0.326,-0.046,0.983,1.128,3.0,0.026,23.129,0.004,-0.095,312.0420000000001,0.17,-0.535
00:00:23.507,1572923058852,-0.325,-0.045,0.983,1.128,3.0,0.026,23.124,0.004,-0.095,312.403,0.17,-0.535
00:00:23.556,1572923058901,-0.325,-0.043,0.983,1.128,3.0,0.025,23.118,0.004,-0.095,312.789,0.171,-0.535
00:00:23.557,1572923058902,-0.325,-0.042,0.983,1.128,3.0,0.025,23.113000000000003,0.004,-0.095,313.1740000000001,0.171,-0.535
00:00:23.558,1572923058903,-0.325,-0.041,0.983,1.128,3.0,0.025,23.107,0.004,-0.095,313.583,0.172,-0.535
00:00:23.609,1572923058954,-0.325,-0.04,0.983,1.128,3.0,0.024,23.102,0.004,-0.095,313.944,0.172,-0.535
00:00:23.610,1572923058955,-0.325,-0.039,0.983,1.128,3.0,0.024,23.097,0.004,-0.095,314.329,0.172,-0.535
00:00:23.611,1572923058956,-0.325,-0.038,0.983,1.128,3.0,0.024,23.091,0.003,-0.095,314.738,0.173,-0.535
00:00:23.658,1572923059003,-0.325,-0.038,0.983,1.128,3.0,0.023,23.085,0.003,-0.095,315.123,0.173,-0.535
00:00:23.659,1572923059004,-0.325,-0.038,0.983,1.128,3.0,0.023,23.08,0.003,-0.095,315.4840000000001,0.173,-0.535
00:00:23.660,1572923059005,-0.325,-0.037000000000000005,0.983,1.128,3.0,0.023,23.075,0.003,-0.095,315.868,0.174,-0.535
00:00:23.711,1572923059056,-0.325,-0.037000000000000005,0.983,1.128,3.0,0.022,23.06900000000001,0.003,-0.095,316.253,0.174,-0.535
00:00:23.712,1572923059057,-0.325,-0.037000000000000005,0.983,1.128,3.0,0.022,23.064,0.003,-0.095,316.661,0.174,-0.535
00:00:23.713,1572923059058,-0.324,-0.036000000000000004,0.983,1.128,3.0,0.022,23.059,0.003,-0.095,317.022,0.175,-0.535
00:00:23.763,1572923059108,-0.324,-0.036000000000000004,0.983,1.128,3.0,0.021,23.053,0.003,-0.095,317.406,0.175,-0.535
00:00:23.764,1572923059109,-0.324,-0.036000000000000004,0.983,1.128,3.0,0.021,23.048,0.002,-0.095,317.79,0.175,-0.535
00:00:23.765,1572923059110,-0.324,-0.036000000000000004,0.983,1.128,3.0,0.021,23.042,0.002,-0.095,318.1740000000001,0.17600000000000002,-0.535
00:00:23.816,1572923059161,-0.324,-0.036000000000000004,0.983,1.128,3.0,0.021,23.037,0.002,-0.095,318.558,0.17600000000000002,-0.535
00:00:23.817,1572923059162,-0.324,-0.036000000000000004,0.983,1.128,3.0,0.02,23.032,0.002,-0.095,318.942,0.17600000000000002,-0.535
00:00:23.818,1572923059163,-0.324,-0.036000000000000004,0.983,1.128,3.0,0.02,23.026,0.002,-0.095,319.35,0.17600000000000002,-0.535
00:00:23.876,1572923059221,-0.324,-0.037000000000000005,0.983,1.128,3.0,0.02,23.021,0.002,-0.095,319.71,0.177,-0.535
00:00:23.877,1572923059222,-0.324,-0.037000000000000005,0.983,1.128,3.0,0.02,23.015,0.002,-0.095,320.093,0.177,-0.535
00:00:23.878,1572923059223,-0.324,-0.037000000000000005,0.983,1.128,3.0,0.02,23.01,0.002,-0.095,320.4770000000001,0.177,-0.535
00:00:23.879,1572923059224,-0.324,-0.038,0.983,1.128,3.0,0.019,23.005,0.002,-0.094,320.86,0.177,-0.535
00:00:23.927,1572923059272,-0.324,-0.038,0.983,1.128,3.0,0.019,22.999,0.002,-0.094,321.244,0.17800000000000002,-0.535
00:00:23.928,1572923059273,-0.32299999999999995,-0.038,0.983,1.128,3.0,0.019,22.994,0.002,-0.094,321.627,0.17800000000000002,-0.535
00:00:23.929,1572923059274,-0.32299999999999995,-0.039,0.983,1.128,3.0,0.019,22.988000000000003,0.002,-0.094,322.034,0.17800000000000002,-0.535
00:00:23.982,1572923059327,-0.32299999999999995,-0.039,0.983,1.128,3.0,0.019,22.983,0.002,-0.094,322.393,0.17800000000000002,-0.535
00:00:23.983,1572923059328,-0.32299999999999995,-0.04,0.983,1.128,3.0,0.019,22.977,0.003,-0.094,322.8,0.17800000000000002,-0.535
00:00:23.984,1572923059329,-0.32299999999999995,-0.04,0.983,1.128,3.0,0.019,22.972,0.003,-0.094,323.159,0.17800000000000002,-0.535
00:00:24.033,1572923059378,-0.32299999999999995,-0.04,0.983,1.128,3.0,0.019,22.967,0.003,-0.094,323.566,0.179,-0.535
00:00:24.034,1572923059379,-0.32299999999999995,-0.04,0.983,1.128,3.0,0.018000000000000002,22.962,0.003,-0.094,323.925,0.179,-0.535
00:00:24.035,1572923059380,-0.32299999999999995,-0.04,0.983,1.128,3.0,0.018000000000000002,22.956,0.003,-0.094,324.307,0.179,-0.535
00:00:24.083,1572923059428,-0.32299999999999995,-0.04,0.983,1.128,3.0,0.018000000000000002,22.951,0.003,-0.094,324.69,0.179,-0.535
00:00:24.084,1572923059429,-0.32299999999999995,-0.04,0.983,1.128,3.0,0.018000000000000002,22.945,0.003,-0.094,325.096,0.179,-0.535
00:00:24.085,1572923059430,-0.32299999999999995,-0.039,0.983,1.128,3.0,0.018000000000000002,22.939,0.003,-0.094,325.503,0.179,-0.535
00:00:24.133,1572923059478,-0.32299999999999995,-0.039,0.983,1.128,3.0,0.018000000000000002,22.935,0.003,-0.094,325.837,0.179,-0.535
00:00:24.134,1572923059479,-0.322,-0.038,0.983,1.128,3.0,0.018000000000000002,22.929,0.003,-0.094,326.219,0.179,-0.535
00:00:24.135,1572923059480,-0.322,-0.037000000000000005,0.983,1.128,3.0,0.018000000000000002,22.924,0.003,-0.094,326.625,0.179,-0.535
00:00:24.183,1572923059528,-0.322,-0.037000000000000005,0.983,1.128,3.0,0.018000000000000002,22.91800000000001,0.003,-0.094,327.007,0.179,-0.535
00:00:24.184,1572923059529,-0.322,-0.036000000000000004,0.983,1.128,3.0,0.018000000000000002,22.913,0.004,-0.094,327.365,0.179,-0.535
00:00:24.185,1572923059530,-0.322,-0.036000000000000004,0.983,1.128,3.0,0.018000000000000002,22.908,0.004,-0.094,327.747,0.179,-0.535
00:00:24.234,1572923059579,-0.322,-0.036000000000000004,0.983,1.128,3.0,0.018000000000000002,22.902,0.004,-0.094,328.129,0.179,-0.535
00:00:24.235,1572923059580,-0.322,-0.036000000000000004,0.983,1.128,3.0,0.017,22.897,0.004,-0.093,328.534,0.179,-0.535
00:00:24.236,1572923059581,-0.322,-0.036000000000000004,0.983,1.128,3.0,0.017,22.892,0.004,-0.093,328.892,0.179,-0.535
00:00:24.285,1572923059630,-0.322,-0.036000000000000004,0.983,1.128,3.0,0.017,22.886,0.003,-0.093,329.274,0.179,-0.535
00:00:24.286,1572923059631,-0.322,-0.036000000000000004,0.983,1.128,3.0,0.017,22.881,0.003,-0.093,329.6790000000001,0.179,-0.535
00:00:24.287,1572923059632,-0.322,-0.035,0.983,1.128,3.0,0.017,22.875,0.003,-0.093,330.06,0.179,-0.535
00:00:24.335,1572923059680,-0.322,-0.035,0.983,1.128,3.0,0.017,22.87,0.003,-0.093,330.441,0.179,-0.535
00:00:24.336,1572923059681,-0.322,-0.035,0.983,1.128,3.0,0.017,22.865,0.003,-0.093,330.8230000000001,0.179,-0.535
00:00:24.337,1572923059682,-0.321,-0.035,0.983,1.128,3.0,0.017,22.859,0.003,-0.093,331.204,0.179,-0.535
00:00:24.390,1572923059735,-0.321,-0.034,0.983,1.128,3.0,0.016,22.854,0.003,-0.093,331.585,0.179,-0.535
00:00:24.391,1572923059736,-0.321,-0.034,0.983,1.128,3.0,0.016,22.849,0.003,-0.093,331.94199999999995,0.179,-0.535
00:00:24.392,1572923059737,-0.321,-0.034,0.983,1.128,3.0,0.016,22.843000000000004,0.003,-0.093,332.37,0.179,-0.535
00:00:24.393,1572923059738,-0.321,-0.033,0.983,1.128,3.0,0.016,22.838,0.003,-0.093,332.7030000000001,0.179,-0.535
00:00:24.442,1572923059787,-0.321,-0.033,0.983,1.128,3.0,0.016,22.833,0.003,-0.093,333.084,0.17800000000000002,-0.535
00:00:24.443,1572923059788,-0.321,-0.033,0.983,1.128,3.0,0.016,22.827,0.003,-0.093,333.48800000000006,0.17800000000000002,-0.535
00:00:24.444,1572923059789,-0.321,-0.032,0.983,1.128,3.0,0.016,22.822,0.002,-0.093,333.86800000000005,0.17800000000000002,-0.535
00:00:24.494,1572923059839,-0.321,-0.031,0.983,1.128,3.0,0.016,22.816,0.002,-0.093,334.249,0.17800000000000002,-0.535
00:00:24.495,1572923059840,-0.321,-0.031,0.983,1.128,3.0,0.016,22.811,0.002,-0.093,334.629,0.17800000000000002,-0.535
00:00:24.496,1572923059841,-0.321,-0.03,0.983,1.128,3.0,0.015,22.806,0.002,-0.093,335.009,0.17800000000000002,-0.535
00:00:24.544,1572923059889,-0.321,-0.029,0.983,1.128,3.0,0.015,22.8,0.002,-0.093,335.389,0.17800000000000002,-0.535
00:00:24.545,1572923059890,-0.32,-0.027000000000000003,0.983,1.128,3.0,0.015,22.795,0.002,-0.093,335.769,0.177,-0.535
00:00:24.546,1572923059891,-0.32,-0.026,0.983,1.128,3.0,0.015,22.79,0.002,-0.093,336.149,0.177,-0.535
00:00:24.595,1572923059940,-0.32,-0.024,0.983,1.128,3.0,0.015,22.784,0.002,-0.093,336.529,0.177,-0.535
00:00:24.596,1572923059941,-0.32,-0.022,0.983,1.128,3.0,0.015,22.779,0.003,-0.093,336.885,0.177,-0.535
00:00:24.597,1572923059942,-0.32,-0.02,0.983,1.128,3.0,0.015,22.774,0.003,-0.093,337.288,0.177,-0.535
00:00:24.646,1572923059991,-0.32,-0.018000000000000002,0.983,1.128,3.0,0.014,22.768,0.003,-0.093,337.668,0.17600000000000002,-0.535
00:00:24.647,1572923059992,-0.32,-0.016,0.983,1.128,3.0,0.014,22.763,0.003,-0.093,338.023,0.17600000000000002,-0.535
00:00:24.648,1572923059993,-0.32,-0.013,0.983,1.128,3.0,0.014,22.75800000000001,0.003,-0.093,338.426,0.17600000000000002,-0.535
00:00:24.697,1572923060042,-0.32,-0.011,0.983,1.128,3.0,0.014,22.752,0.003,-0.093,338.806,0.17600000000000002,-0.535
00:00:24.698,1572923060043,-0.32,-0.008,0.983,1.128,3.0,0.013,22.747,0.003,-0.093,339.161,0.17600000000000002,-0.535
00:00:24.699,1572923060044,-0.32,-0.005,0.983,1.128,3.0,0.013,22.742,0.003,-0.093,339.564,0.175,-0.535
00:00:24.747,1572923060092,-0.32,-0.002,0.983,1.128,3.0,0.013,22.736,0.003,-0.093,339.9430000000001,0.175,-0.535
00:00:24.748,1572923060093,-0.32,0.002,0.983,1.128,3.0,0.012,22.731,0.003,-0.092,340.32199999999995,0.175,-0.535
00:00:24.749,1572923060094,-0.319,0.006,0.983,1.128,3.0,0.012,22.726,0.003,-0.092,340.7,0.175,-0.535
00:00:24.797,1572923060142,-0.319,0.011,0.983,1.128,3.0,0.011,22.72,0.003,-0.092,341.079,0.174,-0.535
00:00:24.798,1572923060143,-0.319,0.015,0.983,1.128,3.0,0.011,22.715,0.003,-0.092,341.434,0.174,-0.535
00:00:24.799,1572923060144,-0.319,0.02,0.983,1.128,3.0,0.01,22.71,0.003,-0.092,341.836,0.174,-0.535
00:00:24.847,1572923060192,-0.319,0.024,0.983,1.128,3.0,0.009000000000000001,22.705,0.003,-0.092,342.215,0.174,-0.535
00:00:24.848,1572923060193,-0.319,0.028,0.983,1.128,3.0,0.008,22.699,0.002,-0.092,342.593,0.174,-0.535
00:00:24.849,1572923060194,-0.319,0.031,0.983,1.128,3.0,0.008,22.69400000000001,0.002,-0.092,342.971,0.173,-0.535
00:00:24.906,1572923060251,-0.319,0.034,0.983,0.664,3.0,0.006999999999999999,22.689,0.002,-0.092,343.35,0.173,-0.535
00:00:24.907,1572923060252,-0.316,0.035,0.983,0.664,3.0,0.006,22.683000000000003,0.001,-0.092,343.728,0.173,-0.535
00:00:24.908,1572923060253,-0.311,0.037000000000000005,0.983,0.664,3.0,0.005,22.678,0.001,-0.092,344.106,0.173,-0.535
00:00:24.909,1572923060254,-0.308,0.038,0.983,0.664,3.0,0.004,22.673,0.0,-0.092,344.48400000000015,0.173,-0.535
00:00:24.959,1572923060304,-0.307,0.038,0.983,0.664,3.0,0.003,22.66800000000001,0.0,-0.092,344.862,0.173,-0.535
00:00:24.960,1572923060305,-0.306,0.04,0.983,0.664,3.0,0.002,22.663,-0.001,-0.092,345.23900000000015,0.173,-0.535
00:00:24.961,1572923060306,-0.306,0.041,0.983,0.664,3.0,0.001,22.658,-0.001,-0.091,345.617,0.173,-0.535
00:00:25.010,1572923060355,-0.306,0.043,0.983,0.664,3.0,0.0,22.653,-0.002,-0.091,345.995,0.172,-0.535
00:00:25.011,1572923060356,-0.306,0.045,0.983,0.664,3.0,-0.001,22.648000000000003,-0.003,-0.091,346.372,0.172,-0.535
00:00:25.012,1572923060357,-0.306,0.047,0.983,0.664,3.0,-0.001,22.643,-0.003,-0.091,346.75,0.172,-0.535
00:00:25.065,1572923060410,-0.306,0.049,0.983,0.664,3.0,-0.002,22.638,-0.004,-0.091,347.12699999999984,0.172,-0.535
00:00:25.066,1572923060411,-0.306,0.051,0.983,0.664,3.0,-0.003,22.632,-0.004,-0.091,347.504,0.172,-0.535
00:00:25.067,1572923060412,-0.306,0.052000000000000005,0.983,0.664,3.0,-0.004,22.627,-0.004,-0.091,347.881,0.172,-0.535
00:00:25.117,1572923060462,-0.305,0.053,0.983,0.664,3.0,-0.004,22.622,-0.005,-0.091,348.25800000000015,0.172,-0.535
00:00:25.118,1572923060463,-0.305,0.053,0.983,0.664,3.0,-0.005,22.617,-0.005,-0.091,348.635,0.172,-0.535
00:00:25.119,1572923060464,-0.305,0.053,0.983,0.664,3.0,-0.006,22.612,-0.005,-0.091,349.01199999999994,0.172,-0.535
00:00:25.174,1572923060519,-0.305,0.053,0.983,0.664,3.0,-0.006,22.607,-0.005,-0.091,349.389,0.172,-0.535
00:00:25.175,1572923060520,-0.305,0.052000000000000005,0.983,0.664,3.0,-0.006999999999999999,22.602,-0.006,-0.091,349.766,0.172,-0.535
00:00:25.176,1572923060521,-0.305,0.051,0.983,0.664,3.0,-0.008,22.597,-0.006,-0.091,350.14300000000014,0.172,-0.535
00:00:25.177,1572923060522,-0.305,0.05,0.983,0.664,3.0,-0.008,22.592,-0.006,-0.09,350.519,0.172,-0.535
00:00:25.229,1572923060574,-0.305,0.048,0.983,0.664,3.0,-0.009000000000000001,22.587,-0.006,-0.09,350.896,0.172,-0.535
00:00:25.230,1572923060575,-0.305,0.046,0.983,0.664,3.0,-0.009000000000000001,22.582,-0.006,-0.09,351.272,0.173,-0.535
00:00:25.231,1572923060576,-0.305,0.044,0.983,0.664,3.0,-0.009000000000000001,22.577,-0.006,-0.09,351.625,0.173,-0.535
00:00:25.274,1572923060619,-0.305,0.041,0.983,0.664,3.0,-0.01,22.571,-0.006,-0.09,352.025,0.173,-0.535
00:00:25.275,1572923060620,-0.305,0.038,0.983,1.128,3.0,-0.01,22.566,-0.006,-0.09,352.401,0.173,-0.535
00:00:25.276,1572923060621,-0.308,0.035,0.983,1.128,3.0,-0.01,22.561,-0.006,-0.09,352.777,0.173,-0.535
00:00:25.325,1572923060670,-0.312,0.032,0.983,1.128,3.0,-0.011,22.556,-0.006,-0.09,353.153,0.173,-0.535
00:00:25.326,1572923060671,-0.315,0.029,0.983,1.128,3.0,-0.011,22.551,-0.005,-0.09,353.529,0.173,-0.535
00:00:25.327,1572923060672,-0.316,0.025,0.983,1.128,3.0,-0.011,22.545,-0.005,-0.09,353.904,0.174,-0.535
00:00:25.376,1572923060721,-0.316,0.022,0.983,1.128,3.0,-0.011,22.54,-0.005,-0.09,354.28,0.174,-0.535
00:00:25.377,1572923060722,-0.317,0.018000000000000002,0.983,0.664,3.0,-0.011,22.535,-0.005,-0.09,354.656,0.174,-0.535
00:00:25.378,1572923060723,-0.314,0.014,0.983,0.664,3.0,-0.01,22.53,-0.005,-0.09,355.031,0.174,-0.535
00:00:25.427,1572923060772,-0.309,0.01,0.983,0.664,3.0,-0.01,22.525,-0.004,-0.09,355.407,0.174,-0.535
00:00:25.428,1572923060773,-0.306,0.006,0.983,0.664,3.0,-0.01,22.519,-0.004,-0.09,355.782,0.174,-0.535
00:00:25.429,1572923060774,-0.304,0.001,0.983,0.664,3.0,-0.01,22.514,-0.004,-0.09,356.157,0.175,-0.535
00:00:25.478,1572923060823,-0.304,-0.004,0.983,0.664,3.0,-0.009000000000000001,22.509,-0.004,-0.09,356.533,0.175,-0.535
00:00:25.479,1572923060824,-0.304,-0.01,0.983,0.664,3.0,-0.009000000000000001,22.504,-0.003,-0.09,356.908,0.175,-0.535
00:00:25.480,1572923060825,-0.304,-0.015,0.983,0.664,3.0,-0.009000000000000001,22.499,-0.003,-0.09,357.283,0.175,-0.535
00:00:25.528,1572923060873,-0.304,-0.021,0.983,0.664,3.0,-0.008,22.494,-0.003,-0.09,357.658,0.175,-0.535
00:00:25.529,1572923060874,-0.304,-0.027000000000000003,0.983,0.664,3.0,-0.006999999999999999,22.489,-0.002,-0.09,358.033,0.17600000000000002,-0.535
00:00:25.530,1572923060875,-0.303,-0.033,0.983,0.664,3.0,-0.006999999999999999,22.484,-0.002,-0.09,358.407,0.17600000000000002,-0.535
00:00:25.578,1572923060923,-0.303,-0.038,0.983,0.664,3.0,-0.006,22.479,-0.002,-0.08900000000000001,358.782,0.17600000000000002,-0.535
00:00:25.579,1572923060924,-0.303,-0.043,0.983,0.664,3.0,-0.005,22.474,-0.002,-0.08900000000000001,359.157,0.17600000000000002,-0.535
00:00:25.580,1572923060925,-0.303,-0.048,0.983,0.664,3.0,-0.004,22.469,-0.001,-0.08900000000000001,359.531,0.17600000000000002,-0.535
00:00:25.628,1572923060973,-0.303,-0.053,0.983,0.664,3.0,-0.003,22.464,-0.001,-0.08900000000000001,359.906,0.17600000000000002,-0.535
00:00:25.629,1572923060974,-0.303,-0.057,0.983,0.664,3.0,-0.002,22.459,0.0,-0.08900000000000001,360.28,0.17600000000000002,-0.535
00:00:25.630,1572923060975,-0.303,-0.061,0.983,0.664,3.0,-0.001,22.454,0.0,-0.08900000000000001,360.654,0.17600000000000002,-0.535
00:00:25.680,1572923061025,-0.303,-0.064,0.983,0.664,3.0,0.001,22.449,0.001,-0.08900000000000001,361.028,0.17600000000000002,-0.535
00:00:25.681,1572923061026,-0.303,-0.067,0.983,0.664,3.0,0.002,22.44400000000001,0.002,-0.08900000000000001,361.403,0.17600000000000002,-0.535
00:00:25.682,1572923061027,-0.303,-0.069,0.983,0.664,3.0,0.003,22.439,0.002,-0.08900000000000001,361.777,0.17600000000000002,-0.535
00:00:25.728,1572923061073,-0.303,-0.071,0.983,0.664,3.0,0.004,22.434,0.003,-0.08900000000000001,362.151,0.17600000000000002,-0.535
00:00:25.729,1572923061074,-0.303,-0.073,0.983,0.664,3.0,0.005,22.429,0.003,-0.08900000000000001,362.524,0.17600000000000002,-0.535
00:00:25.730,1572923061075,-0.303,-0.075,0.983,0.664,3.0,0.006,22.424,0.004,-0.08900000000000001,362.898,0.17600000000000002,-0.535
00:00:25.779,1572923061124,-0.302,-0.076,0.983,0.664,3.0,0.006999999999999999,22.41800000000001,0.005,-0.08900000000000001,363.272,0.17600000000000002,-0.535
00:00:25.780,1572923061125,-0.302,-0.078,0.983,0.664,3.0,0.008,22.413,0.005,-0.08900000000000001,363.645,0.17600000000000002,-0.535
00:00:25.781,1572923061126,-0.302,-0.08,0.983,0.664,3.0,0.009000000000000001,22.408,0.006,-0.08900000000000001,364.019,0.17600000000000002,-0.535
00:00:25.837,1572923061182,-0.302,-0.081,0.983,0.664,3.0,0.01,22.403,0.006,-0.08900000000000001,364.392,0.17600000000000002,-0.535
00:00:25.838,1572923061183,-0.302,-0.08199999999999999,0.983,0.664,3.0,0.011,22.398000000000003,0.006999999999999999,-0.08900000000000001,364.766,0.17600000000000002,-0.535
00:00:25.839,1572923061184,-0.302,-0.083,0.983,0.664,3.0,0.012,22.393,0.006999999999999999,-0.08900000000000001,365.139,0.17600000000000002,-0.535
00:00:25.887,1572923061232,-0.302,-0.083,0.983,0.664,3.0,0.013,22.388,0.006999999999999999,-0.08900000000000001,365.512,0.175,-0.535
00:00:25.888,1572923061233,-0.302,-0.084,0.983,0.664,3.0,0.014,22.38300000000001,0.006999999999999999,-0.08900000000000001,365.885,0.175,-0.535
00:00:25.889,1572923061234,-0.302,-0.083,0.983,0.664,3.0,0.015,22.378,0.008,-0.08900000000000001,366.258,0.175,-0.535
00:00:25.937,1572923061282,-0.302,-0.083,0.983,0.664,3.0,0.015,22.373,0.008,-0.08900000000000001,366.631,0.175,-0.535
00:00:25.938,1572923061283,-0.302,-0.08199999999999999,0.983,0.664,3.0,0.016,22.368,0.008,-0.08900000000000001,367.004,0.174,-0.535
00:00:25.939,1572923061284,-0.302,-0.081,0.983,0.664,3.0,0.017,22.363000000000003,0.008,-0.08900000000000001,367.377,0.174,-0.535
00:00:25.987,1572923061332,-0.301,-0.079,0.983,0.664,3.0,0.017,22.358,0.008,-0.08900000000000001,367.75,0.174,-0.535
00:00:25.988,1572923061333,-0.301,-0.078,0.983,0.664,3.0,0.018000000000000002,22.353,0.008,-0.08900000000000001,368.122,0.173,-0.535
00:00:25.989,1572923061334,-0.301,-0.076,0.983,0.664,3.0,0.018000000000000002,22.34800000000001,0.008,-0.08900000000000001,368.495,0.173,-0.535
00:00:26.037,1572923061382,-0.301,-0.075,0.983,0.664,3.0,0.019,22.343000000000004,0.008,-0.08900000000000001,368.867,0.172,-0.535
00:00:26.038,1572923061383,-0.301,-0.073,0.983,0.664,3.0,0.019,22.338,0.006999999999999999,-0.08900000000000001,369.239,0.172,-0.535
00:00:26.039,1572923061384,-0.301,-0.071,0.983,0.664,3.0,0.02,22.333,0.006999999999999999,-0.08900000000000001,369.612,0.172,-0.535
00:00:26.088,1572923061433,-0.301,-0.069,0.983,0.664,3.0,0.02,22.32800000000001,0.006999999999999999,-0.08900000000000001,369.984,0.171,-0.535
00:00:26.089,1572923061434,-0.301,-0.067,0.983,0.664,3.0,0.02,22.323,0.006999999999999999,-0.08900000000000001,370.356,0.171,-0.535
00:00:26.090,1572923061435,-0.301,-0.066,0.983,0.664,3.0,0.021,22.318,0.006999999999999999,-0.08900000000000001,370.728,0.17,-0.535
00:00:26.091,1572923061436,-0.301,-0.064,0.983,0.664,3.0,0.021,22.313,0.006,-0.08900000000000001,371.1,0.17,-0.535
00:00:26.139,1572923061484,-0.301,-0.062,0.983,0.664,3.0,0.021,22.308000000000003,0.006,-0.08900000000000001,371.472,0.16899999999999998,-0.535
00:00:26.140,1572923061485,-0.301,-0.06,0.983,0.664,3.0,0.021,22.303,0.006,-0.08800000000000001,371.843,0.168,-0.535
00:00:26.141,1572923061486,-0.301,-0.059,0.983,0.664,3.0,0.021,22.298,0.006,-0.08800000000000001,372.215,0.168,-0.535
00:00:26.190,1572923061535,-0.3,-0.057,0.983,0.664,3.0,0.021,22.29300000000001,0.005,-0.08800000000000001,372.587,0.16699999999999998,-0.535
00:00:26.191,1572923061536,-0.3,-0.055,0.983,0.664,3.0,0.021,22.288,0.005,-0.08800000000000001,372.958,0.16699999999999998,-0.535
00:00:26.192,1572923061537,-0.3,-0.054000000000000006,0.983,0.664,3.0,0.021,22.283,0.005,-0.08800000000000001,373.33,0.166,-0.535
00:00:26.240,1572923061585,-0.3,-0.052000000000000005,0.983,0.664,3.0,0.021,22.278,0.005,-0.08800000000000001,373.701,0.165,-0.535
00:00:26.241,1572923061586,-0.3,-0.051,0.983,0.664,3.0,0.021,22.273000000000003,0.004,-0.08800000000000001,374.072,0.165,-0.535
00:00:26.242,1572923061587,-0.3,-0.049,0.983,0.664,3.0,0.021,22.268,0.004,-0.08800000000000001,374.443,0.16399999999999998,-0.535
00:00:26.290,1572923061635,-0.3,-0.047,0.983,0.664,3.0,0.021,22.263,0.004,-0.08800000000000001,374.815,0.16399999999999998,-0.535
00:00:26.291,1572923061636,-0.3,-0.046,0.983,0.664,3.0,0.021,22.25800000000001,0.004,-0.08800000000000001,375.186,0.163,-0.535
00:00:26.292,1572923061637,-0.3,-0.044,0.983,0.664,3.0,0.021,22.253,0.004,-0.08800000000000001,375.556,0.162,-0.535
00:00:26.340,1572923061685,-0.3,-0.043,0.983,0.664,3.0,0.021,22.248,0.003,-0.08800000000000001,375.927,0.161,-0.535
00:00:26.341,1572923061686,-0.3,-0.041,0.983,0.664,3.0,0.021,22.243,0.003,-0.08800000000000001,376.298,0.161,-0.535
00:00:26.342,1572923061687,-0.3,-0.04,0.983,0.664,3.0,0.021,22.238000000000003,0.003,-0.08800000000000001,376.669,0.16,-0.535
00:00:26.390,1572923061735,-0.3,-0.039,0.983,0.664,3.0,0.02,22.233,0.003,-0.08800000000000001,377.039,0.159,-0.535
00:00:26.391,1572923061736,-0.3,-0.038,0.983,0.664,3.0,0.02,22.228,0.003,-0.08800000000000001,377.41,0.158,-0.535
00:00:26.392,1572923061737,-0.3,-0.038,0.983,0.664,3.0,0.02,22.22300000000001,0.003,-0.08800000000000001,377.78,0.158,-0.535
00:00:26.455,1572923061800,-0.299,-0.037000000000000005,0.983,0.664,3.0,0.02,22.218000000000004,0.003,-0.08800000000000001,378.151,0.157,-0.535
00:00:26.456,1572923061801,-0.299,-0.037000000000000005,0.983,0.664,3.0,0.02,22.213,0.003,-0.08800000000000001,378.521,0.156,-0.535
00:00:26.457,1572923061802,-0.299,-0.037000000000000005,0.983,0.664,3.0,0.019,22.208,0.003,-0.08800000000000001,378.891,0.155,-0.535
00:00:26.458,1572923061803,-0.299,-0.036000000000000004,0.983,0.664,3.0,0.019,22.20300000000001,0.003,-0.08800000000000001,379.261,0.155,-0.535
00:00:26.506,1572923061851,-0.299,-0.035,0.983,0.664,3.0,0.019,22.198,0.003,-0.08800000000000001,379.631,0.154,-0.535
00:00:26.507,1572923061852,-0.299,-0.035,0.983,0.664,3.0,0.019,22.193,0.003,-0.08800000000000001,380.001,0.153,-0.535
00:00:26.508,1572923061853,-0.299,-0.035,0.983,0.664,3.0,0.019,22.188,0.003,-0.08800000000000001,380.371,0.152,-0.535
00:00:26.563,1572923061908,-0.299,-0.035,0.983,0.664,3.0,0.018000000000000002,22.183000000000003,0.002,-0.08800000000000001,380.741,0.151,-0.535
00:00:26.564,1572923061909,-0.299,-0.035,0.983,0.664,3.0,0.018000000000000002,22.178,0.002,-0.08800000000000001,381.11,0.15,-0.535
00:00:26.565,1572923061910,-0.299,-0.035,0.983,0.664,3.0,0.018000000000000002,22.173,0.002,-0.08800000000000001,381.48,0.15,-0.535
00:00:26.611,1572923061956,-0.299,-0.035,0.983,0.664,3.0,0.018000000000000002,22.16800000000001,0.002,-0.08800000000000001,381.849,0.149,-0.535
00:00:26.612,1572923061957,-0.299,-0.035,0.983,0.664,3.0,0.018000000000000002,22.163,0.002,-0.08800000000000001,382.219,0.14800000000000002,-0.535
00:00:26.613,1572923061958,-0.299,-0.035,0.983,0.664,3.0,0.018000000000000002,22.158,0.002,-0.08800000000000001,382.588,0.147,-0.535
00:00:26.658,1572923062003,-0.298,-0.035,0.983,0.664,3.0,0.018000000000000002,22.153,0.002,-0.08800000000000001,382.957,0.146,-0.535
00:00:26.659,1572923062004,-0.298,-0.035,0.983,0.664,3.0,0.017,22.148000000000003,0.002,-0.08800000000000001,383.327,0.145,-0.535
00:00:26.660,1572923062005,-0.298,-0.036000000000000004,2.082,0.664,3.0,0.017,22.143,0.002,-0.08800000000000001,383.696,0.14400000000000002,-0.535
00:00:26.708,1572923062053,-0.294,-0.035,2.082,0.664,3.0,0.017,22.138,0.002,-0.08800000000000001,384.065,0.14300000000000002,-0.535
00:00:26.709,1572923062054,-0.279,-0.034,2.082,0.664,3.0,0.017,22.134,0.002,-0.08800000000000001,384.434,0.142,-0.535
00:00:26.710,1572923062055,-0.26,-0.034,2.082,0.664,3.0,0.017,22.13,0.003,-0.08800000000000001,384.80300000000005,0.142,-0.535
00:00:26.758,1572923062103,-0.256,-0.034,2.082,0.664,3.0,0.017,22.126,0.003,-0.087,385.171,0.141,-0.535
00:00:26.759,1572923062104,-0.257,-0.035,2.082,0.664,3.0,0.016,22.121,0.003,-0.087,385.54,0.14,-0.535
00:00:26.760,1572923062105,-0.257,-0.035,2.815,0.664,3.0,0.016,22.117,0.003,-0.086,385.909,0.139,-0.535
00:00:26.809,1572923062154,-0.254,-0.035,2.815,0.664,3.0,0.016,22.113000000000003,0.003,-0.086,386.277,0.138,-0.535
00:00:26.810,1572923062155,-0.245,-0.035,2.815,0.664,3.0,0.016,22.109,0.003,-0.085,386.646,0.13699999999999998,-0.535
00:00:26.811,1572923062156,-0.236,-0.036000000000000004,2.815,0.664,3.0,0.016,22.105,0.003,-0.085,387.014,0.136,-0.535
00:00:26.860,1572923062205,-0.23,-0.036000000000000004,2.815,0.664,3.0,0.016,22.101,0.003,-0.084,387.383,0.135,-0.535
00:00:26.861,1572923062206,-0.228,-0.036000000000000004,2.815,0.664,3.0,0.016,22.09800000000001,0.003,-0.083,387.751,0.134,-0.535
00:00:26.862,1572923062207,-0.23,-0.036000000000000004,5.305,0.664,3.0,0.016,22.094,0.003,-0.08199999999999999,388.119,0.133,-0.535
00:00:26.915,1572923062260,-0.228,-0.036000000000000004,5.305,0.664,3.0,0.015,22.09,0.003,-0.08199999999999999,388.487,0.132,-0.535
00:00:26.916,1572923062261,-0.223,-0.036000000000000004,5.305,0.664,3.0,0.015,22.086,0.003,-0.081,388.856,0.131,-0.535
00:00:26.917,1572923062262,-0.213,-0.036000000000000004,5.305,0.664,3.0,0.015,22.083,0.003,-0.08,389.224,0.129,-0.535
00:00:26.966,1572923062311,-0.2,-0.036000000000000004,5.305,0.664,3.0,0.015,22.08,0.003,-0.079,389.592,0.128,-0.535
00:00:26.967,1572923062312,-0.185,-0.036000000000000004,5.305,0.664,3.0,0.015,22.077,0.003,-0.078,389.96,0.127,-0.535
00:00:26.968,1572923062313,-0.171,-0.036000000000000004,5.305,0.664,3.0,0.015,22.074,0.003,-0.077,390.328,0.126,-0.535
00:00:27.016,1572923062361,-0.159,-0.036000000000000004,5.305,0.664,3.0,0.015,22.072,0.002,-0.076,390.696,0.125,-0.535
00:00:27.017,1572923062362,-0.15,-0.037000000000000005,5.305,0.664,3.0,0.015,22.07,0.002,-0.07400000000000001,391.06300000000016,0.124,-0.534
00:00:27.018,1572923062363,-0.146,-0.037000000000000005,5.305,0.664,3.0,0.015,22.067,0.002,-0.073,391.431,0.123,-0.534
00:00:27.066,1572923062411,-0.14400000000000002,-0.037000000000000005,5.305,0.664,3.0,0.015,22.065,0.002,-0.07200000000000001,391.799,0.122,-0.534
00:00:27.067,1572923062412,-0.14400000000000002,-0.037000000000000005,5.305,0.664,3.0,0.015,22.062,0.002,-0.071,392.167,0.121,-0.534
00:00:27.068,1572923062413,-0.146,-0.037000000000000005,2.302,0.664,3.0,0.015,22.06,0.002,-0.069,392.534,0.12,-0.534
00:00:27.126,1572923062471,-0.14800000000000002,-0.037000000000000005,2.302,0.664,3.0,0.015,22.057,0.002,-0.068,392.902,0.118,-0.534
00:00:27.127,1572923062472,-0.154,-0.037000000000000005,2.302,0.664,3.0,0.015,22.055,0.002,-0.067,393.27,0.117,-0.534
00:00:27.128,1572923062473,-0.168,-0.037000000000000005,2.302,0.664,3.0,0.014,22.052,0.002,-0.066,393.637,0.116,-0.534
00:00:27.129,1572923062474,-0.199,-0.037000000000000005,2.302,0.664,3.0,0.014,22.048,0.002,-0.066,394.005,0.115,-0.534
00:00:27.181,1572923062526,-0.24,-0.038,2.302,0.664,3.0,0.014,22.04300000000001,0.002,-0.066,394.372,0.114,-0.534
00:00:27.182,1572923062527,-0.255,-0.038,1.13,0.664,3.0,0.014,22.039,0.002,-0.066,394.739,0.112,-0.534
00:00:27.183,1572923062528,-0.252,-0.037000000000000005,1.13,0.664,3.0,0.014,22.035,0.002,-0.066,395.107,0.111,-0.534
00:00:27.230,1572923062575,-0.262,-0.038,1.13,0.664,3.0,0.015,22.03,0.002,-0.067,395.474,0.11,-0.534
00:00:27.231,1572923062576,-0.289,-0.04,1.13,0.664,3.0,0.015,22.025,0.002,-0.067,395.841,0.109,-0.534
00:00:27.232,1572923062577,-0.298,-0.04,1.13,0.664,3.0,0.015,22.02,0.002,-0.068,396.208,0.108,-0.534
00:00:27.284,1572923062629,-0.29,-0.039,1.13,0.664,3.0,0.015,22.015,0.002,-0.069,396.575,0.106,-0.534
00:00:27.285,1572923062630,-0.292,-0.04,0.983,0.664,3.0,0.015,22.01,0.002,-0.071,396.942,0.105,-0.534
00:00:27.286,1572923062631,-0.292,-0.04,0.983,0.664,3.0,0.015,22.006,0.002,-0.07200000000000001,397.309,0.104,-0.534
00:00:27.332,1572923062677,-0.295,-0.04,0.983,0.664,3.0,0.015,22.001,0.002,-0.073,397.675,0.102,-0.534
00:00:27.333,1572923062678,-0.29600000000000004,-0.04,0.983,0.664,3.0,0.015,21.996,0.003,-0.07400000000000001,398.042,0.101,-0.534
00:00:27.334,1572923062679,-0.29600000000000004,-0.04,0.983,0.664,3.0,0.015,21.991,0.003,-0.075,398.409,0.1,-0.534
00:00:27.382,1572923062727,-0.29600000000000004,-0.04,0.983,0.664,3.0,0.015,21.986,0.003,-0.077,398.775,0.098,-0.534
00:00:27.383,1572923062728,-0.29600000000000004,-0.041,2.815,0.664,3.0,0.015,21.981,0.003,-0.078,399.141,0.097,-0.534
00:00:27.384,1572923062729,-0.292,-0.041,2.815,0.664,3.0,0.015,21.976,0.003,-0.079,399.531,0.096,-0.534
00:00:27.439,1572923062784,-0.277,-0.039,2.815,0.664,3.0,0.015,21.972,0.003,-0.08,399.874,0.094,-0.534
00:00:27.440,1572923062785,-0.256,-0.039,2.815,0.664,3.0,0.015,21.968000000000004,0.003,-0.081,400.24,0.093,-0.534
00:00:27.441,1572923062786,-0.238,-0.039,2.815,0.664,3.0,0.015,21.964,0.003,-0.08199999999999999,400.606,0.092,-0.534
00:00:27.482,1572923062827,-0.225,-0.039,2.815,0.664,3.0,0.015,21.96,0.003,-0.08199999999999999,400.972,0.09,-0.534
00:00:27.483,1572923062828,-0.218,-0.039,4.646,0.664,3.0,0.015,21.957,0.003,-0.083,401.338,0.08900000000000001,-0.534
00:00:27.484,1572923062829,-0.215,-0.04,4.646,0.664,3.0,0.015,21.95300000000001,0.003,-0.083,401.704,0.087,-0.534
00:00:27.532,1572923062877,-0.212,-0.04,4.646,0.664,3.0,0.015,21.95,0.003,-0.084,402.07,0.086,-0.534
00:00:27.533,1572923062878,-0.207,-0.039,4.646,0.664,3.0,0.015,21.946,0.003,-0.084,402.436,0.085,-0.534
00:00:27.534,1572923062879,-0.2,-0.039,4.646,0.664,3.0,0.015,21.943,0.003,-0.084,402.824,0.083,-0.534
00:00:27.583,1572923062928,-0.192,-0.037000000000000005,4.646,0.664,3.0,0.015,21.94,0.003,-0.084,403.167,0.08199999999999999,-0.534
00:00:27.584,1572923062929,-0.184,-0.036000000000000004,6.2570000000000014,0.664,3.0,0.015,21.937,0.003,-0.083,403.533,0.08,-0.534
00:00:27.585,1572923062930,-0.17600000000000002,-0.034,6.2570000000000014,0.664,3.0,0.015,21.934,0.003,-0.083,403.899,0.079,-0.534
00:00:27.636,1572923062981,-0.168,-0.033,6.2570000000000014,0.664,3.0,0.015,21.932,0.003,-0.08199999999999999,404.264,0.077,-0.534
00:00:27.637,1572923062982,-0.156,-0.031,6.2570000000000014,0.664,3.0,0.015,21.929,0.003,-0.081,404.63,0.076,-0.534
00:00:27.638,1572923062983,-0.141,-0.03,6.2570000000000014,0.664,3.0,0.015,21.927,0.003,-0.08,404.995,0.07400000000000001,-0.534
00:00:27.686,1572923063031,-0.128,-0.029,6.2570000000000014,0.664,3.0,0.015,21.925,0.003,-0.079,405.361,0.073,-0.534
00:00:27.687,1572923063032,-0.117,-0.028,6.477,0.664,3.0,0.014,21.923,0.003,-0.077,405.726,0.071,-0.534
00:00:27.688,1572923063033,-0.111,-0.027000000000000003,6.477,0.664,3.0,0.014,21.921,0.003,-0.075,406.114,0.07,-0.534
00:00:27.737,1572923063082,-0.109,-0.027000000000000003,6.477,0.664,3.0,0.014,21.92,0.003,-0.07400000000000001,406.457,0.068,-0.534
00:00:27.738,1572923063083,-0.108,-0.026,6.477,0.664,3.0,0.014,21.91800000000001,0.003,-0.07200000000000001,406.822,0.067,-0.534
00:00:27.739,1572923063084,-0.108,-0.026,6.477,0.664,3.0,0.014,21.916,0.003,-0.07,407.187,0.065,-0.534
00:00:27.787,1572923063132,-0.109,-0.025,6.477,0.664,3.0,0.013,21.914,0.003,-0.068,407.575,0.064,-0.534
00:00:27.788,1572923063133,-0.109,-0.025,7.795,0.664,3.0,0.013,21.913,0.002,-0.067,407.918,0.062,-0.534
00:00:27.789,1572923063134,-0.109,-0.024,7.795,0.664,3.0,0.013,21.911,0.002,-0.065,408.306,0.06,-0.534
00:00:27.837,1572923063182,-0.105,-0.024,7.795,0.664,3.0,0.013,21.909,0.002,-0.063,408.648,0.059,-0.534
00:00:27.838,1572923063183,-0.096,-0.023,7.795,0.664,3.0,0.013,21.908,0.002,-0.062,409.013,0.057,-0.534
00:00:27.839,1572923063184,-0.083,-0.022,7.795,0.664,3.0,0.012,21.907,0.002,-0.06,409.378,0.056,-0.534
00:00:27.892,1572923063237,-0.071,-0.021,7.795,0.664,3.0,0.012,21.905,0.002,-0.059,409.74300000000005,0.054000000000000006,-0.534
00:00:27.893,1572923063238,-0.063,-0.02,8.088,0.664,3.0,0.012,21.905,0.002,-0.057,410.108,0.053,-0.534
00:00:27.894,1572923063239,-0.06,-0.018000000000000002,8.088,0.664,3.0,0.012,21.904,0.001,-0.056,410.474,0.051,-0.534
00:00:27.895,1572923063240,-0.06,-0.017,8.088,0.664,3.0,0.012,21.903,0.001,-0.055,410.839,0.049,-0.534
00:00:27.943,1572923063288,-0.06,-0.015,8.088,0.664,3.0,0.012,21.902,0.001,-0.054000000000000006,411.204,0.048,-0.534
00:00:27.944,1572923063289,-0.059,-0.013,8.088,0.664,3.0,0.011,21.901,0.001,-0.053,411.569,0.046,-0.534
00:00:27.945,1572923063290,-0.058,-0.011,8.088,0.664,3.0,0.011,21.9,0.001,-0.052000000000000005,411.934,0.045,-0.534
00:00:27.994,1572923063339,-0.057,-0.009000000000000001,8.308,0.664,3.0,0.011,21.899,0.001,-0.051,412.299,0.043,-0.534
00:00:27.995,1572923063340,-0.056,-0.006999999999999999,8.308,0.664,3.0,0.011,21.898000000000003,0.001,-0.051,412.664,0.041,-0.534
00:00:27.996,1572923063341,-0.055,-0.005,8.308,0.664,3.0,0.011,21.897,0.001,-0.05,413.029,0.04,-0.534
00:00:28.045,1572923063390,-0.054000000000000006,-0.003,8.308,0.664,3.0,0.01,21.896,0.001,-0.05,413.393,0.038,-0.534
00:00:28.046,1572923063391,-0.052000000000000005,0.0,8.308,0.664,3.0,0.01,21.895,0.001,-0.049,413.781,0.036000000000000004,-0.534
00:00:28.047,1572923063392,-0.05,0.002,8.308,0.664,3.0,0.01,21.894,0.001,-0.049,414.12300000000016,0.035,-0.534
00:00:28.096,1572923063441,-0.049,0.003,8.308,0.664,3.0,0.009000000000000001,21.894,0.001,-0.049,414.48800000000006,0.033,-0.534
00:00:28.097,1572923063442,-0.049,0.005,8.308,0.664,3.0,0.009000000000000001,21.893,0.001,-0.049,414.853,0.032,-0.534
00:00:28.098,1572923063443,-0.049,0.006,8.308,0.664,3.0,0.009000000000000001,21.892,0.001,-0.05,415.218,0.03,-0.534
00:00:28.146,1572923063491,-0.049,0.006999999999999999,8.308,0.664,3.0,0.008,21.891,0.001,-0.05,415.583,0.029,-0.534
00:00:28.147,1572923063492,-0.049,0.008,8.308,0.664,3.0,0.008,21.89,0.001,-0.05,415.948,0.027000000000000003,-0.534
00:00:28.148,1572923063493,-0.05,0.009000000000000001,8.308,0.664,3.0,0.006999999999999999,21.889,0.001,-0.05,416.312,0.025,-0.534
00:00:28.202,1572923063547,-0.049,0.009000000000000001,8.308,0.664,3.0,0.006999999999999999,21.889,0.001,-0.05,416.7,0.024,-0.534
00:00:28.203,1572923063548,-0.049,0.009000000000000001,8.308,0.664,3.0,0.006,21.888,0.001,-0.051,417.042,0.022,-0.534
00:00:28.204,1572923063549,-0.049,0.01,8.308,0.664,3.0,0.006,21.887,0.0,-0.051,417.407,0.021,-0.534
00:00:28.246,1572923063591,-0.049,0.01,8.308,0.664,3.0,0.005,21.886,0.0,-0.051,417.794,0.019,-0.534
00:00:28.247,1572923063592,-0.049,0.01,8.308,0.664,3.0,0.005,21.885,0.0,-0.052000000000000005,418.159,0.017,-0.534
00:00:28.248,1572923063593,-0.049,0.011,8.308,0.664,3.0,0.005,21.885,0.0,-0.052000000000000005,418.501,0.016,-0.534
00:00:28.296,1572923063641,-0.049,0.011,8.308,0.664,3.0,0.004,21.884,-0.001,-0.052000000000000005,418.866,0.014,-0.534
00:00:28.297,1572923063642,-0.049,0.012,8.308,0.664,3.0,0.004,21.88300000000001,-0.001,-0.053,419.231,0.013,-0.534
00:00:28.298,1572923063643,-0.049,0.012,8.308,0.664,3.0,0.004,21.882,-0.001,-0.053,419.595,0.011,-0.534
00:00:28.347,1572923063692,-0.049,0.013,8.308,0.664,3.0,0.003,21.881,-0.001,-0.053,419.983,0.009000000000000001,-0.534
00:00:28.348,1572923063693,-0.049,0.013,8.308,0.664,3.0,0.003,21.88,-0.001,-0.054000000000000006,420.37,0.008,-0.534
00:00:28.349,1572923063694,-0.049,0.013,8.308,0.664,3.0,0.003,21.88,-0.001,-0.054000000000000006,420.689,0.006,-0.534
00:00:28.398,1572923063743,-0.049,0.013,8.308,0.664,3.0,0.002,21.879,-0.001,-0.054000000000000006,421.077,0.005,-0.534
00:00:28.399,1572923063744,-0.049,0.013,8.308,0.664,3.0,0.002,21.878,-0.001,-0.054000000000000006,421.441,0.003,-0.534
00:00:28.400,1572923063745,-0.049,0.013,8.308,0.664,3.0,0.002,21.877,-0.002,-0.055,421.783,0.002,-0.534
00:00:28.448,1572923063793,-0.049,0.013,8.308,0.664,3.0,0.002,21.876,-0.002,-0.055,422.148,0.0,-0.534
00:00:28.449,1572923063794,-0.049,0.013,8.308,0.664,3.0,0.001,21.876,-0.002,-0.055,422.512,-0.002,-0.534
00:00:28.450,1572923063795,-0.049,0.012,8.308,0.664,3.0,0.001,21.875,-0.002,-0.055,422.877,-0.003,-0.534
00:00:28.502,1572923063847,-0.049,0.012,8.308,0.664,3.0,0.001,21.874,-0.002,-0.055,423.264,-0.005,-0.534
00:00:28.503,1572923063848,-0.049,0.011,8.308,0.664,3.0,0.001,21.873,-0.002,-0.056,423.629,-0.006,-0.534
00:00:28.504,1572923063849,-0.049,0.01,8.308,0.664,3.0,0.001,21.872,-0.001,-0.056,423.971,-0.008,-0.534
00:00:28.552,1572923063897,-0.049,0.009000000000000001,8.308,0.664,3.0,0.0,21.871,-0.001,-0.056,424.358,-0.009000000000000001,-0.534
00:00:28.553,1572923063898,-0.049,0.009000000000000001,8.308,0.664,3.0,0.0,21.871,-0.001,-0.056,424.723,-0.011,-0.534
00:00:28.554,1572923063899,-0.049,0.008,8.308,0.664,3.0,0.0,21.87,-0.001,-0.056,425.087,-0.012,-0.534
00:00:28.602,1572923063947,-0.049,0.006999999999999999,8.967,0.664,3.0,0.0,21.869,-0.001,-0.056,425.429,-0.014,-0.534
00:00:28.603,1572923063948,-0.048,0.006,8.967,0.664,3.0,0.0,21.868,-0.001,-0.056,425.839,-0.015,-0.534
00:00:28.604,1572923063949,-0.046,0.006,8.967,0.664,3.0,0.0,21.868,-0.001,-0.056,426.158,-0.017,-0.534
00:00:28.658,1572923064003,-0.04,0.005,8.967,0.664,3.0,0.0,21.867,-0.001,-0.056,426.545,-0.018000000000000002,-0.534
00:00:28.659,1572923064004,-0.034,0.004,8.967,0.664,3.0,0.0,21.867,-0.001,-0.056,426.887,-0.02,-0.534
00:00:28.660,1572923064005,-0.028,0.003,8.967,0.664,3.0,0.0,21.866,-0.001,-0.056,427.251,-0.021,-0.534
00:00:28.708,1572923064053,-0.025,0.002,10.139,0.664,3.0,-0.001,21.866,-0.001,-0.055,427.638,-0.023,-0.534
00:00:28.709,1572923064054,-0.023,0.002,10.139,0.664,3.0,-0.001,21.865,-0.001,-0.055,428.003,-0.024,-0.534
00:00:28.710,1572923064055,-0.021,0.001,10.139,0.664,3.0,-0.001,21.865,-0.001,-0.055,428.344,-0.026,-0.534
00:00:28.761,1572923064106,-0.016,0.001,10.139,0.664,3.0,-0.001,21.865,-0.001,-0.054000000000000006,428.731,-0.028,-0.534
00:00:28.762,1572923064107,-0.009000000000000001,0.0,10.139,0.664,3.0,0.0,21.865,0.0,-0.054000000000000006,429.073,-0.029,-0.534
00:00:28.763,1572923064108,-0.001,0.0,10.139,0.664,3.0,0.0,21.865,0.0,-0.053,429.46,-0.031,-0.534
00:00:28.805,1572923064150,0.005,-0.001,10.285,0.664,3.0,0.0,21.865,0.0,-0.053,429.825,-0.032,-0.534
00:00:28.806,1572923064151,0.009000000000000001,-0.001,10.285,0.664,3.0,0.0,21.865,0.0,-0.052000000000000005,430.189,-0.034,-0.534
00:00:28.807,1572923064152,0.012,-0.002,10.285,0.664,3.0,0.0,21.866,0.0,-0.052000000000000005,430.531,-0.035,-0.534
00:00:28.808,1572923064153,0.013,-0.002,10.285,0.664,3.0,0.0,21.866,0.0,-0.051,430.918,-0.037000000000000005,-0.534
00:00:28.863,1572923064208,0.014,-0.002,10.285,0.664,3.0,0.0,21.866,0.0,-0.05,431.282,-0.038,-0.534
00:00:28.864,1572923064209,0.014,-0.003,10.285,0.664,3.0,0.0,21.866,0.0,-0.049,431.624,-0.04,-0.534
00:00:28.865,1572923064210,0.014,-0.003,10.285,0.664,3.0,0.0,21.866,0.0,-0.049,431.989,-0.041,-0.534
00:00:28.908,1572923064253,0.014,-0.003,10.285,0.664,3.0,0.0,21.867,0.0,-0.048,432.376,-0.043,-0.534
00:00:28.909,1572923064254,0.014,-0.004,10.285,0.664,3.0,0.0,21.867,0.0,-0.047,432.717,-0.044,-0.534
00:00:28.910,1572923064255,0.014,-0.004,10.285,0.664,3.0,0.0,21.867,0.0,-0.047,433.105,-0.046,-0.534
00:00:28.961,1572923064306,0.014,-0.004,10.285,0.664,3.0,0.0,21.867,0.0,-0.046,433.469,-0.047,-0.534
00:00:28.962,1572923064307,0.014,-0.004,10.285,0.664,3.0,0.0,21.868,0.0,-0.046,433.834,-0.049,-0.534
00:00:28.963,1572923064308,0.013,-0.004,10.285,0.664,3.0,0.0,21.868,0.0,-0.045,434.198,-0.05,-0.534
00:00:29.008,1572923064353,0.013,-0.005,10.285,0.664,3.0,0.001,21.868,0.0,-0.045,434.585,-0.052000000000000005,-0.534
00:00:29.009,1572923064354,0.013,-0.005,10.285,0.664,3.0,0.001,21.868,0.0,-0.044,434.927,-0.053,-0.534
00:00:29.010,1572923064355,0.013,-0.005,10.285,0.664,3.0,0.001,21.869,0.0,-0.044,435.291,-0.055,-0.534
00:00:29.058,1572923064403,0.013,-0.006,10.285,0.664,3.0,0.001,21.869,0.0,-0.044,435.656,-0.056,-0.534
00:00:29.059,1572923064404,0.013,-0.006,10.285,0.664,3.0,0.001,21.869,0.0,-0.044,436.02,-0.058,-0.534
00:00:29.060,1572923064405,0.013,-0.006,10.285,1.128,3.0,0.001,21.869,0.0,-0.044,436.385,-0.059,-0.534
00:00:29.109,1572923064454,0.01,-0.006,10.285,1.128,3.0,0.001,21.869,0.0,-0.044,436.749,-0.061,-0.534
00:00:29.110,1572923064455,0.005,-0.006,10.285,1.128,3.0,0.001,21.869,0.0,-0.044,437.114,-0.063,-0.534
00:00:29.111,1572923064456,0.003,-0.006,10.285,1.128,3.0,0.001,21.869,0.0,-0.044,437.478,-0.064,-0.534
00:00:29.160,1572923064505,0.002,-0.005,10.285,1.128,3.0,0.001,21.869,0.0,-0.044,437.82,-0.066,-0.534
00:00:29.161,1572923064506,0.001,-0.005,10.285,1.128,3.0,0.001,21.869,0.0,-0.044,438.207,-0.067,-0.534
00:00:29.162,1572923064507,0.001,-0.005,10.285,0.664,3.0,0.001,21.869,0.0,-0.045,438.572,-0.069,-0.534
00:00:29.211,1572923064556,0.004,-0.005,10.285,0.664,3.0,0.001,21.87,0.0,-0.045,438.936,-0.07,-0.534
00:00:29.212,1572923064557,0.009000000000000001,-0.006,10.285,0.664,3.0,0.001,21.87,0.0,-0.045,439.301,-0.07200000000000001,-0.534
00:00:29.213,1572923064558,0.012,-0.006,10.285,0.664,3.0,0.001,21.87,0.0,-0.045,439.665,-0.073,-0.534
00:00:29.262,1572923064607,0.013,-0.006,10.285,0.664,3.0,0.001,21.87,0.0,-0.045,440.03,-0.075,-0.534
00:00:29.263,1572923064608,0.013,-0.006,10.285,0.664,3.0,0.001,21.87,0.0,-0.046,440.394,-0.076,-0.534
00:00:29.264,1572923064609,0.014,-0.006,10.285,0.664,3.0,0.001,21.871,0.0,-0.046,440.759,-0.078,-0.534
00:00:29.312,1572923064657,0.014,-0.006,10.285,0.664,3.0,0.001,21.871,0.0,-0.046,441.12300000000016,-0.08,-0.534
00:00:29.313,1572923064658,0.014,-0.006,10.285,0.664,3.0,0.001,21.871,0.0,-0.046,441.48800000000006,-0.081,-0.534
00:00:29.314,1572923064659,0.014,-0.006,10.285,0.664,3.0,0.001,21.871,0.0,-0.046,441.852,-0.083,-0.534
00:00:29.362,1572923064707,0.014,-0.006,10.285,0.664,3.0,0.001,21.872,0.0,-0.047,442.217,-0.084,-0.534
00:00:29.363,1572923064708,0.014,-0.006,10.285,0.664,3.0,0.001,21.872,0.0,-0.047,442.581,-0.086,-0.534
00:00:29.364,1572923064709,0.014,-0.006,10.285,0.664,3.0,0.001,21.872,0.0,-0.047,442.946,-0.087,-0.534
00:00:29.412,1572923064757,0.014,-0.005,10.285,0.664,3.0,0.001,21.872,0.0,-0.047,443.31,-0.08900000000000001,-0.534
00:00:29.413,1572923064758,0.014,-0.005,10.285,0.664,3.0,0.001,21.872,0.0,-0.047,443.675,-0.091,-0.534
00:00:29.414,1572923064759,0.014,-0.004,10.285,0.664,3.0,0.001,21.873,0.0,-0.047,444.039,-0.092,-0.534
00:00:29.463,1572923064808,0.014,-0.003,10.285,0.664,3.0,0.001,21.873,0.001,-0.047,444.404,-0.094,-0.534
00:00:29.464,1572923064809,0.014,-0.002,10.285,0.664,3.0,0.002,21.873,0.001,-0.047,444.769,-0.095,-0.534
00:00:29.465,1572923064810,0.014,0.0,10.285,0.664,3.0,0.002,21.873,0.001,-0.047,445.133,-0.097,-0.534
00:00:29.517,1572923064862,0.014,0.003,10.285,0.664,3.0,0.002,21.874,0.001,-0.047,445.49800000000016,-0.098,-0.534
00:00:29.518,1572923064863,0.014,0.006,10.285,0.664,3.0,0.002,21.874,0.001,-0.047,445.862,-0.1,-0.534
00:00:29.519,1572923064864,0.014,0.01,10.285,0.664,3.0,0.002,21.874,0.001,-0.048,446.227,-0.101,-0.534
00:00:29.569,1572923064914,0.014,0.014,10.285,0.664,3.0,0.002,21.874,0.001,-0.048,446.591,-0.103,-0.534
00:00:29.570,1572923064915,0.014,0.018000000000000002,10.285,0.664,3.0,0.002,21.875,0.001,-0.047,446.956,-0.105,-0.534
00:00:29.571,1572923064916,0.014,0.023,10.285,0.664,3.0,0.002,21.875,0.001,-0.047,447.32,-0.106,-0.534
00:00:29.619,1572923064964,0.014,0.027000000000000003,10.285,0.664,3.0,0.002,21.875,0.002,-0.047,447.685,-0.108,-0.534
00:00:29.620,1572923064965,0.014,0.031,10.285,0.664,3.0,0.001,21.875,0.002,-0.047,448.05,-0.109,-0.534
00:00:29.621,1572923064966,0.014,0.034,10.285,0.664,3.0,0.001,21.875,0.002,-0.047,448.414,-0.111,-0.534
00:00:29.669,1572923065014,0.014,0.037000000000000005,10.285,0.664,3.0,0.0,21.876,0.002,-0.047,448.802,-0.112,-0.534
00:00:29.670,1572923065015,0.014,0.038,10.285,0.664,3.0,0.0,21.876,0.001,-0.047,449.143,-0.114,-0.534
00:00:29.671,1572923065016,0.014,0.039,10.285,0.664,3.0,-0.001,21.876,0.001,-0.047,449.508,-0.115,-0.534
00:00:29.719,1572923065064,0.014,0.04,10.285,0.664,3.0,-0.002,21.876,0.001,-0.047,449.87300000000016,-0.117,-0.534
00:00:29.720,1572923065065,0.014,0.04,10.285,0.664,3.0,-0.002,21.877,0.0,-0.047,450.237,-0.118,-0.534
00:00:29.721,1572923065066,0.013,0.041,10.285,0.664,3.0,-0.003,21.877,0.0,-0.047,450.602,-0.12,-0.534
00:00:29.769,1572923065114,0.013,0.041,10.285,0.664,3.0,-0.004,21.877,-0.001,-0.047,450.966,-0.121,-0.534
00:00:29.770,1572923065115,0.013,0.041,10.285,0.664,3.0,-0.004,21.877,-0.001,-0.047,451.331,-0.122,-0.534
00:00:29.771,1572923065116,0.013,0.043,10.285,0.664,3.0,-0.005,21.877,-0.001,-0.047,451.696,-0.124,-0.534
00:00:29.819,1572923065164,0.013,0.044,10.285,0.664,3.0,-0.005,21.878,-0.002,-0.047,452.06,-0.125,-0.534
00:00:29.820,1572923065165,0.013,0.046,10.285,0.664,3.0,-0.006,21.878,-0.002,-0.047,452.425,-0.127,-0.534
00:00:29.821,1572923065166,0.013,0.048,10.285,0.664,3.0,-0.006,21.878,-0.003,-0.047,452.79,-0.128,-0.534
00:00:29.876,1572923065221,0.013,0.049,10.285,0.664,3.0,-0.006999999999999999,21.878,-0.003,-0.047,453.154,-0.129,-0.534
00:00:29.877,1572923065222,0.013,0.051,10.285,0.664,3.0,-0.006999999999999999,21.879,-0.003,-0.047,453.519,-0.131,-0.534
00:00:29.878,1572923065223,0.013,0.052000000000000005,10.285,0.664,3.0,-0.008,21.879,-0.004,-0.047,453.883,-0.132,-0.534
00:00:29.879,1572923065224,0.013,0.053,10.285,0.664,3.0,-0.008,21.879,-0.004,-0.047,454.24800000000016,-0.133,-0.534
00:00:29.927,1572923065272,0.013,0.054000000000000006,10.285,0.664,3.0,-0.009000000000000001,21.879,-0.004,-0.047,454.61300000000006,-0.135,-0.534
00:00:29.928,1572923065273,0.013,0.054000000000000006,10.285,0.664,3.0,-0.009000000000000001,21.879,-0.004,-0.047,454.977,-0.136,-0.534
00:00:29.929,1572923065274,0.013,0.054000000000000006,10.285,0.664,3.0,-0.01,21.88,-0.004,-0.047,455.342,-0.13699999999999998,-0.534
00:00:29.978,1572923065323,0.013,0.054000000000000006,10.285,0.664,3.0,-0.01,21.88,-0.004,-0.047,455.707,-0.139,-0.534
00:00:29.979,1572923065324,0.013,0.053,10.285,1.128,3.0,-0.01,21.88,-0.004,-0.047,456.071,-0.14,-0.534
00:00:29.980,1572923065325,0.01,0.053,10.285,1.128,3.0,-0.011,21.88,-0.004,-0.047,456.436,-0.141,-0.534
00:00:30.028,1572923065373,0.005,0.052000000000000005,10.285,1.128,3.0,-0.011,21.88,-0.004,-0.047,456.801,-0.142,-0.534
00:00:30.029,1572923065374,0.003,0.051,10.285,1.128,3.0,-0.011,21.88,-0.004,-0.047,457.165,-0.14400000000000002,-0.534
00:00:30.030,1572923065375,0.002,0.051,10.285,1.128,3.0,-0.012,21.88,-0.004,-0.047,457.53,-0.145,-0.534
00:00:30.078,1572923065423,0.001,0.05,10.285,1.128,3.0,-0.012,21.88,-0.004,-0.047,457.895,-0.146,-0.534
00:00:30.079,1572923065424,0.001,0.049,10.285,0.664,3.0,-0.012,21.88,-0.004,-0.047,458.259,-0.147,-0.534
00:00:30.080,1572923065425,0.004,0.048,10.285,0.664,3.0,-0.012,21.88,-0.004,-0.047,458.624,-0.14800000000000002,-0.534
00:00:30.128,1572923065473,0.009000000000000001,0.047,10.285,0.664,3.0,-0.013,21.881,-0.004,-0.047,458.989,-0.149,-0.534
00:00:30.129,1572923065474,0.012,0.046,10.285,0.664,3.0,-0.013,21.881,-0.004,-0.047,459.353,-0.15,-0.534
00:00:30.130,1572923065475,0.013,0.045,10.285,0.664,3.0,-0.013,21.881,-0.004,-0.047,459.718,-0.152,-0.534
00:00:30.178,1572923065523,0.013,0.044,10.285,0.664,3.0,-0.013,21.881,-0.004,-0.047,460.083,-0.153,-0.534
00:00:30.179,1572923065524,0.013,0.043,10.285,0.664,3.0,-0.013,21.882,-0.004,-0.047,460.447,-0.154,-0.534
00:00:30.180,1572923065525,0.013,0.043,10.285,0.664,3.0,-0.013,21.882,-0.003,-0.047,460.812,-0.155,-0.534
00:00:30.228,1572923065573,0.013,0.042,10.285,0.664,3.0,-0.013,21.882,-0.003,-0.047,461.177,-0.156,-0.534
00:00:30.229,1572923065574,0.013,0.041,10.285,0.664,3.0,-0.013,21.882,-0.003,-0.047,461.542,-0.157,-0.534
00:00:30.230,1572923065575,0.013,0.04,10.285,0.664,3.0,-0.013,21.882,-0.003,-0.047,461.906,-0.158,-0.534
00:00:30.283,1572923065628,0.013,0.039,10.285,0.664,3.0,-0.013,21.88300000000001,-0.003,-0.047,462.271,-0.159,-0.534
00:00:30.284,1572923065629,0.013,0.038,10.285,0.664,3.0,-0.014,21.88300000000001,-0.003,-0.047,462.636,-0.16,-0.534
00:00:30.285,1572923065630,0.013,0.038,10.285,0.664,3.0,-0.014,21.88300000000001,-0.003,-0.047,463.0,-0.161,-0.534
00:00:30.337,1572923065682,0.013,0.037000000000000005,10.285,0.664,3.0,-0.014,21.88300000000001,-0.003,-0.047,463.365,-0.162,-0.534
00:00:30.338,1572923065683,0.013,0.036000000000000004,10.285,0.664,3.0,-0.014,21.884,-0.002,-0.047,463.73,-0.163,-0.534
00:00:30.339,1572923065684,0.013,0.036000000000000004,10.285,0.664,3.0,-0.014,21.884,-0.002,-0.047,464.095,-0.16399999999999998,-0.534
00:00:30.385,1572923065730,0.013,0.035,10.285,0.664,3.0,-0.014,21.884,-0.002,-0.047,464.459,-0.165,-0.534
00:00:30.386,1572923065731,0.013,0.035,10.285,0.664,3.0,-0.013,21.884,-0.002,-0.047,464.824,-0.166,-0.534
00:00:30.387,1572923065732,0.013,0.035,10.285,0.664,3.0,-0.013,21.884,-0.002,-0.047,465.189,-0.16699999999999998,-0.534
00:00:30.435,1572923065780,0.013,0.035,10.285,0.664,3.0,-0.013,21.885,-0.002,-0.047,465.55300000000005,-0.168,-0.534
00:00:30.436,1572923065781,0.013,0.034,10.285,0.664,3.0,-0.013,21.885,-0.002,-0.047,465.918,-0.16899999999999998,-0.534
00:00:30.437,1572923065782,0.013,0.034,10.285,0.664,3.0,-0.013,21.885,-0.002,-0.047,466.283,-0.17,-0.534
00:00:30.485,1572923065830,0.013,0.034,10.285,0.664,3.0,-0.013,21.885,-0.002,-0.047,466.648,-0.171,-0.534
00:00:30.486,1572923065831,0.013,0.034,10.285,0.664,3.0,-0.013,21.886,-0.002,-0.047,467.013,-0.172,-0.534
00:00:30.487,1572923065832,0.013,0.033,10.285,0.664,3.0,-0.013,21.886,-0.002,-0.047,467.377,-0.172,-0.534
00:00:30.535,1572923065880,0.013,0.033,10.285,0.664,3.0,-0.013,21.886,-0.002,-0.047,467.742,-0.173,-0.534
00:00:30.536,1572923065881,0.013,0.033,10.285,0.664,3.0,-0.013,21.886,-0.002,-0.047,468.107,-0.174,-0.534
00:00:30.537,1572923065882,0.013,0.033,10.285,0.664,3.0,-0.013,21.886,-0.002,-0.047,468.472,-0.175,-0.534
00:00:30.585,1572923065930,0.013,0.033,10.285,0.664,3.0,-0.013,21.887,-0.002,-0.047,468.836,-0.17600000000000002,-0.534
00:00:30.586,1572923065931,0.013,0.033,10.285,0.664,3.0,-0.013,21.887,-0.002,-0.047,469.201,-0.177,-0.534
00:00:30.587,1572923065932,0.013,0.033,10.285,0.664,3.0,-0.013,21.887,-0.002,-0.047,469.566,-0.17800000000000002,-0.534
00:00:30.636,1572923065981,0.013,0.034,10.285,0.664,3.0,-0.013,21.887,-0.002,-0.047,469.931,-0.17800000000000002,-0.534
00:00:30.637,1572923065982,0.013,0.035,10.285,0.664,3.0,-0.013,21.888,-0.002,-0.047,470.295,-0.179,-0.534
00:00:30.638,1572923065983,0.013,0.036000000000000004,10.285,0.664,3.0,-0.013,21.888,-0.002,-0.047,470.66,-0.18,-0.534
00:00:30.688,1572923066033,0.013,0.037000000000000005,10.285,0.664,3.0,-0.013,21.888,-0.002,-0.047,471.025,-0.181,-0.534
00:00:30.689,1572923066034,0.013,0.039,10.285,1.128,3.0,-0.013,21.888,-0.002,-0.047,471.39,-0.182,-0.534
00:00:30.690,1572923066035,0.01,0.04,10.285,1.128,3.0,-0.013,21.888,-0.002,-0.047,471.755,-0.182,-0.534
00:00:30.737,1572923066082,0.005,0.041,10.285,1.128,3.0,-0.013,21.888,-0.002,-0.047,472.119,-0.183,-0.534
00:00:30.738,1572923066083,0.002,0.041,10.285,1.128,3.0,-0.013,21.888,-0.002,-0.047,472.484,-0.184,-0.534
00:00:30.739,1572923066084,0.001,0.042,10.285,1.128,3.0,-0.013,21.888,-0.002,-0.047,472.849,-0.185,-0.534
00:00:30.788,1572923066133,0.001,0.043,10.285,1.128,3.0,-0.013,21.888,-0.002,-0.047,473.214,-0.185,-0.534
00:00:30.789,1572923066134,0.001,0.043,10.139,0.664,3.0,-0.013,21.888,-0.002,-0.047,473.579,-0.18600000000000005,-0.534
00:00:30.790,1572923066135,0.004,0.043,10.139,0.664,3.0,-0.013,21.889,-0.002,-0.047,473.944,-0.187,-0.534
00:00:30.791,1572923066136,0.009000000000000001,0.044,10.139,0.664,3.0,-0.013,21.889,-0.002,-0.047,474.30800000000005,-0.188,-0.534
00:00:30.838,1572923066183,0.01,0.044,10.139,0.664,3.0,-0.013,21.889,-0.002,-0.047,474.673,-0.188,-0.534
00:00:30.839,1572923066184,0.01,0.044,10.139,0.664,3.0,-0.013,21.889,-0.002,-0.047,475.038,-0.189,-0.534
00:00:30.840,1572923066185,0.01,0.045,10.139,0.664,3.0,-0.014,21.889,-0.002,-0.048,475.403,-0.19,-0.534
00:00:30.888,1572923066233,0.009000000000000001,0.045,10.139,0.664,3.0,-0.014,21.889,-0.002,-0.048,475.768,-0.19,-0.534
00:00:30.889,1572923066234,0.008,0.046,10.139,0.664,3.0,-0.014,21.889,-0.002,-0.048,476.132,-0.191,-0.534
00:00:30.890,1572923066235,0.008,0.047,10.139,0.664,3.0,-0.014,21.89,-0.003,-0.048,476.497,-0.191,-0.534
00:00:30.938,1572923066283,0.008,0.048,10.139,0.664,3.0,-0.014,21.89,-0.003,-0.048,476.862,-0.192,-0.534
00:00:30.939,1572923066284,0.008,0.05,10.139,0.664,3.0,-0.014,21.89,-0.003,-0.048,477.227,-0.193,-0.534
00:00:30.940,1572923066285,0.008,0.052000000000000005,10.139,0.664,3.0,-0.014,21.89,-0.003,-0.048,477.592,-0.193,-0.534
00:00:30.988,1572923066333,0.008,0.055,10.285,0.664,3.0,-0.014,21.89,-0.003,-0.048,477.957,-0.194,-0.534
00:00:30.989,1572923066334,0.008,0.058,10.285,0.664,3.0,-0.014,21.89,-0.003,-0.048,478.321,-0.194,-0.534
00:00:30.990,1572923066335,0.009000000000000001,0.061,10.285,0.664,3.0,-0.014,21.89,-0.002,-0.048,478.686,-0.195,-0.534
00:00:31.043,1572923066388,0.01,0.065,10.285,0.664,3.0,-0.014,21.891,-0.002,-0.048,479.051,-0.195,-0.534
00:00:31.044,1572923066389,0.011,0.069,10.285,0.664,3.0,-0.014,21.891,-0.002,-0.048,479.416,-0.196,-0.534
00:00:31.045,1572923066390,0.012,0.07200000000000001,10.285,0.664,3.0,-0.014,21.891,-0.002,-0.048,479.781,-0.196,-0.534
00:00:31.094,1572923066439,0.013,0.075,10.285,0.664,3.0,-0.015,21.891,-0.002,-0.048,480.146,-0.197,-0.534
00:00:31.095,1572923066440,0.014,0.077,10.285,0.664,3.0,-0.015,21.891,-0.002,-0.048,480.51,-0.197,-0.534
00:00:31.096,1572923066441,0.014,0.079,10.285,0.664,3.0,-0.016,21.892,-0.002,-0.048,480.875,-0.198,-0.534
00:00:31.145,1572923066490,0.014,0.08,10.285,0.664,3.0,-0.016,21.892,-0.002,-0.047,481.24,-0.198,-0.534
00:00:31.146,1572923066491,0.014,0.081,10.285,0.664,3.0,-0.017,21.892,-0.002,-0.047,481.605,-0.198,-0.534
00:00:31.147,1572923066492,0.013,0.081,10.285,0.664,3.0,-0.018000000000000002,21.892,-0.003,-0.047,481.97,-0.199,-0.534
00:00:31.195,1572923066540,0.013,0.08199999999999999,10.285,0.664,3.0,-0.018000000000000002,21.893,-0.003,-0.047,482.335,-0.199,-0.534
00:00:31.196,1572923066541,0.013,0.08199999999999999,10.285,0.664,3.0,-0.019,21.893,-0.003,-0.047,482.7,-0.199,-0.534
00:00:31.197,1572923066542,0.013,0.08199999999999999,10.285,0.664,3.0,-0.019,21.893,-0.004,-0.047,483.065,-0.2,-0.534
00:00:31.251,1572923066596,0.013,0.083,10.285,0.664,3.0,-0.02,21.893,-0.004,-0.047,483.429,-0.2,-0.534
00:00:31.252,1572923066597,0.013,0.083,10.285,0.664,3.0,-0.02,21.893,-0.004,-0.047,483.794,-0.2,-0.534
00:00:31.253,1572923066598,0.013,0.084,10.285,0.664,3.0,-0.021,21.894,-0.005,-0.047,484.159,-0.2,-0.534
00:00:31.301,1572923066646,0.013,0.086,10.285,0.664,3.0,-0.021,21.894,-0.005,-0.047,484.524,-0.2,-0.534
00:00:31.302,1572923066647,0.013,0.087,10.285,0.664,3.0,-0.022,21.894,-0.005,-0.047,484.889,-0.201,-0.534
00:00:31.303,1572923066648,0.013,0.08800000000000001,10.285,0.664,3.0,-0.022,21.894,-0.005,-0.047,485.254,-0.201,-0.534
00:00:31.352,1572923066697,0.013,0.08900000000000001,10.285,0.664,3.0,-0.022,21.895,-0.006,-0.047,485.619,-0.201,-0.534
00:00:31.353,1572923066698,0.013,0.09,10.285,0.664,3.0,-0.023,21.895,-0.006,-0.047,485.984,-0.201,-0.534
00:00:31.354,1572923066699,0.013,0.09,10.285,0.664,3.0,-0.023,21.895,-0.006,-0.047,486.349,-0.201,-0.534
00:00:31.403,1572923066748,0.013,0.091,10.285,0.664,3.0,-0.024,21.895,-0.006,-0.047,486.714,-0.201,-0.534
00:00:31.404,1572923066749,0.013,0.091,10.285,0.664,3.0,-0.024,21.895,-0.006,-0.047,487.079,-0.201,-0.534
00:00:31.405,1572923066750,0.013,0.091,10.285,0.664,3.0,-0.024,21.896,-0.006,-0.047,487.443,-0.201,-0.534
00:00:31.455,1572923066800,0.013,0.091,10.285,0.664,3.0,-0.025,21.896,-0.006,-0.047,487.831,-0.201,-0.534
00:00:31.456,1572923066801,0.013,0.091,10.285,0.664,3.0,-0.025,21.896,-0.006,-0.047,488.173,-0.201,-0.534
00:00:31.457,1572923066802,0.013,0.09,10.285,0.664,3.0,-0.025,21.896,-0.006,-0.047,488.538,-0.201,-0.534
00:00:31.458,1572923066803,0.013,0.08900000000000001,10.285,0.664,3.0,-0.026,21.897,-0.006,-0.047,488.903,-0.201,-0.534
00:00:31.506,1572923066851,0.013,0.08800000000000001,10.285,0.664,3.0,-0.026,21.897,-0.006,-0.047,489.268,-0.201,-0.534
00:00:31.507,1572923066852,0.013,0.087,10.285,0.664,3.0,-0.026,21.897,-0.006,-0.047,489.633,-0.2,-0.534
00:00:31.508,1572923066853,0.013,0.086,10.285,0.664,3.0,-0.026,21.897,-0.006,-0.047,489.99800000000016,-0.2,-0.534
00:00:31.565,1572923066910,0.013,0.085,10.285,0.664,3.0,-0.027000000000000003,21.897,-0.006,-0.047,490.36300000000006,-0.2,-0.534
00:00:31.566,1572923066911,0.013,0.084,10.285,0.664,3.0,-0.027000000000000003,21.898000000000003,-0.006,-0.047,490.728,-0.2,-0.534
00:00:31.567,1572923066912,0.013,0.08199999999999999,10.285,0.664,3.0,-0.027000000000000003,21.898000000000003,-0.006,-0.047,491.093,-0.199,-0.534
00:00:31.616,1572923066961,0.013,0.081,10.285,0.664,3.0,-0.027000000000000003,21.898000000000003,-0.006,-0.047,491.458,-0.199,-0.534
00:00:31.617,1572923066962,0.013,0.08,10.285,0.664,3.0,-0.027000000000000003,21.898000000000003,-0.006,-0.047,491.823,-0.199,-0.534
00:00:31.618,1572923066963,0.013,0.08,10.285,0.664,3.0,-0.027000000000000003,21.898000000000003,-0.006,-0.047,492.18800000000016,-0.199,-0.534
00:00:31.665,1572923067010,0.013,0.079,10.285,0.664,3.0,-0.027000000000000003,21.899,-0.006,-0.047,492.55300000000005,-0.198,-0.534
00:00:31.666,1572923067011,0.013,0.078,10.285,0.664,3.0,-0.027000000000000003,21.899,-0.006,-0.047,492.918,-0.198,-0.534
00:00:31.667,1572923067012,0.013,0.077,10.285,0.664,3.0,-0.027000000000000003,21.899,-0.006,-0.047,493.283,-0.197,-0.534
00:00:31.715,1572923067060,0.013,0.076,10.285,0.664,3.0,-0.027000000000000003,21.899,-0.005,-0.047,493.648,-0.197,-0.534
00:00:31.716,1572923067061,0.013,0.075,10.285,0.664,3.0,-0.027000000000000003,21.9,-0.005,-0.047,494.013,-0.197,-0.534
00:00:31.717,1572923067062,0.013,0.07400000000000001,10.285,0.664,3.0,-0.027000000000000003,21.9,-0.005,-0.047,494.378,-0.196,-0.534
00:00:31.766,1572923067111,0.013,0.07200000000000001,10.285,0.664,3.0,-0.027000000000000003,21.9,-0.005,-0.047,494.74300000000005,-0.196,-0.534
00:00:31.767,1572923067112,0.013,0.07,10.285,0.664,3.0,-0.027000000000000003,21.9,-0.005,-0.047,495.108,-0.195,-0.534
00:00:31.768,1572923067113,0.013,0.069,10.285,0.664,3.0,-0.027000000000000003,21.9,-0.005,-0.047,495.473,-0.195,-0.534
00:00:31.817,1572923067162,0.013,0.067,10.285,0.664,3.0,-0.027000000000000003,21.901,-0.005,-0.047,495.838,-0.194,-0.534
00:00:31.818,1572923067163,0.013,0.065,10.285,0.664,3.0,-0.027000000000000003,21.901,-0.005,-0.047,496.203,-0.193,-0.534
00:00:31.819,1572923067164,0.013,0.063,10.285,0.664,3.0,-0.027000000000000003,21.901,-0.005,-0.047,496.568,-0.193,-0.534
00:00:31.868,1572923067213,0.013,0.062,10.285,0.664,3.0,-0.027000000000000003,21.901,-0.005,-0.047,496.93300000000005,-0.192,-0.534
00:00:31.869,1572923067214,0.013,0.06,10.285,0.664,3.0,-0.027000000000000003,21.901,-0.005,-0.047,497.298,-0.192,-0.534
00:00:31.870,1572923067215,0.013,0.058,10.285,0.664,3.0,-0.027000000000000003,21.902,-0.005,-0.047,497.663,-0.191,-0.534
00:00:31.920,1572923067265,0.013,0.057,10.285,0.664,3.0,-0.026,21.902,-0.004,-0.047,498.028,-0.19,-0.534
00:00:31.921,1572923067266,0.013,0.055,10.285,0.664,3.0,-0.026,21.902,-0.004,-0.047,498.393,-0.19,-0.534
00:00:31.922,1572923067267,0.013,0.054000000000000006,10.285,0.664,3.0,-0.026,21.902,-0.004,-0.047,498.758,-0.189,-0.534
00:00:31.971,1572923067316,0.013,0.054000000000000006,10.285,0.664,3.0,-0.026,21.903,-0.004,-0.047,499.12300000000016,-0.188,-0.534
00:00:31.972,1572923067317,0.013,0.053,10.285,0.664,3.0,-0.025,21.903,-0.004,-0.047,499.48800000000006,-0.188,-0.534
00:00:31.973,1572923067318,0.013,0.052000000000000005,10.285,0.664,3.0,-0.025,21.903,-0.004,-0.047,499.853,-0.187,-0.534
00:00:32.027,1572923067372,0.013,0.052000000000000005,10.285,0.664,3.0,-0.025,21.903,-0.004,-0.047,500.218,-0.18600000000000005,-0.534
00:00:32.028,1572923067373,0.013,0.051,10.285,0.664,3.0,-0.024,21.903,-0.004,-0.047,500.583,-0.18600000000000005,-0.534
00:00:32.029,1572923067374,0.013,0.05,10.285,0.664,3.0,-0.024,21.904,-0.004,-0.047,500.948,-0.185,-0.534
00:00:32.030,1572923067375,0.013,0.05,10.285,0.664,3.0,-0.024,21.904,-0.003,-0.047,501.31300000000016,-0.184,-0.534
00:00:32.080,1572923067425,0.013,0.049,10.285,0.664,3.0,-0.024,21.904,-0.003,-0.047,501.67800000000005,-0.183,-0.534
00:00:32.081,1572923067426,0.013,0.049,10.285,0.664,3.0,-0.023,21.904,-0.003,-0.047,502.043,-0.183,-0.534
00:00:32.082,1572923067427,0.013,0.048,10.285,0.664,3.0,-0.023,21.905,-0.003,-0.047,502.431,-0.182,-0.534
00:00:32.136,1572923067481,0.013,0.047,10.285,0.664,3.0,-0.023,21.905,-0.003,-0.047,502.774,-0.181,-0.534
00:00:32.137,1572923067482,0.013,0.046,10.285,0.664,3.0,-0.023,21.905,-0.003,-0.047,503.139,-0.18,-0.534
00:00:32.138,1572923067483,0.013,0.046,10.285,0.664,3.0,-0.022,21.905,-0.003,-0.047,503.527,-0.179,-0.534
00:00:32.181,1572923067526,0.013,0.045,10.285,0.664,3.0,-0.022,21.905,-0.003,-0.047,503.869,-0.17800000000000002,-0.534
00:00:32.182,1572923067527,0.013,0.044,10.285,0.664,3.0,-0.022,21.906,-0.003,-0.047,504.234,-0.17800000000000002,-0.534
00:00:32.183,1572923067528,0.013,0.043,10.285,0.664,3.0,-0.022,21.906,-0.003,-0.047,504.599,-0.177,-0.534
00:00:32.232,1572923067577,0.013,0.043,10.285,0.664,3.0,-0.022,21.906,-0.003,-0.047,504.964,-0.17600000000000002,-0.534
00:00:32.233,1572923067578,0.013,0.043,10.285,0.664,3.0,-0.021,21.906,-0.003,-0.047,505.329,-0.175,-0.534
00:00:32.234,1572923067579,0.013,0.042,10.285,0.664,3.0,-0.021,21.906,-0.003,-0.047,505.694,-0.174,-0.534
00:00:32.282,1572923067627,0.013,0.041,10.285,0.664,3.0,-0.021,21.907,-0.003,-0.047,506.082,-0.173,-0.534
00:00:32.283,1572923067628,0.013,0.041,10.285,0.664,3.0,-0.021,21.907,-0.003,-0.047,506.447,-0.172,-0.534
00:00:32.284,1572923067629,0.013,0.04,10.285,0.664,3.0,-0.02,21.907,-0.003,-0.047,506.812,-0.171,-0.534
00:00:32.332,1572923067677,0.013,0.04,10.285,0.664,3.0,-0.02,21.907,-0.003,-0.047,507.155,-0.17,-0.534
00:00:32.333,1572923067678,0.013,0.04,10.285,0.664,3.0,-0.02,21.908,-0.003,-0.047,507.52,-0.16899999999999998,-0.534
00:00:32.334,1572923067679,0.013,0.04,10.285,0.664,3.0,-0.02,21.908,-0.003,-0.047,507.885,-0.168,-0.534
00:00:32.382,1572923067727,0.013,0.04,10.285,0.664,3.0,-0.019,21.908,-0.003,-0.047,508.25,-0.16699999999999998,-0.534
00:00:32.383,1572923067728,0.013,0.04,10.285,0.664,3.0,-0.019,21.908,-0.003,-0.047,508.615,-0.166,-0.534
00:00:32.384,1572923067729,0.013,0.04,10.285,0.664,3.0,-0.019,21.908,-0.003,-0.047,508.98,-0.165,-0.534
00:00:32.432,1572923067777,0.013,0.041,10.285,0.664,3.0,-0.019,21.909,-0.002,-0.047,509.346,-0.16399999999999998,-0.534
00:00:32.433,1572923067778,0.013,0.041,10.285,0.664,3.0,-0.019,21.909,-0.002,-0.047,509.711,-0.163,-0.534
00:00:32.434,1572923067779,0.013,0.041,10.285,0.664,3.0,-0.019,21.909,-0.002,-0.047,510.076,-0.162,-0.534
00:00:32.483,1572923067828,0.013,0.041,10.285,0.664,3.0,-0.018000000000000002,21.909,-0.002,-0.047,510.464,-0.161,-0.534
00:00:32.484,1572923067829,0.013,0.041,10.285,0.664,3.0,-0.018000000000000002,21.909,-0.002,-0.047,510.829,-0.16,-0.534
00:00:32.485,1572923067830,0.013,0.041,10.285,0.664,3.0,-0.018000000000000002,21.91,-0.002,-0.047,511.171,-0.159,-0.534
00:00:32.534,1572923067879,0.013,0.041,10.285,0.664,3.0,-0.018000000000000002,21.91,-0.002,-0.047,511.536,-0.158,-0.534
00:00:32.535,1572923067880,0.013,0.041,10.285,0.664,3.0,-0.018000000000000002,21.91,-0.002,-0.047,511.902,-0.157,-0.534
00:00:32.536,1572923067881,0.013,0.041,10.285,0.664,3.0,-0.018000000000000002,21.91,-0.002,-0.047,512.2669999999998,-0.156,-0.534
00:00:32.585,1572923067930,0.013,0.041,10.285,0.664,3.0,-0.018000000000000002,21.91,-0.002,-0.047,512.632,-0.154,-0.534
00:00:32.586,1572923067931,0.013,0.04,10.285,0.664,3.0,-0.017,21.911,-0.002,-0.047,512.997,-0.153,-0.534
00:00:32.587,1572923067932,0.013,0.04,10.285,0.664,3.0,-0.017,21.911,-0.002,-0.047,513.362,-0.152,-0.534
00:00:32.641,1572923067986,0.013,0.04,10.285,0.664,3.0,-0.017,21.911,-0.002,-0.047,513.727,-0.151,-0.534
00:00:32.642,1572923067987,0.013,0.04,10.285,0.664,3.0,-0.017,21.911,-0.002,-0.047,514.0930000000002,-0.15,-0.534
00:00:32.643,1572923067988,0.013,0.04,10.285,0.664,3.0,-0.017,21.912,-0.002,-0.047,514.4580000000002,-0.149,-0.534
00:00:32.688,1572923068033,0.013,0.04,10.285,0.664,3.0,-0.017,21.912,-0.002,-0.047,514.823,-0.147,-0.534
00:00:32.689,1572923068034,0.013,0.04,10.285,0.664,3.0,-0.017,21.912,-0.002,-0.047,515.188,-0.146,-0.534
00:00:32.690,1572923068035,0.013,0.04,10.285,0.664,3.0,-0.017,21.912,-0.002,-0.047,515.576,-0.145,-0.534
