rec-time,UTC,Acceleration,Lateral acceleration,Gas pedal position,Brake pedal force,Gear,Steering wheel position,Velocity,Lateral velocity,Vertical velocity,X axis position,Y axis position,Z axis position
00:00:03.675,1572922382736,0.0,0.0,0.983,130.783,3.0,-0.458,0.0,0.0,0.0,0.0,0.0,-0.527
00:00:03.676,1572922382737,0.0,0.0,0.983,130.783,3.0,-0.458,0.0,0.0,0.0,0.0,0.0,-0.527
00:00:03.677,1572922382738,0.0,0.0,0.983,130.783,3.0,-0.459,0.0,0.0,0.0,0.0,0.0,-0.527
00:00:03.725,1572922382786,0.0,0.0,0.983,130.783,3.0,-0.459,0.0,0.0,0.0,0.0,0.0,-0.527
00:00:03.726,1572922382787,0.0,0.0,0.983,130.783,3.0,-0.459,0.0,0.0,0.0,0.0,0.0,-0.527
00:00:03.727,1572922382788,0.0,0.0,0.983,130.783,3.0,-0.46,0.0,0.0,0.0,0.0,0.0,-0.527
00:00:03.775,1572922382836,0.0,0.0,0.983,130.783,3.0,-0.46,0.0,0.0,0.0,0.0,0.0,-0.527
00:00:03.776,1572922382837,0.0,0.0,0.983,130.783,3.0,-0.46,0.0,0.0,0.0,0.0,0.0,-0.527
00:00:03.777,1572922382838,0.0,0.0,0.983,130.783,3.0,-0.46,0.0,0.0,0.0,0.0,0.0,-0.527
00:00:03.825,1572922382886,0.0,0.0,0.983,130.783,3.0,-0.461,0.0,0.0,0.0,0.0,0.0,-0.527
00:00:03.826,1572922382887,0.0,0.0,0.983,130.783,3.0,-0.461,0.0,0.0,0.0,0.0,0.0,-0.527
00:00:03.827,1572922382888,0.0,0.0,0.983,130.783,3.0,-0.461,0.0,0.0,0.0,0.0,0.0,-0.527
00:00:03.875,1572922382936,0.0,0.0,0.983,130.783,3.0,-0.461,0.0,0.0,0.0,0.0,0.0,-0.527
00:00:03.876,1572922382937,0.0,0.0,0.983,130.783,3.0,-0.462,0.0,0.0,0.0,0.0,0.0,-0.527
00:00:03.877,1572922382938,0.0,0.0,0.983,130.783,3.0,-0.462,0.0,0.0,0.0,0.0,0.0,-0.527
00:00:03.926,1572922382987,0.0,0.0,0.983,130.783,3.0,-0.462,0.0,0.0,0.0,0.0,0.0,-0.527
00:00:03.927,1572922382988,0.0,0.0,0.983,130.783,3.0,-0.462,0.0,0.0,0.0,0.0,0.0,-0.527
00:00:03.928,1572922382989,0.0,0.0,0.983,130.783,3.0,-0.462,0.0,0.0,0.0,0.0,0.0,-0.527
00:00:03.978,1572922383039,0.0,0.0,0.983,130.783,3.0,-0.462,0.0,0.0,0.0,0.0,0.0,-0.527
00:00:03.979,1572922383040,0.0,0.0,0.983,130.783,3.0,-0.462,0.0,0.0,0.0,0.0,0.0,-0.527
00:00:03.980,1572922383041,0.0,0.0,0.983,130.783,3.0,-0.462,0.0,0.0,0.0,0.0,0.0,-0.527
00:00:04.028,1572922383089,0.0,0.0,0.983,130.783,3.0,-0.462,0.0,0.0,0.0,0.0,0.0,-0.527
00:00:04.029,1572922383090,0.0,0.0,0.983,130.783,3.0,-0.462,0.0,0.0,0.0,0.0,0.0,-0.527
00:00:04.030,1572922383091,0.0,0.0,0.983,130.783,3.0,-0.462,0.0,0.0,0.0,0.0,0.0,-0.527
00:00:04.078,1572922383139,0.0,0.0,0.983,130.783,3.0,-0.462,0.0,0.0,0.0,0.0,0.0,-0.527
00:00:04.079,1572922383140,0.0,0.0,0.983,130.783,3.0,-0.463,0.0,0.0,0.0,0.0,0.0,-0.527
00:00:04.080,1572922383141,0.0,0.0,0.983,130.783,3.0,-0.463,0.0,0.0,0.0,0.0,0.0,-0.527
00:00:04.128,1572922383189,0.0,0.0,0.983,130.783,3.0,-0.463,0.0,0.0,0.0,0.0,0.0,-0.527
00:00:04.129,1572922383190,0.0,0.0,0.983,130.783,3.0,-0.463,0.0,0.0,0.0,0.0,0.0,-0.527
00:00:04.130,1572922383191,0.0,0.0,0.983,130.783,3.0,-0.463,0.0,0.0,0.0,0.0,0.0,-0.527
00:00:04.179,1572922383240,0.0,0.0,0.983,130.783,3.0,-0.463,0.0,0.0,0.0,0.0,0.0,-0.527
00:00:04.180,1572922383241,0.0,0.0,0.983,130.783,3.0,-0.464,0.0,0.0,0.0,0.0,0.0,-0.527
00:00:04.181,1572922383242,0.0,0.0,0.983,130.783,3.0,-0.464,0.0,0.0,0.0,0.0,0.0,-0.527
00:00:04.230,1572922383291,0.0,0.0,0.983,130.783,3.0,-0.464,0.0,0.0,0.0,0.0,0.0,-0.527
00:00:04.231,1572922383292,0.0,0.0,0.983,130.783,3.0,-0.464,0.0,0.0,0.0,0.0,0.0,-0.527
00:00:04.232,1572922383293,0.0,0.0,0.983,130.783,3.0,-0.465,0.0,0.0,0.0,0.0,0.0,-0.527
00:00:04.283,1572922383344,0.0,0.0,0.983,130.319,3.0,-0.465,0.0,0.0,0.0,0.0,0.0,-0.527
00:00:04.284,1572922383345,0.0,0.0,0.983,130.319,3.0,-0.465,0.0,0.0,0.0,0.0,0.0,-0.527
00:00:04.285,1572922383346,0.0,0.0,0.983,130.319,3.0,-0.465,0.0,0.0,0.0,0.0,0.0,-0.527
00:00:04.330,1572922383391,0.0,0.0,0.983,130.319,3.0,-0.465,0.0,0.0,0.0,0.0,0.0,-0.527
00:00:04.331,1572922383392,0.0,0.0,0.983,130.319,3.0,-0.466,0.0,0.0,0.0,0.0,0.0,-0.527
00:00:04.332,1572922383393,0.0,0.0,0.983,130.319,3.0,-0.466,0.0,0.0,0.0,0.0,0.0,-0.527
00:00:04.380,1572922383441,0.0,0.0,0.983,128.696,3.0,-0.466,0.0,0.0,0.0,0.0,0.0,-0.527
00:00:04.381,1572922383442,0.0,0.0,0.983,128.696,3.0,-0.466,0.0,0.0,0.0,0.0,0.0,-0.527
00:00:04.382,1572922383443,0.0,0.0,0.983,128.696,3.0,-0.466,0.0,0.0,0.0,0.0,0.0,-0.527
00:00:04.442,1572922383503,0.0,0.0,0.983,128.696,3.0,-0.467,0.0,0.0,0.0,0.0,0.0,-0.527
00:00:04.443,1572922383504,0.0,0.0,0.983,128.696,3.0,-0.467,0.0,0.0,0.0,0.0,0.0,-0.527
00:00:04.444,1572922383505,0.0,0.0,0.983,128.696,3.0,-0.467,0.0,0.0,0.0,0.0,0.0,-0.527
00:00:04.445,1572922383506,0.0,0.0,0.983,128.696,3.0,-0.467,0.0,0.0,0.0,0.0,0.0,-0.527
00:00:04.498,1572922383559,0.0,0.0,0.983,128.696,3.0,-0.467,0.0,0.0,0.0,0.0,0.0,-0.527
00:00:04.499,1572922383560,0.0,0.0,0.983,128.696,3.0,-0.467,0.0,0.0,0.0,0.0,0.0,-0.527
00:00:04.500,1572922383561,0.0,0.0,0.983,128.696,3.0,-0.468,0.0,0.0,0.0,0.0,0.0,-0.527
00:00:04.542,1572922383603,0.0,0.0,0.983,128.696,3.0,-0.468,0.0,0.0,0.0,0.0,0.0,-0.527
00:00:04.543,1572922383604,0.0,0.0,0.983,128.696,3.0,-0.468,0.0,0.0,0.0,0.0,0.0,-0.527
00:00:04.544,1572922383605,0.0,0.0,0.983,128.696,2.0,-0.468,0.0,0.0,0.0,0.0,0.0,-0.527
00:00:04.594,1572922383655,0.0,0.0,0.983,128.696,2.0,-0.468,0.0,0.0,0.0,0.0,0.0,-0.527
00:00:04.595,1572922383656,0.0,0.0,0.983,128.696,2.0,-0.468,0.0,0.0,0.0,0.0,0.0,-0.527
00:00:04.596,1572922383657,0.0,0.0,0.983,128.696,2.0,-0.468,0.0,0.0,0.0,0.0,0.0,-0.527
00:00:04.644,1572922383705,0.0,0.0,0.983,128.696,2.0,-0.468,0.0,0.0,0.0,0.0,0.0,-0.527
00:00:04.645,1572922383706,0.0,0.0,0.983,128.696,2.0,-0.469,0.0,0.0,0.0,0.0,0.0,-0.527
00:00:04.646,1572922383707,0.0,0.0,0.983,128.696,2.0,-0.469,0.0,0.0,0.0,0.0,0.0,-0.527
00:00:04.694,1572922383755,0.0,0.0,0.983,128.696,2.0,-0.469,0.0,0.0,0.0,0.0,0.0,-0.527
00:00:04.695,1572922383756,0.0,0.0,0.983,128.696,2.0,-0.469,0.0,0.0,0.0,0.0,0.0,-0.527
00:00:04.696,1572922383757,0.0,0.0,0.983,128.696,2.0,-0.469,0.0,0.0,0.0,0.0,0.0,-0.527
00:00:04.744,1572922383805,0.0,0.0,0.983,128.696,2.0,-0.469,0.0,0.0,0.0,0.0,0.0,-0.527
00:00:04.745,1572922383806,0.0,0.0,0.983,128.696,2.0,-0.469,0.0,0.0,0.0,0.0,0.0,-0.527
00:00:04.746,1572922383807,0.0,0.0,0.983,128.232,2.0,-0.469,0.0,0.0,0.0,0.0,0.0,-0.527
00:00:04.797,1572922383858,0.0,0.0,0.983,128.232,2.0,-0.469,0.0,0.0,0.0,0.0,0.0,-0.527
00:00:04.798,1572922383859,0.0,0.0,0.983,128.232,2.0,-0.469,0.0,0.0,0.0,0.0,0.0,-0.527
00:00:04.799,1572922383860,0.0,0.0,0.983,128.232,2.0,-0.469,0.0,0.0,0.0,0.0,0.0,-0.527
00:00:04.847,1572922383908,0.0,0.0,0.983,128.232,2.0,-0.47,0.0,0.0,0.0,0.0,0.0,-0.527
00:00:04.848,1572922383909,0.0,0.0,0.983,128.232,2.0,-0.47,0.0,0.0,0.0,0.0,0.0,-0.527
00:00:04.849,1572922383910,0.0,0.0,0.983,128.232,1.0,-0.47,0.0,0.0,0.0,0.0,0.0,-0.527
00:00:04.897,1572922383958,0.0,0.0,0.983,128.232,1.0,-0.47,0.0,0.0,0.0,0.0,0.0,-0.527
00:00:04.898,1572922383959,0.0,0.0,0.983,128.232,1.0,-0.47,0.0,0.0,0.0,0.0,0.0,-0.527
00:00:04.899,1572922383960,0.0,0.0,0.983,128.232,1.0,-0.47,0.0,0.0,0.0,0.0,0.0,-0.527
00:00:04.948,1572922384009,0.0,0.0,0.983,128.232,1.0,-0.47,0.0,0.0,0.0,0.0,0.0,-0.527
00:00:04.949,1572922384010,0.0,0.0,0.983,128.232,1.0,-0.47,0.0,0.0,0.0,0.0,0.0,-0.527
00:00:04.950,1572922384011,0.0,0.0,0.983,127.768,2.0,-0.47,0.0,0.0,0.0,0.0,0.0,-0.527
00:00:05.000,1572922384061,0.0,0.0,0.983,127.768,2.0,-0.47,0.0,0.0,0.0,0.0,0.0,-0.527
00:00:05.001,1572922384062,0.0,0.0,0.983,127.768,2.0,-0.47,0.0,0.0,0.0,0.0,0.0,-0.527
00:00:05.002,1572922384063,0.0,0.0,0.983,127.768,2.0,-0.47,0.0,0.0,0.0,0.0,0.0,-0.527
00:00:05.050,1572922384111,0.0,0.0,0.983,127.768,2.0,-0.47,0.0,0.0,0.0,0.0,0.0,-0.527
00:00:05.051,1572922384112,0.0,0.0,0.983,127.768,2.0,-0.47,0.0,0.0,0.0,0.0,0.0,-0.527
00:00:05.052,1572922384113,0.0,0.0,0.983,127.768,2.0,-0.47,0.0,0.0,0.0,0.0,0.0,-0.527
00:00:05.100,1572922384161,0.0,0.0,0.983,127.768,2.0,-0.47,0.0,0.0,0.0,0.0,0.0,-0.527
00:00:05.101,1572922384162,0.0,0.0,0.983,127.768,2.0,-0.471,0.0,0.0,0.0,0.0,0.0,-0.527
00:00:05.102,1572922384163,0.0,0.0,0.983,127.768,2.0,-0.471,0.0,0.0,0.0,0.0,0.0,-0.527
00:00:05.150,1572922384211,0.0,0.0,0.983,127.768,2.0,-0.471,0.0,0.0,0.0,0.0,0.0,-0.527
00:00:05.151,1572922384212,0.0,0.0,0.983,127.768,2.0,-0.471,0.0,0.0,0.0,0.0,0.0,-0.527
00:00:05.152,1572922384213,0.0,0.0,0.983,127.072,2.0,-0.471,0.0,0.0,0.0,0.0,0.0,-0.527
00:00:05.200,1572922384261,0.0,0.0,0.983,127.072,2.0,-0.471,0.0,0.0,0.0,0.0,0.0,-0.527
00:00:05.201,1572922384262,0.0,0.0,0.983,127.072,2.0,-0.471,0.0,0.0,0.0,0.0,0.0,-0.527
00:00:05.202,1572922384263,0.0,0.0,0.983,127.072,2.0,-0.471,0.0,0.0,0.0,0.0,0.0,-0.527
00:00:05.250,1572922384311,0.0,0.0,0.983,127.072,2.0,-0.471,0.0,0.0,0.0,0.0,0.0,-0.527
00:00:05.251,1572922384312,0.0,0.0,0.983,127.072,2.0,-0.471,0.0,0.0,0.0,0.0,0.0,-0.527
00:00:05.252,1572922384313,0.0,0.0,0.983,126.608,2.0,-0.471,0.0,0.0,0.0,0.0,0.0,-0.527
00:00:05.302,1572922384363,0.0,0.0,0.983,126.608,2.0,-0.471,0.0,0.0,0.0,0.0,0.0,-0.527
00:00:05.303,1572922384364,0.0,0.0,0.983,126.608,2.0,-0.471,0.0,0.0,0.0,0.0,0.0,-0.527
00:00:05.304,1572922384365,0.0,0.0,0.983,126.608,2.0,-0.471,0.0,0.0,0.0,0.0,0.0,-0.527
00:00:05.354,1572922384415,0.0,0.0,0.983,126.608,2.0,-0.471,0.0,0.0,0.0,0.0,0.0,-0.527
00:00:05.355,1572922384416,0.0,0.0,0.983,126.608,2.0,-0.471,0.0,0.0,0.0,0.0,0.0,-0.527
00:00:05.356,1572922384417,0.0,0.0,0.983,124.521,2.0,-0.471,0.0,0.0,0.0,0.0,0.0,-0.527
00:00:05.357,1572922384418,0.0,0.0,0.983,124.521,2.0,-0.471,0.0,0.0,0.0,0.0,0.0,-0.527
00:00:05.404,1572922384465,0.0,0.0,0.983,124.521,2.0,-0.471,0.0,0.0,0.0,0.0,0.0,-0.527
00:00:05.405,1572922384466,0.0,0.0,0.983,124.521,2.0,-0.472,0.0,0.0,0.0,0.0,0.0,-0.527
00:00:05.406,1572922384467,0.0,0.0,0.983,124.521,2.0,-0.472,0.0,0.0,0.0,0.0,0.0,-0.527
00:00:05.454,1572922384515,0.0,0.0,0.983,124.521,2.0,-0.472,0.0,0.0,0.0,0.0,0.0,-0.527
00:00:05.455,1572922384516,0.0,0.0,0.983,122.897,2.0,-0.472,0.0,0.0,0.0,0.0,0.0,-0.527
00:00:05.456,1572922384517,0.0,0.0,0.983,122.897,2.0,-0.472,0.0,0.0,0.0,0.0,0.0,-0.527
00:00:05.504,1572922384565,0.0,0.0,0.983,122.897,2.0,-0.472,0.0,0.0,0.0,0.0,0.0,-0.527
00:00:05.505,1572922384566,0.0,0.0,0.983,122.897,2.0,-0.472,0.0,0.0,0.0,0.0,0.0,-0.527
00:00:05.506,1572922384567,0.0,0.0,0.983,122.897,2.0,-0.472,0.0,0.0,0.0,0.0,0.0,-0.527
00:00:05.557,1572922384618,0.0,0.0,0.983,122.897,2.0,-0.472,0.0,0.0,0.0,0.0,0.0,-0.527
00:00:05.558,1572922384619,0.0,0.0,0.983,109.676,2.0,-0.472,0.0,0.0,0.0,0.0,0.0,-0.527
00:00:05.559,1572922384620,0.0,0.0,0.983,109.676,2.0,-0.471,0.0,0.0,0.0,0.0,0.0,-0.527
00:00:05.618,1572922384679,0.0,0.0,0.983,109.676,2.0,-0.471,0.0,0.0,0.0,0.0,0.0,-0.527
00:00:05.619,1572922384680,0.0,0.0,0.983,109.676,2.0,-0.471,0.0,0.0,0.0,0.0,0.0,-0.527
00:00:05.620,1572922384681,0.0,0.0,0.983,109.676,2.0,-0.471,0.0,0.0,0.0,0.0,0.0,-0.527
00:00:05.668,1572922384729,0.0,0.0,0.983,109.676,2.0,-0.471,0.0,0.0,0.0,0.0,0.0,-0.527
00:00:05.669,1572922384730,0.0,0.0,0.983,84.395,2.0,-0.47,0.0,0.0,0.0,0.0,0.0,-0.527
00:00:05.670,1572922384731,0.0,0.0,0.983,84.395,2.0,-0.47,0.0,0.0,0.0,0.0,0.0,-0.527
00:00:05.716,1572922384777,0.0,0.0,0.983,84.395,2.0,-0.469,0.0,0.0,0.0,0.0,0.0,-0.527
00:00:05.717,1572922384778,0.0,0.0,0.983,84.395,2.0,-0.469,0.0,0.0,0.0,0.0,0.0,-0.527
00:00:05.718,1572922384779,0.0,0.0,0.983,84.395,2.0,-0.469,0.0,0.0,0.0,0.0,0.0,-0.527
00:00:05.766,1572922384827,0.0,0.0,0.983,84.395,2.0,-0.468,0.0,0.0,0.0,0.0,0.0,-0.527
00:00:05.767,1572922384828,0.0,0.0,0.983,62.824,2.0,-0.467,0.0,0.0,0.0,0.0,0.0,-0.527
00:00:05.768,1572922384829,0.0,0.0,0.983,62.824,2.0,-0.467,0.0,0.0,0.0,0.0,0.0,-0.527
00:00:05.816,1572922384877,0.0,0.0,0.983,62.824,2.0,-0.466,0.0,0.0,0.0,0.0,0.0,-0.527
00:00:05.817,1572922384878,0.0,0.0,0.983,62.824,2.0,-0.466,0.0,0.0,0.0,0.0,0.0,-0.527
00:00:05.818,1572922384879,0.0,0.0,0.983,62.824,2.0,-0.465,0.0,0.0,0.0,0.0,0.0,-0.527
00:00:05.866,1572922384927,0.0,0.0,0.983,62.824,2.0,-0.465,0.0,0.0,0.0,0.0,0.0,-0.527
00:00:05.867,1572922384928,0.0,0.0,0.983,23.858,2.0,-0.464,0.0,0.0,0.0,0.0,0.0,-0.527
00:00:05.868,1572922384929,0.0,0.0,0.983,23.858,2.0,-0.463,0.0,0.0,0.0,0.0,0.0,-0.527
00:00:05.916,1572922384977,0.0,0.0,0.983,23.858,2.0,-0.463,0.0,0.0,0.0,0.0,0.0,-0.527
00:00:05.917,1572922384978,0.0,0.0,0.983,23.858,2.0,-0.463,0.0,0.0,0.0,0.0,0.0,-0.527
00:00:05.918,1572922384979,0.0,0.0,0.983,23.858,2.0,-0.462,0.0,0.0,0.0,0.0,0.0,-0.527
00:00:05.967,1572922385028,0.0,0.0,0.983,23.858,2.0,-0.462,0.0,0.0,0.0,0.0,0.0,-0.527
00:00:05.968,1572922385029,0.0,0.0,0.983,6.462999999999999,2.0,-0.462,0.0,0.0,0.0,0.0,0.0,-0.527
00:00:05.969,1572922385030,0.0,0.0,0.983,6.462999999999999,2.0,-0.462,0.0,0.0,0.0,0.0,0.0,-0.527
00:00:06.018,1572922385079,0.0,0.0,0.983,6.462999999999999,2.0,-0.462,0.0,0.0,0.0,0.0,0.0,-0.527
00:00:06.019,1572922385080,0.0,-0.001,0.983,6.462999999999999,2.0,-0.462,0.0,0.0,0.0,0.0,0.0,-0.527
00:00:06.020,1572922385081,0.0,-0.001,0.983,6.462999999999999,2.0,-0.463,0.0,0.0,0.0,0.0,0.0,-0.527
00:00:06.069,1572922385130,0.0,-0.001,0.983,6.462999999999999,2.0,-0.463,0.0,0.0,0.0,0.0,0.0,-0.527
00:00:06.070,1572922385131,0.0,-0.001,0.983,3.448,2.0,-0.464,0.0,0.0,0.0,0.0,0.0,-0.527
00:00:06.071,1572922385132,0.0,-0.001,0.983,3.448,2.0,-0.464,0.0,0.0,0.0,0.0,0.0,-0.527
00:00:06.072,1572922385133,0.0,-0.001,0.983,3.448,2.0,-0.465,0.0,0.0,0.0,0.0,0.0,-0.527
00:00:06.120,1572922385181,0.0,0.0,0.983,3.448,2.0,-0.465,0.0,0.0,0.0,0.0,0.0,-0.527
00:00:06.121,1572922385182,0.0,0.0,0.983,3.448,2.0,-0.466,0.0,0.0,0.0,0.0,0.0,-0.527
00:00:06.122,1572922385183,0.0,0.001,0.983,3.448,2.0,-0.466,0.0,0.0,0.0,0.0,0.0,-0.527
00:00:06.170,1572922385231,0.0,0.001,0.983,0.664,2.0,-0.466,0.0,0.0,-0.001,0.0,0.0,-0.527
00:00:06.171,1572922385232,-0.002,0.002,0.983,0.664,2.0,-0.466,0.0,0.0,-0.004,0.0,0.0,-0.527
00:00:06.172,1572922385233,-0.001,0.001,0.983,0.664,2.0,-0.467,0.0,0.0,-0.006999999999999999,0.0,0.0,-0.527
00:00:06.220,1572922385281,0.001,0.001,0.983,0.664,2.0,-0.467,0.0,0.0,-0.01,0.0,0.0,-0.527
00:00:06.221,1572922385282,0.001,0.001,0.983,0.664,2.0,-0.467,0.0,0.0,-0.013,0.0,0.0,-0.527
00:00:06.222,1572922385283,0.0,0.001,0.983,0.664,2.0,-0.468,0.0,0.0,-0.015,0.0,0.0,-0.527
00:00:06.272,1572922385333,-0.001,0.0,0.983,0.664,2.0,-0.469,0.0,0.0,-0.017,0.0,0.0,-0.528
00:00:06.273,1572922385334,-0.002,0.0,0.983,0.664,2.0,-0.469,0.0,0.0,-0.018000000000000002,0.0,0.0,-0.528
00:00:06.274,1572922385335,-0.002,0.0,0.983,0.664,2.0,-0.47,0.0,0.0,-0.019,0.0,0.0,-0.528
00:00:06.328,1572922385389,-0.002,0.0,0.983,0.664,2.0,-0.471,0.0,0.0,-0.019,0.0,0.0,-0.529
00:00:06.329,1572922385390,-0.001,0.0,0.983,0.664,2.0,-0.472,0.0,0.0,-0.019,0.0,0.0,-0.529
00:00:06.330,1572922385391,-0.001,0.0,0.983,0.664,2.0,-0.472,0.0,0.0,-0.019,0.0,0.0,-0.529
00:00:06.378,1572922385439,-0.001,0.0,0.983,0.664,2.0,-0.473,0.0,0.0,-0.018000000000000002,0.0,0.0,-0.53
00:00:06.379,1572922385440,0.0,0.0,0.983,0.664,2.0,-0.474,0.0,0.0,-0.017,0.0,0.0,-0.53
00:00:06.380,1572922385441,0.0,0.0,0.983,0.664,2.0,-0.475,0.0,0.0,-0.016,0.0,0.0,-0.53
00:00:06.428,1572922385489,0.0,0.0,0.983,0.664,2.0,-0.476,0.0,0.0,-0.015,0.0,0.0,-0.53
00:00:06.429,1572922385490,0.001,0.0,0.983,0.664,2.0,-0.477,0.0,0.0,-0.014,-0.001,0.0,-0.531
00:00:06.430,1572922385491,0.001,0.0,0.983,0.664,2.0,-0.478,0.0,0.0,-0.013,-0.001,0.0,-0.531
00:00:06.478,1572922385539,0.001,0.0,0.983,0.664,2.0,-0.479,0.0,0.0,-0.012,-0.001,0.0,-0.531
00:00:06.479,1572922385540,0.001,0.0,0.983,0.664,2.0,-0.48,0.0,0.0,-0.011,-0.001,0.0,-0.531
00:00:06.480,1572922385541,0.001,0.0,0.983,0.664,2.0,-0.482,0.0,0.0,-0.01,-0.001,0.0,-0.531
00:00:06.528,1572922385589,0.001,0.0,0.983,0.664,2.0,-0.484,0.0,0.0,-0.009000000000000001,-0.001,0.0,-0.532
00:00:06.529,1572922385590,0.001,0.0,0.983,0.664,2.0,-0.486,0.0,0.0,-0.008,-0.001,0.0,-0.532
00:00:06.530,1572922385591,0.001,0.0,0.983,0.664,2.0,-0.488,0.0,0.0,-0.006999999999999999,-0.001,0.0,-0.532
00:00:06.579,1572922385640,0.001,0.0,2.082,0.664,2.0,-0.491,0.0,0.0,-0.006,-0.001,0.0,-0.532
00:00:06.580,1572922385641,0.001,0.0,2.082,0.664,2.0,-0.493,0.0,0.0,-0.005,-0.001,0.0,-0.532
00:00:06.581,1572922385642,0.001,0.0,2.082,0.664,2.0,-0.4970000000000001,0.0,0.0,-0.004,-0.001,0.0,-0.532
00:00:06.631,1572922385692,0.001,0.0,2.082,0.664,2.0,-0.5,0.0,0.0,-0.004,-0.001,0.0,-0.532
00:00:06.632,1572922385693,0.001,0.0,2.082,0.664,2.0,-0.503,0.0,0.0,-0.003,-0.001,0.0,-0.532
00:00:06.633,1572922385694,0.001,0.0,2.082,0.664,2.0,-0.507,0.0,0.0,-0.003,-0.001,0.0,-0.532
00:00:06.682,1572922385743,0.001,0.0,8.967,0.664,2.0,-0.51,0.0,0.0,-0.002,-0.001,0.0,-0.532
00:00:06.683,1572922385744,0.0,0.0,8.967,0.664,2.0,-0.515,0.0,0.0,-0.002,-0.001,0.0,-0.532
00:00:06.732,1572922385793,0.0,0.0,8.967,0.664,2.0,-0.518,0.0,0.0,-0.001,-0.001,0.0,-0.532
00:00:06.733,1572922385794,0.0,0.0,8.967,0.664,2.0,-0.52,0.0,0.0,-0.001,-0.001,0.0,-0.532
00:00:06.734,1572922385795,0.0,0.0,8.967,0.664,2.0,-0.522,0.0,0.0,-0.001,-0.001,0.0,-0.532
00:00:06.782,1572922385843,0.0,0.0,16.438,0.664,2.0,-0.524,0.0,0.0,-0.001,0.0,0.0,-0.532
00:00:06.783,1572922385844,0.0,0.0,16.438,0.664,2.0,-0.526,0.0,0.0,0.0,0.0,0.0,-0.532
00:00:06.784,1572922385845,0.0,0.0,16.438,0.664,2.0,-0.529,0.0,0.0,0.0,0.0,0.0,-0.532
00:00:06.832,1572922385893,0.0,0.0,16.438,0.664,2.0,-0.531,0.0,0.0,0.0,0.0,0.0,-0.532
00:00:06.833,1572922385894,0.0,0.0,16.438,0.664,2.0,-0.534,0.0,0.0,0.0,0.0,0.0,-0.532
00:00:06.834,1572922385895,0.0,0.0,16.438,0.664,2.0,-0.537,0.0,0.0,0.0,0.0,0.0,-0.532
00:00:06.882,1572922385943,0.0,0.0,17.756,0.664,2.0,-0.539,0.0,0.0,0.0,0.0,0.0,-0.532
00:00:06.883,1572922385944,0.0,0.0,17.756,0.664,2.0,-0.542,0.0,0.0,0.0,0.0,0.0,-0.532
00:00:06.884,1572922385945,0.0,0.0,17.756,0.664,2.0,-0.544,0.0,0.0,0.0,0.0,0.0,-0.532
00:00:06.937,1572922385998,0.0,0.0,17.756,0.664,2.0,-0.547,0.0,0.0,0.0,0.0,0.0,-0.532
00:00:06.938,1572922385999,0.0,0.0,17.756,0.664,2.0,-0.55,0.0,0.0,0.0,0.0,0.0,-0.532
00:00:06.939,1572922386000,0.0,0.0,17.756,0.664,2.0,-0.552,0.0,0.0,0.0,0.0,0.0,-0.532
00:00:06.987,1572922386048,0.0,0.0,17.61,0.664,2.0,-0.5539999999999999,0.0,0.0,0.0,0.0,0.0,-0.532
00:00:06.988,1572922386049,0.0,0.0,17.61,0.664,2.0,-0.557,0.0,0.0,0.0,0.0,0.0,-0.532
00:00:06.989,1572922386050,0.0,0.0,17.61,0.664,2.0,-0.5589999999999999,0.0,0.0,0.0,0.0,0.0,-0.532
00:00:07.035,1572922386096,0.0,0.0,17.61,0.664,2.0,-0.561,0.0,0.0,0.0,0.0,0.0,-0.532
00:00:07.036,1572922386097,0.0,0.0,17.61,0.664,2.0,-0.563,0.0,0.0,0.0,0.0,0.0,-0.532
00:00:07.037,1572922386098,0.0,0.0,17.61,0.664,2.0,-0.565,0.0,0.0,0.0,0.0,0.0,-0.532
00:00:07.085,1572922386146,0.0,0.0,17.61,0.664,2.0,-0.5670000000000001,0.0,0.0,0.0,0.0,0.0,-0.532
00:00:07.086,1572922386147,0.0,0.0,17.61,0.664,2.0,-0.569,0.0,0.0,0.0,0.0,0.0,-0.532
00:00:07.087,1572922386148,0.0,0.0,17.61,0.664,2.0,-0.57,0.0,0.0,0.0,0.0,0.0,-0.532
00:00:07.135,1572922386196,0.0,0.0,17.61,0.664,2.0,-0.5720000000000001,0.0,0.0,0.0,0.0,0.0,-0.532
00:00:07.136,1572922386197,0.0,0.0,17.61,0.664,2.0,-0.573,0.0,0.0,0.0,0.0,0.0,-0.532
00:00:07.137,1572922386198,0.0,0.0,17.61,0.664,2.0,-0.575,0.0,0.0,0.0,0.0,0.0,-0.532
00:00:07.186,1572922386247,0.0,0.0,17.756,0.664,2.0,-0.5770000000000001,0.0,0.0,0.0,0.0,0.0,-0.532
00:00:07.187,1572922386248,0.0,0.0,17.756,0.664,2.0,-0.578,0.0,0.0,0.0,0.0,0.0,-0.532
00:00:07.188,1572922386249,0.0,0.0,17.756,0.664,2.0,-0.579,0.0,0.0,0.0,0.0,0.0,-0.532
00:00:07.189,1572922386250,0.0,0.0,17.756,0.664,2.0,-0.581,0.0,0.0,0.0,0.0,0.0,-0.532
00:00:07.236,1572922386297,0.0,0.0,17.756,0.664,2.0,-0.5820000000000001,0.0,0.0,0.0,0.0,0.0,-0.532
00:00:07.237,1572922386298,0.0,0.0,17.756,0.664,2.0,-0.583,0.0,0.0,0.0,0.0,0.0,-0.532
00:00:07.238,1572922386299,0.0,0.0,17.61,0.664,2.0,-0.584,0.0,0.0,0.0,0.0,0.0,-0.532
00:00:07.292,1572922386353,0.0,0.0,17.61,0.664,2.0,-0.584,0.0,0.0,0.0,0.0,0.0,-0.532
00:00:07.293,1572922386354,0.0,0.0,17.61,0.664,2.0,-0.585,0.0,0.0,0.0,0.0,0.0,-0.532
00:00:07.294,1572922386355,0.0,0.0,17.61,0.664,2.0,-0.584,0.0,0.0,0.0,0.0,0.0,-0.532
00:00:07.342,1572922386403,0.0,0.0,17.61,0.664,2.0,-0.584,0.0,0.0,0.0,0.0,0.0,-0.532
00:00:07.343,1572922386404,0.0,0.0,17.61,0.664,2.0,-0.583,0.0,0.0,0.0,0.0,0.0,-0.532
00:00:07.344,1572922386405,0.0,0.0,12.263,0.664,2.0,-0.583,0.0,0.0,0.0,0.0,0.0,-0.532
00:00:07.396,1572922386457,0.0,0.0,12.263,0.664,2.0,-0.581,0.0,0.0,0.0,0.0,0.0,-0.532
00:00:07.397,1572922386458,0.0,0.0,12.263,0.664,2.0,-0.58,0.0,0.0,0.0,0.0,0.0,-0.532
00:00:07.398,1572922386459,0.0,0.0,12.263,0.664,2.0,-0.579,0.0,0.0,0.0,0.0,0.0,-0.5329999999999999
00:00:07.446,1572922386507,0.0,0.0,12.263,0.664,2.0,-0.578,0.0,0.0,0.0,0.0,0.0,-0.5329999999999999
00:00:07.447,1572922386508,0.0,0.0,12.263,0.664,2.0,-0.5770000000000001,0.0,0.0,0.0,0.0,0.0,-0.5329999999999999
00:00:07.448,1572922386509,0.0,0.0,1.13,0.664,2.0,-0.5770000000000001,0.0,0.0,0.0,0.0,0.0,-0.5329999999999999
00:00:07.496,1572922386557,0.0,0.0,1.13,0.664,2.0,-0.5760000000000001,0.0,0.0,0.0,0.0,0.0,-0.5329999999999999
00:00:07.497,1572922386558,0.0,0.0,1.13,0.664,2.0,-0.5760000000000001,0.0,0.0,0.0,0.0,0.0,-0.5329999999999999
00:00:07.498,1572922386559,0.0,0.0,1.13,0.664,2.0,-0.5760000000000001,0.0,0.0,0.0,0.0,0.0,-0.5329999999999999
00:00:07.546,1572922386607,0.0,0.0,1.13,0.664,2.0,-0.575,0.0,0.0,0.0,0.0,0.0,-0.5329999999999999
00:00:07.547,1572922386608,0.0,0.0,1.13,0.664,2.0,-0.575,0.0,0.0,0.0,0.0,0.0,-0.5329999999999999
00:00:07.548,1572922386609,0.0,0.0,0.983,0.664,2.0,-0.574,0.0,0.0,0.0,0.0,0.0,-0.5329999999999999
00:00:07.596,1572922386657,0.0,0.0,0.983,0.664,2.0,-0.574,0.0,0.0,0.0,0.0,0.0,-0.5329999999999999
00:00:07.597,1572922386658,0.0,0.0,0.983,0.664,2.0,-0.573,0.0,0.0,0.0,0.0,0.0,-0.5329999999999999
00:00:07.598,1572922386659,0.0,0.0,0.983,0.664,2.0,-0.5720000000000001,0.0,0.0,0.0,0.0,0.0,-0.5329999999999999
00:00:07.646,1572922386707,0.0,0.0,0.983,0.664,2.0,-0.5710000000000001,0.0,0.0,0.0,0.0,0.0,-0.5329999999999999
00:00:07.647,1572922386708,0.0,0.0,0.983,0.664,2.0,-0.57,0.0,0.0,0.0,0.0,0.0,-0.5329999999999999
00:00:07.648,1572922386709,0.0,0.0,0.983,0.664,2.0,-0.569,0.0,0.0,0.0,0.0,0.0,-0.5329999999999999
00:00:07.701,1572922386762,0.0,0.0,0.983,0.664,2.0,-0.568,0.0,0.0,0.0,0.0,0.0,-0.5329999999999999
00:00:07.702,1572922386763,0.0,0.0,0.983,0.664,2.0,-0.5660000000000001,0.0,0.0,0.0,0.0,0.0,-0.5329999999999999
00:00:07.703,1572922386764,0.0,0.0,0.983,0.664,2.0,-0.565,0.0,0.0,0.0,0.0,0.0,-0.5329999999999999
00:00:07.748,1572922386809,0.0,0.0,0.983,0.664,2.0,-0.562,0.0,0.0,0.0,0.0,0.0,-0.5329999999999999
00:00:07.749,1572922386810,0.0,0.0,0.983,0.664,2.0,-0.56,0.0,0.0,0.0,0.0,0.0,-0.5329999999999999
00:00:07.750,1572922386811,0.0,0.0,1.13,0.664,2.0,-0.557,0.0,0.0,0.0,0.0,0.0,-0.5329999999999999
00:00:07.799,1572922386860,0.0,0.0,1.13,0.664,2.0,-0.5539999999999999,0.0,0.0,0.0,0.0,0.0,-0.5329999999999999
00:00:07.800,1572922386861,0.0,0.0,1.13,0.664,2.0,-0.551,0.0,0.0,0.0,0.0,0.0,-0.5329999999999999
00:00:07.801,1572922386862,0.0,0.0,1.13,0.664,2.0,-0.5479999999999999,0.0,0.0,0.0,0.0,0.0,-0.5329999999999999
00:00:07.849,1572922386910,0.0,0.0,1.13,0.664,2.0,-0.545,0.0,0.0,0.0,0.0,0.0,-0.5329999999999999
00:00:07.850,1572922386911,0.0,0.0,1.13,0.664,2.0,-0.542,0.0,0.0,0.0,0.0,0.0,-0.5329999999999999
00:00:07.851,1572922386912,0.0,0.0,0.983,0.664,2.0,-0.54,0.0,0.0,0.0,0.0,0.0,-0.5329999999999999
00:00:07.901,1572922386962,0.0,0.0,0.983,0.664,2.0,-0.5379999999999999,0.0,0.0,0.0,0.0,0.0,-0.5329999999999999
00:00:07.902,1572922386963,0.0,0.0,0.983,0.664,2.0,-0.536,0.0,0.0,0.0,0.0,0.0,-0.5329999999999999
00:00:07.903,1572922386964,0.0,0.0,0.983,0.664,2.0,-0.534,0.0,0.0,0.0,0.0,0.0,-0.5329999999999999
00:00:07.951,1572922387012,0.0,0.0,0.983,0.664,2.0,-0.532,0.0,0.0,0.0,0.0,0.0,-0.5329999999999999
00:00:07.952,1572922387013,0.0,0.0,0.983,0.664,2.0,-0.531,0.0,0.0,0.0,0.0,0.0,-0.5329999999999999
00:00:07.953,1572922387014,0.0,0.0,0.983,4.375,2.0,-0.53,0.0,0.0,0.0,0.0,0.0,-0.5329999999999999
00:00:08.001,1572922387062,0.0,0.0,0.983,4.375,2.0,-0.529,0.0,0.0,0.0,0.0,0.0,-0.5329999999999999
00:00:08.002,1572922387063,0.0,0.0,0.983,4.375,2.0,-0.527,0.0,0.0,0.0,0.0,0.0,-0.5329999999999999
00:00:08.003,1572922387064,0.0,0.0,0.983,4.375,2.0,-0.526,0.0,0.0,0.0,0.0,0.0,-0.5329999999999999
00:00:08.053,1572922387114,0.0,0.0,0.983,4.375,2.0,-0.525,0.0,0.0,0.0,0.0,0.0,-0.5329999999999999
00:00:08.054,1572922387115,0.0,0.0,0.983,4.375,2.0,-0.523,0.0,0.0,0.0,0.0,0.0,-0.5329999999999999
00:00:08.055,1572922387116,0.0,0.0,0.983,43.805,2.0,-0.522,0.0,0.0,0.0,0.0,0.0,-0.5329999999999999
00:00:08.056,1572922387117,0.0,0.0,0.983,43.805,2.0,-0.521,0.0,0.0,0.0,0.0,0.0,-0.5329999999999999
00:00:08.104,1572922387165,0.0,0.0,0.983,43.805,2.0,-0.519,0.0,0.0,0.0,0.0,0.0,-0.5329999999999999
00:00:08.105,1572922387166,0.0,0.0,0.983,43.805,2.0,-0.518,0.0,0.0,0.0,0.0,0.0,-0.5329999999999999
00:00:08.106,1572922387167,0.0,0.0,0.983,43.805,2.0,-0.517,0.0,0.0,0.0,0.0,0.0,-0.5329999999999999
00:00:08.155,1572922387216,0.0,0.0,0.983,43.805,2.0,-0.516,0.0,0.0,0.0,0.0,0.0,-0.5329999999999999
00:00:08.156,1572922387217,0.0,0.0,0.983,79.292,2.0,-0.515,0.0,0.0,0.0,0.0,0.0,-0.5329999999999999
00:00:08.157,1572922387218,0.0,0.0,0.983,79.292,2.0,-0.514,0.0,0.0,0.0,0.0,0.0,-0.5329999999999999
00:00:08.205,1572922387266,0.0,0.0,0.983,79.292,2.0,-0.513,0.0,0.0,0.0,0.0,0.0,-0.5329999999999999
00:00:08.206,1572922387267,0.0,0.0,0.983,79.292,2.0,-0.511,0.0,0.0,0.0,0.0,0.0,-0.5329999999999999
00:00:08.207,1572922387268,0.0,0.0,0.983,79.292,2.0,-0.51,0.0,0.0,0.0,0.0,0.0,-0.5329999999999999
00:00:08.255,1572922387316,0.0,0.0,0.983,79.292,2.0,-0.509,0.0,0.0,0.0,0.0,0.0,-0.5329999999999999
00:00:08.256,1572922387317,0.0,0.0,0.983,97.152,2.0,-0.508,0.0,0.0,0.0,0.0,0.0,-0.5329999999999999
00:00:08.257,1572922387318,0.0,0.0,0.983,97.152,2.0,-0.508,0.0,0.0,0.0,0.0,0.0,-0.5329999999999999
00:00:08.317,1572922387378,0.0,0.0,0.983,97.152,2.0,-0.507,0.0,0.0,0.0,0.0,0.0,-0.5329999999999999
00:00:08.318,1572922387379,0.0,0.0,0.983,97.152,2.0,-0.506,0.0,0.0,0.0,0.0,0.0,-0.5329999999999999
00:00:08.319,1572922387380,0.0,0.0,0.983,97.152,2.0,-0.505,0.0,0.0,0.0,0.0,0.0,-0.5329999999999999
00:00:08.370,1572922387431,0.0,0.0,0.983,97.152,2.0,-0.504,0.0,0.0,0.0,0.0,0.0,-0.5329999999999999
00:00:08.371,1572922387432,0.0,0.0,0.983,102.95,2.0,-0.503,0.0,0.0,0.0,0.0,0.0,-0.5329999999999999
00:00:08.372,1572922387433,0.0,0.0,0.983,102.95,2.0,-0.502,0.0,0.0,0.0,0.0,0.0,-0.5329999999999999
00:00:08.419,1572922387480,0.0,0.0,0.983,102.95,2.0,-0.501,0.0,0.0,0.0,0.0,0.0,-0.5329999999999999
00:00:08.420,1572922387481,0.0,0.0,0.983,102.95,2.0,-0.501,0.0,0.0,0.0,0.0,0.0,-0.5329999999999999
00:00:08.421,1572922387482,0.0,0.0,0.983,102.95,2.0,-0.5,0.0,0.0,0.0,0.0,0.0,-0.5329999999999999
00:00:08.470,1572922387531,0.0,0.0,0.983,102.95,2.0,-0.499,0.0,0.0,0.0,0.0,0.0,-0.5329999999999999
00:00:08.471,1572922387532,0.0,0.0,0.983,108.749,2.0,-0.498,0.0,0.0,0.0,0.0,0.0,-0.5329999999999999
00:00:08.472,1572922387533,0.0,0.0,0.983,108.749,2.0,-0.498,0.0,0.0,0.0,0.0,0.0,-0.5329999999999999
00:00:08.473,1572922387534,0.0,0.0,0.983,108.749,2.0,-0.4970000000000001,0.0,0.0,0.0,0.0,0.0,-0.5329999999999999
00:00:08.521,1572922387582,0.0,0.0,0.983,108.749,2.0,-0.496,0.0,0.0,0.0,0.0,0.0,-0.5329999999999999
00:00:08.522,1572922387583,0.0,0.0,0.983,108.749,2.0,-0.496,0.0,0.0,0.0,0.0,0.0,-0.5329999999999999
00:00:08.523,1572922387584,0.0,0.0,0.983,108.749,2.0,-0.495,0.0,0.0,0.0,0.0,0.0,-0.5329999999999999
00:00:08.571,1572922387632,0.0,0.0,0.983,108.749,2.0,-0.494,0.0,0.0,0.0,0.0,0.0,-0.5329999999999999
00:00:08.572,1572922387633,0.0,0.0,0.983,108.749,2.0,-0.494,0.0,0.0,0.0,0.0,0.0,-0.5329999999999999
00:00:08.573,1572922387634,0.0,0.0,0.983,108.749,2.0,-0.493,0.0,0.0,0.0,0.0,0.0,-0.5329999999999999
00:00:08.621,1572922387682,0.0,0.0,0.983,108.749,2.0,-0.493,0.0,0.0,0.0,0.0,0.0,-0.5329999999999999
00:00:08.622,1572922387683,0.0,0.0,0.983,108.749,2.0,-0.4920000000000001,0.0,0.0,0.0,0.0,0.0,-0.5329999999999999
00:00:08.623,1572922387684,0.0,0.0,0.983,108.749,2.0,-0.4920000000000001,0.0,0.0,0.0,0.0,0.0,-0.5329999999999999
00:00:08.671,1572922387732,0.0,0.0,0.983,110.836,2.0,-0.491,0.0,0.0,0.0,0.0,0.0,-0.5329999999999999
00:00:08.672,1572922387733,0.0,0.0,0.983,110.836,2.0,-0.49,0.0,0.0,0.0,0.0,0.0,-0.5329999999999999
00:00:08.673,1572922387734,0.0,0.0,0.983,110.836,2.0,-0.49,0.0,0.0,0.0,0.0,0.0,-0.5329999999999999
00:00:08.723,1572922387784,0.0,0.0,0.983,110.836,2.0,-0.489,0.0,0.0,0.0,0.0,0.0,-0.5329999999999999
00:00:08.724,1572922387785,0.0,0.0,0.983,110.836,2.0,-0.488,0.0,0.0,0.0,0.0,0.0,-0.5329999999999999
00:00:08.725,1572922387786,0.0,0.0,0.983,110.836,2.0,-0.488,0.0,0.0,0.0,0.0,0.0,-0.5329999999999999
00:00:08.773,1572922387834,0.0,0.0,0.983,111.3,2.0,-0.487,0.0,0.0,0.0,0.0,0.0,-0.5329999999999999
00:00:08.774,1572922387835,0.0,0.0,0.983,111.3,2.0,-0.487,0.0,0.0,0.0,0.0,0.0,-0.5329999999999999
00:00:08.775,1572922387836,0.0,0.0,0.983,111.3,2.0,-0.486,0.0,0.0,0.0,0.0,0.0,-0.5329999999999999
00:00:08.824,1572922387885,0.0,0.0,0.983,111.3,2.0,-0.486,0.0,0.0,0.0,0.0,0.0,-0.5329999999999999
00:00:08.825,1572922387886,0.0,0.0,0.983,111.3,2.0,-0.485,0.0,0.0,0.0,0.0,0.0,-0.5329999999999999
00:00:08.826,1572922387887,0.0,0.0,0.983,111.3,2.0,-0.485,0.0,0.0,0.0,0.0,0.0,-0.5329999999999999
00:00:08.876,1572922387937,0.0,0.0,0.983,111.3,3.0,-0.484,0.0,0.0,0.0,0.0,0.0,-0.5329999999999999
00:00:08.877,1572922387938,0.0,0.0,0.983,111.3,3.0,-0.484,0.0,0.0,0.0,0.0,0.0,-0.5329999999999999
00:00:08.878,1572922387939,0.0,0.0,0.983,111.3,3.0,-0.483,0.0,0.0,0.0,0.0,0.0,-0.5329999999999999
00:00:08.927,1572922387988,0.0,0.0,0.983,111.3,3.0,-0.483,0.0,0.0,0.0,0.0,0.0,-0.5329999999999999
00:00:08.928,1572922387989,0.0,0.0,0.983,111.3,3.0,-0.482,0.0,0.0,0.0,0.0,0.0,-0.5329999999999999
00:00:08.929,1572922387990,0.0,0.0,0.983,111.3,3.0,-0.482,0.0,0.0,0.0,0.0,0.0,-0.5329999999999999
00:00:08.977,1572922388038,0.0,0.0,0.983,110.372,3.0,-0.482,0.0,0.0,0.0,0.0,0.0,-0.5329999999999999
00:00:08.978,1572922388039,0.0,0.0,0.983,110.372,3.0,-0.481,0.0,0.0,0.0,0.0,0.0,-0.5329999999999999
00:00:08.979,1572922388040,0.0,0.0,0.983,110.372,3.0,-0.481,0.0,0.0,0.0,0.0,0.0,-0.5329999999999999
00:00:09.027,1572922388088,0.0,0.0,0.983,110.372,3.0,-0.481,0.0,0.0,0.0,0.0,0.0,-0.5329999999999999
00:00:09.028,1572922388089,0.0,0.0,0.983,110.372,3.0,-0.48,0.0,0.0,0.0,0.0,0.0,-0.5329999999999999
00:00:09.029,1572922388090,0.0,0.0,0.983,110.372,3.0,-0.48,0.0,0.0,0.0,0.0,0.0,-0.5329999999999999
00:00:09.077,1572922388138,0.0,0.0,0.983,107.589,3.0,-0.48,0.0,0.0,0.0,0.0,0.0,-0.5329999999999999
00:00:09.078,1572922388139,0.0,0.0,0.983,107.589,3.0,-0.479,0.0,0.0,0.0,0.0,0.0,-0.5329999999999999
00:00:09.079,1572922388140,0.0,0.0,0.983,107.589,3.0,-0.479,0.0,0.0,0.0,0.0,0.0,-0.5329999999999999
00:00:09.131,1572922388192,0.0,0.0,0.983,107.589,3.0,-0.479,0.0,0.0,0.0,0.0,0.0,-0.5329999999999999
00:00:09.132,1572922388193,0.0,0.0,0.983,107.589,3.0,-0.479,0.0,0.0,0.0,0.0,0.0,-0.5329999999999999
00:00:09.133,1572922388194,0.0,0.0,0.983,107.589,3.0,-0.478,0.0,0.0,0.0,0.0,0.0,-0.5329999999999999
00:00:09.184,1572922388245,0.0,0.0,0.983,88.10600000000002,3.0,-0.478,0.0,0.0,0.0,0.0,0.0,-0.5329999999999999
00:00:09.185,1572922388246,0.0,0.0,0.983,88.10600000000002,3.0,-0.478,0.0,0.0,0.0,0.0,0.0,-0.5329999999999999
00:00:09.186,1572922388247,0.0,0.0,0.983,88.10600000000002,3.0,-0.478,0.0,0.0,0.0,0.0,0.0,-0.5329999999999999
00:00:09.232,1572922388293,0.0,0.0,0.983,88.10600000000002,3.0,-0.477,0.0,0.0,0.0,0.0,0.0,-0.5329999999999999
00:00:09.233,1572922388294,0.0,0.0,0.983,88.10600000000002,3.0,-0.477,0.0,0.0,0.0,0.0,0.0,-0.5329999999999999
00:00:09.234,1572922388295,0.0,0.0,0.983,88.10600000000002,3.0,-0.477,0.0,0.0,0.0,0.0,0.0,-0.5329999999999999
00:00:09.283,1572922388344,0.0,0.0,0.983,62.824,3.0,-0.477,0.0,0.0,0.0,0.0,0.0,-0.5329999999999999
00:00:09.284,1572922388345,0.0,0.0,0.983,62.824,3.0,-0.476,0.0,0.0,0.0,0.0,0.0,-0.5329999999999999
00:00:09.285,1572922388346,0.0,0.0,0.983,62.824,3.0,-0.476,0.0,0.0,0.0,0.0,0.0,-0.5329999999999999
00:00:09.333,1572922388394,0.0,0.0,0.983,62.824,3.0,-0.476,0.0,0.0,0.0,0.0,0.0,-0.5329999999999999
00:00:09.334,1572922388395,0.0,0.0,0.983,62.824,3.0,-0.476,0.0,0.0,0.0,0.0,0.0,-0.5329999999999999
00:00:09.335,1572922388396,0.0,0.0,0.983,62.824,3.0,-0.475,0.0,0.0,0.0,0.0,0.0,-0.5329999999999999
00:00:09.383,1572922388444,0.0,0.0,0.983,21.307,3.0,-0.475,0.0,0.0,0.0,0.0,0.0,-0.5329999999999999
00:00:09.384,1572922388445,0.0,0.0,0.983,21.307,3.0,-0.475,0.0,0.0,0.0,0.0,0.0,-0.5329999999999999
00:00:09.385,1572922388446,0.0,0.0,0.983,21.307,3.0,-0.475,0.0,0.0,0.0,0.0,0.0,-0.5329999999999999
00:00:09.433,1572922388494,0.0,0.0,0.983,21.307,3.0,-0.475,0.0,0.0,0.0,0.0,0.0,-0.5329999999999999
00:00:09.434,1572922388495,0.0,0.0,0.983,21.307,3.0,-0.474,0.0,0.0,0.0,0.0,0.0,-0.5329999999999999
00:00:09.435,1572922388496,0.0,0.0,0.983,21.307,3.0,-0.474,0.0,0.0,0.0,0.0,0.0,-0.5329999999999999
00:00:09.489,1572922388550,0.0,0.0,0.983,4.839,3.0,-0.474,0.0,0.0,0.0,0.0,0.0,-0.5329999999999999
00:00:09.490,1572922388551,0.104,-0.003,0.983,4.839,3.0,-0.473,0.004,0.0,0.0,0.0,0.0,-0.5329999999999999
00:00:09.491,1572922388552,0.234,-0.005,0.983,4.839,3.0,-0.473,0.009000000000000001,0.0,0.001,0.0,0.0,-0.5329999999999999
00:00:09.492,1572922388553,0.277,-0.006,0.983,4.839,3.0,-0.473,0.014,0.0,0.002,0.0,0.0,-0.532
00:00:09.539,1572922388600,0.28800000000000003,-0.006,0.983,4.839,3.0,-0.473,0.019,0.0,0.002,0.0,0.0,-0.532
00:00:09.540,1572922388601,0.28,-0.006,0.983,4.839,3.0,-0.472,0.024,-0.001,0.003,0.001,0.0,-0.532
00:00:09.541,1572922388602,0.262,-0.006999999999999999,0.983,0.664,3.0,-0.472,0.028,-0.001,0.004,0.001,0.0,-0.532
00:00:09.590,1572922388651,0.049,-0.006,0.983,0.664,3.0,-0.472,0.026,-0.001,0.006,0.001,0.0,-0.532
00:00:09.591,1572922388652,0.181,-0.002,0.983,0.664,3.0,-0.472,0.031,-0.001,0.006999999999999999,0.002,0.0,-0.532
00:00:09.592,1572922388653,0.295,-0.005,0.983,0.664,3.0,-0.471,0.037000000000000005,-0.001,0.006999999999999999,0.002,0.0,-0.532
00:00:09.642,1572922388703,0.35200000000000004,-0.006,0.983,0.664,3.0,-0.471,0.044,-0.001,0.008,0.003,0.0,-0.532
00:00:09.643,1572922388704,0.381,-0.006999999999999999,0.983,0.664,3.0,-0.47,0.051,-0.001,0.008,0.004,0.0,-0.532
00:00:09.644,1572922388705,0.396,-0.008,0.983,0.664,3.0,-0.47,0.057,-0.001,0.006999999999999999,0.005,0.0,-0.532
00:00:09.692,1572922388753,0.409,-0.008,0.983,0.664,3.0,-0.47,0.064,-0.001,0.006999999999999999,0.006,0.0,-0.532
00:00:09.693,1572922388754,0.421,-0.008,0.983,0.664,3.0,-0.469,0.071,-0.002,0.006999999999999999,0.006999999999999999,0.0,-0.531
00:00:09.694,1572922388755,0.4320000000000001,-0.008,0.983,0.664,3.0,-0.469,0.078,-0.002,0.006,0.008,0.0,-0.531
00:00:09.742,1572922388803,0.443,-0.009000000000000001,0.983,0.664,3.0,-0.469,0.086,-0.002,0.006,0.01,0.0,-0.531
00:00:09.743,1572922388804,0.453,-0.009000000000000001,0.983,0.664,3.0,-0.469,0.094,-0.002,0.005,0.011,0.0,-0.531
00:00:09.744,1572922388805,0.463,-0.009000000000000001,0.983,0.664,3.0,-0.469,0.102,-0.002,0.004,0.013,0.0,-0.531
00:00:09.792,1572922388853,0.472,-0.009000000000000001,0.983,0.664,3.0,-0.468,0.109,-0.002,0.004,0.014,0.0,-0.531
00:00:09.793,1572922388854,0.481,-0.009000000000000001,0.983,0.664,3.0,-0.468,0.118,-0.002,0.003,0.016,0.0,-0.531
00:00:09.794,1572922388855,0.489,-0.009000000000000001,0.983,0.664,3.0,-0.468,0.126,-0.003,0.002,0.018000000000000002,0.0,-0.531
00:00:09.845,1572922388906,0.496,-0.009000000000000001,0.983,0.664,3.0,-0.467,0.134,-0.003,0.002,0.021,0.0,-0.531
00:00:09.846,1572922388907,0.503,-0.008,0.983,0.664,3.0,-0.466,0.14300000000000002,-0.003,0.001,0.023,-0.001,-0.531
00:00:09.847,1572922388908,0.509,-0.008,0.983,0.664,3.0,-0.465,0.151,-0.003,0.001,0.025,-0.001,-0.531
00:00:09.897,1572922388958,0.515,-0.008,0.983,0.664,3.0,-0.463,0.16,-0.003,0.0,0.028,-0.001,-0.531
00:00:09.898,1572922388959,0.521,-0.006999999999999999,0.983,0.664,3.0,-0.461,0.16899999999999998,-0.003,-0.001,0.031,-0.001,-0.531
00:00:09.899,1572922388960,0.526,-0.006999999999999999,0.983,0.664,3.0,-0.459,0.17800000000000002,-0.003,-0.001,0.034,-0.001,-0.531
00:00:09.945,1572922389006,0.531,-0.006999999999999999,0.983,0.664,3.0,-0.456,0.18600000000000005,-0.003,-0.001,0.037000000000000005,-0.001,-0.531
00:00:09.946,1572922389007,0.535,-0.006,0.983,0.664,3.0,-0.453,0.195,-0.003,-0.002,0.04,-0.001,-0.531
00:00:09.947,1572922389008,0.539,-0.006,0.983,0.664,3.0,-0.45,0.204,-0.004,-0.002,0.043,-0.001,-0.531
00:00:09.996,1572922389057,0.5429999999999999,-0.006,1.276,0.664,3.0,-0.447,0.214,-0.004,-0.002,0.047,-0.001,-0.531
00:00:09.997,1572922389058,0.5479999999999999,-0.006,1.276,0.664,3.0,-0.443,0.223,-0.004,-0.002,0.05,-0.001,-0.531
00:00:09.998,1572922389059,0.555,-0.006,1.276,0.664,3.0,-0.44,0.232,-0.004,-0.002,0.054000000000000006,-0.001,-0.531
00:00:10.047,1572922389108,0.563,-0.006,1.276,0.664,3.0,-0.4370000000000001,0.242,-0.004,-0.002,0.058,-0.001,-0.531
00:00:10.048,1572922389109,0.5720000000000001,-0.006999999999999999,1.276,0.664,3.0,-0.434,0.251,-0.004,-0.002,0.062,-0.001,-0.531
00:00:10.049,1572922389110,0.5820000000000001,-0.006999999999999999,1.276,0.664,3.0,-0.431,0.261,-0.004,-0.002,0.066,-0.001,-0.531
00:00:10.099,1572922389160,0.593,-0.008,4.133,0.664,3.0,-0.429,0.271,-0.004,-0.001,0.071,-0.001,-0.531
00:00:10.100,1572922389161,0.622,-0.009000000000000001,4.133,0.664,3.0,-0.426,0.282,-0.004,-0.001,0.075,-0.001,-0.531
00:00:10.101,1572922389162,0.677,-0.01,4.133,0.664,3.0,-0.424,0.294,-0.005,-0.001,0.08,-0.001,-0.531
00:00:10.151,1572922389212,0.758,-0.012,4.133,0.664,3.0,-0.422,0.309,-0.005,0.0,0.085,-0.002,-0.531
00:00:10.152,1572922389213,0.838,-0.013,4.133,0.664,3.0,-0.421,0.32299999999999995,-0.005,0.0,0.09,-0.002,-0.531
00:00:10.153,1572922389214,0.921,-0.015,4.133,0.664,3.0,-0.419,0.34,-0.005,0.001,0.096,-0.002,-0.531
00:00:10.199,1572922389260,1.005,-0.016,13.435,0.664,3.0,-0.417,0.358,-0.006,0.001,0.102,-0.002,-0.531
00:00:10.200,1572922389261,1.147,-0.018000000000000002,13.435,0.664,3.0,-0.415,0.379,-0.006,0.002,0.108,-0.002,-0.531
00:00:10.201,1572922389262,1.402,-0.022,13.435,0.664,3.0,-0.414,0.408,-0.006,0.004,0.115,-0.002,-0.531
00:00:10.249,1572922389310,1.695,-0.026,13.435,0.664,3.0,-0.412,0.439,-0.006999999999999999,0.005,0.121,-0.002,-0.531
00:00:10.250,1572922389311,2.031,-0.03,13.435,0.664,3.0,-0.409,0.478,-0.006999999999999999,0.006999999999999999,0.129,-0.002,-0.531
00:00:10.251,1572922389312,2.349,-0.033,13.435,0.664,3.0,-0.407,0.521,-0.008,0.01,0.13699999999999998,-0.002,-0.531
00:00:10.299,1572922389360,2.623,-0.036000000000000004,14.46,0.664,3.0,-0.404,0.568,-0.008,0.012,0.146,-0.003,-0.531
00:00:10.300,1572922389361,2.8510000000000004,-0.039,14.46,0.664,3.0,-0.401,0.619,-0.009000000000000001,0.015,0.156,-0.003,-0.531
00:00:10.301,1572922389362,3.031,-0.041,14.46,0.664,3.0,-0.399,0.6709999999999999,-0.01,0.017,0.16699999999999998,-0.003,-0.531
00:00:10.350,1572922389411,3.162,-0.042,14.46,0.664,3.0,-0.396,0.726,-0.01,0.019,0.179,-0.003,-0.53
00:00:10.351,1572922389412,3.253,-0.043,14.46,0.664,3.0,-0.394,0.784,-0.011,0.022,0.192,-0.003,-0.53
00:00:10.352,1572922389413,3.299,-0.044,14.46,0.664,3.0,-0.392,0.836,-0.012,0.023,0.205,-0.004,-0.53
00:00:10.402,1572922389463,3.322,-0.045,15.265999999999998,0.664,3.0,-0.39,0.892,-0.012,0.025,0.219,-0.004,-0.53
00:00:10.403,1572922389464,3.3360000000000003,-0.045,15.265999999999998,0.664,3.0,-0.388,0.951,-0.013,0.026,0.235,-0.004,-0.529
00:00:10.404,1572922389465,3.35,-0.045,15.265999999999998,0.664,3.0,-0.386,1.007,-0.014,0.027000000000000003,0.252,-0.004,-0.529
00:00:10.458,1572922389519,3.362,-0.046,15.265999999999998,0.664,3.0,-0.384,1.06,-0.014,0.028,0.268,-0.005,-0.529
00:00:10.459,1572922389520,3.374,-0.045,15.265999999999998,0.664,3.0,-0.382,1.116,-0.015,0.028,0.28600000000000003,-0.005,-0.529
00:00:10.460,1572922389521,3.381,-0.045,16.292,0.664,3.0,-0.379,1.176,-0.015,0.028,0.306,-0.005,-0.528
00:00:10.461,1572922389522,3.386,-0.045,16.292,0.664,3.0,-0.377,1.232,-0.016,0.028,0.326,-0.005,-0.528
00:00:10.508,1572922389569,3.399,-0.046,16.292,0.664,3.0,-0.375,1.286,-0.017,0.028,0.34600000000000003,-0.006,-0.528
00:00:10.509,1572922389570,3.424,-0.046,16.292,0.664,3.0,-0.373,1.3430000000000002,-0.017,0.028,0.368,-0.006,-0.528
00:00:10.510,1572922389571,3.4560000000000004,-0.047,16.292,0.664,3.0,-0.371,1.401,-0.018000000000000002,0.027000000000000003,0.391,-0.006,-0.528
00:00:10.558,1572922389619,3.487,-0.049,16.292,0.664,3.0,-0.368,1.463,-0.018000000000000002,0.027000000000000003,0.416,-0.006999999999999999,-0.528
00:00:10.559,1572922389620,3.507,-0.049,16.292,0.664,3.0,-0.366,1.518,-0.019,0.026,0.44,-0.006999999999999999,-0.528
00:00:10.560,1572922389621,3.518,-0.05,16.438,0.664,3.0,-0.364,1.577,-0.019,0.025,0.465,-0.008,-0.528
00:00:10.608,1572922389669,3.519,-0.051,16.438,0.664,3.0,-0.362,1.639,-0.02,0.025,0.494,-0.008,-0.528
00:00:10.609,1572922389670,3.512,-0.051,16.438,0.664,3.0,-0.36,1.6980000000000002,-0.021,0.024,0.522,-0.009000000000000001,-0.528
00:00:10.610,1572922389671,3.5,-0.051,16.438,0.664,3.0,-0.358,1.756,-0.021,0.024,0.55,-0.009000000000000001,-0.529
00:00:10.658,1572922389719,3.484,-0.052000000000000005,16.438,0.664,3.0,-0.35600000000000004,1.814,-0.022,0.024,0.58,-0.01,-0.529
00:00:10.659,1572922389720,3.466,-0.052000000000000005,16.438,0.664,3.0,-0.354,1.868,-0.022,0.024,0.609,-0.01,-0.529
00:00:10.660,1572922389721,3.445,-0.053,16.438,0.664,3.0,-0.35200000000000004,1.925,-0.023,0.025,0.64,-0.011,-0.529
00:00:10.713,1572922389774,3.42,-0.054000000000000006,16.438,0.664,3.0,-0.35,1.985,-0.023,0.027000000000000003,0.675,-0.011,-0.529
00:00:10.714,1572922389775,3.398,-0.055,16.438,0.664,3.0,-0.349,2.0380000000000003,-0.023,0.028,0.7070000000000001,-0.012,-0.53
00:00:10.715,1572922389776,3.374,-0.057,16.438,0.664,3.0,-0.34700000000000003,2.094,-0.024,0.03,0.741,-0.012,-0.53
00:00:10.761,1572922389822,3.349,-0.059,16.438,0.664,3.0,-0.345,2.149,-0.024,0.031,0.7759999999999999,-0.013,-0.53
00:00:10.762,1572922389823,3.321,-0.061,16.804000000000002,0.664,3.0,-0.344,2.207,-0.025,0.034,0.815,-0.014,-0.53
00:00:10.763,1572922389824,3.2960000000000003,-0.064,16.804000000000002,0.664,3.0,-0.343,2.262,-0.026,0.036000000000000004,0.852,-0.014,-0.53
00:00:10.815,1572922389876,3.275,-0.067,16.804000000000002,0.664,3.0,-0.341,2.313,-0.026,0.038,0.888,-0.015,-0.53
00:00:10.816,1572922389877,3.259,-0.07,16.804000000000002,0.664,3.0,-0.34,2.367,-0.027000000000000003,0.04,0.927,-0.016,-0.53
00:00:10.817,1572922389878,3.2460000000000004,-0.073,16.804000000000002,0.664,3.0,-0.338,2.424,-0.027000000000000003,0.042,0.969,-0.016,-0.53
00:00:10.861,1572922389922,3.234,-0.076,16.804000000000002,0.664,3.0,-0.337,2.478,-0.028,0.044,1.01,-0.017,-0.53
00:00:10.862,1572922389923,3.2230000000000003,-0.08,16.804000000000002,1.128,3.0,-0.335,2.528,-0.029,0.046,1.0490000000000002,-0.018000000000000002,-0.53
00:00:10.863,1572922389924,3.208,-0.083,18.123,1.128,3.0,-0.334,2.582,-0.029,0.048,1.092,-0.019,-0.53
00:00:10.918,1572922389979,3.214,-0.087,18.123,1.128,3.0,-0.333,2.639,-0.03,0.05,1.138,-0.02,-0.53
00:00:10.919,1572922389980,3.242,-0.092,18.123,1.128,3.0,-0.332,2.69,-0.031,0.051,1.18,-0.021,-0.53
00:00:10.920,1572922389981,3.283,-0.097,18.123,1.128,3.0,-0.331,2.749,-0.032,0.052000000000000005,1.228,-0.022,-0.53
00:00:10.970,1572922390031,3.315,-0.101,18.123,1.128,3.0,-0.33,2.801,-0.033,0.053,1.271,-0.022,-0.53
00:00:10.971,1572922390032,3.337,-0.105,19.441,0.664,3.0,-0.33,2.86,-0.034,0.054000000000000006,1.321,-0.024,-0.53
00:00:10.972,1572922390033,3.3510000000000004,-0.11,19.441,0.664,3.0,-0.329,2.9160000000000004,-0.034,0.055,1.369,-0.025,-0.53
00:00:10.973,1572922390034,3.372,-0.114,19.441,0.664,3.0,-0.329,2.969,-0.035,0.056,1.415,-0.026,-0.53
00:00:11.020,1572922390081,3.406,-0.12,19.441,0.664,3.0,-0.329,3.03,-0.036000000000000004,0.056,1.469,-0.027000000000000003,-0.53
00:00:11.021,1572922390082,3.4360000000000004,-0.126,19.441,0.664,3.0,-0.33,3.088,-0.037000000000000005,0.057,1.52,-0.028,-0.529
00:00:11.022,1572922390083,3.457,-0.132,19.441,0.664,3.0,-0.33,3.1460000000000004,-0.039,0.057,1.5719999999999998,-0.029,-0.529
00:00:11.070,1572922390131,3.462,-0.138,19.441,0.664,3.0,-0.33,3.2,-0.04,0.057,1.621,-0.03,-0.529
00:00:11.071,1572922390132,3.4530000000000003,-0.14300000000000002,19.441,0.664,3.0,-0.33,3.261,-0.041,0.058,1.6780000000000002,-0.032,-0.529
00:00:11.072,1572922390133,3.4330000000000003,-0.146,19.441,0.664,3.0,-0.33,3.318,-0.042,0.058,1.733,-0.033,-0.529
00:00:11.122,1572922390183,3.406,-0.149,19.441,0.664,3.0,-0.328,3.374,-0.043,0.059,1.789,-0.035,-0.529
00:00:11.123,1572922390184,3.3760000000000003,-0.15,19.441,0.664,3.0,-0.327,3.426,-0.044,0.059,1.842,-0.036000000000000004,-0.529
00:00:11.124,1572922390185,3.344,-0.15,19.441,0.664,3.0,-0.326,3.482,-0.045,0.06,1.9,-0.038,-0.529
00:00:11.173,1572922390234,3.3110000000000004,-0.149,19.441,0.664,3.0,-0.325,3.54,-0.046,0.06,1.962,-0.039,-0.529
00:00:11.174,1572922390235,3.28,-0.149,19.441,0.664,3.0,-0.324,3.594,-0.047,0.061,2.021,-0.041,-0.529
00:00:11.175,1572922390236,3.254,-0.147,19.441,0.664,3.0,-0.322,3.645,-0.047,0.061,2.0780000000000003,-0.043,-0.529
00:00:11.223,1572922390284,3.2260000000000004,-0.145,19.441,0.664,3.0,-0.321,3.698,-0.048,0.062,2.139,-0.044,-0.529
00:00:11.224,1572922390285,3.199,-0.14300000000000002,19.441,0.664,3.0,-0.319,3.754,-0.048,0.062,2.205,-0.046,-0.529
00:00:11.225,1572922390286,3.174,-0.141,19.441,0.664,3.0,-0.317,3.807,-0.049,0.063,2.268,-0.048,-0.529
00:00:11.273,1572922390334,3.15,-0.138,19.441,0.664,3.0,-0.316,3.859,-0.049,0.063,2.332,-0.05,-0.529
00:00:11.274,1572922390335,3.1260000000000003,-0.13699999999999998,19.441,0.664,3.0,-0.316,3.911,-0.049,0.064,2.396,-0.052000000000000005,-0.529
00:00:11.275,1572922390336,3.102,-0.135,19.441,0.664,3.0,-0.315,3.962,-0.05,0.064,2.462,-0.054000000000000006,-0.529
00:00:11.323,1572922390384,3.0780000000000003,-0.133,19.441,0.664,3.0,-0.313,4.013,-0.05,0.065,2.528,-0.056,-0.529
00:00:11.324,1572922390385,3.054,-0.13,19.441,0.664,3.0,-0.311,4.064,-0.05,0.065,2.596,-0.058,-0.529
00:00:11.325,1572922390386,3.033,-0.125,19.441,0.664,3.0,-0.308,4.1110000000000015,-0.05,0.066,2.66,-0.061,-0.529
00:00:11.373,1572922390434,3.009,-0.117,19.441,0.664,3.0,-0.304,4.164,-0.049,0.067,2.733,-0.063,-0.529
00:00:11.374,1572922390435,2.987,-0.108,19.441,0.664,3.0,-0.299,4.213,-0.049,0.068,2.803,-0.065,-0.529
00:00:11.375,1572922390436,2.965,-0.098,19.441,0.664,3.0,-0.295,4.263,-0.048,0.068,2.873,-0.068,-0.53
00:00:11.423,1572922390484,2.944,-0.087,19.441,0.664,3.0,-0.29100000000000004,4.311,-0.047,0.069,2.945,-0.07,-0.53
00:00:11.424,1572922390485,2.924,-0.076,19.441,0.664,3.0,-0.287,4.36,-0.046,0.07,3.017,-0.07200000000000001,-0.53
00:00:11.425,1572922390486,2.903,-0.065,19.441,0.664,3.0,-0.28300000000000003,4.408,-0.045,0.071,3.09,-0.075,-0.53
00:00:11.477,1572922390538,2.883,-0.054000000000000006,19.441,0.664,3.0,-0.279,4.456,-0.044,0.07200000000000001,3.164,-0.077,-0.53
00:00:11.478,1572922390539,2.863,-0.044,19.441,0.664,3.0,-0.274,4.503,-0.042,0.073,3.238,-0.08,-0.53
00:00:11.479,1572922390540,2.843,-0.033,19.441,0.664,3.0,-0.269,4.55,-0.041,0.073,3.314,-0.08199999999999999,-0.53
00:00:11.527,1572922390588,2.823,-0.022,19.441,0.664,3.0,-0.264,4.597,-0.039,0.07400000000000001,3.39,-0.085,-0.53
00:00:11.528,1572922390589,2.804,-0.011,19.441,0.664,3.0,-0.259,4.644,-0.037000000000000005,0.075,3.467,-0.08800000000000001,-0.53
00:00:11.529,1572922390590,2.785,-0.001,19.441,0.664,3.0,-0.253,4.69,-0.035,0.075,3.545,-0.09,-0.53
00:00:11.577,1572922390638,2.764,0.01,19.441,0.664,3.0,-0.247,4.7360000000000015,-0.033,0.076,3.623,-0.093,-0.53
00:00:11.578,1572922390639,2.742,0.021,19.441,0.664,3.0,-0.241,4.7810000000000015,-0.031,0.076,3.703,-0.096,-0.53
00:00:11.579,1572922390640,2.719,0.032,19.441,0.664,3.0,-0.236,4.8260000000000005,-0.029,0.076,3.783,-0.098,-0.53
00:00:11.630,1572922390691,2.696,0.043,19.441,0.664,3.0,-0.23,4.871,-0.027000000000000003,0.076,3.863,-0.101,-0.53
00:00:11.631,1572922390692,2.673,0.052000000000000005,19.441,0.664,3.0,-0.224,4.915,-0.025,0.077,3.945,-0.104,-0.53
00:00:11.632,1572922390693,2.653,0.062,19.441,0.664,3.0,-0.218,4.959,-0.022,0.077,4.027,-0.106,-0.53
00:00:11.681,1572922390742,2.633,0.071,19.441,0.664,3.0,-0.211,5.003,-0.02,0.076,4.11,-0.109,-0.529
00:00:11.682,1572922390743,2.615,0.081,19.441,0.664,3.0,-0.204,5.046,-0.018000000000000002,0.076,4.194,-0.112,-0.529
00:00:11.683,1572922390744,2.5980000000000003,0.091,19.441,0.664,3.0,-0.196,5.089,-0.015,0.076,4.2780000000000005,-0.114,-0.529
00:00:11.733,1572922390794,2.58,0.102,19.441,0.664,3.0,-0.188,5.1320000000000014,-0.013,0.076,4.363,-0.117,-0.529
00:00:11.734,1572922390795,2.564,0.113,19.441,0.664,3.0,-0.17800000000000002,5.174,-0.01,0.075,4.449,-0.12,-0.529
00:00:11.735,1572922390796,2.547,0.126,19.441,0.664,3.0,-0.16899999999999998,5.2170000000000005,-0.006999999999999999,0.075,4.5360000000000005,-0.122,-0.529
00:00:11.781,1572922390842,2.53,0.14,19.295,0.664,3.0,-0.159,5.259,-0.004,0.07400000000000001,4.623,-0.125,-0.529
00:00:11.782,1572922390843,2.513,0.154,19.295,0.664,3.0,-0.15,5.3,-0.002,0.073,4.711,-0.127,-0.529
00:00:11.783,1572922390844,2.494,0.16699999999999998,19.295,0.664,3.0,-0.141,5.341,0.001,0.073,4.8,-0.13,-0.529
00:00:11.831,1572922390892,2.472,0.18,19.295,0.664,3.0,-0.133,5.3820000000000014,0.004,0.07200000000000001,4.8889999999999985,-0.133,-0.529
00:00:11.832,1572922390893,2.45,0.192,19.295,0.664,3.0,-0.125,5.422999999999999,0.006999999999999999,0.07200000000000001,4.979,-0.135,-0.529
00:00:11.833,1572922390894,2.4290000000000003,0.203,19.295,0.664,3.0,-0.118,5.462999999999999,0.01,0.071,5.07,-0.13699999999999998,-0.529
00:00:11.881,1572922390942,2.4090000000000003,0.211,19.295,0.664,3.0,-0.111,5.502999999999999,0.013,0.07,5.1610000000000005,-0.14,-0.529
00:00:11.882,1572922390943,2.391,0.218,19.295,0.664,3.0,-0.104,5.5429999999999975,0.016,0.069,5.252999999999999,-0.142,-0.529
00:00:11.883,1572922390944,2.375,0.223,19.295,0.664,3.0,-0.098,5.5820000000000025,0.019,0.069,5.346,-0.145,-0.529
00:00:11.933,1572922390994,2.36,0.226,19.295,0.664,3.0,-0.092,5.621,0.021,0.068,5.439,-0.147,-0.529
00:00:11.934,1572922390995,2.345,0.227,19.295,0.664,3.0,-0.086,5.66,0.023,0.068,5.533,-0.149,-0.529
00:00:11.935,1572922390996,2.331,0.226,19.295,0.664,3.0,-0.08,5.699,0.025,0.067,5.627999999999999,-0.151,-0.529
00:00:11.982,1572922391043,2.32,0.225,19.295,0.664,3.0,-0.075,5.728,0.027000000000000003,0.067,5.699,-0.153,-0.529
00:00:11.983,1572922391044,2.307,0.224,19.295,0.664,3.0,-0.069,5.763,0.029,0.066,5.789,-0.155,-0.529
00:00:11.984,1572922391045,2.293,0.223,19.295,0.664,3.0,-0.063,5.801,0.03,0.066,5.885,-0.157,-0.529
00:00:12.038,1572922391099,2.279,0.222,19.295,0.664,3.0,-0.056,5.839,0.032,0.065,5.982,-0.159,-0.529
00:00:12.039,1572922391100,2.265,0.223,19.295,0.664,3.0,-0.048,5.877000000000002,0.033,0.065,6.08,-0.161,-0.529
00:00:12.040,1572922391101,2.25,0.225,19.295,0.664,3.0,-0.04,5.914,0.035,0.065,6.178,-0.163,-0.529
00:00:12.087,1572922391148,2.239,0.227,19.295,0.664,3.0,-0.034,5.944,0.036000000000000004,0.065,6.257999999999999,-0.16399999999999998,-0.529
00:00:12.088,1572922391149,2.226,0.231,19.295,0.664,3.0,-0.026,5.981,0.037000000000000005,0.065,6.358,-0.166,-0.53
00:00:12.089,1572922391150,2.214,0.236,19.295,0.664,3.0,-0.019,6.018,0.039,0.065,6.4579999999999975,-0.168,-0.53
00:00:12.090,1572922391151,2.202,0.241,19.295,0.664,3.0,-0.012,6.055,0.04,0.065,6.558,-0.17,-0.53
00:00:12.141,1572922391202,2.19,0.245,19.295,0.664,3.0,-0.005,6.091,0.041,0.065,6.66,-0.172,-0.53
00:00:12.142,1572922391203,2.1790000000000003,0.248,19.295,0.664,3.0,0.001,6.127000000000002,0.042,0.065,6.761,-0.173,-0.53
00:00:12.143,1572922391204,2.168,0.249,19.295,0.664,3.0,0.006,6.1629999999999985,0.044,0.065,6.864,-0.175,-0.53
00:00:12.187,1572922391248,2.157,0.249,19.295,0.664,3.0,0.011,6.199,0.045,0.065,6.9670000000000005,-0.17600000000000002,-0.53
00:00:12.188,1572922391249,2.146,0.248,19.295,0.664,3.0,0.016,6.235,0.046,0.065,7.07,-0.17800000000000002,-0.53
00:00:12.189,1572922391250,2.135,0.246,19.295,0.664,3.0,0.021,6.27,0.046,0.066,7.175,-0.179,-0.53
00:00:12.237,1572922391298,2.124,0.245,19.295,0.664,3.0,0.026,6.305,0.047,0.066,7.279,-0.181,-0.53
00:00:12.238,1572922391299,2.113,0.244,19.295,0.664,3.0,0.031,6.34,0.048,0.066,7.385,-0.182,-0.53
00:00:12.239,1572922391300,2.102,0.243,19.295,0.664,3.0,0.035,6.375,0.048,0.066,7.491,-0.183,-0.53
00:00:12.287,1572922391348,2.09,0.243,19.441,0.664,3.0,0.04,6.41,0.049,0.067,7.597,-0.184,-0.53
00:00:12.288,1572922391349,2.077,0.244,19.441,0.664,3.0,0.044,6.444,0.049,0.067,7.704,-0.185,-0.53
00:00:12.289,1572922391350,2.065,0.246,19.441,0.664,3.0,0.049,6.479,0.05,0.067,7.812,-0.18600000000000005,-0.53
00:00:12.338,1572922391399,2.055,0.247,19.441,0.664,3.0,0.053,6.513,0.05,0.067,7.92,-0.187,-0.53
00:00:12.339,1572922391400,2.047,0.249,19.441,0.664,3.0,0.056,6.5470000000000015,0.05,0.068,8.029,-0.188,-0.53
00:00:12.340,1572922391401,2.042,0.251,19.441,0.664,3.0,0.059,6.581,0.051,0.068,8.139,-0.189,-0.53
00:00:12.390,1572922391451,2.037,0.252,19.441,0.664,3.0,0.063,6.615,0.051,0.068,8.249,-0.19,-0.53
00:00:12.391,1572922391452,2.031,0.254,19.441,0.664,3.0,0.065,6.649,0.051,0.068,8.359,-0.191,-0.53
00:00:12.392,1572922391453,2.026,0.254,19.441,0.664,3.0,0.068,6.682,0.052000000000000005,0.068,8.47,-0.192,-0.53
00:00:12.441,1572922391502,2.02,0.255,19.441,0.664,3.0,0.071,6.716,0.052000000000000005,0.069,8.582,-0.192,-0.53
00:00:12.442,1572922391503,2.014,0.255,19.441,0.664,3.0,0.073,6.749,0.052000000000000005,0.069,8.693999999999999,-0.193,-0.53
00:00:12.443,1572922391504,2.008,0.255,19.441,0.664,3.0,0.076,6.783,0.052000000000000005,0.069,8.807,-0.193,-0.53
00:00:12.491,1572922391552,2.002,0.254,19.441,0.664,3.0,0.078,6.816,0.052000000000000005,0.069,8.92,-0.194,-0.53
00:00:12.492,1572922391553,1.996,0.254,19.441,0.664,3.0,0.08,6.849,0.052000000000000005,0.069,9.034,-0.194,-0.53
00:00:12.493,1572922391554,1.99,0.253,19.441,0.664,3.0,0.08199999999999999,6.882999999999999,0.052000000000000005,0.069,9.149,-0.194,-0.53
00:00:12.541,1572922391602,1.985,0.252,19.441,0.664,3.0,0.083,6.916,0.052000000000000005,0.069,9.264,-0.195,-0.53
00:00:12.542,1572922391603,1.979,0.25,19.441,0.664,3.0,0.085,6.949,0.052000000000000005,0.069,9.379,-0.195,-0.53
00:00:12.543,1572922391604,1.974,0.247,19.441,0.664,3.0,0.086,6.981,0.052000000000000005,0.069,9.495,-0.195,-0.53
00:00:12.595,1572922391656,1.969,0.242,19.441,0.664,3.0,0.086,7.0139999999999985,0.051,0.069,9.612,-0.195,-0.53
00:00:12.596,1572922391657,1.965,0.236,19.441,0.664,3.0,0.086,7.0470000000000015,0.051,0.069,9.729,-0.195,-0.53
00:00:12.597,1572922391658,1.961,0.228,19.441,0.664,3.0,0.086,7.08,0.05,0.068,9.847,-0.195,-0.53
00:00:12.646,1572922391707,1.957,0.219,19.441,0.664,3.0,0.086,7.112,0.05,0.068,9.965,-0.195,-0.53
00:00:12.647,1572922391708,1.953,0.209,19.441,0.664,3.0,0.085,7.145,0.049,0.068,10.084,-0.195,-0.53
00:00:12.648,1572922391709,1.979,0.197,19.441,0.664,3.0,0.085,7.178,0.048,0.068,10.203,-0.194,-0.53
00:00:12.700,1572922391761,2.052,0.18600000000000005,19.441,0.664,3.0,0.084,7.213999999999999,0.047,0.068,10.323,-0.194,-0.53
00:00:12.701,1572922391762,2.119,0.174,19.441,0.664,3.0,0.084,7.25,0.045,0.069,10.444,-0.194,-0.53
00:00:12.702,1572922391763,2.148,0.163,19.441,0.664,3.0,0.085,7.286,0.044,0.069,10.565,-0.193,-0.53
00:00:12.752,1572922391813,2.14,0.153,19.441,0.664,3.0,0.085,7.3210000000000015,0.043,0.069,10.686,-0.193,-0.53
00:00:12.753,1572922391814,2.108,0.14400000000000002,19.441,0.664,3.0,0.085,7.356,0.041,0.07,10.809,-0.193,-0.53
00:00:12.754,1572922391815,2.063,0.135,19.441,0.664,3.0,0.085,7.39,0.04,0.07,10.932,-0.192,-0.53
00:00:12.814,1572922391875,2.017,0.127,19.807,0.664,3.0,0.085,7.422999999999999,0.038,0.071,11.055,-0.192,-0.53
00:00:12.815,1572922391876,1.979,0.12,19.807,0.664,3.0,0.085,7.455,0.037000000000000005,0.071,11.179,-0.191,-0.53
00:00:12.816,1572922391877,1.951,0.112,19.807,0.664,3.0,0.085,7.487,0.035,0.071,11.304,-0.19,-0.53
00:00:12.817,1572922391878,1.931,0.105,19.807,0.664,3.0,0.085,7.519,0.034,0.071,11.429,-0.19,-0.53
00:00:12.872,1572922391933,1.915,0.098,19.807,0.664,3.0,0.084,7.551,0.032,0.071,11.554,-0.189,-0.53
00:00:12.873,1572922391934,1.901,0.092,19.807,0.664,3.0,0.084,7.582000000000002,0.031,0.07200000000000001,11.68,-0.189,-0.53
00:00:12.874,1572922391935,1.888,0.087,20.32,0.664,3.0,0.085,7.614,0.03,0.07200000000000001,11.807,-0.188,-0.53
00:00:12.927,1572922391988,1.875,0.083,20.32,0.664,3.0,0.085,7.645,0.028,0.07200000000000001,11.934,-0.187,-0.53
00:00:12.928,1572922391989,1.867,0.08,20.32,0.664,3.0,0.085,7.676,0.027000000000000003,0.071,12.062,-0.18600000000000005,-0.53
00:00:12.929,1572922391990,1.859,0.077,20.32,0.664,3.0,0.084,7.707000000000002,0.026,0.071,12.19,-0.18600000000000005,-0.53
00:00:12.930,1572922391991,1.851,0.075,20.32,0.664,3.0,0.083,7.737999999999999,0.025,0.071,12.319,-0.185,-0.53
00:00:12.977,1572922392038,1.842,0.07200000000000001,20.32,0.664,3.0,0.08199999999999999,7.768,0.024,0.071,12.448,-0.184,-0.531
00:00:12.978,1572922392039,1.83,0.068,21.492,0.664,3.0,0.08,7.797999999999999,0.023,0.071,12.578,-0.183,-0.531
00:00:12.979,1572922392040,1.82,0.064,21.492,0.664,3.0,0.079,7.829,0.022,0.071,12.708,-0.183,-0.531
00:00:13.027,1572922392088,1.813,0.059,21.492,0.664,3.0,0.077,7.859,0.021,0.071,12.839,-0.182,-0.531
00:00:13.028,1572922392089,1.809,0.054000000000000006,21.492,0.664,3.0,0.075,7.8889999999999985,0.019,0.071,12.97,-0.181,-0.531
00:00:13.029,1572922392090,1.804,0.048,21.492,0.664,3.0,0.073,7.919,0.018000000000000002,0.071,13.102,-0.18,-0.531
00:00:13.078,1572922392139,1.798,0.043,21.492,0.664,3.0,0.071,7.949,0.017,0.071,13.234000000000002,-0.179,-0.531
00:00:13.079,1572922392140,1.79,0.038,21.931,0.664,3.0,0.069,7.979,0.016,0.071,13.367,-0.17800000000000002,-0.531
00:00:13.080,1572922392141,1.78,0.034,21.931,0.664,3.0,0.068,8.008,0.015,0.071,13.5,-0.177,-0.531
00:00:13.128,1572922392189,1.771,0.031,21.931,0.664,3.0,0.067,8.037,0.014,0.071,13.634,-0.17600000000000002,-0.531
00:00:13.129,1572922392190,1.7619999999999998,0.031,21.931,0.664,3.0,0.066,8.067,0.013,0.07,13.768,-0.175,-0.531
00:00:13.130,1572922392191,1.753,0.032,21.931,0.664,3.0,0.066,8.096,0.012,0.07,13.902,-0.174,-0.531
00:00:13.185,1572922392246,1.744,0.034,21.931,0.664,3.0,0.065,8.125,0.011,0.07,14.038,-0.173,-0.531
00:00:13.186,1572922392247,1.734,0.038,21.931,0.664,3.0,0.064,8.154,0.011,0.07,14.173,-0.172,-0.531
00:00:13.187,1572922392248,1.725,0.042,21.931,0.664,3.0,0.063,8.182,0.011,0.069,14.309,-0.171,-0.531
00:00:13.232,1572922392293,1.715,0.045,21.931,0.664,3.0,0.062,8.211,0.01,0.069,14.446,-0.17,-0.531
00:00:13.233,1572922392294,1.705,0.049,21.931,0.664,3.0,0.061,8.238999999999999,0.01,0.069,14.583,-0.16899999999999998,-0.531
00:00:13.234,1572922392295,1.696,0.051,21.931,0.664,3.0,0.059,8.267000000000001,0.01,0.068,14.720999999999998,-0.168,-0.531
00:00:13.280,1572922392341,1.6869999999999998,0.053,21.931,0.664,3.0,0.058,8.295,0.01,0.068,14.859000000000002,-0.16699999999999998,-0.531
00:00:13.281,1572922392342,1.6780000000000002,0.053,22.151,0.664,3.0,0.056,8.323,0.01,0.067,14.997,-0.166,-0.531
00:00:13.282,1572922392343,1.67,0.053,22.151,0.664,3.0,0.054000000000000006,8.351,0.01,0.067,15.136,-0.165,-0.531
00:00:13.330,1572922392391,1.664,0.051,22.151,0.664,3.0,0.052000000000000005,8.378,0.009000000000000001,0.067,15.275,-0.16399999999999998,-0.531
00:00:13.331,1572922392392,1.658,0.049,22.151,0.664,3.0,0.05,8.406,0.009000000000000001,0.066,15.415,-0.163,-0.531
00:00:13.332,1572922392393,1.653,0.047,22.151,0.664,3.0,0.049,8.433,0.009000000000000001,0.066,15.556,-0.162,-0.531
00:00:13.380,1572922392441,1.6469999999999998,0.045,22.151,0.664,3.0,0.047,8.461,0.009000000000000001,0.065,15.696,-0.161,-0.531
00:00:13.381,1572922392442,1.641,0.042,22.151,0.664,3.0,0.045,8.488,0.008,0.065,15.838,-0.159,-0.531
00:00:13.382,1572922392443,1.635,0.039,22.151,0.664,3.0,0.043,8.515,0.008,0.065,15.979,-0.158,-0.531
00:00:13.435,1572922392496,1.629,0.037000000000000005,22.151,0.664,3.0,0.041,8.542,0.008,0.064,16.122,-0.157,-0.531
00:00:13.436,1572922392497,1.6230000000000002,0.035,22.151,0.664,3.0,0.04,8.568999999999999,0.006999999999999999,0.064,16.264,-0.156,-0.531
00:00:13.437,1572922392498,1.617,0.034,22.151,0.664,3.0,0.039,8.596,0.006999999999999999,0.064,16.407,-0.154,-0.531
00:00:13.480,1572922392541,1.611,0.032,22.151,0.664,3.0,0.037000000000000005,8.623,0.006999999999999999,0.063,16.551,-0.153,-0.531
00:00:13.481,1572922392542,1.605,0.03,22.664,0.664,3.0,0.036000000000000004,8.649,0.006,0.063,16.695,-0.152,-0.531
00:00:13.482,1572922392543,1.601,0.027000000000000003,22.664,0.664,3.0,0.034,8.676,0.006,0.063,16.839000000000002,-0.151,-0.531
00:00:13.532,1572922392593,1.598,0.022,22.664,0.664,3.0,0.032,8.703,0.005,0.062,16.984,-0.149,-0.531
00:00:13.533,1572922392594,1.597,0.017,22.664,0.664,3.0,0.03,8.729,0.005,0.062,17.129,-0.14800000000000002,-0.531
00:00:13.534,1572922392595,1.596,0.009000000000000001,22.664,0.664,3.0,0.028,8.756,0.004,0.062,17.275,-0.147,-0.531
00:00:13.583,1572922392644,1.594,0.001,22.664,0.664,3.0,0.027000000000000003,8.782,0.004,0.062,17.421,-0.146,-0.531
00:00:13.584,1572922392645,1.592,-0.006,22.81,0.664,3.0,0.025,8.809,0.003,0.062,17.567,-0.14400000000000002,-0.531
00:00:13.585,1572922392646,1.588,-0.012,22.81,0.664,3.0,0.025,8.835,0.002,0.062,17.715,-0.14300000000000002,-0.531
00:00:13.633,1572922392694,1.585,-0.016,22.81,0.664,3.0,0.025,8.862,0.002,0.062,17.862000000000005,-0.142,-0.531
00:00:13.634,1572922392695,1.582,-0.017,22.81,0.664,3.0,0.025,8.888,0.001,0.062,18.01,-0.14,-0.531
00:00:13.635,1572922392696,1.578,-0.017,22.81,0.664,3.0,0.025,8.914,0.001,0.062,18.158,-0.139,-0.531
00:00:13.691,1572922392752,1.574,-0.015,22.81,0.664,3.0,0.025,8.94,0.0,0.062,18.307,-0.138,-0.531
00:00:13.692,1572922392753,1.57,-0.013,23.103,0.664,3.0,0.025,8.967,0.0,0.062,18.456,-0.136,-0.531
00:00:13.693,1572922392754,1.567,-0.011,23.103,0.664,3.0,0.024,8.993,0.0,0.062,18.606,-0.135,-0.531
00:00:13.694,1572922392755,1.564,-0.009000000000000001,23.103,0.664,3.0,0.024,9.019,0.0,0.062,18.756,-0.134,-0.531
00:00:13.741,1572922392802,1.5630000000000002,-0.008,23.103,0.664,3.0,0.023,9.045,0.0,0.062,18.907,-0.133,-0.531
00:00:13.742,1572922392803,1.561,-0.008,23.103,0.664,3.0,0.023,9.071,0.0,0.063,19.057,-0.131,-0.531
00:00:13.743,1572922392804,1.558,-0.008,23.103,0.664,3.0,0.022,9.097,0.0,0.063,19.209,-0.13,-0.531
00:00:13.792,1572922392853,1.556,-0.01,24.275,0.664,3.0,0.021,9.123,0.0,0.063,19.361,-0.129,-0.531
00:00:13.793,1572922392854,1.555,-0.012,24.275,0.664,3.0,0.02,9.148,0.0,0.063,19.513,-0.127,-0.531
00:00:13.794,1572922392855,1.558,-0.015,24.275,0.664,3.0,0.018000000000000002,9.174,-0.001,0.063,19.666,-0.126,-0.531
00:00:13.842,1572922392903,1.5630000000000002,-0.018000000000000002,24.275,0.664,3.0,0.017,9.201,-0.001,0.063,19.819000000000006,-0.125,-0.531
00:00:13.843,1572922392904,1.568,-0.021,24.275,0.664,3.0,0.016,9.227,-0.001,0.064,19.972,-0.124,-0.531
00:00:13.844,1572922392905,1.5719999999999998,-0.024,24.275,0.664,3.0,0.016,9.253,-0.001,0.064,20.126,-0.122,-0.531
00:00:13.894,1572922392955,1.5730000000000002,-0.026,24.495,0.664,3.0,0.015,9.279,-0.001,0.064,20.281,-0.121,-0.531
00:00:13.895,1572922392956,1.5730000000000002,-0.027000000000000003,24.495,0.664,3.0,0.015,9.305,-0.002,0.064,20.436,-0.12,-0.531
00:00:13.896,1572922392957,1.5719999999999998,-0.027000000000000003,24.495,0.664,3.0,0.014,9.332,-0.002,0.065,20.591,-0.118,-0.531
00:00:13.945,1572922393006,1.569,-0.027000000000000003,24.495,0.664,3.0,0.014,9.358,-0.002,0.065,20.747,-0.117,-0.531
00:00:13.946,1572922393007,1.567,-0.026,24.495,0.664,3.0,0.013,9.384,-0.002,0.065,20.903,-0.116,-0.531
00:00:13.947,1572922393008,1.564,-0.024,24.495,0.664,3.0,0.013,9.41,-0.002,0.065,21.059,-0.115,-0.531
00:00:13.996,1572922393057,1.561,-0.023,24.641,0.664,3.0,0.013,9.436,-0.002,0.065,21.217,-0.113,-0.531
00:00:13.997,1572922393058,1.557,-0.022,24.641,0.664,3.0,0.012,9.462,-0.002,0.066,21.374,-0.112,-0.531
00:00:13.998,1572922393059,1.555,-0.021,24.641,0.664,3.0,0.012,9.488,-0.002,0.066,21.532,-0.111,-0.531
00:00:14.046,1572922393107,1.5519999999999998,-0.021,24.641,0.664,3.0,0.011,9.513,-0.002,0.066,21.69,-0.109,-0.531
00:00:14.047,1572922393108,1.55,-0.022,24.641,0.664,3.0,0.011,9.539,-0.002,0.066,21.849,-0.108,-0.531
00:00:14.048,1572922393109,1.547,-0.022,24.641,0.664,3.0,0.01,9.565,-0.002,0.066,22.00800000000001,-0.107,-0.531
00:00:14.098,1572922393159,1.545,-0.023,24.641,0.664,3.0,0.01,9.591,-0.003,0.067,22.16800000000001,-0.106,-0.531
00:00:14.099,1572922393160,1.5419999999999998,-0.024,24.641,0.664,3.0,0.009000000000000001,9.616,-0.003,0.067,22.32800000000001,-0.104,-0.531
00:00:14.100,1572922393161,1.539,-0.025,24.641,0.664,3.0,0.009000000000000001,9.642,-0.003,0.067,22.488000000000003,-0.103,-0.531
00:00:14.149,1572922393210,1.535,-0.025,24.641,0.664,3.0,0.009000000000000001,9.668,-0.003,0.067,22.649,-0.102,-0.531
00:00:14.150,1572922393211,1.5319999999999998,-0.026,24.641,0.664,3.0,0.008,9.693,-0.003,0.067,22.811,-0.101,-0.531
00:00:14.151,1572922393212,1.529,-0.027000000000000003,24.641,0.664,3.0,0.008,9.718,-0.003,0.067,22.972,-0.099,-0.531
00:00:14.198,1572922393259,1.526,-0.029,24.788,0.664,3.0,0.006999999999999999,9.744,-0.003,0.067,23.135,-0.098,-0.531
00:00:14.199,1572922393260,1.523,-0.031,24.788,0.664,3.0,0.006999999999999999,9.769,-0.003,0.067,23.297,-0.097,-0.531
00:00:14.200,1572922393261,1.52,-0.033,24.788,0.664,3.0,0.006,9.794,-0.003,0.067,23.46,-0.096,-0.531
00:00:14.254,1572922393315,1.518,-0.035,24.788,0.664,3.0,0.006,9.82,-0.003,0.067,23.624,-0.095,-0.531
00:00:14.255,1572922393316,1.517,-0.037000000000000005,24.788,0.664,3.0,0.005,9.845,-0.003,0.067,23.788,-0.093,-0.531
00:00:14.256,1572922393317,1.515,-0.04,24.788,0.664,3.0,0.005,9.87,-0.004,0.067,23.952,-0.092,-0.531
00:00:14.257,1572922393318,1.5119999999999998,-0.043,25.447,0.664,3.0,0.004,9.895,-0.004,0.067,24.117,-0.091,-0.531
00:00:14.306,1572922393367,1.511,-0.046,25.447,0.664,3.0,0.004,9.921,-0.004,0.067,24.282,-0.09,-0.531
00:00:14.307,1572922393368,1.5119999999999998,-0.048,25.447,0.664,3.0,0.004,9.946,-0.004,0.067,24.447,-0.08900000000000001,-0.531
00:00:14.308,1572922393369,1.515,-0.051,25.447,0.664,3.0,0.004,9.971,-0.004,0.067,24.613000000000003,-0.08800000000000001,-0.531
00:00:14.356,1572922393417,1.517,-0.052000000000000005,25.447,0.664,3.0,0.004,9.996,-0.005,0.067,24.78,-0.086,-0.531
00:00:14.357,1572922393418,1.519,-0.053,25.447,0.664,3.0,0.004,10.022,-0.005,0.067,24.946,-0.085,-0.531
00:00:14.358,1572922393419,1.519,-0.053,25.667,0.664,3.0,0.004,10.047,-0.005,0.067,25.114,-0.084,-0.531
00:00:14.406,1572922393467,1.518,-0.053,25.667,0.664,3.0,0.004,10.072,-0.005,0.067,25.281,-0.083,-0.531
00:00:14.407,1572922393468,1.518,-0.053,25.667,0.664,3.0,0.004,10.098,-0.005,0.067,25.449,-0.08199999999999999,-0.531
00:00:14.408,1572922393469,1.516,-0.052000000000000005,25.667,0.664,3.0,0.004,10.123,-0.005,0.067,25.618,-0.081,-0.531
00:00:14.456,1572922393517,1.515,-0.051,25.667,0.664,3.0,0.004,10.148,-0.005,0.067,25.787,-0.08,-0.531
00:00:14.457,1572922393518,1.513,-0.05,25.667,0.664,3.0,0.004,10.173,-0.005,0.068,25.956,-0.079,-0.531
00:00:14.458,1572922393519,1.511,-0.05,25.813,0.664,3.0,0.004,10.198,-0.005,0.068,26.126,-0.078,-0.531
00:00:14.506,1572922393567,1.508,-0.049,25.813,0.664,3.0,0.004,10.224,-0.005,0.068,26.296,-0.077,-0.531
00:00:14.507,1572922393568,1.506,-0.049,25.813,0.664,3.0,0.004,10.249,-0.005,0.068,26.467,-0.076,-0.531
00:00:14.508,1572922393569,1.505,-0.05,25.813,0.664,3.0,0.004,10.274,-0.005,0.068,26.638,-0.075,-0.531
00:00:14.556,1572922393617,1.503,-0.05,25.813,0.664,3.0,0.004,10.299,-0.005,0.068,26.809,-0.07400000000000001,-0.531
00:00:14.557,1572922393618,1.501,-0.051,25.813,0.664,3.0,0.004,10.324000000000002,-0.005,0.068,26.981,-0.073,-0.531
00:00:14.558,1572922393619,1.4980000000000002,-0.052000000000000005,25.813,1.128,3.0,0.004,10.349,-0.005,0.068,27.153,-0.07200000000000001,-0.531
00:00:14.606,1572922393667,1.49,-0.053,25.813,1.128,3.0,0.004,10.373,-0.005,0.068,27.326,-0.071,-0.531
00:00:14.607,1572922393668,1.483,-0.053,25.813,1.128,3.0,0.004,10.398,-0.005,0.068,27.499,-0.07,-0.531
00:00:14.608,1572922393669,1.479,-0.054000000000000006,25.813,1.128,3.0,0.003,10.423,-0.005,0.068,27.673,-0.069,-0.531
00:00:14.662,1572922393723,1.476,-0.054000000000000006,25.813,1.128,3.0,0.003,10.449000000000002,-0.005,0.068,27.857,-0.068,-0.531
00:00:14.663,1572922393724,1.473,-0.054000000000000006,25.813,1.128,3.0,0.003,10.472,-0.005,0.068,28.021,-0.067,-0.531
00:00:14.664,1572922393725,1.471,-0.054000000000000006,26.326,0.664,3.0,0.003,10.496,-0.005,0.068,28.196,-0.066,-0.531
00:00:14.712,1572922393773,1.475,-0.054000000000000006,26.326,0.664,3.0,0.003,10.521,-0.005,0.068,28.371,-0.065,-0.531
00:00:14.713,1572922393774,1.479,-0.054000000000000006,26.326,0.664,3.0,0.003,10.546,-0.005,0.068,28.546,-0.064,-0.531
00:00:14.714,1572922393775,1.482,-0.054000000000000006,26.326,0.664,3.0,0.003,10.57,-0.005,0.069,28.722,-0.063,-0.531
00:00:14.763,1572922393824,1.485,-0.053,26.326,0.664,3.0,0.003,10.595,-0.005,0.069,28.899,-0.062,-0.531
00:00:14.764,1572922393825,1.486,-0.053,26.326,0.664,3.0,0.003,10.62,-0.005,0.069,29.075,-0.062,-0.531
00:00:14.765,1572922393826,1.486,-0.053,26.765,0.664,3.0,0.003,10.645,-0.005,0.069,29.253,-0.061,-0.531
00:00:14.812,1572922393873,1.486,-0.053,26.765,0.664,3.0,0.003,10.669,-0.005,0.069,29.43,-0.06,-0.531
00:00:14.813,1572922393874,1.487,-0.053,26.765,0.664,3.0,0.003,10.694,-0.005,0.069,29.608,-0.059,-0.531
00:00:14.814,1572922393875,1.4880000000000002,-0.053,26.765,0.664,3.0,0.003,10.719,-0.005,0.069,29.787,-0.058,-0.531
00:00:14.862,1572922393923,1.49,-0.053,26.765,0.664,3.0,0.003,10.744000000000002,-0.005,0.069,29.966,-0.058,-0.531
00:00:14.863,1572922393924,1.49,-0.053,26.765,0.664,3.0,0.003,10.769,-0.005,0.07,30.145,-0.057,-0.531
00:00:14.864,1572922393925,1.489,-0.054000000000000006,26.985,0.664,3.0,0.003,10.793,-0.005,0.07,30.325,-0.056,-0.531
00:00:14.912,1572922393973,1.4880000000000002,-0.054000000000000006,26.985,0.664,3.0,0.003,10.82,-0.005,0.07,30.516,-0.055,-0.531
00:00:14.913,1572922393974,1.487,-0.054000000000000006,26.985,0.664,3.0,0.003,10.845,-0.005,0.07,30.696,-0.054000000000000006,-0.531
00:00:14.914,1572922393975,1.487,-0.055,26.985,0.664,3.0,0.003,10.868,-0.005,0.07,30.866,-0.054000000000000006,-0.531
00:00:14.962,1572922394023,1.486,-0.055,26.985,0.664,3.0,0.003,10.890999999999998,-0.005,0.07,31.036,-0.053,-0.531
00:00:14.963,1572922394024,1.485,-0.055,26.985,0.664,3.0,0.003,10.916,-0.005,0.071,31.218000000000004,-0.052000000000000005,-0.531
00:00:14.964,1572922394025,1.483,-0.055,27.278,0.664,3.0,0.003,10.942,-0.005,0.071,31.411,-0.052000000000000005,-0.531
00:00:15.014,1572922394075,1.481,-0.055,27.278,0.664,3.0,0.003,10.965,-0.005,0.071,31.582,-0.051,-0.531
00:00:15.015,1572922394076,1.481,-0.056,27.278,0.664,3.0,0.003,10.99,-0.005,0.071,31.765,-0.05,-0.531
00:00:15.016,1572922394077,1.481,-0.056,27.278,0.664,3.0,0.003,11.014,-0.005,0.071,31.949,-0.05,-0.531
00:00:15.068,1572922394129,1.481,-0.056,27.278,0.664,3.0,0.003,11.041,-0.005,0.071,32.144,-0.049,-0.531
00:00:15.069,1572922394130,1.481,-0.056,27.278,0.664,3.0,0.003,11.065,-0.005,0.07200000000000001,32.328,-0.049,-0.531
00:00:15.070,1572922394131,1.48,-0.056,27.644,0.664,3.0,0.003,11.088,-0.004,0.07200000000000001,32.501,-0.048,-0.531
00:00:15.118,1572922394179,1.479,-0.056,27.644,0.664,3.0,0.004,11.113,-0.004,0.07200000000000001,32.686,-0.047,-0.531
00:00:15.119,1572922394180,1.479,-0.056,27.644,0.664,3.0,0.004,11.139,-0.004,0.07200000000000001,32.883,-0.047,-0.531
00:00:15.120,1572922394181,1.48,-0.057,27.644,0.664,3.0,0.004,11.164,-0.004,0.07200000000000001,33.069,-0.046,-0.531
00:00:15.168,1572922394229,1.481,-0.057,27.644,0.664,3.0,0.004,11.187,-0.004,0.07200000000000001,33.244,-0.046,-0.531
00:00:15.169,1572922394230,1.482,-0.057,27.644,0.664,3.0,0.004,11.212,-0.004,0.07200000000000001,33.431,-0.045,-0.531
00:00:15.170,1572922394231,1.481,-0.057,27.644,0.664,3.0,0.004,11.238,-0.004,0.073,33.629,-0.045,-0.531
00:00:15.218,1572922394279,1.48,-0.057,27.644,0.664,3.0,0.004,11.263,-0.004,0.073,33.817,-0.044,-0.531
00:00:15.219,1572922394280,1.4780000000000002,-0.057,27.644,0.664,3.0,0.004,11.286,-0.004,0.073,33.993,-0.044,-0.531
00:00:15.220,1572922394281,1.475,-0.057,27.644,0.664,3.0,0.004,11.31,-0.004,0.073,34.181,-0.043,-0.531
00:00:15.270,1572922394331,1.472,-0.058,27.644,0.664,3.0,0.004,11.336,-0.004,0.073,34.382,-0.043,-0.531
00:00:15.271,1572922394332,1.469,-0.058,27.644,0.664,3.0,0.004,11.361,-0.004,0.073,34.571,-0.042,-0.531
00:00:15.272,1572922394333,1.466,-0.058,27.791,0.664,3.0,0.004,11.384,-0.004,0.073,34.749,-0.042,-0.531
00:00:15.273,1572922394334,1.464,-0.057,27.791,0.664,3.0,0.004,11.408,-0.004,0.073,34.939,-0.042,-0.531
00:00:15.321,1572922394382,1.462,-0.057,27.791,0.664,3.0,0.004,11.434,-0.004,0.07400000000000001,35.141,-0.041,-0.531
00:00:15.322,1572922394383,1.461,-0.057,27.791,0.664,3.0,0.004,11.458,-0.004,0.07400000000000001,35.332,-0.041,-0.531
00:00:15.323,1572922394384,1.46,-0.058,27.791,0.664,3.0,0.004,11.481,-0.004,0.07400000000000001,35.511,-0.04,-0.531
00:00:15.371,1572922394432,1.459,-0.058,27.791,0.664,3.0,0.005,11.505,-0.004,0.07400000000000001,35.702,-0.04,-0.531
00:00:15.372,1572922394433,1.457,-0.058,27.791,0.664,3.0,0.005,11.53,-0.004,0.07400000000000001,35.894,-0.04,-0.531
00:00:15.373,1572922394434,1.455,-0.058,27.791,0.664,3.0,0.005,11.555,-0.004,0.07400000000000001,36.099,-0.039,-0.531
00:00:15.423,1572922394484,1.453,-0.058,27.791,0.664,3.0,0.005,11.578,-0.004,0.07400000000000001,36.279,-0.039,-0.531
00:00:15.424,1572922394485,1.4509999999999998,-0.058,27.791,0.664,3.0,0.005,11.602,-0.004,0.07400000000000001,36.473,-0.039,-0.531
00:00:15.425,1572922394486,1.449,-0.058,27.791,0.664,3.0,0.005,11.626,-0.004,0.07400000000000001,36.666,-0.039,-0.531
00:00:15.473,1572922394534,1.446,-0.058,27.791,0.664,3.0,0.005,11.652,-0.004,0.07400000000000001,36.872,-0.038,-0.531
00:00:15.474,1572922394535,1.444,-0.059,27.791,0.664,3.0,0.005,11.674,-0.004,0.07400000000000001,37.055,-0.038,-0.531
00:00:15.475,1572922394536,1.442,-0.059,27.791,0.664,3.0,0.005,11.698,-0.004,0.07400000000000001,37.249,-0.038,-0.531
00:00:15.526,1572922394587,1.44,-0.059,27.791,0.664,3.0,0.005,11.722,-0.004,0.07400000000000001,37.445,-0.038,-0.531
00:00:15.527,1572922394588,1.4380000000000002,-0.059,27.791,0.664,3.0,0.005,11.748,-0.004,0.07400000000000001,37.652,-0.038,-0.531
00:00:15.528,1572922394589,1.436,-0.059,27.791,0.664,3.0,0.005,11.772,-0.004,0.07400000000000001,37.848,-0.037000000000000005,-0.531
00:00:15.573,1572922394634,1.4340000000000002,-0.059,27.791,0.664,3.0,0.005,11.794,-0.004,0.07400000000000001,38.032,-0.037000000000000005,-0.531
00:00:15.574,1572922394635,1.432,-0.059,27.791,0.664,3.0,0.006,11.818,-0.004,0.07400000000000001,38.229,-0.037000000000000005,-0.531
00:00:15.575,1572922394636,1.43,-0.059,27.791,0.664,3.0,0.006,11.843,-0.004,0.07400000000000001,38.439,-0.037000000000000005,-0.531
00:00:15.623,1572922394684,1.4280000000000002,-0.059,27.791,0.664,3.0,0.006,11.867,-0.004,0.07400000000000001,38.636,-0.037000000000000005,-0.531
00:00:15.624,1572922394685,1.426,-0.059,27.791,0.664,3.0,0.006,11.889,-0.004,0.07400000000000001,38.822,-0.037000000000000005,-0.531
00:00:15.625,1572922394686,1.4240000000000002,-0.059,27.791,0.664,3.0,0.006,11.914,-0.004,0.07400000000000001,39.033,-0.037000000000000005,-0.531
00:00:15.673,1572922394734,1.422,-0.059,27.791,0.664,3.0,0.006,11.938,-0.004,0.07400000000000001,39.231,-0.037000000000000005,-0.531
00:00:15.674,1572922394735,1.42,-0.059,27.791,0.664,3.0,0.006,11.962,-0.004,0.07400000000000001,39.431,-0.037000000000000005,-0.531
00:00:15.675,1572922394736,1.418,-0.059,27.791,0.664,3.0,0.006,11.985,-0.004,0.07400000000000001,39.63,-0.037000000000000005,-0.531
00:00:15.725,1572922394786,1.416,-0.058,27.791,0.664,3.0,0.006,12.009,-0.004,0.07400000000000001,39.83,-0.037000000000000005,-0.531
00:00:15.726,1572922394787,1.414,-0.056,27.791,0.664,3.0,0.006999999999999999,12.032,-0.004,0.07400000000000001,40.03,-0.037000000000000005,-0.531
00:00:15.727,1572922394788,1.412,-0.053,27.791,0.664,3.0,0.006999999999999999,12.056,-0.003,0.07400000000000001,40.231,-0.037000000000000005,-0.531
00:00:15.775,1572922394836,1.41,-0.05,27.791,0.664,3.0,0.008,12.078,-0.003,0.07400000000000001,40.42,-0.037000000000000005,-0.531
00:00:15.776,1572922394837,1.408,-0.046,27.791,0.664,3.0,0.008,12.101,-0.003,0.07400000000000001,40.621,-0.037000000000000005,-0.531
00:00:15.777,1572922394838,1.406,-0.041,27.791,0.664,3.0,0.009000000000000001,12.126,-0.003,0.07400000000000001,40.836,-0.037000000000000005,-0.531
00:00:15.833,1572922394894,1.404,-0.035,27.791,0.664,3.0,0.009000000000000001,12.15,-0.002,0.07400000000000001,41.038,-0.037000000000000005,-0.531
00:00:15.834,1572922394895,1.402,-0.029,27.791,0.664,3.0,0.01,12.171,-0.002,0.07400000000000001,41.228,-0.037000000000000005,-0.531
00:00:15.835,1572922394896,1.4,-0.021,27.791,0.664,3.0,0.01,12.196,-0.001,0.07400000000000001,41.444,-0.037000000000000005,-0.531
00:00:15.883,1572922394944,1.398,-0.013,27.791,0.664,3.0,0.01,12.219,-0.001,0.07400000000000001,41.647,-0.037000000000000005,-0.531
00:00:15.884,1572922394945,1.396,-0.004,27.791,0.664,3.0,0.011,12.243,0.0,0.07400000000000001,41.851000000000006,-0.037000000000000005,-0.531
00:00:15.885,1572922394946,1.394,0.005,27.791,0.664,3.0,0.011,12.265999999999998,0.001,0.07400000000000001,42.055,-0.037000000000000005,-0.531
00:00:15.938,1572922394999,1.392,0.014,27.791,0.664,3.0,0.011,12.289,0.001,0.07400000000000001,42.26,-0.037000000000000005,-0.531
00:00:15.939,1572922395000,1.39,0.023,27.791,0.664,3.0,0.011,12.312,0.002,0.07400000000000001,42.465,-0.037000000000000005,-0.531
00:00:15.940,1572922395001,1.388,0.031,27.791,0.664,3.0,0.01,12.335,0.003,0.07400000000000001,42.67,-0.037000000000000005,-0.531
00:00:15.983,1572922395044,1.386,0.039,27.791,0.664,3.0,0.01,12.358,0.003,0.07400000000000001,42.87600000000001,-0.037000000000000005,-0.531
00:00:15.984,1572922395045,1.384,0.046,27.791,0.664,3.0,0.009000000000000001,12.380999999999998,0.004,0.07400000000000001,43.082,-0.037000000000000005,-0.531
00:00:15.985,1572922395046,1.382,0.051,27.791,0.664,3.0,0.008,12.404000000000002,0.004,0.07400000000000001,43.289,-0.037000000000000005,-0.531
00:00:16.036,1572922395097,1.38,0.055,27.791,0.664,3.0,0.006999999999999999,12.427,0.005,0.07400000000000001,43.496,-0.037000000000000005,-0.531
00:00:16.037,1572922395098,1.378,0.058,27.791,0.664,3.0,0.006,12.452,0.005,0.07400000000000001,43.716,-0.037000000000000005,-0.531
00:00:16.038,1572922395099,1.376,0.059,27.791,0.664,3.0,0.004,12.473,0.005,0.07400000000000001,43.911,-0.037000000000000005,-0.531
00:00:16.086,1572922395147,1.375,0.06,27.791,0.664,3.0,0.003,12.496,0.005,0.07400000000000001,44.119,-0.037000000000000005,-0.531
00:00:16.087,1572922395148,1.3730000000000002,0.06,27.791,0.664,3.0,0.002,12.519,0.005,0.07400000000000001,44.327,-0.037000000000000005,-0.531
00:00:16.088,1572922395149,1.371,0.061,27.791,0.664,3.0,0.001,12.542,0.005,0.07400000000000001,44.536,-0.037000000000000005,-0.531
00:00:16.089,1572922395150,1.369,0.061,27.791,0.664,3.0,0.001,12.565,0.005,0.07400000000000001,44.745,-0.037000000000000005,-0.531
00:00:16.137,1572922395198,1.367,0.062,27.791,0.664,3.0,0.0,12.587,0.004,0.07400000000000001,44.955,-0.037000000000000005,-0.531
00:00:16.138,1572922395199,1.365,0.063,27.791,0.664,3.0,-0.001,12.61,0.004,0.07400000000000001,45.165,-0.037000000000000005,-0.531
00:00:16.139,1572922395200,1.3630000000000002,0.065,27.791,0.664,3.0,-0.002,12.633,0.004,0.07400000000000001,45.375,-0.037000000000000005,-0.531
00:00:16.195,1572922395256,1.361,0.066,27.791,0.664,3.0,-0.002,12.655,0.004,0.07400000000000001,45.58600000000001,-0.037000000000000005,-0.531
00:00:16.196,1572922395257,1.359,0.068,27.791,0.664,3.0,-0.002,12.678,0.003,0.073,45.797,-0.036000000000000004,-0.531
00:00:16.197,1572922395258,1.357,0.07,27.791,0.664,3.0,-0.003,12.701,0.003,0.073,46.00899999999999,-0.036000000000000004,-0.531
00:00:16.242,1572922395303,1.355,0.071,27.791,0.664,3.0,-0.003,12.723,0.003,0.073,46.221,-0.036000000000000004,-0.531
00:00:16.243,1572922395304,1.354,0.07200000000000001,27.791,0.664,3.0,-0.004,12.746,0.003,0.073,46.433,-0.036000000000000004,-0.531
00:00:16.244,1572922395305,1.352,0.07200000000000001,27.791,0.664,3.0,-0.004,12.768,0.003,0.073,46.646,-0.035,-0.531
00:00:16.292,1572922395353,1.35,0.071,27.791,0.664,3.0,-0.005,12.791,0.003,0.073,46.858,-0.035,-0.531
00:00:16.293,1572922395354,1.348,0.07,27.791,0.664,3.0,-0.005,12.813,0.003,0.073,47.072,-0.035,-0.532
00:00:16.294,1572922395355,1.346,0.069,27.791,0.664,3.0,-0.005,12.836,0.003,0.073,47.286,-0.035,-0.532
00:00:16.342,1572922395403,1.3430000000000002,0.067,27.791,0.664,3.0,-0.006,12.858,0.003,0.073,47.5,-0.034,-0.532
00:00:16.343,1572922395404,1.34,0.065,27.791,0.664,3.0,-0.006,12.88,0.002,0.073,47.714,-0.034,-0.532
00:00:16.344,1572922395405,1.337,0.064,27.791,0.664,3.0,-0.006,12.902,0.002,0.073,47.929,-0.033,-0.532
00:00:16.394,1572922395455,1.335,0.063,27.791,0.664,3.0,-0.006,12.925,0.002,0.073,48.144,-0.033,-0.532
00:00:16.395,1572922395456,1.3330000000000002,0.062,27.791,0.664,3.0,-0.006999999999999999,12.947,0.002,0.073,48.36,-0.033,-0.532
00:00:16.396,1572922395457,1.332,0.061,27.791,0.664,3.0,-0.006999999999999999,12.969,0.002,0.073,48.576,-0.032,-0.532
00:00:16.445,1572922395506,1.331,0.06,27.791,0.664,3.0,-0.006999999999999999,12.991,0.002,0.073,48.792,-0.032,-0.532
00:00:16.446,1572922395507,1.33,0.06,27.791,0.664,3.0,-0.006999999999999999,13.013,0.002,0.073,49.00899999999999,-0.031,-0.532
00:00:16.447,1572922395508,1.329,0.059,27.791,0.664,3.0,-0.006999999999999999,13.035,0.002,0.073,49.226000000000006,-0.031,-0.532
00:00:16.496,1572922395557,1.328,0.058,27.937,0.664,3.0,-0.006999999999999999,13.058,0.002,0.073,49.44300000000001,-0.03,-0.532
00:00:16.497,1572922395558,1.327,0.057,27.937,0.664,3.0,-0.006999999999999999,13.08,0.002,0.073,49.661,-0.03,-0.532
00:00:16.498,1572922395559,1.327,0.056,27.937,0.664,3.0,-0.008,13.102,0.002,0.073,49.879,-0.029,-0.532
00:00:16.546,1572922395607,1.328,0.056,27.937,0.664,3.0,-0.008,13.124,0.002,0.073,50.098,-0.029,-0.532
00:00:16.547,1572922395608,1.328,0.055,27.937,0.664,3.0,-0.008,13.146,0.002,0.07400000000000001,50.317,-0.028,-0.532
00:00:16.548,1572922395609,1.328,0.054000000000000006,27.937,0.664,3.0,-0.008,13.168,0.002,0.07400000000000001,50.536,-0.028,-0.532
00:00:16.599,1572922395660,1.327,0.053,27.791,0.664,3.0,-0.008,13.19,0.002,0.07400000000000001,50.756,-0.027000000000000003,-0.532
00:00:16.600,1572922395661,1.3259999999999998,0.052000000000000005,27.791,0.664,3.0,-0.008,13.212,0.002,0.07400000000000001,50.976000000000006,-0.026,-0.532
00:00:16.601,1572922395662,1.324,0.051,27.791,0.664,3.0,-0.008,13.234000000000002,0.002,0.07400000000000001,51.19600000000001,-0.026,-0.532
00:00:16.649,1572922395710,1.3219999999999998,0.05,27.791,0.664,3.0,-0.008,13.255999999999998,0.002,0.07400000000000001,51.417,-0.025,-0.532
00:00:16.650,1572922395711,1.319,0.05,27.791,0.664,3.0,-0.008,13.278,0.002,0.07400000000000001,51.63800000000001,-0.024,-0.532
00:00:16.651,1572922395712,1.317,0.049,27.791,0.664,3.0,-0.009000000000000001,13.3,0.002,0.07400000000000001,51.86,-0.024,-0.532
00:00:16.699,1572922395760,1.3159999999999998,0.049,27.937,0.664,3.0,-0.009000000000000001,13.322,0.002,0.07400000000000001,52.081,-0.023,-0.532
00:00:16.700,1572922395761,1.3159999999999998,0.048,27.937,0.664,3.0,-0.009000000000000001,13.344,0.002,0.07400000000000001,52.304,-0.022,-0.532
00:00:16.701,1572922395762,1.3159999999999998,0.047,27.937,0.664,3.0,-0.009000000000000001,13.366,0.002,0.07400000000000001,52.526,-0.022,-0.532
00:00:16.749,1572922395810,1.318,0.047,27.937,0.664,3.0,-0.009000000000000001,13.388,0.002,0.07400000000000001,52.749,-0.021,-0.532
00:00:16.750,1572922395811,1.319,0.047,27.937,0.664,3.0,-0.009000000000000001,13.41,0.002,0.07400000000000001,52.973,-0.02,-0.532
00:00:16.751,1572922395812,1.32,0.046,27.937,0.664,3.0,-0.009000000000000001,13.432,0.002,0.07400000000000001,53.19600000000001,-0.019,-0.532
00:00:16.801,1572922395862,1.32,0.046,27.791,0.664,3.0,-0.009000000000000001,13.454,0.001,0.07400000000000001,53.42,-0.019,-0.532
00:00:16.802,1572922395863,1.319,0.045,27.791,0.664,3.0,-0.009000000000000001,13.476,0.001,0.07400000000000001,53.645,-0.018000000000000002,-0.532
00:00:16.803,1572922395864,1.317,0.044,27.791,0.664,3.0,-0.009000000000000001,13.498,0.001,0.07400000000000001,53.87,-0.017,-0.532
00:00:16.852,1572922395913,1.314,0.043,27.791,0.664,3.0,-0.009000000000000001,13.52,0.001,0.07400000000000001,54.095,-0.016,-0.532
00:00:16.853,1572922395914,1.311,0.042,27.791,0.664,3.0,-0.009000000000000001,13.542,0.001,0.07400000000000001,54.32,-0.015,-0.532
00:00:16.854,1572922395915,1.3090000000000002,0.04,27.791,0.664,3.0,-0.009000000000000001,13.563,0.001,0.07400000000000001,54.54600000000001,-0.015,-0.532
00:00:16.902,1572922395963,1.308,0.039,27.791,0.664,3.0,-0.009000000000000001,13.585,0.001,0.07400000000000001,54.772,-0.014,-0.532
00:00:16.903,1572922395964,1.308,0.037000000000000005,27.791,0.664,3.0,-0.009000000000000001,13.607,0.001,0.075,54.999,-0.013,-0.532
00:00:16.904,1572922395965,1.307,0.036000000000000004,27.791,0.664,3.0,-0.009000000000000001,13.629,0.001,0.075,55.226000000000006,-0.012,-0.532
00:00:16.953,1572922396014,1.307,0.034,27.791,0.664,3.0,-0.009000000000000001,13.651,0.001,0.075,55.453,-0.011,-0.532
00:00:16.954,1572922396015,1.307,0.033,27.791,0.664,3.0,-0.009000000000000001,13.672,0.001,0.075,55.681,-0.01,-0.532
00:00:16.955,1572922396016,1.306,0.032,27.791,0.664,3.0,-0.009000000000000001,13.694,0.001,0.075,55.909,-0.009000000000000001,-0.532
00:00:16.956,1572922396017,1.306,0.031,27.937,0.664,3.0,-0.009000000000000001,13.716,0.0,0.075,56.137,-0.008,-0.532
00:00:17.005,1572922396066,1.305,0.031,27.937,0.664,3.0,-0.009000000000000001,13.738,0.0,0.075,56.36600000000001,-0.006999999999999999,-0.532
00:00:17.006,1572922396067,1.305,0.031,27.937,0.664,3.0,-0.009000000000000001,13.759,0.0,0.075,56.595,-0.006,-0.532
00:00:17.007,1572922396068,1.307,0.031,27.937,0.664,3.0,-0.009000000000000001,13.781,0.0,0.075,56.825,-0.006,-0.532
00:00:17.057,1572922396118,1.308,0.031,27.937,0.664,3.0,-0.009000000000000001,13.803,0.0,0.075,57.055,-0.005,-0.532
00:00:17.058,1572922396119,1.308,0.031,27.937,0.664,3.0,-0.008,13.825,0.0,0.075,57.285,-0.004,-0.532
00:00:17.059,1572922396120,1.308,0.031,27.791,0.664,3.0,-0.008,13.847,0.0,0.075,57.515,-0.003,-0.532
00:00:17.105,1572922396166,1.307,0.03,27.791,0.664,3.0,-0.008,13.868,0.001,0.075,57.746,-0.002,-0.532
00:00:17.106,1572922396167,1.305,0.03,27.791,0.664,3.0,-0.008,13.89,0.001,0.075,57.978,-0.001,-0.532
00:00:17.107,1572922396168,1.3030000000000002,0.03,27.791,0.664,3.0,-0.008,13.912,0.001,0.075,58.209,0.0,-0.532
00:00:17.155,1572922396216,1.3,0.029,27.791,0.664,3.0,-0.008,13.933,0.001,0.076,58.441,0.001,-0.532
00:00:17.156,1572922396217,1.298,0.029,27.791,0.664,3.0,-0.008,13.955,0.001,0.076,58.674,0.003,-0.532
00:00:17.157,1572922396218,1.297,0.029,27.791,0.664,3.0,-0.008,13.977,0.001,0.076,58.907,0.004,-0.532
00:00:17.207,1572922396268,1.296,0.029,27.791,0.664,3.0,-0.008,13.998,0.001,0.076,59.14,0.005,-0.532
00:00:17.208,1572922396269,1.296,0.028,27.791,0.664,3.0,-0.008,14.02,0.001,0.076,59.37300000000001,0.006,-0.532
00:00:17.209,1572922396270,1.296,0.028,27.791,0.664,3.0,-0.008,14.041,0.001,0.076,59.607,0.006999999999999999,-0.532
00:00:17.257,1572922396318,1.295,0.027000000000000003,27.791,0.664,3.0,-0.008,14.063,0.001,0.076,59.841,0.008,-0.532
00:00:17.258,1572922396319,1.295,0.027000000000000003,27.791,0.664,3.0,-0.008,14.085,0.001,0.076,60.076,0.009000000000000001,-0.532
00:00:17.259,1572922396320,1.294,0.026,27.937,0.664,3.0,-0.008,14.106,0.001,0.076,60.31100000000001,0.01,-0.532
00:00:17.307,1572922396368,1.294,0.025,27.937,0.664,3.0,-0.008,14.128,0.001,0.076,60.54600000000001,0.011,-0.532
00:00:17.308,1572922396369,1.294,0.024,27.937,0.664,3.0,-0.008,14.149,0.001,0.076,60.782,0.012,-0.532
00:00:17.309,1572922396370,1.295,0.023,27.937,0.664,3.0,-0.008,14.171,0.0,0.076,61.018,0.013,-0.532
00:00:17.363,1572922396424,1.296,0.022,27.937,0.664,3.0,-0.008,14.192,0.0,0.076,61.254,0.014,-0.532
00:00:17.364,1572922396425,1.297,0.02,27.937,0.664,3.0,-0.008,14.214,0.0,0.076,61.49100000000001,0.016,-0.532
00:00:17.365,1572922396426,1.297,0.019,27.937,0.664,3.0,-0.008,14.236,0.0,0.076,61.728,0.017,-0.532
00:00:17.421,1572922396482,1.296,0.019,27.937,0.664,3.0,-0.008,14.257,0.0,0.077,61.965,0.018000000000000002,-0.532
00:00:17.422,1572922396483,1.295,0.018000000000000002,27.937,0.664,3.0,-0.006999999999999999,14.279000000000002,0.0,0.077,62.203,0.019,-0.532
00:00:17.423,1572922396484,1.295,0.017,27.937,0.664,3.0,-0.006999999999999999,14.3,0.0,0.077,62.441,0.02,-0.532
00:00:17.424,1572922396485,1.294,0.017,27.937,0.664,3.0,-0.006999999999999999,14.322,0.0,0.077,62.68,0.021,-0.532
00:00:17.472,1572922396533,1.293,0.017,27.937,0.664,3.0,-0.006999999999999999,14.343,0.0,0.077,62.919,0.022,-0.532
00:00:17.473,1572922396534,1.2919999999999998,0.017,27.937,0.664,3.0,-0.006999999999999999,14.365,0.0,0.077,63.158,0.024,-0.532
00:00:17.474,1572922396535,1.2919999999999998,0.016,27.937,0.664,3.0,-0.006999999999999999,14.387,0.0,0.077,63.398,0.025,-0.532
00:00:17.535,1572922396596,1.291,0.016,27.937,0.664,3.0,-0.006999999999999999,14.408,0.0,0.077,63.637,0.026,-0.532
00:00:17.536,1572922396597,1.291,0.016,27.937,0.664,3.0,-0.006,14.43,0.0,0.077,63.878,0.027000000000000003,-0.532
00:00:17.537,1572922396598,1.29,0.016,27.937,0.664,3.0,-0.006,14.451,0.0,0.077,64.118,0.028,-0.532
00:00:17.582,1572922396643,1.289,0.016,27.937,0.664,3.0,-0.006,14.473,0.0,0.077,64.359,0.03,-0.532
00:00:17.583,1572922396644,1.289,0.015,27.937,0.664,3.0,-0.006,14.494000000000002,0.0,0.078,64.601,0.031,-0.532
00:00:17.584,1572922396645,1.288,0.015,27.937,0.664,3.0,-0.006,14.515,0.0,0.078,64.843,0.032,-0.532
00:00:17.632,1572922396693,1.287,0.014,27.937,0.664,3.0,-0.006,14.537,0.0,0.078,65.085,0.033,-0.532
00:00:17.633,1572922396694,1.287,0.012,27.937,0.664,3.0,-0.006,14.558,0.0,0.078,65.327,0.034,-0.532
00:00:17.634,1572922396695,1.286,0.011,27.937,0.664,3.0,-0.006,14.58,0.0,0.078,65.57,0.036000000000000004,-0.532
00:00:17.689,1572922396750,1.286,0.009000000000000001,27.937,0.664,3.0,-0.006,14.601,0.0,0.078,65.813,0.037000000000000005,-0.532
00:00:17.690,1572922396751,1.285,0.006,27.937,0.664,3.0,-0.006,14.623,0.0,0.078,66.057,0.038,-0.532
00:00:17.691,1572922396752,1.284,0.004,27.937,0.664,3.0,-0.006,14.644,0.0,0.078,66.301,0.039,-0.532
00:00:17.732,1572922396793,1.284,0.001,27.937,0.664,3.0,-0.006,14.665,-0.001,0.078,66.545,0.041,-0.532
00:00:17.733,1572922396794,1.283,-0.002,27.937,0.664,3.0,-0.006,14.687,-0.001,0.078,66.789,0.042,-0.532
00:00:17.734,1572922396795,1.283,-0.005,27.937,0.664,3.0,-0.006,14.708,-0.001,0.078,67.03399999999999,0.043,-0.532
00:00:17.782,1572922396843,1.2819999999999998,-0.008,27.937,0.664,3.0,-0.006,14.729,-0.001,0.078,67.28,0.044,-0.532
00:00:17.783,1572922396844,1.281,-0.012,27.937,0.664,3.0,-0.006,14.751,-0.001,0.078,67.525,0.046,-0.532
00:00:17.784,1572922396845,1.281,-0.015,27.937,0.664,3.0,-0.006,14.772,-0.001,0.079,67.771,0.047,-0.532
00:00:17.832,1572922396893,1.28,-0.019,27.937,0.664,3.0,-0.006,14.793,-0.002,0.079,68.018,0.048,-0.532
00:00:17.833,1572922396894,1.28,-0.023,27.937,0.664,3.0,-0.005,14.815,-0.002,0.079,68.265,0.049,-0.532
00:00:17.834,1572922396895,1.279,-0.027000000000000003,27.937,0.664,3.0,-0.005,14.836,-0.002,0.079,68.512,0.051,-0.532
00:00:17.890,1572922396951,1.278,-0.031,27.937,0.664,3.0,-0.005,14.857,-0.002,0.079,68.759,0.052000000000000005,-0.532
00:00:17.891,1572922396952,1.278,-0.034,27.937,0.664,3.0,-0.004,14.879,-0.002,0.079,69.007,0.053,-0.532
00:00:17.892,1572922396953,1.277,-0.037000000000000005,27.937,0.664,3.0,-0.004,14.9,-0.002,0.079,69.255,0.054000000000000006,-0.532
00:00:17.893,1572922396954,1.277,-0.04,27.937,0.664,3.0,-0.003,14.921,-0.003,0.079,69.50399999999999,0.055,-0.532
00:00:17.943,1572922397004,1.276,-0.042,27.937,0.664,3.0,-0.002,14.943,-0.003,0.079,69.752,0.057,-0.532
00:00:17.944,1572922397005,1.276,-0.043,27.937,0.664,3.0,-0.002,14.964,-0.002,0.079,70.002,0.058,-0.532
00:00:17.945,1572922397006,1.275,-0.043,27.937,0.664,3.0,-0.001,14.985,-0.002,0.079,70.251,0.059,-0.532
00:00:17.994,1572922397055,1.275,-0.044,27.937,0.664,3.0,0.0,15.005999999999998,-0.002,0.079,70.501,0.06,-0.532
00:00:17.995,1572922397056,1.274,-0.044,27.937,0.664,3.0,0.0,15.028,-0.002,0.079,70.751,0.061,-0.532
00:00:17.996,1572922397057,1.274,-0.045,27.937,0.664,3.0,0.001,15.049,-0.002,0.079,71.002,0.062,-0.532
00:00:18.051,1572922397112,1.274,-0.045,27.937,0.664,3.0,0.001,15.07,-0.002,0.079,71.253,0.064,-0.532
00:00:18.052,1572922397113,1.273,-0.046,27.937,0.664,3.0,0.002,15.091,-0.001,0.079,71.50399999999998,0.065,-0.532
00:00:18.053,1572922397114,1.273,-0.047,27.937,0.664,3.0,0.002,15.112,-0.001,0.079,71.756,0.066,-0.532
00:00:18.101,1572922397162,1.272,-0.048,27.937,0.664,3.0,0.003,15.134,-0.001,0.079,72.008,0.067,-0.532
00:00:18.102,1572922397163,1.272,-0.049,27.937,0.664,3.0,0.003,15.155,-0.001,0.079,72.26,0.068,-0.532
00:00:18.103,1572922397164,1.271,-0.051,27.937,0.664,3.0,0.004,15.175999999999998,-0.001,0.079,72.513,0.069,-0.532
00:00:18.160,1572922397221,1.271,-0.051,27.937,0.664,3.0,0.004,15.197,0.0,0.08,72.766,0.07,-0.532
00:00:18.161,1572922397222,1.271,-0.052000000000000005,27.937,0.664,3.0,0.004,15.218,0.0,0.08,73.02,0.071,-0.532
00:00:18.162,1572922397223,1.27,-0.052000000000000005,27.937,0.664,3.0,0.005,15.239,0.0,0.08,73.274,0.07200000000000001,-0.532
00:00:18.163,1572922397224,1.27,-0.052000000000000005,27.791,0.664,3.0,0.005,15.261,0.0,0.08,73.528,0.073,-0.532
00:00:18.210,1572922397271,1.269,-0.051,27.791,0.664,3.0,0.006,15.282,0.0,0.08,73.782,0.07400000000000001,-0.532
00:00:18.211,1572922397272,1.269,-0.051,27.791,0.664,3.0,0.006,15.294,0.0,0.08,73.926,0.075,-0.532
00:00:18.212,1572922397273,1.267,-0.05,27.791,0.664,3.0,0.006,15.315,0.0,0.08,74.181,0.076,-0.532
00:00:18.263,1572922397324,1.265,-0.048,27.791,0.664,3.0,0.006999999999999999,15.336,0.0,0.08,74.436,0.077,-0.532
00:00:18.264,1572922397325,1.263,-0.046,27.791,0.664,3.0,0.006999999999999999,15.357,0.001,0.08,74.692,0.077,-0.532
00:00:18.265,1572922397326,1.261,-0.045,27.937,0.664,3.0,0.006999999999999999,15.378,0.001,0.08,74.94800000000002,0.078,-0.532
00:00:18.311,1572922397372,1.26,-0.042,27.937,0.664,3.0,0.008,15.399,0.001,0.08,75.205,0.079,-0.532
00:00:18.312,1572922397373,1.259,-0.04,27.937,0.664,3.0,0.008,15.42,0.001,0.08,75.461,0.08,-0.532
00:00:18.313,1572922397374,1.26,-0.037000000000000005,27.937,0.664,3.0,0.008,15.441,0.001,0.08,75.719,0.081,-0.532
00:00:18.364,1572922397425,1.262,-0.035,27.937,0.664,3.0,0.008,15.462,0.001,0.08,75.976,0.08199999999999999,-0.532
00:00:18.365,1572922397426,1.263,-0.032,27.937,0.664,3.0,0.008,15.483,0.001,0.08,76.234,0.083,-0.532
00:00:18.366,1572922397427,1.262,-0.03,27.791,0.664,3.0,0.009000000000000001,15.504,0.001,0.081,76.492,0.084,-0.532
00:00:18.414,1572922397475,1.261,-0.027000000000000003,27.791,0.664,3.0,0.009000000000000001,15.525,0.001,0.081,76.751,0.085,-0.532
00:00:18.415,1572922397476,1.259,-0.024,27.791,0.664,3.0,0.009000000000000001,15.546,0.002,0.081,77.01,0.086,-0.532
00:00:18.416,1572922397477,1.256,-0.021,27.791,0.664,3.0,0.009000000000000001,15.567,0.002,0.081,77.26899999999998,0.087,-0.532
00:00:18.465,1572922397526,1.253,-0.019,27.791,0.664,3.0,0.009000000000000001,15.588,0.002,0.081,77.529,0.087,-0.532
00:00:18.466,1572922397527,1.252,-0.016,27.791,0.664,3.0,0.009000000000000001,15.608,0.002,0.081,77.788,0.08800000000000001,-0.532
00:00:18.467,1572922397528,1.252,-0.014,27.937,0.664,3.0,0.008,15.629,0.002,0.081,78.04899999999998,0.08900000000000001,-0.532
00:00:18.517,1572922397578,1.252,-0.011,27.937,0.664,3.0,0.008,15.65,0.002,0.081,78.309,0.09,-0.532
00:00:18.518,1572922397579,1.253,-0.009000000000000001,27.937,0.664,3.0,0.008,15.671,0.002,0.081,78.57,0.091,-0.532
00:00:18.519,1572922397580,1.255,-0.006,27.937,0.664,3.0,0.008,15.692,0.002,0.081,78.832,0.092,-0.532
00:00:18.570,1572922397631,1.257,-0.004,27.937,0.664,3.0,0.008,15.713,0.002,0.081,79.094,0.093,-0.532
00:00:18.571,1572922397632,1.257,-0.002,27.937,0.664,3.0,0.006999999999999999,15.734000000000002,0.002,0.081,79.35600000000002,0.093,-0.532
00:00:18.572,1572922397633,1.256,0.0,27.791,0.664,3.0,0.006999999999999999,15.755,0.002,0.081,79.618,0.094,-0.532
00:00:18.573,1572922397634,1.255,0.002,27.791,0.664,3.0,0.006999999999999999,15.776,0.002,0.081,79.881,0.095,-0.532
00:00:18.620,1572922397681,1.253,0.003,27.791,0.664,3.0,0.006,15.797,0.001,0.081,80.14399999999998,0.096,-0.532
00:00:18.621,1572922397682,1.25,0.003,27.791,0.664,3.0,0.006,15.817,0.001,0.081,80.407,0.097,-0.532
00:00:18.622,1572922397683,1.247,0.004,27.791,0.664,3.0,0.006,15.838,0.001,0.081,80.671,0.098,-0.532
00:00:18.671,1572922397732,1.246,0.005,27.791,0.664,3.0,0.005,15.859000000000002,0.001,0.081,80.935,0.099,-0.532
00:00:18.672,1572922397733,1.245,0.005,27.937,0.664,3.0,0.005,15.88,0.001,0.081,81.2,0.1,-0.532
00:00:18.673,1572922397734,1.246,0.006,27.937,0.664,3.0,0.005,15.9,0.001,0.081,81.465,0.1,-0.532
00:00:18.724,1572922397785,1.247,0.006,27.937,0.664,3.0,0.005,15.921,0.0,0.081,81.73,0.101,-0.532
00:00:18.725,1572922397786,1.249,0.006999999999999999,27.937,0.664,3.0,0.004,15.942,0.0,0.081,81.995,0.102,-0.532
00:00:18.726,1572922397787,1.25,0.008,27.937,0.664,3.0,0.004,15.963,0.0,0.081,82.26100000000002,0.103,-0.532
00:00:18.775,1572922397836,1.251,0.008,27.937,0.664,3.0,0.004,15.984000000000002,0.0,0.081,82.527,0.104,-0.532
00:00:18.776,1572922397837,1.25,0.009000000000000001,27.937,0.664,3.0,0.004,16.005,0.0,0.08199999999999999,82.794,0.105,-0.532
00:00:18.777,1572922397838,1.249,0.01,27.937,0.664,3.0,0.003,16.025,0.0,0.08199999999999999,83.061,0.106,-0.532
00:00:18.825,1572922397886,1.248,0.01,27.937,0.664,3.0,0.003,16.046,0.0,0.08199999999999999,83.32799999999997,0.107,-0.532
00:00:18.826,1572922397887,1.248,0.01,27.937,0.664,3.0,0.003,16.067,0.0,0.08199999999999999,83.596,0.108,-0.532
00:00:18.827,1572922397888,1.247,0.011,27.937,0.664,3.0,0.003,16.088,0.0,0.08199999999999999,83.86399999999998,0.108,-0.532
00:00:18.875,1572922397936,1.247,0.011,27.937,0.664,3.0,0.002,16.109,0.0,0.08199999999999999,84.132,0.109,-0.532
00:00:18.876,1572922397937,1.247,0.011,27.937,0.664,3.0,0.002,16.129,-0.001,0.08199999999999999,84.40100000000002,0.11,-0.532
00:00:18.877,1572922397938,1.246,0.011,27.937,0.664,3.0,0.002,16.15,-0.001,0.08199999999999999,84.67,0.111,-0.532
00:00:18.925,1572922397986,1.246,0.011,27.937,0.664,3.0,0.002,16.171,-0.001,0.08199999999999999,84.939,0.112,-0.532
00:00:18.926,1572922397987,1.245,0.01,27.937,0.664,3.0,0.002,16.192,-0.001,0.08199999999999999,85.209,0.113,-0.532
00:00:18.927,1572922397988,1.245,0.01,27.937,0.664,3.0,0.001,16.212,-0.001,0.08199999999999999,85.479,0.114,-0.532
00:00:18.975,1572922398036,1.244,0.01,27.937,0.664,3.0,0.001,16.233,-0.001,0.08199999999999999,85.749,0.115,-0.532
00:00:18.976,1572922398037,1.244,0.01,27.937,0.664,3.0,0.001,16.254,-0.001,0.083,86.02,0.116,-0.532
00:00:18.977,1572922398038,1.243,0.009000000000000001,27.937,0.664,3.0,0.001,16.274,-0.001,0.083,86.291,0.117,-0.532
00:00:19.031,1572922398092,1.243,0.009000000000000001,27.937,0.664,3.0,0.001,16.295,-0.001,0.083,86.56200000000004,0.118,-0.532
00:00:19.032,1572922398093,1.242,0.009000000000000001,27.937,0.664,3.0,0.0,16.316,0.0,0.083,86.834,0.119,-0.532
00:00:19.033,1572922398094,1.242,0.008,27.937,0.664,3.0,0.0,16.337,0.0,0.083,87.10600000000002,0.12,-0.532
00:00:19.076,1572922398137,1.241,0.008,27.937,0.664,3.0,0.0,16.357,0.0,0.083,87.37899999999998,0.121,-0.532
00:00:19.077,1572922398138,1.241,0.008,27.937,0.664,3.0,0.0,16.378,0.0,0.083,87.65100000000002,0.122,-0.532
00:00:19.078,1572922398139,1.24,0.006999999999999999,27.937,0.664,3.0,0.0,16.399,0.0,0.083,87.925,0.123,-0.532
00:00:19.128,1572922398189,1.24,0.006999999999999999,27.937,0.664,3.0,0.0,16.419,0.0,0.083,88.198,0.124,-0.532
00:00:19.129,1572922398190,1.239,0.006999999999999999,27.937,0.664,3.0,0.0,16.44,0.0,0.083,88.47200000000002,0.125,-0.532
00:00:19.130,1572922398191,1.239,0.006,27.937,0.664,3.0,0.0,16.461,0.0,0.083,88.74600000000002,0.126,-0.532
00:00:19.178,1572922398239,1.238,0.006,27.937,0.664,3.0,0.0,16.480999999999998,0.0,0.084,89.021,0.127,-0.532
00:00:19.179,1572922398240,1.238,0.006,27.791,0.664,3.0,-0.001,16.502,0.0,0.084,89.295,0.128,-0.532
00:00:19.180,1572922398241,1.237,0.006,27.791,0.664,3.0,-0.001,16.522000000000002,0.0,0.084,89.571,0.129,-0.532
00:00:19.231,1572922398292,1.236,0.005,27.791,0.664,3.0,-0.001,16.543,0.0,0.084,89.846,0.13,-0.532
00:00:19.232,1572922398293,1.233,0.005,27.791,0.664,3.0,-0.001,16.563,0.0,0.084,90.122,0.131,-0.532
00:00:19.233,1572922398294,1.23,0.005,27.791,0.664,3.0,-0.001,16.584,0.0,0.084,90.398,0.132,-0.532
00:00:19.282,1572922398343,1.228,0.005,27.791,0.664,3.0,-0.001,16.604,0.0,0.084,90.675,0.133,-0.532
00:00:19.283,1572922398344,1.227,0.005,27.791,0.664,3.0,-0.001,16.625,0.0,0.084,90.952,0.134,-0.532
00:00:19.284,1572922398345,1.226,0.005,27.791,0.664,3.0,-0.001,16.645,0.0,0.084,91.229,0.135,-0.532
00:00:19.332,1572922398393,1.226,0.005,27.791,0.664,3.0,-0.001,16.666,0.0,0.084,91.507,0.136,-0.532
00:00:19.333,1572922398394,1.226,0.005,27.791,0.664,3.0,-0.001,16.686,0.0,0.084,91.785,0.13699999999999998,-0.532
00:00:19.334,1572922398395,1.225,0.005,27.791,0.664,3.0,-0.001,16.706,0.0,0.084,92.063,0.138,-0.532
00:00:19.389,1572922398450,1.224,0.005,27.791,0.664,3.0,-0.001,16.727,0.0,0.084,92.341,0.139,-0.532
00:00:19.390,1572922398451,1.223,0.005,27.937,0.664,3.0,-0.001,16.747,0.0,0.084,92.62,0.14,-0.532
00:00:19.391,1572922398452,1.222,0.004,27.937,0.664,3.0,-0.001,16.769000000000002,0.0,0.084,92.917,0.141,-0.532
00:00:19.392,1572922398453,1.223,0.004,27.937,0.664,3.0,-0.001,16.788,0.0,0.084,93.179,0.142,-0.532
00:00:19.442,1572922398503,1.224,0.004,27.937,0.664,3.0,-0.001,16.808,0.0,0.084,93.459,0.14300000000000002,-0.532
00:00:19.443,1572922398504,1.226,0.005,27.937,0.664,3.0,-0.001,16.829,0.0,0.084,93.74,0.14400000000000002,-0.532
00:00:19.444,1572922398505,1.226,0.006,27.937,0.664,3.0,-0.001,16.851,0.0,0.084,94.038,0.145,-0.532
00:00:19.494,1572922398555,1.226,0.006999999999999999,27.791,0.664,3.0,-0.001,16.87,0.0,0.084,94.301,0.146,-0.532
00:00:19.495,1572922398556,1.224,0.01,27.791,0.664,3.0,-0.001,16.89,0.0,0.084,94.583,0.147,-0.532
00:00:19.496,1572922398557,1.222,0.013,27.791,0.664,3.0,0.0,16.91,0.0,0.084,94.864,0.14800000000000002,-0.532
00:00:19.544,1572922398605,1.219,0.017,27.791,0.664,3.0,0.0,16.930999999999994,0.001,0.084,95.146,0.149,-0.532
00:00:19.545,1572922398606,1.215,0.022,27.791,0.664,3.0,0.0,16.951,0.001,0.084,95.429,0.15,-0.532
00:00:19.546,1572922398607,1.213,0.027000000000000003,27.791,0.664,3.0,0.0,16.971,0.001,0.084,95.711,0.151,-0.532
00:00:19.597,1572922398658,1.213,0.032,27.937,0.664,3.0,0.0,16.993,0.001,0.084,96.012,0.152,-0.532
00:00:19.598,1572922398659,1.212,0.037000000000000005,27.937,0.664,3.0,0.0,17.012999999999998,0.002,0.084,96.295,0.153,-0.532
00:00:19.599,1572922398660,1.213,0.042,27.937,0.664,3.0,0.0,17.033,0.002,0.084,96.579,0.154,-0.532
00:00:19.647,1572922398708,1.215,0.045,27.937,0.664,3.0,-0.001,17.052,0.002,0.084,96.845,0.155,-0.532
00:00:19.648,1572922398709,1.217,0.047,27.937,0.664,3.0,-0.001,17.072,0.002,0.084,97.13,0.156,-0.532
00:00:19.649,1572922398710,1.217,0.049,27.937,0.664,3.0,-0.002,17.094,0.002,0.084,97.432,0.158,-0.532
00:00:19.697,1572922398758,1.216,0.05,27.791,0.664,3.0,-0.003,17.113,0.002,0.084,97.699,0.159,-0.532
00:00:19.698,1572922398759,1.215,0.05,27.791,0.664,3.0,-0.003,17.133,0.002,0.084,97.985,0.16,-0.532
00:00:19.699,1572922398760,1.213,0.05,27.791,0.664,3.0,-0.004,17.153,0.002,0.085,98.271,0.161,-0.532
00:00:19.748,1572922398809,1.209,0.049,27.791,0.664,3.0,-0.005,17.173,0.001,0.085,98.557,0.162,-0.532
00:00:19.749,1572922398810,1.206,0.05,27.791,0.664,3.0,-0.005,17.192999999999998,0.001,0.085,98.843,0.16399999999999998,-0.532
00:00:19.750,1572922398811,1.204,0.05,27.791,0.664,3.0,-0.006,17.213,0.001,0.085,99.13,0.165,-0.532
00:00:19.798,1572922398859,1.203,0.051,27.937,0.664,3.0,-0.006,17.233,0.0,0.084,99.417,0.166,-0.532
00:00:19.799,1572922398860,1.203,0.053,27.937,0.664,3.0,-0.006999999999999999,17.254,0.0,0.084,99.704,0.16699999999999998,-0.532
00:00:19.800,1572922398861,1.204,0.054000000000000006,27.937,0.664,3.0,-0.006999999999999999,17.275,0.0,0.084,100.01,0.16899999999999998,-0.532
00:00:19.865,1572922398926,1.205,0.056,27.937,0.664,3.0,-0.008,17.294,-0.001,0.084,100.28,0.17,-0.532
00:00:19.866,1572922398927,1.207,0.057,27.937,0.664,3.0,-0.008,17.314,-0.001,0.084,100.568,0.171,-0.532
00:00:19.867,1572922398928,1.208,0.059,27.937,0.664,3.0,-0.008,17.334,-0.001,0.084,100.857,0.173,-0.532
00:00:19.868,1572922398929,1.207,0.06,27.937,0.664,3.0,-0.009000000000000001,17.355,-0.001,0.084,101.164,0.174,-0.532
00:00:19.915,1572922398976,1.206,0.061,27.937,0.664,3.0,-0.009000000000000001,17.374000000000002,-0.002,0.084,101.436,0.175,-0.532
00:00:19.916,1572922398977,1.205,0.061,27.937,0.664,3.0,-0.01,17.394000000000002,-0.002,0.084,101.725,0.177,-0.532
00:00:19.917,1572922398978,1.204,0.06,27.937,0.664,3.0,-0.01,17.414,-0.002,0.084,102.015,0.17800000000000002,-0.532
00:00:19.965,1572922399026,1.203,0.058,27.937,0.664,3.0,-0.011,17.436,-0.002,0.084,102.324,0.18,-0.532
00:00:19.966,1572922399027,1.202,0.056,27.937,0.664,3.0,-0.011,17.454,-0.002,0.085,102.597,0.181,-0.532
00:00:19.967,1572922399028,1.202,0.053,27.937,0.664,3.0,-0.012,17.474,-0.002,0.085,102.888,0.182,-0.532
00:00:20.015,1572922399076,1.2009999999999998,0.05,27.937,0.664,3.0,-0.012,17.494,-0.003,0.085,103.179,0.184,-0.532
00:00:20.016,1572922399077,1.2,0.047,27.937,0.664,3.0,-0.012,17.516,-0.003,0.085,103.489,0.18600000000000005,-0.532
00:00:20.017,1572922399078,1.199,0.044,27.937,0.664,3.0,-0.012,17.535999999999998,-0.003,0.085,103.781,0.187,-0.532
00:00:20.065,1572922399126,1.199,0.042,27.937,0.664,3.0,-0.013,17.554000000000002,-0.003,0.085,104.055,0.188,-0.532
00:00:20.066,1572922399127,1.198,0.039,27.937,0.664,3.0,-0.013,17.575,-0.003,0.085,104.366,0.19,-0.532
00:00:20.067,1572922399128,1.197,0.036000000000000004,27.937,0.664,3.0,-0.013,17.595,-0.003,0.085,104.659,0.192,-0.532
00:00:20.118,1572922399179,1.196,0.034,27.937,0.664,3.0,-0.013,17.615,-0.003,0.085,104.953,0.193,-0.532
00:00:20.119,1572922399180,1.196,0.031,27.937,0.664,3.0,-0.013,17.634,-0.003,0.085,105.228,0.195,-0.532
00:00:20.120,1572922399181,1.195,0.028,27.937,0.664,3.0,-0.013,17.654,-0.003,0.085,105.522,0.196,-0.532
00:00:20.173,1572922399234,1.194,0.025,27.937,0.664,3.0,-0.012,17.675,-0.003,0.085,105.835,0.198,-0.532
00:00:20.174,1572922399235,1.193,0.023,27.937,0.664,3.0,-0.012,17.695,-0.003,0.085,106.13,0.199,-0.532
00:00:20.175,1572922399236,1.193,0.02,27.937,0.664,3.0,-0.012,17.714000000000006,-0.003,0.085,106.406,0.201,-0.532
00:00:20.176,1572922399237,1.192,0.017,27.937,0.664,3.0,-0.012,17.733,-0.003,0.085,106.702,0.203,-0.532
00:00:20.226,1572922399287,1.1909999999999998,0.014,27.937,0.664,3.0,-0.012,17.754,-0.003,0.086,107.016,0.204,-0.532
00:00:20.227,1572922399288,1.19,0.011,27.937,0.664,3.0,-0.011,17.774,-0.003,0.086,107.312,0.206,-0.532
00:00:20.228,1572922399289,1.19,0.008,27.937,0.664,3.0,-0.011,17.793,-0.003,0.086,107.59,0.207,-0.532
00:00:20.275,1572922399336,1.189,0.005,27.937,0.664,3.0,-0.011,17.813,-0.003,0.086,107.887,0.209,-0.532
00:00:20.276,1572922399337,1.188,0.001,27.937,0.664,3.0,-0.011,17.834,-0.002,0.086,108.202,0.211,-0.532
00:00:20.277,1572922399338,1.187,-0.003,27.937,0.664,3.0,-0.01,17.852999999999994,-0.002,0.086,108.5,0.212,-0.532
00:00:20.325,1572922399386,1.186,-0.006999999999999999,27.937,0.664,3.0,-0.01,17.872,-0.002,0.086,108.779,0.214,-0.532
00:00:20.326,1572922399387,1.186,-0.011,27.937,0.664,3.0,-0.01,17.892,-0.002,0.086,109.077,0.21600000000000005,-0.532
00:00:20.327,1572922399388,1.185,-0.015,27.937,0.664,3.0,-0.009000000000000001,17.913,-0.002,0.086,109.394,0.217,-0.532
00:00:20.375,1572922399436,1.1840000000000002,-0.02,27.937,0.664,3.0,-0.009000000000000001,17.932000000000006,-0.002,0.086,109.693,0.219,-0.532
00:00:20.376,1572922399437,1.183,-0.024,27.937,0.664,3.0,-0.009000000000000001,17.952,-0.002,0.086,109.992,0.22,-0.532
00:00:20.377,1572922399438,1.183,-0.027000000000000003,27.937,0.664,3.0,-0.008,17.971,-0.002,0.086,110.272,0.222,-0.532
00:00:20.425,1572922399486,1.182,-0.031,27.937,0.664,3.0,-0.006999999999999999,17.99,-0.002,0.086,110.572,0.224,-0.532
00:00:20.426,1572922399487,1.181,-0.035,27.937,0.664,3.0,-0.006999999999999999,18.011,-0.002,0.086,110.891,0.225,-0.532
00:00:20.427,1572922399488,1.18,-0.038,27.937,0.664,3.0,-0.006,18.031,-0.001,0.086,111.191,0.227,-0.532
00:00:20.475,1572922399536,1.18,-0.041,27.937,0.664,3.0,-0.005,18.049,-0.001,0.086,111.473,0.228,-0.532
00:00:20.476,1572922399537,1.179,-0.044,27.937,0.664,3.0,-0.005,18.07,-0.001,0.086,111.793,0.23,-0.532
00:00:20.477,1572922399538,1.178,-0.047,27.937,0.664,3.0,-0.004,18.09,-0.001,0.086,112.094,0.232,-0.532
00:00:20.526,1572922399587,1.177,-0.05,27.937,0.664,3.0,-0.003,18.109,-0.001,0.086,112.396,0.233,-0.532
00:00:20.527,1572922399588,1.176,-0.052000000000000005,27.937,0.664,3.0,-0.002,18.129,0.0,0.086,112.698,0.235,-0.532
00:00:20.528,1572922399589,1.176,-0.054000000000000006,27.937,0.664,3.0,-0.001,18.149,0.0,0.086,113.0,0.236,-0.532
00:00:20.577,1572922399638,1.175,-0.056,27.937,0.664,3.0,-0.001,18.168,0.0,0.086,113.303,0.238,-0.532
00:00:20.578,1572922399639,1.1740000000000002,-0.058,27.937,0.664,3.0,0.0,18.188,0.0,0.086,113.606,0.239,-0.532
00:00:20.579,1572922399640,1.173,-0.06,27.937,0.664,3.0,0.001,18.207,0.001,0.086,113.909,0.241,-0.532
00:00:20.628,1572922399689,1.173,-0.061,27.937,0.664,3.0,0.002,18.227,0.001,0.085,114.212,0.242,-0.532
00:00:20.629,1572922399690,1.172,-0.063,27.937,0.664,3.0,0.003,18.246,0.001,0.085,114.516,0.243,-0.532
00:00:20.630,1572922399691,1.171,-0.064,27.937,0.664,3.0,0.003,18.266,0.001,0.085,114.821,0.245,-0.532
00:00:20.678,1572922399739,1.17,-0.065,27.937,0.664,3.0,0.004,18.285,0.002,0.085,115.125,0.246,-0.532
00:00:20.679,1572922399740,1.17,-0.066,27.791,0.664,3.0,0.005,18.304,0.002,0.085,115.411,0.248,-0.532
00:00:20.680,1572922399741,1.169,-0.067,27.791,0.664,3.0,0.005,18.324,0.002,0.085,115.735,0.249,-0.532
00:00:20.728,1572922399789,1.167,-0.068,27.791,0.664,3.0,0.006,18.342,0.002,0.085,116.022,0.25,-0.532
00:00:20.729,1572922399790,1.164,-0.069,27.791,0.664,3.0,0.006999999999999999,18.362,0.002,0.085,116.328,0.252,-0.532
00:00:20.730,1572922399791,1.161,-0.069,27.791,0.664,3.0,0.006999999999999999,18.382,0.003,0.085,116.653,0.253,-0.532
00:00:20.778,1572922399839,1.159,-0.07,27.791,0.664,3.0,0.008,18.402,0.003,0.085,116.96,0.254,-0.532
00:00:20.779,1572922399840,1.157,-0.07,27.937,0.664,3.0,0.009000000000000001,18.421,0.003,0.085,117.266,0.255,-0.532
00:00:20.780,1572922399841,1.157,-0.07,27.937,0.664,3.0,0.009000000000000001,18.44,0.003,0.085,117.574,0.257,-0.532
00:00:20.830,1572922399891,1.158,-0.07,27.937,0.664,3.0,0.01,18.459,0.003,0.085,117.881,0.258,-0.532
00:00:20.831,1572922399892,1.16,-0.069,27.937,0.664,3.0,0.01,18.479,0.003,0.085,118.189,0.259,-0.532
00:00:20.832,1572922399893,1.161,-0.069,27.937,0.664,3.0,0.011,18.498,0.003,0.085,118.497,0.26,-0.532
00:00:20.880,1572922399941,1.162,-0.068,27.937,0.664,3.0,0.011,18.518,0.003,0.085,118.806,0.262,-0.532
00:00:20.881,1572922399942,1.162,-0.068,27.937,0.664,3.0,0.012,18.537,0.003,0.085,119.114,0.263,-0.532
00:00:20.882,1572922399943,1.161,-0.067,27.937,0.664,3.0,0.012,18.556,0.003,0.086,119.423,0.264,-0.532
00:00:20.932,1572922399993,1.16,-0.067,27.937,0.664,3.0,0.012,18.576,0.003,0.086,119.733,0.265,-0.532
00:00:20.933,1572922399994,1.159,-0.066,27.937,0.664,3.0,0.013,18.595,0.003,0.086,120.043,0.266,-0.5329999999999999
00:00:20.934,1572922399995,1.158,-0.066,27.937,0.664,3.0,0.013,18.614,0.003,0.086,120.353,0.267,-0.5329999999999999
00:00:20.984,1572922400045,1.157,-0.065,27.937,0.664,3.0,0.013,18.633,0.003,0.086,120.663,0.268,-0.5329999999999999
00:00:20.985,1572922400046,1.156,-0.064,27.937,0.664,3.0,0.014,18.653,0.003,0.086,120.974,0.269,-0.5329999999999999
00:00:20.986,1572922400047,1.156,-0.064,27.937,0.664,3.0,0.014,18.672,0.003,0.086,121.285,0.27,-0.5329999999999999
00:00:21.036,1572922400097,1.155,-0.063,27.937,0.664,3.0,0.014,18.691,0.003,0.086,121.596,0.271,-0.5329999999999999
00:00:21.037,1572922400098,1.154,-0.062,27.937,0.664,3.0,0.015,18.71,0.003,0.086,121.908,0.272,-0.5329999999999999
00:00:21.038,1572922400099,1.154,-0.062,27.937,0.664,3.0,0.015,18.73,0.003,0.086,122.22,0.273,-0.5329999999999999
00:00:21.039,1572922400100,1.153,-0.061,27.937,0.664,3.0,0.015,18.749,0.003,0.086,122.532,0.274,-0.5329999999999999
00:00:21.086,1572922400147,1.152,-0.06,27.937,0.664,3.0,0.015,18.768,0.003,0.086,122.845,0.275,-0.5329999999999999
00:00:21.087,1572922400148,1.151,-0.06,27.937,0.664,3.0,0.015,18.787,0.003,0.086,123.158,0.276,-0.5329999999999999
00:00:21.088,1572922400149,1.151,-0.059,27.937,0.664,3.0,0.016,18.806,0.003,0.086,123.471,0.277,-0.5329999999999999
00:00:21.136,1572922400197,1.15,-0.059,27.937,0.664,3.0,0.016,18.826,0.003,0.086,123.785,0.278,-0.5329999999999999
00:00:21.137,1572922400198,1.149,-0.058,27.937,0.664,3.0,0.016,18.845,0.003,0.086,124.099,0.279,-0.5329999999999999
00:00:21.138,1572922400199,1.148,-0.058,27.937,0.664,3.0,0.016,18.864,0.003,0.086,124.413,0.28,-0.5329999999999999
00:00:21.191,1572922400252,1.148,-0.057,27.937,0.664,3.0,0.016,18.883,0.003,0.086,124.727,0.281,-0.5329999999999999
00:00:21.192,1572922400253,1.147,-0.057,27.937,0.664,3.0,0.016,18.902,0.003,0.086,125.042,0.282,-0.5329999999999999
00:00:21.193,1572922400254,1.146,-0.056,27.937,0.664,3.0,0.016,18.921,0.003,0.086,125.358,0.28300000000000003,-0.5329999999999999
00:00:21.237,1572922400298,1.146,-0.056,27.937,0.664,3.0,0.016,18.94,0.002,0.086,125.673,0.28300000000000003,-0.5329999999999999
00:00:21.238,1572922400299,1.148,-0.056,27.937,0.664,3.0,0.016,18.959,0.002,0.086,125.989,0.284,-0.5329999999999999
00:00:21.239,1572922400300,1.1909999999999998,-0.055,27.937,0.664,3.0,0.017,18.98,0.002,0.086,126.305,0.285,-0.5329999999999999
00:00:21.293,1572922400354,1.281,-0.055,27.937,0.664,3.0,0.017,19.003,0.002,0.087,126.622,0.28600000000000003,-0.5329999999999999
00:00:21.294,1572922400355,1.361,-0.055,27.937,0.664,3.0,0.017,19.027,0.002,0.08800000000000001,126.938,0.287,-0.5329999999999999
00:00:21.295,1572922400356,1.379,-0.054000000000000006,27.937,0.664,3.0,0.017,19.049,0.002,0.09,127.256,0.287,-0.5329999999999999
00:00:21.342,1572922400403,1.341,-0.054000000000000006,27.937,0.664,3.0,0.017,19.071,0.002,0.091,127.573,0.28800000000000003,-0.5329999999999999
00:00:21.343,1572922400404,1.281,-0.054000000000000006,27.937,0.664,3.0,0.017,19.091,0.002,0.093,127.891,0.289,-0.5329999999999999
00:00:21.344,1572922400405,1.23,-0.054000000000000006,27.937,0.664,3.0,0.017,19.111,0.002,0.094,128.21,0.29,-0.5329999999999999
00:00:21.391,1572922400452,1.195,-0.054000000000000006,27.937,0.664,3.0,0.017,19.131,0.002,0.095,128.529,0.29,-0.532
00:00:21.392,1572922400453,1.167,-0.054000000000000006,27.937,0.664,3.0,0.017,19.15,0.002,0.096,128.84799999999998,0.29100000000000004,-0.532
00:00:21.393,1572922400454,1.139,-0.054000000000000006,27.937,0.664,3.0,0.017,19.168,0.002,0.097,129.167,0.292,-0.532
00:00:21.441,1572922400502,1.109,-0.054000000000000006,27.937,0.664,3.0,0.017,19.187,0.002,0.097,129.486,0.292,-0.532
00:00:21.442,1572922400503,1.08,-0.054000000000000006,27.937,0.664,3.0,0.017,19.204,0.002,0.097,129.806,0.293,-0.532
00:00:21.443,1572922400504,1.053,-0.054000000000000006,27.937,0.664,3.0,0.017,19.221,0.002,0.096,130.127,0.294,-0.532
00:00:21.491,1572922400552,1.03,-0.054000000000000006,27.937,0.664,3.0,0.017,19.238,0.002,0.096,130.447,0.294,-0.532
00:00:21.492,1572922400553,1.011,-0.053,27.937,0.664,3.0,0.017,19.255,0.002,0.095,130.768,0.295,-0.532
00:00:21.493,1572922400554,0.994,-0.053,27.937,0.664,3.0,0.017,19.271,0.002,0.093,131.089,0.295,-0.532
00:00:21.541,1572922400602,0.979,-0.052000000000000005,27.937,0.664,3.0,0.017,19.287,0.002,0.092,131.41,0.29600000000000004,-0.532
00:00:21.542,1572922400603,0.965,-0.052000000000000005,27.937,0.664,3.0,0.017,19.303,0.002,0.091,131.732,0.29600000000000004,-0.5329999999999999
00:00:21.543,1572922400604,0.951,-0.051,27.937,0.664,3.0,0.017,19.319000000000006,0.003,0.08900000000000001,132.054,0.297,-0.5329999999999999
00:00:21.594,1572922400655,0.939,-0.051,27.937,0.664,3.0,0.017,19.334,0.003,0.087,132.376,0.298,-0.5329999999999999
00:00:21.595,1572922400656,0.926,-0.05,27.937,0.664,3.0,0.017,19.35,0.003,0.085,132.69799999999998,0.298,-0.5329999999999999
00:00:21.596,1572922400657,0.915,-0.049,27.937,0.664,3.0,0.017,19.365,0.003,0.083,133.02100000000002,0.299,-0.5329999999999999
00:00:21.641,1572922400702,0.904,-0.048,27.937,0.664,3.0,0.017,19.38,0.003,0.081,133.344,0.299,-0.532
00:00:21.642,1572922400703,0.894,-0.047,27.937,0.664,3.0,0.017,19.394,0.003,0.079,133.667,0.3,-0.532
00:00:21.643,1572922400704,0.884,-0.046,27.937,0.664,3.0,0.017,19.409,0.003,0.077,133.99,0.3,-0.532
00:00:21.692,1572922400753,0.8759999999999999,-0.045,27.937,0.664,3.0,0.017,19.423,0.003,0.075,134.314,0.3,-0.532
00:00:21.693,1572922400754,0.867,-0.044,27.937,0.664,3.0,0.017,19.438,0.003,0.07200000000000001,134.638,0.301,-0.532
00:00:21.694,1572922400755,0.86,-0.042,27.937,0.664,3.0,0.017,19.452,0.003,0.07,134.96200000000002,0.301,-0.532
00:00:21.743,1572922400804,0.853,-0.041,27.937,0.664,3.0,0.017,19.466,0.003,0.068,135.286,0.302,-0.532
00:00:21.744,1572922400805,0.846,-0.04,27.937,0.664,3.0,0.017,19.48,0.003,0.066,135.611,0.302,-0.532
00:00:21.745,1572922400806,0.8390000000000001,-0.039,27.937,0.664,3.0,0.017,19.494,0.003,0.063,135.935,0.303,-0.532
00:00:21.793,1572922400854,0.833,-0.038,27.937,0.664,3.0,0.017,19.508,0.003,0.061,136.26,0.303,-0.532
00:00:21.794,1572922400855,0.828,-0.037000000000000005,27.937,0.664,3.0,0.017,19.522,0.003,0.059,136.586,0.303,-0.532
00:00:21.795,1572922400856,0.823,-0.036000000000000004,27.937,0.664,3.0,0.016,19.535,0.003,0.057,136.911,0.304,-0.532
00:00:21.849,1572922400910,0.818,-0.035,27.937,0.664,3.0,0.016,19.549,0.003,0.055,137.237,0.304,-0.532
00:00:21.850,1572922400911,0.8140000000000001,-0.033,27.937,0.664,3.0,0.016,19.562,0.003,0.053,137.563,0.304,-0.532
00:00:21.851,1572922400912,0.81,-0.032,27.937,0.664,3.0,0.016,19.576,0.003,0.052000000000000005,137.889,0.305,-0.532
00:00:21.899,1572922400960,0.8059999999999999,-0.03,27.937,0.664,3.0,0.016,19.589,0.003,0.05,138.215,0.305,-0.532
00:00:21.900,1572922400961,0.8029999999999999,-0.028,27.937,0.664,3.0,0.016,19.603,0.003,0.048,138.542,0.305,-0.532
00:00:21.901,1572922400962,0.799,-0.026,27.937,0.664,3.0,0.016,19.616,0.003,0.047,138.869,0.306,-0.532
00:00:21.949,1572922401010,0.7959999999999999,-0.024,27.937,0.664,3.0,0.015,19.629,0.003,0.046,139.196,0.306,-0.532
00:00:21.950,1572922401011,0.7929999999999999,-0.022,27.937,0.664,3.0,0.015,19.642,0.003,0.045,139.523,0.306,-0.532
00:00:21.951,1572922401012,0.7909999999999999,-0.02,27.937,0.664,3.0,0.015,19.655,0.003,0.044,139.85,0.307,-0.532
00:00:21.999,1572922401060,0.7879999999999999,-0.019,27.791,0.664,3.0,0.014,19.669,0.002,0.043,140.178,0.307,-0.532
00:00:22.000,1572922401061,0.785,-0.019,27.791,0.664,3.0,0.014,19.682,0.002,0.042,140.506,0.307,-0.532
00:00:22.001,1572922401062,0.782,-0.018000000000000002,27.791,0.664,3.0,0.014,19.695,0.002,0.042,140.834,0.308,-0.532
00:00:22.049,1572922401110,0.779,-0.018000000000000002,27.791,0.664,3.0,0.013,19.707,0.002,0.042,141.16299999999995,0.308,-0.532
00:00:22.050,1572922401111,0.7759999999999999,-0.019,27.791,0.664,3.0,0.013,19.72,0.002,0.041,141.491,0.308,-0.5329999999999999
00:00:22.051,1572922401112,0.773,-0.019,27.791,0.664,3.0,0.013,19.733,0.002,0.041,141.82,0.308,-0.5329999999999999
00:00:22.100,1572922401161,0.77,-0.02,27.644,0.664,3.0,0.012,19.746,0.001,0.041,142.149,0.309,-0.5329999999999999
00:00:22.101,1572922401162,0.769,-0.021,27.644,0.664,3.0,0.012,19.759,0.001,0.041,142.47799999999995,0.309,-0.5329999999999999
00:00:22.102,1572922401163,0.767,-0.022,27.644,0.664,3.0,0.012,19.772,0.001,0.041,142.808,0.309,-0.5329999999999999
00:00:22.152,1572922401213,0.764,-0.023,27.644,0.664,3.0,0.011,19.784,0.001,0.042,143.137,0.309,-0.5329999999999999
00:00:22.153,1572922401214,0.762,-0.024,27.644,0.664,3.0,0.011,19.797,0.001,0.042,143.467,0.31,-0.5329999999999999
00:00:22.154,1572922401215,0.759,-0.025,27.644,0.664,3.0,0.011,19.81,0.0,0.042,143.797,0.31,-0.5329999999999999
00:00:22.205,1572922401266,0.757,-0.025,26.619,0.664,3.0,0.011,19.822,0.0,0.042,144.127,0.31,-0.5329999999999999
00:00:22.206,1572922401267,0.755,-0.025,26.619,0.664,3.0,0.011,19.835,0.0,0.043,144.458,0.31,-0.5329999999999999
00:00:22.207,1572922401268,0.75,-0.025,26.619,0.664,3.0,0.011,19.847,0.0,0.043,144.78799999999995,0.311,-0.5329999999999999
00:00:22.208,1572922401269,0.741,-0.025,26.619,0.664,3.0,0.011,19.859,0.0,0.043,145.119,0.311,-0.5329999999999999
00:00:22.255,1572922401316,0.732,-0.025,26.619,0.664,3.0,0.011,19.871,0.0,0.043,145.45,0.311,-0.5329999999999999
00:00:22.256,1572922401317,0.7240000000000001,-0.025,26.619,0.664,3.0,0.011,19.883,0.0,0.043,145.782,0.311,-0.5329999999999999
00:00:22.257,1572922401318,0.7190000000000001,-0.026,26.619,0.664,3.0,0.01,19.895,0.0,0.043,146.113,0.311,-0.5329999999999999
00:00:22.308,1572922401369,0.718,-0.028,26.619,0.664,3.0,0.01,19.907,0.0,0.043,146.445,0.312,-0.5329999999999999
00:00:22.309,1572922401370,0.718,-0.031,26.619,0.664,3.0,0.01,19.919,0.0,0.043,146.77700000000004,0.312,-0.5329999999999999
00:00:22.310,1572922401371,0.7190000000000001,-0.034,26.619,0.664,3.0,0.01,19.931,0.0,0.043,147.109,0.312,-0.5329999999999999
00:00:22.360,1572922401421,0.7190000000000001,-0.038,26.619,0.664,3.0,0.01,19.943,0.0,0.043,147.441,0.312,-0.5329999999999999
00:00:22.361,1572922401422,0.7190000000000001,-0.041,26.619,0.664,3.0,0.01,19.955,0.0,0.043,147.774,0.312,-0.5329999999999999
00:00:22.362,1572922401423,0.718,-0.045,26.619,0.664,3.0,0.01,19.967,0.0,0.043,148.106,0.312,-0.5329999999999999
00:00:22.411,1572922401472,0.7170000000000001,-0.049,26.619,0.664,3.0,0.01,19.979,0.0,0.043,148.439,0.312,-0.5329999999999999
00:00:22.412,1572922401473,0.716,-0.052000000000000005,26.619,0.664,3.0,0.01,19.991,0.0,0.043,148.77200000000005,0.313,-0.5329999999999999
00:00:22.413,1572922401474,0.715,-0.054000000000000006,26.619,0.664,3.0,0.01,20.003,0.0,0.043,149.106,0.313,-0.5329999999999999
00:00:22.462,1572922401523,0.7140000000000001,-0.056,26.619,0.664,3.0,0.011,20.015,0.0,0.043,149.439,0.313,-0.5329999999999999
00:00:22.463,1572922401524,0.7140000000000001,-0.058,26.619,0.664,3.0,0.011,20.027,0.001,0.042,149.773,0.313,-0.5329999999999999
00:00:22.464,1572922401525,0.713,-0.058,26.765,0.664,3.0,0.012,20.039,0.001,0.042,150.107,0.313,-0.5329999999999999
00:00:22.517,1572922401578,0.713,-0.059,26.765,0.664,3.0,0.012,20.049,0.001,0.042,150.399,0.313,-0.5329999999999999
00:00:22.518,1572922401579,0.713,-0.06,26.765,0.664,3.0,0.012,20.061,0.001,0.042,150.733,0.313,-0.5329999999999999
00:00:22.519,1572922401580,0.713,-0.061,26.765,0.664,3.0,0.013,20.073,0.002,0.041,151.06799999999996,0.313,-0.5329999999999999
00:00:22.563,1572922401624,0.7140000000000001,-0.062,26.765,0.664,3.0,0.013,20.085,0.002,0.041,151.40200000000004,0.313,-0.5329999999999999
00:00:22.564,1572922401625,0.7140000000000001,-0.063,26.765,0.664,3.0,0.013,20.097,0.002,0.041,151.737,0.313,-0.5329999999999999
00:00:22.565,1572922401626,0.7140000000000001,-0.064,27.132,0.664,3.0,0.014,20.108,0.002,0.041,152.072,0.313,-0.5329999999999999
00:00:22.613,1572922401674,0.7140000000000001,-0.066,27.132,0.664,3.0,0.014,20.12,0.003,0.04,152.407,0.313,-0.5329999999999999
00:00:22.614,1572922401675,0.7140000000000001,-0.067,27.132,0.664,3.0,0.015,20.132,0.003,0.04,152.743,0.312,-0.5329999999999999
00:00:22.615,1572922401676,0.716,-0.068,27.132,0.664,3.0,0.015,20.144,0.003,0.04,153.078,0.312,-0.5329999999999999
00:00:22.663,1572922401724,0.7190000000000001,-0.07,27.132,0.664,3.0,0.015,20.156,0.003,0.04,153.414,0.312,-0.5329999999999999
00:00:22.664,1572922401725,0.721,-0.071,27.132,0.664,3.0,0.016,20.168,0.004,0.039,153.75,0.312,-0.5329999999999999
00:00:22.665,1572922401726,0.722,-0.071,27.791,0.664,3.0,0.016,20.18,0.004,0.039,154.08700000000005,0.312,-0.5329999999999999
00:00:22.719,1572922401780,0.722,-0.071,27.791,0.664,3.0,0.016,20.192,0.004,0.039,154.423,0.312,-0.5329999999999999
00:00:22.720,1572922401781,0.723,-0.07200000000000001,27.791,0.664,3.0,0.017,20.204,0.004,0.039,154.76,0.311,-0.5329999999999999
00:00:22.721,1572922401782,0.727,-0.07200000000000001,27.791,0.664,3.0,0.017,20.217,0.004,0.039,155.097,0.311,-0.5329999999999999
00:00:22.763,1572922401824,0.732,-0.07200000000000001,27.791,0.664,3.0,0.017,20.229,0.004,0.039,155.434,0.311,-0.5329999999999999
00:00:22.764,1572922401825,0.736,-0.07200000000000001,27.791,0.664,3.0,0.017,20.241,0.004,0.039,155.77100000000004,0.311,-0.5329999999999999
00:00:22.765,1572922401826,0.738,-0.07200000000000001,27.791,0.664,3.0,0.018000000000000002,20.253,0.004,0.039,156.108,0.31,-0.5329999999999999
00:00:22.814,1572922401875,0.738,-0.07200000000000001,27.791,0.664,3.0,0.018000000000000002,20.266,0.004,0.039,156.446,0.31,-0.5329999999999999
00:00:22.815,1572922401876,0.737,-0.071,27.791,0.664,3.0,0.018000000000000002,20.278,0.004,0.039,156.784,0.31,-0.5329999999999999
00:00:22.816,1572922401877,0.735,-0.071,27.791,0.664,3.0,0.018000000000000002,20.29,0.004,0.04,157.122,0.309,-0.5329999999999999
00:00:22.865,1572922401926,0.7340000000000001,-0.07,27.791,0.664,3.0,0.019,20.303,0.004,0.04,157.481,0.309,-0.5329999999999999
00:00:22.866,1572922401927,0.733,-0.07,27.791,0.664,3.0,0.019,20.315,0.004,0.04,157.799,0.308,-0.5329999999999999
00:00:22.867,1572922401928,0.732,-0.069,27.791,0.664,3.0,0.019,20.327,0.004,0.04,158.137,0.308,-0.5329999999999999
00:00:22.915,1572922401976,0.732,-0.069,27.791,0.664,3.0,0.019,20.339,0.004,0.041,158.476,0.308,-0.5329999999999999
00:00:22.916,1572922401977,0.732,-0.068,27.791,0.664,3.0,0.019,20.351,0.004,0.041,158.815,0.307,-0.5329999999999999
00:00:22.917,1572922401978,0.732,-0.067,27.791,0.664,3.0,0.02,20.363,0.004,0.041,159.155,0.307,-0.5329999999999999
00:00:22.965,1572922402026,0.731,-0.066,27.791,0.664,3.0,0.02,20.376,0.004,0.041,159.494,0.306,-0.5329999999999999
00:00:22.966,1572922402027,0.731,-0.065,27.791,0.664,3.0,0.02,20.388,0.004,0.042,159.834,0.306,-0.5329999999999999
00:00:22.967,1572922402028,0.73,-0.064,27.791,0.664,3.0,0.02,20.4,0.004,0.042,160.174,0.305,-0.5329999999999999
00:00:23.016,1572922402077,0.73,-0.063,27.791,0.664,3.0,0.02,20.412,0.004,0.042,160.514,0.305,-0.5329999999999999
00:00:23.017,1572922402078,0.73,-0.062,27.791,0.664,3.0,0.02,20.424,0.004,0.042,160.85399999999996,0.304,-0.5329999999999999
00:00:23.018,1572922402079,0.7290000000000001,-0.061,27.791,0.664,3.0,0.02,20.436,0.004,0.042,161.195,0.303,-0.5329999999999999
00:00:23.065,1572922402126,0.7290000000000001,-0.06,27.791,0.664,3.0,0.02,20.449,0.004,0.043,161.535,0.303,-0.5329999999999999
00:00:23.066,1572922402127,0.728,-0.059,27.791,0.664,3.0,0.02,20.461,0.004,0.043,161.876,0.302,-0.5329999999999999
00:00:23.067,1572922402128,0.728,-0.058,27.937,0.664,3.0,0.02,20.473,0.004,0.043,162.217,0.302,-0.5329999999999999
00:00:23.117,1572922402178,0.728,-0.057,27.937,0.664,3.0,0.02,20.485,0.004,0.043,162.559,0.301,-0.5329999999999999
00:00:23.118,1572922402179,0.728,-0.057,27.937,0.664,3.0,0.02,20.497,0.004,0.043,162.9,0.3,-0.5329999999999999
00:00:23.119,1572922402180,0.7290000000000001,-0.056,27.937,0.664,3.0,0.02,20.509,0.004,0.043,163.24200000000005,0.3,-0.5329999999999999
00:00:23.165,1572922402226,0.73,-0.055,27.937,0.664,3.0,0.02,20.521,0.004,0.043,163.584,0.299,-0.5329999999999999
00:00:23.166,1572922402227,0.73,-0.055,27.937,0.664,3.0,0.02,20.534,0.004,0.043,163.926,0.298,-0.5329999999999999
00:00:23.167,1572922402228,0.731,-0.054000000000000006,27.937,0.664,3.0,0.02,20.546,0.004,0.043,164.268,0.297,-0.5329999999999999
00:00:23.216,1572922402277,0.731,-0.053,27.937,0.664,3.0,0.02,20.558000000000003,0.003,0.043,164.611,0.297,-0.5329999999999999
00:00:23.217,1572922402278,0.73,-0.052000000000000005,27.937,0.664,3.0,0.02,20.57,0.003,0.043,164.953,0.29600000000000004,-0.5329999999999999
00:00:23.218,1572922402279,0.73,-0.051,27.937,0.664,3.0,0.02,20.582,0.003,0.043,165.296,0.295,-0.5329999999999999
00:00:23.271,1572922402332,0.7290000000000001,-0.049,27.937,0.664,3.0,0.02,20.594,0.003,0.043,165.64,0.294,-0.5329999999999999
00:00:23.272,1572922402333,0.7290000000000001,-0.048,27.937,0.664,3.0,0.02,20.607,0.003,0.043,165.983,0.294,-0.5329999999999999
00:00:23.273,1572922402334,0.7290000000000001,-0.046,27.937,0.664,3.0,0.02,20.619,0.003,0.043,166.326,0.293,-0.5329999999999999
00:00:23.274,1572922402335,0.728,-0.044,27.937,0.664,3.0,0.02,20.631,0.003,0.043,166.67,0.292,-0.5329999999999999
00:00:23.327,1572922402388,0.728,-0.041,27.937,0.664,3.0,0.02,20.643,0.004,0.043,167.014,0.29100000000000004,-0.5329999999999999
00:00:23.328,1572922402389,0.728,-0.039,27.937,0.664,3.0,0.02,20.655,0.004,0.043,167.358,0.29,-0.5329999999999999
00:00:23.329,1572922402390,0.728,-0.036000000000000004,27.937,0.664,3.0,0.02,20.667,0.004,0.043,167.703,0.289,-0.5329999999999999
00:00:23.371,1572922402432,0.728,-0.033,27.937,0.664,3.0,0.02,20.679,0.004,0.043,168.047,0.28800000000000003,-0.5329999999999999
00:00:23.372,1572922402433,0.727,-0.03,27.937,0.664,3.0,0.019,20.691,0.004,0.043,168.392,0.28800000000000003,-0.5329999999999999
00:00:23.373,1572922402434,0.727,-0.028,27.937,0.664,3.0,0.019,20.704,0.004,0.043,168.737,0.287,-0.5329999999999999
00:00:23.421,1572922402482,0.727,-0.025,27.937,0.664,3.0,0.019,20.716,0.004,0.043,169.082,0.28600000000000003,-0.5329999999999999
00:00:23.422,1572922402483,0.727,-0.023,27.937,0.664,3.0,0.018000000000000002,20.728,0.004,0.043,169.42700000000005,0.285,-0.5329999999999999
00:00:23.423,1572922402484,0.726,-0.021,27.937,0.664,3.0,0.018000000000000002,20.74,0.004,0.043,169.773,0.284,-0.5329999999999999
00:00:23.477,1572922402538,0.726,-0.019,27.937,0.664,3.0,0.018000000000000002,20.752,0.004,0.043,170.11900000000003,0.28300000000000003,-0.5329999999999999
00:00:23.478,1572922402539,0.726,-0.018000000000000002,27.937,0.664,3.0,0.017,20.764,0.004,0.043,170.465,0.282,-0.5329999999999999
00:00:23.479,1572922402540,0.726,-0.017,27.937,0.664,3.0,0.017,20.776,0.003,0.043,170.81099999999995,0.281,-0.5329999999999999
00:00:23.521,1572922402582,0.726,-0.016,27.937,0.664,3.0,0.016,20.788,0.003,0.043,171.157,0.28,-0.5329999999999999
00:00:23.522,1572922402583,0.725,-0.016,27.937,0.664,3.0,0.016,20.8,0.003,0.043,171.50400000000005,0.279,-0.5329999999999999
00:00:23.523,1572922402584,0.725,-0.015,27.937,0.664,3.0,0.015,20.812,0.003,0.043,171.851,0.278,-0.5329999999999999
00:00:23.572,1572922402633,0.725,-0.015,27.937,0.664,3.0,0.015,20.824,0.002,0.043,172.197,0.277,-0.5329999999999999
00:00:23.573,1572922402634,0.725,-0.014,27.937,0.664,3.0,0.014,20.837,0.002,0.043,172.545,0.276,-0.5329999999999999
00:00:23.574,1572922402635,0.7240000000000001,-0.014,27.937,0.664,3.0,0.014,20.849,0.002,0.042,172.892,0.276,-0.5329999999999999
00:00:23.624,1572922402685,0.7240000000000001,-0.013,27.937,0.664,3.0,0.014,20.861,0.002,0.042,173.24,0.275,-0.5329999999999999
00:00:23.625,1572922402686,0.7240000000000001,-0.013,27.937,0.664,3.0,0.013,20.873,0.001,0.042,173.58700000000005,0.274,-0.5329999999999999
00:00:23.626,1572922402687,0.723,-0.012,27.937,0.664,3.0,0.013,20.885,0.001,0.042,173.935,0.273,-0.5329999999999999
00:00:23.675,1572922402736,0.723,-0.011,27.937,0.664,3.0,0.012,20.897,0.001,0.042,174.28400000000005,0.272,-0.5329999999999999
00:00:23.676,1572922402737,0.723,-0.01,28.157,0.664,3.0,0.012,20.909,0.001,0.042,174.632,0.271,-0.5329999999999999
00:00:23.677,1572922402738,0.723,-0.009000000000000001,28.157,0.664,3.0,0.012,20.921,0.0,0.042,174.981,0.27,-0.5329999999999999
00:00:23.725,1572922402786,0.723,-0.009000000000000001,28.157,0.664,3.0,0.011,20.933000000000003,0.0,0.042,175.329,0.269,-0.5329999999999999
00:00:23.726,1572922402787,0.7240000000000001,-0.008,28.157,0.664,3.0,0.011,20.945,0.0,0.042,175.678,0.268,-0.5329999999999999
00:00:23.727,1572922402788,0.726,-0.008,28.157,0.664,3.0,0.011,20.957,0.0,0.042,176.02700000000004,0.267,-0.5329999999999999
00:00:23.779,1572922402840,0.727,-0.008,28.157,0.664,3.0,0.01,20.969,0.0,0.042,176.377,0.266,-0.5329999999999999
00:00:23.780,1572922402841,0.728,-0.008,27.937,0.664,3.0,0.01,20.981,0.0,0.042,176.726,0.265,-0.5329999999999999
00:00:23.781,1572922402842,0.728,-0.008,27.937,0.664,3.0,0.01,20.994,0.0,0.042,177.076,0.264,-0.5329999999999999
00:00:23.829,1572922402890,0.727,-0.008,27.937,0.664,3.0,0.009000000000000001,21.006,0.0,0.042,177.44799999999995,0.263,-0.5329999999999999
00:00:23.830,1572922402891,0.725,-0.008,27.937,0.664,3.0,0.009000000000000001,21.018,0.0,0.042,177.77599999999995,0.262,-0.5329999999999999
00:00:23.831,1572922402892,0.723,-0.009000000000000001,27.937,0.664,3.0,0.009000000000000001,21.03,0.0,0.042,178.127,0.261,-0.5329999999999999
00:00:23.879,1572922402940,0.721,-0.009000000000000001,27.937,0.664,3.0,0.009000000000000001,21.042,0.0,0.043,178.477,0.26,-0.5329999999999999
00:00:23.880,1572922402941,0.7190000000000001,-0.009000000000000001,27.937,0.664,3.0,0.008,21.054,0.0,0.043,178.828,0.259,-0.5329999999999999
00:00:23.881,1572922402942,0.7190000000000001,-0.01,27.937,0.664,3.0,0.008,21.066,0.0,0.043,179.179,0.258,-0.5329999999999999
00:00:23.933,1572922402994,0.7190000000000001,-0.01,27.937,0.664,3.0,0.008,21.078000000000007,0.0,0.043,179.53,0.257,-0.5329999999999999
00:00:23.934,1572922402995,0.7190000000000001,-0.011,27.937,0.664,3.0,0.008,21.09,0.0,0.043,179.882,0.256,-0.5329999999999999
00:00:23.935,1572922402996,0.7190000000000001,-0.011,27.937,0.664,3.0,0.008,21.102,0.0,0.043,180.233,0.255,-0.5329999999999999
00:00:23.984,1572922403045,0.7190000000000001,-0.012,27.937,0.664,3.0,0.006999999999999999,21.114,0.0,0.043,180.585,0.254,-0.5329999999999999
00:00:23.985,1572922403046,0.7190000000000001,-0.012,27.937,0.664,3.0,0.006999999999999999,21.126,0.0,0.043,180.937,0.253,-0.5329999999999999
00:00:23.986,1572922403047,0.7190000000000001,-0.013,27.937,0.664,3.0,0.006999999999999999,21.138,0.0,0.043,181.289,0.252,-0.5329999999999999
00:00:24.036,1572922403097,0.718,-0.013,27.937,0.664,3.0,0.006999999999999999,21.15,0.0,0.043,181.642,0.251,-0.5329999999999999
00:00:24.037,1572922403098,0.718,-0.014,27.937,0.664,3.0,0.006999999999999999,21.161,0.0,0.043,181.99400000000003,0.25,-0.5329999999999999
00:00:24.038,1572922403099,0.718,-0.015,27.937,0.664,3.0,0.006999999999999999,21.173,0.001,0.043,182.347,0.249,-0.5329999999999999
00:00:24.039,1572922403100,0.718,-0.015,27.937,0.664,3.0,0.006999999999999999,21.185,0.001,0.043,182.7,0.247,-0.5329999999999999
00:00:24.086,1572922403147,0.7170000000000001,-0.016,27.937,0.664,3.0,0.006999999999999999,21.197,0.001,0.043,183.053,0.246,-0.5329999999999999
00:00:24.087,1572922403148,0.7170000000000001,-0.016,27.937,0.664,3.0,0.006999999999999999,21.209,0.001,0.043,183.407,0.245,-0.5329999999999999
00:00:24.088,1572922403149,0.7170000000000001,-0.016,27.937,0.664,3.0,0.006999999999999999,21.221,0.001,0.043,183.76,0.244,-0.5329999999999999
00:00:24.143,1572922403204,0.7170000000000001,-0.017,27.937,0.664,3.0,0.006999999999999999,21.233,0.001,0.043,184.114,0.243,-0.5329999999999999
00:00:24.144,1572922403205,0.716,-0.017,27.937,0.664,3.0,0.006999999999999999,21.246,0.001,0.043,184.49,0.242,-0.5329999999999999
00:00:24.145,1572922403206,0.716,-0.017,27.937,0.664,3.0,0.006999999999999999,21.257,0.001,0.043,184.822,0.241,-0.5329999999999999
00:00:24.187,1572922403248,0.716,-0.017,27.937,0.664,3.0,0.006,21.269,0.001,0.043,185.177,0.24,-0.5329999999999999
00:00:24.188,1572922403249,0.716,-0.016,27.937,0.664,3.0,0.006,21.281,0.001,0.043,185.531,0.239,-0.5329999999999999
00:00:24.189,1572922403250,0.715,-0.016,27.937,0.664,3.0,0.006999999999999999,21.293000000000006,0.001,0.043,185.886,0.238,-0.5329999999999999
00:00:24.243,1572922403304,0.715,-0.015,27.937,0.664,3.0,0.006999999999999999,21.305,0.002,0.042,186.241,0.237,-0.5329999999999999
00:00:24.244,1572922403305,0.715,-0.014,27.937,0.664,3.0,0.006999999999999999,21.317,0.002,0.042,186.596,0.236,-0.5329999999999999
00:00:24.245,1572922403306,0.715,-0.012,27.937,0.664,3.0,0.006999999999999999,21.329,0.002,0.042,186.951,0.234,-0.5329999999999999
00:00:24.289,1572922403350,0.7140000000000001,-0.01,27.937,0.664,3.0,0.006999999999999999,21.341,0.002,0.042,187.329,0.233,-0.5329999999999999
00:00:24.290,1572922403351,0.7140000000000001,-0.009000000000000001,27.937,0.664,3.0,0.006999999999999999,21.352,0.002,0.042,187.663,0.232,-0.5329999999999999
00:00:24.291,1572922403352,0.7140000000000001,-0.006999999999999999,27.937,0.664,3.0,0.006999999999999999,21.364,0.002,0.042,188.019,0.231,-0.5329999999999999
00:00:24.344,1572922403405,0.7140000000000001,-0.005,27.937,0.664,3.0,0.006999999999999999,21.376,0.002,0.042,188.375,0.23,-0.5329999999999999
00:00:24.345,1572922403406,0.7140000000000001,-0.004,27.937,0.664,3.0,0.006999999999999999,21.389,0.002,0.042,188.754,0.229,-0.5329999999999999
00:00:24.346,1572922403407,0.713,-0.002,27.937,0.664,3.0,0.006,21.4,0.002,0.042,189.088,0.228,-0.5329999999999999
00:00:24.392,1572922403453,0.713,-0.001,27.937,0.664,3.0,0.006,21.412,0.002,0.042,189.445,0.227,-0.5329999999999999
00:00:24.393,1572922403454,0.713,0.0,27.937,0.664,3.0,0.006,21.424,0.002,0.042,189.802,0.225,-0.5329999999999999
00:00:24.394,1572922403455,0.713,0.0,27.937,0.664,3.0,0.006,21.436,0.002,0.042,190.159,0.224,-0.5329999999999999
00:00:24.442,1572922403503,0.713,0.0,27.937,0.664,3.0,0.005,21.448,0.002,0.042,190.538,0.223,-0.5329999999999999
00:00:24.443,1572922403504,0.7120000000000001,0.0,27.937,0.664,3.0,0.005,21.459,0.002,0.042,190.874,0.222,-0.5329999999999999
00:00:24.444,1572922403505,0.7120000000000001,0.0,27.937,0.664,3.0,0.005,21.471,0.002,0.042,191.231,0.221,-0.5329999999999999
00:00:24.495,1572922403556,0.7120000000000001,0.0,27.937,0.664,3.0,0.005,21.484,0.001,0.042,191.612,0.22,-0.5329999999999999
00:00:24.496,1572922403557,0.7120000000000001,0.0,27.937,0.664,3.0,0.004,21.495,0.001,0.042,191.948,0.219,-0.5329999999999999
00:00:24.497,1572922403558,0.711,0.0,27.937,0.664,3.0,0.004,21.507,0.001,0.042,192.306,0.218,-0.5329999999999999
00:00:24.548,1572922403609,0.711,0.0,27.937,0.664,3.0,0.004,21.519,0.001,0.042,192.687,0.21600000000000005,-0.5329999999999999
00:00:24.549,1572922403610,0.711,0.001,27.937,0.664,3.0,0.004,21.531,0.0,0.042,193.046,0.215,-0.5329999999999999
00:00:24.550,1572922403611,0.711,0.002,27.937,0.664,3.0,0.003,21.54300000000001,0.0,0.042,193.405,0.214,-0.5329999999999999
00:00:24.592,1572922403653,0.71,0.002,27.937,0.664,3.0,0.003,21.554,0.0,0.042,193.741,0.213,-0.5329999999999999
00:00:24.593,1572922403654,0.71,0.003,27.937,0.664,3.0,0.003,21.566,0.0,0.042,194.101,0.212,-0.5329999999999999
00:00:24.594,1572922403655,0.71,0.004,27.937,0.664,3.0,0.003,21.579,-0.001,0.042,194.483,0.211,-0.5329999999999999
00:00:24.645,1572922403706,0.71,0.005,27.937,0.664,3.0,0.003,21.59,-0.001,0.042,194.842,0.21,-0.5329999999999999
00:00:24.646,1572922403707,0.7090000000000001,0.005,27.937,0.664,3.0,0.003,21.602,-0.001,0.042,195.202,0.208,-0.5329999999999999
00:00:24.647,1572922403708,0.7090000000000001,0.006,27.937,0.664,3.0,0.002,21.613000000000003,-0.001,0.042,195.54,0.207,-0.5329999999999999
00:00:24.696,1572922403757,0.7090000000000001,0.006,27.937,0.664,3.0,0.002,21.626,-0.001,0.042,195.923,0.206,-0.5329999999999999
00:00:24.697,1572922403758,0.7090000000000001,0.006,27.937,0.664,3.0,0.002,21.638,-0.001,0.042,196.283,0.205,-0.5329999999999999
00:00:24.698,1572922403759,0.708,0.006,27.937,0.664,3.0,0.002,21.649,-0.001,0.042,196.644,0.204,-0.5329999999999999
00:00:24.748,1572922403809,0.708,0.005,27.937,0.664,3.0,0.002,21.661,-0.001,0.042,197.005,0.203,-0.5329999999999999
00:00:24.749,1572922403810,0.708,0.005,27.937,0.664,3.0,0.002,21.672,-0.001,0.042,197.343,0.202,-0.5329999999999999
00:00:24.750,1572922403811,0.708,0.005,27.937,0.664,3.0,0.001,21.684,-0.001,0.042,197.705,0.201,-0.5329999999999999
00:00:24.798,1572922403859,0.708,0.004,27.937,0.664,3.0,0.001,21.697,-0.001,0.042,198.08900000000003,0.199,-0.5329999999999999
00:00:24.799,1572922403860,0.7070000000000001,0.004,27.937,0.664,3.0,0.001,21.708,-0.001,0.042,198.428,0.198,-0.5329999999999999
00:00:24.800,1572922403861,0.7070000000000001,0.003,27.937,0.664,3.0,0.001,21.719,-0.001,0.042,198.79,0.197,-0.5329999999999999
00:00:24.848,1572922403909,0.7070000000000001,0.002,27.937,0.664,3.0,0.001,21.731,-0.001,0.042,199.152,0.196,-0.5329999999999999
00:00:24.849,1572922403910,0.7070000000000001,0.001,27.937,0.664,3.0,0.001,21.744,-0.001,0.042,199.537,0.195,-0.5329999999999999
00:00:24.850,1572922403911,0.706,0.001,27.937,0.664,3.0,0.001,21.755,-0.001,0.042,199.877,0.194,-0.5329999999999999
00:00:24.898,1572922403959,0.706,0.001,27.937,0.664,3.0,0.001,21.766,-0.001,0.042,200.239,0.193,-0.5329999999999999
00:00:24.899,1572922403960,0.706,0.0,27.937,0.664,3.0,0.001,21.779,-0.001,0.042,200.625,0.192,-0.5329999999999999
00:00:24.900,1572922403961,0.706,0.0,27.937,0.664,3.0,0.001,21.791,-0.001,0.042,200.988,0.19,-0.5329999999999999
00:00:24.948,1572922404009,0.706,-0.001,27.937,0.664,3.0,0.001,21.802,-0.001,0.042,201.351,0.189,-0.5329999999999999
00:00:24.949,1572922404010,0.705,-0.001,27.937,0.664,3.0,0.001,21.814,-0.001,0.042,201.715,0.188,-0.5329999999999999
00:00:24.950,1572922404011,0.705,-0.002,27.937,0.664,3.0,0.0,21.826,-0.001,0.042,202.078,0.187,-0.5329999999999999
00:00:24.998,1572922404059,0.705,-0.002,27.937,0.664,3.0,0.0,21.838,-0.001,0.042,202.442,0.18600000000000005,-0.5329999999999999
00:00:24.999,1572922404060,0.705,-0.003,27.937,0.664,3.0,0.001,21.849,0.0,0.042,202.784,0.185,-0.5329999999999999
00:00:25.000,1572922404061,0.7040000000000001,-0.003,27.937,0.664,3.0,0.001,21.861,0.0,0.042,203.171,0.184,-0.5329999999999999
00:00:25.048,1572922404109,0.7040000000000001,-0.004,27.937,0.664,3.0,0.001,21.873,0.0,0.042,203.535,0.183,-0.5329999999999999
00:00:25.049,1572922404110,0.7040000000000001,-0.004,27.937,0.664,3.0,0.001,21.885,0.0,0.042,203.9,0.181,-0.5329999999999999
00:00:25.050,1572922404111,0.7040000000000001,-0.005,27.937,0.664,3.0,0.001,21.896,0.0,0.042,204.265,0.18,-0.5329999999999999
00:00:25.105,1572922404166,0.703,-0.006,27.937,0.664,3.0,0.001,21.908,0.0,0.042,204.63,0.179,-0.5329999999999999
00:00:25.106,1572922404167,0.703,-0.006999999999999999,27.937,0.664,3.0,0.001,21.92,0.0,0.042,204.995,0.17800000000000002,-0.5329999999999999
00:00:25.107,1572922404168,0.703,-0.008,27.937,0.664,3.0,0.001,21.932,0.0,0.042,205.36,0.177,-0.5329999999999999
00:00:25.108,1572922404169,0.703,-0.009000000000000001,27.937,0.664,3.0,0.001,21.943,0.0,0.042,205.726,0.17600000000000002,-0.5329999999999999
00:00:25.158,1572922404219,0.7020000000000001,-0.011,27.937,0.664,3.0,0.001,21.955,0.0,0.042,206.092,0.175,-0.534
00:00:25.159,1572922404220,0.7020000000000001,-0.013,27.937,0.664,3.0,0.001,21.966,0.0,0.042,206.435,0.174,-0.534
00:00:25.160,1572922404221,0.7020000000000001,-0.015,27.937,0.664,3.0,0.001,21.978,0.0,0.042,206.824,0.172,-0.534
00:00:25.208,1572922404269,0.7020000000000001,-0.016,27.937,0.664,3.0,0.001,21.99,0.0,0.042,207.19,0.171,-0.534
00:00:25.209,1572922404270,0.7020000000000001,-0.018000000000000002,27.937,0.664,3.0,0.001,22.001,0.0,0.042,207.534,0.17,-0.534
00:00:25.210,1572922404271,0.701,-0.019,27.937,0.664,3.0,0.001,22.013,0.0,0.042,207.924,0.16899999999999998,-0.534
00:00:25.258,1572922404319,0.701,-0.02,27.937,0.664,3.0,0.002,22.025,0.0,0.042,208.291,0.168,-0.534
00:00:25.259,1572922404320,0.701,-0.02,27.937,0.664,3.0,0.002,22.037,0.001,0.042,208.658,0.166,-0.534
00:00:25.260,1572922404321,0.701,-0.02,27.937,0.664,3.0,0.002,22.048,0.001,0.042,209.025,0.165,-0.534
00:00:25.311,1572922404372,0.7,-0.02,27.937,0.664,3.0,0.002,22.06,0.001,0.042,209.393,0.16399999999999998,-0.534
00:00:25.312,1572922404373,0.7,-0.02,27.937,0.664,3.0,0.002,22.072,0.001,0.042,209.761,0.163,-0.534
00:00:25.313,1572922404374,0.7,-0.019,27.937,0.664,3.0,0.003,22.083,0.001,0.042,210.128,0.162,-0.534
00:00:25.365,1572922404426,0.7,-0.019,27.937,0.664,3.0,0.003,22.095,0.001,0.042,210.497,0.16,-0.534
00:00:25.366,1572922404427,0.6990000000000001,-0.019,27.937,0.664,3.0,0.003,22.107,0.001,0.042,210.865,0.159,-0.534
00:00:25.367,1572922404428,0.6990000000000001,-0.019,27.791,1.128,3.0,0.003,22.118,0.002,0.042,211.234,0.158,-0.534
00:00:25.408,1572922404469,0.696,-0.019,27.791,1.128,3.0,0.004,22.13,0.002,0.042,211.602,0.157,-0.534
00:00:25.409,1572922404470,0.691,-0.019,27.791,1.128,3.0,0.004,22.141,0.002,0.042,211.971,0.155,-0.534
00:00:25.410,1572922404471,0.687,-0.019,27.791,1.128,3.0,0.004,22.153,0.002,0.042,212.34,0.154,-0.534
00:00:25.459,1572922404520,0.684,-0.019,27.791,1.128,3.0,0.004,22.164,0.002,0.042,212.71,0.153,-0.534
00:00:25.460,1572922404521,0.682,-0.019,27.791,1.128,3.0,0.004,22.175,0.002,0.042,213.079,0.152,-0.534
00:00:25.461,1572922404522,0.6809999999999999,-0.019,25.447,0.664,3.0,0.004,22.187,0.002,0.042,213.449,0.15,-0.534
00:00:25.511,1572922404572,0.6829999999999999,-0.018000000000000002,25.447,0.664,3.0,0.005,22.198,0.002,0.042,213.819,0.149,-0.534
00:00:25.512,1572922404573,0.682,-0.018000000000000002,25.447,0.664,3.0,0.005,22.21,0.002,0.041,214.189,0.14800000000000002,-0.534
00:00:25.513,1572922404574,0.6709999999999999,-0.017,25.447,0.664,3.0,0.005,22.221,0.003,0.041,214.55900000000003,0.147,-0.534
00:00:25.570,1572922404631,0.654,-0.017,25.447,0.664,3.0,0.005,22.231,0.003,0.041,214.929,0.145,-0.534
00:00:25.571,1572922404632,0.639,-0.016,25.447,0.664,3.0,0.005,22.241,0.003,0.041,215.277,0.14400000000000002,-0.534
00:00:25.572,1572922404633,0.628,-0.015,20.979,0.664,3.0,0.005,22.252,0.003,0.04,215.671,0.14300000000000002,-0.534
00:00:25.617,1572922404678,0.622,-0.014,20.979,0.664,3.0,0.005,22.262,0.003,0.04,216.042,0.141,-0.534
00:00:25.618,1572922404679,0.613,-0.013,20.979,0.664,3.0,0.005,22.272,0.003,0.039,216.39,0.14,-0.534
00:00:25.619,1572922404680,0.5870000000000001,-0.012,20.979,0.664,3.0,0.005,22.282,0.002,0.038,216.784,0.139,-0.534
00:00:25.667,1572922404728,0.551,-0.01,20.979,0.664,3.0,0.005,22.29,0.002,0.037000000000000005,217.156,0.13699999999999998,-0.534
00:00:25.668,1572922404729,0.52,-0.008,20.979,0.664,3.0,0.005,22.299,0.002,0.036000000000000004,217.527,0.136,-0.534
00:00:25.669,1572922404730,0.504,-0.006,16.292,0.664,3.0,0.005,22.307,0.002,0.035,217.899,0.135,-0.534
00:00:25.717,1572922404778,0.502,-0.003,16.292,0.664,3.0,0.005,22.315,0.002,0.034,218.271,0.133,-0.534
00:00:25.718,1572922404779,0.49,0.001,16.292,0.664,3.0,0.005,22.323,0.002,0.032,218.643,0.132,-0.534
00:00:25.719,1572922404780,0.459,0.005,16.292,0.664,3.0,0.005,22.33,0.002,0.031,219.015,0.131,-0.534
00:00:25.772,1572922404833,0.419,0.01,16.292,0.664,3.0,0.005,22.337,0.002,0.029,219.387,0.129,-0.534
00:00:25.773,1572922404834,0.386,0.016,16.292,0.664,3.0,0.005,22.343000000000004,0.002,0.027000000000000003,219.759,0.128,-0.534
00:00:25.774,1572922404835,0.366,0.022,9.626,0.664,3.0,0.005,22.349,0.002,0.025,220.132,0.127,-0.534
00:00:25.820,1572922404881,0.35100000000000003,0.029,9.626,0.664,3.0,0.005,22.354,0.002,0.022,220.504,0.126,-0.534
00:00:25.821,1572922404882,0.309,0.036000000000000004,9.626,0.664,3.0,0.005,22.359,0.003,0.02,220.877,0.124,-0.534
00:00:25.822,1572922404883,0.229,0.043,9.626,0.664,3.0,0.004,22.361,0.003,0.016,221.25,0.123,-0.534
00:00:25.823,1572922404884,0.139,0.051,9.626,0.664,3.0,0.004,22.362,0.002,0.013,221.622,0.122,-0.5329999999999999
00:00:25.871,1572922404932,0.066,0.058,9.626,0.664,3.0,0.003,22.362,0.002,0.009000000000000001,221.995,0.121,-0.5329999999999999
00:00:25.872,1572922404933,0.018000000000000002,0.065,1.936,0.664,3.0,0.002,22.362,0.002,0.005,222.368,0.119,-0.5329999999999999
00:00:25.873,1572922404934,-0.006,0.071,1.936,0.664,3.0,0.001,22.362,0.002,0.0,222.74,0.118,-0.5329999999999999
00:00:25.921,1572922404982,-0.028,0.078,1.936,0.664,3.0,0.0,22.361,0.002,-0.005,223.113,0.117,-0.5329999999999999
00:00:25.922,1572922404983,-0.071,0.084,1.936,0.664,3.0,-0.001,22.359,0.001,-0.01,223.486,0.116,-0.5329999999999999
00:00:25.923,1572922404984,-0.152,0.093,1.936,0.664,3.0,-0.003,22.355,0.001,-0.016,223.858,0.115,-0.5329999999999999
00:00:25.975,1572922405036,-0.203,0.099,1.936,0.664,3.0,-0.004,22.352,0.001,-0.019,224.068,0.114,-0.5329999999999999
00:00:25.976,1572922405037,-0.257,0.107,1.936,0.664,3.0,-0.006,22.34800000000001,0.0,-0.024,224.417,0.113,-0.5329999999999999
00:00:25.977,1572922405038,-0.259,0.109,1.13,0.664,3.0,-0.008,22.344,-0.001,-0.031,224.79,0.112,-0.5329999999999999
00:00:26.021,1572922405082,-0.243,0.109,1.13,0.664,3.0,-0.009000000000000001,22.34,-0.001,-0.037000000000000005,225.162,0.111,-0.5329999999999999
00:00:26.022,1572922405083,-0.258,0.112,1.13,0.664,3.0,-0.011,22.335,-0.002,-0.043,225.534,0.11,-0.5329999999999999
00:00:26.023,1572922405084,-0.279,0.116,1.13,0.664,3.0,-0.013,22.33,-0.003,-0.049,225.906,0.109,-0.5329999999999999
00:00:26.071,1572922405132,-0.275,0.117,1.13,0.664,3.0,-0.014,22.326,-0.004,-0.054000000000000006,226.279,0.108,-0.5329999999999999
00:00:26.072,1572922405133,-0.279,0.119,1.13,0.664,3.0,-0.016,22.321,-0.005,-0.06,226.651,0.107,-0.5329999999999999
00:00:26.073,1572922405134,-0.28,0.12,1.13,0.664,3.0,-0.018000000000000002,22.317,-0.006,-0.066,227.023,0.106,-0.5329999999999999
00:00:26.121,1572922405182,-0.281,0.122,1.13,0.664,3.0,-0.019,22.312,-0.006999999999999999,-0.071,227.394,0.105,-0.5329999999999999
00:00:26.122,1572922405183,-0.282,0.124,1.13,0.664,3.0,-0.02,22.307,-0.008,-0.076,227.766,0.105,-0.5329999999999999
00:00:26.123,1572922405184,-0.28300000000000003,0.125,1.13,0.664,3.0,-0.022,22.302,-0.009000000000000001,-0.08,228.138,0.104,-0.5329999999999999
00:00:26.171,1572922405232,-0.284,0.127,1.13,0.664,3.0,-0.023,22.298,-0.01,-0.084,228.51,0.103,-0.5329999999999999
00:00:26.172,1572922405233,-0.284,0.129,1.13,0.664,3.0,-0.024,22.29300000000001,-0.01,-0.08800000000000001,228.881,0.102,-0.5329999999999999
00:00:26.173,1572922405234,-0.285,0.13,1.789,0.664,3.0,-0.025,22.288,-0.011,-0.092,229.253,0.102,-0.5329999999999999
00:00:26.222,1572922405283,-0.277,0.13,1.789,0.664,3.0,-0.026,22.284,-0.011,-0.095,229.624,0.101,-0.5329999999999999
00:00:26.223,1572922405284,-0.267,0.13,1.789,0.664,3.0,-0.027000000000000003,22.279,-0.012,-0.097,229.996,0.101,-0.5329999999999999
00:00:26.224,1572922405285,-0.264,0.13,1.789,0.664,3.0,-0.028,22.275,-0.012,-0.1,230.367,0.1,-0.5329999999999999
00:00:26.274,1572922405335,-0.264,0.129,1.789,0.664,3.0,-0.029,22.271,-0.012,-0.101,230.738,0.1,-0.5329999999999999
00:00:26.275,1572922405336,-0.264,0.128,1.789,0.664,3.0,-0.03,22.266,-0.012,-0.102,231.109,0.099,-0.5329999999999999
00:00:26.276,1572922405337,-0.264,0.127,3.474,0.664,3.0,-0.031,22.262,-0.012,-0.103,231.48,0.099,-0.5329999999999999
00:00:26.324,1572922405385,-0.259,0.123,3.474,0.664,3.0,-0.032,22.25800000000001,-0.012,-0.104,231.851,0.098,-0.5329999999999999
00:00:26.325,1572922405386,-0.245,0.119,3.474,0.664,3.0,-0.032,22.254,-0.012,-0.103,232.222,0.098,-0.5329999999999999
00:00:26.326,1572922405387,-0.229,0.114,3.474,0.664,3.0,-0.033,22.25,-0.012,-0.103,232.593,0.098,-0.534
00:00:26.374,1572922405435,-0.21600000000000005,0.11,3.474,0.664,3.0,-0.033,22.247,-0.012,-0.102,232.96400000000003,0.097,-0.534
00:00:26.375,1572922405436,-0.207,0.107,3.474,0.664,3.0,-0.033,22.243,-0.012,-0.101,233.335,0.097,-0.534
00:00:26.376,1572922405437,-0.202,0.103,8.088,0.664,3.0,-0.033,22.24,-0.011,-0.099,233.705,0.097,-0.534
00:00:26.424,1572922405485,-0.197,0.1,8.088,0.664,3.0,-0.034,22.237,-0.011,-0.098,234.076,0.097,-0.534
00:00:26.425,1572922405486,-0.184,0.097,8.088,0.664,3.0,-0.034,22.234,-0.011,-0.096,234.447,0.096,-0.534
00:00:26.426,1572922405487,-0.156,0.093,8.088,0.664,3.0,-0.034,22.232,-0.01,-0.093,234.817,0.096,-0.534
00:00:26.476,1572922405537,-0.118,0.09,8.088,0.664,3.0,-0.034,22.231,-0.01,-0.091,235.188,0.096,-0.534
00:00:26.477,1572922405538,-0.08,0.087,8.088,0.664,3.0,-0.033,22.23,-0.009000000000000001,-0.08800000000000001,235.558,0.096,-0.534
00:00:26.478,1572922405539,-0.053,0.084,12.922,0.664,3.0,-0.033,22.229,-0.009000000000000001,-0.084,235.929,0.096,-0.534
00:00:26.524,1572922405585,-0.036000000000000004,0.08199999999999999,12.922,0.664,3.0,-0.033,22.229,-0.008,-0.081,236.299,0.096,-0.534
00:00:26.525,1572922405586,-0.012,0.079,12.922,0.664,3.0,-0.033,22.229,-0.008,-0.077,236.67,0.096,-0.534
00:00:26.526,1572922405587,0.022,0.076,12.922,0.664,3.0,-0.033,22.23,-0.006999999999999999,-0.073,237.04,0.096,-0.535
00:00:26.575,1572922405636,0.06,0.07400000000000001,12.922,0.664,3.0,-0.033,22.231,-0.006999999999999999,-0.068,237.411,0.096,-0.535
00:00:26.576,1572922405637,0.09,0.071,12.922,0.664,3.0,-0.032,22.233,-0.006,-0.064,237.781,0.096,-0.535
00:00:26.577,1572922405638,0.11,0.068,14.827,0.664,3.0,-0.032,22.235,-0.006,-0.059,238.152,0.096,-0.535
00:00:26.627,1572922405688,0.121,0.064,14.827,0.664,3.0,-0.032,22.237,-0.005,-0.054000000000000006,238.522,0.096,-0.535
00:00:26.628,1572922405689,0.132,0.06,14.827,0.664,3.0,-0.031,22.24,-0.005,-0.049,238.893,0.096,-0.534
00:00:26.629,1572922405690,0.14400000000000002,0.056,14.827,0.664,3.0,-0.031,22.242,-0.004,-0.044,239.264,0.096,-0.534
00:00:26.677,1572922405738,0.156,0.05,14.827,0.664,3.0,-0.031,22.245,-0.004,-0.039,239.634,0.096,-0.534
00:00:26.678,1572922405739,0.165,0.045,14.827,0.664,3.0,-0.031,22.248,-0.004,-0.035,240.005,0.096,-0.534
00:00:26.679,1572922405740,0.172,0.039,16.145,0.664,3.0,-0.031,22.251,-0.004,-0.03,240.376,0.096,-0.534
00:00:26.727,1572922405788,0.17800000000000002,0.033,16.145,0.664,3.0,-0.03,22.254,-0.004,-0.026,240.747,0.096,-0.534
00:00:26.728,1572922405789,0.187,0.027000000000000003,16.145,0.664,3.0,-0.03,22.257,-0.004,-0.022,241.118,0.096,-0.534
00:00:26.729,1572922405790,0.198,0.022,16.145,0.664,3.0,-0.029,22.261,-0.004,-0.018000000000000002,241.489,0.097,-0.534
00:00:26.777,1572922405838,0.21,0.018000000000000002,16.145,0.664,3.0,-0.028,22.264,-0.004,-0.015,241.86,0.097,-0.534
00:00:26.778,1572922405839,0.219,0.014,16.145,0.664,3.0,-0.027000000000000003,22.268,-0.004,-0.012,242.231,0.097,-0.534
00:00:26.779,1572922405840,0.226,0.011,18.269,0.664,3.0,-0.027000000000000003,22.272,-0.004,-0.009000000000000001,242.602,0.097,-0.534
00:00:26.827,1572922405888,0.234,0.009000000000000001,18.269,0.664,3.0,-0.026,22.276,-0.004,-0.006,242.973,0.097,-0.534
00:00:26.828,1572922405889,0.248,0.006999999999999999,18.269,0.664,3.0,-0.025,22.28,-0.003,-0.004,243.345,0.097,-0.534
00:00:26.829,1572922405890,0.267,0.006,18.269,0.664,3.0,-0.024,22.285,-0.003,-0.002,243.716,0.097,-0.534
00:00:26.878,1572922405939,0.287,0.004,18.269,0.664,3.0,-0.023,22.29,-0.003,0.0,244.087,0.098,-0.534
00:00:26.879,1572922405940,0.304,0.002,18.269,0.664,3.0,-0.022,22.295,-0.002,0.001,244.459,0.098,-0.534
00:00:26.880,1572922405941,0.316,0.001,18.635,0.664,3.0,-0.021,22.301,-0.002,0.002,244.831,0.098,-0.534
00:00:26.928,1572922405989,0.324,-0.001,18.635,0.664,3.0,-0.02,22.306,-0.002,0.003,245.202,0.098,-0.534
00:00:26.929,1572922405990,0.329,-0.002,18.635,0.664,3.0,-0.019,22.312,-0.001,0.004,245.574,0.098,-0.534
00:00:26.930,1572922405991,0.333,-0.003,18.635,0.664,3.0,-0.018000000000000002,22.318,-0.001,0.005,245.946,0.098,-0.534
00:00:26.978,1572922406039,0.336,-0.004,18.635,0.664,3.0,-0.017,22.323,-0.001,0.005,246.318,0.099,-0.534
00:00:26.979,1572922406040,0.337,-0.005,18.635,0.664,3.0,-0.016,22.329,0.0,0.005,246.69,0.099,-0.534
00:00:26.980,1572922406041,0.338,-0.006,18.928,0.664,3.0,-0.016,22.334,0.0,0.005,247.062,0.099,-0.534
00:00:27.031,1572922406092,0.338,-0.006999999999999999,18.928,0.664,3.0,-0.015,22.34,0.0,0.005,247.435,0.099,-0.534
00:00:27.032,1572922406093,0.339,-0.008,18.928,0.664,3.0,-0.014,22.346,0.001,0.005,247.807,0.099,-0.534
00:00:27.033,1572922406094,0.342,-0.008,18.928,0.664,3.0,-0.013,22.351,0.001,0.005,248.18,0.099,-0.534
00:00:27.080,1572922406141,0.344,-0.009000000000000001,18.928,0.664,3.0,-0.013,22.357,0.001,0.004,248.552,0.099,-0.534
00:00:27.081,1572922406142,0.34600000000000003,-0.009000000000000001,18.928,0.664,3.0,-0.012,22.363000000000003,0.001,0.004,248.925,0.099,-0.534
00:00:27.082,1572922406143,0.348,-0.01,19.295,0.664,3.0,-0.011,22.369,0.002,0.003,249.298,0.1,-0.534
00:00:27.130,1572922406191,0.35,-0.01,19.295,0.664,3.0,-0.011,22.375,0.002,0.003,249.67,0.1,-0.534
00:00:27.131,1572922406192,0.35200000000000004,-0.009000000000000001,19.295,0.664,3.0,-0.01,22.381,0.002,0.002,250.043,0.1,-0.534
00:00:27.132,1572922406193,0.35600000000000004,-0.009000000000000001,19.295,0.664,3.0,-0.01,22.387,0.002,0.002,250.416,0.1,-0.534
00:00:27.180,1572922406241,0.359,-0.008,19.295,0.664,3.0,-0.009000000000000001,22.393,0.002,0.001,250.79,0.1,-0.534
00:00:27.181,1572922406242,0.362,-0.006999999999999999,19.295,0.664,3.0,-0.009000000000000001,22.399,0.002,0.001,251.163,0.1,-0.534
00:00:27.182,1572922406243,0.364,-0.006,19.295,0.664,3.0,-0.008,22.405,0.002,0.001,251.536,0.1,-0.534
00:00:27.230,1572922406291,0.365,-0.005,19.295,0.664,3.0,-0.008,22.411,0.002,0.0,251.91,0.1,-0.534
00:00:27.231,1572922406292,0.366,-0.004,19.295,0.664,3.0,-0.006999999999999999,22.417,0.002,0.0,252.283,0.101,-0.534
00:00:27.232,1572922406293,0.366,-0.004,19.295,0.664,3.0,-0.006999999999999999,22.423,0.002,0.0,252.657,0.101,-0.534
00:00:27.280,1572922406341,0.365,-0.002,19.295,0.664,3.0,-0.006,22.429,0.002,0.0,253.031,0.101,-0.534
00:00:27.281,1572922406342,0.365,-0.001,19.295,0.664,3.0,-0.006,22.435,0.002,-0.001,253.405,0.101,-0.534
00:00:27.282,1572922406343,0.364,0.0,19.148,0.664,3.0,-0.006,22.441,0.002,-0.001,253.779,0.101,-0.534
00:00:27.332,1572922406393,0.363,0.002,19.148,0.664,3.0,-0.006,22.447,0.002,-0.001,254.153,0.101,-0.534
00:00:27.333,1572922406394,0.362,0.003,19.148,0.664,3.0,-0.005,22.45300000000001,0.002,-0.001,254.527,0.101,-0.534
00:00:27.334,1572922406395,0.36,0.005,19.148,0.664,3.0,-0.005,22.459,0.002,-0.001,254.901,0.101,-0.534
00:00:27.383,1572922406444,0.359,0.006999999999999999,19.148,0.664,3.0,-0.005,22.465,0.001,-0.001,255.275,0.102,-0.534
00:00:27.384,1572922406445,0.35700000000000004,0.008,19.148,0.664,3.0,-0.005,22.471,0.001,-0.002,255.65,0.102,-0.534
00:00:27.385,1572922406446,0.35600000000000004,0.01,17.317,0.664,3.0,-0.005,22.477,0.001,-0.002,256.024,0.102,-0.534
00:00:27.434,1572922406495,0.35100000000000003,0.011,17.317,0.664,3.0,-0.005,22.483,0.001,-0.002,256.399,0.102,-0.534
00:00:27.435,1572922406496,0.339,0.012,17.317,0.664,3.0,-0.005,22.488000000000003,0.001,-0.002,256.774,0.102,-0.534
00:00:27.436,1572922406497,0.322,0.014,17.317,0.664,3.0,-0.005,22.493,0.0,-0.003,257.149,0.102,-0.534
00:00:27.484,1572922406545,0.304,0.015,17.317,0.664,3.0,-0.005,22.498,0.0,-0.003,257.524,0.102,-0.534
00:00:27.485,1572922406546,0.28800000000000003,0.016,17.317,0.664,3.0,-0.005,22.503,0.0,-0.003,257.899,0.102,-0.534
00:00:27.486,1572922406547,0.277,0.018000000000000002,11.311,0.664,3.0,-0.005,22.507,0.0,-0.004,258.274,0.103,-0.534
00:00:27.534,1572922406595,0.259,0.019,11.311,0.664,3.0,-0.005,22.511,-0.001,-0.005,258.649,0.103,-0.534
00:00:27.535,1572922406596,0.222,0.021,11.311,0.664,3.0,-0.005,22.514,-0.001,-0.006,259.024,0.103,-0.534
00:00:27.536,1572922406597,0.172,0.023,11.311,0.664,3.0,-0.005,22.517,-0.001,-0.006999999999999999,259.399,0.103,-0.534
00:00:27.594,1572922406655,0.119,0.026,11.311,0.664,3.0,-0.005,22.518,-0.001,-0.009000000000000001,259.775,0.103,-0.534
00:00:27.595,1572922406656,0.07400000000000001,0.028,11.311,0.664,3.0,-0.005,22.518,-0.001,-0.01,260.15,0.103,-0.534
00:00:27.596,1572922406657,0.042,0.031,1.13,0.664,3.0,-0.005,22.519,-0.001,-0.013,260.525,0.104,-0.534
00:00:27.597,1572922406658,0.012,0.033,1.13,0.664,3.0,-0.005,22.518,-0.001,-0.015,260.901,0.104,-0.534
00:00:27.644,1572922406705,-0.042,0.036000000000000004,1.13,0.664,3.0,-0.006,22.517,-0.001,-0.018000000000000002,261.276,0.104,-0.534
00:00:27.645,1572922406706,-0.127,0.038,1.13,0.664,3.0,-0.006,22.513,-0.002,-0.021,261.651,0.104,-0.534
00:00:27.646,1572922406707,-0.21600000000000005,0.041,1.13,0.664,3.0,-0.006,22.509,-0.002,-0.025,262.026,0.105,-0.534
00:00:27.695,1572922406756,-0.287,0.044,1.13,0.664,3.0,-0.006999999999999999,22.503,-0.002,-0.029,262.401,0.105,-0.534
00:00:27.696,1572922406757,-0.331,0.043,1.13,0.664,3.0,-0.006999999999999999,22.497,-0.002,-0.034,262.776,0.105,-0.534
00:00:27.697,1572922406758,-0.35,0.043,1.13,0.664,3.0,-0.008,22.491,-0.002,-0.039,263.151,0.105,-0.534
00:00:27.755,1572922406816,-0.333,0.044,1.13,0.664,3.0,-0.008,22.486,-0.002,-0.044,263.526,0.106,-0.534
00:00:27.756,1572922406817,-0.3,0.044,1.13,0.664,3.0,-0.009000000000000001,22.481,-0.002,-0.049,263.901,0.106,-0.534
00:00:27.757,1572922406818,-0.287,0.043,1.13,0.664,3.0,-0.009000000000000001,22.477,-0.002,-0.054000000000000006,264.276,0.106,-0.534
00:00:27.758,1572922406819,-0.298,0.044,1.13,0.664,3.0,-0.009000000000000001,22.471,-0.003,-0.059,264.65,0.106,-0.534
00:00:27.806,1572922406867,-0.297,0.043,1.13,0.664,3.0,-0.01,22.467,-0.003,-0.064,265.025,0.107,-0.534
00:00:27.807,1572922406868,-0.298,0.043,1.13,0.664,3.0,-0.01,22.462,-0.003,-0.068,265.399,0.107,-0.534
00:00:27.808,1572922406869,-0.297,0.042,1.13,0.664,3.0,-0.011,22.457,-0.003,-0.073,265.773,0.107,-0.534
00:00:27.863,1572922406924,-0.297,0.042,1.13,0.664,3.0,-0.011,22.452,-0.004,-0.077,266.148,0.108,-0.534
00:00:27.864,1572922406925,-0.297,0.042,1.13,0.664,3.0,-0.011,22.447,-0.004,-0.081,266.522,0.108,-0.5329999999999999
00:00:27.865,1572922406926,-0.297,0.042,1.13,0.664,3.0,-0.011,22.442,-0.004,-0.085,266.896,0.109,-0.5329999999999999
00:00:27.909,1572922406970,-0.297,0.042,1.13,0.664,3.0,-0.012,22.437,-0.004,-0.08800000000000001,267.27,0.109,-0.5329999999999999
00:00:27.910,1572922406971,-0.297,0.042,1.13,0.664,3.0,-0.012,22.432,-0.004,-0.091,267.644,0.109,-0.5329999999999999
00:00:27.911,1572922406972,-0.297,0.042,1.13,0.664,3.0,-0.012,22.427,-0.004,-0.094,268.017,0.11,-0.5329999999999999
00:00:27.959,1572922407020,-0.297,0.042,1.13,0.664,3.0,-0.012,22.422,-0.004,-0.097,268.391,0.11,-0.5329999999999999
00:00:27.960,1572922407021,-0.297,0.042,1.13,0.664,3.0,-0.012,22.417,-0.004,-0.099,268.765,0.111,-0.5329999999999999
00:00:27.961,1572922407022,-0.297,0.042,1.13,0.664,3.0,-0.013,22.412,-0.004,-0.101,269.138,0.111,-0.5329999999999999
00:00:28.019,1572922407080,-0.297,0.041,1.13,0.664,3.0,-0.013,22.407,-0.004,-0.103,269.512,0.112,-0.5329999999999999
00:00:28.020,1572922407081,-0.297,0.041,1.13,0.664,3.0,-0.013,22.402,-0.004,-0.104,269.885,0.112,-0.5329999999999999
00:00:28.021,1572922407082,-0.297,0.04,1.13,0.664,3.0,-0.013,22.397,-0.004,-0.105,270.259,0.113,-0.534
00:00:28.070,1572922407131,-0.297,0.039,1.13,0.664,3.0,-0.013,22.392,-0.004,-0.105,270.632,0.113,-0.534
00:00:28.071,1572922407132,-0.297,0.039,1.13,0.664,3.0,-0.013,22.387,-0.004,-0.105,271.005,0.114,-0.534
00:00:28.072,1572922407133,-0.297,0.038,1.13,0.664,3.0,-0.013,22.382,-0.004,-0.105,271.378,0.114,-0.534
00:00:28.073,1572922407134,-0.29600000000000004,0.037000000000000005,1.643,0.664,3.0,-0.013,22.377,-0.004,-0.105,271.751,0.115,-0.534
00:00:28.122,1572922407183,-0.28800000000000003,0.034,1.643,0.664,3.0,-0.013,22.373,-0.004,-0.104,272.124,0.115,-0.534
00:00:28.123,1572922407184,-0.282,0.032,1.643,0.664,3.0,-0.013,22.368,-0.003,-0.103,272.497,0.116,-0.534
00:00:28.124,1572922407185,-0.279,0.03,1.643,0.664,3.0,-0.013,22.364,-0.003,-0.102,272.87,0.116,-0.534
00:00:28.177,1572922407238,-0.278,0.027000000000000003,1.643,0.664,3.0,-0.013,22.359,-0.003,-0.101,273.242,0.117,-0.534
00:00:28.178,1572922407239,-0.278,0.024,1.643,0.664,3.0,-0.013,22.354,-0.003,-0.1,273.615,0.117,-0.534
00:00:28.179,1572922407240,-0.278,0.02,1.643,0.664,3.0,-0.013,22.35,-0.003,-0.098,273.988,0.118,-0.534
00:00:28.234,1572922407295,-0.277,0.016,1.643,0.664,3.0,-0.013,22.345,-0.003,-0.097,274.36,0.119,-0.534
00:00:28.235,1572922407296,-0.277,0.012,1.643,0.664,3.0,-0.013,22.34,-0.003,-0.095,274.732,0.119,-0.534
00:00:28.236,1572922407297,-0.277,0.006999999999999999,1.643,0.664,3.0,-0.013,22.336,-0.003,-0.094,275.128,0.12,-0.535
00:00:28.277,1572922407338,-0.277,0.003,1.643,0.664,3.0,-0.013,22.331,-0.004,-0.092,275.47700000000003,0.12,-0.535
00:00:28.278,1572922407339,-0.277,-0.001,1.643,0.664,3.0,-0.013,22.327,-0.004,-0.091,275.849,0.121,-0.535
00:00:28.279,1572922407340,-0.276,-0.006,2.082,0.664,3.0,-0.012,22.322,-0.003,-0.08900000000000001,276.244,0.122,-0.535
00:00:28.327,1572922407388,-0.27,-0.009000000000000001,2.082,0.664,3.0,-0.012,22.317,-0.003,-0.08800000000000001,276.616,0.122,-0.535
00:00:28.328,1572922407389,-0.264,-0.012,2.082,0.664,3.0,-0.011,22.313,-0.003,-0.087,276.965,0.123,-0.535
00:00:28.329,1572922407390,-0.262,-0.015,2.082,0.664,3.0,-0.01,22.309,-0.003,-0.086,277.337,0.123,-0.535
00:00:28.377,1572922407438,-0.261,-0.017,2.082,0.664,3.0,-0.01,22.305,-0.003,-0.084,277.709,0.124,-0.535
00:00:28.378,1572922407439,-0.261,-0.019,2.082,0.664,3.0,-0.009000000000000001,22.3,-0.003,-0.083,278.08,0.124,-0.535
00:00:28.379,1572922407440,-0.261,-0.021,2.302,0.664,3.0,-0.008,22.296,-0.002,-0.08199999999999999,278.452,0.125,-0.535
00:00:28.428,1572922407489,-0.258,-0.022,2.302,0.664,3.0,-0.006999999999999999,22.292,-0.002,-0.08199999999999999,278.824,0.125,-0.535
00:00:28.429,1572922407490,-0.254,-0.023,2.302,0.664,3.0,-0.006999999999999999,22.288,-0.001,-0.081,279.195,0.126,-0.535
00:00:28.430,1572922407491,-0.253,-0.025,2.302,0.664,3.0,-0.006,22.283,-0.001,-0.08,279.567,0.127,-0.535
00:00:28.478,1572922407539,-0.252,-0.026,2.302,0.664,3.0,-0.005,22.279,0.0,-0.079,279.938,0.127,-0.535
00:00:28.479,1572922407540,-0.252,-0.028,2.302,0.664,3.0,-0.004,22.275,0.0,-0.079,280.309,0.128,-0.535
00:00:28.480,1572922407541,-0.252,-0.03,2.448,0.664,3.0,-0.004,22.27,0.001,-0.078,280.704,0.128,-0.535
00:00:28.531,1572922407592,-0.25,-0.032,2.448,0.664,3.0,-0.003,22.267,0.001,-0.078,281.052,0.129,-0.535
00:00:28.532,1572922407593,-0.248,-0.034,2.448,0.664,3.0,-0.002,22.262,0.002,-0.078,281.446,0.129,-0.535
00:00:28.533,1572922407594,-0.247,-0.036000000000000004,2.448,0.664,3.0,-0.002,22.25800000000001,0.002,-0.077,281.7940000000001,0.13,-0.535
00:00:28.581,1572922407642,-0.247,-0.038,2.448,0.664,3.0,-0.001,22.254,0.003,-0.077,282.165,0.13,-0.535
00:00:28.582,1572922407643,-0.247,-0.04,2.448,0.664,3.0,0.0,22.25,0.003,-0.077,282.535,0.131,-0.535
00:00:28.583,1572922407644,-0.247,-0.042,2.448,0.664,3.0,0.0,22.246,0.003,-0.077,282.9290000000001,0.131,-0.535
00:00:28.631,1572922407692,-0.247,-0.043,2.448,0.664,3.0,0.001,22.242,0.003,-0.077,283.277,0.131,-0.535
00:00:28.632,1572922407693,-0.247,-0.044,2.448,0.664,3.0,0.002,22.238000000000003,0.004,-0.077,283.648,0.132,-0.535
00:00:28.633,1572922407694,-0.247,-0.045,2.448,0.664,3.0,0.002,22.233,0.004,-0.078,284.041,0.132,-0.535
00:00:28.684,1572922407745,-0.247,-0.045,2.448,0.664,3.0,0.003,22.23,0.004,-0.078,284.389,0.133,-0.535
00:00:28.685,1572922407746,-0.247,-0.045,2.448,0.664,3.0,0.003,22.225,0.004,-0.078,284.759,0.133,-0.535
00:00:28.686,1572922407747,-0.247,-0.045,2.595,0.664,3.0,0.004,22.221,0.004,-0.078,285.13,0.133,-0.535
00:00:28.731,1572922407792,-0.244,-0.045,2.595,0.664,3.0,0.004,22.217,0.004,-0.079,285.5,0.134,-0.535
00:00:28.732,1572922407793,-0.242,-0.044,2.595,0.664,3.0,0.005,22.213,0.004,-0.079,285.87,0.134,-0.535
00:00:28.733,1572922407794,-0.242,-0.044,2.595,0.664,3.0,0.005,22.209,0.004,-0.079,286.24,0.134,-0.534
00:00:28.782,1572922407843,-0.241,-0.043,2.595,0.664,3.0,0.006,22.205,0.004,-0.08,286.611,0.135,-0.534
00:00:28.783,1572922407844,-0.241,-0.043,2.595,0.664,3.0,0.006,22.201,0.004,-0.08,286.981,0.135,-0.534
00:00:28.784,1572922407845,-0.241,-0.042,2.448,0.664,3.0,0.006999999999999999,22.197,0.004,-0.08,287.351,0.135,-0.534
00:00:28.840,1572922407901,-0.243,-0.041,2.448,0.664,3.0,0.006999999999999999,22.193,0.004,-0.081,287.72,0.136,-0.534
00:00:28.841,1572922407902,-0.245,-0.041,2.448,0.664,3.0,0.006999999999999999,22.189,0.004,-0.081,288.09,0.136,-0.534
00:00:28.842,1572922407903,-0.246,-0.04,2.448,0.664,3.0,0.008,22.185,0.004,-0.081,288.483,0.136,-0.534
00:00:28.843,1572922407904,-0.246,-0.039,2.448,0.664,3.0,0.008,22.181,0.004,-0.08199999999999999,288.83,0.136,-0.534
00:00:28.896,1572922407957,-0.246,-0.038,2.448,0.664,3.0,0.008,22.177,0.004,-0.08199999999999999,289.199,0.13699999999999998,-0.534
00:00:28.897,1572922407958,-0.246,-0.037000000000000005,2.595,0.664,3.0,0.008,22.173,0.004,-0.08199999999999999,289.569,0.13699999999999998,-0.534
00:00:28.898,1572922407959,-0.243,-0.036000000000000004,2.595,0.664,3.0,0.009000000000000001,22.169,0.003,-0.08199999999999999,289.939,0.13699999999999998,-0.534
00:00:28.948,1572922408009,-0.241,-0.035,2.595,0.664,3.0,0.009000000000000001,22.164,0.003,-0.08199999999999999,290.331,0.13699999999999998,-0.534
00:00:28.949,1572922408010,-0.241,-0.035,2.595,0.664,3.0,0.009000000000000001,22.161,0.003,-0.08199999999999999,290.608,0.13699999999999998,-0.534
00:00:28.950,1572922408011,-0.24,-0.034,2.595,0.664,3.0,0.009000000000000001,22.158,0.003,-0.08199999999999999,290.954,0.138,-0.534
00:00:28.998,1572922408059,-0.24,-0.033,2.595,0.664,3.0,0.009000000000000001,22.154,0.003,-0.08199999999999999,291.324,0.138,-0.534
00:00:28.999,1572922408060,-0.24,-0.032,2.595,0.664,3.0,0.009000000000000001,22.149,0.003,-0.08199999999999999,291.716,0.138,-0.534
00:00:29.000,1572922408061,-0.24,-0.03,2.595,0.664,3.0,0.009000000000000001,22.146,0.003,-0.08199999999999999,292.062,0.138,-0.534
00:00:29.050,1572922408111,-0.24,-0.029,2.595,0.664,3.0,0.009000000000000001,22.142,0.003,-0.08199999999999999,292.431,0.138,-0.534
00:00:29.051,1572922408112,-0.24,-0.027000000000000003,2.595,0.664,3.0,0.009000000000000001,22.138,0.003,-0.08199999999999999,292.8,0.139,-0.535
00:00:29.052,1572922408113,-0.24,-0.026,2.595,0.664,3.0,0.01,22.134,0.003,-0.08199999999999999,293.1690000000001,0.139,-0.535
00:00:29.100,1572922408161,-0.24,-0.025,2.595,0.664,3.0,0.01,22.129,0.002,-0.08199999999999999,293.561,0.139,-0.535
00:00:29.101,1572922408162,-0.24,-0.024,2.595,0.664,3.0,0.01,22.126,0.002,-0.08199999999999999,293.907,0.139,-0.535
00:00:29.102,1572922408163,-0.24,-0.023,2.595,0.664,3.0,0.01,22.122,0.002,-0.081,294.275,0.139,-0.535
00:00:29.160,1572922408221,-0.239,-0.022,2.595,0.664,3.0,0.01,22.117,0.002,-0.081,294.6670000000001,0.139,-0.535
00:00:29.161,1572922408222,-0.239,-0.02,2.595,0.664,3.0,0.01,22.113000000000003,0.002,-0.081,295.036,0.139,-0.535
00:00:29.162,1572922408223,-0.239,-0.019,2.595,0.664,3.0,0.009000000000000001,22.11,0.002,-0.081,295.381,0.139,-0.535
00:00:29.163,1572922408224,-0.239,-0.018000000000000002,2.595,0.664,3.0,0.009000000000000001,22.106,0.002,-0.081,295.75,0.14,-0.535
00:00:29.210,1572922408271,-0.239,-0.018000000000000002,2.448,0.664,3.0,0.009000000000000001,22.102,0.002,-0.08,296.118,0.14,-0.535
00:00:29.211,1572922408272,-0.241,-0.017,2.448,0.664,3.0,0.009000000000000001,22.09800000000001,0.002,-0.08,296.486,0.14,-0.535
00:00:29.212,1572922408273,-0.243,-0.017,2.448,0.664,3.0,0.009000000000000001,22.094,0.002,-0.08,296.855,0.14,-0.535
00:00:29.262,1572922408323,-0.244,-0.016,2.448,0.664,3.0,0.009000000000000001,22.089,0.002,-0.08,297.246,0.14,-0.535
00:00:29.263,1572922408324,-0.244,-0.016,2.448,0.664,3.0,0.009000000000000001,22.085,0.002,-0.08,297.591,0.14,-0.535
00:00:29.264,1572922408325,-0.244,-0.016,2.448,0.664,3.0,0.009000000000000001,22.081,0.002,-0.08,297.982,0.14,-0.535
00:00:29.318,1572922408379,-0.244,-0.015,2.448,0.664,3.0,0.009000000000000001,22.077,0.002,-0.08,298.35,0.14,-0.535
00:00:29.319,1572922408380,-0.244,-0.015,2.448,0.664,3.0,0.009000000000000001,22.073,0.001,-0.08,298.695,0.14,-0.535
00:00:29.320,1572922408381,-0.244,-0.015,2.448,0.664,3.0,0.008,22.06900000000001,0.001,-0.08,299.063,0.14,-0.535
00:00:29.368,1572922408429,-0.244,-0.014,2.448,0.664,3.0,0.008,22.065,0.001,-0.08,299.454,0.14,-0.535
00:00:29.369,1572922408430,-0.244,-0.014,2.448,0.664,3.0,0.008,22.061,0.001,-0.08,299.798,0.14,-0.535
00:00:29.370,1572922408431,-0.244,-0.013,2.448,0.664,3.0,0.008,22.057,0.001,-0.08,300.166,0.14,-0.535
00:00:29.419,1572922408480,-0.244,-0.013,2.595,0.664,3.0,0.008,22.053,0.001,-0.08,300.556,0.141,-0.535
00:00:29.420,1572922408481,-0.242,-0.012,2.595,0.664,3.0,0.008,22.049,0.001,-0.08,300.9240000000001,0.141,-0.535
00:00:29.421,1572922408482,-0.24,-0.012,2.595,0.664,3.0,0.008,22.045,0.001,-0.08,301.291,0.141,-0.535
00:00:29.469,1572922408530,-0.239,-0.011,2.595,0.664,3.0,0.008,22.041,0.001,-0.08,301.636,0.141,-0.535
00:00:29.470,1572922408531,-0.238,-0.011,2.595,0.664,3.0,0.006999999999999999,22.037,0.001,-0.08,302.026,0.141,-0.535
00:00:29.471,1572922408532,-0.238,-0.01,2.595,0.664,3.0,0.006999999999999999,22.033,0.001,-0.08,302.393,0.141,-0.535
00:00:29.472,1572922408533,-0.238,-0.01,2.595,0.664,3.0,0.006999999999999999,22.029,0.001,-0.08,302.761,0.141,-0.535
00:00:29.519,1572922408580,-0.238,-0.01,2.595,0.664,3.0,0.006999999999999999,22.025,0.001,-0.08,303.128,0.141,-0.535
00:00:29.520,1572922408581,-0.238,-0.01,2.595,0.664,3.0,0.006999999999999999,22.021,0.001,-0.08,303.495,0.141,-0.535
00:00:29.521,1572922408582,-0.238,-0.01,2.595,0.664,3.0,0.006999999999999999,22.017,0.001,-0.08,303.862,0.141,-0.535
00:00:29.582,1572922408643,-0.238,-0.01,2.595,0.664,3.0,0.006999999999999999,22.013,0.001,-0.08,304.2290000000001,0.141,-0.535
00:00:29.583,1572922408644,-0.237,-0.011,2.595,0.664,3.0,0.006999999999999999,22.009,0.001,-0.08,304.595,0.141,-0.535
00:00:29.584,1572922408645,-0.237,-0.011,2.595,0.664,3.0,0.006999999999999999,22.005,0.001,-0.08,304.962,0.141,-0.535
00:00:29.634,1572922408695,-0.237,-0.012,2.595,0.664,3.0,0.006,22.001,0.001,-0.08,305.329,0.141,-0.535
00:00:29.635,1572922408696,-0.237,-0.012,2.595,0.664,3.0,0.006,21.997,0.001,-0.08,305.696,0.141,-0.535
00:00:29.636,1572922408697,-0.237,-0.013,2.595,0.664,3.0,0.006,21.993,0.001,-0.08,306.062,0.141,-0.535
00:00:29.685,1572922408746,-0.237,-0.013,2.595,0.664,3.0,0.006,21.99,0.001,-0.08,306.406,0.141,-0.535
00:00:29.686,1572922408747,-0.237,-0.013,2.595,0.664,3.0,0.006,21.985,0.001,-0.08,306.795,0.141,-0.535
00:00:29.687,1572922408748,-0.237,-0.013,2.595,0.664,3.0,0.006,21.981,0.001,-0.079,307.1620000000001,0.141,-0.535
00:00:29.735,1572922408796,-0.237,-0.013,2.595,0.664,3.0,0.006,21.977,0.001,-0.079,307.528,0.141,-0.535
00:00:29.736,1572922408797,-0.237,-0.013,2.595,0.664,3.0,0.006,21.97300000000001,0.001,-0.079,307.894,0.141,-0.535
00:00:29.737,1572922408798,-0.237,-0.013,2.595,0.664,3.0,0.006,21.97,0.001,-0.079,308.26,0.141,-0.535
00:00:29.787,1572922408848,-0.237,-0.014,2.595,0.664,3.0,0.006,21.966,0.001,-0.079,308.626,0.141,-0.535
00:00:29.788,1572922408849,-0.237,-0.014,2.595,0.664,3.0,0.006,21.962,0.001,-0.079,308.97,0.141,-0.535
00:00:29.789,1572922408850,-0.237,-0.014,2.595,0.664,3.0,0.006,21.958,0.001,-0.079,309.3590000000001,0.141,-0.535
00:00:29.790,1572922408851,-0.237,-0.014,2.595,0.664,3.0,0.006,21.954,0.001,-0.079,309.724,0.141,-0.535
00:00:29.837,1572922408898,-0.237,-0.014,2.595,0.664,3.0,0.006,21.95,0.001,-0.079,310.09,0.141,-0.535
00:00:29.838,1572922408899,-0.237,-0.015,2.595,0.664,3.0,0.006,21.946,0.001,-0.079,310.456,0.141,-0.535
00:00:29.839,1572922408900,-0.236,-0.015,2.595,0.664,3.0,0.006,21.942,0.001,-0.079,310.822,0.141,-0.535
00:00:29.887,1572922408948,-0.236,-0.015,2.595,0.664,3.0,0.006,21.938,0.001,-0.079,311.188,0.141,-0.535
00:00:29.888,1572922408949,-0.236,-0.016,2.815,0.664,3.0,0.006,21.934,0.001,-0.079,311.553,0.141,-0.535
00:00:29.889,1572922408950,-0.235,-0.016,2.815,0.664,3.0,0.006,21.93,0.001,-0.079,311.9190000000001,0.141,-0.535
00:00:29.942,1572922409003,-0.231,-0.017,2.815,0.664,3.0,0.006,21.926,0.001,-0.079,312.284,0.14,-0.535
00:00:29.943,1572922409004,-0.228,-0.017,2.815,0.664,3.0,0.006,21.923,0.001,-0.079,312.627,0.14,-0.535
00:00:29.944,1572922409005,-0.228,-0.018000000000000002,2.815,0.664,3.0,0.006,21.919,0.001,-0.079,313.015,0.14,-0.535
00:00:29.993,1572922409054,-0.228,-0.018000000000000002,2.815,0.664,3.0,0.006,21.915,0.001,-0.079,313.38,0.14,-0.535
00:00:29.994,1572922409055,-0.228,-0.018000000000000002,2.815,0.664,3.0,0.006,21.911,0.001,-0.079,313.745,0.14,-0.535
00:00:29.995,1572922409056,-0.228,-0.018000000000000002,2.815,0.664,3.0,0.006,21.907,0.001,-0.079,314.111,0.14,-0.535
00:00:30.045,1572922409106,-0.228,-0.019,2.815,0.664,3.0,0.006,21.904,0.001,-0.078,314.476,0.14,-0.535
00:00:30.046,1572922409107,-0.228,-0.019,2.815,0.664,3.0,0.006,21.9,0.001,-0.078,314.841,0.14,-0.535
00:00:30.047,1572922409108,-0.228,-0.02,2.815,0.664,3.0,0.006,21.896,0.001,-0.078,315.206,0.14,-0.535
00:00:30.099,1572922409160,-0.228,-0.02,2.815,0.664,3.0,0.006,21.892,0.001,-0.078,315.571,0.14,-0.535
00:00:30.100,1572922409161,-0.227,-0.021,2.9610000000000003,0.664,3.0,0.006,21.889,0.001,-0.078,315.935,0.14,-0.535
00:00:30.101,1572922409162,-0.227,-0.021,2.9610000000000003,0.664,3.0,0.006,21.885,0.001,-0.078,316.3,0.139,-0.535
00:00:30.145,1572922409206,-0.225,-0.021,2.9610000000000003,0.664,3.0,0.006,21.881,0.001,-0.078,316.665,0.139,-0.535
00:00:30.146,1572922409207,-0.223,-0.021,2.9610000000000003,0.664,3.0,0.006,21.877,0.001,-0.078,317.03,0.139,-0.535
00:00:30.147,1572922409208,-0.222,-0.021,2.9610000000000003,0.664,3.0,0.006,21.874,0.001,-0.077,317.394,0.139,-0.535
00:00:30.195,1572922409256,-0.221,-0.021,2.9610000000000003,0.664,3.0,0.006,21.87,0.001,-0.077,317.759,0.139,-0.535
00:00:30.196,1572922409257,-0.22,-0.021,3.108,0.664,3.0,0.006,21.866,0.002,-0.077,318.123,0.139,-0.535
00:00:30.197,1572922409258,-0.22,-0.021,3.108,0.664,3.0,0.006,21.863000000000003,0.002,-0.077,318.488,0.139,-0.535
00:00:30.245,1572922409306,-0.22,-0.021,3.108,0.664,3.0,0.006,21.859,0.002,-0.077,318.8520000000001,0.138,-0.535
00:00:30.246,1572922409307,-0.22,-0.021,3.108,0.664,3.0,0.006999999999999999,21.855,0.002,-0.077,319.216,0.138,-0.535
00:00:30.247,1572922409308,-0.219,-0.021,3.108,0.664,3.0,0.006999999999999999,21.852,0.002,-0.077,319.58,0.138,-0.535
00:00:30.296,1572922409357,-0.219,-0.021,3.108,0.664,3.0,0.006999999999999999,21.84800000000001,0.002,-0.077,319.945,0.138,-0.535
00:00:30.297,1572922409358,-0.218,-0.022,3.108,0.664,3.0,0.006999999999999999,21.845,0.002,-0.076,320.286,0.138,-0.535
00:00:30.298,1572922409359,-0.218,-0.022,3.108,0.664,3.0,0.006999999999999999,21.841,0.002,-0.076,320.673,0.138,-0.535
00:00:30.348,1572922409409,-0.217,-0.022,3.108,0.664,3.0,0.006999999999999999,21.837,0.002,-0.076,321.0370000000001,0.13699999999999998,-0.535
00:00:30.349,1572922409410,-0.217,-0.022,3.108,0.664,3.0,0.006999999999999999,21.834,0.002,-0.076,321.401,0.13699999999999998,-0.534
00:00:30.350,1572922409411,-0.217,-0.022,3.108,0.664,3.0,0.006999999999999999,21.83,0.002,-0.076,321.765,0.13699999999999998,-0.534
00:00:30.399,1572922409460,-0.217,-0.022,3.108,0.664,3.0,0.006999999999999999,21.826,0.002,-0.076,322.128,0.13699999999999998,-0.534
00:00:30.400,1572922409461,-0.21600000000000005,-0.022,3.108,0.664,3.0,0.006999999999999999,21.823,0.002,-0.076,322.492,0.13699999999999998,-0.534
00:00:30.401,1572922409462,-0.21600000000000005,-0.022,3.108,0.664,3.0,0.006999999999999999,21.81900000000001,0.002,-0.076,322.856,0.136,-0.534
00:00:30.449,1572922409510,-0.21600000000000005,-0.022,3.108,0.664,3.0,0.006999999999999999,21.816,0.002,-0.076,323.219,0.136,-0.534
00:00:30.450,1572922409511,-0.21600000000000005,-0.022,3.108,0.664,3.0,0.006999999999999999,21.812,0.002,-0.076,323.583,0.136,-0.534
00:00:30.451,1572922409512,-0.21600000000000005,-0.022,3.108,0.664,3.0,0.006999999999999999,21.808000000000003,0.002,-0.076,323.946,0.136,-0.534
00:00:30.500,1572922409561,-0.21600000000000005,-0.022,3.108,0.664,3.0,0.006999999999999999,21.805,0.002,-0.076,324.31,0.135,-0.534
00:00:30.501,1572922409562,-0.21600000000000005,-0.022,3.108,0.664,3.0,0.006999999999999999,21.801,0.002,-0.076,324.673,0.135,-0.534
00:00:30.502,1572922409563,-0.21600000000000005,-0.022,3.108,0.664,3.0,0.006999999999999999,21.798,0.002,-0.076,325.0370000000001,0.135,-0.534
00:00:30.550,1572922409611,-0.21600000000000005,-0.022,3.108,0.664,3.0,0.006999999999999999,21.794,0.002,-0.076,325.4,0.135,-0.534
00:00:30.551,1572922409612,-0.21600000000000005,-0.022,3.108,0.664,3.0,0.006999999999999999,21.79,0.002,-0.076,325.763,0.134,-0.534
00:00:30.552,1572922409613,-0.21600000000000005,-0.022,3.108,0.664,3.0,0.006999999999999999,21.787,0.002,-0.076,326.126,0.134,-0.534
00:00:30.600,1572922409661,-0.21600000000000005,-0.022,3.108,0.664,3.0,0.006999999999999999,21.783,0.002,-0.076,326.4890000000001,0.134,-0.534
00:00:30.601,1572922409662,-0.21600000000000005,-0.022,3.108,0.664,3.0,0.006999999999999999,21.78,0.002,-0.076,326.8520000000001,0.133,-0.534
00:00:30.602,1572922409663,-0.21600000000000005,-0.022,3.108,0.664,3.0,0.006999999999999999,21.776,0.002,-0.076,327.215,0.133,-0.534
00:00:30.660,1572922409721,-0.215,-0.022,3.108,0.664,3.0,0.006999999999999999,21.772,0.002,-0.076,327.578,0.133,-0.534
00:00:30.661,1572922409722,-0.215,-0.022,3.108,0.664,3.0,0.008,21.769,0.002,-0.076,327.941,0.133,-0.534
00:00:30.662,1572922409723,-0.215,-0.022,3.108,0.664,3.0,0.008,21.765,0.002,-0.076,328.3040000000001,0.132,-0.534
00:00:30.663,1572922409724,-0.215,-0.022,3.108,0.664,3.0,0.008,21.762,0.002,-0.076,328.667,0.132,-0.534
00:00:30.711,1572922409772,-0.215,-0.022,3.108,0.664,3.0,0.008,21.75800000000001,0.002,-0.076,329.029,0.132,-0.534
00:00:30.712,1572922409773,-0.215,-0.022,3.108,0.664,3.0,0.008,21.754,0.002,-0.076,329.392,0.131,-0.534
00:00:30.713,1572922409774,-0.215,-0.022,3.108,0.664,3.0,0.008,21.751,0.002,-0.076,329.754,0.131,-0.534
00:00:30.769,1572922409830,-0.215,-0.022,3.108,0.664,3.0,0.008,21.747,0.002,-0.076,330.117,0.131,-0.534
00:00:30.770,1572922409831,-0.215,-0.022,3.108,0.664,3.0,0.008,21.744,0.002,-0.076,330.4790000000001,0.13,-0.534
00:00:30.771,1572922409832,-0.215,-0.022,3.108,0.664,3.0,0.008,21.74,0.002,-0.076,330.842,0.13,-0.534
00:00:30.813,1572922409874,-0.215,-0.022,3.108,0.664,3.0,0.008,21.737,0.002,-0.076,331.181,0.129,-0.534
00:00:30.814,1572922409875,-0.215,-0.022,3.108,0.664,3.0,0.008,21.733,0.002,-0.076,331.5440000000001,0.129,-0.534
00:00:30.815,1572922409876,-0.215,-0.022,3.108,0.664,3.0,0.008,21.73,0.002,-0.076,331.906,0.129,-0.534
00:00:30.866,1572922409927,-0.215,-0.021,3.108,0.664,3.0,0.008,21.726,0.002,-0.076,332.26800000000014,0.128,-0.534
00:00:30.867,1572922409928,-0.215,-0.021,3.108,0.664,3.0,0.008,21.722,0.002,-0.076,332.63,0.128,-0.534
00:00:30.868,1572922409929,-0.215,-0.021,3.108,0.664,3.0,0.008,21.719,0.002,-0.076,332.992,0.128,-0.534
00:00:30.914,1572922409975,-0.215,-0.021,3.108,0.664,3.0,0.008,21.715,0.002,-0.076,333.3540000000001,0.127,-0.534
00:00:30.915,1572922409976,-0.214,-0.021,3.108,0.664,3.0,0.008,21.712,0.002,-0.076,333.716,0.127,-0.534
00:00:30.916,1572922409977,-0.214,-0.021,3.108,0.664,3.0,0.008,21.708,0.002,-0.076,334.0780000000001,0.126,-0.534
00:00:30.968,1572922410029,-0.214,-0.021,3.108,0.664,3.0,0.008,21.705,0.002,-0.076,334.439,0.126,-0.534
00:00:30.969,1572922410030,-0.214,-0.021,3.108,0.664,3.0,0.008,21.701,0.002,-0.076,334.801,0.126,-0.534
00:00:30.970,1572922410031,-0.214,-0.021,3.108,0.664,3.0,0.008,21.697,0.002,-0.076,335.163,0.125,-0.534
00:00:31.014,1572922410075,-0.214,-0.021,3.108,0.664,3.0,0.008,21.69400000000001,0.002,-0.076,335.524,0.125,-0.534
00:00:31.015,1572922410076,-0.214,-0.021,3.108,0.664,3.0,0.008,21.69,0.002,-0.076,335.886,0.124,-0.534
00:00:31.016,1572922410077,-0.214,-0.021,3.108,0.664,3.0,0.008,21.687,0.002,-0.076,336.247,0.124,-0.534
00:00:31.065,1572922410126,-0.214,-0.021,3.108,0.664,3.0,0.008,21.683000000000003,0.002,-0.076,336.6090000000001,0.123,-0.534
00:00:31.066,1572922410127,-0.214,-0.021,3.108,0.664,3.0,0.008,21.68,0.002,-0.075,336.97,0.123,-0.534
00:00:31.067,1572922410128,-0.214,-0.021,3.108,0.664,3.0,0.008,21.676,0.002,-0.075,337.331,0.122,-0.534
00:00:31.116,1572922410177,-0.214,-0.021,3.108,0.664,3.0,0.008,21.673,0.002,-0.075,337.6930000000001,0.122,-0.534
00:00:31.117,1572922410178,-0.214,-0.021,3.108,0.664,3.0,0.008,21.669,0.002,-0.075,338.0540000000001,0.121,-0.534
00:00:31.118,1572922410179,-0.214,-0.021,3.108,0.664,3.0,0.008,21.665,0.002,-0.075,338.415,0.121,-0.534
00:00:31.167,1572922410228,-0.214,-0.021,3.108,0.664,3.0,0.008,21.662,0.002,-0.075,338.776,0.12,-0.534
00:00:31.168,1572922410229,-0.214,-0.021,3.108,0.664,3.0,0.008,21.658,0.002,-0.075,339.13699999999994,0.12,-0.534
00:00:31.169,1572922410230,-0.214,-0.021,3.108,0.664,3.0,0.008,21.655,0.002,-0.075,339.4980000000001,0.12,-0.534
00:00:31.222,1572922410283,-0.213,-0.021,3.254,0.664,3.0,0.008,21.651,0.002,-0.075,339.8590000000001,0.119,-0.534
00:00:31.223,1572922410284,-0.213,-0.021,3.254,0.664,3.0,0.008,21.648000000000003,0.002,-0.075,340.22,0.118,-0.534
00:00:31.224,1572922410285,-0.213,-0.021,3.254,0.664,3.0,0.008,21.644,0.002,-0.075,340.58,0.118,-0.534
00:00:31.225,1572922410286,-0.212,-0.021,3.254,0.664,3.0,0.008,21.641,0.002,-0.075,340.941,0.117,-0.534
00:00:31.284,1572922410345,-0.212,-0.021,3.254,0.664,3.0,0.008,21.637,0.002,-0.075,341.302,0.117,-0.534
00:00:31.285,1572922410346,-0.211,-0.021,3.254,0.664,3.0,0.008,21.634,0.002,-0.075,341.662,0.116,-0.534
00:00:31.286,1572922410347,-0.21,-0.021,3.254,0.664,3.0,0.008,21.63,0.002,-0.075,342.023,0.116,-0.534
00:00:31.340,1572922410401,-0.209,-0.021,3.254,0.664,3.0,0.008,21.627,0.002,-0.075,342.3830000000001,0.115,-0.534
00:00:31.341,1572922410402,-0.209,-0.021,3.254,0.664,3.0,0.008,21.623,0.002,-0.075,342.744,0.115,-0.534
00:00:31.342,1572922410403,-0.208,-0.021,3.254,0.664,3.0,0.008,21.62,0.002,-0.075,343.1040000000001,0.114,-0.534
00:00:31.343,1572922410404,-0.208,-0.021,3.254,0.664,3.0,0.008,21.616,0.002,-0.075,343.464,0.114,-0.534
00:00:31.389,1572922410450,-0.208,-0.021,3.254,0.664,3.0,0.008,21.613000000000003,0.002,-0.075,343.825,0.113,-0.534
00:00:31.390,1572922410451,-0.208,-0.021,3.474,0.664,3.0,0.008,21.609,0.002,-0.075,344.185,0.113,-0.534
00:00:31.391,1572922410452,-0.208,-0.021,3.474,0.664,3.0,0.008,21.606,0.002,-0.075,344.545,0.112,-0.534
00:00:31.439,1572922410500,-0.207,-0.021,3.474,0.664,3.0,0.008,21.602,0.002,-0.07400000000000001,344.905,0.111,-0.534
00:00:31.440,1572922410501,-0.206,-0.021,3.474,0.664,3.0,0.008,21.599,0.002,-0.07400000000000001,345.265,0.111,-0.534
00:00:31.441,1572922410502,-0.205,-0.021,3.474,0.664,3.0,0.008,21.596,0.002,-0.07400000000000001,345.625,0.11,-0.534
00:00:31.491,1572922410552,-0.204,-0.021,3.474,0.664,3.0,0.008,21.592,0.002,-0.07400000000000001,345.985,0.11,-0.534
00:00:31.492,1572922410553,-0.203,-0.021,3.474,0.664,3.0,0.008,21.589,0.002,-0.07400000000000001,346.345,0.109,-0.534
00:00:31.493,1572922410554,-0.202,-0.021,3.474,0.664,3.0,0.008,21.585,0.002,-0.07400000000000001,346.705,0.108,-0.534
00:00:31.542,1572922410603,-0.201,-0.021,3.474,0.664,3.0,0.008,21.582,0.002,-0.07400000000000001,347.064,0.108,-0.534
00:00:31.543,1572922410604,-0.2,-0.021,3.474,0.664,3.0,0.008,21.579,0.001,-0.07400000000000001,347.42400000000015,0.107,-0.534
00:00:31.544,1572922410605,-0.2,-0.021,3.474,0.664,3.0,0.008,21.575,0.001,-0.07400000000000001,347.784,0.106,-0.534
00:00:31.599,1572922410660,-0.2,-0.021,3.474,0.664,3.0,0.008,21.572,0.001,-0.07400000000000001,348.14300000000014,0.106,-0.534
00:00:31.600,1572922410661,-0.2,-0.021,3.474,0.664,3.0,0.008,21.56900000000001,0.001,-0.073,348.50300000000016,0.105,-0.534
00:00:31.601,1572922410662,-0.199,-0.021,3.474,0.664,3.0,0.008,21.565,0.001,-0.073,348.862,0.105,-0.534
00:00:31.649,1572922410710,-0.199,-0.021,3.474,0.664,3.0,0.008,21.562,0.001,-0.073,349.222,0.104,-0.534
00:00:31.650,1572922410711,-0.199,-0.021,3.474,0.664,3.0,0.008,21.559,0.001,-0.073,349.581,0.103,-0.534
00:00:31.651,1572922410712,-0.199,-0.021,3.474,0.664,3.0,0.008,21.556,0.001,-0.073,349.94,0.103,-0.534
00:00:31.699,1572922410760,-0.199,-0.021,3.474,0.664,3.0,0.008,21.552,0.001,-0.073,350.29900000000015,0.102,-0.534
00:00:31.700,1572922410761,-0.199,-0.021,3.62,0.664,3.0,0.008,21.549,0.001,-0.073,350.659,0.101,-0.534
00:00:31.701,1572922410762,-0.199,-0.021,3.62,0.664,3.0,0.008,21.546,0.001,-0.073,351.01800000000014,0.101,-0.534
00:00:31.749,1572922410810,-0.199,-0.021,3.62,0.664,3.0,0.008,21.542,0.001,-0.073,351.37699999999984,0.1,-0.534
00:00:31.750,1572922410811,-0.198,-0.021,3.62,0.664,3.0,0.008,21.539,0.001,-0.073,351.736,0.099,-0.534
00:00:31.751,1572922410812,-0.197,-0.021,3.62,0.664,3.0,0.008,21.536,0.001,-0.073,352.095,0.099,-0.534
00:00:31.799,1572922410860,-0.196,-0.021,3.62,0.664,3.0,0.008,21.532,0.001,-0.073,352.454,0.098,-0.534
00:00:31.800,1572922410861,-0.196,-0.021,3.62,0.664,3.0,0.008,21.529,0.001,-0.07200000000000001,352.81300000000016,0.097,-0.534
00:00:31.801,1572922410862,-0.195,-0.021,3.62,0.664,3.0,0.008,21.526,0.001,-0.07200000000000001,353.171,0.096,-0.534
00:00:31.851,1572922410912,-0.194,-0.021,3.62,0.664,3.0,0.008,21.523000000000003,0.001,-0.07200000000000001,353.53,0.096,-0.534
00:00:31.852,1572922410913,-0.194,-0.021,3.62,0.664,3.0,0.008,21.519,0.001,-0.07200000000000001,353.889,0.095,-0.534
00:00:31.853,1572922410914,-0.194,-0.021,3.62,0.664,3.0,0.008,21.516,0.001,-0.07200000000000001,354.247,0.094,-0.534
00:00:31.902,1572922410963,-0.194,-0.021,3.62,0.664,3.0,0.008,21.513,0.001,-0.07200000000000001,354.606,0.093,-0.534
00:00:31.903,1572922410964,-0.194,-0.021,3.62,0.664,3.0,0.008,21.51,0.001,-0.07200000000000001,354.964,0.093,-0.534
00:00:31.904,1572922410965,-0.193,-0.021,3.62,0.664,3.0,0.008,21.507,0.001,-0.07200000000000001,355.32300000000015,0.092,-0.534
00:00:31.958,1572922411019,-0.193,-0.021,3.62,0.664,3.0,0.008,21.503,0.001,-0.07200000000000001,355.681,0.091,-0.534
00:00:31.959,1572922411020,-0.193,-0.021,3.62,0.664,3.0,0.008,21.5,0.001,-0.07200000000000001,356.04,0.09,-0.534
00:00:31.960,1572922411021,-0.193,-0.021,3.62,0.664,3.0,0.008,21.497,0.001,-0.07200000000000001,356.398,0.09,-0.534
00:00:31.961,1572922411022,-0.193,-0.021,3.62,0.664,3.0,0.008,21.494,0.001,-0.07200000000000001,356.73400000000015,0.08900000000000001,-0.534
00:00:32.010,1572922411071,-0.193,-0.021,3.767,0.664,3.0,0.008,21.491,0.001,-0.07200000000000001,357.092,0.08800000000000001,-0.534
00:00:32.011,1572922411072,-0.193,-0.021,3.767,0.664,3.0,0.008,21.487,0.001,-0.07200000000000001,357.45,0.087,-0.534
00:00:32.012,1572922411073,-0.193,-0.021,3.767,0.664,3.0,0.008,21.484,0.001,-0.07200000000000001,357.80800000000005,0.087,-0.534
00:00:32.067,1572922411128,-0.192,-0.021,3.767,0.664,3.0,0.008,21.481,0.001,-0.07200000000000001,358.166,0.086,-0.534
00:00:32.068,1572922411129,-0.191,-0.021,3.767,0.664,3.0,0.008,21.478,0.001,-0.07200000000000001,358.524,0.085,-0.534
00:00:32.069,1572922411130,-0.19,-0.021,3.767,0.664,3.0,0.008,21.475,0.001,-0.07200000000000001,358.88199999999995,0.084,-0.534
00:00:32.117,1572922411178,-0.19,-0.021,3.913,0.664,3.0,0.008,21.472,0.001,-0.07200000000000001,359.24,0.083,-0.534
00:00:32.118,1572922411179,-0.189,-0.021,3.913,0.664,3.0,0.008,21.468000000000004,0.001,-0.07200000000000001,359.598,0.083,-0.534
00:00:32.119,1572922411180,-0.188,-0.021,3.913,0.664,3.0,0.008,21.465,0.001,-0.07200000000000001,359.956,0.08199999999999999,-0.534
00:00:32.167,1572922411228,-0.187,-0.021,3.913,0.664,3.0,0.008,21.462,0.001,-0.07200000000000001,360.314,0.081,-0.534
00:00:32.168,1572922411229,-0.18600000000000005,-0.021,3.913,0.664,3.0,0.008,21.459,0.001,-0.07200000000000001,360.671,0.08,-0.534
00:00:32.169,1572922411230,-0.185,-0.021,3.913,0.664,3.0,0.008,21.456,0.001,-0.07200000000000001,361.029,0.079,-0.534
00:00:32.223,1572922411284,-0.184,-0.021,3.913,0.664,3.0,0.008,21.453000000000007,0.001,-0.07200000000000001,361.386,0.078,-0.534
00:00:32.224,1572922411285,-0.183,-0.021,3.913,0.664,3.0,0.008,21.45,0.001,-0.071,361.744,0.078,-0.534
00:00:32.225,1572922411286,-0.183,-0.021,3.913,0.664,3.0,0.008,21.447,0.001,-0.071,362.101,0.077,-0.534
00:00:32.269,1572922411330,-0.182,-0.021,3.913,0.664,3.0,0.008,21.444000000000006,0.001,-0.071,362.459,0.076,-0.534
00:00:32.270,1572922411331,-0.182,-0.021,3.913,0.664,3.0,0.008,21.441,0.001,-0.071,362.816,0.075,-0.534
00:00:32.271,1572922411332,-0.182,-0.021,3.913,0.664,3.0,0.008,21.438,0.001,-0.071,363.174,0.07400000000000001,-0.534
00:00:32.272,1572922411333,-0.182,-0.021,4.133,0.664,3.0,0.008,21.435,0.001,-0.071,363.531,0.073,-0.534
00:00:32.320,1572922411381,-0.182,-0.021,4.133,0.664,3.0,0.008,21.432,0.001,-0.071,363.888,0.07200000000000001,-0.534
00:00:32.321,1572922411382,-0.181,-0.021,4.133,0.664,3.0,0.008,21.429,0.001,-0.071,364.245,0.071,-0.534
00:00:32.322,1572922411383,-0.18,-0.021,4.133,0.664,3.0,0.008,21.426,0.001,-0.071,364.602,0.071,-0.534
00:00:32.370,1572922411431,-0.179,-0.021,4.133,0.664,3.0,0.008,21.423,0.001,-0.07,364.959,0.07,-0.534
00:00:32.371,1572922411432,-0.17800000000000002,-0.021,4.133,0.664,3.0,0.008,21.42,0.001,-0.07,365.316,0.069,-0.534
00:00:32.372,1572922411433,-0.177,-0.021,4.133,0.664,3.0,0.008,21.417,0.001,-0.07,365.673,0.068,-0.534
00:00:32.420,1572922411481,-0.17600000000000002,-0.021,4.133,0.664,3.0,0.008,21.414,0.001,-0.07,366.03,0.067,-0.534
00:00:32.421,1572922411482,-0.175,-0.021,4.133,0.664,3.0,0.008,21.411,0.001,-0.07,366.387,0.066,-0.534
00:00:32.422,1572922411483,-0.174,-0.021,4.133,0.664,3.0,0.008,21.408,0.001,-0.07,366.744,0.065,-0.534
00:00:32.470,1572922411531,-0.174,-0.021,4.133,0.664,3.0,0.008,21.405,0.001,-0.07,367.101,0.064,-0.534
00:00:32.471,1572922411532,-0.174,-0.021,4.133,0.664,3.0,0.008,21.402,0.001,-0.07,367.458,0.063,-0.534
00:00:32.472,1572922411533,-0.174,-0.021,4.133,0.664,3.0,0.008,21.399,0.001,-0.069,367.837,0.062,-0.534
00:00:32.520,1572922411581,-0.174,-0.021,4.133,0.664,3.0,0.008,21.397,0.001,-0.069,368.171,0.061,-0.534
00:00:32.521,1572922411582,-0.174,-0.021,4.133,0.664,3.0,0.008,21.394,0.001,-0.069,368.527,0.06,-0.534
00:00:32.522,1572922411583,-0.174,-0.021,4.133,0.664,3.0,0.008,21.391,0.001,-0.069,368.884,0.059,-0.534
00:00:32.570,1572922411631,-0.174,-0.021,4.133,0.664,3.0,0.008,21.388,0.001,-0.069,369.24,0.058,-0.534
00:00:32.571,1572922411632,-0.174,-0.021,4.133,0.664,3.0,0.008,21.385,0.001,-0.069,369.597,0.057,-0.534
00:00:32.572,1572922411633,-0.174,-0.021,4.133,0.664,3.0,0.008,21.382,0.001,-0.069,369.953,0.057,-0.534
00:00:32.623,1572922411684,-0.174,-0.021,4.133,0.664,3.0,0.008,21.379,0.001,-0.069,370.31,0.056,-0.534
00:00:32.624,1572922411685,-0.174,-0.021,4.133,0.664,3.0,0.008,21.376,0.001,-0.069,370.666,0.055,-0.534
00:00:32.625,1572922411686,-0.174,-0.021,4.133,0.664,3.0,0.008,21.373,0.001,-0.069,371.022,0.054000000000000006,-0.534
00:00:32.673,1572922411734,-0.174,-0.021,4.133,0.664,3.0,0.008,21.371,0.001,-0.069,371.378,0.053,-0.534
00:00:32.674,1572922411735,-0.174,-0.021,4.133,0.664,3.0,0.008,21.368,0.001,-0.069,371.735,0.052000000000000005,-0.534
00:00:32.675,1572922411736,-0.174,-0.021,4.133,0.664,3.0,0.008,21.365,0.001,-0.069,372.091,0.051,-0.534
00:00:32.724,1572922411785,-0.174,-0.021,4.133,0.664,3.0,0.008,21.362,0.001,-0.069,372.447,0.049,-0.534
00:00:32.725,1572922411786,-0.174,-0.02,4.133,0.664,3.0,0.008,21.359,0.001,-0.069,372.80300000000005,0.048,-0.534
00:00:32.726,1572922411787,-0.174,-0.02,4.133,0.664,3.0,0.008,21.356,0.001,-0.069,373.159,0.047,-0.534
00:00:32.774,1572922411835,-0.174,-0.019,4.133,0.664,3.0,0.006999999999999999,21.353,0.001,-0.069,373.515,0.046,-0.534
00:00:32.775,1572922411836,-0.174,-0.017,4.133,0.664,3.0,0.008,21.35,0.002,-0.069,373.87,0.045,-0.534
00:00:32.776,1572922411837,-0.174,-0.014,4.426,0.664,3.0,0.008,21.347,0.002,-0.069,374.24800000000016,0.044,-0.534
00:00:32.824,1572922411885,-0.173,-0.011,4.426,0.664,3.0,0.008,21.344,0.002,-0.069,374.582,0.043,-0.534
00:00:32.825,1572922411886,-0.173,-0.006999999999999999,4.426,0.664,3.0,0.008,21.342,0.002,-0.069,374.93800000000016,0.042,-0.534
00:00:32.826,1572922411887,-0.171,-0.003,4.426,0.664,3.0,0.008,21.339,0.002,-0.069,375.293,0.041,-0.534
00:00:32.880,1572922411941,-0.16899999999999998,0.003,4.426,0.664,3.0,0.008,21.336,0.002,-0.069,375.671,0.04,-0.534
00:00:32.881,1572922411942,-0.16699999999999998,0.009000000000000001,4.426,0.664,3.0,0.008,21.333,0.003,-0.069,376.005,0.039,-0.534
00:00:32.882,1572922411943,-0.165,0.016,4.646,1.128,3.0,0.008,21.331,0.003,-0.069,376.36,0.038,-0.534
00:00:32.924,1572922411985,-0.168,0.022,4.646,1.128,3.0,0.008,21.328000000000007,0.003,-0.069,376.716,0.037000000000000005,-0.534
00:00:32.925,1572922411986,-0.171,0.029,4.646,1.128,3.0,0.008,21.325,0.003,-0.069,377.093,0.036000000000000004,-0.534
00:00:32.926,1572922411987,-0.172,0.036000000000000004,4.646,1.128,3.0,0.006999999999999999,21.322,0.003,-0.068,377.426,0.035,-0.534
00:00:32.975,1572922412036,-0.171,0.042,4.646,1.128,3.0,0.006999999999999999,21.319000000000006,0.003,-0.068,377.782,0.034,-0.534
00:00:32.976,1572922412037,-0.17,0.048,4.646,1.128,3.0,0.006,21.316,0.003,-0.068,378.137,0.033,-0.534
00:00:32.977,1572922412038,-0.16899999999999998,0.052000000000000005,4.939,0.664,3.0,0.005,21.313,0.003,-0.068,378.492,0.032,-0.534
00:00:33.027,1572922412088,-0.16399999999999998,0.054000000000000006,4.939,0.664,3.0,0.004,21.311,0.003,-0.068,378.87,0.031,-0.534
00:00:33.028,1572922412089,-0.159,0.056,4.939,0.664,3.0,0.003,21.308000000000003,0.003,-0.068,379.203,0.03,-0.534
00:00:33.029,1572922412090,-0.155,0.056,4.939,0.664,3.0,0.001,21.306,0.002,-0.068,379.55800000000005,0.029,-0.534
00:00:33.079,1572922412140,-0.152,0.056,4.939,0.664,3.0,0.0,21.303,0.001,-0.067,379.913,0.028,-0.534
00:00:33.080,1572922412141,-0.149,0.057,4.939,0.664,3.0,-0.001,21.301,0.001,-0.067,380.268,0.027000000000000003,-0.534
00:00:33.081,1572922412142,-0.14800000000000002,0.057,5.085,0.664,3.0,-0.002,21.298,0.0,-0.067,380.62300000000016,0.027000000000000003,-0.534
00:00:33.130,1572922412191,-0.147,0.058,5.085,0.664,3.0,-0.003,21.296,-0.001,-0.067,380.978,0.026,-0.534
00:00:33.131,1572922412192,-0.146,0.06,5.085,0.664,3.0,-0.004,21.293000000000006,-0.002,-0.067,381.333,0.025,-0.534
00:00:33.132,1572922412193,-0.145,0.062,5.085,0.664,3.0,-0.005,21.291,-0.003,-0.067,381.68800000000016,0.024,-0.534
00:00:33.180,1572922412241,-0.14400000000000002,0.064,5.085,0.664,3.0,-0.006,21.289,-0.003,-0.067,382.042,0.023,-0.534
00:00:33.181,1572922412242,-0.14300000000000002,0.066,5.085,0.664,3.0,-0.006999999999999999,21.286,-0.004,-0.066,382.397,0.022,-0.534
00:00:33.182,1572922412243,-0.142,0.069,5.085,0.664,3.0,-0.006999999999999999,21.284,-0.005,-0.066,382.752,0.022,-0.534
00:00:33.230,1572922412291,-0.141,0.071,5.085,0.664,3.0,-0.008,21.281,-0.005,-0.066,383.129,0.021,-0.534
00:00:33.231,1572922412292,-0.141,0.07200000000000001,5.085,0.664,3.0,-0.009000000000000001,21.279,-0.005,-0.066,383.461,0.02,-0.534
00:00:33.232,1572922412293,-0.141,0.07400000000000001,5.085,0.664,3.0,-0.009000000000000001,21.277,-0.006,-0.066,383.816,0.019,-0.534
00:00:33.282,1572922412343,-0.141,0.075,5.085,0.664,3.0,-0.01,21.275,-0.006,-0.065,384.171,0.019,-0.534
00:00:33.283,1572922412344,-0.141,0.075,5.085,0.664,3.0,-0.011,21.272,-0.006,-0.065,384.525,0.018000000000000002,-0.534
00:00:33.284,1572922412345,-0.141,0.07400000000000001,5.085,0.664,3.0,-0.011,21.27,-0.006,-0.065,384.88,0.017,-0.534
00:00:33.330,1572922412391,-0.141,0.073,5.085,0.664,3.0,-0.012,21.268,-0.006,-0.065,385.234,0.017,-0.534
00:00:33.331,1572922412392,-0.141,0.07200000000000001,5.085,0.664,3.0,-0.013,21.265,-0.006,-0.065,385.611,0.016,-0.534
00:00:33.332,1572922412393,-0.141,0.07,5.085,0.664,3.0,-0.013,21.263,-0.006,-0.065,385.965,0.016,-0.534
00:00:33.381,1572922412442,-0.141,0.067,5.085,0.664,3.0,-0.014,21.26,-0.006,-0.065,386.297,0.015,-0.534
00:00:33.382,1572922412443,-0.141,0.065,5.085,0.664,3.0,-0.014,21.258000000000006,-0.006,-0.065,386.652,0.015,-0.534
00:00:33.383,1572922412444,-0.141,0.062,5.305,0.664,3.0,-0.015,21.256,-0.006,-0.064,387.006,0.014,-0.534
00:00:33.433,1572922412494,-0.141,0.059,5.305,0.664,3.0,-0.015,21.253,-0.006,-0.064,387.382,0.013,-0.534
00:00:33.434,1572922412495,-0.14,0.057,5.305,0.664,3.0,-0.015,21.251,-0.006,-0.064,387.714,0.013,-0.534
00:00:33.435,1572922412496,-0.139,0.054000000000000006,5.305,0.664,3.0,-0.015,21.249,-0.006,-0.064,388.069,0.013,-0.534
00:00:33.489,1572922412550,-0.13699999999999998,0.051,5.305,0.664,3.0,-0.016,21.247,-0.005,-0.064,388.423,0.012,-0.534
00:00:33.490,1572922412551,-0.135,0.049,5.305,0.664,3.0,-0.016,21.244,-0.005,-0.064,388.799,0.012,-0.534
00:00:33.491,1572922412552,-0.134,0.046,5.305,0.664,3.0,-0.016,21.242,-0.005,-0.064,389.131,0.011,-0.534
00:00:33.492,1572922412553,-0.133,0.044,5.305,0.664,3.0,-0.016,21.24,-0.005,-0.064,389.485,0.011,-0.534
00:00:33.539,1572922412600,-0.133,0.042,5.305,0.664,3.0,-0.016,21.238000000000003,-0.005,-0.064,389.839,0.01,-0.534
00:00:33.540,1572922412601,-0.133,0.04,5.305,0.664,3.0,-0.016,21.235,-0.004,-0.064,390.215,0.01,-0.534
00:00:33.541,1572922412602,-0.133,0.038,5.305,0.664,3.0,-0.016,21.233,-0.004,-0.064,390.547,0.009000000000000001,-0.534
00:00:33.589,1572922412650,-0.133,0.036000000000000004,5.305,0.664,3.0,-0.016,21.231,-0.004,-0.064,390.901,0.009000000000000001,-0.534
00:00:33.590,1572922412651,-0.133,0.034,5.305,0.664,3.0,-0.015,21.229,-0.003,-0.063,391.277,0.009000000000000001,-0.534
00:00:33.591,1572922412652,-0.133,0.032,5.305,0.664,3.0,-0.015,21.227,-0.003,-0.063,391.608,0.008,-0.534
00:00:33.639,1572922412700,-0.133,0.03,5.305,0.664,3.0,-0.015,21.224,-0.003,-0.063,391.984,0.008,-0.534
00:00:33.640,1572922412701,-0.133,0.028,5.305,0.664,3.0,-0.015,21.222,-0.003,-0.063,392.316,0.008,-0.534
00:00:33.641,1572922412702,-0.133,0.026,5.305,0.664,3.0,-0.015,21.22,-0.002,-0.063,392.691,0.006999999999999999,-0.534
