rec-time,UTC,Acceleration,Lateral acceleration,Gas pedal position,Brake pedal force,Gear,Steering wheel position,Velocity,Lateral velocity,Vertical velocity,X axis position,Y axis position,Z axis position
00:00:04.840,1572923393561,0.0,0.0,0.983,153.513,3.0,-0.224,0.0,0.0,0.0,0.0,0.0,-0.527
00:00:04.888,1572923393609,0.0,0.0,0.983,153.513,3.0,-0.225,0.0,0.0,0.0,0.0,0.0,-0.527
00:00:04.889,1572923393610,0.0,0.0,0.983,153.513,3.0,-0.226,0.0,0.0,0.0,0.0,0.0,-0.527
00:00:04.890,1572923393611,0.0,0.0,0.983,153.513,3.0,-0.227,0.0,0.0,0.0,0.0,0.0,-0.527
00:00:04.943,1572923393664,0.0,0.0,0.983,153.513,3.0,-0.227,0.0,0.0,0.0,0.0,0.0,-0.527
00:00:04.944,1572923393665,0.0,0.0,0.983,153.513,3.0,-0.228,0.0,0.0,0.0,0.0,0.0,-0.527
00:00:04.945,1572923393666,0.0,0.0,0.983,153.977,3.0,-0.229,0.0,0.0,0.0,0.0,0.0,-0.527
00:00:04.988,1572923393709,0.0,0.0,0.983,153.977,3.0,-0.23,0.0,0.0,0.0,0.0,0.0,-0.527
00:00:04.989,1572923393710,0.0,0.0,0.983,153.977,3.0,-0.23,0.0,0.0,0.0,0.0,0.0,-0.527
00:00:04.990,1572923393711,0.0,0.0,0.983,153.977,3.0,-0.231,0.0,0.0,0.0,0.0,0.0,-0.527
00:00:05.038,1572923393759,0.0,0.0,0.983,153.977,3.0,-0.232,0.0,0.0,0.0,0.0,0.0,-0.527
00:00:05.039,1572923393760,0.0,0.0,0.983,153.977,3.0,-0.232,0.0,0.0,0.0,0.0,0.0,-0.527
00:00:05.040,1572923393761,0.0,0.0,0.983,155.137,3.0,-0.233,0.0,0.0,0.0,0.0,0.0,-0.527
00:00:05.089,1572923393810,0.0,0.0,0.983,155.137,3.0,-0.233,0.0,0.0,0.0,0.0,0.0,-0.527
00:00:05.090,1572923393811,0.0,0.0,0.983,155.137,3.0,-0.234,0.0,0.0,0.0,0.0,0.0,-0.527
00:00:05.091,1572923393812,0.0,0.0,0.983,155.137,3.0,-0.235,0.0,0.0,0.0,0.0,0.0,-0.527
00:00:05.139,1572923393860,0.0,0.0,0.983,155.137,3.0,-0.236,0.0,0.0,0.0,0.0,0.0,-0.527
00:00:05.140,1572923393861,0.0,0.0,0.983,155.137,3.0,-0.237,0.0,0.0,0.0,0.0,0.0,-0.527
00:00:05.141,1572923393862,0.0,0.0,0.983,153.977,3.0,-0.237,0.0,0.0,0.0,0.0,0.0,-0.527
00:00:05.190,1572923393911,0.0,0.0,0.983,153.977,3.0,-0.238,0.0,0.0,0.0,0.0,0.0,-0.527
00:00:05.191,1572923393912,0.0,0.0,0.983,153.977,3.0,-0.239,0.0,0.0,0.0,0.0,0.0,-0.527
00:00:05.192,1572923393913,0.0,0.0,0.983,153.977,3.0,-0.24,0.0,0.0,0.0,0.0,0.0,-0.527
00:00:05.240,1572923393961,0.0,0.0,0.983,153.977,3.0,-0.241,0.0,0.0,0.0,0.0,0.0,-0.527
00:00:05.241,1572923393962,0.0,0.0,0.983,153.977,3.0,-0.241,0.0,0.0,0.0,0.0,0.0,-0.527
00:00:05.242,1572923393963,0.0,0.0,0.983,151.89,3.0,-0.242,0.0,0.0,0.0,0.0,0.0,-0.527
00:00:05.290,1572923394011,0.0,0.0,0.983,151.89,3.0,-0.243,0.0,0.0,0.0,0.0,0.0,-0.527
00:00:05.291,1572923394012,0.0,0.0,0.983,151.89,3.0,-0.243,0.0,0.0,0.0,0.0,0.0,-0.527
00:00:05.292,1572923394013,0.0,0.0,0.983,151.89,3.0,-0.244,0.0,0.0,0.0,0.0,0.0,-0.527
00:00:05.340,1572923394061,0.0,0.0,0.983,151.89,3.0,-0.244,0.0,0.0,0.0,0.0,0.0,-0.527
00:00:05.341,1572923394062,0.0,0.0,0.983,151.89,3.0,-0.245,0.0,0.0,0.0,0.0,0.0,-0.527
00:00:05.342,1572923394063,0.0,0.0,0.983,150.73,3.0,-0.246,0.0,0.0,0.0,0.0,0.0,-0.527
00:00:05.390,1572923394111,0.0,0.0,0.983,150.73,3.0,-0.246,0.0,0.0,0.0,0.0,0.0,-0.527
00:00:05.391,1572923394112,0.0,0.0,0.983,150.73,3.0,-0.247,0.0,0.0,0.0,0.0,0.0,-0.527
00:00:05.392,1572923394113,0.0,0.0,0.983,150.73,3.0,-0.247,0.0,0.0,0.0,0.0,0.0,-0.527
00:00:05.441,1572923394162,0.0,0.0,0.983,150.73,3.0,-0.248,0.0,0.0,0.0,0.0,0.0,-0.527
00:00:05.442,1572923394163,0.0,0.0,0.983,150.73,3.0,-0.248,0.0,0.0,0.0,0.0,0.0,-0.527
00:00:05.443,1572923394164,0.0,0.0,0.764,150.73,2.0,-0.249,0.0,0.0,0.0,0.0,0.0,-0.527
00:00:05.491,1572923394212,0.0,0.0,0.764,150.73,2.0,-0.249,0.0,0.0,0.0,0.0,0.0,-0.527
00:00:05.492,1572923394213,0.0,0.0,0.764,150.73,2.0,-0.25,0.0,0.0,0.0,0.0,0.0,-0.527
00:00:05.493,1572923394214,0.0,0.0,0.764,150.73,2.0,-0.25,0.0,0.0,0.0,0.0,0.0,-0.527
00:00:05.542,1572923394263,0.0,0.0,0.764,150.73,2.0,-0.25,0.0,0.0,0.0,0.0,0.0,-0.527
00:00:05.543,1572923394264,0.0,0.0,0.764,150.73,2.0,-0.251,0.0,0.0,0.0,0.0,0.0,-0.527
00:00:05.544,1572923394265,0.0,0.0,0.983,150.266,1.0,-0.251,0.0,0.0,0.0,0.0,0.0,-0.527
00:00:05.593,1572923394314,0.0,0.0,0.983,150.266,1.0,-0.252,0.0,0.0,0.0,0.0,0.0,-0.527
00:00:05.594,1572923394315,0.0,0.0,0.983,150.266,1.0,-0.252,0.0,0.0,0.0,0.0,0.0,-0.527
00:00:05.595,1572923394316,0.0,0.0,0.983,150.266,1.0,-0.252,0.0,0.0,0.0,0.0,0.0,-0.527
00:00:05.643,1572923394364,0.0,0.0,0.983,150.266,1.0,-0.253,0.0,0.0,0.0,0.0,0.0,-0.527
00:00:05.644,1572923394365,0.0,0.0,0.983,150.266,1.0,-0.253,0.0,0.0,0.0,0.0,0.0,-0.527
00:00:05.645,1572923394366,0.0,0.0,0.983,149.338,2.0,-0.253,0.0,0.0,0.0,0.0,0.0,-0.527
00:00:05.693,1572923394414,0.0,0.0,0.983,149.338,2.0,-0.254,0.0,0.0,0.0,0.0,0.0,-0.527
00:00:05.694,1572923394415,0.0,0.0,0.983,149.338,2.0,-0.254,0.0,0.0,0.0,0.0,0.0,-0.527
00:00:05.695,1572923394416,0.0,0.0,0.983,149.338,2.0,-0.254,0.0,0.0,0.0,0.0,0.0,-0.527
00:00:05.743,1572923394464,0.0,0.0,0.983,149.338,2.0,-0.255,0.0,0.0,0.0,0.0,0.0,-0.527
00:00:05.744,1572923394465,0.0,0.0,0.983,149.338,2.0,-0.255,0.0,0.0,0.0,0.0,0.0,-0.527
00:00:05.745,1572923394466,0.0,0.0,0.764,147.251,2.0,-0.255,0.0,0.0,0.0,0.0,0.0,-0.527
00:00:05.795,1572923394516,0.0,0.0,0.764,147.251,2.0,-0.256,0.0,0.0,0.0,0.0,0.0,-0.527
00:00:05.796,1572923394517,0.0,0.0,0.764,147.251,2.0,-0.256,0.0,0.0,0.0,0.0,0.0,-0.527
00:00:05.797,1572923394518,0.0,0.0,0.764,147.251,2.0,-0.257,0.0,0.0,0.0,0.0,0.0,-0.527
00:00:05.843,1572923394564,0.0,0.0,0.764,147.251,2.0,-0.257,0.0,0.0,0.0,0.0,0.0,-0.527
00:00:05.844,1572923394565,0.0,0.0,0.764,147.251,2.0,-0.257,0.0,0.0,0.0,0.0,0.0,-0.527
00:00:05.845,1572923394566,0.0,0.0,0.983,147.251,2.0,-0.257,0.0,0.0,0.0,0.0,0.0,-0.527
00:00:05.894,1572923394615,0.0,0.0,0.983,147.251,2.0,-0.258,0.0,0.0,0.0,0.0,0.0,-0.527
00:00:05.895,1572923394616,0.0,0.0,0.983,147.251,2.0,-0.258,0.0,0.0,0.0,0.0,0.0,-0.527
00:00:05.896,1572923394617,0.0,0.0,0.983,147.251,2.0,-0.258,0.0,0.0,0.0,0.0,0.0,-0.527
00:00:05.945,1572923394666,0.0,0.0,0.983,147.251,2.0,-0.258,0.0,0.0,0.0,0.0,0.0,-0.527
00:00:05.946,1572923394667,0.0,0.0,0.983,147.251,2.0,-0.259,0.0,0.0,0.0,0.0,0.0,-0.527
00:00:05.947,1572923394668,0.0,0.0,0.764,147.251,3.0,-0.259,0.0,0.0,0.0,0.0,0.0,-0.527
00:00:05.995,1572923394716,0.0,0.0,0.764,147.251,3.0,-0.259,0.0,0.0,0.0,0.0,0.0,-0.527
00:00:05.996,1572923394717,0.0,0.0,0.764,147.251,3.0,-0.26,0.0,0.0,0.0,0.0,0.0,-0.527
00:00:05.997,1572923394718,0.0,0.0,0.764,147.251,3.0,-0.26,0.0,0.0,0.0,0.0,0.0,-0.527
00:00:06.045,1572923394766,0.0,0.0,0.764,147.251,3.0,-0.26,0.0,0.0,0.0,0.0,0.0,-0.527
00:00:06.046,1572923394767,0.0,0.0,0.764,147.251,3.0,-0.26,0.0,0.0,0.0,0.0,0.0,-0.527
00:00:06.047,1572923394768,0.0,0.0,0.983,147.251,3.0,-0.26,0.0,0.0,0.0,0.0,0.0,-0.527
00:00:06.096,1572923394817,0.0,0.0,0.983,147.251,3.0,-0.261,0.0,0.0,0.0,0.0,0.0,-0.527
00:00:06.097,1572923394818,0.0,0.0,0.983,147.251,3.0,-0.261,0.0,0.0,0.0,0.0,0.0,-0.527
00:00:06.098,1572923394819,0.0,0.0,0.983,147.251,3.0,-0.261,0.0,0.0,0.0,0.0,0.0,-0.527
00:00:06.147,1572923394868,0.0,0.0,0.983,147.251,3.0,-0.261,0.0,0.0,0.0,0.0,0.0,-0.527
00:00:06.148,1572923394869,0.0,0.0,0.983,147.251,3.0,-0.262,0.0,0.0,0.0,0.0,0.0,-0.527
00:00:06.149,1572923394870,0.0,0.0,0.983,146.555,3.0,-0.262,0.0,0.0,0.0,0.0,0.0,-0.527
00:00:06.150,1572923394871,0.0,0.0,0.983,146.555,3.0,-0.262,0.0,0.0,0.0,0.0,0.0,-0.527
00:00:06.199,1572923394920,0.0,0.0,0.983,146.555,3.0,-0.262,0.0,0.0,0.0,0.0,0.0,-0.527
00:00:06.200,1572923394921,0.0,0.0,0.983,146.555,3.0,-0.262,0.0,0.0,0.0,0.0,0.0,-0.527
00:00:06.201,1572923394922,0.0,0.0,0.983,146.555,3.0,-0.263,0.0,0.0,0.0,0.0,0.0,-0.527
00:00:06.248,1572923394969,0.0,0.0,0.983,146.555,3.0,-0.263,0.0,0.0,0.0,0.0,0.0,-0.527
00:00:06.249,1572923394970,0.0,0.0,0.983,142.38,3.0,-0.263,0.0,0.0,0.0,0.0,0.0,-0.527
00:00:06.250,1572923394971,0.0,0.0,0.983,142.38,3.0,-0.263,0.0,0.0,0.0,0.0,0.0,-0.527
00:00:06.298,1572923395019,0.0,0.0,0.983,142.38,3.0,-0.263,0.0,0.0,0.0,0.0,0.0,-0.527
00:00:06.299,1572923395020,0.0,0.0,0.983,142.38,3.0,-0.264,0.0,0.0,0.0,0.0,0.0,-0.527
00:00:06.300,1572923395021,0.0,0.0,0.983,142.38,3.0,-0.264,0.0,0.0,0.0,0.0,0.0,-0.527
00:00:06.348,1572923395069,0.0,0.0,0.983,142.38,3.0,-0.265,0.0,0.0,0.0,0.0,0.0,-0.527
00:00:06.349,1572923395070,0.0,0.0,0.764,126.608,3.0,-0.265,0.0,0.0,0.0,0.0,0.0,-0.527
00:00:06.350,1572923395071,0.0,0.0,0.764,126.608,3.0,-0.265,0.0,0.0,0.0,0.0,0.0,-0.527
00:00:06.398,1572923395119,0.0,0.0,0.764,126.608,3.0,-0.265,0.0,0.0,0.0,0.0,0.0,-0.527
00:00:06.399,1572923395120,0.0,0.0,0.764,126.608,3.0,-0.266,0.0,0.0,0.0,0.0,0.0,-0.527
00:00:06.400,1572923395121,0.0,0.0,0.764,126.608,3.0,-0.266,0.0,0.0,0.0,0.0,0.0,-0.527
00:00:06.449,1572923395170,0.0,0.0,0.764,126.608,3.0,-0.266,0.0,0.0,0.0,0.0,0.0,-0.527
00:00:06.450,1572923395171,0.0,0.0,0.983,90.889,3.0,-0.266,0.0,0.0,0.0,0.0,0.0,-0.527
00:00:06.451,1572923395172,0.0,0.0,0.983,90.889,3.0,-0.267,0.0,0.0,0.0,0.0,0.0,-0.527
00:00:06.499,1572923395220,0.0,0.0,0.983,90.889,3.0,-0.267,0.0,0.0,0.0,0.0,0.0,-0.527
00:00:06.500,1572923395221,0.0,0.0,0.983,90.889,3.0,-0.267,0.0,0.0,0.0,0.0,0.0,-0.527
00:00:06.501,1572923395222,0.0,0.0,0.983,90.889,3.0,-0.267,0.0,0.0,0.0,0.0,0.0,-0.527
00:00:06.549,1572923395270,0.0,0.0,0.983,90.889,3.0,-0.268,0.0,0.0,0.0,0.0,0.0,-0.527
00:00:06.550,1572923395271,0.0,0.0,0.983,45.429,3.0,-0.268,0.0,0.0,0.0,0.0,0.0,-0.527
00:00:06.551,1572923395272,0.0,0.0,0.983,45.429,3.0,-0.268,0.0,0.0,0.0,0.0,0.0,-0.527
00:00:06.601,1572923395322,0.0,0.0,0.983,45.429,3.0,-0.268,0.0,0.0,0.0,0.0,0.0,-0.527
00:00:06.602,1572923395323,0.0,0.0,0.983,45.429,3.0,-0.269,0.0,0.0,0.0,0.0,0.0,-0.527
00:00:06.603,1572923395324,0.0,0.0,0.983,45.429,3.0,-0.269,0.0,0.0,0.0,0.0,0.0,-0.527
00:00:06.650,1572923395371,0.0,0.0,0.983,45.429,3.0,-0.269,0.0,0.0,0.0,0.0,0.0,-0.527
00:00:06.651,1572923395372,-0.011,-0.001,0.983,3.448,3.0,-0.269,0.0,0.0,-0.001,0.0,0.0,-0.527
00:00:06.652,1572923395373,0.127,-0.003,0.983,3.448,3.0,-0.27,0.005,0.0,-0.003,0.0,0.0,-0.527
00:00:06.700,1572923395421,0.269,-0.003,0.983,3.448,3.0,-0.27,0.011,0.0,-0.006,0.0,0.0,-0.527
00:00:06.701,1572923395422,0.306,-0.004,0.983,3.448,3.0,-0.27,0.015,0.0,-0.009000000000000001,0.0,0.0,-0.527
00:00:06.702,1572923395423,0.261,-0.005,0.983,3.448,3.0,-0.27,0.019,0.0,-0.012,0.0,0.0,-0.527
00:00:06.750,1572923395471,0.102,-0.004,0.983,3.448,3.0,-0.271,0.018000000000000002,0.0,-0.014,0.001,0.0,-0.527
00:00:06.751,1572923395472,0.026,-0.002,0.983,0.664,3.0,-0.271,0.019,0.0,-0.016,0.001,0.0,-0.528
00:00:06.752,1572923395473,0.16899999999999998,0.0,0.983,0.664,3.0,-0.272,0.024,0.0,-0.017,0.001,0.0,-0.528
00:00:06.801,1572923395522,0.285,-0.003,0.983,0.664,3.0,-0.272,0.03,0.0,-0.018000000000000002,0.002,0.0,-0.528
00:00:06.802,1572923395523,0.342,-0.004,0.983,0.664,3.0,-0.272,0.036000000000000004,-0.001,-0.018000000000000002,0.002,0.0,-0.528
00:00:06.803,1572923395524,0.37,-0.004,0.983,0.664,3.0,-0.273,0.043,-0.001,-0.018000000000000002,0.003,0.0,-0.529
00:00:06.851,1572923395572,0.387,-0.004,0.983,0.664,3.0,-0.273,0.05,-0.001,-0.018000000000000002,0.004,0.0,-0.529
00:00:06.852,1572923395573,0.401,-0.004,0.983,1.128,3.0,-0.274,0.056,-0.001,-0.017,0.005,0.0,-0.529
00:00:06.853,1572923395574,0.411,-0.005,0.983,1.128,3.0,-0.274,0.063,-0.001,-0.016,0.006,0.0,-0.53
00:00:06.902,1572923395623,0.421,-0.005,0.983,1.128,3.0,-0.275,0.071,-0.001,-0.015,0.006999999999999999,0.0,-0.53
00:00:06.903,1572923395624,0.431,-0.005,0.983,1.128,3.0,-0.275,0.078,-0.001,-0.014,0.008,0.0,-0.53
00:00:06.904,1572923395625,0.441,-0.005,0.983,1.128,3.0,-0.275,0.085,-0.001,-0.013,0.009000000000000001,0.0,-0.53
00:00:06.952,1572923395673,0.451,-0.005,0.983,1.128,3.0,-0.275,0.093,-0.001,-0.012,0.011,0.0,-0.531
00:00:06.953,1572923395674,0.461,-0.005,0.983,0.664,3.0,-0.276,0.101,-0.001,-0.011,0.013,0.0,-0.531
00:00:06.954,1572923395675,0.473,-0.005,0.983,0.664,3.0,-0.276,0.109,-0.001,-0.01,0.014,0.0,-0.531
00:00:07.002,1572923395723,0.483,-0.006,0.983,0.664,3.0,-0.276,0.117,-0.001,-0.008,0.016,0.0,-0.531
00:00:07.003,1572923395724,0.4920000000000001,-0.006,0.983,0.664,3.0,-0.277,0.125,-0.002,-0.006999999999999999,0.018000000000000002,0.0,-0.531
00:00:07.004,1572923395725,0.5,-0.006,0.983,0.664,3.0,-0.277,0.134,-0.002,-0.006,0.02,0.0,-0.531
00:00:07.052,1572923395773,0.507,-0.006,0.983,0.664,3.0,-0.277,0.142,-0.002,-0.005,0.023,0.0,-0.531
00:00:07.053,1572923395774,0.513,-0.006,0.983,0.664,3.0,-0.276,0.151,-0.002,-0.004,0.025,0.0,-0.532
00:00:07.054,1572923395775,0.519,-0.006,0.983,0.664,3.0,-0.276,0.16,-0.002,-0.004,0.028,0.0,-0.532
00:00:07.102,1572923395823,0.524,-0.006,0.983,0.664,3.0,-0.276,0.16899999999999998,-0.002,-0.003,0.03,0.0,-0.532
00:00:07.103,1572923395824,0.529,-0.006,0.983,0.664,3.0,-0.276,0.177,-0.002,-0.002,0.033,0.0,-0.532
00:00:07.104,1572923395825,0.534,-0.006,0.983,0.664,3.0,-0.276,0.18600000000000005,-0.002,-0.001,0.036000000000000004,0.0,-0.532
00:00:07.152,1572923395873,0.5379999999999999,-0.006,0.983,0.664,3.0,-0.275,0.195,-0.002,-0.001,0.039,-0.001,-0.532
00:00:07.153,1572923395874,0.542,-0.006,1.276,0.664,3.0,-0.275,0.205,-0.002,0.0,0.043,-0.001,-0.532
00:00:07.154,1572923395875,0.546,-0.006,1.276,0.664,3.0,-0.275,0.214,-0.002,0.0,0.046,-0.001,-0.532
00:00:07.207,1572923395928,0.551,-0.006,1.276,0.664,3.0,-0.275,0.223,-0.003,0.0,0.05,-0.001,-0.532
00:00:07.208,1572923395929,0.5589999999999999,-0.006,1.276,0.664,3.0,-0.275,0.232,-0.003,0.001,0.054000000000000006,-0.001,-0.532
00:00:07.209,1572923395930,0.568,-0.005,1.276,0.664,3.0,-0.274,0.242,-0.003,0.001,0.058,-0.001,-0.532
00:00:07.254,1572923395975,0.5770000000000001,-0.005,1.276,0.664,3.0,-0.273,0.252,-0.003,0.001,0.062,-0.001,-0.532
00:00:07.255,1572923395976,0.586,-0.004,2.448,0.664,3.0,-0.271,0.262,-0.003,0.001,0.066,-0.001,-0.532
00:00:07.256,1572923395977,0.598,-0.004,2.448,0.664,3.0,-0.27,0.272,-0.003,0.001,0.07,-0.001,-0.532
00:00:07.310,1572923396031,0.618,-0.004,2.448,0.664,3.0,-0.268,0.282,-0.003,0.002,0.075,-0.001,-0.532
00:00:07.311,1572923396032,0.647,-0.004,2.448,0.664,3.0,-0.266,0.294,-0.003,0.002,0.08,-0.001,-0.532
00:00:07.312,1572923396033,0.6829999999999999,-0.004,2.448,0.664,3.0,-0.264,0.306,-0.003,0.002,0.085,-0.001,-0.532
00:00:07.355,1572923396076,0.721,-0.005,2.448,0.664,3.0,-0.262,0.318,-0.003,0.002,0.09,-0.001,-0.532
00:00:07.356,1572923396077,0.758,-0.005,9.114,0.664,3.0,-0.26,0.331,-0.003,0.003,0.095,-0.001,-0.532
00:00:07.357,1572923396078,0.812,-0.005,9.114,0.664,3.0,-0.258,0.34600000000000003,-0.003,0.003,0.101,-0.001,-0.532
00:00:07.410,1572923396131,0.933,-0.006,9.114,0.664,3.0,-0.256,0.364,-0.003,0.003,0.107,-0.001,-0.532
00:00:07.411,1572923396132,1.129,-0.006999999999999999,9.114,0.664,3.0,-0.253,0.385,-0.004,0.004,0.113,-0.001,-0.531
00:00:07.412,1572923396133,1.375,-0.009000000000000001,9.114,0.664,3.0,-0.251,0.412,-0.004,0.005,0.12,-0.001,-0.531
00:00:07.455,1572923396176,1.632,-0.01,9.114,0.664,3.0,-0.248,0.443,-0.004,0.006999999999999999,0.127,-0.001,-0.531
00:00:07.456,1572923396177,1.868,-0.01,13.142,0.664,3.0,-0.244,0.477,-0.004,0.008,0.135,-0.002,-0.531
00:00:07.457,1572923396178,2.077,-0.011,13.142,0.664,3.0,-0.241,0.514,-0.004,0.01,0.14300000000000002,-0.002,-0.531
00:00:07.505,1572923396226,2.282,-0.013,13.142,0.664,3.0,-0.238,0.555,-0.004,0.012,0.152,-0.002,-0.531
00:00:07.506,1572923396227,2.499,-0.015,13.142,0.664,3.0,-0.235,0.602,-0.005,0.014,0.162,-0.002,-0.531
00:00:07.507,1572923396228,2.673,-0.018000000000000002,13.142,0.664,3.0,-0.233,0.6459999999999999,-0.005,0.016,0.172,-0.002,-0.531
00:00:07.556,1572923396277,2.826,-0.02,13.142,0.664,3.0,-0.231,0.695,-0.005,0.018000000000000002,0.183,-0.002,-0.53
00:00:07.557,1572923396278,2.9410000000000003,-0.023,16.145,0.664,3.0,-0.229,0.746,-0.006,0.019,0.195,-0.002,-0.53
00:00:07.558,1572923396279,3.031,-0.026,16.145,0.664,3.0,-0.228,0.797,-0.006,0.021,0.208,-0.002,-0.53
00:00:07.606,1572923396327,3.127,-0.028,16.145,0.664,3.0,-0.227,0.851,-0.006999999999999999,0.022,0.222,-0.002,-0.53
00:00:07.607,1572923396328,3.242,-0.031,16.145,0.664,3.0,-0.227,0.91,-0.006999999999999999,0.024,0.237,-0.002,-0.529
00:00:07.608,1572923396329,3.345,-0.032,16.145,0.664,3.0,-0.226,0.964,-0.008,0.025,0.252,-0.003,-0.529
00:00:07.657,1572923396378,3.4410000000000003,-0.034,16.145,0.664,3.0,-0.225,1.022,-0.008,0.026,0.268,-0.003,-0.529
00:00:07.658,1572923396379,3.516,-0.035,16.658,0.664,3.0,-0.225,1.082,-0.009000000000000001,0.027000000000000003,0.28600000000000003,-0.003,-0.529
00:00:07.659,1572923396380,3.57,-0.036000000000000004,16.658,0.664,3.0,-0.225,1.142,-0.009000000000000001,0.028,0.304,-0.003,-0.529
00:00:07.708,1572923396429,3.61,-0.037000000000000005,16.658,0.664,3.0,-0.224,1.202,-0.01,0.029,0.324,-0.003,-0.528
00:00:07.709,1572923396430,3.639,-0.038,16.658,0.664,3.0,-0.224,1.263,-0.01,0.029,0.345,-0.003,-0.528
00:00:07.710,1572923396431,3.658,-0.039,16.658,0.664,3.0,-0.224,1.325,-0.011,0.03,0.366,-0.004,-0.528
00:00:07.758,1572923396479,3.667,-0.04,16.658,0.664,3.0,-0.224,1.386,-0.011,0.03,0.389,-0.004,-0.528
00:00:07.759,1572923396480,3.666,-0.041,19.441,1.128,3.0,-0.224,1.4469999999999998,-0.012,0.03,0.412,-0.004,-0.528
00:00:07.760,1572923396481,3.67,-0.043,19.441,1.128,3.0,-0.224,1.508,-0.012,0.03,0.4370000000000001,-0.004,-0.528
00:00:07.808,1572923396529,3.719,-0.045,19.441,1.128,3.0,-0.224,1.571,-0.013,0.03,0.463,-0.005,-0.528
00:00:07.809,1572923396530,3.811,-0.047,19.441,1.128,3.0,-0.224,1.636,-0.014,0.03,0.489,-0.005,-0.528
00:00:07.810,1572923396531,3.919,-0.049,19.441,1.128,3.0,-0.224,1.703,-0.014,0.031,0.517,-0.005,-0.528
00:00:07.858,1572923396579,4.019,-0.05,19.441,1.128,3.0,-0.223,1.771,-0.015,0.031,0.546,-0.006,-0.528
00:00:07.859,1572923396580,4.099,-0.049,19.661,0.664,3.0,-0.221,1.845,-0.015,0.032,0.578,-0.006,-0.528
00:00:07.860,1572923396581,4.146,-0.047,19.661,0.664,3.0,-0.218,1.91,-0.016,0.033,0.607,-0.006,-0.528
00:00:07.909,1572923396630,4.169,-0.044,19.661,0.664,3.0,-0.21600000000000005,1.98,-0.016,0.034,0.64,-0.006999999999999999,-0.529
00:00:07.910,1572923396631,4.168,-0.038,19.661,0.664,3.0,-0.212,2.053,-0.016,0.035,0.6759999999999999,-0.006999999999999999,-0.529
00:00:07.911,1572923396632,4.151,-0.033,19.661,0.664,3.0,-0.209,2.1180000000000003,-0.017,0.036000000000000004,0.708,-0.006999999999999999,-0.529
00:00:07.959,1572923396680,4.122,-0.027000000000000003,19.661,0.664,3.0,-0.205,2.186,-0.017,0.037000000000000005,0.7440000000000001,-0.008,-0.529
00:00:07.960,1572923396681,4.087,-0.021,19.807,0.664,3.0,-0.202,2.254,-0.016,0.039,0.7809999999999999,-0.008,-0.529
00:00:07.961,1572923396682,4.049,-0.015,19.807,0.664,3.0,-0.2,2.321,-0.016,0.041,0.8190000000000001,-0.009000000000000001,-0.529
00:00:08.010,1572923396731,4.012,-0.01,19.807,0.664,3.0,-0.197,2.387,-0.016,0.043,0.858,-0.009000000000000001,-0.53
00:00:08.011,1572923396732,3.982,-0.006,19.807,0.664,3.0,-0.195,2.44,-0.016,0.044,0.8909999999999999,-0.009000000000000001,-0.53
00:00:08.012,1572923396733,3.945,-0.002,19.807,0.664,3.0,-0.192,2.506,-0.015,0.047,0.932,-0.01,-0.53
00:00:08.062,1572923396783,3.908,0.001,19.807,0.664,3.0,-0.189,2.57,-0.015,0.049,0.975,-0.01,-0.53
00:00:08.063,1572923396784,3.87,0.004,19.807,0.664,3.0,-0.187,2.634,-0.014,0.051,1.018,-0.011,-0.53
00:00:08.064,1572923396785,3.834,0.006,19.807,0.664,3.0,-0.184,2.698,-0.014,0.054000000000000006,1.062,-0.011,-0.53
00:00:08.111,1572923396832,3.798,0.008,19.807,0.664,3.0,-0.181,2.76,-0.013,0.056,1.108,-0.012,-0.53
00:00:08.112,1572923396833,3.764,0.009000000000000001,19.807,0.664,3.0,-0.17800000000000002,2.823,-0.013,0.058,1.154,-0.012,-0.53
00:00:08.113,1572923396834,3.731,0.01,19.807,0.664,3.0,-0.175,2.884,-0.012,0.061,1.202,-0.013,-0.53
00:00:08.161,1572923396882,3.7,0.01,19.807,0.664,3.0,-0.172,2.946,-0.012,0.063,1.251,-0.013,-0.53
00:00:08.162,1572923396883,3.667,0.011,20.613000000000003,0.664,3.0,-0.16899999999999998,3.01,-0.011,0.065,1.3030000000000002,-0.014,-0.53
00:00:08.163,1572923396884,3.64,0.011,20.613000000000003,0.664,3.0,-0.165,3.067,-0.011,0.067,1.351,-0.014,-0.53
00:00:08.211,1572923396932,3.616,0.011,20.613000000000003,0.664,3.0,-0.162,3.127,-0.01,0.069,1.402,-0.014,-0.53
00:00:08.212,1572923396933,3.595,0.012,20.613000000000003,0.664,3.0,-0.158,3.19,-0.01,0.071,1.4580000000000002,-0.015,-0.53
00:00:08.213,1572923396934,3.576,0.012,20.613000000000003,0.664,3.0,-0.154,3.2460000000000004,-0.009000000000000001,0.07200000000000001,1.509,-0.015,-0.53
00:00:08.261,1572923396982,3.555,0.012,20.613000000000003,0.664,3.0,-0.151,3.305,-0.009000000000000001,0.07400000000000001,1.5630000000000002,-0.016,-0.53
00:00:08.262,1572923396983,3.53,0.011,20.979,0.664,3.0,-0.147,3.367,-0.008,0.075,1.622,-0.016,-0.53
00:00:08.263,1572923396984,3.507,0.01,20.979,0.664,3.0,-0.14300000000000002,3.4210000000000003,-0.008,0.076,1.675,-0.017,-0.53
00:00:08.312,1572923397033,3.482,0.009000000000000001,20.979,0.664,3.0,-0.14,3.479,-0.008,0.077,1.733,-0.017,-0.53
00:00:08.313,1572923397034,3.457,0.008,20.979,0.664,3.0,-0.136,3.536,-0.006999999999999999,0.077,1.791,-0.018000000000000002,-0.529
00:00:08.314,1572923397035,3.432,0.005,20.979,0.664,3.0,-0.133,3.593,-0.006999999999999999,0.077,1.851,-0.018000000000000002,-0.529
00:00:08.362,1572923397083,3.408,0.003,20.979,0.664,3.0,-0.13,3.65,-0.006999999999999999,0.078,1.911,-0.019,-0.529
00:00:08.363,1572923397084,3.383,-0.001,20.979,0.664,3.0,-0.127,3.706,-0.006999999999999999,0.078,1.972,-0.019,-0.529
00:00:08.364,1572923397085,3.357,-0.005,20.979,0.664,3.0,-0.124,3.761,-0.006,0.077,2.035,-0.02,-0.529
00:00:08.416,1572923397137,3.332,-0.01,20.979,0.664,3.0,-0.122,3.817,-0.006,0.077,2.0980000000000003,-0.02,-0.529
00:00:08.417,1572923397138,3.306,-0.015,20.979,0.664,3.0,-0.119,3.871,-0.006,0.077,2.162,-0.021,-0.529
00:00:08.418,1572923397139,3.281,-0.021,20.979,0.664,3.0,-0.117,3.926,-0.006999999999999999,0.076,2.227,-0.022,-0.529
00:00:08.462,1572923397183,3.255,-0.026,20.979,0.664,3.0,-0.115,3.98,-0.006999999999999999,0.076,2.293,-0.022,-0.528
00:00:08.463,1572923397184,3.227,-0.032,20.979,0.664,3.0,-0.113,4.0360000000000005,-0.006999999999999999,0.075,2.364,-0.023,-0.528
00:00:08.464,1572923397185,3.2030000000000003,-0.036000000000000004,20.979,0.664,3.0,-0.11,4.086,-0.006999999999999999,0.07400000000000001,2.427,-0.023,-0.528
00:00:08.512,1572923397233,3.178,-0.04,20.979,0.664,3.0,-0.108,4.1389999999999985,-0.008,0.07400000000000001,2.496,-0.024,-0.528
00:00:08.513,1572923397234,3.153,-0.043,20.979,0.664,3.0,-0.105,4.194,-0.008,0.073,2.57,-0.025,-0.528
00:00:08.514,1572923397235,3.131,-0.044,20.979,0.664,3.0,-0.102,4.243,-0.009000000000000001,0.07200000000000001,2.635,-0.025,-0.528
00:00:08.562,1572923397283,3.107,-0.045,20.979,0.664,3.0,-0.099,4.294,-0.009000000000000001,0.07200000000000001,2.707,-0.026,-0.528
00:00:08.563,1572923397284,3.084,-0.043,21.126,0.664,3.0,-0.096,4.349,-0.009000000000000001,0.071,2.783,-0.027000000000000003,-0.528
00:00:08.564,1572923397285,3.063,-0.041,21.126,0.664,3.0,-0.093,4.396,-0.009000000000000001,0.07,2.8510000000000004,-0.027000000000000003,-0.528
00:00:08.612,1572923397333,3.042,-0.038,21.126,0.664,3.0,-0.09,4.447,-0.01,0.07,2.925,-0.028,-0.528
00:00:08.613,1572923397334,3.022,-0.034,21.126,0.664,3.0,-0.087,4.497,-0.01,0.07,3.0,-0.029,-0.528
00:00:08.614,1572923397335,3.002,-0.03,21.126,0.664,3.0,-0.084,4.546,-0.01,0.069,3.075,-0.03,-0.528
00:00:08.664,1572923397385,2.982,-0.026,21.126,0.664,3.0,-0.08199999999999999,4.596,-0.01,0.069,3.151,-0.03,-0.528
00:00:08.665,1572923397386,2.963,-0.023,21.785,0.664,3.0,-0.08,4.645,-0.009000000000000001,0.069,3.228,-0.031,-0.528
00:00:08.666,1572923397387,2.943,-0.021,21.785,0.664,3.0,-0.078,4.694,-0.009000000000000001,0.069,3.306,-0.032,-0.529
00:00:08.667,1572923397388,2.927,-0.019,21.785,0.664,3.0,-0.077,4.742,-0.009000000000000001,0.069,3.385,-0.033,-0.529
00:00:08.715,1572923397436,2.914,-0.018000000000000002,21.785,0.664,3.0,-0.075,4.791,-0.009000000000000001,0.069,3.464,-0.034,-0.529
00:00:08.716,1572923397437,2.9,-0.017,21.785,0.664,3.0,-0.07400000000000001,4.839,-0.009000000000000001,0.07,3.544,-0.034,-0.529
00:00:08.717,1572923397438,2.884,-0.017,21.785,0.664,3.0,-0.073,4.887,-0.008,0.07,3.625,-0.035,-0.529
00:00:08.766,1572923397487,2.865,-0.016,22.44400000000001,0.664,3.0,-0.071,4.934,-0.008,0.071,3.707,-0.036000000000000004,-0.529
00:00:08.767,1572923397488,2.845,-0.016,22.44400000000001,0.664,3.0,-0.07,4.981,-0.008,0.071,3.79,-0.037000000000000005,-0.529
00:00:08.768,1572923397489,2.8280000000000003,-0.014,22.44400000000001,0.664,3.0,-0.068,5.0280000000000005,-0.008,0.07200000000000001,3.873,-0.038,-0.529
00:00:08.821,1572923397542,2.813,-0.011,22.44400000000001,0.664,3.0,-0.066,5.078,-0.008,0.073,3.963,-0.039,-0.529
00:00:08.822,1572923397543,2.802,-0.008,22.44400000000001,0.664,3.0,-0.063,5.122000000000001,-0.006999999999999999,0.073,4.043,-0.04,-0.529
00:00:08.823,1572923397544,2.79,-0.002,22.44400000000001,0.664,3.0,-0.06,5.167999999999998,-0.006999999999999999,0.07400000000000001,4.128,-0.041,-0.53
00:00:08.867,1572923397588,2.776,0.005,22.664,0.664,3.0,-0.057,5.2170000000000005,-0.006,0.075,4.22,-0.042,-0.53
00:00:08.868,1572923397589,2.763,0.012,22.664,0.664,3.0,-0.054000000000000006,5.26,-0.006,0.075,4.302,-0.042,-0.53
00:00:08.869,1572923397590,2.748,0.022,22.664,0.664,3.0,-0.051,5.305,-0.005,0.076,4.39,-0.043,-0.53
00:00:08.922,1572923397643,2.733,0.032,22.664,0.664,3.0,-0.048,5.354,-0.004,0.077,4.485,-0.044,-0.53
00:00:08.923,1572923397644,2.72,0.04,22.664,0.664,3.0,-0.046,5.396,-0.003,0.077,4.569,-0.045,-0.53
00:00:08.924,1572923397645,2.705,0.049,22.664,0.664,3.0,-0.043,5.441,-0.002,0.078,4.659,-0.046,-0.53
00:00:08.967,1572923397688,2.689,0.056,22.81,0.664,3.0,-0.042,5.485,-0.001,0.079,4.75,-0.047,-0.53
00:00:08.968,1572923397689,2.674,0.061,22.81,0.664,3.0,-0.04,5.53,0.0,0.079,4.842,-0.048,-0.53
00:00:08.969,1572923397690,2.659,0.064,22.81,0.664,3.0,-0.039,5.574,0.001,0.08,4.934,-0.049,-0.53
00:00:09.017,1572923397738,2.644,0.065,22.81,0.664,3.0,-0.038,5.6179999999999986,0.002,0.08,5.027,-0.05,-0.53
00:00:09.018,1572923397739,2.63,0.065,22.81,0.664,3.0,-0.037000000000000005,5.6610000000000005,0.003,0.081,5.121,-0.05,-0.53
00:00:09.019,1572923397740,2.616,0.063,22.81,0.664,3.0,-0.037000000000000005,5.705,0.004,0.081,5.216,-0.051,-0.53
00:00:09.068,1572923397789,2.6010000000000004,0.06,22.957,0.664,3.0,-0.036000000000000004,5.7479999999999976,0.005,0.08199999999999999,5.312,-0.052000000000000005,-0.53
00:00:09.069,1572923397790,2.587,0.058,22.957,0.664,3.0,-0.034,5.791,0.005,0.08199999999999999,5.408,-0.053,-0.53
00:00:09.070,1572923397791,2.573,0.056,22.957,0.664,3.0,-0.033,5.834,0.006,0.08199999999999999,5.505,-0.054000000000000006,-0.53
00:00:09.127,1572923397848,2.559,0.055,22.957,0.664,3.0,-0.03,5.879,0.006,0.083,5.608,-0.055,-0.53
00:00:09.128,1572923397849,2.547,0.057,22.957,0.664,3.0,-0.028,5.9179999999999975,0.006999999999999999,0.083,5.7010000000000005,-0.055,-0.53
00:00:09.129,1572923397850,2.5340000000000003,0.06,22.957,0.664,3.0,-0.024,5.96,0.006999999999999999,0.083,5.8,-0.056,-0.53
00:00:09.170,1572923397891,2.519,0.066,23.469,0.664,3.0,-0.021,6.005,0.008,0.083,5.9060000000000015,-0.057,-0.53
00:00:09.171,1572923397892,2.507,0.073,23.469,0.664,3.0,-0.017,6.044,0.008,0.083,6.0,-0.058,-0.53
00:00:09.172,1572923397893,2.497,0.08199999999999999,23.469,0.664,3.0,-0.014,6.085,0.009000000000000001,0.083,6.101,-0.058,-0.53
00:00:09.221,1572923397942,2.489,0.093,23.469,0.664,3.0,-0.01,6.129,0.01,0.083,6.209,-0.059,-0.53
00:00:09.222,1572923397943,2.483,0.102,23.469,0.664,3.0,-0.008,6.1679999999999975,0.011,0.083,6.305,-0.06,-0.53
00:00:09.223,1572923397944,2.476,0.111,23.469,0.664,3.0,-0.005,6.209,0.012,0.08199999999999999,6.408,-0.06,-0.53
00:00:09.271,1572923397992,2.467,0.118,24.275,0.664,3.0,-0.003,6.25,0.014,0.08199999999999999,6.5120000000000005,-0.061,-0.53
00:00:09.272,1572923397993,2.459,0.123,24.275,0.664,3.0,-0.001,6.291,0.015,0.08199999999999999,6.6160000000000005,-0.062,-0.53
00:00:09.273,1572923397994,2.455,0.126,24.275,0.664,3.0,0.0,6.3320000000000025,0.016,0.08199999999999999,6.722,-0.062,-0.53
00:00:09.321,1572923398042,2.455,0.127,24.275,0.664,3.0,0.001,6.3729999999999976,0.017,0.081,6.8279999999999985,-0.063,-0.53
00:00:09.322,1572923398043,2.456,0.125,24.275,0.664,3.0,0.001,6.414,0.017,0.081,6.934,-0.063,-0.53
00:00:09.323,1572923398044,2.455,0.122,24.275,0.664,3.0,0.002,6.455,0.018000000000000002,0.081,7.041,-0.064,-0.53
00:00:09.371,1572923398092,2.451,0.117,24.788,0.664,3.0,0.003,6.496,0.019,0.081,7.149,-0.064,-0.53
00:00:09.372,1572923398093,2.445,0.113,24.788,0.664,3.0,0.004,6.5360000000000005,0.019,0.081,7.257999999999999,-0.065,-0.53
00:00:09.373,1572923398094,2.44,0.109,24.788,0.664,3.0,0.005,6.577000000000001,0.019,0.08,7.367000000000001,-0.065,-0.53
00:00:09.421,1572923398142,2.436,0.105,24.788,0.664,3.0,0.006,6.617000000000001,0.019,0.08,7.477,-0.066,-0.53
00:00:09.422,1572923398143,2.4330000000000003,0.102,24.788,0.664,3.0,0.008,6.658,0.019,0.08,7.587999999999999,-0.066,-0.53
00:00:09.423,1572923398144,2.428,0.101,24.788,0.664,3.0,0.009000000000000001,6.698,0.02,0.08,7.699,-0.066,-0.53
00:00:09.472,1572923398193,2.422,0.1,25.96,0.664,3.0,0.011,6.7410000000000005,0.02,0.08,7.818,-0.067,-0.53
00:00:09.473,1572923398194,2.416,0.1,25.96,0.664,3.0,0.012,6.779,0.02,0.08,7.923999999999999,-0.067,-0.53
00:00:09.474,1572923398195,2.418,0.1,25.96,0.664,3.0,0.014,6.819,0.02,0.08,8.037,-0.067,-0.53
00:00:09.523,1572923398244,2.425,0.101,25.96,0.664,3.0,0.015,6.86,0.02,0.08,8.151,-0.067,-0.53
00:00:09.524,1572923398245,2.4330000000000003,0.101,25.96,0.664,3.0,0.017,6.9,0.02,0.081,8.266,-0.068,-0.53
00:00:09.525,1572923398246,2.436,0.101,25.96,0.664,3.0,0.018000000000000002,6.941,0.02,0.081,8.381,-0.068,-0.53
00:00:09.572,1572923398293,2.431,0.1,26.985,0.664,3.0,0.019,6.981,0.02,0.081,8.497,-0.068,-0.53
00:00:09.573,1572923398294,2.424,0.099,26.985,0.664,3.0,0.02,7.022,0.02,0.08199999999999999,8.613999999999999,-0.068,-0.53
00:00:09.574,1572923398295,2.426,0.098,26.985,0.664,3.0,0.022,7.062,0.02,0.08199999999999999,8.731,-0.068,-0.53
00:00:09.627,1572923398348,2.437,0.095,26.985,0.664,3.0,0.022,7.103,0.019,0.083,8.849,-0.068,-0.53
00:00:09.628,1572923398349,2.45,0.093,26.985,0.664,3.0,0.023,7.144,0.019,0.084,8.968,-0.068,-0.53
00:00:09.629,1572923398350,2.46,0.09,26.985,0.664,3.0,0.024,7.185,0.019,0.084,9.087,-0.068,-0.53
00:00:09.672,1572923398393,2.464,0.08800000000000001,28.157,0.664,3.0,0.025,7.226,0.019,0.085,9.207,-0.068,-0.53
00:00:09.673,1572923398394,2.464,0.085,28.157,0.664,3.0,0.025,7.267,0.019,0.086,9.328,-0.068,-0.53
00:00:09.674,1572923398395,2.471,0.08199999999999999,28.157,0.664,3.0,0.026,7.309,0.018000000000000002,0.087,9.45,-0.068,-0.53
00:00:09.722,1572923398443,2.487,0.08,28.157,0.664,3.0,0.026,7.35,0.018000000000000002,0.08800000000000001,9.572,-0.068,-0.53
00:00:09.723,1572923398444,2.506,0.077,28.157,0.664,3.0,0.027000000000000003,7.395,0.018000000000000002,0.08900000000000001,9.702,-0.068,-0.53
00:00:09.724,1572923398445,2.518,0.075,28.157,0.664,3.0,0.027000000000000003,7.434,0.017,0.09,9.818,-0.068,-0.53
00:00:09.779,1572923398500,2.524,0.073,29.109,0.664,3.0,0.027000000000000003,7.477,0.017,0.091,9.943,-0.068,-0.53
00:00:09.780,1572923398501,2.524,0.071,29.109,0.664,3.0,0.027000000000000003,7.519,0.017,0.092,10.068,-0.068,-0.53
00:00:09.781,1572923398502,2.529,0.069,29.109,0.664,3.0,0.027000000000000003,7.561,0.016,0.093,10.193,-0.068,-0.53
00:00:09.823,1572923398544,2.542,0.066,29.109,0.664,3.0,0.027000000000000003,7.606,0.016,0.094,10.328,-0.068,-0.53
00:00:09.824,1572923398545,2.555,0.064,29.109,0.664,3.0,0.027000000000000003,7.646,0.015,0.095,10.447,-0.068,-0.53
00:00:09.825,1572923398546,2.5660000000000003,0.061,29.109,0.664,3.0,0.027000000000000003,7.689,0.015,0.097,10.575,-0.067,-0.53
00:00:09.874,1572923398595,2.57,0.057,30.647,0.664,3.0,0.027000000000000003,7.732,0.014,0.098,10.703,-0.067,-0.53
00:00:09.875,1572923398596,2.571,0.053,30.647,0.664,3.0,0.026,7.775,0.014,0.099,10.832,-0.067,-0.53
00:00:09.876,1572923398597,2.5780000000000003,0.049,30.647,0.664,3.0,0.026,7.818,0.013,0.1,10.962,-0.067,-0.53
00:00:09.925,1572923398646,2.593,0.044,30.647,0.664,3.0,0.026,7.8610000000000015,0.012,0.102,11.093,-0.066,-0.53
00:00:09.926,1572923398647,2.611,0.039,30.647,0.664,3.0,0.025,7.905,0.012,0.103,11.224,-0.066,-0.53
00:00:09.927,1572923398648,2.624,0.035,30.647,0.664,3.0,0.025,7.952000000000001,0.011,0.104,11.365,-0.066,-0.53
00:00:09.981,1572923398702,2.63,0.031,30.794,0.664,3.0,0.025,7.9929999999999986,0.01,0.106,11.489,-0.066,-0.53
00:00:09.982,1572923398703,2.63,0.027000000000000003,30.794,0.664,3.0,0.025,8.037,0.01,0.107,11.623,-0.065,-0.53
00:00:09.983,1572923398704,2.627,0.023,30.794,0.664,3.0,0.025,8.08,0.009000000000000001,0.108,11.757,-0.065,-0.53
00:00:10.025,1572923398746,2.622,0.021,30.794,0.664,3.0,0.025,8.124,0.009000000000000001,0.109,11.892,-0.065,-0.53
00:00:10.026,1572923398747,2.6180000000000003,0.018000000000000002,30.794,0.664,3.0,0.025,8.168,0.008,0.11,12.028,-0.065,-0.53
00:00:10.027,1572923398748,2.614,0.016,30.794,0.664,3.0,0.025,8.211,0.006999999999999999,0.111,12.165,-0.064,-0.53
00:00:10.075,1572923398796,2.611,0.014,30.647,0.664,3.0,0.024,8.255,0.006999999999999999,0.112,12.302,-0.064,-0.53
00:00:10.076,1572923398797,2.609,0.012,30.647,0.664,3.0,0.024,8.298,0.006,0.113,12.44,-0.064,-0.53
00:00:10.077,1572923398798,2.607,0.009000000000000001,30.647,0.664,3.0,0.023,8.344,0.006,0.114,12.587,-0.063,-0.53
00:00:10.125,1572923398846,2.605,0.005,30.647,0.664,3.0,0.022,8.388,0.005,0.114,12.726,-0.063,-0.53
00:00:10.126,1572923398847,2.604,0.001,30.647,0.664,3.0,0.022,8.427999999999999,0.005,0.115,12.858,-0.063,-0.53
00:00:10.127,1572923398848,2.602,-0.004,30.647,0.664,3.0,0.021,8.472000000000001,0.004,0.116,12.999,-0.062,-0.53
00:00:10.176,1572923398897,2.6010000000000004,-0.01,30.647,0.664,3.0,0.019,8.517999999999999,0.003,0.116,13.149,-0.062,-0.53
00:00:10.177,1572923398898,2.599,-0.016,30.647,0.664,3.0,0.018000000000000002,8.558,0.003,0.116,13.283,-0.062,-0.53
00:00:10.178,1572923398899,2.5980000000000003,-0.023,30.647,0.664,3.0,0.017,8.601,0.002,0.117,13.425999999999998,-0.061,-0.53
00:00:10.225,1572923398946,2.595,-0.03,30.647,0.664,3.0,0.016,8.645,0.001,0.117,13.569,-0.061,-0.53
00:00:10.226,1572923398947,2.587,-0.036000000000000004,30.647,0.664,3.0,0.016,8.687999999999999,0.0,0.118,13.714,-0.061,-0.53
00:00:10.227,1572923398948,2.577,-0.043,30.647,0.664,3.0,0.015,8.73,0.0,0.118,13.859000000000002,-0.061,-0.53
00:00:10.278,1572923398999,2.57,-0.048,30.647,0.664,3.0,0.015,8.773,-0.001,0.118,14.005,-0.06,-0.53
00:00:10.279,1572923399000,2.567,-0.052000000000000005,30.647,0.664,3.0,0.014,8.816,-0.002,0.119,14.151,-0.06,-0.53
00:00:10.280,1572923399001,2.567,-0.055,30.647,0.664,3.0,0.014,8.859,-0.003,0.119,14.299,-0.06,-0.53
00:00:10.327,1572923399048,2.567,-0.057,30.647,0.664,3.0,0.014,8.902000000000003,-0.003,0.119,14.447,-0.06,-0.53
00:00:10.328,1572923399049,2.5660000000000003,-0.057,30.647,0.664,3.0,0.015,8.943999999999997,-0.004,0.12,14.595,-0.059,-0.53
00:00:10.329,1572923399050,2.565,-0.057,30.647,0.664,3.0,0.015,8.987,-0.004,0.12,14.745,-0.059,-0.53
00:00:10.378,1572923399099,2.563,-0.055,30.647,0.664,3.0,0.015,9.032,-0.005,0.12,14.904000000000002,-0.059,-0.53
00:00:10.379,1572923399100,2.5610000000000004,-0.054000000000000006,30.647,0.664,3.0,0.014,9.075,-0.005,0.12,15.055,-0.059,-0.53
00:00:10.380,1572923399101,2.56,-0.053,30.647,0.664,3.0,0.014,9.115,-0.005,0.121,15.197,-0.059,-0.53
00:00:10.429,1572923399150,2.557,-0.053,30.647,0.664,3.0,0.014,9.158,-0.005,0.121,15.35,-0.059,-0.53
00:00:10.430,1572923399151,2.5540000000000003,-0.054000000000000006,30.647,0.664,3.0,0.013,9.2,-0.005,0.121,15.503,-0.058,-0.53
00:00:10.431,1572923399152,2.55,-0.056,30.647,0.664,3.0,0.012,9.245,-0.006,0.122,15.666,-0.058,-0.53
00:00:10.477,1572923399198,2.546,-0.059,30.794,0.664,3.0,0.011,9.288,-0.006,0.122,15.821,-0.058,-0.53
00:00:10.478,1572923399199,2.542,-0.063,30.794,0.664,3.0,0.01,9.33,-0.006,0.122,15.976,-0.058,-0.53
00:00:10.479,1572923399200,2.539,-0.068,30.794,0.664,3.0,0.009000000000000001,9.372,-0.006,0.122,16.132,-0.058,-0.53
00:00:10.527,1572923399248,2.537,-0.07200000000000001,30.794,0.664,3.0,0.009000000000000001,9.415,-0.006999999999999999,0.123,16.288,-0.058,-0.53
00:00:10.528,1572923399249,2.5340000000000003,-0.076,30.794,0.664,3.0,0.008,9.454,-0.006999999999999999,0.123,16.436,-0.058,-0.53
00:00:10.534,1572923399255,2.531,-0.08,30.794,0.664,3.0,0.006999999999999999,9.496,-0.006999999999999999,0.123,16.593,-0.058,-0.53
00:00:10.577,1572923399298,2.527,-0.084,30.647,0.664,3.0,0.006,9.538,-0.008,0.123,16.752,-0.058,-0.53
00:00:10.578,1572923399299,2.523,-0.08800000000000001,30.647,0.664,3.0,0.006,9.58,-0.008,0.123,16.910999999999998,-0.058,-0.53
00:00:10.579,1572923399300,2.519,-0.092,30.647,0.664,3.0,0.005,9.625,-0.008,0.124,17.081,-0.058,-0.53
00:00:10.628,1572923399349,2.514,-0.095,30.647,0.664,3.0,0.005,9.667,-0.009000000000000001,0.124,17.242,-0.058,-0.53
00:00:10.629,1572923399350,2.51,-0.098,30.647,0.664,3.0,0.005,9.706,-0.009000000000000001,0.124,17.394000000000002,-0.058,-0.53
00:00:10.630,1572923399351,2.506,-0.101,30.647,0.664,3.0,0.004,9.75,-0.01,0.124,17.566,-0.059,-0.53
00:00:10.680,1572923399401,2.502,-0.103,30.647,0.664,3.0,0.004,9.792,-0.01,0.125,17.729,-0.059,-0.53
00:00:10.681,1572923399402,2.504,-0.105,30.647,0.664,3.0,0.004,9.834,-0.01,0.125,17.892,-0.059,-0.53
00:00:10.682,1572923399403,2.589,-0.106,30.647,0.664,3.0,0.004,9.879,-0.011,0.125,18.057,-0.059,-0.53
00:00:10.730,1572923399451,2.741,-0.108,30.647,0.664,3.0,0.004,9.927,-0.011,0.127,18.222,-0.06,-0.53
00:00:10.731,1572923399452,2.849,-0.108,30.647,0.664,3.0,0.004,9.972,-0.011,0.128,18.377,-0.06,-0.53
00:00:10.732,1572923399453,2.877,-0.109,30.647,0.664,3.0,0.004,10.023,-0.011,0.13,18.554,-0.06,-0.53
00:00:10.781,1572923399502,2.821,-0.11,30.794,0.664,3.0,0.004,10.069,-0.011,0.131,18.722,-0.061,-0.53
00:00:10.782,1572923399503,2.72,-0.11,30.794,0.664,3.0,0.004,10.113,-0.011,0.133,18.89,-0.061,-0.53
00:00:10.783,1572923399504,2.609,-0.111,30.794,0.664,3.0,0.004,10.155,-0.011,0.134,19.059,-0.061,-0.53
00:00:10.784,1572923399505,2.507,-0.111,30.794,0.664,3.0,0.004,10.195,-0.011,0.136,19.228,-0.062,-0.53
00:00:10.841,1572923399562,2.422,-0.112,30.794,0.664,3.0,0.004,10.234,-0.011,0.136,19.399,-0.062,-0.53
00:00:10.842,1572923399563,2.353,-0.113,30.794,0.664,3.0,0.004,10.273,-0.011,0.136,19.569000000000006,-0.063,-0.53
00:00:10.843,1572923399564,2.297,-0.114,30.647,0.664,3.0,0.004,10.31,-0.011,0.136,19.741,-0.064,-0.53
00:00:10.882,1572923399603,2.248,-0.115,30.647,0.664,3.0,0.003,10.347,-0.011,0.136,19.913,-0.064,-0.53
00:00:10.883,1572923399604,2.206,-0.116,30.647,0.664,3.0,0.003,10.380999999999998,-0.011,0.135,20.075,-0.065,-0.53
00:00:10.884,1572923399605,2.162,-0.118,30.647,0.664,3.0,0.003,10.419,-0.011,0.134,20.259,-0.065,-0.53
00:00:10.933,1572923399654,2.121,-0.119,30.647,0.664,3.0,0.003,10.453,-0.011,0.134,20.433,-0.066,-0.53
00:00:10.934,1572923399655,2.087,-0.12,30.647,0.664,3.0,0.003,10.481,-0.011,0.133,20.575,-0.067,-0.53
00:00:10.935,1572923399656,2.045,-0.122,30.647,0.664,3.0,0.003,10.515,-0.011,0.132,20.75,-0.068,-0.53
00:00:10.983,1572923399704,2.005,-0.123,30.647,0.664,3.0,0.003,10.548,-0.011,0.13,20.926,-0.068,-0.53
00:00:10.984,1572923399705,1.969,-0.123,30.647,0.664,3.0,0.003,10.58,-0.011,0.129,21.102,-0.069,-0.53
00:00:10.985,1572923399706,1.937,-0.124,30.647,0.664,3.0,0.003,10.612,-0.011,0.127,21.278,-0.07,-0.53
00:00:11.034,1572923399755,1.912,-0.123,30.647,0.664,3.0,0.003,10.643,-0.011,0.126,21.455,-0.071,-0.53
00:00:11.035,1572923399756,1.89,-0.123,30.647,0.664,3.0,0.003,10.675,-0.011,0.124,21.63300000000001,-0.07200000000000001,-0.53
00:00:11.036,1572923399757,1.872,-0.122,30.647,0.664,3.0,0.003,10.706,-0.011,0.122,21.811,-0.073,-0.53
00:00:11.084,1572923399805,1.856,-0.121,30.647,0.664,3.0,0.004,10.736,-0.011,0.12,21.99,-0.07400000000000001,-0.53
00:00:11.085,1572923399806,1.841,-0.121,30.647,0.664,3.0,0.004,10.767,-0.011,0.117,22.169,-0.075,-0.53
00:00:11.086,1572923399807,1.826,-0.12,30.647,0.664,3.0,0.004,10.797,-0.011,0.115,22.349,-0.076,-0.53
00:00:11.134,1572923399855,1.812,-0.12,30.647,0.664,3.0,0.004,10.827,-0.011,0.113,22.529,-0.077,-0.53
00:00:11.135,1572923399856,1.798,-0.121,30.647,0.664,3.0,0.004,10.857,-0.011,0.11,22.71,-0.078,-0.53
00:00:11.136,1572923399857,1.785,-0.121,30.647,0.664,3.0,0.004,10.887,-0.011,0.108,22.891,-0.08,-0.53
00:00:11.184,1572923399905,1.7719999999999998,-0.122,30.647,0.664,3.0,0.004,10.916,-0.011,0.105,23.073,-0.081,-0.53
00:00:11.185,1572923399906,1.759,-0.123,30.647,0.664,3.0,0.004,10.945,-0.011,0.103,23.255,-0.08199999999999999,-0.53
00:00:11.186,1572923399907,1.747,-0.123,30.647,0.664,3.0,0.004,10.974,-0.011,0.1,23.437,-0.083,-0.53
00:00:11.234,1572923399955,1.736,-0.123,30.647,0.664,3.0,0.005,11.003,-0.011,0.098,23.621,-0.085,-0.53
00:00:11.235,1572923399956,1.725,-0.121,30.647,0.664,3.0,0.005,11.032,-0.011,0.095,23.804,-0.086,-0.53
00:00:11.236,1572923399957,1.715,-0.119,30.794,0.664,3.0,0.006,11.06,-0.01,0.093,23.988000000000003,-0.08800000000000001,-0.529
00:00:11.284,1572923400005,1.705,-0.115,30.794,0.664,3.0,0.006999999999999999,11.088,-0.01,0.09,24.173,-0.08900000000000001,-0.529
00:00:11.285,1572923400006,1.696,-0.11,30.794,0.664,3.0,0.006999999999999999,11.117,-0.01,0.08800000000000001,24.358,-0.091,-0.529
00:00:11.286,1572923400007,1.6880000000000002,-0.104,30.794,0.664,3.0,0.008,11.145,-0.009000000000000001,0.086,24.54300000000001,-0.092,-0.529
00:00:11.338,1572923400059,1.68,-0.097,30.794,0.664,3.0,0.009000000000000001,11.172,-0.009000000000000001,0.084,24.729,-0.094,-0.529
00:00:11.339,1572923400060,1.672,-0.09,30.794,0.664,3.0,0.009000000000000001,11.2,-0.008,0.08199999999999999,24.916,-0.095,-0.529
00:00:11.340,1572923400061,1.665,-0.084,30.794,0.664,3.0,0.009000000000000001,11.228,-0.008,0.081,25.103,-0.097,-0.529
00:00:11.388,1572923400109,1.658,-0.079,30.794,0.664,3.0,0.009000000000000001,11.255,-0.006999999999999999,0.079,25.29,-0.099,-0.53
00:00:11.389,1572923400110,1.651,-0.07400000000000001,30.794,0.664,3.0,0.009000000000000001,11.283,-0.006999999999999999,0.078,25.478,-0.1,-0.53
00:00:11.390,1572923400111,1.644,-0.071,30.794,0.664,3.0,0.009000000000000001,11.31,-0.006,0.077,25.666,-0.102,-0.53
00:00:11.436,1572923400157,1.6369999999999998,-0.068,30.794,0.664,3.0,0.008,11.337,-0.006,0.076,25.855,-0.104,-0.53
00:00:11.437,1572923400158,1.631,-0.064,30.794,0.664,3.0,0.008,11.364,-0.005,0.075,26.044,-0.105,-0.53
00:00:11.438,1572923400159,1.625,-0.06,30.647,0.664,3.0,0.008,11.390999999999998,-0.005,0.075,26.234,-0.107,-0.53
00:00:11.486,1572923400207,1.62,-0.054000000000000006,30.647,0.664,3.0,0.009000000000000001,11.418,-0.005,0.075,26.424,-0.109,-0.53
00:00:11.487,1572923400208,1.614,-0.046,30.647,0.664,3.0,0.009000000000000001,11.445,-0.004,0.075,26.614,-0.111,-0.53
00:00:11.488,1572923400209,1.609,-0.037000000000000005,30.647,0.664,3.0,0.01,11.472,-0.003,0.075,26.805,-0.112,-0.53
00:00:11.536,1572923400257,1.604,-0.026,30.647,0.664,3.0,0.011,11.499,-0.003,0.075,26.997,-0.114,-0.53
00:00:11.537,1572923400258,1.598,-0.013,30.647,0.664,3.0,0.011,11.525,-0.002,0.076,27.189,-0.116,-0.53
00:00:11.538,1572923400259,1.594,0.001,30.647,0.664,3.0,0.012,11.552,-0.001,0.076,27.381,-0.118,-0.531
00:00:11.586,1572923400307,1.589,0.016,30.647,0.664,3.0,0.012,11.578,0.0,0.077,27.574,-0.12,-0.531
00:00:11.587,1572923400308,1.585,0.032,30.647,0.664,3.0,0.013,11.604,0.001,0.077,27.767,-0.122,-0.531
00:00:11.588,1572923400309,1.581,0.046,30.647,0.664,3.0,0.012,11.630999999999998,0.002,0.078,27.96,-0.123,-0.531
00:00:11.636,1572923400357,1.577,0.059,30.647,0.664,3.0,0.012,11.657,0.003,0.079,28.154,-0.125,-0.531
00:00:11.637,1572923400358,1.5730000000000002,0.071,30.647,0.664,3.0,0.011,11.683,0.004,0.079,28.349,-0.127,-0.531
00:00:11.638,1572923400359,1.57,0.081,30.647,0.664,3.0,0.01,11.709,0.005,0.08,28.544,-0.129,-0.531
00:00:11.691,1572923400412,1.5659999999999998,0.08900000000000001,30.647,0.664,3.0,0.008,11.735,0.006,0.081,28.739,-0.13,-0.531
00:00:11.692,1572923400413,1.5619999999999998,0.095,30.647,0.664,3.0,0.006999999999999999,11.761,0.006999999999999999,0.081,28.935,-0.132,-0.531
00:00:11.693,1572923400414,1.5590000000000002,0.1,30.647,0.664,3.0,0.005,11.787,0.008,0.08199999999999999,29.131,-0.134,-0.531
00:00:11.737,1572923400458,1.555,0.104,30.647,0.664,3.0,0.004,11.813,0.008,0.083,29.32800000000001,-0.135,-0.531
00:00:11.738,1572923400459,1.5519999999999998,0.108,30.647,0.664,3.0,0.003,11.839,0.008,0.083,29.525,-0.13699999999999998,-0.531
00:00:11.739,1572923400460,1.5490000000000002,0.113,30.794,0.664,3.0,0.002,11.865,0.009000000000000001,0.084,29.72300000000001,-0.139,-0.531
00:00:11.788,1572923400509,1.546,0.119,30.794,0.664,3.0,0.001,11.89,0.009000000000000001,0.084,29.921,-0.14,-0.531
00:00:11.789,1572923400510,1.543,0.126,30.794,0.664,3.0,0.001,11.916,0.009000000000000001,0.084,30.119,-0.142,-0.531
00:00:11.790,1572923400511,1.54,0.134,30.794,0.664,3.0,0.0,11.942,0.009000000000000001,0.085,30.318,-0.14300000000000002,-0.531
00:00:11.843,1572923400564,1.538,0.14300000000000002,30.794,0.664,3.0,-0.001,11.967,0.01,0.085,30.517,-0.145,-0.532
00:00:11.844,1572923400565,1.535,0.151,30.794,0.664,3.0,-0.001,11.993,0.01,0.085,30.717,-0.146,-0.532
00:00:11.845,1572923400566,1.533,0.159,30.647,0.664,3.0,-0.002,12.018,0.01,0.085,30.917,-0.14800000000000002,-0.532
00:00:11.890,1572923400611,1.53,0.166,30.647,0.664,3.0,-0.004,12.044,0.01,0.085,31.117,-0.149,-0.532
00:00:11.891,1572923400612,1.527,0.17,30.647,0.664,3.0,-0.005,12.069,0.011,0.085,31.318,-0.15,-0.531
00:00:11.892,1572923400613,1.524,0.172,30.647,0.664,3.0,-0.006,12.095,0.011,0.085,31.52,-0.151,-0.531
00:00:11.940,1572923400661,1.521,0.172,30.647,0.664,3.0,-0.008,12.12,0.011,0.085,31.721,-0.153,-0.531
00:00:11.941,1572923400662,1.518,0.17,30.647,0.664,3.0,-0.009000000000000001,12.145,0.011,0.085,31.924,-0.154,-0.531
00:00:11.942,1572923400663,1.515,0.16699999999999998,30.794,0.664,3.0,-0.011,12.17,0.01,0.085,32.126,-0.155,-0.531
00:00:11.990,1572923400711,1.513,0.162,30.794,0.664,3.0,-0.012,12.196,0.01,0.085,32.329,-0.156,-0.531
00:00:11.991,1572923400712,1.51,0.157,30.794,0.664,3.0,-0.013,12.220999999999998,0.01,0.085,32.533,-0.157,-0.531
00:00:11.992,1572923400713,1.508,0.151,30.794,0.664,3.0,-0.014,12.246,0.009000000000000001,0.085,32.736999999999995,-0.158,-0.531
00:00:12.040,1572923400761,1.506,0.145,30.794,0.664,3.0,-0.015,12.271,0.009000000000000001,0.084,32.941,-0.159,-0.531
00:00:12.041,1572923400762,1.505,0.139,30.794,0.664,3.0,-0.016,12.296,0.008,0.084,33.146,-0.16,-0.531
00:00:12.042,1572923400763,1.503,0.132,30.794,0.664,3.0,-0.017,12.321,0.008,0.084,33.351,-0.161,-0.531
00:00:12.091,1572923400812,1.501,0.126,30.794,0.664,3.0,-0.017,12.345999999999998,0.006999999999999999,0.084,33.556,-0.162,-0.531
00:00:12.092,1572923400813,1.4980000000000002,0.119,30.794,0.664,3.0,-0.018000000000000002,12.371,0.006999999999999999,0.083,33.762,-0.162,-0.531
00:00:12.093,1572923400814,1.496,0.112,30.794,0.664,3.0,-0.018000000000000002,12.397,0.006,0.083,33.982,-0.163,-0.531
00:00:12.142,1572923400863,1.494,0.105,30.794,0.664,3.0,-0.018000000000000002,12.421,0.006,0.083,34.176,-0.16399999999999998,-0.531
00:00:12.143,1572923400864,1.492,0.098,30.794,0.664,3.0,-0.018000000000000002,12.446,0.005,0.083,34.383,-0.165,-0.531
00:00:12.144,1572923400865,1.489,0.092,30.794,0.664,3.0,-0.018000000000000002,12.472,0.005,0.08199999999999999,34.603,-0.166,-0.531
00:00:12.193,1572923400914,1.487,0.087,30.794,0.664,3.0,-0.017,12.495,0.004,0.08199999999999999,34.798,-0.166,-0.531
00:00:12.194,1572923400915,1.485,0.08199999999999999,30.794,0.664,3.0,-0.017,12.52,0.004,0.08199999999999999,35.007,-0.16699999999999998,-0.531
00:00:12.195,1572923400916,1.483,0.079,30.794,0.664,3.0,-0.016,12.545,0.004,0.08199999999999999,35.216,-0.168,-0.531
00:00:12.243,1572923400964,1.481,0.076,30.794,0.664,3.0,-0.016,12.569,0.004,0.08199999999999999,35.425,-0.168,-0.531
00:00:12.244,1572923400965,1.4780000000000002,0.07400000000000001,30.794,0.664,3.0,-0.015,12.594,0.003,0.081,35.635,-0.16899999999999998,-0.531
00:00:12.245,1572923400966,1.476,0.07200000000000001,30.794,0.664,3.0,-0.014,12.618,0.003,0.081,35.845,-0.16899999999999998,-0.531
00:00:12.293,1572923401014,1.474,0.071,30.794,0.664,3.0,-0.014,12.643,0.003,0.081,36.055,-0.17,-0.531
00:00:12.294,1572923401015,1.472,0.069,30.794,0.664,3.0,-0.014,12.667,0.003,0.081,36.266,-0.171,-0.531
00:00:12.295,1572923401016,1.47,0.067,30.794,0.664,3.0,-0.013,12.692,0.003,0.081,36.478,-0.171,-0.531
00:00:12.343,1572923401064,1.4680000000000002,0.064,30.794,0.664,3.0,-0.013,12.716,0.003,0.081,36.689,-0.172,-0.531
00:00:12.344,1572923401065,1.466,0.061,30.794,0.664,3.0,-0.013,12.741,0.003,0.081,36.902,-0.172,-0.531
00:00:12.345,1572923401066,1.464,0.057,30.794,0.664,3.0,-0.013,12.765,0.003,0.08,37.114,-0.173,-0.531
00:00:12.396,1572923401117,1.462,0.054000000000000006,30.794,0.664,3.0,-0.013,12.789,0.003,0.08,37.327,-0.173,-0.531
00:00:12.397,1572923401118,1.46,0.051,30.794,0.664,3.0,-0.013,12.814,0.003,0.081,37.54,-0.174,-0.531
00:00:12.398,1572923401119,1.457,0.047,30.794,0.664,3.0,-0.013,12.839,0.003,0.081,37.768,-0.174,-0.531
00:00:12.443,1572923401164,1.455,0.045,30.794,0.664,3.0,-0.013,12.862,0.002,0.081,37.968,-0.175,-0.531
00:00:12.444,1572923401165,1.453,0.043,30.794,0.664,3.0,-0.013,12.886,0.002,0.081,38.183,-0.175,-0.531
00:00:12.445,1572923401166,1.4509999999999998,0.042,30.794,0.664,3.0,-0.012,12.912,0.002,0.081,38.411,-0.17600000000000002,-0.531
00:00:12.495,1572923401216,1.449,0.042,30.794,0.664,3.0,-0.012,12.935,0.002,0.081,38.613,-0.17600000000000002,-0.531
00:00:12.496,1572923401217,1.4469999999999998,0.043,30.794,0.664,3.0,-0.012,12.959,0.002,0.081,38.829,-0.17600000000000002,-0.531
00:00:12.497,1572923401218,1.445,0.044,30.794,0.664,3.0,-0.011,12.984000000000002,0.002,0.081,39.059,-0.177,-0.531
00:00:12.545,1572923401266,1.444,0.045,30.794,0.664,3.0,-0.011,13.007,0.002,0.081,39.262,-0.177,-0.531
00:00:12.546,1572923401267,1.442,0.046,30.794,0.664,3.0,-0.011,13.031,0.002,0.08199999999999999,39.479,-0.177,-0.531
00:00:12.547,1572923401268,1.44,0.046,30.794,0.664,3.0,-0.011,13.055,0.002,0.08199999999999999,39.696,-0.17800000000000002,-0.532
00:00:12.595,1572923401316,1.4380000000000002,0.046,30.794,0.664,3.0,-0.011,13.079,0.002,0.08199999999999999,39.914,-0.17800000000000002,-0.532
00:00:12.596,1572923401317,1.436,0.046,30.794,0.664,3.0,-0.011,13.103,0.002,0.08199999999999999,40.132,-0.179,-0.532
00:00:12.597,1572923401318,1.4340000000000002,0.046,30.794,0.664,3.0,-0.01,13.127,0.002,0.08199999999999999,40.351,-0.179,-0.532
00:00:12.645,1572923401366,1.432,0.046,30.794,0.664,3.0,-0.01,13.15,0.002,0.08199999999999999,40.57,-0.179,-0.532
00:00:12.646,1572923401367,1.429,0.045,30.794,0.664,3.0,-0.01,13.174,0.002,0.08199999999999999,40.789,-0.179,-0.532
00:00:12.647,1572923401368,1.426,0.045,30.794,0.664,3.0,-0.01,13.198,0.002,0.08199999999999999,41.00899999999999,-0.18,-0.532
00:00:12.695,1572923401416,1.423,0.045,30.794,0.664,3.0,-0.01,13.222,0.002,0.083,41.229,-0.18,-0.532
00:00:12.696,1572923401417,1.42,0.044,30.794,0.664,3.0,-0.01,13.245,0.002,0.083,41.45,-0.18,-0.532
00:00:12.697,1572923401418,1.418,0.044,30.794,0.664,3.0,-0.01,13.27,0.002,0.083,41.684,-0.181,-0.532
00:00:12.745,1572923401466,1.4169999999999998,0.043,30.794,0.664,3.0,-0.01,13.292,0.002,0.083,41.892,-0.181,-0.532
00:00:12.746,1572923401467,1.416,0.043,30.794,0.664,3.0,-0.01,13.316,0.002,0.083,42.114,-0.181,-0.532
00:00:12.747,1572923401468,1.415,0.042,30.794,1.128,3.0,-0.01,13.341,0.002,0.083,42.35,-0.181,-0.532
00:00:12.795,1572923401516,1.411,0.042,30.794,1.128,3.0,-0.01,13.363,0.001,0.083,42.558,-0.181,-0.532
00:00:12.796,1572923401517,1.405,0.041,30.794,1.128,3.0,-0.01,13.386,0.001,0.083,42.78100000000001,-0.182,-0.532
00:00:12.797,1572923401518,1.401,0.039,30.794,1.128,3.0,-0.01,13.411,0.001,0.083,43.018,-0.182,-0.532
00:00:12.846,1572923401567,1.399,0.038,30.794,1.128,3.0,-0.01,13.433,0.001,0.083,43.228,-0.182,-0.532
00:00:12.847,1572923401568,1.3969999999999998,0.036000000000000004,30.794,1.128,3.0,-0.01,13.456,0.001,0.083,43.452,-0.182,-0.532
00:00:12.848,1572923401569,1.396,0.034,30.794,0.664,3.0,-0.01,13.479,0.001,0.083,43.677,-0.182,-0.532
00:00:12.897,1572923401618,1.398,0.032,30.794,0.664,3.0,-0.01,13.503,0.001,0.083,43.902,-0.183,-0.532
00:00:12.898,1572923401619,1.402,0.029,30.794,0.664,3.0,-0.011,13.526,0.001,0.083,44.127,-0.183,-0.532
00:00:12.899,1572923401620,1.404,0.025,30.794,0.664,3.0,-0.011,13.55,0.0,0.083,44.352,-0.183,-0.532
00:00:12.900,1572923401621,1.404,0.021,30.794,0.664,3.0,-0.011,13.573,0.0,0.08199999999999999,44.578,-0.183,-0.532
00:00:12.950,1572923401671,1.404,0.018000000000000002,30.794,0.664,3.0,-0.011,13.595,0.0,0.08199999999999999,44.791,-0.183,-0.532
00:00:12.951,1572923401672,1.403,0.014,30.794,0.664,3.0,-0.011,13.618,0.0,0.08199999999999999,45.018,-0.183,-0.532
00:00:12.952,1572923401673,1.403,0.01,30.794,0.664,3.0,-0.011,13.642,-0.001,0.08199999999999999,45.245,-0.183,-0.532
00:00:12.998,1572923401719,1.402,0.006,30.794,0.664,3.0,-0.01,13.665,-0.001,0.08199999999999999,45.472,-0.183,-0.532
00:00:12.999,1572923401720,1.402,0.002,30.794,0.664,3.0,-0.01,13.688,-0.001,0.08199999999999999,45.7,-0.184,-0.532
00:00:13.000,1572923401721,1.401,-0.002,30.794,0.664,3.0,-0.01,13.712,-0.001,0.08199999999999999,45.929,-0.184,-0.532
00:00:13.048,1572923401769,1.401,-0.005,30.794,0.664,3.0,-0.009000000000000001,13.735,-0.002,0.08199999999999999,46.157,-0.184,-0.532
00:00:13.049,1572923401770,1.4,-0.009000000000000001,30.794,0.664,3.0,-0.009000000000000001,13.76,-0.002,0.08199999999999999,46.401,-0.184,-0.532
00:00:13.050,1572923401771,1.399,-0.012,30.794,0.664,3.0,-0.009000000000000001,13.782,-0.002,0.08199999999999999,46.61600000000001,-0.184,-0.532
00:00:13.098,1572923401819,1.399,-0.015,30.794,0.664,3.0,-0.008,13.805,-0.002,0.08199999999999999,46.846,-0.184,-0.532
00:00:13.099,1572923401820,1.398,-0.018000000000000002,30.794,0.664,3.0,-0.008,13.83,-0.002,0.08199999999999999,47.09,-0.184,-0.532
00:00:13.100,1572923401821,1.398,-0.021,30.794,0.664,3.0,-0.006999999999999999,13.852,-0.002,0.08199999999999999,47.307,-0.185,-0.532
00:00:13.149,1572923401870,1.3969999999999998,-0.024,30.794,0.664,3.0,-0.006999999999999999,13.875,-0.002,0.083,47.538,-0.185,-0.532
00:00:13.150,1572923401871,1.396,-0.028,30.794,0.664,3.0,-0.006,13.9,-0.002,0.083,47.784,-0.185,-0.532
00:00:13.151,1572923401872,1.396,-0.03,30.794,0.664,3.0,-0.006,13.921,-0.002,0.083,48.00100000000001,-0.185,-0.532
00:00:13.200,1572923401921,1.395,-0.033,30.794,0.664,3.0,-0.005,13.945,-0.002,0.083,48.233,-0.185,-0.532
00:00:13.201,1572923401922,1.395,-0.035,30.794,0.664,3.0,-0.005,13.968,-0.002,0.083,48.466,-0.185,-0.532
00:00:13.202,1572923401923,1.394,-0.037000000000000005,30.794,0.664,3.0,-0.004,13.991,-0.002,0.083,48.699,-0.18600000000000005,-0.532
00:00:13.251,1572923401972,1.394,-0.038,30.794,0.664,3.0,-0.003,14.014,-0.002,0.083,48.932,-0.18600000000000005,-0.532
00:00:13.252,1572923401973,1.393,-0.04,30.794,0.664,3.0,-0.003,14.038,-0.002,0.083,49.166,-0.18600000000000005,-0.532
00:00:13.253,1572923401974,1.392,-0.041,30.794,0.664,3.0,-0.002,14.061,-0.002,0.083,49.4,-0.18600000000000005,-0.532
00:00:13.303,1572923402024,1.392,-0.043,30.794,0.664,3.0,-0.002,14.084,-0.002,0.083,49.635,-0.187,-0.532
00:00:13.304,1572923402025,1.391,-0.044,30.794,0.664,3.0,-0.001,14.107,-0.002,0.083,49.87,-0.187,-0.532
00:00:13.305,1572923402026,1.391,-0.045,30.794,0.664,3.0,-0.001,14.13,-0.002,0.084,50.105,-0.187,-0.532
00:00:13.353,1572923402074,1.39,-0.046,30.794,0.664,3.0,0.0,14.153,-0.002,0.084,50.341,-0.187,-0.532
00:00:13.354,1572923402075,1.39,-0.047,30.794,0.664,3.0,0.0,14.178,-0.001,0.084,50.592,-0.188,-0.532
00:00:13.355,1572923402076,1.389,-0.048,30.794,0.664,3.0,0.001,14.2,-0.001,0.084,50.813,-0.188,-0.532
00:00:13.402,1572923402123,1.388,-0.049,30.794,0.664,3.0,0.001,14.223,-0.001,0.084,51.05,-0.188,-0.532
00:00:13.403,1572923402124,1.388,-0.049,30.794,0.664,3.0,0.002,14.247,-0.001,0.084,51.302,-0.189,-0.532
00:00:13.404,1572923402125,1.3869999999999998,-0.05,30.794,0.664,3.0,0.002,14.269,-0.001,0.084,51.525,-0.189,-0.532
00:00:13.451,1572923402172,1.3869999999999998,-0.05,30.794,0.664,3.0,0.002,14.292,-0.001,0.085,51.76300000000001,-0.189,-0.532
00:00:13.452,1572923402173,1.386,-0.05,30.794,0.664,3.0,0.003,14.317,-0.001,0.085,52.01600000000001,-0.19,-0.532
00:00:13.453,1572923402174,1.386,-0.051,30.794,0.664,3.0,0.003,14.338,-0.001,0.085,52.24,-0.19,-0.532
00:00:13.502,1572923402223,1.385,-0.051,30.794,0.664,3.0,0.004,14.361,-0.001,0.085,52.479,-0.191,-0.532
00:00:13.503,1572923402224,1.385,-0.051,30.794,0.664,3.0,0.004,14.385,-0.001,0.085,52.719,-0.191,-0.532
00:00:13.504,1572923402225,1.384,-0.051,30.794,0.664,3.0,0.004,14.408,-0.001,0.085,52.959,-0.191,-0.532
00:00:13.556,1572923402277,1.384,-0.051,30.794,0.664,3.0,0.005,14.431,-0.001,0.085,53.199,-0.192,-0.532
00:00:13.557,1572923402278,1.383,-0.051,30.794,0.664,3.0,0.005,14.454,-0.001,0.086,53.44,-0.192,-0.532
00:00:13.558,1572923402279,1.383,-0.05,30.794,0.664,3.0,0.005,14.477,-0.001,0.086,53.681,-0.193,-0.532
00:00:13.603,1572923402324,1.382,-0.05,30.794,0.664,3.0,0.005,14.5,-0.001,0.086,53.922,-0.193,-0.532
00:00:13.604,1572923402325,1.381,-0.05,30.794,0.664,3.0,0.006,14.524,-0.001,0.086,54.179,-0.194,-0.532
00:00:13.605,1572923402326,1.381,-0.05,30.794,0.664,3.0,0.006,14.546,-0.001,0.086,54.40600000000001,-0.194,-0.532
00:00:13.653,1572923402374,1.38,-0.049,30.794,0.664,3.0,0.006,14.569,-0.001,0.086,54.649,-0.195,-0.532
00:00:13.654,1572923402375,1.38,-0.049,30.794,0.664,3.0,0.006,14.592,-0.001,0.086,54.892,-0.196,-0.532
00:00:13.655,1572923402376,1.379,-0.049,30.794,0.664,3.0,0.006999999999999999,14.615,-0.001,0.086,55.136,-0.196,-0.532
00:00:13.703,1572923402424,1.379,-0.049,30.794,0.664,3.0,0.006999999999999999,14.638,-0.001,0.086,55.379,-0.197,-0.532
00:00:13.704,1572923402425,1.378,-0.049,30.794,0.664,3.0,0.006999999999999999,14.662,-0.001,0.087,55.639,-0.197,-0.532
00:00:13.705,1572923402426,1.378,-0.049,30.794,0.664,3.0,0.006999999999999999,14.685,-0.001,0.087,55.883,-0.198,-0.532
00:00:13.753,1572923402474,1.3769999999999998,-0.05,30.794,0.664,3.0,0.006999999999999999,14.707,-0.001,0.087,56.113,-0.199,-0.532
00:00:13.754,1572923402475,1.376,-0.05,30.794,0.664,3.0,0.008,14.731,-0.001,0.087,56.374,-0.199,-0.532
00:00:13.755,1572923402476,1.376,-0.05,30.794,0.664,3.0,0.008,14.752,-0.001,0.087,56.604,-0.2,-0.532
00:00:13.809,1572923402530,1.375,-0.05,30.794,0.664,3.0,0.008,14.775,-0.001,0.087,56.85,-0.201,-0.532
00:00:13.810,1572923402531,1.375,-0.049,30.794,0.664,3.0,0.008,14.8,-0.001,0.087,57.112,-0.201,-0.532
00:00:13.811,1572923402532,1.374,-0.049,30.794,0.664,3.0,0.008,14.821,-0.001,0.087,57.343,-0.202,-0.532
00:00:13.853,1572923402574,1.374,-0.049,30.794,0.664,3.0,0.008,14.844,-0.001,0.087,57.59,-0.203,-0.532
00:00:13.854,1572923402575,1.3730000000000002,-0.049,30.794,0.664,3.0,0.009000000000000001,14.867,-0.001,0.087,57.838,-0.204,-0.532
00:00:13.855,1572923402576,1.3730000000000002,-0.048,30.794,0.664,3.0,0.009000000000000001,14.89,-0.001,0.087,58.08600000000001,-0.204,-0.532
00:00:13.910,1572923402631,1.372,-0.048,30.794,0.664,3.0,0.009000000000000001,14.913,-0.001,0.087,58.334,-0.205,-0.532
00:00:13.911,1572923402632,1.372,-0.048,30.794,0.664,3.0,0.009000000000000001,14.935,-0.001,0.087,58.583,-0.206,-0.532
00:00:13.912,1572923402633,1.371,-0.047,30.794,0.664,3.0,0.009000000000000001,14.958,-0.001,0.08800000000000001,58.832,-0.207,-0.532
00:00:13.960,1572923402681,1.37,-0.046,30.794,0.664,3.0,0.009000000000000001,14.981,0.0,0.08800000000000001,59.082,-0.207,-0.532
00:00:13.961,1572923402682,1.37,-0.044,30.794,0.664,3.0,0.01,15.004,0.0,0.08800000000000001,59.332,-0.208,-0.532
00:00:13.962,1572923402683,1.369,-0.042,30.94,0.664,3.0,0.01,15.027,0.0,0.08800000000000001,59.582,-0.209,-0.532
00:00:14.006,1572923402727,1.369,-0.039,30.94,0.664,3.0,0.01,15.05,0.0,0.08800000000000001,59.832,-0.21,-0.532
00:00:14.007,1572923402728,1.369,-0.035,30.94,0.664,3.0,0.011,15.072,0.0,0.08800000000000001,60.084,-0.211,-0.532
00:00:14.008,1572923402729,1.369,-0.03,30.94,0.664,3.0,0.011,15.095,0.001,0.08800000000000001,60.335,-0.212,-0.532
00:00:14.057,1572923402778,1.368,-0.024,30.94,0.664,3.0,0.011,15.118,0.001,0.08800000000000001,60.587,-0.213,-0.532
00:00:14.058,1572923402779,1.368,-0.018000000000000002,30.94,0.664,3.0,0.012,15.142,0.001,0.08800000000000001,60.855,-0.214,-0.532
00:00:14.059,1572923402780,1.368,-0.011,30.94,0.664,3.0,0.012,15.164,0.002,0.08800000000000001,61.091,-0.214,-0.532
00:00:14.107,1572923402828,1.367,-0.003,30.94,0.664,3.0,0.012,15.186,0.002,0.08800000000000001,61.344,-0.215,-0.532
00:00:14.108,1572923402829,1.367,0.006,30.94,0.664,3.0,0.013,15.211,0.003,0.08900000000000001,61.613,-0.21600000000000005,-0.532
00:00:14.109,1572923402830,1.366,0.015,30.94,0.664,3.0,0.013,15.232,0.003,0.08900000000000001,61.851000000000006,-0.217,-0.532
00:00:14.160,1572923402881,1.365,0.024,30.94,0.664,3.0,0.013,15.255,0.004,0.08900000000000001,62.105,-0.218,-0.532
00:00:14.161,1572923402882,1.365,0.033,30.94,0.664,3.0,0.012,15.277,0.004,0.08900000000000001,62.36,-0.219,-0.532
00:00:14.162,1572923402883,1.364,0.04,30.94,0.664,3.0,0.011,15.3,0.004,0.08900000000000001,62.615,-0.22,-0.532
00:00:14.207,1572923402928,1.364,0.046,30.94,0.664,3.0,0.01,15.323,0.005,0.08900000000000001,62.87,-0.22,-0.532
00:00:14.208,1572923402929,1.364,0.052000000000000005,30.94,0.664,3.0,0.009000000000000001,15.345999999999998,0.005,0.09,63.125,-0.221,-0.532
00:00:14.209,1572923402930,1.3630000000000002,0.056,30.94,0.664,3.0,0.008,15.368,0.005,0.09,63.381,-0.222,-0.532
00:00:14.258,1572923402979,1.3630000000000002,0.059,30.94,0.664,3.0,0.006999999999999999,15.390999999999998,0.005,0.09,63.63800000000001,-0.223,-0.532
00:00:14.259,1572923402980,1.362,0.06,30.94,0.664,3.0,0.006,15.414,0.005,0.09,63.894,-0.224,-0.532
00:00:14.260,1572923402981,1.362,0.061,32.111999999999995,0.664,3.0,0.004,15.438,0.005,0.09,64.168,-0.225,-0.532
00:00:14.308,1572923403029,1.3630000000000002,0.06,32.111999999999995,0.664,3.0,0.003,15.459,0.004,0.09,64.40899999999999,-0.225,-0.532
00:00:14.309,1572923403030,1.365,0.058,32.111999999999995,0.664,3.0,0.001,15.482,0.004,0.09,64.667,-0.226,-0.532
00:00:14.310,1572923403031,1.367,0.056,32.111999999999995,0.664,3.0,0.0,15.505,0.003,0.09,64.925,-0.227,-0.532
00:00:14.359,1572923403080,1.37,0.054000000000000006,32.111999999999995,0.664,3.0,-0.001,15.526,0.002,0.09,65.167,-0.227,-0.532
00:00:14.360,1572923403081,1.371,0.052000000000000005,32.111999999999995,0.664,3.0,-0.002,15.549,0.001,0.09,65.426,-0.228,-0.532
00:00:14.361,1572923403082,1.372,0.051,32.332,0.664,3.0,-0.003,15.572,0.001,0.09,65.686,-0.229,-0.532
00:00:14.409,1572923403130,1.372,0.051,32.332,0.664,3.0,-0.004,15.595999999999998,0.0,0.09,65.962,-0.229,-0.532
00:00:14.410,1572923403131,1.371,0.052000000000000005,32.332,0.664,3.0,-0.004,15.619000000000002,-0.001,0.091,66.222,-0.23,-0.532
00:00:14.411,1572923403132,1.371,0.054000000000000006,32.332,0.664,3.0,-0.004,15.64,-0.001,0.091,66.46600000000001,-0.231,-0.532
00:00:14.459,1572923403180,1.371,0.056,32.332,0.664,3.0,-0.005,15.663,-0.001,0.091,66.727,-0.231,-0.532
00:00:14.460,1572923403181,1.371,0.058,32.332,0.664,3.0,-0.005,15.686,-0.002,0.091,66.988,-0.232,-0.532
00:00:14.461,1572923403182,1.371,0.059,32.332,0.664,3.0,-0.005,15.709,-0.002,0.091,67.25,-0.233,-0.532
00:00:14.509,1572923403230,1.371,0.06,32.332,0.664,3.0,-0.005,15.732,-0.002,0.091,67.512,-0.233,-0.532
00:00:14.510,1572923403231,1.37,0.06,32.332,0.664,3.0,-0.006,15.755999999999998,-0.002,0.091,67.791,-0.234,-0.532
00:00:14.511,1572923403232,1.37,0.059,32.332,0.664,3.0,-0.006,15.778,-0.002,0.091,68.03699999999999,-0.234,-0.532
00:00:14.560,1572923403281,1.37,0.056,32.332,0.664,3.0,-0.006999999999999999,15.8,-0.002,0.092,68.3,-0.235,-0.532
00:00:14.561,1572923403282,1.369,0.053,32.332,0.664,3.0,-0.006999999999999999,15.823,-0.002,0.092,68.564,-0.235,-0.532
00:00:14.562,1572923403283,1.369,0.049,32.332,0.664,3.0,-0.008,15.845999999999998,-0.002,0.092,68.828,-0.236,-0.532
00:00:14.610,1572923403331,1.369,0.045,32.332,0.664,3.0,-0.008,15.869000000000002,-0.002,0.092,69.092,-0.236,-0.532
00:00:14.611,1572923403332,1.368,0.041,32.332,0.664,3.0,-0.008,15.892,-0.002,0.092,69.35600000000001,-0.237,-0.532
00:00:14.612,1572923403333,1.368,0.036000000000000004,32.332,0.664,3.0,-0.009000000000000001,15.916,-0.002,0.092,69.638,-0.237,-0.532
00:00:14.661,1572923403382,1.367,0.033,32.332,0.664,3.0,-0.009000000000000001,15.937,-0.002,0.093,69.887,-0.238,-0.532
00:00:14.662,1572923403383,1.365,0.03,32.332,0.664,3.0,-0.009000000000000001,15.961,-0.002,0.093,70.169,-0.238,-0.532
00:00:14.663,1572923403384,1.364,0.028,32.332,0.664,3.0,-0.009000000000000001,15.983,-0.002,0.093,70.419,-0.239,-0.532
00:00:14.711,1572923403432,1.362,0.027000000000000003,32.332,0.664,3.0,-0.009000000000000001,16.005,-0.002,0.093,70.686,-0.239,-0.532
00:00:14.712,1572923403433,1.362,0.027000000000000003,32.332,0.664,3.0,-0.008,16.029,-0.002,0.093,70.969,-0.24,-0.532
00:00:14.713,1572923403434,1.362,0.028,32.332,0.664,3.0,-0.008,16.051,-0.002,0.093,71.22,-0.24,-0.532
00:00:14.762,1572923403483,1.362,0.03,32.332,0.664,3.0,-0.008,16.073,-0.001,0.093,71.488,-0.241,-0.532
00:00:14.763,1572923403484,1.362,0.032,32.332,0.664,3.0,-0.006999999999999999,16.097,-0.001,0.094,71.77199999999998,-0.241,-0.532
00:00:14.764,1572923403485,1.361,0.034,32.332,0.664,3.0,-0.006999999999999999,16.119,-0.001,0.094,72.024,-0.241,-0.532
00:00:14.812,1572923403533,1.361,0.036000000000000004,32.332,0.664,3.0,-0.006999999999999999,16.141,0.0,0.094,72.293,-0.242,-0.532
00:00:14.813,1572923403534,1.36,0.038,32.332,0.664,3.0,-0.006999999999999999,16.165,0.0,0.094,72.579,-0.242,-0.532
00:00:14.814,1572923403535,1.36,0.04,32.332,0.664,3.0,-0.006999999999999999,16.187,0.0,0.094,72.832,-0.243,-0.532
00:00:14.862,1572923403583,1.359,0.042,32.332,0.664,3.0,-0.006999999999999999,16.211,0.001,0.094,73.119,-0.243,-0.532
00:00:14.863,1572923403584,1.359,0.044,32.332,0.664,3.0,-0.006999999999999999,16.232,0.001,0.094,73.372,-0.243,-0.532
00:00:14.864,1572923403585,1.359,0.046,32.332,0.664,3.0,-0.006999999999999999,16.255,0.001,0.094,73.643,-0.244,-0.532
00:00:14.912,1572923403633,1.358,0.049,32.332,0.664,3.0,-0.006999999999999999,16.277,0.001,0.094,73.914,-0.244,-0.532
00:00:14.913,1572923403634,1.358,0.052000000000000005,32.332,0.664,3.0,-0.006999999999999999,16.3,0.002,0.094,74.185,-0.244,-0.532
00:00:14.914,1572923403635,1.357,0.056,32.332,0.664,3.0,-0.006999999999999999,16.322,0.002,0.095,74.457,-0.245,-0.532
00:00:14.962,1572923403683,1.357,0.06,32.332,0.664,3.0,-0.006999999999999999,16.347,0.002,0.095,74.74600000000002,-0.245,-0.532
00:00:14.963,1572923403684,1.357,0.063,32.332,0.664,3.0,-0.008,16.368,0.002,0.095,75.002,-0.245,-0.532
00:00:14.964,1572923403685,1.356,0.067,32.332,0.664,3.0,-0.008,16.392,0.002,0.095,75.292,-0.245,-0.532
00:00:15.012,1572923403733,1.356,0.07,32.332,0.664,3.0,-0.008,16.413,0.002,0.095,75.548,-0.246,-0.532
00:00:15.013,1572923403734,1.355,0.073,32.332,0.664,3.0,-0.009000000000000001,16.437,0.002,0.095,75.839,-0.246,-0.532
00:00:15.014,1572923403735,1.355,0.075,32.332,0.664,3.0,-0.01,16.459,0.002,0.095,76.113,-0.246,-0.532
00:00:15.069,1572923403790,1.354,0.076,32.332,0.664,3.0,-0.01,16.482,0.002,0.095,76.388,-0.246,-0.532
00:00:15.070,1572923403791,1.3530000000000002,0.077,32.332,0.664,3.0,-0.011,16.505,0.002,0.095,76.663,-0.246,-0.532
00:00:15.071,1572923403792,1.3530000000000002,0.078,32.332,0.664,3.0,-0.011,16.526,0.002,0.095,76.921,-0.247,-0.532
00:00:15.115,1572923403836,1.352,0.078,32.332,0.664,3.0,-0.012,16.55,0.001,0.095,77.214,-0.247,-0.532
00:00:15.116,1572923403837,1.351,0.078,32.332,0.664,3.0,-0.013,16.572,0.001,0.095,77.49,-0.247,-0.532
00:00:15.117,1572923403838,1.35,0.078,32.332,0.664,3.0,-0.013,16.595,0.0,0.095,77.766,-0.247,-0.532
00:00:15.118,1572923403839,1.35,0.077,32.332,0.664,3.0,-0.014,16.616,0.0,0.095,78.02600000000002,-0.247,-0.532
00:00:15.165,1572923403886,1.349,0.077,32.332,0.664,3.0,-0.014,16.637999999999998,0.0,0.095,78.303,-0.247,-0.532
00:00:15.166,1572923403887,1.348,0.077,32.332,0.664,3.0,-0.015,16.662,-0.001,0.095,78.598,-0.247,-0.532
00:00:15.167,1572923403888,1.347,0.077,32.332,0.664,3.0,-0.015,16.684,-0.001,0.095,78.875,-0.247,-0.532
00:00:15.215,1572923403936,1.347,0.078,32.332,0.664,3.0,-0.016,16.707,-0.001,0.095,79.154,-0.247,-0.532
00:00:15.216,1572923403937,1.346,0.078,32.332,0.664,3.0,-0.016,16.729,-0.002,0.095,79.432,-0.247,-0.532
00:00:15.217,1572923403938,1.345,0.079,32.332,0.664,3.0,-0.016,16.752,-0.002,0.096,79.711,-0.247,-0.532
00:00:15.265,1572923403986,1.345,0.08,32.332,0.664,3.0,-0.016,16.773,-0.002,0.096,79.973,-0.247,-0.532
00:00:15.266,1572923403987,1.344,0.08,32.332,0.664,3.0,-0.017,16.797,-0.002,0.096,80.271,-0.246,-0.532
00:00:15.267,1572923403988,1.3430000000000002,0.081,32.332,0.664,3.0,-0.017,16.819000000000006,-0.002,0.096,80.551,-0.246,-0.532
00:00:15.315,1572923404036,1.3430000000000002,0.081,32.332,0.664,3.0,-0.017,16.843,-0.002,0.096,80.84899999999998,-0.246,-0.532
00:00:15.316,1572923404037,1.342,0.081,32.332,0.664,3.0,-0.017,16.864,-0.002,0.096,81.112,-0.246,-0.532
00:00:15.317,1572923404038,1.341,0.081,32.332,0.664,3.0,-0.018000000000000002,16.886,-0.002,0.096,81.393,-0.246,-0.532
00:00:15.366,1572923404087,1.34,0.08,32.332,0.664,3.0,-0.018000000000000002,16.908,-0.002,0.096,81.675,-0.245,-0.532
00:00:15.367,1572923404088,1.34,0.079,32.332,0.664,3.0,-0.018000000000000002,16.930999999999994,-0.002,0.096,81.95700000000002,-0.245,-0.532
00:00:15.368,1572923404089,1.339,0.078,32.332,0.664,3.0,-0.018000000000000002,16.953,-0.002,0.096,82.23899999999998,-0.245,-0.532
00:00:15.416,1572923404137,1.338,0.077,32.332,0.664,3.0,-0.018000000000000002,16.975,-0.002,0.096,82.522,-0.245,-0.532
00:00:15.417,1572923404138,1.338,0.077,32.332,0.664,3.0,-0.019,16.998,-0.002,0.096,82.805,-0.244,-0.532
00:00:15.418,1572923404139,1.337,0.076,32.332,0.664,3.0,-0.019,17.02,-0.002,0.096,83.089,-0.244,-0.532
00:00:15.466,1572923404187,1.336,0.07400000000000001,32.332,0.664,3.0,-0.019,17.042,-0.002,0.096,83.37200000000001,-0.243,-0.532
00:00:15.467,1572923404188,1.335,0.073,32.332,0.664,3.0,-0.019,17.064,-0.002,0.096,83.65700000000002,-0.243,-0.532
00:00:15.468,1572923404189,1.335,0.07200000000000001,32.332,0.664,3.0,-0.019,17.087,-0.002,0.097,83.941,-0.243,-0.532
00:00:15.517,1572923404238,1.334,0.07,32.332,0.664,3.0,-0.019,17.109,-0.002,0.097,84.226,-0.242,-0.532
00:00:15.518,1572923404239,1.3330000000000002,0.069,32.332,0.664,3.0,-0.019,17.131,-0.002,0.097,84.512,-0.242,-0.532
00:00:15.519,1572923404240,1.3330000000000002,0.067,32.332,0.664,3.0,-0.02,17.153,-0.002,0.097,84.79700000000003,-0.241,-0.532
00:00:15.567,1572923404288,1.332,0.066,32.332,0.664,3.0,-0.02,17.175,-0.002,0.097,85.083,-0.241,-0.532
00:00:15.568,1572923404289,1.331,0.065,32.479,0.664,3.0,-0.02,17.198,-0.002,0.097,85.37,-0.24,-0.532
00:00:15.569,1572923404290,1.331,0.064,32.479,0.664,3.0,-0.02,17.22,-0.002,0.097,85.65700000000002,-0.24,-0.532
00:00:15.617,1572923404338,1.33,0.063,32.479,0.664,3.0,-0.02,17.242,-0.002,0.097,85.944,-0.239,-0.532
00:00:15.618,1572923404339,1.33,0.062,32.479,0.664,3.0,-0.02,17.264,-0.002,0.097,86.23100000000002,-0.239,-0.532
00:00:15.619,1572923404340,1.33,0.062,32.479,0.664,3.0,-0.02,17.285999999999998,-0.002,0.097,86.51899999999998,-0.238,-0.532
00:00:15.671,1572923404392,1.329,0.061,32.479,0.664,3.0,-0.02,17.308,-0.002,0.097,86.80799999999998,-0.237,-0.532
00:00:15.672,1572923404393,1.329,0.059,32.332,0.664,3.0,-0.02,17.33,-0.002,0.097,87.096,-0.237,-0.532
00:00:15.673,1572923404394,1.327,0.058,32.332,0.664,3.0,-0.02,17.352999999999998,-0.002,0.097,87.385,-0.236,-0.532
00:00:15.717,1572923404438,1.3259999999999998,0.056,32.332,0.664,3.0,-0.02,17.375,-0.002,0.098,87.675,-0.235,-0.532
00:00:15.718,1572923404439,1.325,0.053,32.332,0.664,3.0,-0.02,17.397000000000002,-0.002,0.098,87.964,-0.235,-0.532
00:00:15.719,1572923404440,1.324,0.051,32.332,0.664,3.0,-0.02,17.419,-0.002,0.098,88.255,-0.234,-0.532
00:00:15.768,1572923404489,1.3230000000000002,0.048,32.479,0.664,3.0,-0.02,17.442,-0.002,0.098,88.56299999999996,-0.233,-0.532
00:00:15.769,1572923404490,1.3219999999999998,0.045,32.479,0.664,3.0,-0.02,17.463,-0.002,0.098,88.836,-0.233,-0.532
00:00:15.770,1572923404491,1.3219999999999998,0.042,32.479,0.664,3.0,-0.02,17.485,-0.002,0.098,89.12700000000002,-0.232,-0.532
00:00:15.818,1572923404539,1.3219999999999998,0.04,32.479,0.664,3.0,-0.019,17.507,-0.002,0.098,89.419,-0.231,-0.532
00:00:15.819,1572923404540,1.3219999999999998,0.038,32.479,0.664,3.0,-0.019,17.529,-0.003,0.098,89.711,-0.231,-0.532
00:00:15.820,1572923404541,1.3219999999999998,0.037000000000000005,32.479,0.664,3.0,-0.019,17.551,-0.003,0.098,90.00299999999999,-0.23,-0.532
00:00:15.869,1572923404590,1.321,0.036000000000000004,32.479,0.664,3.0,-0.018000000000000002,17.573,-0.003,0.098,90.296,-0.229,-0.532
00:00:15.870,1572923404591,1.32,0.036000000000000004,32.479,0.664,3.0,-0.018000000000000002,17.595,-0.002,0.098,90.589,-0.228,-0.532
00:00:15.871,1572923404592,1.319,0.036000000000000004,32.479,0.664,3.0,-0.018000000000000002,17.617,-0.002,0.098,90.882,-0.227,-0.532
00:00:15.922,1572923404643,1.319,0.036000000000000004,32.479,0.664,3.0,-0.017,17.639,-0.002,0.098,91.176,-0.227,-0.532
00:00:15.923,1572923404644,1.318,0.035,32.479,0.664,3.0,-0.017,17.660999999999994,-0.002,0.098,91.47,-0.226,-0.532
00:00:15.924,1572923404645,1.317,0.034,32.479,0.664,3.0,-0.017,17.683,-0.002,0.098,91.765,-0.225,-0.532
00:00:15.969,1572923404690,1.317,0.034,32.479,0.664,3.0,-0.016,17.705,-0.002,0.098,92.06,-0.224,-0.532
00:00:15.970,1572923404691,1.3159999999999998,0.032,32.479,0.664,3.0,-0.016,17.727,-0.002,0.098,92.355,-0.223,-0.532
00:00:15.971,1572923404692,1.315,0.031,32.479,0.664,3.0,-0.016,17.749000000000006,-0.002,0.098,92.651,-0.222,-0.532
00:00:16.025,1572923404746,1.314,0.03,32.479,0.664,3.0,-0.016,17.77,-0.001,0.098,92.947,-0.222,-0.532
00:00:16.026,1572923404747,1.314,0.028,32.479,0.664,3.0,-0.015,17.792,-0.001,0.098,93.243,-0.221,-0.532
00:00:16.027,1572923404748,1.3130000000000002,0.026,32.479,0.664,3.0,-0.015,17.814,-0.001,0.098,93.54,-0.22,-0.532
00:00:16.069,1572923404790,1.3119999999999998,0.024,32.479,0.664,3.0,-0.015,17.836,-0.001,0.098,93.837,-0.219,-0.532
00:00:16.070,1572923404791,1.311,0.023,32.479,0.664,3.0,-0.015,17.858,-0.001,0.098,94.134,-0.218,-0.532
00:00:16.071,1572923404792,1.311,0.022,32.479,0.664,3.0,-0.015,17.862000000000005,-0.001,0.098,94.19,-0.218,-0.532
00:00:16.072,1572923404793,1.311,0.02,32.479,0.664,3.0,-0.015,17.88,-0.001,0.098,94.432,-0.217,-0.532
00:00:16.121,1572923404842,1.31,0.018000000000000002,32.479,0.664,3.0,-0.014,17.902,-0.001,0.099,94.73,-0.21600000000000005,-0.532
00:00:16.122,1572923404843,1.3090000000000002,0.016,32.479,0.664,3.0,-0.014,17.923,-0.001,0.099,95.029,-0.215,-0.532
00:00:16.123,1572923404844,1.3090000000000002,0.014,32.479,0.664,3.0,-0.014,17.945,-0.001,0.099,95.328,-0.214,-0.532
00:00:16.170,1572923404891,1.308,0.012,32.479,0.664,3.0,-0.014,17.967,-0.001,0.099,95.627,-0.213,-0.532
00:00:16.171,1572923404892,1.307,0.01,32.625,0.664,3.0,-0.013,17.989,-0.001,0.099,95.926,-0.213,-0.532
00:00:16.172,1572923404893,1.307,0.008,32.625,0.664,3.0,-0.013,18.011,-0.002,0.099,96.226,-0.212,-0.532
00:00:16.220,1572923404941,1.307,0.006,32.625,0.664,3.0,-0.013,18.032,-0.002,0.099,96.527,-0.211,-0.532
00:00:16.221,1572923404942,1.307,0.005,32.625,0.664,3.0,-0.012,18.054,-0.002,0.099,96.828,-0.21,-0.532
00:00:16.222,1572923404943,1.306,0.003,32.625,0.664,3.0,-0.012,18.076,-0.002,0.099,97.129,-0.209,-0.532
00:00:16.271,1572923404992,1.306,0.002,32.625,0.664,3.0,-0.011,18.098,-0.002,0.099,97.43,-0.208,-0.532
00:00:16.272,1572923404993,1.305,0.0,32.625,0.664,3.0,-0.011,18.119,-0.002,0.099,97.732,-0.207,-0.532
00:00:16.273,1572923404994,1.304,-0.002,32.625,0.664,3.0,-0.011,18.141,-0.002,0.099,98.034,-0.206,-0.532
00:00:16.321,1572923405042,1.3030000000000002,-0.003,32.625,0.664,3.0,-0.01,18.164,-0.001,0.099,98.356,-0.205,-0.532
00:00:16.322,1572923405043,1.3030000000000002,-0.005,32.625,0.664,3.0,-0.01,18.184,-0.001,0.099,98.64,-0.204,-0.532
00:00:16.323,1572923405044,1.3019999999999998,-0.006999999999999999,32.625,0.664,3.0,-0.009000000000000001,18.206,-0.001,0.099,98.943,-0.203,-0.532
00:00:16.371,1572923405092,1.301,-0.009000000000000001,32.625,0.664,3.0,-0.009000000000000001,18.229,-0.001,0.1,99.265,-0.202,-0.532
00:00:16.372,1572923405093,1.301,-0.011,32.625,0.664,3.0,-0.009000000000000001,18.25,-0.001,0.1,99.55,-0.201,-0.532
00:00:16.373,1572923405094,1.3,-0.013,32.625,0.664,3.0,-0.008,18.271,-0.001,0.1,99.855,-0.2,-0.532
00:00:16.421,1572923405142,1.2990000000000002,-0.015,32.625,0.664,3.0,-0.008,18.293,-0.001,0.1,100.159,-0.199,-0.532
00:00:16.422,1572923405143,1.2990000000000002,-0.017,32.625,0.664,3.0,-0.006999999999999999,18.314,-0.001,0.1,100.464,-0.199,-0.532
00:00:16.423,1572923405144,1.298,-0.02,32.625,0.664,3.0,-0.006999999999999999,18.336,-0.001,0.1,100.77,-0.198,-0.532
00:00:16.471,1572923405192,1.297,-0.023,32.625,0.664,3.0,-0.006,18.358,-0.001,0.1,101.076,-0.197,-0.532
00:00:16.472,1572923405193,1.297,-0.026,32.625,0.664,3.0,-0.006,18.379,-0.001,0.1,101.382,-0.196,-0.532
00:00:16.473,1572923405194,1.296,-0.03,32.625,0.664,3.0,-0.006,18.401,-0.001,0.1,101.688,-0.195,-0.532
00:00:16.522,1572923405243,1.295,-0.033,32.625,0.664,3.0,-0.005,18.422,-0.001,0.1,101.995,-0.194,-0.532
00:00:16.523,1572923405244,1.294,-0.037000000000000005,32.625,0.664,3.0,-0.005,18.444000000000006,-0.001,0.1,102.302,-0.193,-0.532
00:00:16.524,1572923405245,1.294,-0.041,32.625,0.664,3.0,-0.004,18.466,-0.001,0.1,102.61,-0.192,-0.532
00:00:16.572,1572923405293,1.293,-0.045,32.625,0.664,3.0,-0.004,18.487,-0.001,0.1,102.918,-0.191,-0.532
00:00:16.573,1572923405294,1.2919999999999998,-0.048,32.625,0.664,3.0,-0.003,18.509,-0.001,0.1,103.226,-0.191,-0.532
00:00:16.574,1572923405295,1.2919999999999998,-0.051,32.625,0.664,3.0,-0.002,18.53,-0.001,0.1,103.535,-0.19,-0.532
00:00:16.623,1572923405344,1.291,-0.054000000000000006,32.625,0.664,3.0,-0.002,18.552,-0.001,0.1,103.844,-0.189,-0.532
00:00:16.624,1572923405345,1.29,-0.056,32.625,0.664,3.0,-0.001,18.573,0.0,0.1,104.153,-0.188,-0.532
00:00:16.625,1572923405346,1.29,-0.058,32.625,0.664,3.0,0.0,18.595,0.0,0.101,104.463,-0.187,-0.532
00:00:16.674,1572923405395,1.289,-0.059,32.625,0.664,3.0,0.001,18.617,0.0,0.101,104.793,-0.18600000000000005,-0.532
00:00:16.675,1572923405396,1.288,-0.061,32.625,0.664,3.0,0.002,18.638,0.0,0.101,105.084,-0.18600000000000005,-0.532
00:00:16.676,1572923405397,1.287,-0.062,32.625,0.664,3.0,0.003,18.659,0.001,0.101,105.394,-0.185,-0.532
00:00:16.724,1572923405445,1.287,-0.063,32.625,0.664,3.0,0.003,18.682,0.001,0.101,105.725,-0.184,-0.532
00:00:16.725,1572923405446,1.286,-0.065,32.625,0.664,3.0,0.004,18.702,0.001,0.101,106.017,-0.184,-0.532
00:00:16.726,1572923405447,1.285,-0.066,32.625,0.664,3.0,0.005,18.723,0.001,0.101,106.329,-0.183,-0.532
00:00:16.779,1572923405500,1.285,-0.068,32.625,0.664,3.0,0.006,18.745,0.002,0.101,106.641,-0.182,-0.532
00:00:16.780,1572923405501,1.284,-0.069,32.625,0.664,3.0,0.006,18.766,0.002,0.101,106.954,-0.182,-0.532
00:00:16.781,1572923405502,1.283,-0.071,32.625,0.664,3.0,0.006999999999999999,18.787,0.002,0.101,107.267,-0.181,-0.532
00:00:16.829,1572923405550,1.283,-0.07200000000000001,32.625,0.664,3.0,0.008,18.809,0.002,0.101,107.58,-0.18,-0.532
00:00:16.830,1572923405551,1.2819999999999998,-0.07400000000000001,32.625,0.664,3.0,0.008,18.83,0.003,0.101,107.894,-0.18,-0.532
00:00:16.831,1572923405552,1.281,-0.075,32.625,0.664,3.0,0.009000000000000001,18.852,0.003,0.101,108.208,-0.179,-0.532
00:00:16.874,1572923405595,1.281,-0.077,32.625,0.664,3.0,0.009000000000000001,18.873,0.003,0.101,108.522,-0.179,-0.532
00:00:16.875,1572923405596,1.28,-0.078,32.772,0.664,3.0,0.01,18.894,0.003,0.101,108.837,-0.17800000000000002,-0.532
00:00:16.876,1572923405597,1.28,-0.079,32.772,0.664,3.0,0.011,18.915,0.003,0.101,109.152,-0.17800000000000002,-0.532
00:00:16.925,1572923405646,1.279,-0.08,32.772,0.664,3.0,0.011,18.942,0.003,0.101,109.546,-0.177,-0.532
00:00:16.926,1572923405647,1.279,-0.081,32.772,0.664,3.0,0.012,18.958,0.003,0.101,109.783,-0.177,-0.532
00:00:16.927,1572923405648,1.279,-0.081,32.772,0.664,3.0,0.012,18.979,0.003,0.101,110.099,-0.17600000000000002,-0.532
00:00:16.978,1572923405699,1.279,-0.08,32.772,0.664,3.0,0.013,19.002,0.003,0.101,110.436,-0.17600000000000002,-0.532
00:00:16.979,1572923405700,1.278,-0.08,32.772,0.664,3.0,0.014,19.022,0.003,0.101,110.733,-0.175,-0.532
00:00:16.980,1572923405701,1.277,-0.08,32.772,0.664,3.0,0.014,19.043,0.003,0.101,111.05,-0.175,-0.532
00:00:17.027,1572923405748,1.276,-0.079,32.772,0.664,3.0,0.015,19.066,0.004,0.101,111.387,-0.175,-0.532
00:00:17.028,1572923405749,1.276,-0.078,32.772,0.664,3.0,0.015,19.086,0.004,0.101,111.685,-0.174,-0.532
00:00:17.029,1572923405750,1.275,-0.078,32.772,0.664,3.0,0.015,19.107,0.004,0.101,112.004,-0.174,-0.532
00:00:17.077,1572923405798,1.274,-0.077,32.772,0.664,3.0,0.016,19.13,0.004,0.101,112.342,-0.174,-0.532
00:00:17.078,1572923405799,1.274,-0.077,32.772,0.664,3.0,0.016,19.15,0.004,0.102,112.641,-0.173,-0.532
00:00:17.079,1572923405800,1.273,-0.076,32.772,0.664,3.0,0.017,19.171,0.004,0.102,112.961,-0.173,-0.532
00:00:17.127,1572923405848,1.273,-0.076,32.772,0.664,3.0,0.017,19.192,0.004,0.102,113.28,-0.173,-0.532
00:00:17.128,1572923405849,1.272,-0.076,32.772,0.664,3.0,0.017,19.213,0.004,0.102,113.6,-0.173,-0.532
00:00:17.129,1572923405850,1.271,-0.075,32.772,0.664,3.0,0.018000000000000002,19.234,0.004,0.102,113.921,-0.173,-0.5329999999999999
00:00:17.177,1572923405898,1.27,-0.07400000000000001,32.772,0.664,3.0,0.018000000000000002,19.255,0.004,0.102,114.241,-0.172,-0.5329999999999999
00:00:17.178,1572923405899,1.27,-0.073,32.772,0.664,3.0,0.018000000000000002,19.277,0.004,0.102,114.563,-0.172,-0.5329999999999999
00:00:17.179,1572923405900,1.269,-0.07200000000000001,32.772,0.664,3.0,0.018000000000000002,19.298,0.004,0.102,114.884,-0.172,-0.5329999999999999
00:00:17.231,1572923405952,1.268,-0.07,32.772,0.664,3.0,0.019,19.319000000000006,0.004,0.102,115.206,-0.172,-0.5329999999999999
00:00:17.232,1572923405953,1.268,-0.066,32.772,0.664,3.0,0.019,19.34,0.004,0.102,115.528,-0.172,-0.5329999999999999
00:00:17.233,1572923405954,1.267,-0.062,32.772,0.664,3.0,0.02,19.361,0.004,0.102,115.851,-0.172,-0.5329999999999999
00:00:17.278,1572923405999,1.266,-0.056,32.772,0.664,3.0,0.02,19.382,0.004,0.102,116.173,-0.172,-0.5329999999999999
00:00:17.279,1572923406000,1.266,-0.048,32.772,0.664,3.0,0.021,19.403,0.004,0.102,116.497,-0.172,-0.5329999999999999
00:00:17.280,1572923406001,1.265,-0.039,32.772,0.664,3.0,0.021,19.424,0.005,0.102,116.82,-0.172,-0.5329999999999999
00:00:17.329,1572923406050,1.264,-0.029,32.772,0.664,3.0,0.022,19.445,0.005,0.102,117.144,-0.172,-0.5329999999999999
00:00:17.330,1572923406051,1.264,-0.018000000000000002,32.772,0.664,3.0,0.022,19.467,0.006,0.103,117.468,-0.172,-0.5329999999999999
00:00:17.331,1572923406052,1.263,-0.006,32.772,0.664,3.0,0.022,19.488,0.006,0.103,117.793,-0.172,-0.5329999999999999
00:00:17.380,1572923406101,1.263,0.008,32.772,0.664,3.0,0.022,19.51,0.006999999999999999,0.103,118.138,-0.172,-0.5329999999999999
00:00:17.381,1572923406102,1.262,0.019,32.772,0.664,3.0,0.022,19.53,0.006999999999999999,0.103,118.443,-0.172,-0.5329999999999999
00:00:17.382,1572923406103,1.261,0.031,32.772,0.664,3.0,0.021,19.551,0.006999999999999999,0.103,118.769,-0.171,-0.5329999999999999
00:00:17.430,1572923406151,1.261,0.042,32.772,0.664,3.0,0.02,19.572,0.008,0.103,119.095,-0.171,-0.5329999999999999
00:00:17.431,1572923406152,1.26,0.051,32.772,0.664,3.0,0.019,19.593,0.008,0.103,119.421,-0.171,-0.5329999999999999
00:00:17.432,1572923406153,1.26,0.059,32.772,0.664,3.0,0.017,19.614,0.008,0.104,119.748,-0.171,-0.5329999999999999
00:00:17.433,1572923406154,1.259,0.064,32.772,0.664,3.0,0.016,19.635,0.006999999999999999,0.104,120.075,-0.171,-0.532
00:00:17.480,1572923406201,1.258,0.067,32.772,0.664,3.0,0.014,19.656,0.006999999999999999,0.104,120.403,-0.171,-0.532
00:00:17.481,1572923406202,1.257,0.069,32.772,0.664,3.0,0.012,19.676,0.006,0.104,120.73,-0.171,-0.532
00:00:17.482,1572923406203,1.257,0.071,32.772,0.664,3.0,0.01,19.697,0.005,0.104,121.058,-0.171,-0.532
00:00:17.530,1572923406251,1.256,0.07200000000000001,32.772,0.664,3.0,0.008,19.718,0.004,0.104,121.387,-0.171,-0.532
00:00:17.531,1572923406252,1.255,0.073,32.772,0.664,3.0,0.006,19.739,0.003,0.104,121.716,-0.17,-0.532
00:00:17.532,1572923406253,1.254,0.075,32.772,0.664,3.0,0.004,19.76,0.002,0.104,122.045,-0.17,-0.532
00:00:17.581,1572923406302,1.253,0.078,32.772,0.664,3.0,0.003,19.781,0.0,0.104,122.374,-0.17,-0.532
00:00:17.582,1572923406303,1.252,0.081,32.772,0.664,3.0,0.001,19.802,-0.001,0.103,122.704,-0.17,-0.532
00:00:17.583,1572923406304,1.252,0.086,32.772,0.664,3.0,0.0,19.824,-0.002,0.103,123.055,-0.16899999999999998,-0.532
00:00:17.632,1572923406353,1.251,0.09,32.772,0.664,3.0,-0.001,19.844,-0.003,0.103,123.365,-0.16899999999999998,-0.532
00:00:17.633,1572923406354,1.251,0.094,32.772,0.664,3.0,-0.003,19.864,-0.004,0.103,123.696,-0.16899999999999998,-0.532
00:00:17.634,1572923406355,1.25,0.098,32.772,0.664,3.0,-0.004,19.887,-0.005,0.103,124.048,-0.168,-0.532
00:00:17.683,1572923406404,1.249,0.1,32.772,0.664,3.0,-0.005,19.906,-0.006,0.103,124.359,-0.168,-0.532
00:00:17.684,1572923406405,1.249,0.102,32.772,0.664,3.0,-0.006,19.927,-0.006,0.103,124.691,-0.16699999999999998,-0.532
00:00:17.685,1572923406406,1.248,0.103,32.772,0.664,3.0,-0.008,19.948,-0.006999999999999999,0.103,125.023,-0.16699999999999998,-0.532
00:00:17.733,1572923406454,1.248,0.103,32.772,0.664,3.0,-0.009000000000000001,19.968,-0.006999999999999999,0.102,125.356,-0.166,-0.532
00:00:17.734,1572923406455,1.247,0.102,32.772,0.664,3.0,-0.01,19.989,-0.008,0.102,125.689,-0.166,-0.5329999999999999
00:00:17.735,1572923406456,1.246,0.101,32.772,0.664,3.0,-0.011,20.011,-0.008,0.102,126.043,-0.165,-0.5329999999999999
00:00:17.784,1572923406505,1.246,0.099,32.772,0.664,3.0,-0.012,20.031,-0.008,0.102,126.356,-0.165,-0.5329999999999999
00:00:17.785,1572923406506,1.245,0.097,32.772,0.664,3.0,-0.013,20.051,-0.008,0.103,126.69,-0.16399999999999998,-0.5329999999999999
00:00:17.786,1572923406507,1.244,0.095,32.772,0.664,3.0,-0.013,20.072,-0.008,0.103,127.024,-0.16399999999999998,-0.5329999999999999
00:00:17.834,1572923406555,1.244,0.092,32.772,0.664,3.0,-0.014,20.093,-0.008,0.103,127.359,-0.163,-0.5329999999999999
00:00:17.835,1572923406556,1.243,0.08900000000000001,32.772,0.664,3.0,-0.015,20.115,-0.008,0.103,127.715,-0.162,-0.5329999999999999
00:00:17.836,1572923406557,1.243,0.086,32.772,0.664,3.0,-0.015,20.134,-0.008,0.103,128.029,-0.161,-0.5329999999999999
00:00:17.884,1572923406605,1.242,0.08199999999999999,32.772,0.664,3.0,-0.016,20.155,-0.008,0.103,128.365,-0.161,-0.5329999999999999
00:00:17.885,1572923406606,1.241,0.079,32.772,0.664,3.0,-0.016,20.176,-0.006999999999999999,0.103,128.701,-0.16,-0.5329999999999999
00:00:17.886,1572923406607,1.241,0.07400000000000001,32.772,0.664,3.0,-0.017,20.198,-0.006999999999999999,0.103,129.059,-0.159,-0.5329999999999999
00:00:17.934,1572923406655,1.24,0.07,32.772,0.664,3.0,-0.017,20.217,-0.006999999999999999,0.103,129.374,-0.158,-0.5329999999999999
00:00:17.935,1572923406656,1.239,0.066,32.772,0.664,3.0,-0.018000000000000002,20.238,-0.006999999999999999,0.103,129.711,-0.158,-0.5329999999999999
00:00:17.936,1572923406657,1.239,0.06,32.772,0.664,3.0,-0.018000000000000002,20.26,-0.006,0.104,130.07,-0.157,-0.5329999999999999
00:00:17.984,1572923406705,1.238,0.055,32.772,0.664,3.0,-0.019,20.279,-0.006,0.104,130.387,-0.156,-0.5329999999999999
00:00:17.985,1572923406706,1.237,0.048,32.772,0.664,3.0,-0.019,20.3,-0.006,0.104,130.725,-0.155,-0.5329999999999999
00:00:17.986,1572923406707,1.237,0.042,32.772,0.664,3.0,-0.019,20.32,-0.006,0.104,131.063,-0.154,-0.5329999999999999
00:00:18.035,1572923406756,1.236,0.035,32.772,0.664,3.0,-0.019,20.341,-0.006,0.104,131.40200000000002,-0.153,-0.5329999999999999
00:00:18.036,1572923406757,1.236,0.029,32.772,0.664,3.0,-0.019,20.361,-0.006,0.104,131.741,-0.152,-0.5329999999999999
00:00:18.037,1572923406758,1.235,0.022,32.772,0.664,3.0,-0.019,20.383,-0.006,0.104,132.102,-0.151,-0.5329999999999999
00:00:18.086,1572923406807,1.234,0.015,32.772,0.664,3.0,-0.019,20.404,-0.005,0.104,132.442,-0.151,-0.5329999999999999
00:00:18.087,1572923406808,1.234,0.009000000000000001,32.772,0.664,3.0,-0.018000000000000002,20.423,-0.005,0.105,132.761,-0.15,-0.5329999999999999
00:00:18.088,1572923406809,1.233,0.003,32.772,0.664,3.0,-0.018000000000000002,20.444000000000006,-0.005,0.105,133.102,-0.149,-0.5329999999999999
00:00:18.136,1572923406857,1.232,-0.002,32.772,0.664,3.0,-0.017,20.464,-0.005,0.105,133.442,-0.14800000000000002,-0.5329999999999999
00:00:18.137,1572923406858,1.232,-0.006,32.772,0.664,3.0,-0.017,20.485,-0.005,0.105,133.784,-0.147,-0.5329999999999999
00:00:18.138,1572923406859,1.231,-0.01,32.772,0.664,3.0,-0.016,20.505,-0.004,0.105,134.125,-0.146,-0.5329999999999999
00:00:18.188,1572923406909,1.23,-0.014,32.772,0.664,3.0,-0.015,20.526,-0.004,0.105,134.467,-0.145,-0.5329999999999999
00:00:18.189,1572923406910,1.23,-0.017,32.772,0.664,3.0,-0.014,20.547,-0.003,0.105,134.83100000000002,-0.14400000000000002,-0.5329999999999999
00:00:18.190,1572923406911,1.229,-0.02,32.772,0.664,3.0,-0.013,20.567,-0.003,0.105,135.15200000000002,-0.14300000000000002,-0.5329999999999999
00:00:18.237,1572923406958,1.228,-0.024,32.772,0.664,3.0,-0.012,20.587,-0.002,0.105,135.495,-0.142,-0.5329999999999999
00:00:18.238,1572923406959,1.227,-0.028,32.772,0.664,3.0,-0.012,20.609,-0.002,0.105,135.86,-0.142,-0.5329999999999999
00:00:18.239,1572923406960,1.227,-0.033,32.772,0.664,3.0,-0.011,20.629,-0.001,0.105,136.203,-0.141,-0.5329999999999999
00:00:18.287,1572923407008,1.226,-0.038,32.772,0.664,3.0,-0.01,20.648000000000003,-0.001,0.105,136.526,-0.14,-0.5329999999999999
00:00:18.288,1572923407009,1.225,-0.044,32.772,0.664,3.0,-0.009000000000000001,20.669,-0.001,0.104,136.87,-0.139,-0.5329999999999999
00:00:18.289,1572923407010,1.225,-0.051,32.772,0.664,3.0,-0.009000000000000001,20.69,0.0,0.104,137.236,-0.138,-0.5329999999999999
00:00:18.337,1572923407058,1.224,-0.058,32.772,0.664,3.0,-0.008,20.711,0.0,0.104,137.58100000000002,-0.13699999999999998,-0.5329999999999999
00:00:18.338,1572923407059,1.223,-0.063,32.772,0.664,3.0,-0.006999999999999999,20.73,0.001,0.104,137.905,-0.13699999999999998,-0.5329999999999999
00:00:18.339,1572923407060,1.223,-0.069,32.772,0.664,3.0,-0.006,20.75,0.001,0.104,138.251,-0.136,-0.5329999999999999
00:00:18.387,1572923407108,1.222,-0.073,32.772,0.664,3.0,-0.004,20.771,0.001,0.104,138.597,-0.135,-0.5329999999999999
00:00:18.388,1572923407109,1.221,-0.076,32.772,0.664,3.0,-0.003,20.792,0.002,0.104,138.965,-0.134,-0.5329999999999999
00:00:18.389,1572923407110,1.221,-0.078,32.772,0.664,3.0,-0.002,20.811,0.002,0.104,139.29,-0.134,-0.5329999999999999
00:00:18.438,1572923407159,1.22,-0.079,32.772,0.664,3.0,0.0,20.832,0.003,0.104,139.637,-0.133,-0.5329999999999999
00:00:18.439,1572923407160,1.219,-0.08,32.772,0.664,3.0,0.001,20.853,0.003,0.104,140.006,-0.132,-0.5329999999999999
00:00:18.440,1572923407161,1.218,-0.08,32.772,0.664,3.0,0.002,20.873,0.004,0.104,140.35399999999998,-0.131,-0.5329999999999999
00:00:18.488,1572923407209,1.218,-0.08,32.772,0.664,3.0,0.003,20.892,0.004,0.104,140.68,-0.131,-0.5329999999999999
00:00:18.489,1572923407210,1.217,-0.081,32.772,0.664,3.0,0.004,20.913,0.005,0.104,141.028,-0.13,-0.5329999999999999
00:00:18.490,1572923407211,1.216,-0.08199999999999999,32.772,0.664,3.0,0.006,20.934,0.005,0.104,141.399,-0.13,-0.5329999999999999
00:00:18.539,1572923407260,1.216,-0.083,32.772,0.664,3.0,0.006999999999999999,20.955,0.005,0.104,141.748,-0.129,-0.5329999999999999
00:00:18.540,1572923407261,1.215,-0.083,32.772,0.664,3.0,0.008,20.974,0.006,0.104,142.076,-0.129,-0.5329999999999999
00:00:18.541,1572923407262,1.214,-0.084,32.772,0.664,3.0,0.008,20.994,0.006,0.104,142.425,-0.128,-0.5329999999999999
00:00:18.589,1572923407310,1.214,-0.085,32.772,0.664,3.0,0.009000000000000001,21.014,0.006,0.104,142.775,-0.128,-0.5329999999999999
00:00:18.590,1572923407311,1.213,-0.085,32.772,0.664,3.0,0.01,21.035,0.006,0.104,143.148,-0.127,-0.5329999999999999
00:00:18.591,1572923407312,1.212,-0.085,32.772,0.664,3.0,0.011,21.056,0.006999999999999999,0.104,143.498,-0.127,-0.5329999999999999
00:00:18.639,1572923407360,1.223,-0.085,32.772,0.664,3.0,0.012,21.075,0.006999999999999999,0.104,143.828,-0.126,-0.5329999999999999
00:00:18.640,1572923407361,1.284,-0.084,32.772,0.664,3.0,0.012,21.098000000000006,0.006999999999999999,0.105,144.179,-0.126,-0.5329999999999999
00:00:18.641,1572923407362,1.3869999999999998,-0.083,32.772,0.664,3.0,0.013,21.124,0.006999999999999999,0.106,144.553,-0.125,-0.5329999999999999
00:00:18.689,1572923407410,1.453,-0.08199999999999999,32.772,0.664,3.0,0.014,21.148000000000003,0.006999999999999999,0.107,144.905,-0.125,-0.5329999999999999
00:00:18.690,1572923407411,1.455,-0.081,32.772,0.664,3.0,0.014,21.171,0.006999999999999999,0.109,145.236,-0.125,-0.5329999999999999
00:00:18.691,1572923407412,1.408,-0.079,32.772,0.664,3.0,0.015,21.193,0.006999999999999999,0.111,145.589,-0.124,-0.5329999999999999
00:00:18.739,1572923407460,1.34,-0.078,32.772,0.664,3.0,0.016,21.216,0.006999999999999999,0.113,145.964,-0.124,-0.5329999999999999
00:00:18.740,1572923407461,1.286,-0.076,32.772,0.664,3.0,0.016,21.237,0.006999999999999999,0.114,146.31799999999996,-0.124,-0.5329999999999999
00:00:18.741,1572923407462,1.252,-0.073,32.772,0.664,3.0,0.017,21.256,0.006999999999999999,0.116,146.65,-0.124,-0.5329999999999999
00:00:18.790,1572923407511,1.227,-0.07,32.772,0.664,3.0,0.017,21.276,0.006999999999999999,0.117,147.005,-0.123,-0.5329999999999999
00:00:18.791,1572923407512,1.204,-0.066,32.772,0.664,3.0,0.018000000000000002,21.296,0.006,0.117,147.359,-0.123,-0.5329999999999999
00:00:18.792,1572923407513,1.178,-0.061,32.772,0.664,3.0,0.018000000000000002,21.317,0.006,0.118,147.737,-0.123,-0.5329999999999999
00:00:18.841,1572923407562,1.152,-0.056,32.772,0.664,3.0,0.019,21.335,0.006,0.117,148.092,-0.123,-0.5329999999999999
00:00:18.842,1572923407563,1.128,-0.05,32.772,0.664,3.0,0.019,21.353,0.006,0.117,148.42600000000004,-0.123,-0.5329999999999999
00:00:18.843,1572923407564,1.103,-0.043,32.772,0.664,3.0,0.019,21.372,0.006,0.116,148.804,-0.122,-0.5329999999999999
00:00:18.892,1572923407613,1.082,-0.037000000000000005,32.772,0.664,3.0,0.02,21.39,0.006999999999999999,0.115,149.16,-0.122,-0.5329999999999999
00:00:18.893,1572923407614,1.062,-0.03,32.772,0.664,3.0,0.02,21.406,0.006999999999999999,0.114,149.495,-0.122,-0.5329999999999999
00:00:18.894,1572923407615,1.039,-0.022,32.772,0.664,3.0,0.02,21.424,0.006999999999999999,0.112,149.874,-0.122,-0.5329999999999999
00:00:18.942,1572923407663,1.018,-0.015,32.772,0.664,3.0,0.019,21.441,0.006999999999999999,0.11,150.231,-0.122,-0.5329999999999999
00:00:18.943,1572923407664,0.999,-0.006999999999999999,32.772,0.664,3.0,0.019,21.457,0.006999999999999999,0.108,150.588,-0.122,-0.5329999999999999
00:00:18.944,1572923407665,0.983,0.0,32.772,0.664,3.0,0.019,21.473000000000006,0.006,0.106,150.946,-0.122,-0.5329999999999999
00:00:18.992,1572923407713,0.97,0.006,32.772,0.664,3.0,0.018000000000000002,21.488000000000003,0.006,0.104,151.282,-0.121,-0.5329999999999999
00:00:18.993,1572923407714,0.957,0.013,32.772,0.664,3.0,0.017,21.505,0.006,0.101,151.66299999999995,-0.121,-0.5329999999999999
00:00:18.994,1572923407715,0.946,0.019,32.772,0.664,3.0,0.017,21.521,0.006,0.099,152.02100000000004,-0.121,-0.5329999999999999
00:00:19.042,1572923407763,0.936,0.025,32.772,0.664,3.0,0.016,21.536,0.005,0.096,152.38,-0.121,-0.5329999999999999
00:00:19.043,1572923407764,0.927,0.029,32.772,0.664,3.0,0.015,21.551,0.005,0.094,152.716,-0.121,-0.5329999999999999
00:00:19.044,1572923407765,0.917,0.034,32.772,0.664,3.0,0.013,21.566,0.004,0.091,153.076,-0.121,-0.5329999999999999
00:00:19.092,1572923407813,0.907,0.038,31.45300000000001,0.664,3.0,0.012,21.582,0.004,0.08800000000000001,153.458,-0.12,-0.5329999999999999
00:00:19.093,1572923407814,0.898,0.041,31.45300000000001,0.664,3.0,0.011,21.597,0.003,0.085,153.81799999999996,-0.12,-0.5329999999999999
00:00:19.094,1572923407815,0.889,0.044,31.45300000000001,0.664,3.0,0.01,21.61,0.002,0.08199999999999999,154.155,-0.12,-0.5329999999999999
00:00:19.143,1572923407864,0.878,0.047,31.45300000000001,0.664,3.0,0.009000000000000001,21.625,0.001,0.08,154.516,-0.12,-0.5329999999999999
00:00:19.144,1572923407865,0.868,0.05,31.45300000000001,0.664,3.0,0.006999999999999999,21.64,0.0,0.077,154.899,-0.12,-0.5329999999999999
00:00:19.145,1572923407866,0.86,0.053,16.951,0.664,3.0,0.006,21.654,-0.001,0.07400000000000001,155.259,-0.119,-0.5329999999999999
00:00:19.193,1572923407914,0.85,0.056,16.951,0.664,3.0,0.005,21.66800000000001,-0.001,0.071,155.62,-0.119,-0.5329999999999999
00:00:19.194,1572923407915,0.8029999999999999,0.06,16.951,0.664,3.0,0.004,21.68,-0.002,0.069,155.959,-0.119,-0.5329999999999999
00:00:19.195,1572923407916,0.6729999999999999,0.063,16.951,0.664,3.0,0.003,21.69,-0.003,0.065,156.343,-0.119,-0.532
00:00:19.244,1572923407965,0.52,0.067,16.951,0.664,3.0,0.002,21.696,-0.004,0.061,156.705,-0.118,-0.532
00:00:19.245,1572923407966,0.394,0.07,16.951,0.664,3.0,0.001,21.701,-0.004,0.057,157.066,-0.118,-0.532
00:00:19.246,1572923407967,0.321,0.07200000000000001,6.2570000000000014,0.664,3.0,0.0,21.706,-0.005,0.052000000000000005,157.428,-0.117,-0.532
00:00:19.295,1572923408016,0.297,0.073,6.2570000000000014,0.664,3.0,-0.002,21.711,-0.005,0.047,157.79,-0.117,-0.532
00:00:19.296,1572923408017,0.274,0.073,6.2570000000000014,0.664,3.0,-0.003,21.715,-0.006,0.041,158.15200000000004,-0.117,-0.5329999999999999
00:00:19.297,1572923408018,0.214,0.073,6.2570000000000014,0.664,3.0,-0.004,21.717,-0.006,0.036000000000000004,158.514,-0.116,-0.5329999999999999
00:00:19.345,1572923408066,0.134,0.07200000000000001,6.2570000000000014,0.664,3.0,-0.005,21.718000000000004,-0.006,0.029,158.876,-0.116,-0.5329999999999999
00:00:19.346,1572923408067,0.058,0.071,6.2570000000000014,0.664,3.0,-0.006,21.718000000000004,-0.006999999999999999,0.023,159.238,-0.115,-0.5329999999999999
00:00:19.347,1572923408068,0.0,0.07,1.276,0.664,3.0,-0.006,21.718000000000004,-0.006999999999999999,0.016,159.6,-0.115,-0.5329999999999999
00:00:19.399,1572923408120,-0.04,0.069,1.276,0.664,3.0,-0.006999999999999999,21.717,-0.006999999999999999,0.009000000000000001,159.961,-0.114,-0.5329999999999999
00:00:19.400,1572923408121,-0.094,0.068,1.276,0.664,3.0,-0.008,21.714,-0.006999999999999999,0.002,160.32299999999995,-0.114,-0.5329999999999999
00:00:19.401,1572923408122,-0.181,0.068,1.276,0.664,3.0,-0.009000000000000001,21.71,-0.006999999999999999,-0.005,160.685,-0.113,-0.5329999999999999
00:00:19.445,1572923408166,-0.233,0.068,1.276,0.664,3.0,-0.009000000000000001,21.706,-0.006999999999999999,-0.013,161.047,-0.113,-0.5329999999999999
00:00:19.446,1572923408167,-0.23,0.066,1.276,0.664,3.0,-0.01,21.702,-0.006999999999999999,-0.02,161.409,-0.112,-0.5329999999999999
00:00:19.450,1572923408171,-0.227,0.063,1.13,0.664,3.0,-0.011,21.698,-0.006,-0.028,161.77,-0.112,-0.5329999999999999
00:00:19.500,1572923408221,-0.237,0.061,1.13,0.664,3.0,-0.011,21.69400000000001,-0.006,-0.035,162.132,-0.111,-0.5329999999999999
00:00:19.501,1572923408222,-0.243,0.059,1.13,0.664,3.0,-0.012,21.69,-0.006,-0.042,162.494,-0.11,-0.532
00:00:19.502,1572923408223,-0.248,0.055,1.13,0.664,3.0,-0.012,21.686,-0.006,-0.049,162.855,-0.11,-0.532
00:00:19.546,1572923408267,-0.252,0.052000000000000005,1.13,0.664,3.0,-0.013,21.681,-0.006,-0.055,163.216,-0.109,-0.532
00:00:19.547,1572923408268,-0.255,0.048,1.13,0.664,3.0,-0.013,21.677,-0.006,-0.062,163.578,-0.108,-0.532
00:00:19.548,1572923408269,-0.257,0.045,1.13,0.664,3.0,-0.013,21.673,-0.005,-0.067,163.93900000000005,-0.108,-0.532
00:00:19.597,1572923408318,-0.259,0.041,1.13,0.664,3.0,-0.013,21.66800000000001,-0.005,-0.073,164.3,-0.107,-0.532
00:00:19.598,1572923408319,-0.261,0.037000000000000005,1.13,0.664,3.0,-0.014,21.664,-0.005,-0.078,164.66099999999997,-0.106,-0.532
00:00:19.599,1572923408320,-0.263,0.033,1.13,0.664,3.0,-0.014,21.66,-0.005,-0.08199999999999999,165.02200000000005,-0.106,-0.532
00:00:19.600,1572923408321,-0.265,0.028,1.13,0.664,3.0,-0.014,21.655,-0.005,-0.086,165.38299999999995,-0.105,-0.532
00:00:19.648,1572923408369,-0.266,0.024,1.13,0.664,3.0,-0.014,21.651,-0.005,-0.09,165.74400000000003,-0.104,-0.5329999999999999
00:00:19.649,1572923408370,-0.268,0.02,1.13,0.664,3.0,-0.014,21.646,-0.004,-0.093,166.105,-0.103,-0.5329999999999999
00:00:19.650,1572923408371,-0.269,0.017,1.13,0.664,3.0,-0.013,21.642,-0.004,-0.096,166.46599999999995,-0.103,-0.5329999999999999
00:00:19.698,1572923408419,-0.27,0.014,1.13,0.664,3.0,-0.013,21.637,-0.004,-0.098,166.826,-0.102,-0.5329999999999999
00:00:19.699,1572923408420,-0.272,0.012,1.13,0.664,3.0,-0.013,21.63300000000001,-0.004,-0.1,167.187,-0.101,-0.5329999999999999
00:00:19.700,1572923408421,-0.272,0.009000000000000001,1.13,0.664,3.0,-0.012,21.628,-0.003,-0.101,167.547,-0.101,-0.5329999999999999
00:00:19.751,1572923408472,-0.273,0.008,1.13,0.664,3.0,-0.012,21.623,-0.003,-0.101,167.908,-0.1,-0.5329999999999999
00:00:19.752,1572923408473,-0.274,0.006,1.13,0.664,3.0,-0.012,21.619,-0.003,-0.102,168.268,-0.099,-0.5329999999999999
00:00:19.753,1572923408474,-0.275,0.005,1.13,0.664,3.0,-0.011,21.614,-0.002,-0.102,168.628,-0.098,-0.5329999999999999
00:00:19.799,1572923408520,-0.275,0.003,1.13,0.664,3.0,-0.011,21.61,-0.002,-0.101,168.989,-0.098,-0.5329999999999999
00:00:19.800,1572923408521,-0.276,0.002,1.13,0.664,3.0,-0.01,21.605,-0.002,-0.101,169.34900000000005,-0.097,-0.534
00:00:19.801,1572923408522,-0.276,0.0,1.13,0.664,3.0,-0.01,21.6,-0.001,-0.1,169.709,-0.096,-0.534
00:00:19.848,1572923408569,-0.277,-0.002,1.13,0.664,3.0,-0.009000000000000001,21.596,-0.001,-0.099,170.06900000000005,-0.095,-0.534
00:00:19.849,1572923408570,-0.277,-0.005,1.13,0.664,3.0,-0.009000000000000001,21.591,-0.001,-0.097,170.429,-0.095,-0.534
00:00:19.850,1572923408571,-0.277,-0.006999999999999999,1.13,0.664,3.0,-0.009000000000000001,21.587,0.0,-0.096,170.78900000000004,-0.094,-0.534
00:00:19.899,1572923408620,-0.278,-0.01,1.13,0.664,3.0,-0.008,21.582,0.0,-0.095,171.148,-0.093,-0.534
00:00:19.900,1572923408621,-0.278,-0.013,1.13,0.664,3.0,-0.008,21.577,0.0,-0.093,171.50799999999995,-0.092,-0.534
00:00:19.901,1572923408622,-0.278,-0.016,1.13,0.664,3.0,-0.006999999999999999,21.573,0.0,-0.092,171.868,-0.092,-0.534
00:00:19.949,1572923408670,-0.279,-0.019,1.13,0.664,3.0,-0.006999999999999999,21.568,0.0,-0.09,172.227,-0.091,-0.534
00:00:19.950,1572923408671,-0.279,-0.022,0.983,0.664,3.0,-0.006,21.563,0.0,-0.08900000000000001,172.58599999999996,-0.09,-0.534
00:00:19.951,1572923408672,-0.28,-0.025,0.983,0.664,3.0,-0.006,21.559,0.001,-0.087,172.946,-0.08900000000000001,-0.535
00:00:20.000,1572923408721,-0.28300000000000003,-0.029,0.983,0.664,3.0,-0.005,21.554,0.001,-0.086,173.305,-0.08900000000000001,-0.535
00:00:20.001,1572923408722,-0.285,-0.032,0.983,0.664,3.0,-0.005,21.549,0.001,-0.085,173.66400000000004,-0.08800000000000001,-0.535
00:00:20.002,1572923408723,-0.285,-0.035,0.983,0.664,3.0,-0.004,21.544,0.001,-0.084,174.023,-0.087,-0.535
00:00:20.050,1572923408771,-0.28600000000000003,-0.037000000000000005,0.983,0.664,3.0,-0.003,21.54,0.001,-0.083,174.382,-0.087,-0.535
00:00:20.051,1572923408772,-0.28600000000000003,-0.039,0.983,0.664,3.0,-0.003,21.536,0.001,-0.08199999999999999,174.674,-0.086,-0.535
00:00:20.052,1572923408773,-0.28600000000000003,-0.04,0.983,0.664,3.0,-0.002,21.531,0.001,-0.081,175.033,-0.086,-0.535
00:00:20.100,1572923408821,-0.28600000000000003,-0.041,0.983,0.664,3.0,-0.001,21.526,0.001,-0.081,175.392,-0.085,-0.535
00:00:20.101,1572923408822,-0.28600000000000003,-0.042,0.983,0.664,3.0,0.0,21.521,0.001,-0.08,175.75099999999995,-0.084,-0.535
00:00:20.102,1572923408823,-0.287,-0.042,0.983,0.664,3.0,0.001,21.517,0.001,-0.08,176.109,-0.084,-0.535
00:00:20.150,1572923408871,-0.287,-0.042,0.983,0.664,3.0,0.001,21.512,0.002,-0.079,176.468,-0.083,-0.535
00:00:20.151,1572923408872,-0.287,-0.042,0.983,0.664,3.0,0.002,21.507,0.002,-0.079,176.826,-0.08199999999999999,-0.535
00:00:20.152,1572923408873,-0.28600000000000003,-0.043,1.13,0.664,3.0,0.003,21.502,0.002,-0.079,177.185,-0.08199999999999999,-0.535
00:00:20.200,1572923408921,-0.284,-0.043,1.13,0.664,3.0,0.003,21.498,0.002,-0.079,177.543,-0.081,-0.535
00:00:20.201,1572923408922,-0.282,-0.043,1.13,0.664,3.0,0.004,21.493,0.003,-0.079,177.90099999999995,-0.081,-0.535
00:00:20.202,1572923408923,-0.282,-0.044,1.13,0.664,3.0,0.004,21.488000000000003,0.003,-0.079,178.259,-0.08,-0.535
00:00:20.250,1572923408971,-0.282,-0.045,1.13,0.664,3.0,0.005,21.484,0.003,-0.079,178.618,-0.08,-0.535
00:00:20.251,1572923408972,-0.282,-0.046,1.13,0.664,3.0,0.006,21.479,0.003,-0.079,178.976,-0.079,-0.535
00:00:20.252,1572923408973,-0.282,-0.047,1.13,0.664,3.0,0.006,21.474,0.003,-0.079,179.334,-0.079,-0.535
00:00:20.301,1572923409022,-0.282,-0.048,1.13,0.664,3.0,0.006999999999999999,21.47,0.003,-0.08,179.69099999999997,-0.078,-0.535
00:00:20.302,1572923409023,-0.282,-0.049,1.13,0.664,3.0,0.006999999999999999,21.465,0.004,-0.08,180.049,-0.078,-0.535
00:00:20.303,1572923409024,-0.282,-0.049,1.13,0.664,3.0,0.008,21.46,0.004,-0.08,180.407,-0.077,-0.535
00:00:20.351,1572923409072,-0.282,-0.05,1.13,0.664,3.0,0.008,21.456,0.004,-0.081,180.72,-0.077,-0.535
00:00:20.352,1572923409073,-0.282,-0.05,1.13,0.664,3.0,0.008,21.451,0.004,-0.081,181.077,-0.076,-0.535
00:00:20.353,1572923409074,-0.282,-0.049,1.643,1.128,3.0,0.009000000000000001,21.447,0.004,-0.081,181.435,-0.076,-0.534
00:00:20.402,1572923409123,-0.278,-0.047,1.643,1.128,3.0,0.009000000000000001,21.442,0.004,-0.08199999999999999,181.792,-0.076,-0.534
00:00:20.403,1572923409124,-0.276,-0.045,1.643,1.128,3.0,0.009000000000000001,21.437,0.004,-0.08199999999999999,182.15,-0.075,-0.534
00:00:20.404,1572923409125,-0.275,-0.042,1.643,1.128,3.0,0.01,21.433000000000003,0.004,-0.083,182.507,-0.075,-0.534
00:00:20.452,1572923409173,-0.275,-0.039,1.643,1.128,3.0,0.01,21.428,0.004,-0.083,182.864,-0.07400000000000001,-0.534
00:00:20.453,1572923409174,-0.275,-0.036000000000000004,1.643,1.128,3.0,0.011,21.424,0.004,-0.083,183.221,-0.07400000000000001,-0.534
00:00:20.454,1572923409175,-0.274,-0.033,3.767,0.664,3.0,0.011,21.419,0.004,-0.084,183.578,-0.07400000000000001,-0.534
00:00:20.502,1572923409223,-0.263,-0.03,3.767,0.664,3.0,0.011,21.415,0.004,-0.084,183.935,-0.073,-0.534
00:00:20.503,1572923409224,-0.245,-0.029,3.767,0.664,3.0,0.011,21.411,0.004,-0.084,184.292,-0.073,-0.534
00:00:20.504,1572923409225,-0.225,-0.028,3.767,0.664,3.0,0.011,21.408,0.004,-0.084,184.649,-0.073,-0.534
00:00:20.552,1572923409273,-0.209,-0.028,3.767,0.664,3.0,0.011,21.404,0.004,-0.083,185.006,-0.07200000000000001,-0.534
00:00:20.553,1572923409274,-0.196,-0.028,3.767,0.664,3.0,0.011,21.401,0.004,-0.083,185.362,-0.07200000000000001,-0.534
00:00:20.554,1572923409275,-0.188,-0.029,6.477,0.664,3.0,0.011,21.398000000000003,0.003,-0.08199999999999999,185.719,-0.07200000000000001,-0.534
00:00:20.609,1572923409330,-0.181,-0.029,6.477,0.664,3.0,0.01,21.395,0.003,-0.08199999999999999,186.076,-0.071,-0.534
00:00:20.610,1572923409331,-0.168,-0.03,6.477,0.664,3.0,0.01,21.393,0.003,-0.081,186.432,-0.071,-0.534
00:00:20.611,1572923409332,-0.149,-0.032,6.477,0.664,3.0,0.01,21.391,0.002,-0.079,186.789,-0.071,-0.534
00:00:20.652,1572923409373,-0.127,-0.033,6.477,0.664,3.0,0.01,21.389,0.002,-0.078,187.145,-0.071,-0.534
00:00:20.653,1572923409374,-0.107,-0.035,6.477,0.664,3.0,0.01,21.387,0.002,-0.076,187.502,-0.07,-0.534
00:00:20.654,1572923409375,-0.094,-0.036000000000000004,10.798,0.664,3.0,0.01,21.386,0.001,-0.07400000000000001,187.858,-0.07,-0.534
00:00:20.703,1572923409424,-0.08199999999999999,-0.038,10.798,0.664,3.0,0.01,21.385,0.001,-0.07200000000000001,188.215,-0.07,-0.534
00:00:20.704,1572923409425,-0.059,-0.039,10.798,0.664,3.0,0.01,21.384,0.001,-0.07,188.571,-0.07,-0.534
00:00:20.705,1572923409426,-0.027000000000000003,-0.04,10.798,0.664,3.0,0.01,21.384,0.0,-0.068,188.927,-0.069,-0.534
00:00:20.753,1572923409474,0.006,-0.041,10.798,0.664,3.0,0.01,21.385,0.0,-0.065,189.284,-0.069,-0.534
00:00:20.754,1572923409475,0.032,-0.041,10.798,0.664,3.0,0.01,21.386,0.0,-0.062,189.64,-0.069,-0.534
00:00:20.755,1572923409476,0.048,-0.042,16.292,0.664,3.0,0.01,21.387,0.0,-0.059,189.997,-0.069,-0.534
00:00:20.807,1572923409528,0.065,-0.042,16.292,0.664,3.0,0.011,21.388,0.0,-0.056,190.353,-0.069,-0.534
00:00:20.808,1572923409529,0.097,-0.042,16.292,0.664,3.0,0.011,21.39,0.0,-0.052000000000000005,190.71,-0.068,-0.534
00:00:20.809,1572923409530,0.14,-0.042,16.292,0.664,3.0,0.011,21.393,0.0,-0.048,191.066,-0.068,-0.534
00:00:20.853,1572923409574,0.185,-0.043,16.292,0.664,3.0,0.011,21.397,0.001,-0.044,191.423,-0.068,-0.534
00:00:20.854,1572923409575,0.224,-0.045,16.292,0.664,3.0,0.012,21.401,0.001,-0.04,191.779,-0.068,-0.534
00:00:20.855,1572923409576,0.251,-0.047,16.292,0.664,3.0,0.012,21.406,0.001,-0.036000000000000004,192.136,-0.068,-0.534
00:00:20.908,1572923409629,0.268,-0.049,16.292,0.664,3.0,0.012,21.41,0.001,-0.032,192.493,-0.068,-0.534
00:00:20.909,1572923409630,0.276,-0.052000000000000005,16.292,0.664,3.0,0.012,21.415,0.001,-0.027000000000000003,192.85,-0.068,-0.534
00:00:20.910,1572923409631,0.277,-0.055,16.292,0.664,3.0,0.012,21.419,0.001,-0.023,193.207,-0.068,-0.534
00:00:20.953,1572923409674,0.274,-0.059,16.292,0.664,3.0,0.012,21.424,0.002,-0.019,193.564,-0.068,-0.534
00:00:20.954,1572923409675,0.27,-0.063,16.292,0.664,3.0,0.013,21.429,0.002,-0.014,193.943,-0.068,-0.534
00:00:20.955,1572923409676,0.267,-0.066,16.438,0.664,3.0,0.013,21.433000000000003,0.002,-0.011,194.278,-0.068,-0.534
00:00:21.009,1572923409730,0.263,-0.069,16.438,0.664,3.0,0.013,21.437,0.002,-0.006999999999999999,194.635,-0.068,-0.534
00:00:21.010,1572923409731,0.262,-0.071,16.438,0.664,3.0,0.014,21.442,0.002,-0.005,194.993,-0.068,-0.5329999999999999
00:00:21.011,1572923409732,0.261,-0.07200000000000001,16.438,0.664,3.0,0.014,21.446,0.002,-0.002,195.35,-0.068,-0.5329999999999999
00:00:21.053,1572923409774,0.262,-0.073,16.438,0.664,3.0,0.015,21.45,0.003,0.0,195.707,-0.068,-0.5329999999999999
00:00:21.054,1572923409775,0.263,-0.07400000000000001,16.438,0.664,3.0,0.015,21.455,0.003,0.002,196.065,-0.068,-0.5329999999999999
00:00:21.055,1572923409776,0.263,-0.07400000000000001,16.438,0.664,3.0,0.016,21.459,0.003,0.004,196.423,-0.068,-0.5329999999999999
00:00:21.107,1572923409828,0.264,-0.075,16.438,0.664,3.0,0.016,21.463,0.003,0.005,196.78,-0.068,-0.5329999999999999
00:00:21.108,1572923409829,0.265,-0.075,16.438,0.664,3.0,0.017,21.468000000000004,0.004,0.005,197.138,-0.068,-0.5329999999999999
00:00:21.109,1572923409830,0.265,-0.076,16.438,0.664,3.0,0.017,21.472,0.004,0.005,197.496,-0.068,-0.5329999999999999
00:00:21.155,1572923409876,0.265,-0.076,16.438,0.664,3.0,0.017,21.477,0.004,0.005,197.854,-0.069,-0.5329999999999999
00:00:21.156,1572923409877,0.265,-0.076,16.438,0.664,3.0,0.018000000000000002,21.481,0.004,0.005,198.212,-0.069,-0.5329999999999999
00:00:21.157,1572923409878,0.265,-0.077,16.438,0.664,3.0,0.018000000000000002,21.486,0.005,0.004,198.57,-0.069,-0.5329999999999999
00:00:21.206,1572923409927,0.265,-0.077,16.438,0.664,3.0,0.019,21.49,0.005,0.003,198.928,-0.069,-0.5329999999999999
00:00:21.207,1572923409928,0.265,-0.078,16.438,0.664,3.0,0.019,21.494,0.005,0.002,199.286,-0.07,-0.5329999999999999
00:00:21.208,1572923409929,0.265,-0.078,16.438,0.664,3.0,0.019,21.499,0.005,0.002,199.644,-0.07,-0.534
00:00:21.256,1572923409977,0.265,-0.079,16.438,0.664,3.0,0.02,21.503,0.005,0.001,200.003,-0.07,-0.534
00:00:21.257,1572923409978,0.265,-0.079,16.438,0.664,3.0,0.02,21.50800000000001,0.005,-0.001,200.384,-0.07,-0.534
00:00:21.258,1572923409979,0.265,-0.079,16.438,0.664,3.0,0.02,21.512,0.005,-0.002,200.72,-0.071,-0.534
00:00:21.306,1572923410027,0.265,-0.079,16.438,0.664,3.0,0.021,21.516,0.005,-0.003,201.078,-0.071,-0.534
00:00:21.307,1572923410028,0.265,-0.079,16.438,0.664,3.0,0.021,21.521,0.005,-0.004,201.437,-0.07200000000000001,-0.534
00:00:21.308,1572923410029,0.265,-0.078,16.438,0.664,3.0,0.021,21.525,0.005,-0.005,201.796,-0.07200000000000001,-0.534
00:00:21.356,1572923410077,0.265,-0.078,16.438,0.664,3.0,0.021,21.53,0.005,-0.006,202.154,-0.073,-0.534
00:00:21.357,1572923410078,0.265,-0.077,16.438,0.664,3.0,0.022,21.534,0.005,-0.006999999999999999,202.513,-0.073,-0.534
00:00:21.358,1572923410079,0.265,-0.077,16.438,0.664,3.0,0.022,21.538,0.005,-0.008,202.872,-0.073,-0.534
00:00:21.410,1572923410131,0.264,-0.076,16.438,0.664,3.0,0.022,21.54300000000001,0.005,-0.009000000000000001,203.231,-0.07400000000000001,-0.534
00:00:21.411,1572923410132,0.264,-0.076,16.438,0.664,3.0,0.022,21.547,0.005,-0.01,203.59,-0.075,-0.534
00:00:21.412,1572923410133,0.264,-0.075,16.438,0.664,3.0,0.023,21.552,0.005,-0.01,203.949,-0.075,-0.534
00:00:21.457,1572923410178,0.264,-0.07400000000000001,16.438,0.664,3.0,0.023,21.556,0.005,-0.011,204.30900000000003,-0.076,-0.534
00:00:21.458,1572923410179,0.264,-0.07400000000000001,16.438,0.664,3.0,0.023,21.56,0.005,-0.012,204.668,-0.076,-0.534
00:00:21.459,1572923410180,0.264,-0.073,16.438,0.664,3.0,0.023,21.565,0.005,-0.013,205.027,-0.077,-0.534
00:00:21.508,1572923410229,0.264,-0.07200000000000001,16.438,0.664,3.0,0.023,21.56900000000001,0.005,-0.013,205.387,-0.078,-0.534
00:00:21.509,1572923410230,0.263,-0.07200000000000001,16.438,0.664,3.0,0.023,21.574,0.005,-0.014,205.746,-0.078,-0.534
00:00:21.510,1572923410231,0.263,-0.071,16.438,0.664,3.0,0.023,21.57800000000001,0.004,-0.015,206.106,-0.079,-0.534
00:00:21.558,1572923410279,0.263,-0.071,16.438,0.664,3.0,0.023,21.582,0.004,-0.015,206.466,-0.08,-0.534
00:00:21.559,1572923410280,0.263,-0.07,16.438,0.664,3.0,0.023,21.587,0.004,-0.016,206.825,-0.08,-0.534
00:00:21.560,1572923410281,0.263,-0.07,16.438,0.664,3.0,0.024,21.591,0.004,-0.016,207.185,-0.081,-0.534
00:00:21.612,1572923410333,0.262,-0.069,16.438,0.664,3.0,0.024,21.596,0.004,-0.017,207.545,-0.08199999999999999,-0.534
00:00:21.613,1572923410334,0.262,-0.069,16.438,0.664,3.0,0.024,21.6,0.004,-0.017,207.905,-0.083,-0.534
00:00:21.614,1572923410335,0.262,-0.068,16.438,0.664,3.0,0.024,21.604,0.004,-0.017,208.265,-0.083,-0.534
00:00:21.658,1572923410379,0.262,-0.068,16.438,0.664,3.0,0.024,21.609,0.004,-0.018000000000000002,208.625,-0.084,-0.534
00:00:21.659,1572923410380,0.262,-0.068,16.438,0.664,3.0,0.024,21.613000000000003,0.004,-0.018000000000000002,208.985,-0.085,-0.534
00:00:21.660,1572923410381,0.262,-0.067,16.438,0.664,3.0,0.024,21.617,0.004,-0.018000000000000002,209.346,-0.086,-0.534
00:00:21.715,1572923410436,0.261,-0.067,16.438,0.664,3.0,0.024,21.622,0.004,-0.018000000000000002,209.706,-0.087,-0.534
00:00:21.716,1572923410437,0.261,-0.067,16.438,0.664,3.0,0.024,21.626,0.004,-0.018000000000000002,210.066,-0.08800000000000001,-0.534
00:00:21.717,1572923410438,0.261,-0.066,16.438,0.664,3.0,0.024,21.63,0.004,-0.018000000000000002,210.427,-0.08800000000000001,-0.534
00:00:21.758,1572923410479,0.261,-0.066,16.438,0.664,3.0,0.024,21.635,0.004,-0.018000000000000002,210.787,-0.08900000000000001,-0.534
00:00:21.759,1572923410480,0.261,-0.066,16.438,0.664,3.0,0.024,21.639,0.004,-0.018000000000000002,211.148,-0.09,-0.534
00:00:21.760,1572923410481,0.261,-0.066,16.438,0.664,3.0,0.024,21.643,0.004,-0.018000000000000002,211.509,-0.091,-0.534
00:00:21.810,1572923410531,0.261,-0.066,16.438,0.664,3.0,0.024,21.648000000000003,0.004,-0.017,211.86900000000003,-0.092,-0.534
00:00:21.811,1572923410532,0.26,-0.066,16.438,0.664,3.0,0.024,21.652,0.004,-0.017,212.23,-0.093,-0.534
00:00:21.812,1572923410533,0.26,-0.066,16.438,0.664,3.0,0.024,21.656,0.004,-0.017,212.591,-0.094,-0.534
00:00:21.861,1572923410582,0.26,-0.066,16.438,0.664,3.0,0.024,21.661,0.004,-0.017,212.952,-0.095,-0.534
00:00:21.862,1572923410583,0.26,-0.066,16.438,0.664,3.0,0.024,21.665,0.004,-0.017,213.313,-0.096,-0.534
00:00:21.863,1572923410584,0.26,-0.066,16.438,0.664,3.0,0.024,21.669,0.004,-0.016,213.674,-0.097,-0.534
00:00:21.911,1572923410632,0.26,-0.066,16.438,0.664,3.0,0.024,21.674,0.004,-0.016,214.035,-0.099,-0.534
00:00:21.912,1572923410633,0.26,-0.066,16.438,0.664,3.0,0.024,21.678,0.004,-0.016,214.419,-0.1,-0.534
00:00:21.913,1572923410634,0.259,-0.066,16.438,0.664,3.0,0.024,21.682,0.004,-0.016,214.758,-0.101,-0.534
00:00:21.961,1572923410682,0.259,-0.066,16.438,0.664,3.0,0.024,21.687,0.004,-0.016,215.11900000000003,-0.102,-0.534
00:00:21.962,1572923410683,0.259,-0.066,16.438,0.664,3.0,0.024,21.691,0.004,-0.016,215.481,-0.103,-0.534
00:00:21.963,1572923410684,0.259,-0.066,16.438,0.664,3.0,0.024,21.695,0.004,-0.015,215.842,-0.104,-0.534
00:00:22.011,1572923410732,0.259,-0.067,16.438,0.664,3.0,0.024,21.7,0.004,-0.015,216.204,-0.106,-0.534
00:00:22.012,1572923410733,0.259,-0.067,16.438,0.664,3.0,0.024,21.704,0.004,-0.015,216.566,-0.107,-0.534
00:00:22.013,1572923410734,0.259,-0.067,16.438,0.664,3.0,0.024,21.708,0.004,-0.015,216.927,-0.108,-0.534
00:00:22.065,1572923410786,0.258,-0.067,16.438,0.664,3.0,0.024,21.713,0.004,-0.015,217.289,-0.109,-0.534
00:00:22.066,1572923410787,0.258,-0.067,16.438,0.664,3.0,0.024,21.717,0.004,-0.015,217.651,-0.111,-0.534
00:00:22.067,1572923410788,0.258,-0.067,16.438,0.664,3.0,0.024,21.721,0.004,-0.015,218.013,-0.112,-0.534
00:00:22.111,1572923410832,0.258,-0.067,16.438,0.664,3.0,0.024,21.725,0.004,-0.015,218.375,-0.113,-0.534
00:00:22.112,1572923410833,0.258,-0.067,16.438,0.664,3.0,0.024,21.73,0.004,-0.015,218.737,-0.114,-0.534
00:00:22.113,1572923410834,0.258,-0.067,16.438,0.664,3.0,0.024,21.734,0.004,-0.015,219.1,-0.116,-0.534
00:00:22.162,1572923410883,0.258,-0.067,16.438,0.664,3.0,0.024,21.738000000000003,0.004,-0.015,219.462,-0.117,-0.534
00:00:22.163,1572923410884,0.257,-0.067,16.438,0.664,3.0,0.024,21.743,0.004,-0.015,219.824,-0.119,-0.534
00:00:22.164,1572923410885,0.257,-0.067,16.438,0.664,3.0,0.024,21.747,0.004,-0.015,220.187,-0.12,-0.534
00:00:22.212,1572923410933,0.257,-0.067,16.438,0.664,3.0,0.024,21.751,0.004,-0.015,220.549,-0.121,-0.534
00:00:22.213,1572923410934,0.257,-0.067,16.438,0.664,3.0,0.024,21.756,0.004,-0.015,220.912,-0.123,-0.534
00:00:22.214,1572923410935,0.257,-0.068,16.438,0.664,3.0,0.024,21.76,0.004,-0.015,221.274,-0.124,-0.534
00:00:22.263,1572923410984,0.257,-0.068,16.438,0.664,3.0,0.024,21.764,0.004,-0.015,221.637,-0.126,-0.534
00:00:22.264,1572923410985,0.257,-0.068,16.438,0.664,3.0,0.024,21.768,0.004,-0.015,222.0,-0.127,-0.534
00:00:22.265,1572923410986,0.256,-0.068,16.438,0.664,3.0,0.024,21.773000000000003,0.004,-0.015,222.363,-0.129,-0.534
00:00:22.314,1572923411035,0.256,-0.068,16.438,0.664,3.0,0.024,21.777,0.004,-0.015,222.725,-0.13,-0.534
00:00:22.315,1572923411036,0.256,-0.068,16.438,0.664,3.0,0.024,21.781,0.004,-0.015,223.088,-0.132,-0.534
00:00:22.316,1572923411037,0.256,-0.068,16.438,0.664,3.0,0.024,21.785,0.004,-0.015,223.451,-0.134,-0.534
00:00:22.317,1572923411038,0.256,-0.068,16.438,0.664,3.0,0.024,21.79,0.004,-0.016,223.815,-0.135,-0.534
00:00:22.371,1572923411092,0.256,-0.068,16.438,0.664,3.0,0.024,21.794,0.004,-0.016,224.178,-0.13699999999999998,-0.534
00:00:22.372,1572923411093,0.255,-0.067,11.97,0.664,3.0,0.024,21.798,0.004,-0.016,224.541,-0.138,-0.534
00:00:22.373,1572923411094,0.245,-0.067,11.97,0.664,3.0,0.024,21.802,0.004,-0.016,224.904,-0.14,-0.534
00:00:22.414,1572923411135,0.218,-0.067,11.97,0.664,3.0,0.024,21.805,0.004,-0.016,225.268,-0.142,-0.534
00:00:22.415,1572923411136,0.18,-0.067,11.97,0.664,3.0,0.024,21.808000000000003,0.004,-0.017,225.631,-0.14300000000000002,-0.534
00:00:22.416,1572923411137,0.14,-0.067,11.97,0.664,3.0,0.024,21.809,0.004,-0.017,225.995,-0.145,-0.534
00:00:22.465,1572923411186,0.105,-0.067,11.97,0.664,3.0,0.024,21.811,0.004,-0.018000000000000002,226.358,-0.147,-0.534
00:00:22.466,1572923411187,0.079,-0.067,1.13,0.664,3.0,0.024,21.812,0.004,-0.019,226.722,-0.149,-0.534
00:00:22.467,1572923411188,0.05,-0.067,1.13,0.664,3.0,0.024,21.812,0.004,-0.021,227.085,-0.15,-0.534
00:00:22.515,1572923411236,-0.01,-0.067,1.13,0.664,3.0,0.024,21.811,0.004,-0.022,227.449,-0.152,-0.534
00:00:22.516,1572923411237,-0.101,-0.068,1.13,0.664,3.0,0.024,21.808000000000003,0.004,-0.024,227.812,-0.154,-0.534
00:00:22.517,1572923411238,-0.196,-0.07,1.13,0.664,3.0,0.024,21.803,0.004,-0.027000000000000003,228.176,-0.156,-0.534
00:00:22.566,1572923411287,-0.272,-0.073,1.13,0.664,3.0,0.024,21.798,0.004,-0.03,228.539,-0.158,-0.534
00:00:22.567,1572923411288,-0.319,-0.07200000000000001,1.13,0.664,3.0,0.025,21.792,0.004,-0.034,228.902,-0.16,-0.534
00:00:22.568,1572923411289,-0.342,-0.07,1.13,0.664,3.0,0.025,21.786,0.004,-0.038,229.265,-0.161,-0.534
00:00:22.617,1572923411338,-0.33,-0.07,1.13,0.664,3.0,0.025,21.781,0.004,-0.043,229.651,-0.163,-0.534
00:00:22.618,1572923411339,-0.299,-0.071,1.13,0.664,3.0,0.025,21.776,0.004,-0.046,229.991,-0.165,-0.534
00:00:22.619,1572923411340,-0.275,-0.07,1.13,0.664,3.0,0.025,21.772,0.004,-0.05,230.354,-0.16699999999999998,-0.534
00:00:22.668,1572923411389,-0.281,-0.071,1.13,0.664,3.0,0.025,21.767,0.004,-0.055,230.717,-0.16899999999999998,-0.534
00:00:22.669,1572923411390,-0.29,-0.071,1.13,0.664,3.0,0.026,21.762,0.004,-0.059,231.08,-0.171,-0.534
00:00:22.670,1572923411391,-0.285,-0.071,1.13,0.664,3.0,0.026,21.757,0.004,-0.063,231.443,-0.173,-0.534
00:00:22.719,1572923411440,-0.287,-0.071,1.13,0.664,3.0,0.026,21.753,0.004,-0.067,231.805,-0.175,-0.534
00:00:22.720,1572923411441,-0.28600000000000003,-0.07200000000000001,1.13,0.664,3.0,0.026,21.748,0.004,-0.07,232.168,-0.177,-0.534
00:00:22.721,1572923411442,-0.28600000000000003,-0.07200000000000001,1.13,0.664,3.0,0.026,21.743,0.004,-0.07400000000000001,232.553,-0.179,-0.534
00:00:22.769,1572923411490,-0.28600000000000003,-0.07200000000000001,1.13,0.664,3.0,0.026,21.738000000000003,0.004,-0.077,232.892,-0.181,-0.534
00:00:22.770,1572923411491,-0.28600000000000003,-0.07200000000000001,1.13,0.664,3.0,0.026,21.734,0.004,-0.081,233.255,-0.183,-0.534
00:00:22.771,1572923411492,-0.28600000000000003,-0.073,1.13,0.664,3.0,0.026,21.729,0.005,-0.084,233.617,-0.18600000000000005,-0.5329999999999999
00:00:22.819,1572923411540,-0.28600000000000003,-0.073,1.13,0.664,3.0,0.026,21.724,0.005,-0.087,234.002,-0.188,-0.5329999999999999
00:00:22.820,1572923411541,-0.28600000000000003,-0.073,1.13,0.664,3.0,0.027000000000000003,21.719,0.005,-0.08900000000000001,234.341,-0.19,-0.5329999999999999
00:00:22.821,1572923411542,-0.28600000000000003,-0.073,1.13,0.664,3.0,0.027000000000000003,21.714,0.005,-0.091,234.703,-0.192,-0.5329999999999999
00:00:22.869,1572923411590,-0.28600000000000003,-0.073,1.13,0.664,3.0,0.027000000000000003,21.709,0.005,-0.093,235.087,-0.194,-0.5329999999999999
00:00:22.870,1572923411591,-0.287,-0.073,0.983,0.664,3.0,0.027000000000000003,21.705,0.005,-0.095,235.449,-0.197,-0.5329999999999999
00:00:22.871,1572923411592,-0.289,-0.07200000000000001,0.983,0.664,3.0,0.027000000000000003,21.7,0.005,-0.096,235.788,-0.199,-0.5329999999999999
00:00:22.919,1572923411640,-0.29100000000000004,-0.071,0.983,0.664,3.0,0.027000000000000003,21.695,0.005,-0.098,236.15,-0.201,-0.5329999999999999
00:00:22.920,1572923411641,-0.292,-0.069,0.983,0.664,3.0,0.027000000000000003,21.69,0.005,-0.099,236.511,-0.203,-0.534
00:00:22.921,1572923411642,-0.292,-0.066,0.983,0.664,3.0,0.027000000000000003,21.685,0.005,-0.099,236.873,-0.206,-0.534
00:00:22.970,1572923411691,-0.292,-0.062,0.983,0.664,3.0,0.027000000000000003,21.68,0.005,-0.099,237.257,-0.208,-0.534
00:00:22.971,1572923411692,-0.29100000000000004,-0.058,1.13,0.664,3.0,0.028,21.676,0.005,-0.099,237.596,-0.21,-0.534
00:00:22.972,1572923411693,-0.28800000000000003,-0.053,1.13,0.664,3.0,0.028,21.671,0.006,-0.099,237.957,-0.213,-0.534
00:00:23.021,1572923411742,-0.287,-0.047,1.13,0.664,3.0,0.027000000000000003,21.666,0.006,-0.099,238.318,-0.215,-0.534
00:00:23.022,1572923411743,-0.28600000000000003,-0.039,1.13,0.664,3.0,0.027000000000000003,21.661,0.006,-0.098,238.701,-0.217,-0.534
00:00:23.023,1572923411744,-0.28600000000000003,-0.03,1.13,0.664,3.0,0.028,21.657,0.006,-0.097,239.04,-0.22,-0.534
00:00:23.071,1572923411792,-0.285,-0.019,1.13,0.664,3.0,0.028,21.652,0.006999999999999999,-0.096,239.401,-0.222,-0.534
00:00:23.072,1572923411793,-0.285,-0.003,1.13,0.664,3.0,0.028,21.647,0.006999999999999999,-0.095,239.762,-0.224,-0.534
00:00:23.073,1572923411794,-0.285,0.017,1.13,0.664,3.0,0.027000000000000003,21.642,0.008,-0.094,240.145,-0.227,-0.534
00:00:23.121,1572923411842,-0.285,0.036000000000000004,1.13,0.664,3.0,0.027000000000000003,21.638,0.008,-0.093,240.483,-0.229,-0.534
00:00:23.122,1572923411843,-0.285,0.057,1.13,0.664,3.0,0.026,21.63300000000001,0.009000000000000001,-0.092,240.844,-0.231,-0.534
00:00:23.123,1572923411844,-0.285,0.078,1.13,0.664,3.0,0.024,21.628,0.009000000000000001,-0.09,241.204,-0.234,-0.534
00:00:23.171,1572923411892,-0.285,0.098,1.13,0.664,3.0,0.022,21.623,0.01,-0.08900000000000001,241.587,-0.236,-0.534
00:00:23.172,1572923411893,-0.28600000000000003,0.114,0.983,0.664,3.0,0.019,21.619,0.01,-0.08800000000000001,241.925,-0.238,-0.534
00:00:23.173,1572923411894,-0.28800000000000003,0.127,0.983,0.664,3.0,0.016,21.614,0.01,-0.086,242.285,-0.24,-0.535
00:00:23.221,1572923411942,-0.29,0.138,0.983,0.664,3.0,0.013,21.609,0.009000000000000001,-0.085,242.645,-0.243,-0.535
00:00:23.222,1572923411943,-0.29100000000000004,0.145,0.983,0.664,3.0,0.009000000000000001,21.604,0.008,-0.084,243.028,-0.245,-0.535
00:00:23.223,1572923411944,-0.29,0.15,0.983,0.664,3.0,0.005,21.599,0.006999999999999999,-0.083,243.365,-0.247,-0.535
00:00:23.271,1572923411992,-0.29,0.155,0.983,0.664,3.0,0.001,21.594,0.005,-0.081,243.748,-0.249,-0.535
00:00:23.272,1572923411993,-0.289,0.159,1.13,0.664,3.0,-0.002,21.59,0.004,-0.081,244.085,-0.251,-0.535
00:00:23.273,1572923411994,-0.287,0.16399999999999998,1.13,0.664,3.0,-0.005,21.585,0.002,-0.08,244.468,-0.253,-0.535
00:00:23.322,1572923412043,-0.28600000000000003,0.166,1.13,0.664,3.0,-0.006999999999999999,21.583,0.001,-0.08,244.625,-0.254,-0.535
00:00:23.323,1572923412044,-0.285,0.172,1.13,0.664,3.0,-0.01,21.57800000000001,-0.002,-0.079,244.985,-0.256,-0.535
00:00:23.324,1572923412045,-0.285,0.17800000000000002,1.13,0.664,3.0,-0.013,21.573,-0.004,-0.079,245.344,-0.257,-0.535
00:00:23.373,1572923412094,-0.285,0.187,1.13,0.664,3.0,-0.016,21.568,-0.006,-0.078,245.726,-0.259,-0.535
00:00:23.374,1572923412095,-0.285,0.196,1.13,0.664,3.0,-0.018000000000000002,21.564,-0.006999999999999999,-0.078,246.063,-0.261,-0.535
00:00:23.375,1572923412096,-0.285,0.206,1.13,0.664,3.0,-0.021,21.559,-0.009000000000000001,-0.078,246.422,-0.263,-0.535
00:00:23.424,1572923412145,-0.285,0.21600000000000005,1.13,0.664,3.0,-0.023,21.554,-0.011,-0.078,246.782,-0.264,-0.535
00:00:23.425,1572923412146,-0.285,0.228,1.13,0.664,3.0,-0.026,21.549,-0.012,-0.078,247.163,-0.266,-0.535
00:00:23.426,1572923412147,-0.285,0.239,1.13,0.664,3.0,-0.028,21.544,-0.013,-0.079,247.522,-0.267,-0.535
00:00:23.480,1572923412201,-0.285,0.249,1.13,0.664,3.0,-0.031,21.54,-0.014,-0.079,247.859,-0.269,-0.535
00:00:23.481,1572923412202,-0.284,0.259,1.643,0.664,3.0,-0.033,21.535,-0.015,-0.079,248.218,-0.27,-0.534
00:00:23.482,1572923412203,-0.279,0.267,1.643,0.664,3.0,-0.036000000000000004,21.53,-0.015,-0.079,248.599,-0.271,-0.534
00:00:23.524,1572923412245,-0.27,0.272,1.643,0.664,3.0,-0.039,21.526,-0.016,-0.08,248.958,-0.272,-0.534
00:00:23.525,1572923412246,-0.266,0.274,1.643,0.664,3.0,-0.042,21.522,-0.016,-0.08,249.294,-0.273,-0.534
00:00:23.526,1572923412247,-0.265,0.273,1.643,0.664,3.0,-0.045,21.517,-0.017,-0.08,249.676,-0.275,-0.534
00:00:23.575,1572923412296,-0.265,0.27,1.643,0.664,3.0,-0.048,21.513,-0.017,-0.08,250.034,-0.275,-0.534
00:00:23.576,1572923412297,-0.265,0.266,1.936,0.664,3.0,-0.05,21.50800000000001,-0.018000000000000002,-0.081,250.393,-0.276,-0.534
00:00:23.577,1572923412298,-0.262,0.26,1.936,0.664,3.0,-0.053,21.504,-0.018000000000000002,-0.081,250.729,-0.277,-0.534
00:00:23.624,1572923412345,-0.257,0.254,1.936,0.664,3.0,-0.055,21.5,-0.019,-0.081,251.087,-0.278,-0.534
00:00:23.625,1572923412346,-0.254,0.247,1.936,0.664,3.0,-0.057,21.496,-0.019,-0.081,251.445,-0.278,-0.534
00:00:23.626,1572923412347,-0.254,0.239,1.936,0.664,3.0,-0.059,21.491,-0.02,-0.081,251.826,-0.279,-0.534
00:00:23.675,1572923412396,-0.253,0.232,1.936,0.664,3.0,-0.061,21.487,-0.02,-0.08199999999999999,252.162,-0.28,-0.534
00:00:23.676,1572923412397,-0.253,0.223,3.108,0.664,3.0,-0.062,21.483,-0.02,-0.08199999999999999,252.52,-0.28,-0.534
00:00:23.677,1572923412398,-0.251,0.212,3.108,0.664,3.0,-0.064,21.479,-0.021,-0.081,252.9,-0.281,-0.534
00:00:23.725,1572923412446,-0.242,0.2,3.108,0.664,3.0,-0.065,21.475,-0.021,-0.081,253.258,-0.281,-0.534
00:00:23.726,1572923412447,-0.231,0.188,3.108,0.664,3.0,-0.065,21.471,-0.021,-0.081,253.638,-0.281,-0.534
00:00:23.727,1572923412448,-0.222,0.179,3.108,0.664,3.0,-0.065,21.468000000000004,-0.021,-0.081,253.951,-0.281,-0.534
00:00:23.779,1572923412500,-0.215,0.17,3.108,0.664,3.0,-0.065,21.464,-0.02,-0.08,254.332,-0.282,-0.534
00:00:23.780,1572923412501,-0.21,0.165,6.2570000000000014,0.664,3.0,-0.065,21.461,-0.02,-0.08,254.689,-0.282,-0.534
00:00:23.781,1572923412502,-0.207,0.162,6.2570000000000014,0.664,3.0,-0.064,21.457,-0.019,-0.079,255.025,-0.282,-0.534
00:00:23.825,1572923412546,-0.199,0.162,6.2570000000000014,0.664,3.0,-0.063,21.454,-0.018000000000000002,-0.078,255.382,-0.282,-0.534
00:00:23.826,1572923412547,-0.184,0.163,6.2570000000000014,0.664,3.0,-0.062,21.451,-0.017,-0.077,255.762,-0.282,-0.534
00:00:23.827,1572923412548,-0.162,0.166,6.2570000000000014,0.664,3.0,-0.061,21.449,-0.015,-0.077,256.12,-0.282,-0.534
00:00:23.877,1572923412598,-0.139,0.16899999999999998,6.2570000000000014,0.664,3.0,-0.06,21.447,-0.014,-0.076,256.455,-0.282,-0.534
00:00:23.878,1572923412599,-0.118,0.173,8.308,0.664,3.0,-0.059,21.445,-0.012,-0.07400000000000001,256.812,-0.282,-0.534
00:00:23.879,1572923412600,-0.102,0.17600000000000002,8.308,0.664,3.0,-0.059,21.444000000000006,-0.011,-0.073,257.192,-0.282,-0.534
00:00:23.925,1572923412646,-0.087,0.17800000000000002,8.308,0.664,3.0,-0.059,21.442,-0.009000000000000001,-0.071,257.54900000000004,-0.281,-0.534
00:00:23.926,1572923412647,-0.071,0.17800000000000002,8.308,0.664,3.0,-0.059,21.442,-0.008,-0.07,257.884,-0.281,-0.534
00:00:23.927,1572923412648,-0.054000000000000006,0.17600000000000002,8.308,0.664,3.0,-0.059,21.441,-0.006,-0.068,258.264,-0.281,-0.534
00:00:23.975,1572923412696,-0.041,0.172,8.308,0.664,3.0,-0.059,21.44,-0.005,-0.066,258.621,-0.28,-0.534
00:00:23.976,1572923412697,-0.034,0.168,9.626,0.664,3.0,-0.06,21.44,-0.005,-0.064,258.97900000000004,-0.28,-0.534
00:00:23.977,1572923412698,-0.031,0.162,9.626,0.664,3.0,-0.06,21.439,-0.004,-0.061,259.336,-0.28,-0.534
00:00:24.029,1572923412750,-0.028,0.155,9.626,0.664,3.0,-0.06,21.439,-0.004,-0.059,259.693,-0.279,-0.534
00:00:24.030,1572923412751,-0.023,0.14800000000000002,9.626,0.664,3.0,-0.061,21.439,-0.004,-0.057,260.051,-0.279,-0.534
00:00:24.031,1572923412752,-0.016,0.141,9.626,0.664,3.0,-0.061,21.438,-0.004,-0.055,260.408,-0.278,-0.534
00:00:24.076,1572923412797,-0.009000000000000001,0.133,9.626,0.664,3.0,-0.062,21.438,-0.005,-0.053,260.765,-0.277,-0.534
00:00:24.077,1572923412798,-0.004,0.126,11.091,0.664,3.0,-0.062,21.438,-0.006,-0.051,261.123,-0.277,-0.534
00:00:24.078,1572923412799,0.001,0.118,11.091,0.664,3.0,-0.062,21.439,-0.006,-0.049,261.48,-0.276,-0.534
00:00:24.128,1572923412849,0.008,0.112,11.091,0.664,3.0,-0.062,21.439,-0.006999999999999999,-0.047,261.837,-0.275,-0.534
00:00:24.129,1572923412850,0.018000000000000002,0.105,11.091,0.664,3.0,-0.061,21.439,-0.008,-0.045,262.195,-0.275,-0.534
00:00:24.130,1572923412851,0.03,0.1,11.091,0.664,3.0,-0.061,21.44,-0.009000000000000001,-0.043,262.552,-0.274,-0.534
00:00:24.184,1572923412905,0.041,0.095,11.091,0.664,3.0,-0.06,21.441,-0.009000000000000001,-0.042,262.909,-0.273,-0.534
00:00:24.185,1572923412906,0.048,0.092,11.091,0.664,3.0,-0.059,21.442,-0.01,-0.04,263.267,-0.272,-0.534
00:00:24.186,1572923412907,0.053,0.09,11.091,0.664,3.0,-0.058,21.443,-0.01,-0.039,263.624,-0.271,-0.534
00:00:24.228,1572923412949,0.054000000000000006,0.08800000000000001,11.091,0.664,3.0,-0.056,21.443,-0.01,-0.037000000000000005,263.981,-0.271,-0.534
00:00:24.229,1572923412950,0.054000000000000006,0.087,11.091,0.664,3.0,-0.055,21.444000000000006,-0.01,-0.036000000000000004,264.339,-0.27,-0.534
00:00:24.230,1572923412951,0.052000000000000005,0.086,11.091,0.664,3.0,-0.054000000000000006,21.445,-0.01,-0.035,264.696,-0.269,-0.534
00:00:24.278,1572923412999,0.051,0.084,11.091,0.664,3.0,-0.053,21.446,-0.01,-0.035,265.05400000000003,-0.268,-0.534
00:00:24.279,1572923413000,0.05,0.08199999999999999,11.091,0.664,3.0,-0.051,21.447,-0.01,-0.034,265.411,-0.267,-0.534
00:00:24.280,1572923413001,0.049,0.079,11.091,0.664,3.0,-0.05,21.448,-0.009000000000000001,-0.034,265.768,-0.266,-0.534
00:00:24.328,1572923413049,0.049,0.076,11.091,0.664,3.0,-0.049,21.448,-0.009000000000000001,-0.033,266.126,-0.265,-0.534
00:00:24.329,1572923413050,0.049,0.071,11.091,0.664,3.0,-0.048,21.449,-0.008,-0.033,266.483,-0.264,-0.534
00:00:24.330,1572923413051,0.049,0.066,11.091,0.664,3.0,-0.047,21.45,-0.008,-0.033,266.841,-0.263,-0.534
00:00:24.378,1572923413099,0.049,0.061,11.091,0.664,3.0,-0.046,21.451,-0.006999999999999999,-0.034,267.198,-0.262,-0.534
00:00:24.379,1572923413100,0.049,0.055,11.091,0.664,3.0,-0.045,21.452,-0.006,-0.034,267.556,-0.261,-0.534
00:00:24.380,1572923413101,0.05,0.05,11.091,0.664,3.0,-0.044,21.453000000000007,-0.006,-0.034,267.913,-0.26,-0.534
00:00:24.429,1572923413150,0.05,0.045,11.091,0.664,3.0,-0.043,21.453000000000007,-0.006,-0.034,268.271,-0.259,-0.534
00:00:24.430,1572923413151,0.05,0.04,11.091,0.664,3.0,-0.042,21.454,-0.005,-0.035,268.628,-0.258,-0.534
00:00:24.431,1572923413152,0.05,0.036000000000000004,11.091,0.664,3.0,-0.041,21.455,-0.005,-0.035,268.986,-0.256,-0.534
00:00:24.480,1572923413201,0.05,0.033,11.091,0.664,3.0,-0.04,21.456,-0.004,-0.036000000000000004,269.344,-0.255,-0.534
00:00:24.481,1572923413202,0.05,0.031,11.091,0.664,3.0,-0.038,21.457,-0.004,-0.036000000000000004,269.701,-0.254,-0.534
00:00:24.482,1572923413203,0.05,0.029,11.091,0.664,3.0,-0.037000000000000005,21.458,-0.003,-0.037000000000000005,270.059,-0.253,-0.534
00:00:24.533,1572923413254,0.05,0.027000000000000003,11.091,0.664,3.0,-0.036000000000000004,21.458,-0.003,-0.037000000000000005,270.41700000000003,-0.252,-0.534
00:00:24.534,1572923413255,0.05,0.026,11.091,0.664,3.0,-0.035,21.459,-0.002,-0.037000000000000005,270.774,-0.251,-0.534
00:00:24.535,1572923413256,0.05,0.026,11.091,0.664,3.0,-0.034,21.46,-0.002,-0.038,271.132,-0.25,-0.534
00:00:24.536,1572923413257,0.05,0.025,11.091,0.664,3.0,-0.033,21.461,-0.001,-0.038,271.48900000000003,-0.248,-0.534
00:00:24.581,1572923413302,0.05,0.024,11.091,0.664,3.0,-0.032,21.462,-0.001,-0.039,271.847,-0.247,-0.534
00:00:24.582,1572923413303,0.05,0.024,11.091,0.664,3.0,-0.031,21.462,-0.001,-0.039,272.205,-0.246,-0.534
00:00:24.583,1572923413304,0.05,0.023,11.091,0.664,3.0,-0.03,21.463,0.0,-0.04,272.563,-0.245,-0.534
00:00:24.631,1572923413352,0.05,0.022,11.091,0.664,3.0,-0.029,21.464,0.0,-0.04,272.92,-0.244,-0.534
00:00:24.632,1572923413353,0.05,0.021,11.091,0.664,3.0,-0.028,21.465,0.0,-0.04,273.278,-0.242,-0.534
00:00:24.633,1572923413354,0.05,0.02,11.091,0.664,3.0,-0.027000000000000003,21.466,0.0,-0.041,273.636,-0.241,-0.534
00:00:24.686,1572923413407,0.05,0.019,11.091,0.664,3.0,-0.027000000000000003,21.467,0.0,-0.041,273.994,-0.24,-0.534
00:00:24.687,1572923413408,0.05,0.018000000000000002,11.091,0.664,3.0,-0.026,21.467,0.0,-0.041,274.351,-0.239,-0.534
00:00:24.688,1572923413409,0.05,0.017,11.091,0.664,3.0,-0.025,21.468000000000004,0.0,-0.042,274.709,-0.238,-0.534
00:00:24.732,1572923413453,0.05,0.017,11.091,0.664,3.0,-0.024,21.469,0.0,-0.042,275.067,-0.236,-0.534
00:00:24.733,1572923413454,0.05,0.017,11.091,0.664,3.0,-0.024,21.47,0.0,-0.042,275.425,-0.235,-0.534
00:00:24.734,1572923413455,0.05,0.018000000000000002,11.091,0.664,3.0,-0.023,21.471,0.0,-0.042,275.783,-0.234,-0.534
00:00:24.785,1572923413506,0.05,0.019,11.091,0.664,3.0,-0.022,21.472,0.0,-0.043,276.14,-0.233,-0.534
00:00:24.786,1572923413507,0.05,0.019,11.091,0.664,3.0,-0.021,21.472,0.0,-0.043,276.498,-0.231,-0.534
00:00:24.787,1572923413508,0.05,0.02,11.091,0.664,3.0,-0.021,21.473000000000006,0.0,-0.043,276.856,-0.23,-0.534
00:00:24.833,1572923413554,0.05,0.021,11.091,0.664,3.0,-0.02,21.474,0.0,-0.043,277.214,-0.229,-0.534
00:00:24.834,1572923413555,0.05,0.021,11.091,0.664,3.0,-0.02,21.475,-0.001,-0.043,277.572,-0.228,-0.534
00:00:24.835,1572923413556,0.05,0.021,11.091,0.664,3.0,-0.019,21.476,-0.001,-0.043,277.93,-0.226,-0.534
00:00:24.884,1572923413605,0.05,0.021,11.091,0.664,3.0,-0.019,21.477,-0.001,-0.043,278.288,-0.225,-0.534
00:00:24.885,1572923413606,0.049,0.02,11.091,0.664,3.0,-0.019,21.477,-0.001,-0.043,278.646,-0.224,-0.534
00:00:24.886,1572923413607,0.049,0.02,11.091,0.664,3.0,-0.018000000000000002,21.478,-0.001,-0.043,279.004,-0.223,-0.534
00:00:24.935,1572923413656,0.049,0.019,11.091,0.664,3.0,-0.018000000000000002,21.479,-0.001,-0.043,279.362,-0.221,-0.534
00:00:24.936,1572923413657,0.049,0.018000000000000002,11.091,0.664,3.0,-0.017,21.48,-0.001,-0.043,279.72,-0.22,-0.534
00:00:24.937,1572923413658,0.049,0.017,11.091,0.664,3.0,-0.017,21.481,-0.002,-0.043,280.078,-0.219,-0.534
00:00:24.989,1572923413710,0.049,0.016,11.091,0.664,3.0,-0.017,21.482,-0.002,-0.043,280.436,-0.217,-0.534
00:00:24.990,1572923413711,0.049,0.015,11.091,0.664,3.0,-0.016,21.482,-0.002,-0.043,280.79400000000004,-0.21600000000000005,-0.534
00:00:24.991,1572923413712,0.049,0.014,11.091,0.664,3.0,-0.016,21.483,-0.002,-0.043,281.152,-0.215,-0.534
00:00:25.035,1572923413756,0.049,0.014,11.091,0.664,3.0,-0.015,21.484,-0.002,-0.043,281.51,-0.214,-0.534
00:00:25.036,1572923413757,0.049,0.014,11.091,0.664,3.0,-0.015,21.485,-0.002,-0.042,281.868,-0.212,-0.534
00:00:25.037,1572923413758,0.049,0.013,11.091,0.664,3.0,-0.014,21.486,-0.002,-0.042,282.226,-0.211,-0.534
00:00:25.085,1572923413806,0.049,0.013,11.604,0.664,3.0,-0.014,21.486,-0.002,-0.042,282.584,-0.21,-0.534
00:00:25.086,1572923413807,0.051,0.012,11.604,0.664,3.0,-0.013,21.488000000000003,-0.002,-0.042,283.211,-0.207,-0.534
00:00:25.087,1572923413808,0.052000000000000005,0.012,11.604,0.664,3.0,-0.013,21.488000000000003,-0.002,-0.042,283.323,-0.207,-0.534
00:00:25.135,1572923413856,0.055,0.012,11.604,0.664,3.0,-0.013,21.489,-0.002,-0.042,283.659,-0.206,-0.534
00:00:25.136,1572923413857,0.06,0.011,11.604,0.664,3.0,-0.012,21.49,-0.002,-0.042,284.017,-0.204,-0.534
00:00:25.137,1572923413858,0.064,0.01,11.604,0.664,3.0,-0.012,21.491,-0.002,-0.042,284.375,-0.203,-0.534
00:00:25.185,1572923413906,0.067,0.009000000000000001,12.263,0.664,3.0,-0.012,21.492,-0.001,-0.041,284.733,-0.202,-0.534
00:00:25.186,1572923413907,0.069,0.009000000000000001,12.263,0.664,3.0,-0.011,21.494,-0.001,-0.041,285.091,-0.2,-0.534
00:00:25.187,1572923413908,0.07200000000000001,0.008,12.263,0.664,3.0,-0.011,21.495,-0.001,-0.041,285.45,-0.199,-0.534
00:00:25.236,1572923413957,0.077,0.006999999999999999,12.263,0.664,3.0,-0.011,21.496,-0.001,-0.041,285.808,-0.197,-0.534
00:00:25.237,1572923413958,0.084,0.006,12.263,0.664,3.0,-0.01,21.498,-0.001,-0.04,286.166,-0.196,-0.534
00:00:25.238,1572923413959,0.08900000000000001,0.006,12.263,0.664,3.0,-0.01,21.499,-0.001,-0.04,286.524,-0.195,-0.534
00:00:25.287,1572923414008,0.092,0.006999999999999999,12.483,0.664,3.0,-0.01,21.501,-0.001,-0.039,286.883,-0.193,-0.534
00:00:25.288,1572923414009,0.094,0.006999999999999999,12.483,0.664,3.0,-0.009000000000000001,21.502,-0.001,-0.039,287.241,-0.192,-0.534
00:00:25.289,1572923414010,0.095,0.006999999999999999,12.483,0.664,3.0,-0.009000000000000001,21.504,0.0,-0.038,287.599,-0.191,-0.534
00:00:25.338,1572923414059,0.096,0.006999999999999999,12.483,0.664,3.0,-0.009000000000000001,21.506,0.0,-0.038,287.958,-0.189,-0.534
00:00:25.339,1572923414060,0.098,0.006999999999999999,12.483,0.664,3.0,-0.008,21.507,0.0,-0.037000000000000005,288.316,-0.188,-0.534
00:00:25.340,1572923414061,0.099,0.006,12.483,0.664,3.0,-0.008,21.509,0.0,-0.037000000000000005,288.675,-0.187,-0.534
00:00:25.388,1572923414109,0.1,0.006,12.922,0.664,3.0,-0.008,21.511,0.0,-0.036000000000000004,289.033,-0.185,-0.534
00:00:25.389,1572923414110,0.1,0.005,12.922,0.664,3.0,-0.008,21.512,0.0,-0.036000000000000004,289.392,-0.184,-0.534
00:00:25.390,1572923414111,0.102,0.004,12.922,0.664,3.0,-0.006999999999999999,21.514,0.0,-0.036000000000000004,289.75,-0.183,-0.534
00:00:25.439,1572923414160,0.105,0.002,12.922,0.664,3.0,-0.006999999999999999,21.516,0.0,-0.035,290.1090000000001,-0.181,-0.534
00:00:25.440,1572923414161,0.109,0.001,12.922,0.664,3.0,-0.006999999999999999,21.518,0.0,-0.035,290.468,-0.18,-0.534
00:00:25.441,1572923414162,0.112,0.0,12.922,0.664,3.0,-0.006999999999999999,21.52,0.0,-0.034,290.826,-0.17800000000000002,-0.534
00:00:25.488,1572923414209,0.115,-0.002,12.922,0.664,3.0,-0.006999999999999999,21.522,0.0,-0.034,291.185,-0.177,-0.534
00:00:25.489,1572923414210,0.116,-0.003,12.922,0.664,3.0,-0.006999999999999999,21.524,0.0,-0.033,291.5440000000001,-0.17600000000000002,-0.534
00:00:25.490,1572923414211,0.117,-0.004,12.922,0.664,3.0,-0.006,21.526,0.0,-0.033,291.902,-0.174,-0.534
00:00:25.539,1572923414260,0.117,-0.005,12.922,0.664,3.0,-0.006,21.527,-0.001,-0.033,292.261,-0.173,-0.534
00:00:25.540,1572923414261,0.117,-0.005,12.922,0.664,3.0,-0.006,21.529,-0.001,-0.032,292.62,-0.172,-0.534
00:00:25.541,1572923414262,0.117,-0.006,12.922,0.664,3.0,-0.006,21.531,-0.001,-0.032,292.9790000000001,-0.17,-0.534
00:00:25.594,1572923414315,0.117,-0.006999999999999999,12.922,0.664,3.0,-0.005,21.533,-0.001,-0.032,293.338,-0.16899999999999998,-0.534
00:00:25.595,1572923414316,0.117,-0.006999999999999999,12.922,0.664,3.0,-0.005,21.535,-0.001,-0.032,293.696,-0.16699999999999998,-0.534
00:00:25.596,1572923414317,0.116,-0.008,12.922,0.664,3.0,-0.005,21.537,-0.001,-0.031,294.055,-0.166,-0.534
00:00:25.640,1572923414361,0.116,-0.009000000000000001,12.922,0.664,3.0,-0.004,21.539,-0.001,-0.031,294.414,-0.165,-0.534
00:00:25.641,1572923414362,0.116,-0.011,12.922,0.664,3.0,-0.004,21.541,-0.001,-0.031,294.773,-0.163,-0.534
00:00:25.642,1572923414363,0.116,-0.013,12.922,0.664,3.0,-0.004,21.54300000000001,-0.001,-0.031,295.132,-0.162,-0.534
00:00:25.690,1572923414411,0.116,-0.015,12.922,0.664,3.0,-0.004,21.545,-0.001,-0.031,295.491,-0.161,-0.534
00:00:25.691,1572923414412,0.116,-0.017,12.922,0.664,3.0,-0.003,21.547,0.0,-0.031,295.851,-0.159,-0.534
00:00:25.692,1572923414413,0.116,-0.02,12.922,0.664,3.0,-0.003,21.549,0.0,-0.031,296.21,-0.158,-0.534
00:00:25.740,1572923414461,0.116,-0.022,12.922,0.664,3.0,-0.003,21.551,0.0,-0.031,296.569,-0.157,-0.534
00:00:25.741,1572923414462,0.116,-0.025,12.922,0.664,3.0,-0.002,21.553,0.0,-0.032,296.928,-0.155,-0.534
00:00:25.742,1572923414463,0.116,-0.028,12.922,0.664,3.0,-0.002,21.555,0.0,-0.032,297.31,-0.154,-0.534
00:00:25.790,1572923414511,0.116,-0.03,12.922,0.664,3.0,-0.002,21.557,0.0,-0.032,297.647,-0.153,-0.534
00:00:25.791,1572923414512,0.116,-0.033,12.922,0.664,3.0,-0.001,21.558000000000003,0.0,-0.032,298.006,-0.152,-0.534
00:00:25.792,1572923414513,0.116,-0.035,12.922,0.664,3.0,-0.001,21.56,0.0,-0.032,298.365,-0.15,-0.534
00:00:25.840,1572923414561,0.116,-0.038,12.922,0.664,3.0,0.0,21.562,0.0,-0.032,298.724,-0.149,-0.534
00:00:25.841,1572923414562,0.116,-0.04,12.922,0.664,3.0,0.001,21.564,0.0,-0.032,299.084,-0.14800000000000002,-0.534
00:00:25.842,1572923414563,0.116,-0.043,12.922,0.664,3.0,0.001,21.566,0.0,-0.032,299.443,-0.146,-0.534
00:00:25.890,1572923414611,0.116,-0.044,12.922,0.664,3.0,0.002,21.568,0.001,-0.032,299.803,-0.145,-0.534
00:00:25.891,1572923414612,0.116,-0.046,12.922,0.664,3.0,0.002,21.57,0.001,-0.033,300.1620000000001,-0.14400000000000002,-0.534
00:00:25.892,1572923414613,0.115,-0.048,12.922,0.664,3.0,0.003,21.572,0.001,-0.033,300.522,-0.14300000000000002,-0.534
00:00:25.941,1572923414662,0.115,-0.049,12.922,0.664,3.0,0.004,21.574,0.001,-0.033,300.881,-0.142,-0.534
00:00:25.942,1572923414663,0.115,-0.051,12.922,0.664,3.0,0.004,21.576,0.001,-0.033,301.241,-0.14,-0.534
00:00:25.943,1572923414664,0.115,-0.052000000000000005,12.922,0.664,3.0,0.005,21.57800000000001,0.002,-0.033,301.6,-0.139,-0.534
00:00:25.996,1572923414717,0.115,-0.053,12.922,0.664,3.0,0.005,21.58,0.002,-0.033,301.96,-0.138,-0.534
00:00:25.997,1572923414718,0.115,-0.055,12.922,0.664,3.0,0.006,21.582,0.002,-0.033,302.32,-0.13699999999999998,-0.534
00:00:25.998,1572923414719,0.115,-0.056,12.922,0.664,3.0,0.006999999999999999,21.583,0.002,-0.033,302.6790000000001,-0.136,-0.534
00:00:26.043,1572923414764,0.115,-0.058,12.922,0.664,3.0,0.006999999999999999,21.585,0.003,-0.034,303.039,-0.135,-0.534
00:00:26.044,1572923414765,0.115,-0.059,12.922,0.664,3.0,0.008,21.587,0.003,-0.034,303.399,-0.134,-0.534
00:00:26.045,1572923414766,0.115,-0.061,12.922,0.664,3.0,0.008,21.589,0.003,-0.034,303.759,-0.133,-0.534
00:00:26.093,1572923414814,0.115,-0.062,12.922,0.664,3.0,0.009000000000000001,21.591,0.003,-0.034,304.119,-0.131,-0.534
00:00:26.094,1572923414815,0.115,-0.063,12.922,0.664,3.0,0.009000000000000001,21.593000000000004,0.003,-0.034,304.478,-0.13,-0.534
00:00:26.095,1572923414816,0.115,-0.065,12.922,0.664,3.0,0.01,21.595,0.003,-0.034,304.838,-0.129,-0.534
00:00:26.145,1572923414866,0.115,-0.066,12.922,0.664,3.0,0.01,21.597,0.004,-0.034,305.198,-0.128,-0.534
00:00:26.146,1572923414867,0.115,-0.067,12.922,0.664,3.0,0.011,21.599,0.004,-0.034,305.558,-0.127,-0.534
00:00:26.147,1572923414868,0.115,-0.068,12.922,0.664,3.0,0.011,21.601,0.004,-0.034,305.918,-0.126,-0.534
00:00:26.194,1572923414915,0.115,-0.068,12.922,0.664,3.0,0.012,21.603,0.004,-0.034,306.278,-0.125,-0.534
00:00:26.195,1572923414916,0.115,-0.069,12.922,0.664,3.0,0.012,21.604,0.004,-0.034,306.638,-0.125,-0.534
00:00:26.196,1572923414917,0.114,-0.068,12.922,0.664,3.0,0.013,21.606,0.004,-0.034,307.021,-0.124,-0.534
00:00:26.243,1572923414964,0.114,-0.068,12.922,0.664,3.0,0.013,21.608,0.004,-0.034,307.3590000000001,-0.123,-0.534
00:00:26.244,1572923414965,0.114,-0.067,12.922,0.664,3.0,0.014,21.61,0.004,-0.034,307.719,-0.122,-0.534
00:00:26.245,1572923414966,0.114,-0.067,12.922,0.664,3.0,0.014,21.612,0.004,-0.034,308.101,-0.121,-0.534
00:00:26.294,1572923415015,0.114,-0.067,12.922,0.664,3.0,0.015,21.614,0.004,-0.034,308.439,-0.12,-0.534
00:00:26.295,1572923415016,0.114,-0.066,12.922,0.664,3.0,0.015,21.616,0.004,-0.034,308.7990000000001,-0.119,-0.534
00:00:26.296,1572923415017,0.114,-0.066,12.922,0.664,3.0,0.015,21.618,0.004,-0.034,309.16,-0.119,-0.534
00:00:26.344,1572923415065,0.114,-0.066,12.922,0.664,3.0,0.016,21.62,0.004,-0.034,309.52,-0.118,-0.534
00:00:26.345,1572923415066,0.114,-0.065,12.922,0.664,3.0,0.016,21.622,0.004,-0.034,309.88,-0.117,-0.534
00:00:26.346,1572923415067,0.114,-0.065,12.922,0.664,3.0,0.016,21.623,0.004,-0.034,310.241,-0.116,-0.534
00:00:26.394,1572923415115,0.114,-0.065,12.922,0.664,3.0,0.016,21.625,0.004,-0.034,310.601,-0.116,-0.534
00:00:26.395,1572923415116,0.114,-0.064,12.922,0.664,3.0,0.017,21.627,0.004,-0.034,310.962,-0.115,-0.534
00:00:26.396,1572923415117,0.114,-0.063,12.922,0.664,3.0,0.017,21.629,0.004,-0.034,311.322,-0.114,-0.534
00:00:26.445,1572923415166,0.114,-0.061,12.922,0.664,3.0,0.017,21.631,0.004,-0.034,311.682,-0.113,-0.534
00:00:26.446,1572923415167,0.114,-0.059,12.922,0.664,3.0,0.018000000000000002,21.63300000000001,0.004,-0.034,312.043,-0.113,-0.534
00:00:26.447,1572923415168,0.114,-0.055,12.922,0.664,3.0,0.018000000000000002,21.635,0.004,-0.034,312.404,-0.112,-0.534
00:00:26.495,1572923415216,0.114,-0.051,12.922,0.664,3.0,0.018000000000000002,21.637,0.004,-0.034,312.764,-0.112,-0.534
00:00:26.496,1572923415217,0.113,-0.046,12.922,0.664,3.0,0.019,21.639,0.005,-0.034,313.125,-0.111,-0.534
00:00:26.497,1572923415218,0.113,-0.04,12.922,0.664,3.0,0.019,21.641,0.005,-0.034,313.485,-0.11,-0.534
00:00:26.546,1572923415267,0.113,-0.031,12.922,0.664,3.0,0.02,21.642,0.005,-0.034,313.846,-0.11,-0.534
00:00:26.547,1572923415268,0.113,-0.021,12.922,0.664,3.0,0.02,21.644,0.005,-0.034,314.207,-0.109,-0.534
00:00:26.548,1572923415269,0.113,-0.01,12.922,0.664,3.0,0.02,21.646,0.006,-0.033,314.568,-0.109,-0.534
00:00:26.595,1572923415316,0.114,0.003,12.922,0.664,3.0,0.02,21.648000000000003,0.006,-0.033,314.928,-0.108,-0.534
00:00:26.596,1572923415317,0.114,0.017,12.922,0.664,3.0,0.02,21.65,0.006,-0.033,315.289,-0.107,-0.534
00:00:26.597,1572923415318,0.114,0.03,12.922,0.664,3.0,0.02,21.652,0.006999999999999999,-0.033,315.65,-0.107,-0.534
00:00:26.645,1572923415366,0.114,0.043,12.922,0.664,3.0,0.019,21.654,0.006999999999999999,-0.033,316.011,-0.106,-0.534
00:00:26.646,1572923415367,0.114,0.053,12.922,0.664,3.0,0.018000000000000002,21.656,0.006999999999999999,-0.033,316.372,-0.105,-0.534
00:00:26.647,1572923415368,0.113,0.062,12.922,0.664,3.0,0.016,21.658,0.006999999999999999,-0.033,316.733,-0.105,-0.534
00:00:26.699,1572923415420,0.113,0.067,12.922,0.664,3.0,0.014,21.659,0.006999999999999999,-0.032,317.094,-0.104,-0.534
00:00:26.700,1572923415421,0.113,0.069,12.922,0.664,3.0,0.012,21.661,0.006,-0.032,317.455,-0.103,-0.534
00:00:26.701,1572923415422,0.113,0.07,12.922,0.664,3.0,0.01,21.663,0.005,-0.032,317.816,-0.103,-0.534
00:00:26.746,1572923415467,0.113,0.069,12.922,0.664,3.0,0.008,21.665,0.004,-0.032,318.177,-0.102,-0.534
00:00:26.747,1572923415468,0.112,0.067,12.922,0.664,3.0,0.005,21.667,0.003,-0.032,318.538,-0.101,-0.534
00:00:26.748,1572923415469,0.112,0.065,12.922,0.664,3.0,0.003,21.669,0.001,-0.032,318.922,-0.1,-0.534
00:00:26.796,1572923415517,0.112,0.064,12.922,0.664,3.0,0.002,21.671,0.0,-0.032,319.26,-0.1,-0.534
00:00:26.797,1572923415518,0.112,0.063,12.922,0.664,3.0,0.0,21.673,-0.002,-0.033,319.621,-0.099,-0.534
00:00:26.798,1572923415519,0.112,0.064,12.922,0.664,3.0,-0.001,21.674,-0.003,-0.033,319.983,-0.098,-0.534
00:00:26.846,1572923415567,0.112,0.065,12.922,0.664,3.0,-0.003,21.676,-0.005,-0.033,320.367,-0.097,-0.534
00:00:26.847,1572923415568,0.112,0.067,12.922,0.664,3.0,-0.004,21.678,-0.006,-0.033,320.705,-0.096,-0.534
00:00:26.848,1572923415569,0.112,0.069,12.922,0.664,3.0,-0.004,21.68,-0.006999999999999999,-0.033,321.067,-0.095,-0.534
00:00:26.896,1572923415617,0.112,0.071,12.922,0.664,3.0,-0.005,21.682,-0.008,-0.034,321.428,-0.095,-0.534
00:00:26.897,1572923415618,0.112,0.073,12.922,0.664,3.0,-0.006,21.684,-0.008,-0.034,321.789,-0.094,-0.534
00:00:26.898,1572923415619,0.112,0.073,12.922,0.664,3.0,-0.006999999999999999,21.686,-0.009000000000000001,-0.034,322.151,-0.093,-0.534
00:00:26.947,1572923415668,0.112,0.07200000000000001,12.922,0.664,3.0,-0.008,21.688,-0.009000000000000001,-0.034,322.535,-0.092,-0.534
00:00:26.948,1572923415669,0.112,0.069,12.922,0.664,3.0,-0.009000000000000001,21.689,-0.009000000000000001,-0.034,322.874,-0.091,-0.534
00:00:26.949,1572923415670,0.112,0.065,12.922,0.664,3.0,-0.01,21.691,-0.01,-0.034,323.235,-0.09,-0.534
00:00:26.997,1572923415718,0.112,0.06,12.922,0.664,3.0,-0.01,21.693,-0.01,-0.034,323.597,-0.08900000000000001,-0.534
00:00:26.998,1572923415719,0.112,0.053,12.922,0.664,3.0,-0.011,21.695,-0.01,-0.034,323.958,-0.08800000000000001,-0.534
00:00:26.999,1572923415720,0.112,0.045,12.922,0.664,3.0,-0.012,21.697,-0.01,-0.034,324.32,-0.087,-0.534
00:00:27.000,1572923415721,0.112,0.036000000000000004,12.922,0.664,3.0,-0.012,21.699,-0.01,-0.034,324.681,-0.086,-0.534
00:00:27.048,1572923415769,0.112,0.027000000000000003,12.922,0.664,3.0,-0.012,21.701,-0.009000000000000001,-0.034,325.043,-0.085,-0.534
00:00:27.049,1572923415770,0.112,0.018000000000000002,12.922,0.664,3.0,-0.012,21.702,-0.009000000000000001,-0.034,325.427,-0.083,-0.534
00:00:27.050,1572923415771,0.112,0.01,12.922,0.664,3.0,-0.012,21.704,-0.009000000000000001,-0.034,325.766,-0.08199999999999999,-0.534
00:00:27.099,1572923415820,0.112,0.002,12.922,0.664,3.0,-0.012,21.706,-0.008,-0.034,326.128,-0.081,-0.534
00:00:27.100,1572923415821,0.112,-0.005,12.922,0.664,3.0,-0.011,21.708,-0.008,-0.034,326.49,-0.08,-0.534
00:00:27.101,1572923415822,0.112,-0.012,12.922,0.664,3.0,-0.011,21.71,-0.006999999999999999,-0.034,326.8520000000001,-0.079,-0.534
00:00:27.151,1572923415872,0.112,-0.018000000000000002,12.922,0.664,3.0,-0.01,21.712,-0.006,-0.034,327.236,-0.078,-0.534
00:00:27.152,1572923415873,0.112,-0.024,12.922,0.664,3.0,-0.009000000000000001,21.714,-0.006,-0.034,327.576,-0.077,-0.534
00:00:27.153,1572923415874,0.112,-0.03,12.922,0.664,3.0,-0.008,21.715,-0.005,-0.034,327.9369999999999,-0.076,-0.534
00:00:27.200,1572923415921,0.112,-0.036000000000000004,12.922,0.664,3.0,-0.006999999999999999,21.717,-0.004,-0.034,328.2990000000001,-0.075,-0.534
00:00:27.201,1572923415922,0.112,-0.041,12.922,0.664,3.0,-0.006999999999999999,21.719,-0.003,-0.033,328.661,-0.07400000000000001,-0.534
00:00:27.202,1572923415923,0.111,-0.048,12.922,0.664,3.0,-0.006,21.721,-0.002,-0.033,329.023,-0.073,-0.534
00:00:27.250,1572923415971,0.111,-0.055,12.922,0.664,3.0,-0.005,21.72300000000001,-0.001,-0.033,329.385,-0.07200000000000001,-0.534
00:00:27.251,1572923415972,0.111,-0.063,12.922,0.664,3.0,-0.004,21.725,0.0,-0.033,329.747,-0.071,-0.534
00:00:27.252,1572923415973,0.111,-0.071,12.922,0.664,3.0,-0.003,21.727,0.0,-0.033,330.11,-0.07,-0.534
00:00:27.300,1572923416021,0.111,-0.079,12.922,0.664,3.0,-0.002,21.728,0.001,-0.033,330.472,-0.069,-0.534
00:00:27.301,1572923416022,0.111,-0.086,12.922,0.664,3.0,-0.001,21.73,0.002,-0.033,330.766,-0.069,-0.534
00:00:27.302,1572923416023,0.111,-0.093,12.922,0.664,3.0,0.0,21.732,0.002,-0.033,331.1280000000001,-0.068,-0.534
00:00:27.350,1572923416071,0.111,-0.099,12.922,0.664,3.0,0.002,21.734,0.003,-0.033,331.49,-0.067,-0.534
00:00:27.351,1572923416072,0.111,-0.104,12.922,0.664,3.0,0.003,21.735,0.003,-0.033,331.853,-0.066,-0.534
00:00:27.352,1572923416073,0.111,-0.108,12.922,0.664,3.0,0.004,21.737,0.004,-0.033,332.215,-0.065,-0.534
00:00:27.400,1572923416121,0.111,-0.111,12.922,0.664,3.0,0.006,21.739,0.005,-0.033,332.577,-0.064,-0.534
00:00:27.401,1572923416122,0.111,-0.114,12.922,0.664,3.0,0.008,21.741,0.005,-0.033,332.939,-0.064,-0.534
00:00:27.402,1572923416123,0.111,-0.116,12.922,0.664,3.0,0.009000000000000001,21.743,0.006,-0.033,333.324,-0.063,-0.534
00:00:27.451,1572923416172,0.111,-0.117,12.922,0.664,3.0,0.01,21.745,0.006,-0.034,333.664,-0.062,-0.534
00:00:27.452,1572923416173,0.11,-0.118,12.922,0.664,3.0,0.012,21.746,0.006999999999999999,-0.034,334.027,-0.062,-0.534
00:00:27.453,1572923416174,0.11,-0.119,12.922,0.664,3.0,0.013,21.748,0.006999999999999999,-0.034,334.389,-0.061,-0.534
00:00:27.502,1572923416223,0.11,-0.121,12.922,0.664,3.0,0.014,21.75,0.008,-0.034,334.774,-0.061,-0.534
00:00:27.503,1572923416224,0.11,-0.122,12.922,0.664,3.0,0.016,21.752,0.008,-0.034,335.1140000000001,-0.06,-0.534
00:00:27.504,1572923416225,0.11,-0.123,12.922,0.664,3.0,0.017,21.754,0.008,-0.034,335.477,-0.06,-0.534
00:00:27.553,1572923416274,0.11,-0.124,12.922,0.664,3.0,0.018000000000000002,21.756,0.009000000000000001,-0.034,335.839,-0.059,-0.534
00:00:27.554,1572923416275,0.11,-0.125,12.922,0.664,3.0,0.019,21.75800000000001,0.009000000000000001,-0.034,336.224,-0.059,-0.534
00:00:27.555,1572923416276,0.11,-0.125,12.922,0.664,3.0,0.02,21.759,0.009000000000000001,-0.035,336.564,-0.058,-0.534
00:00:27.603,1572923416324,0.11,-0.124,12.922,0.664,3.0,0.021,21.761,0.009000000000000001,-0.035,336.927,-0.058,-0.534
00:00:27.604,1572923416325,0.11,-0.124,12.922,0.664,3.0,0.022,21.763,0.009000000000000001,-0.035,337.29,-0.058,-0.534
00:00:27.605,1572923416326,0.11,-0.123,12.922,0.664,3.0,0.023,21.765,0.009000000000000001,-0.035,337.675,-0.057,-0.534
00:00:27.653,1572923416374,0.11,-0.122,12.922,0.664,3.0,0.024,21.767,0.009000000000000001,-0.035,338.015,-0.057,-0.534
00:00:27.654,1572923416375,0.11,-0.121,12.922,0.664,3.0,0.025,21.768,0.009000000000000001,-0.035,338.3780000000001,-0.057,-0.534
00:00:27.655,1572923416376,0.11,-0.119,7.795,0.664,3.0,0.025,21.77,0.009000000000000001,-0.035,338.741,-0.057,-0.534
00:00:27.703,1572923416424,0.107,-0.118,7.795,0.664,3.0,0.026,21.772,0.009000000000000001,-0.035,339.126,-0.057,-0.534
00:00:27.704,1572923416425,0.093,-0.117,7.795,0.664,3.0,0.027000000000000003,21.773000000000003,0.009000000000000001,-0.035,339.467,-0.056,-0.534
00:00:27.705,1572923416426,0.06,-0.115,7.795,0.664,3.0,0.027000000000000003,21.774,0.008,-0.035,339.83,-0.056,-0.534
00:00:27.754,1572923416475,0.012,-0.114,7.795,0.664,3.0,0.028,21.773000000000003,0.008,-0.036000000000000004,340.215,-0.056,-0.534
00:00:27.755,1572923416476,-0.032,-0.112,7.795,0.664,3.0,0.028,21.772,0.008,-0.036000000000000004,340.5780000000001,-0.056,-0.534
00:00:27.756,1572923416477,-0.064,-0.111,1.789,0.664,3.0,0.029,21.771,0.008,-0.037000000000000005,340.941,-0.056,-0.534
00:00:27.803,1572923416524,-0.08199999999999999,-0.109,1.789,0.664,3.0,0.029,21.769,0.008,-0.038,341.281,-0.056,-0.534
00:00:27.804,1572923416525,-0.1,-0.108,1.789,0.664,3.0,0.03,21.767,0.006999999999999999,-0.04,341.644,-0.056,-0.534
00:00:27.805,1572923416526,-0.131,-0.107,1.789,0.664,3.0,0.03,21.765,0.006999999999999999,-0.041,342.00699999999995,-0.056,-0.534
00:00:27.857,1572923416578,-0.187,-0.108,1.789,0.664,3.0,0.031,21.76,0.006999999999999999,-0.043,342.392,-0.057,-0.534
00:00:27.858,1572923416579,-0.243,-0.11,1.789,0.664,3.0,0.032,21.756,0.006999999999999999,-0.045,342.732,-0.057,-0.534
00:00:27.859,1572923416580,-0.282,-0.11,1.13,0.664,3.0,0.032,21.751,0.006,-0.048,343.095,-0.057,-0.534
00:00:27.904,1572923416625,-0.281,-0.108,1.13,0.664,3.0,0.033,21.746,0.006,-0.05,343.457,-0.057,-0.534
00:00:27.905,1572923416626,-0.27,-0.104,1.13,0.664,3.0,0.033,21.742,0.006,-0.053,343.842,-0.057,-0.534
00:00:27.906,1572923416627,-0.28,-0.103,1.13,0.664,3.0,0.033,21.737,0.006,-0.056,344.182,-0.058,-0.534
00:00:27.959,1572923416680,-0.29,-0.101,1.13,0.664,3.0,0.034,21.732,0.006,-0.059,344.54400000000015,-0.058,-0.534
00:00:27.960,1572923416681,-0.285,-0.099,1.13,0.664,3.0,0.034,21.727,0.006,-0.062,344.906,-0.058,-0.534
00:00:27.961,1572923416682,-0.287,-0.098,1.13,0.664,3.0,0.034,21.722,0.006,-0.065,345.291,-0.059,-0.534
00:00:28.005,1572923416726,-0.287,-0.096,1.13,0.664,3.0,0.034,21.718000000000004,0.006,-0.067,345.63,-0.059,-0.534
00:00:28.006,1572923416727,-0.28600000000000003,-0.096,1.13,0.664,3.0,0.035,21.713,0.006,-0.07,345.992,-0.059,-0.534
00:00:28.007,1572923416728,-0.28600000000000003,-0.095,1.13,0.664,3.0,0.035,21.708,0.006,-0.073,346.35400000000016,-0.06,-0.534
00:00:28.055,1572923416776,-0.28600000000000003,-0.095,1.13,0.664,3.0,0.035,21.70300000000001,0.006,-0.076,346.73800000000006,-0.06,-0.534
00:00:28.056,1572923416777,-0.28600000000000003,-0.095,1.13,0.664,3.0,0.035,21.698,0.006,-0.078,347.1,-0.061,-0.534
00:00:28.057,1572923416778,-0.28600000000000003,-0.094,1.13,0.664,3.0,0.035,21.69400000000001,0.006,-0.08,347.439,-0.061,-0.534
00:00:28.105,1572923416826,-0.28600000000000003,-0.093,1.13,0.664,3.0,0.035,21.689,0.006,-0.08199999999999999,347.801,-0.062,-0.534
00:00:28.106,1572923416827,-0.28600000000000003,-0.092,1.13,0.664,3.0,0.035,21.684,0.006,-0.085,348.185,-0.062,-0.534
00:00:28.107,1572923416828,-0.28600000000000003,-0.09,1.13,0.664,3.0,0.035,21.679,0.006,-0.087,348.546,-0.063,-0.534
00:00:28.155,1572923416876,-0.28600000000000003,-0.08900000000000001,1.13,0.664,3.0,0.036000000000000004,21.675,0.006,-0.08800000000000001,348.885,-0.064,-0.534
00:00:28.156,1572923416877,-0.28600000000000003,-0.087,1.13,0.664,3.0,0.036000000000000004,21.67,0.006,-0.09,349.246,-0.064,-0.534
00:00:28.157,1572923416878,-0.28600000000000003,-0.085,1.423,0.664,3.0,0.036000000000000004,21.665,0.006,-0.091,349.63,-0.065,-0.534
00:00:28.206,1572923416927,-0.28300000000000003,-0.084,1.423,0.664,3.0,0.035,21.66,0.006,-0.092,349.991,-0.066,-0.534
00:00:28.207,1572923416928,-0.278,-0.08199999999999999,1.423,0.664,3.0,0.035,21.656,0.006,-0.093,350.352,-0.066,-0.534
00:00:28.208,1572923416929,-0.276,-0.081,1.423,0.664,3.0,0.035,21.651,0.006,-0.094,350.69,-0.067,-0.534
00:00:28.257,1572923416978,-0.275,-0.08,1.423,0.664,3.0,0.035,21.647,0.006,-0.094,351.07300000000015,-0.068,-0.534
00:00:28.258,1572923416979,-0.275,-0.078,1.423,0.664,3.0,0.035,21.642,0.006,-0.094,351.434,-0.069,-0.534
00:00:28.259,1572923416980,-0.275,-0.076,2.302,0.664,3.0,0.035,21.638,0.006,-0.094,351.772,-0.069,-0.534
00:00:28.308,1572923417029,-0.272,-0.07400000000000001,2.302,0.664,3.0,0.034,21.63300000000001,0.006,-0.094,352.155,-0.07,-0.534
00:00:28.309,1572923417030,-0.26,-0.07,2.302,0.664,3.0,0.034,21.629,0.006,-0.094,352.516,-0.071,-0.534
00:00:28.310,1572923417031,-0.246,-0.065,2.302,0.664,3.0,0.034,21.625,0.006,-0.093,352.876,-0.07200000000000001,-0.534
00:00:28.362,1572923417083,-0.238,-0.061,2.302,0.664,3.0,0.034,21.621,0.006,-0.092,353.214,-0.073,-0.534
00:00:28.363,1572923417084,-0.24,-0.056,2.302,0.664,3.0,0.033,21.617,0.006,-0.091,353.597,-0.07400000000000001,-0.534
00:00:28.364,1572923417085,-0.24,-0.051,3.254,0.664,3.0,0.033,21.613000000000003,0.006,-0.09,353.957,-0.07400000000000001,-0.534
00:00:28.408,1572923417129,-0.241,-0.046,3.254,0.664,3.0,0.033,21.609,0.006,-0.08900000000000001,354.31699999999995,-0.075,-0.534
00:00:28.409,1572923417130,-0.237,-0.041,3.254,0.664,3.0,0.032,21.605,0.006,-0.08800000000000001,354.655,-0.076,-0.534
00:00:28.410,1572923417131,-0.229,-0.037000000000000005,3.254,0.664,3.0,0.031,21.601,0.006,-0.087,355.038,-0.077,-0.534
00:00:28.464,1572923417185,-0.221,-0.033,3.254,0.664,3.0,0.031,21.59800000000001,0.006,-0.085,355.398,-0.078,-0.534
00:00:28.465,1572923417186,-0.214,-0.031,3.254,0.664,3.0,0.03,21.594,0.006,-0.084,355.75699999999995,-0.079,-0.534
00:00:28.466,1572923417187,-0.209,-0.029,5.598,0.664,3.0,0.029,21.591,0.006,-0.08199999999999999,356.117,-0.08,-0.534
00:00:28.511,1572923417232,-0.206,-0.028,5.598,0.664,3.0,0.028,21.588,0.005,-0.081,356.477,-0.081,-0.534
00:00:28.512,1572923417233,-0.201,-0.027000000000000003,5.598,0.664,3.0,0.027000000000000003,21.584,0.005,-0.079,356.837,-0.08199999999999999,-0.535
00:00:28.513,1572923417234,-0.19,-0.027000000000000003,5.598,0.664,3.0,0.026,21.581,0.004,-0.078,357.19699999999995,-0.083,-0.535
00:00:28.562,1572923417283,-0.177,-0.027000000000000003,5.598,0.664,3.0,0.025,21.579,0.004,-0.076,357.534,-0.084,-0.535
00:00:28.563,1572923417284,-0.159,-0.028,5.598,0.664,3.0,0.024,21.576,0.003,-0.075,357.916,-0.085,-0.535
00:00:28.564,1572923417285,-0.14400000000000002,-0.028,6.6229999999999976,0.664,3.0,0.024,21.574,0.003,-0.073,358.276,-0.086,-0.535
00:00:28.609,1572923417330,-0.133,-0.028,6.6229999999999976,0.664,3.0,0.023,21.572,0.002,-0.071,358.635,-0.087,-0.535
00:00:28.610,1572923417331,-0.123,-0.027000000000000003,6.6229999999999976,0.664,3.0,0.022,21.57,0.002,-0.069,358.995,-0.08800000000000001,-0.535
00:00:28.611,1572923417332,-0.114,-0.025,6.6229999999999976,0.664,3.0,0.022,21.568,0.001,-0.068,359.35400000000016,-0.08900000000000001,-0.535
00:00:28.660,1572923417381,-0.106,-0.023,6.6229999999999976,0.664,3.0,0.021,21.567,0.001,-0.066,359.714,-0.09,-0.534
00:00:28.661,1572923417382,-0.099,-0.021,6.6229999999999976,0.664,3.0,0.021,21.565,0.0,-0.064,360.07300000000015,-0.091,-0.534
00:00:28.662,1572923417383,-0.095,-0.018000000000000002,6.77,0.664,3.0,0.02,21.564,0.0,-0.063,360.432,-0.092,-0.534
00:00:28.710,1572923417431,-0.094,-0.016,6.77,0.664,3.0,0.02,21.562,0.0,-0.061,360.792,-0.093,-0.534
00:00:28.711,1572923417432,-0.094,-0.013,6.77,0.664,3.0,0.019,21.56,0.0,-0.059,361.151,-0.094,-0.534
00:00:28.712,1572923417433,-0.094,-0.01,6.77,0.664,3.0,0.019,21.559,0.0,-0.058,361.51,-0.095,-0.534
00:00:28.760,1572923417481,-0.094,-0.006999999999999999,6.77,0.664,3.0,0.019,21.557,0.0,-0.057,361.87,-0.096,-0.534
00:00:28.761,1572923417482,-0.094,-0.004,6.77,0.664,3.0,0.018000000000000002,21.556,0.0,-0.056,362.229,-0.097,-0.534
00:00:28.762,1572923417483,-0.093,-0.001,6.916,0.664,3.0,0.018000000000000002,21.554,0.0,-0.055,362.588,-0.098,-0.534
00:00:28.812,1572923417533,-0.093,0.002,6.916,0.664,3.0,0.017,21.553,0.001,-0.054000000000000006,362.947,-0.099,-0.534
00:00:28.813,1572923417534,-0.093,0.005,6.916,0.664,3.0,0.017,21.551,0.001,-0.053,363.307,-0.1,-0.534
00:00:28.814,1572923417535,-0.091,0.008,6.916,0.664,3.0,0.016,21.55,0.001,-0.052000000000000005,363.666,-0.101,-0.534
00:00:28.860,1572923417581,-0.09,0.01,6.916,0.664,3.0,0.015,21.548,0.001,-0.052000000000000005,364.025,-0.102,-0.534
00:00:28.861,1572923417582,-0.08900000000000001,0.011,6.916,0.664,3.0,0.015,21.547,0.001,-0.052000000000000005,364.384,-0.103,-0.534
00:00:28.862,1572923417583,-0.08800000000000001,0.012,6.916,0.664,3.0,0.014,21.545,0.001,-0.052000000000000005,364.74300000000005,-0.104,-0.534
00:00:28.910,1572923417631,-0.08800000000000001,0.013,6.916,0.664,3.0,0.013,21.544,0.001,-0.052000000000000005,365.102,-0.105,-0.534
00:00:28.911,1572923417632,-0.08800000000000001,0.012,6.916,0.664,3.0,0.012,21.542,0.001,-0.052000000000000005,365.461,-0.106,-0.534
00:00:28.912,1572923417633,-0.08800000000000001,0.012,6.916,0.664,3.0,0.011,21.541,0.001,-0.052000000000000005,365.82,-0.107,-0.534
00:00:28.961,1572923417682,-0.08800000000000001,0.011,6.916,0.664,3.0,0.011,21.539,0.001,-0.052000000000000005,366.179,-0.109,-0.534
00:00:28.962,1572923417683,-0.08800000000000001,0.01,6.916,0.664,3.0,0.01,21.538,0.001,-0.053,366.538,-0.11,-0.534
00:00:28.963,1572923417684,-0.08800000000000001,0.009000000000000001,7.136,0.664,3.0,0.009000000000000001,21.536,0.0,-0.053,366.897,-0.111,-0.534
00:00:29.012,1572923417733,-0.08800000000000001,0.009000000000000001,7.136,0.664,3.0,0.009000000000000001,21.535,0.0,-0.053,367.256,-0.112,-0.534
00:00:29.013,1572923417734,-0.087,0.009000000000000001,7.136,0.664,3.0,0.008,21.534,0.0,-0.054000000000000006,367.615,-0.113,-0.534
00:00:29.014,1572923417735,-0.085,0.009000000000000001,7.136,0.664,3.0,0.006999999999999999,21.532,-0.001,-0.054000000000000006,367.974,-0.114,-0.534
00:00:29.063,1572923417784,-0.083,0.009000000000000001,7.136,0.664,3.0,0.006999999999999999,21.531,-0.001,-0.055,368.333,-0.115,-0.534
00:00:29.064,1572923417785,-0.081,0.01,7.136,0.664,3.0,0.006,21.529,-0.001,-0.055,368.692,-0.116,-0.534
00:00:29.065,1572923417786,-0.08,0.011,7.136,0.664,3.0,0.006,21.528,-0.001,-0.056,369.051,-0.117,-0.534
00:00:29.113,1572923417834,-0.079,0.011,7.136,0.664,3.0,0.006,21.527,-0.001,-0.056,369.409,-0.118,-0.534
00:00:29.114,1572923417835,-0.079,0.012,7.136,0.664,3.0,0.005,21.526,-0.001,-0.056,369.768,-0.119,-0.534
00:00:29.115,1572923417836,-0.079,0.012,7.136,0.664,3.0,0.005,21.524,-0.002,-0.057,370.127,-0.119,-0.534
00:00:29.163,1572923417884,-0.08,0.012,7.136,0.664,3.0,0.004,21.523000000000003,-0.002,-0.057,370.486,-0.12,-0.534
00:00:29.164,1572923417885,-0.08,0.012,7.136,0.664,3.0,0.004,21.522,-0.002,-0.057,370.844,-0.121,-0.534
00:00:29.165,1572923417886,-0.08,0.012,7.136,0.664,3.0,0.004,21.52,-0.002,-0.057,371.203,-0.122,-0.534
00:00:29.214,1572923417935,-0.08,0.011,7.136,0.664,3.0,0.003,21.519,-0.002,-0.058,371.562,-0.123,-0.534
00:00:29.215,1572923417936,-0.08,0.01,7.136,0.664,3.0,0.003,21.518,-0.002,-0.058,371.92,-0.124,-0.534
00:00:29.216,1572923417937,-0.08,0.01,7.136,0.664,3.0,0.003,21.516,-0.002,-0.058,372.279,-0.125,-0.534
00:00:29.265,1572923417986,-0.08,0.01,7.136,0.664,3.0,0.002,21.515,-0.001,-0.058,372.637,-0.126,-0.534
00:00:29.266,1572923417987,-0.08,0.01,7.136,0.664,3.0,0.002,21.514,-0.001,-0.058,372.996,-0.127,-0.534
00:00:29.267,1572923417988,-0.08,0.012,7.4289999999999985,0.664,3.0,0.002,21.512,-0.001,-0.059,373.355,-0.128,-0.534
00:00:29.268,1572923417989,-0.08,0.014,7.4289999999999985,0.664,3.0,0.002,21.511,-0.001,-0.059,373.713,-0.129,-0.534
00:00:29.316,1572923418037,-0.079,0.019,7.4289999999999985,0.664,3.0,0.002,21.51,-0.001,-0.059,374.072,-0.13,-0.534
00:00:29.317,1572923418038,-0.076,0.025,7.4289999999999985,0.664,3.0,0.003,21.50800000000001,0.0,-0.059,374.43,-0.131,-0.534
00:00:29.318,1572923418039,-0.073,0.034,7.4289999999999985,0.664,3.0,0.003,21.507,0.0,-0.059,374.789,-0.132,-0.534
00:00:29.366,1572923418087,-0.07,0.044,7.4289999999999985,0.664,3.0,0.003,21.506,0.001,-0.059,375.147,-0.133,-0.534
00:00:29.367,1572923418088,-0.068,0.056,7.649,0.664,3.0,0.003,21.505,0.001,-0.058,375.505,-0.134,-0.534
00:00:29.368,1572923418089,-0.068,0.068,7.649,0.664,3.0,0.003,21.504,0.002,-0.058,375.864,-0.135,-0.534
00:00:29.417,1572923418138,-0.067,0.079,7.649,0.664,3.0,0.002,21.503,0.002,-0.058,376.222,-0.136,-0.534
00:00:29.418,1572923418139,-0.066,0.08900000000000001,7.649,0.664,3.0,0.001,21.502,0.003,-0.058,376.581,-0.136,-0.534
00:00:29.419,1572923418140,-0.064,0.097,7.649,0.664,3.0,0.0,21.501,0.003,-0.057,376.939,-0.13699999999999998,-0.534
00:00:29.468,1572923418189,-0.063,0.103,7.649,0.664,3.0,-0.002,21.5,0.003,-0.057,377.297,-0.138,-0.534
00:00:29.469,1572923418190,-0.062,0.106,7.649,0.664,3.0,-0.004,21.499,0.003,-0.057,377.656,-0.139,-0.534
00:00:29.470,1572923418191,-0.062,0.107,7.649,0.664,3.0,-0.006,21.498,0.003,-0.056,378.014,-0.139,-0.534
00:00:29.518,1572923418239,-0.062,0.107,7.649,0.664,3.0,-0.008,21.497,0.002,-0.056,378.372,-0.14,-0.534
00:00:29.519,1572923418240,-0.063,0.106,7.649,0.664,3.0,-0.009000000000000001,21.495,0.001,-0.056,378.73,-0.141,-0.534
00:00:29.520,1572923418241,-0.063,0.105,7.649,0.664,3.0,-0.011,21.494,0.0,-0.056,379.089,-0.141,-0.534
00:00:29.568,1572923418289,-0.063,0.105,7.649,0.664,3.0,-0.013,21.493,-0.001,-0.055,379.447,-0.142,-0.534
00:00:29.569,1572923418290,-0.063,0.107,7.795,0.664,3.0,-0.014,21.492,-0.002,-0.055,379.805,-0.142,-0.534
00:00:29.570,1572923418291,-0.063,0.11,7.795,0.664,3.0,-0.015,21.491,-0.003,-0.055,380.163,-0.14300000000000002,-0.534
00:00:29.618,1572923418339,-0.062,0.114,7.795,0.664,3.0,-0.017,21.49,-0.004,-0.055,380.521,-0.14400000000000002,-0.534
00:00:29.619,1572923418340,-0.061,0.119,7.795,0.664,3.0,-0.018000000000000002,21.489,-0.005,-0.055,380.88,-0.14400000000000002,-0.534
00:00:29.620,1572923418341,-0.059,0.124,7.795,0.664,3.0,-0.019,21.488000000000003,-0.006,-0.055,381.23800000000006,-0.14400000000000002,-0.534
00:00:29.669,1572923418390,-0.058,0.128,7.795,0.664,3.0,-0.02,21.487,-0.006999999999999999,-0.055,381.596,-0.145,-0.534
00:00:29.670,1572923418391,-0.057,0.132,7.795,0.664,3.0,-0.021,21.486,-0.008,-0.055,381.954,-0.145,-0.534
00:00:29.671,1572923418392,-0.057,0.136,7.795,0.664,3.0,-0.022,21.485,-0.008,-0.055,382.312,-0.146,-0.534
00:00:29.719,1572923418440,-0.057,0.138,7.795,0.664,3.0,-0.023,21.484,-0.009000000000000001,-0.055,382.67,-0.146,-0.534
00:00:29.720,1572923418441,-0.058,0.139,7.795,0.664,3.0,-0.024,21.483,-0.009000000000000001,-0.055,383.028,-0.146,-0.534
00:00:29.721,1572923418442,-0.058,0.139,7.795,0.664,3.0,-0.025,21.483,-0.009000000000000001,-0.055,383.386,-0.146,-0.534
00:00:29.769,1572923418490,-0.058,0.13699999999999998,7.795,0.664,3.0,-0.026,21.482,-0.01,-0.055,383.744,-0.146,-0.534
00:00:29.770,1572923418491,-0.058,0.135,8.088,0.664,3.0,-0.028,21.481,-0.01,-0.055,384.102,-0.147,-0.534
00:00:29.771,1572923418492,-0.058,0.131,8.088,0.664,3.0,-0.029,21.48,-0.01,-0.055,384.46,-0.147,-0.534
00:00:29.820,1572923418541,-0.057,0.127,8.088,0.664,3.0,-0.03,21.479,-0.011,-0.055,384.818,-0.147,-0.534
00:00:29.821,1572923418542,-0.054000000000000006,0.122,8.088,0.664,3.0,-0.03,21.478,-0.011,-0.055,385.176,-0.147,-0.534
00:00:29.822,1572923418543,-0.051,0.118,8.088,0.664,3.0,-0.031,21.477,-0.011,-0.055,385.534,-0.147,-0.534
00:00:29.870,1572923418591,-0.048,0.114,8.088,0.664,3.0,-0.032,21.476,-0.011,-0.055,385.892,-0.147,-0.534
00:00:29.871,1572923418592,-0.047,0.11,8.088,0.664,3.0,-0.032,21.475,-0.011,-0.055,386.25,-0.147,-0.534
00:00:29.872,1572923418593,-0.047,0.106,8.088,0.664,3.0,-0.032,21.475,-0.011,-0.055,386.608,-0.147,-0.534
00:00:29.920,1572923418641,-0.047,0.103,8.088,0.664,3.0,-0.032,21.474,-0.011,-0.054000000000000006,386.966,-0.146,-0.534
00:00:29.921,1572923418642,-0.047,0.1,8.088,0.664,3.0,-0.033,21.473000000000006,-0.01,-0.054000000000000006,387.324,-0.146,-0.534
00:00:29.922,1572923418643,-0.048,0.097,8.088,0.664,3.0,-0.033,21.472,-0.01,-0.054000000000000006,387.682,-0.146,-0.534
00:00:29.970,1572923418691,-0.048,0.095,8.088,0.664,3.0,-0.033,21.472,-0.01,-0.054000000000000006,388.04,-0.146,-0.534
00:00:29.971,1572923418692,-0.048,0.092,8.088,0.664,3.0,-0.033,21.471,-0.009000000000000001,-0.054000000000000006,388.397,-0.146,-0.534
00:00:29.972,1572923418693,-0.048,0.09,8.088,0.664,3.0,-0.033,21.47,-0.009000000000000001,-0.054000000000000006,388.755,-0.145,-0.534
00:00:30.020,1572923418741,-0.048,0.087,8.088,0.664,3.0,-0.032,21.469,-0.008,-0.054000000000000006,389.11300000000006,-0.145,-0.534
00:00:30.021,1572923418742,-0.048,0.084,8.088,0.664,3.0,-0.032,21.468000000000004,-0.008,-0.053,389.471,-0.145,-0.534
00:00:30.022,1572923418743,-0.048,0.08,8.088,0.664,3.0,-0.032,21.468000000000004,-0.006999999999999999,-0.053,389.829,-0.14400000000000002,-0.534
00:00:30.070,1572923418791,-0.048,0.077,8.088,0.664,3.0,-0.032,21.467,-0.006999999999999999,-0.053,390.187,-0.14400000000000002,-0.534
00:00:30.071,1572923418792,-0.048,0.07200000000000001,8.308,0.664,3.0,-0.032,21.466,-0.006,-0.053,390.544,-0.14400000000000002,-0.534
00:00:30.072,1572923418793,-0.048,0.068,8.308,0.664,3.0,-0.032,21.465,-0.006,-0.053,390.902,-0.14300000000000002,-0.534
00:00:30.124,1572923418845,-0.047,0.063,8.308,0.664,3.0,-0.032,21.464,-0.005,-0.053,391.26,-0.14300000000000002,-0.534
00:00:30.125,1572923418846,-0.045,0.058,8.308,0.664,3.0,-0.031,21.464,-0.005,-0.053,391.61800000000005,-0.14300000000000002,-0.534
00:00:30.126,1572923418847,-0.042,0.053,8.308,0.664,3.0,-0.031,21.463,-0.005,-0.053,391.975,-0.142,-0.534
00:00:30.172,1572923418893,-0.041,0.048,8.308,0.664,3.0,-0.031,21.462,-0.004,-0.053,392.333,-0.142,-0.534
00:00:30.173,1572923418894,-0.04,0.043,8.308,0.664,3.0,-0.03,21.462,-0.004,-0.053,392.691,-0.141,-0.534
00:00:30.174,1572923418895,-0.039,0.038,8.308,0.664,3.0,-0.03,21.461,-0.004,-0.053,393.048,-0.141,-0.534
00:00:30.227,1572923418948,-0.04,0.033,8.308,0.664,3.0,-0.029,21.46,-0.004,-0.053,393.406,-0.14,-0.534
00:00:30.228,1572923418949,-0.04,0.029,8.308,0.664,3.0,-0.029,21.46,-0.004,-0.053,393.764,-0.14,-0.534
00:00:30.229,1572923418950,-0.041,0.025,8.308,0.664,3.0,-0.028,21.459,-0.004,-0.053,394.121,-0.139,-0.534
00:00:30.272,1572923418993,-0.041,0.021,8.308,0.664,3.0,-0.027000000000000003,21.458,-0.003,-0.053,394.479,-0.139,-0.534
00:00:30.273,1572923418994,-0.041,0.019,8.308,0.664,3.0,-0.026,21.458,-0.003,-0.053,394.837,-0.138,-0.534
00:00:30.274,1572923418995,-0.04,0.017,8.308,0.664,3.0,-0.026,21.457,-0.003,-0.053,395.194,-0.138,-0.534
00:00:30.322,1572923419043,-0.04,0.016,8.308,0.664,3.0,-0.025,21.456,-0.003,-0.053,395.552,-0.13699999999999998,-0.534
00:00:30.323,1572923419044,-0.04,0.016,8.308,0.664,3.0,-0.024,21.456,-0.002,-0.053,395.91,-0.13699999999999998,-0.534
00:00:30.324,1572923419045,-0.04,0.015,8.308,0.664,3.0,-0.023,21.455,-0.002,-0.053,396.267,-0.136,-0.534
00:00:30.372,1572923419093,-0.04,0.014,8.308,0.664,3.0,-0.022,21.454,-0.002,-0.053,396.625,-0.136,-0.534
00:00:30.373,1572923419094,-0.04,0.013,8.308,0.664,3.0,-0.021,21.454,-0.001,-0.053,396.982,-0.135,-0.534
00:00:30.374,1572923419095,-0.04,0.013,8.308,0.664,3.0,-0.021,21.453000000000007,-0.001,-0.053,397.34,-0.135,-0.534
00:00:30.423,1572923419144,-0.04,0.012,8.308,0.664,3.0,-0.02,21.452,-0.001,-0.053,397.697,-0.134,-0.534
00:00:30.424,1572923419145,-0.04,0.011,8.308,0.664,3.0,-0.019,21.452,-0.001,-0.053,398.055,-0.134,-0.534
00:00:30.425,1572923419146,-0.04,0.01,8.308,0.664,3.0,-0.019,21.451,0.0,-0.053,398.412,-0.133,-0.534
00:00:30.473,1572923419194,-0.04,0.009000000000000001,8.308,0.664,3.0,-0.018000000000000002,21.45,0.0,-0.053,398.77,-0.133,-0.534
00:00:30.474,1572923419195,-0.04,0.009000000000000001,8.308,0.664,3.0,-0.017,21.45,0.0,-0.053,399.127,-0.132,-0.534
00:00:30.475,1572923419196,-0.04,0.01,8.308,0.664,3.0,-0.017,21.449,0.0,-0.053,399.485,-0.132,-0.534
00:00:30.524,1572923419245,-0.04,0.01,8.308,0.664,3.0,-0.016,21.448,0.0,-0.053,399.842,-0.131,-0.534
00:00:30.525,1572923419246,-0.04,0.012,8.308,0.664,3.0,-0.016,21.448,0.001,-0.053,400.2,-0.131,-0.534
00:00:30.526,1572923419247,-0.04,0.013,8.308,0.664,3.0,-0.015,21.447,0.001,-0.053,400.58,-0.13,-0.534
00:00:30.575,1572923419296,-0.04,0.015,8.308,0.664,3.0,-0.014,21.446,0.001,-0.053,400.915,-0.129,-0.534
00:00:30.576,1572923419297,-0.04,0.018000000000000002,8.454,0.664,3.0,-0.014,21.446,0.001,-0.053,401.272,-0.129,-0.534
00:00:30.577,1572923419298,-0.04,0.02,8.454,0.664,3.0,-0.014,21.445,0.001,-0.053,401.63,-0.128,-0.534
00:00:30.625,1572923419346,-0.039,0.022,8.454,0.664,3.0,-0.013,21.444000000000006,0.001,-0.053,401.987,-0.128,-0.534
00:00:30.626,1572923419347,-0.038,0.025,8.454,0.664,3.0,-0.013,21.444000000000006,0.001,-0.053,402.344,-0.127,-0.534
00:00:30.627,1572923419348,-0.036000000000000004,0.027000000000000003,8.454,0.664,3.0,-0.013,21.443,0.001,-0.053,402.702,-0.127,-0.534
00:00:30.675,1572923419396,-0.035,0.029,8.454,0.664,3.0,-0.013,21.443,0.001,-0.053,403.059,-0.126,-0.534
00:00:30.676,1572923419397,-0.034,0.03,8.454,0.664,3.0,-0.012,21.442,0.001,-0.053,403.417,-0.125,-0.534
00:00:30.677,1572923419398,-0.034,0.031,8.454,0.664,3.0,-0.012,21.441,0.001,-0.053,403.774,-0.125,-0.534
00:00:30.725,1572923419446,-0.035,0.031,8.454,0.664,3.0,-0.012,21.441,0.0,-0.052000000000000005,404.131,-0.124,-0.534
00:00:30.726,1572923419447,-0.035,0.032,8.454,0.664,3.0,-0.012,21.44,0.0,-0.052000000000000005,404.489,-0.124,-0.534
00:00:30.727,1572923419448,-0.035,0.032,8.454,0.664,3.0,-0.012,21.44,0.0,-0.052000000000000005,404.846,-0.123,-0.534
00:00:30.776,1572923419497,-0.035,0.032,8.454,0.664,3.0,-0.013,21.439,-0.001,-0.052000000000000005,405.203,-0.122,-0.534
00:00:30.777,1572923419498,-0.035,0.032,8.454,0.664,3.0,-0.013,21.439,-0.001,-0.052000000000000005,405.561,-0.122,-0.534
00:00:30.778,1572923419499,-0.035,0.032,8.454,0.664,3.0,-0.013,21.438,-0.001,-0.052000000000000005,405.918,-0.121,-0.534
00:00:30.826,1572923419547,-0.035,0.032,8.454,0.664,3.0,-0.013,21.437,-0.002,-0.052000000000000005,406.275,-0.12,-0.534
00:00:30.827,1572923419548,-0.035,0.033,8.454,0.664,3.0,-0.013,21.437,-0.002,-0.052000000000000005,406.632,-0.12,-0.534
00:00:30.828,1572923419549,-0.035,0.034,8.454,0.664,3.0,-0.013,21.436,-0.002,-0.052000000000000005,406.99,-0.119,-0.534
00:00:30.876,1572923419597,-0.035,0.034,8.454,0.664,3.0,-0.013,21.436,-0.002,-0.052000000000000005,407.347,-0.118,-0.534
00:00:30.877,1572923419598,-0.035,0.035,8.454,0.664,3.0,-0.013,21.435,-0.003,-0.052000000000000005,407.704,-0.117,-0.534
00:00:30.878,1572923419599,-0.035,0.035,8.454,0.664,3.0,-0.013,21.434,-0.003,-0.052000000000000005,408.061,-0.117,-0.534
00:00:30.931,1572923419652,-0.035,0.035,8.454,0.664,3.0,-0.013,21.434,-0.003,-0.052000000000000005,408.419,-0.116,-0.534
00:00:30.932,1572923419653,-0.035,0.035,8.454,0.664,3.0,-0.013,21.433000000000003,-0.003,-0.052000000000000005,408.776,-0.115,-0.534
00:00:30.933,1572923419654,-0.035,0.034,8.454,0.664,3.0,-0.013,21.433000000000003,-0.003,-0.052000000000000005,409.133,-0.115,-0.534
00:00:30.978,1572923419699,-0.035,0.034,8.454,0.664,3.0,-0.013,21.432,-0.003,-0.052000000000000005,409.49,-0.114,-0.534
00:00:30.979,1572923419700,-0.035,0.033,8.454,0.664,3.0,-0.013,21.432,-0.003,-0.052000000000000005,409.848,-0.113,-0.534
00:00:30.980,1572923419701,-0.035,0.032,8.454,0.664,3.0,-0.013,21.431,-0.003,-0.052000000000000005,410.205,-0.112,-0.534
00:00:31.028,1572923419749,-0.035,0.031,8.454,0.664,3.0,-0.013,21.43,-0.003,-0.052000000000000005,410.562,-0.111,-0.534
00:00:31.029,1572923419750,-0.035,0.029,8.454,0.664,3.0,-0.013,21.43,-0.003,-0.052000000000000005,410.919,-0.111,-0.534
00:00:31.030,1572923419751,-0.035,0.027000000000000003,8.454,0.664,3.0,-0.013,21.429,-0.003,-0.052000000000000005,411.276,-0.11,-0.534
00:00:31.078,1572923419799,-0.035,0.024,8.454,0.664,3.0,-0.013,21.429,-0.003,-0.052000000000000005,411.656,-0.109,-0.534
00:00:31.079,1572923419800,-0.035,0.021,8.454,0.664,3.0,-0.013,21.428,-0.003,-0.052000000000000005,411.991,-0.108,-0.534
00:00:31.080,1572923419801,-0.035,0.019,8.454,0.664,3.0,-0.012,21.427,-0.003,-0.052000000000000005,412.348,-0.107,-0.534
00:00:31.128,1572923419849,-0.035,0.016,8.454,0.664,3.0,-0.012,21.427,-0.003,-0.052000000000000005,412.705,-0.107,-0.534
00:00:31.129,1572923419850,-0.035,0.013,8.454,0.664,3.0,-0.012,21.426,-0.003,-0.052000000000000005,413.062,-0.106,-0.534
00:00:31.130,1572923419851,-0.035,0.011,8.454,0.664,3.0,-0.012,21.426,-0.003,-0.052000000000000005,413.419,-0.105,-0.534
00:00:31.179,1572923419900,-0.035,0.009000000000000001,8.454,0.664,3.0,-0.011,21.425,-0.003,-0.052000000000000005,413.776,-0.104,-0.534
00:00:31.180,1572923419901,-0.035,0.006999999999999999,8.454,0.664,3.0,-0.011,21.425,-0.003,-0.052000000000000005,414.133,-0.103,-0.534
00:00:31.181,1572923419902,-0.035,0.006,8.454,0.664,3.0,-0.011,21.424,-0.002,-0.052000000000000005,414.49,-0.102,-0.534
00:00:31.229,1572923419950,-0.035,0.004,8.454,0.664,3.0,-0.01,21.423,-0.002,-0.052000000000000005,414.847,-0.102,-0.534
00:00:31.230,1572923419951,-0.035,0.002,8.454,0.664,3.0,-0.01,21.423,-0.002,-0.052000000000000005,415.204,-0.101,-0.534
00:00:31.231,1572923419952,-0.035,0.0,8.454,0.664,3.0,-0.01,21.422,-0.002,-0.052000000000000005,415.561,-0.1,-0.534
00:00:31.279,1572923420000,-0.035,-0.002,8.454,0.664,3.0,-0.009000000000000001,21.422,-0.002,-0.052000000000000005,415.918,-0.099,-0.534
00:00:31.280,1572923420001,-0.035,-0.004,8.454,1.128,3.0,-0.009000000000000001,21.421,-0.001,-0.052000000000000005,416.275,-0.098,-0.534
00:00:31.281,1572923420002,-0.038,-0.006999999999999999,8.454,1.128,3.0,-0.008,21.42,-0.001,-0.052000000000000005,416.632,-0.097,-0.534
00:00:31.331,1572923420052,-0.043,-0.009000000000000001,8.454,1.128,3.0,-0.008,21.42,-0.001,-0.052000000000000005,416.989,-0.097,-0.534
00:00:31.332,1572923420053,-0.045,-0.012,8.454,1.128,3.0,-0.008,21.419,-0.001,-0.052000000000000005,417.346,-0.096,-0.534
00:00:31.333,1572923420054,-0.047,-0.015,8.454,1.128,3.0,-0.006999999999999999,21.418000000000006,-0.001,-0.052000000000000005,417.703,-0.095,-0.534
00:00:31.334,1572923420055,-0.047,-0.018000000000000002,8.454,1.128,3.0,-0.006999999999999999,21.417,0.0,-0.052000000000000005,418.06,-0.094,-0.534
00:00:31.382,1572923420103,-0.047,-0.021,8.454,0.664,3.0,-0.006,21.416,0.0,-0.052000000000000005,418.417,-0.093,-0.534
00:00:31.383,1572923420104,-0.044,-0.024,8.454,0.664,3.0,-0.006,21.416,0.0,-0.052000000000000005,418.774,-0.093,-0.534
00:00:31.384,1572923420105,-0.039,-0.028,8.454,0.664,3.0,-0.005,21.415,0.0,-0.052000000000000005,419.131,-0.092,-0.534
00:00:31.435,1572923420156,-0.036000000000000004,-0.031,8.454,0.664,3.0,-0.005,21.415,0.0,-0.052000000000000005,419.48800000000006,-0.091,-0.534
00:00:31.436,1572923420157,-0.035,-0.033,8.454,0.664,3.0,-0.004,21.414,0.0,-0.052000000000000005,419.845,-0.09,-0.534
00:00:31.437,1572923420158,-0.035,-0.036000000000000004,8.454,0.664,3.0,-0.004,21.414,0.0,-0.052000000000000005,420.202,-0.08900000000000001,-0.534
00:00:31.485,1572923420206,-0.035,-0.038,8.454,0.664,3.0,-0.003,21.413,0.001,-0.053,420.559,-0.08900000000000001,-0.534
00:00:31.486,1572923420207,-0.034,-0.041,8.454,0.664,3.0,-0.002,21.412,0.001,-0.053,420.916,-0.08800000000000001,-0.534
00:00:31.487,1572923420208,-0.034,-0.043,8.454,0.664,3.0,-0.002,21.412,0.001,-0.053,421.273,-0.087,-0.534
00:00:31.532,1572923420253,-0.034,-0.046,8.454,0.664,3.0,-0.001,21.411,0.001,-0.053,421.629,-0.086,-0.534
00:00:31.533,1572923420254,-0.034,-0.048,8.454,0.664,3.0,0.0,21.411,0.001,-0.052000000000000005,421.986,-0.086,-0.534
00:00:31.534,1572923420255,-0.034,-0.05,8.454,0.664,3.0,0.0,21.41,0.001,-0.052000000000000005,422.343,-0.085,-0.534
00:00:31.582,1572923420303,-0.034,-0.053,8.454,0.664,3.0,0.001,21.41,0.001,-0.052000000000000005,422.7,-0.084,-0.534
00:00:31.583,1572923420304,-0.034,-0.055,8.454,0.664,3.0,0.002,21.409,0.001,-0.052000000000000005,423.057,-0.084,-0.534
00:00:31.584,1572923420305,-0.034,-0.058,8.454,0.664,3.0,0.002,21.408,0.002,-0.052000000000000005,423.414,-0.083,-0.534
00:00:31.633,1572923420354,-0.034,-0.061,8.454,0.664,3.0,0.003,21.408,0.002,-0.052000000000000005,423.793,-0.08199999999999999,-0.534
00:00:31.634,1572923420355,-0.034,-0.063,8.454,0.664,3.0,0.004,21.407,0.002,-0.052000000000000005,424.127,-0.08199999999999999,-0.534
00:00:31.635,1572923420356,-0.034,-0.066,8.454,0.664,3.0,0.005,21.407,0.002,-0.052000000000000005,424.484,-0.081,-0.534
00:00:31.684,1572923420405,-0.034,-0.069,8.454,0.664,3.0,0.005,21.406,0.002,-0.052000000000000005,424.841,-0.081,-0.534
00:00:31.685,1572923420406,-0.034,-0.07200000000000001,8.454,0.664,3.0,0.006,21.405,0.002,-0.052000000000000005,425.197,-0.08,-0.534
00:00:31.686,1572923420407,-0.034,-0.075,8.454,0.664,3.0,0.006999999999999999,21.405,0.002,-0.052000000000000005,425.554,-0.08,-0.534
00:00:31.734,1572923420455,-0.034,-0.078,8.454,0.664,3.0,0.006999999999999999,21.404,0.003,-0.052000000000000005,425.911,-0.079,-0.534
00:00:31.735,1572923420456,-0.034,-0.081,8.454,0.664,3.0,0.008,21.404,0.003,-0.052000000000000005,426.268,-0.079,-0.534
00:00:31.736,1572923420457,-0.034,-0.085,8.454,0.664,3.0,0.009000000000000001,21.403,0.003,-0.052000000000000005,426.647,-0.078,-0.534
00:00:31.784,1572923420505,-0.034,-0.08800000000000001,8.454,0.664,3.0,0.01,21.403,0.003,-0.052000000000000005,426.981,-0.078,-0.534
00:00:31.785,1572923420506,-0.034,-0.091,8.454,0.664,3.0,0.01,21.402,0.003,-0.052000000000000005,427.338,-0.077,-0.534
00:00:31.786,1572923420507,-0.034,-0.094,8.454,0.664,3.0,0.011,21.401,0.003,-0.052000000000000005,427.717,-0.077,-0.534
00:00:31.834,1572923420555,-0.034,-0.097,8.454,0.664,3.0,0.012,21.401,0.003,-0.052000000000000005,428.051,-0.077,-0.534
00:00:31.835,1572923420556,-0.034,-0.099,8.454,0.664,3.0,0.013,21.4,0.003,-0.052000000000000005,428.408,-0.076,-0.534
00:00:31.836,1572923420557,-0.034,-0.1,8.454,0.664,3.0,0.014,21.4,0.004,-0.052000000000000005,428.765,-0.076,-0.534
00:00:31.884,1572923420605,-0.034,-0.102,8.454,0.664,3.0,0.015,21.399,0.004,-0.052000000000000005,429.121,-0.076,-0.534
00:00:31.885,1572923420606,-0.034,-0.103,8.454,0.664,3.0,0.016,21.399,0.004,-0.052000000000000005,429.478,-0.075,-0.534
00:00:31.886,1572923420607,-0.034,-0.103,8.454,0.664,3.0,0.017,21.398000000000003,0.004,-0.052000000000000005,429.857,-0.075,-0.534
00:00:31.934,1572923420655,-0.034,-0.104,8.454,0.664,3.0,0.018000000000000002,21.398000000000003,0.005,-0.052000000000000005,430.191,-0.075,-0.534
00:00:31.935,1572923420656,-0.034,-0.104,8.454,0.664,3.0,0.019,21.397,0.005,-0.052000000000000005,430.548,-0.075,-0.534
00:00:31.936,1572923420657,-0.034,-0.104,8.454,0.664,3.0,0.02,21.396,0.005,-0.052000000000000005,430.904,-0.075,-0.534
00:00:31.985,1572923420706,-0.034,-0.105,8.454,0.664,3.0,0.02,21.396,0.006,-0.052000000000000005,431.283,-0.075,-0.534
00:00:31.986,1572923420707,-0.034,-0.106,8.454,0.664,3.0,0.021,21.395,0.006,-0.052000000000000005,431.61800000000005,-0.075,-0.534
00:00:31.987,1572923420708,-0.034,-0.106,8.454,0.664,3.0,0.022,21.395,0.006,-0.052000000000000005,431.974,-0.075,-0.534
00:00:32.036,1572923420757,-0.034,-0.107,8.454,0.664,3.0,0.023,21.394,0.006,-0.052000000000000005,432.331,-0.075,-0.534
00:00:32.037,1572923420758,-0.034,-0.107,8.454,0.664,3.0,0.023,21.394,0.006,-0.052000000000000005,432.687,-0.075,-0.534
00:00:32.038,1572923420759,-0.034,-0.107,8.454,0.664,3.0,0.024,21.393,0.006999999999999999,-0.052000000000000005,433.044,-0.075,-0.534
00:00:32.087,1572923420808,-0.034,-0.107,8.967,0.664,3.0,0.024,21.392,0.006999999999999999,-0.052000000000000005,433.4,-0.075,-0.534
00:00:32.088,1572923420809,-0.034,-0.107,8.967,0.664,3.0,0.025,21.392,0.006999999999999999,-0.052000000000000005,433.757,-0.075,-0.534
00:00:32.089,1572923420810,-0.033,-0.107,8.967,0.664,3.0,0.025,21.391,0.006999999999999999,-0.052000000000000005,434.11300000000006,-0.075,-0.534
00:00:32.136,1572923420857,-0.029,-0.107,8.967,0.664,3.0,0.026,21.391,0.006999999999999999,-0.052000000000000005,434.492,-0.075,-0.534
00:00:32.137,1572923420858,-0.026,-0.107,8.967,0.664,3.0,0.027000000000000003,21.39,0.006999999999999999,-0.052000000000000005,434.826,-0.075,-0.534
00:00:32.138,1572923420859,-0.022,-0.106,8.967,0.664,3.0,0.027000000000000003,21.39,0.006999999999999999,-0.052000000000000005,435.18300000000005,-0.076,-0.534
00:00:32.186,1572923420907,-0.02,-0.105,8.967,0.664,3.0,0.027000000000000003,21.39,0.006999999999999999,-0.052000000000000005,435.562,-0.076,-0.534
00:00:32.187,1572923420908,-0.018000000000000002,-0.103,8.967,0.664,3.0,0.028,21.39,0.006999999999999999,-0.052000000000000005,435.896,-0.076,-0.534
00:00:32.188,1572923420909,-0.017,-0.101,8.967,0.664,3.0,0.028,21.389,0.006999999999999999,-0.051,436.252,-0.076,-0.534
00:00:32.236,1572923420957,-0.017,-0.099,8.967,0.664,3.0,0.029,21.389,0.006999999999999999,-0.051,436.631,-0.077,-0.534
00:00:32.237,1572923420958,-0.017,-0.095,8.967,0.664,3.0,0.029,21.389,0.006999999999999999,-0.051,436.965,-0.077,-0.534
00:00:32.238,1572923420959,-0.018000000000000002,-0.091,8.967,0.664,3.0,0.03,21.388,0.006999999999999999,-0.051,437.344,-0.078,-0.534
00:00:32.287,1572923421008,-0.018000000000000002,-0.086,8.967,0.664,3.0,0.03,21.388,0.006999999999999999,-0.051,437.67800000000005,-0.078,-0.534
00:00:32.288,1572923421009,-0.018000000000000002,-0.08,8.967,0.664,3.0,0.03,21.388,0.006999999999999999,-0.051,438.035,-0.078,-0.534
00:00:32.289,1572923421010,-0.018000000000000002,-0.07200000000000001,8.967,0.664,3.0,0.031,21.388,0.006999999999999999,-0.05,438.391,-0.079,-0.534
00:00:32.337,1572923421058,-0.019,-0.063,8.967,0.664,3.0,0.031,21.387,0.008,-0.05,438.77,-0.079,-0.534
00:00:32.338,1572923421059,-0.019,-0.052000000000000005,8.967,0.664,3.0,0.032,21.387,0.008,-0.05,439.104,-0.08,-0.534
00:00:32.339,1572923421060,-0.018000000000000002,-0.04,8.967,0.664,3.0,0.032,21.387,0.008,-0.05,439.461,-0.08,-0.534
00:00:32.390,1572923421111,-0.018000000000000002,-0.025,8.967,0.664,3.0,0.032,21.386,0.008,-0.05,439.817,-0.081,-0.534
00:00:32.391,1572923421112,-0.018000000000000002,-0.01,8.967,0.664,3.0,0.032,21.386,0.009000000000000001,-0.049,440.174,-0.081,-0.534
00:00:32.392,1572923421113,-0.017,0.006999999999999999,8.967,0.664,3.0,0.032,21.386,0.009000000000000001,-0.049,440.53,-0.08199999999999999,-0.534
00:00:32.438,1572923421159,-0.017,0.024,8.967,0.664,3.0,0.031,21.385,0.009000000000000001,-0.049,440.886,-0.08199999999999999,-0.534
00:00:32.439,1572923421160,-0.017,0.039,8.967,0.664,3.0,0.03,21.385,0.01,-0.049,441.24300000000005,-0.083,-0.534
00:00:32.440,1572923421161,-0.017,0.053,8.967,0.664,3.0,0.028,21.385,0.01,-0.048,441.621,-0.083,-0.534
00:00:32.489,1572923421210,-0.017,0.063,8.967,0.664,3.0,0.026,21.385,0.009000000000000001,-0.048,441.956,-0.084,-0.534
00:00:32.490,1572923421211,-0.018000000000000002,0.069,8.967,0.664,3.0,0.023,21.384,0.009000000000000001,-0.048,442.312,-0.084,-0.534
00:00:32.491,1572923421212,-0.018000000000000002,0.073,8.967,0.664,3.0,0.02,21.384,0.008,-0.048,442.668,-0.085,-0.534
00:00:32.539,1572923421260,-0.019,0.073,8.967,0.664,3.0,0.017,21.384,0.006999999999999999,-0.048,443.047,-0.085,-0.534
00:00:32.540,1572923421261,-0.019,0.07200000000000001,8.967,0.664,3.0,0.015,21.383000000000006,0.005,-0.047,443.403,-0.085,-0.534
00:00:32.541,1572923421262,-0.019,0.07,8.967,0.664,3.0,0.012,21.383000000000006,0.004,-0.047,443.73800000000006,-0.086,-0.534
00:00:32.589,1572923421310,-0.019,0.068,9.114,0.664,3.0,0.009000000000000001,21.383000000000006,0.002,-0.048,444.094,-0.086,-0.534
00:00:32.590,1572923421311,-0.019,0.066,9.114,0.664,3.0,0.006999999999999999,21.382,0.0,-0.048,444.45,-0.086,-0.534
00:00:32.591,1572923421312,-0.019,0.065,9.114,0.664,3.0,0.005,21.382,-0.002,-0.048,444.807,-0.087,-0.534
00:00:32.639,1572923421360,-0.018000000000000002,0.064,9.114,0.664,3.0,0.003,21.382,-0.004,-0.048,445.163,-0.087,-0.534
00:00:32.640,1572923421361,-0.017,0.064,9.114,0.664,3.0,0.002,21.382,-0.005,-0.049,445.497,-0.087,-0.534
00:00:32.641,1572923421362,-0.016,0.064,9.114,0.664,3.0,0.001,21.381,-0.006999999999999999,-0.049,445.876,-0.087,-0.534
00:00:32.690,1572923421411,-0.015,0.065,9.48,0.664,3.0,-0.001,21.381,-0.008,-0.049,446.232,-0.08800000000000001,-0.534
00:00:32.691,1572923421412,-0.014,0.065,9.48,0.664,3.0,-0.002,21.381,-0.009000000000000001,-0.049,446.589,-0.08800000000000001,-0.534
00:00:32.692,1572923421413,-0.013,0.065,9.48,0.664,3.0,-0.003,21.381,-0.01,-0.049,446.945,-0.08800000000000001,-0.534
00:00:32.740,1572923421461,-0.011,0.065,9.48,0.664,3.0,-0.003,21.381,-0.011,-0.049,447.279,-0.08800000000000001,-0.534
00:00:32.741,1572923421462,-0.008,0.064,9.48,0.664,3.0,-0.004,21.38,-0.011,-0.049,447.658,-0.08800000000000001,-0.534
00:00:32.742,1572923421463,-0.005,0.062,9.48,0.664,3.0,-0.005,21.38,-0.011,-0.049,448.014,-0.08800000000000001,-0.534
00:00:32.789,1572923421510,-0.003,0.06,9.626,0.664,3.0,-0.005,21.38,-0.011,-0.049,448.37,-0.08800000000000001,-0.534
00:00:32.790,1572923421511,-0.002,0.056,9.626,0.664,3.0,-0.006,21.38,-0.011,-0.049,448.704,-0.08900000000000001,-0.534
00:00:32.791,1572923421512,-0.001,0.051,9.626,0.664,3.0,-0.006,21.38,-0.011,-0.049,449.083,-0.08900000000000001,-0.534
00:00:32.842,1572923421563,0.0,0.045,9.626,0.664,3.0,-0.006999999999999999,21.38,-0.01,-0.049,449.439,-0.08900000000000001,-0.534
00:00:32.843,1572923421564,0.001,0.037000000000000005,9.626,0.664,3.0,-0.006999999999999999,21.38,-0.01,-0.049,449.796,-0.08900000000000001,-0.534
00:00:32.844,1572923421565,0.002,0.029,9.626,0.664,3.0,-0.008,21.38,-0.009000000000000001,-0.049,450.152,-0.08900000000000001,-0.534
00:00:32.890,1572923421611,0.002,0.021,9.626,0.664,3.0,-0.008,21.38,-0.009000000000000001,-0.049,450.508,-0.08900000000000001,-0.534
00:00:32.891,1572923421612,0.003,0.011,9.626,0.664,3.0,-0.008,21.38,-0.008,-0.049,450.865,-0.08900000000000001,-0.534
00:00:32.892,1572923421613,0.003,0.002,9.626,0.664,3.0,-0.008,21.381,-0.008,-0.049,451.221,-0.08900000000000001,-0.534
00:00:32.944,1572923421665,0.003,-0.008,9.626,0.664,3.0,-0.008,21.381,-0.006999999999999999,-0.048,451.577,-0.08900000000000001,-0.534
00:00:32.945,1572923421666,0.003,-0.019,9.626,0.664,3.0,-0.008,21.381,-0.006,-0.048,451.934,-0.08900000000000001,-0.534
00:00:32.946,1572923421667,0.003,-0.028,9.626,0.664,3.0,-0.006999999999999999,21.381,-0.006,-0.048,452.29,-0.08900000000000001,-0.534
00:00:32.992,1572923421713,0.003,-0.037000000000000005,9.773,0.664,3.0,-0.006999999999999999,21.381,-0.005,-0.048,452.646,-0.08900000000000001,-0.534
00:00:32.993,1572923421714,0.003,-0.046,9.773,0.664,3.0,-0.006,21.381,-0.004,-0.047,453.003,-0.08900000000000001,-0.534
00:00:32.994,1572923421715,0.003,-0.053,9.773,0.664,3.0,-0.005,21.381,-0.004,-0.047,453.359,-0.08900000000000001,-0.534
00:00:33.042,1572923421763,0.004,-0.06,9.773,0.664,3.0,-0.004,21.381,-0.003,-0.047,453.715,-0.09,-0.534
00:00:33.043,1572923421764,0.005,-0.066,9.773,0.664,3.0,-0.003,21.381,-0.002,-0.046,454.072,-0.09,-0.534
00:00:33.044,1572923421765,0.006,-0.071,9.773,0.664,3.0,-0.002,21.381,-0.001,-0.046,454.42800000000005,-0.09,-0.534
00:00:33.092,1572923421813,0.006999999999999999,-0.076,9.919,0.664,3.0,-0.001,21.381,0.0,-0.046,454.784,-0.09,-0.534
00:00:33.093,1572923421814,0.006999999999999999,-0.081,9.919,0.664,3.0,0.001,21.381,0.001,-0.046,455.141,-0.09,-0.534
00:00:33.094,1572923421815,0.008,-0.084,9.919,0.664,3.0,0.002,21.382,0.002,-0.046,455.497,-0.09,-0.534
00:00:33.142,1572923421863,0.009000000000000001,-0.08800000000000001,9.919,0.664,3.0,0.003,21.382,0.003,-0.046,455.854,-0.091,-0.534
00:00:33.143,1572923421864,0.01,-0.091,9.919,0.664,3.0,0.005,21.382,0.003,-0.045,456.21,-0.091,-0.534
00:00:33.144,1572923421865,0.011,-0.094,9.919,0.664,3.0,0.006,21.382,0.004,-0.045,456.566,-0.091,-0.534
00:00:33.192,1572923421913,0.011,-0.098,9.919,0.664,3.0,0.006999999999999999,21.382,0.005,-0.045,456.923,-0.092,-0.534
00:00:33.193,1572923421914,0.012,-0.101,9.919,0.664,3.0,0.008,21.382,0.006,-0.045,457.279,-0.092,-0.534
00:00:33.194,1572923421915,0.012,-0.104,9.919,0.664,3.0,0.009000000000000001,21.383000000000006,0.006,-0.045,457.635,-0.092,-0.534
00:00:33.242,1572923421963,0.012,-0.107,9.919,0.664,3.0,0.011,21.383000000000006,0.006999999999999999,-0.045,457.992,-0.093,-0.534
00:00:33.243,1572923421964,0.012,-0.109,9.919,0.664,3.0,0.012,21.383000000000006,0.006999999999999999,-0.046,458.348,-0.093,-0.534
00:00:33.244,1572923421965,0.012,-0.111,9.919,0.664,3.0,0.013,21.383000000000006,0.006999999999999999,-0.046,458.704,-0.094,-0.534
00:00:33.293,1572923422014,0.011,-0.112,10.285,0.664,3.0,0.014,21.383000000000006,0.008,-0.046,459.061,-0.094,-0.534
00:00:33.294,1572923422015,0.012,-0.112,10.285,0.664,3.0,0.015,21.384,0.008,-0.046,459.417,-0.095,-0.534
00:00:33.295,1572923422016,0.012,-0.113,10.285,0.664,3.0,0.016,21.384,0.008,-0.046,459.774,-0.095,-0.534
00:00:33.344,1572923422065,0.015,-0.113,10.285,0.664,3.0,0.017,21.384,0.008,-0.046,460.13,-0.096,-0.534
00:00:33.345,1572923422066,0.018000000000000002,-0.112,10.285,0.664,3.0,0.018000000000000002,21.384,0.008,-0.046,460.486,-0.097,-0.534
00:00:33.346,1572923422067,0.021,-0.112,10.285,0.664,3.0,0.019,21.385,0.008,-0.046,460.843,-0.097,-0.534
00:00:33.397,1572923422118,0.023,-0.111,10.652,0.664,3.0,0.02,21.385,0.008,-0.046,461.199,-0.098,-0.534
00:00:33.398,1572923422119,0.024,-0.109,10.652,0.664,3.0,0.02,21.386,0.008,-0.046,461.556,-0.099,-0.534
00:00:33.399,1572923422120,0.026,-0.108,10.652,0.664,3.0,0.021,21.386,0.008,-0.046,461.912,-0.1,-0.534
00:00:33.448,1572923422169,0.028,-0.106,10.652,0.664,3.0,0.022,21.387,0.008,-0.046,462.269,-0.1,-0.534
00:00:33.449,1572923422170,0.031,-0.104,10.652,0.664,3.0,0.022,21.387,0.008,-0.046,462.625,-0.101,-0.534
00:00:33.450,1572923422171,0.034,-0.102,10.652,0.664,3.0,0.023,21.388,0.008,-0.046,462.981,-0.102,-0.534
00:00:33.494,1572923422215,0.036000000000000004,-0.099,11.457,0.664,3.0,0.023,21.388,0.006999999999999999,-0.045,463.338,-0.103,-0.534
00:00:33.495,1572923422216,0.037000000000000005,-0.096,11.457,0.664,3.0,0.024,21.389,0.006999999999999999,-0.045,463.694,-0.104,-0.534
00:00:33.496,1572923422217,0.04,-0.093,11.457,0.664,3.0,0.024,21.39,0.006999999999999999,-0.045,464.051,-0.105,-0.534
00:00:33.544,1572923422265,0.045,-0.09,11.457,0.664,3.0,0.025,21.391,0.006999999999999999,-0.045,464.407,-0.106,-0.534
00:00:33.545,1572923422266,0.052000000000000005,-0.085,11.457,0.664,3.0,0.025,21.392,0.006999999999999999,-0.044,464.764,-0.107,-0.534
00:00:33.546,1572923422267,0.059,-0.079,11.457,0.664,3.0,0.026,21.393,0.006999999999999999,-0.044,465.12,-0.108,-0.534
00:00:33.595,1572923422316,0.063,-0.071,11.824000000000002,0.664,3.0,0.027000000000000003,21.394,0.006999999999999999,-0.043,465.477,-0.109,-0.534
00:00:33.596,1572923422317,0.066,-0.062,11.824000000000002,0.664,3.0,0.027000000000000003,21.395,0.006999999999999999,-0.043,465.834,-0.11,-0.534
00:00:33.597,1572923422318,0.068,-0.051,11.824000000000002,0.664,3.0,0.028,21.396,0.006999999999999999,-0.042,466.19,-0.111,-0.534
00:00:33.645,1572923422366,0.07,-0.039,11.824000000000002,0.664,3.0,0.028,21.397,0.006999999999999999,-0.042,466.547,-0.112,-0.534
00:00:33.646,1572923422367,0.073,-0.025,11.824000000000002,0.664,3.0,0.029,21.398000000000003,0.008,-0.041,466.903,-0.113,-0.534
00:00:33.647,1572923422368,0.076,-0.01,11.824000000000002,0.664,3.0,0.029,21.4,0.008,-0.041,467.26,-0.114,-0.534
00:00:33.700,1572923422421,0.077,0.005,11.824000000000002,0.664,3.0,0.028,21.401,0.008,-0.04,467.617,-0.115,-0.534
00:00:33.701,1572923422422,0.078,0.02,11.824000000000002,0.664,3.0,0.028,21.402,0.008,-0.039,467.973,-0.116,-0.534
00:00:33.702,1572923422423,0.078,0.034,11.824000000000002,0.664,3.0,0.027000000000000003,21.404,0.009000000000000001,-0.039,468.33,-0.117,-0.534
00:00:33.748,1572923422469,0.078,0.045,11.824000000000002,0.664,3.0,0.025,21.405,0.008,-0.038,468.687,-0.118,-0.534
00:00:33.749,1572923422470,0.077,0.054000000000000006,11.824000000000002,0.664,3.0,0.023,21.406,0.008,-0.038,469.044,-0.119,-0.534
00:00:33.750,1572923422471,0.077,0.06,11.824000000000002,0.664,3.0,0.021,21.407,0.008,-0.037000000000000005,469.4,-0.12,-0.534
00:00:33.751,1572923422472,0.076,0.063,11.824000000000002,0.664,3.0,0.018000000000000002,21.409,0.006999999999999999,-0.037000000000000005,469.757,-0.121,-0.534
00:00:33.798,1572923422519,0.076,0.064,11.824000000000002,0.664,3.0,0.016,21.41,0.006,-0.036000000000000004,470.114,-0.122,-0.534
00:00:33.799,1572923422520,0.076,0.064,11.824000000000002,0.664,3.0,0.014,21.411,0.005,-0.036000000000000004,470.471,-0.123,-0.534
00:00:33.800,1572923422521,0.076,0.063,11.824000000000002,0.664,3.0,0.011,21.413,0.003,-0.036000000000000004,470.828,-0.124,-0.534
00:00:33.848,1572923422569,0.076,0.063,11.824000000000002,0.664,3.0,0.009000000000000001,21.414,0.002,-0.036000000000000004,471.185,-0.125,-0.534
00:00:33.849,1572923422570,0.076,0.064,11.824000000000002,0.664,3.0,0.006999999999999999,21.415,0.0,-0.035,471.542,-0.126,-0.534
00:00:33.850,1572923422571,0.076,0.066,11.824000000000002,0.664,3.0,0.006,21.416,-0.001,-0.036000000000000004,471.898,-0.127,-0.534
00:00:33.898,1572923422619,0.076,0.069,11.824000000000002,0.664,3.0,0.004,21.418000000000006,-0.003,-0.036000000000000004,472.255,-0.127,-0.534
00:00:33.899,1572923422620,0.076,0.073,11.824000000000002,0.664,3.0,0.003,21.419,-0.004,-0.036000000000000004,472.612,-0.128,-0.534
00:00:33.900,1572923422621,0.076,0.078,11.824000000000002,0.664,3.0,0.002,21.42,-0.005,-0.036000000000000004,472.969,-0.129,-0.534
00:00:33.948,1572923422669,0.076,0.083,11.824000000000002,0.664,3.0,0.001,21.421,-0.006,-0.036000000000000004,473.326,-0.13,-0.534
00:00:33.949,1572923422670,0.076,0.08800000000000001,11.824000000000002,0.664,3.0,-0.001,21.423,-0.006999999999999999,-0.036000000000000004,473.68300000000005,-0.131,-0.534
00:00:33.950,1572923422671,0.076,0.092,11.824000000000002,0.664,3.0,-0.002,21.424,-0.008,-0.036000000000000004,474.04,-0.131,-0.534
00:00:34.002,1572923422723,0.076,0.094,11.824000000000002,0.664,3.0,-0.003,21.425,-0.008,-0.037000000000000005,474.398,-0.132,-0.534
00:00:34.003,1572923422724,0.076,0.095,11.824000000000002,0.664,3.0,-0.004,21.426,-0.008,-0.037000000000000005,474.755,-0.133,-0.534
00:00:34.004,1572923422725,0.076,0.095,11.824000000000002,0.664,3.0,-0.006,21.428,-0.009000000000000001,-0.037000000000000005,475.112,-0.133,-0.534
00:00:34.050,1572923422771,0.076,0.093,11.824000000000002,0.664,3.0,-0.006999999999999999,21.429,-0.009000000000000001,-0.037000000000000005,475.469,-0.134,-0.534
00:00:34.051,1572923422772,0.076,0.09,11.824000000000002,0.664,3.0,-0.008,21.43,-0.009000000000000001,-0.037000000000000005,475.826,-0.135,-0.534
00:00:34.052,1572923422773,0.076,0.086,11.824000000000002,0.664,3.0,-0.009000000000000001,21.432,-0.009000000000000001,-0.038,476.18300000000005,-0.135,-0.534
00:00:34.100,1572923422821,0.076,0.081,11.824000000000002,0.664,3.0,-0.01,21.433000000000003,-0.009000000000000001,-0.038,476.54,-0.136,-0.534
00:00:34.101,1572923422822,0.076,0.075,11.824000000000002,0.664,3.0,-0.011,21.434,-0.009000000000000001,-0.038,476.898,-0.136,-0.534
00:00:34.102,1572923422823,0.076,0.069,11.824000000000002,0.664,3.0,-0.012,21.435,-0.009000000000000001,-0.038,477.255,-0.13699999999999998,-0.534
00:00:34.150,1572923422871,0.076,0.062,11.824000000000002,0.664,3.0,-0.013,21.437,-0.009000000000000001,-0.038,477.612,-0.13699999999999998,-0.534
00:00:34.151,1572923422872,0.076,0.055,11.824000000000002,0.664,3.0,-0.013,21.438,-0.009000000000000001,-0.038,477.969,-0.138,-0.534
00:00:34.152,1572923422873,0.076,0.048,11.824000000000002,0.664,3.0,-0.014,21.439,-0.009000000000000001,-0.038,478.327,-0.138,-0.534
00:00:34.201,1572923422922,0.076,0.041,11.824000000000002,0.664,3.0,-0.014,21.44,-0.008,-0.038,478.684,-0.139,-0.534
00:00:34.202,1572923422923,0.076,0.034,11.824000000000002,0.664,3.0,-0.014,21.442,-0.008,-0.038,479.041,-0.139,-0.534
00:00:34.203,1572923422924,0.076,0.028,11.824000000000002,0.664,3.0,-0.014,21.443,-0.008,-0.038,479.399,-0.14,-0.534
00:00:34.250,1572923422971,0.076,0.021,11.824000000000002,0.664,3.0,-0.014,21.444000000000006,-0.006999999999999999,-0.038,479.756,-0.14,-0.534
00:00:34.251,1572923422972,0.076,0.015,11.824000000000002,0.664,3.0,-0.014,21.445,-0.006999999999999999,-0.038,480.114,-0.141,-0.534
00:00:34.252,1572923422973,0.076,0.008,11.824000000000002,0.664,3.0,-0.014,21.447,-0.006999999999999999,-0.038,480.471,-0.141,-0.534
00:00:34.303,1572923423024,0.076,0.001,11.824000000000002,0.664,3.0,-0.013,21.448,-0.006,-0.038,480.828,-0.142,-0.534
00:00:34.304,1572923423025,0.076,-0.006999999999999999,11.824000000000002,0.664,3.0,-0.013,21.449,-0.006,-0.038,481.186,-0.142,-0.534
00:00:34.305,1572923423026,0.076,-0.016,11.824000000000002,0.664,3.0,-0.013,21.45,-0.005,-0.038,481.543,-0.142,-0.534
00:00:34.351,1572923423072,0.076,-0.025,11.824000000000002,0.664,3.0,-0.012,21.452,-0.005,-0.037000000000000005,481.901,-0.14300000000000002,-0.534
00:00:34.352,1572923423073,0.076,-0.035,11.824000000000002,0.664,3.0,-0.012,21.453000000000007,-0.004,-0.037000000000000005,482.259,-0.14300000000000002,-0.534
00:00:34.353,1572923423074,0.076,-0.045,11.824000000000002,0.664,3.0,-0.011,21.454,-0.004,-0.037000000000000005,482.616,-0.14400000000000002,-0.534
00:00:34.401,1572923423122,0.076,-0.055,11.824000000000002,0.664,3.0,-0.01,21.456,-0.003,-0.037000000000000005,482.974,-0.14400000000000002,-0.534
00:00:34.402,1572923423123,0.076,-0.065,11.824000000000002,0.664,3.0,-0.009000000000000001,21.457,-0.003,-0.037000000000000005,483.331,-0.145,-0.534
00:00:34.403,1572923423124,0.076,-0.075,11.824000000000002,0.664,3.0,-0.008,21.458,-0.002,-0.037000000000000005,483.689,-0.145,-0.534
00:00:34.452,1572923423173,0.076,-0.084,11.824000000000002,0.664,3.0,-0.006999999999999999,21.459,-0.002,-0.037000000000000005,484.047,-0.146,-0.534
00:00:34.453,1572923423174,0.076,-0.091,11.824000000000002,0.664,3.0,-0.005,21.461,-0.001,-0.037000000000000005,484.404,-0.147,-0.534
00:00:34.454,1572923423175,0.076,-0.098,11.824000000000002,0.664,3.0,-0.003,21.462,0.0,-0.037000000000000005,484.762,-0.147,-0.534
00:00:34.503,1572923423224,0.075,-0.103,11.824000000000002,0.664,3.0,-0.001,21.463,0.0,-0.037000000000000005,485.12,-0.14800000000000002,-0.534
00:00:34.504,1572923423225,0.075,-0.107,11.824000000000002,0.664,3.0,0.0,21.464,0.001,-0.037000000000000005,485.477,-0.14800000000000002,-0.534
00:00:34.505,1572923423226,0.075,-0.111,11.824000000000002,0.664,3.0,0.002,21.466,0.002,-0.037000000000000005,485.835,-0.149,-0.534
00:00:34.553,1572923423274,0.075,-0.114,11.824000000000002,0.664,3.0,0.004,21.467,0.003,-0.037000000000000005,486.193,-0.15,-0.534
00:00:34.554,1572923423275,0.075,-0.117,11.824000000000002,0.664,3.0,0.006,21.468000000000004,0.004,-0.038,486.551,-0.151,-0.534
00:00:34.555,1572923423276,0.075,-0.12,11.604,0.664,3.0,0.006999999999999999,21.469,0.004,-0.038,486.908,-0.151,-0.534
00:00:34.603,1572923423324,0.075,-0.122,11.604,0.664,3.0,0.009000000000000001,21.471,0.005,-0.038,487.266,-0.152,-0.534
00:00:34.604,1572923423325,0.07400000000000001,-0.125,11.604,0.664,3.0,0.01,21.472,0.006,-0.038,487.624,-0.153,-0.534
00:00:34.605,1572923423326,0.073,-0.128,11.604,0.664,3.0,0.012,21.473000000000006,0.006999999999999999,-0.038,487.982,-0.154,-0.534
00:00:34.656,1572923423377,0.071,-0.13,11.604,0.664,3.0,0.013,21.474,0.006999999999999999,-0.038,488.34,-0.155,-0.534
00:00:34.657,1572923423378,0.069,-0.133,11.604,0.664,3.0,0.015,21.475,0.008,-0.039,488.698,-0.156,-0.534
00:00:34.658,1572923423379,0.067,-0.135,11.824000000000002,0.664,3.0,0.016,21.476,0.008,-0.039,489.056,-0.157,-0.534
00:00:34.703,1572923423424,0.067,-0.13699999999999998,11.824000000000002,0.664,3.0,0.018000000000000002,21.477,0.009000000000000001,-0.039,489.414,-0.158,-0.534
00:00:34.704,1572923423425,0.067,-0.13699999999999998,11.824000000000002,0.664,3.0,0.019,21.479,0.009000000000000001,-0.039,489.772,-0.159,-0.534
00:00:34.705,1572923423426,0.069,-0.138,11.824000000000002,0.664,3.0,0.02,21.48,0.009000000000000001,-0.039,490.13,-0.16,-0.534
00:00:34.754,1572923423475,0.071,-0.138,11.824000000000002,0.664,3.0,0.021,21.481,0.01,-0.039,490.48800000000006,-0.162,-0.534
00:00:34.755,1572923423476,0.073,-0.138,11.824000000000002,0.664,3.0,0.022,21.482,0.01,-0.039,490.846,-0.163,-0.534
00:00:34.756,1572923423477,0.075,-0.13699999999999998,11.604,0.664,3.0,0.024,21.483,0.01,-0.039,491.204,-0.16399999999999998,-0.534
00:00:34.804,1572923423525,0.076,-0.136,11.604,0.664,3.0,0.025,21.485,0.01,-0.039,491.562,-0.165,-0.534
00:00:34.805,1572923423526,0.075,-0.135,11.604,0.664,3.0,0.025,21.486,0.01,-0.039,491.92,-0.16699999999999998,-0.534
00:00:34.806,1572923423527,0.073,-0.134,11.604,0.664,3.0,0.026,21.487,0.01,-0.039,492.278,-0.168,-0.534
