rec-time,UTC,Acceleration,Lateral acceleration,Gas pedal position,Brake pedal force,Gear,Steering wheel position,Velocity,Lateral velocity,Vertical velocity,X axis position,Y axis position,Z axis position
00:00:01.261,1572945511574,0.022,0.002,0.983,0.664,3.0,-0.061,-0.028,0.0,-0.011,-0.006,0.0,-0.531
00:00:01.309,1572945511622,0.032,0.002,0.983,0.664,3.0,-0.061,-0.027000000000000003,0.0,-0.01,-0.006999999999999999,0.0,-0.532
00:00:01.310,1572945511623,0.059,0.0,0.983,0.664,3.0,-0.061,-0.025,0.0,-0.009000000000000001,-0.006999999999999999,0.0,-0.532
00:00:01.311,1572945511624,0.08800000000000001,0.0,0.983,0.664,3.0,-0.061,-0.023,0.0,-0.008,-0.008,0.0,-0.532
00:00:01.360,1572945511673,0.114,0.0,0.983,0.664,3.0,-0.061,-0.021,0.0,-0.006999999999999999,-0.008,0.0,-0.532
00:00:01.361,1572945511674,0.134,0.0,0.983,0.664,3.0,-0.061,-0.019,0.0,-0.006,-0.008,0.0,-0.532
00:00:01.362,1572945511675,0.14800000000000002,0.0,1.13,0.664,3.0,-0.061,-0.016,0.0,-0.004,-0.009000000000000001,0.0,-0.532
00:00:01.410,1572945511723,0.157,0.0,1.13,0.664,3.0,-0.061,-0.013,0.0,-0.003,-0.009000000000000001,0.0,-0.532
00:00:01.411,1572945511724,0.16399999999999998,0.0,1.13,0.664,3.0,-0.061,-0.011,0.0,-0.002,-0.009000000000000001,0.0,-0.532
00:00:01.412,1572945511725,0.16899999999999998,0.0,1.13,0.664,3.0,-0.061,-0.008,0.0,-0.001,-0.009000000000000001,0.0,-0.532
00:00:01.464,1572945511777,0.174,0.0,1.13,0.664,3.0,-0.061,-0.005,0.0,0.0,-0.009000000000000001,0.0,-0.532
00:00:01.465,1572945511778,0.177,0.0,1.13,0.664,3.0,-0.061,-0.002,0.0,0.0,-0.009000000000000001,0.0,-0.532
00:00:01.466,1572945511779,0.181,0.0,1.13,0.664,3.0,-0.061,0.001,0.0,0.001,-0.009000000000000001,0.0,-0.532
00:00:01.511,1572945511824,0.189,-0.001,1.13,0.664,3.0,-0.061,0.005,0.0,0.002,-0.009000000000000001,0.0,-0.532
00:00:01.512,1572945511825,0.2,-0.001,1.13,0.664,3.0,-0.061,0.008,0.0,0.002,-0.009000000000000001,0.0,-0.532
00:00:01.513,1572945511826,0.213,-0.001,1.13,0.664,3.0,-0.061,0.012,0.0,0.003,-0.009000000000000001,0.0,-0.532
00:00:01.561,1572945511874,0.228,-0.001,1.13,0.664,3.0,-0.061,0.016,0.0,0.003,-0.009000000000000001,0.0,-0.532
00:00:01.562,1572945511875,0.241,-0.001,1.13,0.664,3.0,-0.061,0.02,0.0,0.004,-0.008,0.0,-0.532
00:00:01.563,1572945511876,0.256,-0.001,1.13,0.664,3.0,-0.061,0.025,0.0,0.004,-0.008,0.0,-0.532
00:00:01.614,1572945511927,0.271,-0.001,1.13,0.664,3.0,-0.061,0.029,0.0,0.004,-0.008,0.0,-0.532
00:00:01.615,1572945511928,0.28600000000000003,-0.001,1.13,0.664,3.0,-0.061,0.034,0.0,0.004,-0.006999999999999999,0.0,-0.532
00:00:01.616,1572945511929,0.301,-0.001,1.13,0.664,3.0,-0.061,0.04,0.0,0.004,-0.006,0.0,-0.532
00:00:01.662,1572945511975,0.316,-0.001,1.13,0.664,3.0,-0.061,0.045,0.0,0.004,-0.006,0.0,-0.532
00:00:01.663,1572945511976,0.332,-0.001,1.13,0.664,3.0,-0.061,0.051,0.0,0.004,-0.005,0.0,-0.532
00:00:01.664,1572945511977,0.34600000000000003,-0.001,1.13,0.664,3.0,-0.061,0.057,0.0,0.004,-0.004,0.0,-0.532
00:00:01.712,1572945512025,0.36,-0.001,1.13,0.664,3.0,-0.061,0.063,0.0,0.003,-0.003,0.0,-0.532
00:00:01.713,1572945512026,0.375,-0.001,1.13,0.664,3.0,-0.061,0.07,0.0,0.003,-0.002,0.0,-0.531
00:00:01.714,1572945512027,0.389,-0.001,1.13,0.664,3.0,-0.061,0.076,0.0,0.003,-0.001,0.0,-0.531
00:00:01.768,1572945512081,0.402,-0.001,1.13,0.664,3.0,-0.061,0.083,0.0,0.003,0.001,0.0,-0.531
00:00:01.769,1572945512082,0.415,-0.001,1.13,0.664,3.0,-0.061,0.09,0.0,0.002,0.002,0.0,-0.531
00:00:01.770,1572945512083,0.4270000000000001,-0.001,0.983,0.664,3.0,-0.061,0.097,0.0,0.002,0.004,0.0,-0.531
00:00:01.817,1572945512130,0.44,-0.001,0.983,0.664,3.0,-0.061,0.105,0.0,0.002,0.005,0.0,-0.531
00:00:01.818,1572945512131,0.449,-0.001,0.983,0.664,3.0,-0.061,0.112,0.0,0.001,0.006999999999999999,0.0,-0.531
00:00:01.819,1572945512132,0.459,-0.001,0.983,0.664,3.0,-0.061,0.121,0.0,0.001,0.009000000000000001,0.0,-0.531
00:00:01.864,1572945512177,0.467,-0.001,0.983,0.664,3.0,-0.061,0.128,0.0,0.001,0.011,0.0,-0.531
00:00:01.865,1572945512178,0.474,-0.001,0.983,0.664,3.0,-0.061,0.136,0.0,0.001,0.013,0.0,-0.531
00:00:01.866,1572945512179,0.48,-0.001,0.983,0.664,3.0,-0.061,0.14400000000000002,0.0,0.0,0.016,0.0,-0.531
00:00:01.915,1572945512228,0.486,-0.001,0.983,0.664,3.0,-0.061,0.153,0.0,0.0,0.018000000000000002,0.0,-0.531
00:00:01.916,1572945512229,0.4920000000000001,-0.001,0.983,0.664,3.0,-0.061,0.161,0.0,0.0,0.021,0.0,-0.531
00:00:01.917,1572945512230,0.4970000000000001,-0.001,0.983,0.664,3.0,-0.061,0.16899999999999998,0.0,-0.001,0.024,0.0,-0.531
00:00:01.965,1572945512278,0.502,-0.001,0.983,0.664,3.0,-0.061,0.177,0.0,-0.001,0.026,0.0,-0.531
00:00:01.966,1572945512279,0.507,-0.001,0.983,0.664,3.0,-0.061,0.18600000000000005,-0.001,-0.001,0.029,0.0,-0.531
00:00:01.967,1572945512280,0.512,-0.001,1.13,0.664,3.0,-0.061,0.194,-0.001,-0.001,0.033,0.0,-0.531
00:00:02.015,1572945512328,0.517,-0.001,1.13,0.664,3.0,-0.061,0.204,-0.001,-0.001,0.036000000000000004,0.0,-0.531
00:00:02.016,1572945512329,0.522,-0.001,1.13,0.664,3.0,-0.061,0.212,-0.001,-0.001,0.039,0.0,-0.531
00:00:02.017,1572945512330,0.529,-0.001,1.13,0.664,3.0,-0.061,0.221,-0.001,-0.001,0.043,0.0,-0.531
00:00:02.080,1572945512393,0.536,-0.001,1.13,0.664,3.0,-0.061,0.23,-0.001,-0.001,0.047,0.0,-0.531
00:00:02.081,1572945512394,0.5429999999999999,-0.001,1.13,0.664,3.0,-0.061,0.239,-0.001,-0.001,0.051,0.0,-0.531
00:00:02.082,1572945512395,0.5489999999999999,-0.001,0.983,0.664,3.0,-0.061,0.248,-0.001,-0.001,0.055,0.0,-0.531
00:00:02.083,1572945512396,0.555,-0.001,0.983,0.664,3.0,-0.061,0.258,-0.001,-0.001,0.059,0.0,-0.531
00:00:02.131,1572945512444,0.5579999999999999,-0.002,0.983,0.664,3.0,-0.061,0.267,-0.001,-0.001,0.063,0.0,-0.531
00:00:02.132,1572945512445,0.561,-0.002,0.983,0.664,3.0,-0.061,0.276,-0.001,0.0,0.068,0.0,-0.531
00:00:02.133,1572945512446,0.561,-0.002,0.983,0.664,3.0,-0.061,0.287,-0.001,0.0,0.073,0.0,-0.531
00:00:02.185,1572945512498,0.561,-0.002,0.983,0.664,3.0,-0.061,0.295,-0.001,0.0,0.078,0.0,-0.531
00:00:02.186,1572945512499,0.561,-0.002,0.983,0.664,3.0,-0.061,0.304,-0.001,0.0,0.08199999999999999,0.0,-0.531
00:00:02.187,1572945512500,0.56,-0.002,0.983,0.664,3.0,-0.061,0.314,-0.001,0.0,0.08800000000000001,0.0,-0.532
00:00:02.231,1572945512544,0.5589999999999999,-0.002,0.983,0.664,3.0,-0.061,0.32299999999999995,-0.001,0.0,0.093,0.0,-0.532
00:00:02.232,1572945512545,0.5579999999999999,-0.002,0.983,0.664,3.0,-0.061,0.332,-0.001,0.0,0.098,0.0,-0.532
00:00:02.233,1572945512546,0.557,-0.002,0.983,0.664,3.0,-0.061,0.341,-0.001,0.0,0.104,0.0,-0.532
00:00:02.282,1572945512595,0.556,-0.002,0.983,0.664,3.0,-0.061,0.35100000000000003,-0.001,0.0,0.11,0.0,-0.532
00:00:02.283,1572945512596,0.555,-0.002,0.983,0.664,3.0,-0.061,0.36,-0.001,0.0,0.116,0.0,-0.532
00:00:02.284,1572945512597,0.5539999999999999,-0.002,0.983,0.664,3.0,-0.061,0.369,-0.001,0.0,0.121,0.0,-0.532
00:00:02.337,1572945512650,0.5529999999999999,-0.002,0.983,0.664,3.0,-0.061,0.378,-0.001,0.0,0.128,0.0,-0.532
00:00:02.338,1572945512651,0.552,-0.002,0.983,0.664,3.0,-0.061,0.388,-0.001,0.0,0.135,0.0,-0.532
00:00:02.339,1572945512652,0.55,-0.002,0.983,0.664,3.0,-0.061,0.397,-0.001,0.0,0.141,0.0,-0.532
00:00:02.340,1572945512653,0.5489999999999999,-0.002,0.983,0.664,3.0,-0.061,0.406,-0.001,0.0,0.147,0.0,-0.532
00:00:02.391,1572945512704,0.5479999999999999,-0.002,1.13,0.664,3.0,-0.061,0.415,-0.001,0.0,0.155,0.0,-0.532
00:00:02.392,1572945512705,0.547,-0.002,1.13,0.664,3.0,-0.061,0.425,-0.001,0.0,0.162,0.0,-0.532
00:00:02.393,1572945512706,0.5479999999999999,-0.002,1.13,0.664,3.0,-0.061,0.434,-0.001,0.001,0.16899999999999998,0.0,-0.532
00:00:02.439,1572945512752,0.5489999999999999,-0.002,1.13,0.664,3.0,-0.061,0.443,-0.001,0.001,0.17600000000000002,-0.001,-0.532
00:00:02.440,1572945512753,0.552,-0.002,1.13,0.664,3.0,-0.061,0.452,-0.001,0.001,0.184,-0.001,-0.532
00:00:02.441,1572945512754,0.5539999999999999,-0.002,1.13,0.664,3.0,-0.061,0.461,-0.001,0.001,0.191,-0.001,-0.532
00:00:02.492,1572945512805,0.556,-0.002,0.983,0.664,3.0,-0.061,0.47,-0.001,0.001,0.198,-0.001,-0.532
00:00:02.493,1572945512806,0.557,-0.002,0.983,0.664,3.0,-0.061,0.481,-0.001,0.001,0.207,-0.001,-0.532
00:00:02.494,1572945512807,0.556,-0.002,0.983,0.664,3.0,-0.061,0.489,-0.001,0.001,0.215,-0.001,-0.532
00:00:02.540,1572945512853,0.5539999999999999,-0.002,0.983,0.664,3.0,-0.061,0.498,-0.001,0.001,0.223,-0.001,-0.532
00:00:02.541,1572945512854,0.55,-0.002,0.983,0.664,3.0,-0.061,0.507,-0.001,0.001,0.231,-0.001,-0.532
00:00:02.542,1572945512855,0.547,-0.002,0.983,0.664,3.0,-0.061,0.516,-0.001,0.001,0.239,-0.001,-0.532
00:00:02.596,1572945512909,0.544,-0.002,1.13,0.664,3.0,-0.061,0.526,-0.001,0.001,0.249,-0.001,-0.532
00:00:02.597,1572945512910,0.5429999999999999,-0.002,1.13,0.664,3.0,-0.061,0.535,-0.001,0.001,0.258,-0.001,-0.532
00:00:02.598,1572945512911,0.5429999999999999,-0.002,1.13,0.664,3.0,-0.061,0.544,-0.001,0.001,0.267,-0.001,-0.532
00:00:02.641,1572945512954,0.545,-0.002,1.13,0.664,3.0,-0.061,0.5529999999999999,-0.001,0.001,0.276,-0.001,-0.532
00:00:02.642,1572945512955,0.547,-0.002,1.13,0.664,3.0,-0.061,0.561,-0.001,0.001,0.284,-0.001,-0.532
00:00:02.643,1572945512956,0.55,-0.002,1.13,0.664,3.0,-0.061,0.5710000000000001,-0.001,0.001,0.294,-0.001,-0.532
00:00:02.691,1572945513004,0.5529999999999999,-0.002,0.983,0.664,3.0,-0.061,0.58,-0.001,0.001,0.304,-0.001,-0.532
00:00:02.692,1572945513005,0.555,-0.002,0.983,0.664,3.0,-0.061,0.59,-0.002,0.001,0.314,-0.001,-0.532
00:00:02.693,1572945513006,0.555,-0.002,0.983,0.664,3.0,-0.061,0.599,-0.002,0.001,0.324,-0.001,-0.532
00:00:02.741,1572945513054,0.5539999999999999,-0.002,0.983,0.664,3.0,-0.061,0.608,-0.002,0.001,0.333,-0.001,-0.532
00:00:02.742,1572945513055,0.552,-0.002,0.983,0.664,3.0,-0.061,0.617,-0.002,0.001,0.344,-0.001,-0.532
00:00:02.743,1572945513056,0.5489999999999999,-0.002,0.983,0.664,3.0,-0.061,0.626,-0.002,0.001,0.354,-0.001,-0.532
00:00:02.796,1572945513109,0.546,-0.002,1.13,0.664,3.0,-0.061,0.635,-0.002,0.001,0.365,-0.001,-0.532
00:00:02.797,1572945513110,0.544,-0.002,1.13,0.664,3.0,-0.062,0.645,-0.002,0.001,0.376,-0.001,-0.532
00:00:02.798,1572945513111,0.5429999999999999,-0.002,1.13,0.664,3.0,-0.062,0.653,-0.002,0.001,0.386,-0.001,-0.532
00:00:02.863,1572945513176,0.545,-0.002,1.13,0.664,3.0,-0.062,0.6629999999999999,-0.002,0.001,0.397,-0.001,-0.532
00:00:02.864,1572945513177,0.547,-0.002,1.13,0.664,3.0,-0.062,0.672,-0.002,0.001,0.409,-0.001,-0.532
00:00:02.865,1572945513178,0.5489999999999999,-0.002,1.13,0.664,3.0,-0.062,0.6809999999999999,-0.002,0.001,0.42,-0.001,-0.532
00:00:02.866,1572945513179,0.551,-0.002,1.13,0.664,3.0,-0.062,0.69,-0.002,0.001,0.431,-0.001,-0.532
00:00:02.921,1572945513234,0.5529999999999999,-0.002,1.13,0.664,3.0,-0.062,0.6990000000000001,-0.002,0.001,0.443,-0.001,-0.532
00:00:02.922,1572945513235,0.555,-0.002,1.13,0.664,3.0,-0.062,0.7090000000000001,-0.002,0.001,0.454,-0.001,-0.532
00:00:02.923,1572945513236,0.557,-0.002,1.13,0.664,3.0,-0.062,0.718,-0.002,0.001,0.466,-0.001,-0.532
00:00:02.924,1572945513237,0.5579999999999999,-0.002,1.13,0.664,3.0,-0.062,0.727,-0.002,0.001,0.478,-0.001,-0.532
00:00:02.978,1572945513291,0.5589999999999999,-0.002,1.13,0.664,3.0,-0.062,0.737,-0.002,0.001,0.491,-0.001,-0.532
00:00:02.979,1572945513292,0.56,-0.002,1.13,0.664,3.0,-0.062,0.746,-0.002,0.001,0.503,-0.001,-0.532
00:00:02.980,1572945513293,0.56,-0.002,1.13,0.664,3.0,-0.062,0.755,-0.002,0.001,0.515,-0.002,-0.532
00:00:03.023,1572945513336,0.56,-0.002,1.13,0.664,3.0,-0.062,0.765,-0.002,0.001,0.528,-0.002,-0.532
00:00:03.024,1572945513337,0.56,-0.002,1.13,0.664,3.0,-0.062,0.774,-0.002,0.001,0.541,-0.002,-0.532
00:00:03.025,1572945513338,0.56,-0.002,1.13,0.664,3.0,-0.062,0.7829999999999999,-0.002,0.001,0.5539999999999999,-0.002,-0.532
00:00:03.073,1572945513386,0.56,-0.002,1.13,0.664,3.0,-0.062,0.792,-0.002,0.001,0.5660000000000001,-0.002,-0.532
00:00:03.074,1572945513387,0.56,-0.002,0.983,0.664,3.0,-0.062,0.802,-0.002,0.001,0.58,-0.002,-0.532
00:00:03.075,1572945513388,0.5579999999999999,-0.002,0.983,0.664,3.0,-0.062,0.8109999999999999,-0.002,0.001,0.594,-0.002,-0.532
00:00:03.128,1572945513441,0.555,-0.002,0.983,0.664,3.0,-0.062,0.821,-0.002,0.001,0.607,-0.002,-0.532
00:00:03.129,1572945513442,0.551,-0.002,0.983,0.664,3.0,-0.062,0.83,-0.002,0.001,0.621,-0.002,-0.532
00:00:03.130,1572945513443,0.546,-0.002,0.983,0.664,3.0,-0.062,0.8390000000000001,-0.002,0.001,0.636,-0.002,-0.532
00:00:03.175,1572945513488,0.541,-0.002,0.983,0.664,3.0,-0.062,0.848,-0.002,0.001,0.649,-0.002,-0.532
00:00:03.176,1572945513489,0.536,-0.002,0.983,0.664,3.0,-0.062,0.856,-0.002,0.001,0.6629999999999999,-0.002,-0.532
00:00:03.177,1572945513490,0.532,-0.002,0.983,0.664,3.0,-0.062,0.866,-0.002,0.001,0.6779999999999999,-0.002,-0.532
00:00:03.224,1572945513537,0.528,-0.002,0.983,0.664,3.0,-0.062,0.8740000000000001,-0.002,0.001,0.6920000000000001,-0.002,-0.532
00:00:03.225,1572945513538,0.524,-0.002,0.983,0.664,3.0,-0.062,0.883,-0.002,0.001,0.7070000000000001,-0.002,-0.532
00:00:03.226,1572945513539,0.521,-0.002,0.983,0.664,3.0,-0.062,0.8909999999999999,-0.002,0.001,0.721,-0.002,-0.532
00:00:03.279,1572945513592,0.518,-0.002,0.983,0.664,3.0,-0.062,0.9,-0.002,0.001,0.736,-0.002,-0.532
00:00:03.280,1572945513593,0.516,-0.002,1.13,0.664,3.0,-0.062,0.909,-0.002,0.001,0.7509999999999999,-0.002,-0.532
00:00:03.281,1572945513594,0.514,-0.002,1.13,0.664,3.0,-0.062,0.917,-0.002,0.001,0.767,-0.002,-0.532
00:00:03.324,1572945513637,0.515,-0.003,1.13,0.664,3.0,-0.062,0.926,-0.002,0.001,0.782,-0.002,-0.532
00:00:03.325,1572945513638,0.517,-0.003,1.13,0.664,3.0,-0.062,0.934,-0.002,0.001,0.7979999999999999,-0.002,-0.532
00:00:03.326,1572945513639,0.519,-0.003,1.13,0.664,3.0,-0.062,0.943,-0.002,0.001,0.813,-0.003,-0.532
00:00:03.375,1572945513688,0.522,-0.003,1.13,0.664,3.0,-0.062,0.952,-0.002,0.001,0.8290000000000001,-0.003,-0.532
00:00:03.376,1572945513689,0.525,-0.003,1.13,0.664,3.0,-0.062,0.961,-0.002,0.001,0.845,-0.003,-0.532
00:00:03.377,1572945513690,0.527,-0.003,1.13,0.664,3.0,-0.062,0.97,-0.002,0.001,0.862,-0.003,-0.532
00:00:03.427,1572945513740,0.529,-0.003,1.13,0.664,3.0,-0.062,0.978,-0.002,0.001,0.877,-0.003,-0.532
00:00:03.428,1572945513741,0.531,-0.003,1.13,0.664,3.0,-0.062,0.987,-0.002,0.001,0.894,-0.003,-0.532
00:00:03.429,1572945513742,0.532,-0.003,1.13,0.664,3.0,-0.062,0.996,-0.002,0.001,0.911,-0.003,-0.532
00:00:03.475,1572945513788,0.532,-0.003,1.13,0.664,3.0,-0.062,1.005,-0.003,0.001,0.927,-0.003,-0.532
00:00:03.476,1572945513789,0.5329999999999999,-0.003,1.13,0.664,3.0,-0.062,1.014,-0.003,0.001,0.944,-0.003,-0.532
00:00:03.477,1572945513790,0.5329999999999999,-0.003,1.13,0.664,3.0,-0.062,1.023,-0.003,0.001,0.962,-0.003,-0.532
00:00:03.525,1572945513838,0.5329999999999999,-0.003,1.13,0.664,3.0,-0.062,1.031,-0.003,0.001,0.978,-0.003,-0.532
00:00:03.526,1572945513839,0.532,-0.003,1.13,0.664,3.0,-0.062,1.04,-0.003,0.001,0.995,-0.003,-0.532
00:00:03.527,1572945513840,0.531,-0.003,1.13,0.664,3.0,-0.062,1.0490000000000002,-0.003,0.001,1.012,-0.003,-0.532
00:00:03.576,1572945513889,0.53,-0.003,1.13,0.664,3.0,-0.062,1.058,-0.003,0.001,1.03,-0.003,-0.532
00:00:03.577,1572945513890,0.529,-0.003,1.13,0.664,3.0,-0.062,1.067,-0.003,0.001,1.048,-0.003,-0.532
00:00:03.578,1572945513891,0.528,-0.003,1.13,0.664,3.0,-0.062,1.0759999999999998,-0.003,0.001,1.065,-0.004,-0.532
00:00:03.637,1572945513950,0.526,-0.003,1.13,0.664,3.0,-0.062,1.084,-0.003,0.001,1.082,-0.004,-0.532
00:00:03.638,1572945513951,0.525,-0.003,1.13,0.664,3.0,-0.062,1.092,-0.003,0.001,1.1,-0.004,-0.532
00:00:03.639,1572945513952,0.524,-0.003,1.13,0.664,3.0,-0.062,1.101,-0.003,0.001,1.119,-0.004,-0.532
00:00:03.679,1572945513992,0.521,-0.003,1.276,0.664,3.0,-0.062,1.119,-0.003,0.001,1.156,-0.004,-0.532
00:00:03.680,1572945513993,0.521,-0.003,1.276,0.664,3.0,-0.062,1.127,-0.003,0.001,1.1740000000000002,-0.004,-0.532
00:00:03.739,1572945514052,0.522,-0.003,1.276,0.664,3.0,-0.062,1.136,-0.003,0.001,1.193,-0.004,-0.532
00:00:03.740,1572945514053,0.524,-0.003,1.276,0.664,3.0,-0.062,1.145,-0.003,0.001,1.212,-0.004,-0.532
00:00:03.741,1572945514054,0.528,-0.003,1.276,0.664,3.0,-0.062,1.154,-0.003,0.001,1.233,-0.004,-0.532
00:00:03.781,1572945514094,0.531,-0.003,1.276,0.664,3.0,-0.062,1.162,-0.003,0.001,1.251,-0.004,-0.532
00:00:03.782,1572945514095,0.534,-0.003,1.643,0.664,3.0,-0.062,1.171,-0.003,0.001,1.27,-0.004,-0.532
00:00:03.783,1572945514096,0.539,-0.003,1.643,0.664,3.0,-0.062,1.181,-0.003,0.001,1.291,-0.004,-0.532
00:00:03.831,1572945514144,0.5479999999999999,-0.003,1.643,0.664,3.0,-0.062,1.19,-0.003,0.001,1.31,-0.005,-0.532
00:00:03.832,1572945514145,0.5589999999999999,-0.004,1.643,0.664,3.0,-0.062,1.199,-0.003,0.001,1.329,-0.005,-0.532
00:00:03.833,1572945514146,0.5720000000000001,-0.004,1.643,0.664,3.0,-0.062,1.209,-0.003,0.001,1.351,-0.005,-0.532
00:00:03.881,1572945514194,0.583,-0.004,1.643,0.664,3.0,-0.062,1.219,-0.003,0.001,1.37,-0.005,-0.532
00:00:03.882,1572945514195,0.593,-0.004,1.936,0.664,3.0,-0.062,1.229,-0.003,0.001,1.39,-0.005,-0.532
00:00:03.883,1572945514196,0.603,-0.004,1.936,0.664,3.0,-0.063,1.239,-0.003,0.001,1.411,-0.005,-0.532
00:00:03.950,1572945514263,0.614,-0.004,1.936,0.664,3.0,-0.063,1.249,-0.003,0.002,1.431,-0.005,-0.532
00:00:03.951,1572945514264,0.624,-0.005,1.936,0.664,3.0,-0.063,1.26,-0.003,0.002,1.452,-0.005,-0.532
00:00:03.952,1572945514265,0.634,-0.005,1.936,0.664,3.0,-0.063,1.271,-0.003,0.002,1.473,-0.005,-0.532
00:00:03.982,1572945514295,0.6409999999999999,-0.005,1.936,0.664,3.0,-0.063,1.281,-0.003,0.002,1.495,-0.005,-0.532
00:00:03.983,1572945514296,0.6459999999999999,-0.005,2.302,0.664,3.0,-0.063,1.2919999999999998,-0.003,0.002,1.516,-0.005,-0.532
00:00:03.984,1572945514297,0.652,-0.005,2.302,0.664,3.0,-0.062,1.3030000000000002,-0.003,0.003,1.538,-0.006,-0.532
00:00:04.045,1572945514358,0.659,-0.004,2.302,0.664,3.0,-0.062,1.314,-0.003,0.003,1.56,-0.006,-0.532
00:00:04.046,1572945514359,0.6679999999999999,-0.004,2.302,0.664,3.0,-0.061,1.325,-0.003,0.003,1.582,-0.006,-0.532
00:00:04.047,1572945514360,0.6779999999999999,-0.003,2.302,0.664,3.0,-0.06,1.338,-0.003,0.003,1.605,-0.006,-0.532
00:00:04.083,1572945514396,0.684,-0.002,2.302,0.664,3.0,-0.059,1.348,-0.003,0.003,1.626,-0.006,-0.532
00:00:04.084,1572945514397,0.69,0.0,2.815,0.664,3.0,-0.058,1.36,-0.003,0.003,1.649,-0.006,-0.532
00:00:04.085,1572945514398,0.698,0.001,2.815,0.664,3.0,-0.057,1.372,-0.003,0.003,1.673,-0.006,-0.532
00:00:04.134,1572945514447,0.708,0.002,2.815,0.664,3.0,-0.056,1.384,-0.003,0.004,1.694,-0.006,-0.532
00:00:04.135,1572945514448,0.722,0.004,2.815,0.664,3.0,-0.056,1.396,-0.003,0.004,1.7180000000000002,-0.006,-0.532
00:00:04.136,1572945514449,0.736,0.005,2.815,0.664,3.0,-0.054000000000000006,1.409,-0.003,0.004,1.742,-0.006999999999999999,-0.531
00:00:04.137,1572945514450,0.747,0.006,2.815,0.664,3.0,-0.053,1.421,-0.003,0.004,1.765,-0.006999999999999999,-0.531
00:00:04.187,1572945514500,0.757,0.008,3.108,0.664,3.0,-0.05,1.4340000000000002,-0.002,0.004,1.788,-0.006999999999999999,-0.531
00:00:04.188,1572945514501,0.765,0.01,3.108,0.664,3.0,-0.048,1.4469999999999998,-0.002,0.004,1.812,-0.006999999999999999,-0.531
00:00:04.189,1572945514502,0.775,0.012,3.108,0.664,3.0,-0.046,1.46,-0.002,0.004,1.837,-0.006999999999999999,-0.531
00:00:04.237,1572945514550,0.784,0.014,3.108,0.664,3.0,-0.043,1.473,-0.002,0.004,1.861,-0.006999999999999999,-0.531
00:00:04.238,1572945514551,0.7929999999999999,0.017,3.108,0.664,3.0,-0.04,1.486,-0.001,0.004,1.886,-0.006999999999999999,-0.531
00:00:04.239,1572945514552,0.8,0.019,3.108,0.664,3.0,-0.038,1.5,-0.001,0.004,1.911,-0.006999999999999999,-0.531
00:00:04.284,1572945514597,0.804,0.021,3.254,0.664,3.0,-0.036000000000000004,1.513,-0.001,0.004,1.936,-0.006999999999999999,-0.531
00:00:04.285,1572945514598,0.8079999999999999,0.023,3.254,0.664,3.0,-0.034,1.527,0.0,0.004,1.961,-0.006999999999999999,-0.531
00:00:04.286,1572945514599,0.812,0.023,3.254,0.664,3.0,-0.033,1.54,0.0,0.004,1.987,-0.006999999999999999,-0.531
00:00:04.339,1572945514652,0.815,0.023,3.254,0.664,3.0,-0.032,1.554,0.001,0.004,2.012,-0.006999999999999999,-0.531
00:00:04.340,1572945514653,0.8170000000000001,0.021,3.254,0.664,3.0,-0.032,1.567,0.001,0.004,2.0380000000000003,-0.008,-0.531
00:00:04.341,1572945514654,0.8190000000000001,0.019,3.254,0.664,3.0,-0.031,1.581,0.001,0.004,2.065,-0.008,-0.531
00:00:04.389,1572945514702,0.8190000000000001,0.017,4.426,0.664,3.0,-0.03,1.595,0.001,0.004,2.091,-0.008,-0.531
00:00:04.390,1572945514703,0.828,0.014,4.426,0.664,3.0,-0.029,1.609,0.002,0.004,2.1180000000000003,-0.008,-0.531
00:00:04.391,1572945514704,0.851,0.011,4.426,0.664,3.0,-0.028,1.6230000000000002,0.002,0.004,2.145,-0.008,-0.531
00:00:04.441,1572945514754,0.884,0.008,4.426,0.664,3.0,-0.026,1.639,0.002,0.004,2.172,-0.008,-0.531
00:00:04.442,1572945514755,0.922,0.005,4.426,0.664,3.0,-0.025,1.655,0.002,0.004,2.201,-0.008,-0.531
00:00:04.443,1572945514756,0.953,0.003,4.426,0.664,3.0,-0.023,1.671,0.002,0.005,2.227,-0.008,-0.531
00:00:04.496,1572945514809,0.981,0.001,6.477,0.664,3.0,-0.022,1.6869999999999998,0.002,0.005,2.255,-0.008,-0.531
00:00:04.497,1572945514810,1.025,-0.001,6.477,0.664,3.0,-0.02,1.706,0.002,0.005,2.285,-0.008,-0.531
00:00:04.498,1572945514811,1.088,-0.002,6.477,0.664,3.0,-0.018000000000000002,1.724,0.002,0.006,2.312,-0.008,-0.531
00:00:04.543,1572945514856,1.172,-0.003,6.477,0.664,3.0,-0.016,1.745,0.001,0.006,2.341,-0.008,-0.531
00:00:04.544,1572945514857,1.258,-0.004,6.477,0.664,3.0,-0.014,1.767,0.001,0.006999999999999999,2.37,-0.008,-0.531
00:00:04.545,1572945514858,1.335,-0.004,6.477,0.664,3.0,-0.013,1.79,0.001,0.008,2.4,-0.008,-0.531
00:00:04.593,1572945514906,1.398,-0.004,7.4289999999999985,0.664,3.0,-0.011,1.815,0.001,0.009000000000000001,2.43,-0.008,-0.531
00:00:04.594,1572945514907,1.453,-0.004,7.4289999999999985,0.664,3.0,-0.01,1.84,0.001,0.01,2.46,-0.008,-0.531
00:00:04.595,1572945514908,1.508,-0.004,7.4289999999999985,0.664,3.0,-0.008,1.865,0.001,0.011,2.491,-0.008,-0.531
00:00:04.643,1572945514956,1.561,-0.003,7.4289999999999985,0.664,3.0,-0.006,1.892,0.001,0.012,2.522,-0.008,-0.531
00:00:04.644,1572945514957,1.604,-0.002,7.4289999999999985,0.664,3.0,-0.005,1.919,0.001,0.014,2.5540000000000003,-0.008,-0.531
00:00:04.645,1572945514958,1.6369999999999998,-0.001,7.4289999999999985,0.664,3.0,-0.003,1.947,0.001,0.015,2.5860000000000003,-0.008,-0.531
00:00:04.693,1572945515006,1.659,0.001,10.798,0.664,3.0,-0.002,1.975,0.001,0.016,2.619,-0.009000000000000001,-0.531
00:00:04.694,1572945515007,1.705,0.002,10.798,0.664,3.0,0.0,2.006,0.001,0.017,2.654,-0.009000000000000001,-0.531
00:00:04.695,1572945515008,1.786,0.004,10.798,0.664,3.0,0.001,2.035,0.001,0.019,2.6860000000000004,-0.009000000000000001,-0.531
00:00:04.744,1572945515057,1.897,0.006,10.798,0.664,3.0,0.002,2.069,0.001,0.02,2.72,-0.009000000000000001,-0.53
00:00:04.745,1572945515058,2.018,0.008,10.798,0.664,3.0,0.003,2.106,0.001,0.021,2.757,-0.009000000000000001,-0.53
00:00:04.746,1572945515059,2.108,0.009000000000000001,10.798,0.664,3.0,0.004,2.14,0.001,0.023,2.79,-0.009000000000000001,-0.53
00:00:04.794,1572945515107,2.18,0.011,12.922,0.664,3.0,0.005,2.177,0.002,0.024,2.826,-0.009000000000000001,-0.53
00:00:04.795,1572945515108,2.244,0.014,12.922,0.664,3.0,0.006,2.218,0.002,0.026,2.865,-0.009000000000000001,-0.53
00:00:04.796,1572945515109,2.303,0.016,12.922,0.664,3.0,0.006999999999999999,2.255,0.002,0.027000000000000003,2.9,-0.009000000000000001,-0.53
00:00:04.853,1572945515166,2.364,0.018000000000000002,12.922,0.664,3.0,0.009000000000000001,2.295,0.002,0.029,2.938,-0.009000000000000001,-0.53
00:00:04.854,1572945515167,2.415,0.02,12.922,0.664,3.0,0.01,2.336,0.003,0.03,2.9760000000000004,-0.009000000000000001,-0.53
00:00:04.855,1572945515168,2.452,0.023,12.922,0.664,3.0,0.012,2.377,0.003,0.032,3.016,-0.009000000000000001,-0.529
00:00:04.896,1572945515209,2.4730000000000003,0.025,13.948,0.664,3.0,0.013,2.418,0.003,0.033,3.056,-0.009000000000000001,-0.529
00:00:04.897,1572945515210,2.488,0.027000000000000003,13.948,0.664,3.0,0.015,2.46,0.004,0.034,3.096,-0.009000000000000001,-0.529
00:00:04.898,1572945515211,2.506,0.029,13.948,0.664,3.0,0.017,2.502,0.004,0.035,3.138,-0.009000000000000001,-0.529
00:00:04.947,1572945515260,2.526,0.031,13.948,0.664,3.0,0.019,2.544,0.005,0.036000000000000004,3.18,-0.009000000000000001,-0.529
00:00:04.948,1572945515261,2.542,0.033,13.948,0.664,3.0,0.021,2.587,0.005,0.037000000000000005,3.222,-0.009000000000000001,-0.529
00:00:04.949,1572945515262,2.552,0.034,13.948,0.664,3.0,0.023,2.629,0.005,0.038,3.266,-0.009000000000000001,-0.529
00:00:04.997,1572945515310,2.555,0.036000000000000004,14.607,0.664,3.0,0.025,2.672,0.006,0.038,3.31,-0.009000000000000001,-0.529
00:00:04.998,1572945515311,2.555,0.038,14.607,0.664,3.0,0.027000000000000003,2.715,0.006,0.039,3.355,-0.009000000000000001,-0.529
00:00:04.999,1572945515312,2.559,0.04,14.607,0.664,3.0,0.03,2.757,0.006999999999999999,0.039,3.401,-0.009000000000000001,-0.529
00:00:05.047,1572945515360,2.565,0.042,14.607,0.664,3.0,0.032,2.795,0.006999999999999999,0.039,3.4410000000000003,-0.009000000000000001,-0.529
00:00:05.048,1572945515361,2.57,0.044,14.607,0.664,3.0,0.034,2.838,0.008,0.039,3.488,-0.009000000000000001,-0.529
00:00:05.049,1572945515362,2.571,0.047,14.607,0.664,3.0,0.037000000000000005,2.878,0.009000000000000001,0.039,3.533,-0.009000000000000001,-0.529
00:00:05.104,1572945515417,2.569,0.05,14.973,0.664,3.0,0.039,2.9210000000000003,0.009000000000000001,0.039,3.5810000000000004,-0.009000000000000001,-0.529
00:00:05.105,1572945515418,2.564,0.053,14.973,0.664,3.0,0.042,2.966,0.01,0.039,3.633,-0.009000000000000001,-0.529
00:00:05.106,1572945515419,2.562,0.055,14.973,0.664,3.0,0.044,3.006,0.01,0.039,3.68,-0.009000000000000001,-0.529
00:00:05.149,1572945515462,2.5610000000000004,0.057,14.973,0.664,3.0,0.046,3.049,0.011,0.039,3.73,-0.009000000000000001,-0.529
00:00:05.150,1572945515463,2.56,0.059,14.973,0.664,3.0,0.048,3.094,0.012,0.039,3.785,-0.009000000000000001,-0.529
00:00:05.151,1572945515464,2.556,0.06,14.973,0.664,3.0,0.05,3.134,0.012,0.04,3.833,-0.008,-0.529
00:00:05.208,1572945515521,2.549,0.06,16.438,0.664,3.0,0.051,3.176,0.013,0.04,3.886,-0.008,-0.529
00:00:05.209,1572945515522,2.551,0.06,16.438,0.664,3.0,0.053,3.219,0.014,0.041,3.939,-0.008,-0.53
00:00:05.210,1572945515523,2.577,0.058,16.438,0.664,3.0,0.054000000000000006,3.262,0.014,0.041,3.993,-0.008,-0.53
00:00:05.253,1572945515566,2.62,0.056,16.438,0.664,3.0,0.055,3.307,0.014,0.042,4.048,-0.008,-0.53
00:00:05.254,1572945515567,2.665,0.054000000000000006,16.438,0.664,3.0,0.057,3.352,0.015,0.043,4.103,-0.006999999999999999,-0.53
00:00:05.255,1572945515568,2.702,0.051,16.438,0.664,3.0,0.058,3.397,0.015,0.044,4.16,-0.006999999999999999,-0.53
00:00:05.256,1572945515569,2.724,0.049,18.782,0.664,3.0,0.06,3.443,0.015,0.046,4.217,-0.006999999999999999,-0.53
00:00:05.304,1572945515617,2.7510000000000003,0.046,18.782,0.664,3.0,0.061,3.489,0.015,0.047,4.274,-0.006999999999999999,-0.53
00:00:05.305,1572945515618,2.8080000000000003,0.045,18.782,0.664,3.0,0.063,3.537,0.016,0.048,4.333,-0.006,-0.53
00:00:05.306,1572945515619,2.885,0.044,18.782,0.664,3.0,0.065,3.5860000000000003,0.016,0.049,4.392,-0.006,-0.53
00:00:05.354,1572945515667,2.964,0.043,18.782,0.664,3.0,0.067,3.64,0.016,0.05,4.456,-0.006,-0.53
00:00:05.355,1572945515668,3.019,0.043,18.782,0.664,3.0,0.068,3.687,0.016,0.052000000000000005,4.5139999999999985,-0.005,-0.53
00:00:05.356,1572945515669,3.054,0.044,19.441,0.664,3.0,0.07,3.739,0.016,0.053,4.575,-0.005,-0.53
00:00:05.404,1572945515717,3.072,0.044,19.441,0.664,3.0,0.07200000000000001,3.793,0.016,0.055,4.642,-0.005,-0.53
00:00:05.405,1572945515718,3.083,0.045,19.441,0.664,3.0,0.07400000000000001,3.842,0.016,0.056,4.702,-0.004,-0.53
00:00:05.406,1572945515719,3.09,0.046,19.441,0.664,3.0,0.075,3.893,0.017,0.058,4.766,-0.004,-0.53
00:00:05.455,1572945515768,3.089,0.048,19.441,0.664,3.0,0.077,3.948,0.017,0.06,4.836,-0.004,-0.53
00:00:05.456,1572945515769,3.082,0.049,19.441,0.664,3.0,0.078,3.996,0.017,0.062,4.898,-0.003,-0.53
00:00:05.457,1572945515770,3.068,0.05,20.32,0.664,3.0,0.079,4.047,0.017,0.063,4.965,-0.003,-0.53
00:00:05.505,1572945515818,3.054,0.051,20.32,0.664,3.0,0.08,4.097,0.017,0.065,5.033,-0.002,-0.53
00:00:05.506,1572945515819,3.049,0.053,20.32,0.664,3.0,0.081,4.148,0.017,0.066,5.101,-0.002,-0.53
00:00:05.507,1572945515820,3.05,0.054000000000000006,20.32,0.664,3.0,0.08199999999999999,4.199,0.018000000000000002,0.068,5.171,-0.001,-0.53
00:00:05.555,1572945515868,3.051,0.055,20.32,0.664,3.0,0.083,4.25,0.018000000000000002,0.069,5.2410000000000005,-0.001,-0.53
00:00:05.556,1572945515869,3.049,0.057,20.32,0.664,3.0,0.084,4.301,0.018000000000000002,0.071,5.313,0.0,-0.53
00:00:05.557,1572945515870,3.0410000000000004,0.058,21.492,0.664,3.0,0.085,4.351,0.018000000000000002,0.07200000000000001,5.385,0.0,-0.53
00:00:05.613,1572945515926,3.03,0.059,21.492,0.664,3.0,0.085,4.401,0.018000000000000002,0.073,5.4579999999999975,0.001,-0.53
00:00:05.614,1572945515927,3.0210000000000004,0.061,21.492,0.664,3.0,0.086,4.452,0.018000000000000002,0.07400000000000001,5.5310000000000015,0.001,-0.529
00:00:05.615,1572945515928,3.012,0.062,21.492,0.664,3.0,0.086,4.502,0.019,0.075,5.606,0.002,-0.529
00:00:05.664,1572945515977,3.002,0.064,21.492,0.664,3.0,0.087,4.552,0.019,0.076,5.682,0.003,-0.529
00:00:05.665,1572945515978,2.99,0.065,21.492,0.664,3.0,0.087,4.601,0.019,0.076,5.757999999999999,0.003,-0.529
00:00:05.666,1572945515979,2.975,0.067,21.931,0.664,3.0,0.08800000000000001,4.651,0.019,0.077,5.835,0.004,-0.529
00:00:05.723,1572945516036,2.958,0.068,21.931,0.664,3.0,0.08800000000000001,4.703,0.019,0.077,5.9179999999999975,0.005,-0.529
00:00:05.724,1572945516037,2.943,0.069,21.931,0.664,3.0,0.08800000000000001,4.749,0.02,0.078,5.992000000000001,0.005,-0.529
00:00:05.725,1572945516038,2.928,0.07,21.931,0.664,3.0,0.08800000000000001,4.797,0.02,0.078,6.0710000000000015,0.006,-0.529
00:00:05.766,1572945516079,2.911,0.071,21.931,0.664,3.0,0.08800000000000001,4.848,0.02,0.078,6.157,0.006999999999999999,-0.529
00:00:05.767,1572945516080,2.892,0.071,21.931,0.664,3.0,0.08800000000000001,4.893,0.02,0.078,6.233,0.006999999999999999,-0.53
00:00:05.768,1572945516081,2.869,0.07200000000000001,21.931,0.664,3.0,0.08800000000000001,4.944,0.02,0.079,6.32,0.008,-0.53
00:00:05.814,1572945516127,2.846,0.073,21.931,0.664,3.0,0.08800000000000001,4.9910000000000005,0.02,0.079,6.403,0.009000000000000001,-0.53
00:00:05.815,1572945516128,2.825,0.07400000000000001,21.931,0.664,3.0,0.08800000000000001,5.035,0.02,0.08,6.481,0.01,-0.53
00:00:05.816,1572945516129,2.804,0.075,21.931,0.664,3.0,0.08900000000000001,5.081,0.02,0.08,6.565,0.011,-0.53
00:00:05.864,1572945516177,2.784,0.075,21.931,0.664,3.0,0.08900000000000001,5.127000000000002,0.021,0.08,6.65,0.012,-0.53
00:00:05.865,1572945516178,2.765,0.075,21.931,0.664,3.0,0.08800000000000001,5.172999999999999,0.021,0.081,6.7360000000000015,0.013,-0.53
00:00:05.866,1572945516179,2.747,0.07400000000000001,21.785,0.664,3.0,0.087,5.2189999999999985,0.021,0.081,6.823,0.014,-0.53
00:00:05.915,1572945516228,2.73,0.073,21.785,0.664,3.0,0.087,5.2639999999999985,0.021,0.08199999999999999,6.91,0.015,-0.53
00:00:05.916,1572945516229,2.7110000000000003,0.071,21.785,0.664,3.0,0.087,5.309,0.021,0.08199999999999999,6.9979999999999976,0.016,-0.53
00:00:05.917,1572945516230,2.693,0.07,21.785,0.664,3.0,0.086,5.354,0.021,0.08199999999999999,7.0870000000000015,0.017,-0.53
00:00:05.966,1572945516279,2.674,0.068,21.785,0.664,3.0,0.086,5.398,0.021,0.08199999999999999,7.1770000000000005,0.018000000000000002,-0.53
00:00:05.967,1572945516280,2.656,0.067,21.785,0.664,3.0,0.085,5.442,0.02,0.08199999999999999,7.267,0.019,-0.53
00:00:05.968,1572945516281,2.639,0.065,21.785,0.664,3.0,0.085,5.4860000000000015,0.02,0.083,7.358,0.02,-0.53
00:00:06.017,1572945516330,2.6210000000000004,0.063,21.785,0.664,3.0,0.084,5.532,0.02,0.083,7.456,0.021,-0.53
00:00:06.018,1572945516331,2.605,0.062,21.785,0.664,3.0,0.084,5.573,0.02,0.08199999999999999,7.542000000000002,0.022,-0.53
00:00:06.019,1572945516332,2.589,0.059,21.785,0.664,3.0,0.083,5.615,0.02,0.08199999999999999,7.636,0.023,-0.53
00:00:06.069,1572945516382,2.572,0.056,21.785,0.664,3.0,0.08199999999999999,5.6629999999999985,0.019,0.08199999999999999,7.741,0.025,-0.529
00:00:06.070,1572945516383,2.5580000000000003,0.054000000000000006,21.785,0.664,3.0,0.081,5.7010000000000005,0.019,0.08199999999999999,7.824,0.026,-0.529
00:00:06.071,1572945516384,2.543,0.05,21.785,0.664,3.0,0.079,5.7429999999999986,0.019,0.081,7.92,0.027000000000000003,-0.529
00:00:06.072,1572945516385,2.526,0.045,21.785,0.664,3.0,0.078,5.787000000000001,0.018000000000000002,0.081,8.022,0.028,-0.529
00:00:06.128,1572945516441,2.512,0.041,21.785,0.664,3.0,0.076,5.8260000000000005,0.018000000000000002,0.08,8.112,0.029,-0.529
00:00:06.129,1572945516442,2.497,0.036000000000000004,21.785,0.664,3.0,0.075,5.8679999999999986,0.017,0.08,8.21,0.031,-0.529
00:00:06.130,1572945516443,2.482,0.03,21.785,0.664,3.0,0.073,5.909,0.016,0.079,8.308,0.032,-0.529
00:00:06.178,1572945516491,2.467,0.024,21.785,0.664,3.0,0.07200000000000001,5.95,0.016,0.079,8.407,0.033,-0.529
00:00:06.179,1572945516492,2.452,0.019,21.785,0.664,3.0,0.071,5.9929999999999986,0.015,0.078,8.513,0.035,-0.529
00:00:06.180,1572945516493,2.437,0.014,21.785,0.664,3.0,0.07,6.034,0.014,0.078,8.613,0.036000000000000004,-0.529
00:00:06.229,1572945516542,2.423,0.01,21.785,0.664,3.0,0.069,6.0710000000000015,0.013,0.077,8.707,0.037000000000000005,-0.529
00:00:06.230,1572945516543,2.408,0.006,21.785,0.664,3.0,0.068,6.1110000000000015,0.012,0.076,8.809,0.039,-0.529
00:00:06.231,1572945516544,2.395,0.004,21.785,0.664,3.0,0.067,6.151,0.012,0.076,8.911,0.04,-0.529
00:00:06.279,1572945516592,2.381,0.002,21.785,0.664,3.0,0.066,6.193,0.011,0.075,9.02,0.042,-0.529
00:00:06.280,1572945516593,2.369,0.001,21.785,0.664,3.0,0.065,6.23,0.01,0.075,9.117,0.043,-0.529
00:00:06.281,1572945516594,2.357,0.001,21.785,0.664,3.0,0.064,6.269,0.009000000000000001,0.07400000000000001,9.222,0.044,-0.529
00:00:06.329,1572945516642,2.346,0.0,21.785,0.664,3.0,0.063,6.308,0.009000000000000001,0.07400000000000001,9.326,0.046,-0.529
00:00:06.330,1572945516643,2.333,-0.001,21.785,0.664,3.0,0.062,6.349,0.008,0.073,9.438,0.047,-0.529
00:00:06.331,1572945516644,2.321,-0.002,21.785,0.664,3.0,0.06,6.39,0.008,0.073,9.551,0.049,-0.529
00:00:06.385,1572945516698,2.311,-0.004,21.785,0.664,3.0,0.058,6.422999999999999,0.006999999999999999,0.073,9.645,0.05,-0.529
00:00:06.386,1572945516699,2.3,-0.008,21.785,0.664,3.0,0.056,6.4620000000000015,0.006,0.073,9.752,0.051,-0.529
00:00:06.387,1572945516700,2.2880000000000003,-0.012,21.785,0.664,3.0,0.054000000000000006,6.502000000000002,0.006,0.073,9.867,0.053,-0.53
00:00:06.438,1572945516751,2.277,-0.018000000000000002,21.785,0.664,3.0,0.051,6.537000000000001,0.005,0.07200000000000001,9.969,0.054000000000000006,-0.53
00:00:06.439,1572945516752,2.266,-0.024,21.785,0.664,3.0,0.049,6.575,0.004,0.07200000000000001,10.078,0.056,-0.53
00:00:06.440,1572945516753,2.253,-0.033,21.785,0.664,3.0,0.046,6.617000000000001,0.003,0.07200000000000001,10.202,0.057,-0.53
00:00:06.481,1572945516794,2.239,-0.04,21.785,0.664,3.0,0.043,6.65,0.002,0.073,10.298,0.059,-0.53
00:00:06.482,1572945516795,2.22,-0.049,21.785,0.664,3.0,0.041,6.689,0.001,0.073,10.416,0.06,-0.53
00:00:06.483,1572945516796,2.204,-0.057,21.785,0.664,3.0,0.039,6.723,0.0,0.073,10.521,0.061,-0.53
00:00:06.537,1572945516850,2.191,-0.065,21.785,0.664,3.0,0.037000000000000005,6.759,-0.001,0.073,10.634,0.063,-0.53
00:00:06.538,1572945516851,2.182,-0.071,21.785,0.664,3.0,0.035,6.795,-0.002,0.073,10.747,0.064,-0.53
00:00:06.539,1572945516852,2.175,-0.077,21.785,0.664,3.0,0.034,6.8320000000000025,-0.003,0.07400000000000001,10.86,0.066,-0.53
00:00:06.581,1572945516894,2.17,-0.083,21.785,0.664,3.0,0.032,6.87,-0.005,0.07400000000000001,10.981,0.067,-0.53
00:00:06.582,1572945516895,2.167,-0.087,21.785,0.664,3.0,0.03,6.904,-0.006,0.07400000000000001,11.089,0.068,-0.53
00:00:06.583,1572945516896,2.164,-0.091,21.785,0.664,3.0,0.029,6.94,-0.006999999999999999,0.07400000000000001,11.204,0.07,-0.53
00:00:06.635,1572945516948,2.16,-0.094,21.785,0.664,3.0,0.027000000000000003,6.976,-0.008,0.075,11.32,0.071,-0.53
00:00:06.636,1572945516949,2.156,-0.098,21.785,0.664,3.0,0.026,7.0139999999999985,-0.009000000000000001,0.075,11.444,0.07200000000000001,-0.53
00:00:06.637,1572945516950,2.152,-0.102,21.785,0.664,3.0,0.024,7.0520000000000005,-0.01,0.075,11.569,0.07400000000000001,-0.53
00:00:06.683,1572945516996,2.148,-0.105,21.785,0.664,3.0,0.022,7.0829999999999975,-0.011,0.076,11.672,0.075,-0.53
00:00:06.684,1572945516997,2.144,-0.11,21.931,0.664,3.0,0.02,7.119,-0.011,0.076,11.79,0.076,-0.53
00:00:06.685,1572945516998,2.14,-0.115,21.931,0.664,3.0,0.018000000000000002,7.159,-0.012,0.076,11.924,0.077,-0.53
00:00:06.734,1572945517047,2.137,-0.119,21.931,0.664,3.0,0.017,7.192,-0.013,0.077,12.036,0.078,-0.53
00:00:06.735,1572945517048,2.136,-0.123,21.931,0.664,3.0,0.015,7.226,-0.014,0.077,12.149,0.079,-0.53
00:00:06.736,1572945517049,2.134,-0.128,21.931,0.664,3.0,0.013,7.266,-0.015,0.077,12.285,0.081,-0.53
00:00:06.737,1572945517050,2.132,-0.131,21.931,0.664,3.0,0.012,7.2970000000000015,-0.016,0.077,12.390999999999998,0.08199999999999999,-0.53
00:00:06.785,1572945517098,2.129,-0.135,21.931,0.664,3.0,0.01,7.334,-0.016,0.077,12.52,0.083,-0.53
00:00:06.786,1572945517099,2.125,-0.138,21.931,0.664,3.0,0.009000000000000001,7.3679999999999986,-0.017,0.078,12.635,0.084,-0.53
00:00:06.787,1572945517100,2.121,-0.14,21.931,0.664,3.0,0.006999999999999999,7.405,-0.018000000000000002,0.078,12.765999999999998,0.085,-0.53
00:00:06.835,1572945517148,2.117,-0.142,21.931,0.664,3.0,0.006,7.438,-0.018000000000000002,0.078,12.882,0.086,-0.53
00:00:06.836,1572945517149,2.113,-0.14300000000000002,21.931,0.664,3.0,0.005,7.473,-0.019,0.078,13.005999999999998,0.086,-0.53
00:00:06.837,1572945517150,2.109,-0.14400000000000002,21.931,0.664,3.0,0.003,7.507999999999999,-0.02,0.078,13.130999999999998,0.087,-0.53
00:00:06.887,1572945517200,2.105,-0.145,21.931,0.664,3.0,0.002,7.542999999999997,-0.02,0.078,13.257,0.08800000000000001,-0.53
00:00:06.888,1572945517201,2.101,-0.146,21.931,0.664,3.0,0.0,7.5779999999999985,-0.021,0.079,13.383,0.08900000000000001,-0.53
00:00:06.889,1572945517202,2.0980000000000003,-0.146,21.931,0.664,3.0,-0.001,7.616,-0.021,0.079,13.517,0.09,-0.53
00:00:06.936,1572945517249,2.095,-0.146,21.931,0.664,3.0,-0.002,7.65,-0.021,0.079,13.644,0.091,-0.53
00:00:06.937,1572945517250,2.092,-0.146,21.931,0.664,3.0,-0.004,7.683,-0.022,0.079,13.764,0.091,-0.53
00:00:06.938,1572945517251,2.089,-0.147,21.931,0.664,3.0,-0.005,7.72,-0.022,0.079,13.901,0.092,-0.53
00:00:06.987,1572945517300,2.086,-0.147,21.931,0.664,3.0,-0.006,7.755,-0.022,0.079,14.03,0.093,-0.53
00:00:06.988,1572945517301,2.083,-0.14800000000000002,21.931,0.664,3.0,-0.008,7.792000000000002,-0.023,0.079,14.167,0.093,-0.53
00:00:06.989,1572945517302,2.0780000000000003,-0.149,21.931,0.664,3.0,-0.009000000000000001,7.822,-0.023,0.079,14.281,0.094,-0.53
00:00:07.038,1572945517351,2.086,-0.15,21.931,0.664,3.0,-0.011,7.859,-0.023,0.08,14.42,0.094,-0.53
00:00:07.039,1572945517352,2.147,-0.152,21.931,0.664,3.0,-0.012,7.898,-0.023,0.08,14.559,0.095,-0.53
00:00:07.040,1572945517353,2.227,-0.155,21.931,0.664,3.0,-0.013,7.934,-0.024,0.08,14.683,0.095,-0.53
00:00:07.092,1572945517405,2.287,-0.158,21.931,0.664,3.0,-0.015,7.971,-0.024,0.081,14.807,0.096,-0.53
00:00:07.093,1572945517406,2.298,-0.161,21.931,0.664,3.0,-0.016,8.011000000000001,-0.024,0.08199999999999999,14.949000000000002,0.096,-0.53
00:00:07.094,1572945517407,2.26,-0.166,21.931,0.664,3.0,-0.018000000000000002,8.048,-0.024,0.083,15.083,0.096,-0.53
00:00:07.139,1572945517452,2.191,-0.171,21.931,0.664,3.0,-0.019,8.086,-0.025,0.083,15.226,0.096,-0.53
00:00:07.140,1572945517453,2.123,-0.17600000000000002,21.931,0.664,3.0,-0.021,8.118,-0.025,0.084,15.352,0.097,-0.53
00:00:07.141,1572945517454,2.06,-0.181,21.931,0.664,3.0,-0.022,8.149,-0.026,0.084,15.479,0.097,-0.53
00:00:07.190,1572945517503,1.999,-0.187,21.931,0.664,3.0,-0.023,8.184,-0.026,0.085,15.624,0.097,-0.53
00:00:07.191,1572945517504,1.955,-0.193,21.931,0.664,3.0,-0.024,8.216000000000001,-0.027000000000000003,0.085,15.761,0.097,-0.53
00:00:07.192,1572945517505,1.922,-0.198,21.931,0.664,3.0,-0.025,8.248,-0.027000000000000003,0.085,15.898,0.097,-0.53
00:00:07.240,1572945517553,1.896,-0.203,21.931,0.664,3.0,-0.025,8.279,-0.028,0.084,16.035,0.097,-0.53
00:00:07.241,1572945517554,1.877,-0.206,21.931,0.664,3.0,-0.026,8.308,-0.028,0.084,16.165,0.097,-0.531
00:00:07.242,1572945517555,1.858,-0.21,21.931,0.664,3.0,-0.026,8.341000000000001,-0.029,0.084,16.312,0.097,-0.531
00:00:07.290,1572945517603,1.84,-0.212,21.931,0.664,3.0,-0.026,8.371,-0.029,0.084,16.452,0.097,-0.531
00:00:07.291,1572945517604,1.821,-0.213,21.931,0.664,3.0,-0.026,8.402999999999999,-0.029,0.083,16.6,0.096,-0.531
00:00:07.292,1572945517605,1.805,-0.213,21.931,0.664,3.0,-0.026,8.431000000000001,-0.03,0.083,16.732,0.096,-0.531
00:00:07.340,1572945517653,1.789,-0.213,21.931,0.664,3.0,-0.026,8.461,-0.03,0.08199999999999999,16.873,0.096,-0.531
00:00:07.341,1572945517654,1.773,-0.212,21.931,0.664,3.0,-0.025,8.492,-0.03,0.08199999999999999,17.023,0.095,-0.531
00:00:07.342,1572945517655,1.759,-0.21,21.931,0.664,3.0,-0.025,8.519,-0.03,0.081,17.156,0.095,-0.531
00:00:07.394,1572945517707,1.745,-0.209,21.931,0.664,3.0,-0.025,8.548,-0.03,0.081,17.298,0.094,-0.531
00:00:07.395,1572945517708,1.731,-0.206,21.931,0.664,3.0,-0.025,8.577,-0.03,0.08,17.441,0.093,-0.531
00:00:07.396,1572945517709,1.7180000000000002,-0.204,21.931,0.664,3.0,-0.025,8.605,-0.03,0.079,17.584,0.093,-0.531
00:00:07.444,1572945517757,1.706,-0.201,21.931,0.664,3.0,-0.024,8.634,-0.029,0.079,17.727,0.092,-0.53
00:00:07.445,1572945517758,1.694,-0.197,21.931,0.664,3.0,-0.024,8.662,-0.029,0.078,17.872,0.091,-0.53
00:00:07.446,1572945517759,1.683,-0.193,21.931,0.664,3.0,-0.024,8.69,-0.029,0.077,18.016,0.09,-0.53
00:00:07.494,1572945517807,1.672,-0.188,21.931,0.664,3.0,-0.024,8.717,-0.029,0.076,18.161,0.08900000000000001,-0.53
00:00:07.495,1572945517808,1.662,-0.182,21.931,0.664,3.0,-0.023,8.745,-0.028,0.075,18.307,0.08900000000000001,-0.53
00:00:07.496,1572945517809,1.652,-0.175,21.931,0.664,3.0,-0.023,8.772,-0.028,0.07400000000000001,18.453,0.08800000000000001,-0.53
00:00:07.545,1572945517858,1.642,-0.168,21.931,0.664,3.0,-0.022,8.8,-0.027000000000000003,0.073,18.599,0.086,-0.53
00:00:07.546,1572945517859,1.633,-0.16,21.931,0.664,3.0,-0.022,8.827,-0.026,0.07200000000000001,18.746,0.085,-0.53
00:00:07.547,1572945517860,1.624,-0.152,21.931,0.664,3.0,-0.022,8.854,-0.026,0.071,18.893,0.084,-0.53
00:00:07.603,1572945517916,1.615,-0.14400000000000002,22.44400000000001,0.664,3.0,-0.022,8.88,-0.025,0.07,19.041,0.083,-0.53
00:00:07.604,1572945517917,1.608,-0.13699999999999998,22.44400000000001,0.664,3.0,-0.022,8.906,-0.024,0.069,19.18,0.08199999999999999,-0.53
00:00:07.605,1572945517918,1.6030000000000002,-0.129,22.44400000000001,0.664,3.0,-0.022,8.934,-0.023,0.067,19.338,0.081,-0.53
00:00:07.645,1572945517958,1.599,-0.121,22.44400000000001,0.664,3.0,-0.022,8.96,-0.022,0.066,19.487,0.079,-0.53
00:00:07.646,1572945517959,1.596,-0.113,22.44400000000001,0.664,3.0,-0.021,8.987,-0.021,0.065,19.637,0.078,-0.53
00:00:07.647,1572945517960,1.592,-0.105,22.44400000000001,0.664,3.0,-0.021,9.014,-0.02,0.065,19.787,0.077,-0.53
00:00:07.696,1572945518009,1.588,-0.095,23.323,0.664,3.0,-0.02,9.04,-0.019,0.064,19.937,0.075,-0.53
00:00:07.697,1572945518010,1.584,-0.083,23.323,0.664,3.0,-0.019,9.068,-0.018000000000000002,0.063,20.097,0.07400000000000001,-0.53
00:00:07.698,1572945518011,1.582,-0.071,23.323,0.664,3.0,-0.018000000000000002,9.093,-0.017,0.062,20.239,0.07200000000000001,-0.53
00:00:07.746,1572945518059,1.5830000000000002,-0.058,23.323,0.664,3.0,-0.018000000000000002,9.119,-0.016,0.062,20.391,0.071,-0.53
00:00:07.747,1572945518060,1.584,-0.044,23.323,0.664,3.0,-0.017,9.147,-0.014,0.061,20.553,0.069,-0.53
00:00:07.748,1572945518061,1.5830000000000002,-0.033,23.323,0.664,3.0,-0.017,9.172,-0.013,0.061,20.696,0.068,-0.53
00:00:07.796,1572945518109,1.581,-0.021,23.616,0.664,3.0,-0.017,9.198,-0.011,0.06,20.849,0.066,-0.53
00:00:07.797,1572945518110,1.578,-0.012,23.616,0.664,3.0,-0.017,9.224,-0.01,0.06,21.003,0.065,-0.53
00:00:07.798,1572945518111,1.575,-0.004,23.616,0.664,3.0,-0.018000000000000002,9.251,-0.009000000000000001,0.06,21.157,0.063,-0.53
00:00:07.846,1572945518159,1.5719999999999998,0.002,23.616,0.664,3.0,-0.018000000000000002,9.277,-0.008,0.06,21.311,0.062,-0.53
00:00:07.847,1572945518160,1.568,0.006,23.616,0.664,3.0,-0.019,9.303,-0.006,0.06,21.466,0.06,-0.531
00:00:07.848,1572945518161,1.564,0.009000000000000001,23.616,0.664,3.0,-0.02,9.329,-0.005,0.06,21.621,0.059,-0.531
00:00:07.897,1572945518210,1.56,0.01,23.616,0.664,3.0,-0.02,9.355,-0.005,0.061,21.777,0.057,-0.531
00:00:07.898,1572945518211,1.555,0.011,23.616,0.664,3.0,-0.021,9.381,-0.004,0.061,21.933000000000003,0.056,-0.531
00:00:07.899,1572945518212,1.551,0.012,23.616,0.664,3.0,-0.021,9.406,-0.003,0.061,22.089,0.054000000000000006,-0.531
00:00:07.948,1572945518261,1.546,0.013,23.616,0.664,3.0,-0.021,9.432,-0.003,0.062,22.246,0.053,-0.531
00:00:07.949,1572945518262,1.541,0.015,23.616,0.664,3.0,-0.02,9.458,-0.002,0.062,22.404,0.051,-0.531
00:00:07.950,1572945518263,1.536,0.018000000000000002,23.616,0.664,3.0,-0.02,9.483,-0.001,0.062,22.562,0.05,-0.531
00:00:07.998,1572945518311,1.5319999999999998,0.021,23.616,0.664,3.0,-0.019,9.509,-0.001,0.063,22.72,0.048,-0.531
00:00:07.999,1572945518312,1.527,0.026,23.616,0.664,3.0,-0.018000000000000002,9.536,0.0,0.063,22.888,0.047,-0.531
00:00:08.000,1572945518313,1.523,0.032,23.616,0.664,3.0,-0.017,9.56,0.0,0.063,23.038,0.045,-0.531
00:00:08.048,1572945518361,1.519,0.037000000000000005,23.616,0.664,3.0,-0.016,9.585,0.001,0.064,23.197,0.044,-0.531
00:00:08.049,1572945518362,1.515,0.044,23.616,0.664,3.0,-0.016,9.612,0.001,0.064,23.367,0.042,-0.531
00:00:08.050,1572945518363,1.511,0.049,23.616,0.664,3.0,-0.015,9.635,0.002,0.065,23.518,0.041,-0.531
00:00:08.098,1572945518411,1.507,0.054000000000000006,23.616,0.664,3.0,-0.015,9.66,0.003,0.065,23.678,0.04,-0.531
00:00:08.099,1572945518412,1.504,0.058,23.616,0.664,3.0,-0.014,9.685,0.003,0.065,23.84,0.038,-0.531
00:00:08.100,1572945518413,1.5,0.062,23.616,0.664,3.0,-0.014,9.71,0.004,0.065,24.001,0.037000000000000005,-0.531
00:00:08.149,1572945518462,1.496,0.065,23.616,0.664,3.0,-0.014,9.735,0.004,0.066,24.163,0.035,-0.531
00:00:08.150,1572945518463,1.493,0.068,23.616,0.664,3.0,-0.013,9.76,0.005,0.066,24.326,0.034,-0.531
00:00:08.151,1572945518464,1.489,0.069,23.616,0.664,3.0,-0.013,9.785,0.005,0.066,24.489,0.032,-0.531
00:00:08.200,1572945518513,1.485,0.071,23.616,0.664,3.0,-0.013,9.809,0.006,0.066,24.652,0.031,-0.531
00:00:08.201,1572945518514,1.482,0.07200000000000001,23.616,0.664,3.0,-0.013,9.834,0.006,0.066,24.815,0.03,-0.531
00:00:08.202,1572945518515,1.4780000000000002,0.073,23.616,0.664,3.0,-0.013,9.859,0.006,0.066,24.98,0.028,-0.531
00:00:08.257,1572945518570,1.475,0.07400000000000001,23.616,0.664,3.0,-0.012,9.883,0.006999999999999999,0.066,25.144,0.027000000000000003,-0.531
00:00:08.258,1572945518571,1.472,0.075,23.616,0.664,3.0,-0.012,9.908,0.006999999999999999,0.067,25.309,0.026,-0.531
00:00:08.259,1572945518572,1.4680000000000002,0.076,23.616,0.664,3.0,-0.012,9.932,0.006999999999999999,0.066,25.474,0.024,-0.531
00:00:08.260,1572945518573,1.465,0.077,23.616,0.664,3.0,-0.012,9.956,0.006999999999999999,0.066,25.64,0.023,-0.531
00:00:08.302,1572945518615,1.462,0.078,23.616,0.664,3.0,-0.011,9.982,0.006999999999999999,0.066,25.817,0.022,-0.531
00:00:08.303,1572945518616,1.459,0.079,23.616,0.664,3.0,-0.011,10.005,0.006999999999999999,0.066,25.97300000000001,0.021,-0.531
00:00:08.304,1572945518617,1.455,0.08,23.616,0.664,3.0,-0.011,10.029,0.006999999999999999,0.066,26.14,0.02,-0.531
00:00:08.353,1572945518666,1.452,0.081,23.616,0.664,3.0,-0.011,10.055,0.008,0.066,26.318,0.018000000000000002,-0.531
00:00:08.354,1572945518667,1.449,0.08199999999999999,23.616,0.664,3.0,-0.01,10.077,0.008,0.066,26.475,0.017,-0.531
00:00:08.355,1572945518668,1.446,0.08199999999999999,23.762,0.664,3.0,-0.01,10.102,0.008,0.066,26.643,0.016,-0.531
00:00:08.402,1572945518715,1.443,0.083,23.762,0.664,3.0,-0.01,10.126,0.008,0.066,26.812,0.015,-0.531
00:00:08.403,1572945518716,1.4409999999999998,0.084,23.762,0.664,3.0,-0.009000000000000001,10.15,0.008,0.065,26.98,0.014,-0.531
00:00:08.404,1572945518717,1.439,0.085,23.762,0.664,3.0,-0.009000000000000001,10.173,0.008,0.065,27.15,0.013,-0.531
00:00:08.456,1572945518769,1.4369999999999998,0.085,23.762,0.664,3.0,-0.009000000000000001,10.197,0.008,0.065,27.32,0.012,-0.531
00:00:08.457,1572945518770,1.435,0.086,23.762,0.664,3.0,-0.009000000000000001,10.221,0.008,0.065,27.49,0.011,-0.531
00:00:08.458,1572945518771,1.433,0.086,23.982,0.664,3.0,-0.008,10.245,0.008,0.065,27.66,0.01,-0.531
00:00:08.503,1572945518816,1.431,0.086,23.982,0.664,3.0,-0.008,10.269,0.008,0.064,27.831,0.009000000000000001,-0.531
00:00:08.504,1572945518817,1.429,0.087,23.982,0.664,3.0,-0.008,10.293,0.008,0.064,28.003,0.008,-0.531
00:00:08.505,1572945518818,1.4280000000000002,0.087,23.982,0.664,3.0,-0.008,10.317,0.008,0.064,28.174,0.006999999999999999,-0.531
00:00:08.553,1572945518866,1.4269999999999998,0.08800000000000001,23.982,0.664,3.0,-0.006999999999999999,10.34,0.008,0.064,28.346,0.006,-0.531
00:00:08.554,1572945518867,1.426,0.08800000000000001,23.982,0.664,3.0,-0.006999999999999999,10.364,0.008,0.064,28.519,0.005,-0.531
00:00:08.555,1572945518868,1.4240000000000002,0.08800000000000001,24.129,0.664,3.0,-0.006999999999999999,10.388,0.008,0.063,28.692,0.004,-0.531
00:00:08.604,1572945518917,1.422,0.08900000000000001,24.129,0.664,3.0,-0.006999999999999999,10.411,0.008,0.063,28.865,0.003,-0.531
00:00:08.605,1572945518918,1.42,0.08900000000000001,24.129,0.664,3.0,-0.006999999999999999,10.435,0.008,0.063,29.039,0.002,-0.531
00:00:08.606,1572945518919,1.418,0.08900000000000001,24.129,0.664,3.0,-0.006,10.459,0.008,0.063,29.213,0.001,-0.531
00:00:08.669,1572945518982,1.416,0.08900000000000001,24.129,0.664,3.0,-0.006,10.484000000000002,0.008,0.063,29.399,0.0,-0.531
00:00:08.670,1572945518983,1.415,0.09,24.129,0.664,3.0,-0.006,10.505999999999998,0.008,0.063,29.563,0.0,-0.531
00:00:08.671,1572945518984,1.412,0.09,24.275,0.664,3.0,-0.006,10.529000000000002,0.008,0.063,29.738000000000003,-0.001,-0.531
00:00:08.706,1572945519019,1.41,0.09,24.275,0.664,3.0,-0.006,10.554,0.008,0.063,29.925,-0.002,-0.531
00:00:08.707,1572945519020,1.408,0.091,24.275,0.664,3.0,-0.006,10.576,0.008,0.063,30.09,-0.003,-0.531
00:00:08.708,1572945519021,1.4069999999999998,0.091,24.275,0.664,3.0,-0.006,10.6,0.008,0.063,30.266,-0.003,-0.531
00:00:08.762,1572945519075,1.405,0.092,24.275,0.664,3.0,-0.006,10.623,0.008,0.063,30.443,-0.004,-0.531
00:00:08.763,1572945519076,1.403,0.092,24.275,0.664,3.0,-0.006,10.646,0.008,0.063,30.62,-0.005,-0.531
00:00:08.764,1572945519077,1.401,0.093,24.495,0.664,3.0,-0.006,10.67,0.008,0.063,30.798,-0.005,-0.531
00:00:08.808,1572945519121,1.399,0.093,24.495,0.664,3.0,-0.006,10.693,0.008,0.063,30.976,-0.006,-0.531
00:00:08.809,1572945519122,1.398,0.093,24.495,0.664,3.0,-0.006,10.716,0.008,0.064,31.154,-0.006,-0.531
00:00:08.810,1572945519123,1.3969999999999998,0.093,24.495,0.664,3.0,-0.006,10.74,0.008,0.064,31.333,-0.006999999999999999,-0.531
00:00:08.857,1572945519170,1.3969999999999998,0.094,24.495,0.664,3.0,-0.006,10.763,0.008,0.064,31.512,-0.006999999999999999,-0.531
00:00:08.858,1572945519171,1.395,0.094,24.495,0.664,3.0,-0.005,10.786,0.008,0.064,31.692,-0.008,-0.531
00:00:08.859,1572945519172,1.394,0.094,24.641,0.664,3.0,-0.005,10.809,0.008,0.064,31.872,-0.008,-0.531
00:00:08.908,1572945519221,1.392,0.094,24.641,0.664,3.0,-0.005,10.833,0.008,0.064,32.052,-0.009000000000000001,-0.531
00:00:08.909,1572945519222,1.39,0.093,24.641,0.664,3.0,-0.006,10.856,0.008,0.064,32.233000000000004,-0.009000000000000001,-0.531
00:00:08.910,1572945519223,1.389,0.093,24.641,0.664,3.0,-0.006,10.879,0.008,0.065,32.414,-0.01,-0.531
00:00:08.958,1572945519271,1.388,0.093,24.641,0.664,3.0,-0.006,10.903,0.008,0.065,32.607,-0.01,-0.531
00:00:08.959,1572945519272,1.386,0.093,24.641,0.664,3.0,-0.006,10.925,0.008,0.065,32.777,-0.01,-0.531
00:00:08.960,1572945519273,1.384,0.093,24.641,0.664,3.0,-0.006,10.948,0.008,0.065,32.96,-0.011,-0.531
00:00:09.022,1572945519335,1.382,0.093,24.641,0.664,3.0,-0.006,10.972,0.008,0.065,33.154,-0.011,-0.531
00:00:09.023,1572945519336,1.379,0.093,24.641,0.664,3.0,-0.006,10.994000000000002,0.008,0.065,33.325,-0.011,-0.531
00:00:09.024,1572945519337,1.3769999999999998,0.094,24.641,0.664,3.0,-0.006,11.017,0.008,0.065,33.509,-0.012,-0.531
00:00:09.070,1572945519383,1.374,0.095,24.641,0.664,3.0,-0.006,11.041,0.008,0.065,33.704,-0.012,-0.531
00:00:09.071,1572945519384,1.371,0.095,24.641,0.664,3.0,-0.006,11.063,0.008,0.065,33.876999999999995,-0.012,-0.531
00:00:09.072,1572945519385,1.368,0.096,24.788,1.128,3.0,-0.006,11.085,0.008,0.066,34.061,-0.012,-0.531
00:00:09.073,1572945519386,1.36,0.096,24.788,1.128,3.0,-0.006,11.108,0.008,0.066,34.246,-0.012,-0.531
00:00:09.119,1572945519432,1.355,0.096,24.788,1.128,3.0,-0.006,11.13,0.008,0.066,34.431999999999995,-0.012,-0.531
00:00:09.120,1572945519433,1.352,0.096,24.788,1.128,3.0,-0.006,11.153,0.008,0.066,34.617,-0.012,-0.531
00:00:09.121,1572945519434,1.35,0.096,24.788,1.128,3.0,-0.006,11.175,0.008,0.066,34.803000000000004,-0.012,-0.531
00:00:09.169,1572945519482,1.348,0.096,24.788,1.128,3.0,-0.006,11.198,0.008,0.066,34.99,-0.013,-0.531
00:00:09.170,1572945519483,1.347,0.097,24.641,0.664,3.0,-0.006,11.22,0.008,0.066,35.177,-0.013,-0.531
00:00:09.171,1572945519484,1.351,0.098,24.641,0.664,3.0,-0.006,11.243,0.008,0.066,35.36400000000001,-0.013,-0.531
00:00:09.220,1572945519533,1.352,0.099,24.641,0.664,3.0,-0.006,11.265,0.008,0.066,35.551,-0.012,-0.531
00:00:09.221,1572945519534,1.35,0.1,24.641,0.664,3.0,-0.006,11.288,0.008,0.066,35.73900000000001,-0.012,-0.531
00:00:09.222,1572945519535,1.347,0.101,24.641,0.664,3.0,-0.006,11.31,0.008,0.065,35.92800000000001,-0.012,-0.531
00:00:09.276,1572945519589,1.3430000000000002,0.103,24.641,0.664,3.0,-0.006,11.333,0.008,0.065,36.116,-0.012,-0.531
00:00:09.277,1572945519590,1.34,0.105,24.641,0.664,3.0,-0.006,11.355,0.008,0.065,36.305,-0.012,-0.531
00:00:09.278,1572945519591,1.338,0.107,24.641,0.664,3.0,-0.006,11.379,0.008,0.065,36.507,-0.012,-0.531
00:00:09.322,1572945519635,1.336,0.11,24.641,0.664,3.0,-0.006,11.399,0.008,0.065,36.685,-0.012,-0.531
00:00:09.323,1572945519636,1.334,0.113,24.641,0.664,3.0,-0.006,11.422,0.008,0.065,36.875,-0.011,-0.531
00:00:09.324,1572945519637,1.331,0.116,24.641,0.664,3.0,-0.006,11.445,0.008,0.065,37.077,-0.011,-0.531
00:00:09.372,1572945519685,1.33,0.119,24.641,0.664,3.0,-0.006,11.466,0.009000000000000001,0.065,37.256,-0.011,-0.531
00:00:09.373,1572945519686,1.328,0.121,24.641,0.664,3.0,-0.006999999999999999,11.488,0.009000000000000001,0.065,37.448,-0.01,-0.531
00:00:09.374,1572945519687,1.3259999999999998,0.123,24.641,0.664,3.0,-0.006999999999999999,11.51,0.009000000000000001,0.065,37.639,-0.01,-0.531
00:00:09.423,1572945519736,1.324,0.125,24.641,0.664,3.0,-0.006999999999999999,11.532,0.009000000000000001,0.065,37.831,-0.01,-0.531
00:00:09.424,1572945519737,1.3219999999999998,0.126,24.641,0.664,3.0,-0.008,11.554,0.009000000000000001,0.064,38.024,-0.009000000000000001,-0.531
00:00:09.425,1572945519738,1.32,0.126,24.641,0.664,3.0,-0.008,11.576,0.009000000000000001,0.064,38.216,-0.009000000000000001,-0.531
00:00:09.473,1572945519786,1.317,0.127,24.641,0.664,3.0,-0.008,11.598,0.009000000000000001,0.064,38.41,-0.008,-0.531
00:00:09.474,1572945519787,1.315,0.126,24.788,1.128,3.0,-0.009000000000000001,11.62,0.009000000000000001,0.064,38.603,-0.008,-0.531
00:00:09.475,1572945519788,1.308,0.126,24.788,1.128,3.0,-0.009000000000000001,11.642,0.009000000000000001,0.064,38.797,-0.006999999999999999,-0.531
00:00:09.527,1572945519840,1.3019999999999998,0.125,24.788,1.128,3.0,-0.01,11.663,0.009000000000000001,0.064,38.991,-0.006,-0.531
00:00:09.528,1572945519841,1.3,0.125,24.788,1.128,3.0,-0.01,11.685,0.009000000000000001,0.064,39.186,-0.006,-0.531
00:00:09.529,1572945519842,1.2990000000000002,0.124,24.788,1.128,3.0,-0.01,11.706,0.009000000000000001,0.064,39.381,-0.005,-0.531
00:00:09.577,1572945519890,1.298,0.123,24.788,1.128,3.0,-0.011,11.728,0.009000000000000001,0.064,39.576,-0.004,-0.531
00:00:09.578,1572945519891,1.298,0.123,25.301,0.664,3.0,-0.011,11.75,0.009000000000000001,0.064,39.772,-0.003,-0.531
00:00:09.579,1572945519892,1.3030000000000002,0.123,25.301,0.664,3.0,-0.011,11.773,0.009000000000000001,0.064,39.98,-0.003,-0.531
00:00:09.633,1572945519946,1.308,0.123,25.301,0.664,3.0,-0.011,11.793,0.009000000000000001,0.064,40.164,-0.002,-0.531
00:00:09.634,1572945519947,1.3119999999999998,0.122,25.301,0.664,3.0,-0.012,11.815,0.008,0.064,40.361,-0.001,-0.531
00:00:09.635,1572945519948,1.3159999999999998,0.122,25.301,0.664,3.0,-0.012,11.839,0.008,0.064,40.57,0.0,-0.531
00:00:09.679,1572945519992,1.318,0.122,25.301,0.664,3.0,-0.012,11.859000000000002,0.008,0.064,40.755,0.001,-0.531
00:00:09.680,1572945519993,1.319,0.121,25.667,0.664,3.0,-0.012,11.88,0.008,0.064,40.941,0.002,-0.531
00:00:09.681,1572945519994,1.319,0.121,25.667,0.664,3.0,-0.012,11.902,0.008,0.064,41.139,0.003,-0.531
00:00:09.729,1572945520042,1.32,0.121,25.667,0.664,3.0,-0.012,11.923,0.008,0.064,41.325,0.004,-0.531
00:00:09.730,1572945520043,1.321,0.121,25.667,0.664,3.0,-0.012,11.945,0.008,0.064,41.524,0.005,-0.532
00:00:09.731,1572945520044,1.3219999999999998,0.12,25.667,0.664,3.0,-0.012,11.967,0.008,0.065,41.723,0.006,-0.532
00:00:09.780,1572945520093,1.3230000000000002,0.12,25.667,0.664,3.0,-0.012,11.989,0.008,0.065,41.923,0.006999999999999999,-0.532
00:00:09.781,1572945520094,1.3230000000000002,0.12,25.667,0.664,3.0,-0.012,12.011,0.008,0.065,42.12300000000001,0.009000000000000001,-0.532
00:00:09.782,1572945520095,1.3219999999999998,0.12,25.667,0.664,3.0,-0.013,12.033,0.008,0.065,42.323,0.01,-0.532
00:00:09.831,1572945520144,1.32,0.12,25.667,0.664,3.0,-0.013,12.055,0.008,0.065,42.524,0.011,-0.532
00:00:09.832,1572945520145,1.318,0.119,25.667,0.664,3.0,-0.013,12.077,0.008,0.066,42.725,0.013,-0.532
00:00:09.833,1572945520146,1.3159999999999998,0.119,25.667,0.664,3.0,-0.013,12.099,0.008,0.066,42.926,0.014,-0.532
00:00:09.881,1572945520194,1.314,0.119,25.667,0.664,3.0,-0.013,12.12,0.008,0.066,43.128,0.015,-0.532
00:00:09.882,1572945520195,1.3119999999999998,0.119,25.667,0.664,3.0,-0.013,12.142,0.008,0.066,43.33,0.017,-0.532
00:00:09.883,1572945520196,1.31,0.119,25.667,0.664,3.0,-0.013,12.164,0.008,0.066,43.533,0.018000000000000002,-0.532
00:00:09.932,1572945520245,1.308,0.12,25.667,0.664,3.0,-0.014,12.186,0.008,0.066,43.736,0.02,-0.532
00:00:09.933,1572945520246,1.306,0.121,25.667,0.664,3.0,-0.014,12.209,0.008,0.067,43.952,0.021,-0.532
00:00:09.934,1572945520247,1.304,0.122,25.667,0.664,3.0,-0.013,12.231,0.008,0.067,44.15600000000001,0.023,-0.532
00:00:09.982,1572945520295,1.3019999999999998,0.122,25.667,0.664,3.0,-0.014,12.251,0.008,0.067,44.347,0.024,-0.532
00:00:09.983,1572945520296,1.3,0.122,25.667,0.664,3.0,-0.014,12.273,0.008,0.067,44.551,0.026,-0.532
00:00:09.984,1572945520297,1.298,0.12,25.667,0.664,3.0,-0.015,12.296,0.008,0.067,44.769,0.028,-0.532
00:00:10.037,1572945520350,1.296,0.117,25.667,0.664,3.0,-0.015,12.316,0.006999999999999999,0.067,44.96100000000001,0.029,-0.532
00:00:10.038,1572945520351,1.295,0.111,25.667,0.664,3.0,-0.016,12.337,0.006999999999999999,0.067,45.166,0.031,-0.532
00:00:10.039,1572945520352,1.293,0.104,25.667,0.664,3.0,-0.018000000000000002,12.359000000000002,0.006999999999999999,0.067,45.372,0.033,-0.532
00:00:10.040,1572945520353,1.291,0.095,25.667,0.664,3.0,-0.018000000000000002,12.38,0.006,0.067,45.578,0.035,-0.532
00:00:10.086,1572945520399,1.289,0.086,25.667,1.128,3.0,-0.019,12.402,0.006,0.067,45.785,0.036000000000000004,-0.532
00:00:10.087,1572945520400,1.2819999999999998,0.078,25.667,1.128,3.0,-0.019,12.423,0.005,0.067,45.992,0.038,-0.532
00:00:10.088,1572945520401,1.276,0.071,25.667,1.128,3.0,-0.019,12.444,0.004,0.067,46.199,0.04,-0.532
00:00:10.137,1572945520450,1.272,0.066,25.667,1.128,3.0,-0.018000000000000002,12.465,0.004,0.068,46.407,0.042,-0.532
00:00:10.138,1572945520451,1.27,0.063,25.667,1.128,3.0,-0.017,12.487,0.003,0.068,46.614,0.044,-0.532
00:00:10.139,1572945520452,1.268,0.064,25.667,1.128,3.0,-0.016,12.508,0.003,0.068,46.823,0.046,-0.532
00:00:10.188,1572945520501,1.267,0.067,25.667,0.664,3.0,-0.015,12.529000000000002,0.003,0.068,47.03100000000001,0.048,-0.532
00:00:10.189,1572945520502,1.269,0.071,25.667,0.664,3.0,-0.014,12.55,0.003,0.067,47.24,0.05,-0.532
00:00:10.190,1572945520503,1.271,0.076,25.667,0.664,3.0,-0.013,12.572,0.003,0.067,47.463,0.052000000000000005,-0.532
00:00:10.238,1572945520551,1.27,0.078,25.667,0.664,3.0,-0.013,12.592,0.003,0.067,47.659,0.054000000000000006,-0.532
00:00:10.239,1572945520552,1.267,0.08,25.667,0.664,3.0,-0.013,12.615,0.003,0.067,47.883,0.056,-0.532
00:00:10.240,1572945520553,1.265,0.08,25.667,0.664,3.0,-0.013,12.634,0.004,0.067,48.08,0.058,-0.532
00:00:10.291,1572945520604,1.264,0.078,25.667,0.664,3.0,-0.013,12.657,0.004,0.067,48.304,0.06,-0.532
00:00:10.292,1572945520605,1.263,0.076,25.667,0.664,3.0,-0.013,12.678,0.004,0.067,48.515,0.062,-0.532
00:00:10.293,1572945520606,1.262,0.07400000000000001,25.667,0.664,3.0,-0.013,12.698,0.004,0.067,48.713,0.064,-0.532
00:00:10.338,1572945520651,1.261,0.07200000000000001,25.667,0.664,3.0,-0.013,12.72,0.004,0.066,48.938,0.066,-0.532
00:00:10.339,1572945520652,1.26,0.07,25.667,0.664,3.0,-0.013,12.741,0.004,0.066,49.15,0.069,-0.532
00:00:10.340,1572945520653,1.258,0.069,25.667,0.664,3.0,-0.013,12.76,0.004,0.066,49.349,0.071,-0.532
00:00:10.390,1572945520703,1.257,0.068,25.667,0.664,3.0,-0.013,12.781,0.004,0.066,49.562,0.073,-0.532
00:00:10.391,1572945520704,1.256,0.068,25.667,0.664,3.0,-0.013,12.802,0.004,0.066,49.775,0.075,-0.532
00:00:10.392,1572945520705,1.254,0.068,25.667,0.664,3.0,-0.012,12.824000000000002,0.004,0.066,50.002,0.078,-0.532
00:00:10.440,1572945520753,1.253,0.068,25.667,0.664,3.0,-0.012,12.844,0.004,0.066,50.203,0.08,-0.532
00:00:10.441,1572945520754,1.252,0.069,25.667,0.664,3.0,-0.012,12.865,0.004,0.066,50.417,0.08199999999999999,-0.532
00:00:10.442,1572945520755,1.251,0.07,25.667,0.664,3.0,-0.012,12.886,0.004,0.066,50.632,0.085,-0.532
00:00:10.492,1572945520805,1.25,0.07200000000000001,25.667,0.664,3.0,-0.012,12.907,0.004,0.066,50.847,0.087,-0.532
00:00:10.493,1572945520806,1.249,0.07400000000000001,25.667,0.664,3.0,-0.012,12.927,0.004,0.066,51.062,0.08900000000000001,-0.532
00:00:10.494,1572945520807,1.249,0.076,25.667,0.664,3.0,-0.012,12.948,0.004,0.065,51.278,0.092,-0.532
00:00:10.541,1572945520854,1.248,0.079,25.667,0.664,3.0,-0.012,12.969,0.004,0.066,51.494,0.094,-0.532
00:00:10.542,1572945520855,1.247,0.08199999999999999,25.667,0.664,3.0,-0.012,12.991,0.004,0.066,51.723,0.097,-0.532
00:00:10.543,1572945520856,1.246,0.085,25.667,0.664,3.0,-0.012,13.01,0.004,0.066,51.926,0.099,-0.532
00:00:10.596,1572945520909,1.245,0.08800000000000001,25.667,1.128,3.0,-0.012,13.031,0.004,0.066,52.143,0.102,-0.532
00:00:10.597,1572945520910,1.239,0.091,25.667,1.128,3.0,-0.012,13.053,0.004,0.066,52.374,0.104,-0.532
00:00:10.598,1572945520911,1.235,0.092,25.667,1.128,3.0,-0.012,13.072,0.004,0.066,52.578,0.107,-0.532
00:00:10.641,1572945520954,1.232,0.093,25.667,1.128,3.0,-0.012,13.093,0.004,0.066,52.797,0.109,-0.532
00:00:10.642,1572945520955,1.231,0.093,25.667,1.128,3.0,-0.013,13.115,0.004,0.066,53.029,0.112,-0.532
00:00:10.643,1572945520956,1.23,0.093,25.667,1.128,3.0,-0.013,13.134,0.004,0.066,53.234,0.115,-0.532
00:00:10.693,1572945521006,1.229,0.092,25.667,0.664,3.0,-0.013,13.154000000000002,0.004,0.066,53.453,0.118,-0.532
00:00:10.694,1572945521007,1.234,0.093,25.667,0.664,3.0,-0.014,13.175999999999998,0.004,0.066,53.68600000000001,0.12,-0.532
00:00:10.695,1572945521008,1.237,0.093,25.667,0.664,3.0,-0.014,13.196,0.004,0.066,53.892,0.123,-0.532
00:00:10.742,1572945521055,1.238,0.094,25.667,0.664,3.0,-0.014,13.216,0.004,0.066,54.112,0.126,-0.532
00:00:10.743,1572945521056,1.238,0.096,25.667,0.664,3.0,-0.014,13.238,0.004,0.066,54.346,0.129,-0.532
00:00:10.744,1572945521057,1.238,0.098,25.667,0.664,3.0,-0.014,13.259,0.004,0.066,54.567,0.132,-0.532
00:00:10.792,1572945521105,1.237,0.1,25.667,0.664,3.0,-0.014,13.278,0.004,0.067,54.774,0.134,-0.532
00:00:10.793,1572945521106,1.237,0.1,25.667,0.664,3.0,-0.015,13.3,0.004,0.067,55.00899999999999,0.138,-0.532
00:00:10.794,1572945521107,1.236,0.098,25.667,0.664,3.0,-0.016,13.321,0.004,0.067,55.231,0.141,-0.532
00:00:10.844,1572945521157,1.235,0.095,25.667,0.664,3.0,-0.016,13.34,0.004,0.067,55.44,0.14300000000000002,-0.532
00:00:10.845,1572945521158,1.234,0.092,25.667,0.664,3.0,-0.017,13.36,0.004,0.067,55.662,0.146,-0.532
00:00:10.846,1572945521159,1.234,0.08900000000000001,25.667,0.664,3.0,-0.017,13.380999999999998,0.004,0.067,55.885,0.149,-0.532
00:00:10.893,1572945521206,1.233,0.086,25.667,1.128,3.0,-0.017,13.402,0.003,0.067,56.108,0.152,-0.532
00:00:10.894,1572945521207,1.227,0.083,25.667,1.128,3.0,-0.017,13.424,0.003,0.067,56.36,0.156,-0.532
00:00:10.895,1572945521208,1.222,0.08,25.667,1.128,3.0,-0.017,13.442,0.003,0.067,56.555,0.159,-0.532
00:00:10.944,1572945521257,1.22,0.076,25.667,1.128,3.0,-0.018000000000000002,13.464,0.003,0.067,56.794,0.162,-0.532
00:00:10.945,1572945521258,1.218,0.073,25.667,1.128,3.0,-0.018000000000000002,13.484000000000002,0.002,0.067,57.018,0.165,-0.532
00:00:10.946,1572945521259,1.218,0.07,25.667,1.128,3.0,-0.018000000000000002,13.503,0.002,0.067,57.229,0.168,-0.532
00:00:10.994,1572945521307,1.217,0.068,25.813,0.664,3.0,-0.017,13.525,0.002,0.067,57.468,0.172,-0.532
00:00:10.995,1572945521308,1.222,0.067,25.813,0.664,3.0,-0.017,13.545,0.002,0.068,57.694,0.175,-0.532
00:00:10.996,1572945521309,1.226,0.066,25.813,0.664,3.0,-0.017,13.564,0.001,0.068,57.90600000000001,0.17800000000000002,-0.532
00:00:11.046,1572945521359,1.229,0.066,25.813,0.664,3.0,-0.017,13.585,0.001,0.068,58.132,0.181,-0.532
00:00:11.047,1572945521360,1.23,0.066,25.813,0.664,3.0,-0.016,13.607,0.001,0.068,58.37300000000001,0.185,-0.532
00:00:11.048,1572945521361,1.231,0.065,25.813,0.664,3.0,-0.016,13.626,0.001,0.068,58.585,0.188,-0.532
00:00:11.094,1572945521407,1.231,0.065,25.667,0.664,3.0,-0.016,13.646,0.001,0.068,58.813,0.191,-0.532
00:00:11.095,1572945521408,1.231,0.065,25.667,0.664,3.0,-0.016,13.667,0.002,0.068,59.04,0.195,-0.532
00:00:11.096,1572945521409,1.229,0.064,25.667,0.664,3.0,-0.015,13.689,0.002,0.068,59.282,0.198,-0.532
00:00:11.145,1572945521458,1.226,0.063,25.667,0.664,3.0,-0.015,13.708,0.002,0.068,59.496,0.202,-0.532
00:00:11.146,1572945521459,1.224,0.061,25.667,0.664,3.0,-0.015,13.729,0.002,0.068,59.739,0.205,-0.532
00:00:11.147,1572945521460,1.222,0.059,25.667,0.664,3.0,-0.015,13.748,0.002,0.068,59.95399999999999,0.209,-0.532
00:00:11.195,1572945521508,1.22,0.056,26.106,0.664,3.0,-0.015,13.77,0.002,0.068,60.197,0.212,-0.532
00:00:11.196,1572945521509,1.22,0.052000000000000005,26.106,0.664,3.0,-0.016,13.789,0.002,0.068,60.413,0.21600000000000005,-0.532
00:00:11.197,1572945521510,1.222,0.047,26.106,0.664,3.0,-0.016,13.809,0.001,0.068,60.643,0.219,-0.532
00:00:11.247,1572945521560,1.226,0.04,26.106,0.664,3.0,-0.017,13.83,0.001,0.068,60.87300000000001,0.223,-0.532
00:00:11.248,1572945521561,1.231,0.03,26.106,0.664,3.0,-0.017,13.853,0.001,0.068,61.133,0.227,-0.532
00:00:11.249,1572945521562,1.234,0.02,26.106,0.664,3.0,-0.018000000000000002,13.872,0.0,0.068,61.349,0.23,-0.532
00:00:11.298,1572945521611,1.236,0.006999999999999999,26.106,0.664,3.0,-0.019,13.893,-0.001,0.069,61.58,0.234,-0.532
00:00:11.299,1572945521612,1.236,-0.006999999999999999,26.106,0.664,3.0,-0.02,13.914,-0.002,0.069,61.812,0.237,-0.532
00:00:11.300,1572945521613,1.234,-0.023,26.106,0.664,3.0,-0.02,13.934,-0.003,0.069,62.044,0.241,-0.532
00:00:11.348,1572945521661,1.233,-0.041,26.106,0.664,3.0,-0.02,13.955,-0.004,0.069,62.277,0.244,-0.532
00:00:11.349,1572945521662,1.231,-0.058,26.106,0.664,3.0,-0.02,13.975,-0.005,0.07,62.50899999999999,0.248,-0.532
00:00:11.350,1572945521663,1.23,-0.075,26.106,0.664,3.0,-0.02,13.996,-0.006,0.07,62.742,0.252,-0.532
00:00:11.398,1572945521711,1.229,-0.091,26.106,0.664,3.0,-0.019,14.015999999999998,-0.006999999999999999,0.07,62.976000000000006,0.255,-0.532
00:00:11.399,1572945521712,1.229,-0.105,26.106,0.664,3.0,-0.017,14.037,-0.008,0.071,63.21,0.259,-0.532
00:00:11.400,1572945521713,1.228,-0.117,26.106,0.664,3.0,-0.015,14.057,-0.009000000000000001,0.071,63.444,0.262,-0.532
00:00:11.448,1572945521761,1.228,-0.127,26.106,0.664,3.0,-0.014,14.078,-0.009000000000000001,0.071,63.678,0.266,-0.532
00:00:11.449,1572945521762,1.227,-0.135,26.106,0.664,3.0,-0.011,14.098,-0.01,0.07200000000000001,63.913,0.269,-0.532
00:00:11.450,1572945521763,1.226,-0.14300000000000002,26.106,0.664,3.0,-0.009000000000000001,14.118,-0.01,0.07200000000000001,64.148,0.272,-0.532
00:00:11.499,1572945521812,1.225,-0.15,26.106,0.664,3.0,-0.006999999999999999,14.139,-0.01,0.07200000000000001,64.383,0.276,-0.532
00:00:11.500,1572945521813,1.224,-0.156,26.106,0.664,3.0,-0.005,14.159,-0.01,0.07200000000000001,64.619,0.279,-0.532
00:00:11.501,1572945521814,1.223,-0.162,26.106,0.664,3.0,-0.003,14.18,-0.01,0.07200000000000001,64.855,0.282,-0.532
00:00:11.549,1572945521862,1.223,-0.16899999999999998,26.106,0.664,3.0,0.0,14.2,-0.01,0.07200000000000001,65.092,0.285,-0.532
00:00:11.550,1572945521863,1.222,-0.175,26.106,0.664,3.0,0.002,14.22,-0.009000000000000001,0.07200000000000001,65.329,0.289,-0.532
00:00:11.551,1572945521864,1.221,-0.182,26.106,0.664,3.0,0.004,14.241,-0.009000000000000001,0.07200000000000001,65.566,0.292,-0.532
00:00:11.599,1572945521912,1.221,-0.187,26.106,0.664,3.0,0.005,14.257,-0.009000000000000001,0.07200000000000001,65.759,0.294,-0.532
00:00:11.600,1572945521913,1.22,-0.193,26.106,0.664,3.0,0.006999999999999999,14.276,-0.008,0.07200000000000001,65.982,0.297,-0.532
00:00:11.601,1572945521914,1.22,-0.198,26.106,0.664,3.0,0.009000000000000001,14.297,-0.008,0.07200000000000001,66.22,0.3,-0.532
00:00:11.651,1572945521964,1.219,-0.203,26.106,0.664,3.0,0.011,14.317,-0.006999999999999999,0.071,66.458,0.303,-0.532
00:00:11.652,1572945521965,1.218,-0.208,26.106,0.664,3.0,0.013,14.338,-0.006999999999999999,0.071,66.712,0.306,-0.532
00:00:11.653,1572945521966,1.218,-0.211,26.106,0.664,3.0,0.014,14.357,-0.006999999999999999,0.071,66.936,0.309,-0.532
00:00:11.654,1572945521967,1.217,-0.214,26.106,0.664,3.0,0.016,14.378,-0.006,0.071,67.175,0.311,-0.532
00:00:11.705,1572945522018,1.217,-0.21600000000000005,26.106,0.664,3.0,0.017,14.398,-0.006,0.071,67.415,0.314,-0.532
00:00:11.706,1572945522019,1.216,-0.218,26.106,0.664,3.0,0.018000000000000002,14.418,-0.006,0.071,67.655,0.317,-0.532
00:00:11.707,1572945522020,1.215,-0.219,26.106,0.664,3.0,0.02,14.438,-0.006,0.071,67.896,0.319,-0.532
00:00:11.751,1572945522064,1.215,-0.219,26.106,0.664,3.0,0.021,14.459,-0.006,0.071,68.137,0.322,-0.532
00:00:11.752,1572945522065,1.214,-0.219,26.106,0.664,3.0,0.022,14.479,-0.005,0.071,68.378,0.324,-0.532
00:00:11.753,1572945522066,1.213,-0.218,26.106,0.664,3.0,0.023,14.499,-0.005,0.071,68.619,0.327,-0.532
00:00:11.801,1572945522114,1.213,-0.217,26.106,0.664,3.0,0.024,14.519,-0.005,0.071,68.861,0.329,-0.532
00:00:11.802,1572945522115,1.212,-0.21600000000000005,26.106,0.664,3.0,0.025,14.54,-0.005,0.071,69.10300000000001,0.332,-0.532
00:00:11.803,1572945522116,1.212,-0.215,26.106,0.664,3.0,0.026,14.56,-0.005,0.071,69.346,0.334,-0.532
00:00:11.852,1572945522165,1.211,-0.213,26.106,0.664,3.0,0.027000000000000003,14.58,-0.005,0.071,69.58800000000001,0.336,-0.532
00:00:11.853,1572945522166,1.211,-0.211,26.106,0.664,3.0,0.028,14.6,-0.005,0.071,69.832,0.338,-0.532
00:00:11.854,1572945522167,1.21,-0.208,26.106,0.664,3.0,0.029,14.62,-0.005,0.071,70.075,0.34,-0.532
00:00:11.903,1572945522216,1.21,-0.206,26.106,0.664,3.0,0.03,14.642,-0.005,0.071,70.334,0.342,-0.532
00:00:11.904,1572945522217,1.209,-0.204,26.106,0.664,3.0,0.031,14.661,-0.005,0.071,70.563,0.344,-0.532
00:00:11.905,1572945522218,1.209,-0.201,26.106,0.664,3.0,0.031,14.681,-0.005,0.071,70.808,0.34600000000000003,-0.532
00:00:11.953,1572945522266,1.208,-0.199,26.106,0.664,3.0,0.032,14.702,-0.005,0.071,71.068,0.348,-0.532
00:00:11.954,1572945522267,1.208,-0.198,26.106,0.664,3.0,0.033,14.720999999999998,-0.005,0.07200000000000001,71.298,0.35,-0.532
00:00:11.955,1572945522268,1.207,-0.196,26.106,0.664,3.0,0.033,14.741,-0.005,0.07200000000000001,71.543,0.35200000000000004,-0.532
00:00:12.004,1572945522317,1.207,-0.195,26.106,0.664,3.0,0.034,14.762,-0.005,0.07200000000000001,71.804,0.354,-0.532
00:00:12.005,1572945522318,1.206,-0.194,26.106,0.664,3.0,0.034,14.781,-0.004,0.07200000000000001,72.035,0.355,-0.532
00:00:12.006,1572945522319,1.206,-0.193,26.106,0.664,3.0,0.035,14.800999999999998,-0.004,0.07200000000000001,72.282,0.35700000000000004,-0.532
00:00:12.062,1572945522375,1.205,-0.192,26.106,0.664,3.0,0.035,14.821,-0.004,0.07200000000000001,72.529,0.358,-0.532
00:00:12.063,1572945522376,1.205,-0.19,26.106,0.664,3.0,0.035,14.842,-0.004,0.07200000000000001,72.77600000000002,0.36,-0.532
00:00:12.064,1572945522377,1.204,-0.189,26.106,0.664,3.0,0.036000000000000004,14.862,-0.004,0.07200000000000001,73.023,0.361,-0.532
00:00:12.105,1572945522418,1.204,-0.188,26.106,0.664,3.0,0.036000000000000004,14.882,-0.004,0.07200000000000001,73.271,0.363,-0.532
00:00:12.106,1572945522419,1.204,-0.187,26.106,0.664,3.0,0.037000000000000005,14.902,-0.004,0.07200000000000001,73.51899999999998,0.364,-0.532
00:00:12.107,1572945522420,1.203,-0.18600000000000005,26.106,0.664,3.0,0.037000000000000005,14.922,-0.004,0.073,73.768,0.365,-0.532
00:00:12.158,1572945522471,1.203,-0.185,26.106,0.664,3.0,0.037000000000000005,14.942,-0.004,0.073,74.017,0.3670000000000001,-0.532
00:00:12.159,1572945522472,1.202,-0.184,26.106,0.664,3.0,0.038,14.962,-0.004,0.073,74.266,0.368,-0.532
00:00:12.160,1572945522473,1.202,-0.184,26.106,0.664,3.0,0.038,14.982,-0.004,0.073,74.515,0.369,-0.532
00:00:12.208,1572945522521,1.2009999999999998,-0.183,26.106,0.664,3.0,0.038,15.003,-0.004,0.073,74.781,0.37,-0.532
00:00:12.209,1572945522522,1.2009999999999998,-0.183,26.106,0.664,3.0,0.038,15.022,-0.004,0.073,75.016,0.371,-0.532
00:00:12.210,1572945522523,1.2,-0.182,26.106,0.664,3.0,0.039,15.042,-0.004,0.073,75.266,0.3720000000000001,-0.532
00:00:12.266,1572945522579,1.2,-0.182,26.106,0.664,3.0,0.039,15.063,-0.004,0.073,75.533,0.373,-0.532
00:00:12.267,1572945522580,1.198,-0.181,26.106,0.664,3.0,0.039,15.082,-0.004,0.073,75.768,0.374,-0.532
00:00:12.268,1572945522581,1.197,-0.181,26.106,0.664,3.0,0.039,15.102,-0.004,0.073,76.02,0.375,-0.532
00:00:12.312,1572945522625,1.195,-0.181,26.106,0.664,3.0,0.039,15.123,-0.004,0.073,76.28699999999998,0.376,-0.532
00:00:12.313,1572945522626,1.194,-0.181,26.106,0.664,3.0,0.04,15.140999999999998,-0.003,0.073,76.524,0.377,-0.532
00:00:12.314,1572945522627,1.193,-0.181,26.106,0.664,3.0,0.04,15.161,-0.003,0.073,76.77600000000002,0.377,-0.532
00:00:12.359,1572945522672,1.193,-0.18,26.106,0.664,3.0,0.04,15.181,-0.003,0.073,77.029,0.378,-0.532
00:00:12.360,1572945522673,1.193,-0.18,26.106,0.664,3.0,0.04,15.201,-0.003,0.073,77.282,0.379,-0.532
00:00:12.361,1572945522674,1.192,-0.18,26.106,0.664,3.0,0.04,15.220999999999998,-0.003,0.073,77.536,0.379,-0.532
00:00:12.410,1572945522723,1.1909999999999998,-0.18,26.106,0.664,3.0,0.04,15.241,-0.003,0.073,77.79,0.38,-0.532
00:00:12.411,1572945522724,1.1909999999999998,-0.18,26.106,0.664,3.0,0.041,15.261,-0.003,0.073,78.044,0.38,-0.532
00:00:12.412,1572945522725,1.19,-0.18,26.106,0.664,3.0,0.041,15.28,-0.003,0.073,78.298,0.381,-0.532
00:00:12.466,1572945522779,1.19,-0.18,26.106,0.664,3.0,0.041,15.3,-0.003,0.073,78.553,0.381,-0.532
00:00:12.467,1572945522780,1.189,-0.18,26.106,0.664,3.0,0.041,15.32,-0.003,0.073,78.808,0.381,-0.532
00:00:12.468,1572945522781,1.189,-0.18,26.106,1.128,3.0,0.041,15.34,-0.003,0.073,79.064,0.382,-0.532
00:00:12.523,1572945522836,1.1840000000000002,-0.18,26.106,1.128,3.0,0.041,15.36,-0.003,0.073,79.32,0.382,-0.532
00:00:12.524,1572945522837,1.179,-0.18,26.106,1.128,3.0,0.042,15.379,-0.003,0.073,79.57600000000002,0.382,-0.532
00:00:12.525,1572945522838,1.176,-0.18,26.106,1.128,3.0,0.042,15.399,-0.003,0.073,79.832,0.382,-0.532
00:00:12.565,1572945522878,1.1740000000000002,-0.179,26.106,1.128,3.0,0.042,15.419,-0.003,0.073,80.105,0.382,-0.532
00:00:12.566,1572945522879,1.1740000000000002,-0.179,26.106,1.128,3.0,0.042,15.438,-0.003,0.073,80.346,0.382,-0.532
00:00:12.567,1572945522880,1.173,-0.179,26.106,0.664,3.0,0.042,15.457,-0.003,0.073,80.604,0.382,-0.532
00:00:12.615,1572945522928,1.176,-0.179,26.106,0.664,3.0,0.042,15.478,-0.003,0.073,80.878,0.382,-0.532
00:00:12.616,1572945522929,1.18,-0.179,26.106,0.664,3.0,0.042,15.497,-0.003,0.073,81.12,0.382,-0.532
00:00:12.617,1572945522930,1.182,-0.17800000000000002,26.106,0.664,3.0,0.043,15.515999999999998,-0.002,0.073,81.378,0.382,-0.532
00:00:12.666,1572945522979,1.182,-0.17800000000000002,26.106,0.664,3.0,0.043,15.537,-0.002,0.073,81.653,0.382,-0.532
00:00:12.667,1572945522980,1.182,-0.177,26.106,0.664,3.0,0.043,15.556,-0.002,0.073,81.896,0.382,-0.532
00:00:12.668,1572945522981,1.182,-0.175,26.326,0.664,3.0,0.043,15.576,-0.002,0.073,82.155,0.381,-0.532
00:00:12.716,1572945523029,1.182,-0.174,26.326,0.664,3.0,0.043,15.595,-0.002,0.073,82.415,0.381,-0.532
00:00:12.717,1572945523030,1.183,-0.172,26.326,0.664,3.0,0.044,15.615,-0.002,0.073,82.675,0.381,-0.532
00:00:12.718,1572945523031,1.186,-0.17,26.326,0.664,3.0,0.044,15.635,-0.002,0.073,82.936,0.38,-0.532
00:00:12.766,1572945523079,1.189,-0.168,26.326,0.664,3.0,0.044,15.655,-0.002,0.073,83.196,0.38,-0.532
00:00:12.767,1572945523080,1.19,-0.165,26.326,0.664,3.0,0.044,15.674,-0.001,0.073,83.45700000000002,0.379,-0.532
00:00:12.768,1572945523081,1.189,-0.162,26.326,0.664,3.0,0.044,15.694,-0.001,0.07400000000000001,83.719,0.378,-0.532
00:00:12.819,1572945523132,1.188,-0.158,26.326,0.664,3.0,0.044,15.714,-0.001,0.07400000000000001,83.98100000000002,0.378,-0.532
00:00:12.820,1572945523133,1.186,-0.153,26.326,0.664,3.0,0.045,15.734000000000002,-0.001,0.07400000000000001,84.243,0.377,-0.532
00:00:12.821,1572945523134,1.186,-0.147,26.326,0.664,3.0,0.045,15.754,0.0,0.07400000000000001,84.505,0.376,-0.532
00:00:12.868,1572945523181,1.185,-0.139,26.326,0.664,3.0,0.046,15.774,0.0,0.07400000000000001,84.78399999999998,0.376,-0.532
00:00:12.869,1572945523182,1.185,-0.13,26.326,0.664,3.0,0.046,15.793,0.001,0.07400000000000001,85.031,0.375,-0.532
00:00:12.870,1572945523183,1.185,-0.119,26.326,0.664,3.0,0.046,15.813,0.001,0.075,85.294,0.374,-0.532
00:00:12.920,1572945523233,1.1840000000000002,-0.106,26.326,0.664,3.0,0.047,15.834,0.002,0.075,85.574,0.373,-0.532
00:00:12.921,1572945523234,1.183,-0.094,26.326,0.664,3.0,0.047,15.852,0.002,0.075,85.822,0.3720000000000001,-0.532
00:00:12.922,1572945523235,1.183,-0.08199999999999999,26.326,0.664,3.0,0.046,15.872,0.003,0.075,86.086,0.371,-0.532
00:00:12.923,1572945523236,1.182,-0.07,26.326,0.664,3.0,0.046,15.893,0.004,0.076,86.368,0.37,-0.532
00:00:12.970,1572945523283,1.182,-0.061,26.326,0.664,3.0,0.045,15.911,0.004,0.076,86.616,0.369,-0.532
00:00:12.971,1572945523284,1.181,-0.052000000000000005,26.326,0.664,3.0,0.043,15.931,0.005,0.076,86.881,0.369,-0.532
00:00:12.972,1572945523285,1.181,-0.045,26.326,0.664,3.0,0.042,15.951,0.005,0.076,87.147,0.368,-0.532
00:00:13.024,1572945523337,1.18,-0.038,26.326,0.664,3.0,0.041,15.97,0.005,0.076,87.413,0.3670000000000001,-0.532
00:00:13.025,1572945523338,1.18,-0.033,26.326,0.664,3.0,0.039,15.99,0.005,0.077,87.679,0.366,-0.532
00:00:13.026,1572945523339,1.179,-0.028,26.326,0.664,3.0,0.037000000000000005,16.01,0.005,0.077,87.946,0.365,-0.532
00:00:13.070,1572945523383,1.179,-0.023,26.326,0.664,3.0,0.036000000000000004,16.029,0.005,0.077,88.213,0.364,-0.532
00:00:13.071,1572945523384,1.178,-0.019,26.326,0.664,3.0,0.034,16.049,0.005,0.077,88.48,0.363,-0.532
00:00:13.072,1572945523385,1.178,-0.015,26.326,0.664,3.0,0.033,16.069000000000006,0.004,0.077,88.74799999999998,0.362,-0.532
00:00:13.121,1572945523434,1.177,-0.011,26.326,0.664,3.0,0.031,16.088,0.004,0.077,89.016,0.36,-0.532
00:00:13.122,1572945523435,1.177,-0.006999999999999999,26.326,0.664,3.0,0.03,16.108,0.004,0.077,89.28399999999998,0.359,-0.532
00:00:13.123,1572945523436,1.176,-0.004,26.326,0.664,3.0,0.029,16.127,0.003,0.077,89.553,0.358,-0.532
00:00:13.172,1572945523485,1.176,-0.001,26.326,0.664,3.0,0.027000000000000003,16.147000000000002,0.003,0.077,89.822,0.35700000000000004,-0.532
00:00:13.173,1572945523486,1.175,0.002,26.326,0.664,3.0,0.026,16.166,0.002,0.076,90.091,0.35600000000000004,-0.532
00:00:13.174,1572945523487,1.1740000000000002,0.006,26.326,0.664,3.0,0.025,16.187,0.002,0.076,90.378,0.355,-0.532
00:00:13.228,1572945523541,1.1740000000000002,0.009000000000000001,26.326,0.664,3.0,0.024,16.206,0.001,0.076,90.631,0.354,-0.532
00:00:13.229,1572945523542,1.173,0.013,26.326,0.664,3.0,0.023,16.225,0.001,0.076,90.901,0.353,-0.532
00:00:13.230,1572945523543,1.172,0.018000000000000002,26.326,0.664,3.0,0.022,16.246,0.001,0.076,91.188,0.35200000000000004,-0.532
00:00:13.272,1572945523585,1.172,0.023,26.326,0.664,3.0,0.021,16.264,0.001,0.076,91.442,0.35100000000000003,-0.532
00:00:13.273,1572945523586,1.171,0.029,26.326,0.664,3.0,0.02,16.284000000000002,0.001,0.076,91.714,0.35,-0.532
00:00:13.274,1572945523587,1.171,0.036000000000000004,26.326,0.664,3.0,0.02,16.304000000000002,0.001,0.076,92.002,0.349,-0.532
00:00:13.322,1572945523635,1.17,0.043,26.326,0.664,3.0,0.019,16.323,0.001,0.076,92.257,0.348,-0.532
00:00:13.323,1572945523636,1.17,0.05,26.326,0.664,3.0,0.018000000000000002,16.342,0.001,0.076,92.529,0.34700000000000003,-0.532
00:00:13.324,1572945523637,1.169,0.056,26.326,0.664,3.0,0.017,16.362000000000002,0.001,0.076,92.802,0.34600000000000003,-0.532
00:00:13.381,1572945523694,1.169,0.061,26.326,0.664,3.0,0.016,16.381,0.001,0.076,93.075,0.345,-0.532
00:00:13.382,1572945523695,1.168,0.066,26.326,0.664,3.0,0.015,16.401,0.001,0.076,93.348,0.344,-0.532
00:00:13.383,1572945523696,1.168,0.069,26.326,0.664,3.0,0.013,16.42,0.001,0.076,93.621,0.343,-0.532
00:00:13.423,1572945523736,1.167,0.07,26.326,0.664,3.0,0.012,16.439,0.001,0.076,93.895,0.343,-0.532
00:00:13.424,1572945523737,1.166,0.071,26.326,0.664,3.0,0.01,16.459,0.001,0.076,94.169,0.342,-0.532
00:00:13.425,1572945523738,1.166,0.071,26.326,0.664,3.0,0.009000000000000001,16.477999999999998,0.001,0.076,94.444,0.341,-0.532
00:00:13.473,1572945523786,1.165,0.07,26.326,0.664,3.0,0.006999999999999999,16.498,0.001,0.076,94.719,0.34,-0.532
00:00:13.474,1572945523787,1.165,0.068,26.326,0.664,3.0,0.006,16.517,0.001,0.076,94.994,0.339,-0.532
00:00:13.475,1572945523788,1.164,0.067,26.326,0.664,3.0,0.004,16.538,0.001,0.077,95.286,0.338,-0.532
00:00:13.524,1572945523837,1.164,0.066,26.326,0.664,3.0,0.003,16.555999999999994,0.0,0.077,95.545,0.338,-0.532
00:00:13.525,1572945523838,1.163,0.065,26.326,0.664,3.0,0.002,16.575,0.0,0.077,95.821,0.337,-0.532
00:00:13.526,1572945523839,1.163,0.064,26.326,0.664,3.0,0.001,16.596,-0.001,0.077,96.115,0.336,-0.532
00:00:13.578,1572945523891,1.162,0.064,26.326,0.664,3.0,0.0,16.614,-0.001,0.077,96.374,0.335,-0.532
00:00:13.579,1572945523892,1.161,0.063,26.326,0.664,3.0,-0.001,16.633,-0.001,0.077,96.651,0.335,-0.532
00:00:13.580,1572945523893,1.161,0.062,26.326,0.664,3.0,-0.002,16.654,-0.001,0.077,96.946,0.334,-0.532
00:00:13.624,1572945523937,1.16,0.061,26.326,0.664,3.0,-0.003,16.672,-0.002,0.077,97.206,0.333,-0.532
00:00:13.625,1572945523938,1.16,0.059,26.326,0.664,3.0,-0.003,16.691,-0.002,0.077,97.484,0.333,-0.532
00:00:13.626,1572945523939,1.159,0.056,26.326,0.664,3.0,-0.004,16.711,-0.002,0.077,97.763,0.332,-0.532
00:00:13.675,1572945523988,1.158,0.053,26.326,0.664,3.0,-0.005,16.73,-0.002,0.077,98.041,0.331,-0.532
00:00:13.676,1572945523989,1.157,0.049,26.326,0.664,3.0,-0.006,16.749000000000002,-0.003,0.077,98.32,0.331,-0.532
00:00:13.677,1572945523990,1.157,0.045,26.326,0.664,3.0,-0.006,16.769000000000002,-0.003,0.077,98.6,0.33,-0.532
00:00:13.728,1572945524041,1.156,0.04,26.326,0.664,3.0,-0.006999999999999999,16.788,-0.003,0.077,98.879,0.329,-0.532
00:00:13.729,1572945524042,1.155,0.035,26.326,0.664,3.0,-0.006999999999999999,16.807000000000002,-0.003,0.077,99.159,0.329,-0.532
00:00:13.730,1572945524043,1.154,0.03,26.326,0.664,3.0,-0.008,16.826,-0.003,0.077,99.44,0.328,-0.532
00:00:13.776,1572945524089,1.154,0.025,26.326,0.664,3.0,-0.008,16.845,-0.004,0.077,99.72,0.328,-0.532
00:00:13.777,1572945524090,1.153,0.019,26.326,0.664,3.0,-0.008,16.865,-0.004,0.077,100.001,0.327,-0.532
00:00:13.778,1572945524091,1.152,0.014,26.326,0.664,3.0,-0.008,16.884,-0.004,0.077,100.282,0.327,-0.532
00:00:13.826,1572945524139,1.151,0.008,26.326,0.664,3.0,-0.008,16.903,-0.004,0.077,100.564,0.326,-0.532
00:00:13.827,1572945524140,1.151,0.003,26.326,0.664,3.0,-0.008,16.922,-0.004,0.077,100.846,0.325,-0.532
00:00:13.828,1572945524141,1.15,-0.002,26.326,0.664,3.0,-0.008,16.942999999999998,-0.004,0.078,101.146,0.325,-0.532
00:00:13.877,1572945524190,1.149,-0.006,26.326,0.664,3.0,-0.006999999999999999,16.96,-0.004,0.078,101.411,0.324,-0.532
00:00:13.878,1572945524191,1.148,-0.009000000000000001,26.326,0.664,3.0,-0.006999999999999999,16.98,-0.004,0.078,101.693,0.324,-0.532
00:00:13.879,1572945524192,1.147,-0.012,26.326,0.664,3.0,-0.006,17.0,-0.004,0.078,101.994,0.32299999999999995,-0.532
00:00:13.928,1572945524241,1.147,-0.014,26.326,0.664,3.0,-0.006,17.018,-0.003,0.078,102.26,0.32299999999999995,-0.532
00:00:13.929,1572945524242,1.146,-0.016,26.326,0.664,3.0,-0.005,17.037,-0.003,0.078,102.544,0.322,-0.532
00:00:13.930,1572945524243,1.145,-0.018000000000000002,26.326,0.664,3.0,-0.005,17.057000000000002,-0.003,0.078,102.846,0.321,-0.532
00:00:13.978,1572945524291,1.144,-0.02,26.326,0.664,3.0,-0.004,17.075,-0.002,0.078,103.112,0.321,-0.532
00:00:13.979,1572945524292,1.143,-0.021,26.472,0.664,3.0,-0.004,17.094,-0.002,0.077,103.397,0.32,-0.532
00:00:13.980,1572945524293,1.143,-0.023,26.472,0.664,3.0,-0.003,17.113,-0.002,0.077,103.682,0.319,-0.532
00:00:14.028,1572945524341,1.143,-0.025,26.472,0.664,3.0,-0.003,17.132,-0.001,0.077,103.968,0.319,-0.532
00:00:14.029,1572945524342,1.144,-0.028,26.472,0.664,3.0,-0.002,17.151,-0.001,0.077,104.253,0.318,-0.532
00:00:14.030,1572945524343,1.146,-0.03,26.472,0.664,3.0,-0.002,17.17,0.0,0.077,104.539,0.318,-0.532
00:00:14.078,1572945524391,1.147,-0.032,26.472,0.664,3.0,-0.001,17.189,0.0,0.077,104.826,0.317,-0.532
00:00:14.079,1572945524392,1.146,-0.034,26.472,0.664,3.0,-0.001,17.209,0.0,0.077,105.112,0.316,-0.532
00:00:14.080,1572945524393,1.145,-0.036000000000000004,26.472,0.664,3.0,-0.001,17.227999999999998,0.001,0.077,105.399,0.316,-0.532
00:00:14.129,1572945524442,1.144,-0.037000000000000005,26.472,0.664,3.0,0.0,17.247,0.001,0.077,105.687,0.315,-0.532
00:00:14.130,1572945524443,1.143,-0.038,26.472,0.664,3.0,0.0,17.266,0.001,0.077,105.974,0.314,-0.532
00:00:14.131,1572945524444,1.142,-0.039,26.472,0.664,3.0,0.001,17.285999999999998,0.001,0.077,106.28,0.313,-0.532
00:00:14.179,1572945524492,1.141,-0.039,26.472,0.664,3.0,0.001,17.304000000000002,0.001,0.077,106.55,0.313,-0.532
00:00:14.180,1572945524493,1.141,-0.04,26.619,0.664,3.0,0.002,17.323,0.001,0.077,106.839,0.312,-0.532
00:00:14.181,1572945524494,1.14,-0.04,26.619,0.664,3.0,0.002,17.343,0.002,0.077,107.146,0.311,-0.532
00:00:14.231,1572945524544,1.14,-0.04,26.619,0.664,3.0,0.003,17.361,0.002,0.077,107.417,0.31,-0.532
00:00:14.232,1572945524545,1.142,-0.04,26.619,0.664,3.0,0.003,17.38,0.002,0.077,107.706,0.31,-0.532
00:00:14.233,1572945524546,1.144,-0.04,26.619,0.664,3.0,0.003,17.4,0.002,0.078,108.014,0.309,-0.532
00:00:14.279,1572945524592,1.144,-0.04,26.619,0.664,3.0,0.004,17.418,0.002,0.078,108.286,0.308,-0.532
00:00:14.280,1572945524593,1.144,-0.039,26.619,0.664,3.0,0.004,17.437,0.002,0.078,108.577,0.307,-0.532
00:00:14.281,1572945524594,1.143,-0.039,26.619,0.664,3.0,0.004,17.456,0.002,0.078,108.868,0.306,-0.532
00:00:14.333,1572945524646,1.141,-0.038,26.619,0.664,3.0,0.005,17.475,0.002,0.078,109.159,0.306,-0.532
00:00:14.334,1572945524647,1.14,-0.037000000000000005,26.619,0.664,3.0,0.005,17.494,0.002,0.078,109.45,0.305,-0.532
00:00:14.335,1572945524648,1.14,-0.036000000000000004,26.619,0.664,3.0,0.005,17.512999999999998,0.002,0.078,109.742,0.304,-0.532
00:00:14.395,1572945524708,1.139,-0.035,26.619,0.664,3.0,0.006,17.532,0.002,0.078,110.034,0.303,-0.532
00:00:14.396,1572945524709,1.138,-0.033,26.765,0.664,3.0,0.006,17.551,0.002,0.078,110.326,0.302,-0.532
00:00:14.397,1572945524710,1.138,-0.03,26.765,0.664,3.0,0.006,17.57,0.002,0.079,110.619,0.301,-0.532
00:00:14.441,1572945524754,1.138,-0.028,26.765,0.664,3.0,0.006999999999999999,17.589000000000002,0.002,0.079,110.912,0.3,-0.532
00:00:14.442,1572945524755,1.14,-0.025,26.765,0.664,3.0,0.006999999999999999,17.608,0.002,0.079,111.205,0.3,-0.532
00:00:14.443,1572945524756,1.141,-0.021,26.765,0.664,3.0,0.006999999999999999,17.627,0.002,0.079,111.499,0.299,-0.532
00:00:14.481,1572945524794,1.142,-0.017,26.765,0.664,3.0,0.006999999999999999,17.646,0.002,0.079,111.793,0.298,-0.532
00:00:14.482,1572945524795,1.141,-0.013,26.765,0.664,3.0,0.008,17.665,0.002,0.079,112.087,0.297,-0.532
00:00:14.483,1572945524796,1.14,-0.006,26.765,0.664,3.0,0.008,17.685,0.003,0.079,112.4,0.29600000000000004,-0.532
00:00:14.532,1572945524845,1.139,0.0,26.765,0.664,3.0,0.008,17.703,0.003,0.079,112.676,0.295,-0.532
00:00:14.533,1572945524846,1.138,0.006999999999999999,26.765,0.664,3.0,0.009000000000000001,17.722,0.003,0.08,112.972,0.294,-0.532
00:00:14.534,1572945524847,1.137,0.016,26.765,0.664,3.0,0.009000000000000001,17.742,0.003,0.08,113.286,0.293,-0.532
00:00:14.582,1572945524895,1.137,0.024,26.765,0.664,3.0,0.009000000000000001,17.76,0.004,0.08,113.563,0.292,-0.532
00:00:14.583,1572945524896,1.136,0.033,26.765,0.664,3.0,0.009000000000000001,17.779,0.004,0.08,113.859,0.29100000000000004,-0.532
00:00:14.584,1572945524897,1.135,0.043,26.765,0.664,3.0,0.008,17.799,0.004,0.08,114.174,0.29,-0.532
00:00:14.633,1572945524946,1.135,0.051,26.765,0.664,3.0,0.008,17.817,0.004,0.08,114.452,0.29,-0.532
00:00:14.634,1572945524947,1.134,0.06,26.765,0.664,3.0,0.006999999999999999,17.835,0.005,0.08,114.75,0.289,-0.532
00:00:14.635,1572945524948,1.133,0.068,26.765,0.664,3.0,0.006,17.854,0.005,0.08,115.047,0.28800000000000003,-0.532
00:00:14.696,1572945525009,1.132,0.076,26.765,0.664,3.0,0.005,17.874000000000006,0.005,0.081,115.363,0.287,-0.532
00:00:14.697,1572945525010,1.131,0.08199999999999999,26.765,0.664,3.0,0.004,17.892,0.005,0.081,115.643,0.28600000000000003,-0.532
00:00:14.698,1572945525011,1.131,0.087,26.765,0.664,3.0,0.003,17.910999999999994,0.004,0.081,115.941,0.285,-0.532
00:00:14.699,1572945525012,1.13,0.091,26.765,0.664,3.0,0.001,17.93,0.004,0.081,116.24,0.285,-0.532
00:00:14.741,1572945525054,1.129,0.094,26.765,0.664,3.0,-0.001,17.948,0.004,0.081,116.539,0.284,-0.532
00:00:14.742,1572945525055,1.128,0.096,26.765,0.664,3.0,-0.002,17.967,0.003,0.081,116.838,0.28300000000000003,-0.532
00:00:14.743,1572945525056,1.127,0.099,26.765,0.664,3.0,-0.004,17.986,0.002,0.081,117.138,0.28300000000000003,-0.532
00:00:14.796,1572945525109,1.126,0.102,26.765,0.664,3.0,-0.005,18.005,0.002,0.081,117.438,0.282,-0.532
00:00:14.797,1572945525110,1.126,0.105,26.765,0.664,3.0,-0.006,18.025,0.001,0.081,117.757,0.281,-0.532
00:00:14.798,1572945525111,1.125,0.109,26.765,0.664,3.0,-0.008,18.043,0.0,0.08,118.057,0.281,-0.532
00:00:14.838,1572945525151,1.124,0.113,26.765,0.664,3.0,-0.009000000000000001,18.061,-0.001,0.08,118.339,0.28,-0.532
00:00:14.839,1572945525152,1.123,0.117,26.765,0.664,3.0,-0.01,18.081,-0.001,0.08,118.659,0.28,-0.532
00:00:14.840,1572945525153,1.123,0.12,26.765,0.664,3.0,-0.011,18.098,-0.002,0.08,118.942,0.279,-0.532
00:00:14.893,1572945525206,1.122,0.123,26.765,0.664,3.0,-0.012,18.117,-0.002,0.08,119.244,0.279,-0.532
00:00:14.894,1572945525207,1.121,0.126,26.765,0.664,3.0,-0.013,18.137,-0.003,0.08,119.565,0.278,-0.532
00:00:14.895,1572945525208,1.121,0.127,26.765,0.664,3.0,-0.014,18.154,-0.003,0.08,119.848,0.278,-0.532
00:00:14.939,1572945525252,1.12,0.127,26.765,0.664,3.0,-0.015,18.173,-0.004,0.079,120.151,0.278,-0.532
00:00:14.940,1572945525253,1.119,0.127,26.765,0.664,3.0,-0.017,18.192,-0.004,0.079,120.454,0.277,-0.532
00:00:14.941,1572945525254,1.119,0.126,26.765,0.664,3.0,-0.018000000000000002,18.21,-0.004,0.079,120.757,0.277,-0.532
00:00:14.989,1572945525302,1.118,0.124,26.765,0.664,3.0,-0.019,18.229,-0.005,0.079,121.061,0.277,-0.532
00:00:14.990,1572945525303,1.117,0.121,26.765,0.664,3.0,-0.02,18.248,-0.005,0.079,121.365,0.277,-0.532
00:00:14.991,1572945525304,1.116,0.118,26.765,0.664,3.0,-0.021,18.267,-0.005,0.079,121.688,0.276,-0.532
00:00:15.040,1572945525353,1.116,0.115,26.765,0.664,3.0,-0.021,18.285,-0.005,0.079,121.974,0.276,-0.532
00:00:15.041,1572945525354,1.116,0.111,26.765,0.664,3.0,-0.022,18.303,-0.005,0.079,122.279,0.276,-0.532
00:00:15.042,1572945525355,1.143,0.108,26.765,0.664,3.0,-0.023,18.323,-0.005,0.079,122.584,0.276,-0.532
00:00:15.097,1572945525410,1.229,0.104,26.765,0.664,3.0,-0.023,18.346,-0.006,0.08,122.909,0.276,-0.532
00:00:15.098,1572945525411,1.31,0.101,26.765,0.664,3.0,-0.023,18.368,-0.006,0.081,123.196,0.276,-0.532
00:00:15.099,1572945525412,1.346,0.099,26.765,0.664,3.0,-0.024,18.39,-0.006,0.08199999999999999,123.502,0.276,-0.532
00:00:15.147,1572945525460,1.321,0.097,26.765,0.664,3.0,-0.024,18.412,-0.005,0.084,123.809,0.276,-0.532
00:00:15.148,1572945525461,1.272,0.096,26.765,0.664,3.0,-0.024,18.429,-0.005,0.085,124.077,0.276,-0.532
00:00:15.149,1572945525462,1.216,0.094,26.765,0.664,3.0,-0.024,18.449,-0.005,0.087,124.384,0.276,-0.532
00:00:15.197,1572945525510,1.1740000000000002,0.093,26.765,1.128,3.0,-0.024,18.467,-0.005,0.08800000000000001,124.673,0.276,-0.532
00:00:15.198,1572945525511,1.133,0.091,26.765,1.128,3.0,-0.025,18.486,-0.005,0.08900000000000001,125.0,0.276,-0.532
00:00:15.199,1572945525512,1.098,0.08900000000000001,26.765,1.128,3.0,-0.025,18.503,-0.004,0.08900000000000001,125.289,0.277,-0.532
00:00:15.247,1572945525560,1.067,0.087,26.765,1.128,3.0,-0.025,18.52,-0.004,0.08900000000000001,125.598,0.277,-0.532
00:00:15.248,1572945525561,1.04,0.085,26.765,1.128,3.0,-0.025,18.538,-0.004,0.08900000000000001,125.926,0.277,-0.532
00:00:15.249,1572945525562,1.019,0.083,26.765,1.128,3.0,-0.025,18.554,-0.004,0.08900000000000001,126.215,0.277,-0.532
00:00:15.298,1572945525611,0.999,0.081,26.765,1.128,3.0,-0.025,18.57,-0.003,0.08800000000000001,126.525,0.277,-0.532
00:00:15.299,1572945525612,0.98,0.078,26.765,1.128,3.0,-0.025,18.587,-0.003,0.087,126.854,0.278,-0.532
00:00:15.300,1572945525613,0.964,0.076,26.765,1.128,3.0,-0.025,18.603,-0.003,0.086,127.164,0.278,-0.532
00:00:15.348,1572945525661,0.95,0.075,26.765,1.128,3.0,-0.025,18.618,-0.003,0.085,127.455,0.278,-0.532
00:00:15.349,1572945525662,0.935,0.073,26.765,1.128,3.0,-0.025,18.633,-0.003,0.084,127.765,0.279,-0.532
00:00:15.350,1572945525663,0.921,0.071,26.765,1.128,3.0,-0.025,18.649,-0.003,0.08199999999999999,128.095,0.279,-0.532
00:00:15.399,1572945525712,0.908,0.07,26.619,0.664,3.0,-0.025,18.664,-0.003,0.08,128.406,0.279,-0.532
00:00:15.400,1572945525713,0.899,0.07,26.619,0.664,3.0,-0.025,18.678,-0.003,0.079,128.69799999999998,0.28,-0.532
00:00:15.401,1572945525714,0.892,0.069,26.619,0.664,3.0,-0.025,18.693,-0.003,0.077,129.009,0.28,-0.532
00:00:15.451,1572945525764,0.884,0.069,26.619,0.664,3.0,-0.025,18.708,-0.002,0.075,129.321,0.28,-0.532
00:00:15.452,1572945525765,0.873,0.068,26.619,0.664,3.0,-0.025,18.723,-0.002,0.073,129.65200000000002,0.281,-0.532
00:00:15.453,1572945525766,0.8640000000000001,0.068,26.619,0.664,3.0,-0.025,18.737,-0.002,0.071,129.945,0.281,-0.532
00:00:15.454,1572945525767,0.855,0.067,26.619,0.664,3.0,-0.024,18.751,-0.002,0.069,130.257,0.282,-0.532
00:00:15.509,1572945525822,0.846,0.067,26.472,0.664,3.0,-0.024,18.766,-0.002,0.067,130.59,0.282,-0.532
00:00:15.510,1572945525823,0.838,0.067,26.472,0.664,3.0,-0.024,18.779,-0.002,0.065,130.90200000000002,0.28300000000000003,-0.532
00:00:15.550,1572945525863,0.831,0.067,26.472,0.664,3.0,-0.024,18.793,-0.002,0.062,131.216,0.28300000000000003,-0.532
00:00:15.551,1572945525864,0.8240000000000001,0.067,26.472,0.664,3.0,-0.024,18.807,-0.002,0.06,131.529,0.284,-0.532
00:00:15.552,1572945525865,0.818,0.067,26.472,0.664,3.0,-0.024,18.82,-0.002,0.058,131.842,0.285,-0.532
00:00:15.600,1572945525913,0.812,0.067,26.326,0.664,3.0,-0.024,18.834,-0.002,0.056,132.156,0.285,-0.532
00:00:15.601,1572945525914,0.807,0.067,26.326,0.664,3.0,-0.024,18.847,-0.002,0.054000000000000006,132.47,0.28600000000000003,-0.532
00:00:15.602,1572945525915,0.802,0.067,26.326,0.664,3.0,-0.024,18.86,-0.002,0.052000000000000005,132.765,0.28600000000000003,-0.532
00:00:15.660,1572945525973,0.797,0.067,26.326,0.664,3.0,-0.024,18.874,-0.002,0.05,133.099,0.287,-0.532
00:00:15.661,1572945525974,0.792,0.067,26.326,0.664,3.0,-0.024,18.887,-0.002,0.049,133.414,0.28800000000000003,-0.532
00:00:15.662,1572945525975,0.787,0.068,26.326,0.664,3.0,-0.024,18.9,-0.002,0.047,133.72799999999998,0.289,-0.532
00:00:15.663,1572945525976,0.7829999999999999,0.068,23.469,0.664,3.0,-0.023,18.913,-0.002,0.046,134.04399999999998,0.289,-0.532
00:00:15.721,1572945526034,0.778,0.069,23.469,0.664,3.0,-0.023,18.926,-0.002,0.044,134.359,0.29,-0.532
00:00:15.722,1572945526035,0.765,0.069,23.469,0.664,3.0,-0.023,18.938,-0.002,0.043,134.674,0.29100000000000004,-0.532
00:00:15.723,1572945526036,0.742,0.07,23.469,0.664,3.0,-0.023,18.95,-0.002,0.041,134.99,0.29100000000000004,-0.532
00:00:15.765,1572945526078,0.7170000000000001,0.07200000000000001,23.469,0.664,3.0,-0.023,18.962,-0.002,0.04,135.306,0.292,-0.532
00:00:15.766,1572945526079,0.695,0.073,23.469,0.664,3.0,-0.023,18.973,-0.002,0.039,135.622,0.293,-0.532
00:00:15.767,1572945526080,0.682,0.075,19.954,0.664,3.0,-0.023,18.984,-0.002,0.038,135.939,0.294,-0.532
00:00:15.817,1572945526130,0.674,0.078,19.954,0.664,3.0,-0.023,18.996,-0.002,0.037000000000000005,136.275,0.295,-0.532
00:00:15.818,1572945526131,0.665,0.08199999999999999,19.954,0.664,3.0,-0.023,19.007,-0.002,0.036000000000000004,136.572,0.29600000000000004,-0.532
00:00:15.819,1572945526132,0.647,0.087,19.954,0.664,3.0,-0.022,19.017,-0.002,0.035,136.889,0.297,-0.532
00:00:15.880,1572945526193,0.623,0.092,19.954,0.664,3.0,-0.022,19.028,-0.002,0.034,137.225,0.298,-0.532
00:00:15.881,1572945526194,0.604,0.098,19.954,0.664,3.0,-0.022,19.037,-0.001,0.033,137.523,0.298,-0.5329999999999999
00:00:15.882,1572945526195,0.589,0.103,12.922,0.664,3.0,-0.022,19.047,-0.001,0.032,137.84,0.299,-0.5329999999999999
00:00:15.883,1572945526196,0.579,0.108,12.922,0.664,3.0,-0.023,19.056,-0.001,0.031,138.158,0.301,-0.5329999999999999
00:00:15.928,1572945526241,0.544,0.112,12.922,0.664,3.0,-0.023,19.064,-0.001,0.03,138.475,0.302,-0.5329999999999999
00:00:15.929,1572945526242,0.459,0.116,12.922,0.664,3.0,-0.024,19.071,-0.001,0.028,138.793,0.303,-0.5329999999999999
00:00:15.930,1572945526243,0.35,0.119,12.922,0.664,3.0,-0.024,19.075,-0.001,0.027000000000000003,139.111,0.304,-0.5329999999999999
00:00:15.978,1572945526291,0.254,0.121,12.922,0.664,3.0,-0.025,19.078,-0.001,0.024,139.429,0.305,-0.5329999999999999
00:00:15.979,1572945526292,0.197,0.122,12.922,1.128,3.0,-0.026,19.08,-0.001,0.022,139.727,0.306,-0.5329999999999999
00:00:15.980,1572945526293,0.168,0.123,11.604,1.128,3.0,-0.027000000000000003,19.083,-0.001,0.019,140.065,0.307,-0.5329999999999999
00:00:16.029,1572945526342,0.162,0.123,11.604,1.128,3.0,-0.027000000000000003,19.086,-0.001,0.016,140.38299999999998,0.309,-0.5329999999999999
00:00:16.030,1572945526343,0.16,0.124,11.604,1.128,3.0,-0.028,19.089,-0.001,0.013,140.701,0.31,-0.5329999999999999
00:00:16.031,1572945526344,0.156,0.125,11.604,1.128,3.0,-0.029,19.091,-0.002,0.01,141.019,0.311,-0.5329999999999999
00:00:16.086,1572945526399,0.15,0.126,11.604,1.128,3.0,-0.029,19.093,-0.002,0.006999999999999999,141.338,0.313,-0.5329999999999999
00:00:16.087,1572945526400,0.14400000000000002,0.127,11.457,0.664,3.0,-0.03,19.096,-0.002,0.004,141.656,0.314,-0.5329999999999999
00:00:16.088,1572945526401,0.14300000000000002,0.128,11.457,0.664,3.0,-0.03,19.098,-0.003,0.001,141.974,0.315,-0.5329999999999999
00:00:16.130,1572945526443,0.145,0.129,11.457,0.664,3.0,-0.031,19.101,-0.003,-0.003,142.292,0.317,-0.5329999999999999
00:00:16.131,1572945526444,0.146,0.129,11.457,0.664,3.0,-0.032,19.103,-0.004,-0.006,142.611,0.318,-0.5329999999999999
00:00:16.132,1572945526445,0.145,0.13,11.457,0.664,3.0,-0.032,19.105,-0.004,-0.009000000000000001,142.929,0.32,-0.5329999999999999
00:00:16.181,1572945526494,0.145,0.13,11.457,0.664,3.0,-0.033,19.108,-0.004,-0.012,143.248,0.322,-0.5329999999999999
00:00:16.182,1572945526495,0.14400000000000002,0.129,11.604,0.664,3.0,-0.033,19.11,-0.005,-0.015,143.566,0.32299999999999995,-0.5329999999999999
00:00:16.183,1572945526496,0.14400000000000002,0.129,11.604,0.664,3.0,-0.034,19.113,-0.005,-0.018000000000000002,143.904,0.325,-0.5329999999999999
00:00:16.232,1572945526545,0.145,0.128,11.604,0.664,3.0,-0.034,19.115,-0.005,-0.021,144.203,0.326,-0.5329999999999999
00:00:16.233,1572945526546,0.146,0.126,11.604,0.664,3.0,-0.035,19.118,-0.005,-0.023,144.52200000000005,0.328,-0.5329999999999999
00:00:16.234,1572945526547,0.14800000000000002,0.124,11.604,0.664,3.0,-0.035,19.12,-0.005,-0.025,144.84,0.33,-0.5329999999999999
00:00:16.282,1572945526595,0.15,0.122,11.604,0.664,3.0,-0.035,19.123,-0.006,-0.028,145.159,0.332,-0.5329999999999999
00:00:16.283,1572945526596,0.151,0.119,11.604,0.664,3.0,-0.036000000000000004,19.125,-0.006,-0.03,145.47799999999995,0.334,-0.5329999999999999
00:00:16.284,1572945526597,0.151,0.116,11.604,0.664,3.0,-0.036000000000000004,19.128,-0.006,-0.032,145.797,0.335,-0.5329999999999999
00:00:16.336,1572945526649,0.151,0.113,11.604,0.664,3.0,-0.036000000000000004,19.13,-0.006,-0.033,146.115,0.337,-0.5329999999999999
00:00:16.337,1572945526650,0.15,0.109,11.604,0.664,3.0,-0.036000000000000004,19.133,-0.006,-0.035,146.434,0.339,-0.5329999999999999
00:00:16.338,1572945526651,0.15,0.106,11.604,0.664,3.0,-0.036000000000000004,19.135,-0.006,-0.036000000000000004,146.753,0.341,-0.5329999999999999
00:00:16.339,1572945526652,0.149,0.103,11.604,0.664,3.0,-0.036000000000000004,19.138,-0.006,-0.037000000000000005,147.072,0.343,-0.5329999999999999
00:00:16.387,1572945526700,0.149,0.101,11.604,0.664,3.0,-0.036000000000000004,19.14,-0.006,-0.037000000000000005,147.391,0.345,-0.5329999999999999
00:00:16.388,1572945526701,0.149,0.099,11.604,0.664,3.0,-0.036000000000000004,19.142,-0.006,-0.038,147.71,0.34700000000000003,-0.5329999999999999
00:00:16.389,1572945526702,0.14800000000000002,0.096,11.604,0.664,3.0,-0.036000000000000004,19.145,-0.006,-0.038,148.029,0.349,-0.5329999999999999
00:00:16.437,1572945526750,0.14800000000000002,0.094,11.604,0.664,3.0,-0.036000000000000004,19.147,-0.006,-0.038,148.34799999999996,0.35100000000000003,-0.5329999999999999
00:00:16.438,1572945526751,0.14800000000000002,0.09,11.604,0.664,3.0,-0.035,19.15,-0.005,-0.038,148.667,0.353,-0.5329999999999999
00:00:16.439,1572945526752,0.14800000000000002,0.087,11.604,0.664,3.0,-0.035,19.152,-0.005,-0.038,148.987,0.35600000000000004,-0.5329999999999999
00:00:16.493,1572945526806,0.14800000000000002,0.08199999999999999,11.604,0.664,3.0,-0.035,19.155,-0.005,-0.037000000000000005,149.306,0.358,-0.5329999999999999
00:00:16.494,1572945526807,0.14800000000000002,0.078,11.604,0.664,3.0,-0.035,19.157,-0.005,-0.037000000000000005,149.625,0.36,-0.5329999999999999
00:00:16.495,1572945526808,0.14800000000000002,0.073,11.604,0.664,3.0,-0.035,19.16,-0.005,-0.036000000000000004,149.944,0.362,-0.5329999999999999
00:00:16.538,1572945526851,0.14800000000000002,0.068,11.604,0.664,3.0,-0.034,19.162,-0.005,-0.035,150.264,0.364,-0.5329999999999999
00:00:16.539,1572945526852,0.14800000000000002,0.062,11.604,0.664,3.0,-0.034,19.165,-0.004,-0.034,150.583,0.3670000000000001,-0.5329999999999999
00:00:16.540,1572945526853,0.14800000000000002,0.055,11.604,0.664,3.0,-0.034,19.167,-0.004,-0.034,150.90200000000004,0.369,-0.5329999999999999
00:00:16.596,1572945526909,0.147,0.047,11.604,0.664,3.0,-0.034,19.17,-0.004,-0.033,151.222,0.371,-0.5329999999999999
00:00:16.597,1572945526910,0.147,0.039,11.604,0.664,3.0,-0.034,19.172,-0.005,-0.032,151.541,0.373,-0.534
00:00:16.598,1572945526911,0.147,0.031,11.604,0.664,3.0,-0.033,19.175,-0.005,-0.031,151.861,0.376,-0.534
00:00:16.644,1572945526957,0.147,0.023,11.604,0.664,3.0,-0.032,19.177,-0.005,-0.03,152.181,0.378,-0.534
00:00:16.645,1572945526958,0.147,0.015,11.604,0.664,3.0,-0.032,19.179,-0.005,-0.029,152.5,0.38,-0.534
00:00:16.646,1572945526959,0.147,0.006999999999999999,11.604,0.664,3.0,-0.031,19.182,-0.005,-0.028,152.82,0.383,-0.534
00:00:16.689,1572945527002,0.147,0.0,11.604,0.664,3.0,-0.03,19.184,-0.005,-0.027000000000000003,153.14,0.385,-0.534
00:00:16.690,1572945527003,0.147,-0.008,11.604,0.664,3.0,-0.029,19.187,-0.005,-0.027000000000000003,153.459,0.387,-0.534
00:00:16.691,1572945527004,0.147,-0.015,11.604,0.664,3.0,-0.028,19.189,-0.005,-0.026,153.779,0.389,-0.534
00:00:16.740,1572945527053,0.147,-0.022,11.604,0.664,3.0,-0.026,19.192,-0.005,-0.025,154.099,0.392,-0.534
00:00:16.741,1572945527054,0.147,-0.028,11.604,0.664,3.0,-0.025,19.194000000000006,-0.004,-0.025,154.41899999999995,0.394,-0.534
00:00:16.742,1572945527055,0.147,-0.035,11.604,0.664,3.0,-0.024,19.197,-0.004,-0.024,154.739,0.396,-0.534
00:00:16.794,1572945527107,0.147,-0.04,11.604,0.664,3.0,-0.022,19.199,-0.004,-0.024,155.059,0.398,-0.534
00:00:16.795,1572945527108,0.147,-0.045,11.604,0.664,3.0,-0.02,19.202,-0.003,-0.023,155.399,0.401,-0.534
00:00:16.796,1572945527109,0.146,-0.049,11.604,0.664,3.0,-0.019,19.204,-0.003,-0.023,155.69899999999996,0.403,-0.534
00:00:16.840,1572945527153,0.146,-0.052000000000000005,11.604,0.664,3.0,-0.017,19.206,-0.003,-0.023,156.019,0.405,-0.534
00:00:16.841,1572945527154,0.146,-0.055,11.604,0.664,3.0,-0.015,19.209,-0.002,-0.023,156.359,0.407,-0.534
00:00:16.842,1572945527155,0.146,-0.057,11.604,0.664,3.0,-0.014,19.211,-0.001,-0.023,156.659,0.409,-0.534
00:00:16.892,1572945527205,0.146,-0.059,11.604,0.664,3.0,-0.012,19.214,-0.001,-0.023,156.97899999999996,0.412,-0.534
00:00:16.893,1572945527206,0.146,-0.061,11.604,0.664,3.0,-0.011,19.216,0.0,-0.023,157.299,0.414,-0.534
00:00:16.894,1572945527207,0.145,-0.063,11.604,0.664,3.0,-0.009000000000000001,19.218,0.001,-0.023,157.62,0.416,-0.534
00:00:16.941,1572945527254,0.145,-0.065,11.604,0.664,3.0,-0.008,19.221,0.001,-0.023,157.94,0.418,-0.534
00:00:16.942,1572945527255,0.145,-0.066,11.604,0.664,3.0,-0.006999999999999999,19.223,0.002,-0.023,158.26,0.42,-0.534
00:00:16.943,1572945527256,0.145,-0.068,11.604,0.664,3.0,-0.005,19.226,0.002,-0.024,158.58100000000005,0.422,-0.534
00:00:16.991,1572945527304,0.145,-0.069,11.824000000000002,0.664,3.0,-0.004,19.228,0.003,-0.024,158.901,0.424,-0.534
00:00:16.992,1572945527305,0.145,-0.069,11.824000000000002,0.664,3.0,-0.003,19.23,0.003,-0.024,159.222,0.426,-0.534
00:00:16.993,1572945527306,0.146,-0.07,11.824000000000002,0.664,3.0,-0.002,19.233,0.004,-0.025,159.542,0.428,-0.534
00:00:17.046,1572945527359,0.149,-0.07,11.824000000000002,0.664,3.0,-0.001,19.235,0.004,-0.025,159.863,0.43,-0.534
00:00:17.047,1572945527360,0.152,-0.069,11.824000000000002,0.664,3.0,0.0,19.238,0.004,-0.025,160.183,0.4320000000000001,-0.534
00:00:17.048,1572945527361,0.155,-0.068,11.824000000000002,0.664,3.0,0.001,19.241,0.004,-0.026,160.504,0.434,-0.534
00:00:17.091,1572945527404,0.156,-0.067,12.922,0.664,3.0,0.002,19.243,0.004,-0.026,160.825,0.436,-0.534
00:00:17.092,1572945527405,0.158,-0.066,12.922,0.664,3.0,0.003,19.246,0.004,-0.026,161.166,0.438,-0.534
00:00:17.093,1572945527406,0.163,-0.064,12.922,0.664,3.0,0.004,19.249,0.004,-0.026,161.466,0.44,-0.534
00:00:17.148,1572945527461,0.17600000000000002,-0.063,12.922,0.664,3.0,0.005,19.252,0.004,-0.027000000000000003,161.787,0.442,-0.534
00:00:17.149,1572945527462,0.195,-0.06,12.922,0.664,3.0,0.005,19.256,0.004,-0.027000000000000003,162.128,0.444,-0.534
00:00:17.150,1572945527463,0.208,-0.058,12.922,0.664,3.0,0.006,19.259,0.004,-0.026,162.429,0.446,-0.534
00:00:17.194,1572945527507,0.21600000000000005,-0.056,14.607,0.664,3.0,0.006,19.263,0.004,-0.026,162.75,0.447,-0.534
00:00:17.195,1572945527508,0.219,-0.054000000000000006,14.607,0.664,3.0,0.006999999999999999,19.267,0.004,-0.026,163.091,0.449,-0.534
00:00:17.196,1572945527509,0.226,-0.052000000000000005,14.607,0.664,3.0,0.006999999999999999,19.27,0.004,-0.025,163.392,0.451,-0.534
00:00:17.251,1572945527564,0.248,-0.049,14.607,0.664,3.0,0.008,19.275,0.004,-0.025,163.713,0.453,-0.5329999999999999
00:00:17.252,1572945527565,0.276,-0.047,14.607,0.664,3.0,0.008,19.28,0.004,-0.024,164.035,0.455,-0.5329999999999999
00:00:17.253,1572945527566,0.298,-0.045,14.607,0.664,3.0,0.008,19.285,0.003,-0.023,164.356,0.456,-0.5329999999999999
00:00:17.297,1572945527610,0.307,-0.043,15.12,0.664,3.0,0.009000000000000001,19.29,0.003,-0.021,164.67700000000005,0.458,-0.5329999999999999
00:00:17.298,1572945527611,0.306,-0.041,15.12,0.664,3.0,0.009000000000000001,19.295,0.003,-0.02,164.99900000000005,0.46,-0.5329999999999999
00:00:17.299,1572945527612,0.304,-0.039,15.12,0.664,3.0,0.009000000000000001,19.3,0.003,-0.019,165.321,0.462,-0.5329999999999999
00:00:17.347,1572945527660,0.306,-0.038,15.12,0.664,3.0,0.009000000000000001,19.305,0.003,-0.017,165.642,0.463,-0.5329999999999999
00:00:17.348,1572945527661,0.313,-0.036000000000000004,15.12,0.664,3.0,0.009000000000000001,19.311,0.002,-0.015,165.96400000000003,0.465,-0.5329999999999999
00:00:17.349,1572945527662,0.32,-0.034,15.12,0.664,3.0,0.01,19.316,0.002,-0.014,166.28599999999997,0.467,-0.5329999999999999
00:00:17.397,1572945527710,0.32299999999999995,-0.033,15.265999999999998,0.664,3.0,0.01,19.322,0.002,-0.012,166.608,0.469,-0.5329999999999999
00:00:17.398,1572945527711,0.324,-0.031,15.265999999999998,0.664,3.0,0.01,19.327,0.002,-0.011,166.93,0.47,-0.5329999999999999
00:00:17.399,1572945527712,0.32299999999999995,-0.03,15.265999999999998,0.664,3.0,0.01,19.332,0.002,-0.009000000000000001,167.252,0.472,-0.5329999999999999
00:00:17.447,1572945527760,0.32299999999999995,-0.029,15.265999999999998,0.664,3.0,0.01,19.338,0.002,-0.008,167.574,0.474,-0.5329999999999999
00:00:17.448,1572945527761,0.325,-0.028,15.265999999999998,0.664,3.0,0.01,19.344,0.001,-0.006,167.917,0.475,-0.5329999999999999
00:00:17.449,1572945527762,0.326,-0.027000000000000003,15.265999999999998,0.664,3.0,0.01,19.349,0.001,-0.005,168.21900000000005,0.477,-0.5329999999999999
00:00:17.504,1572945527817,0.327,-0.026,15.486,0.664,3.0,0.01,19.354,0.001,-0.004,168.542,0.479,-0.5329999999999999
00:00:17.505,1572945527818,0.327,-0.025,15.486,0.664,3.0,0.01,19.36,0.001,-0.003,168.885,0.48,-0.5329999999999999
00:00:17.506,1572945527819,0.328,-0.025,15.486,0.664,3.0,0.01,19.365,0.001,-0.002,169.187,0.482,-0.5329999999999999
00:00:17.507,1572945527820,0.33,-0.024,15.486,0.664,3.0,0.01,19.37,0.001,-0.001,169.449,0.483,-0.5329999999999999
00:00:17.562,1572945527875,0.334,-0.024,15.486,0.664,3.0,0.01,19.375,0.001,-0.001,169.77200000000005,0.485,-0.5329999999999999
00:00:17.563,1572945527876,0.337,-0.024,15.486,0.664,3.0,0.01,19.381,0.001,0.0,170.095,0.486,-0.5329999999999999
00:00:17.564,1572945527877,0.338,-0.025,15.486,0.664,3.0,0.01,19.387,0.001,0.001,170.418,0.488,-0.5329999999999999
00:00:17.609,1572945527922,0.338,-0.025,15.632,0.664,3.0,0.009000000000000001,19.392,0.001,0.001,170.741,0.49,-0.5329999999999999
00:00:17.610,1572945527923,0.338,-0.026,15.632,0.664,3.0,0.009000000000000001,19.397,0.001,0.001,171.044,0.491,-0.5329999999999999
00:00:17.611,1572945527924,0.339,-0.027000000000000003,15.632,0.664,3.0,0.009000000000000001,19.403,0.001,0.001,171.368,0.493,-0.5329999999999999
00:00:17.660,1572945527973,0.341,-0.028,15.632,0.664,3.0,0.009000000000000001,19.409,0.001,0.001,171.69099999999997,0.494,-0.5329999999999999
00:00:17.661,1572945527974,0.343,-0.03,15.632,0.664,3.0,0.009000000000000001,19.415,0.001,0.001,172.015,0.496,-0.5329999999999999
00:00:17.662,1572945527975,0.344,-0.031,15.632,0.664,3.0,0.009000000000000001,19.42,0.001,0.001,172.338,0.498,-0.5329999999999999
00:00:17.722,1572945528035,0.344,-0.032,16.145,0.664,3.0,0.009000000000000001,19.426,0.001,0.0,172.662,0.499,-0.5329999999999999
00:00:17.723,1572945528036,0.34600000000000003,-0.033,16.145,0.664,3.0,0.009000000000000001,19.432,0.0,0.0,172.986,0.501,-0.5329999999999999
00:00:17.724,1572945528037,0.35200000000000004,-0.035,16.145,0.664,3.0,0.009000000000000001,19.438,0.0,0.0,173.31,0.502,-0.5329999999999999
00:00:17.725,1572945528038,0.361,-0.037000000000000005,16.145,0.664,3.0,0.009000000000000001,19.444000000000006,0.0,0.0,173.65400000000002,0.504,-0.5329999999999999
00:00:17.769,1572945528082,0.3670000000000001,-0.039,16.145,0.664,3.0,0.009000000000000001,19.45,0.0,0.0,173.958,0.505,-0.5329999999999999
00:00:17.770,1572945528083,0.3720000000000001,-0.041,16.145,0.664,3.0,0.009000000000000001,19.456,0.0,-0.001,174.282,0.507,-0.5329999999999999
00:00:17.771,1572945528084,0.373,-0.044,16.292,0.664,3.0,0.009000000000000001,19.463,0.0,-0.001,174.627,0.508,-0.5329999999999999
00:00:17.824,1572945528137,0.373,-0.047,16.292,0.664,3.0,0.009000000000000001,19.469,0.0,-0.001,174.93099999999995,0.51,-0.5329999999999999
00:00:17.825,1572945528138,0.373,-0.05,16.292,0.664,3.0,0.01,19.475,0.0,-0.001,175.255,0.511,-0.5329999999999999
00:00:17.826,1572945528139,0.374,-0.053,16.292,0.664,3.0,0.01,19.482,0.0,-0.001,175.6,0.513,-0.5329999999999999
00:00:17.877,1572945528190,0.374,-0.057,16.292,0.664,3.0,0.01,19.488,0.0,-0.001,175.905,0.514,-0.5329999999999999
00:00:17.878,1572945528191,0.375,-0.06,16.292,0.664,3.0,0.01,19.494,0.0,-0.001,176.23,0.516,-0.5329999999999999
00:00:17.879,1572945528192,0.376,-0.063,16.292,0.664,3.0,0.011,19.5,0.0,-0.001,176.555,0.517,-0.5329999999999999
00:00:17.920,1572945528233,0.376,-0.066,16.292,0.664,3.0,0.011,19.506,0.0,-0.001,176.88,0.519,-0.5329999999999999
00:00:17.921,1572945528234,0.375,-0.068,16.292,0.664,3.0,0.011,19.513,0.001,-0.001,177.205,0.52,-0.5329999999999999
00:00:17.922,1572945528235,0.375,-0.069,16.292,0.664,3.0,0.012,19.519,0.001,-0.001,177.53,0.521,-0.5329999999999999
00:00:17.970,1572945528283,0.374,-0.071,16.292,0.664,3.0,0.013,19.525,0.001,-0.001,177.855,0.523,-0.5329999999999999
00:00:17.971,1572945528284,0.374,-0.071,16.292,0.664,3.0,0.013,19.531,0.001,-0.001,178.18099999999995,0.524,-0.5329999999999999
00:00:17.972,1572945528285,0.374,-0.07200000000000001,16.292,0.664,3.0,0.014,19.537,0.001,-0.001,178.50599999999997,0.525,-0.5329999999999999
00:00:18.021,1572945528334,0.373,-0.07200000000000001,16.292,0.664,3.0,0.014,19.544,0.002,-0.001,178.832,0.527,-0.5329999999999999
00:00:18.022,1572945528335,0.373,-0.073,16.292,0.664,3.0,0.015,19.55,0.002,-0.001,179.158,0.528,-0.5329999999999999
00:00:18.023,1572945528336,0.373,-0.07400000000000001,16.292,0.664,3.0,0.015,19.556,0.002,-0.001,179.484,0.529,-0.5329999999999999
00:00:18.076,1572945528389,0.373,-0.075,16.292,0.664,3.0,0.015,19.562,0.002,-0.001,179.81,0.53,-0.5329999999999999
00:00:18.077,1572945528390,0.373,-0.076,16.292,0.664,3.0,0.016,19.569000000000006,0.003,-0.001,180.136,0.532,-0.5329999999999999
00:00:18.078,1572945528391,0.373,-0.077,16.658,0.664,3.0,0.016,19.575,0.003,-0.001,180.482,0.5329999999999999,-0.5329999999999999
00:00:18.131,1572945528444,0.374,-0.078,16.658,0.664,3.0,0.017,19.581,0.003,-0.001,180.788,0.534,-0.5329999999999999
00:00:18.132,1572945528445,0.377,-0.078,16.658,0.664,3.0,0.017,19.587,0.003,-0.001,181.115,0.535,-0.5329999999999999
00:00:18.133,1572945528446,0.382,-0.079,16.658,0.664,3.0,0.017,19.594,0.003,-0.001,181.462,0.536,-0.5329999999999999
00:00:18.176,1572945528489,0.387,-0.079,16.658,0.664,3.0,0.018000000000000002,19.6,0.003,-0.001,181.768,0.537,-0.5329999999999999
00:00:18.177,1572945528490,0.39,-0.079,16.658,0.664,3.0,0.018000000000000002,19.607,0.003,-0.001,182.095,0.5379999999999999,-0.5329999999999999
00:00:18.178,1572945528491,0.392,-0.079,16.658,0.664,3.0,0.018000000000000002,19.614,0.004,-0.001,182.442,0.539,-0.5329999999999999
00:00:18.222,1572945528535,0.392,-0.079,16.658,0.664,3.0,0.019,19.62,0.004,-0.001,182.748,0.54,-0.5329999999999999
00:00:18.223,1572945528536,0.392,-0.079,16.658,0.664,3.0,0.019,19.626,0.004,-0.001,183.075,0.541,-0.5329999999999999
00:00:18.224,1572945528537,0.391,-0.078,16.658,0.664,3.0,0.019,19.633,0.004,-0.001,183.402,0.542,-0.5329999999999999
00:00:18.273,1572945528586,0.39,-0.078,16.658,0.664,3.0,0.02,19.639,0.004,0.0,183.73,0.5429999999999999,-0.5329999999999999
00:00:18.274,1572945528587,0.389,-0.077,16.658,0.664,3.0,0.02,19.646,0.004,0.0,184.057,0.544,-0.5329999999999999
00:00:18.275,1572945528588,0.389,-0.076,16.804000000000002,0.664,3.0,0.02,19.652,0.004,0.0,184.385,0.545,-0.5329999999999999
00:00:18.323,1572945528636,0.389,-0.075,16.804000000000002,0.664,3.0,0.02,19.659,0.004,0.0,184.712,0.546,-0.5329999999999999
00:00:18.324,1572945528637,0.39,-0.075,16.804000000000002,0.664,3.0,0.021,19.665,0.004,0.0,185.04,0.547,-0.5329999999999999
00:00:18.325,1572945528638,0.392,-0.07400000000000001,16.804000000000002,0.664,3.0,0.021,19.672,0.004,0.001,185.368,0.5479999999999999,-0.5329999999999999
00:00:18.373,1572945528686,0.393,-0.073,16.804000000000002,0.664,3.0,0.021,19.678,0.004,0.001,185.696,0.5489999999999999,-0.5329999999999999
00:00:18.374,1572945528687,0.395,-0.07200000000000001,16.804000000000002,0.664,3.0,0.021,19.685,0.004,0.001,186.024,0.55,-0.5329999999999999
00:00:18.375,1572945528688,0.395,-0.071,16.804000000000002,0.664,3.0,0.021,19.692,0.004,0.001,186.372,0.55,-0.5329999999999999
00:00:18.424,1572945528737,0.396,-0.071,16.804000000000002,0.664,3.0,0.021,19.698,0.003,0.001,186.68,0.551,-0.5329999999999999
00:00:18.425,1572945528738,0.395,-0.07,16.804000000000002,0.664,3.0,0.021,19.705,0.003,0.001,187.008,0.552,-0.5329999999999999
00:00:18.426,1572945528739,0.395,-0.069,16.804000000000002,0.664,3.0,0.022,19.712,0.003,0.002,187.357,0.5529999999999999,-0.5329999999999999
00:00:18.479,1572945528792,0.395,-0.069,16.804000000000002,0.664,3.0,0.022,19.718,0.003,0.002,187.665,0.5529999999999999,-0.5329999999999999
00:00:18.480,1572945528793,0.394,-0.068,16.804000000000002,0.664,3.0,0.022,19.725,0.003,0.002,187.99400000000003,0.5539999999999999,-0.5329999999999999
00:00:18.481,1572945528794,0.394,-0.067,16.804000000000002,0.664,3.0,0.022,19.732,0.003,0.002,188.343,0.555,-0.5329999999999999
00:00:18.538,1572945528851,0.394,-0.067,16.804000000000002,0.664,3.0,0.022,19.738,0.003,0.002,188.652,0.555,-0.5329999999999999
00:00:18.539,1572945528852,0.394,-0.066,16.804000000000002,0.664,3.0,0.022,19.744,0.003,0.002,188.981,0.556,-0.5329999999999999
00:00:18.540,1572945528853,0.393,-0.066,16.804000000000002,0.664,3.0,0.022,19.751,0.003,0.002,189.31,0.557,-0.5329999999999999
00:00:18.579,1572945528892,0.393,-0.065,16.804000000000002,0.664,3.0,0.022,19.757,0.003,0.002,189.639,0.557,-0.5329999999999999
00:00:18.580,1572945528893,0.393,-0.065,16.804000000000002,0.664,3.0,0.022,19.764,0.003,0.002,189.969,0.5579999999999999,-0.5329999999999999
00:00:18.581,1572945528894,0.393,-0.064,16.658,0.664,3.0,0.022,19.77,0.003,0.002,190.298,0.5589999999999999,-0.5329999999999999
00:00:18.629,1572945528942,0.392,-0.064,16.658,0.664,3.0,0.022,19.777,0.003,0.002,190.628,0.5589999999999999,-0.5329999999999999
00:00:18.630,1572945528943,0.39,-0.064,16.658,0.664,3.0,0.022,19.783,0.003,0.002,190.957,0.56,-0.5329999999999999
00:00:18.631,1572945528944,0.387,-0.063,16.658,0.664,3.0,0.022,19.79,0.003,0.002,191.287,0.56,-0.5329999999999999
00:00:18.680,1572945528993,0.384,-0.063,16.658,0.664,3.0,0.022,19.796,0.003,0.002,191.617,0.561,-0.5329999999999999
00:00:18.681,1572945528994,0.383,-0.063,16.658,0.664,3.0,0.022,19.803,0.003,0.002,191.947,0.561,-0.5329999999999999
00:00:18.682,1572945528995,0.383,-0.063,16.658,0.664,3.0,0.022,19.809,0.003,0.002,192.277,0.562,-0.5329999999999999
00:00:18.730,1572945529043,0.383,-0.063,16.658,0.664,3.0,0.022,19.815,0.003,0.002,192.607,0.562,-0.5329999999999999
00:00:18.731,1572945529044,0.383,-0.063,16.658,0.664,3.0,0.022,19.822,0.003,0.001,192.937,0.563,-0.5329999999999999
00:00:18.732,1572945529045,0.383,-0.062,16.658,0.664,3.0,0.022,19.828,0.003,0.001,193.289,0.563,-0.5329999999999999
00:00:18.781,1572945529094,0.383,-0.062,16.658,0.664,3.0,0.022,19.834,0.003,0.001,193.598,0.563,-0.5329999999999999
00:00:18.782,1572945529095,0.383,-0.062,16.658,0.664,3.0,0.022,19.841,0.003,0.001,193.929,0.564,-0.5329999999999999
00:00:18.783,1572945529096,0.382,-0.062,16.804000000000002,0.664,3.0,0.022,19.848,0.003,0.001,194.28,0.564,-0.5329999999999999
00:00:18.843,1572945529156,0.383,-0.062,16.804000000000002,0.664,3.0,0.022,19.854,0.003,0.001,194.591,0.565,-0.5329999999999999
00:00:18.844,1572945529157,0.385,-0.062,16.804000000000002,0.664,3.0,0.022,19.86,0.003,0.001,194.922,0.565,-0.5329999999999999
00:00:18.845,1572945529158,0.388,-0.063,16.804000000000002,0.664,3.0,0.022,19.867,0.003,0.001,195.273,0.565,-0.5329999999999999
00:00:18.846,1572945529159,0.39,-0.063,16.804000000000002,0.664,3.0,0.022,19.873,0.003,0.001,195.584,0.5660000000000001,-0.5329999999999999
00:00:18.891,1572945529204,0.39,-0.063,16.804000000000002,0.664,3.0,0.022,19.88,0.003,0.001,195.915,0.5660000000000001,-0.5329999999999999
00:00:18.892,1572945529205,0.39,-0.063,16.804000000000002,0.664,3.0,0.022,19.886,0.003,0.001,196.246,0.5660000000000001,-0.5329999999999999
00:00:18.893,1572945529206,0.389,-0.063,16.804000000000002,0.664,3.0,0.022,19.893,0.003,0.0,196.578,0.5660000000000001,-0.5329999999999999
00:00:18.941,1572945529254,0.388,-0.063,16.804000000000002,0.664,3.0,0.022,19.899,0.003,0.0,196.909,0.5670000000000001,-0.5329999999999999
00:00:18.942,1572945529255,0.388,-0.063,16.804000000000002,0.664,3.0,0.022,19.905,0.003,0.0,197.241,0.5670000000000001,-0.5329999999999999
00:00:18.943,1572945529256,0.388,-0.063,16.804000000000002,0.664,3.0,0.022,19.912,0.003,0.0,197.573,0.5670000000000001,-0.5329999999999999
00:00:18.991,1572945529304,0.388,-0.063,16.804000000000002,0.664,3.0,0.022,19.918,0.003,0.0,197.905,0.5670000000000001,-0.5329999999999999
00:00:18.992,1572945529305,0.388,-0.063,16.658,0.664,3.0,0.022,19.925,0.003,0.0,198.237,0.5670000000000001,-0.5329999999999999
00:00:18.993,1572945529306,0.387,-0.063,16.658,0.664,3.0,0.022,19.931,0.003,0.0,198.569,0.5670000000000001,-0.5329999999999999
00:00:19.043,1572945529356,0.384,-0.063,16.658,0.664,3.0,0.022,19.938,0.003,0.0,198.901,0.568,-0.5329999999999999
00:00:19.044,1572945529357,0.381,-0.063,16.658,0.664,3.0,0.021,19.944000000000006,0.003,0.0,199.254,0.568,-0.5329999999999999
00:00:19.045,1572945529358,0.379,-0.064,16.658,0.664,3.0,0.021,19.95,0.003,0.0,199.566,0.568,-0.5329999999999999
00:00:19.095,1572945529408,0.378,-0.064,16.658,0.664,3.0,0.021,19.956,0.003,0.0,199.899,0.568,-0.5329999999999999
00:00:19.096,1572945529409,0.378,-0.064,16.804000000000002,0.664,3.0,0.021,19.963,0.003,0.0,200.252,0.568,-0.5329999999999999
00:00:19.097,1572945529410,0.379,-0.064,16.804000000000002,0.664,3.0,0.022,19.969,0.003,0.0,200.564,0.568,-0.5329999999999999
00:00:19.142,1572945529455,0.381,-0.064,16.804000000000002,0.664,3.0,0.022,19.975,0.003,0.0,200.897,0.568,-0.5329999999999999
00:00:19.143,1572945529456,0.384,-0.064,16.804000000000002,0.664,3.0,0.022,19.982,0.003,0.0,201.251,0.568,-0.5329999999999999
00:00:19.144,1572945529457,0.386,-0.064,16.804000000000002,0.664,3.0,0.022,19.988,0.003,0.0,201.563,0.568,-0.534
00:00:19.193,1572945529506,0.386,-0.064,16.804000000000002,0.664,3.0,0.022,19.995,0.003,0.0,201.896,0.568,-0.534
00:00:19.194,1572945529507,0.386,-0.064,16.658,0.664,3.0,0.022,20.001,0.003,0.0,202.23,0.568,-0.534
00:00:19.195,1572945529508,0.384,-0.064,16.658,0.664,3.0,0.022,20.008,0.003,0.0,202.563,0.568,-0.534
00:00:19.245,1572945529558,0.381,-0.064,16.658,0.664,3.0,0.022,20.014,0.003,0.0,202.896,0.568,-0.534
00:00:19.246,1572945529559,0.378,-0.064,16.658,0.664,3.0,0.022,20.02,0.003,0.0,203.23,0.568,-0.534
00:00:19.247,1572945529560,0.376,-0.064,16.658,0.664,3.0,0.022,20.027,0.003,0.0,203.585,0.568,-0.534
00:00:19.294,1572945529607,0.375,-0.064,16.658,0.664,3.0,0.022,20.033,0.003,0.0,203.898,0.5670000000000001,-0.534
00:00:19.295,1572945529608,0.375,-0.064,16.804000000000002,0.664,3.0,0.022,20.039,0.003,0.0,204.232,0.5670000000000001,-0.534
00:00:19.296,1572945529609,0.376,-0.064,16.804000000000002,0.664,3.0,0.022,20.045,0.003,0.0,204.566,0.5670000000000001,-0.534
00:00:19.344,1572945529657,0.379,-0.063,16.804000000000002,0.664,3.0,0.022,20.052,0.003,0.0,204.9,0.5670000000000001,-0.534
00:00:19.345,1572945529658,0.382,-0.063,16.804000000000002,0.664,3.0,0.022,20.058,0.003,0.0,205.234,0.5670000000000001,-0.534
00:00:19.346,1572945529659,0.383,-0.063,16.804000000000002,0.664,3.0,0.022,20.064,0.003,0.0,205.568,0.5670000000000001,-0.534
00:00:19.396,1572945529709,0.384,-0.063,16.804000000000002,0.664,3.0,0.022,20.071,0.003,0.0,205.903,0.5660000000000001,-0.534
00:00:19.397,1572945529710,0.383,-0.063,16.658,0.664,3.0,0.021,20.078,0.003,0.0,206.279,0.5660000000000001,-0.534
00:00:19.398,1572945529711,0.382,-0.063,16.658,0.664,3.0,0.021,20.083,0.003,0.0,206.572,0.5660000000000001,-0.534
00:00:19.454,1572945529767,0.379,-0.063,16.658,0.664,3.0,0.021,20.09,0.003,0.0,206.907,0.5660000000000001,-0.534
00:00:19.455,1572945529768,0.376,-0.062,16.658,0.664,3.0,0.021,20.096,0.003,0.0,207.263,0.565,-0.534
00:00:19.456,1572945529769,0.373,-0.062,16.658,0.664,3.0,0.021,20.102,0.003,0.0,207.577,0.565,-0.534
00:00:19.496,1572945529809,0.373,-0.061,16.658,0.664,3.0,0.021,20.108,0.003,0.0,207.912,0.565,-0.534
00:00:19.497,1572945529810,0.373,-0.061,16.804000000000002,0.664,3.0,0.021,20.115,0.003,0.0,208.268,0.564,-0.534
00:00:19.498,1572945529811,0.374,-0.06,16.804000000000002,0.664,3.0,0.021,20.121,0.003,0.0,208.582,0.564,-0.534
00:00:19.547,1572945529860,0.376,-0.059,16.804000000000002,0.664,3.0,0.021,20.127,0.003,0.0,208.918,0.563,-0.534
00:00:19.548,1572945529861,0.379,-0.057,16.804000000000002,0.664,3.0,0.021,20.134,0.003,0.0,209.274,0.563,-0.534
00:00:19.549,1572945529862,0.381,-0.056,16.804000000000002,0.664,3.0,0.021,20.14,0.003,0.0,209.61,0.563,-0.534
00:00:19.598,1572945529911,0.382,-0.055,16.804000000000002,0.664,3.0,0.021,20.146,0.003,0.0,209.924,0.562,-0.534
00:00:19.599,1572945529912,0.381,-0.053,16.804000000000002,0.664,3.0,0.021,20.153,0.003,0.0,210.26,0.562,-0.534
00:00:19.600,1572945529913,0.38,-0.051,16.804000000000002,0.664,3.0,0.021,20.159,0.003,0.0,210.617,0.561,-0.534
00:00:19.655,1572945529968,0.38,-0.049,16.804000000000002,0.664,3.0,0.021,20.166,0.003,0.0,210.953,0.561,-0.534
00:00:19.656,1572945529969,0.379,-0.046,16.804000000000002,0.664,3.0,0.021,20.172,0.003,0.0,211.268,0.56,-0.534
00:00:19.657,1572945529970,0.379,-0.042,16.804000000000002,0.664,3.0,0.022,20.178,0.004,0.0,211.605,0.56,-0.534
00:00:19.698,1572945530011,0.379,-0.036000000000000004,16.804000000000002,0.664,3.0,0.022,20.184,0.004,0.0,211.941,0.5589999999999999,-0.534
00:00:19.699,1572945530012,0.379,-0.029,16.804000000000002,0.664,3.0,0.022,20.191,0.004,0.0,212.298,0.5589999999999999,-0.534
00:00:19.700,1572945530013,0.379,-0.021,16.804000000000002,0.664,3.0,0.022,20.197,0.004,0.0,212.614,0.5579999999999999,-0.534
00:00:19.749,1572945530062,0.379,-0.011,16.804000000000002,0.664,3.0,0.022,20.203,0.005,0.0,212.951,0.5579999999999999,-0.534
00:00:19.750,1572945530063,0.379,0.003,16.804000000000002,0.664,3.0,0.023,20.21,0.005,0.0,213.308,0.557,-0.534
00:00:19.751,1572945530064,0.379,0.018000000000000002,16.804000000000002,0.664,3.0,0.023,20.216,0.006,0.0,213.645,0.557,-0.534
00:00:19.799,1572945530112,0.379,0.035,16.804000000000002,0.664,3.0,0.023,20.222,0.006,0.0,213.982,0.556,-0.534
00:00:19.800,1572945530113,0.379,0.053,16.804000000000002,0.664,3.0,0.022,20.229,0.006999999999999999,0.0,214.319,0.556,-0.534
00:00:19.801,1572945530114,0.379,0.071,16.804000000000002,0.664,3.0,0.022,20.235,0.006999999999999999,0.001,214.636,0.555,-0.534
00:00:19.849,1572945530162,0.379,0.09,16.804000000000002,0.664,3.0,0.02,20.241,0.008,0.001,214.99400000000003,0.555,-0.5329999999999999
00:00:19.850,1572945530163,0.379,0.105,16.804000000000002,0.664,3.0,0.019,20.248,0.008,0.001,215.331,0.5539999999999999,-0.5329999999999999
00:00:19.851,1572945530164,0.378,0.119,16.804000000000002,0.664,3.0,0.016,20.254,0.008,0.001,215.669,0.5539999999999999,-0.5329999999999999
00:00:19.902,1572945530215,0.378,0.129,16.804000000000002,0.664,3.0,0.014,20.26,0.008,0.001,215.985,0.5529999999999999,-0.5329999999999999
00:00:19.903,1572945530216,0.378,0.13699999999999998,17.097,0.664,3.0,0.011,20.267,0.006999999999999999,0.001,216.344,0.5529999999999999,-0.5329999999999999
00:00:19.904,1572945530217,0.378,0.142,17.097,0.664,3.0,0.008,20.273,0.006999999999999999,0.002,216.682,0.5529999999999999,-0.5329999999999999
00:00:19.905,1572945530218,0.382,0.147,17.097,0.664,3.0,0.005,20.279,0.006,0.002,216.999,0.5529999999999999,-0.5329999999999999
00:00:19.953,1572945530266,0.387,0.151,17.097,0.664,3.0,0.002,20.285,0.005,0.002,217.295,0.552,-0.5329999999999999
00:00:19.954,1572945530267,0.39,0.154,17.097,0.664,3.0,0.0,20.289,0.004,0.002,217.527,0.552,-0.5329999999999999
00:00:19.955,1572945530268,0.393,0.158,17.097,0.664,3.0,-0.003,20.296,0.002,0.002,217.886,0.552,-0.5329999999999999
00:00:20.003,1572945530316,0.393,0.162,17.463,0.664,3.0,-0.006,20.303,0.0,0.002,218.225,0.552,-0.5329999999999999
00:00:20.004,1572945530317,0.393,0.166,17.463,0.664,3.0,-0.008,20.309,-0.001,0.002,218.542,0.552,-0.5329999999999999
00:00:20.005,1572945530318,0.395,0.17,17.463,0.664,3.0,-0.011,20.315,-0.003,0.002,218.881,0.552,-0.5329999999999999
00:00:20.053,1572945530366,0.402,0.175,17.463,0.664,3.0,-0.014,20.323,-0.005,0.002,219.261,0.552,-0.5329999999999999
00:00:20.054,1572945530367,0.409,0.18,17.463,0.664,3.0,-0.016,20.33,-0.006,0.002,219.579,0.552,-0.5329999999999999
00:00:20.055,1572945530368,0.412,0.184,17.463,0.664,3.0,-0.018000000000000002,20.336,-0.006999999999999999,0.002,219.897,0.5529999999999999,-0.5329999999999999
00:00:20.110,1572945530423,0.412,0.19,17.463,0.664,3.0,-0.02,20.344,-0.009000000000000001,0.002,220.278,0.5529999999999999,-0.5329999999999999
00:00:20.111,1572945530424,0.411,0.193,17.463,0.664,3.0,-0.022,20.35,-0.01,0.002,220.596,0.5529999999999999,-0.5329999999999999
00:00:20.112,1572945530425,0.409,0.197,17.463,0.664,3.0,-0.023,20.357,-0.011,0.002,220.914,0.5529999999999999,-0.5329999999999999
00:00:20.154,1572945530467,0.408,0.2,17.463,0.664,3.0,-0.025,20.364,-0.011,0.002,221.275,0.5539999999999999,-0.5329999999999999
00:00:20.155,1572945530468,0.408,0.202,17.463,0.664,3.0,-0.027000000000000003,20.37,-0.012,0.002,221.593,0.5539999999999999,-0.5329999999999999
00:00:20.156,1572945530469,0.408,0.203,17.463,0.664,3.0,-0.029,20.377,-0.012,0.002,221.954,0.555,-0.5329999999999999
00:00:20.204,1572945530517,0.408,0.204,17.463,0.664,3.0,-0.03,20.384,-0.013,0.002,222.293,0.555,-0.5329999999999999
00:00:20.205,1572945530518,0.408,0.204,17.463,0.664,3.0,-0.032,20.39,-0.013,0.002,222.591,0.556,-0.5329999999999999
00:00:20.206,1572945530519,0.408,0.203,17.463,0.664,3.0,-0.033,20.397,-0.013,0.002,222.931,0.556,-0.5329999999999999
00:00:20.254,1572945530567,0.408,0.201,17.463,0.664,3.0,-0.035,20.404,-0.013,0.002,223.292,0.557,-0.5329999999999999
00:00:20.255,1572945530568,0.408,0.199,17.463,0.664,3.0,-0.036000000000000004,20.411,-0.013,0.002,223.632,0.5579999999999999,-0.5329999999999999
00:00:20.256,1572945530569,0.407,0.196,17.463,0.664,3.0,-0.037000000000000005,20.418,-0.012,0.002,223.972,0.5589999999999999,-0.5329999999999999
00:00:20.305,1572945530618,0.407,0.193,17.463,0.664,3.0,-0.038,20.424,-0.012,0.003,224.291,0.56,-0.5329999999999999
00:00:20.306,1572945530619,0.407,0.19,17.463,0.664,3.0,-0.04,20.431,-0.012,0.003,224.653,0.561,-0.534
00:00:20.307,1572945530620,0.407,0.18600000000000005,17.463,0.664,3.0,-0.041,20.438,-0.012,0.003,224.99400000000003,0.562,-0.534
00:00:20.356,1572945530669,0.407,0.183,17.463,0.664,3.0,-0.042,20.445,-0.011,0.003,225.356,0.563,-0.534
00:00:20.357,1572945530670,0.407,0.179,17.463,0.664,3.0,-0.042,20.452,-0.011,0.003,225.675,0.564,-0.534
00:00:20.358,1572945530671,0.406,0.175,17.463,0.664,3.0,-0.043,20.458,-0.011,0.003,226.016,0.565,-0.534
00:00:20.414,1572945530727,0.406,0.171,17.61,0.664,3.0,-0.044,20.466,-0.01,0.003,226.378,0.5660000000000001,-0.534
00:00:20.415,1572945530728,0.406,0.16699999999999998,17.61,0.664,3.0,-0.045,20.472,-0.01,0.004,226.698,0.5670000000000001,-0.534
00:00:20.416,1572945530729,0.408,0.162,17.61,0.664,3.0,-0.045,20.479,-0.01,0.004,227.039,0.569,-0.534
00:00:20.457,1572945530770,0.41,0.158,17.61,0.664,3.0,-0.046,20.486,-0.009000000000000001,0.004,227.381,0.57,-0.534
00:00:20.458,1572945530771,0.413,0.153,17.61,0.664,3.0,-0.046,20.493,-0.009000000000000001,0.004,227.722,0.5710000000000001,-0.534
00:00:20.459,1572945530772,0.414,0.14800000000000002,17.61,0.664,3.0,-0.047,20.499,-0.009000000000000001,0.004,228.064,0.573,-0.534
00:00:20.507,1572945530820,0.414,0.14300000000000002,17.976,0.664,3.0,-0.047,20.506,-0.009000000000000001,0.004,228.406,0.574,-0.534
00:00:20.508,1572945530821,0.414,0.139,17.976,0.664,3.0,-0.047,20.513,-0.008,0.004,228.747,0.5760000000000001,-0.534
00:00:20.509,1572945530822,0.417,0.135,17.976,0.664,3.0,-0.047,20.52,-0.008,0.005,229.08900000000003,0.5770000000000001,-0.534
00:00:20.558,1572945530871,0.423,0.131,17.976,0.664,3.0,-0.047,20.527,-0.008,0.005,229.431,0.579,-0.534
00:00:20.559,1572945530872,0.429,0.128,17.976,0.664,3.0,-0.047,20.535,-0.008,0.005,229.774,0.58,-0.534
00:00:20.560,1572945530873,0.433,0.125,17.976,0.664,3.0,-0.047,20.542,-0.008,0.005,230.116,0.5820000000000001,-0.534
00:00:20.610,1572945530923,0.435,0.121,17.976,0.664,3.0,-0.047,20.549,-0.006999999999999999,0.005,230.458,0.584,-0.534
00:00:20.611,1572945530924,0.434,0.118,17.976,0.664,3.0,-0.047,20.556,-0.006999999999999999,0.005,230.801,0.586,-0.534
00:00:20.612,1572945530925,0.4320000000000001,0.114,17.976,0.664,3.0,-0.047,20.563,-0.006999999999999999,0.006,231.143,0.5870000000000001,-0.534
00:00:20.661,1572945530974,0.43,0.109,17.976,0.664,3.0,-0.046,20.571,-0.006999999999999999,0.006,231.486,0.589,-0.534
00:00:20.662,1572945530975,0.43,0.104,17.976,0.664,3.0,-0.046,20.578000000000007,-0.006999999999999999,0.006,231.829,0.591,-0.534
00:00:20.663,1572945530976,0.429,0.098,17.976,0.664,3.0,-0.046,20.585,-0.006999999999999999,0.006,232.172,0.593,-0.534
00:00:20.719,1572945531032,0.43,0.091,17.976,0.664,3.0,-0.046,20.593000000000004,-0.006999999999999999,0.006,232.537,0.595,-0.534
00:00:20.720,1572945531033,0.43,0.085,17.976,0.664,3.0,-0.046,20.599,-0.006999999999999999,0.006,232.859,0.596,-0.5329999999999999
00:00:20.721,1572945531034,0.43,0.078,17.976,0.664,3.0,-0.045,20.606,-0.006999999999999999,0.006,233.202,0.598,-0.5329999999999999
00:00:20.762,1572945531075,0.429,0.07,17.976,0.664,3.0,-0.045,20.614,-0.006999999999999999,0.006,233.545,0.6,-0.5329999999999999
00:00:20.763,1572945531076,0.429,0.063,17.976,0.664,3.0,-0.044,20.621,-0.006999999999999999,0.006,233.91,0.602,-0.5329999999999999
00:00:20.764,1572945531077,0.429,0.056,17.976,0.664,3.0,-0.044,20.628,-0.006999999999999999,0.006999999999999999,234.233,0.604,-0.5329999999999999
00:00:20.817,1572945531130,0.429,0.049,17.976,0.664,3.0,-0.043,20.635,-0.006999999999999999,0.006999999999999999,234.577,0.606,-0.5329999999999999
00:00:20.818,1572945531131,0.429,0.043,17.976,0.664,3.0,-0.042,20.642,-0.006999999999999999,0.006999999999999999,234.921,0.608,-0.5329999999999999
00:00:20.819,1572945531132,0.428,0.036000000000000004,17.976,0.664,3.0,-0.041,20.649,-0.006999999999999999,0.006999999999999999,235.265,0.61,-0.5329999999999999
00:00:20.863,1572945531176,0.428,0.03,17.976,0.664,3.0,-0.04,20.656,-0.006,0.006999999999999999,235.609,0.612,-0.5329999999999999
00:00:20.864,1572945531177,0.428,0.024,17.976,0.664,3.0,-0.039,20.664,-0.006,0.006999999999999999,235.953,0.614,-0.5329999999999999
00:00:20.865,1572945531178,0.428,0.018000000000000002,17.976,0.664,3.0,-0.038,20.671,-0.006,0.006999999999999999,236.298,0.616,-0.5329999999999999
00:00:20.913,1572945531226,0.428,0.011,17.976,0.664,3.0,-0.036000000000000004,20.678,-0.006,0.006999999999999999,236.642,0.618,-0.5329999999999999
00:00:20.914,1572945531227,0.428,0.004,17.976,0.664,3.0,-0.035,20.685,-0.006,0.006999999999999999,236.987,0.62,-0.5329999999999999
00:00:20.915,1572945531228,0.428,-0.003,17.976,0.664,3.0,-0.034,20.692,-0.005,0.006999999999999999,237.332,0.622,-0.5329999999999999
00:00:20.963,1572945531276,0.4270000000000001,-0.01,17.976,0.664,3.0,-0.033,20.699,-0.005,0.006999999999999999,237.677,0.624,-0.5329999999999999
00:00:20.964,1572945531277,0.4270000000000001,-0.018000000000000002,17.976,0.664,3.0,-0.031,20.706,-0.005,0.006999999999999999,238.022,0.626,-0.5329999999999999
00:00:20.965,1572945531278,0.4270000000000001,-0.026,17.976,0.664,3.0,-0.03,20.713,-0.004,0.006999999999999999,238.367,0.628,-0.5329999999999999
00:00:21.013,1572945531326,0.4270000000000001,-0.034,17.976,0.664,3.0,-0.029,20.721,-0.004,0.006999999999999999,238.712,0.63,-0.5329999999999999
00:00:21.014,1572945531327,0.4270000000000001,-0.042,17.976,0.664,3.0,-0.027000000000000003,20.728,-0.004,0.006999999999999999,239.057,0.632,-0.5329999999999999
00:00:21.015,1572945531328,0.426,-0.05,17.976,0.664,3.0,-0.026,20.735,-0.003,0.006999999999999999,239.403,0.634,-0.5329999999999999
00:00:21.066,1572945531379,0.426,-0.059,17.976,0.664,3.0,-0.024,20.742,-0.003,0.006999999999999999,239.77,0.636,-0.5329999999999999
00:00:21.067,1572945531380,0.426,-0.066,17.976,0.664,3.0,-0.022,20.749,-0.003,0.006999999999999999,240.094,0.638,-0.5329999999999999
00:00:21.068,1572945531381,0.425,-0.075,17.976,0.664,3.0,-0.021,20.756,-0.002,0.006,240.44,0.64,-0.5329999999999999
00:00:21.117,1572945531430,0.425,-0.083,17.976,0.664,3.0,-0.019,20.764,-0.002,0.006,240.808,0.642,-0.5329999999999999
00:00:21.118,1572945531431,0.425,-0.09,17.976,0.664,3.0,-0.017,20.77,-0.001,0.006,241.132,0.643,-0.5329999999999999
00:00:21.119,1572945531432,0.425,-0.096,17.976,0.664,3.0,-0.015,20.777,-0.001,0.006,241.479,0.645,-0.5329999999999999
00:00:21.168,1572945531481,0.425,-0.102,17.976,0.664,3.0,-0.012,20.784,0.0,0.006,241.825,0.647,-0.5329999999999999
00:00:21.169,1572945531482,0.424,-0.106,17.976,0.664,3.0,-0.01,20.791,0.001,0.006,242.171,0.649,-0.5329999999999999
00:00:21.170,1572945531483,0.424,-0.109,17.976,0.664,3.0,-0.008,20.798,0.002,0.006,242.518,0.65,-0.5329999999999999
00:00:21.171,1572945531484,0.424,-0.112,18.269,0.664,3.0,-0.006,20.806,0.002,0.006,242.865,0.652,-0.5329999999999999
00:00:21.218,1572945531531,0.424,-0.114,18.269,0.664,3.0,-0.004,20.813,0.003,0.006,243.211,0.654,-0.5329999999999999
00:00:21.219,1572945531532,0.4270000000000001,-0.117,18.269,0.664,3.0,-0.002,20.82,0.004,0.006,243.558,0.6559999999999999,-0.5329999999999999
00:00:21.220,1572945531533,0.433,-0.119,18.269,0.664,3.0,0.0,20.827,0.005,0.006,243.905,0.657,-0.5329999999999999
00:00:21.272,1572945531585,0.438,-0.12,18.269,0.664,3.0,0.002,20.834,0.005,0.006,244.253,0.659,-0.5329999999999999
00:00:21.273,1572945531586,0.441,-0.122,18.269,0.664,3.0,0.004,20.842,0.006,0.006,244.6,0.66,-0.5329999999999999
00:00:21.274,1572945531587,0.441,-0.123,19.148,0.664,3.0,0.005,20.849,0.006999999999999999,0.006,244.947,0.662,-0.5329999999999999
00:00:21.319,1572945531632,0.441,-0.124,19.148,0.664,3.0,0.006999999999999999,20.857,0.006999999999999999,0.006,245.295,0.6629999999999999,-0.5329999999999999
00:00:21.320,1572945531633,0.446,-0.126,19.148,0.664,3.0,0.008,20.864,0.006999999999999999,0.006,245.643,0.665,-0.5329999999999999
00:00:21.321,1572945531634,0.458,-0.126,19.148,0.664,3.0,0.01,20.872,0.008,0.006,246.012,0.6659999999999999,-0.534
00:00:21.378,1572945531691,0.47,-0.126,19.148,0.664,3.0,0.011,20.88,0.008,0.006,246.338,0.667,-0.534
00:00:21.379,1572945531692,0.48,-0.126,19.148,0.664,3.0,0.013,20.888,0.008,0.006999999999999999,246.686,0.669,-0.534
00:00:21.380,1572945531693,0.487,-0.126,19.148,0.664,3.0,0.014,20.897,0.009000000000000001,0.006999999999999999,247.056,0.67,-0.534
00:00:21.429,1572945531742,0.49,-0.125,19.148,0.664,3.0,0.015,20.904,0.009000000000000001,0.008,247.383,0.6709999999999999,-0.534
00:00:21.430,1572945531743,0.489,-0.123,19.148,0.664,3.0,0.016,20.913,0.009000000000000001,0.008,247.731,0.6729999999999999,-0.534
00:00:21.431,1572945531744,0.488,-0.122,19.148,0.664,3.0,0.017,20.921,0.009000000000000001,0.009000000000000001,248.08,0.674,-0.534
00:00:21.489,1572945531802,0.486,-0.12,19.148,0.664,3.0,0.018000000000000002,20.929,0.009000000000000001,0.009000000000000001,248.429,0.675,-0.534
00:00:21.490,1572945531803,0.484,-0.118,19.148,0.664,3.0,0.019,20.937,0.009000000000000001,0.01,248.778,0.6759999999999999,-0.534
00:00:21.491,1572945531804,0.483,-0.116,18.928,0.664,3.0,0.02,20.945,0.008,0.011,249.127,0.677,-0.534
00:00:21.530,1572945531843,0.482,-0.113,18.928,0.664,3.0,0.021,20.953000000000007,0.008,0.011,249.476,0.6779999999999999,-0.534
00:00:21.531,1572945531844,0.48,-0.111,18.928,0.664,3.0,0.022,20.961,0.008,0.012,249.825,0.679,-0.534
00:00:21.532,1572945531845,0.478,-0.108,18.928,0.664,3.0,0.022,20.969,0.008,0.012,250.174,0.68,-0.534
00:00:21.580,1572945531893,0.475,-0.106,18.928,0.664,3.0,0.023,20.977,0.008,0.013,250.524,0.6809999999999999,-0.534
00:00:21.581,1572945531894,0.472,-0.103,18.928,0.664,3.0,0.024,20.984,0.006999999999999999,0.013,250.874,0.682,-0.534
00:00:21.582,1572945531895,0.471,-0.101,18.928,0.664,3.0,0.024,20.991,0.006999999999999999,0.013,251.18,0.6829999999999999,-0.534
00:00:21.630,1572945531943,0.469,-0.098,18.928,0.664,3.0,0.025,20.999,0.006999999999999999,0.014,251.53,0.684,-0.534
00:00:21.631,1572945531944,0.469,-0.095,18.928,0.664,3.0,0.025,21.007,0.006999999999999999,0.014,251.88,0.685,-0.534
00:00:21.632,1572945531945,0.469,-0.092,18.928,0.664,3.0,0.025,21.015,0.006999999999999999,0.014,252.252,0.6859999999999999,-0.534
00:00:21.681,1572945531994,0.469,-0.08900000000000001,18.928,0.664,3.0,0.026,21.022,0.006,0.014,252.58,0.687,-0.534
00:00:21.682,1572945531995,0.469,-0.087,18.928,0.664,3.0,0.026,21.03,0.006,0.014,252.931,0.687,-0.534
00:00:21.683,1572945531996,0.469,-0.084,18.928,0.664,3.0,0.026,21.039,0.006,0.014,253.303,0.688,-0.534
00:00:21.738,1572945532051,0.469,-0.08199999999999999,18.928,0.664,3.0,0.026,21.046,0.006,0.014,253.632,0.6890000000000001,-0.534
00:00:21.739,1572945532052,0.469,-0.08,18.928,0.664,3.0,0.026,21.054,0.005,0.014,253.983,0.69,-0.534
00:00:21.740,1572945532053,0.469,-0.078,18.928,0.664,3.0,0.026,21.062,0.005,0.014,254.356,0.69,-0.534
00:00:21.741,1572945532054,0.469,-0.076,18.928,0.664,3.0,0.026,21.069000000000006,0.005,0.014,254.685,0.691,-0.534
00:00:21.789,1572945532102,0.468,-0.075,18.928,0.664,3.0,0.026,21.077,0.005,0.014,255.036,0.6920000000000001,-0.534
00:00:21.790,1572945532103,0.468,-0.073,18.928,0.664,3.0,0.026,21.085,0.005,0.013,255.387,0.6920000000000001,-0.534
00:00:21.791,1572945532104,0.468,-0.071,18.928,0.664,3.0,0.026,21.093000000000004,0.004,0.013,255.739,0.693,-0.534
00:00:21.845,1572945532158,0.467,-0.069,18.928,0.664,3.0,0.026,21.101,0.004,0.013,256.09,0.6940000000000001,-0.534
00:00:21.846,1572945532159,0.467,-0.068,18.928,0.664,3.0,0.026,21.108,0.004,0.013,256.442,0.6940000000000001,-0.534
00:00:21.847,1572945532160,0.467,-0.066,18.928,0.664,3.0,0.026,21.116,0.004,0.013,256.79400000000004,0.695,-0.534
00:00:21.891,1572945532204,0.467,-0.064,18.928,0.664,3.0,0.026,21.124,0.004,0.012,257.146,0.695,-0.534
00:00:21.892,1572945532205,0.467,-0.062,18.782,0.664,3.0,0.026,21.132,0.004,0.012,257.498,0.696,-0.534
00:00:21.893,1572945532206,0.466,-0.061,18.782,0.664,3.0,0.026,21.139,0.004,0.012,257.85,0.6970000000000001,-0.534
00:00:21.940,1572945532253,0.465,-0.059,18.782,0.664,3.0,0.026,21.147,0.004,0.012,258.203,0.6970000000000001,-0.534
00:00:21.941,1572945532254,0.461,-0.057,18.782,0.664,3.0,0.026,21.155,0.004,0.012,258.555,0.698,-0.534
00:00:21.942,1572945532255,0.458,-0.055,18.782,0.664,3.0,0.026,21.162,0.004,0.011,258.908,0.698,-0.534
00:00:21.990,1572945532303,0.457,-0.053,18.782,0.664,3.0,0.025,21.17,0.004,0.011,259.261,0.6990000000000001,-0.534
00:00:21.991,1572945532304,0.456,-0.051,17.976,0.664,3.0,0.025,21.178,0.004,0.011,259.636,0.6990000000000001,-0.534
00:00:21.992,1572945532305,0.456,-0.049,17.976,0.664,3.0,0.025,21.185,0.004,0.011,259.967,0.6990000000000001,-0.534
00:00:22.041,1572945532354,0.448,-0.047,17.976,0.664,3.0,0.025,21.192,0.004,0.01,260.32,0.7,-0.534
00:00:22.042,1572945532355,0.4320000000000001,-0.045,17.976,0.664,3.0,0.024,21.2,0.004,0.01,260.695,0.7,-0.534
00:00:22.043,1572945532356,0.418,-0.043,17.976,0.664,3.0,0.024,21.206,0.004,0.01,261.026,0.701,-0.534
00:00:22.091,1572945532404,0.408,-0.041,17.976,0.664,3.0,0.024,21.213,0.004,0.009000000000000001,261.38,0.701,-0.534
00:00:22.092,1572945532405,0.406,-0.039,15.632,0.664,3.0,0.024,21.22,0.004,0.009000000000000001,261.756,0.7020000000000001,-0.534
00:00:22.093,1572945532406,0.406,-0.037000000000000005,15.632,0.664,3.0,0.023,21.226,0.004,0.008,262.087,0.7020000000000001,-0.534
00:00:22.152,1572945532465,0.389,-0.036000000000000004,15.632,0.664,3.0,0.023,21.233,0.004,0.008,262.441,0.7020000000000001,-0.534
00:00:22.153,1572945532466,0.353,-0.034,15.632,0.664,3.0,0.022,21.238000000000003,0.004,0.006999999999999999,262.795,0.703,-0.534
00:00:22.154,1572945532467,0.312,-0.033,15.632,0.664,3.0,0.022,21.242,0.004,0.006,263.149,0.703,-0.534
00:00:22.193,1572945532506,0.282,-0.032,15.632,0.664,3.0,0.021,21.247,0.003,0.005,263.503,0.703,-0.534
00:00:22.194,1572945532507,0.269,-0.03,14.607,0.664,3.0,0.021,21.251,0.003,0.004,263.857,0.7040000000000001,-0.534
00:00:22.195,1572945532508,0.269,-0.028,14.607,0.664,3.0,0.021,21.256,0.003,0.003,264.211,0.7040000000000001,-0.534
00:00:22.242,1572945532555,0.284,-0.026,14.607,0.664,3.0,0.02,21.261,0.003,0.001,264.566,0.7040000000000001,-0.534
00:00:22.243,1572945532556,0.308,-0.024,14.607,0.664,3.0,0.02,21.266,0.003,0.0,264.92,0.705,-0.534
00:00:22.244,1572945532557,0.329,-0.021,14.607,0.664,3.0,0.02,21.272,0.003,-0.001,265.275,0.705,-0.534
00:00:22.292,1572945532605,0.336,-0.018000000000000002,14.607,0.664,3.0,0.019,21.278,0.003,-0.002,265.629,0.705,-0.534
00:00:22.293,1572945532606,0.33,-0.014,14.607,0.664,3.0,0.019,21.283,0.003,-0.003,265.98400000000004,0.706,-0.534
00:00:22.294,1572945532607,0.316,-0.011,14.607,0.664,3.0,0.018000000000000002,21.288,0.003,-0.004,266.339,0.706,-0.534
00:00:22.342,1572945532655,0.299,-0.006999999999999999,14.607,0.664,3.0,0.018000000000000002,21.293000000000006,0.003,-0.005,266.693,0.706,-0.534
00:00:22.343,1572945532656,0.28300000000000003,-0.004,14.607,0.664,3.0,0.017,21.298,0.002,-0.006,267.07,0.706,-0.534
00:00:22.344,1572945532657,0.272,-0.001,14.607,0.664,3.0,0.017,21.302,0.002,-0.006999999999999999,267.403,0.7070000000000001,-0.534
00:00:22.393,1572945532706,0.263,0.002,14.607,0.664,3.0,0.016,21.306,0.002,-0.008,267.758,0.7070000000000001,-0.534
00:00:22.394,1572945532707,0.257,0.004,14.607,0.664,3.0,0.015,21.31,0.002,-0.009000000000000001,268.136,0.7070000000000001,-0.534
00:00:22.395,1572945532708,0.252,0.005,14.607,0.664,3.0,0.015,21.314,0.002,-0.01,268.469,0.708,-0.534
00:00:22.443,1572945532756,0.249,0.006,14.607,0.664,3.0,0.014,21.318,0.002,-0.012,268.824,0.708,-0.534
00:00:22.444,1572945532757,0.245,0.006,14.607,0.664,3.0,0.013,21.322,0.002,-0.013,269.17900000000003,0.708,-0.534
00:00:22.445,1572945532758,0.242,0.006999999999999999,14.607,0.664,3.0,0.013,21.326,0.001,-0.014,269.535,0.7090000000000001,-0.534
00:00:22.493,1572945532806,0.238,0.006999999999999999,14.607,0.664,3.0,0.012,21.33,0.001,-0.015,269.89,0.7090000000000001,-0.534
00:00:22.494,1572945532807,0.234,0.006999999999999999,14.607,0.664,3.0,0.011,21.334,0.001,-0.015,270.246,0.7090000000000001,-0.534
00:00:22.495,1572945532808,0.231,0.006999999999999999,14.607,0.664,3.0,0.011,21.338,0.0,-0.016,270.601,0.7090000000000001,-0.534
00:00:22.548,1572945532861,0.227,0.006999999999999999,14.607,0.664,3.0,0.01,21.342,0.0,-0.017,270.957,0.71,-0.534
00:00:22.549,1572945532862,0.224,0.006999999999999999,14.607,0.664,3.0,0.009000000000000001,21.346,0.0,-0.018000000000000002,271.335,0.71,-0.534
00:00:22.550,1572945532863,0.221,0.006999999999999999,14.607,0.664,3.0,0.009000000000000001,21.349,-0.001,-0.019,271.66900000000004,0.71,-0.534
00:00:22.595,1572945532908,0.219,0.006999999999999999,14.607,0.664,3.0,0.008,21.353,-0.001,-0.019,272.024,0.711,-0.534
00:00:22.596,1572945532909,0.217,0.006999999999999999,14.607,0.664,3.0,0.008,21.356,-0.001,-0.02,272.38,0.711,-0.534
00:00:22.597,1572945532910,0.215,0.006999999999999999,14.607,0.664,3.0,0.006999999999999999,21.36,-0.001,-0.02,272.736,0.711,-0.534
00:00:22.645,1572945532958,0.213,0.006,14.607,0.664,3.0,0.006999999999999999,21.363000000000003,-0.002,-0.021,273.092,0.7120000000000001,-0.534
00:00:22.646,1572945532959,0.211,0.006,14.607,0.664,3.0,0.006,21.367,-0.002,-0.021,273.471,0.7120000000000001,-0.534
00:00:22.647,1572945532960,0.208,0.005,14.607,0.664,3.0,0.006,21.37,-0.002,-0.022,273.80400000000003,0.7120000000000001,-0.534
00:00:22.695,1572945533008,0.206,0.004,14.607,0.664,3.0,0.006,21.374,-0.002,-0.022,274.161,0.713,-0.534
00:00:22.696,1572945533009,0.204,0.003,14.607,0.664,3.0,0.005,21.377,-0.002,-0.022,274.539,0.713,-0.534
00:00:22.697,1572945533010,0.203,0.001,14.607,0.664,3.0,0.005,21.38,-0.002,-0.022,274.873,0.713,-0.534
00:00:22.745,1572945533058,0.201,-0.001,14.607,0.664,3.0,0.005,21.384,-0.002,-0.023,275.23,0.7140000000000001,-0.534
00:00:22.746,1572945533059,0.2,-0.004,14.607,0.664,3.0,0.004,21.387,-0.002,-0.023,275.608,0.7140000000000001,-0.534
00:00:22.747,1572945533060,0.2,-0.006,14.607,0.664,3.0,0.004,21.39,-0.002,-0.023,275.942,0.7140000000000001,-0.534
00:00:22.796,1572945533109,0.199,-0.009000000000000001,14.607,0.664,3.0,0.004,21.394,-0.002,-0.023,276.29900000000004,0.715,-0.534
00:00:22.797,1572945533110,0.198,-0.012,14.607,0.664,3.0,0.004,21.397,-0.002,-0.023,276.656,0.715,-0.534
00:00:22.798,1572945533111,0.198,-0.015,14.607,0.664,3.0,0.004,21.4,-0.002,-0.023,277.012,0.715,-0.534
00:00:22.849,1572945533162,0.197,-0.018000000000000002,14.607,0.664,3.0,0.004,21.404,-0.002,-0.023,277.369,0.716,-0.534
00:00:22.850,1572945533163,0.197,-0.021,14.607,0.664,3.0,0.004,21.407,-0.002,-0.023,277.726,0.716,-0.534
00:00:22.851,1572945533164,0.196,-0.023,14.607,0.664,3.0,0.004,21.41,-0.002,-0.023,278.083,0.716,-0.534
00:00:22.899,1572945533212,0.196,-0.024,14.607,0.664,3.0,0.004,21.413,-0.001,-0.023,278.439,0.716,-0.534
00:00:22.900,1572945533213,0.195,-0.026,14.607,0.664,3.0,0.004,21.417,-0.001,-0.023,278.796,0.7170000000000001,-0.534
00:00:22.901,1572945533214,0.195,-0.027000000000000003,14.607,0.664,3.0,0.005,21.42,-0.001,-0.023,279.153,0.7170000000000001,-0.534
00:00:22.950,1572945533263,0.194,-0.028,14.607,0.664,3.0,0.005,21.423,0.0,-0.023,279.51,0.7170000000000001,-0.534
00:00:22.951,1572945533264,0.194,-0.03,14.607,0.664,3.0,0.005,21.427,0.0,-0.023,279.89,0.718,-0.534
00:00:22.952,1572945533265,0.193,-0.031,14.607,0.664,3.0,0.005,21.43,0.0,-0.023,280.225,0.718,-0.534
00:00:23.000,1572945533313,0.193,-0.033,14.607,0.664,3.0,0.006,21.433000000000003,0.001,-0.023,280.582,0.718,-0.534
00:00:23.001,1572945533314,0.193,-0.035,14.607,0.664,3.0,0.006,21.436,0.001,-0.023,280.961,0.718,-0.534
00:00:23.002,1572945533315,0.192,-0.036000000000000004,14.607,0.664,3.0,0.006,21.439,0.001,-0.023,281.296,0.718,-0.534
00:00:23.059,1572945533372,0.192,-0.038,14.607,0.664,3.0,0.006999999999999999,21.442,0.002,-0.023,281.654,0.7190000000000001,-0.534
00:00:23.060,1572945533373,0.192,-0.04,14.607,0.664,3.0,0.006999999999999999,21.446,0.002,-0.023,282.033,0.7190000000000001,-0.534
00:00:23.061,1572945533374,0.191,-0.041,14.607,0.664,3.0,0.006999999999999999,21.449,0.002,-0.023,282.368,0.7190000000000001,-0.534
00:00:23.062,1572945533375,0.191,-0.042,14.607,0.664,3.0,0.006999999999999999,21.452,0.002,-0.023,282.726,0.7190000000000001,-0.534
00:00:23.104,1572945533417,0.191,-0.043,14.607,0.664,3.0,0.008,21.455,0.003,-0.023,283.083,0.7190000000000001,-0.534
00:00:23.105,1572945533418,0.19,-0.044,14.607,0.664,3.0,0.008,21.458,0.003,-0.023,283.441,0.72,-0.534
00:00:23.106,1572945533419,0.19,-0.044,14.607,0.664,3.0,0.008,21.461,0.003,-0.023,283.7990000000001,0.72,-0.534
00:00:23.152,1572945533465,0.19,-0.044,14.607,0.664,3.0,0.009000000000000001,21.465,0.003,-0.023,284.1790000000001,0.72,-0.534
00:00:23.153,1572945533466,0.19,-0.045,14.607,0.664,3.0,0.009000000000000001,21.468000000000004,0.003,-0.023,284.514,0.72,-0.534
00:00:23.154,1572945533467,0.189,-0.045,14.607,0.664,3.0,0.009000000000000001,21.47,0.003,-0.024,284.827,0.72,-0.534
00:00:23.203,1572945533516,0.189,-0.045,14.607,0.664,3.0,0.009000000000000001,21.473000000000006,0.003,-0.024,285.163,0.72,-0.534
00:00:23.204,1572945533517,0.189,-0.045,14.607,0.664,3.0,0.01,21.477,0.003,-0.024,285.521,0.72,-0.534
00:00:23.205,1572945533518,0.189,-0.045,14.607,0.664,3.0,0.01,21.48,0.003,-0.024,285.879,0.72,-0.534
00:00:23.253,1572945533566,0.189,-0.045,14.607,0.664,3.0,0.01,21.483,0.003,-0.024,286.237,0.72,-0.534
00:00:23.254,1572945533567,0.188,-0.044,14.607,0.664,3.0,0.01,21.486,0.003,-0.024,286.595,0.72,-0.534
00:00:23.255,1572945533568,0.188,-0.044,14.607,0.664,3.0,0.01,21.489,0.003,-0.024,286.953,0.72,-0.534
00:00:23.304,1572945533617,0.188,-0.044,14.607,0.664,3.0,0.011,21.492,0.003,-0.024,287.333,0.72,-0.534
00:00:23.305,1572945533618,0.188,-0.043,14.607,0.664,3.0,0.011,21.495,0.003,-0.024,287.6690000000001,0.72,-0.534
00:00:23.306,1572945533619,0.188,-0.042,14.607,0.664,3.0,0.011,21.498,0.003,-0.024,288.028,0.72,-0.534
00:00:23.355,1572945533668,0.188,-0.041,14.607,0.664,3.0,0.011,21.502,0.003,-0.024,288.408,0.72,-0.534
00:00:23.356,1572945533669,0.187,-0.041,14.607,0.664,3.0,0.011,21.505,0.003,-0.024,288.744,0.72,-0.534
00:00:23.357,1572945533670,0.187,-0.04,14.607,0.664,3.0,0.011,21.50800000000001,0.003,-0.024,289.103,0.72,-0.534
00:00:23.413,1572945533726,0.187,-0.04,14.607,0.664,3.0,0.012,21.511,0.003,-0.024,289.461,0.72,-0.534
00:00:23.414,1572945533727,0.187,-0.039,14.607,0.664,3.0,0.012,21.514,0.003,-0.025,289.82,0.72,-0.534
00:00:23.415,1572945533728,0.187,-0.038,14.607,0.664,3.0,0.012,21.517,0.003,-0.025,290.178,0.72,-0.534
00:00:23.455,1572945533768,0.187,-0.038,14.607,0.664,3.0,0.012,21.52,0.003,-0.025,290.5370000000001,0.72,-0.534
00:00:23.456,1572945533769,0.187,-0.037000000000000005,14.607,0.664,3.0,0.012,21.523000000000003,0.003,-0.025,290.896,0.72,-0.534
00:00:23.457,1572945533770,0.18600000000000005,-0.036000000000000004,14.607,0.664,3.0,0.012,21.527,0.003,-0.025,291.254,0.72,-0.534
00:00:23.505,1572945533818,0.18600000000000005,-0.035,14.607,1.128,3.0,0.012,21.53,0.002,-0.025,291.613,0.72,-0.534
00:00:23.506,1572945533819,0.184,-0.034,14.607,1.128,3.0,0.012,21.533,0.002,-0.025,291.972,0.72,-0.534
00:00:23.507,1572945533820,0.17800000000000002,-0.033,14.607,1.128,3.0,0.012,21.536,0.002,-0.025,292.331,0.72,-0.534
00:00:23.556,1572945533869,0.175,-0.032,14.607,1.128,3.0,0.012,21.539,0.002,-0.025,292.712,0.7190000000000001,-0.534
00:00:23.557,1572945533870,0.174,-0.032,14.607,1.128,3.0,0.012,21.541,0.002,-0.025,293.0490000000001,0.7190000000000001,-0.534
00:00:23.558,1572945533871,0.173,-0.031,14.607,1.128,3.0,0.012,21.544,0.002,-0.025,293.408,0.7190000000000001,-0.534
00:00:23.606,1572945533919,0.173,-0.031,14.607,1.128,3.0,0.012,21.547,0.002,-0.025,293.7,0.7190000000000001,-0.534
00:00:23.607,1572945533920,0.174,-0.03,14.607,0.664,3.0,0.012,21.549,0.002,-0.025,293.969,0.7190000000000001,-0.534
00:00:23.608,1572945533921,0.17800000000000002,-0.03,14.607,0.664,3.0,0.012,21.552,0.002,-0.025,294.328,0.7190000000000001,-0.534
00:00:23.668,1572945533981,0.183,-0.03,14.607,0.664,3.0,0.012,21.555,0.002,-0.025,294.71,0.718,-0.534
00:00:23.669,1572945533982,0.184,-0.029,14.607,0.664,3.0,0.012,21.558000000000003,0.002,-0.025,295.069,0.718,-0.534
00:00:23.670,1572945533983,0.185,-0.029,14.607,0.664,3.0,0.012,21.561,0.002,-0.025,295.406,0.718,-0.534
00:00:23.708,1572945534021,0.185,-0.029,14.607,0.664,3.0,0.012,21.564,0.002,-0.025,295.788,0.718,-0.534
00:00:23.709,1572945534022,0.185,-0.028,14.607,0.664,3.0,0.012,21.567,0.002,-0.025,296.147,0.718,-0.534
00:00:23.710,1572945534023,0.185,-0.027000000000000003,14.607,0.664,3.0,0.012,21.57,0.002,-0.025,296.4840000000001,0.7170000000000001,-0.534
00:00:23.771,1572945534084,0.185,-0.027000000000000003,14.607,0.664,3.0,0.012,21.573,0.002,-0.025,296.844,0.7170000000000001,-0.534
00:00:23.772,1572945534085,0.185,-0.026,14.607,0.664,3.0,0.011,21.576,0.002,-0.025,297.204,0.7170000000000001,-0.534
00:00:23.773,1572945534086,0.184,-0.026,14.607,0.664,3.0,0.011,21.579,0.002,-0.025,297.563,0.7170000000000001,-0.534
00:00:23.815,1572945534128,0.184,-0.025,14.607,0.664,3.0,0.011,21.583,0.002,-0.025,297.945,0.716,-0.534
00:00:23.816,1572945534129,0.184,-0.025,14.607,0.664,3.0,0.011,21.586,0.002,-0.025,298.283,0.716,-0.534
00:00:23.817,1572945534130,0.184,-0.025,14.607,0.664,3.0,0.011,21.589,0.002,-0.025,298.642,0.716,-0.534
00:00:23.860,1572945534173,0.184,-0.025,14.607,0.664,3.0,0.011,21.592,0.002,-0.025,299.002,0.716,-0.534
00:00:23.861,1572945534174,0.184,-0.024,14.607,0.664,3.0,0.011,21.595,0.002,-0.025,299.385,0.715,-0.534
00:00:23.862,1572945534175,0.184,-0.024,14.607,0.664,3.0,0.011,21.59800000000001,0.002,-0.025,299.722,0.715,-0.534
00:00:23.909,1572945534222,0.184,-0.024,14.607,0.664,3.0,0.011,21.601,0.002,-0.025,300.082,0.715,-0.534
00:00:23.910,1572945534223,0.184,-0.023,14.607,0.664,3.0,0.011,21.604,0.002,-0.025,300.442,0.7140000000000001,-0.534
00:00:23.911,1572945534224,0.184,-0.023,14.607,0.664,3.0,0.011,21.607,0.002,-0.025,300.825,0.7140000000000001,-0.534
00:00:23.959,1572945534272,0.183,-0.022,14.607,0.664,3.0,0.011,21.61,0.002,-0.025,301.185,0.7140000000000001,-0.534
00:00:23.960,1572945534273,0.183,-0.022,14.607,0.664,3.0,0.01,21.613000000000003,0.002,-0.025,301.522,0.7140000000000001,-0.534
00:00:23.961,1572945534274,0.183,-0.022,14.607,0.664,3.0,0.01,21.616,0.002,-0.025,301.883,0.713,-0.534
00:00:24.009,1572945534322,0.183,-0.021,14.607,0.664,3.0,0.01,21.619,0.002,-0.025,302.266,0.713,-0.534
00:00:24.010,1572945534323,0.183,-0.021,14.607,0.664,3.0,0.01,21.622,0.002,-0.025,302.603,0.713,-0.534
00:00:24.011,1572945534324,0.183,-0.02,14.607,0.664,3.0,0.01,21.625,0.002,-0.025,302.964,0.7120000000000001,-0.534
00:00:24.064,1572945534377,0.183,-0.02,14.607,0.664,3.0,0.01,21.629,0.002,-0.025,303.347,0.7120000000000001,-0.534
00:00:24.065,1572945534378,0.183,-0.02,14.607,0.664,3.0,0.01,21.632,0.002,-0.025,303.707,0.711,-0.534
00:00:24.066,1572945534379,0.183,-0.019,14.607,0.664,3.0,0.01,21.635,0.002,-0.025,304.068,0.711,-0.534
00:00:24.111,1572945534424,0.183,-0.019,14.607,0.664,3.0,0.01,21.638,0.002,-0.025,304.406,0.711,-0.534
00:00:24.112,1572945534425,0.183,-0.019,14.607,0.664,3.0,0.01,21.641,0.002,-0.025,304.766,0.71,-0.534
00:00:24.113,1572945534426,0.182,-0.018000000000000002,14.607,0.664,3.0,0.009000000000000001,21.644,0.002,-0.025,305.15,0.71,-0.534
00:00:24.163,1572945534476,0.182,-0.018000000000000002,14.607,0.664,3.0,0.009000000000000001,21.647,0.001,-0.025,305.488,0.71,-0.534
00:00:24.164,1572945534477,0.182,-0.018000000000000002,14.607,0.664,3.0,0.009000000000000001,21.65,0.001,-0.025,305.849,0.7090000000000001,-0.534
00:00:24.165,1572945534478,0.182,-0.017,14.607,0.664,3.0,0.009000000000000001,21.653,0.001,-0.025,306.21,0.7090000000000001,-0.534
00:00:24.213,1572945534526,0.182,-0.017,14.607,0.664,3.0,0.009000000000000001,21.656,0.001,-0.025,306.593,0.708,-0.534
00:00:24.214,1572945534527,0.182,-0.017,14.607,0.664,3.0,0.009000000000000001,21.659,0.001,-0.025,306.954,0.708,-0.534
00:00:24.215,1572945534528,0.182,-0.017,14.607,0.664,3.0,0.009000000000000001,21.662,0.001,-0.025,307.2920000000001,0.708,-0.534
00:00:24.277,1572945534590,0.182,-0.016,14.607,0.664,3.0,0.009000000000000001,21.665,0.001,-0.025,307.676,0.7070000000000001,-0.534
00:00:24.278,1572945534591,0.182,-0.016,14.607,0.664,3.0,0.009000000000000001,21.66800000000001,0.001,-0.025,308.0370000000001,0.7070000000000001,-0.534
00:00:24.279,1572945534592,0.182,-0.016,14.607,0.664,3.0,0.008,21.671,0.001,-0.025,308.398,0.706,-0.534
00:00:24.280,1572945534593,0.182,-0.015,14.607,0.664,3.0,0.008,21.674,0.001,-0.025,308.76,0.706,-0.534
00:00:24.320,1572945534633,0.181,-0.015,14.607,0.664,3.0,0.008,21.677,0.001,-0.025,309.098,0.706,-0.534
00:00:24.321,1572945534634,0.181,-0.015,14.607,0.664,3.0,0.008,21.68,0.001,-0.025,309.482,0.705,-0.534
00:00:24.322,1572945534635,0.181,-0.014,14.607,0.664,3.0,0.008,21.683000000000003,0.001,-0.025,309.866,0.705,-0.534
00:00:24.378,1572945534691,0.181,-0.014,14.607,0.664,3.0,0.008,21.686,0.001,-0.025,310.182,0.7040000000000001,-0.534
00:00:24.379,1572945534692,0.181,-0.014,14.607,0.664,3.0,0.008,21.689,0.001,-0.025,310.5440000000001,0.7040000000000001,-0.534
00:00:24.380,1572945534693,0.181,-0.014,14.607,0.664,3.0,0.008,21.692,0.001,-0.025,310.928,0.703,-0.534
00:00:24.438,1572945534751,0.181,-0.014,14.607,0.664,3.0,0.008,21.695,0.001,-0.025,311.289,0.703,-0.534
00:00:24.439,1572945534752,0.181,-0.014,14.607,0.664,3.0,0.008,21.698,0.001,-0.025,311.628,0.7020000000000001,-0.534
00:00:24.440,1572945534753,0.181,-0.014,14.607,0.664,3.0,0.006999999999999999,21.701,0.001,-0.025,312.013,0.7020000000000001,-0.534
00:00:24.480,1572945534793,0.181,-0.014,14.607,0.664,3.0,0.006999999999999999,21.704,0.001,-0.025,312.3520000000001,0.7020000000000001,-0.534
00:00:24.481,1572945534794,0.181,-0.014,14.607,0.664,3.0,0.006999999999999999,21.707,0.001,-0.025,312.736,0.701,-0.534
00:00:24.482,1572945534795,0.18,-0.014,14.607,0.664,3.0,0.006999999999999999,21.71,0.001,-0.025,313.098,0.701,-0.534
00:00:24.538,1572945534851,0.18,-0.014,14.607,0.664,3.0,0.006999999999999999,21.713,0.001,-0.025,313.437,0.7,-0.534
00:00:24.539,1572945534852,0.18,-0.014,14.607,0.664,3.0,0.006999999999999999,21.716,0.001,-0.025,313.822,0.7,-0.534
00:00:24.540,1572945534853,0.18,-0.014,14.607,0.664,3.0,0.006999999999999999,21.719,0.001,-0.025,314.184,0.6990000000000001,-0.534
00:00:24.580,1572945534893,0.18,-0.014,14.607,0.664,3.0,0.006999999999999999,21.722,0.001,-0.025,314.546,0.6990000000000001,-0.534
00:00:24.581,1572945534894,0.18,-0.014,14.607,0.664,3.0,0.006999999999999999,21.725,0.001,-0.025,314.885,0.698,-0.534
00:00:24.582,1572945534895,0.18,-0.014,14.607,0.664,3.0,0.006999999999999999,21.728,0.001,-0.026,315.27,0.698,-0.534
00:00:24.630,1572945534943,0.18,-0.014,14.607,0.664,3.0,0.006999999999999999,21.731,0.001,-0.026,315.632,0.6970000000000001,-0.534
00:00:24.631,1572945534944,0.18,-0.014,14.607,0.664,3.0,0.006999999999999999,21.734,0.001,-0.026,315.994,0.6970000000000001,-0.534
00:00:24.632,1572945534945,0.18,-0.014,14.607,0.664,3.0,0.006999999999999999,21.737,0.001,-0.026,316.357,0.696,-0.534
00:00:24.685,1572945534998,0.18,-0.014,14.607,0.664,3.0,0.006999999999999999,21.74,0.001,-0.026,316.696,0.696,-0.534
00:00:24.686,1572945534999,0.179,-0.014,14.607,0.664,3.0,0.006,21.743,0.001,-0.026,317.081,0.695,-0.534
00:00:24.687,1572945535000,0.179,-0.014,14.607,0.664,3.0,0.006,21.746,0.001,-0.026,317.466,0.695,-0.534
00:00:24.731,1572945535044,0.179,-0.015,14.46,0.664,3.0,0.006,21.749,0.001,-0.026,317.783,0.6940000000000001,-0.534
00:00:24.732,1572945535045,0.179,-0.015,14.46,0.664,3.0,0.006,21.752,0.001,-0.026,318.146,0.6940000000000001,-0.534
00:00:24.733,1572945535046,0.17800000000000002,-0.015,14.46,0.664,3.0,0.006,21.755,0.001,-0.026,318.531,0.693,-0.534
00:00:24.781,1572945535094,0.177,-0.015,14.46,0.664,3.0,0.006,21.75800000000001,0.001,-0.026,318.894,0.693,-0.534
00:00:24.782,1572945535095,0.175,-0.015,14.46,0.664,3.0,0.006,21.761,0.001,-0.026,319.2340000000001,0.6920000000000001,-0.534
00:00:24.783,1572945535096,0.174,-0.015,14.46,0.664,3.0,0.006,21.764,0.001,-0.026,319.619,0.691,-0.534
00:00:24.832,1572945535145,0.173,-0.015,13.435,0.664,3.0,0.006,21.767,0.001,-0.026,319.982,0.691,-0.534
00:00:24.833,1572945535146,0.171,-0.015,13.435,0.664,3.0,0.006,21.769,0.001,-0.026,320.345,0.69,-0.534
00:00:24.834,1572945535147,0.165,-0.016,13.435,0.664,3.0,0.006,21.772,0.001,-0.026,320.708,0.69,-0.534
00:00:24.892,1572945535205,0.156,-0.016,13.435,0.664,3.0,0.006,21.775,0.001,-0.026,321.07,0.6890000000000001,-0.534
00:00:24.893,1572945535206,0.147,-0.016,13.435,0.664,3.0,0.006,21.777,0.001,-0.026,321.433,0.6890000000000001,-0.534
00:00:24.894,1572945535207,0.14,-0.016,13.435,0.664,3.0,0.006,21.779,0.001,-0.026,321.796,0.688,-0.534
00:00:24.938,1572945535251,0.134,-0.016,13.288,0.664,3.0,0.006,21.781,0.001,-0.027000000000000003,322.137,0.688,-0.534
00:00:24.939,1572945535252,0.13,-0.016,13.288,0.664,3.0,0.006,21.783,0.001,-0.027000000000000003,322.522,0.687,-0.534
00:00:24.940,1572945535253,0.127,-0.016,13.288,0.664,3.0,0.006,21.786,0.001,-0.027000000000000003,322.885,0.6859999999999999,-0.534
00:00:24.987,1572945535300,0.125,-0.016,13.288,0.664,3.0,0.006,21.788,0.001,-0.028,323.249,0.6859999999999999,-0.534
00:00:24.988,1572945535301,0.124,-0.016,13.288,0.664,3.0,0.006,21.79,0.001,-0.028,323.612,0.685,-0.534
00:00:24.989,1572945535302,0.124,-0.016,13.288,0.664,3.0,0.006,21.792,0.001,-0.029,323.975,0.685,-0.534
00:00:24.990,1572945535303,0.123,-0.016,13.288,0.664,3.0,0.006,21.794,0.001,-0.029,324.338,0.684,-0.534
00:00:25.038,1572945535351,0.123,-0.016,13.288,0.664,3.0,0.006,21.796,0.001,-0.029,324.701,0.6829999999999999,-0.534
00:00:25.039,1572945535352,0.123,-0.015,13.288,0.664,3.0,0.006,21.798,0.001,-0.03,325.087,0.6829999999999999,-0.534
00:00:25.040,1572945535353,0.123,-0.015,13.288,0.664,3.0,0.006,21.8,0.001,-0.03,325.428,0.682,-0.534
00:00:25.088,1572945535401,0.124,-0.014,13.288,0.664,3.0,0.006,21.802,0.001,-0.031,325.791,0.682,-0.534
00:00:25.089,1572945535402,0.124,-0.012,13.288,0.664,3.0,0.006,21.804,0.001,-0.031,326.155,0.6809999999999999,-0.534
00:00:25.090,1572945535403,0.124,-0.011,13.288,0.664,3.0,0.006,21.806,0.001,-0.031,326.518,0.68,-0.534
00:00:25.138,1572945535451,0.124,-0.009000000000000001,13.288,0.664,3.0,0.006,21.808000000000003,0.001,-0.032,326.881,0.68,-0.534
00:00:25.139,1572945535452,0.124,-0.008,13.288,0.664,3.0,0.006,21.81,0.001,-0.032,327.245,0.679,-0.534
00:00:25.140,1572945535453,0.124,-0.006,13.288,0.664,3.0,0.006,21.812,0.002,-0.032,327.6090000000001,0.6779999999999999,-0.534
00:00:25.194,1572945535507,0.124,-0.004,13.288,0.664,3.0,0.006,21.814,0.002,-0.033,327.972,0.6779999999999999,-0.534
00:00:25.195,1572945535508,0.123,-0.002,13.288,0.664,3.0,0.006,21.816,0.002,-0.033,328.336,0.677,-0.534
00:00:25.196,1572945535509,0.123,-0.001,13.288,0.664,3.0,0.006,21.818,0.002,-0.033,328.699,0.677,-0.534
00:00:25.240,1572945535553,0.123,0.001,13.288,0.664,3.0,0.006,21.821,0.002,-0.034,329.0630000000001,0.6759999999999999,-0.534
00:00:25.241,1572945535554,0.123,0.003,13.288,0.664,3.0,0.005,21.823,0.002,-0.034,329.449,0.675,-0.534
00:00:25.242,1572945535555,0.123,0.004,13.288,0.664,3.0,0.005,21.825,0.002,-0.034,329.79,0.675,-0.534
00:00:25.290,1572945535603,0.123,0.006,13.288,0.664,3.0,0.005,21.827,0.002,-0.034,330.154,0.674,-0.534
00:00:25.291,1572945535604,0.123,0.006999999999999999,13.288,0.664,3.0,0.005,21.829,0.001,-0.034,330.51800000000014,0.6729999999999999,-0.534
00:00:25.292,1572945535605,0.123,0.008,13.435,0.664,3.0,0.004,21.831,0.001,-0.034,330.88199999999995,0.6729999999999999,-0.534
00:00:25.340,1572945535653,0.123,0.009000000000000001,13.435,0.664,3.0,0.004,21.833,0.001,-0.034,331.246,0.672,-0.534
00:00:25.341,1572945535654,0.124,0.01,13.435,0.664,3.0,0.004,21.835,0.001,-0.034,331.6090000000001,0.6709999999999999,-0.534
00:00:25.342,1572945535655,0.125,0.01,13.435,0.664,3.0,0.003,21.837,0.001,-0.034,331.973,0.6709999999999999,-0.534
00:00:25.392,1572945535705,0.126,0.011,13.435,0.664,3.0,0.003,21.839,0.001,-0.034,332.337,0.67,-0.534
00:00:25.393,1572945535706,0.127,0.011,13.435,0.664,3.0,0.003,21.841,0.0,-0.034,332.701,0.67,-0.534
00:00:25.394,1572945535707,0.128,0.012,13.288,0.664,3.0,0.002,21.843000000000004,0.0,-0.034,333.065,0.669,-0.534
00:00:25.448,1572945535761,0.128,0.013,13.288,0.664,3.0,0.002,21.846,0.0,-0.034,333.4290000000001,0.6679999999999999,-0.534
00:00:25.449,1572945535762,0.127,0.014,13.288,0.664,3.0,0.002,21.84800000000001,0.0,-0.034,333.7940000000001,0.6679999999999999,-0.534
00:00:25.450,1572945535763,0.126,0.015,13.288,0.664,3.0,0.001,21.85,-0.001,-0.034,334.158,0.667,-0.534
00:00:25.492,1572945535805,0.125,0.016,13.288,0.664,3.0,0.001,21.852,-0.001,-0.034,334.522,0.667,-0.534
00:00:25.493,1572945535806,0.124,0.017,13.288,0.664,3.0,0.001,21.854,-0.001,-0.034,334.886,0.6659999999999999,-0.534
00:00:25.494,1572945535807,0.123,0.017,13.435,0.664,3.0,0.001,21.856,-0.001,-0.033,335.25,0.6659999999999999,-0.534
00:00:25.542,1572945535855,0.123,0.018000000000000002,13.435,0.664,3.0,0.0,21.858,-0.001,-0.033,335.615,0.665,-0.534
00:00:25.543,1572945535856,0.123,0.018000000000000002,13.435,0.664,3.0,0.0,21.86,-0.001,-0.033,335.9790000000001,0.664,-0.534
00:00:25.544,1572945535857,0.124,0.019,13.435,0.664,3.0,0.0,21.862,-0.002,-0.033,336.343,0.664,-0.534
00:00:25.593,1572945535906,0.125,0.019,13.435,0.664,3.0,-0.001,21.864,-0.002,-0.033,336.708,0.6629999999999999,-0.534
00:00:25.594,1572945535907,0.126,0.018000000000000002,13.435,0.664,3.0,-0.001,21.866,-0.002,-0.033,337.07199999999995,0.6629999999999999,-0.534
00:00:25.595,1572945535908,0.127,0.018000000000000002,13.288,0.664,3.0,-0.001,21.868,-0.002,-0.033,337.4369999999999,0.662,-0.534
00:00:25.643,1572945535956,0.127,0.018000000000000002,13.288,0.664,3.0,-0.001,21.871,-0.002,-0.033,337.801,0.662,-0.534
00:00:25.644,1572945535957,0.127,0.018000000000000002,13.288,0.664,3.0,-0.001,21.873,-0.002,-0.033,338.166,0.6609999999999999,-0.534
00:00:25.645,1572945535958,0.126,0.018000000000000002,13.288,0.664,3.0,-0.002,21.875,-0.002,-0.033,338.53,0.6609999999999999,-0.534
00:00:25.693,1572945536006,0.125,0.018000000000000002,13.288,0.664,3.0,-0.002,21.877,-0.002,-0.032,338.895,0.66,-0.534
00:00:25.694,1572945536007,0.123,0.018000000000000002,13.288,0.664,3.0,-0.002,21.879,-0.002,-0.032,339.259,0.659,-0.534
00:00:25.695,1572945536008,0.122,0.017,13.288,0.664,3.0,-0.002,21.881,-0.002,-0.032,339.624,0.659,-0.534
00:00:25.743,1572945536056,0.122,0.017,13.288,0.664,3.0,-0.002,21.88300000000001,-0.002,-0.032,339.9890000000001,0.6579999999999999,-0.534
00:00:25.744,1572945536057,0.121,0.017,13.288,0.664,3.0,-0.002,21.885,-0.002,-0.032,340.353,0.6579999999999999,-0.534
00:00:25.745,1572945536058,0.121,0.016,13.288,0.664,3.0,-0.003,21.887,-0.002,-0.032,340.718,0.657,-0.534
00:00:25.794,1572945536107,0.121,0.016,13.288,0.664,3.0,-0.003,21.889,-0.002,-0.032,341.083,0.657,-0.534
00:00:25.795,1572945536108,0.121,0.015,13.288,0.664,3.0,-0.003,21.891,-0.002,-0.032,341.4480000000001,0.6559999999999999,-0.534
00:00:25.796,1572945536109,0.121,0.015,13.288,0.664,3.0,-0.003,21.893,-0.002,-0.032,341.8130000000001,0.6559999999999999,-0.534
00:00:25.848,1572945536161,0.121,0.014,13.288,0.664,3.0,-0.003,21.895,-0.001,-0.033,342.17800000000005,0.655,-0.534
00:00:25.849,1572945536162,0.121,0.014,13.288,0.664,3.0,-0.003,21.897,-0.001,-0.033,342.543,0.655,-0.534
00:00:25.850,1572945536163,0.121,0.013,13.288,0.664,3.0,-0.003,21.899,-0.001,-0.033,342.908,0.654,-0.534
00:00:25.894,1572945536207,0.121,0.013,13.288,0.664,3.0,-0.003,21.901,-0.001,-0.033,343.273,0.654,-0.534
00:00:25.895,1572945536208,0.121,0.012,13.288,0.664,3.0,-0.003,21.903,-0.001,-0.033,343.63800000000015,0.654,-0.534
00:00:25.896,1572945536209,0.121,0.012,13.288,0.664,3.0,-0.003,21.905,-0.001,-0.033,344.00300000000016,0.653,-0.534
00:00:25.947,1572945536260,0.121,0.012,13.288,0.664,3.0,-0.003,21.907,-0.001,-0.033,344.36800000000005,0.653,-0.534
00:00:25.948,1572945536261,0.121,0.011,13.288,0.664,3.0,-0.003,21.909,-0.001,-0.033,344.756,0.652,-0.534
00:00:25.949,1572945536262,0.121,0.011,13.288,0.664,3.0,-0.003,21.911,-0.001,-0.033,345.098,0.652,-0.534
00:00:25.995,1572945536308,0.121,0.01,13.288,0.664,3.0,-0.004,21.913,-0.001,-0.033,345.463,0.6509999999999999,-0.534
00:00:25.996,1572945536309,0.121,0.01,13.288,0.664,3.0,-0.004,21.915,-0.001,-0.033,345.851,0.6509999999999999,-0.534
00:00:25.997,1572945536310,0.121,0.01,13.288,0.664,3.0,-0.004,21.917,-0.001,-0.033,346.194,0.65,-0.534
00:00:26.045,1572945536358,0.12,0.01,13.288,0.664,3.0,-0.004,21.919,-0.001,-0.033,346.559,0.65,-0.534
00:00:26.046,1572945536359,0.12,0.009000000000000001,13.288,0.664,3.0,-0.004,21.921,-0.001,-0.033,346.92400000000015,0.649,-0.534
00:00:26.047,1572945536360,0.12,0.009000000000000001,13.288,0.664,3.0,-0.004,21.923,-0.001,-0.033,347.29,0.649,-0.534
00:00:26.095,1572945536408,0.12,0.009000000000000001,13.288,0.664,3.0,-0.004,21.925,-0.001,-0.033,347.655,0.648,-0.534
00:00:26.096,1572945536409,0.12,0.009000000000000001,13.288,0.664,3.0,-0.004,21.927,-0.001,-0.033,348.021,0.648,-0.534
00:00:26.097,1572945536410,0.12,0.009000000000000001,13.288,0.664,3.0,-0.004,21.929,-0.001,-0.034,348.386,0.648,-0.534
00:00:26.150,1572945536463,0.12,0.009000000000000001,13.288,0.664,3.0,-0.003,21.931,-0.001,-0.034,348.75199999999984,0.647,-0.534
00:00:26.151,1572945536464,0.12,0.008,13.288,0.664,3.0,-0.003,21.933000000000003,-0.001,-0.034,349.117,0.647,-0.534
00:00:26.152,1572945536465,0.12,0.008,13.288,0.664,3.0,-0.003,21.935,-0.001,-0.034,349.483,0.6459999999999999,-0.534
00:00:26.196,1572945536509,0.12,0.008,13.288,0.664,3.0,-0.003,21.937,-0.001,-0.034,349.848,0.6459999999999999,-0.534
00:00:26.197,1572945536510,0.12,0.008,13.288,0.664,3.0,-0.003,21.939,-0.001,-0.034,350.214,0.645,-0.534
00:00:26.198,1572945536511,0.12,0.008,13.435,0.664,3.0,-0.003,21.941,-0.001,-0.034,350.58,0.645,-0.534
00:00:26.246,1572945536559,0.12,0.008,13.435,0.664,3.0,-0.003,21.943,-0.001,-0.034,350.945,0.645,-0.534
00:00:26.247,1572945536560,0.121,0.008,13.435,0.664,3.0,-0.003,21.945,-0.001,-0.034,351.334,0.644,-0.534
00:00:26.248,1572945536561,0.122,0.008,13.435,0.664,3.0,-0.003,21.947,-0.001,-0.034,351.677,0.644,-0.534
00:00:26.299,1572945536612,0.123,0.008,13.435,0.664,3.0,-0.003,21.949,-0.001,-0.034,352.043,0.643,-0.534
00:00:26.300,1572945536613,0.124,0.008,13.435,0.664,3.0,-0.003,21.951,-0.001,-0.034,352.431,0.643,-0.534
00:00:26.301,1572945536614,0.125,0.008,13.435,0.664,3.0,-0.003,21.95300000000001,-0.001,-0.034,352.774,0.642,-0.534
00:00:26.350,1572945536663,0.125,0.008,13.435,0.664,3.0,-0.003,21.955,-0.001,-0.034,353.14,0.642,-0.534
00:00:26.351,1572945536664,0.126,0.008,13.435,0.664,3.0,-0.003,21.958,-0.001,-0.034,353.529,0.642,-0.534
00:00:26.352,1572945536665,0.126,0.008,13.435,0.664,3.0,-0.003,21.96,-0.001,-0.033,353.872,0.6409999999999999,-0.534
00:00:26.400,1572945536713,0.126,0.008,13.435,0.664,3.0,-0.003,21.962,-0.001,-0.033,354.23800000000006,0.6409999999999999,-0.534
00:00:26.401,1572945536714,0.125,0.009000000000000001,13.435,0.664,3.0,-0.003,21.964,-0.001,-0.033,354.60400000000016,0.64,-0.534
00:00:26.402,1572945536715,0.125,0.009000000000000001,13.435,0.664,3.0,-0.003,21.966,-0.001,-0.033,354.97,0.64,-0.534
00:00:26.450,1572945536763,0.125,0.009000000000000001,13.435,0.664,3.0,-0.003,21.968000000000004,-0.001,-0.033,355.336,0.64,-0.534
00:00:26.451,1572945536764,0.125,0.009000000000000001,13.435,0.664,3.0,-0.003,21.97,-0.001,-0.033,355.702,0.639,-0.534
00:00:26.452,1572945536765,0.125,0.009000000000000001,13.435,0.664,3.0,-0.003,21.972,-0.001,-0.033,356.069,0.639,-0.534
00:00:26.501,1572945536814,0.125,0.009000000000000001,13.435,0.664,3.0,-0.003,21.974,-0.001,-0.033,356.435,0.638,-0.534
00:00:26.502,1572945536815,0.125,0.009000000000000001,13.435,0.664,3.0,-0.003,21.976,-0.001,-0.033,356.801,0.638,-0.534
00:00:26.503,1572945536816,0.125,0.009000000000000001,13.288,0.664,3.0,-0.003,21.978,-0.001,-0.033,357.167,0.638,-0.534
00:00:26.504,1572945536817,0.124,0.009000000000000001,13.288,0.664,3.0,-0.003,21.98,-0.001,-0.033,357.534,0.637,-0.534
00:00:26.552,1572945536865,0.123,0.009000000000000001,13.288,0.664,3.0,-0.003,21.983,-0.001,-0.033,357.923,0.637,-0.534
00:00:26.553,1572945536866,0.122,0.009000000000000001,13.288,0.664,3.0,-0.003,21.985,-0.001,-0.033,358.266,0.637,-0.534
00:00:26.554,1572945536867,0.121,0.009000000000000001,13.288,0.664,3.0,-0.003,21.987,-0.001,-0.033,358.63300000000015,0.636,-0.534
00:00:26.603,1572945536916,0.12,0.009000000000000001,13.288,0.664,3.0,-0.003,21.989,-0.001,-0.033,359.022,0.636,-0.534
00:00:26.604,1572945536917,0.119,0.009000000000000001,13.435,0.664,3.0,-0.003,21.99,-0.001,-0.033,359.366,0.635,-0.534
00:00:26.605,1572945536918,0.119,0.009000000000000001,13.435,0.664,3.0,-0.003,21.992,-0.001,-0.033,359.732,0.635,-0.534
00:00:26.653,1572945536966,0.119,0.008,13.435,0.664,3.0,-0.003,21.995,-0.001,-0.033,360.122,0.635,-0.534
00:00:26.654,1572945536967,0.12,0.008,13.435,0.664,3.0,-0.003,21.996,-0.001,-0.033,360.466,0.634,-0.534
00:00:26.655,1572945536968,0.121,0.008,13.435,0.664,3.0,-0.003,21.998,-0.001,-0.033,360.832,0.634,-0.534
00:00:26.704,1572945537017,0.122,0.008,13.435,0.664,3.0,-0.003,22.001,-0.001,-0.033,361.199,0.634,-0.534
00:00:26.705,1572945537018,0.123,0.009000000000000001,13.435,0.664,3.0,-0.003,22.003,-0.001,-0.033,361.566,0.633,-0.534
00:00:26.706,1572945537019,0.124,0.009000000000000001,13.435,0.664,3.0,-0.003,22.005,-0.001,-0.033,361.932,0.633,-0.534
00:00:26.755,1572945537068,0.124,0.009000000000000001,13.435,0.664,3.0,-0.003,22.007,-0.001,-0.033,362.299,0.633,-0.534
00:00:26.756,1572945537069,0.124,0.01,13.435,0.664,3.0,-0.003,22.009,-0.001,-0.033,362.666,0.632,-0.534
00:00:26.757,1572945537070,0.124,0.01,13.435,0.664,3.0,-0.003,22.011,-0.001,-0.033,363.033,0.632,-0.534
00:00:26.805,1572945537118,0.124,0.01,13.435,0.664,3.0,-0.003,22.013,-0.001,-0.033,363.399,0.631,-0.534
00:00:26.806,1572945537119,0.124,0.01,13.435,0.664,3.0,-0.003,22.015,-0.001,-0.033,363.766,0.631,-0.534
00:00:26.807,1572945537120,0.124,0.012,13.435,0.664,3.0,-0.003,22.017,-0.001,-0.033,364.133,0.631,-0.534
00:00:26.855,1572945537168,0.124,0.015,13.435,0.664,3.0,-0.003,22.019,0.0,-0.033,364.5,0.63,-0.534
00:00:26.856,1572945537169,0.124,0.022,13.435,0.664,3.0,-0.002,22.021,0.0,-0.033,364.867,0.63,-0.534
00:00:26.857,1572945537170,0.124,0.03,13.435,0.664,3.0,-0.002,22.023000000000003,0.0,-0.033,365.234,0.63,-0.534
00:00:26.909,1572945537222,0.124,0.04,13.435,0.664,3.0,-0.001,22.025,0.001,-0.033,365.601,0.63,-0.534
00:00:26.910,1572945537223,0.124,0.049,13.288,0.664,3.0,-0.001,22.027,0.001,-0.033,365.968,0.629,-0.534
00:00:26.911,1572945537224,0.123,0.055,13.288,0.664,3.0,-0.002,22.029,0.001,-0.033,366.336,0.629,-0.534
00:00:26.966,1572945537279,0.122,0.058,13.288,0.664,3.0,-0.003,22.032,0.001,-0.033,366.726,0.629,-0.534
00:00:26.967,1572945537280,0.121,0.057,13.288,0.664,3.0,-0.004,22.033,0.001,-0.033,367.07,0.628,-0.534
00:00:26.968,1572945537281,0.119,0.055,13.288,0.664,3.0,-0.005,22.035,0.001,-0.033,367.437,0.628,-0.534
00:00:27.019,1572945537332,0.118,0.052000000000000005,13.288,0.664,3.0,-0.006,22.037,0.001,-0.033,367.827,0.628,-0.534
00:00:27.020,1572945537333,0.117,0.051,13.435,0.664,3.0,-0.006999999999999999,22.039,0.0,-0.033,368.172,0.628,-0.534
00:00:27.021,1572945537334,0.117,0.051,13.435,0.664,3.0,-0.008,22.041,0.0,-0.033,368.539,0.628,-0.534
00:00:27.022,1572945537335,0.118,0.052000000000000005,13.435,0.664,3.0,-0.008,22.04300000000001,-0.001,-0.033,368.907,0.627,-0.534
00:00:27.077,1572945537390,0.119,0.054000000000000006,13.435,0.664,3.0,-0.009000000000000001,22.045,-0.001,-0.033,369.274,0.627,-0.534
00:00:27.078,1572945537391,0.12,0.056,13.435,0.664,3.0,-0.009000000000000001,22.047,-0.002,-0.033,369.641,0.627,-0.534
00:00:27.079,1572945537392,0.121,0.058,13.435,0.664,3.0,-0.01,22.049,-0.002,-0.033,370.009,0.627,-0.534
00:00:27.121,1572945537434,0.122,0.061,13.435,0.664,3.0,-0.01,22.051,-0.003,-0.033,370.376,0.627,-0.534
00:00:27.122,1572945537435,0.123,0.063,13.435,0.664,3.0,-0.011,22.053,-0.003,-0.033,370.744,0.627,-0.534
00:00:27.123,1572945537436,0.123,0.065,13.435,0.664,3.0,-0.012,22.056,-0.004,-0.033,371.134,0.627,-0.534
00:00:27.171,1572945537484,0.123,0.067,13.435,0.664,3.0,-0.012,22.057,-0.004,-0.033,371.479,0.627,-0.534
00:00:27.172,1572945537485,0.123,0.069,13.435,0.664,3.0,-0.013,22.059,-0.004,-0.033,371.847,0.627,-0.534
00:00:27.173,1572945537486,0.123,0.071,13.435,0.664,3.0,-0.013,22.062,-0.005,-0.034,372.237,0.627,-0.534
00:00:27.227,1572945537540,0.122,0.07200000000000001,13.435,0.664,3.0,-0.014,22.064,-0.005,-0.034,372.582,0.627,-0.534
00:00:27.228,1572945537541,0.122,0.07200000000000001,13.435,0.664,3.0,-0.014,22.066,-0.005,-0.034,372.95,0.627,-0.534
00:00:27.229,1572945537542,0.122,0.073,13.435,0.664,3.0,-0.015,22.068,-0.005,-0.034,373.341,0.627,-0.534
00:00:27.271,1572945537584,0.122,0.073,13.435,0.664,3.0,-0.015,22.07,-0.005,-0.034,373.685,0.627,-0.534
00:00:27.272,1572945537585,0.122,0.07200000000000001,13.435,0.664,3.0,-0.015,22.072,-0.005,-0.034,374.05300000000005,0.627,-0.534
00:00:27.273,1572945537586,0.122,0.07200000000000001,13.435,0.664,3.0,-0.016,22.074,-0.005,-0.034,374.444,0.627,-0.534
00:00:27.322,1572945537635,0.122,0.073,13.288,0.664,3.0,-0.016,22.076,-0.005,-0.034,374.789,0.627,-0.534
00:00:27.323,1572945537636,0.122,0.073,13.288,0.664,3.0,-0.017,22.07800000000001,-0.005,-0.034,375.157,0.627,-0.534
00:00:27.324,1572945537637,0.121,0.073,13.288,0.664,3.0,-0.017,22.08,-0.005,-0.034,375.525,0.627,-0.534
00:00:27.372,1572945537685,0.119,0.07200000000000001,13.288,0.664,3.0,-0.017,22.082,-0.005,-0.034,375.893,0.628,-0.534
00:00:27.373,1572945537686,0.118,0.071,13.288,0.664,3.0,-0.018000000000000002,22.084,-0.005,-0.034,376.261,0.628,-0.534
00:00:27.374,1572945537687,0.116,0.07,13.288,0.664,3.0,-0.018000000000000002,22.086,-0.005,-0.034,376.629,0.628,-0.534
00:00:27.422,1572945537735,0.115,0.069,13.435,0.664,3.0,-0.018000000000000002,22.088,-0.005,-0.034,376.997,0.628,-0.534
00:00:27.423,1572945537736,0.115,0.068,13.435,0.664,3.0,-0.019,22.089,-0.005,-0.034,377.365,0.629,-0.534
00:00:27.424,1572945537737,0.116,0.067,13.435,0.664,3.0,-0.019,22.091,-0.005,-0.034,377.734,0.629,-0.534
00:00:27.473,1572945537786,0.118,0.067,13.435,0.664,3.0,-0.019,22.093000000000004,-0.005,-0.034,378.102,0.629,-0.534
00:00:27.474,1572945537787,0.119,0.066,13.435,0.664,3.0,-0.019,22.095,-0.005,-0.034,378.47,0.629,-0.534
00:00:27.475,1572945537788,0.121,0.065,13.435,0.664,3.0,-0.019,22.09800000000001,-0.005,-0.034,378.861,0.63,-0.534
00:00:27.525,1572945537838,0.121,0.064,13.435,0.664,3.0,-0.02,22.099,-0.005,-0.034,379.207,0.63,-0.534
00:00:27.526,1572945537839,0.122,0.064,13.435,0.664,3.0,-0.02,22.101,-0.005,-0.034,379.575,0.631,-0.534
00:00:27.527,1572945537840,0.122,0.063,13.435,0.664,3.0,-0.02,22.104,-0.004,-0.034,379.966,0.631,-0.534
00:00:27.573,1572945537886,0.122,0.062,13.435,0.664,3.0,-0.02,22.106,-0.004,-0.034,380.312,0.631,-0.534
00:00:27.574,1572945537887,0.122,0.061,13.435,0.664,3.0,-0.02,22.108,-0.004,-0.034,380.68,0.632,-0.534
00:00:27.575,1572945537888,0.121,0.061,13.435,0.664,3.0,-0.02,22.11,-0.004,-0.034,381.072,0.632,-0.534
00:00:27.623,1572945537936,0.121,0.06,13.288,0.664,3.0,-0.02,22.112,-0.004,-0.034,381.417,0.633,-0.534
00:00:27.624,1572945537937,0.121,0.059,13.288,0.664,3.0,-0.02,22.114,-0.004,-0.033,381.786,0.633,-0.534
00:00:27.625,1572945537938,0.119,0.059,13.288,0.664,3.0,-0.02,22.116,-0.004,-0.033,382.177,0.634,-0.534
00:00:27.674,1572945537987,0.118,0.058,13.288,0.664,3.0,-0.02,22.117,-0.004,-0.033,382.523,0.634,-0.534
00:00:27.675,1572945537988,0.116,0.058,13.288,0.664,3.0,-0.02,22.119,-0.004,-0.034,382.891,0.635,-0.534
00:00:27.676,1572945537989,0.115,0.057,13.288,0.664,3.0,-0.02,22.121,-0.004,-0.034,383.26,0.635,-0.534
00:00:27.724,1572945538037,0.114,0.057,13.435,0.664,3.0,-0.02,22.123,-0.004,-0.034,383.629,0.636,-0.534
00:00:27.725,1572945538038,0.114,0.057,13.435,0.664,3.0,-0.02,22.125,-0.004,-0.034,383.99800000000016,0.636,-0.534
00:00:27.726,1572945538039,0.115,0.056,13.435,0.664,3.0,-0.02,22.127,-0.004,-0.034,384.366,0.637,-0.534
00:00:27.774,1572945538087,0.117,0.056,13.435,0.664,3.0,-0.02,22.129,-0.003,-0.034,384.735,0.638,-0.534
00:00:27.775,1572945538088,0.119,0.055,13.435,0.664,3.0,-0.02,22.131,-0.003,-0.034,385.104,0.638,-0.534
00:00:27.776,1572945538089,0.12,0.055,13.435,0.664,3.0,-0.02,22.13300000000001,-0.003,-0.034,385.473,0.639,-0.534
00:00:27.825,1572945538138,0.121,0.055,13.288,0.664,3.0,-0.02,22.135,-0.003,-0.034,385.842,0.639,-0.534
00:00:27.826,1572945538139,0.121,0.055,13.288,0.664,3.0,-0.02,22.137,-0.003,-0.034,386.211,0.64,-0.534
00:00:27.827,1572945538140,0.119,0.055,13.288,0.664,3.0,-0.02,22.139,-0.003,-0.034,386.603,0.6409999999999999,-0.534
00:00:27.876,1572945538189,0.118,0.055,13.288,0.664,3.0,-0.02,22.141,-0.003,-0.034,386.949,0.6409999999999999,-0.534
00:00:27.877,1572945538190,0.116,0.055,13.288,0.664,3.0,-0.02,22.143,-0.003,-0.034,387.318,0.642,-0.534
00:00:27.878,1572945538191,0.114,0.054000000000000006,13.288,0.664,3.0,-0.02,22.145,-0.003,-0.034,387.71,0.643,-0.534
00:00:27.926,1572945538239,0.114,0.054000000000000006,13.435,0.664,3.0,-0.02,22.147,-0.003,-0.034,388.056,0.644,-0.534
00:00:27.927,1572945538240,0.114,0.054000000000000006,13.435,0.664,3.0,-0.02,22.149,-0.003,-0.034,388.425,0.644,-0.534
00:00:27.928,1572945538241,0.115,0.054000000000000006,13.435,0.664,3.0,-0.02,22.151,-0.003,-0.034,388.817,0.645,-0.534
00:00:27.976,1572945538289,0.116,0.055,13.435,0.664,3.0,-0.02,22.152,-0.003,-0.034,389.163,0.6459999999999999,-0.534
00:00:27.977,1572945538290,0.118,0.055,13.435,0.664,3.0,-0.02,22.154,-0.003,-0.034,389.533,0.647,-0.534
00:00:27.978,1572945538291,0.12,0.055,13.435,0.664,3.0,-0.02,22.157,-0.003,-0.034,389.925,0.648,-0.534
00:00:28.027,1572945538340,0.12,0.055,13.435,0.664,3.0,-0.02,22.158,-0.003,-0.034,390.271,0.648,-0.534
00:00:28.028,1572945538341,0.12,0.055,13.435,0.664,3.0,-0.02,22.16,-0.003,-0.034,390.64,0.649,-0.534
00:00:28.029,1572945538342,0.12,0.055,13.435,0.664,3.0,-0.02,22.162,-0.003,-0.034,391.01,0.65,-0.534
00:00:28.082,1572945538395,0.12,0.055,13.435,0.664,3.0,-0.02,22.164,-0.003,-0.034,391.379,0.6509999999999999,-0.534
00:00:28.083,1572945538396,0.12,0.055,13.435,0.664,3.0,-0.02,22.167,-0.003,-0.034,391.772,0.652,-0.534
00:00:28.084,1572945538397,0.119,0.055,13.435,0.664,3.0,-0.02,22.16800000000001,-0.003,-0.034,392.11800000000005,0.653,-0.534
00:00:28.139,1572945538452,0.119,0.055,13.435,0.664,3.0,-0.02,22.17,-0.003,-0.034,392.48800000000006,0.654,-0.534
00:00:28.140,1572945538453,0.119,0.055,13.435,0.664,3.0,-0.02,22.172,-0.003,-0.034,392.88,0.655,-0.534
00:00:28.141,1572945538454,0.119,0.055,13.435,0.664,3.0,-0.02,22.174,-0.003,-0.034,393.25,0.6559999999999999,-0.534
00:00:28.184,1572945538497,0.119,0.055,13.435,0.664,3.0,-0.02,22.176,-0.003,-0.034,393.619,0.657,-0.534
00:00:28.185,1572945538498,0.119,0.055,13.435,0.664,3.0,-0.02,22.178,-0.003,-0.034,393.966,0.6579999999999999,-0.534
00:00:28.186,1572945538499,0.119,0.056,13.435,0.664,3.0,-0.02,22.18,-0.003,-0.034,394.359,0.659,-0.534
00:00:28.248,1572945538561,0.119,0.056,13.435,0.664,3.0,-0.02,22.182,-0.003,-0.034,394.705,0.66,-0.534
00:00:28.249,1572945538562,0.119,0.056,13.435,0.664,3.0,-0.02,22.184,-0.003,-0.034,395.075,0.6609999999999999,-0.534
00:00:28.250,1572945538563,0.119,0.056,13.435,0.664,3.0,-0.02,22.186,-0.003,-0.034,395.468,0.662,-0.534
00:00:28.284,1572945538597,0.119,0.056,13.435,0.664,3.0,-0.02,22.188,-0.004,-0.034,395.814,0.6629999999999999,-0.534
00:00:28.285,1572945538598,0.119,0.056,13.435,0.664,3.0,-0.02,22.19,-0.004,-0.034,396.184,0.664,-0.534
00:00:28.286,1572945538599,0.119,0.056,13.435,0.664,3.0,-0.02,22.192,-0.004,-0.034,396.577,0.665,-0.534
00:00:28.287,1572945538600,0.119,0.056,13.288,0.664,3.0,-0.02,22.19400000000001,-0.004,-0.034,396.924,0.6659999999999999,-0.534
00:00:28.341,1572945538654,0.118,0.056,13.288,0.664,3.0,-0.02,22.196,-0.004,-0.034,397.294,0.667,-0.534
00:00:28.342,1572945538655,0.117,0.056,13.288,0.664,3.0,-0.02,22.198,-0.004,-0.034,397.687,0.6679999999999999,-0.534
00:00:28.343,1572945538656,0.115,0.056,13.288,0.664,3.0,-0.02,22.2,-0.004,-0.034,398.034,0.669,-0.534
00:00:28.391,1572945538704,0.114,0.055,13.288,0.664,3.0,-0.02,22.202,-0.004,-0.034,398.404,0.6709999999999999,-0.534
00:00:28.392,1572945538705,0.113,0.055,13.288,0.664,3.0,-0.02,22.204,-0.004,-0.034,398.774,0.672,-0.534
00:00:28.393,1572945538706,0.112,0.055,13.288,0.664,3.0,-0.02,22.206,-0.004,-0.034,399.144,0.6729999999999999,-0.534
00:00:28.440,1572945538753,0.112,0.054000000000000006,13.288,0.664,3.0,-0.02,22.207,-0.004,-0.034,399.514,0.674,-0.534
00:00:28.441,1572945538754,0.112,0.053,13.288,0.664,3.0,-0.02,22.209,-0.004,-0.034,399.884,0.675,-0.534
00:00:28.442,1572945538755,0.112,0.052000000000000005,13.288,0.664,3.0,-0.02,22.211,-0.004,-0.034,400.254,0.677,-0.534
00:00:28.486,1572945538799,0.112,0.051,13.288,0.664,3.0,-0.02,22.213,-0.004,-0.034,400.625,0.6779999999999999,-0.534
00:00:28.487,1572945538800,0.112,0.049,13.288,0.664,3.0,-0.02,22.215,-0.004,-0.034,401.018,0.679,-0.534
00:00:28.488,1572945538801,0.112,0.047,13.435,0.664,3.0,-0.02,22.217,-0.004,-0.034,401.365,0.68,-0.534
00:00:28.537,1572945538850,0.113,0.044,13.435,0.664,3.0,-0.02,22.219,-0.004,-0.034,401.735,0.682,-0.534
00:00:28.538,1572945538851,0.114,0.041,13.435,0.664,3.0,-0.02,22.221,-0.004,-0.034,402.129,0.6829999999999999,-0.534
00:00:28.539,1572945538852,0.115,0.038,13.435,0.664,3.0,-0.02,22.222,-0.004,-0.034,402.476,0.684,-0.534
00:00:28.593,1572945538906,0.116,0.034,13.435,0.664,3.0,-0.02,22.224,-0.004,-0.034,402.846,0.6859999999999999,-0.534
00:00:28.594,1572945538907,0.118,0.031,13.435,0.664,3.0,-0.02,22.227,-0.004,-0.034,403.24,0.687,-0.534
00:00:28.595,1572945538908,0.118,0.028,13.288,0.664,3.0,-0.02,22.228,-0.004,-0.034,403.587,0.688,-0.534
00:00:28.639,1572945538952,0.118,0.024,13.288,0.664,3.0,-0.019,22.23,-0.004,-0.034,403.958,0.69,-0.534
00:00:28.640,1572945538953,0.117,0.021,13.288,0.664,3.0,-0.019,22.232,-0.004,-0.034,404.351,0.691,-0.534
00:00:28.641,1572945538954,0.115,0.018000000000000002,13.288,0.664,3.0,-0.019,22.234,-0.004,-0.034,404.722,0.693,-0.534
00:00:28.697,1572945539010,0.113,0.015,13.288,0.664,3.0,-0.018000000000000002,22.236,-0.004,-0.034,405.069,0.6940000000000001,-0.534
00:00:28.698,1572945539011,0.112,0.012,13.288,0.664,3.0,-0.018000000000000002,22.238000000000003,-0.004,-0.034,405.463,0.695,-0.534
00:00:28.699,1572945539012,0.111,0.009000000000000001,13.288,0.664,3.0,-0.017,22.24,-0.004,-0.034,405.811,0.6970000000000001,-0.534
00:00:28.739,1572945539052,0.111,0.005,13.288,0.664,3.0,-0.017,22.242,-0.004,-0.034,406.181,0.698,-0.534
00:00:28.740,1572945539053,0.111,0.002,13.288,0.664,3.0,-0.016,22.243,-0.004,-0.034,406.552,0.6990000000000001,-0.534
00:00:28.741,1572945539054,0.111,-0.003,13.288,0.664,3.0,-0.016,22.245,-0.003,-0.034,406.923,0.701,-0.534
00:00:28.790,1572945539103,0.111,-0.006999999999999999,13.288,0.664,3.0,-0.015,22.247,-0.003,-0.034,407.294,0.7020000000000001,-0.534
00:00:28.791,1572945539104,0.111,-0.011,13.288,0.664,3.0,-0.014,22.249,-0.003,-0.034,407.664,0.703,-0.534
00:00:28.792,1572945539105,0.112,-0.016,13.288,0.664,3.0,-0.014,22.251,-0.002,-0.034,408.035,0.705,-0.534
00:00:28.840,1572945539153,0.112,-0.02,13.288,0.664,3.0,-0.013,22.253,-0.002,-0.034,408.406,0.706,-0.534
00:00:28.841,1572945539154,0.111,-0.025,13.288,0.664,3.0,-0.012,22.255,-0.002,-0.034,408.8,0.708,-0.534
00:00:28.842,1572945539155,0.111,-0.03,13.288,0.664,3.0,-0.011,22.256,-0.002,-0.034,409.171,0.7090000000000001,-0.534
00:00:28.890,1572945539203,0.111,-0.034,13.288,0.664,3.0,-0.01,22.25800000000001,-0.001,-0.035,409.542,0.71,-0.534
00:00:28.891,1572945539204,0.111,-0.038,13.288,0.664,3.0,-0.01,22.26,-0.001,-0.035,409.913,0.7120000000000001,-0.534
00:00:28.892,1572945539205,0.111,-0.041,13.435,0.664,3.0,-0.009000000000000001,22.262,0.0,-0.035,410.261,0.713,-0.534
00:00:28.941,1572945539254,0.111,-0.044,13.435,0.664,3.0,-0.006999999999999999,22.264,0.0,-0.035,410.655,0.7140000000000001,-0.534
00:00:28.942,1572945539255,0.112,-0.046,13.435,0.664,3.0,-0.006,22.266,0.001,-0.035,411.049,0.716,-0.534
00:00:28.943,1572945539256,0.114,-0.047,13.435,0.664,3.0,-0.005,22.268,0.001,-0.035,411.374,0.7170000000000001,-0.534
00:00:28.993,1572945539306,0.115,-0.049,13.435,0.664,3.0,-0.004,22.27,0.001,-0.035,411.745,0.718,-0.534
00:00:28.994,1572945539307,0.116,-0.05,13.435,0.664,3.0,-0.003,22.271,0.002,-0.035,412.116,0.7190000000000001,-0.534
00:00:28.995,1572945539308,0.117,-0.052000000000000005,13.435,0.664,3.0,-0.002,22.274,0.002,-0.035,412.511,0.72,-0.534
00:00:29.043,1572945539356,0.117,-0.053,13.435,0.664,3.0,-0.002,22.275,0.003,-0.035,412.859,0.722,-0.534
00:00:29.044,1572945539357,0.117,-0.054000000000000006,13.435,0.664,3.0,-0.001,22.277,0.003,-0.035,413.253,0.723,-0.534
00:00:29.045,1572945539358,0.117,-0.055,13.435,0.664,3.0,0.0,22.279,0.004,-0.035,413.601,0.7240000000000001,-0.534
00:00:29.096,1572945539409,0.116,-0.056,13.435,0.664,3.0,0.001,22.281,0.004,-0.035,413.996,0.725,-0.534
00:00:29.097,1572945539410,0.116,-0.057,13.435,0.664,3.0,0.002,22.283,0.004,-0.035,414.344,0.726,-0.534
00:00:29.098,1572945539411,0.116,-0.059,13.288,0.664,3.0,0.003,22.285,0.005,-0.035,414.739,0.728,-0.534
00:00:29.147,1572945539460,0.116,-0.059,13.288,0.664,3.0,0.004,22.287,0.005,-0.035,415.11,0.7290000000000001,-0.534
00:00:29.148,1572945539461,0.114,-0.06,13.288,0.664,3.0,0.004,22.289,0.005,-0.035,415.505,0.73,-0.534
00:00:29.149,1572945539462,0.113,-0.06,13.288,0.664,3.0,0.005,22.291,0.005,-0.035,415.853,0.731,-0.534
00:00:29.194,1572945539507,0.111,-0.06,13.288,0.664,3.0,0.006,22.29300000000001,0.005,-0.035,416.225,0.732,-0.534
00:00:29.195,1572945539508,0.11,-0.06,13.288,0.664,3.0,0.006,22.294,0.005,-0.035,416.596,0.733,-0.534
00:00:29.196,1572945539509,0.11,-0.06,13.288,0.664,3.0,0.006999999999999999,22.296,0.005,-0.035,416.968,0.7340000000000001,-0.534
00:00:29.244,1572945539557,0.109,-0.059,13.288,0.664,3.0,0.008,22.298,0.005,-0.035,417.339,0.735,-0.534
00:00:29.245,1572945539558,0.109,-0.058,13.288,0.664,3.0,0.008,22.3,0.005,-0.035,417.711,0.736,-0.534
00:00:29.246,1572945539559,0.11,-0.057,13.288,0.664,3.0,0.009000000000000001,22.302,0.005,-0.035,418.059,0.737,-0.534
00:00:29.294,1572945539607,0.11,-0.056,13.288,0.664,3.0,0.009000000000000001,22.304,0.005,-0.035,418.454,0.738,-0.534
00:00:29.295,1572945539608,0.11,-0.055,13.288,0.664,3.0,0.01,22.305,0.005,-0.035,418.826,0.7390000000000001,-0.534
00:00:29.296,1572945539609,0.11,-0.054000000000000006,13.288,0.664,3.0,0.01,22.307,0.005,-0.035,419.198,0.74,-0.534
00:00:29.355,1572945539668,0.11,-0.053,13.288,0.664,3.0,0.01,22.309,0.005,-0.035,419.57,0.741,-0.534
00:00:29.356,1572945539669,0.11,-0.052000000000000005,13.288,0.664,3.0,0.011,22.311,0.005,-0.035,419.941,0.742,-0.534
00:00:29.357,1572945539670,0.11,-0.05,13.288,0.664,3.0,0.011,22.313,0.004,-0.035,420.31300000000016,0.743,-0.534
00:00:29.395,1572945539708,0.11,-0.049,13.288,0.664,3.0,0.011,22.315,0.004,-0.035,420.685,0.7440000000000001,-0.534
00:00:29.396,1572945539709,0.11,-0.048,13.288,0.664,3.0,0.011,22.316,0.004,-0.035,421.057,0.7440000000000001,-0.534
00:00:29.397,1572945539710,0.109,-0.046,13.288,0.664,3.0,0.012,22.318,0.004,-0.035,421.429,0.745,-0.534
00:00:29.445,1572945539758,0.109,-0.045,13.288,0.664,3.0,0.012,22.32,0.004,-0.035,421.801,0.746,-0.534
00:00:29.446,1572945539759,0.109,-0.044,13.288,0.664,3.0,0.012,22.322,0.004,-0.035,422.173,0.747,-0.534
00:00:29.447,1572945539760,0.109,-0.043,13.288,0.664,3.0,0.012,22.324,0.004,-0.035,422.545,0.748,-0.534
00:00:29.495,1572945539808,0.109,-0.041,13.288,0.664,3.0,0.012,22.326,0.004,-0.035,422.917,0.7490000000000001,-0.534
00:00:29.496,1572945539809,0.109,-0.04,13.288,0.664,3.0,0.012,22.327,0.003,-0.035,423.289,0.7490000000000001,-0.534
00:00:29.497,1572945539810,0.109,-0.039,13.288,0.664,3.0,0.013,22.329,0.003,-0.035,423.661,0.75,-0.534
00:00:29.546,1572945539859,0.109,-0.038,13.288,0.664,3.0,0.013,22.331,0.003,-0.035,424.034,0.7509999999999999,-0.534
00:00:29.547,1572945539860,0.109,-0.037000000000000005,13.288,0.664,3.0,0.013,22.333,0.003,-0.035,424.406,0.752,-0.534
00:00:29.548,1572945539861,0.109,-0.036000000000000004,13.288,0.664,3.0,0.013,22.335,0.003,-0.035,424.778,0.752,-0.534
00:00:29.596,1572945539909,0.109,-0.035,13.288,0.664,3.0,0.013,22.336,0.003,-0.035,425.15,0.753,-0.534
00:00:29.597,1572945539910,0.109,-0.034,13.288,0.664,3.0,0.013,22.338,0.003,-0.035,425.523,0.754,-0.534
00:00:29.598,1572945539911,0.109,-0.033,13.435,0.664,3.0,0.013,22.34,0.003,-0.035,425.895,0.755,-0.534
00:00:29.654,1572945539967,0.109,-0.032,13.435,0.664,3.0,0.013,22.342,0.002,-0.035,426.267,0.755,-0.534
00:00:29.655,1572945539968,0.11,-0.031,13.435,0.664,3.0,0.013,22.344,0.002,-0.035,426.64,0.7559999999999999,-0.534
00:00:29.656,1572945539969,0.112,-0.03,13.435,0.664,3.0,0.013,22.346,0.002,-0.035,427.012,0.757,-0.534
00:00:29.657,1572945539970,0.113,-0.029,13.435,0.664,3.0,0.013,22.34800000000001,0.002,-0.035,427.385,0.758,-0.534
00:00:29.705,1572945540018,0.114,-0.028,13.435,0.664,3.0,0.013,22.349,0.002,-0.035,427.757,0.758,-0.534
00:00:29.706,1572945540019,0.115,-0.028,13.435,0.664,3.0,0.012,22.351,0.002,-0.035,428.13,0.759,-0.534
00:00:29.707,1572945540020,0.115,-0.027000000000000003,13.435,0.664,3.0,0.012,22.353,0.002,-0.035,428.502,0.76,-0.534
00:00:29.756,1572945540069,0.115,-0.027000000000000003,13.435,0.664,3.0,0.012,22.355,0.002,-0.035,428.875,0.76,-0.534
00:00:29.757,1572945540070,0.115,-0.027000000000000003,13.435,0.664,3.0,0.012,22.357,0.002,-0.035,429.247,0.7609999999999999,-0.534
00:00:29.758,1572945540071,0.114,-0.026,13.435,0.664,3.0,0.012,22.359,0.002,-0.035,429.62,0.762,-0.534
00:00:29.806,1572945540119,0.114,-0.026,13.435,0.664,3.0,0.012,22.361,0.002,-0.035,429.99300000000005,0.762,-0.534
00:00:29.807,1572945540120,0.114,-0.026,13.435,0.664,3.0,0.012,22.363000000000003,0.002,-0.035,430.365,0.763,-0.534
00:00:29.808,1572945540121,0.114,-0.025,13.435,0.664,3.0,0.012,22.365,0.002,-0.035,430.73800000000006,0.764,-0.534
00:00:29.856,1572945540169,0.114,-0.025,13.435,0.664,3.0,0.012,22.367,0.002,-0.035,431.134,0.764,-0.534
00:00:29.857,1572945540170,0.114,-0.025,13.435,0.664,3.0,0.012,22.368,0.002,-0.035,431.483,0.765,-0.534
00:00:29.858,1572945540171,0.114,-0.024,13.435,0.664,3.0,0.011,22.37,0.002,-0.035,431.856,0.765,-0.534
00:00:29.907,1572945540220,0.114,-0.024,13.435,0.664,3.0,0.011,22.372,0.002,-0.035,432.229,0.7659999999999999,-0.534
00:00:29.908,1572945540221,0.114,-0.024,13.288,0.664,3.0,0.011,22.374,0.002,-0.035,432.602,0.767,-0.534
00:00:29.909,1572945540222,0.113,-0.024,13.288,0.664,3.0,0.011,22.376,0.002,-0.035,432.975,0.767,-0.534
00:00:29.958,1572945540271,0.112,-0.024,13.288,0.664,3.0,0.011,22.378,0.002,-0.035,433.348,0.768,-0.534
00:00:29.959,1572945540272,0.111,-0.024,13.288,0.664,3.0,0.011,22.38,0.002,-0.035,433.721,0.768,-0.534
00:00:29.960,1572945540273,0.109,-0.024,13.288,0.664,3.0,0.011,22.381,0.002,-0.035,434.094,0.769,-0.534
00:00:30.018,1572945540331,0.108,-0.024,13.288,0.664,3.0,0.011,22.38300000000001,0.002,-0.035,434.467,0.77,-0.534
00:00:30.019,1572945540332,0.107,-0.024,13.435,0.664,3.0,0.011,22.385,0.002,-0.035,434.84,0.77,-0.534
00:00:30.020,1572945540333,0.107,-0.024,13.435,0.664,3.0,0.011,22.387,0.002,-0.035,435.213,0.7709999999999999,-0.534
00:00:30.021,1572945540334,0.108,-0.024,13.435,0.664,3.0,0.011,22.389,0.002,-0.035,435.586,0.7709999999999999,-0.534
00:00:30.069,1572945540382,0.11,-0.024,13.435,0.664,3.0,0.01,22.391,0.002,-0.035,435.959,0.772,-0.534
00:00:30.070,1572945540383,0.112,-0.024,13.435,0.664,3.0,0.01,22.392,0.002,-0.035,436.333,0.772,-0.534
00:00:30.071,1572945540384,0.113,-0.024,13.435,0.664,3.0,0.01,22.394,0.002,-0.035,436.706,0.773,-0.534
00:00:30.120,1572945540433,0.114,-0.024,13.288,0.664,3.0,0.01,22.396,0.002,-0.035,437.079,0.773,-0.534
00:00:30.121,1572945540434,0.113,-0.024,13.288,0.664,3.0,0.01,22.398000000000003,0.002,-0.035,437.452,0.774,-0.534
00:00:30.122,1572945540435,0.112,-0.024,13.288,0.664,3.0,0.01,22.4,0.002,-0.035,437.849,0.774,-0.534
00:00:30.170,1572945540483,0.11,-0.024,13.288,0.664,3.0,0.01,22.402,0.002,-0.035,438.199,0.775,-0.534
00:00:30.171,1572945540484,0.109,-0.025,13.288,0.664,3.0,0.01,22.404,0.002,-0.035,438.572,0.775,-0.534
00:00:30.172,1572945540485,0.107,-0.025,13.288,0.664,3.0,0.01,22.405,0.002,-0.035,438.969,0.7759999999999999,-0.534
00:00:30.227,1572945540540,0.106,-0.025,13.435,0.664,3.0,0.01,22.407,0.002,-0.035,439.319,0.7759999999999999,-0.534
00:00:30.228,1572945540541,0.107,-0.025,13.435,0.664,3.0,0.01,22.409,0.002,-0.035,439.693,0.777,-0.534
00:00:30.229,1572945540542,0.108,-0.025,13.435,0.664,3.0,0.01,22.411,0.002,-0.035,440.066,0.777,-0.534
00:00:30.270,1572945540583,0.11,-0.025,13.435,0.664,3.0,0.01,22.413,0.002,-0.035,440.44,0.778,-0.534
00:00:30.271,1572945540584,0.111,-0.025,13.435,0.664,3.0,0.01,22.414,0.002,-0.035,440.81300000000016,0.778,-0.534
00:00:30.272,1572945540585,0.112,-0.025,13.435,0.664,3.0,0.01,22.416,0.002,-0.035,441.187,0.779,-0.534
00:00:30.326,1572945540639,0.113,-0.025,13.435,0.664,3.0,0.01,22.41800000000001,0.002,-0.035,441.56,0.779,-0.534
00:00:30.327,1572945540640,0.113,-0.025,13.435,0.664,3.0,0.01,22.42,0.002,-0.035,441.934,0.78,-0.534
00:00:30.328,1572945540641,0.113,-0.025,13.435,0.664,3.0,0.01,22.422,0.002,-0.035,442.30800000000005,0.78,-0.534
00:00:30.371,1572945540684,0.113,-0.025,13.435,0.664,3.0,0.01,22.424,0.002,-0.035,442.682,0.78,-0.534
00:00:30.372,1572945540685,0.112,-0.025,13.435,0.664,3.0,0.01,22.426,0.002,-0.035,443.055,0.7809999999999999,-0.534
00:00:30.373,1572945540686,0.112,-0.025,13.435,0.664,3.0,0.01,22.428,0.002,-0.035,443.429,0.7809999999999999,-0.534
00:00:30.421,1572945540734,0.112,-0.026,13.435,0.664,3.0,0.01,22.429,0.002,-0.035,443.80300000000005,0.782,-0.534
00:00:30.422,1572945540735,0.112,-0.026,13.435,0.664,3.0,0.01,22.431,0.002,-0.035,444.177,0.782,-0.534
00:00:30.423,1572945540736,0.112,-0.026,13.435,0.664,3.0,0.01,22.433000000000003,0.002,-0.035,444.551,0.782,-0.534
00:00:30.472,1572945540785,0.112,-0.026,13.435,0.664,3.0,0.01,22.435,0.002,-0.035,444.924,0.7829999999999999,-0.534
00:00:30.473,1572945540786,0.112,-0.026,13.435,0.664,3.0,0.01,22.437,0.002,-0.035,445.298,0.7829999999999999,-0.534
00:00:30.474,1572945540787,0.112,-0.026,13.435,0.664,3.0,0.01,22.439,0.002,-0.035,445.696,0.7829999999999999,-0.534
00:00:30.523,1572945540836,0.112,-0.026,13.435,0.664,3.0,0.01,22.441,0.002,-0.035,446.046,0.784,-0.534
00:00:30.524,1572945540837,0.112,-0.026,13.435,0.664,3.0,0.01,22.442,0.002,-0.035,446.42,0.784,-0.534
00:00:30.525,1572945540838,0.112,-0.026,13.435,0.664,3.0,0.01,22.44400000000001,0.002,-0.035,446.724,0.784,-0.534
00:00:30.575,1572945540888,0.112,-0.026,13.435,0.664,3.0,0.01,22.446,0.002,-0.035,447.075,0.785,-0.534
00:00:30.576,1572945540889,0.112,-0.026,13.435,0.664,3.0,0.01,22.448,0.002,-0.035,447.449,0.785,-0.534
00:00:30.577,1572945540890,0.112,-0.026,13.435,0.664,3.0,0.01,22.449,0.002,-0.035,447.823,0.785,-0.534
00:00:30.629,1572945540942,0.112,-0.026,13.435,0.664,3.0,0.01,22.451,0.002,-0.035,448.197,0.7859999999999999,-0.534
00:00:30.630,1572945540943,0.112,-0.026,13.435,0.664,3.0,0.01,22.45300000000001,0.002,-0.035,448.572,0.7859999999999999,-0.534
00:00:30.631,1572945540944,0.112,-0.026,13.435,0.664,3.0,0.01,22.455,0.002,-0.035,448.946,0.7859999999999999,-0.534
00:00:30.674,1572945540987,0.111,-0.026,13.435,0.664,3.0,0.01,22.457,0.002,-0.035,449.32,0.787,-0.534
00:00:30.675,1572945540988,0.111,-0.026,13.435,0.664,3.0,0.01,22.459,0.002,-0.035,449.694,0.787,-0.534
00:00:30.676,1572945540989,0.111,-0.026,13.435,0.664,3.0,0.01,22.461,0.002,-0.035,450.069,0.787,-0.534
00:00:30.729,1572945541042,0.111,-0.027000000000000003,13.435,0.664,3.0,0.01,22.462,0.002,-0.035,450.443,0.787,-0.534
00:00:30.730,1572945541043,0.111,-0.027000000000000003,13.435,0.664,3.0,0.01,22.464,0.002,-0.035,450.817,0.7879999999999999,-0.534
00:00:30.731,1572945541044,0.111,-0.027000000000000003,13.435,0.664,3.0,0.01,22.466,0.002,-0.035,451.192,0.7879999999999999,-0.534
00:00:30.774,1572945541087,0.111,-0.027000000000000003,13.435,0.664,3.0,0.01,22.468000000000004,0.002,-0.035,451.566,0.7879999999999999,-0.534
00:00:30.775,1572945541088,0.111,-0.028,13.435,0.664,3.0,0.01,22.47,0.002,-0.035,451.941,0.7879999999999999,-0.534
00:00:30.776,1572945541089,0.111,-0.028,13.435,0.664,3.0,0.01,22.472,0.002,-0.035,452.339,0.789,-0.534
00:00:30.825,1572945541138,0.111,-0.028,13.435,0.664,3.0,0.01,22.474,0.002,-0.035,452.69,0.789,-0.534
00:00:30.826,1572945541139,0.111,-0.028,13.435,0.664,3.0,0.01,22.475,0.002,-0.035,452.901,0.789,-0.534
00:00:30.827,1572945541140,0.111,-0.028,13.435,0.664,3.0,0.01,22.477,0.002,-0.035,453.299,0.789,-0.534
00:00:30.876,1572945541189,0.111,-0.028,13.435,0.664,3.0,0.01,22.478,0.002,-0.035,453.65,0.789,-0.534
00:00:30.877,1572945541190,0.111,-0.029,13.435,0.664,3.0,0.01,22.48,0.002,-0.035,454.024,0.79,-0.534
00:00:30.878,1572945541191,0.111,-0.029,13.435,0.664,3.0,0.01,22.482,0.002,-0.035,454.423,0.79,-0.534
00:00:30.926,1572945541239,0.111,-0.029,13.435,0.664,3.0,0.01,22.484,0.002,-0.035,454.774,0.79,-0.534
00:00:30.927,1572945541240,0.111,-0.029,13.435,0.664,3.0,0.01,22.486,0.002,-0.035,455.149,0.79,-0.534
00:00:30.928,1572945541241,0.111,-0.029,13.435,0.664,3.0,0.01,22.487,0.002,-0.035,455.453,0.79,-0.534
00:00:30.977,1572945541290,0.111,-0.03,13.435,0.664,3.0,0.01,22.489,0.002,-0.035,455.734,0.79,-0.534
00:00:30.978,1572945541291,0.111,-0.03,13.435,0.664,3.0,0.01,22.49,0.002,-0.035,456.109,0.7909999999999999,-0.534
00:00:30.979,1572945541292,0.111,-0.03,13.435,0.664,3.0,0.01,22.492,0.002,-0.035,456.484,0.7909999999999999,-0.534
00:00:31.028,1572945541341,0.11,-0.031,13.435,0.664,3.0,0.01,22.494,0.002,-0.035,456.859,0.7909999999999999,-0.534
00:00:31.029,1572945541342,0.11,-0.031,13.435,0.664,3.0,0.01,22.496,0.002,-0.035,457.234,0.7909999999999999,-0.534
00:00:31.030,1572945541343,0.11,-0.032,13.435,0.664,3.0,0.01,22.498,0.002,-0.035,457.609,0.7909999999999999,-0.534
00:00:31.086,1572945541399,0.11,-0.032,13.435,0.664,3.0,0.01,22.5,0.002,-0.035,457.984,0.7909999999999999,-0.534
00:00:31.087,1572945541400,0.11,-0.033,13.435,0.664,3.0,0.01,22.501,0.002,-0.035,458.359,0.7909999999999999,-0.534
00:00:31.088,1572945541401,0.11,-0.033,13.435,0.664,3.0,0.01,22.503,0.002,-0.035,458.734,0.7909999999999999,-0.534
00:00:31.128,1572945541441,0.11,-0.034,13.435,0.664,3.0,0.01,22.505,0.002,-0.035,459.109,0.7909999999999999,-0.534
00:00:31.129,1572945541442,0.109,-0.034,13.435,1.128,3.0,0.01,22.507,0.002,-0.035,459.484,0.792,-0.534
00:00:31.130,1572945541443,0.105,-0.034,13.435,1.128,3.0,0.01,22.509,0.002,-0.035,459.859,0.792,-0.534
00:00:31.178,1572945541491,0.101,-0.034,13.435,1.128,3.0,0.011,22.51,0.002,-0.036000000000000004,460.234,0.792,-0.534
00:00:31.179,1572945541492,0.099,-0.034,13.435,1.128,3.0,0.011,22.512,0.002,-0.036000000000000004,460.609,0.792,-0.534
00:00:31.180,1572945541493,0.098,-0.034,13.435,1.128,3.0,0.011,22.514,0.002,-0.036000000000000004,461.008,0.792,-0.534
00:00:31.229,1572945541542,0.098,-0.034,13.435,1.128,3.0,0.011,22.515,0.002,-0.036000000000000004,461.36,0.792,-0.534
00:00:31.230,1572945541543,0.098,-0.034,13.435,0.664,3.0,0.011,22.516,0.002,-0.036000000000000004,461.665,0.792,-0.534
00:00:31.231,1572945541544,0.102,-0.033,13.435,0.664,3.0,0.011,22.518,0.002,-0.036000000000000004,462.016,0.792,-0.534
