rec-time,UTC,Acceleration,Lateral acceleration,Gas pedal position,Brake pedal force,Gear,Steering wheel position,Velocity,Lateral velocity,Vertical velocity,X axis position,Y axis position,Z axis position
00:00:01.366,1572945174553,0.004,0.0,1.13,0.664,3.0,0.081,-0.013,0.0,-0.011,-0.004,0.0,-0.531
00:00:01.367,1572945174554,0.024,0.0,1.13,0.664,3.0,0.081,-0.012,0.0,-0.01,-0.004,0.0,-0.531
00:00:01.368,1572945174555,0.058,0.0,1.13,0.664,3.0,0.08,-0.011,0.0,-0.009000000000000001,-0.004,0.0,-0.532
00:00:01.419,1572945174606,0.091,0.0,1.13,0.664,3.0,0.08,-0.009000000000000001,0.0,-0.008,-0.004,0.0,-0.532
00:00:01.420,1572945174607,0.115,0.0,1.13,0.664,3.0,0.08,-0.006999999999999999,0.0,-0.006999999999999999,-0.004,0.0,-0.532
00:00:01.421,1572945174608,0.131,0.001,1.13,0.664,3.0,0.079,-0.004,0.0,-0.006,-0.005,0.0,-0.532
00:00:01.475,1572945174662,0.141,0.001,1.13,0.664,3.0,0.079,-0.002,0.0,-0.005,-0.005,0.0,-0.532
00:00:01.476,1572945174663,0.147,0.001,1.13,0.664,3.0,0.078,0.001,0.0,-0.004,-0.005,0.0,-0.532
00:00:01.477,1572945174664,0.154,0.0,1.13,0.664,3.0,0.078,0.003,0.0,-0.003,-0.005,0.0,-0.532
00:00:01.525,1572945174712,0.162,0.001,1.13,0.664,3.0,0.078,0.006,0.0,-0.002,-0.005,0.0,-0.532
00:00:01.526,1572945174713,0.172,0.001,1.13,0.664,3.0,0.077,0.009000000000000001,0.0,-0.001,-0.004,0.0,-0.532
00:00:01.527,1572945174714,0.183,0.001,1.13,0.664,3.0,0.077,0.012,0.0,0.0,-0.004,0.0,-0.532
00:00:01.570,1572945174757,0.195,0.001,1.13,1.128,3.0,0.077,0.016,0.0,0.0,-0.004,0.0,-0.532
00:00:01.571,1572945174758,0.206,0.001,1.13,1.128,3.0,0.076,0.019,0.0,0.001,-0.004,0.0,-0.532
00:00:01.572,1572945174759,0.218,0.001,1.13,1.128,3.0,0.076,0.023,0.0,0.002,-0.003,0.0,-0.532
00:00:01.624,1572945174811,0.231,0.001,1.13,1.128,3.0,0.075,0.027000000000000003,0.0,0.002,-0.003,0.0,-0.532
00:00:01.625,1572945174812,0.245,0.001,1.13,1.128,3.0,0.075,0.031,0.0,0.003,-0.002,0.0,-0.532
00:00:01.626,1572945174813,0.259,0.001,1.13,1.128,3.0,0.075,0.036000000000000004,0.0,0.003,-0.002,0.0,-0.532
00:00:01.675,1572945174862,0.274,0.001,0.983,0.664,3.0,0.07400000000000001,0.041,0.0,0.003,-0.001,0.0,-0.532
00:00:01.676,1572945174863,0.29100000000000004,0.001,0.983,0.664,3.0,0.07400000000000001,0.046,0.0,0.003,-0.001,0.0,-0.532
00:00:01.677,1572945174864,0.307,0.001,0.983,0.664,3.0,0.073,0.051,0.0,0.003,0.0,0.0,-0.532
00:00:01.727,1572945174914,0.321,0.001,0.983,0.664,3.0,0.073,0.057,0.0,0.003,0.001,0.0,-0.532
00:00:01.728,1572945174915,0.334,0.001,0.983,0.664,3.0,0.073,0.062,0.0,0.003,0.002,0.0,-0.532
00:00:01.729,1572945174916,0.34700000000000003,0.001,0.983,0.664,3.0,0.07200000000000001,0.068,0.0,0.003,0.003,0.0,-0.532
00:00:01.730,1572945174917,0.359,0.001,0.983,0.664,3.0,0.07200000000000001,0.075,0.0,0.003,0.005,0.0,-0.532
00:00:01.775,1572945174962,0.37,0.001,0.983,0.664,3.0,0.071,0.081,0.0,0.003,0.006,0.0,-0.532
00:00:01.776,1572945174963,0.382,0.001,0.983,0.664,3.0,0.071,0.087,0.0,0.003,0.006999999999999999,0.0,-0.532
00:00:01.777,1572945174964,0.393,0.001,0.983,0.664,3.0,0.071,0.094,0.0,0.003,0.009000000000000001,0.0,-0.532
00:00:01.828,1572945175015,0.403,0.001,0.983,0.664,3.0,0.07,0.101,0.0,0.002,0.01,0.0,-0.531
00:00:01.829,1572945175016,0.413,0.001,0.983,0.664,3.0,0.07,0.108,0.0,0.002,0.012,0.0,-0.531
00:00:01.830,1572945175017,0.423,0.001,1.13,0.664,3.0,0.07,0.115,0.0,0.002,0.014,0.0,-0.531
00:00:01.892,1572945175079,0.434,0.001,1.13,0.664,3.0,0.069,0.123,0.0,0.002,0.016,0.0,-0.531
00:00:01.893,1572945175080,0.444,0.001,1.13,0.664,3.0,0.069,0.13,0.0,0.001,0.018000000000000002,0.0,-0.531
00:00:01.894,1572945175081,0.454,0.001,1.13,0.664,3.0,0.069,0.138,0.0,0.001,0.02,0.0,-0.531
00:00:01.947,1572945175134,0.466,0.001,1.13,0.664,3.0,0.068,0.146,0.0,0.001,0.023,0.0,-0.531
00:00:01.948,1572945175135,0.477,0.001,1.13,0.664,3.0,0.068,0.154,0.0,0.001,0.025,0.0,-0.531
00:00:01.949,1572945175136,0.487,0.001,0.983,0.664,3.0,0.068,0.162,0.0,0.0,0.028,0.0,-0.531
00:00:01.989,1572945175176,0.4970000000000001,0.001,0.983,0.664,3.0,0.068,0.171,0.0,0.0,0.031,0.0,-0.531
00:00:01.990,1572945175177,0.506,0.001,0.983,0.664,3.0,0.067,0.179,0.0,0.0,0.033,0.0,-0.531
00:00:01.991,1572945175178,0.512,0.001,0.983,0.664,3.0,0.067,0.188,0.001,0.0,0.037000000000000005,0.0,-0.531
00:00:02.048,1572945175235,0.518,0.001,0.983,0.664,3.0,0.067,0.196,0.001,0.0,0.04,0.0,-0.531
00:00:02.049,1572945175236,0.522,0.001,0.983,0.664,3.0,0.066,0.205,0.001,0.0,0.043,0.0,-0.531
00:00:02.050,1572945175237,0.526,0.001,1.13,0.664,3.0,0.066,0.214,0.001,0.0,0.047,0.0,-0.531
00:00:02.051,1572945175238,0.529,0.001,1.13,0.664,3.0,0.066,0.223,0.001,-0.001,0.05,0.0,-0.531
00:00:02.095,1572945175282,0.5329999999999999,0.001,1.13,0.664,3.0,0.065,0.232,0.001,-0.001,0.054000000000000006,0.0,-0.531
00:00:02.096,1572945175283,0.5379999999999999,0.001,1.13,0.664,3.0,0.065,0.241,0.001,-0.001,0.058,0.0,-0.531
00:00:02.097,1572945175284,0.544,0.001,1.13,0.664,3.0,0.065,0.25,0.001,-0.001,0.062,0.0,-0.531
00:00:02.160,1572945175347,0.5489999999999999,0.001,1.13,0.664,3.0,0.065,0.259,0.001,-0.001,0.066,0.0,-0.531
00:00:02.161,1572945175348,0.555,0.001,0.983,0.664,3.0,0.065,0.268,0.001,-0.001,0.071,0.0,-0.531
00:00:02.162,1572945175349,0.56,0.001,0.983,0.664,3.0,0.064,0.278,0.001,-0.001,0.075,0.0,-0.531
00:00:02.163,1572945175350,0.562,0.001,0.983,0.664,3.0,0.064,0.287,0.001,-0.001,0.08,0.0,-0.531
00:00:02.210,1572945175397,0.564,0.001,0.983,0.664,3.0,0.064,0.297,0.001,0.0,0.085,0.0,-0.531
00:00:02.211,1572945175398,0.564,0.001,0.983,0.664,3.0,0.064,0.307,0.001,0.0,0.09,0.0,-0.531
00:00:02.212,1572945175399,0.563,0.001,0.983,0.664,3.0,0.064,0.315,0.001,0.0,0.095,0.0,-0.532
00:00:02.270,1572945175457,0.562,0.001,0.983,0.664,3.0,0.063,0.325,0.001,0.0,0.1,0.0,-0.532
00:00:02.271,1572945175458,0.56,0.001,0.983,0.664,3.0,0.063,0.335,0.001,0.0,0.106,0.0,-0.532
00:00:02.272,1572945175459,0.5589999999999999,0.001,0.983,0.664,3.0,0.063,0.343,0.001,0.0,0.111,0.0,-0.532
00:00:02.325,1572945175512,0.557,0.001,0.983,0.664,3.0,0.063,0.353,0.001,0.0,0.117,0.0,-0.532
00:00:02.326,1572945175513,0.556,0.001,0.983,0.664,3.0,0.063,0.362,0.001,0.0,0.123,0.0,-0.532
00:00:02.327,1572945175514,0.5539999999999999,0.001,0.983,0.664,3.0,0.063,0.371,0.001,0.0,0.129,0.0,-0.532
00:00:02.369,1572945175556,0.5529999999999999,0.001,0.983,0.664,3.0,0.062,0.38,0.001,0.0,0.136,0.0,-0.532
00:00:02.370,1572945175557,0.552,0.001,0.983,0.664,3.0,0.062,0.389,0.001,0.0,0.142,0.0,-0.532
00:00:02.371,1572945175558,0.55,0.001,0.983,0.664,3.0,0.062,0.399,0.001,0.0,0.149,0.0,-0.532
00:00:02.427,1572945175614,0.5489999999999999,0.001,0.983,0.664,3.0,0.062,0.408,0.001,0.0,0.155,0.0,-0.532
00:00:02.428,1572945175615,0.547,0.001,0.983,0.664,3.0,0.062,0.417,0.001,0.0,0.162,0.0,-0.532
00:00:02.429,1572945175616,0.546,0.001,0.983,0.664,3.0,0.062,0.426,0.001,0.0,0.16899999999999998,0.0,-0.532
00:00:02.479,1572945175666,0.544,0.001,0.983,0.664,3.0,0.062,0.435,0.001,0.001,0.17600000000000002,0.0,-0.532
00:00:02.480,1572945175667,0.5429999999999999,0.001,0.983,0.664,3.0,0.061,0.444,0.001,0.001,0.184,0.001,-0.532
00:00:02.481,1572945175668,0.541,0.002,0.983,0.664,3.0,0.061,0.453,0.001,0.001,0.191,0.001,-0.532
00:00:02.523,1572945175710,0.539,0.002,0.983,0.664,3.0,0.061,0.462,0.001,0.001,0.199,0.001,-0.532
00:00:02.524,1572945175711,0.537,0.002,0.983,0.664,3.0,0.061,0.471,0.001,0.001,0.207,0.001,-0.532
00:00:02.525,1572945175712,0.536,0.002,0.983,0.664,3.0,0.061,0.48,0.001,0.001,0.214,0.001,-0.532
00:00:02.573,1572945175760,0.5329999999999999,0.002,1.13,1.128,3.0,0.061,0.489,0.001,0.001,0.223,0.001,-0.532
00:00:02.574,1572945175761,0.525,0.002,1.13,1.128,3.0,0.061,0.498,0.001,0.001,0.231,0.001,-0.532
00:00:02.575,1572945175762,0.522,0.002,1.13,1.128,3.0,0.061,0.506,0.001,0.001,0.239,0.001,-0.532
00:00:02.623,1572945175810,0.523,0.002,1.13,1.128,3.0,0.06,0.515,0.001,0.001,0.248,0.001,-0.532
00:00:02.624,1572945175811,0.527,0.002,1.13,1.128,3.0,0.06,0.524,0.001,0.001,0.256,0.001,-0.532
00:00:02.625,1572945175812,0.531,0.002,1.13,1.128,3.0,0.06,0.532,0.001,0.001,0.265,0.001,-0.532
00:00:02.673,1572945175860,0.536,0.002,0.983,0.664,3.0,0.06,0.541,0.001,0.001,0.274,0.001,-0.532
00:00:02.674,1572945175861,0.545,0.002,0.983,0.664,3.0,0.06,0.551,0.001,0.001,0.28300000000000003,0.001,-0.532
00:00:02.675,1572945175862,0.55,0.002,0.983,0.664,3.0,0.06,0.56,0.001,0.001,0.292,0.001,-0.532
00:00:02.724,1572945175911,0.551,0.002,0.983,0.664,3.0,0.06,0.569,0.001,0.001,0.302,0.001,-0.532
00:00:02.725,1572945175912,0.55,0.002,0.983,0.664,3.0,0.06,0.578,0.001,0.001,0.311,0.001,-0.532
00:00:02.726,1572945175913,0.5479999999999999,0.002,0.983,0.664,3.0,0.06,0.5870000000000001,0.001,0.001,0.321,0.001,-0.532
00:00:02.777,1572945175964,0.546,0.002,0.983,0.664,3.0,0.06,0.596,0.001,0.001,0.331,0.001,-0.532
00:00:02.778,1572945175965,0.5429999999999999,0.002,0.983,0.664,3.0,0.06,0.605,0.001,0.001,0.341,0.001,-0.532
00:00:02.779,1572945175966,0.541,0.002,0.983,0.664,3.0,0.06,0.614,0.001,0.001,0.35100000000000003,0.001,-0.532
00:00:02.780,1572945175967,0.539,0.002,0.983,0.664,3.0,0.059,0.623,0.001,0.001,0.361,0.001,-0.532
00:00:02.828,1572945176015,0.537,0.002,0.983,0.664,3.0,0.059,0.633,0.002,0.001,0.373,0.001,-0.532
00:00:02.829,1572945176016,0.535,0.002,0.983,0.664,3.0,0.059,0.6409999999999999,0.002,0.0,0.382,0.001,-0.532
00:00:02.830,1572945176017,0.534,0.002,0.983,0.664,3.0,0.059,0.65,0.002,0.0,0.393,0.001,-0.532
00:00:02.878,1572945176065,0.532,0.002,0.983,0.664,3.0,0.059,0.659,0.002,0.0,0.405,0.001,-0.532
00:00:02.879,1572945176066,0.531,0.002,0.983,0.664,3.0,0.059,0.6679999999999999,0.002,0.0,0.415,0.001,-0.532
00:00:02.880,1572945176067,0.53,0.002,0.983,0.664,3.0,0.059,0.677,0.002,0.0,0.426,0.001,-0.532
00:00:02.928,1572945176115,0.529,0.002,0.983,0.664,3.0,0.059,0.6859999999999999,0.002,0.0,0.438,0.001,-0.532
00:00:02.929,1572945176116,0.528,0.002,0.983,0.664,3.0,0.059,0.6940000000000001,0.002,0.001,0.449,0.001,-0.532
00:00:02.930,1572945176117,0.527,0.002,0.983,0.664,3.0,0.059,0.703,0.002,0.001,0.461,0.001,-0.532
00:00:02.978,1572945176165,0.527,0.002,0.983,0.664,3.0,0.059,0.7120000000000001,0.002,0.001,0.473,0.001,-0.532
00:00:02.979,1572945176166,0.526,0.002,0.983,0.664,3.0,0.059,0.72,0.002,0.001,0.485,0.001,-0.532
00:00:02.980,1572945176167,0.525,0.002,0.983,0.664,3.0,0.059,0.7290000000000001,0.002,0.001,0.4970000000000001,0.001,-0.532
00:00:03.028,1572945176215,0.525,0.002,0.983,0.664,3.0,0.059,0.738,0.002,0.001,0.509,0.001,-0.532
00:00:03.029,1572945176216,0.524,0.002,0.983,0.664,3.0,0.059,0.747,0.002,0.001,0.521,0.001,-0.532
00:00:03.030,1572945176217,0.523,0.002,1.13,0.664,3.0,0.059,0.755,0.002,0.001,0.534,0.002,-0.532
00:00:03.078,1572945176265,0.523,0.002,1.13,0.664,3.0,0.059,0.764,0.002,0.001,0.546,0.002,-0.532
00:00:03.079,1572945176266,0.524,0.002,1.13,0.664,3.0,0.058,0.773,0.002,0.001,0.5589999999999999,0.002,-0.532
00:00:03.080,1572945176267,0.527,0.002,1.13,0.664,3.0,0.058,0.782,0.002,0.001,0.5720000000000001,0.002,-0.532
00:00:03.129,1572945176316,0.53,0.002,1.13,0.664,3.0,0.058,0.7909999999999999,0.002,0.001,0.585,0.002,-0.532
00:00:03.130,1572945176317,0.534,0.002,1.13,0.664,3.0,0.058,0.799,0.002,0.001,0.599,0.002,-0.532
00:00:03.131,1572945176318,0.537,0.002,1.13,0.664,3.0,0.058,0.8079999999999999,0.002,0.001,0.612,0.002,-0.532
00:00:03.184,1572945176371,0.54,0.002,1.13,0.664,3.0,0.058,0.818,0.002,0.001,0.626,0.002,-0.532
00:00:03.185,1572945176372,0.5429999999999999,0.002,1.13,0.664,3.0,0.058,0.8270000000000001,0.002,0.001,0.639,0.002,-0.532
00:00:03.186,1572945176373,0.545,0.002,1.13,0.664,3.0,0.058,0.836,0.002,0.001,0.653,0.002,-0.532
00:00:03.235,1572945176422,0.547,0.002,1.13,0.664,3.0,0.058,0.845,0.002,0.001,0.667,0.002,-0.532
00:00:03.236,1572945176423,0.5479999999999999,0.002,1.13,0.664,3.0,0.058,0.8540000000000001,0.002,0.001,0.6809999999999999,0.002,-0.532
00:00:03.237,1572945176424,0.5489999999999999,0.002,1.13,0.664,3.0,0.058,0.863,0.002,0.001,0.696,0.002,-0.532
00:00:03.285,1572945176472,0.5489999999999999,0.002,1.13,0.664,3.0,0.058,0.872,0.002,0.001,0.71,0.002,-0.532
00:00:03.286,1572945176473,0.5489999999999999,0.002,1.13,0.664,3.0,0.058,0.8809999999999999,0.002,0.001,0.725,0.002,-0.532
00:00:03.287,1572945176474,0.5489999999999999,0.002,1.13,0.664,3.0,0.058,0.8909999999999999,0.002,0.001,0.7390000000000001,0.002,-0.532
00:00:03.335,1572945176522,0.5489999999999999,0.002,1.13,0.664,3.0,0.058,0.9,0.002,0.001,0.754,0.002,-0.532
00:00:03.336,1572945176523,0.5489999999999999,0.002,1.13,0.664,3.0,0.058,0.909,0.002,0.001,0.769,0.002,-0.532
00:00:03.337,1572945176524,0.5479999999999999,0.002,1.13,0.664,3.0,0.058,0.918,0.002,0.001,0.785,0.002,-0.532
00:00:03.388,1572945176575,0.5479999999999999,0.002,1.13,0.664,3.0,0.058,0.927,0.002,0.001,0.8,0.002,-0.532
00:00:03.389,1572945176576,0.547,0.002,1.13,0.664,3.0,0.058,0.936,0.002,0.001,0.815,0.002,-0.532
00:00:03.390,1572945176577,0.546,0.002,1.13,0.664,3.0,0.058,0.945,0.002,0.001,0.831,0.002,-0.532
00:00:03.435,1572945176622,0.546,0.002,1.13,0.664,3.0,0.058,0.954,0.002,0.001,0.847,0.003,-0.532
00:00:03.436,1572945176623,0.545,0.002,1.13,0.664,3.0,0.058,0.963,0.002,0.001,0.863,0.003,-0.532
00:00:03.437,1572945176624,0.544,0.002,1.13,0.664,3.0,0.058,0.973,0.002,0.001,0.879,0.003,-0.532
00:00:03.486,1572945176673,0.5429999999999999,0.003,1.13,0.664,3.0,0.058,0.982,0.002,0.001,0.8959999999999999,0.003,-0.532
00:00:03.487,1572945176674,0.542,0.003,1.13,0.664,3.0,0.058,0.991,0.002,0.001,0.912,0.003,-0.532
00:00:03.488,1572945176675,0.541,0.002,1.13,0.664,3.0,0.058,1.0,0.002,0.001,0.928,0.003,-0.532
00:00:03.537,1572945176724,0.539,0.002,1.13,0.664,3.0,0.058,1.009,0.002,0.001,0.946,0.003,-0.532
00:00:03.538,1572945176725,0.5379999999999999,0.002,1.13,0.664,3.0,0.058,1.017,0.002,0.001,0.962,0.003,-0.532
00:00:03.539,1572945176726,0.537,0.002,1.13,0.664,3.0,0.057,1.026,0.002,0.001,0.979,0.003,-0.532
00:00:03.589,1572945176776,0.536,0.002,1.13,0.664,3.0,0.057,1.036,0.002,0.001,0.997,0.003,-0.532
00:00:03.590,1572945176777,0.535,0.001,1.13,0.664,3.0,0.057,1.044,0.002,0.001,1.014,0.003,-0.532
00:00:03.591,1572945176778,0.5329999999999999,0.001,1.13,0.664,3.0,0.056,1.053,0.002,0.001,1.031,0.003,-0.532
00:00:03.638,1572945176825,0.532,0.001,1.13,0.664,3.0,0.056,1.06,0.002,0.001,1.045,0.003,-0.532
00:00:03.639,1572945176826,0.53,0.001,1.13,0.664,3.0,0.056,1.069,0.002,0.001,1.063,0.003,-0.532
00:00:03.640,1572945176827,0.528,0.001,1.643,1.128,3.0,0.056,1.078,0.002,0.001,1.081,0.003,-0.532
00:00:03.691,1572945176878,0.522,0.001,1.643,1.128,3.0,0.056,1.086,0.002,0.001,1.099,0.003,-0.532
00:00:03.692,1572945176879,0.523,0.001,1.643,1.128,3.0,0.057,1.095,0.002,0.001,1.117,0.003,-0.532
00:00:03.693,1572945176880,0.532,0.002,1.643,1.128,3.0,0.058,1.104,0.002,0.001,1.136,0.004,-0.532
00:00:03.739,1572945176926,0.545,0.004,1.643,1.128,3.0,0.059,1.114,0.002,0.001,1.154,0.004,-0.532
00:00:03.740,1572945176927,0.56,0.005,1.643,1.128,3.0,0.061,1.123,0.002,0.001,1.173,0.004,-0.532
00:00:03.741,1572945176928,0.574,0.006999999999999999,2.448,1.128,3.0,0.063,1.133,0.003,0.001,1.1909999999999998,0.004,-0.532
00:00:03.789,1572945176976,0.59,0.01,2.448,1.128,3.0,0.064,1.143,0.003,0.001,1.21,0.004,-0.532
00:00:03.790,1572945176977,0.611,0.012,2.448,1.128,3.0,0.066,1.153,0.003,0.002,1.23,0.004,-0.532
00:00:03.791,1572945176978,0.638,0.015,2.448,1.128,3.0,0.068,1.164,0.003,0.002,1.249,0.004,-0.532
00:00:03.839,1572945177026,0.667,0.017,2.448,1.128,3.0,0.071,1.177,0.004,0.002,1.27,0.004,-0.532
00:00:03.840,1572945177027,0.6890000000000001,0.02,2.448,1.128,3.0,0.073,1.188,0.004,0.002,1.288,0.004,-0.532
00:00:03.841,1572945177028,0.71,0.022,4.426,0.664,3.0,0.075,1.2,0.004,0.002,1.308,0.004,-0.532
00:00:03.890,1572945177077,0.741,0.024,4.426,0.664,3.0,0.076,1.213,0.005,0.003,1.329,0.004,-0.532
00:00:03.891,1572945177078,0.7829999999999999,0.025,4.426,0.664,3.0,0.078,1.226,0.005,0.003,1.348,0.004,-0.532
00:00:03.892,1572945177079,0.841,0.026,4.426,0.664,3.0,0.079,1.241,0.005,0.004,1.369,0.005,-0.532
00:00:03.941,1572945177128,0.909,0.026,4.426,0.664,3.0,0.08,1.258,0.006,0.004,1.391,0.005,-0.532
00:00:03.942,1572945177129,0.967,0.026,4.426,0.664,3.0,0.081,1.274,0.006,0.005,1.411,0.005,-0.531
00:00:03.943,1572945177130,1.021,0.025,6.2570000000000014,0.664,3.0,0.081,1.2919999999999998,0.006,0.005,1.432,0.005,-0.531
00:00:03.944,1572945177131,1.073,0.023,6.2570000000000014,0.664,3.0,0.081,1.311,0.006999999999999999,0.006,1.454,0.005,-0.531
00:00:03.992,1572945177179,1.14,0.021,6.2570000000000014,0.664,3.0,0.081,1.331,0.006999999999999999,0.006999999999999999,1.476,0.005,-0.531
00:00:03.993,1572945177180,1.222,0.018000000000000002,6.2570000000000014,0.664,3.0,0.081,1.352,0.006999999999999999,0.008,1.4980000000000002,0.006,-0.531
00:00:03.994,1572945177181,1.308,0.015,6.2570000000000014,0.664,3.0,0.081,1.375,0.006999999999999999,0.009000000000000001,1.521,0.006,-0.531
00:00:04.042,1572945177229,1.388,0.012,6.2570000000000014,0.664,3.0,0.081,1.399,0.006999999999999999,0.01,1.544,0.006,-0.531
00:00:04.043,1572945177230,1.455,0.009000000000000001,6.2570000000000014,1.128,3.0,0.081,1.4240000000000002,0.006999999999999999,0.011,1.568,0.006,-0.531
00:00:04.044,1572945177231,1.5,0.006,6.2570000000000014,1.128,3.0,0.081,1.45,0.006999999999999999,0.012,1.592,0.006,-0.531
00:00:04.096,1572945177283,1.5319999999999998,0.002,6.2570000000000014,1.128,3.0,0.081,1.476,0.006999999999999999,0.013,1.616,0.006,-0.531
00:00:04.097,1572945177284,1.5530000000000002,-0.001,6.2570000000000014,1.128,3.0,0.08,1.5019999999999998,0.006999999999999999,0.014,1.641,0.006999999999999999,-0.531
00:00:04.098,1572945177285,1.5630000000000002,-0.005,6.2570000000000014,1.128,3.0,0.079,1.53,0.006999999999999999,0.015,1.668,0.006999999999999999,-0.531
00:00:04.147,1572945177334,1.565,-0.009000000000000001,6.2570000000000014,1.128,3.0,0.078,1.554,0.006,0.016,1.692,0.006999999999999999,-0.53
00:00:04.148,1572945177335,1.561,-0.013,6.2570000000000014,0.664,3.0,0.078,1.58,0.006,0.016,1.7180000000000002,0.006999999999999999,-0.53
00:00:04.149,1572945177336,1.558,-0.016,6.2570000000000014,0.664,3.0,0.077,1.608,0.006,0.016,1.746,0.006999999999999999,-0.53
00:00:04.197,1572945177384,1.55,-0.019,6.2570000000000014,0.664,3.0,0.076,1.633,0.005,0.017,1.773,0.006999999999999999,-0.53
00:00:04.198,1572945177385,1.539,-0.021,6.2570000000000014,0.664,3.0,0.077,1.6569999999999998,0.005,0.017,1.7990000000000002,0.008,-0.53
00:00:04.199,1572945177386,1.525,-0.022,6.2570000000000014,0.664,3.0,0.077,1.6840000000000002,0.004,0.016,1.828,0.008,-0.53
00:00:04.258,1572945177445,1.5119999999999998,-0.022,6.2570000000000014,0.664,3.0,0.077,1.707,0.004,0.016,1.855,0.008,-0.53
00:00:04.259,1572945177446,1.5,-0.02,7.649,0.664,3.0,0.078,1.732,0.004,0.016,1.883,0.008,-0.53
00:00:04.260,1572945177447,1.496,-0.017,7.649,0.664,3.0,0.078,1.759,0.003,0.015,1.914,0.008,-0.53
00:00:04.300,1572945177487,1.516,-0.014,7.649,0.664,3.0,0.079,1.783,0.003,0.015,1.942,0.008,-0.53
00:00:04.301,1572945177488,1.556,-0.01,7.649,0.664,3.0,0.079,1.809,0.003,0.014,1.972,0.009000000000000001,-0.53
00:00:04.302,1572945177489,1.604,-0.006,7.649,0.664,3.0,0.078,1.837,0.003,0.014,2.002,0.009000000000000001,-0.53
00:00:04.359,1572945177546,1.653,-0.001,7.649,0.664,3.0,0.077,1.867,0.003,0.013,2.035,0.009000000000000001,-0.53
00:00:04.360,1572945177547,1.6869999999999998,0.003,11.824000000000002,0.664,3.0,0.076,1.894,0.003,0.013,2.065,0.009000000000000001,-0.53
00:00:04.361,1572945177548,1.731,0.006,11.824000000000002,0.664,3.0,0.075,1.923,0.003,0.013,2.096,0.009000000000000001,-0.53
00:00:04.401,1572945177588,1.818,0.01,11.824000000000002,0.664,3.0,0.07400000000000001,1.955,0.003,0.013,2.129,0.009000000000000001,-0.53
00:00:04.402,1572945177589,1.954,0.014,11.824000000000002,0.664,3.0,0.073,1.992,0.003,0.013,2.164,0.009000000000000001,-0.53
00:00:04.403,1572945177590,2.085,0.017,11.824000000000002,0.664,3.0,0.07200000000000001,2.026,0.004,0.014,2.195,0.01,-0.53
00:00:04.451,1572945177638,2.213,0.02,11.824000000000002,0.664,3.0,0.071,2.065,0.004,0.015,2.229,0.01,-0.53
00:00:04.452,1572945177639,2.312,0.022,14.314,0.664,3.0,0.07,2.104,0.004,0.016,2.264,0.01,-0.53
00:00:04.453,1572945177640,2.394,0.023,14.314,0.664,3.0,0.069,2.148,0.004,0.017,2.301,0.01,-0.53
00:00:04.503,1572945177690,2.4730000000000003,0.024,14.314,0.664,3.0,0.068,2.19,0.005,0.019,2.338,0.01,-0.53
00:00:04.504,1572945177691,2.55,0.025,14.314,0.664,3.0,0.067,2.231,0.005,0.021,2.372,0.011,-0.53
00:00:04.505,1572945177692,2.63,0.025,14.314,0.664,3.0,0.066,2.279,0.005,0.023,2.412,0.011,-0.53
00:00:04.551,1572945177738,2.685,0.024,14.314,0.664,3.0,0.065,2.321,0.006,0.025,2.448,0.011,-0.53
00:00:04.552,1572945177739,2.724,0.024,16.658,0.664,3.0,0.065,2.367,0.006,0.027000000000000003,2.487,0.011,-0.53
00:00:04.553,1572945177740,2.754,0.023,16.658,0.664,3.0,0.064,2.4130000000000003,0.006,0.03,2.527,0.012,-0.53
00:00:04.601,1572945177788,2.805,0.022,16.658,0.664,3.0,0.064,2.461,0.006,0.032,2.568,0.012,-0.53
00:00:04.602,1572945177789,2.8760000000000003,0.021,16.658,0.664,3.0,0.063,2.51,0.006,0.035,2.609,0.012,-0.53
00:00:04.603,1572945177790,2.943,0.02,16.658,0.664,3.0,0.063,2.5540000000000003,0.006999999999999999,0.037000000000000005,2.6460000000000004,0.012,-0.53
00:00:04.652,1572945177839,3.008,0.019,16.658,0.664,3.0,0.063,2.602,0.006999999999999999,0.039,2.6860000000000004,0.013,-0.53
00:00:04.653,1572945177840,3.063,0.018000000000000002,18.489,0.664,3.0,0.063,2.653,0.006999999999999999,0.042,2.73,0.013,-0.53
00:00:04.654,1572945177841,3.103,0.018000000000000002,18.489,0.664,3.0,0.063,2.7060000000000004,0.006999999999999999,0.044,2.775,0.013,-0.53
00:00:04.703,1572945177890,3.154,0.017,18.489,0.664,3.0,0.063,2.759,0.006999999999999999,0.047,2.82,0.014,-0.529
00:00:04.704,1572945177891,3.219,0.017,18.489,0.664,3.0,0.063,2.813,0.006999999999999999,0.049,2.867,0.014,-0.529
00:00:04.705,1572945177892,3.287,0.017,18.489,0.664,3.0,0.064,2.873,0.006999999999999999,0.052000000000000005,2.917,0.014,-0.529
00:00:04.754,1572945177941,3.3360000000000003,0.017,18.489,0.664,3.0,0.064,2.929,0.006999999999999999,0.054000000000000006,2.965,0.015,-0.529
00:00:04.755,1572945177942,3.364,0.018000000000000002,21.931,0.664,3.0,0.064,2.9810000000000003,0.006999999999999999,0.056,3.011,0.015,-0.529
00:00:04.756,1572945177943,3.378,0.019,21.931,0.664,3.0,0.065,3.0380000000000003,0.008,0.058,3.062,0.015,-0.529
00:00:04.804,1572945177991,3.406,0.02,21.931,0.664,3.0,0.065,3.095,0.008,0.06,3.113,0.016,-0.529
00:00:04.805,1572945177992,3.455,0.022,21.931,0.664,3.0,0.065,3.157,0.008,0.062,3.168,0.016,-0.529
00:00:04.806,1572945177993,3.505,0.024,21.931,0.664,3.0,0.065,3.216,0.008,0.064,3.221,0.016,-0.528
00:00:04.854,1572945178041,3.542,0.025,21.931,0.664,3.0,0.066,3.272,0.008,0.065,3.272,0.017,-0.528
00:00:04.855,1572945178042,3.565,0.027000000000000003,25.447,0.664,3.0,0.066,3.3310000000000004,0.008,0.067,3.327,0.017,-0.528
00:00:04.856,1572945178043,3.572,0.029,25.447,0.664,3.0,0.066,3.395,0.009000000000000001,0.068,3.387,0.018000000000000002,-0.528
00:00:04.915,1572945178102,3.576,0.031,25.447,0.664,3.0,0.066,3.454,0.009000000000000001,0.07,3.444,0.018000000000000002,-0.528
00:00:04.916,1572945178103,3.583,0.032,25.447,0.664,3.0,0.066,3.51,0.009000000000000001,0.071,3.498,0.019,-0.528
00:00:04.917,1572945178104,3.589,0.034,25.447,0.664,3.0,0.066,3.57,0.009000000000000001,0.07200000000000001,3.557,0.019,-0.528
00:00:04.954,1572945178141,3.589,0.035,25.447,0.664,3.0,0.066,3.634,0.01,0.073,3.621,0.02,-0.528
00:00:04.955,1572945178142,3.582,0.035,25.813,0.664,3.0,0.066,3.693,0.01,0.07400000000000001,3.682,0.02,-0.528
00:00:04.956,1572945178143,3.569,0.036000000000000004,25.813,0.664,3.0,0.065,3.749,0.01,0.07400000000000001,3.74,0.021,-0.528
00:00:05.010,1572945178197,3.551,0.036000000000000004,25.813,0.664,3.0,0.065,3.808,0.01,0.075,3.803,0.021,-0.528
00:00:05.011,1572945178198,3.531,0.036000000000000004,25.813,0.664,3.0,0.065,3.866,0.01,0.076,3.867,0.022,-0.528
00:00:05.012,1572945178199,3.509,0.035,25.813,0.664,3.0,0.065,3.928,0.01,0.076,3.936,0.022,-0.529
00:00:05.013,1572945178200,3.488,0.035,25.813,0.664,3.0,0.065,3.982,0.011,0.077,3.998,0.023,-0.529
00:00:05.064,1572945178251,3.463,0.034,25.813,0.664,3.0,0.065,4.043,0.011,0.078,4.069,0.023,-0.529
00:00:05.065,1572945178252,3.438,0.034,25.813,0.664,3.0,0.065,4.1,0.011,0.078,4.137,0.024,-0.529
00:00:05.066,1572945178253,3.414,0.034,25.813,0.664,3.0,0.065,4.157,0.011,0.079,4.206,0.025,-0.529
00:00:05.112,1572945178299,3.389,0.034,25.813,0.664,3.0,0.064,4.213,0.011,0.08,4.275,0.025,-0.529
00:00:05.113,1572945178300,3.365,0.034,25.813,0.664,3.0,0.064,4.269,0.011,0.081,4.346,0.026,-0.529
00:00:05.114,1572945178301,3.342,0.034,25.813,0.664,3.0,0.064,4.324,0.011,0.083,4.418,0.027000000000000003,-0.529
00:00:05.164,1572945178351,3.319,0.034,25.813,0.664,3.0,0.064,4.379,0.011,0.084,4.49,0.027000000000000003,-0.529
00:00:05.165,1572945178352,3.298,0.035,25.813,0.664,3.0,0.064,4.434,0.011,0.085,4.564,0.028,-0.529
00:00:05.166,1572945178353,3.276,0.036000000000000004,25.813,0.664,3.0,0.064,4.488,0.011,0.086,4.638,0.029,-0.529
00:00:05.219,1572945178406,3.256,0.036000000000000004,25.813,0.664,3.0,0.064,4.542,0.011,0.087,4.713,0.03,-0.53
00:00:05.220,1572945178407,3.235,0.037000000000000005,25.813,0.664,3.0,0.064,4.596,0.012,0.08800000000000001,4.789,0.03,-0.53
00:00:05.221,1572945178408,3.215,0.038,25.813,0.664,3.0,0.063,4.649,0.012,0.08900000000000001,4.8660000000000005,0.031,-0.53
00:00:05.262,1572945178449,3.196,0.038,25.813,0.664,3.0,0.063,4.699,0.012,0.09,4.94,0.032,-0.529
00:00:05.263,1572945178450,3.175,0.039,25.813,0.664,3.0,0.063,4.755,0.012,0.09,5.023,0.033,-0.529
00:00:05.264,1572945178451,3.155,0.04,25.813,0.664,3.0,0.063,4.807,0.012,0.091,5.103,0.034,-0.529
00:00:05.312,1572945178499,3.135,0.041,25.813,0.664,3.0,0.062,4.859,0.012,0.091,5.184,0.034,-0.529
00:00:05.313,1572945178500,3.116,0.041,25.813,0.664,3.0,0.062,4.9110000000000005,0.012,0.092,5.265,0.035,-0.529
00:00:05.314,1572945178501,3.096,0.042,25.813,0.664,3.0,0.062,4.962,0.012,0.092,5.347,0.036000000000000004,-0.529
00:00:05.363,1572945178550,3.073,0.043,25.667,0.664,3.0,0.062,5.013,0.012,0.092,5.43,0.037000000000000005,-0.529
00:00:05.364,1572945178551,3.05,0.044,25.667,0.664,3.0,0.062,5.064,0.012,0.092,5.5139999999999985,0.038,-0.529
00:00:05.365,1572945178552,3.024,0.045,25.667,0.664,3.0,0.061,5.114,0.012,0.091,5.599,0.039,-0.529
00:00:05.413,1572945178600,2.999,0.046,25.667,0.664,3.0,0.061,5.1629999999999985,0.012,0.091,5.685,0.04,-0.529
00:00:05.414,1572945178601,2.9760000000000004,0.047,25.667,0.664,3.0,0.061,5.212999999999999,0.012,0.091,5.771,0.041,-0.529
00:00:05.415,1572945178602,2.955,0.048,25.667,0.664,3.0,0.061,5.2620000000000005,0.013,0.09,5.859,0.042,-0.529
00:00:05.471,1572945178658,2.9360000000000004,0.049,25.667,0.664,3.0,0.06,5.31,0.013,0.08900000000000001,5.947,0.043,-0.529
00:00:05.472,1572945178659,2.918,0.05,25.667,0.664,3.0,0.06,5.359,0.013,0.08900000000000001,6.0360000000000005,0.044,-0.529
00:00:05.473,1572945178660,2.902,0.051,25.667,0.664,3.0,0.06,5.407,0.013,0.08800000000000001,6.125,0.045,-0.529
00:00:05.515,1572945178702,2.886,0.053,25.667,0.664,3.0,0.06,5.455,0.013,0.087,6.216,0.046,-0.529
00:00:05.516,1572945178703,2.87,0.055,25.667,0.664,3.0,0.06,5.502000000000002,0.013,0.087,6.307,0.047,-0.529
00:00:05.517,1572945178704,2.854,0.056,25.667,0.664,3.0,0.059,5.55,0.013,0.086,6.399,0.048,-0.528
00:00:05.572,1572945178759,2.839,0.058,25.667,0.664,3.0,0.059,5.597,0.013,0.085,6.492000000000001,0.05,-0.528
00:00:05.573,1572945178760,2.823,0.06,25.667,0.664,3.0,0.059,5.644,0.014,0.084,6.586,0.051,-0.528
00:00:05.574,1572945178761,2.807,0.062,25.667,0.664,3.0,0.059,5.69,0.014,0.084,6.68,0.052000000000000005,-0.528
00:00:05.616,1572945178803,2.7910000000000004,0.063,25.667,0.664,3.0,0.059,5.737,0.014,0.083,6.776,0.053,-0.529
00:00:05.617,1572945178804,2.775,0.065,25.667,0.664,3.0,0.058,5.783,0.014,0.08199999999999999,6.872000000000001,0.055,-0.529
00:00:05.618,1572945178805,2.76,0.066,25.667,0.664,3.0,0.058,5.829,0.014,0.08199999999999999,6.968,0.056,-0.529
00:00:05.669,1572945178856,2.745,0.067,25.813,0.664,3.0,0.058,5.874,0.015,0.081,7.066,0.057,-0.529
00:00:05.670,1572945178857,2.73,0.069,25.813,0.664,3.0,0.058,5.919,0.015,0.081,7.164,0.059,-0.529
00:00:05.671,1572945178858,2.716,0.069,25.813,0.664,3.0,0.057,5.964,0.015,0.081,7.263,0.06,-0.529
00:00:05.716,1572945178903,2.7030000000000003,0.07,25.813,0.664,3.0,0.057,6.009,0.015,0.081,7.362999999999999,0.061,-0.529
00:00:05.717,1572945178904,2.69,0.071,25.813,0.664,3.0,0.057,6.0539999999999985,0.015,0.081,7.462999999999999,0.063,-0.529
00:00:05.718,1572945178905,2.678,0.07200000000000001,25.813,0.664,3.0,0.056,6.098,0.015,0.081,7.565,0.064,-0.529
00:00:05.767,1572945178954,2.665,0.07200000000000001,25.667,0.664,3.0,0.056,6.143,0.016,0.081,7.667000000000002,0.066,-0.529
00:00:05.768,1572945178955,2.651,0.073,25.667,0.664,3.0,0.056,6.187,0.016,0.081,7.769,0.067,-0.529
00:00:05.769,1572945178956,2.636,0.073,25.667,0.664,3.0,0.055,6.23,0.016,0.081,7.872999999999997,0.069,-0.529
00:00:05.823,1572945179010,2.62,0.07400000000000001,25.667,0.664,3.0,0.055,6.274,0.016,0.08199999999999999,7.977,0.07,-0.529
00:00:05.824,1572945179011,2.603,0.07400000000000001,25.667,0.664,3.0,0.055,6.317,0.016,0.08199999999999999,8.082,0.07200000000000001,-0.529
00:00:05.825,1572945179012,2.588,0.075,25.667,0.664,3.0,0.054000000000000006,6.36,0.016,0.083,8.187999999999999,0.07400000000000001,-0.53
00:00:05.869,1572945179056,2.573,0.075,25.667,0.664,3.0,0.054000000000000006,6.403,0.016,0.083,8.294,0.075,-0.53
00:00:05.870,1572945179057,2.5610000000000004,0.075,25.667,0.664,3.0,0.054000000000000006,6.445,0.016,0.084,8.401,0.077,-0.53
00:00:05.871,1572945179058,2.549,0.075,25.667,0.664,3.0,0.053,6.488,0.016,0.084,8.509,0.079,-0.53
00:00:05.926,1572945179113,2.5380000000000003,0.07400000000000001,25.667,0.664,3.0,0.053,6.53,0.016,0.085,8.617,0.081,-0.53
00:00:05.927,1572945179114,2.528,0.07400000000000001,25.667,0.664,3.0,0.053,6.572,0.016,0.085,8.726,0.08199999999999999,-0.53
00:00:05.928,1572945179115,2.517,0.073,25.667,0.664,3.0,0.052000000000000005,6.613,0.016,0.086,8.836,0.084,-0.53
00:00:05.980,1572945179167,2.507,0.07200000000000001,25.447,0.664,3.0,0.051,6.655,0.016,0.086,8.947000000000003,0.086,-0.53
00:00:05.981,1572945179168,2.497,0.071,25.447,0.664,3.0,0.051,6.697,0.016,0.087,9.058,0.08800000000000001,-0.53
00:00:05.982,1572945179169,2.484,0.069,25.447,0.664,3.0,0.05,6.738,0.016,0.087,9.17,0.09,-0.53
00:00:06.027,1572945179214,2.471,0.067,25.447,0.664,3.0,0.049,6.779,0.016,0.08800000000000001,9.283,0.092,-0.53
00:00:06.028,1572945179215,2.457,0.064,25.447,0.664,3.0,0.048,6.82,0.015,0.08800000000000001,9.396,0.094,-0.53
00:00:06.029,1572945179216,2.442,0.061,25.447,0.664,3.0,0.048,6.86,0.015,0.08900000000000001,9.51,0.096,-0.53
00:00:06.030,1572945179217,2.424,0.057,24.934,0.664,3.0,0.047,6.9,0.015,0.08900000000000001,9.625,0.098,-0.53
00:00:06.077,1572945179264,2.402,0.053,24.934,0.664,3.0,0.046,6.942,0.014,0.08900000000000001,9.747,0.1,-0.53
00:00:06.078,1572945179265,2.383,0.05,24.934,0.664,3.0,0.045,6.979,0.014,0.08900000000000001,9.856,0.102,-0.53
00:00:06.079,1572945179266,2.364,0.046,24.934,0.664,3.0,0.044,7.019,0.013,0.09,9.973,0.104,-0.53
00:00:06.128,1572945179315,2.3480000000000003,0.042,24.934,0.664,3.0,0.043,7.058,0.013,0.09,10.09,0.106,-0.53
00:00:06.129,1572945179316,2.337,0.038,24.934,0.664,3.0,0.043,7.096,0.012,0.09,10.208,0.108,-0.53
00:00:06.130,1572945179317,2.331,0.035,24.788,1.128,3.0,0.042,7.135,0.012,0.09,10.326,0.11,-0.53
00:00:06.189,1572945179376,2.322,0.032,24.788,1.128,3.0,0.042,7.1789999999999985,0.011,0.09,10.461,0.113,-0.53
00:00:06.190,1572945179377,2.316,0.03,24.788,1.128,3.0,0.041,7.2120000000000015,0.011,0.09,10.566,0.115,-0.53
00:00:06.191,1572945179378,2.31,0.028,24.788,1.128,3.0,0.041,7.251,0.01,0.09,10.686,0.117,-0.53
00:00:06.230,1572945179417,2.305,0.027000000000000003,24.788,1.128,3.0,0.04,7.282,0.01,0.09,10.784,0.119,-0.53
00:00:06.231,1572945179418,2.3,0.025,24.788,1.128,3.0,0.04,7.32,0.01,0.08900000000000001,10.906,0.121,-0.53
00:00:06.232,1572945179419,2.295,0.024,24.788,1.128,3.0,0.039,7.358,0.009000000000000001,0.08900000000000001,11.028,0.123,-0.53
00:00:06.284,1572945179471,2.294,0.022,24.641,0.664,3.0,0.039,7.397,0.009000000000000001,0.08900000000000001,11.151,0.126,-0.53
00:00:06.285,1572945179472,2.294,0.02,24.641,0.664,3.0,0.038,7.435,0.008,0.08900000000000001,11.275,0.128,-0.53
00:00:06.286,1572945179473,2.291,0.017,24.641,0.664,3.0,0.037000000000000005,7.473,0.008,0.08800000000000001,11.399,0.13,-0.53
00:00:06.335,1572945179522,2.285,0.014,24.641,0.664,3.0,0.036000000000000004,7.511,0.006999999999999999,0.08800000000000001,11.524,0.133,-0.53
00:00:06.336,1572945179523,2.28,0.01,24.641,0.664,3.0,0.034,7.548999999999999,0.006999999999999999,0.08800000000000001,11.65,0.135,-0.53
00:00:06.337,1572945179524,2.275,0.005,24.641,0.664,3.0,0.033,7.5870000000000015,0.006,0.087,11.776,0.13699999999999998,-0.53
00:00:06.399,1572945179586,2.272,-0.001,24.495,0.664,3.0,0.031,7.617000000000001,0.006,0.087,11.879,0.139,-0.53
00:00:06.400,1572945179587,2.268,-0.008,24.495,0.664,3.0,0.03,7.655,0.005,0.087,12.005999999999998,0.142,-0.53
00:00:06.401,1572945179588,2.262,-0.017,24.495,0.664,3.0,0.028,7.693,0.004,0.086,12.134,0.14400000000000002,-0.53
00:00:06.402,1572945179589,2.256,-0.027000000000000003,24.495,0.664,3.0,0.026,7.733,0.003,0.086,12.27,0.147,-0.53
00:00:06.445,1572945179632,2.251,-0.036000000000000004,24.495,0.664,3.0,0.024,7.768,0.002,0.086,12.390999999999998,0.149,-0.53
00:00:06.446,1572945179633,2.246,-0.046,24.495,0.664,3.0,0.023,7.805,0.001,0.086,12.521,0.151,-0.53
00:00:06.447,1572945179634,2.242,-0.056,24.495,0.664,3.0,0.021,7.845,0.0,0.086,12.66,0.154,-0.53
00:00:06.495,1572945179682,2.239,-0.064,24.495,0.664,3.0,0.02,7.88,-0.001,0.085,12.783,0.156,-0.53
00:00:06.496,1572945179683,2.237,-0.07200000000000001,24.495,0.664,3.0,0.02,7.917000000000002,-0.003,0.085,12.914,0.158,-0.53
00:00:06.497,1572945179684,2.234,-0.078,24.495,0.664,3.0,0.019,7.957000000000002,-0.004,0.085,13.055,0.161,-0.53
00:00:06.555,1572945179742,2.232,-0.081,24.495,0.664,3.0,0.019,7.991,-0.005,0.085,13.179,0.163,-0.53
00:00:06.556,1572945179743,2.23,-0.083,24.495,0.664,3.0,0.019,8.029,-0.006,0.086,13.313,0.165,-0.53
00:00:06.557,1572945179744,2.227,-0.084,24.275,0.664,3.0,0.019,8.066,-0.006,0.086,13.447,0.168,-0.53
00:00:06.597,1572945179784,2.218,-0.084,24.275,0.664,3.0,0.019,8.102,-0.006999999999999999,0.086,13.582,0.17,-0.53
00:00:06.598,1572945179785,2.202,-0.084,24.275,0.664,3.0,0.019,8.139,-0.008,0.086,13.717,0.172,-0.53
00:00:06.599,1572945179786,2.187,-0.083,24.275,0.664,3.0,0.019,8.175,-0.008,0.086,13.853,0.175,-0.53
00:00:06.647,1572945179834,2.178,-0.08199999999999999,24.275,0.664,3.0,0.018000000000000002,8.211,-0.008,0.087,13.989,0.177,-0.53
00:00:06.648,1572945179835,2.174,-0.08199999999999999,24.275,0.664,3.0,0.018000000000000002,8.248,-0.009000000000000001,0.087,14.127,0.179,-0.53
00:00:06.649,1572945179836,2.173,-0.08199999999999999,24.129,0.664,3.0,0.017,8.283999999999999,-0.009000000000000001,0.087,14.264,0.181,-0.53
00:00:06.702,1572945179889,2.171,-0.08199999999999999,24.129,0.664,3.0,0.016,8.32,-0.009000000000000001,0.08800000000000001,14.403,0.184,-0.53
00:00:06.703,1572945179890,2.165,-0.083,24.129,0.664,3.0,0.015,8.356,-0.009000000000000001,0.08800000000000001,14.542,0.18600000000000005,-0.53
00:00:06.704,1572945179891,2.158,-0.085,24.129,0.664,3.0,0.014,8.394,-0.01,0.08800000000000001,14.69,0.188,-0.53
00:00:06.753,1572945179940,2.168,-0.087,24.129,0.664,3.0,0.013,8.427999999999999,-0.01,0.08900000000000001,14.821,0.19,-0.53
00:00:06.754,1572945179941,2.236,-0.09,24.129,0.664,3.0,0.011,8.467,-0.01,0.09,14.962,0.192,-0.53
00:00:06.755,1572945179942,2.332,-0.094,24.129,0.664,3.0,0.01,8.507,-0.011,0.09,15.104,0.195,-0.53
00:00:06.810,1572945179997,2.404,-0.098,24.129,0.664,3.0,0.008,8.548,-0.011,0.091,15.246,0.197,-0.531
00:00:06.811,1572945179998,2.421,-0.102,24.129,0.664,3.0,0.006999999999999999,8.588,-0.011,0.093,15.388,0.199,-0.531
00:00:06.812,1572945179999,2.381,-0.108,24.129,0.664,3.0,0.005,8.629,-0.012,0.094,15.541,0.201,-0.531
00:00:06.813,1572945180000,2.316,-0.113,24.129,0.664,3.0,0.004,8.665,-0.012,0.095,15.675999999999998,0.203,-0.531
00:00:06.861,1572945180048,2.238,-0.119,24.129,0.664,3.0,0.002,8.701,-0.013,0.096,15.821,0.205,-0.531
00:00:06.862,1572945180049,2.165,-0.124,24.129,0.664,3.0,0.001,8.736,-0.014,0.097,15.966,0.207,-0.531
00:00:06.863,1572945180050,2.1,-0.13,24.129,0.664,3.0,0.0,8.77,-0.014,0.097,16.112000000000002,0.209,-0.531
00:00:06.917,1572945180104,2.042,-0.135,24.129,0.664,3.0,-0.001,8.802999999999997,-0.015,0.097,16.258,0.211,-0.531
00:00:06.918,1572945180105,1.992,-0.14,24.129,0.664,3.0,-0.001,8.836,-0.016,0.097,16.405,0.213,-0.531
00:00:06.919,1572945180106,1.951,-0.14400000000000002,24.129,0.664,3.0,-0.002,8.868,-0.016,0.097,16.553,0.215,-0.531
00:00:06.962,1572945180149,1.917,-0.147,24.129,0.664,3.0,-0.002,8.899,-0.017,0.097,16.701,0.217,-0.531
00:00:06.963,1572945180150,1.89,-0.149,24.129,0.664,3.0,-0.002,8.931000000000003,-0.017,0.096,16.849,0.219,-0.531
00:00:06.964,1572945180151,1.867,-0.15,24.129,0.664,3.0,-0.002,8.961,-0.017,0.096,16.999000000000002,0.22,-0.531
00:00:07.012,1572945180199,1.847,-0.151,24.129,0.664,3.0,-0.001,8.992,-0.018000000000000002,0.095,17.148,0.222,-0.531
00:00:07.013,1572945180200,1.828,-0.151,24.129,0.664,3.0,-0.001,9.022,-0.018000000000000002,0.095,17.298,0.224,-0.531
00:00:07.014,1572945180201,1.811,-0.15,24.129,0.664,3.0,-0.002,9.052,-0.018000000000000002,0.094,17.449,0.226,-0.531
00:00:07.072,1572945180259,1.793,-0.15,24.129,0.664,3.0,-0.002,9.082,-0.018000000000000002,0.093,17.6,0.227,-0.531
00:00:07.073,1572945180260,1.775,-0.151,24.129,0.664,3.0,-0.002,9.113,-0.018000000000000002,0.092,17.761,0.229,-0.531
00:00:07.074,1572945180261,1.759,-0.152,24.129,0.664,3.0,-0.002,9.14,-0.018000000000000002,0.091,17.904,0.231,-0.531
00:00:07.112,1572945180299,1.743,-0.153,24.129,0.664,3.0,-0.002,9.169,-0.018000000000000002,0.09,18.056,0.232,-0.53
00:00:07.113,1572945180300,1.727,-0.154,24.129,0.664,3.0,-0.003,9.2,-0.019,0.08900000000000001,18.219,0.234,-0.53
00:00:07.114,1572945180301,1.715,-0.155,24.129,0.664,3.0,-0.003,9.226,-0.019,0.08800000000000001,18.363,0.235,-0.53
00:00:07.162,1572945180349,1.702,-0.157,24.129,0.664,3.0,-0.003,9.254,-0.019,0.086,18.517,0.237,-0.53
00:00:07.163,1572945180350,1.69,-0.158,24.129,0.664,3.0,-0.004,9.282,-0.019,0.085,18.671,0.238,-0.53
00:00:07.164,1572945180351,1.679,-0.159,24.129,0.664,3.0,-0.004,9.31,-0.019,0.084,18.826,0.239,-0.53
00:00:07.216,1572945180403,1.668,-0.16,24.129,0.664,3.0,-0.004,9.338,-0.019,0.08199999999999999,18.982,0.241,-0.53
00:00:07.217,1572945180404,1.658,-0.16,24.129,0.664,3.0,-0.005,9.365,-0.019,0.081,19.138,0.242,-0.53
00:00:07.218,1572945180405,1.648,-0.16,24.129,0.664,3.0,-0.005,9.393,-0.019,0.079,19.294,0.243,-0.53
00:00:07.262,1572945180449,1.638,-0.161,24.129,0.664,3.0,-0.005,9.42,-0.019,0.077,19.451,0.244,-0.53
00:00:07.263,1572945180450,1.629,-0.16,23.982,0.664,3.0,-0.005,9.447,-0.019,0.076,19.608,0.246,-0.53
00:00:07.264,1572945180451,1.619,-0.16,23.982,0.664,3.0,-0.005,9.474,-0.019,0.07400000000000001,19.766,0.247,-0.53
00:00:07.315,1572945180502,1.61,-0.16,23.982,0.664,3.0,-0.006,9.501,-0.019,0.073,19.924,0.248,-0.53
00:00:07.316,1572945180503,1.6,-0.16,23.982,0.664,3.0,-0.006,9.527,-0.019,0.071,20.082,0.249,-0.53
00:00:07.317,1572945180504,1.591,-0.16,23.982,0.664,3.0,-0.006,9.553,-0.019,0.07,20.241,0.25,-0.53
00:00:07.365,1572945180552,1.582,-0.16,23.982,0.664,3.0,-0.006,9.58,-0.019,0.068,20.401,0.251,-0.53
00:00:07.366,1572945180553,1.5730000000000002,-0.161,22.957,0.664,3.0,-0.006,9.608,-0.019,0.067,20.571,0.252,-0.53
00:00:07.367,1572945180554,1.5630000000000002,-0.161,22.957,0.664,3.0,-0.006,9.632,-0.019,0.066,20.721,0.253,-0.53
00:00:07.415,1572945180602,1.5490000000000002,-0.162,22.957,0.664,3.0,-0.006,9.657,-0.019,0.065,20.882,0.253,-0.53
00:00:07.416,1572945180603,1.533,-0.163,22.957,0.664,3.0,-0.006,9.684,-0.019,0.064,21.053,0.254,-0.53
00:00:07.417,1572945180604,1.519,-0.163,22.957,0.664,3.0,-0.006,9.708,-0.019,0.063,21.204,0.255,-0.53
00:00:07.465,1572945180652,1.506,-0.16399999999999998,22.957,0.664,3.0,-0.006,9.733,-0.019,0.062,21.366,0.256,-0.53
00:00:07.466,1572945180653,1.495,-0.165,22.81,0.664,3.0,-0.006,9.759,-0.019,0.061,21.539,0.256,-0.53
00:00:07.467,1572945180654,1.487,-0.166,22.81,0.664,3.0,-0.006,9.782,-0.019,0.061,21.692,0.257,-0.53
00:00:07.515,1572945180702,1.48,-0.166,22.81,0.664,3.0,-0.006,9.807,-0.019,0.06,21.855,0.258,-0.53
00:00:07.516,1572945180703,1.474,-0.16699999999999998,22.81,0.664,3.0,-0.006,9.831,-0.019,0.06,22.019,0.258,-0.53
00:00:07.517,1572945180704,1.469,-0.168,22.81,0.664,3.0,-0.006,9.856,-0.019,0.06,22.183000000000003,0.259,-0.53
00:00:07.565,1572945180752,1.464,-0.16899999999999998,22.81,0.664,3.0,-0.006,9.88,-0.019,0.06,22.347,0.259,-0.53
00:00:07.566,1572945180753,1.46,-0.17,22.81,0.664,3.0,-0.006,9.904,-0.019,0.06,22.512,0.259,-0.531
00:00:07.567,1572945180754,1.455,-0.171,22.81,0.664,3.0,-0.006,9.929,-0.019,0.06,22.677,0.26,-0.531
00:00:07.617,1572945180804,1.4509999999999998,-0.171,22.81,0.664,3.0,-0.006,9.953,-0.019,0.06,22.843000000000004,0.26,-0.531
00:00:07.618,1572945180805,1.4469999999999998,-0.172,22.81,0.664,3.0,-0.006,9.977,-0.019,0.06,23.009,0.26,-0.531
00:00:07.619,1572945180806,1.443,-0.173,22.81,0.664,3.0,-0.005,10.001,-0.019,0.06,23.175,0.261,-0.531
00:00:07.670,1572945180857,1.439,-0.174,22.81,0.664,3.0,-0.005,10.025,-0.019,0.061,23.342,0.261,-0.531
00:00:07.671,1572945180858,1.435,-0.174,22.81,0.664,3.0,-0.005,10.049,-0.019,0.061,23.51,0.261,-0.531
00:00:07.672,1572945180859,1.431,-0.175,22.81,0.664,3.0,-0.005,10.072,-0.019,0.061,23.677,0.261,-0.531
00:00:07.718,1572945180905,1.4269999999999998,-0.175,22.81,0.664,3.0,-0.005,10.096,-0.019,0.062,23.845,0.261,-0.531
00:00:07.719,1572945180906,1.423,-0.175,22.81,0.664,3.0,-0.005,10.121,-0.019,0.062,24.024,0.261,-0.531
00:00:07.720,1572945180907,1.42,-0.175,22.81,0.664,3.0,-0.004,10.143,-0.019,0.062,24.183000000000003,0.261,-0.531
00:00:07.768,1572945180955,1.416,-0.174,22.81,0.664,3.0,-0.004,10.167,-0.019,0.062,24.352,0.261,-0.531
00:00:07.769,1572945180956,1.412,-0.173,22.81,0.664,3.0,-0.004,10.192,-0.019,0.063,24.532,0.261,-0.531
00:00:07.770,1572945180957,1.409,-0.172,22.81,0.664,3.0,-0.003,10.214,-0.018000000000000002,0.063,24.692,0.26,-0.531
00:00:07.836,1572945181023,1.406,-0.171,22.81,0.664,3.0,-0.003,10.237,-0.018000000000000002,0.063,24.862,0.26,-0.531
00:00:07.837,1572945181024,1.402,-0.16899999999999998,22.81,0.664,3.0,-0.002,10.262,-0.018000000000000002,0.063,25.044,0.26,-0.531
00:00:07.838,1572945181025,1.399,-0.16699999999999998,22.81,0.664,3.0,-0.002,10.284,-0.018000000000000002,0.064,25.204,0.259,-0.531
00:00:07.839,1572945181026,1.395,-0.165,22.81,0.664,3.0,-0.002,10.307,-0.018000000000000002,0.064,25.376,0.259,-0.531
00:00:07.882,1572945181069,1.392,-0.163,22.81,0.664,3.0,-0.001,10.33,-0.017,0.064,25.548,0.259,-0.531
00:00:07.883,1572945181070,1.389,-0.16,22.81,0.664,3.0,-0.001,10.353,-0.017,0.064,25.72,0.258,-0.531
00:00:07.884,1572945181071,1.386,-0.156,22.81,0.664,3.0,0.0,10.376,-0.017,0.064,25.893,0.258,-0.531
00:00:07.939,1572945181126,1.383,-0.152,22.81,0.664,3.0,0.0,10.399,-0.016,0.064,26.066,0.257,-0.531
00:00:07.940,1572945181127,1.38,-0.147,22.81,0.664,3.0,0.001,10.422,-0.016,0.064,26.239,0.256,-0.531
00:00:07.941,1572945181128,1.3769999999999998,-0.14,22.81,0.664,3.0,0.002,10.445,-0.016,0.064,26.413,0.256,-0.531
00:00:07.989,1572945181176,1.374,-0.131,22.81,0.664,3.0,0.003,10.468,-0.015,0.064,26.588,0.255,-0.531
00:00:07.990,1572945181177,1.371,-0.121,22.81,0.664,3.0,0.004,10.491,-0.014,0.064,26.762,0.254,-0.531
00:00:07.991,1572945181178,1.368,-0.108,22.81,0.664,3.0,0.006,10.514,-0.013,0.064,26.937,0.254,-0.531
00:00:08.040,1572945181227,1.365,-0.094,22.81,0.664,3.0,0.006999999999999999,10.538,-0.012,0.064,27.124,0.253,-0.531
00:00:08.041,1572945181228,1.362,-0.081,22.81,0.664,3.0,0.006999999999999999,10.559,-0.011,0.064,27.289,0.252,-0.531
00:00:08.042,1572945181229,1.359,-0.068,22.81,0.664,3.0,0.006999999999999999,10.582,-0.01,0.063,27.465,0.251,-0.531
00:00:08.090,1572945181277,1.356,-0.056,22.81,0.664,3.0,0.006999999999999999,10.604,-0.009000000000000001,0.063,27.641,0.25,-0.531
00:00:08.091,1572945181278,1.3530000000000002,-0.045,22.81,0.664,3.0,0.006999999999999999,10.627,-0.008,0.063,27.818,0.249,-0.531
00:00:08.092,1572945181279,1.351,-0.037000000000000005,22.81,0.664,3.0,0.006,10.649,-0.006999999999999999,0.063,27.996,0.249,-0.531
00:00:08.153,1572945181340,1.348,-0.029,22.81,0.664,3.0,0.005,10.673,-0.006,0.063,28.184,0.248,-0.531
00:00:08.154,1572945181341,1.345,-0.023,22.81,0.664,3.0,0.005,10.694,-0.005,0.063,28.351,0.247,-0.531
00:00:08.155,1572945181342,1.342,-0.017,22.81,0.664,3.0,0.004,10.716,-0.004,0.063,28.53,0.246,-0.531
00:00:08.195,1572945181382,1.339,-0.01,22.81,0.664,3.0,0.003,10.739,-0.003,0.062,28.708,0.245,-0.531
00:00:08.196,1572945181383,1.337,-0.004,22.81,0.664,3.0,0.003,10.761,-0.003,0.062,28.888,0.244,-0.531
00:00:08.197,1572945181384,1.334,0.003,22.81,0.664,3.0,0.003,10.783,-0.002,0.062,29.067,0.243,-0.531
00:00:08.246,1572945181433,1.331,0.011,22.81,0.664,3.0,0.002,10.805,-0.001,0.062,29.247,0.242,-0.531
00:00:08.247,1572945181434,1.329,0.018000000000000002,22.81,0.664,3.0,0.002,10.827,-0.001,0.061,29.427,0.241,-0.531
00:00:08.248,1572945181435,1.3259999999999998,0.025,22.81,0.664,3.0,0.002,10.849,0.0,0.061,29.608,0.241,-0.531
00:00:08.291,1572945181478,1.3230000000000002,0.032,22.81,0.664,3.0,0.001,10.871,0.001,0.061,29.789,0.24,-0.531
00:00:08.292,1572945181479,1.32,0.039,22.81,0.664,3.0,0.001,10.893,0.001,0.061,29.97,0.239,-0.531
00:00:08.293,1572945181480,1.318,0.044,22.81,0.664,3.0,0.0,10.915,0.002,0.06,30.152,0.238,-0.531
00:00:08.355,1572945181542,1.315,0.049,22.81,0.664,3.0,-0.001,10.937,0.002,0.06,30.334,0.237,-0.531
00:00:08.356,1572945181543,1.3119999999999998,0.052000000000000005,22.81,0.664,3.0,-0.001,10.959,0.003,0.06,30.517,0.236,-0.531
00:00:08.357,1572945181544,1.31,0.055,22.81,0.664,3.0,-0.002,10.981,0.003,0.06,30.7,0.235,-0.531
00:00:08.358,1572945181545,1.307,0.056,22.81,0.664,3.0,-0.003,11.004,0.004,0.06,30.894,0.235,-0.531
00:00:08.395,1572945181582,1.304,0.057,22.81,0.664,3.0,-0.003,11.026,0.004,0.059,31.07800000000001,0.234,-0.531
00:00:08.396,1572945181583,1.3019999999999998,0.058,22.81,0.664,3.0,-0.004,11.046,0.004,0.059,31.25,0.233,-0.531
00:00:08.397,1572945181584,1.2990000000000002,0.059,22.81,0.664,3.0,-0.004,11.068,0.004,0.059,31.434,0.232,-0.531
00:00:08.446,1572945181633,1.297,0.062,22.81,0.664,3.0,-0.004,11.089,0.004,0.059,31.619,0.232,-0.531
00:00:08.447,1572945181634,1.295,0.065,22.81,0.664,3.0,-0.004,11.111,0.004,0.059,31.804,0.231,-0.531
00:00:08.448,1572945181635,1.293,0.07,22.81,0.664,3.0,-0.004,11.134,0.005,0.059,32.001,0.23,-0.531
00:00:08.502,1572945181689,1.291,0.075,22.81,0.664,3.0,-0.003,11.154000000000002,0.005,0.059,32.175,0.229,-0.531
00:00:08.503,1572945181690,1.288,0.081,22.81,0.664,3.0,-0.003,11.175,0.005,0.059,32.361,0.229,-0.531
00:00:08.504,1572945181691,1.286,0.087,22.81,0.664,3.0,-0.003,11.197,0.006,0.059,32.548,0.228,-0.531
00:00:08.549,1572945181736,1.284,0.094,22.81,0.664,3.0,-0.003,11.218,0.006,0.059,32.734,0.227,-0.531
00:00:08.550,1572945181737,1.2819999999999998,0.1,22.81,0.664,3.0,-0.003,11.239,0.006999999999999999,0.059,32.922,0.227,-0.531
00:00:08.551,1572945181738,1.28,0.106,22.81,0.664,3.0,-0.003,11.261,0.006999999999999999,0.059,33.109,0.226,-0.531
00:00:08.598,1572945181785,1.278,0.111,22.81,0.664,3.0,-0.003,11.282,0.008,0.059,33.297,0.226,-0.531
00:00:08.599,1572945181786,1.275,0.116,22.81,0.664,3.0,-0.004,11.303,0.008,0.06,33.485,0.225,-0.531
00:00:08.600,1572945181787,1.273,0.119,22.81,0.664,3.0,-0.004,11.324000000000002,0.008,0.06,33.674,0.225,-0.531
00:00:08.654,1572945181841,1.271,0.122,22.81,0.664,3.0,-0.005,11.345,0.009000000000000001,0.06,33.863,0.224,-0.531
00:00:08.655,1572945181842,1.269,0.125,22.81,0.664,3.0,-0.005,11.367,0.009000000000000001,0.06,34.052,0.224,-0.531
00:00:08.656,1572945181843,1.267,0.127,22.81,0.664,3.0,-0.006,11.389,0.009000000000000001,0.06,34.253,0.224,-0.532
00:00:08.698,1572945181885,1.265,0.128,22.81,0.664,3.0,-0.006,11.409,0.01,0.06,34.431999999999995,0.223,-0.532
00:00:08.699,1572945181886,1.263,0.13,22.81,0.664,3.0,-0.006999999999999999,11.43,0.01,0.06,34.622,0.223,-0.532
00:00:08.700,1572945181887,1.26,0.131,22.81,0.664,3.0,-0.008,11.452,0.01,0.06,34.824,0.223,-0.532
00:00:08.748,1572945181935,1.258,0.132,22.81,0.664,3.0,-0.008,11.472,0.01,0.06,35.004,0.223,-0.532
00:00:08.749,1572945181936,1.256,0.133,22.81,0.664,3.0,-0.009000000000000001,11.493,0.01,0.06,35.195,0.222,-0.532
00:00:08.750,1572945181937,1.254,0.134,22.81,0.664,3.0,-0.009000000000000001,11.515,0.01,0.06,35.399,0.222,-0.532
00:00:08.799,1572945181986,1.252,0.134,22.81,0.664,3.0,-0.009000000000000001,11.534,0.01,0.06,35.579,0.222,-0.532
00:00:08.800,1572945181987,1.25,0.135,22.81,0.664,3.0,-0.01,11.555,0.01,0.06,35.771,0.222,-0.532
00:00:08.801,1572945181988,1.248,0.136,22.81,0.664,3.0,-0.01,11.577,0.01,0.06,35.976,0.222,-0.532
00:00:08.865,1572945182052,1.246,0.13699999999999998,22.81,0.664,3.0,-0.01,11.597,0.01,0.06,36.157,0.222,-0.532
00:00:08.866,1572945182053,1.244,0.138,22.81,0.664,3.0,-0.011,11.617,0.01,0.06,36.35,0.222,-0.532
00:00:08.867,1572945182054,1.242,0.138,22.81,0.664,3.0,-0.011,11.638,0.01,0.06,36.544,0.222,-0.532
00:00:08.900,1572945182087,1.24,0.139,22.81,0.664,3.0,-0.011,11.66,0.01,0.06,36.751,0.222,-0.532
00:00:08.901,1572945182088,1.238,0.139,22.81,0.664,3.0,-0.011,11.679,0.01,0.06,36.933,0.222,-0.532
00:00:08.902,1572945182089,1.236,0.139,22.81,0.664,3.0,-0.011,11.7,0.01,0.06,37.128,0.222,-0.532
00:00:08.950,1572945182137,1.234,0.139,22.81,0.664,3.0,-0.012,11.72,0.01,0.06,37.323,0.223,-0.532
00:00:08.951,1572945182138,1.232,0.139,22.81,0.664,3.0,-0.012,11.742,0.01,0.06,37.531,0.223,-0.532
00:00:08.952,1572945182139,1.23,0.138,22.81,0.664,3.0,-0.012,11.761,0.01,0.06,37.714,0.223,-0.532
00:00:09.000,1572945182187,1.228,0.13699999999999998,22.81,0.664,3.0,-0.012,11.782,0.01,0.059,37.91,0.224,-0.532
00:00:09.001,1572945182188,1.226,0.136,22.81,0.664,3.0,-0.013,11.802,0.01,0.059,38.107,0.224,-0.532
00:00:09.002,1572945182189,1.224,0.134,22.81,0.664,3.0,-0.013,11.824000000000002,0.01,0.059,38.316,0.224,-0.532
00:00:09.050,1572945182237,1.222,0.132,22.81,0.664,3.0,-0.013,11.843,0.009000000000000001,0.059,38.501,0.225,-0.532
00:00:09.051,1572945182238,1.22,0.129,22.81,0.664,3.0,-0.014,11.863,0.009000000000000001,0.059,38.699,0.225,-0.532
00:00:09.052,1572945182239,1.218,0.126,22.81,0.664,3.0,-0.014,11.885,0.009000000000000001,0.059,38.909,0.226,-0.532
00:00:09.110,1572945182297,1.216,0.123,22.81,0.664,3.0,-0.014,11.904000000000002,0.009000000000000001,0.059,39.095,0.226,-0.532
00:00:09.111,1572945182298,1.214,0.12,22.81,0.664,3.0,-0.015,11.924,0.009000000000000001,0.059,39.293,0.227,-0.532
00:00:09.112,1572945182299,1.212,0.117,22.81,0.664,3.0,-0.015,11.945,0.008,0.059,39.505,0.228,-0.532
00:00:09.113,1572945182300,1.21,0.114,22.81,0.664,3.0,-0.015,11.964,0.008,0.059,39.691,0.228,-0.532
00:00:09.160,1572945182347,1.209,0.111,22.81,0.664,3.0,-0.015,11.984000000000002,0.008,0.059,39.891,0.229,-0.532
00:00:09.161,1572945182348,1.207,0.108,22.81,0.664,3.0,-0.015,12.005,0.006999999999999999,0.059,40.091,0.23,-0.532
00:00:09.162,1572945182349,1.205,0.106,22.81,0.664,3.0,-0.015,12.025,0.006999999999999999,0.059,40.291,0.231,-0.532
00:00:09.211,1572945182398,1.203,0.104,22.81,0.664,3.0,-0.015,12.045,0.006999999999999999,0.059,40.492,0.231,-0.532
00:00:09.212,1572945182399,1.2009999999999998,0.102,22.81,0.664,3.0,-0.015,12.065,0.006999999999999999,0.059,40.69300000000001,0.232,-0.532
00:00:09.213,1572945182400,1.199,0.101,22.81,0.664,3.0,-0.015,12.086,0.006999999999999999,0.058,40.906,0.233,-0.532
00:00:09.262,1572945182449,1.197,0.101,22.81,0.664,3.0,-0.014,12.104,0.006,0.058,41.095,0.234,-0.532
00:00:09.263,1572945182450,1.195,0.101,22.81,0.664,3.0,-0.014,12.124,0.006,0.058,41.297,0.235,-0.532
00:00:09.264,1572945182451,1.193,0.101,22.81,0.664,3.0,-0.014,12.144,0.006,0.058,41.5,0.236,-0.532
00:00:09.312,1572945182499,1.1909999999999998,0.101,22.81,0.664,3.0,-0.014,12.165,0.006,0.058,41.715,0.237,-0.532
00:00:09.313,1572945182500,1.189,0.1,22.81,0.664,3.0,-0.014,12.185,0.006,0.058,41.918,0.238,-0.532
00:00:09.314,1572945182501,1.186,0.1,22.81,0.664,3.0,-0.014,12.204,0.006,0.058,42.108,0.239,-0.532
00:00:09.366,1572945182553,1.183,0.1,22.81,0.664,3.0,-0.014,12.223,0.006,0.058,42.312,0.24,-0.532
00:00:09.367,1572945182554,1.18,0.1,22.81,0.664,3.0,-0.014,12.244000000000002,0.006,0.058,42.528,0.241,-0.532
00:00:09.368,1572945182555,1.178,0.099,22.81,0.664,3.0,-0.014,12.262,0.006,0.058,42.72,0.242,-0.532
00:00:09.412,1572945182599,1.177,0.099,22.81,0.664,3.0,-0.014,12.282,0.006,0.058,42.924,0.243,-0.532
00:00:09.413,1572945182600,1.176,0.099,22.81,0.664,3.0,-0.014,12.303,0.006,0.058,43.142,0.244,-0.532
00:00:09.414,1572945182601,1.1740000000000002,0.099,22.81,0.664,3.0,-0.014,12.322,0.006,0.058,43.347,0.245,-0.532
00:00:09.462,1572945182649,1.173,0.099,22.81,0.664,3.0,-0.014,12.342,0.006,0.058,43.553,0.247,-0.532
00:00:09.463,1572945182650,1.172,0.098,22.81,0.664,3.0,-0.014,12.357,0.006,0.058,43.707,0.248,-0.532
00:00:09.464,1572945182651,1.171,0.098,22.81,0.664,3.0,-0.014,12.377,0.006,0.058,43.926,0.249,-0.532
00:00:09.521,1572945182708,1.17,0.098,22.81,0.664,3.0,-0.014,12.397,0.006,0.058,44.133,0.25,-0.532
00:00:09.522,1572945182709,1.168,0.098,22.81,0.664,3.0,-0.014,12.416,0.006,0.058,44.339,0.252,-0.532
00:00:09.523,1572945182710,1.167,0.098,22.81,0.664,3.0,-0.014,12.436,0.006,0.058,44.547,0.253,-0.532
00:00:09.571,1572945182758,1.166,0.097,22.81,0.664,3.0,-0.014,12.455,0.006,0.058,44.754,0.254,-0.532
00:00:09.572,1572945182759,1.164,0.097,22.81,0.664,3.0,-0.014,12.475,0.006,0.058,44.962,0.256,-0.532
00:00:09.573,1572945182760,1.163,0.096,22.81,0.664,3.0,-0.014,12.494000000000002,0.006,0.058,45.17,0.257,-0.532
00:00:09.616,1572945182803,1.163,0.096,22.81,0.664,3.0,-0.015,12.512,0.005,0.058,45.365,0.259,-0.532
00:00:09.617,1572945182804,1.162,0.095,22.81,0.664,3.0,-0.015,12.531,0.005,0.058,45.574,0.26,-0.532
00:00:09.618,1572945182805,1.161,0.094,22.81,0.664,3.0,-0.015,12.552,0.005,0.058,45.79600000000001,0.262,-0.532
00:00:09.665,1572945182852,1.16,0.093,22.81,0.664,3.0,-0.015,12.571,0.005,0.058,46.005,0.263,-0.532
00:00:09.666,1572945182853,1.159,0.091,22.81,0.664,3.0,-0.015,12.591,0.005,0.058,46.215,0.265,-0.532
00:00:09.667,1572945182854,1.159,0.09,22.81,0.664,3.0,-0.015,12.61,0.005,0.058,46.425,0.267,-0.532
00:00:09.715,1572945182902,1.158,0.08800000000000001,22.81,0.664,3.0,-0.015,12.629,0.005,0.058,46.635,0.268,-0.532
00:00:09.716,1572945182903,1.157,0.086,22.81,0.664,3.0,-0.015,12.648,0.005,0.058,46.846,0.27,-0.532
00:00:09.717,1572945182904,1.156,0.084,22.81,0.664,3.0,-0.015,12.668,0.004,0.058,47.057,0.272,-0.532
00:00:09.767,1572945182954,1.156,0.08199999999999999,22.81,0.664,3.0,-0.016,12.687,0.004,0.058,47.268,0.273,-0.532
00:00:09.768,1572945182955,1.155,0.079,22.81,0.664,3.0,-0.016,12.706,0.004,0.058,47.48,0.275,-0.532
00:00:09.769,1572945182956,1.154,0.076,22.81,0.664,3.0,-0.016,12.725,0.004,0.058,47.692,0.277,-0.532
00:00:09.821,1572945183008,1.153,0.073,22.81,0.664,3.0,-0.016,12.745,0.004,0.058,47.904,0.279,-0.532
00:00:09.822,1572945183009,1.152,0.07,22.81,0.664,3.0,-0.016,12.764,0.003,0.058,48.117,0.28,-0.532
00:00:09.823,1572945183010,1.152,0.068,22.81,0.664,3.0,-0.016,12.783,0.003,0.058,48.32899999999999,0.282,-0.532
00:00:09.873,1572945183060,1.151,0.065,22.81,0.664,3.0,-0.015,12.802,0.003,0.058,48.543,0.284,-0.532
00:00:09.874,1572945183061,1.15,0.064,22.81,0.664,3.0,-0.015,12.821,0.003,0.058,48.756,0.28600000000000003,-0.532
00:00:09.875,1572945183062,1.149,0.063,22.81,0.664,3.0,-0.015,12.84,0.003,0.058,48.97,0.28800000000000003,-0.532
00:00:09.924,1572945183111,1.149,0.062,22.81,0.664,3.0,-0.015,12.86,0.003,0.058,49.184,0.29,-0.532
00:00:09.925,1572945183112,1.148,0.063,22.81,0.664,3.0,-0.014,12.879,0.003,0.058,49.399,0.292,-0.532
00:00:09.926,1572945183113,1.147,0.063,22.81,0.664,3.0,-0.014,12.898,0.003,0.058,49.613,0.294,-0.532
00:00:09.967,1572945183154,1.146,0.065,22.81,0.664,3.0,-0.013,12.917,0.003,0.058,49.82899999999999,0.29600000000000004,-0.532
00:00:09.968,1572945183155,1.146,0.066,22.81,0.664,3.0,-0.013,12.936,0.003,0.058,50.044,0.298,-0.532
00:00:09.969,1572945183156,1.145,0.067,22.81,0.664,3.0,-0.013,12.955,0.003,0.058,50.26,0.3,-0.532
00:00:10.019,1572945183206,1.144,0.069,22.81,0.664,3.0,-0.013,12.974,0.003,0.058,50.476000000000006,0.302,-0.532
00:00:10.020,1572945183207,1.143,0.07,22.81,0.664,3.0,-0.012,12.994000000000002,0.003,0.058,50.706,0.304,-0.532
00:00:10.021,1572945183208,1.142,0.071,22.81,0.664,3.0,-0.012,13.012,0.003,0.058,50.909,0.306,-0.532
00:00:10.069,1572945183256,1.142,0.07200000000000001,22.81,0.664,3.0,-0.012,13.031,0.003,0.058,51.12600000000001,0.308,-0.532
00:00:10.070,1572945183257,1.141,0.073,22.81,0.664,3.0,-0.012,13.05,0.003,0.058,51.343,0.31,-0.532
00:00:10.071,1572945183258,1.14,0.07400000000000001,22.81,0.664,3.0,-0.012,13.069,0.004,0.058,51.56100000000001,0.312,-0.532
00:00:10.119,1572945183306,1.139,0.075,22.81,0.664,3.0,-0.012,13.088,0.004,0.058,51.779,0.315,-0.532
00:00:10.120,1572945183307,1.139,0.075,22.81,0.664,3.0,-0.013,13.107,0.004,0.058,51.997,0.317,-0.532
00:00:10.121,1572945183308,1.138,0.076,22.81,0.664,3.0,-0.013,13.126,0.004,0.058,52.216,0.319,-0.532
00:00:10.172,1572945183359,1.137,0.076,22.81,0.664,3.0,-0.013,13.145,0.004,0.058,52.435,0.321,-0.532
00:00:10.173,1572945183360,1.136,0.077,22.81,0.664,3.0,-0.013,13.164,0.004,0.058,52.654,0.324,-0.532
00:00:10.174,1572945183361,1.135,0.077,22.81,0.664,3.0,-0.013,13.183,0.004,0.058,52.87300000000001,0.326,-0.532
00:00:10.225,1572945183412,1.135,0.078,22.81,0.664,3.0,-0.013,13.202,0.004,0.058,53.093,0.328,-0.532
00:00:10.226,1572945183413,1.134,0.078,22.81,0.664,3.0,-0.013,13.220999999999998,0.004,0.058,53.313,0.331,-0.532
00:00:10.227,1572945183414,1.133,0.079,22.81,0.664,3.0,-0.013,13.24,0.004,0.058,53.534,0.333,-0.532
00:00:10.270,1572945183457,1.132,0.079,22.81,0.664,3.0,-0.013,13.258,0.004,0.058,53.755,0.335,-0.532
00:00:10.271,1572945183458,1.131,0.08,22.81,1.128,3.0,-0.014,13.277,0.003,0.059,53.976000000000006,0.338,-0.532
00:00:10.272,1572945183459,1.124,0.08,22.81,1.128,3.0,-0.014,13.296,0.003,0.059,54.197,0.34,-0.532
00:00:10.321,1572945183508,1.12,0.08,22.81,1.128,3.0,-0.014,13.314,0.003,0.059,54.419,0.343,-0.532
00:00:10.322,1572945183509,1.118,0.08,22.81,1.128,3.0,-0.014,13.333,0.003,0.059,54.64100000000001,0.345,-0.532
00:00:10.323,1572945183510,1.117,0.08,22.81,1.128,3.0,-0.014,13.352,0.003,0.059,54.863,0.348,-0.532
00:00:10.372,1572945183559,1.116,0.08,22.81,1.128,3.0,-0.014,13.37,0.003,0.059,55.08600000000001,0.35,-0.532
00:00:10.373,1572945183560,1.116,0.079,22.81,0.664,3.0,-0.014,13.389,0.003,0.059,55.309,0.353,-0.532
00:00:10.374,1572945183561,1.121,0.079,22.81,0.664,3.0,-0.014,13.408,0.003,0.059,55.532,0.35600000000000004,-0.532
00:00:10.426,1572945183613,1.124,0.078,22.81,0.664,3.0,-0.015,13.425999999999998,0.003,0.059,55.756,0.358,-0.532
00:00:10.427,1572945183614,1.124,0.077,22.81,0.664,3.0,-0.015,13.445,0.003,0.059,55.98,0.361,-0.532
00:00:10.428,1572945183615,1.124,0.076,22.81,0.664,3.0,-0.015,13.464,0.003,0.059,56.20399999999999,0.364,-0.532
00:00:10.429,1572945183616,1.123,0.075,22.81,0.664,3.0,-0.015,13.483,0.003,0.059,56.429,0.366,-0.532
00:00:10.484,1572945183671,1.123,0.07400000000000001,22.81,0.664,3.0,-0.015,13.501,0.002,0.059,56.654,0.369,-0.532
00:00:10.485,1572945183672,1.122,0.07200000000000001,22.81,0.664,3.0,-0.015,13.52,0.002,0.059,56.879,0.3720000000000001,-0.532
00:00:10.486,1572945183673,1.121,0.071,22.81,0.664,3.0,-0.015,13.539,0.002,0.059,57.104,0.375,-0.532
00:00:10.526,1572945183713,1.121,0.068,22.81,0.664,3.0,-0.015,13.557,0.002,0.059,57.33,0.377,-0.532
00:00:10.527,1572945183714,1.12,0.066,22.81,0.664,3.0,-0.015,13.576,0.002,0.059,57.556,0.38,-0.532
00:00:10.528,1572945183715,1.119,0.063,22.81,0.664,3.0,-0.016,13.595,0.002,0.059,57.782,0.383,-0.532
00:00:10.579,1572945183766,1.118,0.06,22.81,0.664,3.0,-0.016,13.613,0.002,0.059,58.00899999999999,0.386,-0.532
00:00:10.580,1572945183767,1.118,0.056,22.81,0.664,3.0,-0.016,13.632,0.001,0.059,58.236,0.389,-0.532
00:00:10.581,1572945183768,1.117,0.052000000000000005,22.81,0.664,3.0,-0.016,13.65,0.001,0.059,58.464,0.392,-0.532
00:00:10.628,1572945183815,1.116,0.048,22.81,0.664,3.0,-0.016,13.669,0.001,0.059,58.691,0.395,-0.532
00:00:10.629,1572945183816,1.116,0.044,22.81,0.664,3.0,-0.016,13.688,0.001,0.059,58.919,0.398,-0.532
00:00:10.630,1572945183817,1.115,0.04,22.81,0.664,3.0,-0.016,13.706,0.001,0.059,59.147,0.4,-0.532
00:00:10.679,1572945183866,1.114,0.037000000000000005,22.81,0.664,3.0,-0.016,13.724,0.0,0.059,59.362,0.403,-0.532
00:00:10.680,1572945183867,1.113,0.034,22.81,0.664,3.0,-0.015,13.743,0.0,0.059,59.605,0.406,-0.532
00:00:10.681,1572945183868,1.113,0.031,22.81,0.664,3.0,-0.015,13.762,0.0,0.059,59.834,0.409,-0.532
00:00:10.729,1572945183916,1.112,0.028,22.81,0.664,3.0,-0.014,13.782,0.0,0.059,60.078,0.413,-0.532
00:00:10.730,1572945183917,1.111,0.025,22.81,0.664,3.0,-0.014,13.799,-0.001,0.059,60.293,0.415,-0.532
00:00:10.731,1572945183918,1.11,0.02,22.81,0.664,3.0,-0.014,13.817,-0.001,0.059,60.523,0.418,-0.532
00:00:10.780,1572945183967,1.11,0.012,22.81,0.664,3.0,-0.015,13.836,-0.001,0.06,60.754,0.422,-0.532
00:00:10.781,1572945183968,1.109,0.003,22.81,0.664,3.0,-0.015,13.854,-0.001,0.06,60.985,0.425,-0.532
00:00:10.782,1572945183969,1.108,-0.008,22.81,0.664,3.0,-0.016,13.873,-0.002,0.06,61.216,0.428,-0.532
00:00:10.830,1572945184017,1.108,-0.019,22.81,0.664,3.0,-0.015,13.890999999999998,-0.002,0.06,61.447,0.431,-0.532
00:00:10.831,1572945184018,1.107,-0.028,22.81,0.664,3.0,-0.015,13.91,-0.003,0.06,61.679,0.434,-0.532
00:00:10.832,1572945184019,1.106,-0.036000000000000004,22.81,0.664,3.0,-0.014,13.928,-0.003,0.06,61.911,0.4370000000000001,-0.532
00:00:10.880,1572945184067,1.105,-0.04,22.81,0.664,3.0,-0.012,13.947,-0.004,0.06,62.143,0.44,-0.532
00:00:10.881,1572945184068,1.105,-0.041,22.81,0.664,3.0,-0.011,13.965,-0.004,0.06,62.375,0.443,-0.532
00:00:10.882,1572945184069,1.104,-0.042,22.81,0.664,3.0,-0.01,13.983,-0.004,0.06,62.608,0.446,-0.532
00:00:10.941,1572945184128,1.103,-0.044,22.81,0.664,3.0,-0.009000000000000001,14.002,-0.004,0.06,62.842,0.449,-0.532
00:00:10.942,1572945184129,1.103,-0.047,22.81,0.664,3.0,-0.008,14.02,-0.004,0.06,63.075,0.452,-0.532
00:00:10.943,1572945184130,1.102,-0.051,22.81,0.664,3.0,-0.008,14.038,-0.004,0.06,63.309,0.455,-0.532
00:00:10.990,1572945184177,1.101,-0.057,22.81,0.664,3.0,-0.006999999999999999,14.057,-0.004,0.06,63.543,0.458,-0.532
00:00:10.991,1572945184178,1.101,-0.062,22.81,0.664,3.0,-0.006,14.075,-0.004,0.06,63.777,0.461,-0.532
00:00:10.992,1572945184179,1.1,-0.067,22.81,0.664,3.0,-0.005,14.093,-0.004,0.06,64.012,0.464,-0.532
00:00:11.034,1572945184221,1.099,-0.073,22.81,0.664,3.0,-0.005,14.113,-0.004,0.06,64.262,0.467,-0.532
00:00:11.035,1572945184222,1.099,-0.077,22.81,0.664,3.0,-0.004,14.13,-0.004,0.06,64.482,0.469,-0.532
00:00:11.036,1572945184223,1.098,-0.08,22.81,0.664,3.0,-0.003,14.148,-0.004,0.06,64.718,0.472,-0.532
00:00:11.093,1572945184280,1.098,-0.08199999999999999,22.81,0.664,3.0,-0.001,14.167,-0.003,0.06,64.954,0.475,-0.532
00:00:11.094,1572945184281,1.097,-0.084,22.81,0.664,3.0,0.0,14.185,-0.003,0.06,65.19,0.478,-0.532
00:00:11.095,1572945184282,1.097,-0.084,22.81,0.664,3.0,0.001,14.203,-0.003,0.06,65.42699999999999,0.481,-0.532
00:00:11.096,1572945184283,1.096,-0.085,22.81,0.664,3.0,0.002,14.220999999999998,-0.003,0.06,65.664,0.484,-0.532
00:00:11.144,1572945184331,1.096,-0.086,22.81,0.664,3.0,0.003,14.24,-0.003,0.06,65.90100000000001,0.486,-0.532
00:00:11.145,1572945184332,1.095,-0.08800000000000001,22.81,0.664,3.0,0.003,14.258,-0.003,0.06,66.138,0.489,-0.532
00:00:11.146,1572945184333,1.094,-0.091,22.81,0.664,3.0,0.004,14.276,-0.002,0.06,66.376,0.4920000000000001,-0.532
00:00:11.194,1572945184381,1.094,-0.094,22.81,0.664,3.0,0.004,14.294,-0.002,0.06,66.61399999999999,0.495,-0.532
00:00:11.195,1572945184382,1.093,-0.099,22.81,0.664,3.0,0.004,14.313,-0.002,0.06,66.85300000000001,0.4970000000000001,-0.532
00:00:11.196,1572945184383,1.093,-0.104,22.81,0.664,3.0,0.005,14.331,-0.003,0.06,67.09100000000001,0.5,-0.532
00:00:11.247,1572945184434,1.092,-0.109,22.81,0.664,3.0,0.005,14.349,-0.003,0.06,67.33,0.502,-0.532
00:00:11.248,1572945184435,1.092,-0.114,22.81,0.664,3.0,0.006,14.367,-0.003,0.06,67.569,0.505,-0.532
00:00:11.249,1572945184436,1.091,-0.119,22.81,0.664,3.0,0.006,14.385,-0.003,0.06,67.809,0.508,-0.532
00:00:11.297,1572945184484,1.091,-0.123,22.81,0.664,3.0,0.006999999999999999,14.404000000000002,-0.004,0.06,68.04899999999999,0.51,-0.532
00:00:11.298,1572945184485,1.09,-0.127,22.81,0.664,3.0,0.008,14.422,-0.004,0.06,68.289,0.513,-0.532
00:00:11.299,1572945184486,1.09,-0.13,22.81,0.664,3.0,0.009000000000000001,14.441,-0.004,0.06,68.545,0.515,-0.532
00:00:11.351,1572945184538,1.089,-0.132,22.81,0.664,3.0,0.01,14.458,-0.004,0.06,68.77,0.518,-0.532
00:00:11.352,1572945184539,1.088,-0.134,22.81,0.664,3.0,0.011,14.476,-0.004,0.06,69.012,0.52,-0.532
00:00:11.353,1572945184540,1.086,-0.135,22.81,0.664,3.0,0.012,14.494000000000002,-0.004,0.06,69.253,0.522,-0.532
00:00:11.402,1572945184589,1.084,-0.136,22.81,0.664,3.0,0.012,14.512,-0.005,0.06,69.495,0.525,-0.532
00:00:11.403,1572945184590,1.083,-0.136,22.81,0.664,3.0,0.013,14.53,-0.005,0.06,69.737,0.527,-0.532
00:00:11.404,1572945184591,1.082,-0.13699999999999998,22.81,0.664,3.0,0.014,14.548,-0.004,0.06,69.979,0.529,-0.532
00:00:11.457,1572945184644,1.082,-0.138,22.81,0.664,3.0,0.015,14.566,-0.004,0.06,70.222,0.532,-0.532
00:00:11.458,1572945184645,1.081,-0.138,22.81,0.664,3.0,0.016,14.584,-0.004,0.06,70.465,0.534,-0.532
00:00:11.459,1572945184646,1.081,-0.138,22.81,0.664,3.0,0.017,14.601,-0.004,0.06,70.693,0.536,-0.532
00:00:11.506,1572945184693,1.08,-0.139,22.81,0.664,3.0,0.017,14.617,-0.004,0.06,70.906,0.5379999999999999,-0.532
00:00:11.507,1572945184694,1.079,-0.139,22.81,0.664,3.0,0.018000000000000002,14.635,-0.004,0.06,71.149,0.54,-0.532
00:00:11.508,1572945184695,1.079,-0.14,22.81,0.664,3.0,0.019,14.653,-0.004,0.06,71.393,0.542,-0.532
00:00:11.557,1572945184744,1.078,-0.141,22.81,0.664,3.0,0.019,14.671,-0.004,0.06,71.638,0.544,-0.532
00:00:11.558,1572945184745,1.077,-0.142,22.81,0.664,3.0,0.02,14.689,-0.004,0.06,71.882,0.546,-0.532
00:00:11.559,1572945184746,1.077,-0.14300000000000002,22.81,0.664,3.0,0.021,14.707,-0.003,0.06,72.127,0.5479999999999999,-0.532
00:00:11.607,1572945184794,1.0759999999999998,-0.14400000000000002,22.81,0.664,3.0,0.021,14.725,-0.003,0.06,72.373,0.55,-0.532
00:00:11.608,1572945184795,1.075,-0.145,22.81,0.664,3.0,0.022,14.743,-0.003,0.06,72.618,0.552,-0.532
00:00:11.609,1572945184796,1.075,-0.147,22.81,0.664,3.0,0.022,14.76,-0.003,0.06,72.86399999999998,0.5529999999999999,-0.532
00:00:11.663,1572945184850,1.074,-0.14800000000000002,22.81,0.664,3.0,0.022,14.778,-0.003,0.06,73.11,0.555,-0.532
00:00:11.664,1572945184851,1.073,-0.15,22.81,0.664,3.0,0.023,14.796,-0.003,0.06,73.357,0.557,-0.532
00:00:11.665,1572945184852,1.073,-0.152,22.81,0.664,3.0,0.023,14.815,-0.003,0.06,73.619,0.5589999999999999,-0.532
00:00:11.707,1572945184894,1.072,-0.154,22.81,0.664,3.0,0.023,14.832,-0.004,0.06,73.85,0.56,-0.532
00:00:11.708,1572945184895,1.071,-0.156,22.81,0.664,3.0,0.024,14.85,-0.004,0.06,74.098,0.562,-0.532
00:00:11.709,1572945184896,1.071,-0.157,22.81,0.664,3.0,0.024,14.869000000000002,-0.004,0.06,74.361,0.564,-0.532
00:00:11.757,1572945184944,1.07,-0.159,22.81,0.664,3.0,0.025,14.885,-0.004,0.06,74.593,0.565,-0.532
00:00:11.758,1572945184945,1.069,-0.16,22.81,0.664,3.0,0.025,14.903,-0.004,0.06,74.842,0.5670000000000001,-0.532
00:00:11.759,1572945184946,1.069,-0.161,22.81,0.664,3.0,0.026,14.921,-0.004,0.06,75.09,0.568,-0.532
00:00:11.808,1572945184995,1.068,-0.163,22.81,0.664,3.0,0.026,14.939,-0.004,0.06,75.339,0.57,-0.532
00:00:11.809,1572945184996,1.067,-0.16399999999999998,22.81,0.664,3.0,0.027000000000000003,14.957,-0.004,0.06,75.58800000000002,0.5710000000000001,-0.532
00:00:11.810,1572945184997,1.067,-0.165,22.81,0.664,3.0,0.027000000000000003,14.974,-0.004,0.06,75.83800000000002,0.5720000000000001,-0.532
00:00:11.811,1572945184998,1.0659999999999998,-0.166,22.81,0.664,3.0,0.028,14.992,-0.004,0.06,76.087,0.574,-0.532
00:00:11.858,1572945185045,1.065,-0.16699999999999998,22.81,0.664,3.0,0.029,15.01,-0.004,0.06,76.337,0.575,-0.532
00:00:11.859,1572945185046,1.064,-0.16699999999999998,22.81,1.128,3.0,0.029,15.028,-0.004,0.06,76.58800000000002,0.5760000000000001,-0.532
00:00:11.860,1572945185047,1.0590000000000002,-0.16699999999999998,22.81,1.128,3.0,0.03,15.045,-0.004,0.06,76.83800000000002,0.5770000000000001,-0.532
00:00:11.909,1572945185096,1.054,-0.16699999999999998,22.81,1.128,3.0,0.03,15.063,-0.004,0.06,77.089,0.578,-0.532
00:00:11.910,1572945185097,1.051,-0.168,22.81,1.128,3.0,0.031,15.08,-0.004,0.06,77.34,0.579,-0.532
00:00:11.911,1572945185098,1.05,-0.168,22.81,1.128,3.0,0.031,15.098,-0.004,0.06,77.592,0.58,-0.532
00:00:11.959,1572945185146,1.0490000000000002,-0.168,22.81,1.128,3.0,0.032,15.115,-0.004,0.06,77.844,0.581,-0.532
00:00:11.960,1572945185147,1.0490000000000002,-0.16899999999999998,22.81,0.664,3.0,0.032,15.133,-0.003,0.06,78.096,0.5820000000000001,-0.532
00:00:11.961,1572945185148,1.053,-0.16899999999999998,22.81,0.664,3.0,0.032,15.15,-0.003,0.06,78.348,0.583,-0.532
00:00:12.017,1572945185204,1.056,-0.17,22.81,0.664,3.0,0.033,15.168,-0.003,0.06,78.601,0.584,-0.532
00:00:12.018,1572945185205,1.058,-0.171,22.81,0.664,3.0,0.033,15.187,-0.003,0.06,78.869,0.585,-0.532
00:00:12.019,1572945185206,1.058,-0.171,22.81,0.664,3.0,0.034,15.203,-0.003,0.06,79.107,0.586,-0.532
00:00:12.063,1572945185250,1.057,-0.171,22.81,0.664,3.0,0.034,15.220999999999998,-0.003,0.06,79.36,0.586,-0.532
00:00:12.064,1572945185251,1.056,-0.171,22.81,1.128,3.0,0.034,15.238,-0.003,0.06,79.61399999999998,0.5870000000000001,-0.532
00:00:12.065,1572945185252,1.051,-0.17,22.81,1.128,3.0,0.035,15.255999999999998,-0.003,0.06,79.868,0.588,-0.532
00:00:12.118,1572945185305,1.046,-0.16899999999999998,22.81,1.128,3.0,0.035,15.273,-0.003,0.06,80.123,0.588,-0.532
00:00:12.119,1572945185306,1.044,-0.16899999999999998,22.81,1.128,3.0,0.035,15.291,-0.003,0.06,80.377,0.589,-0.532
00:00:12.120,1572945185307,1.042,-0.16899999999999998,22.81,1.128,3.0,0.036000000000000004,15.308,-0.003,0.06,80.632,0.589,-0.532
00:00:12.164,1572945185351,1.041,-0.168,22.81,1.128,3.0,0.036000000000000004,15.325,-0.003,0.06,80.888,0.589,-0.532
00:00:12.165,1572945185352,1.041,-0.168,22.81,0.664,3.0,0.036000000000000004,15.343,-0.002,0.06,81.143,0.59,-0.532
00:00:12.166,1572945185353,1.045,-0.16899999999999998,22.81,0.664,3.0,0.036000000000000004,15.36,-0.002,0.06,81.399,0.59,-0.532
00:00:12.215,1572945185402,1.0490000000000002,-0.16899999999999998,22.81,0.664,3.0,0.037000000000000005,15.378,-0.002,0.06,81.655,0.59,-0.532
00:00:12.216,1572945185403,1.05,-0.16899999999999998,22.81,0.664,3.0,0.037000000000000005,15.395,-0.002,0.06,81.91199999999998,0.591,-0.532
00:00:12.217,1572945185404,1.05,-0.168,22.81,0.664,3.0,0.037000000000000005,15.413,-0.002,0.06,82.16799999999998,0.591,-0.532
00:00:12.266,1572945185453,1.05,-0.168,22.81,0.664,3.0,0.037000000000000005,15.43,-0.002,0.06,82.425,0.591,-0.532
00:00:12.267,1572945185454,1.0490000000000002,-0.168,22.81,0.664,3.0,0.038,15.448,-0.002,0.06,82.68299999999998,0.591,-0.532
00:00:12.268,1572945185455,1.048,-0.16699999999999998,22.81,0.664,3.0,0.038,15.465,-0.002,0.06,82.94,0.591,-0.532
00:00:12.320,1572945185507,1.048,-0.16699999999999998,22.81,0.664,3.0,0.038,15.482,-0.002,0.06,83.198,0.591,-0.532
00:00:12.321,1572945185508,1.047,-0.16699999999999998,22.81,0.664,3.0,0.038,15.5,-0.002,0.06,83.456,0.591,-0.532
00:00:12.322,1572945185509,1.046,-0.166,22.81,0.664,3.0,0.038,15.517,-0.002,0.06,83.715,0.591,-0.532
00:00:12.370,1572945185557,1.046,-0.166,22.81,0.664,3.0,0.039,15.535,-0.002,0.06,83.97399999999998,0.591,-0.532
00:00:12.371,1572945185558,1.045,-0.166,22.81,0.664,3.0,0.039,15.553,-0.002,0.06,84.249,0.591,-0.532
00:00:12.372,1572945185559,1.044,-0.166,22.81,0.664,3.0,0.039,15.57,-0.002,0.06,84.492,0.59,-0.532
00:00:12.421,1572945185608,1.044,-0.166,22.81,0.664,3.0,0.039,15.587,-0.002,0.061,84.75200000000002,0.59,-0.532
00:00:12.422,1572945185609,1.043,-0.166,22.81,0.664,3.0,0.039,15.604,-0.002,0.061,85.012,0.59,-0.532
00:00:12.423,1572945185610,1.043,-0.166,22.81,0.664,3.0,0.039,15.622,-0.002,0.061,85.272,0.589,-0.532
00:00:12.472,1572945185659,1.042,-0.166,22.81,0.664,3.0,0.04,15.639,-0.002,0.061,85.53200000000002,0.589,-0.532
00:00:12.473,1572945185660,1.041,-0.166,22.81,0.664,3.0,0.04,15.656,-0.002,0.061,85.79299999999998,0.589,-0.532
00:00:12.474,1572945185661,1.041,-0.166,22.81,0.664,3.0,0.04,15.674,-0.002,0.061,86.054,0.588,-0.532
00:00:12.522,1572945185709,1.04,-0.165,22.81,0.664,3.0,0.04,15.691,-0.002,0.061,86.316,0.588,-0.532
00:00:12.523,1572945185710,1.039,-0.165,22.81,0.664,3.0,0.04,15.708,-0.002,0.061,86.57700000000001,0.5870000000000001,-0.532
00:00:12.524,1572945185711,1.039,-0.16399999999999998,22.81,0.664,3.0,0.04,15.726,-0.002,0.061,86.839,0.586,-0.532
00:00:12.573,1572945185760,1.038,-0.16399999999999998,22.81,0.664,3.0,0.04,15.743,-0.002,0.061,87.101,0.586,-0.532
00:00:12.574,1572945185761,1.037,-0.163,22.81,0.664,3.0,0.04,15.76,-0.002,0.061,87.36399999999998,0.585,-0.532
00:00:12.575,1572945185762,1.037,-0.162,22.81,0.664,3.0,0.041,15.778,-0.002,0.061,87.62700000000002,0.584,-0.532
00:00:12.633,1572945185820,1.036,-0.161,22.81,0.664,3.0,0.041,15.795,-0.002,0.061,87.89,0.583,-0.532
00:00:12.634,1572945185821,1.035,-0.159,22.81,0.664,3.0,0.041,15.813,-0.001,0.061,88.17,0.5820000000000001,-0.532
00:00:12.635,1572945185822,1.035,-0.158,22.81,0.664,3.0,0.041,15.829,-0.001,0.061,88.417,0.581,-0.532
00:00:12.675,1572945185862,1.034,-0.156,22.81,0.664,3.0,0.041,15.845999999999998,-0.001,0.061,88.681,0.58,-0.532
00:00:12.676,1572945185863,1.034,-0.153,22.81,0.664,3.0,0.042,15.864,-0.001,0.061,88.945,0.579,-0.532
00:00:12.677,1572945185864,1.033,-0.151,22.81,0.664,3.0,0.042,15.880999999999998,-0.001,0.061,89.21,0.578,-0.532
00:00:12.678,1572945185865,1.032,-0.147,22.81,0.664,3.0,0.042,15.898,-0.001,0.061,89.475,0.5770000000000001,-0.532
00:00:12.725,1572945185912,1.032,-0.14300000000000002,22.81,0.664,3.0,0.042,15.916,0.0,0.061,89.756,0.5760000000000001,-0.532
00:00:12.726,1572945185913,1.031,-0.138,22.81,0.664,3.0,0.042,15.932,0.0,0.061,90.005,0.575,-0.532
00:00:12.775,1572945185962,1.03,-0.133,22.81,0.664,3.0,0.043,15.95,0.0,0.061,90.271,0.574,-0.532
00:00:12.776,1572945185963,1.03,-0.126,22.81,0.664,3.0,0.043,15.967,0.001,0.061,90.537,0.573,-0.532
00:00:12.777,1572945185964,1.029,-0.12,22.81,0.664,3.0,0.043,15.984000000000002,0.001,0.061,90.803,0.5710000000000001,-0.532
00:00:12.778,1572945185965,1.029,-0.112,22.81,0.664,3.0,0.043,16.000999999999998,0.001,0.061,91.069,0.57,-0.532
00:00:12.832,1572945186019,1.028,-0.105,22.81,0.664,3.0,0.043,16.018,0.002,0.061,91.336,0.569,-0.532
00:00:12.833,1572945186020,1.027,-0.097,22.81,0.664,3.0,0.042,16.035,0.002,0.061,91.603,0.5670000000000001,-0.532
00:00:12.834,1572945186021,1.027,-0.08900000000000001,22.81,0.664,3.0,0.042,16.052,0.003,0.062,91.871,0.5660000000000001,-0.532
00:00:12.882,1572945186069,1.048,-0.08199999999999999,22.81,0.664,3.0,0.042,16.07,0.003,0.062,92.139,0.564,-0.532
00:00:12.883,1572945186070,1.103,-0.075,22.81,0.664,3.0,0.041,16.09,0.003,0.062,92.406,0.563,-0.532
00:00:12.884,1572945186071,1.158,-0.068,22.81,0.664,3.0,0.04,16.11,0.003,0.063,92.675,0.561,-0.532
00:00:12.936,1572945186123,1.185,-0.062,22.81,0.664,3.0,0.039,16.127,0.004,0.063,92.91,0.56,-0.532
00:00:12.937,1572945186124,1.182,-0.056,22.81,0.664,3.0,0.039,16.147000000000002,0.004,0.064,93.179,0.5589999999999999,-0.532
00:00:12.938,1572945186125,1.156,-0.05,22.81,0.664,3.0,0.038,16.164,0.004,0.065,93.431,0.557,-0.532
00:00:12.985,1572945186172,1.115,-0.044,22.81,0.664,3.0,0.037000000000000005,16.182000000000002,0.004,0.066,93.701,0.556,-0.532
00:00:12.986,1572945186173,1.073,-0.038,22.81,0.664,3.0,0.036000000000000004,16.199,0.004,0.067,93.971,0.5539999999999999,-0.532
00:00:12.987,1572945186174,1.034,-0.032,22.81,0.664,3.0,0.035,16.217,0.004,0.067,94.258,0.5529999999999999,-0.532
00:00:13.035,1572945186222,1.007,-0.026,22.81,0.664,3.0,0.034,16.233,0.004,0.067,94.511,0.551,-0.532
00:00:13.036,1572945186223,0.985,-0.019,22.81,0.664,3.0,0.033,16.249000000000002,0.004,0.067,94.782,0.55,-0.532
00:00:13.037,1572945186224,0.968,-0.013,22.81,0.664,3.0,0.031,16.265,0.004,0.067,95.053,0.5479999999999999,-0.532
00:00:13.085,1572945186272,0.953,-0.006999999999999999,22.81,0.664,3.0,0.03,16.281,0.004,0.067,95.341,0.546,-0.532
00:00:13.086,1572945186273,0.941,-0.001,22.81,0.664,3.0,0.029,16.296,0.003,0.066,95.595,0.545,-0.532
00:00:13.087,1572945186274,0.928,0.004,22.81,0.664,3.0,0.028,16.311,0.003,0.066,95.867,0.5429999999999999,-0.532
00:00:13.135,1572945186322,0.916,0.008,22.81,0.664,3.0,0.027000000000000003,16.326,0.003,0.065,96.139,0.542,-0.532
00:00:13.136,1572945186323,0.904,0.012,22.81,0.664,3.0,0.025,16.340999999999998,0.003,0.064,96.411,0.54,-0.532
00:00:13.137,1572945186324,0.8909999999999999,0.014,22.81,0.664,3.0,0.024,16.355999999999998,0.003,0.063,96.684,0.539,-0.532
00:00:13.185,1572945186372,0.878,0.016,22.81,0.664,3.0,0.023,16.37,0.002,0.062,96.957,0.537,-0.532
00:00:13.186,1572945186373,0.865,0.018000000000000002,22.81,0.664,3.0,0.021,16.385,0.002,0.061,97.23,0.535,-0.532
00:00:13.187,1572945186374,0.8540000000000001,0.019,22.81,0.664,3.0,0.02,16.4,0.002,0.06,97.52,0.534,-0.532
00:00:13.235,1572945186422,0.845,0.02,22.81,0.664,3.0,0.019,16.413,0.001,0.059,97.776,0.532,-0.532
00:00:13.236,1572945186423,0.8370000000000001,0.021,22.81,0.664,3.0,0.018000000000000002,16.427,0.001,0.057,98.05,0.531,-0.532
00:00:13.237,1572945186424,0.831,0.022,22.81,0.664,3.0,0.017,16.44,0.001,0.056,98.324,0.529,-0.532
00:00:13.285,1572945186472,0.826,0.023,22.81,1.128,3.0,0.016,16.455,0.0,0.055,98.615,0.528,-0.532
00:00:13.286,1572945186473,0.818,0.025,22.81,1.128,3.0,0.015,16.468,0.0,0.053,98.889,0.526,-0.532
00:00:13.287,1572945186474,0.81,0.026,22.81,1.128,3.0,0.014,16.480999999999998,0.0,0.052000000000000005,99.147,0.525,-0.532
00:00:13.337,1572945186524,0.805,0.027000000000000003,22.81,1.128,3.0,0.013,16.494,-0.001,0.051,99.422,0.523,-0.532
00:00:13.338,1572945186525,0.8,0.028,22.81,1.128,3.0,0.012,16.508,-0.001,0.049,99.697,0.522,-0.532
00:00:13.339,1572945186526,0.797,0.028,22.81,1.128,3.0,0.011,16.522000000000002,-0.001,0.048,99.989,0.52,-0.532
00:00:13.387,1572945186574,0.794,0.029,22.81,0.664,3.0,0.01,16.534000000000002,-0.001,0.047,100.247,0.519,-0.532
00:00:13.388,1572945186575,0.794,0.029,22.81,0.664,3.0,0.01,16.547,-0.001,0.045,100.523,0.517,-0.532
00:00:13.389,1572945186576,0.7959999999999999,0.029,22.81,0.664,3.0,0.009000000000000001,16.561,-0.001,0.044,100.799,0.516,-0.532
00:00:13.437,1572945186624,0.795,0.028,22.81,0.664,3.0,0.008,16.575,-0.001,0.043,101.092,0.514,-0.532
00:00:13.438,1572945186625,0.7929999999999999,0.028,22.81,0.664,3.0,0.006999999999999999,16.587,-0.001,0.042,101.351,0.513,-0.532
00:00:13.439,1572945186626,0.7909999999999999,0.027000000000000003,22.81,0.664,3.0,0.006999999999999999,16.6,-0.001,0.041,101.628,0.511,-0.532
00:00:13.487,1572945186674,0.7879999999999999,0.027000000000000003,22.81,0.664,3.0,0.006,16.613,-0.001,0.04,101.905,0.51,-0.532
00:00:13.488,1572945186675,0.7859999999999999,0.026,22.81,0.664,3.0,0.006,16.627,-0.001,0.039,102.199,0.508,-0.532
00:00:13.489,1572945186676,0.7829999999999999,0.025,22.81,0.664,3.0,0.005,16.639,-0.001,0.038,102.459,0.507,-0.532
00:00:13.542,1572945186729,0.7809999999999999,0.024,22.81,0.664,3.0,0.005,16.652,-0.001,0.037000000000000005,102.736,0.505,-0.532
00:00:13.543,1572945186730,0.779,0.023,22.81,0.664,3.0,0.004,16.665,-0.001,0.036000000000000004,103.014,0.504,-0.532
00:00:13.544,1572945186731,0.777,0.022,22.81,0.664,3.0,0.004,16.679000000000002,-0.001,0.036000000000000004,103.309,0.503,-0.532
00:00:13.587,1572945186774,0.775,0.021,22.81,0.664,3.0,0.003,16.691,-0.001,0.035,103.57,0.501,-0.532
00:00:13.588,1572945186775,0.773,0.02,22.81,0.664,3.0,0.003,16.704,-0.001,0.035,103.848,0.5,-0.532
00:00:13.589,1572945186776,0.7709999999999999,0.019,22.81,0.664,3.0,0.003,16.717,-0.001,0.035,104.127,0.498,-0.532
00:00:13.638,1572945186825,0.769,0.018000000000000002,22.81,0.664,3.0,0.002,16.73,-0.001,0.034,104.423,0.4970000000000001,-0.532
00:00:13.639,1572945186826,0.768,0.017,22.81,0.664,3.0,0.002,16.743,-0.001,0.034,104.702,0.495,-0.532
00:00:13.640,1572945186827,0.7659999999999999,0.016,22.81,0.664,3.0,0.002,16.755,-0.001,0.034,104.963,0.494,-0.532
00:00:13.691,1572945186878,0.765,0.016,22.81,0.664,3.0,0.001,16.769000000000002,-0.001,0.034,105.26,0.493,-0.532
00:00:13.692,1572945186879,0.763,0.015,22.81,0.664,3.0,0.001,16.781,-0.001,0.034,105.54,0.491,-0.532
00:00:13.693,1572945186880,0.762,0.014,22.81,0.664,3.0,0.001,16.793,-0.001,0.034,105.802,0.49,-0.532
00:00:13.694,1572945186881,0.7609999999999999,0.013,22.81,0.664,3.0,0.0,16.805999999999994,-0.001,0.035,106.082,0.489,-0.532
00:00:13.742,1572945186929,0.759,0.012,22.81,0.664,3.0,0.0,16.819000000000006,-0.001,0.035,106.362,0.487,-0.532
00:00:13.743,1572945186930,0.758,0.012,22.81,0.664,3.0,0.0,16.831,-0.001,0.035,106.643,0.486,-0.532
00:00:13.744,1572945186931,0.757,0.011,22.957,0.664,3.0,0.0,16.845,-0.001,0.035,106.941,0.484,-0.5329999999999999
00:00:13.793,1572945186980,0.7559999999999999,0.01,22.957,0.664,3.0,0.0,16.857,-0.001,0.035,107.222,0.483,-0.5329999999999999
00:00:13.794,1572945186981,0.755,0.01,22.957,0.664,3.0,0.0,16.87,-0.001,0.036000000000000004,107.503,0.482,-0.5329999999999999
00:00:13.795,1572945186982,0.755,0.009000000000000001,22.957,0.664,3.0,-0.001,16.882,-0.001,0.036000000000000004,107.784,0.48,-0.5329999999999999
00:00:13.843,1572945187030,0.755,0.009000000000000001,22.957,0.664,3.0,-0.001,16.895,-0.001,0.036000000000000004,108.065,0.479,-0.5329999999999999
00:00:13.844,1572945187031,0.754,0.008,22.957,0.664,3.0,-0.001,16.907,0.0,0.036000000000000004,108.33,0.477,-0.5329999999999999
00:00:13.845,1572945187032,0.754,0.008,22.957,0.664,3.0,-0.001,16.919,0.0,0.037000000000000005,108.611,0.476,-0.5329999999999999
00:00:13.893,1572945187080,0.753,0.008,22.957,0.664,3.0,-0.001,16.932000000000002,0.0,0.037000000000000005,108.894,0.475,-0.5329999999999999
00:00:13.894,1572945187081,0.752,0.006999999999999999,22.957,0.664,3.0,-0.001,16.945,0.0,0.037000000000000005,109.193,0.473,-0.5329999999999999
00:00:13.895,1572945187082,0.7509999999999999,0.006999999999999999,22.957,0.664,3.0,-0.001,16.958,0.0,0.037000000000000005,109.476,0.472,-0.5329999999999999
00:00:13.946,1572945187133,0.75,0.006999999999999999,22.957,0.664,3.0,-0.001,16.97,0.0,0.037000000000000005,109.759,0.47,-0.5329999999999999
00:00:13.947,1572945187134,0.7490000000000001,0.006,22.957,0.664,3.0,-0.001,16.983,0.0,0.037000000000000005,110.042,0.469,-0.5329999999999999
00:00:13.948,1572945187135,0.7490000000000001,0.006,22.957,0.664,3.0,-0.001,16.995,0.0,0.038,110.325,0.468,-0.5329999999999999
00:00:13.993,1572945187180,0.748,0.006,22.957,0.664,3.0,-0.001,17.007,0.0,0.038,110.608,0.466,-0.5329999999999999
00:00:13.994,1572945187181,0.747,0.006,22.957,0.664,3.0,-0.001,17.02,0.0,0.038,110.892,0.465,-0.5329999999999999
00:00:13.995,1572945187182,0.746,0.006,22.957,0.664,3.0,-0.001,17.032,0.0,0.038,111.175,0.464,-0.5329999999999999
00:00:14.044,1572945187231,0.745,0.006,22.957,0.664,3.0,-0.001,17.045,0.0,0.038,111.459,0.462,-0.5329999999999999
00:00:14.045,1572945187232,0.7440000000000001,0.006,22.957,0.664,3.0,-0.001,17.057000000000002,0.0,0.038,111.744,0.461,-0.5329999999999999
00:00:14.046,1572945187233,0.743,0.006,23.103,0.664,3.0,-0.001,17.069000000000006,0.0,0.038,112.028,0.46,-0.5329999999999999
00:00:14.100,1572945187287,0.743,0.006999999999999999,23.103,0.664,3.0,-0.001,17.082,0.0,0.038,112.313,0.458,-0.5329999999999999
00:00:14.101,1572945187288,0.742,0.008,23.103,0.664,3.0,-0.001,17.094,0.0,0.038,112.597,0.457,-0.5329999999999999
00:00:14.102,1572945187289,0.742,0.01,23.103,0.664,3.0,-0.001,17.107,0.0,0.037000000000000005,112.882,0.455,-0.5329999999999999
00:00:14.146,1572945187333,0.743,0.011,23.103,0.664,3.0,-0.001,17.119,0.0,0.037000000000000005,113.168,0.454,-0.5329999999999999
00:00:14.147,1572945187334,0.743,0.013,23.103,0.664,3.0,-0.001,17.131,0.0,0.037000000000000005,113.453,0.453,-0.5329999999999999
00:00:14.148,1572945187335,0.742,0.015,23.323,0.664,3.0,-0.001,17.144000000000002,0.0,0.037000000000000005,113.739,0.451,-0.5329999999999999
00:00:14.196,1572945187383,0.742,0.017,23.323,0.664,3.0,-0.001,17.156,0.001,0.037000000000000005,114.024,0.45,-0.5329999999999999
00:00:14.197,1572945187384,0.742,0.02,23.323,0.664,3.0,-0.001,17.168,0.001,0.037000000000000005,114.31,0.449,-0.5329999999999999
00:00:14.198,1572945187385,0.743,0.022,23.323,0.664,3.0,-0.001,17.180999999999994,0.001,0.037000000000000005,114.597,0.447,-0.5329999999999999
00:00:14.246,1572945187433,0.743,0.023,23.323,0.664,3.0,-0.001,17.192999999999998,0.001,0.037000000000000005,114.883,0.446,-0.5329999999999999
00:00:14.247,1572945187434,0.7440000000000001,0.025,23.323,0.664,3.0,-0.002,17.206,0.001,0.037000000000000005,115.17,0.445,-0.5329999999999999
00:00:14.248,1572945187435,0.7440000000000001,0.026,24.275,0.664,3.0,-0.002,17.218,0.001,0.037000000000000005,115.457,0.443,-0.5329999999999999
00:00:14.296,1572945187483,0.7440000000000001,0.026,24.275,0.664,3.0,-0.002,17.23,0.001,0.037000000000000005,115.744,0.442,-0.5329999999999999
00:00:14.297,1572945187484,0.746,0.027000000000000003,24.275,0.664,3.0,-0.002,17.243,0.001,0.036000000000000004,116.031,0.441,-0.5329999999999999
00:00:14.298,1572945187485,0.7509999999999999,0.027000000000000003,24.275,0.664,3.0,-0.003,17.256,0.001,0.036000000000000004,116.319,0.439,-0.5329999999999999
00:00:14.346,1572945187533,0.7559999999999999,0.027000000000000003,24.275,0.664,3.0,-0.003,17.268,0.001,0.036000000000000004,116.606,0.438,-0.5329999999999999
00:00:14.347,1572945187534,0.76,0.027000000000000003,24.275,0.664,3.0,-0.003,17.281,0.0,0.036000000000000004,116.894,0.4370000000000001,-0.5329999999999999
00:00:14.348,1572945187535,0.763,0.028,24.275,0.664,3.0,-0.003,17.294,0.0,0.036000000000000004,117.182,0.435,-0.5329999999999999
00:00:14.396,1572945187583,0.764,0.028,24.275,0.664,3.0,-0.004,17.305999999999994,0.0,0.037000000000000005,117.471,0.434,-0.5329999999999999
00:00:14.397,1572945187584,0.764,0.029,24.275,0.664,3.0,-0.004,17.319000000000006,0.0,0.037000000000000005,117.759,0.433,-0.5329999999999999
00:00:14.398,1572945187585,0.764,0.03,24.275,0.664,3.0,-0.004,17.332,0.0,0.037000000000000005,118.048,0.4320000000000001,-0.5329999999999999
00:00:14.448,1572945187635,0.763,0.03,24.275,0.664,3.0,-0.004,17.345,0.0,0.037000000000000005,118.337,0.43,-0.5329999999999999
00:00:14.449,1572945187636,0.7609999999999999,0.031,24.275,0.664,3.0,-0.005,17.357,-0.001,0.037000000000000005,118.626,0.429,-0.5329999999999999
00:00:14.450,1572945187637,0.76,0.032,24.275,0.664,3.0,-0.005,17.37,-0.001,0.037000000000000005,118.915,0.428,-0.5329999999999999
00:00:14.504,1572945187691,0.759,0.032,24.275,0.664,3.0,-0.005,17.382,-0.001,0.037000000000000005,119.205,0.4270000000000001,-0.5329999999999999
00:00:14.505,1572945187692,0.758,0.033,24.275,0.664,3.0,-0.005,17.395,-0.001,0.038,119.495,0.425,-0.5329999999999999
00:00:14.506,1572945187693,0.758,0.033,24.275,0.664,3.0,-0.005,17.408,-0.001,0.038,119.785,0.424,-0.5329999999999999
00:00:14.554,1572945187741,0.757,0.034,24.275,0.664,3.0,-0.006,17.42,-0.001,0.038,120.075,0.423,-0.5329999999999999
00:00:14.555,1572945187742,0.7559999999999999,0.034,24.275,0.664,3.0,-0.006,17.433,-0.001,0.038,120.366,0.422,-0.5329999999999999
00:00:14.556,1572945187743,0.7559999999999999,0.034,24.275,0.664,3.0,-0.006,17.445999999999998,-0.001,0.038,120.656,0.421,-0.5329999999999999
00:00:14.609,1572945187796,0.755,0.034,24.275,0.664,3.0,-0.006,17.458,-0.001,0.038,120.947,0.419,-0.5329999999999999
00:00:14.610,1572945187797,0.755,0.034,24.275,0.664,3.0,-0.006,17.471,-0.001,0.038,121.238,0.418,-0.5329999999999999
00:00:14.611,1572945187798,0.754,0.034,24.275,0.664,3.0,-0.006,17.483,-0.001,0.038,121.529,0.417,-0.5329999999999999
00:00:14.654,1572945187841,0.754,0.034,24.275,0.664,3.0,-0.006999999999999999,17.496,-0.001,0.039,121.821,0.416,-0.5329999999999999
00:00:14.655,1572945187842,0.753,0.033,24.275,0.664,3.0,-0.006999999999999999,17.508,-0.001,0.039,122.113,0.415,-0.5329999999999999
00:00:14.656,1572945187843,0.752,0.033,24.495,0.664,3.0,-0.006999999999999999,17.521,-0.001,0.039,122.404,0.414,-0.5329999999999999
00:00:14.704,1572945187891,0.752,0.033,24.495,0.664,3.0,-0.006999999999999999,17.533,-0.001,0.039,122.697,0.413,-0.5329999999999999
00:00:14.705,1572945187892,0.752,0.033,24.495,0.664,3.0,-0.006999999999999999,17.546,-0.001,0.039,122.989,0.411,-0.5329999999999999
00:00:14.706,1572945187893,0.753,0.032,24.495,0.664,3.0,-0.006999999999999999,17.558,-0.001,0.039,123.281,0.41,-0.5329999999999999
00:00:14.754,1572945187941,0.753,0.032,24.495,0.664,3.0,-0.006999999999999999,17.570999999999998,-0.001,0.039,123.574,0.409,-0.5329999999999999
00:00:14.755,1572945187942,0.754,0.032,24.495,0.664,3.0,-0.008,17.584,-0.001,0.039,123.867,0.408,-0.5329999999999999
00:00:14.756,1572945187943,0.754,0.031,24.495,0.664,3.0,-0.008,17.596,-0.001,0.039,124.16,0.407,-0.5329999999999999
00:00:14.805,1572945187992,0.754,0.031,24.495,0.664,3.0,-0.008,17.609,-0.001,0.039,124.454,0.406,-0.5329999999999999
00:00:14.806,1572945187993,0.754,0.031,24.495,0.664,3.0,-0.008,17.621,-0.001,0.039,124.747,0.405,-0.5329999999999999
00:00:14.807,1572945187994,0.753,0.031,24.495,0.664,3.0,-0.008,17.634,-0.001,0.039,125.041,0.404,-0.5329999999999999
00:00:14.864,1572945188051,0.753,0.03,24.495,0.664,3.0,-0.008,17.646,-0.001,0.039,125.335,0.403,-0.5329999999999999
00:00:14.865,1572945188052,0.752,0.03,24.495,0.664,3.0,-0.008,17.659000000000006,-0.001,0.039,125.629,0.402,-0.5329999999999999
00:00:14.866,1572945188053,0.7509999999999999,0.03,24.495,0.664,3.0,-0.008,17.671,-0.001,0.039,125.924,0.401,-0.5329999999999999
00:00:14.910,1572945188097,0.75,0.03,24.495,0.664,3.0,-0.008,17.684,-0.001,0.039,126.218,0.4,-0.5329999999999999
00:00:14.911,1572945188098,0.75,0.029,24.495,0.664,3.0,-0.008,17.695999999999994,-0.001,0.039,126.513,0.399,-0.5329999999999999
00:00:14.912,1572945188099,0.7490000000000001,0.029,24.495,0.664,3.0,-0.008,17.709,-0.001,0.039,126.808,0.398,-0.5329999999999999
00:00:14.913,1572945188100,0.7490000000000001,0.029,24.495,0.664,3.0,-0.008,17.721,-0.001,0.039,127.103,0.397,-0.5329999999999999
00:00:14.968,1572945188155,0.748,0.029,24.495,0.664,3.0,-0.008,17.734,-0.001,0.039,127.399,0.396,-0.5329999999999999
00:00:14.969,1572945188156,0.747,0.028,24.495,0.664,3.0,-0.008,17.746,-0.001,0.039,127.695,0.395,-0.5329999999999999
00:00:14.970,1572945188157,0.747,0.028,24.495,0.664,3.0,-0.009000000000000001,17.759,-0.001,0.039,127.99,0.394,-0.5329999999999999
00:00:15.010,1572945188197,0.746,0.028,24.495,0.664,3.0,-0.009000000000000001,17.771,-0.001,0.039,128.286,0.393,-0.5329999999999999
00:00:15.011,1572945188198,0.746,0.028,24.495,0.664,3.0,-0.009000000000000001,17.784000000000006,-0.001,0.039,128.583,0.392,-0.5329999999999999
00:00:15.012,1572945188199,0.745,0.028,24.495,0.664,3.0,-0.009000000000000001,17.796,-0.001,0.038,128.879,0.391,-0.5329999999999999
00:00:15.060,1572945188247,0.745,0.028,24.495,0.664,3.0,-0.009000000000000001,17.808,-0.001,0.038,129.17600000000002,0.39,-0.5329999999999999
00:00:15.061,1572945188248,0.7440000000000001,0.028,24.495,0.664,3.0,-0.009000000000000001,17.820999999999994,-0.001,0.038,129.47299999999998,0.389,-0.5329999999999999
00:00:15.062,1572945188249,0.743,0.028,24.495,0.664,3.0,-0.009000000000000001,17.833,-0.001,0.038,129.77,0.388,-0.5329999999999999
00:00:15.119,1572945188306,0.743,0.028,24.495,0.664,3.0,-0.009000000000000001,17.845,-0.001,0.038,130.067,0.387,-0.5329999999999999
00:00:15.120,1572945188307,0.742,0.027000000000000003,24.495,0.664,3.0,-0.009000000000000001,17.858,-0.001,0.038,130.365,0.386,-0.5329999999999999
00:00:15.121,1572945188308,0.742,0.027000000000000003,24.495,0.664,3.0,-0.009000000000000001,17.87,-0.001,0.038,130.66299999999998,0.385,-0.5329999999999999
00:00:15.160,1572945188347,0.741,0.027000000000000003,24.495,0.664,3.0,-0.009000000000000001,17.883,-0.001,0.038,130.961,0.384,-0.5329999999999999
00:00:15.161,1572945188348,0.741,0.027000000000000003,24.495,0.664,3.0,-0.009000000000000001,17.895,-0.001,0.038,131.259,0.383,-0.5329999999999999
00:00:15.162,1572945188349,0.74,0.027000000000000003,24.495,0.664,3.0,-0.009000000000000001,17.907,-0.001,0.038,131.55700000000002,0.382,-0.5329999999999999
00:00:15.211,1572945188398,0.74,0.027000000000000003,24.495,0.664,3.0,-0.009000000000000001,17.92,-0.001,0.038,131.856,0.381,-0.5329999999999999
00:00:15.212,1572945188399,0.7390000000000001,0.027000000000000003,24.495,0.664,3.0,-0.009000000000000001,17.932000000000006,-0.001,0.038,132.154,0.38,-0.5329999999999999
00:00:15.213,1572945188400,0.738,0.027000000000000003,24.495,0.664,3.0,-0.009000000000000001,17.944000000000006,-0.001,0.038,132.453,0.379,-0.5329999999999999
00:00:15.262,1572945188449,0.738,0.027000000000000003,24.495,0.664,3.0,-0.009000000000000001,17.956,-0.001,0.038,132.752,0.379,-0.5329999999999999
00:00:15.263,1572945188450,0.737,0.027000000000000003,24.495,0.664,3.0,-0.009000000000000001,17.969,-0.001,0.038,133.05200000000002,0.378,-0.5329999999999999
00:00:15.264,1572945188451,0.737,0.027000000000000003,24.495,0.664,3.0,-0.009000000000000001,17.980999999999995,-0.001,0.038,133.351,0.377,-0.5329999999999999
00:00:15.312,1572945188499,0.736,0.027000000000000003,24.495,0.664,3.0,-0.009000000000000001,17.993,-0.001,0.038,133.651,0.376,-0.5329999999999999
00:00:15.313,1572945188500,0.736,0.027000000000000003,24.495,0.664,3.0,-0.009000000000000001,18.005,-0.001,0.038,133.951,0.375,-0.5329999999999999
00:00:15.314,1572945188501,0.735,0.027000000000000003,24.495,0.664,3.0,-0.009000000000000001,18.018,-0.001,0.038,134.251,0.374,-0.5329999999999999
00:00:15.362,1572945188549,0.7340000000000001,0.027000000000000003,24.495,0.664,3.0,-0.009000000000000001,18.03,-0.001,0.038,134.55200000000002,0.373,-0.5329999999999999
00:00:15.363,1572945188550,0.7340000000000001,0.027000000000000003,24.495,0.664,3.0,-0.009000000000000001,18.042,-0.001,0.037000000000000005,134.852,0.373,-0.5329999999999999
00:00:15.364,1572945188551,0.733,0.027000000000000003,24.495,0.664,3.0,-0.009000000000000001,18.054,-0.001,0.037000000000000005,135.153,0.3720000000000001,-0.5329999999999999
00:00:15.412,1572945188599,0.733,0.027000000000000003,24.495,0.664,3.0,-0.009000000000000001,18.067,-0.001,0.037000000000000005,135.454,0.371,-0.5329999999999999
00:00:15.413,1572945188600,0.732,0.027000000000000003,24.495,0.664,3.0,-0.009000000000000001,18.079,-0.001,0.037000000000000005,135.755,0.37,-0.5329999999999999
00:00:15.414,1572945188601,0.732,0.027000000000000003,24.495,0.664,3.0,-0.009000000000000001,18.091,-0.001,0.037000000000000005,136.05700000000002,0.369,-0.5329999999999999
00:00:15.473,1572945188660,0.731,0.027000000000000003,24.495,0.664,3.0,-0.009000000000000001,18.103,-0.001,0.037000000000000005,136.358,0.369,-0.5329999999999999
00:00:15.474,1572945188661,0.731,0.027000000000000003,24.788,0.664,3.0,-0.009000000000000001,18.115,-0.001,0.037000000000000005,136.66,0.368,-0.5329999999999999
00:00:15.475,1572945188662,0.73,0.027000000000000003,24.788,0.664,3.0,-0.009000000000000001,18.127,-0.001,0.037000000000000005,136.96200000000002,0.3670000000000001,-0.5329999999999999
00:00:15.519,1572945188706,0.731,0.027000000000000003,24.788,0.664,3.0,-0.009000000000000001,18.14,-0.001,0.037000000000000005,137.264,0.366,-0.5329999999999999
00:00:15.520,1572945188707,0.732,0.027000000000000003,24.788,0.664,3.0,-0.009000000000000001,18.152,-0.001,0.037000000000000005,137.567,0.365,-0.5329999999999999
00:00:15.521,1572945188708,0.733,0.027000000000000003,24.788,0.664,3.0,-0.009000000000000001,18.164,-0.001,0.037000000000000005,137.87,0.365,-0.5329999999999999
00:00:15.574,1572945188761,0.7340000000000001,0.027000000000000003,24.788,0.664,3.0,-0.009000000000000001,18.176,-0.001,0.037000000000000005,138.172,0.364,-0.5329999999999999
00:00:15.575,1572945188762,0.735,0.026,24.934,0.664,3.0,-0.009000000000000001,18.189,-0.001,0.037000000000000005,138.475,0.363,-0.5329999999999999
00:00:15.576,1572945188763,0.735,0.026,24.934,0.664,3.0,-0.009000000000000001,18.201,-0.001,0.037000000000000005,138.779,0.362,-0.5329999999999999
00:00:15.622,1572945188809,0.735,0.026,24.934,0.664,3.0,-0.009000000000000001,18.213,-0.001,0.037000000000000005,139.082,0.362,-0.5329999999999999
00:00:15.623,1572945188810,0.735,0.026,24.934,0.664,3.0,-0.009000000000000001,18.225,-0.001,0.037000000000000005,139.386,0.361,-0.5329999999999999
00:00:15.624,1572945188811,0.736,0.026,24.934,0.664,3.0,-0.009000000000000001,18.238,-0.001,0.037000000000000005,139.69,0.36,-0.5329999999999999
00:00:15.672,1572945188859,0.736,0.026,24.934,0.664,3.0,-0.009000000000000001,18.25,-0.001,0.037000000000000005,139.994,0.359,-0.5329999999999999
00:00:15.673,1572945188860,0.736,0.026,25.301,0.664,3.0,-0.009000000000000001,18.262,-0.001,0.038,140.298,0.359,-0.5329999999999999
00:00:15.674,1572945188861,0.736,0.026,25.301,0.664,3.0,-0.009000000000000001,18.274,-0.001,0.038,140.602,0.358,-0.5329999999999999
00:00:15.722,1572945188909,0.736,0.026,25.301,0.664,3.0,-0.009000000000000001,18.287,-0.001,0.038,140.907,0.35700000000000004,-0.5329999999999999
00:00:15.723,1572945188910,0.738,0.026,25.301,0.664,3.0,-0.009000000000000001,18.299,-0.001,0.038,141.21200000000005,0.35700000000000004,-0.5329999999999999
00:00:15.724,1572945188911,0.74,0.026,25.301,0.664,3.0,-0.009000000000000001,18.311,-0.001,0.038,141.517,0.35600000000000004,-0.5329999999999999
00:00:15.774,1572945188961,0.741,0.025,25.301,0.664,3.0,-0.009000000000000001,18.324,-0.001,0.038,141.822,0.355,-0.5329999999999999
00:00:15.775,1572945188962,0.742,0.025,25.447,0.664,3.0,-0.009000000000000001,18.336,-0.001,0.038,142.128,0.355,-0.5329999999999999
00:00:15.776,1572945188963,0.743,0.025,25.447,0.664,3.0,-0.009000000000000001,18.348,-0.001,0.038,142.434,0.354,-0.5329999999999999
00:00:15.822,1572945189009,0.743,0.025,25.447,0.664,3.0,-0.009000000000000001,18.361,-0.001,0.038,142.739,0.353,-0.5329999999999999
00:00:15.823,1572945189010,0.743,0.025,25.447,0.664,3.0,-0.009000000000000001,18.373,-0.001,0.038,143.046,0.353,-0.5329999999999999
00:00:15.824,1572945189011,0.743,0.025,25.447,0.664,3.0,-0.009000000000000001,18.386,-0.001,0.038,143.352,0.35200000000000004,-0.5329999999999999
00:00:15.873,1572945189060,0.7440000000000001,0.025,25.447,0.664,3.0,-0.009000000000000001,18.398,-0.001,0.038,143.658,0.35100000000000003,-0.5329999999999999
00:00:15.874,1572945189061,0.743,0.025,25.447,0.664,3.0,-0.009000000000000001,18.41,-0.001,0.039,143.965,0.35100000000000003,-0.5329999999999999
00:00:15.875,1572945189062,0.743,0.025,25.447,0.664,3.0,-0.009000000000000001,18.423,-0.001,0.039,144.27200000000005,0.35,-0.5329999999999999
00:00:15.924,1572945189111,0.743,0.025,25.447,0.664,3.0,-0.009000000000000001,18.435,-0.001,0.039,144.579,0.35,-0.5329999999999999
00:00:15.925,1572945189112,0.742,0.025,25.447,0.664,3.0,-0.009000000000000001,18.445,-0.001,0.039,144.829,0.349,-0.5329999999999999
00:00:15.926,1572945189113,0.741,0.025,25.447,0.664,3.0,-0.009000000000000001,18.458,-0.001,0.039,145.136,0.348,-0.5329999999999999
00:00:15.976,1572945189163,0.741,0.025,25.447,0.664,3.0,-0.009000000000000001,18.47,-0.001,0.039,145.444,0.348,-0.5329999999999999
00:00:15.977,1572945189164,0.74,0.025,25.447,0.664,3.0,-0.009000000000000001,18.482,-0.001,0.039,145.752,0.34700000000000003,-0.5329999999999999
00:00:15.978,1572945189165,0.74,0.025,25.447,0.664,3.0,-0.009000000000000001,18.495,-0.001,0.039,146.06,0.34700000000000003,-0.5329999999999999
00:00:15.979,1572945189166,0.7390000000000001,0.025,25.447,0.664,3.0,-0.009000000000000001,18.507,-0.001,0.039,146.369,0.34600000000000003,-0.5329999999999999
00:00:16.026,1572945189213,0.738,0.025,25.447,0.664,3.0,-0.009000000000000001,18.519,-0.001,0.039,146.67700000000005,0.345,-0.5329999999999999
00:00:16.027,1572945189214,0.738,0.025,25.447,0.664,3.0,-0.009000000000000001,18.531,-0.001,0.039,146.986,0.345,-0.5329999999999999
00:00:16.028,1572945189215,0.737,0.025,25.447,0.664,3.0,-0.009000000000000001,18.544,-0.001,0.039,147.295,0.344,-0.5329999999999999
00:00:16.076,1572945189263,0.737,0.025,25.447,0.664,3.0,-0.009000000000000001,18.556,-0.001,0.039,147.60399999999996,0.344,-0.5329999999999999
00:00:16.077,1572945189264,0.736,0.025,25.447,0.664,3.0,-0.009000000000000001,18.568,-0.001,0.039,147.91299999999995,0.343,-0.5329999999999999
00:00:16.078,1572945189265,0.736,0.025,25.447,0.664,3.0,-0.009000000000000001,18.581,-0.001,0.039,148.22299999999996,0.343,-0.5329999999999999
00:00:16.133,1572945189320,0.735,0.025,25.447,0.664,3.0,-0.009000000000000001,18.593,-0.001,0.039,148.533,0.342,-0.5329999999999999
00:00:16.134,1572945189321,0.735,0.025,25.447,0.664,3.0,-0.009000000000000001,18.605,-0.001,0.039,148.843,0.342,-0.5329999999999999
00:00:16.135,1572945189322,0.7340000000000001,0.025,25.447,0.664,3.0,-0.009000000000000001,18.617,-0.001,0.039,149.153,0.341,-0.5329999999999999
00:00:16.178,1572945189365,0.7340000000000001,0.025,25.667,0.664,3.0,-0.009000000000000001,18.629,-0.001,0.039,149.463,0.341,-0.5329999999999999
00:00:16.179,1572945189366,0.733,0.025,25.667,0.664,3.0,-0.009000000000000001,18.642,-0.001,0.039,149.774,0.34,-0.5329999999999999
00:00:16.180,1572945189367,0.733,0.025,25.667,0.664,3.0,-0.009000000000000001,18.654,-0.001,0.039,150.085,0.34,-0.5329999999999999
00:00:16.226,1572945189413,0.7340000000000001,0.025,25.667,0.664,3.0,-0.009000000000000001,18.666,-0.001,0.039,150.39600000000004,0.339,-0.5329999999999999
00:00:16.227,1572945189414,0.735,0.025,25.667,0.664,3.0,-0.009000000000000001,18.678,-0.001,0.039,150.707,0.339,-0.5329999999999999
00:00:16.228,1572945189415,0.736,0.025,25.667,0.664,3.0,-0.008,18.691,-0.001,0.039,151.018,0.338,-0.5329999999999999
00:00:16.277,1572945189464,0.736,0.025,25.667,0.664,3.0,-0.008,18.703,-0.001,0.039,151.33,0.338,-0.5329999999999999
00:00:16.278,1572945189465,0.736,0.025,25.667,0.664,3.0,-0.008,18.715,-0.001,0.039,151.642,0.337,-0.5329999999999999
00:00:16.279,1572945189466,0.736,0.025,25.667,0.664,3.0,-0.008,18.728,-0.001,0.039,151.954,0.337,-0.5329999999999999
00:00:16.332,1572945189519,0.736,0.025,25.667,0.664,3.0,-0.008,18.74,-0.001,0.039,152.266,0.336,-0.5329999999999999
00:00:16.333,1572945189520,0.735,0.025,25.667,0.664,3.0,-0.009000000000000001,18.752,-0.001,0.039,152.578,0.336,-0.5329999999999999
00:00:16.334,1572945189521,0.735,0.025,25.667,0.664,3.0,-0.009000000000000001,18.764,-0.001,0.039,152.891,0.335,-0.5329999999999999
00:00:16.379,1572945189566,0.7340000000000001,0.025,25.813,1.128,3.0,-0.009000000000000001,18.776,-0.001,0.039,153.204,0.335,-0.5329999999999999
00:00:16.380,1572945189567,0.73,0.026,25.813,1.128,3.0,-0.009000000000000001,18.789,-0.001,0.039,153.517,0.335,-0.5329999999999999
00:00:16.381,1572945189568,0.725,0.025,25.813,1.128,3.0,-0.009000000000000001,18.801,-0.001,0.039,153.83,0.334,-0.5329999999999999
00:00:16.429,1572945189616,0.722,0.026,25.813,1.128,3.0,-0.009000000000000001,18.813,-0.001,0.039,154.144,0.334,-0.5329999999999999
00:00:16.430,1572945189617,0.722,0.026,25.813,1.128,3.0,-0.009000000000000001,18.825,-0.001,0.039,154.457,0.333,-0.5329999999999999
00:00:16.431,1572945189618,0.722,0.026,25.813,1.128,3.0,-0.009000000000000001,18.837,-0.001,0.039,154.77100000000004,0.333,-0.5329999999999999
00:00:16.479,1572945189666,0.722,0.026,25.96,0.664,3.0,-0.009000000000000001,18.849,-0.001,0.039,155.085,0.333,-0.5329999999999999
00:00:16.480,1572945189667,0.725,0.026,25.96,0.664,3.0,-0.009000000000000001,18.861,-0.001,0.039,155.399,0.332,-0.5329999999999999
00:00:16.481,1572945189668,0.73,0.026,25.96,0.664,3.0,-0.009000000000000001,18.873,-0.001,0.039,155.714,0.332,-0.5329999999999999
00:00:16.529,1572945189716,0.733,0.026,25.96,0.664,3.0,-0.009000000000000001,18.885,-0.001,0.039,156.029,0.331,-0.5329999999999999
00:00:16.530,1572945189717,0.735,0.026,25.96,0.664,3.0,-0.009000000000000001,18.898,-0.001,0.039,156.343,0.331,-0.5329999999999999
00:00:16.531,1572945189718,0.735,0.026,25.96,0.664,3.0,-0.009000000000000001,18.91,-0.001,0.039,156.658,0.331,-0.5329999999999999
00:00:16.582,1572945189769,0.735,0.026,26.326,0.664,3.0,-0.009000000000000001,18.922,-0.001,0.039,156.974,0.33,-0.5329999999999999
00:00:16.583,1572945189770,0.735,0.026,26.326,0.664,3.0,-0.009000000000000001,18.934,-0.001,0.039,157.289,0.33,-0.5329999999999999
00:00:16.584,1572945189771,0.736,0.026,26.326,0.664,3.0,-0.009000000000000001,18.947,-0.001,0.039,157.605,0.33,-0.5329999999999999
00:00:16.633,1572945189820,0.737,0.026,26.326,0.664,3.0,-0.009000000000000001,18.959,-0.001,0.039,157.921,0.329,-0.5329999999999999
00:00:16.634,1572945189821,0.7390000000000001,0.026,26.326,0.664,3.0,-0.009000000000000001,18.971,-0.001,0.039,158.237,0.329,-0.5329999999999999
00:00:16.635,1572945189822,0.741,0.026,26.326,0.664,3.0,-0.009000000000000001,18.984,-0.001,0.039,158.553,0.329,-0.5329999999999999
00:00:16.685,1572945189872,0.742,0.026,26.619,0.664,3.0,-0.009000000000000001,18.996,-0.001,0.039,158.87,0.328,-0.5329999999999999
00:00:16.686,1572945189873,0.743,0.026,26.619,0.664,3.0,-0.009000000000000001,19.008,-0.001,0.039,159.186,0.328,-0.5329999999999999
00:00:16.687,1572945189874,0.7440000000000001,0.026,26.619,0.664,3.0,-0.009000000000000001,19.021,-0.001,0.039,159.503,0.328,-0.5329999999999999
00:00:16.736,1572945189923,0.745,0.026,26.619,0.664,3.0,-0.009000000000000001,19.033,-0.001,0.039,159.82,0.327,-0.5329999999999999
00:00:16.737,1572945189924,0.746,0.026,26.619,0.664,3.0,-0.009000000000000001,19.046,-0.001,0.04,160.138,0.327,-0.5329999999999999
00:00:16.738,1572945189925,0.747,0.026,26.619,0.664,3.0,-0.009000000000000001,19.058,-0.001,0.04,160.455,0.327,-0.5329999999999999
00:00:16.786,1572945189973,0.748,0.026,26.619,0.664,3.0,-0.009000000000000001,19.071,-0.001,0.04,160.773,0.327,-0.5329999999999999
00:00:16.787,1572945189974,0.748,0.026,26.619,0.664,3.0,-0.009000000000000001,19.083,-0.001,0.04,161.091,0.326,-0.5329999999999999
00:00:16.788,1572945189975,0.748,0.026,26.619,0.664,3.0,-0.009000000000000001,19.096,-0.001,0.04,161.409,0.326,-0.5329999999999999
00:00:16.844,1572945190031,0.747,0.026,26.619,0.664,3.0,-0.009000000000000001,19.108,-0.001,0.04,161.727,0.326,-0.5329999999999999
00:00:16.845,1572945190032,0.746,0.026,26.619,0.664,3.0,-0.009000000000000001,19.12,-0.001,0.041,162.046,0.326,-0.5329999999999999
00:00:16.846,1572945190033,0.746,0.026,26.619,0.664,3.0,-0.009000000000000001,19.133,-0.001,0.041,162.365,0.325,-0.5329999999999999
00:00:16.889,1572945190076,0.745,0.026,26.619,0.664,3.0,-0.009000000000000001,19.145,-0.001,0.041,162.684,0.325,-0.5329999999999999
00:00:16.890,1572945190077,0.7440000000000001,0.026,26.619,0.664,3.0,-0.009000000000000001,19.158,-0.001,0.041,163.003,0.325,-0.5329999999999999
00:00:16.891,1572945190078,0.7440000000000001,0.026,26.619,0.664,3.0,-0.009000000000000001,19.17,-0.001,0.041,163.322,0.325,-0.5329999999999999
00:00:16.939,1572945190126,0.743,0.026,26.619,0.664,3.0,-0.009000000000000001,19.182,-0.001,0.041,163.642,0.325,-0.5329999999999999
00:00:16.940,1572945190127,0.743,0.026,26.619,0.664,3.0,-0.009000000000000001,19.195,-0.001,0.041,163.96200000000005,0.324,-0.5329999999999999
00:00:16.941,1572945190128,0.742,0.026,26.619,0.664,3.0,-0.009000000000000001,19.207,-0.001,0.041,164.282,0.324,-0.5329999999999999
00:00:16.986,1572945190173,0.742,0.026,26.619,0.664,3.0,-0.009000000000000001,19.219,-0.001,0.042,164.602,0.324,-0.5329999999999999
00:00:16.987,1572945190174,0.741,0.026,26.619,0.664,3.0,-0.009000000000000001,19.232,-0.001,0.042,164.922,0.324,-0.5329999999999999
00:00:16.988,1572945190175,0.741,0.026,26.619,0.664,3.0,-0.009000000000000001,19.244,-0.001,0.042,165.243,0.324,-0.5329999999999999
00:00:17.037,1572945190224,0.74,0.026,26.619,0.664,3.0,-0.009000000000000001,19.256,-0.001,0.042,165.56400000000005,0.324,-0.5329999999999999
00:00:17.038,1572945190225,0.74,0.026,26.619,0.664,3.0,-0.009000000000000001,19.269,-0.001,0.042,165.885,0.32299999999999995,-0.5329999999999999
00:00:17.039,1572945190226,0.7390000000000001,0.026,26.619,0.664,3.0,-0.009000000000000001,19.281,-0.001,0.042,166.206,0.32299999999999995,-0.5329999999999999
00:00:17.088,1572945190275,0.7390000000000001,0.026,26.619,0.664,3.0,-0.009000000000000001,19.293,-0.001,0.041,166.528,0.32299999999999995,-0.5329999999999999
00:00:17.089,1572945190276,0.738,0.026,26.619,0.664,3.0,-0.009000000000000001,19.306,-0.001,0.041,166.84900000000005,0.32299999999999995,-0.5329999999999999
00:00:17.090,1572945190277,0.737,0.026,26.619,0.664,3.0,-0.009000000000000001,19.318,-0.001,0.041,167.171,0.32299999999999995,-0.5329999999999999
00:00:17.144,1572945190331,0.737,0.026,26.619,0.664,3.0,-0.009000000000000001,19.328,-0.001,0.041,167.433,0.32299999999999995,-0.5329999999999999
00:00:17.145,1572945190332,0.737,0.026,26.619,0.664,3.0,-0.009000000000000001,19.34,-0.001,0.041,167.755,0.32299999999999995,-0.5329999999999999
00:00:17.146,1572945190333,0.736,0.026,26.619,0.664,3.0,-0.009000000000000001,19.352,-0.001,0.041,168.077,0.32299999999999995,-0.5329999999999999
00:00:17.189,1572945190376,0.736,0.026,26.619,0.664,3.0,-0.009000000000000001,19.365,-0.001,0.041,168.4,0.322,-0.5329999999999999
00:00:17.190,1572945190377,0.735,0.026,26.985,0.664,3.0,-0.009000000000000001,19.377,-0.001,0.041,168.72299999999996,0.322,-0.5329999999999999
00:00:17.191,1572945190378,0.735,0.026,26.985,0.664,3.0,-0.009000000000000001,19.389,-0.001,0.041,169.046,0.322,-0.5329999999999999
00:00:17.239,1572945190426,0.737,0.026,26.985,0.664,3.0,-0.009000000000000001,19.402,-0.001,0.041,169.389,0.322,-0.5329999999999999
00:00:17.240,1572945190427,0.7390000000000001,0.026,26.985,0.664,3.0,-0.009000000000000001,19.414,-0.001,0.041,169.69299999999996,0.322,-0.5329999999999999
00:00:17.241,1572945190428,0.741,0.027000000000000003,26.985,0.664,3.0,-0.009000000000000001,19.427,-0.001,0.041,170.037,0.322,-0.5329999999999999
00:00:17.289,1572945190476,0.742,0.027000000000000003,26.985,0.664,3.0,-0.009000000000000001,19.439,-0.001,0.041,170.361,0.322,-0.5329999999999999
00:00:17.290,1572945190477,0.743,0.028,27.644,0.664,3.0,-0.009000000000000001,19.451,-0.001,0.041,170.66400000000004,0.322,-0.5329999999999999
00:00:17.291,1572945190478,0.7440000000000001,0.028,27.644,0.664,3.0,-0.009000000000000001,19.463,-0.001,0.041,170.989,0.322,-0.5329999999999999
00:00:17.339,1572945190526,0.747,0.028,27.644,0.664,3.0,-0.009000000000000001,19.476,-0.001,0.041,171.313,0.322,-0.5329999999999999
00:00:17.340,1572945190527,0.7509999999999999,0.028,27.644,0.664,3.0,-0.009000000000000001,19.489,-0.001,0.041,171.658,0.322,-0.5329999999999999
00:00:17.341,1572945190528,0.755,0.028,27.644,0.664,3.0,-0.009000000000000001,19.501,-0.001,0.041,171.963,0.322,-0.5329999999999999
00:00:17.395,1572945190582,0.757,0.028,27.644,0.664,3.0,-0.009000000000000001,19.514,-0.001,0.041,172.28799999999995,0.322,-0.5329999999999999
00:00:17.396,1572945190583,0.759,0.028,27.791,0.664,3.0,-0.009000000000000001,19.526,-0.001,0.041,172.613,0.322,-0.5329999999999999
00:00:17.397,1572945190584,0.76,0.028,27.791,0.664,3.0,-0.009000000000000001,19.539,-0.001,0.042,172.93900000000005,0.322,-0.5329999999999999
00:00:17.444,1572945190631,0.76,0.028,27.791,0.664,3.0,-0.009000000000000001,19.552,-0.001,0.042,173.265,0.322,-0.5329999999999999
00:00:17.445,1572945190632,0.7609999999999999,0.028,27.791,0.664,3.0,-0.009000000000000001,19.564,-0.001,0.042,173.59,0.322,-0.5329999999999999
00:00:17.446,1572945190633,0.7609999999999999,0.029,27.791,0.664,3.0,-0.009000000000000001,19.577,-0.001,0.042,173.917,0.322,-0.5329999999999999
00:00:17.447,1572945190634,0.76,0.029,27.791,0.664,3.0,-0.009000000000000001,19.59,-0.001,0.042,174.243,0.322,-0.5329999999999999
00:00:17.498,1572945190685,0.76,0.031,27.937,0.664,3.0,-0.009000000000000001,19.602,-0.001,0.043,174.57,0.322,-0.5329999999999999
00:00:17.499,1572945190686,0.76,0.034,27.937,0.664,3.0,-0.009000000000000001,19.615,-0.001,0.043,174.896,0.322,-0.5329999999999999
00:00:17.500,1572945190687,0.76,0.037000000000000005,27.937,0.664,3.0,-0.009000000000000001,19.628,-0.001,0.043,175.22299999999996,0.322,-0.5329999999999999
00:00:17.543,1572945190730,0.76,0.04,27.937,0.664,3.0,-0.009000000000000001,19.64,-0.001,0.043,175.551,0.322,-0.5329999999999999
00:00:17.544,1572945190731,0.7609999999999999,0.043,27.937,0.664,3.0,-0.009000000000000001,19.653,-0.001,0.044,175.878,0.322,-0.5329999999999999
00:00:17.545,1572945190732,0.7609999999999999,0.045,27.937,0.664,3.0,-0.009000000000000001,19.666,-0.001,0.044,176.206,0.322,-0.5329999999999999
00:00:17.595,1572945190782,0.7609999999999999,0.046,27.937,0.664,3.0,-0.009000000000000001,19.679,-0.001,0.044,176.53400000000005,0.32299999999999995,-0.5329999999999999
00:00:17.596,1572945190783,0.76,0.046,27.937,0.664,3.0,-0.009000000000000001,19.691,-0.001,0.044,176.862,0.32299999999999995,-0.5329999999999999
00:00:17.597,1572945190784,0.76,0.045,27.937,0.664,3.0,-0.01,19.704,-0.001,0.044,177.19,0.32299999999999995,-0.5329999999999999
00:00:17.643,1572945190830,0.759,0.044,27.937,0.664,3.0,-0.01,19.717,-0.001,0.044,177.519,0.32299999999999995,-0.5329999999999999
00:00:17.644,1572945190831,0.759,0.044,27.937,0.664,3.0,-0.011,19.729,-0.001,0.045,177.847,0.32299999999999995,-0.5329999999999999
00:00:17.645,1572945190832,0.758,0.043,27.937,0.664,3.0,-0.011,19.742,-0.001,0.045,178.176,0.32299999999999995,-0.5329999999999999
00:00:17.693,1572945190880,0.758,0.044,28.157,0.664,3.0,-0.011,19.755,-0.002,0.045,178.52599999999995,0.32299999999999995,-0.5329999999999999
00:00:17.694,1572945190881,0.757,0.044,28.157,0.664,3.0,-0.011,19.767,-0.002,0.045,178.835,0.324,-0.5329999999999999
00:00:17.695,1572945190882,0.758,0.044,28.157,0.664,3.0,-0.011,19.78,-0.002,0.045,179.16400000000004,0.324,-0.5329999999999999
00:00:17.745,1572945190932,0.759,0.045,28.157,0.664,3.0,-0.012,19.792,-0.002,0.045,179.49400000000003,0.324,-0.5329999999999999
00:00:17.746,1572945190933,0.76,0.045,28.157,0.664,3.0,-0.012,19.806,-0.002,0.045,179.845,0.324,-0.5329999999999999
00:00:17.747,1572945190934,0.7609999999999999,0.045,28.157,0.664,3.0,-0.012,19.818,-0.002,0.045,180.154,0.325,-0.5329999999999999
00:00:17.798,1572945190985,0.7609999999999999,0.044,28.157,0.664,3.0,-0.012,19.83,-0.003,0.045,180.485,0.325,-0.5329999999999999
00:00:17.799,1572945190986,0.7609999999999999,0.043,28.157,0.664,3.0,-0.013,19.843,-0.003,0.045,180.815,0.325,-0.5329999999999999
00:00:17.800,1572945190987,0.76,0.042,28.157,0.664,3.0,-0.013,19.856,-0.003,0.045,181.167,0.325,-0.5329999999999999
00:00:17.845,1572945191032,0.76,0.041,28.157,0.664,3.0,-0.013,19.868,-0.003,0.045,181.477,0.326,-0.5329999999999999
00:00:17.846,1572945191033,0.759,0.039,28.157,0.664,3.0,-0.013,19.882,-0.003,0.045,181.829,0.326,-0.5329999999999999
00:00:17.847,1572945191034,0.759,0.038,28.157,0.664,3.0,-0.013,19.894,-0.003,0.045,182.14,0.326,-0.5329999999999999
00:00:17.895,1572945191082,0.758,0.036000000000000004,28.304,0.664,3.0,-0.013,19.907,-0.003,0.045,182.492,0.327,-0.5329999999999999
00:00:17.896,1572945191083,0.758,0.035,28.304,0.664,3.0,-0.013,19.919,-0.004,0.045,182.803,0.327,-0.5329999999999999
00:00:17.897,1572945191084,0.758,0.033,28.304,0.664,3.0,-0.013,19.932,-0.004,0.045,183.135,0.327,-0.5329999999999999
00:00:17.946,1572945191133,0.758,0.032,28.304,0.664,3.0,-0.013,19.944000000000006,-0.004,0.045,183.468,0.328,-0.5329999999999999
00:00:17.947,1572945191134,0.759,0.031,28.304,0.664,3.0,-0.013,19.958,-0.004,0.045,183.821,0.328,-0.5329999999999999
00:00:17.948,1572945191135,0.759,0.031,28.304,0.664,3.0,-0.013,19.969,-0.003,0.045,184.133,0.329,-0.5329999999999999
00:00:17.997,1572945191184,0.759,0.03,28.67,0.664,3.0,-0.013,19.982,-0.003,0.045,184.466,0.329,-0.5329999999999999
00:00:17.998,1572945191185,0.76,0.029,28.67,0.664,3.0,-0.013,19.995,-0.003,0.045,184.799,0.329,-0.5329999999999999
00:00:17.999,1572945191186,0.7609999999999999,0.028,28.67,0.664,3.0,-0.013,20.008,-0.003,0.045,185.153,0.33,-0.5329999999999999
00:00:18.047,1572945191234,0.763,0.027000000000000003,28.67,0.664,3.0,-0.012,20.02,-0.003,0.045,185.466,0.33,-0.5329999999999999
00:00:18.048,1572945191235,0.765,0.027000000000000003,28.67,0.664,3.0,-0.012,20.033,-0.003,0.045,185.8,0.331,-0.5329999999999999
00:00:18.049,1572945191236,0.767,0.026,28.67,0.664,3.0,-0.012,20.046,-0.003,0.045,186.134,0.331,-0.5329999999999999
00:00:18.100,1572945191287,0.767,0.024,28.963,0.664,3.0,-0.012,20.059,-0.002,0.045,186.489,0.331,-0.5329999999999999
00:00:18.101,1572945191288,0.768,0.023,28.963,0.664,3.0,-0.012,20.071,-0.002,0.045,186.802,0.332,-0.5329999999999999
00:00:18.102,1572945191289,0.769,0.022,28.963,0.664,3.0,-0.012,20.084,-0.002,0.045,187.137,0.332,-0.5329999999999999
00:00:18.148,1572945191335,0.7709999999999999,0.022,28.963,0.664,3.0,-0.012,20.097,-0.002,0.045,187.472,0.333,-0.5329999999999999
00:00:18.149,1572945191336,0.772,0.021,28.963,0.664,3.0,-0.011,20.11,-0.002,0.045,187.807,0.333,-0.5329999999999999
00:00:18.150,1572945191337,0.773,0.02,28.963,0.664,3.0,-0.011,20.124,-0.002,0.045,188.163,0.334,-0.5329999999999999
00:00:18.203,1572945191390,0.773,0.019,29.109,0.664,3.0,-0.011,20.136,-0.002,0.045,188.478,0.334,-0.5329999999999999
00:00:18.204,1572945191391,0.773,0.019,29.109,0.664,3.0,-0.011,20.149,-0.001,0.046,188.813,0.335,-0.5329999999999999
00:00:18.205,1572945191392,0.773,0.018000000000000002,29.109,0.664,3.0,-0.011,20.162,-0.001,0.046,189.149,0.335,-0.5329999999999999
00:00:18.253,1572945191440,0.774,0.018000000000000002,29.109,0.664,3.0,-0.011,20.175,-0.001,0.046,189.506,0.336,-0.5329999999999999
00:00:18.254,1572945191441,0.774,0.017,29.109,0.664,3.0,-0.01,20.187,-0.001,0.046,189.822,0.336,-0.5329999999999999
00:00:18.255,1572945191442,0.774,0.017,29.109,0.664,3.0,-0.01,20.2,-0.001,0.046,190.158,0.337,-0.5329999999999999
00:00:18.305,1572945191492,0.774,0.017,29.109,0.664,3.0,-0.01,20.213,-0.001,0.046,190.495,0.337,-0.5329999999999999
00:00:18.306,1572945191493,0.773,0.017,29.109,0.664,3.0,-0.01,20.226,-0.001,0.046,190.832,0.338,-0.5329999999999999
00:00:18.307,1572945191494,0.773,0.016,29.109,0.664,3.0,-0.01,20.239,-0.001,0.047,191.169,0.338,-0.5329999999999999
00:00:18.355,1572945191542,0.772,0.016,29.109,0.664,3.0,-0.01,20.253,-0.001,0.047,191.528,0.339,-0.5329999999999999
00:00:18.356,1572945191543,0.7709999999999999,0.016,29.109,0.664,3.0,-0.009000000000000001,20.265,-0.001,0.047,191.844,0.339,-0.5329999999999999
00:00:18.357,1572945191544,0.77,0.016,29.109,0.664,3.0,-0.009000000000000001,20.275,-0.001,0.047,192.11900000000003,0.34,-0.5329999999999999
00:00:18.405,1572945191592,0.77,0.016,29.109,0.664,3.0,-0.009000000000000001,20.289,-0.001,0.047,192.478,0.34,-0.5329999999999999
00:00:18.406,1572945191593,0.769,0.016,29.109,0.664,3.0,-0.009000000000000001,20.301,-0.001,0.047,192.795,0.341,-0.5329999999999999
00:00:18.407,1572945191594,0.769,0.016,29.109,0.664,3.0,-0.009000000000000001,20.314,-0.001,0.047,193.155,0.341,-0.5329999999999999
00:00:18.455,1572945191642,0.769,0.016,29.109,0.664,3.0,-0.009000000000000001,20.329,-0.001,0.047,193.557,0.342,-0.5329999999999999
00:00:18.456,1572945191643,0.769,0.017,29.109,0.664,3.0,-0.009000000000000001,20.34,-0.001,0.047,193.832,0.342,-0.5329999999999999
00:00:18.457,1572945191644,0.768,0.017,29.109,0.664,3.0,-0.009000000000000001,20.353,-0.001,0.047,194.171,0.343,-0.5329999999999999
00:00:18.505,1572945191692,0.768,0.017,29.109,0.664,3.0,-0.008,20.365,-0.001,0.047,194.511,0.343,-0.5329999999999999
00:00:18.506,1572945191693,0.767,0.017,29.109,0.664,3.0,-0.008,20.377,-0.001,0.047,194.829,0.344,-0.5329999999999999
00:00:18.507,1572945191694,0.767,0.017,29.109,0.664,3.0,-0.008,20.391,-0.001,0.047,195.19,0.345,-0.5329999999999999
00:00:18.562,1572945191749,0.767,0.018000000000000002,29.109,0.664,3.0,-0.008,20.404,-0.001,0.047,195.53,0.345,-0.5329999999999999
00:00:18.563,1572945191750,0.7659999999999999,0.018000000000000002,29.109,0.664,3.0,-0.008,20.417,-0.001,0.047,195.87,0.34600000000000003,-0.5329999999999999
00:00:18.564,1572945191751,0.7659999999999999,0.018000000000000002,29.109,0.664,3.0,-0.008,20.429,-0.001,0.047,196.21,0.34600000000000003,-0.5329999999999999
00:00:18.607,1572945191794,0.765,0.019,29.109,0.664,3.0,-0.008,20.442,-0.001,0.047,196.551,0.34700000000000003,-0.5329999999999999
00:00:18.608,1572945191795,0.765,0.019,29.109,0.664,3.0,-0.008,20.455,-0.001,0.047,196.892,0.348,-0.5329999999999999
00:00:18.609,1572945191796,0.765,0.019,29.109,0.664,3.0,-0.008,20.468,-0.001,0.047,197.233,0.348,-0.5329999999999999
00:00:18.660,1572945191847,0.764,0.019,29.109,0.664,3.0,-0.008,20.48,-0.001,0.047,197.574,0.349,-0.5329999999999999
00:00:18.661,1572945191848,0.764,0.02,29.109,0.664,3.0,-0.008,20.492,-0.001,0.047,197.894,0.349,-0.5329999999999999
00:00:18.662,1572945191849,0.764,0.02,29.109,0.664,3.0,-0.008,20.506,-0.001,0.047,198.257,0.35,-0.5329999999999999
00:00:18.663,1572945191850,0.763,0.02,29.109,0.664,3.0,-0.008,20.518,-0.001,0.047,198.599,0.35100000000000003,-0.5329999999999999
00:00:18.710,1572945191897,0.763,0.02,29.109,0.664,3.0,-0.008,20.531,-0.001,0.047,198.941,0.35100000000000003,-0.5329999999999999
00:00:18.711,1572945191898,0.762,0.021,29.109,0.664,3.0,-0.008,20.544,-0.001,0.047,199.283,0.35200000000000004,-0.5329999999999999
00:00:18.712,1572945191899,0.762,0.021,29.109,0.664,3.0,-0.008,20.557,-0.001,0.047,199.626,0.353,-0.5329999999999999
00:00:18.762,1572945191949,0.762,0.021,29.109,0.664,3.0,-0.008,20.569000000000006,-0.001,0.047,199.969,0.353,-0.5329999999999999
00:00:18.763,1572945191950,0.7609999999999999,0.021,29.109,0.664,3.0,-0.008,20.582,-0.001,0.047,200.312,0.354,-0.5329999999999999
00:00:18.764,1572945191951,0.7609999999999999,0.021,29.109,0.664,3.0,-0.008,20.595,-0.001,0.047,200.655,0.355,-0.5329999999999999
00:00:18.817,1572945192004,0.7609999999999999,0.022,29.109,0.664,3.0,-0.008,20.607,-0.001,0.047,200.998,0.355,-0.5329999999999999
00:00:18.818,1572945192005,0.76,0.022,29.109,0.664,3.0,-0.008,20.62,-0.001,0.047,201.342,0.35600000000000004,-0.5329999999999999
00:00:18.819,1572945192006,0.76,0.022,29.109,0.664,3.0,-0.008,20.633000000000006,-0.001,0.047,201.685,0.35700000000000004,-0.5329999999999999
00:00:18.860,1572945192047,0.759,0.022,29.109,0.664,3.0,-0.008,20.645,-0.002,0.047,202.029,0.35700000000000004,-0.5329999999999999
00:00:18.861,1572945192048,0.759,0.022,29.109,0.664,3.0,-0.008,20.658,-0.002,0.046,202.374,0.358,-0.5329999999999999
00:00:18.862,1572945192049,0.759,0.022,29.109,0.664,3.0,-0.008,20.671,-0.002,0.046,202.718,0.359,-0.5329999999999999
00:00:18.910,1572945192097,0.758,0.022,29.109,0.664,3.0,-0.008,20.683000000000003,-0.002,0.046,203.063,0.359,-0.5329999999999999
00:00:18.911,1572945192098,0.758,0.022,29.109,0.664,3.0,-0.008,20.696,-0.002,0.046,203.407,0.36,-0.5329999999999999
00:00:18.912,1572945192099,0.757,0.022,29.109,0.664,3.0,-0.008,20.708,-0.002,0.046,203.752,0.361,-0.5329999999999999
00:00:18.961,1572945192148,0.757,0.023,29.109,0.664,3.0,-0.008,20.721,-0.002,0.046,204.098,0.362,-0.5329999999999999
00:00:18.962,1572945192149,0.757,0.023,29.109,0.664,3.0,-0.008,20.734,-0.002,0.046,204.443,0.362,-0.5329999999999999
00:00:18.963,1572945192150,0.7559999999999999,0.023,29.109,0.664,3.0,-0.008,20.746,-0.002,0.046,204.789,0.363,-0.5329999999999999
00:00:19.026,1572945192213,0.7559999999999999,0.023,29.109,0.664,3.0,-0.008,20.759,-0.002,0.046,205.135,0.364,-0.5329999999999999
00:00:19.027,1572945192214,0.7559999999999999,0.023,29.109,0.664,3.0,-0.008,20.771,-0.002,0.046,205.481,0.365,-0.5329999999999999
00:00:19.028,1572945192215,0.755,0.023,29.109,0.664,3.0,-0.008,20.784,-0.002,0.046,205.827,0.365,-0.5329999999999999
00:00:19.070,1572945192257,0.755,0.023,29.109,0.664,3.0,-0.008,20.797,-0.002,0.046,206.174,0.366,-0.5329999999999999
00:00:19.071,1572945192258,0.755,0.023,29.109,0.664,3.0,-0.008,20.809,-0.002,0.046,206.52,0.3670000000000001,-0.5329999999999999
00:00:19.072,1572945192259,0.755,0.023,29.109,0.664,3.0,-0.008,20.822,-0.002,0.046,206.867,0.368,-0.5329999999999999
00:00:19.120,1572945192307,0.754,0.023,29.109,0.664,3.0,-0.008,20.834,-0.002,0.046,207.21400000000003,0.368,-0.5329999999999999
00:00:19.121,1572945192308,0.754,0.023,29.109,0.664,3.0,-0.008,20.847,-0.002,0.046,207.562,0.369,-0.5329999999999999
00:00:19.122,1572945192309,0.754,0.023,29.109,0.664,3.0,-0.008,20.859,-0.002,0.046,207.909,0.37,-0.5329999999999999
00:00:19.170,1572945192357,0.754,0.023,29.109,0.664,3.0,-0.008,20.872,-0.002,0.046,208.257,0.371,-0.5329999999999999
00:00:19.171,1572945192358,0.754,0.023,29.109,0.664,3.0,-0.008,20.885,-0.002,0.046,208.605,0.3720000000000001,-0.5329999999999999
00:00:19.172,1572945192359,0.753,0.023,29.109,0.664,3.0,-0.008,20.897,-0.002,0.046,208.953,0.373,-0.5329999999999999
00:00:19.220,1572945192407,0.753,0.023,29.109,0.664,3.0,-0.008,20.91,-0.002,0.046,209.302,0.373,-0.5329999999999999
00:00:19.221,1572945192408,0.753,0.023,29.109,0.664,3.0,-0.008,20.922,-0.002,0.046,209.65,0.374,-0.5329999999999999
00:00:19.222,1572945192409,0.753,0.023,29.109,0.664,3.0,-0.008,20.935,-0.002,0.046,209.999,0.375,-0.5329999999999999
00:00:19.273,1572945192460,0.752,0.023,29.109,0.664,3.0,-0.008,20.947,-0.002,0.046,210.348,0.376,-0.5329999999999999
00:00:19.274,1572945192461,0.752,0.023,29.109,0.664,3.0,-0.008,20.96,-0.002,0.046,210.697,0.377,-0.5329999999999999
00:00:19.275,1572945192462,0.752,0.023,29.109,0.664,3.0,-0.008,20.972,-0.002,0.046,211.047,0.378,-0.5329999999999999
00:00:19.326,1572945192513,0.752,0.022,29.109,0.664,3.0,-0.008,20.985,-0.002,0.046,211.396,0.378,-0.5329999999999999
00:00:19.327,1572945192514,0.7509999999999999,0.022,29.109,0.664,3.0,-0.008,20.997,-0.002,0.046,211.746,0.379,-0.5329999999999999
00:00:19.328,1572945192515,0.7509999999999999,0.022,29.109,0.664,3.0,-0.008,21.01,-0.002,0.046,212.096,0.38,-0.5329999999999999
00:00:19.372,1572945192559,0.7509999999999999,0.022,29.109,0.664,3.0,-0.008,21.022,-0.002,0.046,212.446,0.381,-0.5329999999999999
00:00:19.373,1572945192560,0.7509999999999999,0.022,29.109,0.664,3.0,-0.008,21.035,-0.002,0.046,212.797,0.382,-0.5329999999999999
00:00:19.374,1572945192561,0.7509999999999999,0.022,29.109,0.664,3.0,-0.008,21.047,-0.002,0.046,213.148,0.383,-0.5329999999999999
00:00:19.426,1572945192613,0.75,0.022,29.109,0.664,3.0,-0.008,21.06,-0.002,0.046,213.498,0.384,-0.5329999999999999
00:00:19.427,1572945192614,0.75,0.022,29.109,0.664,3.0,-0.008,21.072,-0.002,0.046,213.85,0.385,-0.5329999999999999
00:00:19.428,1572945192615,0.75,0.022,29.109,0.664,3.0,-0.008,21.085,-0.002,0.046,214.201,0.386,-0.5329999999999999
00:00:19.429,1572945192616,0.75,0.021,29.109,0.664,3.0,-0.008,21.097,-0.002,0.046,214.552,0.387,-0.5329999999999999
00:00:19.476,1572945192663,0.7490000000000001,0.021,29.109,0.664,3.0,-0.008,21.11,-0.002,0.046,214.904,0.388,-0.5329999999999999
00:00:19.477,1572945192664,0.7490000000000001,0.021,28.963,0.664,3.0,-0.008,21.122,-0.002,0.046,215.256,0.389,-0.5329999999999999
00:00:19.478,1572945192665,0.7490000000000001,0.021,28.963,0.664,3.0,-0.008,21.135,-0.002,0.046,215.608,0.389,-0.5329999999999999
00:00:19.534,1572945192721,0.748,0.021,28.963,0.664,3.0,-0.008,21.147,-0.002,0.046,215.961,0.39,-0.5329999999999999
00:00:19.535,1572945192722,0.746,0.021,28.963,0.664,3.0,-0.008,21.16,-0.002,0.046,216.313,0.391,-0.5329999999999999
00:00:19.536,1572945192723,0.745,0.02,28.963,0.664,3.0,-0.008,21.172,-0.002,0.046,216.666,0.392,-0.5329999999999999
00:00:19.576,1572945192763,0.7440000000000001,0.02,28.963,0.664,3.0,-0.008,21.184,-0.002,0.046,217.019,0.393,-0.5329999999999999
00:00:19.577,1572945192764,0.743,0.02,29.109,0.664,3.0,-0.008,21.197,-0.002,0.046,217.372,0.394,-0.5329999999999999
00:00:19.578,1572945192765,0.743,0.02,29.109,0.664,3.0,-0.008,21.209,-0.002,0.046,217.725,0.395,-0.5329999999999999
00:00:19.626,1572945192813,0.7440000000000001,0.019,29.109,0.664,3.0,-0.008,21.222,-0.002,0.046,218.079,0.396,-0.5329999999999999
00:00:19.627,1572945192814,0.745,0.019,29.109,0.664,3.0,-0.008,21.234,-0.002,0.046,218.433,0.397,-0.5329999999999999
00:00:19.628,1572945192815,0.746,0.019,29.109,0.664,3.0,-0.008,21.244,-0.002,0.046,218.72,0.398,-0.5329999999999999
00:00:19.684,1572945192871,0.747,0.019,29.109,0.664,3.0,-0.008,21.255,-0.002,0.046,219.03,0.399,-0.5329999999999999
00:00:19.685,1572945192872,0.747,0.019,29.109,0.664,3.0,-0.008,21.268,-0.002,0.046,219.385,0.4,-0.5329999999999999
00:00:19.686,1572945192873,0.747,0.019,29.109,0.664,3.0,-0.008,21.28,-0.002,0.046,219.739,0.401,-0.5329999999999999
00:00:19.729,1572945192916,0.747,0.019,29.109,0.664,3.0,-0.008,21.292,-0.002,0.046,220.094,0.402,-0.5329999999999999
00:00:19.730,1572945192917,0.746,0.018000000000000002,29.109,0.664,3.0,-0.008,21.305,-0.002,0.046,220.449,0.403,-0.5329999999999999
00:00:19.731,1572945192918,0.746,0.018000000000000002,29.109,0.664,3.0,-0.008,21.317,-0.002,0.046,220.804,0.404,-0.5329999999999999
00:00:19.784,1572945192971,0.745,0.018000000000000002,29.109,0.664,3.0,-0.008,21.33,-0.002,0.046,221.159,0.405,-0.5329999999999999
00:00:19.785,1572945192972,0.745,0.018000000000000002,29.109,0.664,3.0,-0.008,21.342,-0.002,0.046,221.515,0.406,-0.5329999999999999
00:00:19.786,1572945192973,0.745,0.018000000000000002,29.109,0.664,3.0,-0.006999999999999999,21.355,-0.002,0.046,221.871,0.407,-0.5329999999999999
00:00:19.835,1572945193022,0.745,0.017,29.109,0.664,3.0,-0.006999999999999999,21.367,-0.002,0.046,222.227,0.408,-0.5329999999999999
00:00:19.836,1572945193023,0.7440000000000001,0.017,29.109,0.664,3.0,-0.006999999999999999,21.379,-0.002,0.046,222.583,0.409,-0.5329999999999999
00:00:19.837,1572945193024,0.7440000000000001,0.017,29.109,0.664,3.0,-0.006999999999999999,21.392,-0.002,0.046,222.94,0.411,-0.5329999999999999
00:00:19.885,1572945193072,0.7440000000000001,0.017,29.109,0.664,3.0,-0.006999999999999999,21.404,-0.001,0.046,223.296,0.412,-0.5329999999999999
00:00:19.886,1572945193073,0.7440000000000001,0.017,29.109,0.664,3.0,-0.006999999999999999,21.417,-0.001,0.046,223.653,0.413,-0.5329999999999999
00:00:19.887,1572945193074,0.7440000000000001,0.017,29.109,0.664,3.0,-0.006999999999999999,21.429,-0.001,0.046,224.01,0.414,-0.5329999999999999
00:00:19.938,1572945193125,0.743,0.017,29.109,0.664,3.0,-0.006999999999999999,21.441,-0.001,0.046,224.367,0.415,-0.5329999999999999
00:00:19.939,1572945193126,0.743,0.017,29.109,0.664,3.0,-0.006999999999999999,21.454,-0.001,0.046,224.725,0.416,-0.5329999999999999
00:00:19.940,1572945193127,0.743,0.017,29.109,0.664,3.0,-0.006999999999999999,21.466,-0.001,0.046,225.082,0.417,-0.5329999999999999
00:00:19.994,1572945193181,0.743,0.017,29.109,0.664,3.0,-0.006999999999999999,21.478,-0.001,0.046,225.44,0.418,-0.5329999999999999
00:00:19.995,1572945193182,0.742,0.017,29.109,0.664,3.0,-0.006999999999999999,21.491,-0.001,0.046,225.798,0.419,-0.5329999999999999
00:00:19.996,1572945193183,0.742,0.017,29.109,0.664,3.0,-0.006999999999999999,21.503,-0.001,0.046,226.157,0.42,-0.5329999999999999
00:00:20.039,1572945193226,0.742,0.017,29.109,0.664,3.0,-0.006999999999999999,21.516,-0.001,0.046,226.515,0.422,-0.5329999999999999
00:00:20.040,1572945193227,0.742,0.017,29.109,0.664,3.0,-0.006999999999999999,21.528,-0.001,0.046,226.874,0.423,-0.5329999999999999
00:00:20.041,1572945193228,0.741,0.017,29.109,0.664,3.0,-0.006999999999999999,21.54,-0.001,0.046,227.233,0.424,-0.5329999999999999
00:00:20.090,1572945193277,0.741,0.017,29.109,0.664,3.0,-0.006999999999999999,21.553,-0.001,0.046,227.592,0.425,-0.5329999999999999
00:00:20.091,1572945193278,0.741,0.017,29.109,1.128,3.0,-0.006999999999999999,21.565,-0.001,0.046,227.951,0.426,-0.5329999999999999
00:00:20.092,1572945193279,0.736,0.017,29.109,1.128,3.0,-0.006999999999999999,21.577,-0.001,0.046,228.311,0.4270000000000001,-0.5329999999999999
00:00:20.142,1572945193329,0.732,0.017,29.109,1.128,3.0,-0.006999999999999999,21.589,-0.001,0.046,228.67,0.428,-0.5329999999999999
00:00:20.143,1572945193330,0.7290000000000001,0.017,29.109,1.128,3.0,-0.006999999999999999,21.601,-0.001,0.046,229.03,0.43,-0.5329999999999999
00:00:20.144,1572945193331,0.728,0.017,29.109,1.128,3.0,-0.006999999999999999,21.613000000000003,-0.001,0.046,229.39,0.431,-0.5329999999999999
00:00:20.145,1572945193332,0.728,0.017,29.109,1.128,3.0,-0.006999999999999999,21.626,-0.001,0.046,229.751,0.4320000000000001,-0.5329999999999999
00:00:20.192,1572945193379,0.728,0.017,29.109,0.664,3.0,-0.006999999999999999,21.638,-0.001,0.046,230.111,0.433,-0.5329999999999999
00:00:20.193,1572945193380,0.732,0.017,29.109,0.664,3.0,-0.006999999999999999,21.65,-0.001,0.046,230.472,0.434,-0.5329999999999999
00:00:20.194,1572945193381,0.736,0.017,29.109,0.664,3.0,-0.006999999999999999,21.662,-0.001,0.046,230.833,0.436,-0.5329999999999999
00:00:20.242,1572945193429,0.738,0.017,29.109,0.664,3.0,-0.006999999999999999,21.675,-0.001,0.046,231.194,0.4370000000000001,-0.5329999999999999
00:00:20.243,1572945193430,0.738,0.017,29.109,0.664,3.0,-0.006999999999999999,21.687,-0.001,0.046,231.555,0.438,-0.5329999999999999
00:00:20.244,1572945193431,0.738,0.017,29.109,0.664,3.0,-0.006999999999999999,21.699,-0.001,0.046,231.917,0.439,-0.5329999999999999
00:00:20.292,1572945193479,0.738,0.017,29.109,0.664,3.0,-0.006999999999999999,21.712,-0.001,0.046,232.279,0.44,-0.5329999999999999
00:00:20.293,1572945193480,0.738,0.017,29.109,0.664,3.0,-0.006999999999999999,21.724,-0.001,0.046,232.641,0.442,-0.5329999999999999
00:00:20.294,1572945193481,0.738,0.017,29.109,0.664,3.0,-0.006999999999999999,21.736,-0.001,0.046,233.003,0.443,-0.5329999999999999
00:00:20.342,1572945193529,0.738,0.017,29.109,0.664,3.0,-0.006999999999999999,21.748,-0.001,0.046,233.365,0.444,-0.5329999999999999
00:00:20.343,1572945193530,0.737,0.017,29.109,0.664,3.0,-0.006999999999999999,21.761,-0.001,0.046,233.728,0.445,-0.5329999999999999
00:00:20.344,1572945193531,0.737,0.017,29.109,0.664,3.0,-0.006999999999999999,21.773000000000003,-0.001,0.046,234.091,0.447,-0.5329999999999999
00:00:20.392,1572945193579,0.737,0.018000000000000002,28.963,0.664,3.0,-0.006999999999999999,21.785,-0.001,0.046,234.454,0.448,-0.5329999999999999
00:00:20.393,1572945193580,0.737,0.018000000000000002,28.963,0.664,3.0,-0.006999999999999999,21.798,-0.001,0.046,234.817,0.449,-0.5329999999999999
00:00:20.394,1572945193581,0.736,0.018000000000000002,28.963,0.664,3.0,-0.006999999999999999,21.81,-0.001,0.046,235.18,0.45,-0.5329999999999999
00:00:20.447,1572945193634,0.7340000000000001,0.018000000000000002,28.963,0.664,3.0,-0.006999999999999999,21.822,-0.001,0.046,235.544,0.452,-0.5329999999999999
00:00:20.448,1572945193635,0.733,0.018000000000000002,28.963,0.664,3.0,-0.006999999999999999,21.834,-0.001,0.046,235.908,0.453,-0.5329999999999999
00:00:20.449,1572945193636,0.732,0.018000000000000002,28.963,0.664,3.0,-0.006999999999999999,21.846,-0.001,0.046,236.272,0.454,-0.5329999999999999
00:00:20.504,1572945193691,0.731,0.018000000000000002,28.67,0.664,3.0,-0.006999999999999999,21.859,-0.001,0.046,236.636,0.455,-0.5329999999999999
00:00:20.505,1572945193692,0.731,0.018000000000000002,28.67,0.664,3.0,-0.006999999999999999,21.871,-0.002,0.046,237.0,0.457,-0.5329999999999999
00:00:20.506,1572945193693,0.7290000000000001,0.018000000000000002,28.67,0.664,3.0,-0.006999999999999999,21.88300000000001,-0.002,0.046,237.365,0.458,-0.5329999999999999
00:00:20.554,1572945193741,0.727,0.018000000000000002,28.67,0.664,3.0,-0.006999999999999999,21.895,-0.002,0.046,237.73,0.459,-0.5329999999999999
00:00:20.555,1572945193742,0.725,0.018000000000000002,28.67,0.664,3.0,-0.006999999999999999,21.907,-0.002,0.046,238.095,0.461,-0.5329999999999999
00:00:20.556,1572945193743,0.723,0.018000000000000002,28.67,0.664,3.0,-0.006999999999999999,21.919,-0.002,0.046,238.46,0.462,-0.5329999999999999
00:00:20.604,1572945193791,0.722,0.018000000000000002,21.931,0.664,3.0,-0.006999999999999999,21.931,-0.002,0.046,238.825,0.463,-0.5329999999999999
00:00:20.605,1572945193792,0.716,0.018000000000000002,21.931,0.664,3.0,-0.006999999999999999,21.943,-0.002,0.046,239.191,0.464,-0.5329999999999999
00:00:20.606,1572945193793,0.691,0.018000000000000002,21.931,0.664,3.0,-0.006999999999999999,21.954,-0.002,0.045,239.557,0.466,-0.5329999999999999
00:00:20.654,1572945193841,0.6459999999999999,0.018000000000000002,21.931,0.664,3.0,-0.006999999999999999,21.964,-0.002,0.045,239.923,0.467,-0.5329999999999999
00:00:20.655,1572945193842,0.593,0.018000000000000002,21.931,0.664,3.0,-0.006999999999999999,21.97300000000001,-0.002,0.044,240.289,0.468,-0.5329999999999999
00:00:20.656,1572945193843,0.551,0.018000000000000002,21.931,0.664,3.0,-0.006999999999999999,21.982,-0.002,0.043,240.655,0.47,-0.5329999999999999
00:00:20.704,1572945193891,0.532,0.018000000000000002,20.1,0.664,3.0,-0.006999999999999999,21.99,-0.002,0.042,240.999,0.471,-0.5329999999999999
00:00:20.705,1572945193892,0.528,0.018000000000000002,20.1,0.664,3.0,-0.006999999999999999,21.999,-0.002,0.041,241.365,0.472,-0.534
00:00:20.706,1572945193893,0.528,0.018000000000000002,20.1,0.664,3.0,-0.006999999999999999,22.00800000000001,-0.002,0.039,241.732,0.474,-0.534
00:00:20.754,1572945193941,0.523,0.018000000000000002,20.1,0.664,3.0,-0.006999999999999999,22.016,-0.002,0.038,242.099,0.475,-0.534
00:00:20.755,1572945193942,0.513,0.017,20.1,0.664,3.0,-0.006999999999999999,22.024,-0.002,0.036000000000000004,242.466,0.477,-0.534
00:00:20.756,1572945193943,0.503,0.017,20.1,0.664,3.0,-0.006999999999999999,22.033,-0.002,0.035,242.856,0.478,-0.5329999999999999
00:00:20.812,1572945193999,0.499,0.017,20.1,0.664,3.0,-0.006999999999999999,22.041,-0.002,0.033,243.2,0.479,-0.5329999999999999
00:00:20.813,1572945194000,0.5,0.016,20.1,0.664,3.0,-0.006999999999999999,22.049,-0.002,0.031,243.568,0.481,-0.5329999999999999
00:00:20.814,1572945194001,0.502,0.016,20.1,0.664,3.0,-0.006999999999999999,22.058000000000003,-0.002,0.029,243.958,0.482,-0.5329999999999999
00:00:20.855,1572945194042,0.504,0.015,20.1,0.664,3.0,-0.006999999999999999,22.066,-0.002,0.028,244.303,0.483,-0.5329999999999999
00:00:20.856,1572945194043,0.504,0.013,20.1,0.664,3.0,-0.006999999999999999,22.075,-0.002,0.026,244.671,0.485,-0.5329999999999999
00:00:20.857,1572945194044,0.504,0.012,20.1,0.664,3.0,-0.006999999999999999,22.083,-0.002,0.024,245.039,0.486,-0.5329999999999999
00:00:20.910,1572945194097,0.503,0.01,20.1,0.664,3.0,-0.006999999999999999,22.091,-0.002,0.023,245.407,0.488,-0.5329999999999999
00:00:20.911,1572945194098,0.502,0.006999999999999999,20.1,0.664,3.0,-0.006999999999999999,22.1,-0.002,0.021,245.775,0.489,-0.5329999999999999
00:00:20.912,1572945194099,0.502,0.005,20.1,0.664,3.0,-0.006999999999999999,22.108,-0.002,0.02,246.143,0.49,-0.5329999999999999
00:00:20.913,1572945194100,0.502,0.002,20.1,0.664,3.0,-0.006999999999999999,22.117,-0.002,0.018000000000000002,246.512,0.4920000000000001,-0.5329999999999999
00:00:20.960,1572945194147,0.502,-0.002,20.1,0.664,3.0,-0.006999999999999999,22.125,-0.002,0.017,246.881,0.493,-0.5329999999999999
00:00:20.961,1572945194148,0.502,-0.006,20.1,0.664,3.0,-0.006999999999999999,22.13300000000001,-0.002,0.016,247.249,0.495,-0.5329999999999999
00:00:20.962,1572945194149,0.501,-0.01,20.1,1.128,3.0,-0.006999999999999999,22.142,-0.002,0.014,247.618,0.496,-0.5329999999999999
00:00:21.014,1572945194201,0.4970000000000001,-0.014,20.1,1.128,3.0,-0.006,22.15,-0.002,0.013,247.987,0.498,-0.5329999999999999
00:00:21.015,1572945194202,0.4920000000000001,-0.018000000000000002,20.1,1.128,3.0,-0.006,22.158,-0.002,0.012,248.357,0.499,-0.5329999999999999
00:00:21.016,1572945194203,0.489,-0.023,20.1,1.128,3.0,-0.006,22.166,-0.003,0.012,248.726,0.5,-0.5329999999999999
00:00:21.060,1572945194247,0.488,-0.027000000000000003,20.1,1.128,3.0,-0.005,22.174,-0.002,0.011,249.096,0.502,-0.5329999999999999
00:00:21.061,1572945194248,0.488,-0.032,20.1,1.128,3.0,-0.005,22.182,-0.002,0.01,249.465,0.503,-0.5329999999999999
00:00:21.062,1572945194249,0.487,-0.036000000000000004,20.1,0.664,3.0,-0.004,22.19,-0.002,0.01,249.835,0.504,-0.5329999999999999
00:00:21.110,1572945194297,0.491,-0.04,20.1,0.664,3.0,-0.004,22.199,-0.002,0.009000000000000001,250.205,0.506,-0.5329999999999999
00:00:21.111,1572945194298,0.495,-0.043,20.1,0.664,3.0,-0.003,22.207,-0.002,0.009000000000000001,250.575,0.507,-0.5329999999999999
00:00:21.112,1572945194299,0.4970000000000001,-0.046,20.1,0.664,3.0,-0.002,22.215,-0.001,0.009000000000000001,250.945,0.508,-0.5329999999999999
00:00:21.160,1572945194347,0.498,-0.049,20.1,0.664,3.0,-0.001,22.224,-0.001,0.009000000000000001,251.315,0.51,-0.5329999999999999
00:00:21.161,1572945194348,0.498,-0.051,20.1,0.664,3.0,0.0,22.232,-0.001,0.009000000000000001,251.686,0.511,-0.5329999999999999
00:00:21.162,1572945194349,0.498,-0.053,20.1,0.664,3.0,0.001,22.24,0.0,0.009000000000000001,252.056,0.512,-0.5329999999999999
00:00:21.211,1572945194398,0.498,-0.055,20.1,0.664,3.0,0.002,22.248,0.001,0.01,252.427,0.514,-0.5329999999999999
00:00:21.212,1572945194399,0.4970000000000001,-0.057,20.1,0.664,3.0,0.002,22.257,0.001,0.01,252.798,0.515,-0.534
00:00:21.213,1572945194400,0.4970000000000001,-0.058,20.1,0.664,3.0,0.003,22.265,0.002,0.01,253.169,0.516,-0.534
00:00:21.279,1572945194466,0.4970000000000001,-0.061,20.1,0.664,3.0,0.004,22.274,0.003,0.011,253.563,0.517,-0.534
00:00:21.280,1572945194467,0.4970000000000001,-0.063,20.1,0.664,3.0,0.005,22.282,0.003,0.011,253.912,0.519,-0.534
00:00:21.281,1572945194468,0.4970000000000001,-0.065,20.32,0.664,3.0,0.006,22.29,0.004,0.012,254.283,0.52,-0.534
00:00:21.320,1572945194507,0.4970000000000001,-0.067,20.32,0.664,3.0,0.006,22.298,0.004,0.012,254.654,0.521,-0.534
00:00:21.321,1572945194508,0.498,-0.069,20.32,0.664,3.0,0.006999999999999999,22.306,0.005,0.013,255.026,0.522,-0.534
00:00:21.322,1572945194509,0.5,-0.07,20.32,0.664,3.0,0.008,22.315,0.005,0.013,255.398,0.523,-0.534
00:00:21.370,1572945194557,0.501,-0.071,20.32,0.664,3.0,0.009000000000000001,22.323,0.005,0.014,255.77,0.524,-0.534
00:00:21.371,1572945194558,0.502,-0.07200000000000001,20.32,0.664,3.0,0.009000000000000001,22.332,0.006,0.014,256.142,0.525,-0.534
00:00:21.372,1572945194559,0.502,-0.073,20.32,0.664,3.0,0.01,22.34,0.006,0.015,256.514,0.527,-0.534
00:00:21.420,1572945194607,0.501,-0.073,20.32,0.664,3.0,0.011,22.34800000000001,0.006,0.015,256.887,0.528,-0.534
00:00:21.421,1572945194608,0.5,-0.073,20.32,0.664,3.0,0.011,22.357,0.006,0.016,257.259,0.529,-0.534
00:00:21.422,1572945194609,0.5,-0.073,20.32,0.664,3.0,0.012,22.365,0.006,0.016,257.632,0.53,-0.534
00:00:21.473,1572945194660,0.5,-0.073,20.32,0.664,3.0,0.012,22.373,0.006999999999999999,0.016,258.005,0.531,-0.534
00:00:21.474,1572945194661,0.5,-0.073,20.32,0.664,3.0,0.013,22.382,0.006999999999999999,0.017,258.378,0.532,-0.534
00:00:21.475,1572945194662,0.5,-0.07200000000000001,20.32,0.664,3.0,0.014,22.39,0.006999999999999999,0.017,258.751,0.5329999999999999,-0.534
00:00:21.524,1572945194711,0.5,-0.07200000000000001,20.32,0.664,3.0,0.014,22.398000000000003,0.006999999999999999,0.017,259.124,0.5329999999999999,-0.534
00:00:21.525,1572945194712,0.499,-0.07,20.32,0.664,3.0,0.015,22.406,0.006999999999999999,0.017,259.497,0.534,-0.534
00:00:21.526,1572945194713,0.499,-0.069,20.32,0.664,3.0,0.015,22.415,0.006,0.017,259.871,0.535,-0.534
00:00:21.571,1572945194758,0.499,-0.068,20.32,0.664,3.0,0.015,22.423,0.006,0.018000000000000002,260.245,0.536,-0.534
00:00:21.572,1572945194759,0.499,-0.067,20.32,0.664,3.0,0.016,22.431,0.006,0.018000000000000002,260.618,0.537,-0.534
00:00:21.573,1572945194760,0.498,-0.065,20.32,0.664,3.0,0.016,22.44,0.006,0.018000000000000002,260.992,0.5379999999999999,-0.534
00:00:21.629,1572945194816,0.498,-0.064,20.32,0.664,3.0,0.016,22.448,0.006,0.018000000000000002,261.366,0.539,-0.534
00:00:21.630,1572945194817,0.498,-0.062,20.32,0.664,3.0,0.017,22.456,0.006,0.018000000000000002,261.741,0.54,-0.534
00:00:21.631,1572945194818,0.498,-0.061,20.32,0.664,3.0,0.017,22.465,0.006,0.018000000000000002,262.115,0.54,-0.534
00:00:21.632,1572945194819,0.498,-0.059,20.32,0.664,3.0,0.017,22.47300000000001,0.006,0.018000000000000002,262.48900000000003,0.541,-0.534
00:00:21.679,1572945194866,0.4970000000000001,-0.058,20.32,0.664,3.0,0.017,22.481,0.005,0.018000000000000002,262.86400000000003,0.542,-0.534
00:00:21.680,1572945194867,0.4970000000000001,-0.056,20.759,0.664,3.0,0.018000000000000002,22.489,0.005,0.018000000000000002,263.23900000000003,0.5429999999999999,-0.534
00:00:21.681,1572945194868,0.4970000000000001,-0.054000000000000006,20.759,0.664,3.0,0.018000000000000002,22.498,0.005,0.017,263.61400000000003,0.5429999999999999,-0.534
00:00:21.729,1572945194916,0.499,-0.053,20.759,0.664,3.0,0.018000000000000002,22.506,0.005,0.017,263.98900000000003,0.544,-0.534
00:00:21.730,1572945194917,0.503,-0.051,20.759,0.664,3.0,0.018000000000000002,22.515,0.005,0.017,264.36400000000003,0.545,-0.534
00:00:21.731,1572945194918,0.507,-0.05,20.759,0.664,3.0,0.018000000000000002,22.524,0.005,0.017,264.763,0.545,-0.534
00:00:21.783,1572945194970,0.509,-0.049,20.759,0.664,3.0,0.018000000000000002,22.532,0.004,0.017,265.115,0.546,-0.534
00:00:21.784,1572945194971,0.508,-0.048,20.979,1.128,3.0,0.018000000000000002,22.54,0.004,0.017,265.49,0.547,-0.534
00:00:21.785,1572945194972,0.503,-0.046,20.979,1.128,3.0,0.018000000000000002,22.549,0.004,0.017,265.889,0.547,-0.534
00:00:21.829,1572945195016,0.499,-0.045,20.979,1.128,3.0,0.018000000000000002,22.557,0.004,0.017,266.265,0.5479999999999999,-0.534
00:00:21.830,1572945195017,0.498,-0.045,20.979,1.128,3.0,0.018000000000000002,22.565,0.004,0.017,266.618,0.5489999999999999,-0.534
00:00:21.831,1572945195018,0.499,-0.044,20.979,1.128,3.0,0.018000000000000002,22.573,0.004,0.017,266.994,0.5489999999999999,-0.534
00:00:21.879,1572945195066,0.5,-0.043,20.979,1.128,3.0,0.018000000000000002,22.582,0.004,0.017,267.37,0.55,-0.534
00:00:21.880,1572945195067,0.5,-0.043,21.126,0.664,3.0,0.018000000000000002,22.59,0.004,0.016,267.77,0.551,-0.534
00:00:21.881,1572945195068,0.503,-0.042,21.126,0.664,3.0,0.018000000000000002,22.59800000000001,0.003,0.016,268.123,0.551,-0.534
00:00:21.936,1572945195123,0.508,-0.042,21.126,0.664,3.0,0.018000000000000002,22.607,0.003,0.016,268.5,0.552,-0.534
00:00:21.937,1572945195124,0.511,-0.041,21.126,0.664,3.0,0.017,22.615,0.003,0.016,268.877,0.552,-0.534
00:00:21.938,1572945195125,0.513,-0.041,21.126,0.664,3.0,0.017,22.624,0.003,0.016,269.277,0.5529999999999999,-0.534
00:00:21.988,1572945195175,0.514,-0.041,21.126,0.664,3.0,0.017,22.63300000000001,0.003,0.016,269.631,0.5529999999999999,-0.534
00:00:21.989,1572945195176,0.514,-0.04,21.272,0.664,3.0,0.017,22.641,0.003,0.016,270.008,0.5539999999999999,-0.534
00:00:21.990,1572945195177,0.513,-0.04,21.272,0.664,3.0,0.017,22.65,0.003,0.016,270.386,0.5539999999999999,-0.534
00:00:22.040,1572945195227,0.514,-0.04,21.272,0.664,3.0,0.017,22.658,0.003,0.017,270.763,0.555,-0.534
00:00:22.041,1572945195228,0.515,-0.04,21.272,0.664,3.0,0.017,22.667,0.003,0.017,271.141,0.555,-0.534
00:00:22.042,1572945195229,0.516,-0.04,21.272,0.664,3.0,0.017,22.675,0.003,0.017,271.519,0.556,-0.534
00:00:22.091,1572945195278,0.516,-0.04,21.272,0.664,3.0,0.017,22.684,0.003,0.017,271.897,0.556,-0.534
00:00:22.092,1572945195279,0.516,-0.04,21.272,0.664,3.0,0.017,22.693,0.003,0.017,272.29900000000004,0.557,-0.534
00:00:22.093,1572945195280,0.516,-0.04,21.272,0.664,3.0,0.017,22.701,0.003,0.017,272.653,0.557,-0.534
00:00:22.140,1572945195327,0.515,-0.04,21.272,0.664,3.0,0.017,22.71,0.003,0.017,273.032,0.5579999999999999,-0.534
00:00:22.141,1572945195328,0.515,-0.04,21.272,0.664,3.0,0.016,22.718000000000004,0.003,0.018000000000000002,273.41,0.5579999999999999,-0.534
00:00:22.142,1572945195329,0.515,-0.041,21.272,0.664,3.0,0.016,22.727,0.003,0.018000000000000002,273.813,0.5579999999999999,-0.534
00:00:22.191,1572945195378,0.514,-0.041,21.272,0.664,3.0,0.016,22.735,0.003,0.018000000000000002,274.168,0.5589999999999999,-0.534
00:00:22.192,1572945195379,0.514,-0.04,21.785,0.664,3.0,0.016,22.744,0.003,0.018000000000000002,274.547,0.5589999999999999,-0.534
00:00:22.193,1572945195380,0.515,-0.04,21.785,0.664,3.0,0.016,22.753,0.003,0.018000000000000002,274.926,0.56,-0.534
00:00:22.240,1572945195427,0.518,-0.04,21.785,0.664,3.0,0.016,22.762,0.003,0.018000000000000002,275.329,0.56,-0.534
00:00:22.241,1572945195428,0.522,-0.04,21.785,0.664,3.0,0.016,22.77,0.003,0.019,275.685,0.56,-0.534
00:00:22.242,1572945195429,0.526,-0.04,21.785,0.664,3.0,0.016,22.779,0.003,0.019,276.064,0.561,-0.534
00:00:22.292,1572945195479,0.528,-0.039,21.785,0.664,3.0,0.016,22.788,0.003,0.019,276.468,0.561,-0.534
00:00:22.293,1572945195480,0.528,-0.039,21.931,0.664,3.0,0.016,22.797,0.003,0.019,276.847,0.561,-0.534
00:00:22.294,1572945195481,0.527,-0.039,21.931,0.664,3.0,0.016,22.805,0.003,0.019,277.204,0.562,-0.534
00:00:22.347,1572945195534,0.526,-0.039,21.931,0.664,3.0,0.016,22.814,0.003,0.019,277.584,0.562,-0.534
00:00:22.348,1572945195535,0.527,-0.039,21.931,0.664,3.0,0.016,22.823,0.003,0.02,277.964,0.562,-0.534
00:00:22.349,1572945195536,0.528,-0.039,21.931,0.664,3.0,0.016,22.832,0.004,0.02,278.368,0.563,-0.534
00:00:22.350,1572945195537,0.529,-0.038,21.931,0.664,3.0,0.016,22.84,0.004,0.02,278.725,0.563,-0.534
00:00:22.395,1572945195582,0.529,-0.038,22.298,0.664,3.0,0.016,22.849,0.004,0.02,279.106,0.563,-0.534
00:00:22.396,1572945195583,0.529,-0.038,22.298,0.664,3.0,0.016,22.858,0.004,0.02,279.487,0.563,-0.534
00:00:22.397,1572945195584,0.531,-0.038,22.298,0.664,3.0,0.016,22.868,0.004,0.021,279.892,0.564,-0.534
00:00:22.450,1572945195637,0.534,-0.038,22.298,0.664,3.0,0.016,22.876,0.004,0.021,280.249,0.564,-0.534
00:00:22.451,1572945195638,0.537,-0.038,22.298,0.664,3.0,0.016,22.885,0.003,0.021,280.631,0.564,-0.534
00:00:22.452,1572945195639,0.5379999999999999,-0.038,22.298,0.664,3.0,0.015,22.894,0.003,0.021,281.012,0.564,-0.534
00:00:22.495,1572945195682,0.537,-0.038,22.298,1.128,3.0,0.015,22.903,0.003,0.021,281.41700000000003,0.565,-0.534
00:00:22.496,1572945195683,0.5329999999999999,-0.038,22.298,1.128,3.0,0.015,22.912,0.003,0.021,281.775,0.565,-0.534
00:00:22.497,1572945195684,0.527,-0.037000000000000005,22.298,1.128,3.0,0.015,22.92,0.003,0.021,282.157,0.565,-0.534
00:00:22.545,1572945195732,0.525,-0.037000000000000005,22.298,1.128,3.0,0.015,22.929,0.003,0.022,282.539,0.565,-0.534
00:00:22.546,1572945195733,0.524,-0.037000000000000005,22.298,1.128,3.0,0.015,22.938,0.003,0.022,282.922,0.565,-0.534
00:00:22.547,1572945195734,0.523,-0.037000000000000005,22.298,1.128,3.0,0.015,22.947,0.003,0.022,283.328,0.565,-0.534
00:00:22.599,1572945195786,0.523,-0.037000000000000005,22.664,0.664,3.0,0.015,22.956,0.003,0.022,283.71,0.565,-0.534
00:00:22.600,1572945195787,0.527,-0.037000000000000005,22.664,0.664,3.0,0.015,22.964,0.003,0.022,284.069,0.5660000000000001,-0.534
00:00:22.601,1572945195788,0.5329999999999999,-0.037000000000000005,22.664,0.664,3.0,0.015,22.97300000000001,0.003,0.022,284.452,0.5660000000000001,-0.534
00:00:22.646,1572945195833,0.539,-0.037000000000000005,22.664,0.664,3.0,0.015,22.983,0.003,0.022,284.8590000000001,0.5660000000000001,-0.534
00:00:22.647,1572945195834,0.5429999999999999,-0.037000000000000005,22.664,0.664,3.0,0.015,22.991,0.003,0.022,285.218,0.5660000000000001,-0.534
00:00:22.648,1572945195835,0.545,-0.037000000000000005,22.664,0.664,3.0,0.015,23.0,0.003,0.022,285.601,0.5660000000000001,-0.534
00:00:22.696,1572945195883,0.545,-0.037000000000000005,22.957,0.664,3.0,0.015,23.01,0.003,0.022,286.009,0.5660000000000001,-0.534
00:00:22.697,1572945195884,0.544,-0.037000000000000005,22.957,0.664,3.0,0.015,23.019,0.003,0.022,286.392,0.5660000000000001,-0.534
00:00:22.698,1572945195885,0.545,-0.037000000000000005,22.957,0.664,3.0,0.015,23.028,0.003,0.022,286.776,0.5660000000000001,-0.534
00:00:22.756,1572945195943,0.547,-0.037000000000000005,22.957,0.664,3.0,0.015,23.037,0.003,0.022,287.136,0.5660000000000001,-0.534
00:00:22.757,1572945195944,0.55,-0.037000000000000005,22.957,0.664,3.0,0.015,23.046,0.003,0.022,287.5440000000001,0.5660000000000001,-0.534
00:00:22.758,1572945195945,0.551,-0.037000000000000005,22.957,0.664,3.0,0.015,23.056,0.003,0.022,287.928,0.5660000000000001,-0.534
00:00:22.800,1572945195987,0.551,-0.037000000000000005,23.103,0.664,3.0,0.015,23.065,0.003,0.022,288.312,0.5660000000000001,-0.534
00:00:22.801,1572945195988,0.55,-0.037000000000000005,23.103,0.664,3.0,0.015,23.073,0.003,0.023,288.673,0.5660000000000001,-0.534
00:00:22.802,1572945195989,0.55,-0.037000000000000005,23.103,0.664,3.0,0.015,23.083,0.003,0.023,289.058,0.5660000000000001,-0.534
00:00:22.852,1572945196039,0.551,-0.037000000000000005,23.103,0.664,3.0,0.015,23.092,0.003,0.023,289.466,0.5660000000000001,-0.534
00:00:22.853,1572945196040,0.552,-0.037000000000000005,23.103,0.664,3.0,0.014,23.102,0.003,0.023,289.851,0.5660000000000001,-0.534
00:00:22.854,1572945196041,0.5529999999999999,-0.037000000000000005,23.103,0.664,3.0,0.014,23.11,0.003,0.023,290.212,0.5660000000000001,-0.534
00:00:22.902,1572945196089,0.5529999999999999,-0.037000000000000005,23.323,0.664,3.0,0.014,23.119,0.003,0.023,290.598,0.5660000000000001,-0.534
00:00:22.903,1572945196090,0.5529999999999999,-0.037000000000000005,23.323,0.664,3.0,0.014,23.129,0.003,0.024,291.007,0.5660000000000001,-0.534
00:00:22.904,1572945196091,0.5529999999999999,-0.037000000000000005,23.323,0.664,3.0,0.014,23.138,0.003,0.024,291.393,0.5660000000000001,-0.534
00:00:22.950,1572945196137,0.555,-0.037000000000000005,23.323,0.664,3.0,0.014,23.147,0.003,0.024,291.754,0.5660000000000001,-0.534
00:00:22.951,1572945196138,0.557,-0.038,23.323,0.664,3.0,0.014,23.156,0.003,0.024,292.14,0.5660000000000001,-0.534
00:00:22.952,1572945196139,0.5579999999999999,-0.038,23.323,0.664,3.0,0.014,23.166,0.003,0.024,292.55,0.5660000000000001,-0.534
00:00:23.000,1572945196187,0.557,-0.038,23.323,0.664,3.0,0.014,23.176,0.003,0.024,292.936,0.5660000000000001,-0.534
00:00:23.001,1572945196188,0.557,-0.038,23.323,0.664,3.0,0.014,23.184,0.003,0.025,293.2990000000001,0.5660000000000001,-0.534
00:00:23.002,1572945196189,0.556,-0.038,23.323,0.664,3.0,0.014,23.19400000000001,0.003,0.025,293.709,0.565,-0.534
00:00:23.050,1572945196237,0.556,-0.038,23.323,0.664,3.0,0.014,23.20300000000001,0.003,0.025,294.096,0.565,-0.534
00:00:23.051,1572945196238,0.556,-0.038,23.323,0.664,3.0,0.014,23.213,0.003,0.025,294.483,0.565,-0.534
00:00:23.052,1572945196239,0.555,-0.038,23.323,0.664,3.0,0.014,23.222,0.003,0.025,294.87,0.565,-0.534
00:00:23.102,1572945196289,0.555,-0.038,23.323,0.664,3.0,0.014,23.231,0.003,0.025,295.257,0.565,-0.534
00:00:23.103,1572945196290,0.555,-0.038,23.323,0.664,3.0,0.014,23.24,0.003,0.025,295.644,0.565,-0.534
00:00:23.104,1572945196291,0.555,-0.038,23.323,0.664,3.0,0.014,23.25,0.003,0.025,296.031,0.564,-0.534
00:00:23.153,1572945196340,0.555,-0.038,23.323,0.664,3.0,0.014,23.259,0.003,0.025,296.4190000000001,0.564,-0.534
00:00:23.154,1572945196341,0.5539999999999999,-0.037000000000000005,23.323,0.664,3.0,0.014,23.268,0.003,0.025,296.807,0.564,-0.534
00:00:23.155,1572945196342,0.5539999999999999,-0.037000000000000005,23.323,0.664,3.0,0.014,23.277,0.003,0.025,297.195,0.564,-0.534
00:00:23.204,1572945196391,0.5539999999999999,-0.037000000000000005,23.323,0.664,3.0,0.014,23.287,0.003,0.025,297.583,0.564,-0.534
00:00:23.205,1572945196392,0.5539999999999999,-0.038,23.323,0.664,3.0,0.014,23.296,0.003,0.025,297.971,0.563,-0.534
00:00:23.206,1572945196393,0.5539999999999999,-0.038,23.323,0.664,3.0,0.014,23.305,0.003,0.025,298.3590000000001,0.563,-0.534
00:00:23.258,1572945196445,0.5529999999999999,-0.038,23.323,0.664,3.0,0.014,23.314,0.003,0.025,298.748,0.563,-0.534
00:00:23.259,1572945196446,0.5529999999999999,-0.038,23.323,0.664,3.0,0.014,23.323,0.003,0.025,299.136,0.563,-0.534
00:00:23.260,1572945196447,0.5529999999999999,-0.038,23.323,0.664,3.0,0.014,23.333,0.003,0.025,299.525,0.562,-0.534
00:00:23.303,1572945196490,0.5529999999999999,-0.037000000000000005,23.103,0.664,3.0,0.014,23.342,0.003,0.025,299.914,0.562,-0.534
00:00:23.304,1572945196491,0.552,-0.037000000000000005,23.103,0.664,3.0,0.014,23.351,0.003,0.025,300.303,0.562,-0.534
00:00:23.305,1572945196492,0.551,-0.036000000000000004,23.103,0.664,3.0,0.014,23.36,0.004,0.025,300.692,0.561,-0.534
00:00:23.353,1572945196540,0.5479999999999999,-0.035,23.103,0.664,3.0,0.014,23.369,0.004,0.025,301.082,0.561,-0.534
00:00:23.354,1572945196541,0.546,-0.034,23.103,0.664,3.0,0.014,23.378,0.004,0.025,301.471,0.561,-0.534
00:00:23.355,1572945196542,0.545,-0.033,23.103,0.664,3.0,0.014,23.387,0.004,0.025,301.861,0.56,-0.534
00:00:23.409,1572945196596,0.545,-0.031,23.103,0.664,3.0,0.014,23.397,0.004,0.025,302.251,0.56,-0.534
00:00:23.410,1572945196597,0.545,-0.029,23.103,0.664,3.0,0.014,23.406,0.004,0.024,302.641,0.56,-0.534
00:00:23.411,1572945196598,0.545,-0.027000000000000003,23.103,0.664,3.0,0.014,23.415,0.004,0.024,303.031,0.5589999999999999,-0.534
00:00:23.454,1572945196641,0.545,-0.024,23.103,0.664,3.0,0.014,23.424,0.004,0.024,303.422,0.5589999999999999,-0.534
00:00:23.455,1572945196642,0.545,-0.021,23.103,0.664,3.0,0.014,23.433000000000003,0.004,0.024,303.812,0.5579999999999999,-0.534
00:00:23.456,1572945196643,0.545,-0.017,23.103,0.664,3.0,0.014,23.442,0.004,0.024,304.203,0.5579999999999999,-0.534
00:00:23.510,1572945196697,0.544,-0.013,23.103,0.664,3.0,0.014,23.451,0.004,0.024,304.593,0.5579999999999999,-0.534
00:00:23.511,1572945196698,0.544,-0.01,23.103,0.664,3.0,0.014,23.46,0.004,0.024,304.9840000000001,0.557,-0.534
00:00:23.512,1572945196699,0.544,-0.006,23.103,0.664,3.0,0.014,23.469,0.004,0.024,305.375,0.557,-0.534
00:00:23.564,1572945196751,0.544,-0.003,23.103,0.664,3.0,0.013,23.478,0.004,0.024,305.767,0.557,-0.534
00:00:23.565,1572945196752,0.544,0.0,23.103,0.664,3.0,0.013,23.487,0.004,0.024,306.158,0.556,-0.534
00:00:23.566,1572945196753,0.544,0.003,23.103,0.664,3.0,0.012,23.496,0.004,0.024,306.55,0.556,-0.534
00:00:23.606,1572945196793,0.5429999999999999,0.005,23.103,0.664,3.0,0.012,23.505,0.004,0.024,306.941,0.555,-0.534
00:00:23.607,1572945196794,0.5429999999999999,0.006999999999999999,23.103,0.664,3.0,0.011,23.514,0.003,0.024,307.333,0.555,-0.534
00:00:23.608,1572945196795,0.5429999999999999,0.009000000000000001,23.103,0.664,3.0,0.011,23.524,0.003,0.024,307.725,0.555,-0.534
00:00:23.665,1572945196852,0.5429999999999999,0.011,23.103,0.664,3.0,0.01,23.533,0.003,0.024,308.117,0.5539999999999999,-0.534
00:00:23.666,1572945196853,0.5429999999999999,0.013,23.103,0.664,3.0,0.009000000000000001,23.542,0.002,0.023,308.509,0.5539999999999999,-0.534
00:00:23.667,1572945196854,0.542,0.015,23.103,0.664,3.0,0.009000000000000001,23.551,0.002,0.023,308.902,0.5529999999999999,-0.534
00:00:23.706,1572945196893,0.542,0.017,23.103,0.664,3.0,0.008,23.56,0.001,0.023,309.2940000000001,0.5529999999999999,-0.534
00:00:23.707,1572945196894,0.542,0.018000000000000002,23.103,0.664,3.0,0.008,23.56900000000001,0.001,0.023,309.687,0.5529999999999999,-0.534
00:00:23.708,1572945196895,0.541,0.02,23.103,0.664,3.0,0.006999999999999999,23.57800000000001,0.0,0.023,310.08,0.552,-0.534
00:00:23.756,1572945196943,0.541,0.021,23.103,0.664,3.0,0.006,23.587,0.0,0.023,310.473,0.552,-0.534
00:00:23.757,1572945196944,0.541,0.022,23.103,0.664,3.0,0.006,23.595,-0.001,0.023,310.817,0.552,-0.534
00:00:23.758,1572945196945,0.541,0.023,23.103,0.664,3.0,0.005,23.604,-0.001,0.023,311.21,0.551,-0.534
00:00:23.821,1572945197008,0.54,0.023,23.103,0.664,3.0,0.004,23.613000000000003,-0.002,0.023,311.6040000000001,0.551,-0.534
00:00:23.822,1572945197009,0.54,0.022,23.103,0.664,3.0,0.004,23.622,-0.002,0.023,311.998,0.551,-0.534
00:00:23.823,1572945197010,0.54,0.022,23.103,0.664,3.0,0.003,23.631,-0.003,0.023,312.391,0.55,-0.534
00:00:23.824,1572945197011,0.54,0.021,23.103,0.664,3.0,0.002,23.64,-0.003,0.023,312.785,0.55,-0.534
00:00:23.865,1572945197052,0.54,0.02,23.103,0.664,3.0,0.002,23.649,-0.004,0.023,313.1790000000001,0.55,-0.534
00:00:23.866,1572945197053,0.539,0.019,23.103,0.664,3.0,0.001,23.658,-0.004,0.023,313.574,0.5489999999999999,-0.534
00:00:23.867,1572945197054,0.539,0.018000000000000002,23.103,0.664,3.0,0.001,23.667,-0.004,0.023,313.968,0.5489999999999999,-0.534
00:00:23.917,1572945197104,0.539,0.016,23.103,0.664,3.0,0.0,23.676,-0.005,0.023,314.362,0.5489999999999999,-0.534
00:00:23.918,1572945197105,0.539,0.015,23.103,0.664,3.0,0.0,23.685,-0.005,0.023,314.757,0.5479999999999999,-0.534
00:00:23.919,1572945197106,0.539,0.013,23.103,0.664,3.0,0.0,23.69400000000001,-0.005,0.023,315.152,0.5479999999999999,-0.534
00:00:23.967,1572945197154,0.539,0.012,23.103,0.664,3.0,-0.001,23.70300000000001,-0.005,0.023,315.547,0.5479999999999999,-0.534
00:00:23.968,1572945197155,0.5379999999999999,0.01,23.103,0.664,3.0,-0.001,23.711,-0.005,0.023,315.942,0.5479999999999999,-0.534
00:00:23.969,1572945197156,0.5379999999999999,0.009000000000000001,23.103,0.664,3.0,-0.001,23.72,-0.005,0.023,316.337,0.547,-0.534
00:00:24.017,1572945197204,0.5379999999999999,0.006999999999999999,23.103,0.664,3.0,-0.001,23.729,-0.005,0.023,316.733,0.547,-0.534
00:00:24.018,1572945197205,0.5379999999999999,0.006,23.103,0.664,3.0,-0.001,23.738000000000003,-0.004,0.023,317.128,0.547,-0.534
00:00:24.019,1572945197206,0.5379999999999999,0.004,23.103,0.664,3.0,-0.001,23.747,-0.004,0.023,317.524,0.546,-0.534
00:00:24.071,1572945197258,0.5379999999999999,0.003,23.103,0.664,3.0,-0.001,23.756,-0.004,0.023,317.92,0.546,-0.534
00:00:24.072,1572945197259,0.537,0.001,23.103,0.664,3.0,-0.001,23.765,-0.003,0.023,318.316,0.546,-0.534
00:00:24.073,1572945197260,0.537,0.0,23.103,0.664,3.0,-0.001,23.774,-0.003,0.023,318.712,0.546,-0.534
00:00:24.124,1572945197311,0.537,-0.002,23.103,0.664,3.0,-0.001,23.783,-0.003,0.023,319.108,0.545,-0.534
00:00:24.125,1572945197312,0.537,-0.003,23.103,0.664,3.0,-0.001,23.792,-0.002,0.023,319.505,0.545,-0.534
00:00:24.126,1572945197313,0.536,-0.004,23.103,0.664,3.0,-0.001,23.801,-0.002,0.023,319.901,0.545,-0.534
00:00:24.190,1572945197377,0.536,-0.005,23.103,0.664,3.0,-0.001,23.81,-0.001,0.023,320.298,0.544,-0.534
00:00:24.191,1572945197378,0.536,-0.006,23.103,0.664,3.0,0.0,23.81900000000001,-0.001,0.023,320.695,0.544,-0.534
00:00:24.192,1572945197379,0.536,-0.006999999999999999,23.103,0.664,3.0,0.0,23.82800000000001,0.0,0.023,321.092,0.544,-0.534
00:00:24.193,1572945197380,0.535,-0.008,23.103,0.664,3.0,0.0,23.837,0.0,0.023,321.4890000000001,0.544,-0.534
00:00:24.242,1572945197429,0.535,-0.009000000000000001,23.103,0.664,3.0,0.0,23.846,0.001,0.023,321.887,0.5429999999999999,-0.534
00:00:24.243,1572945197430,0.535,-0.01,23.103,0.664,3.0,0.0,23.855,0.001,0.023,322.284,0.5429999999999999,-0.534
00:00:24.244,1572945197431,0.535,-0.011,23.103,0.664,3.0,0.001,23.863000000000003,0.002,0.023,322.682,0.5429999999999999,-0.534
00:00:24.292,1572945197479,0.534,-0.011,23.103,0.664,3.0,0.001,23.872,0.002,0.023,323.08,0.542,-0.534
00:00:24.293,1572945197480,0.534,-0.011,23.103,0.664,3.0,0.001,23.881,0.002,0.023,323.478,0.542,-0.534
00:00:24.294,1572945197481,0.534,-0.011,23.103,0.664,3.0,0.001,23.89,0.002,0.023,323.876,0.542,-0.534
00:00:24.337,1572945197524,0.534,-0.011,23.103,0.664,3.0,0.001,23.899,0.003,0.023,324.274,0.541,-0.534
00:00:24.338,1572945197525,0.534,-0.01,23.103,0.664,3.0,0.002,23.908,0.003,0.023,324.672,0.541,-0.534
00:00:24.339,1572945197526,0.534,-0.01,23.103,0.664,3.0,0.002,23.917,0.003,0.023,325.071,0.541,-0.534
00:00:24.387,1572945197574,0.5329999999999999,-0.009000000000000001,23.103,0.664,3.0,0.002,23.926,0.003,0.023,325.469,0.54,-0.534
00:00:24.388,1572945197575,0.5329999999999999,-0.009000000000000001,23.323,0.664,3.0,0.002,23.935,0.003,0.023,325.868,0.54,-0.534
00:00:24.389,1572945197576,0.5329999999999999,-0.008,23.323,0.664,3.0,0.002,23.943,0.003,0.022,326.267,0.54,-0.534
00:00:24.440,1572945197627,0.534,-0.008,23.323,0.664,3.0,0.002,23.952,0.003,0.022,326.666,0.539,-0.534
00:00:24.441,1572945197628,0.536,-0.008,23.323,0.664,3.0,0.002,23.961,0.003,0.022,327.066,0.539,-0.534
00:00:24.442,1572945197629,0.5379999999999999,-0.006999999999999999,23.323,0.664,3.0,0.002,23.97,0.003,0.022,327.465,0.539,-0.534
00:00:24.487,1572945197674,0.539,-0.006999999999999999,23.323,0.664,3.0,0.002,23.979,0.003,0.022,327.865,0.5379999999999999,-0.534
00:00:24.488,1572945197675,0.539,-0.006,23.323,0.664,3.0,0.002,23.988000000000003,0.003,0.022,328.264,0.5379999999999999,-0.534
00:00:24.489,1572945197676,0.5379999999999999,-0.005,23.323,0.664,3.0,0.002,23.997,0.002,0.023,328.664,0.5379999999999999,-0.534
00:00:24.537,1572945197724,0.537,-0.005,23.323,0.664,3.0,0.002,24.006,0.002,0.023,329.064,0.537,-0.534
00:00:24.538,1572945197725,0.537,-0.004,23.323,0.664,3.0,0.002,24.015,0.002,0.023,329.465,0.537,-0.534
00:00:24.539,1572945197726,0.537,-0.003,23.323,0.664,3.0,0.002,24.024,0.002,0.023,329.865,0.537,-0.534
00:00:24.588,1572945197775,0.537,-0.002,23.323,0.664,3.0,0.002,24.033,0.002,0.023,330.265,0.536,-0.534
00:00:24.589,1572945197776,0.537,-0.001,23.323,0.664,3.0,0.002,24.042,0.001,0.023,330.666,0.536,-0.534
00:00:24.590,1572945197777,0.536,-0.001,23.323,0.664,3.0,0.002,24.051,0.001,0.023,331.06699999999995,0.536,-0.534
00:00:24.639,1572945197826,0.536,0.0,23.323,0.664,3.0,0.002,24.06,0.001,0.023,331.468,0.535,-0.534
00:00:24.640,1572945197827,0.536,0.0,23.323,0.664,3.0,0.002,24.06900000000001,0.0,0.023,331.869,0.535,-0.534
00:00:24.641,1572945197828,0.536,0.001,23.323,0.664,3.0,0.002,24.07800000000001,0.0,0.023,332.27,0.535,-0.534
00:00:24.689,1572945197876,0.535,0.001,23.323,0.664,3.0,0.002,24.087,0.0,0.023,332.671,0.534,-0.534
00:00:24.690,1572945197877,0.535,0.002,23.323,0.664,3.0,0.002,24.096,0.0,0.023,333.0730000000001,0.534,-0.534
00:00:24.691,1572945197878,0.535,0.003,23.323,0.664,3.0,0.002,24.104,0.0,0.023,333.474,0.534,-0.534
00:00:24.739,1572945197926,0.535,0.003,23.323,0.664,3.0,0.001,24.113000000000003,-0.001,0.023,333.876,0.5329999999999999,-0.534
00:00:24.740,1572945197927,0.535,0.004,23.323,0.664,3.0,0.001,24.122,-0.001,0.023,334.278,0.5329999999999999,-0.534
00:00:24.741,1572945197928,0.534,0.004,23.323,0.664,3.0,0.001,24.131,-0.001,0.023,334.68,0.5329999999999999,-0.534
00:00:24.790,1572945197977,0.534,0.005,23.323,0.664,3.0,0.001,24.14,-0.001,0.023,335.083,0.532,-0.534
00:00:24.791,1572945197978,0.534,0.005,23.323,0.664,3.0,0.001,24.149,-0.001,0.023,335.485,0.532,-0.534
00:00:24.792,1572945197979,0.534,0.006,23.323,0.664,3.0,0.001,24.158,-0.001,0.023,335.8880000000001,0.532,-0.534
00:00:24.839,1572945198026,0.534,0.006,23.323,0.664,3.0,0.001,24.167,-0.001,0.023,336.29,0.531,-0.534
00:00:24.840,1572945198027,0.5329999999999999,0.006,23.323,0.664,3.0,0.001,24.176,-0.001,0.023,336.6930000000001,0.531,-0.534
00:00:24.841,1572945198028,0.5329999999999999,0.006,23.323,0.664,3.0,0.001,24.185,-0.001,0.023,337.096,0.531,-0.534
00:00:24.889,1572945198076,0.5329999999999999,0.006,23.323,0.664,3.0,0.001,24.193,-0.001,0.023,337.499,0.53,-0.534
00:00:24.890,1572945198077,0.5329999999999999,0.006,23.323,1.128,3.0,0.0,24.202,-0.001,0.023,337.903,0.53,-0.534
00:00:24.891,1572945198078,0.529,0.006,23.323,1.128,3.0,0.0,24.211,-0.001,0.023,338.306,0.53,-0.534
00:00:24.944,1572945198131,0.524,0.006,23.323,1.128,3.0,0.0,24.22,-0.001,0.023,338.71,0.529,-0.534
00:00:24.945,1572945198132,0.522,0.006999999999999999,23.323,1.128,3.0,0.0,24.228,-0.001,0.023,339.11300000000006,0.529,-0.534
00:00:24.946,1572945198133,0.52,0.006999999999999999,23.323,1.128,3.0,0.0,24.237,-0.001,0.023,339.517,0.529,-0.534
00:00:24.947,1572945198134,0.52,0.006999999999999999,23.323,1.128,3.0,0.0,24.246,-0.001,0.023,339.921,0.528,-0.534
00:00:24.992,1572945198179,0.519,0.006999999999999999,23.323,0.664,3.0,-0.001,24.254,-0.001,0.022,340.325,0.528,-0.534
00:00:24.993,1572945198180,0.523,0.006999999999999999,23.323,0.664,3.0,-0.001,24.263,-0.001,0.022,340.73,0.528,-0.534
00:00:24.994,1572945198181,0.527,0.006999999999999999,23.323,0.664,3.0,-0.001,24.272,-0.001,0.022,341.134,0.527,-0.534
00:00:25.043,1572945198230,0.529,0.008,23.323,0.664,3.0,-0.001,24.281,-0.001,0.022,341.539,0.527,-0.534
00:00:25.044,1572945198231,0.53,0.009000000000000001,23.323,0.664,3.0,-0.001,24.29,-0.001,0.022,341.944,0.527,-0.534
00:00:25.045,1572945198232,0.53,0.01,23.323,0.664,3.0,-0.001,24.298,-0.001,0.022,342.348,0.526,-0.534
00:00:25.099,1572945198286,0.53,0.011,23.323,0.664,3.0,-0.001,24.307,-0.001,0.022,342.7530000000001,0.526,-0.534
00:00:25.100,1572945198287,0.53,0.012,23.323,0.664,3.0,-0.001,24.316,0.0,0.022,343.159,0.526,-0.534
00:00:25.101,1572945198288,0.53,0.014,23.323,0.664,3.0,-0.001,24.325,0.0,0.022,343.564,0.525,-0.534
00:00:25.147,1572945198334,0.53,0.016,23.323,0.664,3.0,-0.001,24.334,0.0,0.022,343.97,0.525,-0.534
00:00:25.148,1572945198335,0.53,0.018000000000000002,23.323,0.664,3.0,-0.001,24.343000000000004,0.0,0.022,344.375,0.525,-0.534
00:00:25.149,1572945198336,0.529,0.021,23.323,0.664,3.0,-0.001,24.351,0.0,0.022,344.781,0.525,-0.534
00:00:25.193,1572945198380,0.529,0.025,23.323,0.664,3.0,-0.001,24.36,0.0,0.022,345.18699999999984,0.524,-0.534
00:00:25.194,1572945198381,0.529,0.028,23.323,0.664,3.0,-0.001,24.369,0.0,0.022,345.593,0.524,-0.534
00:00:25.195,1572945198382,0.529,0.033,23.323,0.664,3.0,-0.001,24.378,0.0,0.022,345.999,0.524,-0.534
00:00:25.243,1572945198430,0.529,0.037000000000000005,23.323,0.664,3.0,-0.002,24.387,0.0,0.022,346.406,0.524,-0.534
00:00:25.244,1572945198431,0.528,0.043,23.323,0.664,3.0,-0.002,24.397,0.0,0.022,346.88800000000015,0.523,-0.534
00:00:25.245,1572945198432,0.528,0.047,23.323,0.664,3.0,-0.002,24.404,0.0,0.022,347.219,0.523,-0.534
00:00:25.294,1572945198481,0.528,0.052000000000000005,23.323,0.664,3.0,-0.003,24.413,0.0,0.022,347.626,0.523,-0.534
00:00:25.295,1572945198482,0.528,0.057,23.323,0.664,3.0,-0.003,24.422,0.0,0.022,348.032,0.523,-0.534
00:00:25.296,1572945198483,0.527,0.061,23.323,0.664,3.0,-0.004,24.431,0.0,0.022,348.44,0.523,-0.534
00:00:25.352,1572945198539,0.527,0.065,23.323,0.664,3.0,-0.005,24.439,-0.001,0.022,348.847,0.522,-0.534
00:00:25.353,1572945198540,0.527,0.067,23.323,0.664,3.0,-0.006,24.448,-0.001,0.023,349.254,0.522,-0.534
00:00:25.354,1572945198541,0.527,0.069,23.323,0.664,3.0,-0.006999999999999999,24.457,-0.002,0.023,349.662,0.522,-0.534
00:00:25.400,1572945198587,0.526,0.07,23.323,0.664,3.0,-0.008,24.466,-0.002,0.023,350.069,0.522,-0.534
00:00:25.401,1572945198588,0.526,0.07200000000000001,23.323,0.664,3.0,-0.009000000000000001,24.474,-0.003,0.023,350.477,0.522,-0.534
00:00:25.402,1572945198589,0.526,0.07400000000000001,23.323,0.664,3.0,-0.009000000000000001,24.483,-0.004,0.023,350.885,0.522,-0.534
00:00:25.449,1572945198636,0.526,0.076,23.323,0.664,3.0,-0.01,24.492,-0.004,0.023,351.293,0.522,-0.534
00:00:25.450,1572945198637,0.526,0.078,23.323,0.664,3.0,-0.011,24.501,-0.005,0.023,351.702,0.522,-0.534
00:00:25.451,1572945198638,0.525,0.081,23.323,0.664,3.0,-0.012,24.51,-0.006,0.023,352.11,0.522,-0.534
00:00:25.499,1572945198686,0.525,0.083,23.323,0.664,3.0,-0.013,24.518,-0.006,0.023,352.519,0.522,-0.534
00:00:25.500,1572945198687,0.525,0.085,23.323,0.664,3.0,-0.014,24.527,-0.006999999999999999,0.022,352.927,0.522,-0.534
00:00:25.501,1572945198688,0.525,0.087,23.323,0.664,3.0,-0.014,24.536,-0.008,0.022,353.336,0.522,-0.534
00:00:25.549,1572945198736,0.525,0.08800000000000001,23.323,0.664,3.0,-0.015,24.544,-0.008,0.022,353.745,0.522,-0.534
00:00:25.550,1572945198737,0.524,0.08900000000000001,23.323,0.664,3.0,-0.016,24.553,-0.009000000000000001,0.022,354.154,0.522,-0.534
00:00:25.551,1572945198738,0.524,0.08900000000000001,23.323,0.664,3.0,-0.017,24.562,-0.009000000000000001,0.022,354.564,0.522,-0.534
00:00:25.599,1572945198786,0.524,0.08900000000000001,23.323,0.664,3.0,-0.018000000000000002,24.571,-0.009000000000000001,0.022,354.973,0.523,-0.534
00:00:25.600,1572945198787,0.524,0.08900000000000001,23.323,0.664,3.0,-0.018000000000000002,24.579,-0.01,0.022,355.38300000000015,0.523,-0.534
00:00:25.601,1572945198788,0.524,0.08800000000000001,23.323,0.664,3.0,-0.019,24.588,-0.01,0.022,355.792,0.523,-0.534
00:00:25.649,1572945198836,0.523,0.08800000000000001,23.323,0.664,3.0,-0.02,24.597,-0.01,0.022,356.202,0.523,-0.534
00:00:25.650,1572945198837,0.523,0.087,23.323,0.664,3.0,-0.02,24.606,-0.01,0.022,356.612,0.524,-0.534
00:00:25.651,1572945198838,0.523,0.086,23.323,0.664,3.0,-0.021,24.614,-0.01,0.022,357.022,0.524,-0.534
00:00:25.700,1572945198887,0.523,0.085,23.323,0.664,3.0,-0.021,24.623,-0.01,0.022,357.43300000000005,0.524,-0.534
00:00:25.701,1572945198888,0.523,0.084,23.323,0.664,3.0,-0.021,24.632,-0.01,0.022,357.843,0.525,-0.534
00:00:25.702,1572945198889,0.522,0.083,23.323,0.664,3.0,-0.022,24.64,-0.01,0.022,358.254,0.525,-0.534
00:00:25.754,1572945198941,0.522,0.08,23.323,0.664,3.0,-0.022,24.65,-0.01,0.022,358.69,0.525,-0.534
00:00:25.755,1572945198942,0.522,0.078,23.323,0.664,3.0,-0.023,24.658,-0.01,0.022,359.075,0.526,-0.534
00:00:25.756,1572945198943,0.522,0.075,23.323,0.664,3.0,-0.023,24.666,-0.01,0.022,359.487,0.526,-0.534
00:00:25.803,1572945198990,0.522,0.071,23.323,0.664,3.0,-0.023,24.675,-0.009000000000000001,0.022,359.898,0.527,-0.534
00:00:25.804,1572945198991,0.521,0.067,23.323,0.664,3.0,-0.023,24.684,-0.009000000000000001,0.022,360.309,0.527,-0.534
00:00:25.805,1572945198992,0.521,0.064,23.323,0.664,3.0,-0.024,24.693,-0.009000000000000001,0.022,360.721,0.528,-0.534
00:00:25.853,1572945199040,0.521,0.06,23.323,0.664,3.0,-0.024,24.701,-0.009000000000000001,0.022,361.132,0.528,-0.534
00:00:25.854,1572945199041,0.521,0.056,23.323,0.664,3.0,-0.024,24.71,-0.008,0.022,361.544,0.529,-0.534
00:00:25.855,1572945199042,0.521,0.052000000000000005,23.323,0.664,3.0,-0.024,24.719,-0.008,0.022,361.956,0.529,-0.534
00:00:25.903,1572945199090,0.521,0.048,23.323,0.664,3.0,-0.024,24.727,-0.008,0.022,362.36800000000005,0.53,-0.534
00:00:25.904,1572945199091,0.52,0.044,23.323,0.664,3.0,-0.024,24.736,-0.008,0.022,362.78,0.53,-0.534
00:00:25.905,1572945199092,0.52,0.04,23.323,0.664,3.0,-0.023,24.745,-0.006999999999999999,0.022,363.192,0.531,-0.534
00:00:25.953,1572945199140,0.52,0.035,23.323,0.664,3.0,-0.023,24.753,-0.006999999999999999,0.022,363.605,0.531,-0.534
00:00:25.954,1572945199141,0.52,0.03,23.323,0.664,3.0,-0.023,24.762,-0.006999999999999999,0.022,364.017,0.532,-0.534
00:00:25.955,1572945199142,0.52,0.026,23.323,0.664,3.0,-0.023,24.768,-0.006,0.022,364.327,0.532,-0.534
00:00:26.003,1572945199190,0.519,0.02,23.323,0.664,3.0,-0.022,24.777,-0.006,0.022,364.74,0.5329999999999999,-0.534
00:00:26.004,1572945199191,0.519,0.013,23.323,0.664,3.0,-0.022,24.786,-0.006,0.022,365.153,0.534,-0.534
00:00:26.005,1572945199192,0.519,0.006999999999999999,23.323,0.664,3.0,-0.022,24.795,-0.005,0.022,365.592,0.534,-0.534
00:00:26.054,1572945199241,0.519,0.001,23.323,0.664,3.0,-0.021,24.803,-0.005,0.022,365.979,0.535,-0.534
00:00:26.055,1572945199242,0.519,-0.005,23.323,0.664,3.0,-0.02,24.812,-0.005,0.022,366.393,0.536,-0.534
00:00:26.056,1572945199243,0.519,-0.012,23.323,0.664,3.0,-0.02,24.82,-0.004,0.022,366.806,0.536,-0.534
00:00:26.113,1572945199300,0.518,-0.02,23.323,0.664,3.0,-0.019,24.829,-0.004,0.022,367.22,0.537,-0.534
00:00:26.114,1572945199301,0.518,-0.028,23.323,0.664,3.0,-0.018000000000000002,24.838,-0.004,0.022,367.634,0.537,-0.534
00:00:26.115,1572945199302,0.518,-0.036000000000000004,23.323,0.664,3.0,-0.017,24.846,-0.003,0.022,368.048,0.5379999999999999,-0.534
00:00:26.157,1572945199344,0.518,-0.044,23.323,0.664,3.0,-0.016,24.855,-0.003,0.022,368.462,0.5379999999999999,-0.534
00:00:26.158,1572945199345,0.517,-0.052000000000000005,23.323,0.664,3.0,-0.015,24.863000000000003,-0.002,0.022,368.877,0.539,-0.534
00:00:26.159,1572945199346,0.517,-0.061,23.323,0.664,3.0,-0.014,24.873,-0.002,0.022,369.317,0.54,-0.534
00:00:26.219,1572945199406,0.517,-0.067,23.323,0.664,3.0,-0.013,24.881,-0.001,0.022,369.706,0.54,-0.534
00:00:26.220,1572945199407,0.516,-0.073,23.323,0.664,3.0,-0.011,24.889,-0.001,0.022,370.12,0.541,-0.534
00:00:26.221,1572945199408,0.516,-0.079,23.323,0.664,3.0,-0.009000000000000001,24.898000000000003,0.0,0.022,370.535,0.541,-0.534
00:00:26.222,1572945199409,0.516,-0.083,23.323,0.664,3.0,-0.006999999999999999,24.907,0.001,0.022,370.976,0.541,-0.534
00:00:26.269,1572945199456,0.516,-0.087,23.323,0.664,3.0,-0.006,24.915,0.002,0.022,371.366,0.542,-0.534
00:00:26.270,1572945199457,0.515,-0.09,23.323,0.664,3.0,-0.004,24.924,0.003,0.022,371.781,0.542,-0.534
00:00:26.271,1572945199458,0.515,-0.093,23.323,0.664,3.0,-0.002,24.932,0.005,0.022,372.196,0.5429999999999999,-0.534
00:00:26.319,1572945199506,0.515,-0.096,23.323,0.664,3.0,0.0,24.941,0.006,0.022,372.638,0.5429999999999999,-0.534
00:00:26.320,1572945199507,0.515,-0.099,23.323,0.664,3.0,0.002,24.949,0.006999999999999999,0.022,373.028,0.5429999999999999,-0.534
00:00:26.321,1572945199508,0.515,-0.102,23.323,0.664,3.0,0.003,24.958,0.008,0.021,373.444,0.544,-0.534
00:00:26.369,1572945199556,0.515,-0.105,23.323,0.664,3.0,0.005,24.967,0.009000000000000001,0.021,373.86,0.544,-0.534
00:00:26.370,1572945199557,0.514,-0.108,23.323,0.664,3.0,0.006,24.976,0.01,0.021,374.302,0.544,-0.534
00:00:26.371,1572945199558,0.514,-0.11,23.323,0.664,3.0,0.008,24.984,0.011,0.021,374.692,0.544,-0.534
00:00:26.419,1572945199606,0.514,-0.113,23.323,0.664,3.0,0.009000000000000001,24.992,0.011,0.021,375.109,0.544,-0.534
00:00:26.420,1572945199607,0.514,-0.115,23.323,0.664,3.0,0.011,25.001,0.012,0.021,375.525,0.545,-0.534
00:00:26.421,1572945199608,0.514,-0.116,23.323,0.664,3.0,0.012,25.01,0.012,0.021,375.968,0.545,-0.534
00:00:26.470,1572945199657,0.513,-0.118,23.323,0.664,3.0,0.013,25.018,0.013,0.021,376.359,0.545,-0.534
00:00:26.471,1572945199658,0.513,-0.119,23.323,0.664,3.0,0.015,25.026,0.013,0.021,376.776,0.545,-0.534
00:00:26.472,1572945199659,0.513,-0.119,23.323,0.664,3.0,0.016,25.036,0.013,0.021,377.219,0.545,-0.534
00:00:26.522,1572945199709,0.513,-0.119,23.323,0.664,3.0,0.017,25.044,0.014,0.02,377.636,0.545,-0.534
00:00:26.523,1572945199710,0.513,-0.118,23.323,0.664,3.0,0.018000000000000002,25.052,0.014,0.02,378.028,0.545,-0.534
00:00:26.524,1572945199711,0.513,-0.117,23.323,0.664,3.0,0.019,25.061,0.014,0.02,378.445,0.545,-0.534
00:00:26.572,1572945199759,0.512,-0.116,23.323,0.664,3.0,0.02,25.07,0.014,0.02,378.889,0.544,-0.534
00:00:26.573,1572945199760,0.512,-0.114,23.323,0.664,3.0,0.021,25.07800000000001,0.014,0.02,379.307,0.544,-0.534
00:00:26.574,1572945199761,0.512,-0.112,23.323,0.664,3.0,0.022,25.086,0.013,0.021,379.699,0.544,-0.534
00:00:26.626,1572945199813,0.512,-0.11,23.323,0.664,3.0,0.023,25.095,0.013,0.021,380.117,0.544,-0.534
00:00:26.627,1572945199814,0.512,-0.108,23.323,0.664,3.0,0.024,25.103,0.013,0.021,380.536,0.544,-0.534
00:00:26.628,1572945199815,0.511,-0.106,23.323,0.664,3.0,0.024,25.112,0.013,0.021,380.98,0.5429999999999999,-0.534
00:00:26.674,1572945199861,0.511,-0.104,23.323,0.664,3.0,0.025,25.12,0.012,0.021,381.37300000000016,0.5429999999999999,-0.534
00:00:26.675,1572945199862,0.511,-0.101,23.323,0.664,3.0,0.025,25.129,0.012,0.021,381.791,0.5429999999999999,-0.534
00:00:26.676,1572945199863,0.511,-0.099,23.323,0.664,3.0,0.026,25.137,0.012,0.021,382.21,0.542,-0.534
00:00:26.732,1572945199919,0.511,-0.096,23.323,0.664,3.0,0.026,25.146,0.011,0.021,382.655,0.542,-0.534
00:00:26.733,1572945199920,0.51,-0.094,23.323,0.664,3.0,0.027000000000000003,25.155,0.011,0.021,383.075,0.542,-0.534
00:00:26.734,1572945199921,0.51,-0.092,23.323,0.664,3.0,0.027000000000000003,25.163,0.011,0.021,383.468,0.541,-0.534
00:00:26.735,1572945199922,0.51,-0.08900000000000001,23.323,0.664,3.0,0.027000000000000003,25.171,0.01,0.021,383.887,0.541,-0.534
00:00:26.782,1572945199969,0.51,-0.087,23.323,0.664,3.0,0.028,25.18,0.01,0.021,384.307,0.54,-0.534
00:00:26.783,1572945199970,0.51,-0.085,23.323,0.664,3.0,0.028,25.189,0.009000000000000001,0.021,384.753,0.54,-0.534
00:00:26.784,1572945199971,0.509,-0.083,23.323,0.664,3.0,0.028,25.197,0.009000000000000001,0.021,385.146,0.539,-0.534
00:00:26.833,1572945200020,0.509,-0.081,23.323,0.664,3.0,0.028,25.205,0.009000000000000001,0.021,385.566,0.539,-0.534
00:00:26.834,1572945200021,0.509,-0.079,23.323,0.664,3.0,0.028,25.214,0.008,0.021,385.987,0.5379999999999999,-0.534
00:00:26.835,1572945200022,0.509,-0.077,23.323,0.664,3.0,0.028,25.22300000000001,0.008,0.021,386.43300000000005,0.537,-0.534
00:00:26.885,1572945200072,0.509,-0.076,23.323,0.664,3.0,0.028,25.231,0.008,0.021,386.827,0.537,-0.534
00:00:26.886,1572945200073,0.508,-0.07400000000000001,23.323,0.664,3.0,0.028,25.239,0.006999999999999999,0.021,387.24800000000016,0.536,-0.534
00:00:26.887,1572945200074,0.508,-0.07200000000000001,23.323,0.664,3.0,0.028,25.248,0.006999999999999999,0.021,387.669,0.535,-0.534
00:00:26.938,1572945200125,0.508,-0.07,23.323,0.664,3.0,0.028,25.257,0.006999999999999999,0.021,388.116,0.535,-0.534
00:00:26.939,1572945200126,0.508,-0.069,23.323,0.664,3.0,0.028,25.265,0.006999999999999999,0.021,388.51,0.534,-0.534
00:00:26.940,1572945200127,0.508,-0.068,23.323,0.664,3.0,0.028,25.273000000000003,0.006999999999999999,0.021,388.932,0.5329999999999999,-0.534
00:00:26.985,1572945200172,0.507,-0.067,23.323,0.664,3.0,0.028,25.281,0.006,0.021,389.353,0.5329999999999999,-0.534
00:00:26.986,1572945200173,0.507,-0.067,23.323,0.664,3.0,0.028,25.29,0.006,0.02,389.801,0.532,-0.534
00:00:26.987,1572945200174,0.507,-0.066,23.323,0.664,3.0,0.028,25.299,0.006,0.02,390.222,0.531,-0.534
00:00:27.035,1572945200222,0.507,-0.065,23.323,0.664,3.0,0.028,25.307,0.006,0.02,390.61800000000005,0.53,-0.534
00:00:27.036,1572945200223,0.507,-0.065,23.323,0.664,3.0,0.028,25.315,0.006,0.02,391.039,0.529,-0.534
00:00:27.037,1572945200224,0.506,-0.065,23.323,0.664,3.0,0.028,25.324,0.006,0.02,391.48800000000006,0.528,-0.534
00:00:27.085,1572945200272,0.506,-0.064,23.323,0.664,3.0,0.027000000000000003,25.333,0.006,0.02,391.91,0.528,-0.534
00:00:27.086,1572945200273,0.506,-0.064,23.323,0.664,3.0,0.027000000000000003,25.341,0.006,0.02,392.306,0.527,-0.534
00:00:27.087,1572945200274,0.506,-0.064,23.323,0.664,3.0,0.027000000000000003,25.349,0.006,0.02,392.755,0.526,-0.534
00:00:27.138,1572945200325,0.506,-0.064,23.323,0.664,3.0,0.027000000000000003,25.358,0.006,0.02,393.177,0.525,-0.534
00:00:27.139,1572945200326,0.505,-0.064,23.323,0.664,3.0,0.027000000000000003,25.366,0.006,0.02,393.6,0.524,-0.534
00:00:27.140,1572945200327,0.505,-0.064,23.323,0.664,3.0,0.027000000000000003,25.374,0.006,0.02,393.996,0.523,-0.534
00:00:27.193,1572945200380,0.505,-0.064,23.323,0.664,3.0,0.027000000000000003,25.38300000000001,0.006,0.02,394.419,0.522,-0.534
00:00:27.194,1572945200381,0.505,-0.065,16.145,0.664,3.0,0.027000000000000003,25.392,0.006,0.02,394.869,0.521,-0.534
00:00:27.195,1572945200382,0.501,-0.065,16.145,0.664,3.0,0.027000000000000003,25.4,0.006,0.02,395.292,0.52,-0.534
00:00:27.244,1572945200431,0.476,-0.065,16.145,0.664,3.0,0.026,25.407,0.006,0.02,395.689,0.519,-0.534
00:00:27.245,1572945200432,0.424,-0.066,16.145,0.664,3.0,0.026,25.413,0.006,0.019,396.11300000000006,0.518,-0.534
00:00:27.246,1572945200433,0.358,-0.066,16.145,0.664,3.0,0.026,25.41800000000001,0.006,0.018000000000000002,396.56300000000016,0.517,-0.534
00:00:27.288,1572945200475,0.308,-0.067,16.145,0.664,3.0,0.026,25.423,0.006,0.017,396.986,0.516,-0.534
00:00:27.289,1572945200476,0.279,-0.067,2.9610000000000003,0.664,3.0,0.026,25.427,0.006,0.015,397.384,0.515,-0.534
00:00:27.290,1572945200477,0.26,-0.068,2.9610000000000003,0.664,3.0,0.026,25.431,0.006,0.014,397.834,0.514,-0.534
00:00:27.338,1572945200525,0.208,-0.068,2.9610000000000003,0.664,3.0,0.026,25.434,0.006,0.011,398.258,0.513,-0.534
00:00:27.339,1572945200526,0.076,-0.068,2.9610000000000003,0.664,3.0,0.026,25.433000000000003,0.006,0.008,398.682,0.511,-0.534
00:00:27.340,1572945200527,-0.102,-0.07,2.9610000000000003,0.664,3.0,0.026,25.428,0.006,0.004,399.105,0.51,-0.534
00:00:27.388,1572945200575,-0.25,-0.07400000000000001,2.9610000000000003,0.664,3.0,0.026,25.423,0.006,-0.001,399.529,0.509,-0.534
00:00:27.389,1572945200576,-0.297,-0.07400000000000001,2.302,0.664,3.0,0.027000000000000003,25.41800000000001,0.006,-0.006999999999999999,399.953,0.508,-0.534
00:00:27.390,1572945200577,-0.273,-0.071,2.302,0.664,3.0,0.027000000000000003,25.414,0.006,-0.014,400.376,0.507,-0.534
00:00:27.441,1572945200628,-0.238,-0.068,2.302,0.664,3.0,0.027000000000000003,25.41,0.006,-0.02,400.8,0.505,-0.534
00:00:27.442,1572945200629,-0.247,-0.068,2.302,0.664,3.0,0.027000000000000003,25.406,0.006,-0.027000000000000003,401.223,0.504,-0.534
00:00:27.443,1572945200630,-0.268,-0.07,2.302,0.664,3.0,0.027000000000000003,25.401,0.006999999999999999,-0.034,401.647,0.503,-0.534
00:00:27.491,1572945200678,-0.269,-0.07,2.302,0.664,3.0,0.027000000000000003,25.396,0.006999999999999999,-0.04,402.07,0.502,-0.534
00:00:27.492,1572945200679,-0.275,-0.07,1.643,0.664,3.0,0.027000000000000003,25.392,0.006999999999999999,-0.047,402.49300000000005,0.5,-0.534
00:00:27.493,1572945200680,-0.28,-0.07,1.643,0.664,3.0,0.027000000000000003,25.387,0.006999999999999999,-0.054000000000000006,402.917,0.499,-0.534
00:00:27.541,1572945200728,-0.294,-0.07200000000000001,1.643,0.664,3.0,0.027000000000000003,25.382,0.006999999999999999,-0.061,403.34,0.4970000000000001,-0.534
00:00:27.542,1572945200729,-0.3,-0.07200000000000001,1.643,0.664,3.0,0.027000000000000003,25.377,0.006999999999999999,-0.068,403.763,0.496,-0.534
00:00:27.543,1572945200730,-0.303,-0.073,1.643,0.664,3.0,0.028,25.372,0.006999999999999999,-0.07400000000000001,404.186,0.495,-0.534
00:00:27.544,1572945200731,-0.305,-0.073,1.643,0.664,3.0,0.028,25.367,0.006999999999999999,-0.08,404.582,0.493,-0.534
00:00:27.592,1572945200779,-0.307,-0.073,1.276,0.664,3.0,0.028,25.361,0.006999999999999999,-0.086,405.031,0.4920000000000001,-0.534
00:00:27.593,1572945200780,-0.312,-0.07400000000000001,1.276,0.664,3.0,0.028,25.356,0.006999999999999999,-0.092,405.454,0.49,-0.534
00:00:27.594,1572945200781,-0.317,-0.07400000000000001,1.276,0.664,3.0,0.028,25.351,0.006999999999999999,-0.097,405.876,0.489,-0.534
00:00:27.643,1572945200830,-0.321,-0.07400000000000001,1.276,0.664,3.0,0.028,25.345,0.006999999999999999,-0.102,406.299,0.487,-0.534
00:00:27.644,1572945200831,-0.32299999999999995,-0.07400000000000001,1.276,0.664,3.0,0.028,25.34,0.006999999999999999,-0.106,406.721,0.486,-0.534
00:00:27.645,1572945200832,-0.324,-0.07400000000000001,1.276,0.664,3.0,0.029,25.334,0.006999999999999999,-0.111,407.143,0.484,-0.534
00:00:27.694,1572945200881,-0.325,-0.073,1.276,0.664,3.0,0.029,25.329,0.006999999999999999,-0.114,407.566,0.483,-0.534
00:00:27.695,1572945200882,-0.326,-0.073,1.276,0.664,3.0,0.029,25.324,0.006999999999999999,-0.117,407.98800000000006,0.481,-0.534
00:00:27.696,1572945200883,-0.327,-0.07200000000000001,1.276,0.664,3.0,0.029,25.318,0.008,-0.12,408.41,0.48,-0.534
00:00:27.744,1572945200931,-0.328,-0.07200000000000001,1.276,0.664,3.0,0.029,25.313,0.008,-0.122,408.832,0.478,-0.534
00:00:27.745,1572945200932,-0.328,-0.07200000000000001,1.276,0.664,3.0,0.029,25.307,0.008,-0.124,409.253,0.476,-0.534
00:00:27.746,1572945200933,-0.329,-0.07200000000000001,1.276,0.664,3.0,0.029,25.302,0.008,-0.125,409.675,0.475,-0.534
00:00:27.797,1572945200984,-0.329,-0.07200000000000001,1.13,0.664,3.0,0.029,25.296,0.008,-0.126,410.097,0.473,-0.534
00:00:27.798,1572945200985,-0.331,-0.07200000000000001,1.13,0.664,3.0,0.029,25.291,0.008,-0.126,410.518,0.471,-0.534
00:00:27.799,1572945200986,-0.333,-0.07200000000000001,1.13,0.664,3.0,0.029,25.285,0.008,-0.126,410.94,0.47,-0.534
00:00:27.847,1572945201034,-0.334,-0.07200000000000001,1.13,0.664,3.0,0.029,25.28,0.008,-0.125,411.282,0.468,-0.534
00:00:27.848,1572945201035,-0.335,-0.071,1.13,0.664,3.0,0.029,25.275,0.008,-0.125,411.704,0.466,-0.534
00:00:27.849,1572945201036,-0.335,-0.071,1.13,0.664,3.0,0.029,25.269,0.008,-0.124,412.125,0.465,-0.534
00:00:27.897,1572945201084,-0.335,-0.07,1.13,0.664,3.0,0.029,25.264,0.008,-0.123,412.546,0.463,-0.534
00:00:27.898,1572945201085,-0.336,-0.069,1.13,0.664,3.0,0.029,25.25800000000001,0.006999999999999999,-0.121,412.967,0.461,-0.535
00:00:27.899,1572945201086,-0.336,-0.069,1.13,0.664,3.0,0.029,25.253,0.006999999999999999,-0.12,413.388,0.459,-0.535
00:00:27.949,1572945201136,-0.336,-0.068,1.13,0.664,3.0,0.029,25.247,0.006999999999999999,-0.118,413.809,0.457,-0.535
00:00:27.950,1572945201137,-0.336,-0.067,1.13,0.664,3.0,0.029,25.241,0.006999999999999999,-0.117,414.229,0.455,-0.535
00:00:27.951,1572945201138,-0.336,-0.067,1.13,0.664,3.0,0.029,25.236,0.006999999999999999,-0.115,414.65,0.454,-0.535
00:00:28.007,1572945201194,-0.336,-0.067,1.13,0.664,3.0,0.029,25.23,0.006999999999999999,-0.113,415.071,0.452,-0.535
00:00:28.008,1572945201195,-0.337,-0.067,1.13,0.664,3.0,0.029,25.225,0.006999999999999999,-0.112,415.491,0.45,-0.535
00:00:28.009,1572945201196,-0.337,-0.066,1.13,0.664,3.0,0.029,25.219,0.006999999999999999,-0.11,415.911,0.448,-0.535
00:00:28.051,1572945201238,-0.337,-0.066,1.13,0.664,3.0,0.029,25.213,0.006999999999999999,-0.109,416.332,0.446,-0.535
00:00:28.052,1572945201239,-0.337,-0.065,1.13,0.664,3.0,0.029,25.208,0.006999999999999999,-0.107,416.752,0.444,-0.535
00:00:28.053,1572945201240,-0.337,-0.064,1.13,0.664,3.0,0.029,25.202,0.006999999999999999,-0.106,417.172,0.442,-0.535
00:00:28.101,1572945201288,-0.337,-0.064,1.13,0.664,3.0,0.029,25.196,0.006999999999999999,-0.105,417.592,0.44,-0.535
00:00:28.102,1572945201289,-0.337,-0.063,1.13,0.664,3.0,0.029,25.191,0.006999999999999999,-0.104,418.012,0.438,-0.536
00:00:28.103,1572945201290,-0.337,-0.062,1.13,0.664,3.0,0.029,25.185,0.006999999999999999,-0.103,418.432,0.436,-0.536
00:00:28.151,1572945201338,-0.337,-0.06,1.13,0.664,3.0,0.028,25.18,0.006999999999999999,-0.102,418.851,0.434,-0.536
00:00:28.152,1572945201339,-0.337,-0.059,1.13,0.664,3.0,0.028,25.174,0.006999999999999999,-0.102,419.271,0.4320000000000001,-0.536
00:00:28.153,1572945201340,-0.337,-0.056,1.13,0.664,3.0,0.028,25.16800000000001,0.006999999999999999,-0.101,419.69,0.429,-0.536
00:00:28.201,1572945201388,-0.337,-0.053,1.13,0.664,3.0,0.028,25.163,0.006999999999999999,-0.101,420.11,0.4270000000000001,-0.536
00:00:28.202,1572945201389,-0.337,-0.049,1.13,0.664,3.0,0.028,25.157,0.006999999999999999,-0.1,420.529,0.425,-0.536
00:00:28.203,1572945201390,-0.337,-0.043,1.13,0.664,3.0,0.028,25.152,0.006999999999999999,-0.1,420.948,0.423,-0.536
00:00:28.253,1572945201440,-0.337,-0.037000000000000005,1.13,0.664,3.0,0.028,25.146,0.006999999999999999,-0.1,421.36800000000005,0.421,-0.536
00:00:28.254,1572945201441,-0.338,-0.029,1.13,0.664,3.0,0.028,25.14,0.006999999999999999,-0.1,421.787,0.419,-0.536
00:00:28.255,1572945201442,-0.337,-0.019,1.13,0.664,3.0,0.028,25.135,0.006999999999999999,-0.1,422.206,0.417,-0.536
00:00:28.304,1572945201491,-0.337,-0.008,1.13,0.664,3.0,0.027000000000000003,25.129,0.008,-0.1,422.624,0.415,-0.535
00:00:28.305,1572945201492,-0.337,0.006,1.13,0.664,3.0,0.027000000000000003,25.123,0.008,-0.1,423.043,0.412,-0.535
00:00:28.306,1572945201493,-0.337,0.021,1.13,0.664,3.0,0.026,25.118,0.008,-0.1,423.462,0.41,-0.535
00:00:28.358,1572945201545,-0.337,0.036000000000000004,1.13,0.664,3.0,0.025,25.112,0.008,-0.1,423.88,0.408,-0.535
00:00:28.359,1572945201546,-0.337,0.051,1.13,0.664,3.0,0.024,25.107,0.008,-0.1,424.299,0.406,-0.535
00:00:28.360,1572945201547,-0.337,0.064,1.13,0.664,3.0,0.022,25.101,0.008,-0.1,424.717,0.404,-0.535
00:00:28.407,1572945201594,-0.338,0.077,1.13,0.664,3.0,0.02,25.095,0.008,-0.1,425.136,0.402,-0.535
00:00:28.408,1572945201595,-0.338,0.087,1.13,0.664,3.0,0.018000000000000002,25.09,0.008,-0.1,425.554,0.4,-0.535
00:00:28.409,1572945201596,-0.338,0.095,1.13,0.664,3.0,0.015,25.084,0.006999999999999999,-0.101,425.972,0.398,-0.535
00:00:28.457,1572945201644,-0.338,0.101,1.13,0.664,3.0,0.012,25.07800000000001,0.006,-0.101,426.39,0.396,-0.535
00:00:28.458,1572945201645,-0.337,0.105,1.13,0.664,3.0,0.009000000000000001,25.073,0.004,-0.101,426.80800000000005,0.394,-0.535
00:00:28.459,1572945201646,-0.337,0.108,1.13,0.664,3.0,0.006,25.067,0.002,-0.101,427.226,0.392,-0.535
00:00:28.507,1572945201694,-0.337,0.111,1.13,0.664,3.0,0.004,25.062,0.001,-0.102,427.643,0.39,-0.535
00:00:28.508,1572945201695,-0.337,0.115,1.13,0.664,3.0,0.001,25.056,-0.002,-0.102,428.061,0.388,-0.535
00:00:28.509,1572945201696,-0.337,0.12,1.13,0.664,3.0,-0.002,25.05,-0.004,-0.103,428.479,0.386,-0.535
00:00:28.557,1572945201744,-0.337,0.125,1.13,0.664,3.0,-0.004,25.045,-0.006,-0.103,428.896,0.385,-0.535
00:00:28.558,1572945201745,-0.337,0.13,1.13,0.664,3.0,-0.006999999999999999,25.039,-0.008,-0.104,429.31300000000016,0.383,-0.535
00:00:28.559,1572945201746,-0.337,0.13699999999999998,1.13,0.664,3.0,-0.009000000000000001,25.033,-0.01,-0.104,429.731,0.381,-0.535
00:00:28.617,1572945201804,-0.337,0.14400000000000002,1.13,0.664,3.0,-0.011,25.028,-0.012,-0.105,430.148,0.379,-0.535
00:00:28.618,1572945201805,-0.337,0.15,1.13,0.664,3.0,-0.013,25.022,-0.013,-0.105,430.565,0.378,-0.535
00:00:28.619,1572945201806,-0.337,0.157,1.13,0.664,3.0,-0.016,25.017,-0.015,-0.105,430.982,0.376,-0.535
00:00:28.620,1572945201807,-0.337,0.162,1.13,0.664,3.0,-0.018000000000000002,25.011,-0.016,-0.106,431.399,0.375,-0.535
00:00:28.670,1572945201857,-0.337,0.16699999999999998,1.13,0.664,3.0,-0.02,25.005,-0.018000000000000002,-0.106,431.816,0.373,-0.535
00:00:28.671,1572945201858,-0.337,0.17,1.13,0.664,3.0,-0.022,25.0,-0.019,-0.106,432.232,0.3720000000000001,-0.535
00:00:28.672,1572945201859,-0.336,0.173,1.13,0.664,3.0,-0.024,24.994,-0.019,-0.106,432.649,0.37,-0.535
00:00:28.714,1572945201901,-0.336,0.174,1.13,0.664,3.0,-0.026,24.989,-0.02,-0.106,433.066,0.369,-0.535
00:00:28.715,1572945201902,-0.336,0.175,1.13,0.664,3.0,-0.028,24.983,-0.021,-0.106,433.482,0.368,-0.535
00:00:28.716,1572945201903,-0.336,0.174,1.13,0.664,3.0,-0.03,24.977,-0.021,-0.106,433.898,0.366,-0.535
00:00:28.767,1572945201954,-0.336,0.173,1.13,0.664,3.0,-0.031,24.972,-0.021,-0.106,434.315,0.365,-0.535
00:00:28.768,1572945201955,-0.336,0.172,1.13,0.664,3.0,-0.033,24.966,-0.022,-0.106,434.731,0.364,-0.535
00:00:28.769,1572945201956,-0.336,0.17,1.13,0.664,3.0,-0.035,24.961,-0.022,-0.106,435.147,0.363,-0.535
00:00:28.819,1572945202006,-0.336,0.168,1.13,0.664,3.0,-0.036000000000000004,24.955,-0.022,-0.106,435.56300000000016,0.362,-0.535
00:00:28.820,1572945202007,-0.336,0.166,1.13,0.664,3.0,-0.037000000000000005,24.949,-0.021,-0.106,435.979,0.361,-0.535
00:00:28.821,1572945202008,-0.335,0.163,1.13,0.664,3.0,-0.039,24.94400000000001,-0.021,-0.105,436.394,0.36,-0.535
00:00:28.866,1572945202053,-0.335,0.159,1.13,0.664,3.0,-0.04,24.938,-0.021,-0.105,436.81,0.359,-0.535
00:00:28.867,1572945202054,-0.335,0.156,1.13,0.664,3.0,-0.041,24.933000000000003,-0.02,-0.105,437.226,0.358,-0.535
00:00:28.868,1572945202055,-0.335,0.152,1.13,0.664,3.0,-0.042,24.927,-0.02,-0.105,437.641,0.35700000000000004,-0.535
00:00:28.916,1572945202103,-0.335,0.14800000000000002,1.13,0.664,3.0,-0.042,24.921,-0.019,-0.104,438.057,0.35600000000000004,-0.535
00:00:28.917,1572945202104,-0.335,0.14300000000000002,1.13,0.664,3.0,-0.043,24.916,-0.018000000000000002,-0.104,438.472,0.35600000000000004,-0.535
00:00:28.918,1572945202105,-0.335,0.138,1.13,0.664,3.0,-0.044,24.91,-0.018000000000000002,-0.104,438.887,0.355,-0.535
00:00:28.966,1572945202153,-0.335,0.133,1.13,0.664,3.0,-0.044,24.905,-0.017,-0.104,439.302,0.354,-0.535
00:00:28.967,1572945202154,-0.335,0.128,1.13,0.664,3.0,-0.045,24.899,-0.016,-0.103,439.717,0.354,-0.535
00:00:28.968,1572945202155,-0.335,0.124,1.13,0.664,3.0,-0.045,24.894,-0.016,-0.103,440.132,0.353,-0.535
00:00:29.019,1572945202206,-0.332,0.119,1.643,0.664,3.0,-0.045,24.888,-0.015,-0.103,440.547,0.35200000000000004,-0.535
00:00:29.020,1572945202207,-0.324,0.115,1.643,0.664,3.0,-0.045,24.88300000000001,-0.014,-0.102,440.962,0.35200000000000004,-0.535
00:00:29.021,1572945202208,-0.32,0.11,1.643,0.664,3.0,-0.045,24.877,-0.014,-0.102,441.376,0.35100000000000003,-0.535
00:00:29.072,1572945202259,-0.318,0.106,1.643,0.664,3.0,-0.045,24.872,-0.013,-0.102,441.791,0.35100000000000003,-0.535
00:00:29.073,1572945202260,-0.318,0.102,1.643,0.664,3.0,-0.045,24.867,-0.012,-0.101,442.205,0.35,-0.535
00:00:29.074,1572945202261,-0.317,0.099,1.643,0.664,3.0,-0.045,24.862,-0.012,-0.101,442.62,0.35,-0.535
00:00:29.121,1572945202308,-0.317,0.095,1.643,0.664,3.0,-0.045,24.856,-0.011,-0.101,443.034,0.35,-0.535
00:00:29.122,1572945202309,-0.317,0.091,1.643,0.664,3.0,-0.045,24.851,-0.01,-0.101,443.448,0.349,-0.535
00:00:29.123,1572945202310,-0.317,0.08800000000000001,1.643,0.664,3.0,-0.044,24.846,-0.01,-0.1,443.86300000000006,0.349,-0.535
00:00:29.174,1572945202361,-0.317,0.085,1.643,0.664,3.0,-0.044,24.84,-0.009000000000000001,-0.1,444.277,0.348,-0.535
00:00:29.175,1572945202362,-0.317,0.08199999999999999,1.643,0.664,3.0,-0.044,24.835,-0.008,-0.1,444.691,0.348,-0.535
00:00:29.176,1572945202363,-0.317,0.079,1.643,0.664,3.0,-0.043,24.83,-0.008,-0.1,445.105,0.348,-0.535
00:00:29.223,1572945202410,-0.317,0.077,1.643,0.664,3.0,-0.043,24.825,-0.008,-0.1,445.518,0.348,-0.535
00:00:29.224,1572945202411,-0.317,0.07400000000000001,1.643,0.664,3.0,-0.042,24.81900000000001,-0.006999999999999999,-0.1,445.932,0.34700000000000003,-0.535
00:00:29.225,1572945202412,-0.317,0.073,1.643,0.664,3.0,-0.042,24.814,-0.006999999999999999,-0.1,446.346,0.34700000000000003,-0.535
00:00:29.275,1572945202462,-0.317,0.071,1.643,0.664,3.0,-0.041,24.809,-0.006,-0.099,446.759,0.34700000000000003,-0.535
00:00:29.276,1572945202463,-0.317,0.069,1.643,0.664,3.0,-0.041,24.804,-0.006,-0.099,447.173,0.34700000000000003,-0.535
00:00:29.277,1572945202464,-0.317,0.067,1.643,0.664,3.0,-0.04,24.798,-0.006,-0.099,447.586,0.34600000000000003,-0.535
00:00:29.323,1572945202510,-0.317,0.065,1.643,0.664,3.0,-0.04,24.79300000000001,-0.006,-0.099,447.999,0.34600000000000003,-0.535
00:00:29.324,1572945202511,-0.316,0.064,1.643,0.664,3.0,-0.039,24.788,-0.005,-0.1,448.412,0.34600000000000003,-0.535
00:00:29.325,1572945202512,-0.316,0.063,1.643,0.664,3.0,-0.039,24.782,-0.005,-0.1,448.825,0.34600000000000003,-0.535
00:00:29.374,1572945202561,-0.316,0.062,1.643,0.664,3.0,-0.038,24.777,-0.005,-0.1,449.23800000000006,0.34600000000000003,-0.535
00:00:29.375,1572945202562,-0.316,0.062,1.643,0.664,3.0,-0.038,24.772,-0.005,-0.1,449.651,0.34600000000000003,-0.535
00:00:29.376,1572945202563,-0.316,0.062,1.643,0.664,3.0,-0.037000000000000005,24.767,-0.005,-0.1,450.064,0.34600000000000003,-0.535
00:00:29.424,1572945202611,-0.317,0.063,1.423,0.664,3.0,-0.037000000000000005,24.761,-0.005,-0.1,450.477,0.34600000000000003,-0.535
00:00:29.425,1572945202612,-0.32,0.063,1.423,0.664,3.0,-0.036000000000000004,24.756,-0.005,-0.1,450.89,0.34600000000000003,-0.535
00:00:29.426,1572945202613,-0.322,0.064,1.423,0.664,3.0,-0.036000000000000004,24.751,-0.005,-0.1,451.302,0.34600000000000003,-0.535
00:00:29.474,1572945202661,-0.32299999999999995,0.064,1.423,0.664,3.0,-0.036000000000000004,24.745,-0.005,-0.1,451.715,0.34600000000000003,-0.535
00:00:29.475,1572945202662,-0.32299999999999995,0.065,1.423,0.664,3.0,-0.035,24.74,-0.005,-0.1,452.127,0.34600000000000003,-0.535
00:00:29.476,1572945202663,-0.32299999999999995,0.065,1.423,0.664,3.0,-0.035,24.734,-0.005,-0.1,452.539,0.34600000000000003,-0.535
00:00:29.527,1572945202714,-0.32299999999999995,0.066,1.423,0.664,3.0,-0.035,24.729,-0.005,-0.1,452.951,0.34600000000000003,-0.535
00:00:29.528,1572945202715,-0.32299999999999995,0.067,1.423,0.664,3.0,-0.034,24.724,-0.005,-0.1,453.364,0.34600000000000003,-0.535
00:00:29.529,1572945202716,-0.322,0.068,1.423,0.664,3.0,-0.034,24.718000000000004,-0.005,-0.1,453.776,0.34600000000000003,-0.535
00:00:29.530,1572945202717,-0.322,0.069,1.423,0.664,3.0,-0.034,24.713,-0.005,-0.1,454.187,0.34600000000000003,-0.535
00:00:29.576,1572945202763,-0.322,0.07,1.423,0.664,3.0,-0.034,24.708,-0.005,-0.1,454.599,0.34600000000000003,-0.535
00:00:29.577,1572945202764,-0.322,0.071,1.423,0.664,3.0,-0.034,24.702,-0.006,-0.1,455.011,0.34600000000000003,-0.535
00:00:29.578,1572945202765,-0.322,0.073,1.423,0.664,3.0,-0.034,24.697,-0.006,-0.101,455.423,0.34600000000000003,-0.535
00:00:29.626,1572945202813,-0.322,0.075,1.423,0.664,3.0,-0.033,24.691,-0.006,-0.101,455.834,0.34700000000000003,-0.535
00:00:29.627,1572945202814,-0.322,0.076,1.423,0.664,3.0,-0.033,24.686,-0.006,-0.101,456.246,0.34700000000000003,-0.535
00:00:29.628,1572945202815,-0.322,0.078,1.423,0.664,3.0,-0.033,24.681,-0.006,-0.101,456.657,0.34700000000000003,-0.535
00:00:29.680,1572945202867,-0.322,0.08,1.423,0.664,3.0,-0.033,24.675,-0.006,-0.101,457.069,0.34700000000000003,-0.535
00:00:29.681,1572945202868,-0.322,0.08199999999999999,1.423,0.664,3.0,-0.033,24.67,-0.006,-0.101,457.48,0.348,-0.535
00:00:29.682,1572945202869,-0.324,0.084,1.423,1.128,3.0,-0.033,24.665,-0.006,-0.101,457.891,0.348,-0.535
00:00:29.727,1572945202914,-0.328,0.086,1.423,1.128,3.0,-0.033,24.659,-0.006,-0.101,458.302,0.348,-0.535
00:00:29.728,1572945202915,-0.332,0.087,1.423,1.128,3.0,-0.033,24.653,-0.006999999999999999,-0.101,458.713,0.349,-0.535
00:00:29.729,1572945202916,-0.333,0.087,1.423,1.128,3.0,-0.033,24.648000000000003,-0.006999999999999999,-0.101,459.124,0.349,-0.535
00:00:29.783,1572945202970,-0.334,0.087,1.423,1.128,3.0,-0.034,24.642,-0.006999999999999999,-0.101,459.534,0.349,-0.535
00:00:29.784,1572945202971,-0.334,0.087,1.423,1.128,3.0,-0.034,24.637,-0.006999999999999999,-0.101,459.945,0.35,-0.535
00:00:29.785,1572945202972,-0.332,0.086,1.423,0.664,3.0,-0.034,24.631,-0.006999999999999999,-0.101,460.356,0.35,-0.535
00:00:29.833,1572945203020,-0.326,0.084,1.423,0.664,3.0,-0.034,24.626,-0.008,-0.101,460.766,0.35100000000000003,-0.535
00:00:29.834,1572945203021,-0.32299999999999995,0.08199999999999999,1.423,0.664,3.0,-0.034,24.621,-0.008,-0.101,461.177,0.35100000000000003,-0.535
00:00:29.835,1572945203022,-0.322,0.08,1.423,0.664,3.0,-0.034,24.615,-0.008,-0.101,461.587,0.35200000000000004,-0.535
00:00:29.884,1572945203071,-0.321,0.077,1.423,0.664,3.0,-0.034,24.61,-0.008,-0.101,461.997,0.35200000000000004,-0.535
00:00:29.885,1572945203072,-0.321,0.07400000000000001,1.423,0.664,3.0,-0.035,24.605,-0.009000000000000001,-0.101,462.407,0.353,-0.535
00:00:29.886,1572945203073,-0.321,0.071,1.423,0.664,3.0,-0.035,24.599,-0.009000000000000001,-0.101,462.817,0.353,-0.535
00:00:29.944,1572945203131,-0.32,0.067,1.423,0.664,3.0,-0.034,24.594,-0.009000000000000001,-0.101,463.227,0.354,-0.535
00:00:29.945,1572945203132,-0.32,0.064,1.423,0.664,3.0,-0.034,24.589,-0.009000000000000001,-0.101,463.637,0.355,-0.535
00:00:29.946,1572945203133,-0.32,0.06,1.423,0.664,3.0,-0.034,24.583,-0.01,-0.101,464.047,0.355,-0.535
00:00:29.947,1572945203134,-0.32,0.058,1.423,0.664,3.0,-0.034,24.57800000000001,-0.01,-0.101,464.456,0.35600000000000004,-0.535
00:00:29.995,1572945203182,-0.32,0.055,1.423,0.664,3.0,-0.033,24.573,-0.01,-0.101,464.866,0.35600000000000004,-0.535
00:00:29.996,1572945203183,-0.32,0.054000000000000006,1.423,0.664,3.0,-0.033,24.567,-0.009000000000000001,-0.1,465.276,0.35700000000000004,-0.535
00:00:29.997,1572945203184,-0.32,0.053,1.423,0.664,3.0,-0.032,24.562,-0.009000000000000001,-0.1,465.685,0.358,-0.535
00:00:30.042,1572945203229,-0.32,0.053,1.423,0.664,3.0,-0.031,24.557,-0.009000000000000001,-0.1,466.094,0.359,-0.535
00:00:30.043,1572945203230,-0.32,0.052000000000000005,1.423,0.664,3.0,-0.031,24.551,-0.008,-0.1,466.503,0.359,-0.535
00:00:30.044,1572945203231,-0.32,0.052000000000000005,1.423,0.664,3.0,-0.03,24.546,-0.008,-0.1,466.913,0.36,-0.535
00:00:30.092,1572945203279,-0.32,0.051,1.423,0.664,3.0,-0.03,24.541,-0.006999999999999999,-0.1,467.322,0.361,-0.535
00:00:30.093,1572945203280,-0.32,0.051,1.423,0.664,3.0,-0.029,24.535,-0.006999999999999999,-0.1,467.731,0.361,-0.535
00:00:30.094,1572945203281,-0.32,0.051,1.423,0.664,3.0,-0.029,24.53,-0.006,-0.1,468.14,0.362,-0.535
00:00:30.142,1572945203329,-0.32,0.05,1.423,0.664,3.0,-0.028,24.525,-0.006,-0.1,468.548,0.363,-0.535
00:00:30.143,1572945203330,-0.319,0.05,1.423,0.664,3.0,-0.028,24.519,-0.005,-0.1,468.957,0.364,-0.535
00:00:30.144,1572945203331,-0.319,0.05,1.423,0.664,3.0,-0.028,24.514,-0.004,-0.1,469.366,0.365,-0.535
00:00:30.197,1572945203384,-0.319,0.05,1.423,0.664,3.0,-0.027000000000000003,24.509,-0.004,-0.1,469.774,0.365,-0.535
00:00:30.198,1572945203385,-0.319,0.049,1.423,0.664,3.0,-0.027000000000000003,24.503,-0.003,-0.1,470.18300000000005,0.366,-0.535
00:00:30.199,1572945203386,-0.319,0.049,1.423,0.664,3.0,-0.027000000000000003,24.498,-0.003,-0.1,470.591,0.3670000000000001,-0.535
00:00:30.243,1572945203430,-0.319,0.049,1.423,0.664,3.0,-0.026,24.493,-0.003,-0.099,470.999,0.368,-0.535
00:00:30.244,1572945203431,-0.319,0.049,1.423,0.664,3.0,-0.026,24.487,-0.002,-0.099,471.407,0.369,-0.535
00:00:30.245,1572945203432,-0.319,0.049,1.423,0.664,3.0,-0.026,24.482,-0.002,-0.099,471.841,0.37,-0.535
00:00:30.294,1572945203481,-0.319,0.049,1.423,0.664,3.0,-0.026,24.477,-0.002,-0.099,472.223,0.371,-0.535
00:00:30.295,1572945203482,-0.319,0.049,1.423,0.664,3.0,-0.026,24.471,-0.002,-0.099,472.631,0.3720000000000001,-0.535
00:00:30.296,1572945203483,-0.318,0.049,1.423,0.664,3.0,-0.025,24.466,-0.002,-0.099,473.039,0.3720000000000001,-0.535
00:00:30.348,1572945203535,-0.318,0.05,1.423,0.664,3.0,-0.025,24.461,-0.002,-0.099,473.447,0.373,-0.535
00:00:30.349,1572945203536,-0.318,0.051,1.423,0.664,3.0,-0.025,24.455,-0.002,-0.099,473.855,0.374,-0.535
00:00:30.350,1572945203537,-0.318,0.052000000000000005,1.423,0.664,3.0,-0.025,24.45,-0.003,-0.099,474.262,0.375,-0.535
00:00:30.402,1572945203589,-0.318,0.054000000000000006,1.423,0.664,3.0,-0.025,24.445,-0.003,-0.099,474.67,0.376,-0.535
00:00:30.403,1572945203590,-0.318,0.055,1.423,0.664,3.0,-0.025,24.44,-0.003,-0.099,475.077,0.377,-0.535
00:00:30.404,1572945203591,-0.318,0.056,1.423,0.664,3.0,-0.025,24.434,-0.003,-0.099,475.484,0.378,-0.535
00:00:30.448,1572945203635,-0.318,0.058,1.423,0.664,3.0,-0.025,24.429,-0.004,-0.099,475.891,0.379,-0.535
00:00:30.449,1572945203636,-0.318,0.059,1.423,0.664,3.0,-0.025,24.423,-0.004,-0.099,476.324,0.381,-0.535
00:00:30.450,1572945203637,-0.318,0.06,1.423,0.664,3.0,-0.025,24.41800000000001,-0.004,-0.099,476.705,0.382,-0.535
00:00:30.505,1572945203692,-0.318,0.062,1.423,0.664,3.0,-0.025,24.413,-0.004,-0.099,477.112,0.383,-0.535
00:00:30.506,1572945203693,-0.319,0.063,1.423,1.128,3.0,-0.025,24.408,-0.005,-0.099,477.519,0.384,-0.535
00:00:30.507,1572945203694,-0.324,0.065,1.423,1.128,3.0,-0.025,24.402,-0.005,-0.099,477.926,0.385,-0.535
00:00:30.548,1572945203735,-0.328,0.067,1.423,1.128,3.0,-0.025,24.397,-0.005,-0.099,478.333,0.386,-0.535
00:00:30.549,1572945203736,-0.329,0.068,1.423,1.128,3.0,-0.025,24.391,-0.005,-0.099,478.739,0.387,-0.535
00:00:30.550,1572945203737,-0.329,0.069,1.423,1.128,3.0,-0.025,24.386,-0.006,-0.099,479.146,0.388,-0.535
00:00:30.599,1572945203786,-0.33,0.07,1.423,1.128,3.0,-0.025,24.38,-0.006,-0.099,479.552,0.389,-0.535
00:00:30.600,1572945203787,-0.328,0.07,1.423,0.664,3.0,-0.025,24.375,-0.006,-0.099,479.958,0.391,-0.535
00:00:30.601,1572945203788,-0.322,0.071,1.423,0.664,3.0,-0.026,24.37,-0.006,-0.099,480.365,0.392,-0.535
00:00:30.655,1572945203842,-0.319,0.071,1.423,0.664,3.0,-0.026,24.364,-0.006,-0.099,480.771,0.393,-0.535
00:00:30.656,1572945203843,-0.317,0.07200000000000001,1.423,0.664,3.0,-0.026,24.359,-0.006999999999999999,-0.099,481.202,0.395,-0.535
00:00:30.657,1572945203844,-0.317,0.07200000000000001,1.423,0.664,3.0,-0.026,24.354,-0.006999999999999999,-0.099,481.583,0.396,-0.535
00:00:30.701,1572945203888,-0.317,0.07200000000000001,1.423,0.664,3.0,-0.026,24.34800000000001,-0.006999999999999999,-0.099,481.989,0.397,-0.535
00:00:30.702,1572945203889,-0.317,0.07200000000000001,1.423,0.664,3.0,-0.026,24.343000000000004,-0.006999999999999999,-0.099,482.394,0.398,-0.535
00:00:30.703,1572945203890,-0.316,0.073,1.423,0.664,3.0,-0.026,24.338,-0.006999999999999999,-0.099,482.8,0.4,-0.535
00:00:30.751,1572945203938,-0.316,0.073,1.423,0.664,3.0,-0.027000000000000003,24.332,-0.006999999999999999,-0.099,483.231,0.401,-0.535
00:00:30.752,1572945203939,-0.316,0.07400000000000001,1.423,0.664,3.0,-0.027000000000000003,24.327,-0.006999999999999999,-0.099,483.611,0.402,-0.535
00:00:30.753,1572945203940,-0.316,0.07400000000000001,1.423,0.664,3.0,-0.027000000000000003,24.322,-0.006999999999999999,-0.099,484.016,0.404,-0.535
00:00:30.817,1572945204004,-0.316,0.073,1.423,0.664,3.0,-0.027000000000000003,24.317,-0.006999999999999999,-0.099,484.447,0.405,-0.535
00:00:30.818,1572945204005,-0.316,0.073,1.423,0.664,3.0,-0.027000000000000003,24.311,-0.006999999999999999,-0.099,484.852,0.407,-0.535
00:00:30.819,1572945204006,-0.316,0.073,1.423,0.664,3.0,-0.027000000000000003,24.306,-0.006999999999999999,-0.099,485.232,0.408,-0.535
00:00:30.820,1572945204007,-0.316,0.073,1.423,0.664,3.0,-0.027000000000000003,24.301,-0.006999999999999999,-0.099,485.637,0.41,-0.535
00:00:30.874,1572945204061,-0.316,0.07200000000000001,1.423,0.664,3.0,-0.027000000000000003,24.296,-0.006999999999999999,-0.099,486.042,0.411,-0.535
00:00:30.875,1572945204062,-0.316,0.07200000000000001,1.423,0.664,3.0,-0.027000000000000003,24.291,-0.006999999999999999,-0.099,486.447,0.413,-0.535
00:00:30.876,1572945204063,-0.316,0.07200000000000001,1.423,0.664,3.0,-0.028,24.285,-0.006999999999999999,-0.099,486.852,0.414,-0.535
00:00:30.927,1572945204114,-0.316,0.07200000000000001,1.423,0.664,3.0,-0.028,24.28,-0.006999999999999999,-0.099,487.257,0.416,-0.535
00:00:30.928,1572945204115,-0.316,0.071,1.423,0.664,3.0,-0.028,24.275,-0.006999999999999999,-0.099,487.661,0.417,-0.535
00:00:30.929,1572945204116,-0.315,0.071,1.423,0.664,3.0,-0.028,24.269,-0.006999999999999999,-0.099,488.091,0.419,-0.535
00:00:30.978,1572945204165,-0.315,0.07,1.423,0.664,3.0,-0.028,24.264,-0.006999999999999999,-0.098,488.47,0.421,-0.535
00:00:30.979,1572945204166,-0.315,0.07,1.423,0.664,3.0,-0.028,24.259,-0.006999999999999999,-0.098,488.875,0.422,-0.535
00:00:30.980,1572945204167,-0.315,0.069,1.423,0.664,3.0,-0.028,24.254,-0.006999999999999999,-0.098,489.279,0.424,-0.535
00:00:30.981,1572945204168,-0.315,0.069,1.423,0.664,3.0,-0.028,24.248,-0.006,-0.098,489.68300000000005,0.426,-0.535
00:00:31.029,1572945204216,-0.315,0.068,1.423,0.664,3.0,-0.028,24.243,-0.006,-0.098,490.087,0.4270000000000001,-0.535
00:00:31.030,1572945204217,-0.315,0.067,1.423,0.664,3.0,-0.028,24.238000000000003,-0.006,-0.098,490.491,0.429,-0.535
00:00:31.031,1572945204218,-0.315,0.066,1.423,0.664,3.0,-0.028,24.233,-0.006,-0.098,490.895,0.431,-0.535
00:00:31.079,1572945204266,-0.315,0.066,1.423,0.664,3.0,-0.028,24.227,-0.006,-0.098,491.324,0.433,-0.535
00:00:31.080,1572945204267,-0.315,0.065,1.423,0.664,3.0,-0.028,24.222,-0.006,-0.098,491.703,0.434,-0.535
00:00:31.081,1572945204268,-0.313,0.065,1.643,0.664,3.0,-0.028,24.217,-0.006,-0.098,492.106,0.436,-0.535
00:00:31.129,1572945204316,-0.31,0.064,1.643,0.664,3.0,-0.028,24.212,-0.006,-0.098,492.51,0.438,-0.535
00:00:31.130,1572945204317,-0.308,0.064,1.643,0.664,3.0,-0.028,24.207,-0.006,-0.098,492.939,0.44,-0.535
00:00:31.131,1572945204318,-0.307,0.063,1.643,0.664,3.0,-0.028,24.202,-0.006,-0.098,493.317,0.442,-0.535
00:00:31.179,1572945204366,-0.307,0.063,1.643,0.664,3.0,-0.027000000000000003,24.197,-0.006,-0.097,493.72,0.444,-0.535
00:00:31.180,1572945204367,-0.307,0.063,1.643,0.664,3.0,-0.027000000000000003,24.191,-0.006,-0.097,494.12300000000016,0.445,-0.535
00:00:31.181,1572945204368,-0.307,0.063,1.643,0.664,3.0,-0.027000000000000003,24.186,-0.006,-0.097,494.552,0.447,-0.535
00:00:31.230,1572945204417,-0.307,0.063,1.643,0.664,3.0,-0.027000000000000003,24.181,-0.006,-0.097,494.93,0.449,-0.535
00:00:31.231,1572945204418,-0.307,0.062,1.643,0.664,3.0,-0.027000000000000003,24.176,-0.006,-0.097,495.333,0.451,-0.535
00:00:31.232,1572945204419,-0.307,0.062,1.643,0.664,3.0,-0.027000000000000003,24.171,-0.006,-0.097,495.761,0.453,-0.535
00:00:31.285,1572945204472,-0.306,0.061,1.643,0.664,3.0,-0.027000000000000003,24.166,-0.005,-0.097,496.163,0.455,-0.535
00:00:31.286,1572945204473,-0.306,0.061,1.643,0.664,3.0,-0.027000000000000003,24.161,-0.005,-0.097,496.541,0.457,-0.535
00:00:31.287,1572945204474,-0.306,0.061,1.643,0.664,3.0,-0.027000000000000003,24.156,-0.005,-0.096,496.944,0.459,-0.535
00:00:31.336,1572945204523,-0.306,0.061,1.643,0.664,3.0,-0.027000000000000003,24.151,-0.005,-0.096,497.346,0.461,-0.535
00:00:31.337,1572945204524,-0.306,0.06,1.643,0.664,3.0,-0.027000000000000003,24.146,-0.005,-0.096,497.749,0.463,-0.535
00:00:31.338,1572945204525,-0.306,0.06,1.643,0.664,3.0,-0.027000000000000003,24.14,-0.005,-0.096,498.151,0.465,-0.535
